account_id,label_time,amount,balance,credit_score,tier,sessions_7d,health_score,churned
A0001,1773482046000,85.67,7566.48,301,bronze,6,48.71,0
A0001,1773482046000,85.67,7566.48,322,bronze,6,48.71,0
A0002,1773533318000,78.88,1991.51,314,silver,10,49.18,1
A0002,1773533318000,78.88,1991.51,394,gold,10,49.18,1
A0005,1773584013000,34.22,4883.98,622,bronze,38,41.47,0
A0016,1773530553000,6.2,2372.35,667,gold,29,46.66,1
A0021,1773421617000,16.99,3959.37,405,gold,29,49.01,0
A0021,1773421617000,16.99,3959.37,368,silver,29,49.01,0
A0023,1773639389000,73.31,3105.09,788,silver,8,57.62,0
A0028,1773418467000,23.16,3941.34,683,gold,36,54.22,0
A0028,1773418467000,23.16,3941.34,621,bronze,36,54.22,0
A0036,1773600028000,171.57,5928.03,337,gold,37,51.98,1
A0036,1773600028000,171.57,5928.03,300,bronze,37,51.98,1
A0044,1773699927000,28.07,4668.45,544,bronze,0,43.05,1
A0044,1773699927000,28.07,4668.45,469,silver,0,43.05,1
A0060,1773429192000,65.92,9434.13,651,silver,23,51.8,1
A0070,1773605593000,36.32,3568.8,713,bronze,35,47.54,0
A0076,1773623548000,21.01,3969.39,391,gold,1,46.85,0
A0079,1773582000000,30.61,8362.03,650,silver,38,59.99,1
A0079,1773582000000,30.61,8362.03,707,silver,38,59.99,1
A0084,1773392158000,399.85,3735.35,435,silver,13,50.64,1
A0092,1773625211000,33.31,3774.71,302,gold,17,51.37,0
A0066,1773329133000,66.17,478.64,393,bronze,20,48.35,1
A0001,1773482046000,41.95,8031.18,301,bronze,6,48.71,0
A0001,1773482046000,41.95,8031.18,322,bronze,6,48.71,0
A0002,1773533318000,15.01,2553.92,314,silver,10,49.18,1
A0002,1773533318000,15.01,2553.92,394,gold,10,49.18,1
A0005,1773584013000,145.92,4889.91,622,bronze,38,41.47,0
A0016,1773530553000,42.28,2355.59,667,gold,29,46.66,1
A0021,1773421617000,10.81,3467.06,405,gold,29,49.01,0
A0021,1773421617000,10.81,3467.06,368,silver,29,49.01,0
A0023,1773639389000,30.03,3704.16,788,silver,8,57.62,0
A0028,1773418467000,32.43,3664.37,683,gold,36,54.22,0
A0028,1773418467000,32.43,3664.37,621,bronze,36,54.22,0
A0036,1773600028000,3.51,5334.17,337,gold,37,51.98,1
A0036,1773600028000,3.51,5334.17,300,bronze,37,51.98,1
A0044,1773699927000,86.18,4780.61,544,bronze,0,43.05,1
A0044,1773699927000,86.18,4780.61,469,silver,0,43.05,1
A0060,1773429192000,96.13,9614.79,651,silver,23,51.8,1
A0070,1773605593000,25.42,2987.05,713,bronze,35,47.54,0
A0076,1773623548000,30.93,3856.31,391,gold,1,46.85,0
A0079,1773582000000,15.67,8744.9,650,silver,38,59.99,1
A0079,1773582000000,15.67,8744.9,707,silver,38,59.99,1
A0084,1773392158000,7.05,4192.66,435,silver,13,50.64,1
A0092,1773625211000,32.27,4110.16,302,gold,17,51.37,0
A0012,1773351720000,17.5,7275.84,530,bronze,0,44.41,1
A0012,1773351720000,17.5,7275.84,574,bronze,0,44.41,1
A0066,1773329133000,56.31,1197.03,393,bronze,20,48.35,1
A0001,1773482046000,12.62,7794.85,301,bronze,6,48.71,0
A0001,1773482046000,12.62,7794.85,322,bronze,6,48.71,0
A0002,1773533318000,42.3,3487.04,314,silver,10,49.18,1
A0002,1773533318000,42.3,3487.04,394,gold,10,49.18,1
A0005,1773584013000,61.58,5060.23,622,bronze,38,41.47,0
A0016,1773530553000,26.94,2753.49,667,gold,29,46.66,1
A0021,1773421617000,70.01,3803.53,405,gold,29,49.01,0
A0021,1773421617000,70.01,3803.53,368,silver,29,49.01,0
A0023,1773639389000,24.9,3769.84,788,silver,8,57.62,0
A0028,1773418467000,148.46,3266.81,683,gold,36,54.22,0
A0028,1773418467000,148.46,3266.81,621,bronze,36,54.22,0
A0036,1773600028000,37.49,5486.17,337,gold,37,51.98,1
A0036,1773600028000,37.49,5486.17,300,bronze,37,51.98,1
A0044,1773699927000,166.02,4186.16,544,bronze,0,43.05,1
A0044,1773699927000,166.02,4186.16,469,silver,0,43.05,1
A0060,1773429192000,10.36,9539.55,651,silver,23,51.8,1
A0070,1773605593000,36.72,3275.93,713,bronze,35,47.54,0
A0076,1773623548000,19.7,3638.25,391,gold,1,46.85,0
A0079,1773582000000,23.84,8127.09,650,silver,38,59.99,1
A0079,1773582000000,23.84,8127.09,707,silver,38,59.99,1
A0084,1773392158000,50.36,4053.73,435,silver,13,50.64,1
A0092,1773625211000,71.39,3847.13,302,gold,17,51.37,0
A0012,1773351720000,56.36,6804.3,530,bronze,0,44.41,1
A0012,1773351720000,56.36,6804.3,574,bronze,0,44.41,1
A0066,1773329133000,139.38,860.11,393,bronze,20,48.35,1
A0001,1773482046000,5.6,7103.64,301,bronze,6,48.71,0
A0001,1773482046000,5.6,7103.64,322,bronze,6,48.71,0
A0002,1773533318000,25.77,3760.77,314,silver,10,49.18,1
A0002,1773533318000,25.77,3760.77,394,gold,10,49.18,1
A0005,1773584013000,33.42,4787.26,622,bronze,38,41.47,0
A0016,1773530553000,47.81,3370.43,667,gold,29,46.66,1
A0021,1773421617000,25.32,3978.28,405,gold,29,49.01,0
A0021,1773421617000,25.32,3978.28,368,silver,29,49.01,0
A0023,1773639389000,71.45,3816.88,788,silver,8,57.62,0
A0028,1773418467000,13.2,3983.59,683,gold,36,54.22,0
A0028,1773418467000,13.2,3983.59,621,bronze,36,54.22,0
A0036,1773600028000,18.9,5804.3,337,gold,37,51.98,1
A0036,1773600028000,18.9,5804.3,300,bronze,37,51.98,1
A0044,1773699927000,240.51,4736.34,544,bronze,0,43.05,1
A0044,1773699927000,240.51,4736.34,469,silver,0,43.05,1
A0060,1773429192000,10.36,9539.55,651,silver,23,51.8,1
A0070,1773605593000,32.14,3113.42,713,bronze,35,47.54,0
A0076,1773623548000,15.93,4371.36,391,gold,1,46.85,0
A0079,1773582000000,51.08,8486.83,650,silver,38,59.99,1
A0079,1773582000000,51.08,8486.83,707,silver,38,59.99,1
A0084,1773392158000,32.34,3658.22,435,silver,13,50.64,1
A0092,1773625211000,166.95,3764.41,302,gold,17,51.37,0
A0012,1773351720000,56.36,6804.3,530,bronze,0,44.41,1
A0012,1773351720000,56.36,6804.3,574,bronze,0,44.41,1
A0066,1773329133000,191.44,500.53,393,bronze,20,48.35,1
A0001,1773482046000,7.64,7170.01,301,bronze,6,48.71,0
A0001,1773482046000,7.64,7170.01,322,bronze,6,48.71,0
A0002,1773533318000,26.61,4228.62,314,silver,10,49.18,1
A0002,1773533318000,26.61,4228.62,394,gold,10,49.18,1
A0005,1773584013000,25.63,4562.85,622,bronze,38,41.47,0
A0016,1773530553000,28.67,4364.28,667,gold,29,46.66,1
A0021,1773421617000,17.14,3814.65,405,gold,29,49.01,0
A0021,1773421617000,17.14,3814.65,368,silver,29,49.01,0
A0023,1773639389000,128.64,4163.35,788,silver,8,57.62,0
A0028,1773418467000,21.69,4086.2,683,gold,36,54.22,0
A0028,1773418467000,21.69,4086.2,621,bronze,36,54.22,0
A0036,1773600028000,19.68,6064.38,337,gold,37,51.98,1
A0036,1773600028000,19.68,6064.38,300,bronze,37,51.98,1
A0044,1773699927000,68.64,5327.42,544,bronze,0,43.05,1
A0044,1773699927000,68.64,5327.42,469,silver,0,43.05,1
A0060,1773429192000,42.75,9592.93,651,silver,23,51.8,1
A0070,1773605593000,13.25,3492.96,713,bronze,35,47.54,0
A0076,1773623548000,113.24,4353.83,391,gold,1,46.85,0
A0079,1773582000000,105.81,7734.35,650,silver,38,59.99,1
A0079,1773582000000,105.81,7734.35,707,silver,38,59.99,1
A0092,1773625211000,63.68,3712.53,302,gold,17,51.37,0
A0012,1773351720000,24.41,6699.42,530,bronze,0,44.41,1
A0012,1773351720000,24.41,6699.42,574,bronze,0,44.41,1
A0066,1773329133000,25.07,1414.01,393,bronze,20,48.35,1
A0001,1773482046000,25.28,7193.97,301,bronze,6,48.71,0
A0001,1773482046000,25.28,7193.97,322,bronze,6,48.71,0
A0002,1773533318000,96.22,4174.94,314,silver,10,49.18,1
A0002,1773533318000,96.22,4174.94,394,gold,10,49.18,1
A0016,1773530553000,28.67,4364.28,667,gold,29,46.66,1
A0023,1773639389000,35.62,3805.55,788,silver,8,57.62,0
A0028,1773418467000,7.51,3524.64,683,gold,36,54.22,0
A0028,1773418467000,7.51,3524.64,621,bronze,36,54.22,0
A0036,1773600028000,25.04,5990.39,337,gold,37,51.98,1
A0036,1773600028000,25.04,5990.39,300,bronze,37,51.98,1
A0044,1773699927000,15.51,5530.6,544,bronze,0,43.05,1
A0044,1773699927000,15.51,5530.6,469,silver,0,43.05,1
A0060,1773429192000,33.5,9276.9,651,silver,23,51.8,1
A0070,1773605593000,32.58,3417.71,713,bronze,35,47.54,0
A0076,1773623548000,29.58,4255.95,391,gold,1,46.85,0
A0079,1773582000000,20.02,7762.47,650,silver,38,59.99,1
A0079,1773582000000,20.02,7762.47,707,silver,38,59.99,1
A0092,1773625211000,18.0,4299.01,302,gold,17,51.37,0
A0012,1773351720000,16.32,7438.36,530,bronze,0,44.41,1
A0012,1773351720000,16.32,7438.36,574,bronze,0,44.41,1
A0066,1773329133000,9.05,1381.4,393,bronze,20,48.35,1
A0036,1773600028000,20.67,6331.03,337,gold,37,51.98,1
A0036,1773600028000,20.67,6331.03,300,bronze,37,51.98,1
A0060,1773429192000,236.04,9781.93,651,silver,23,51.8,1
A0076,1773623548000,32.89,4341.84,391,gold,1,46.85,0
A0079,1773582000000,12.48,7796.83,650,silver,38,59.99,1
A0079,1773582000000,12.48,7796.83,707,silver,38,59.99,1
A0012,1773351720000,43.1,6181.91,530,bronze,0,44.41,1
A0012,1773351720000,43.1,6181.91,574,bronze,0,44.41,1
A0066,1773329133000,13.34,785.93,393,bronze,20,48.35,1
A0060,1773429192000,39.52,9495.82,651,silver,23,51.8,1
A0001,1773482046000,85.67,7566.48,301,bronze,0,48.71,0
A0001,1773482046000,85.67,7566.48,322,bronze,0,48.71,0
A0002,1773533318000,78.88,1991.51,314,silver,2,49.18,1
A0002,1773533318000,78.88,1991.51,394,gold,2,49.18,1
A0005,1773584013000,34.22,4883.98,622,bronze,35,41.47,0
A0010,1772742518000,30.25,3024.06,662,gold,32,48.21,0
A0010,1772742518000,30.25,3024.06,648,silver,32,48.21,0
A0014,1772951255000,39.28,2503.24,646,silver,28,46.81,1
A0016,1773530553000,6.2,2372.35,667,gold,10,46.66,1
A0018,1772833808000,17.59,1679.94,536,silver,8,64.31,0
A0018,1772833808000,17.59,1679.94,496,silver,8,64.31,0
A0019,1773057698000,15.64,7267.41,678,gold,25,51.31,0
A0020,1773239267000,14.81,4881.72,761,bronze,19,44.44,0
A0021,1773421617000,16.99,3959.37,405,gold,36,49.01,0
A0021,1773421617000,16.99,3959.37,368,silver,36,49.01,0
A0023,1773639389000,73.31,3105.09,788,silver,29,57.62,0
A0028,1773418467000,23.16,3941.34,683,gold,10,54.22,0
A0028,1773418467000,23.16,3941.34,621,bronze,10,54.22,0
A0036,1773600028000,171.57,5928.03,337,gold,14,51.98,1
A0036,1773600028000,171.57,5928.03,300,bronze,14,51.98,1
A0042,1773257148000,58.7,3871.74,480,gold,13,49.92,0
A0044,1773699927000,28.07,4668.45,544,bronze,24,43.05,1
A0044,1773699927000,28.07,4668.45,469,silver,24,43.05,1
A0046,1773101366000,13.11,3419.02,702,bronze,33,52.56,1
A0049,1773280471000,25.01,2467.6,496,bronze,5,52.58,0
A0054,1773162549000,8.22,6499.74,779,bronze,30,44.65,0
A0054,1773162549000,8.22,6499.74,709,gold,30,44.65,0
A0059,1772844421000,12.88,5311.85,536,bronze,26,45.9,1
A0059,1772844421000,12.88,5311.85,616,gold,26,45.9,1
A0060,1773429192000,65.92,9434.13,651,silver,4,51.8,1
A0064,1773352088000,19.25,5424.78,520,bronze,26,47.42,1
A0064,1773352088000,19.25,5424.78,576,gold,26,47.42,1
A0067,1773218371000,14.76,7546.56,306,bronze,33,43.64,1
A0069,1773261848000,5.87,4834.91,801,silver,32,46.16,1
A0070,1773605593000,36.32,3568.8,713,bronze,11,47.54,0
A0075,1773324061000,5.54,7495.08,647,bronze,2,55.3,1
A0075,1773324061000,5.54,7495.08,595,bronze,2,55.3,1
A0076,1773623548000,21.01,3969.39,391,gold,17,46.85,0
A0079,1773582000000,30.61,8362.03,650,silver,21,59.99,1
A0079,1773582000000,30.61,8362.03,707,silver,21,59.99,1
A0081,1773357508000,94.93,2471.49,655,gold,3,48.07,1
A0081,1773357508000,94.93,2471.49,649,silver,3,48.07,1
A0083,1773047399000,6.88,8980.68,440,bronze,38,49.99,1
A0083,1773047399000,6.88,8980.68,500,silver,38,49.99,1
A0084,1773392158000,399.85,3735.35,435,silver,19,50.64,1
A0091,1772984489000,86.99,4467.5,499,bronze,7,58.33,0
A0092,1773625211000,33.31,3774.71,302,gold,11,51.37,0
A0006,1772921288000,162.73,6919.85,306,silver,15,49.23,0
A0006,1772921288000,162.73,6919.85,364,silver,15,49.23,0
A0011,1772882905000,15.11,5942.72,739,gold,22,59.03,0
A0022,1772737441000,59.35,-490.56,845,bronze,28,50.32,1
A0052,1772908341000,63.44,8600.78,723,bronze,9,44.27,1
A0065,1773139790000,46.5,2764.87,608,silver,5,52.95,0
A0065,1773139790000,46.5,2764.87,684,silver,5,52.95,0
A0066,1773329133000,66.17,478.64,393,bronze,12,48.35,1
A0077,1772870626000,27.4,4119.82,735,silver,24,53.23,0
A0077,1772870626000,27.4,4119.82,697,silver,24,53.23,0
A0078,1773025240000,17.95,5632.37,553,gold,3,37.88,1
A0087,1773025914000,65.95,5758.32,420,bronze,26,61.15,1
A0094,1773201675000,28.06,4959.47,648,silver,23,41.06,0
A0094,1773201675000,28.06,4959.47,667,silver,23,41.06,0
A0001,1773482046000,41.95,8031.18,301,bronze,0,48.71,0
A0001,1773482046000,41.95,8031.18,322,bronze,0,48.71,0
A0002,1773533318000,15.01,2553.92,314,silver,2,49.18,1
A0002,1773533318000,15.01,2553.92,394,gold,2,49.18,1
A0005,1773584013000,145.92,4889.91,622,bronze,35,41.47,0
A0014,1772951255000,96.46,2064.06,646,silver,28,46.81,1
A0016,1773530553000,42.28,2355.59,667,gold,10,46.66,1
A0019,1773057698000,15.64,7267.41,678,gold,25,51.31,0
A0020,1773239267000,45.11,3814.68,761,bronze,19,44.44,0
A0021,1773421617000,10.81,3467.06,405,gold,36,49.01,0
A0021,1773421617000,10.81,3467.06,368,silver,36,49.01,0
A0023,1773639389000,30.03,3704.16,788,silver,29,57.62,0
A0024,1773051955000,28.9,6028.76,697,silver,12,46.12,1
A0028,1773418467000,32.43,3664.37,683,gold,10,54.22,0
A0028,1773418467000,32.43,3664.37,621,bronze,10,54.22,0
A0036,1773600028000,3.51,5334.17,337,gold,14,51.98,1
A0036,1773600028000,3.51,5334.17,300,bronze,14,51.98,1
A0039,1773212738000,13.22,5490.55,367,silver,22,64.76,1
A0042,1773257148000,69.83,3387.47,480,gold,13,49.92,0
A0044,1773699927000,86.18,4780.61,544,bronze,24,43.05,1
A0044,1773699927000,86.18,4780.61,469,silver,24,43.05,1
A0046,1773101366000,20.35,3429.05,702,bronze,33,52.56,1
A0047,1773198803000,40.32,7420.09,453,gold,5,49.22,0
A0047,1773198803000,40.32,7420.09,526,bronze,5,49.22,0
A0049,1773280471000,82.67,2323.96,496,bronze,5,52.58,0
A0054,1773162549000,20.31,6276.33,779,bronze,30,44.65,0
A0054,1773162549000,20.31,6276.33,709,gold,30,44.65,0
A0060,1773429192000,96.13,9614.79,651,silver,4,51.8,1
A0064,1773352088000,18.36,5563.65,520,bronze,26,47.42,1
A0064,1773352088000,18.36,5563.65,576,gold,26,47.42,1
A0070,1773605593000,25.42,2987.05,713,bronze,11,47.54,0
A0075,1773324061000,90.26,7794.25,647,bronze,2,55.3,1
A0075,1773324061000,90.26,7794.25,595,bronze,2,55.3,1
A0076,1773623548000,30.93,3856.31,391,gold,17,46.85,0
A0079,1773582000000,15.67,8744.9,650,silver,21,59.99,1
A0079,1773582000000,15.67,8744.9,707,silver,21,59.99,1
A0081,1773357508000,97.78,2024.67,655,gold,3,48.07,1
A0081,1773357508000,97.78,2024.67,649,silver,3,48.07,1
A0083,1773047399000,28.36,9070.94,440,bronze,38,49.99,1
A0083,1773047399000,28.36,9070.94,500,silver,38,49.99,1
A0084,1773392158000,7.05,4192.66,435,silver,19,50.64,1
A0091,1772984489000,119.44,4052.27,499,bronze,7,58.33,0
A0092,1773625211000,32.27,4110.16,302,gold,11,51.37,0
A0006,1772921288000,31.43,6547.24,306,silver,15,49.23,0
A0006,1772921288000,31.43,6547.24,364,silver,15,49.23,0
A0011,1772882905000,7.49,5710.99,739,gold,22,59.03,0
A0012,1773351720000,17.5,7275.84,530,bronze,26,44.41,1
A0012,1773351720000,17.5,7275.84,574,bronze,26,44.41,1
A0022,1772737441000,183.38,-1416.34,845,bronze,28,50.32,1
A0050,1773171825000,37.19,4665.72,346,gold,38,49.87,1
A0052,1772908341000,43.49,8569.45,723,bronze,9,44.27,1
A0061,1772941057000,59.51,5235.7,307,silver,10,42.84,1
A0061,1772941057000,59.51,5235.7,300,bronze,10,42.84,1
A0063,1772909258000,84.47,3960.62,656,gold,23,46.04,1
A0065,1773139790000,94.26,2685.47,608,silver,5,52.95,0
A0065,1773139790000,94.26,2685.47,684,silver,5,52.95,0
A0066,1773329133000,56.31,1197.03,393,bronze,12,48.35,1
A0094,1773201675000,9.31,4820.44,648,silver,23,41.06,0
A0094,1773201675000,9.31,4820.44,667,silver,23,41.06,0
A0001,1773482046000,12.62,7794.85,301,bronze,0,48.71,0
A0001,1773482046000,12.62,7794.85,322,bronze,0,48.71,0
A0002,1773533318000,42.3,3487.04,314,silver,2,49.18,1
A0002,1773533318000,42.3,3487.04,394,gold,2,49.18,1
A0005,1773584013000,61.58,5060.23,622,bronze,35,41.47,0
A0010,1772742518000,48.6,2967.89,662,gold,32,48.21,0
A0010,1772742518000,48.6,2967.89,648,silver,32,48.21,0
A0014,1772951255000,9.16,2337.81,646,silver,28,46.81,1
A0016,1773530553000,26.94,2753.49,667,gold,10,46.66,1
A0018,1772833808000,41.11,1184.73,536,silver,8,64.31,0
A0018,1772833808000,41.11,1184.73,496,silver,8,64.31,0
A0019,1773057698000,28.51,7117.28,678,gold,25,51.31,0
A0020,1773239267000,31.05,4087.2,761,bronze,19,44.44,0
A0021,1773421617000,70.01,3803.53,405,gold,36,49.01,0
A0021,1773421617000,70.01,3803.53,368,silver,36,49.01,0
A0023,1773639389000,24.9,3769.84,788,silver,29,57.62,0
A0024,1773051955000,86.12,6610.58,697,silver,12,46.12,1
A0028,1773418467000,148.46,3266.81,683,gold,10,54.22,0
A0028,1773418467000,148.46,3266.81,621,bronze,10,54.22,0
A0036,1773600028000,37.49,5486.17,337,gold,14,51.98,1
A0036,1773600028000,37.49,5486.17,300,bronze,14,51.98,1
A0039,1773212738000,7.8,4764.83,367,silver,22,64.76,1
A0042,1773257148000,179.67,3283.35,480,gold,13,49.92,0
A0044,1773699927000,166.02,4186.16,544,bronze,24,43.05,1
A0044,1773699927000,166.02,4186.16,469,silver,24,43.05,1
A0046,1773101366000,18.2,3500.03,702,bronze,33,52.56,1
A0047,1773198803000,17.88,7784.73,453,gold,5,49.22,0
A0047,1773198803000,17.88,7784.73,526,bronze,5,49.22,0
A0049,1773280471000,49.9,2116.52,496,bronze,5,52.58,0
A0054,1773162549000,5.54,6689.75,779,bronze,30,44.65,0
A0054,1773162549000,5.54,6689.75,709,gold,30,44.65,0
A0059,1772844421000,53.48,5866.86,536,bronze,26,45.9,1
A0059,1772844421000,53.48,5866.86,616,gold,26,45.9,1
A0060,1773429192000,10.36,9539.55,651,silver,4,51.8,1
A0064,1773352088000,126.93,5696.34,520,bronze,26,47.42,1
A0064,1773352088000,126.93,5696.34,576,gold,26,47.42,1
A0067,1773218371000,47.14,7065.66,306,bronze,33,43.64,1
A0069,1773261848000,11.79,4737.79,801,silver,32,46.16,1
A0070,1773605593000,36.72,3275.93,713,bronze,11,47.54,0
A0075,1773324061000,116.72,8322.84,647,bronze,2,55.3,1
A0075,1773324061000,116.72,8322.84,595,bronze,2,55.3,1
A0076,1773623548000,19.7,3638.25,391,gold,17,46.85,0
A0079,1773582000000,23.84,8127.09,650,silver,21,59.99,1
A0079,1773582000000,23.84,8127.09,707,silver,21,59.99,1
A0081,1773357508000,140.46,1927.73,655,gold,3,48.07,1
A0081,1773357508000,140.46,1927.73,649,silver,3,48.07,1
A0082,1773230547000,8.51,2337.48,758,bronze,28,56.69,0
A0082,1773230547000,8.51,2337.48,790,silver,28,56.69,0
A0083,1773047399000,6.59,8326.49,440,bronze,38,49.99,1
A0083,1773047399000,6.59,8326.49,500,silver,38,49.99,1
A0084,1773392158000,50.36,4053.73,435,silver,19,50.64,1
A0091,1772984489000,199.03,4407.89,499,bronze,7,58.33,0
A0092,1773625211000,71.39,3847.13,302,gold,11,51.37,0
A0006,1772921288000,22.48,6135.51,306,silver,15,49.23,0
A0006,1772921288000,22.48,6135.51,364,silver,15,49.23,0
A0011,1772882905000,54.0,6029.16,739,gold,22,59.03,0
A0012,1773351720000,56.36,6804.3,530,bronze,26,44.41,1
A0012,1773351720000,56.36,6804.3,574,bronze,26,44.41,1
A0022,1772737441000,27.82,-1566.46,845,bronze,28,50.32,1
A0050,1773171825000,5.47,3434.39,346,gold,38,49.87,1
A0052,1772908341000,11.8,8492.78,723,bronze,9,44.27,1
A0061,1772941057000,107.39,4432.51,307,silver,10,42.84,1
A0061,1772941057000,107.39,4432.51,300,bronze,10,42.84,1
A0063,1772909258000,525.54,5114.08,656,gold,23,46.04,1
A0065,1773139790000,51.45,2665.4,608,silver,5,52.95,0
A0065,1773139790000,51.45,2665.4,684,silver,5,52.95,0
A0066,1773329133000,139.38,860.11,393,bronze,12,48.35,1
A0073,1772776784000,119.18,8082.95,710,bronze,21,48.08,0
A0073,1772776784000,119.18,8082.95,651,silver,21,48.08,0
A0077,1772870626000,22.68,4037.95,735,silver,24,53.23,0
A0077,1772870626000,22.68,4037.95,697,silver,24,53.23,0
A0078,1773025240000,56.56,5931.94,553,gold,3,37.88,1
A0087,1773025914000,20.8,5850.06,420,bronze,26,61.15,1
A0094,1773201675000,2.3,5616.9,648,silver,23,41.06,0
A0094,1773201675000,2.3,5616.9,667,silver,23,41.06,0
A0001,1773482046000,5.6,7103.64,301,bronze,0,48.71,0
A0001,1773482046000,5.6,7103.64,322,bronze,0,48.71,0
A0002,1773533318000,25.77,3760.77,314,silver,2,49.18,1
A0002,1773533318000,25.77,3760.77,394,gold,2,49.18,1
A0005,1773584013000,33.42,4787.26,622,bronze,35,41.47,0
A0010,1772742518000,23.39,2538.51,662,gold,32,48.21,0
A0010,1772742518000,23.39,2538.51,648,silver,32,48.21,0
A0014,1772951255000,23.67,2148.67,646,silver,28,46.81,1
A0016,1773530553000,47.81,3370.43,667,gold,10,46.66,1
A0018,1772833808000,87.75,1104.54,536,silver,8,64.31,0
A0018,1772833808000,87.75,1104.54,496,silver,8,64.31,0
A0019,1773057698000,28.51,7117.28,678,gold,25,51.31,0
A0020,1773239267000,18.6,4505.97,761,bronze,19,44.44,0
A0021,1773421617000,25.32,3978.28,405,gold,36,49.01,0
A0021,1773421617000,25.32,3978.28,368,silver,36,49.01,0
A0023,1773639389000,71.45,3816.88,788,silver,29,57.62,0
A0024,1773051955000,118.92,6005.52,697,silver,12,46.12,1
A0028,1773418467000,13.2,3983.59,683,gold,10,54.22,0
A0028,1773418467000,13.2,3983.59,621,bronze,10,54.22,0
A0036,1773600028000,18.9,5804.3,337,gold,14,51.98,1
A0036,1773600028000,18.9,5804.3,300,bronze,14,51.98,1
A0039,1773212738000,3.66,5168.53,367,silver,22,64.76,1
A0042,1773257148000,385.67,3209.03,480,gold,13,49.92,0
A0044,1773699927000,240.51,4736.34,544,bronze,24,43.05,1
A0044,1773699927000,240.51,4736.34,469,silver,24,43.05,1
A0046,1773101366000,89.69,4191.3,702,bronze,33,52.56,1
A0047,1773198803000,9.52,7636.04,453,gold,5,49.22,0
A0047,1773198803000,9.52,7636.04,526,bronze,5,49.22,0
A0049,1773280471000,73.01,2665.03,496,bronze,5,52.58,0
A0054,1773162549000,21.52,6751.88,779,bronze,30,44.65,0
A0054,1773162549000,21.52,6751.88,709,gold,30,44.65,0
A0059,1772844421000,60.19,4984.32,536,bronze,26,45.9,1
A0059,1772844421000,60.19,4984.32,616,gold,26,45.9,1
A0060,1773429192000,10.36,9539.55,651,silver,4,51.8,1
A0064,1773352088000,32.04,5561.59,520,bronze,26,47.42,1
A0064,1773352088000,32.04,5561.59,576,gold,26,47.42,1
A0067,1773218371000,49.55,7213.72,306,bronze,33,43.64,1
A0069,1773261848000,14.3,4295.94,801,silver,32,46.16,1
A0070,1773605593000,32.14,3113.42,713,bronze,11,47.54,0
A0075,1773324061000,12.37,9346.62,647,bronze,2,55.3,1
A0075,1773324061000,12.37,9346.62,595,bronze,2,55.3,1
A0076,1773623548000,15.93,4371.36,391,gold,17,46.85,0
A0079,1773582000000,51.08,8486.83,650,silver,21,59.99,1
A0079,1773582000000,51.08,8486.83,707,silver,21,59.99,1
A0081,1773357508000,114.66,2054.56,655,gold,3,48.07,1
A0081,1773357508000,114.66,2054.56,649,silver,3,48.07,1
A0082,1773230547000,49.71,2433.79,758,bronze,28,56.69,0
A0082,1773230547000,49.71,2433.79,790,silver,28,56.69,0
A0083,1773047399000,5.27,8666.27,440,bronze,38,49.99,1
A0083,1773047399000,5.27,8666.27,500,silver,38,49.99,1
A0084,1773392158000,32.34,3658.22,435,silver,19,50.64,1
A0091,1772984489000,12.83,4739.43,499,bronze,7,58.33,0
A0092,1773625211000,166.95,3764.41,302,gold,11,51.37,0
A0006,1772921288000,39.31,6124.41,306,silver,15,49.23,0
A0006,1772921288000,39.31,6124.41,364,silver,15,49.23,0
A0011,1772882905000,43.07,5994.25,739,gold,22,59.03,0
A0012,1773351720000,56.36,6804.3,530,bronze,26,44.41,1
A0012,1773351720000,56.36,6804.3,574,bronze,26,44.41,1
A0022,1772737441000,3.34,-746.63,845,bronze,28,50.32,1
A0050,1773171825000,25.02,3590.22,346,gold,38,49.87,1
A0052,1772908341000,18.72,8941.81,723,bronze,9,44.27,1
A0061,1772941057000,26.52,4168.86,307,silver,10,42.84,1
A0061,1772941057000,26.52,4168.86,300,bronze,10,42.84,1
A0063,1772909258000,30.77,4504.3,656,gold,23,46.04,1
A0065,1773139790000,43.07,1942.07,608,silver,5,52.95,0
A0065,1773139790000,43.07,1942.07,684,silver,5,52.95,0
A0066,1773329133000,191.44,500.53,393,bronze,12,48.35,1
A0073,1772776784000,59.49,7900.1,710,bronze,21,48.08,0
A0073,1772776784000,59.49,7900.1,651,silver,21,48.08,0
A0077,1772870626000,9.95,3809.23,735,silver,24,53.23,0
A0077,1772870626000,9.95,3809.23,697,silver,24,53.23,0
A0078,1773025240000,55.05,6631.89,553,gold,3,37.88,1
A0087,1773025914000,51.76,6593.71,420,bronze,26,61.15,1
A0094,1773201675000,165.99,4233.62,648,silver,23,41.06,0
A0094,1773201675000,165.99,4233.62,667,silver,23,41.06,0
A0001,1773482046000,7.64,7170.01,301,bronze,0,48.71,0
A0001,1773482046000,7.64,7170.01,322,bronze,0,48.71,0
A0002,1773533318000,26.61,4228.62,314,silver,2,49.18,1
A0002,1773533318000,26.61,4228.62,394,gold,2,49.18,1
A0005,1773584013000,25.63,4562.85,622,bronze,35,41.47,0
A0010,1772742518000,4.36,2594.53,662,gold,32,48.21,0
A0010,1772742518000,4.36,2594.53,648,silver,32,48.21,0
A0016,1773530553000,28.67,4364.28,667,gold,10,46.66,1
A0018,1772833808000,110.86,742.66,536,silver,8,64.31,0
A0018,1772833808000,110.86,742.66,496,silver,8,64.31,0
A0019,1773057698000,8.22,6456.8,678,gold,25,51.31,0
A0020,1773239267000,139.74,4612.71,761,bronze,19,44.44,0
A0021,1773421617000,17.14,3814.65,405,gold,36,49.01,0
A0021,1773421617000,17.14,3814.65,368,silver,36,49.01,0
A0023,1773639389000,128.64,4163.35,788,silver,29,57.62,0
A0024,1773051955000,424.29,6064.07,697,silver,12,46.12,1
A0028,1773418467000,21.69,4086.2,683,gold,10,54.22,0
A0028,1773418467000,21.69,4086.2,621,bronze,10,54.22,0
A0036,1773600028000,19.68,6064.38,337,gold,14,51.98,1
A0036,1773600028000,19.68,6064.38,300,bronze,14,51.98,1
A0039,1773212738000,52.82,4600.71,367,silver,22,64.76,1
A0042,1773257148000,19.13,3794.52,480,gold,13,49.92,0
A0044,1773699927000,68.64,5327.42,544,bronze,24,43.05,1
A0044,1773699927000,68.64,5327.42,469,silver,24,43.05,1
A0046,1773101366000,81.41,4673.06,702,bronze,33,52.56,1
A0047,1773198803000,27.69,7834.56,453,gold,5,49.22,0
A0047,1773198803000,27.69,7834.56,526,bronze,5,49.22,0
A0054,1773162549000,6.79,6781.91,779,bronze,30,44.65,0
A0054,1773162549000,6.79,6781.91,709,gold,30,44.65,0
A0059,1772844421000,50.2,4253.14,536,bronze,26,45.9,1
A0059,1772844421000,50.2,4253.14,616,gold,26,45.9,1
A0060,1773429192000,42.75,9592.93,651,silver,4,51.8,1
A0064,1773352088000,27.64,5538.96,520,bronze,26,47.42,1
A0064,1773352088000,27.64,5538.96,576,gold,26,47.42,1
A0067,1773218371000,12.63,7981.15,306,bronze,33,43.64,1
A0069,1773261848000,16.72,4648.62,801,silver,32,46.16,1
A0070,1773605593000,13.25,3492.96,713,bronze,11,47.54,0
A0075,1773324061000,96.13,9456.4,647,bronze,2,55.3,1
A0075,1773324061000,96.13,9456.4,595,bronze,2,55.3,1
A0076,1773623548000,113.24,4353.83,391,gold,17,46.85,0
A0079,1773582000000,105.81,7734.35,650,silver,21,59.99,1
A0079,1773582000000,105.81,7734.35,707,silver,21,59.99,1
A0081,1773357508000,17.93,1827.56,655,gold,3,48.07,1
A0081,1773357508000,17.93,1827.56,649,silver,3,48.07,1
A0082,1773230547000,35.87,2583.33,758,bronze,28,56.69,0
A0082,1773230547000,35.87,2583.33,790,silver,28,56.69,0
A0083,1773047399000,83.8,8689.86,440,bronze,38,49.99,1
A0083,1773047399000,83.8,8689.86,500,silver,38,49.99,1
A0091,1772984489000,6.18,4532.13,499,bronze,7,58.33,0
A0092,1773625211000,63.68,3712.53,302,gold,11,51.37,0
A0006,1772921288000,33.6,5589.22,306,silver,15,49.23,0
A0006,1772921288000,33.6,5589.22,364,silver,15,49.23,0
A0012,1773351720000,24.41,6699.42,530,bronze,26,44.41,1
A0012,1773351720000,24.41,6699.42,574,bronze,26,44.41,1
A0022,1772737441000,61.98,89.86,845,bronze,28,50.32,1
A0050,1773171825000,134.7,2658.58,346,gold,38,49.87,1
A0052,1772908341000,153.53,8939.79,723,bronze,9,44.27,1
A0061,1772941057000,42.28,4555.41,307,silver,10,42.84,1
A0061,1772941057000,42.28,4555.41,300,bronze,10,42.84,1
A0063,1772909258000,22.24,4701.47,656,gold,23,46.04,1
A0065,1773139790000,35.36,1889.8,608,silver,5,52.95,0
A0065,1773139790000,35.36,1889.8,684,silver,5,52.95,0
A0066,1773329133000,25.07,1414.01,393,bronze,12,48.35,1
A0073,1772776784000,16.48,7406.57,710,bronze,21,48.08,0
A0073,1772776784000,16.48,7406.57,651,silver,21,48.08,0
A0077,1772870626000,28.26,3927.58,735,silver,24,53.23,0
A0077,1772870626000,28.26,3927.58,697,silver,24,53.23,0
A0078,1773025240000,80.32,6214.42,553,gold,3,37.88,1
A0087,1773025914000,44.33,6657.02,420,bronze,26,61.15,1
A0094,1773201675000,21.29,4721.47,648,silver,23,41.06,0
A0094,1773201675000,21.29,4721.47,667,silver,23,41.06,0
A0001,1773482046000,25.28,7193.97,301,bronze,0,48.71,0
A0001,1773482046000,25.28,7193.97,322,bronze,0,48.71,0
A0002,1773533318000,96.22,4174.94,314,silver,2,49.18,1
A0002,1773533318000,96.22,4174.94,394,gold,2,49.18,1
A0016,1773530553000,28.67,4364.28,667,gold,10,46.66,1
A0018,1772833808000,110.86,742.66,536,silver,8,64.31,0
A0018,1772833808000,110.86,742.66,496,silver,8,64.31,0
A0019,1773057698000,61.36,6377.91,678,gold,25,51.31,0
A0020,1773239267000,118.38,4245.46,761,bronze,19,44.44,0
A0023,1773639389000,35.62,3805.55,788,silver,29,57.62,0
A0028,1773418467000,7.51,3524.64,683,gold,10,54.22,0
A0028,1773418467000,7.51,3524.64,621,bronze,10,54.22,0
A0036,1773600028000,25.04,5990.39,337,gold,14,51.98,1
A0036,1773600028000,25.04,5990.39,300,bronze,14,51.98,1
A0042,1773257148000,153.3,3768.54,480,gold,13,49.92,0
A0044,1773699927000,15.51,5530.6,544,bronze,24,43.05,1
A0044,1773699927000,15.51,5530.6,469,silver,24,43.05,1
A0046,1773101366000,81.41,4673.06,702,bronze,33,52.56,1
A0047,1773198803000,12.45,7973.87,453,gold,5,49.22,0
A0047,1773198803000,12.45,7973.87,526,bronze,5,49.22,0
A0054,1773162549000,4.11,6536.58,779,bronze,30,44.65,0
A0054,1773162549000,4.11,6536.58,709,gold,30,44.65,0
A0059,1772844421000,50.2,4253.14,536,bronze,26,45.9,1
A0059,1772844421000,50.2,4253.14,616,gold,26,45.9,1
A0060,1773429192000,33.5,9276.9,651,silver,4,51.8,1
A0064,1773352088000,19.87,6335.52,520,bronze,26,47.42,1
A0064,1773352088000,19.87,6335.52,576,gold,26,47.42,1
A0067,1773218371000,13.21,7861.44,306,bronze,33,43.64,1
A0069,1773261848000,6.39,4810.55,801,silver,32,46.16,1
A0070,1773605593000,32.58,3417.71,713,bronze,11,47.54,0
A0076,1773623548000,29.58,4255.95,391,gold,17,46.85,0
A0079,1773582000000,20.02,7762.47,650,silver,21,59.99,1
A0079,1773582000000,20.02,7762.47,707,silver,21,59.99,1
A0081,1773357508000,17.93,1827.56,655,gold,3,48.07,1
A0081,1773357508000,17.93,1827.56,649,silver,3,48.07,1
A0082,1773230547000,17.79,2957.15,758,bronze,28,56.69,0
A0082,1773230547000,17.79,2957.15,790,silver,28,56.69,0
A0092,1773625211000,18.0,4299.01,302,gold,11,51.37,0
A0006,1772921288000,112.98,5881.84,306,silver,15,49.23,0
A0006,1772921288000,112.98,5881.84,364,silver,15,49.23,0
A0012,1773351720000,16.32,7438.36,530,bronze,26,44.41,1
A0012,1773351720000,16.32,7438.36,574,bronze,26,44.41,1
A0022,1772737441000,11.54,-382.1,845,bronze,28,50.32,1
A0050,1773171825000,14.02,2672.92,346,gold,38,49.87,1
A0052,1772908341000,92.07,9047.05,723,bronze,9,44.27,1
A0061,1772941057000,31.93,4047.07,307,silver,10,42.84,1
A0061,1772941057000,31.93,4047.07,300,bronze,10,42.84,1
A0063,1772909258000,29.36,4604.24,656,gold,23,46.04,1
A0065,1773139790000,7.64,2179.85,608,silver,5,52.95,0
A0065,1773139790000,7.64,2179.85,684,silver,5,52.95,0
A0066,1773329133000,9.05,1381.4,393,bronze,12,48.35,1
A0073,1772776784000,18.66,7149.84,710,bronze,21,48.08,0
A0073,1772776784000,18.66,7149.84,651,silver,21,48.08,0
A0087,1773025914000,89.87,7197.02,420,bronze,26,61.15,1
A0019,1773057698000,15.69,6477.77,678,gold,25,51.31,0
A0036,1773600028000,20.67,6331.03,337,gold,14,51.98,1
A0036,1773600028000,20.67,6331.03,300,bronze,14,51.98,1
A0046,1773101366000,25.25,4493.91,702,bronze,33,52.56,1
A0047,1773198803000,29.16,8204.51,453,gold,5,49.22,0
A0047,1773198803000,29.16,8204.51,526,bronze,5,49.22,0
A0054,1773162549000,45.04,6040.04,779,bronze,30,44.65,0
A0054,1773162549000,45.04,6040.04,709,gold,30,44.65,0
A0060,1773429192000,236.04,9781.93,651,silver,4,51.8,1
A0067,1773218371000,13.83,7690.19,306,bronze,33,43.64,1
A0069,1773261848000,50.99,5103.57,801,silver,32,46.16,1
A0076,1773623548000,32.89,4341.84,391,gold,17,46.85,0
A0079,1773582000000,12.48,7796.83,650,silver,21,59.99,1
A0079,1773582000000,12.48,7796.83,707,silver,21,59.99,1
A0081,1773357508000,97.93,1386.72,655,gold,3,48.07,1
A0081,1773357508000,97.93,1386.72,649,silver,3,48.07,1
A0082,1773230547000,9.3,3198.07,758,bronze,28,56.69,0
A0082,1773230547000,9.3,3198.07,790,silver,28,56.69,0
A0006,1772921288000,237.53,5864.41,306,silver,15,49.23,0
A0006,1772921288000,237.53,5864.41,364,silver,15,49.23,0
A0012,1773351720000,43.1,6181.91,530,bronze,26,44.41,1
A0012,1773351720000,43.1,6181.91,574,bronze,26,44.41,1
A0022,1772737441000,117.98,88.15,845,bronze,28,50.32,1
A0050,1773171825000,31.12,3268.06,346,gold,38,49.87,1
A0052,1772908341000,44.53,9179.5,723,bronze,9,44.27,1
A0065,1773139790000,2.07,2267.94,608,silver,5,52.95,0
A0065,1773139790000,2.07,2267.94,684,silver,5,52.95,0
A0066,1773329133000,13.34,785.93,393,bronze,12,48.35,1
A0073,1772776784000,8.38,7512.22,710,bronze,21,48.08,0
A0073,1772776784000,8.38,7512.22,651,silver,21,48.08,0
A0087,1773025914000,72.31,7179.63,420,bronze,26,61.15,1
A0019,1773057698000,21.05,6742.4,678,gold,25,51.31,0
A0047,1773198803000,3.18,7526.88,453,gold,5,49.22,0
A0047,1773198803000,3.18,7526.88,526,bronze,5,49.22,0
A0060,1773429192000,39.52,9495.82,651,silver,4,51.8,1
A0067,1773218371000,29.04,7219.06,306,bronze,33,43.64,1
A0069,1773261848000,4.79,5639.54,801,silver,32,46.16,1
A0081,1773357508000,58.09,2124.85,655,gold,3,48.07,1
A0081,1773357508000,58.09,2124.85,649,silver,3,48.07,1
A0082,1773230547000,14.25,3715.56,758,bronze,28,56.69,0
A0082,1773230547000,14.25,3715.56,790,silver,28,56.69,0
A0050,1773171825000,64.42,3085.44,346,gold,38,49.87,1
A0073,1772776784000,8.38,7512.22,710,bronze,21,48.08,0
A0073,1772776784000,8.38,7512.22,651,silver,21,48.08,0
A0050,1773171825000,64.42,3085.44,346,gold,38,49.87,1
A0073,1772776784000,54.66,7233.38,710,bronze,21,48.08,0
A0073,1772776784000,54.66,7233.38,651,silver,21,48.08,0
A0001,1773482046000,85.67,7566.48,301,bronze,31,48.71,0
A0001,1773482046000,85.67,7566.48,322,bronze,31,48.71,0
A0002,1773533318000,78.88,1991.51,314,silver,20,49.18,1
A0002,1773533318000,78.88,1991.51,394,gold,20,49.18,1
A0005,1773584013000,34.22,4883.98,622,bronze,1,41.47,0
A0010,1772742518000,30.25,3024.06,662,gold,15,48.21,0
A0010,1772742518000,30.25,3024.06,648,silver,15,48.21,0
A0014,1772951255000,39.28,2503.24,646,silver,16,46.81,1
A0016,1773530553000,6.2,2372.35,667,gold,24,46.66,1
A0018,1772833808000,17.59,1679.94,536,silver,6,64.31,0
A0018,1772833808000,17.59,1679.94,496,silver,6,64.31,0
A0019,1773057698000,15.64,7267.41,678,gold,5,51.31,0
A0020,1773239267000,14.81,4881.72,761,bronze,20,44.44,0
A0021,1773421617000,16.99,3959.37,405,gold,22,49.01,0
A0021,1773421617000,16.99,3959.37,368,silver,22,49.01,0
A0023,1773639389000,73.31,3105.09,788,silver,29,57.62,0
A0028,1773418467000,23.16,3941.34,683,gold,5,54.22,0
A0028,1773418467000,23.16,3941.34,621,bronze,5,54.22,0
A0036,1773600028000,171.57,5928.03,337,gold,15,51.98,1
A0036,1773600028000,171.57,5928.03,300,bronze,15,51.98,1
A0042,1773257148000,58.7,3871.74,480,gold,33,49.92,0
A0044,1773699927000,28.07,4668.45,544,bronze,35,43.05,1
A0044,1773699927000,28.07,4668.45,469,silver,35,43.05,1
A0046,1773101366000,13.11,3419.02,702,bronze,0,52.56,1
A0049,1773280471000,25.01,2467.6,496,bronze,18,52.58,0
A0054,1773162549000,8.22,6499.74,779,bronze,27,44.65,0
A0054,1773162549000,8.22,6499.74,709,gold,27,44.65,0
A0059,1772844421000,12.88,5311.85,536,bronze,4,45.9,1
A0059,1772844421000,12.88,5311.85,616,gold,4,45.9,1
A0060,1773429192000,65.92,9434.13,651,silver,16,51.8,1
A0064,1773352088000,19.25,5424.78,520,bronze,14,47.42,1
A0064,1773352088000,19.25,5424.78,576,gold,14,47.42,1
A0067,1773218371000,14.76,7546.56,306,bronze,36,43.64,1
A0069,1773261848000,5.87,4834.91,801,silver,11,46.16,1
A0070,1773605593000,36.32,3568.8,713,bronze,12,47.54,0
A0075,1773324061000,5.54,7495.08,647,bronze,24,55.3,1
A0075,1773324061000,5.54,7495.08,595,bronze,24,55.3,1
A0076,1773623548000,21.01,3969.39,391,gold,17,46.85,0
A0079,1773582000000,30.61,8362.03,650,silver,29,59.99,1
A0079,1773582000000,30.61,8362.03,707,silver,29,59.99,1
A0081,1773357508000,94.93,2471.49,655,gold,23,48.07,1
A0081,1773357508000,94.93,2471.49,649,silver,23,48.07,1
A0083,1773047399000,6.88,8980.68,440,bronze,29,49.99,1
A0083,1773047399000,6.88,8980.68,500,silver,29,49.99,1
A0084,1773392158000,399.85,3735.35,435,silver,3,50.64,1
A0091,1772984489000,86.99,4467.5,499,bronze,6,58.33,0
A0092,1773625211000,33.31,3774.71,302,gold,7,51.37,0
A0000,1772304939000,292.47,727.5,729,gold,28,50.62,0
A0006,1772921288000,162.73,6919.85,306,silver,27,49.23,0
A0006,1772921288000,162.73,6919.85,364,silver,27,49.23,0
A0009,1772362866000,9.12,3382.1,433,bronze,18,51.66,0
A0011,1772882905000,15.11,5942.72,739,gold,30,59.03,0
A0015,1772346000000,276.69,4487.56,695,silver,39,47.9,0
A0015,1772346000000,276.69,4487.56,756,gold,39,47.9,0
A0017,1772437869000,3.69,5770.43,627,bronze,34,45.72,1
A0017,1772437869000,3.69,5770.43,699,gold,34,45.72,1
A0022,1772737441000,59.35,-490.56,845,bronze,2,50.32,1
A0026,1772631959000,10.66,6060.26,740,bronze,3,48.31,1
A0029,1772375918000,16.05,8950.99,686,silver,31,57.34,0
A0030,1772303825000,23.25,6539.91,668,bronze,2,43.34,1
A0030,1772303825000,23.25,6539.91,737,silver,2,43.34,1
A0037,1772145288000,71.97,5784.12,844,silver,38,54.02,0
A0040,1772229558000,15.39,5318.7,314,bronze,14,48.15,1
A0041,1772562988000,3.51,4720.21,696,silver,24,43.14,0
A0043,1772487954000,281.54,5158.22,786,bronze,34,53.74,0
A0045,1772645690000,9.9,5071.37,770,bronze,25,47.56,1
A0045,1772645690000,9.9,5071.37,797,silver,25,47.56,1
A0048,1772721561000,28.71,5183.15,603,bronze,9,63.25,0
A0051,1772372388000,24.53,1357.63,384,gold,28,51.33,0
A0052,1772908341000,63.44,8600.78,723,bronze,35,44.27,1
A0053,1772467823000,24.93,5216.42,439,silver,19,51.44,1
A0055,1772169998000,69.9,4535.95,653,bronze,5,56.1,1
A0057,1772528858000,38.63,5992.2,399,silver,18,46.73,0
A0062,1772815600000,15.23,3983.38,771,silver,37,52.95,0
A0065,1773139790000,46.5,2764.87,608,silver,4,52.95,0
A0065,1773139790000,46.5,2764.87,684,silver,4,52.95,0
A0066,1773329133000,66.17,478.64,393,bronze,34,48.35,1
A0068,1772404011000,58.54,1308.89,444,bronze,10,51.5,1
A0071,1772130290000,70.32,4249.57,735,gold,12,49.17,0
A0077,1772870626000,27.4,4119.82,735,silver,9,53.23,0
A0077,1772870626000,27.4,4119.82,697,silver,9,53.23,0
A0078,1773025240000,17.95,5632.37,553,gold,33,37.88,1
A0085,1772157868000,29.93,3984.69,745,gold,6,52.28,1
A0086,1772430414000,54.97,7720.12,715,silver,18,49.37,0
A0086,1772430414000,54.97,7720.12,750,bronze,18,49.37,0
A0087,1773025914000,65.95,5758.32,420,bronze,6,61.15,1
A0088,1772237126000,26.98,5461.0,619,bronze,33,45.96,0
A0090,1772150045000,3.03,5936.31,472,bronze,2,46.76,1
A0090,1772150045000,3.03,5936.31,440,silver,2,46.76,1
A0093,1772777344000,7.54,3063.7,803,silver,1,49.62,1
A0094,1773201675000,28.06,4959.47,648,silver,36,41.06,0
A0094,1773201675000,28.06,4959.47,667,silver,36,41.06,0
A0098,1772183464000,15.35,3398.31,572,gold,14,53.87,1
A0098,1772183464000,15.35,3398.31,632,bronze,14,53.87,1
A0099,1772231801000,172.41,7978.29,679,gold,17,47.72,0
A0001,1773482046000,41.95,8031.18,301,bronze,31,48.71,0
A0001,1773482046000,41.95,8031.18,322,bronze,31,48.71,0
A0002,1773533318000,15.01,2553.92,314,silver,20,49.18,1
A0002,1773533318000,15.01,2553.92,394,gold,20,49.18,1
A0005,1773584013000,145.92,4889.91,622,bronze,1,41.47,0
A0014,1772951255000,96.46,2064.06,646,silver,16,46.81,1
A0016,1773530553000,42.28,2355.59,667,gold,24,46.66,1
A0019,1773057698000,15.64,7267.41,678,gold,5,51.31,0
A0020,1773239267000,45.11,3814.68,761,bronze,20,44.44,0
A0021,1773421617000,10.81,3467.06,405,gold,22,49.01,0
A0021,1773421617000,10.81,3467.06,368,silver,22,49.01,0
A0023,1773639389000,30.03,3704.16,788,silver,29,57.62,0
A0024,1773051955000,28.9,6028.76,697,silver,18,46.12,1
A0028,1773418467000,32.43,3664.37,683,gold,5,54.22,0
A0028,1773418467000,32.43,3664.37,621,bronze,5,54.22,0
A0036,1773600028000,3.51,5334.17,337,gold,15,51.98,1
A0036,1773600028000,3.51,5334.17,300,bronze,15,51.98,1
A0039,1773212738000,13.22,5490.55,367,silver,5,64.76,1
A0042,1773257148000,69.83,3387.47,480,gold,33,49.92,0
A0044,1773699927000,86.18,4780.61,544,bronze,35,43.05,1
A0044,1773699927000,86.18,4780.61,469,silver,35,43.05,1
A0046,1773101366000,20.35,3429.05,702,bronze,0,52.56,1
A0047,1773198803000,40.32,7420.09,453,gold,11,49.22,0
A0047,1773198803000,40.32,7420.09,526,bronze,11,49.22,0
A0049,1773280471000,82.67,2323.96,496,bronze,18,52.58,0
A0054,1773162549000,20.31,6276.33,779,bronze,27,44.65,0
A0054,1773162549000,20.31,6276.33,709,gold,27,44.65,0
A0060,1773429192000,96.13,9614.79,651,silver,16,51.8,1
A0064,1773352088000,18.36,5563.65,520,bronze,14,47.42,1
A0064,1773352088000,18.36,5563.65,576,gold,14,47.42,1
A0070,1773605593000,25.42,2987.05,713,bronze,12,47.54,0
A0075,1773324061000,90.26,7794.25,647,bronze,24,55.3,1
A0075,1773324061000,90.26,7794.25,595,bronze,24,55.3,1
A0076,1773623548000,30.93,3856.31,391,gold,17,46.85,0
A0079,1773582000000,15.67,8744.9,650,silver,29,59.99,1
A0079,1773582000000,15.67,8744.9,707,silver,29,59.99,1
A0081,1773357508000,97.78,2024.67,655,gold,23,48.07,1
A0081,1773357508000,97.78,2024.67,649,silver,23,48.07,1
A0083,1773047399000,28.36,9070.94,440,bronze,29,49.99,1
A0083,1773047399000,28.36,9070.94,500,silver,29,49.99,1
A0084,1773392158000,7.05,4192.66,435,silver,3,50.64,1
A0091,1772984489000,119.44,4052.27,499,bronze,6,58.33,0
A0092,1773625211000,32.27,4110.16,302,gold,7,51.37,0
A0006,1772921288000,31.43,6547.24,306,silver,27,49.23,0
A0006,1772921288000,31.43,6547.24,364,silver,27,49.23,0
A0007,1772402687000,286.54,6572.13,789,gold,5,51.23,1
A0009,1772362866000,30.46,3089.86,433,bronze,18,51.66,0
A0011,1772882905000,7.49,5710.99,739,gold,30,59.03,0
A0012,1773351720000,17.5,7275.84,530,bronze,32,44.41,1
A0012,1773351720000,17.5,7275.84,574,bronze,32,44.41,1
A0015,1772346000000,2.76,4817.52,695,silver,39,47.9,0
A0015,1772346000000,2.76,4817.52,756,gold,39,47.9,0
A0022,1772737441000,183.38,-1416.34,845,bronze,2,50.32,1
A0025,1772133384000,35.21,6350.49,375,gold,6,49.22,0
A0027,1772767070000,36.9,3845.79,375,silver,11,39.93,0
A0029,1772375918000,104.48,8620.83,686,silver,31,57.34,0
A0030,1772303825000,8.75,7663.1,668,bronze,2,43.34,1
A0030,1772303825000,8.75,7663.1,737,silver,2,43.34,1
A0032,1772725237000,35.46,1542.35,776,silver,38,48.54,0
A0041,1772562988000,45.79,5341.17,696,silver,24,43.14,0
A0043,1772487954000,144.59,5129.89,786,bronze,34,53.74,0
A0048,1772721561000,33.69,5150.74,603,bronze,9,63.25,0
A0050,1773171825000,37.19,4665.72,346,gold,14,49.87,1
A0051,1772372388000,60.89,2161.43,384,gold,28,51.33,0
A0052,1772908341000,43.49,8569.45,723,bronze,35,44.27,1
A0057,1772528858000,10.85,6456.28,399,silver,18,46.73,0
A0061,1772941057000,59.51,5235.7,307,silver,19,42.84,1
A0061,1772941057000,59.51,5235.7,300,bronze,19,42.84,1
A0063,1772909258000,84.47,3960.62,656,gold,37,46.04,1
A0065,1773139790000,94.26,2685.47,608,silver,4,52.95,0
A0065,1773139790000,94.26,2685.47,684,silver,4,52.95,0
A0066,1773329133000,56.31,1197.03,393,bronze,34,48.35,1
A0068,1772404011000,81.75,891.68,444,bronze,10,51.5,1
A0071,1772130290000,69.85,4980.76,735,gold,12,49.17,0
A0074,1772311248000,75.84,6118.03,768,bronze,0,56.59,0
A0085,1772157868000,110.93,3770.08,745,gold,6,52.28,1
A0086,1772430414000,17.59,8180.76,715,silver,18,49.37,0
A0086,1772430414000,17.59,8180.76,750,bronze,18,49.37,0
A0089,1772729547000,41.31,-1454.94,403,gold,38,44.06,0
A0090,1772150045000,36.58,5820.48,472,bronze,2,46.76,1
A0090,1772150045000,36.58,5820.48,440,silver,2,46.76,1
A0093,1772777344000,62.59,3406.98,803,silver,1,49.62,1
A0094,1773201675000,9.31,4820.44,648,silver,36,41.06,0
A0094,1773201675000,9.31,4820.44,667,silver,36,41.06,0
A0095,1772605386000,88.01,7741.74,337,gold,27,53.18,1
A0097,1772401000000,74.31,4783.51,700,gold,19,52.76,0
A0001,1773482046000,12.62,7794.85,301,bronze,31,48.71,0
A0001,1773482046000,12.62,7794.85,322,bronze,31,48.71,0
A0002,1773533318000,42.3,3487.04,314,silver,20,49.18,1
A0002,1773533318000,42.3,3487.04,394,gold,20,49.18,1
A0005,1773584013000,61.58,5060.23,622,bronze,1,41.47,0
A0010,1772742518000,48.6,2967.89,662,gold,15,48.21,0
A0010,1772742518000,48.6,2967.89,648,silver,15,48.21,0
A0014,1772951255000,9.16,2337.81,646,silver,16,46.81,1
A0016,1773530553000,26.94,2753.49,667,gold,24,46.66,1
A0018,1772833808000,41.11,1184.73,536,silver,6,64.31,0
A0018,1772833808000,41.11,1184.73,496,silver,6,64.31,0
A0019,1773057698000,28.51,7117.28,678,gold,5,51.31,0
A0020,1773239267000,31.05,4087.2,761,bronze,20,44.44,0
A0021,1773421617000,70.01,3803.53,405,gold,22,49.01,0
A0021,1773421617000,70.01,3803.53,368,silver,22,49.01,0
A0023,1773639389000,24.9,3769.84,788,silver,29,57.62,0
A0024,1773051955000,86.12,6610.58,697,silver,18,46.12,1
A0028,1773418467000,148.46,3266.81,683,gold,5,54.22,0
A0028,1773418467000,148.46,3266.81,621,bronze,5,54.22,0
A0036,1773600028000,37.49,5486.17,337,gold,15,51.98,1
A0036,1773600028000,37.49,5486.17,300,bronze,15,51.98,1
A0039,1773212738000,7.8,4764.83,367,silver,5,64.76,1
A0042,1773257148000,179.67,3283.35,480,gold,33,49.92,0
A0044,1773699927000,166.02,4186.16,544,bronze,35,43.05,1
A0044,1773699927000,166.02,4186.16,469,silver,35,43.05,1
A0046,1773101366000,18.2,3500.03,702,bronze,0,52.56,1
A0047,1773198803000,17.88,7784.73,453,gold,11,49.22,0
A0047,1773198803000,17.88,7784.73,526,bronze,11,49.22,0
A0049,1773280471000,49.9,2116.52,496,bronze,18,52.58,0
A0054,1773162549000,5.54,6689.75,779,bronze,27,44.65,0
A0054,1773162549000,5.54,6689.75,709,gold,27,44.65,0
A0059,1772844421000,53.48,5866.86,536,bronze,4,45.9,1
A0059,1772844421000,53.48,5866.86,616,gold,4,45.9,1
A0060,1773429192000,10.36,9539.55,651,silver,16,51.8,1
A0064,1773352088000,126.93,5696.34,520,bronze,14,47.42,1
A0064,1773352088000,126.93,5696.34,576,gold,14,47.42,1
A0067,1773218371000,47.14,7065.66,306,bronze,36,43.64,1
A0069,1773261848000,11.79,4737.79,801,silver,11,46.16,1
A0070,1773605593000,36.72,3275.93,713,bronze,12,47.54,0
A0075,1773324061000,116.72,8322.84,647,bronze,24,55.3,1
A0075,1773324061000,116.72,8322.84,595,bronze,24,55.3,1
A0076,1773623548000,19.7,3638.25,391,gold,17,46.85,0
A0079,1773582000000,23.84,8127.09,650,silver,29,59.99,1
A0079,1773582000000,23.84,8127.09,707,silver,29,59.99,1
A0081,1773357508000,140.46,1927.73,655,gold,23,48.07,1
A0081,1773357508000,140.46,1927.73,649,silver,23,48.07,1
A0082,1773230547000,8.51,2337.48,758,bronze,9,56.69,0
A0082,1773230547000,8.51,2337.48,790,silver,9,56.69,0
A0083,1773047399000,6.59,8326.49,440,bronze,29,49.99,1
A0083,1773047399000,6.59,8326.49,500,silver,29,49.99,1
A0084,1773392158000,50.36,4053.73,435,silver,3,50.64,1
A0091,1772984489000,199.03,4407.89,499,bronze,6,58.33,0
A0092,1773625211000,71.39,3847.13,302,gold,7,51.37,0
A0000,1772304939000,21.14,1426.14,729,gold,28,50.62,0
A0006,1772921288000,22.48,6135.51,306,silver,27,49.23,0
A0006,1772921288000,22.48,6135.51,364,silver,27,49.23,0
A0007,1772402687000,19.64,6210.39,789,gold,5,51.23,1
A0008,1772533491000,105.63,6173.01,320,gold,12,49.8,0
A0009,1772362866000,11.53,3189.32,433,bronze,18,51.66,0
A0011,1772882905000,54.0,6029.16,739,gold,30,59.03,0
A0012,1773351720000,56.36,6804.3,530,bronze,32,44.41,1
A0012,1773351720000,56.36,6804.3,574,bronze,32,44.41,1
A0015,1772346000000,37.35,4536.24,695,silver,39,47.9,0
A0015,1772346000000,37.35,4536.24,756,gold,39,47.9,0
A0017,1772437869000,33.63,5444.14,627,bronze,34,45.72,1
A0017,1772437869000,33.63,5444.14,699,gold,34,45.72,1
A0022,1772737441000,27.82,-1566.46,845,bronze,2,50.32,1
A0025,1772133384000,37.75,6613.05,375,gold,6,49.22,0
A0026,1772631959000,19.5,6072.97,740,bronze,3,48.31,1
A0027,1772767070000,9.83,3829.27,375,silver,11,39.93,0
A0029,1772375918000,56.04,9097.97,686,silver,31,57.34,0
A0031,1772438414000,136.38,3218.23,848,bronze,10,46.19,1
A0032,1772725237000,9.86,1888.75,776,silver,38,48.54,0
A0037,1772145288000,43.79,5747.42,844,silver,38,54.02,0
A0043,1772487954000,44.89,4877.09,786,bronze,34,53.74,0
A0045,1772645690000,58.26,4961.66,770,bronze,25,47.56,1
A0045,1772645690000,58.26,4961.66,797,silver,25,47.56,1
A0048,1772721561000,54.77,5113.16,603,bronze,9,63.25,0
A0050,1773171825000,5.47,3434.39,346,gold,14,49.87,1
A0051,1772372388000,13.44,2306.4,384,gold,28,51.33,0
A0052,1772908341000,11.8,8492.78,723,bronze,35,44.27,1
A0055,1772169998000,52.56,5426.73,653,bronze,5,56.1,1
A0057,1772528858000,14.66,6155.79,399,silver,18,46.73,0
A0061,1772941057000,107.39,4432.51,307,silver,19,42.84,1
A0061,1772941057000,107.39,4432.51,300,bronze,19,42.84,1
A0062,1772815600000,523.48,4039.74,771,silver,37,52.95,0
A0063,1772909258000,525.54,5114.08,656,gold,37,46.04,1
A0065,1773139790000,51.45,2665.4,608,silver,4,52.95,0
A0065,1773139790000,51.45,2665.4,684,silver,4,52.95,0
A0066,1773329133000,139.38,860.11,393,bronze,34,48.35,1
A0068,1772404011000,33.43,773.53,444,bronze,10,51.5,1
A0071,1772130290000,88.86,5566.98,735,gold,12,49.17,0
A0072,1772520709000,369.07,5482.12,564,bronze,8,48.05,1
A0072,1772520709000,369.07,5482.12,580,bronze,8,48.05,1
A0073,1772776784000,119.18,8082.95,710,bronze,18,48.08,0
A0073,1772776784000,119.18,8082.95,651,silver,18,48.08,0
A0074,1772311248000,9.39,6112.33,768,bronze,0,56.59,0
A0077,1772870626000,22.68,4037.95,735,silver,9,53.23,0
A0077,1772870626000,22.68,4037.95,697,silver,9,53.23,0
A0078,1773025240000,56.56,5931.94,553,gold,33,37.88,1
A0085,1772157868000,55.9,3684.05,745,gold,6,52.28,1
A0086,1772430414000,38.69,8077.1,715,silver,18,49.37,0
A0086,1772430414000,38.69,8077.1,750,bronze,18,49.37,0
A0087,1773025914000,20.8,5850.06,420,bronze,6,61.15,1
A0088,1772237126000,4.86,5841.08,619,bronze,33,45.96,0
A0089,1772729547000,31.29,-878.52,403,gold,38,44.06,0
A0090,1772150045000,18.71,6200.16,472,bronze,2,46.76,1
A0090,1772150045000,18.71,6200.16,440,silver,2,46.76,1
A0093,1772777344000,43.53,2979.01,803,silver,1,49.62,1
A0094,1773201675000,2.3,5616.9,648,silver,36,41.06,0
A0094,1773201675000,2.3,5616.9,667,silver,36,41.06,0
A0095,1772605386000,30.91,7600.25,337,gold,27,53.18,1
A0096,1772228370000,76.53,3024.79,704,silver,24,49.53,1
A0097,1772401000000,74.31,4783.51,700,gold,19,52.76,0
A0099,1772231801000,65.17,8271.75,679,gold,17,47.72,0
A0001,1773482046000,5.6,7103.64,301,bronze,31,48.71,0
A0001,1773482046000,5.6,7103.64,322,bronze,31,48.71,0
A0002,1773533318000,25.77,3760.77,314,silver,20,49.18,1
A0002,1773533318000,25.77,3760.77,394,gold,20,49.18,1
A0005,1773584013000,33.42,4787.26,622,bronze,1,41.47,0
A0010,1772742518000,23.39,2538.51,662,gold,15,48.21,0
A0010,1772742518000,23.39,2538.51,648,silver,15,48.21,0
A0014,1772951255000,23.67,2148.67,646,silver,16,46.81,1
A0016,1773530553000,47.81,3370.43,667,gold,24,46.66,1
A0018,1772833808000,87.75,1104.54,536,silver,6,64.31,0
A0018,1772833808000,87.75,1104.54,496,silver,6,64.31,0
A0019,1773057698000,28.51,7117.28,678,gold,5,51.31,0
A0020,1773239267000,18.6,4505.97,761,bronze,20,44.44,0
A0021,1773421617000,25.32,3978.28,405,gold,22,49.01,0
A0021,1773421617000,25.32,3978.28,368,silver,22,49.01,0
A0023,1773639389000,71.45,3816.88,788,silver,29,57.62,0
A0024,1773051955000,118.92,6005.52,697,silver,18,46.12,1
A0028,1773418467000,13.2,3983.59,683,gold,5,54.22,0
A0028,1773418467000,13.2,3983.59,621,bronze,5,54.22,0
A0036,1773600028000,18.9,5804.3,337,gold,15,51.98,1
A0036,1773600028000,18.9,5804.3,300,bronze,15,51.98,1
A0039,1773212738000,3.66,5168.53,367,silver,5,64.76,1
A0042,1773257148000,385.67,3209.03,480,gold,33,49.92,0
A0044,1773699927000,240.51,4736.34,544,bronze,35,43.05,1
A0044,1773699927000,240.51,4736.34,469,silver,35,43.05,1
A0046,1773101366000,89.69,4191.3,702,bronze,0,52.56,1
A0047,1773198803000,9.52,7636.04,453,gold,11,49.22,0
A0047,1773198803000,9.52,7636.04,526,bronze,11,49.22,0
A0049,1773280471000,73.01,2665.03,496,bronze,18,52.58,0
A0054,1773162549000,21.52,6751.88,779,bronze,27,44.65,0
A0054,1773162549000,21.52,6751.88,709,gold,27,44.65,0
A0059,1772844421000,60.19,4984.32,536,bronze,4,45.9,1
A0059,1772844421000,60.19,4984.32,616,gold,4,45.9,1
A0060,1773429192000,10.36,9539.55,651,silver,16,51.8,1
A0064,1773352088000,32.04,5561.59,520,bronze,14,47.42,1
A0064,1773352088000,32.04,5561.59,576,gold,14,47.42,1
A0067,1773218371000,49.55,7213.72,306,bronze,36,43.64,1
A0069,1773261848000,14.3,4295.94,801,silver,11,46.16,1
A0070,1773605593000,32.14,3113.42,713,bronze,12,47.54,0
A0075,1773324061000,12.37,9346.62,647,bronze,24,55.3,1
A0075,1773324061000,12.37,9346.62,595,bronze,24,55.3,1
A0076,1773623548000,15.93,4371.36,391,gold,17,46.85,0
A0079,1773582000000,51.08,8486.83,650,silver,29,59.99,1
A0079,1773582000000,51.08,8486.83,707,silver,29,59.99,1
A0081,1773357508000,114.66,2054.56,655,gold,23,48.07,1
A0081,1773357508000,114.66,2054.56,649,silver,23,48.07,1
A0082,1773230547000,49.71,2433.79,758,bronze,9,56.69,0
A0082,1773230547000,49.71,2433.79,790,silver,9,56.69,0
A0083,1773047399000,5.27,8666.27,440,bronze,29,49.99,1
A0083,1773047399000,5.27,8666.27,500,silver,29,49.99,1
A0084,1773392158000,32.34,3658.22,435,silver,3,50.64,1
A0091,1772984489000,12.83,4739.43,499,bronze,6,58.33,0
A0092,1773625211000,166.95,3764.41,302,gold,7,51.37,0
A0000,1772304939000,23.02,1566.83,729,gold,28,50.62,0
A0006,1772921288000,39.31,6124.41,306,silver,27,49.23,0
A0006,1772921288000,39.31,6124.41,364,silver,27,49.23,0
A0007,1772402687000,128.73,5926.03,789,gold,5,51.23,1
A0008,1772533491000,112.34,6492.41,320,gold,12,49.8,0
A0009,1772362866000,11.53,3189.32,433,bronze,18,51.66,0
A0011,1772882905000,43.07,5994.25,739,gold,30,59.03,0
A0012,1773351720000,56.36,6804.3,530,bronze,32,44.41,1
A0012,1773351720000,56.36,6804.3,574,bronze,32,44.41,1
A0015,1772346000000,27.13,3897.44,695,silver,39,47.9,0
A0015,1772346000000,27.13,3897.44,756,gold,39,47.9,0
A0017,1772437869000,27.1,6038.08,627,bronze,34,45.72,1
A0017,1772437869000,27.1,6038.08,699,gold,34,45.72,1
A0022,1772737441000,3.34,-746.63,845,bronze,2,50.32,1
A0025,1772133384000,13.42,5888.17,375,gold,6,49.22,0
A0026,1772631959000,21.5,5567.62,740,bronze,3,48.31,1
A0027,1772767070000,6.14,3630.57,375,silver,11,39.93,0
A0029,1772375918000,38.22,8795.73,686,silver,31,57.34,0
A0030,1772303825000,15.61,7719.2,668,bronze,2,43.34,1
A0030,1772303825000,15.61,7719.2,737,silver,2,43.34,1
A0031,1772438414000,63.89,3880.55,848,bronze,10,46.19,1
A0032,1772725237000,18.83,1735.11,776,silver,38,48.54,0
A0037,1772145288000,17.46,6283.08,844,silver,38,54.02,0
A0040,1772229558000,29.26,5666.07,314,bronze,14,48.15,1
A0043,1772487954000,21.04,4922.17,786,bronze,34,53.74,0
A0045,1772645690000,147.98,5292.7,770,bronze,25,47.56,1
A0045,1772645690000,147.98,5292.7,797,silver,25,47.56,1
A0048,1772721561000,59.53,4980.91,603,bronze,9,63.25,0
A0050,1773171825000,25.02,3590.22,346,gold,14,49.87,1
A0052,1772908341000,18.72,8941.81,723,bronze,35,44.27,1
A0053,1772467823000,35.16,5813.07,439,silver,19,51.44,1
A0055,1772169998000,3.48,5039.64,653,bronze,5,56.1,1
A0057,1772528858000,12.26,5733.29,399,silver,18,46.73,0
A0061,1772941057000,26.52,4168.86,307,silver,19,42.84,1
A0061,1772941057000,26.52,4168.86,300,bronze,19,42.84,1
A0062,1772815600000,3.68,4157.73,771,silver,37,52.95,0
A0063,1772909258000,30.77,4504.3,656,gold,37,46.04,1
A0065,1773139790000,43.07,1942.07,608,silver,4,52.95,0
A0065,1773139790000,43.07,1942.07,684,silver,4,52.95,0
A0066,1773329133000,191.44,500.53,393,bronze,34,48.35,1
A0068,1772404011000,8.53,1468.28,444,bronze,10,51.5,1
A0071,1772130290000,156.24,4878.12,735,gold,12,49.17,0
A0072,1772520709000,37.81,5472.14,564,bronze,8,48.05,1
A0072,1772520709000,37.81,5472.14,580,bronze,8,48.05,1
A0073,1772776784000,59.49,7900.1,710,bronze,18,48.08,0
A0073,1772776784000,59.49,7900.1,651,silver,18,48.08,0
A0074,1772311248000,74.35,6578.24,768,bronze,0,56.59,0
A0077,1772870626000,9.95,3809.23,735,silver,9,53.23,0
A0077,1772870626000,9.95,3809.23,697,silver,9,53.23,0
A0078,1773025240000,55.05,6631.89,553,gold,33,37.88,1
A0085,1772157868000,8.54,4027.8,745,gold,6,52.28,1
A0086,1772430414000,43.01,8485.31,715,silver,18,49.37,0
A0086,1772430414000,43.01,8485.31,750,bronze,18,49.37,0
A0087,1773025914000,51.76,6593.71,420,bronze,6,61.15,1
A0088,1772237126000,56.82,5459.99,619,bronze,33,45.96,0
A0089,1772729547000,25.75,-521.8,403,gold,38,44.06,0
A0093,1772777344000,6.59,2353.56,803,silver,1,49.62,1
A0094,1773201675000,165.99,4233.62,648,silver,36,41.06,0
A0094,1773201675000,165.99,4233.62,667,silver,36,41.06,0
A0095,1772605386000,94.19,7765.51,337,gold,27,53.18,1
A0096,1772228370000,23.24,3081.3,704,silver,24,49.53,1
A0097,1772401000000,27.42,4544.99,700,gold,19,52.76,0
A0098,1772183464000,325.99,4128.38,572,gold,14,53.87,1
A0098,1772183464000,325.99,4128.38,632,bronze,14,53.87,1
A0099,1772231801000,20.73,8373.73,679,gold,17,47.72,0
A0001,1773482046000,7.64,7170.01,301,bronze,31,48.71,0
A0001,1773482046000,7.64,7170.01,322,bronze,31,48.71,0
A0002,1773533318000,26.61,4228.62,314,silver,20,49.18,1
A0002,1773533318000,26.61,4228.62,394,gold,20,49.18,1
A0005,1773584013000,25.63,4562.85,622,bronze,1,41.47,0
A0010,1772742518000,4.36,2594.53,662,gold,15,48.21,0
A0010,1772742518000,4.36,2594.53,648,silver,15,48.21,0
A0016,1773530553000,28.67,4364.28,667,gold,24,46.66,1
A0018,1772833808000,110.86,742.66,536,silver,6,64.31,0
A0018,1772833808000,110.86,742.66,496,silver,6,64.31,0
A0019,1773057698000,8.22,6456.8,678,gold,5,51.31,0
A0020,1773239267000,139.74,4612.71,761,bronze,20,44.44,0
A0021,1773421617000,17.14,3814.65,405,gold,22,49.01,0
A0021,1773421617000,17.14,3814.65,368,silver,22,49.01,0
A0023,1773639389000,128.64,4163.35,788,silver,29,57.62,0
A0024,1773051955000,424.29,6064.07,697,silver,18,46.12,1
A0028,1773418467000,21.69,4086.2,683,gold,5,54.22,0
A0028,1773418467000,21.69,4086.2,621,bronze,5,54.22,0
A0036,1773600028000,19.68,6064.38,337,gold,15,51.98,1
A0036,1773600028000,19.68,6064.38,300,bronze,15,51.98,1
A0039,1773212738000,52.82,4600.71,367,silver,5,64.76,1
A0042,1773257148000,19.13,3794.52,480,gold,33,49.92,0
A0044,1773699927000,68.64,5327.42,544,bronze,35,43.05,1
A0044,1773699927000,68.64,5327.42,469,silver,35,43.05,1
A0046,1773101366000,81.41,4673.06,702,bronze,0,52.56,1
A0047,1773198803000,27.69,7834.56,453,gold,11,49.22,0
A0047,1773198803000,27.69,7834.56,526,bronze,11,49.22,0
A0054,1773162549000,6.79,6781.91,779,bronze,27,44.65,0
A0054,1773162549000,6.79,6781.91,709,gold,27,44.65,0
A0059,1772844421000,50.2,4253.14,536,bronze,4,45.9,1
A0059,1772844421000,50.2,4253.14,616,gold,4,45.9,1
A0060,1773429192000,42.75,9592.93,651,silver,16,51.8,1
A0064,1773352088000,27.64,5538.96,520,bronze,14,47.42,1
A0064,1773352088000,27.64,5538.96,576,gold,14,47.42,1
A0067,1773218371000,12.63,7981.15,306,bronze,36,43.64,1
A0069,1773261848000,16.72,4648.62,801,silver,11,46.16,1
A0070,1773605593000,13.25,3492.96,713,bronze,12,47.54,0
A0075,1773324061000,96.13,9456.4,647,bronze,24,55.3,1
A0075,1773324061000,96.13,9456.4,595,bronze,24,55.3,1
A0076,1773623548000,113.24,4353.83,391,gold,17,46.85,0
A0079,1773582000000,105.81,7734.35,650,silver,29,59.99,1
A0079,1773582000000,105.81,7734.35,707,silver,29,59.99,1
A0081,1773357508000,17.93,1827.56,655,gold,23,48.07,1
A0081,1773357508000,17.93,1827.56,649,silver,23,48.07,1
A0082,1773230547000,35.87,2583.33,758,bronze,9,56.69,0
A0082,1773230547000,35.87,2583.33,790,silver,9,56.69,0
A0083,1773047399000,83.8,8689.86,440,bronze,29,49.99,1
A0083,1773047399000,83.8,8689.86,500,silver,29,49.99,1
A0091,1772984489000,6.18,4532.13,499,bronze,6,58.33,0
A0092,1773625211000,63.68,3712.53,302,gold,7,51.37,0
A0000,1772304939000,13.64,1040.31,729,gold,28,50.62,0
A0006,1772921288000,33.6,5589.22,306,silver,27,49.23,0
A0006,1772921288000,33.6,5589.22,364,silver,27,49.23,0
A0007,1772402687000,75.24,5896.76,789,gold,5,51.23,1
A0008,1772533491000,74.78,6079.19,320,gold,12,49.8,0
A0009,1772362866000,22.22,3612.1,433,bronze,18,51.66,0
A0012,1773351720000,24.41,6699.42,530,bronze,32,44.41,1
A0012,1773351720000,24.41,6699.42,574,bronze,32,44.41,1
A0015,1772346000000,71.37,4417.59,695,silver,39,47.9,0
A0015,1772346000000,71.37,4417.59,756,gold,39,47.9,0
A0017,1772437869000,54.94,6146.77,627,bronze,34,45.72,1
A0017,1772437869000,54.94,6146.77,699,gold,34,45.72,1
A0022,1772737441000,61.98,89.86,845,bronze,2,50.32,1
A0025,1772133384000,219.09,5867.78,375,gold,6,49.22,0
A0026,1772631959000,37.39,5591.1,740,bronze,3,48.31,1
A0027,1772767070000,654.26,3637.41,375,silver,11,39.93,0
A0029,1772375918000,23.52,8785.89,686,silver,31,57.34,0
A0030,1772303825000,29.34,7910.02,668,bronze,2,43.34,1
A0030,1772303825000,29.34,7910.02,737,silver,2,43.34,1
A0031,1772438414000,35.88,3383.5,848,bronze,10,46.19,1
A0032,1772725237000,159.05,1924.56,776,silver,38,48.54,0
A0037,1772145288000,79.19,5528.36,844,silver,38,54.02,0
A0040,1772229558000,52.16,5300.83,314,bronze,14,48.15,1
A0041,1772562988000,51.79,4984.86,696,silver,24,43.14,0
A0045,1772645690000,32.2,5321.02,770,bronze,25,47.56,1
A0045,1772645690000,32.2,5321.02,797,silver,25,47.56,1
A0048,1772721561000,46.81,4783.86,603,bronze,9,63.25,0
A0050,1773171825000,134.7,2658.58,346,gold,14,49.87,1
A0052,1772908341000,153.53,8939.79,723,bronze,35,44.27,1
A0053,1772467823000,27.52,5688.61,439,silver,19,51.44,1
A0055,1772169998000,67.62,4561.39,653,bronze,5,56.1,1
A0057,1772528858000,3.86,5827.16,399,silver,18,46.73,0
A0061,1772941057000,42.28,4555.41,307,silver,19,42.84,1
A0061,1772941057000,42.28,4555.41,300,bronze,19,42.84,1
A0062,1772815600000,29.07,4084.32,771,silver,37,52.95,0
A0063,1772909258000,22.24,4701.47,656,gold,37,46.04,1
A0065,1773139790000,35.36,1889.8,608,silver,4,52.95,0
A0065,1773139790000,35.36,1889.8,684,silver,4,52.95,0
A0066,1773329133000,25.07,1414.01,393,bronze,34,48.35,1
A0068,1772404011000,8.53,1468.28,444,bronze,10,51.5,1
A0072,1772520709000,49.91,4922.21,564,bronze,8,48.05,1
A0072,1772520709000,49.91,4922.21,580,bronze,8,48.05,1
A0073,1772776784000,16.48,7406.57,710,bronze,18,48.08,0
A0073,1772776784000,16.48,7406.57,651,silver,18,48.08,0
A0074,1772311248000,8.76,5818.33,768,bronze,0,56.59,0
A0077,1772870626000,28.26,3927.58,735,silver,9,53.23,0
A0077,1772870626000,28.26,3927.58,697,silver,9,53.23,0
A0078,1773025240000,80.32,6214.42,553,gold,33,37.88,1
A0086,1772430414000,28.15,8308.47,715,silver,18,49.37,0
A0086,1772430414000,28.15,8308.47,750,bronze,18,49.37,0
A0087,1773025914000,44.33,6657.02,420,bronze,6,61.15,1
A0088,1772237126000,18.58,5111.19,619,bronze,33,45.96,0
A0089,1772729547000,116.0,-765.45,403,gold,38,44.06,0
A0090,1772150045000,10.22,6082.85,472,bronze,2,46.76,1
A0090,1772150045000,10.22,6082.85,440,silver,2,46.76,1
A0093,1772777344000,102.16,2126.34,803,silver,1,49.62,1
A0094,1773201675000,21.29,4721.47,648,silver,36,41.06,0
A0094,1773201675000,21.29,4721.47,667,silver,36,41.06,0
A0095,1772605386000,40.74,7309.66,337,gold,27,53.18,1
A0096,1772228370000,21.01,3094.05,704,silver,24,49.53,1
A0097,1772401000000,5.45,5250.96,700,gold,19,52.76,0
A0098,1772183464000,15.02,3889.41,572,gold,14,53.87,1
A0098,1772183464000,15.02,3889.41,632,bronze,14,53.87,1
A0099,1772231801000,18.84,8897.73,679,gold,17,47.72,0
A0001,1773482046000,25.28,7193.97,301,bronze,31,48.71,0
A0001,1773482046000,25.28,7193.97,322,bronze,31,48.71,0
A0002,1773533318000,96.22,4174.94,314,silver,20,49.18,1
A0002,1773533318000,96.22,4174.94,394,gold,20,49.18,1
A0016,1773530553000,28.67,4364.28,667,gold,24,46.66,1
A0018,1772833808000,110.86,742.66,536,silver,6,64.31,0
A0018,1772833808000,110.86,742.66,496,silver,6,64.31,0
A0019,1773057698000,61.36,6377.91,678,gold,5,51.31,0
A0020,1773239267000,118.38,4245.46,761,bronze,20,44.44,0
A0023,1773639389000,35.62,3805.55,788,silver,29,57.62,0
A0028,1773418467000,7.51,3524.64,683,gold,5,54.22,0
A0028,1773418467000,7.51,3524.64,621,bronze,5,54.22,0
A0036,1773600028000,25.04,5990.39,337,gold,15,51.98,1
A0036,1773600028000,25.04,5990.39,300,bronze,15,51.98,1
A0042,1773257148000,153.3,3768.54,480,gold,33,49.92,0
A0044,1773699927000,15.51,5530.6,544,bronze,35,43.05,1
A0044,1773699927000,15.51,5530.6,469,silver,35,43.05,1
A0046,1773101366000,81.41,4673.06,702,bronze,0,52.56,1
A0047,1773198803000,12.45,7973.87,453,gold,11,49.22,0
A0047,1773198803000,12.45,7973.87,526,bronze,11,49.22,0
A0054,1773162549000,4.11,6536.58,779,bronze,27,44.65,0
A0054,1773162549000,4.11,6536.58,709,gold,27,44.65,0
A0059,1772844421000,50.2,4253.14,536,bronze,4,45.9,1
A0059,1772844421000,50.2,4253.14,616,gold,4,45.9,1
A0060,1773429192000,33.5,9276.9,651,silver,16,51.8,1
A0064,1773352088000,19.87,6335.52,520,bronze,14,47.42,1
A0064,1773352088000,19.87,6335.52,576,gold,14,47.42,1
A0067,1773218371000,13.21,7861.44,306,bronze,36,43.64,1
A0069,1773261848000,6.39,4810.55,801,silver,11,46.16,1
A0070,1773605593000,32.58,3417.71,713,bronze,12,47.54,0
A0076,1773623548000,29.58,4255.95,391,gold,17,46.85,0
A0079,1773582000000,20.02,7762.47,650,silver,29,59.99,1
A0079,1773582000000,20.02,7762.47,707,silver,29,59.99,1
A0081,1773357508000,17.93,1827.56,655,gold,23,48.07,1
A0081,1773357508000,17.93,1827.56,649,silver,23,48.07,1
A0082,1773230547000,17.79,2957.15,758,bronze,9,56.69,0
A0082,1773230547000,17.79,2957.15,790,silver,9,56.69,0
A0092,1773625211000,18.0,4299.01,302,gold,7,51.37,0
A0000,1772304939000,9.11,1010.21,729,gold,28,50.62,0
A0006,1772921288000,112.98,5881.84,306,silver,27,49.23,0
A0006,1772921288000,112.98,5881.84,364,silver,27,49.23,0
A0007,1772402687000,31.33,5359.38,789,gold,5,51.23,1
A0008,1772533491000,91.24,4839.94,320,gold,12,49.8,0
A0012,1773351720000,16.32,7438.36,530,bronze,32,44.41,1
A0012,1773351720000,16.32,7438.36,574,bronze,32,44.41,1
A0015,1772346000000,225.52,4348.89,695,silver,39,47.9,0
A0015,1772346000000,225.52,4348.89,756,gold,39,47.9,0
A0017,1772437869000,28.29,5831.29,627,bronze,34,45.72,1
A0017,1772437869000,28.29,5831.29,699,gold,34,45.72,1
A0022,1772737441000,11.54,-382.1,845,bronze,2,50.32,1
A0025,1772133384000,6.5,5898.23,375,gold,6,49.22,0
A0030,1772303825000,13.32,7774.09,668,bronze,2,43.34,1
A0030,1772303825000,13.32,7774.09,737,silver,2,43.34,1
A0031,1772438414000,44.92,3387.87,848,bronze,10,46.19,1
A0032,1772725237000,3.81,1561.51,776,silver,38,48.54,0
A0040,1772229558000,61.33,5003.27,314,bronze,14,48.15,1
A0041,1772562988000,10.05,5062.0,696,silver,24,43.14,0
A0050,1773171825000,14.02,2672.92,346,gold,14,49.87,1
A0051,1772372388000,72.37,1814.27,384,gold,28,51.33,0
A0052,1772908341000,92.07,9047.05,723,bronze,35,44.27,1
A0053,1772467823000,119.92,4484.66,439,silver,19,51.44,1
A0055,1772169998000,15.78,3937.05,653,bronze,5,56.1,1
A0057,1772528858000,2.76,5573.73,399,silver,18,46.73,0
A0061,1772941057000,31.93,4047.07,307,silver,19,42.84,1
A0061,1772941057000,31.93,4047.07,300,bronze,19,42.84,1
A0063,1772909258000,29.36,4604.24,656,gold,37,46.04,1
A0065,1773139790000,7.64,2179.85,608,silver,4,52.95,0
A0065,1773139790000,7.64,2179.85,684,silver,4,52.95,0
A0066,1773329133000,9.05,1381.4,393,bronze,34,48.35,1
A0068,1772404011000,59.47,989.96,444,bronze,10,51.5,1
A0072,1772520709000,58.16,4684.86,564,bronze,8,48.05,1
A0072,1772520709000,58.16,4684.86,580,bronze,8,48.05,1
A0073,1772776784000,18.66,7149.84,710,bronze,18,48.08,0
A0073,1772776784000,18.66,7149.84,651,silver,18,48.08,0
A0087,1773025914000,89.87,7197.02,420,bronze,6,61.15,1
A0089,1772729547000,53.45,-850.31,403,gold,38,44.06,0
A0090,1772150045000,14.65,5649.68,472,bronze,2,46.76,1
A0090,1772150045000,14.65,5649.68,440,silver,2,46.76,1
A0093,1772777344000,31.12,2507.98,803,silver,1,49.62,1
A0096,1772228370000,25.4,2656.67,704,silver,24,49.53,1
A0097,1772401000000,104.69,5464.67,700,gold,19,52.76,0
A0098,1772183464000,487.91,3540.28,572,gold,14,53.87,1
A0098,1772183464000,487.91,3540.28,632,bronze,14,53.87,1
A0099,1772231801000,36.73,8492.56,679,gold,17,47.72,0
A0019,1773057698000,15.69,6477.77,678,gold,5,51.31,0
A0036,1773600028000,20.67,6331.03,337,gold,15,51.98,1
A0036,1773600028000,20.67,6331.03,300,bronze,15,51.98,1
A0046,1773101366000,25.25,4493.91,702,bronze,0,52.56,1
A0047,1773198803000,29.16,8204.51,453,gold,11,49.22,0
A0047,1773198803000,29.16,8204.51,526,bronze,11,49.22,0
A0054,1773162549000,45.04,6040.04,779,bronze,27,44.65,0
A0054,1773162549000,45.04,6040.04,709,gold,27,44.65,0
A0060,1773429192000,236.04,9781.93,651,silver,16,51.8,1
A0067,1773218371000,13.83,7690.19,306,bronze,36,43.64,1
A0069,1773261848000,50.99,5103.57,801,silver,11,46.16,1
A0076,1773623548000,32.89,4341.84,391,gold,17,46.85,0
A0079,1773582000000,12.48,7796.83,650,silver,29,59.99,1
A0079,1773582000000,12.48,7796.83,707,silver,29,59.99,1
A0081,1773357508000,97.93,1386.72,655,gold,23,48.07,1
A0081,1773357508000,97.93,1386.72,649,silver,23,48.07,1
A0082,1773230547000,9.3,3198.07,758,bronze,9,56.69,0
A0082,1773230547000,9.3,3198.07,790,silver,9,56.69,0
A0000,1772304939000,37.85,1424.53,729,gold,28,50.62,0
A0006,1772921288000,237.53,5864.41,306,silver,27,49.23,0
A0006,1772921288000,237.53,5864.41,364,silver,27,49.23,0
A0007,1772402687000,31.95,5813.5,789,gold,5,51.23,1
A0008,1772533491000,13.99,4898.25,320,gold,12,49.8,0
A0012,1773351720000,43.1,6181.91,530,bronze,32,44.41,1
A0012,1773351720000,43.1,6181.91,574,bronze,32,44.41,1
A0015,1772346000000,18.93,4929.61,695,silver,39,47.9,0
A0015,1772346000000,18.93,4929.61,756,gold,39,47.9,0
A0017,1772437869000,86.64,5327.62,627,bronze,34,45.72,1
A0017,1772437869000,86.64,5327.62,699,gold,34,45.72,1
A0022,1772737441000,117.98,88.15,845,bronze,2,50.32,1
A0025,1772133384000,4.67,5434.84,375,gold,6,49.22,0
A0031,1772438414000,32.91,3227.2,848,bronze,10,46.19,1
A0032,1772725237000,4.66,1820.07,776,silver,38,48.54,0
A0040,1772229558000,46.19,5475.0,314,bronze,14,48.15,1
A0041,1772562988000,156.95,4263.71,696,silver,24,43.14,0
A0050,1773171825000,31.12,3268.06,346,gold,14,49.87,1
A0051,1772372388000,5.85,1752.94,384,gold,28,51.33,0
A0052,1772908341000,44.53,9179.5,723,bronze,35,44.27,1
A0055,1772169998000,13.42,3948.97,653,bronze,5,56.1,1
A0065,1773139790000,2.07,2267.94,608,silver,4,52.95,0
A0065,1773139790000,2.07,2267.94,684,silver,4,52.95,0
A0066,1773329133000,13.34,785.93,393,bronze,34,48.35,1
A0068,1772404011000,26.58,1535.31,444,bronze,10,51.5,1
A0073,1772776784000,8.38,7512.22,710,bronze,18,48.08,0
A0073,1772776784000,8.38,7512.22,651,silver,18,48.08,0
A0087,1773025914000,72.31,7179.63,420,bronze,6,61.15,1
A0089,1772729547000,22.02,-227.75,403,gold,38,44.06,0
A0090,1772150045000,62.1,5860.9,472,bronze,2,46.76,1
A0090,1772150045000,62.1,5860.9,440,silver,2,46.76,1
A0096,1772228370000,60.45,3298.26,704,silver,24,49.53,1
A0098,1772183464000,487.91,3540.28,572,gold,14,53.87,1
A0098,1772183464000,487.91,3540.28,632,bronze,14,53.87,1
A0099,1772231801000,36.73,8492.56,679,gold,17,47.72,0
A0019,1773057698000,21.05,6742.4,678,gold,5,51.31,0
A0047,1773198803000,3.18,7526.88,453,gold,11,49.22,0
A0047,1773198803000,3.18,7526.88,526,bronze,11,49.22,0
A0060,1773429192000,39.52,9495.82,651,silver,16,51.8,1
A0067,1773218371000,29.04,7219.06,306,bronze,36,43.64,1
A0069,1773261848000,4.79,5639.54,801,silver,11,46.16,1
A0081,1773357508000,58.09,2124.85,655,gold,23,48.07,1
A0081,1773357508000,58.09,2124.85,649,silver,23,48.07,1
A0082,1773230547000,14.25,3715.56,758,bronze,9,56.69,0
A0082,1773230547000,14.25,3715.56,790,silver,9,56.69,0
A0000,1772304939000,6.74,1196.05,729,gold,28,50.62,0
A0007,1772402687000,31.95,5813.5,789,gold,5,51.23,1
A0017,1772437869000,33.83,5633.3,627,bronze,34,45.72,1
A0017,1772437869000,33.83,5633.3,699,gold,34,45.72,1
A0025,1772133384000,4.67,5434.84,375,gold,6,49.22,0
A0041,1772562988000,72.48,3995.31,696,silver,24,43.14,0
A0050,1773171825000,64.42,3085.44,346,gold,14,49.87,1
A0051,1772372388000,65.22,2811.86,384,gold,28,51.33,0
A0055,1772169998000,32.95,3863.06,653,bronze,5,56.1,1
A0068,1772404011000,26.58,1535.31,444,bronze,10,51.5,1
A0073,1772776784000,8.38,7512.22,710,bronze,18,48.08,0
A0073,1772776784000,8.38,7512.22,651,silver,18,48.08,0
A0090,1772150045000,18.23,6158.82,472,bronze,2,46.76,1
A0090,1772150045000,18.23,6158.82,440,silver,2,46.76,1
A0098,1772183464000,126.27,3385.24,572,gold,14,53.87,1
A0098,1772183464000,126.27,3385.24,632,bronze,14,53.87,1
A0099,1772231801000,77.06,8596.24,679,gold,17,47.72,0
A0000,1772304939000,6.74,1196.05,729,gold,28,50.62,0
A0007,1772402687000,119.32,6590.68,789,gold,5,51.23,1
A0050,1773171825000,64.42,3085.44,346,gold,14,49.87,1
A0051,1772372388000,13.9,2865.78,384,gold,28,51.33,0
A0073,1772776784000,54.66,7233.38,710,bronze,18,48.08,0
A0073,1772776784000,54.66,7233.38,651,silver,18,48.08,0
A0090,1772150045000,18.23,6158.82,472,bronze,2,46.76,1
A0090,1772150045000,18.23,6158.82,440,silver,2,46.76,1
A0098,1772183464000,67.16,3338.89,572,gold,14,53.87,1
A0098,1772183464000,67.16,3338.89,632,bronze,14,53.87,1
A0001,1773482046000,85.67,7566.48,301,bronze,34,48.71,0
A0001,1773482046000,85.67,7566.48,322,bronze,34,48.71,0
A0002,1773533318000,78.88,1991.51,314,silver,19,49.18,1
A0002,1773533318000,78.88,1991.51,394,gold,19,49.18,1
A0005,1773584013000,34.22,4883.98,622,bronze,27,41.47,0
A0010,1772742518000,30.25,3024.06,662,gold,35,48.21,0
A0010,1772742518000,30.25,3024.06,648,silver,35,48.21,0
A0014,1772951255000,39.28,2503.24,646,silver,15,46.81,1
A0016,1773530553000,6.2,2372.35,667,gold,13,46.66,1
A0018,1772833808000,17.59,1679.94,536,silver,3,64.31,0
A0018,1772833808000,17.59,1679.94,496,silver,3,64.31,0
A0019,1773057698000,15.64,7267.41,678,gold,9,51.31,0
A0020,1773239267000,14.81,4881.72,761,bronze,24,44.44,0
A0021,1773421617000,16.99,3959.37,405,gold,9,49.01,0
A0021,1773421617000,16.99,3959.37,368,silver,9,49.01,0
A0023,1773639389000,73.31,3105.09,788,silver,13,57.62,0
A0028,1773418467000,23.16,3941.34,683,gold,17,54.22,0
A0028,1773418467000,23.16,3941.34,621,bronze,17,54.22,0
A0036,1773600028000,171.57,5928.03,337,gold,30,51.98,1
A0036,1773600028000,171.57,5928.03,300,bronze,30,51.98,1
A0042,1773257148000,58.7,3871.74,480,gold,6,49.92,0
A0044,1773699927000,28.07,4668.45,544,bronze,3,43.05,1
A0044,1773699927000,28.07,4668.45,469,silver,3,43.05,1
A0046,1773101366000,13.11,3419.02,702,bronze,12,52.56,1
A0049,1773280471000,25.01,2467.6,496,bronze,14,52.58,0
A0054,1773162549000,8.22,6499.74,779,bronze,35,44.65,0
A0054,1773162549000,8.22,6499.74,709,gold,35,44.65,0
A0059,1772844421000,12.88,5311.85,536,bronze,25,45.9,1
A0059,1772844421000,12.88,5311.85,616,gold,25,45.9,1
A0060,1773429192000,65.92,9434.13,651,silver,6,51.8,1
A0064,1773352088000,19.25,5424.78,520,bronze,24,47.42,1
A0064,1773352088000,19.25,5424.78,576,gold,24,47.42,1
A0067,1773218371000,14.76,7546.56,306,bronze,19,43.64,1
A0069,1773261848000,5.87,4834.91,801,silver,25,46.16,1
A0070,1773605593000,36.32,3568.8,713,bronze,18,47.54,0
A0075,1773324061000,5.54,7495.08,647,bronze,37,55.3,1
A0075,1773324061000,5.54,7495.08,595,bronze,37,55.3,1
A0076,1773623548000,21.01,3969.39,391,gold,2,46.85,0
A0079,1773582000000,30.61,8362.03,650,silver,32,59.99,1
A0079,1773582000000,30.61,8362.03,707,silver,32,59.99,1
A0081,1773357508000,94.93,2471.49,655,gold,18,48.07,1
A0081,1773357508000,94.93,2471.49,649,silver,18,48.07,1
A0083,1773047399000,6.88,8980.68,440,bronze,2,49.99,1
A0083,1773047399000,6.88,8980.68,500,silver,2,49.99,1
A0084,1773392158000,399.85,3735.35,435,silver,8,50.64,1
A0091,1772984489000,86.99,4467.5,499,bronze,15,58.33,0
A0092,1773625211000,33.31,3774.71,302,gold,24,51.37,0
A0000,1772304939000,292.47,727.5,729,gold,13,50.62,0
A0003,1772002067000,22.76,981.82,635,silver,20,52.13,1
A0004,1772086537000,15.38,8916.02,808,gold,31,46.73,0
A0006,1772921288000,162.73,6919.85,306,silver,9,49.23,0
A0006,1772921288000,162.73,6919.85,364,silver,9,49.23,0
A0009,1772362866000,9.12,3382.1,433,bronze,9,51.66,0
A0011,1772882905000,15.11,5942.72,739,gold,18,59.03,0
A0013,1771992198000,16.08,5645.17,318,bronze,28,53.45,0
A0015,1772346000000,276.69,4487.56,695,silver,12,47.9,0
A0015,1772346000000,276.69,4487.56,756,gold,12,47.9,0
A0017,1772437869000,3.69,5770.43,627,bronze,34,45.72,1
A0017,1772437869000,3.69,5770.43,699,gold,34,45.72,1
A0022,1772737441000,59.35,-490.56,845,bronze,24,50.32,1
A0026,1772631959000,10.66,6060.26,740,bronze,0,48.31,1
A0029,1772375918000,16.05,8950.99,686,silver,23,57.34,0
A0030,1772303825000,23.25,6539.91,668,bronze,13,43.34,1
A0030,1772303825000,23.25,6539.91,737,silver,13,43.34,1
A0035,1771998570000,12.13,6804.43,638,bronze,0,50.49,0
A0037,1772145288000,71.97,5784.12,844,silver,19,54.02,0
A0040,1772229558000,15.39,5318.7,314,bronze,22,48.15,1
A0041,1772562988000,3.51,4720.21,696,silver,33,43.14,0
A0043,1772487954000,281.54,5158.22,786,bronze,19,53.74,0
A0045,1772645690000,9.9,5071.37,770,bronze,27,47.56,1
A0045,1772645690000,9.9,5071.37,797,silver,27,47.56,1
A0048,1772721561000,28.71,5183.15,603,bronze,37,63.25,0
A0051,1772372388000,24.53,1357.63,384,gold,24,51.33,0
A0052,1772908341000,63.44,8600.78,723,bronze,28,44.27,1
A0053,1772467823000,24.93,5216.42,439,silver,6,51.44,1
A0055,1772169998000,69.9,4535.95,653,bronze,12,56.1,1
A0056,1772077551000,99.11,5535.8,722,bronze,6,43.62,1
A0057,1772528858000,38.63,5992.2,399,silver,2,46.73,0
A0062,1772815600000,15.23,3983.38,771,silver,18,52.95,0
A0065,1773139790000,46.5,2764.87,608,silver,30,52.95,0
A0065,1773139790000,46.5,2764.87,684,silver,30,52.95,0
A0066,1773329133000,66.17,478.64,393,bronze,22,48.35,1
A0068,1772404011000,58.54,1308.89,444,bronze,6,51.5,1
A0071,1772130290000,70.32,4249.57,735,gold,34,49.17,0
A0077,1772870626000,27.4,4119.82,735,silver,20,53.23,0
A0077,1772870626000,27.4,4119.82,697,silver,20,53.23,0
A0078,1773025240000,17.95,5632.37,553,gold,21,37.88,1
A0080,1772100088000,6.4,6545.4,731,gold,18,55.66,0
A0080,1772100088000,6.4,6545.4,664,gold,18,55.66,0
A0085,1772157868000,29.93,3984.69,745,gold,1,52.28,1
A0086,1772430414000,54.97,7720.12,715,silver,3,49.37,0
A0086,1772430414000,54.97,7720.12,750,bronze,3,49.37,0
A0087,1773025914000,65.95,5758.32,420,bronze,31,61.15,1
A0088,1772237126000,26.98,5461.0,619,bronze,24,45.96,0
A0090,1772150045000,3.03,5936.31,472,bronze,34,46.76,1
A0090,1772150045000,3.03,5936.31,440,silver,34,46.76,1
A0093,1772777344000,7.54,3063.7,803,silver,3,49.62,1
A0094,1773201675000,28.06,4959.47,648,silver,17,41.06,0
A0094,1773201675000,28.06,4959.47,667,silver,17,41.06,0
A0098,1772183464000,15.35,3398.31,572,gold,33,53.87,1
A0098,1772183464000,15.35,3398.31,632,bronze,33,53.87,1
A0099,1772231801000,172.41,7978.29,679,gold,28,47.72,0
A0001,1773482046000,41.95,8031.18,301,bronze,34,48.71,0
A0001,1773482046000,41.95,8031.18,322,bronze,34,48.71,0
A0002,1773533318000,15.01,2553.92,314,silver,19,49.18,1
A0002,1773533318000,15.01,2553.92,394,gold,19,49.18,1
A0005,1773584013000,145.92,4889.91,622,bronze,27,41.47,0
A0014,1772951255000,96.46,2064.06,646,silver,15,46.81,1
A0016,1773530553000,42.28,2355.59,667,gold,13,46.66,1
A0019,1773057698000,15.64,7267.41,678,gold,9,51.31,0
A0020,1773239267000,45.11,3814.68,761,bronze,24,44.44,0
A0021,1773421617000,10.81,3467.06,405,gold,9,49.01,0
A0021,1773421617000,10.81,3467.06,368,silver,9,49.01,0
A0023,1773639389000,30.03,3704.16,788,silver,13,57.62,0
A0024,1773051955000,28.9,6028.76,697,silver,6,46.12,1
A0028,1773418467000,32.43,3664.37,683,gold,17,54.22,0
A0028,1773418467000,32.43,3664.37,621,bronze,17,54.22,0
A0036,1773600028000,3.51,5334.17,337,gold,30,51.98,1
A0036,1773600028000,3.51,5334.17,300,bronze,30,51.98,1
A0039,1773212738000,13.22,5490.55,367,silver,24,64.76,1
A0042,1773257148000,69.83,3387.47,480,gold,6,49.92,0
A0044,1773699927000,86.18,4780.61,544,bronze,3,43.05,1
A0044,1773699927000,86.18,4780.61,469,silver,3,43.05,1
A0046,1773101366000,20.35,3429.05,702,bronze,12,52.56,1
A0047,1773198803000,40.32,7420.09,453,gold,23,49.22,0
A0047,1773198803000,40.32,7420.09,526,bronze,23,49.22,0
A0049,1773280471000,82.67,2323.96,496,bronze,14,52.58,0
A0054,1773162549000,20.31,6276.33,779,bronze,35,44.65,0
A0054,1773162549000,20.31,6276.33,709,gold,35,44.65,0
A0060,1773429192000,96.13,9614.79,651,silver,6,51.8,1
A0064,1773352088000,18.36,5563.65,520,bronze,24,47.42,1
A0064,1773352088000,18.36,5563.65,576,gold,24,47.42,1
A0070,1773605593000,25.42,2987.05,713,bronze,18,47.54,0
A0075,1773324061000,90.26,7794.25,647,bronze,37,55.3,1
A0075,1773324061000,90.26,7794.25,595,bronze,37,55.3,1
A0076,1773623548000,30.93,3856.31,391,gold,2,46.85,0
A0079,1773582000000,15.67,8744.9,650,silver,32,59.99,1
A0079,1773582000000,15.67,8744.9,707,silver,32,59.99,1
A0081,1773357508000,97.78,2024.67,655,gold,18,48.07,1
A0081,1773357508000,97.78,2024.67,649,silver,18,48.07,1
A0083,1773047399000,28.36,9070.94,440,bronze,2,49.99,1
A0083,1773047399000,28.36,9070.94,500,silver,2,49.99,1
A0084,1773392158000,7.05,4192.66,435,silver,8,50.64,1
A0091,1772984489000,119.44,4052.27,499,bronze,15,58.33,0
A0092,1773625211000,32.27,4110.16,302,gold,24,51.37,0
A0003,1772002067000,14.38,807.42,635,silver,20,52.13,1
A0004,1772086537000,89.33,8941.12,808,gold,31,46.73,0
A0006,1772921288000,31.43,6547.24,306,silver,9,49.23,0
A0006,1772921288000,31.43,6547.24,364,silver,9,49.23,0
A0007,1772402687000,286.54,6572.13,789,gold,3,51.23,1
A0009,1772362866000,30.46,3089.86,433,bronze,9,51.66,0
A0011,1772882905000,7.49,5710.99,739,gold,18,59.03,0
A0012,1773351720000,17.5,7275.84,530,bronze,21,44.41,1
A0012,1773351720000,17.5,7275.84,574,bronze,21,44.41,1
A0015,1772346000000,2.76,4817.52,695,silver,12,47.9,0
A0015,1772346000000,2.76,4817.52,756,gold,12,47.9,0
A0022,1772737441000,183.38,-1416.34,845,bronze,24,50.32,1
A0025,1772133384000,35.21,6350.49,375,gold,35,49.22,0
A0027,1772767070000,36.9,3845.79,375,silver,4,39.93,0
A0029,1772375918000,104.48,8620.83,686,silver,23,57.34,0
A0030,1772303825000,8.75,7663.1,668,bronze,13,43.34,1
A0030,1772303825000,8.75,7663.1,737,silver,13,43.34,1
A0032,1772725237000,35.46,1542.35,776,silver,11,48.54,0
A0033,1772108079000,782.28,3051.28,406,gold,15,53.99,0
A0034,1772107506000,260.99,6407.16,525,silver,18,57.97,0
A0035,1771998570000,12.25,7288.22,638,bronze,0,50.49,0
A0038,1772100788000,42.19,1950.21,597,gold,26,57.49,0
A0038,1772100788000,42.19,1950.21,582,bronze,26,57.49,0
A0041,1772562988000,45.79,5341.17,696,silver,33,43.14,0
A0043,1772487954000,144.59,5129.89,786,bronze,19,53.74,0
A0048,1772721561000,33.69,5150.74,603,bronze,37,63.25,0
A0050,1773171825000,37.19,4665.72,346,gold,20,49.87,1
A0051,1772372388000,60.89,2161.43,384,gold,24,51.33,0
A0052,1772908341000,43.49,8569.45,723,bronze,28,44.27,1
A0057,1772528858000,10.85,6456.28,399,silver,2,46.73,0
A0061,1772941057000,59.51,5235.7,307,silver,15,42.84,1
A0061,1772941057000,59.51,5235.7,300,bronze,15,42.84,1
A0063,1772909258000,84.47,3960.62,656,gold,11,46.04,1
A0065,1773139790000,94.26,2685.47,608,silver,30,52.95,0
A0065,1773139790000,94.26,2685.47,684,silver,30,52.95,0
A0066,1773329133000,56.31,1197.03,393,bronze,22,48.35,1
A0068,1772404011000,81.75,891.68,444,bronze,6,51.5,1
A0071,1772130290000,69.85,4980.76,735,gold,34,49.17,0
A0074,1772311248000,75.84,6118.03,768,bronze,12,56.59,0
A0080,1772100088000,167.79,5828.71,731,gold,18,55.66,0
A0080,1772100088000,167.79,5828.71,664,gold,18,55.66,0
A0085,1772157868000,110.93,3770.08,745,gold,1,52.28,1
A0086,1772430414000,17.59,8180.76,715,silver,3,49.37,0
A0086,1772430414000,17.59,8180.76,750,bronze,3,49.37,0
A0089,1772729547000,41.31,-1454.94,403,gold,3,44.06,0
A0090,1772150045000,36.58,5820.48,472,bronze,34,46.76,1
A0090,1772150045000,36.58,5820.48,440,silver,34,46.76,1
A0093,1772777344000,62.59,3406.98,803,silver,3,49.62,1
A0094,1773201675000,9.31,4820.44,648,silver,17,41.06,0
A0094,1773201675000,9.31,4820.44,667,silver,17,41.06,0
A0095,1772605386000,88.01,7741.74,337,gold,38,53.18,1
A0097,1772401000000,74.31,4783.51,700,gold,32,52.76,0
A0001,1773482046000,12.62,7794.85,301,bronze,34,48.71,0
A0001,1773482046000,12.62,7794.85,322,bronze,34,48.71,0
A0002,1773533318000,42.3,3487.04,314,silver,19,49.18,1
A0002,1773533318000,42.3,3487.04,394,gold,19,49.18,1
A0005,1773584013000,61.58,5060.23,622,bronze,27,41.47,0
A0010,1772742518000,48.6,2967.89,662,gold,35,48.21,0
A0010,1772742518000,48.6,2967.89,648,silver,35,48.21,0
A0014,1772951255000,9.16,2337.81,646,silver,15,46.81,1
A0016,1773530553000,26.94,2753.49,667,gold,13,46.66,1
A0018,1772833808000,41.11,1184.73,536,silver,3,64.31,0
A0018,1772833808000,41.11,1184.73,496,silver,3,64.31,0
A0019,1773057698000,28.51,7117.28,678,gold,9,51.31,0
A0020,1773239267000,31.05,4087.2,761,bronze,24,44.44,0
A0021,1773421617000,70.01,3803.53,405,gold,9,49.01,0
A0021,1773421617000,70.01,3803.53,368,silver,9,49.01,0
A0023,1773639389000,24.9,3769.84,788,silver,13,57.62,0
A0024,1773051955000,86.12,6610.58,697,silver,6,46.12,1
A0028,1773418467000,148.46,3266.81,683,gold,17,54.22,0
A0028,1773418467000,148.46,3266.81,621,bronze,17,54.22,0
A0036,1773600028000,37.49,5486.17,337,gold,30,51.98,1
A0036,1773600028000,37.49,5486.17,300,bronze,30,51.98,1
A0039,1773212738000,7.8,4764.83,367,silver,24,64.76,1
A0042,1773257148000,179.67,3283.35,480,gold,6,49.92,0
A0044,1773699927000,166.02,4186.16,544,bronze,3,43.05,1
A0044,1773699927000,166.02,4186.16,469,silver,3,43.05,1
A0046,1773101366000,18.2,3500.03,702,bronze,12,52.56,1
A0047,1773198803000,17.88,7784.73,453,gold,23,49.22,0
A0047,1773198803000,17.88,7784.73,526,bronze,23,49.22,0
A0049,1773280471000,49.9,2116.52,496,bronze,14,52.58,0
A0054,1773162549000,5.54,6689.75,779,bronze,35,44.65,0
A0054,1773162549000,5.54,6689.75,709,gold,35,44.65,0
A0059,1772844421000,53.48,5866.86,536,bronze,25,45.9,1
A0059,1772844421000,53.48,5866.86,616,gold,25,45.9,1
A0060,1773429192000,10.36,9539.55,651,silver,6,51.8,1
A0064,1773352088000,126.93,5696.34,520,bronze,24,47.42,1
A0064,1773352088000,126.93,5696.34,576,gold,24,47.42,1
A0067,1773218371000,47.14,7065.66,306,bronze,19,43.64,1
A0069,1773261848000,11.79,4737.79,801,silver,25,46.16,1
A0070,1773605593000,36.72,3275.93,713,bronze,18,47.54,0
A0075,1773324061000,116.72,8322.84,647,bronze,37,55.3,1
A0075,1773324061000,116.72,8322.84,595,bronze,37,55.3,1
A0076,1773623548000,19.7,3638.25,391,gold,2,46.85,0
A0079,1773582000000,23.84,8127.09,650,silver,32,59.99,1
A0079,1773582000000,23.84,8127.09,707,silver,32,59.99,1
A0081,1773357508000,140.46,1927.73,655,gold,18,48.07,1
A0081,1773357508000,140.46,1927.73,649,silver,18,48.07,1
A0082,1773230547000,8.51,2337.48,758,bronze,19,56.69,0
A0082,1773230547000,8.51,2337.48,790,silver,19,56.69,0
A0083,1773047399000,6.59,8326.49,440,bronze,2,49.99,1
A0083,1773047399000,6.59,8326.49,500,silver,2,49.99,1
A0084,1773392158000,50.36,4053.73,435,silver,8,50.64,1
A0091,1772984489000,199.03,4407.89,499,bronze,15,58.33,0
A0092,1773625211000,71.39,3847.13,302,gold,24,51.37,0
A0000,1772304939000,21.14,1426.14,729,gold,13,50.62,0
A0003,1772002067000,29.15,629.78,635,silver,20,52.13,1
A0004,1772086537000,17.11,9009.85,808,gold,31,46.73,0
A0006,1772921288000,22.48,6135.51,306,silver,9,49.23,0
A0006,1772921288000,22.48,6135.51,364,silver,9,49.23,0
A0007,1772402687000,19.64,6210.39,789,gold,3,51.23,1
A0008,1772533491000,105.63,6173.01,320,gold,11,49.8,0
A0009,1772362866000,11.53,3189.32,433,bronze,9,51.66,0
A0011,1772882905000,54.0,6029.16,739,gold,18,59.03,0
A0012,1773351720000,56.36,6804.3,530,bronze,21,44.41,1
A0012,1773351720000,56.36,6804.3,574,bronze,21,44.41,1
A0013,1771992198000,127.38,6151.29,318,bronze,28,53.45,0
A0015,1772346000000,37.35,4536.24,695,silver,12,47.9,0
A0015,1772346000000,37.35,4536.24,756,gold,12,47.9,0
A0017,1772437869000,33.63,5444.14,627,bronze,34,45.72,1
A0017,1772437869000,33.63,5444.14,699,gold,34,45.72,1
A0022,1772737441000,27.82,-1566.46,845,bronze,24,50.32,1
A0025,1772133384000,37.75,6613.05,375,gold,35,49.22,0
A0026,1772631959000,19.5,6072.97,740,bronze,0,48.31,1
A0027,1772767070000,9.83,3829.27,375,silver,4,39.93,0
A0029,1772375918000,56.04,9097.97,686,silver,23,57.34,0
A0031,1772438414000,136.38,3218.23,848,bronze,14,46.19,1
A0032,1772725237000,9.86,1888.75,776,silver,11,48.54,0
A0033,1772108079000,554.38,3130.98,406,gold,15,53.99,0
A0034,1772107506000,7.84,6623.58,525,silver,18,57.97,0
A0037,1772145288000,43.79,5747.42,844,silver,19,54.02,0
A0038,1772100788000,44.27,2221.33,597,gold,26,57.49,0
A0038,1772100788000,44.27,2221.33,582,bronze,26,57.49,0
A0043,1772487954000,44.89,4877.09,786,bronze,19,53.74,0
A0045,1772645690000,58.26,4961.66,770,bronze,27,47.56,1
A0045,1772645690000,58.26,4961.66,797,silver,27,47.56,1
A0048,1772721561000,54.77,5113.16,603,bronze,37,63.25,0
A0050,1773171825000,5.47,3434.39,346,gold,20,49.87,1
A0051,1772372388000,13.44,2306.4,384,gold,24,51.33,0
A0052,1772908341000,11.8,8492.78,723,bronze,28,44.27,1
A0055,1772169998000,52.56,5426.73,653,bronze,12,56.1,1
A0056,1772077551000,13.75,6074.14,722,bronze,6,43.62,1
A0057,1772528858000,14.66,6155.79,399,silver,2,46.73,0
A0058,1772062059000,103.66,4772.42,516,gold,39,55.23,0
A0061,1772941057000,107.39,4432.51,307,silver,15,42.84,1
A0061,1772941057000,107.39,4432.51,300,bronze,15,42.84,1
A0062,1772815600000,523.48,4039.74,771,silver,18,52.95,0
A0063,1772909258000,525.54,5114.08,656,gold,11,46.04,1
A0065,1773139790000,51.45,2665.4,608,silver,30,52.95,0
A0065,1773139790000,51.45,2665.4,684,silver,30,52.95,0
A0066,1773329133000,139.38,860.11,393,bronze,22,48.35,1
A0068,1772404011000,33.43,773.53,444,bronze,6,51.5,1
A0071,1772130290000,88.86,5566.98,735,gold,34,49.17,0
A0072,1772520709000,369.07,5482.12,564,bronze,24,48.05,1
A0072,1772520709000,369.07,5482.12,580,bronze,24,48.05,1
A0073,1772776784000,119.18,8082.95,710,bronze,30,48.08,0
A0073,1772776784000,119.18,8082.95,651,silver,30,48.08,0
A0074,1772311248000,9.39,6112.33,768,bronze,12,56.59,0
A0077,1772870626000,22.68,4037.95,735,silver,20,53.23,0
A0077,1772870626000,22.68,4037.95,697,silver,20,53.23,0
A0078,1773025240000,56.56,5931.94,553,gold,21,37.88,1
A0085,1772157868000,55.9,3684.05,745,gold,1,52.28,1
A0086,1772430414000,38.69,8077.1,715,silver,3,49.37,0
A0086,1772430414000,38.69,8077.1,750,bronze,3,49.37,0
A0087,1773025914000,20.8,5850.06,420,bronze,31,61.15,1
A0088,1772237126000,4.86,5841.08,619,bronze,24,45.96,0
A0089,1772729547000,31.29,-878.52,403,gold,3,44.06,0
A0090,1772150045000,18.71,6200.16,472,bronze,34,46.76,1
A0090,1772150045000,18.71,6200.16,440,silver,34,46.76,1
A0093,1772777344000,43.53,2979.01,803,silver,3,49.62,1
A0094,1773201675000,2.3,5616.9,648,silver,17,41.06,0
A0094,1773201675000,2.3,5616.9,667,silver,17,41.06,0
A0095,1772605386000,30.91,7600.25,337,gold,38,53.18,1
A0096,1772228370000,76.53,3024.79,704,silver,17,49.53,1
A0097,1772401000000,74.31,4783.51,700,gold,32,52.76,0
A0099,1772231801000,65.17,8271.75,679,gold,28,47.72,0
A0001,1773482046000,5.6,7103.64,301,bronze,34,48.71,0
A0001,1773482046000,5.6,7103.64,322,bronze,34,48.71,0
A0002,1773533318000,25.77,3760.77,314,silver,19,49.18,1
A0002,1773533318000,25.77,3760.77,394,gold,19,49.18,1
A0005,1773584013000,33.42,4787.26,622,bronze,27,41.47,0
A0010,1772742518000,23.39,2538.51,662,gold,35,48.21,0
A0010,1772742518000,23.39,2538.51,648,silver,35,48.21,0
A0014,1772951255000,23.67,2148.67,646,silver,15,46.81,1
A0016,1773530553000,47.81,3370.43,667,gold,13,46.66,1
A0018,1772833808000,87.75,1104.54,536,silver,3,64.31,0
A0018,1772833808000,87.75,1104.54,496,silver,3,64.31,0
A0019,1773057698000,28.51,7117.28,678,gold,9,51.31,0
A0020,1773239267000,18.6,4505.97,761,bronze,24,44.44,0
A0021,1773421617000,25.32,3978.28,405,gold,9,49.01,0
A0021,1773421617000,25.32,3978.28,368,silver,9,49.01,0
A0023,1773639389000,71.45,3816.88,788,silver,13,57.62,0
A0024,1773051955000,118.92,6005.52,697,silver,6,46.12,1
A0028,1773418467000,13.2,3983.59,683,gold,17,54.22,0
A0028,1773418467000,13.2,3983.59,621,bronze,17,54.22,0
A0036,1773600028000,18.9,5804.3,337,gold,30,51.98,1
A0036,1773600028000,18.9,5804.3,300,bronze,30,51.98,1
A0039,1773212738000,3.66,5168.53,367,silver,24,64.76,1
A0042,1773257148000,385.67,3209.03,480,gold,6,49.92,0
A0044,1773699927000,240.51,4736.34,544,bronze,3,43.05,1
A0044,1773699927000,240.51,4736.34,469,silver,3,43.05,1
A0046,1773101366000,89.69,4191.3,702,bronze,12,52.56,1
A0047,1773198803000,9.52,7636.04,453,gold,23,49.22,0
A0047,1773198803000,9.52,7636.04,526,bronze,23,49.22,0
A0049,1773280471000,73.01,2665.03,496,bronze,14,52.58,0
A0054,1773162549000,21.52,6751.88,779,bronze,35,44.65,0
A0054,1773162549000,21.52,6751.88,709,gold,35,44.65,0
A0059,1772844421000,60.19,4984.32,536,bronze,25,45.9,1
A0059,1772844421000,60.19,4984.32,616,gold,25,45.9,1
A0060,1773429192000,10.36,9539.55,651,silver,6,51.8,1
A0064,1773352088000,32.04,5561.59,520,bronze,24,47.42,1
A0064,1773352088000,32.04,5561.59,576,gold,24,47.42,1
A0067,1773218371000,49.55,7213.72,306,bronze,19,43.64,1
A0069,1773261848000,14.3,4295.94,801,silver,25,46.16,1
A0070,1773605593000,32.14,3113.42,713,bronze,18,47.54,0
A0075,1773324061000,12.37,9346.62,647,bronze,37,55.3,1
A0075,1773324061000,12.37,9346.62,595,bronze,37,55.3,1
A0076,1773623548000,15.93,4371.36,391,gold,2,46.85,0
A0079,1773582000000,51.08,8486.83,650,silver,32,59.99,1
A0079,1773582000000,51.08,8486.83,707,silver,32,59.99,1
A0081,1773357508000,114.66,2054.56,655,gold,18,48.07,1
A0081,1773357508000,114.66,2054.56,649,silver,18,48.07,1
A0082,1773230547000,49.71,2433.79,758,bronze,19,56.69,0
A0082,1773230547000,49.71,2433.79,790,silver,19,56.69,0
A0083,1773047399000,5.27,8666.27,440,bronze,2,49.99,1
A0083,1773047399000,5.27,8666.27,500,silver,2,49.99,1
A0084,1773392158000,32.34,3658.22,435,silver,8,50.64,1
A0091,1772984489000,12.83,4739.43,499,bronze,15,58.33,0
A0092,1773625211000,166.95,3764.41,302,gold,24,51.37,0
A0000,1772304939000,23.02,1566.83,729,gold,13,50.62,0
A0003,1772002067000,12.12,574.93,635,silver,20,52.13,1
A0004,1772086537000,55.06,8714.93,808,gold,31,46.73,0
A0006,1772921288000,39.31,6124.41,306,silver,9,49.23,0
A0006,1772921288000,39.31,6124.41,364,silver,9,49.23,0
A0007,1772402687000,128.73,5926.03,789,gold,3,51.23,1
A0008,1772533491000,112.34,6492.41,320,gold,11,49.8,0
A0009,1772362866000,11.53,3189.32,433,bronze,9,51.66,0
A0011,1772882905000,43.07,5994.25,739,gold,18,59.03,0
A0012,1773351720000,56.36,6804.3,530,bronze,21,44.41,1
A0012,1773351720000,56.36,6804.3,574,bronze,21,44.41,1
A0013,1771992198000,9.42,5769.58,318,bronze,28,53.45,0
A0015,1772346000000,27.13,3897.44,695,silver,12,47.9,0
A0015,1772346000000,27.13,3897.44,756,gold,12,47.9,0
A0017,1772437869000,27.1,6038.08,627,bronze,34,45.72,1
A0017,1772437869000,27.1,6038.08,699,gold,34,45.72,1
A0022,1772737441000,3.34,-746.63,845,bronze,24,50.32,1
A0025,1772133384000,13.42,5888.17,375,gold,35,49.22,0
A0026,1772631959000,21.5,5567.62,740,bronze,0,48.31,1
A0027,1772767070000,6.14,3630.57,375,silver,4,39.93,0
A0029,1772375918000,38.22,8795.73,686,silver,23,57.34,0
A0030,1772303825000,15.61,7719.2,668,bronze,13,43.34,1
A0030,1772303825000,15.61,7719.2,737,silver,13,43.34,1
A0031,1772438414000,63.89,3880.55,848,bronze,14,46.19,1
A0032,1772725237000,18.83,1735.11,776,silver,11,48.54,0
A0033,1772108079000,10.74,3439.45,406,gold,15,53.99,0
A0034,1772107506000,34.65,6322.19,525,silver,18,57.97,0
A0035,1771998570000,91.43,8046.8,638,bronze,0,50.49,0
A0037,1772145288000,17.46,6283.08,844,silver,19,54.02,0
A0038,1772100788000,10.65,2413.46,597,gold,26,57.49,0
A0038,1772100788000,10.65,2413.46,582,bronze,26,57.49,0
A0040,1772229558000,29.26,5666.07,314,bronze,22,48.15,1
A0043,1772487954000,21.04,4922.17,786,bronze,19,53.74,0
A0045,1772645690000,147.98,5292.7,770,bronze,27,47.56,1
A0045,1772645690000,147.98,5292.7,797,silver,27,47.56,1
A0048,1772721561000,59.53,4980.91,603,bronze,37,63.25,0
A0050,1773171825000,25.02,3590.22,346,gold,20,49.87,1
A0052,1772908341000,18.72,8941.81,723,bronze,28,44.27,1
A0053,1772467823000,35.16,5813.07,439,silver,6,51.44,1
A0055,1772169998000,3.48,5039.64,653,bronze,12,56.1,1
A0056,1772077551000,118.89,5765.19,722,bronze,6,43.62,1
A0057,1772528858000,12.26,5733.29,399,silver,2,46.73,0
A0058,1772062059000,50.32,5399.09,516,gold,39,55.23,0
A0061,1772941057000,26.52,4168.86,307,silver,15,42.84,1
A0061,1772941057000,26.52,4168.86,300,bronze,15,42.84,1
A0062,1772815600000,3.68,4157.73,771,silver,18,52.95,0
A0063,1772909258000,30.77,4504.3,656,gold,11,46.04,1
A0065,1773139790000,43.07,1942.07,608,silver,30,52.95,0
A0065,1773139790000,43.07,1942.07,684,silver,30,52.95,0
A0066,1773329133000,191.44,500.53,393,bronze,22,48.35,1
A0068,1772404011000,8.53,1468.28,444,bronze,6,51.5,1
A0071,1772130290000,156.24,4878.12,735,gold,34,49.17,0
A0072,1772520709000,37.81,5472.14,564,bronze,24,48.05,1
A0072,1772520709000,37.81,5472.14,580,bronze,24,48.05,1
A0073,1772776784000,59.49,7900.1,710,bronze,30,48.08,0
A0073,1772776784000,59.49,7900.1,651,silver,30,48.08,0
A0074,1772311248000,74.35,6578.24,768,bronze,12,56.59,0
A0077,1772870626000,9.95,3809.23,735,silver,20,53.23,0
A0077,1772870626000,9.95,3809.23,697,silver,20,53.23,0
A0078,1773025240000,55.05,6631.89,553,gold,21,37.88,1
A0080,1772100088000,147.04,6838.08,731,gold,18,55.66,0
A0080,1772100088000,147.04,6838.08,664,gold,18,55.66,0
A0085,1772157868000,8.54,4027.8,745,gold,1,52.28,1
A0086,1772430414000,43.01,8485.31,715,silver,3,49.37,0
A0086,1772430414000,43.01,8485.31,750,bronze,3,49.37,0
A0087,1773025914000,51.76,6593.71,420,bronze,31,61.15,1
A0088,1772237126000,56.82,5459.99,619,bronze,24,45.96,0
A0089,1772729547000,25.75,-521.8,403,gold,3,44.06,0
A0093,1772777344000,6.59,2353.56,803,silver,3,49.62,1
A0094,1773201675000,165.99,4233.62,648,silver,17,41.06,0
A0094,1773201675000,165.99,4233.62,667,silver,17,41.06,0
A0095,1772605386000,94.19,7765.51,337,gold,38,53.18,1
A0096,1772228370000,23.24,3081.3,704,silver,17,49.53,1
A0097,1772401000000,27.42,4544.99,700,gold,32,52.76,0
A0098,1772183464000,325.99,4128.38,572,gold,33,53.87,1
A0098,1772183464000,325.99,4128.38,632,bronze,33,53.87,1
A0099,1772231801000,20.73,8373.73,679,gold,28,47.72,0
A0001,1773482046000,7.64,7170.01,301,bronze,34,48.71,0
A0001,1773482046000,7.64,7170.01,322,bronze,34,48.71,0
A0002,1773533318000,26.61,4228.62,314,silver,19,49.18,1
A0002,1773533318000,26.61,4228.62,394,gold,19,49.18,1
A0005,1773584013000,25.63,4562.85,622,bronze,27,41.47,0
A0010,1772742518000,4.36,2594.53,662,gold,35,48.21,0
A0010,1772742518000,4.36,2594.53,648,silver,35,48.21,0
A0016,1773530553000,28.67,4364.28,667,gold,13,46.66,1
A0018,1772833808000,110.86,742.66,536,silver,3,64.31,0
A0018,1772833808000,110.86,742.66,496,silver,3,64.31,0
A0019,1773057698000,8.22,6456.8,678,gold,9,51.31,0
A0020,1773239267000,139.74,4612.71,761,bronze,24,44.44,0
A0021,1773421617000,17.14,3814.65,405,gold,9,49.01,0
A0021,1773421617000,17.14,3814.65,368,silver,9,49.01,0
A0023,1773639389000,128.64,4163.35,788,silver,13,57.62,0
A0024,1773051955000,424.29,6064.07,697,silver,6,46.12,1
A0028,1773418467000,21.69,4086.2,683,gold,17,54.22,0
A0028,1773418467000,21.69,4086.2,621,bronze,17,54.22,0
A0036,1773600028000,19.68,6064.38,337,gold,30,51.98,1
A0036,1773600028000,19.68,6064.38,300,bronze,30,51.98,1
A0039,1773212738000,52.82,4600.71,367,silver,24,64.76,1
A0042,1773257148000,19.13,3794.52,480,gold,6,49.92,0
A0044,1773699927000,68.64,5327.42,544,bronze,3,43.05,1
A0044,1773699927000,68.64,5327.42,469,silver,3,43.05,1
A0046,1773101366000,81.41,4673.06,702,bronze,12,52.56,1
A0047,1773198803000,27.69,7834.56,453,gold,23,49.22,0
A0047,1773198803000,27.69,7834.56,526,bronze,23,49.22,0
A0054,1773162549000,6.79,6781.91,779,bronze,35,44.65,0
A0054,1773162549000,6.79,6781.91,709,gold,35,44.65,0
A0059,1772844421000,50.2,4253.14,536,bronze,25,45.9,1
A0059,1772844421000,50.2,4253.14,616,gold,25,45.9,1
A0060,1773429192000,42.75,9592.93,651,silver,6,51.8,1
A0064,1773352088000,27.64,5538.96,520,bronze,24,47.42,1
A0064,1773352088000,27.64,5538.96,576,gold,24,47.42,1
A0067,1773218371000,12.63,7981.15,306,bronze,19,43.64,1
A0069,1773261848000,16.72,4648.62,801,silver,25,46.16,1
A0070,1773605593000,13.25,3492.96,713,bronze,18,47.54,0
A0075,1773324061000,96.13,9456.4,647,bronze,37,55.3,1
A0075,1773324061000,96.13,9456.4,595,bronze,37,55.3,1
A0076,1773623548000,113.24,4353.83,391,gold,2,46.85,0
A0079,1773582000000,105.81,7734.35,650,silver,32,59.99,1
A0079,1773582000000,105.81,7734.35,707,silver,32,59.99,1
A0081,1773357508000,17.93,1827.56,655,gold,18,48.07,1
A0081,1773357508000,17.93,1827.56,649,silver,18,48.07,1
A0082,1773230547000,35.87,2583.33,758,bronze,19,56.69,0
A0082,1773230547000,35.87,2583.33,790,silver,19,56.69,0
A0083,1773047399000,83.8,8689.86,440,bronze,2,49.99,1
A0083,1773047399000,83.8,8689.86,500,silver,2,49.99,1
A0091,1772984489000,6.18,4532.13,499,bronze,15,58.33,0
A0092,1773625211000,63.68,3712.53,302,gold,24,51.37,0
A0000,1772304939000,13.64,1040.31,729,gold,13,50.62,0
A0003,1772002067000,22.96,596.85,635,silver,20,52.13,1
A0006,1772921288000,33.6,5589.22,306,silver,9,49.23,0
A0006,1772921288000,33.6,5589.22,364,silver,9,49.23,0
A0007,1772402687000,75.24,5896.76,789,gold,3,51.23,1
A0008,1772533491000,74.78,6079.19,320,gold,11,49.8,0
A0009,1772362866000,22.22,3612.1,433,bronze,9,51.66,0
A0012,1773351720000,24.41,6699.42,530,bronze,21,44.41,1
A0012,1773351720000,24.41,6699.42,574,bronze,21,44.41,1
A0013,1771992198000,22.96,5313.04,318,bronze,28,53.45,0
A0015,1772346000000,71.37,4417.59,695,silver,12,47.9,0
A0015,1772346000000,71.37,4417.59,756,gold,12,47.9,0
A0017,1772437869000,54.94,6146.77,627,bronze,34,45.72,1
A0017,1772437869000,54.94,6146.77,699,gold,34,45.72,1
A0022,1772737441000,61.98,89.86,845,bronze,24,50.32,1
A0025,1772133384000,219.09,5867.78,375,gold,35,49.22,0
A0026,1772631959000,37.39,5591.1,740,bronze,0,48.31,1
A0027,1772767070000,654.26,3637.41,375,silver,4,39.93,0
A0029,1772375918000,23.52,8785.89,686,silver,23,57.34,0
A0030,1772303825000,29.34,7910.02,668,bronze,13,43.34,1
A0030,1772303825000,29.34,7910.02,737,silver,13,43.34,1
A0031,1772438414000,35.88,3383.5,848,bronze,14,46.19,1
A0032,1772725237000,159.05,1924.56,776,silver,11,48.54,0
A0033,1772108079000,6.3,2937.43,406,gold,15,53.99,0
A0034,1772107506000,70.27,6185.73,525,silver,18,57.97,0
A0035,1771998570000,17.82,7422.94,638,bronze,0,50.49,0
A0037,1772145288000,79.19,5528.36,844,silver,19,54.02,0
A0038,1772100788000,89.67,2663.08,597,gold,26,57.49,0
A0038,1772100788000,89.67,2663.08,582,bronze,26,57.49,0
A0040,1772229558000,52.16,5300.83,314,bronze,22,48.15,1
A0041,1772562988000,51.79,4984.86,696,silver,33,43.14,0
A0045,1772645690000,32.2,5321.02,770,bronze,27,47.56,1
A0045,1772645690000,32.2,5321.02,797,silver,27,47.56,1
A0048,1772721561000,46.81,4783.86,603,bronze,37,63.25,0
A0050,1773171825000,134.7,2658.58,346,gold,20,49.87,1
A0052,1772908341000,153.53,8939.79,723,bronze,28,44.27,1
A0053,1772467823000,27.52,5688.61,439,silver,6,51.44,1
A0055,1772169998000,67.62,4561.39,653,bronze,12,56.1,1
A0056,1772077551000,8.69,5999.72,722,bronze,6,43.62,1
A0057,1772528858000,3.86,5827.16,399,silver,2,46.73,0
A0058,1772062059000,160.58,5820.23,516,gold,39,55.23,0
A0061,1772941057000,42.28,4555.41,307,silver,15,42.84,1
A0061,1772941057000,42.28,4555.41,300,bronze,15,42.84,1
A0062,1772815600000,29.07,4084.32,771,silver,18,52.95,0
A0063,1772909258000,22.24,4701.47,656,gold,11,46.04,1
A0065,1773139790000,35.36,1889.8,608,silver,30,52.95,0
A0065,1773139790000,35.36,1889.8,684,silver,30,52.95,0
A0066,1773329133000,25.07,1414.01,393,bronze,22,48.35,1
A0068,1772404011000,8.53,1468.28,444,bronze,6,51.5,1
A0072,1772520709000,49.91,4922.21,564,bronze,24,48.05,1
A0072,1772520709000,49.91,4922.21,580,bronze,24,48.05,1
A0073,1772776784000,16.48,7406.57,710,bronze,30,48.08,0
A0073,1772776784000,16.48,7406.57,651,silver,30,48.08,0
A0074,1772311248000,8.76,5818.33,768,bronze,12,56.59,0
A0077,1772870626000,28.26,3927.58,735,silver,20,53.23,0
A0077,1772870626000,28.26,3927.58,697,silver,20,53.23,0
A0078,1773025240000,80.32,6214.42,553,gold,21,37.88,1
A0080,1772100088000,20.04,5736.56,731,gold,18,55.66,0
A0080,1772100088000,20.04,5736.56,664,gold,18,55.66,0
A0086,1772430414000,28.15,8308.47,715,silver,3,49.37,0
A0086,1772430414000,28.15,8308.47,750,bronze,3,49.37,0
A0087,1773025914000,44.33,6657.02,420,bronze,31,61.15,1
A0088,1772237126000,18.58,5111.19,619,bronze,24,45.96,0
A0089,1772729547000,116.0,-765.45,403,gold,3,44.06,0
A0090,1772150045000,10.22,6082.85,472,bronze,34,46.76,1
A0090,1772150045000,10.22,6082.85,440,silver,34,46.76,1
A0093,1772777344000,102.16,2126.34,803,silver,3,49.62,1
A0094,1773201675000,21.29,4721.47,648,silver,17,41.06,0
A0094,1773201675000,21.29,4721.47,667,silver,17,41.06,0
A0095,1772605386000,40.74,7309.66,337,gold,38,53.18,1
A0096,1772228370000,21.01,3094.05,704,silver,17,49.53,1
A0097,1772401000000,5.45,5250.96,700,gold,32,52.76,0
A0098,1772183464000,15.02,3889.41,572,gold,33,53.87,1
A0098,1772183464000,15.02,3889.41,632,bronze,33,53.87,1
A0099,1772231801000,18.84,8897.73,679,gold,28,47.72,0
A0001,1773482046000,25.28,7193.97,301,bronze,34,48.71,0
A0001,1773482046000,25.28,7193.97,322,bronze,34,48.71,0
A0002,1773533318000,96.22,4174.94,314,silver,19,49.18,1
A0002,1773533318000,96.22,4174.94,394,gold,19,49.18,1
A0016,1773530553000,28.67,4364.28,667,gold,13,46.66,1
A0018,1772833808000,110.86,742.66,536,silver,3,64.31,0
A0018,1772833808000,110.86,742.66,496,silver,3,64.31,0
A0019,1773057698000,61.36,6377.91,678,gold,9,51.31,0
A0020,1773239267000,118.38,4245.46,761,bronze,24,44.44,0
A0023,1773639389000,35.62,3805.55,788,silver,13,57.62,0
A0028,1773418467000,7.51,3524.64,683,gold,17,54.22,0
A0028,1773418467000,7.51,3524.64,621,bronze,17,54.22,0
A0036,1773600028000,25.04,5990.39,337,gold,30,51.98,1
A0036,1773600028000,25.04,5990.39,300,bronze,30,51.98,1
A0042,1773257148000,153.3,3768.54,480,gold,6,49.92,0
A0044,1773699927000,15.51,5530.6,544,bronze,3,43.05,1
A0044,1773699927000,15.51,5530.6,469,silver,3,43.05,1
A0046,1773101366000,81.41,4673.06,702,bronze,12,52.56,1
A0047,1773198803000,12.45,7973.87,453,gold,23,49.22,0
A0047,1773198803000,12.45,7973.87,526,bronze,23,49.22,0
A0054,1773162549000,4.11,6536.58,779,bronze,35,44.65,0
A0054,1773162549000,4.11,6536.58,709,gold,35,44.65,0
A0059,1772844421000,50.2,4253.14,536,bronze,25,45.9,1
A0059,1772844421000,50.2,4253.14,616,gold,25,45.9,1
A0060,1773429192000,33.5,9276.9,651,silver,6,51.8,1
A0064,1773352088000,19.87,6335.52,520,bronze,24,47.42,1
A0064,1773352088000,19.87,6335.52,576,gold,24,47.42,1
A0067,1773218371000,13.21,7861.44,306,bronze,19,43.64,1
A0069,1773261848000,6.39,4810.55,801,silver,25,46.16,1
A0070,1773605593000,32.58,3417.71,713,bronze,18,47.54,0
A0076,1773623548000,29.58,4255.95,391,gold,2,46.85,0
A0079,1773582000000,20.02,7762.47,650,silver,32,59.99,1
A0079,1773582000000,20.02,7762.47,707,silver,32,59.99,1
A0081,1773357508000,17.93,1827.56,655,gold,18,48.07,1
A0081,1773357508000,17.93,1827.56,649,silver,18,48.07,1
A0082,1773230547000,17.79,2957.15,758,bronze,19,56.69,0
A0082,1773230547000,17.79,2957.15,790,silver,19,56.69,0
A0092,1773625211000,18.0,4299.01,302,gold,24,51.37,0
A0000,1772304939000,9.11,1010.21,729,gold,13,50.62,0
A0006,1772921288000,112.98,5881.84,306,silver,9,49.23,0
A0006,1772921288000,112.98,5881.84,364,silver,9,49.23,0
A0007,1772402687000,31.33,5359.38,789,gold,3,51.23,1
A0008,1772533491000,91.24,4839.94,320,gold,11,49.8,0
A0012,1773351720000,16.32,7438.36,530,bronze,21,44.41,1
A0012,1773351720000,16.32,7438.36,574,bronze,21,44.41,1
A0013,1771992198000,102.12,5900.81,318,bronze,28,53.45,0
A0015,1772346000000,225.52,4348.89,695,silver,12,47.9,0
A0015,1772346000000,225.52,4348.89,756,gold,12,47.9,0
A0017,1772437869000,28.29,5831.29,627,bronze,34,45.72,1
A0017,1772437869000,28.29,5831.29,699,gold,34,45.72,1
A0022,1772737441000,11.54,-382.1,845,bronze,24,50.32,1
A0025,1772133384000,6.5,5898.23,375,gold,35,49.22,0
A0030,1772303825000,13.32,7774.09,668,bronze,13,43.34,1
A0030,1772303825000,13.32,7774.09,737,silver,13,43.34,1
A0031,1772438414000,44.92,3387.87,848,bronze,14,46.19,1
A0032,1772725237000,3.81,1561.51,776,silver,11,48.54,0
A0034,1772107506000,668.15,6020.43,525,silver,18,57.97,0
A0035,1771998570000,31.9,7140.77,638,bronze,0,50.49,0
A0038,1772100788000,17.01,2673.35,597,gold,26,57.49,0
A0038,1772100788000,17.01,2673.35,582,bronze,26,57.49,0
A0040,1772229558000,61.33,5003.27,314,bronze,22,48.15,1
A0041,1772562988000,10.05,5062.0,696,silver,33,43.14,0
A0050,1773171825000,14.02,2672.92,346,gold,20,49.87,1
A0051,1772372388000,72.37,1814.27,384,gold,24,51.33,0
A0052,1772908341000,92.07,9047.05,723,bronze,28,44.27,1
A0053,1772467823000,119.92,4484.66,439,silver,6,51.44,1
A0055,1772169998000,15.78,3937.05,653,bronze,12,56.1,1
A0056,1772077551000,12.35,5993.07,722,bronze,6,43.62,1
A0057,1772528858000,2.76,5573.73,399,silver,2,46.73,0
A0058,1772062059000,11.12,6212.87,516,gold,39,55.23,0
A0061,1772941057000,31.93,4047.07,307,silver,15,42.84,1
A0061,1772941057000,31.93,4047.07,300,bronze,15,42.84,1
A0063,1772909258000,29.36,4604.24,656,gold,11,46.04,1
A0065,1773139790000,7.64,2179.85,608,silver,30,52.95,0
A0065,1773139790000,7.64,2179.85,684,silver,30,52.95,0
A0066,1773329133000,9.05,1381.4,393,bronze,22,48.35,1
A0068,1772404011000,59.47,989.96,444,bronze,6,51.5,1
A0072,1772520709000,58.16,4684.86,564,bronze,24,48.05,1
A0072,1772520709000,58.16,4684.86,580,bronze,24,48.05,1
A0073,1772776784000,18.66,7149.84,710,bronze,30,48.08,0
A0073,1772776784000,18.66,7149.84,651,silver,30,48.08,0
A0080,1772100088000,10.36,6311.64,731,gold,18,55.66,0
A0080,1772100088000,10.36,6311.64,664,gold,18,55.66,0
A0087,1773025914000,89.87,7197.02,420,bronze,31,61.15,1
A0089,1772729547000,53.45,-850.31,403,gold,3,44.06,0
A0090,1772150045000,14.65,5649.68,472,bronze,34,46.76,1
A0090,1772150045000,14.65,5649.68,440,silver,34,46.76,1
A0093,1772777344000,31.12,2507.98,803,silver,3,49.62,1
A0096,1772228370000,25.4,2656.67,704,silver,17,49.53,1
A0097,1772401000000,104.69,5464.67,700,gold,32,52.76,0
A0098,1772183464000,487.91,3540.28,572,gold,33,53.87,1
A0098,1772183464000,487.91,3540.28,632,bronze,33,53.87,1
A0099,1772231801000,36.73,8492.56,679,gold,28,47.72,0
A0019,1773057698000,15.69,6477.77,678,gold,9,51.31,0
A0036,1773600028000,20.67,6331.03,337,gold,30,51.98,1
A0036,1773600028000,20.67,6331.03,300,bronze,30,51.98,1
A0046,1773101366000,25.25,4493.91,702,bronze,12,52.56,1
A0047,1773198803000,29.16,8204.51,453,gold,23,49.22,0
A0047,1773198803000,29.16,8204.51,526,bronze,23,49.22,0
A0054,1773162549000,45.04,6040.04,779,bronze,35,44.65,0
A0054,1773162549000,45.04,6040.04,709,gold,35,44.65,0
A0060,1773429192000,236.04,9781.93,651,silver,6,51.8,1
A0067,1773218371000,13.83,7690.19,306,bronze,19,43.64,1
A0069,1773261848000,50.99,5103.57,801,silver,25,46.16,1
A0076,1773623548000,32.89,4341.84,391,gold,2,46.85,0
A0079,1773582000000,12.48,7796.83,650,silver,32,59.99,1
A0079,1773582000000,12.48,7796.83,707,silver,32,59.99,1
A0081,1773357508000,97.93,1386.72,655,gold,18,48.07,1
A0081,1773357508000,97.93,1386.72,649,silver,18,48.07,1
A0082,1773230547000,9.3,3198.07,758,bronze,19,56.69,0
A0082,1773230547000,9.3,3198.07,790,silver,19,56.69,0
A0000,1772304939000,37.85,1424.53,729,gold,13,50.62,0
A0006,1772921288000,237.53,5864.41,306,silver,9,49.23,0
A0006,1772921288000,237.53,5864.41,364,silver,9,49.23,0
A0007,1772402687000,31.95,5813.5,789,gold,3,51.23,1
A0008,1772533491000,13.99,4898.25,320,gold,11,49.8,0
A0012,1773351720000,43.1,6181.91,530,bronze,21,44.41,1
A0012,1773351720000,43.1,6181.91,574,bronze,21,44.41,1
A0013,1771992198000,75.23,6030.68,318,bronze,28,53.45,0
A0015,1772346000000,18.93,4929.61,695,silver,12,47.9,0
A0015,1772346000000,18.93,4929.61,756,gold,12,47.9,0
A0017,1772437869000,86.64,5327.62,627,bronze,34,45.72,1
A0017,1772437869000,86.64,5327.62,699,gold,34,45.72,1
A0022,1772737441000,117.98,88.15,845,bronze,24,50.32,1
A0025,1772133384000,4.67,5434.84,375,gold,35,49.22,0
A0031,1772438414000,32.91,3227.2,848,bronze,14,46.19,1
A0032,1772725237000,4.66,1820.07,776,silver,11,48.54,0
A0034,1772107506000,324.24,5454.31,525,silver,18,57.97,0
A0035,1771998570000,7.2,6993.64,638,bronze,0,50.49,0
A0040,1772229558000,46.19,5475.0,314,bronze,22,48.15,1
A0041,1772562988000,156.95,4263.71,696,silver,33,43.14,0
A0050,1773171825000,31.12,3268.06,346,gold,20,49.87,1
A0051,1772372388000,5.85,1752.94,384,gold,24,51.33,0
A0052,1772908341000,44.53,9179.5,723,bronze,28,44.27,1
A0055,1772169998000,13.42,3948.97,653,bronze,12,56.1,1
A0065,1773139790000,2.07,2267.94,608,silver,30,52.95,0
A0065,1773139790000,2.07,2267.94,684,silver,30,52.95,0
A0066,1773329133000,13.34,785.93,393,bronze,22,48.35,1
A0068,1772404011000,26.58,1535.31,444,bronze,6,51.5,1
A0073,1772776784000,8.38,7512.22,710,bronze,30,48.08,0
A0073,1772776784000,8.38,7512.22,651,silver,30,48.08,0
A0080,1772100088000,10.36,6311.64,731,gold,18,55.66,0
A0080,1772100088000,10.36,6311.64,664,gold,18,55.66,0
A0087,1773025914000,72.31,7179.63,420,bronze,31,61.15,1
A0089,1772729547000,22.02,-227.75,403,gold,3,44.06,0
A0090,1772150045000,62.1,5860.9,472,bronze,34,46.76,1
A0090,1772150045000,62.1,5860.9,440,silver,34,46.76,1
A0096,1772228370000,60.45,3298.26,704,silver,17,49.53,1
A0098,1772183464000,487.91,3540.28,572,gold,33,53.87,1
A0098,1772183464000,487.91,3540.28,632,bronze,33,53.87,1
A0099,1772231801000,36.73,8492.56,679,gold,28,47.72,0
A0019,1773057698000,21.05,6742.4,678,gold,9,51.31,0
A0047,1773198803000,3.18,7526.88,453,gold,23,49.22,0
A0047,1773198803000,3.18,7526.88,526,bronze,23,49.22,0
A0060,1773429192000,39.52,9495.82,651,silver,6,51.8,1
A0067,1773218371000,29.04,7219.06,306,bronze,19,43.64,1
A0069,1773261848000,4.79,5639.54,801,silver,25,46.16,1
A0081,1773357508000,58.09,2124.85,655,gold,18,48.07,1
A0081,1773357508000,58.09,2124.85,649,silver,18,48.07,1
A0082,1773230547000,14.25,3715.56,758,bronze,19,56.69,0
A0082,1773230547000,14.25,3715.56,790,silver,19,56.69,0
A0000,1772304939000,6.74,1196.05,729,gold,13,50.62,0
A0007,1772402687000,31.95,5813.5,789,gold,3,51.23,1
A0017,1772437869000,33.83,5633.3,627,bronze,34,45.72,1
A0017,1772437869000,33.83,5633.3,699,gold,34,45.72,1
A0025,1772133384000,4.67,5434.84,375,gold,35,49.22,0
A0041,1772562988000,72.48,3995.31,696,silver,33,43.14,0
A0050,1773171825000,64.42,3085.44,346,gold,20,49.87,1
A0051,1772372388000,65.22,2811.86,384,gold,24,51.33,0
A0055,1772169998000,32.95,3863.06,653,bronze,12,56.1,1
A0068,1772404011000,26.58,1535.31,444,bronze,6,51.5,1
A0073,1772776784000,8.38,7512.22,710,bronze,30,48.08,0
A0073,1772776784000,8.38,7512.22,651,silver,30,48.08,0
A0090,1772150045000,18.23,6158.82,472,bronze,34,46.76,1
A0090,1772150045000,18.23,6158.82,440,silver,34,46.76,1
A0098,1772183464000,126.27,3385.24,572,gold,33,53.87,1
A0098,1772183464000,126.27,3385.24,632,bronze,33,53.87,1
A0099,1772231801000,77.06,8596.24,679,gold,28,47.72,0
A0000,1772304939000,6.74,1196.05,729,gold,13,50.62,0
A0007,1772402687000,119.32,6590.68,789,gold,3,51.23,1
A0050,1773171825000,64.42,3085.44,346,gold,20,49.87,1
A0051,1772372388000,13.9,2865.78,384,gold,24,51.33,0
A0073,1772776784000,54.66,7233.38,710,bronze,30,48.08,0
A0073,1772776784000,54.66,7233.38,651,silver,30,48.08,0
A0090,1772150045000,18.23,6158.82,472,bronze,34,46.76,1
A0090,1772150045000,18.23,6158.82,440,silver,34,46.76,1
A0098,1772183464000,67.16,3338.89,572,gold,33,53.87,1
A0098,1772183464000,67.16,3338.89,632,bronze,33,53.87,1
A0001,1773482046000,85.67,7566.48,301,bronze,30,48.71,0
A0001,1773482046000,85.67,7566.48,322,bronze,30,48.71,0
A0002,1773533318000,78.88,1991.51,314,silver,32,49.18,1
A0002,1773533318000,78.88,1991.51,394,gold,32,49.18,1
A0005,1773584013000,34.22,4883.98,622,bronze,19,41.47,0
A0010,1772742518000,30.25,3024.06,662,gold,39,48.21,0
A0010,1772742518000,30.25,3024.06,648,silver,39,48.21,0
A0014,1772951255000,39.28,2503.24,646,silver,39,46.81,1
A0016,1773530553000,6.2,2372.35,667,gold,17,46.66,1
A0018,1772833808000,17.59,1679.94,536,silver,39,64.31,0
A0018,1772833808000,17.59,1679.94,496,silver,39,64.31,0
A0019,1773057698000,15.64,7267.41,678,gold,25,51.31,0
A0020,1773239267000,14.81,4881.72,761,bronze,16,44.44,0
A0021,1773421617000,16.99,3959.37,405,gold,36,49.01,0
A0021,1773421617000,16.99,3959.37,368,silver,36,49.01,0
A0023,1773639389000,73.31,3105.09,788,silver,20,57.62,0
A0028,1773418467000,23.16,3941.34,683,gold,8,54.22,0
A0028,1773418467000,23.16,3941.34,621,bronze,8,54.22,0
A0036,1773600028000,171.57,5928.03,337,gold,24,51.98,1
A0036,1773600028000,171.57,5928.03,300,bronze,24,51.98,1
A0042,1773257148000,58.7,3871.74,480,gold,34,49.92,0
A0044,1773699927000,28.07,4668.45,544,bronze,24,43.05,1
A0044,1773699927000,28.07,4668.45,469,silver,24,43.05,1
A0046,1773101366000,13.11,3419.02,702,bronze,18,52.56,1
A0049,1773280471000,25.01,2467.6,496,bronze,38,52.58,0
A0054,1773162549000,8.22,6499.74,779,bronze,21,44.65,0
A0054,1773162549000,8.22,6499.74,709,gold,21,44.65,0
A0059,1772844421000,12.88,5311.85,536,bronze,18,45.9,1
A0059,1772844421000,12.88,5311.85,616,gold,18,45.9,1
A0060,1773429192000,65.92,9434.13,651,silver,34,51.8,1
A0064,1773352088000,19.25,5424.78,520,bronze,16,47.42,1
A0064,1773352088000,19.25,5424.78,576,gold,16,47.42,1
A0067,1773218371000,14.76,7546.56,306,bronze,5,43.64,1
A0069,1773261848000,5.87,4834.91,801,silver,25,46.16,1
A0070,1773605593000,36.32,3568.8,713,bronze,34,47.54,0
A0075,1773324061000,5.54,7495.08,647,bronze,7,55.3,1
A0075,1773324061000,5.54,7495.08,595,bronze,7,55.3,1
A0076,1773623548000,21.01,3969.39,391,gold,11,46.85,0
A0079,1773582000000,30.61,8362.03,650,silver,4,59.99,1
A0079,1773582000000,30.61,8362.03,707,silver,4,59.99,1
A0081,1773357508000,94.93,2471.49,655,gold,20,48.07,1
A0081,1773357508000,94.93,2471.49,649,silver,20,48.07,1
A0083,1773047399000,6.88,8980.68,440,bronze,24,49.99,1
A0083,1773047399000,6.88,8980.68,500,silver,24,49.99,1
A0084,1773392158000,399.85,3735.35,435,silver,4,50.64,1
A0091,1772984489000,86.99,4467.5,499,bronze,26,58.33,0
A0092,1773625211000,33.31,3774.71,302,gold,37,51.37,0
A0000,1772304939000,292.47,727.5,729,gold,11,50.62,0
A0003,1772002067000,22.76,981.82,635,silver,31,52.13,1
A0004,1772086537000,15.38,8916.02,808,gold,10,46.73,0
A0006,1772921288000,162.73,6919.85,306,silver,21,49.23,0
A0006,1772921288000,162.73,6919.85,364,silver,21,49.23,0
A0009,1772362866000,9.12,3382.1,433,bronze,16,51.66,0
A0011,1772882905000,15.11,5942.72,739,gold,21,59.03,0
A0013,1771992198000,16.08,5645.17,318,bronze,29,53.45,0
A0015,1772346000000,276.69,4487.56,695,silver,39,47.9,0
A0015,1772346000000,276.69,4487.56,756,gold,39,47.9,0
A0017,1772437869000,3.69,5770.43,627,bronze,29,45.72,1
A0017,1772437869000,3.69,5770.43,699,gold,29,45.72,1
A0022,1772737441000,59.35,-490.56,845,bronze,26,50.32,1
A0026,1772631959000,10.66,6060.26,740,bronze,28,48.31,1
A0029,1772375918000,16.05,8950.99,686,silver,8,57.34,0
A0030,1772303825000,23.25,6539.91,668,bronze,11,43.34,1
A0030,1772303825000,23.25,6539.91,737,silver,11,43.34,1
A0035,1771998570000,12.13,6804.43,638,bronze,24,50.49,0
A0037,1772145288000,71.97,5784.12,844,silver,27,54.02,0
A0040,1772229558000,15.39,5318.7,314,bronze,5,48.15,1
A0041,1772562988000,3.51,4720.21,696,silver,22,43.14,0
A0043,1772487954000,281.54,5158.22,786,bronze,21,53.74,0
A0045,1772645690000,9.9,5071.37,770,bronze,16,47.56,1
A0045,1772645690000,9.9,5071.37,797,silver,16,47.56,1
A0048,1772721561000,28.71,5183.15,603,bronze,19,63.25,0
A0051,1772372388000,24.53,1357.63,384,gold,36,51.33,0
A0052,1772908341000,63.44,8600.78,723,bronze,13,44.27,1
A0053,1772467823000,24.93,5216.42,439,silver,5,51.44,1
A0055,1772169998000,69.9,4535.95,653,bronze,34,56.1,1
A0056,1772077551000,99.11,5535.8,722,bronze,38,43.62,1
A0057,1772528858000,38.63,5992.2,399,silver,26,46.73,0
A0062,1772815600000,15.23,3983.38,771,silver,29,52.95,0
A0065,1773139790000,46.5,2764.87,608,silver,25,52.95,0
A0065,1773139790000,46.5,2764.87,684,silver,25,52.95,0
A0066,1773329133000,66.17,478.64,393,bronze,2,48.35,1
A0068,1772404011000,58.54,1308.89,444,bronze,25,51.5,1
A0071,1772130290000,70.32,4249.57,735,gold,5,49.17,0
A0077,1772870626000,27.4,4119.82,735,silver,39,53.23,0
A0077,1772870626000,27.4,4119.82,697,silver,39,53.23,0
A0078,1773025240000,17.95,5632.37,553,gold,4,37.88,1
A0080,1772100088000,6.4,6545.4,731,gold,3,55.66,0
A0080,1772100088000,6.4,6545.4,664,gold,3,55.66,0
A0085,1772157868000,29.93,3984.69,745,gold,2,52.28,1
A0086,1772430414000,54.97,7720.12,715,silver,23,49.37,0
A0086,1772430414000,54.97,7720.12,750,bronze,23,49.37,0
A0087,1773025914000,65.95,5758.32,420,bronze,26,61.15,1
A0088,1772237126000,26.98,5461.0,619,bronze,31,45.96,0
A0090,1772150045000,3.03,5936.31,472,bronze,8,46.76,1
A0090,1772150045000,3.03,5936.31,440,silver,8,46.76,1
A0093,1772777344000,7.54,3063.7,803,silver,20,49.62,1
A0094,1773201675000,28.06,4959.47,648,silver,15,41.06,0
A0094,1773201675000,28.06,4959.47,667,silver,15,41.06,0
A0098,1772183464000,15.35,3398.31,572,gold,6,53.87,1
A0098,1772183464000,15.35,3398.31,632,bronze,6,53.87,1
A0099,1772231801000,172.41,7978.29,679,gold,3,47.72,0
A0001,1773482046000,41.95,8031.18,301,bronze,30,48.71,0
A0001,1773482046000,41.95,8031.18,322,bronze,30,48.71,0
A0002,1773533318000,15.01,2553.92,314,silver,32,49.18,1
A0002,1773533318000,15.01,2553.92,394,gold,32,49.18,1
A0005,1773584013000,145.92,4889.91,622,bronze,19,41.47,0
A0014,1772951255000,96.46,2064.06,646,silver,39,46.81,1
A0016,1773530553000,42.28,2355.59,667,gold,17,46.66,1
A0019,1773057698000,15.64,7267.41,678,gold,25,51.31,0
A0020,1773239267000,45.11,3814.68,761,bronze,16,44.44,0
A0021,1773421617000,10.81,3467.06,405,gold,36,49.01,0
A0021,1773421617000,10.81,3467.06,368,silver,36,49.01,0
A0023,1773639389000,30.03,3704.16,788,silver,20,57.62,0
A0024,1773051955000,28.9,6028.76,697,silver,32,46.12,1
A0028,1773418467000,32.43,3664.37,683,gold,8,54.22,0
A0028,1773418467000,32.43,3664.37,621,bronze,8,54.22,0
A0036,1773600028000,3.51,5334.17,337,gold,24,51.98,1
A0036,1773600028000,3.51,5334.17,300,bronze,24,51.98,1
A0039,1773212738000,13.22,5490.55,367,silver,6,64.76,1
A0042,1773257148000,69.83,3387.47,480,gold,34,49.92,0
A0044,1773699927000,86.18,4780.61,544,bronze,24,43.05,1
A0044,1773699927000,86.18,4780.61,469,silver,24,43.05,1
A0046,1773101366000,20.35,3429.05,702,bronze,18,52.56,1
A0047,1773198803000,40.32,7420.09,453,gold,38,49.22,0
A0047,1773198803000,40.32,7420.09,526,bronze,38,49.22,0
A0049,1773280471000,82.67,2323.96,496,bronze,38,52.58,0
A0054,1773162549000,20.31,6276.33,779,bronze,21,44.65,0
A0054,1773162549000,20.31,6276.33,709,gold,21,44.65,0
A0060,1773429192000,96.13,9614.79,651,silver,34,51.8,1
A0064,1773352088000,18.36,5563.65,520,bronze,16,47.42,1
A0064,1773352088000,18.36,5563.65,576,gold,16,47.42,1
A0070,1773605593000,25.42,2987.05,713,bronze,34,47.54,0
A0075,1773324061000,90.26,7794.25,647,bronze,7,55.3,1
A0075,1773324061000,90.26,7794.25,595,bronze,7,55.3,1
A0076,1773623548000,30.93,3856.31,391,gold,11,46.85,0
A0079,1773582000000,15.67,8744.9,650,silver,4,59.99,1
A0079,1773582000000,15.67,8744.9,707,silver,4,59.99,1
A0081,1773357508000,97.78,2024.67,655,gold,20,48.07,1
A0081,1773357508000,97.78,2024.67,649,silver,20,48.07,1
A0083,1773047399000,28.36,9070.94,440,bronze,24,49.99,1
A0083,1773047399000,28.36,9070.94,500,silver,24,49.99,1
A0084,1773392158000,7.05,4192.66,435,silver,4,50.64,1
A0091,1772984489000,119.44,4052.27,499,bronze,26,58.33,0
A0092,1773625211000,32.27,4110.16,302,gold,37,51.37,0
A0003,1772002067000,14.38,807.42,635,silver,31,52.13,1
A0004,1772086537000,89.33,8941.12,808,gold,10,46.73,0
A0006,1772921288000,31.43,6547.24,306,silver,21,49.23,0
A0006,1772921288000,31.43,6547.24,364,silver,21,49.23,0
A0007,1772402687000,286.54,6572.13,789,gold,13,51.23,1
A0009,1772362866000,30.46,3089.86,433,bronze,16,51.66,0
A0011,1772882905000,7.49,5710.99,739,gold,21,59.03,0
A0012,1773351720000,17.5,7275.84,530,bronze,34,44.41,1
A0012,1773351720000,17.5,7275.84,574,bronze,34,44.41,1
A0015,1772346000000,2.76,4817.52,695,silver,39,47.9,0
A0015,1772346000000,2.76,4817.52,756,gold,39,47.9,0
A0022,1772737441000,183.38,-1416.34,845,bronze,26,50.32,1
A0025,1772133384000,35.21,6350.49,375,gold,2,49.22,0
A0027,1772767070000,36.9,3845.79,375,silver,4,39.93,0
A0029,1772375918000,104.48,8620.83,686,silver,8,57.34,0
A0030,1772303825000,8.75,7663.1,668,bronze,11,43.34,1
A0030,1772303825000,8.75,7663.1,737,silver,11,43.34,1
A0032,1772725237000,35.46,1542.35,776,silver,37,48.54,0
A0033,1772108079000,782.28,3051.28,406,gold,25,53.99,0
A0034,1772107506000,260.99,6407.16,525,silver,29,57.97,0
A0035,1771998570000,12.25,7288.22,638,bronze,24,50.49,0
A0038,1772100788000,42.19,1950.21,597,gold,35,57.49,0
A0038,1772100788000,42.19,1950.21,582,bronze,35,57.49,0
A0041,1772562988000,45.79,5341.17,696,silver,22,43.14,0
A0043,1772487954000,144.59,5129.89,786,bronze,21,53.74,0
A0048,1772721561000,33.69,5150.74,603,bronze,19,63.25,0
A0050,1773171825000,37.19,4665.72,346,gold,34,49.87,1
A0051,1772372388000,60.89,2161.43,384,gold,36,51.33,0
A0052,1772908341000,43.49,8569.45,723,bronze,13,44.27,1
A0057,1772528858000,10.85,6456.28,399,silver,26,46.73,0
A0061,1772941057000,59.51,5235.7,307,silver,28,42.84,1
A0061,1772941057000,59.51,5235.7,300,bronze,28,42.84,1
A0063,1772909258000,84.47,3960.62,656,gold,35,46.04,1
A0065,1773139790000,94.26,2685.47,608,silver,25,52.95,0
A0065,1773139790000,94.26,2685.47,684,silver,25,52.95,0
A0066,1773329133000,56.31,1197.03,393,bronze,2,48.35,1
A0068,1772404011000,81.75,891.68,444,bronze,25,51.5,1
A0071,1772130290000,69.85,4980.76,735,gold,5,49.17,0
A0074,1772311248000,75.84,6118.03,768,bronze,36,56.59,0
A0080,1772100088000,167.79,5828.71,731,gold,3,55.66,0
A0080,1772100088000,167.79,5828.71,664,gold,3,55.66,0
A0085,1772157868000,110.93,3770.08,745,gold,2,52.28,1
A0086,1772430414000,17.59,8180.76,715,silver,23,49.37,0
A0086,1772430414000,17.59,8180.76,750,bronze,23,49.37,0
A0089,1772729547000,41.31,-1454.94,403,gold,11,44.06,0
A0090,1772150045000,36.58,5820.48,472,bronze,8,46.76,1
A0090,1772150045000,36.58,5820.48,440,silver,8,46.76,1
A0093,1772777344000,62.59,3406.98,803,silver,20,49.62,1
A0094,1773201675000,9.31,4820.44,648,silver,15,41.06,0
A0094,1773201675000,9.31,4820.44,667,silver,15,41.06,0
A0095,1772605386000,88.01,7741.74,337,gold,21,53.18,1
A0097,1772401000000,74.31,4783.51,700,gold,13,52.76,0
A0001,1773482046000,12.62,7794.85,301,bronze,30,48.71,0
A0001,1773482046000,12.62,7794.85,322,bronze,30,48.71,0
A0002,1773533318000,42.3,3487.04,314,silver,32,49.18,1
A0002,1773533318000,42.3,3487.04,394,gold,32,49.18,1
A0005,1773584013000,61.58,5060.23,622,bronze,19,41.47,0
A0010,1772742518000,48.6,2967.89,662,gold,39,48.21,0
A0010,1772742518000,48.6,2967.89,648,silver,39,48.21,0
A0014,1772951255000,9.16,2337.81,646,silver,39,46.81,1
A0016,1773530553000,26.94,2753.49,667,gold,17,46.66,1
A0018,1772833808000,41.11,1184.73,536,silver,39,64.31,0
A0018,1772833808000,41.11,1184.73,496,silver,39,64.31,0
A0019,1773057698000,28.51,7117.28,678,gold,25,51.31,0
A0020,1773239267000,31.05,4087.2,761,bronze,16,44.44,0
A0021,1773421617000,70.01,3803.53,405,gold,36,49.01,0
A0021,1773421617000,70.01,3803.53,368,silver,36,49.01,0
A0023,1773639389000,24.9,3769.84,788,silver,20,57.62,0
A0024,1773051955000,86.12,6610.58,697,silver,32,46.12,1
A0028,1773418467000,148.46,3266.81,683,gold,8,54.22,0
A0028,1773418467000,148.46,3266.81,621,bronze,8,54.22,0
A0036,1773600028000,37.49,5486.17,337,gold,24,51.98,1
A0036,1773600028000,37.49,5486.17,300,bronze,24,51.98,1
A0039,1773212738000,7.8,4764.83,367,silver,6,64.76,1
A0042,1773257148000,179.67,3283.35,480,gold,34,49.92,0
A0044,1773699927000,166.02,4186.16,544,bronze,24,43.05,1
A0044,1773699927000,166.02,4186.16,469,silver,24,43.05,1
A0046,1773101366000,18.2,3500.03,702,bronze,18,52.56,1
A0047,1773198803000,17.88,7784.73,453,gold,38,49.22,0
A0047,1773198803000,17.88,7784.73,526,bronze,38,49.22,0
A0049,1773280471000,49.9,2116.52,496,bronze,38,52.58,0
A0054,1773162549000,5.54,6689.75,779,bronze,21,44.65,0
A0054,1773162549000,5.54,6689.75,709,gold,21,44.65,0
A0059,1772844421000,53.48,5866.86,536,bronze,18,45.9,1
A0059,1772844421000,53.48,5866.86,616,gold,18,45.9,1
A0060,1773429192000,10.36,9539.55,651,silver,34,51.8,1
A0064,1773352088000,126.93,5696.34,520,bronze,16,47.42,1
A0064,1773352088000,126.93,5696.34,576,gold,16,47.42,1
A0067,1773218371000,47.14,7065.66,306,bronze,5,43.64,1
A0069,1773261848000,11.79,4737.79,801,silver,25,46.16,1
A0070,1773605593000,36.72,3275.93,713,bronze,34,47.54,0
A0075,1773324061000,116.72,8322.84,647,bronze,7,55.3,1
A0075,1773324061000,116.72,8322.84,595,bronze,7,55.3,1
A0076,1773623548000,19.7,3638.25,391,gold,11,46.85,0
A0079,1773582000000,23.84,8127.09,650,silver,4,59.99,1
A0079,1773582000000,23.84,8127.09,707,silver,4,59.99,1
A0081,1773357508000,140.46,1927.73,655,gold,20,48.07,1
A0081,1773357508000,140.46,1927.73,649,silver,20,48.07,1
A0082,1773230547000,8.51,2337.48,758,bronze,36,56.69,0
A0082,1773230547000,8.51,2337.48,790,silver,36,56.69,0
A0083,1773047399000,6.59,8326.49,440,bronze,24,49.99,1
A0083,1773047399000,6.59,8326.49,500,silver,24,49.99,1
A0084,1773392158000,50.36,4053.73,435,silver,4,50.64,1
A0091,1772984489000,199.03,4407.89,499,bronze,26,58.33,0
A0092,1773625211000,71.39,3847.13,302,gold,37,51.37,0
A0000,1772304939000,21.14,1426.14,729,gold,11,50.62,0
A0003,1772002067000,29.15,629.78,635,silver,31,52.13,1
A0004,1772086537000,17.11,9009.85,808,gold,10,46.73,0
A0006,1772921288000,22.48,6135.51,306,silver,21,49.23,0
A0006,1772921288000,22.48,6135.51,364,silver,21,49.23,0
A0007,1772402687000,19.64,6210.39,789,gold,13,51.23,1
A0008,1772533491000,105.63,6173.01,320,gold,14,49.8,0
A0009,1772362866000,11.53,3189.32,433,bronze,16,51.66,0
A0011,1772882905000,54.0,6029.16,739,gold,21,59.03,0
A0012,1773351720000,56.36,6804.3,530,bronze,34,44.41,1
A0012,1773351720000,56.36,6804.3,574,bronze,34,44.41,1
A0013,1771992198000,127.38,6151.29,318,bronze,29,53.45,0
A0015,1772346000000,37.35,4536.24,695,silver,39,47.9,0
A0015,1772346000000,37.35,4536.24,756,gold,39,47.9,0
A0017,1772437869000,33.63,5444.14,627,bronze,29,45.72,1
A0017,1772437869000,33.63,5444.14,699,gold,29,45.72,1
A0022,1772737441000,27.82,-1566.46,845,bronze,26,50.32,1
A0025,1772133384000,37.75,6613.05,375,gold,2,49.22,0
A0026,1772631959000,19.5,6072.97,740,bronze,28,48.31,1
A0027,1772767070000,9.83,3829.27,375,silver,4,39.93,0
A0029,1772375918000,56.04,9097.97,686,silver,8,57.34,0
A0031,1772438414000,136.38,3218.23,848,bronze,28,46.19,1
A0032,1772725237000,9.86,1888.75,776,silver,37,48.54,0
A0033,1772108079000,554.38,3130.98,406,gold,25,53.99,0
A0034,1772107506000,7.84,6623.58,525,silver,29,57.97,0
A0037,1772145288000,43.79,5747.42,844,silver,27,54.02,0
A0038,1772100788000,44.27,2221.33,597,gold,35,57.49,0
A0038,1772100788000,44.27,2221.33,582,bronze,35,57.49,0
A0043,1772487954000,44.89,4877.09,786,bronze,21,53.74,0
A0045,1772645690000,58.26,4961.66,770,bronze,16,47.56,1
A0045,1772645690000,58.26,4961.66,797,silver,16,47.56,1
A0048,1772721561000,54.77,5113.16,603,bronze,19,63.25,0
A0050,1773171825000,5.47,3434.39,346,gold,34,49.87,1
A0051,1772372388000,13.44,2306.4,384,gold,36,51.33,0
A0052,1772908341000,11.8,8492.78,723,bronze,13,44.27,1
A0055,1772169998000,52.56,5426.73,653,bronze,34,56.1,1
A0056,1772077551000,13.75,6074.14,722,bronze,38,43.62,1
A0057,1772528858000,14.66,6155.79,399,silver,26,46.73,0
A0058,1772062059000,103.66,4772.42,516,gold,37,55.23,0
A0061,1772941057000,107.39,4432.51,307,silver,28,42.84,1
A0061,1772941057000,107.39,4432.51,300,bronze,28,42.84,1
A0062,1772815600000,523.48,4039.74,771,silver,29,52.95,0
A0063,1772909258000,525.54,5114.08,656,gold,35,46.04,1
A0065,1773139790000,51.45,2665.4,608,silver,25,52.95,0
A0065,1773139790000,51.45,2665.4,684,silver,25,52.95,0
A0066,1773329133000,139.38,860.11,393,bronze,2,48.35,1
A0068,1772404011000,33.43,773.53,444,bronze,25,51.5,1
A0071,1772130290000,88.86,5566.98,735,gold,5,49.17,0
A0072,1772520709000,369.07,5482.12,564,bronze,2,48.05,1
A0072,1772520709000,369.07,5482.12,580,bronze,2,48.05,1
A0073,1772776784000,119.18,8082.95,710,bronze,11,48.08,0
A0073,1772776784000,119.18,8082.95,651,silver,11,48.08,0
A0074,1772311248000,9.39,6112.33,768,bronze,36,56.59,0
A0077,1772870626000,22.68,4037.95,735,silver,39,53.23,0
A0077,1772870626000,22.68,4037.95,697,silver,39,53.23,0
A0078,1773025240000,56.56,5931.94,553,gold,4,37.88,1
A0085,1772157868000,55.9,3684.05,745,gold,2,52.28,1
A0086,1772430414000,38.69,8077.1,715,silver,23,49.37,0
A0086,1772430414000,38.69,8077.1,750,bronze,23,49.37,0
A0087,1773025914000,20.8,5850.06,420,bronze,26,61.15,1
A0088,1772237126000,4.86,5841.08,619,bronze,31,45.96,0
A0089,1772729547000,31.29,-878.52,403,gold,11,44.06,0
A0090,1772150045000,18.71,6200.16,472,bronze,8,46.76,1
A0090,1772150045000,18.71,6200.16,440,silver,8,46.76,1
A0093,1772777344000,43.53,2979.01,803,silver,20,49.62,1
A0094,1773201675000,2.3,5616.9,648,silver,15,41.06,0
A0094,1773201675000,2.3,5616.9,667,silver,15,41.06,0
A0095,1772605386000,30.91,7600.25,337,gold,21,53.18,1
A0096,1772228370000,76.53,3024.79,704,silver,14,49.53,1
A0097,1772401000000,74.31,4783.51,700,gold,13,52.76,0
A0099,1772231801000,65.17,8271.75,679,gold,3,47.72,0
A0001,1773482046000,5.6,7103.64,301,bronze,30,48.71,0
A0001,1773482046000,5.6,7103.64,322,bronze,30,48.71,0
A0002,1773533318000,25.77,3760.77,314,silver,32,49.18,1
A0002,1773533318000,25.77,3760.77,394,gold,32,49.18,1
A0005,1773584013000,33.42,4787.26,622,bronze,19,41.47,0
A0010,1772742518000,23.39,2538.51,662,gold,39,48.21,0
A0010,1772742518000,23.39,2538.51,648,silver,39,48.21,0
A0014,1772951255000,23.67,2148.67,646,silver,39,46.81,1
A0016,1773530553000,47.81,3370.43,667,gold,17,46.66,1
A0018,1772833808000,87.75,1104.54,536,silver,39,64.31,0
A0018,1772833808000,87.75,1104.54,496,silver,39,64.31,0
A0019,1773057698000,28.51,7117.28,678,gold,25,51.31,0
A0020,1773239267000,18.6,4505.97,761,bronze,16,44.44,0
A0021,1773421617000,25.32,3978.28,405,gold,36,49.01,0
A0021,1773421617000,25.32,3978.28,368,silver,36,49.01,0
A0023,1773639389000,71.45,3816.88,788,silver,20,57.62,0
A0024,1773051955000,118.92,6005.52,697,silver,32,46.12,1
A0028,1773418467000,13.2,3983.59,683,gold,8,54.22,0
A0028,1773418467000,13.2,3983.59,621,bronze,8,54.22,0
A0036,1773600028000,18.9,5804.3,337,gold,24,51.98,1
A0036,1773600028000,18.9,5804.3,300,bronze,24,51.98,1
A0039,1773212738000,3.66,5168.53,367,silver,6,64.76,1
A0042,1773257148000,385.67,3209.03,480,gold,34,49.92,0
A0044,1773699927000,240.51,4736.34,544,bronze,24,43.05,1
A0044,1773699927000,240.51,4736.34,469,silver,24,43.05,1
A0046,1773101366000,89.69,4191.3,702,bronze,18,52.56,1
A0047,1773198803000,9.52,7636.04,453,gold,38,49.22,0
A0047,1773198803000,9.52,7636.04,526,bronze,38,49.22,0
A0049,1773280471000,73.01,2665.03,496,bronze,38,52.58,0
A0054,1773162549000,21.52,6751.88,779,bronze,21,44.65,0
A0054,1773162549000,21.52,6751.88,709,gold,21,44.65,0
A0059,1772844421000,60.19,4984.32,536,bronze,18,45.9,1
A0059,1772844421000,60.19,4984.32,616,gold,18,45.9,1
A0060,1773429192000,10.36,9539.55,651,silver,34,51.8,1
A0064,1773352088000,32.04,5561.59,520,bronze,16,47.42,1
A0064,1773352088000,32.04,5561.59,576,gold,16,47.42,1
A0067,1773218371000,49.55,7213.72,306,bronze,5,43.64,1
A0069,1773261848000,14.3,4295.94,801,silver,25,46.16,1
A0070,1773605593000,32.14,3113.42,713,bronze,34,47.54,0
A0075,1773324061000,12.37,9346.62,647,bronze,7,55.3,1
A0075,1773324061000,12.37,9346.62,595,bronze,7,55.3,1
A0076,1773623548000,15.93,4371.36,391,gold,11,46.85,0
A0079,1773582000000,51.08,8486.83,650,silver,4,59.99,1
A0079,1773582000000,51.08,8486.83,707,silver,4,59.99,1
A0081,1773357508000,114.66,2054.56,655,gold,20,48.07,1
A0081,1773357508000,114.66,2054.56,649,silver,20,48.07,1
A0082,1773230547000,49.71,2433.79,758,bronze,36,56.69,0
A0082,1773230547000,49.71,2433.79,790,silver,36,56.69,0
A0083,1773047399000,5.27,8666.27,440,bronze,24,49.99,1
A0083,1773047399000,5.27,8666.27,500,silver,24,49.99,1
A0084,1773392158000,32.34,3658.22,435,silver,4,50.64,1
A0091,1772984489000,12.83,4739.43,499,bronze,26,58.33,0
A0092,1773625211000,166.95,3764.41,302,gold,37,51.37,0
A0000,1772304939000,23.02,1566.83,729,gold,11,50.62,0
A0003,1772002067000,12.12,574.93,635,silver,31,52.13,1
A0004,1772086537000,55.06,8714.93,808,gold,10,46.73,0
A0006,1772921288000,39.31,6124.41,306,silver,21,49.23,0
A0006,1772921288000,39.31,6124.41,364,silver,21,49.23,0
A0007,1772402687000,128.73,5926.03,789,gold,13,51.23,1
A0008,1772533491000,112.34,6492.41,320,gold,14,49.8,0
A0009,1772362866000,11.53,3189.32,433,bronze,16,51.66,0
A0011,1772882905000,43.07,5994.25,739,gold,21,59.03,0
A0012,1773351720000,56.36,6804.3,530,bronze,34,44.41,1
A0012,1773351720000,56.36,6804.3,574,bronze,34,44.41,1
A0013,1771992198000,9.42,5769.58,318,bronze,29,53.45,0
A0015,1772346000000,27.13,3897.44,695,silver,39,47.9,0
A0015,1772346000000,27.13,3897.44,756,gold,39,47.9,0
A0017,1772437869000,27.1,6038.08,627,bronze,29,45.72,1
A0017,1772437869000,27.1,6038.08,699,gold,29,45.72,1
A0022,1772737441000,3.34,-746.63,845,bronze,26,50.32,1
A0025,1772133384000,13.42,5888.17,375,gold,2,49.22,0
A0026,1772631959000,21.5,5567.62,740,bronze,28,48.31,1
A0027,1772767070000,6.14,3630.57,375,silver,4,39.93,0
A0029,1772375918000,38.22,8795.73,686,silver,8,57.34,0
A0030,1772303825000,15.61,7719.2,668,bronze,11,43.34,1
A0030,1772303825000,15.61,7719.2,737,silver,11,43.34,1
A0031,1772438414000,63.89,3880.55,848,bronze,28,46.19,1
A0032,1772725237000,18.83,1735.11,776,silver,37,48.54,0
A0033,1772108079000,10.74,3439.45,406,gold,25,53.99,0
A0034,1772107506000,34.65,6322.19,525,silver,29,57.97,0
A0035,1771998570000,91.43,8046.8,638,bronze,24,50.49,0
A0037,1772145288000,17.46,6283.08,844,silver,27,54.02,0
A0038,1772100788000,10.65,2413.46,597,gold,35,57.49,0
A0038,1772100788000,10.65,2413.46,582,bronze,35,57.49,0
A0040,1772229558000,29.26,5666.07,314,bronze,5,48.15,1
A0043,1772487954000,21.04,4922.17,786,bronze,21,53.74,0
A0045,1772645690000,147.98,5292.7,770,bronze,16,47.56,1
A0045,1772645690000,147.98,5292.7,797,silver,16,47.56,1
A0048,1772721561000,59.53,4980.91,603,bronze,19,63.25,0
A0050,1773171825000,25.02,3590.22,346,gold,34,49.87,1
A0052,1772908341000,18.72,8941.81,723,bronze,13,44.27,1
A0053,1772467823000,35.16,5813.07,439,silver,5,51.44,1
A0055,1772169998000,3.48,5039.64,653,bronze,34,56.1,1
A0056,1772077551000,118.89,5765.19,722,bronze,38,43.62,1
A0057,1772528858000,12.26,5733.29,399,silver,26,46.73,0
A0058,1772062059000,50.32,5399.09,516,gold,37,55.23,0
A0061,1772941057000,26.52,4168.86,307,silver,28,42.84,1
A0061,1772941057000,26.52,4168.86,300,bronze,28,42.84,1
A0062,1772815600000,3.68,4157.73,771,silver,29,52.95,0
A0063,1772909258000,30.77,4504.3,656,gold,35,46.04,1
A0065,1773139790000,43.07,1942.07,608,silver,25,52.95,0
A0065,1773139790000,43.07,1942.07,684,silver,25,52.95,0
A0066,1773329133000,191.44,500.53,393,bronze,2,48.35,1
A0068,1772404011000,8.53,1468.28,444,bronze,25,51.5,1
A0071,1772130290000,156.24,4878.12,735,gold,5,49.17,0
A0072,1772520709000,37.81,5472.14,564,bronze,2,48.05,1
A0072,1772520709000,37.81,5472.14,580,bronze,2,48.05,1
A0073,1772776784000,59.49,7900.1,710,bronze,11,48.08,0
A0073,1772776784000,59.49,7900.1,651,silver,11,48.08,0
A0074,1772311248000,74.35,6578.24,768,bronze,36,56.59,0
A0077,1772870626000,9.95,3809.23,735,silver,39,53.23,0
A0077,1772870626000,9.95,3809.23,697,silver,39,53.23,0
A0078,1773025240000,55.05,6631.89,553,gold,4,37.88,1
A0080,1772100088000,147.04,6838.08,731,gold,3,55.66,0
A0080,1772100088000,147.04,6838.08,664,gold,3,55.66,0
A0085,1772157868000,8.54,4027.8,745,gold,2,52.28,1
A0086,1772430414000,43.01,8485.31,715,silver,23,49.37,0
A0086,1772430414000,43.01,8485.31,750,bronze,23,49.37,0
A0087,1773025914000,51.76,6593.71,420,bronze,26,61.15,1
A0088,1772237126000,56.82,5459.99,619,bronze,31,45.96,0
A0089,1772729547000,25.75,-521.8,403,gold,11,44.06,0
A0093,1772777344000,6.59,2353.56,803,silver,20,49.62,1
A0094,1773201675000,165.99,4233.62,648,silver,15,41.06,0
A0094,1773201675000,165.99,4233.62,667,silver,15,41.06,0
A0095,1772605386000,94.19,7765.51,337,gold,21,53.18,1
A0096,1772228370000,23.24,3081.3,704,silver,14,49.53,1
A0097,1772401000000,27.42,4544.99,700,gold,13,52.76,0
A0098,1772183464000,325.99,4128.38,572,gold,6,53.87,1
A0098,1772183464000,325.99,4128.38,632,bronze,6,53.87,1
A0099,1772231801000,20.73,8373.73,679,gold,3,47.72,0
A0001,1773482046000,7.64,7170.01,301,bronze,30,48.71,0
A0001,1773482046000,7.64,7170.01,322,bronze,30,48.71,0
A0002,1773533318000,26.61,4228.62,314,silver,32,49.18,1
A0002,1773533318000,26.61,4228.62,394,gold,32,49.18,1
A0005,1773584013000,25.63,4562.85,622,bronze,19,41.47,0
A0010,1772742518000,4.36,2594.53,662,gold,39,48.21,0
A0010,1772742518000,4.36,2594.53,648,silver,39,48.21,0
A0016,1773530553000,28.67,4364.28,667,gold,17,46.66,1
A0018,1772833808000,110.86,742.66,536,silver,39,64.31,0
A0018,1772833808000,110.86,742.66,496,silver,39,64.31,0
A0019,1773057698000,8.22,6456.8,678,gold,25,51.31,0
A0020,1773239267000,139.74,4612.71,761,bronze,16,44.44,0
A0021,1773421617000,17.14,3814.65,405,gold,36,49.01,0
A0021,1773421617000,17.14,3814.65,368,silver,36,49.01,0
A0023,1773639389000,128.64,4163.35,788,silver,20,57.62,0
A0024,1773051955000,424.29,6064.07,697,silver,32,46.12,1
A0028,1773418467000,21.69,4086.2,683,gold,8,54.22,0
A0028,1773418467000,21.69,4086.2,621,bronze,8,54.22,0
A0036,1773600028000,19.68,6064.38,337,gold,24,51.98,1
A0036,1773600028000,19.68,6064.38,300,bronze,24,51.98,1
A0039,1773212738000,52.82,4600.71,367,silver,6,64.76,1
A0042,1773257148000,19.13,3794.52,480,gold,34,49.92,0
A0044,1773699927000,68.64,5327.42,544,bronze,24,43.05,1
A0044,1773699927000,68.64,5327.42,469,silver,24,43.05,1
A0046,1773101366000,81.41,4673.06,702,bronze,18,52.56,1
A0047,1773198803000,27.69,7834.56,453,gold,38,49.22,0
A0047,1773198803000,27.69,7834.56,526,bronze,38,49.22,0
A0054,1773162549000,6.79,6781.91,779,bronze,21,44.65,0
A0054,1773162549000,6.79,6781.91,709,gold,21,44.65,0
A0059,1772844421000,50.2,4253.14,536,bronze,18,45.9,1
A0059,1772844421000,50.2,4253.14,616,gold,18,45.9,1
A0060,1773429192000,42.75,9592.93,651,silver,34,51.8,1
A0064,1773352088000,27.64,5538.96,520,bronze,16,47.42,1
A0064,1773352088000,27.64,5538.96,576,gold,16,47.42,1
A0067,1773218371000,12.63,7981.15,306,bronze,5,43.64,1
A0069,1773261848000,16.72,4648.62,801,silver,25,46.16,1
A0070,1773605593000,13.25,3492.96,713,bronze,34,47.54,0
A0075,1773324061000,96.13,9456.4,647,bronze,7,55.3,1
A0075,1773324061000,96.13,9456.4,595,bronze,7,55.3,1
A0076,1773623548000,113.24,4353.83,391,gold,11,46.85,0
A0079,1773582000000,105.81,7734.35,650,silver,4,59.99,1
A0079,1773582000000,105.81,7734.35,707,silver,4,59.99,1
A0081,1773357508000,17.93,1827.56,655,gold,20,48.07,1
A0081,1773357508000,17.93,1827.56,649,silver,20,48.07,1
A0082,1773230547000,35.87,2583.33,758,bronze,36,56.69,0
A0082,1773230547000,35.87,2583.33,790,silver,36,56.69,0
A0083,1773047399000,83.8,8689.86,440,bronze,24,49.99,1
A0083,1773047399000,83.8,8689.86,500,silver,24,49.99,1
A0091,1772984489000,6.18,4532.13,499,bronze,26,58.33,0
A0092,1773625211000,63.68,3712.53,302,gold,37,51.37,0
A0000,1772304939000,13.64,1040.31,729,gold,11,50.62,0
A0003,1772002067000,22.96,596.85,635,silver,31,52.13,1
A0006,1772921288000,33.6,5589.22,306,silver,21,49.23,0
A0006,1772921288000,33.6,5589.22,364,silver,21,49.23,0
A0007,1772402687000,75.24,5896.76,789,gold,13,51.23,1
A0008,1772533491000,74.78,6079.19,320,gold,14,49.8,0
A0009,1772362866000,22.22,3612.1,433,bronze,16,51.66,0
A0012,1773351720000,24.41,6699.42,530,bronze,34,44.41,1
A0012,1773351720000,24.41,6699.42,574,bronze,34,44.41,1
A0013,1771992198000,22.96,5313.04,318,bronze,29,53.45,0
A0015,1772346000000,71.37,4417.59,695,silver,39,47.9,0
A0015,1772346000000,71.37,4417.59,756,gold,39,47.9,0
A0017,1772437869000,54.94,6146.77,627,bronze,29,45.72,1
A0017,1772437869000,54.94,6146.77,699,gold,29,45.72,1
A0022,1772737441000,61.98,89.86,845,bronze,26,50.32,1
A0025,1772133384000,219.09,5867.78,375,gold,2,49.22,0
A0026,1772631959000,37.39,5591.1,740,bronze,28,48.31,1
A0027,1772767070000,654.26,3637.41,375,silver,4,39.93,0
A0029,1772375918000,23.52,8785.89,686,silver,8,57.34,0
A0030,1772303825000,29.34,7910.02,668,bronze,11,43.34,1
A0030,1772303825000,29.34,7910.02,737,silver,11,43.34,1
A0031,1772438414000,35.88,3383.5,848,bronze,28,46.19,1
A0032,1772725237000,159.05,1924.56,776,silver,37,48.54,0
A0033,1772108079000,6.3,2937.43,406,gold,25,53.99,0
A0034,1772107506000,70.27,6185.73,525,silver,29,57.97,0
A0035,1771998570000,17.82,7422.94,638,bronze,24,50.49,0
A0037,1772145288000,79.19,5528.36,844,silver,27,54.02,0
A0038,1772100788000,89.67,2663.08,597,gold,35,57.49,0
A0038,1772100788000,89.67,2663.08,582,bronze,35,57.49,0
A0040,1772229558000,52.16,5300.83,314,bronze,5,48.15,1
A0041,1772562988000,51.79,4984.86,696,silver,22,43.14,0
A0045,1772645690000,32.2,5321.02,770,bronze,16,47.56,1
A0045,1772645690000,32.2,5321.02,797,silver,16,47.56,1
A0048,1772721561000,46.81,4783.86,603,bronze,19,63.25,0
A0050,1773171825000,134.7,2658.58,346,gold,34,49.87,1
A0052,1772908341000,153.53,8939.79,723,bronze,13,44.27,1
A0053,1772467823000,27.52,5688.61,439,silver,5,51.44,1
A0055,1772169998000,67.62,4561.39,653,bronze,34,56.1,1
A0056,1772077551000,8.69,5999.72,722,bronze,38,43.62,1
A0057,1772528858000,3.86,5827.16,399,silver,26,46.73,0
A0058,1772062059000,160.58,5820.23,516,gold,37,55.23,0
A0061,1772941057000,42.28,4555.41,307,silver,28,42.84,1
A0061,1772941057000,42.28,4555.41,300,bronze,28,42.84,1
A0062,1772815600000,29.07,4084.32,771,silver,29,52.95,0
A0063,1772909258000,22.24,4701.47,656,gold,35,46.04,1
A0065,1773139790000,35.36,1889.8,608,silver,25,52.95,0
A0065,1773139790000,35.36,1889.8,684,silver,25,52.95,0
A0066,1773329133000,25.07,1414.01,393,bronze,2,48.35,1
A0068,1772404011000,8.53,1468.28,444,bronze,25,51.5,1
A0072,1772520709000,49.91,4922.21,564,bronze,2,48.05,1
A0072,1772520709000,49.91,4922.21,580,bronze,2,48.05,1
A0073,1772776784000,16.48,7406.57,710,bronze,11,48.08,0
A0073,1772776784000,16.48,7406.57,651,silver,11,48.08,0
A0074,1772311248000,8.76,5818.33,768,bronze,36,56.59,0
A0077,1772870626000,28.26,3927.58,735,silver,39,53.23,0
A0077,1772870626000,28.26,3927.58,697,silver,39,53.23,0
A0078,1773025240000,80.32,6214.42,553,gold,4,37.88,1
A0080,1772100088000,20.04,5736.56,731,gold,3,55.66,0
A0080,1772100088000,20.04,5736.56,664,gold,3,55.66,0
A0086,1772430414000,28.15,8308.47,715,silver,23,49.37,0
A0086,1772430414000,28.15,8308.47,750,bronze,23,49.37,0
A0087,1773025914000,44.33,6657.02,420,bronze,26,61.15,1
A0088,1772237126000,18.58,5111.19,619,bronze,31,45.96,0
A0089,1772729547000,116.0,-765.45,403,gold,11,44.06,0
A0090,1772150045000,10.22,6082.85,472,bronze,8,46.76,1
A0090,1772150045000,10.22,6082.85,440,silver,8,46.76,1
A0093,1772777344000,102.16,2126.34,803,silver,20,49.62,1
A0094,1773201675000,21.29,4721.47,648,silver,15,41.06,0
A0094,1773201675000,21.29,4721.47,667,silver,15,41.06,0
A0095,1772605386000,40.74,7309.66,337,gold,21,53.18,1
A0096,1772228370000,21.01,3094.05,704,silver,14,49.53,1
A0097,1772401000000,5.45,5250.96,700,gold,13,52.76,0
A0098,1772183464000,15.02,3889.41,572,gold,6,53.87,1
A0098,1772183464000,15.02,3889.41,632,bronze,6,53.87,1
A0099,1772231801000,18.84,8897.73,679,gold,3,47.72,0
A0001,1773482046000,25.28,7193.97,301,bronze,30,48.71,0
A0001,1773482046000,25.28,7193.97,322,bronze,30,48.71,0
A0002,1773533318000,96.22,4174.94,314,silver,32,49.18,1
A0002,1773533318000,96.22,4174.94,394,gold,32,49.18,1
A0016,1773530553000,28.67,4364.28,667,gold,17,46.66,1
A0018,1772833808000,110.86,742.66,536,silver,39,64.31,0
A0018,1772833808000,110.86,742.66,496,silver,39,64.31,0
A0019,1773057698000,61.36,6377.91,678,gold,25,51.31,0
A0020,1773239267000,118.38,4245.46,761,bronze,16,44.44,0
A0023,1773639389000,35.62,3805.55,788,silver,20,57.62,0
A0028,1773418467000,7.51,3524.64,683,gold,8,54.22,0
A0028,1773418467000,7.51,3524.64,621,bronze,8,54.22,0
A0036,1773600028000,25.04,5990.39,337,gold,24,51.98,1
A0036,1773600028000,25.04,5990.39,300,bronze,24,51.98,1
A0042,1773257148000,153.3,3768.54,480,gold,34,49.92,0
A0044,1773699927000,15.51,5530.6,544,bronze,24,43.05,1
A0044,1773699927000,15.51,5530.6,469,silver,24,43.05,1
A0046,1773101366000,81.41,4673.06,702,bronze,18,52.56,1
A0047,1773198803000,12.45,7973.87,453,gold,38,49.22,0
A0047,1773198803000,12.45,7973.87,526,bronze,38,49.22,0
A0054,1773162549000,4.11,6536.58,779,bronze,21,44.65,0
A0054,1773162549000,4.11,6536.58,709,gold,21,44.65,0
A0059,1772844421000,50.2,4253.14,536,bronze,18,45.9,1
A0059,1772844421000,50.2,4253.14,616,gold,18,45.9,1
A0060,1773429192000,33.5,9276.9,651,silver,34,51.8,1
A0064,1773352088000,19.87,6335.52,520,bronze,16,47.42,1
A0064,1773352088000,19.87,6335.52,576,gold,16,47.42,1
A0067,1773218371000,13.21,7861.44,306,bronze,5,43.64,1
A0069,1773261848000,6.39,4810.55,801,silver,25,46.16,1
A0070,1773605593000,32.58,3417.71,713,bronze,34,47.54,0
A0076,1773623548000,29.58,4255.95,391,gold,11,46.85,0
A0079,1773582000000,20.02,7762.47,650,silver,4,59.99,1
A0079,1773582000000,20.02,7762.47,707,silver,4,59.99,1
A0081,1773357508000,17.93,1827.56,655,gold,20,48.07,1
A0081,1773357508000,17.93,1827.56,649,silver,20,48.07,1
A0082,1773230547000,17.79,2957.15,758,bronze,36,56.69,0
A0082,1773230547000,17.79,2957.15,790,silver,36,56.69,0
A0092,1773625211000,18.0,4299.01,302,gold,37,51.37,0
A0000,1772304939000,9.11,1010.21,729,gold,11,50.62,0
A0006,1772921288000,112.98,5881.84,306,silver,21,49.23,0
A0006,1772921288000,112.98,5881.84,364,silver,21,49.23,0
A0007,1772402687000,31.33,5359.38,789,gold,13,51.23,1
A0008,1772533491000,91.24,4839.94,320,gold,14,49.8,0
A0012,1773351720000,16.32,7438.36,530,bronze,34,44.41,1
A0012,1773351720000,16.32,7438.36,574,bronze,34,44.41,1
A0013,1771992198000,102.12,5900.81,318,bronze,29,53.45,0
A0015,1772346000000,225.52,4348.89,695,silver,39,47.9,0
A0015,1772346000000,225.52,4348.89,756,gold,39,47.9,0
A0017,1772437869000,28.29,5831.29,627,bronze,29,45.72,1
A0017,1772437869000,28.29,5831.29,699,gold,29,45.72,1
A0022,1772737441000,11.54,-382.1,845,bronze,26,50.32,1
A0025,1772133384000,6.5,5898.23,375,gold,2,49.22,0
A0030,1772303825000,13.32,7774.09,668,bronze,11,43.34,1
A0030,1772303825000,13.32,7774.09,737,silver,11,43.34,1
A0031,1772438414000,44.92,3387.87,848,bronze,28,46.19,1
A0032,1772725237000,3.81,1561.51,776,silver,37,48.54,0
A0034,1772107506000,668.15,6020.43,525,silver,29,57.97,0
A0035,1771998570000,31.9,7140.77,638,bronze,24,50.49,0
A0038,1772100788000,17.01,2673.35,597,gold,35,57.49,0
A0038,1772100788000,17.01,2673.35,582,bronze,35,57.49,0
A0040,1772229558000,61.33,5003.27,314,bronze,5,48.15,1
A0041,1772562988000,10.05,5062.0,696,silver,22,43.14,0
A0050,1773171825000,14.02,2672.92,346,gold,34,49.87,1
A0051,1772372388000,72.37,1814.27,384,gold,36,51.33,0
A0052,1772908341000,92.07,9047.05,723,bronze,13,44.27,1
A0053,1772467823000,119.92,4484.66,439,silver,5,51.44,1
A0055,1772169998000,15.78,3937.05,653,bronze,34,56.1,1
A0056,1772077551000,12.35,5993.07,722,bronze,38,43.62,1
A0057,1772528858000,2.76,5573.73,399,silver,26,46.73,0
A0058,1772062059000,11.12,6212.87,516,gold,37,55.23,0
A0061,1772941057000,31.93,4047.07,307,silver,28,42.84,1
A0061,1772941057000,31.93,4047.07,300,bronze,28,42.84,1
A0063,1772909258000,29.36,4604.24,656,gold,35,46.04,1
A0065,1773139790000,7.64,2179.85,608,silver,25,52.95,0
A0065,1773139790000,7.64,2179.85,684,silver,25,52.95,0
A0066,1773329133000,9.05,1381.4,393,bronze,2,48.35,1
A0068,1772404011000,59.47,989.96,444,bronze,25,51.5,1
A0072,1772520709000,58.16,4684.86,564,bronze,2,48.05,1
A0072,1772520709000,58.16,4684.86,580,bronze,2,48.05,1
A0073,1772776784000,18.66,7149.84,710,bronze,11,48.08,0
A0073,1772776784000,18.66,7149.84,651,silver,11,48.08,0
A0080,1772100088000,10.36,6311.64,731,gold,3,55.66,0
A0080,1772100088000,10.36,6311.64,664,gold,3,55.66,0
A0087,1773025914000,89.87,7197.02,420,bronze,26,61.15,1
A0089,1772729547000,53.45,-850.31,403,gold,11,44.06,0
A0090,1772150045000,14.65,5649.68,472,bronze,8,46.76,1
A0090,1772150045000,14.65,5649.68,440,silver,8,46.76,1
A0093,1772777344000,31.12,2507.98,803,silver,20,49.62,1
A0096,1772228370000,25.4,2656.67,704,silver,14,49.53,1
A0097,1772401000000,104.69,5464.67,700,gold,13,52.76,0
A0098,1772183464000,487.91,3540.28,572,gold,6,53.87,1
A0098,1772183464000,487.91,3540.28,632,bronze,6,53.87,1
A0099,1772231801000,36.73,8492.56,679,gold,3,47.72,0
A0019,1773057698000,15.69,6477.77,678,gold,25,51.31,0
A0036,1773600028000,20.67,6331.03,337,gold,24,51.98,1
A0036,1773600028000,20.67,6331.03,300,bronze,24,51.98,1
A0046,1773101366000,25.25,4493.91,702,bronze,18,52.56,1
A0047,1773198803000,29.16,8204.51,453,gold,38,49.22,0
A0047,1773198803000,29.16,8204.51,526,bronze,38,49.22,0
A0054,1773162549000,45.04,6040.04,779,bronze,21,44.65,0
A0054,1773162549000,45.04,6040.04,709,gold,21,44.65,0
A0060,1773429192000,236.04,9781.93,651,silver,34,51.8,1
A0067,1773218371000,13.83,7690.19,306,bronze,5,43.64,1
A0069,1773261848000,50.99,5103.57,801,silver,25,46.16,1
A0076,1773623548000,32.89,4341.84,391,gold,11,46.85,0
A0079,1773582000000,12.48,7796.83,650,silver,4,59.99,1
A0079,1773582000000,12.48,7796.83,707,silver,4,59.99,1
A0081,1773357508000,97.93,1386.72,655,gold,20,48.07,1
A0081,1773357508000,97.93,1386.72,649,silver,20,48.07,1
A0082,1773230547000,9.3,3198.07,758,bronze,36,56.69,0
A0082,1773230547000,9.3,3198.07,790,silver,36,56.69,0
A0000,1772304939000,37.85,1424.53,729,gold,11,50.62,0
A0006,1772921288000,237.53,5864.41,306,silver,21,49.23,0
A0006,1772921288000,237.53,5864.41,364,silver,21,49.23,0
A0007,1772402687000,31.95,5813.5,789,gold,13,51.23,1
A0008,1772533491000,13.99,4898.25,320,gold,14,49.8,0
A0012,1773351720000,43.1,6181.91,530,bronze,34,44.41,1
A0012,1773351720000,43.1,6181.91,574,bronze,34,44.41,1
A0013,1771992198000,75.23,6030.68,318,bronze,29,53.45,0
A0015,1772346000000,18.93,4929.61,695,silver,39,47.9,0
A0015,1772346000000,18.93,4929.61,756,gold,39,47.9,0
A0017,1772437869000,86.64,5327.62,627,bronze,29,45.72,1
A0017,1772437869000,86.64,5327.62,699,gold,29,45.72,1
A0022,1772737441000,117.98,88.15,845,bronze,26,50.32,1
A0025,1772133384000,4.67,5434.84,375,gold,2,49.22,0
A0031,1772438414000,32.91,3227.2,848,bronze,28,46.19,1
A0032,1772725237000,4.66,1820.07,776,silver,37,48.54,0
A0034,1772107506000,324.24,5454.31,525,silver,29,57.97,0
A0035,1771998570000,7.2,6993.64,638,bronze,24,50.49,0
A0040,1772229558000,46.19,5475.0,314,bronze,5,48.15,1
A0041,1772562988000,156.95,4263.71,696,silver,22,43.14,0
A0050,1773171825000,31.12,3268.06,346,gold,34,49.87,1
A0051,1772372388000,5.85,1752.94,384,gold,36,51.33,0
A0052,1772908341000,44.53,9179.5,723,bronze,13,44.27,1
A0055,1772169998000,13.42,3948.97,653,bronze,34,56.1,1
A0065,1773139790000,2.07,2267.94,608,silver,25,52.95,0
A0065,1773139790000,2.07,2267.94,684,silver,25,52.95,0
A0066,1773329133000,13.34,785.93,393,bronze,2,48.35,1
A0068,1772404011000,26.58,1535.31,444,bronze,25,51.5,1
A0073,1772776784000,8.38,7512.22,710,bronze,11,48.08,0
A0073,1772776784000,8.38,7512.22,651,silver,11,48.08,0
A0080,1772100088000,10.36,6311.64,731,gold,3,55.66,0
A0080,1772100088000,10.36,6311.64,664,gold,3,55.66,0
A0087,1773025914000,72.31,7179.63,420,bronze,26,61.15,1
A0089,1772729547000,22.02,-227.75,403,gold,11,44.06,0
A0090,1772150045000,62.1,5860.9,472,bronze,8,46.76,1
A0090,1772150045000,62.1,5860.9,440,silver,8,46.76,1
A0096,1772228370000,60.45,3298.26,704,silver,14,49.53,1
A0098,1772183464000,487.91,3540.28,572,gold,6,53.87,1
A0098,1772183464000,487.91,3540.28,632,bronze,6,53.87,1
A0099,1772231801000,36.73,8492.56,679,gold,3,47.72,0
A0019,1773057698000,21.05,6742.4,678,gold,25,51.31,0
A0047,1773198803000,3.18,7526.88,453,gold,38,49.22,0
A0047,1773198803000,3.18,7526.88,526,bronze,38,49.22,0
A0060,1773429192000,39.52,9495.82,651,silver,34,51.8,1
A0067,1773218371000,29.04,7219.06,306,bronze,5,43.64,1
A0069,1773261848000,4.79,5639.54,801,silver,25,46.16,1
A0081,1773357508000,58.09,2124.85,655,gold,20,48.07,1
A0081,1773357508000,58.09,2124.85,649,silver,20,48.07,1
A0082,1773230547000,14.25,3715.56,758,bronze,36,56.69,0
A0082,1773230547000,14.25,3715.56,790,silver,36,56.69,0
A0000,1772304939000,6.74,1196.05,729,gold,11,50.62,0
A0007,1772402687000,31.95,5813.5,789,gold,13,51.23,1
A0017,1772437869000,33.83,5633.3,627,bronze,29,45.72,1
A0017,1772437869000,33.83,5633.3,699,gold,29,45.72,1
A0025,1772133384000,4.67,5434.84,375,gold,2,49.22,0
A0041,1772562988000,72.48,3995.31,696,silver,22,43.14,0
A0050,1773171825000,64.42,3085.44,346,gold,34,49.87,1
A0051,1772372388000,65.22,2811.86,384,gold,36,51.33,0
A0055,1772169998000,32.95,3863.06,653,bronze,34,56.1,1
A0068,1772404011000,26.58,1535.31,444,bronze,25,51.5,1
A0073,1772776784000,8.38,7512.22,710,bronze,11,48.08,0
A0073,1772776784000,8.38,7512.22,651,silver,11,48.08,0
A0090,1772150045000,18.23,6158.82,472,bronze,8,46.76,1
A0090,1772150045000,18.23,6158.82,440,silver,8,46.76,1
A0098,1772183464000,126.27,3385.24,572,gold,6,53.87,1
A0098,1772183464000,126.27,3385.24,632,bronze,6,53.87,1
A0099,1772231801000,77.06,8596.24,679,gold,3,47.72,0
A0000,1772304939000,6.74,1196.05,729,gold,11,50.62,0
A0007,1772402687000,119.32,6590.68,789,gold,13,51.23,1
A0050,1773171825000,64.42,3085.44,346,gold,34,49.87,1
A0051,1772372388000,13.9,2865.78,384,gold,36,51.33,0
A0073,1772776784000,54.66,7233.38,710,bronze,11,48.08,0
A0073,1772776784000,54.66,7233.38,651,silver,11,48.08,0
A0090,1772150045000,18.23,6158.82,472,bronze,8,46.76,1
A0090,1772150045000,18.23,6158.82,440,silver,8,46.76,1
A0098,1772183464000,67.16,3338.89,572,gold,6,53.87,1
A0098,1772183464000,67.16,3338.89,632,bronze,6,53.87,1
A0001,1773482046000,85.67,7566.48,301,bronze,21,48.71,0
A0001,1773482046000,85.67,7566.48,322,bronze,21,48.71,0
A0002,1773533318000,78.88,1991.51,314,silver,0,49.18,1
A0002,1773533318000,78.88,1991.51,394,gold,0,49.18,1
A0005,1773584013000,34.22,4883.98,622,bronze,39,41.47,0
A0010,1772742518000,30.25,3024.06,662,gold,16,48.21,0
A0010,1772742518000,30.25,3024.06,648,silver,16,48.21,0
A0014,1772951255000,39.28,2503.24,646,silver,25,46.81,1
A0016,1773530553000,6.2,2372.35,667,gold,25,46.66,1
A0018,1772833808000,17.59,1679.94,536,silver,11,64.31,0
A0018,1772833808000,17.59,1679.94,496,silver,11,64.31,0
A0019,1773057698000,15.64,7267.41,678,gold,10,51.31,0
A0020,1773239267000,14.81,4881.72,761,bronze,0,44.44,0
A0021,1773421617000,16.99,3959.37,405,gold,32,49.01,0
A0021,1773421617000,16.99,3959.37,368,silver,32,49.01,0
A0023,1773639389000,73.31,3105.09,788,silver,32,57.62,0
A0028,1773418467000,23.16,3941.34,683,gold,39,54.22,0
A0028,1773418467000,23.16,3941.34,621,bronze,39,54.22,0
A0036,1773600028000,171.57,5928.03,337,gold,36,51.98,1
A0036,1773600028000,171.57,5928.03,300,bronze,36,51.98,1
A0042,1773257148000,58.7,3871.74,480,gold,9,49.92,0
A0044,1773699927000,28.07,4668.45,544,bronze,9,43.05,1
A0044,1773699927000,28.07,4668.45,469,silver,9,43.05,1
A0046,1773101366000,13.11,3419.02,702,bronze,35,52.56,1
A0049,1773280471000,25.01,2467.6,496,bronze,24,52.58,0
A0054,1773162549000,8.22,6499.74,779,bronze,2,44.65,0
A0054,1773162549000,8.22,6499.74,709,gold,2,44.65,0
A0059,1772844421000,12.88,5311.85,536,bronze,9,45.9,1
A0059,1772844421000,12.88,5311.85,616,gold,9,45.9,1
A0060,1773429192000,65.92,9434.13,651,silver,12,51.8,1
A0064,1773352088000,19.25,5424.78,520,bronze,1,47.42,1
A0064,1773352088000,19.25,5424.78,576,gold,1,47.42,1
A0067,1773218371000,14.76,7546.56,306,bronze,2,43.64,1
A0069,1773261848000,5.87,4834.91,801,silver,10,46.16,1
A0070,1773605593000,36.32,3568.8,713,bronze,3,47.54,0
A0075,1773324061000,5.54,7495.08,647,bronze,3,55.3,1
A0075,1773324061000,5.54,7495.08,595,bronze,3,55.3,1
A0076,1773623548000,21.01,3969.39,391,gold,8,46.85,0
A0079,1773582000000,30.61,8362.03,650,silver,34,59.99,1
A0079,1773582000000,30.61,8362.03,707,silver,34,59.99,1
A0081,1773357508000,94.93,2471.49,655,gold,37,48.07,1
A0081,1773357508000,94.93,2471.49,649,silver,37,48.07,1
A0083,1773047399000,6.88,8980.68,440,bronze,3,49.99,1
A0083,1773047399000,6.88,8980.68,500,silver,3,49.99,1
A0084,1773392158000,399.85,3735.35,435,silver,15,50.64,1
A0091,1772984489000,86.99,4467.5,499,bronze,6,58.33,0
A0092,1773625211000,33.31,3774.71,302,gold,33,51.37,0
A0000,1772304939000,292.47,727.5,729,gold,4,50.62,0
A0003,1772002067000,22.76,981.82,635,silver,33,52.13,1
A0004,1772086537000,15.38,8916.02,808,gold,6,46.73,0
A0006,1772921288000,162.73,6919.85,306,silver,23,49.23,0
A0006,1772921288000,162.73,6919.85,364,silver,23,49.23,0
A0009,1772362866000,9.12,3382.1,433,bronze,31,51.66,0
A0011,1772882905000,15.11,5942.72,739,gold,21,59.03,0
A0013,1771992198000,16.08,5645.17,318,bronze,38,53.45,0
A0015,1772346000000,276.69,4487.56,695,silver,2,47.9,0
A0015,1772346000000,276.69,4487.56,756,gold,2,47.9,0
A0017,1772437869000,3.69,5770.43,627,bronze,5,45.72,1
A0017,1772437869000,3.69,5770.43,699,gold,5,45.72,1
A0022,1772737441000,59.35,-490.56,845,bronze,33,50.32,1
A0026,1772631959000,10.66,6060.26,740,bronze,26,48.31,1
A0029,1772375918000,16.05,8950.99,686,silver,14,57.34,0
A0030,1772303825000,23.25,6539.91,668,bronze,17,43.34,1
A0030,1772303825000,23.25,6539.91,737,silver,17,43.34,1
A0035,1771998570000,12.13,6804.43,638,bronze,2,50.49,0
A0037,1772145288000,71.97,5784.12,844,silver,14,54.02,0
A0040,1772229558000,15.39,5318.7,314,bronze,37,48.15,1
A0041,1772562988000,3.51,4720.21,696,silver,22,43.14,0
A0043,1772487954000,281.54,5158.22,786,bronze,8,53.74,0
A0045,1772645690000,9.9,5071.37,770,bronze,34,47.56,1
A0045,1772645690000,9.9,5071.37,797,silver,34,47.56,1
A0048,1772721561000,28.71,5183.15,603,bronze,18,63.25,0
A0051,1772372388000,24.53,1357.63,384,gold,10,51.33,0
A0052,1772908341000,63.44,8600.78,723,bronze,0,44.27,1
A0053,1772467823000,24.93,5216.42,439,silver,16,51.44,1
A0055,1772169998000,69.9,4535.95,653,bronze,11,56.1,1
A0056,1772077551000,99.11,5535.8,722,bronze,39,43.62,1
A0057,1772528858000,38.63,5992.2,399,silver,36,46.73,0
A0062,1772815600000,15.23,3983.38,771,silver,29,52.95,0
A0065,1773139790000,46.5,2764.87,608,silver,32,52.95,0
A0065,1773139790000,46.5,2764.87,684,silver,32,52.95,0
A0066,1773329133000,66.17,478.64,393,bronze,38,48.35,1
A0068,1772404011000,58.54,1308.89,444,bronze,25,51.5,1
A0071,1772130290000,70.32,4249.57,735,gold,28,49.17,0
A0077,1772870626000,27.4,4119.82,735,silver,13,53.23,0
A0077,1772870626000,27.4,4119.82,697,silver,13,53.23,0
A0078,1773025240000,17.95,5632.37,553,gold,10,37.88,1
A0080,1772100088000,6.4,6545.4,731,gold,3,55.66,0
A0080,1772100088000,6.4,6545.4,664,gold,3,55.66,0
A0085,1772157868000,29.93,3984.69,745,gold,12,52.28,1
A0086,1772430414000,54.97,7720.12,715,silver,35,49.37,0
A0086,1772430414000,54.97,7720.12,750,bronze,35,49.37,0
A0087,1773025914000,65.95,5758.32,420,bronze,11,61.15,1
A0088,1772237126000,26.98,5461.0,619,bronze,0,45.96,0
A0090,1772150045000,3.03,5936.31,472,bronze,14,46.76,1
A0090,1772150045000,3.03,5936.31,440,silver,14,46.76,1
A0093,1772777344000,7.54,3063.7,803,silver,23,49.62,1
A0094,1773201675000,28.06,4959.47,648,silver,8,41.06,0
A0094,1773201675000,28.06,4959.47,667,silver,8,41.06,0
A0098,1772183464000,15.35,3398.31,572,gold,37,53.87,1
A0098,1772183464000,15.35,3398.31,632,bronze,37,53.87,1
A0099,1772231801000,172.41,7978.29,679,gold,3,47.72,0
A0001,1773482046000,41.95,8031.18,301,bronze,21,48.71,0
A0001,1773482046000,41.95,8031.18,322,bronze,21,48.71,0
A0002,1773533318000,15.01,2553.92,314,silver,0,49.18,1
A0002,1773533318000,15.01,2553.92,394,gold,0,49.18,1
A0005,1773584013000,145.92,4889.91,622,bronze,39,41.47,0
A0014,1772951255000,96.46,2064.06,646,silver,25,46.81,1
A0016,1773530553000,42.28,2355.59,667,gold,25,46.66,1
A0019,1773057698000,15.64,7267.41,678,gold,10,51.31,0
A0020,1773239267000,45.11,3814.68,761,bronze,0,44.44,0
A0021,1773421617000,10.81,3467.06,405,gold,32,49.01,0
A0021,1773421617000,10.81,3467.06,368,silver,32,49.01,0
A0023,1773639389000,30.03,3704.16,788,silver,32,57.62,0
A0024,1773051955000,28.9,6028.76,697,silver,22,46.12,1
A0028,1773418467000,32.43,3664.37,683,gold,39,54.22,0
A0028,1773418467000,32.43,3664.37,621,bronze,39,54.22,0
A0036,1773600028000,3.51,5334.17,337,gold,36,51.98,1
A0036,1773600028000,3.51,5334.17,300,bronze,36,51.98,1
A0039,1773212738000,13.22,5490.55,367,silver,32,64.76,1
A0042,1773257148000,69.83,3387.47,480,gold,9,49.92,0
A0044,1773699927000,86.18,4780.61,544,bronze,9,43.05,1
A0044,1773699927000,86.18,4780.61,469,silver,9,43.05,1
A0046,1773101366000,20.35,3429.05,702,bronze,35,52.56,1
A0047,1773198803000,40.32,7420.09,453,gold,27,49.22,0
A0047,1773198803000,40.32,7420.09,526,bronze,27,49.22,0
A0049,1773280471000,82.67,2323.96,496,bronze,24,52.58,0
A0054,1773162549000,20.31,6276.33,779,bronze,2,44.65,0
A0054,1773162549000,20.31,6276.33,709,gold,2,44.65,0
A0060,1773429192000,96.13,9614.79,651,silver,12,51.8,1
A0064,1773352088000,18.36,5563.65,520,bronze,1,47.42,1
A0064,1773352088000,18.36,5563.65,576,gold,1,47.42,1
A0070,1773605593000,25.42,2987.05,713,bronze,3,47.54,0
A0075,1773324061000,90.26,7794.25,647,bronze,3,55.3,1
A0075,1773324061000,90.26,7794.25,595,bronze,3,55.3,1
A0076,1773623548000,30.93,3856.31,391,gold,8,46.85,0
A0079,1773582000000,15.67,8744.9,650,silver,34,59.99,1
A0079,1773582000000,15.67,8744.9,707,silver,34,59.99,1
A0081,1773357508000,97.78,2024.67,655,gold,37,48.07,1
A0081,1773357508000,97.78,2024.67,649,silver,37,48.07,1
A0083,1773047399000,28.36,9070.94,440,bronze,3,49.99,1
A0083,1773047399000,28.36,9070.94,500,silver,3,49.99,1
A0084,1773392158000,7.05,4192.66,435,silver,15,50.64,1
A0091,1772984489000,119.44,4052.27,499,bronze,6,58.33,0
A0092,1773625211000,32.27,4110.16,302,gold,33,51.37,0
A0003,1772002067000,14.38,807.42,635,silver,33,52.13,1
A0004,1772086537000,89.33,8941.12,808,gold,6,46.73,0
A0006,1772921288000,31.43,6547.24,306,silver,23,49.23,0
A0006,1772921288000,31.43,6547.24,364,silver,23,49.23,0
A0007,1772402687000,286.54,6572.13,789,gold,31,51.23,1
A0009,1772362866000,30.46,3089.86,433,bronze,31,51.66,0
A0011,1772882905000,7.49,5710.99,739,gold,21,59.03,0
A0012,1773351720000,17.5,7275.84,530,bronze,6,44.41,1
A0012,1773351720000,17.5,7275.84,574,bronze,6,44.41,1
A0015,1772346000000,2.76,4817.52,695,silver,2,47.9,0
A0015,1772346000000,2.76,4817.52,756,gold,2,47.9,0
A0022,1772737441000,183.38,-1416.34,845,bronze,33,50.32,1
A0025,1772133384000,35.21,6350.49,375,gold,23,49.22,0
A0027,1772767070000,36.9,3845.79,375,silver,32,39.93,0
A0029,1772375918000,104.48,8620.83,686,silver,14,57.34,0
A0030,1772303825000,8.75,7663.1,668,bronze,17,43.34,1
A0030,1772303825000,8.75,7663.1,737,silver,17,43.34,1
A0032,1772725237000,35.46,1542.35,776,silver,0,48.54,0
A0033,1772108079000,782.28,3051.28,406,gold,3,53.99,0
A0034,1772107506000,260.99,6407.16,525,silver,5,57.97,0
A0035,1771998570000,12.25,7288.22,638,bronze,2,50.49,0
A0038,1772100788000,42.19,1950.21,597,gold,7,57.49,0
A0038,1772100788000,42.19,1950.21,582,bronze,7,57.49,0
A0041,1772562988000,45.79,5341.17,696,silver,22,43.14,0
A0043,1772487954000,144.59,5129.89,786,bronze,8,53.74,0
A0048,1772721561000,33.69,5150.74,603,bronze,18,63.25,0
A0050,1773171825000,37.19,4665.72,346,gold,34,49.87,1
A0051,1772372388000,60.89,2161.43,384,gold,10,51.33,0
A0052,1772908341000,43.49,8569.45,723,bronze,0,44.27,1
A0057,1772528858000,10.85,6456.28,399,silver,36,46.73,0
A0061,1772941057000,59.51,5235.7,307,silver,10,42.84,1
A0061,1772941057000,59.51,5235.7,300,bronze,10,42.84,1
A0063,1772909258000,84.47,3960.62,656,gold,28,46.04,1
A0065,1773139790000,94.26,2685.47,608,silver,32,52.95,0
A0065,1773139790000,94.26,2685.47,684,silver,32,52.95,0
A0066,1773329133000,56.31,1197.03,393,bronze,38,48.35,1
A0068,1772404011000,81.75,891.68,444,bronze,25,51.5,1
A0071,1772130290000,69.85,4980.76,735,gold,28,49.17,0
A0074,1772311248000,75.84,6118.03,768,bronze,14,56.59,0
A0080,1772100088000,167.79,5828.71,731,gold,3,55.66,0
A0080,1772100088000,167.79,5828.71,664,gold,3,55.66,0
A0085,1772157868000,110.93,3770.08,745,gold,12,52.28,1
A0086,1772430414000,17.59,8180.76,715,silver,35,49.37,0
A0086,1772430414000,17.59,8180.76,750,bronze,35,49.37,0
A0089,1772729547000,41.31,-1454.94,403,gold,13,44.06,0
A0090,1772150045000,36.58,5820.48,472,bronze,14,46.76,1
A0090,1772150045000,36.58,5820.48,440,silver,14,46.76,1
A0093,1772777344000,62.59,3406.98,803,silver,23,49.62,1
A0094,1773201675000,9.31,4820.44,648,silver,8,41.06,0
A0094,1773201675000,9.31,4820.44,667,silver,8,41.06,0
A0095,1772605386000,88.01,7741.74,337,gold,21,53.18,1
A0097,1772401000000,74.31,4783.51,700,gold,1,52.76,0
A0001,1773482046000,12.62,7794.85,301,bronze,21,48.71,0
A0001,1773482046000,12.62,7794.85,322,bronze,21,48.71,0
A0002,1773533318000,42.3,3487.04,314,silver,0,49.18,1
A0002,1773533318000,42.3,3487.04,394,gold,0,49.18,1
A0005,1773584013000,61.58,5060.23,622,bronze,39,41.47,0
A0010,1772742518000,48.6,2967.89,662,gold,16,48.21,0
A0010,1772742518000,48.6,2967.89,648,silver,16,48.21,0
A0014,1772951255000,9.16,2337.81,646,silver,25,46.81,1
A0016,1773530553000,26.94,2753.49,667,gold,25,46.66,1
A0018,1772833808000,41.11,1184.73,536,silver,11,64.31,0
A0018,1772833808000,41.11,1184.73,496,silver,11,64.31,0
A0019,1773057698000,28.51,7117.28,678,gold,10,51.31,0
A0020,1773239267000,31.05,4087.2,761,bronze,0,44.44,0
A0021,1773421617000,70.01,3803.53,405,gold,32,49.01,0
A0021,1773421617000,70.01,3803.53,368,silver,32,49.01,0
A0023,1773639389000,24.9,3769.84,788,silver,32,57.62,0
A0024,1773051955000,86.12,6610.58,697,silver,22,46.12,1
A0028,1773418467000,148.46,3266.81,683,gold,39,54.22,0
A0028,1773418467000,148.46,3266.81,621,bronze,39,54.22,0
A0036,1773600028000,37.49,5486.17,337,gold,36,51.98,1
A0036,1773600028000,37.49,5486.17,300,bronze,36,51.98,1
A0039,1773212738000,7.8,4764.83,367,silver,32,64.76,1
A0042,1773257148000,179.67,3283.35,480,gold,9,49.92,0
A0044,1773699927000,166.02,4186.16,544,bronze,9,43.05,1
A0044,1773699927000,166.02,4186.16,469,silver,9,43.05,1
A0046,1773101366000,18.2,3500.03,702,bronze,35,52.56,1
A0047,1773198803000,17.88,7784.73,453,gold,27,49.22,0
A0047,1773198803000,17.88,7784.73,526,bronze,27,49.22,0
A0049,1773280471000,49.9,2116.52,496,bronze,24,52.58,0
A0054,1773162549000,5.54,6689.75,779,bronze,2,44.65,0
A0054,1773162549000,5.54,6689.75,709,gold,2,44.65,0
A0059,1772844421000,53.48,5866.86,536,bronze,9,45.9,1
A0059,1772844421000,53.48,5866.86,616,gold,9,45.9,1
A0060,1773429192000,10.36,9539.55,651,silver,12,51.8,1
A0064,1773352088000,126.93,5696.34,520,bronze,1,47.42,1
A0064,1773352088000,126.93,5696.34,576,gold,1,47.42,1
A0067,1773218371000,47.14,7065.66,306,bronze,2,43.64,1
A0069,1773261848000,11.79,4737.79,801,silver,10,46.16,1
A0070,1773605593000,36.72,3275.93,713,bronze,3,47.54,0
A0075,1773324061000,116.72,8322.84,647,bronze,3,55.3,1
A0075,1773324061000,116.72,8322.84,595,bronze,3,55.3,1
A0076,1773623548000,19.7,3638.25,391,gold,8,46.85,0
A0079,1773582000000,23.84,8127.09,650,silver,34,59.99,1
A0079,1773582000000,23.84,8127.09,707,silver,34,59.99,1
A0081,1773357508000,140.46,1927.73,655,gold,37,48.07,1
A0081,1773357508000,140.46,1927.73,649,silver,37,48.07,1
A0082,1773230547000,8.51,2337.48,758,bronze,27,56.69,0
A0082,1773230547000,8.51,2337.48,790,silver,27,56.69,0
A0083,1773047399000,6.59,8326.49,440,bronze,3,49.99,1
A0083,1773047399000,6.59,8326.49,500,silver,3,49.99,1
A0084,1773392158000,50.36,4053.73,435,silver,15,50.64,1
A0091,1772984489000,199.03,4407.89,499,bronze,6,58.33,0
A0092,1773625211000,71.39,3847.13,302,gold,33,51.37,0
A0000,1772304939000,21.14,1426.14,729,gold,4,50.62,0
A0003,1772002067000,29.15,629.78,635,silver,33,52.13,1
A0004,1772086537000,17.11,9009.85,808,gold,6,46.73,0
A0006,1772921288000,22.48,6135.51,306,silver,23,49.23,0
A0006,1772921288000,22.48,6135.51,364,silver,23,49.23,0
A0007,1772402687000,19.64,6210.39,789,gold,31,51.23,1
A0008,1772533491000,105.63,6173.01,320,gold,21,49.8,0
A0009,1772362866000,11.53,3189.32,433,bronze,31,51.66,0
A0011,1772882905000,54.0,6029.16,739,gold,21,59.03,0
A0012,1773351720000,56.36,6804.3,530,bronze,6,44.41,1
A0012,1773351720000,56.36,6804.3,574,bronze,6,44.41,1
A0013,1771992198000,127.38,6151.29,318,bronze,38,53.45,0
A0015,1772346000000,37.35,4536.24,695,silver,2,47.9,0
A0015,1772346000000,37.35,4536.24,756,gold,2,47.9,0
A0017,1772437869000,33.63,5444.14,627,bronze,5,45.72,1
A0017,1772437869000,33.63,5444.14,699,gold,5,45.72,1
A0022,1772737441000,27.82,-1566.46,845,bronze,33,50.32,1
A0025,1772133384000,37.75,6613.05,375,gold,23,49.22,0
A0026,1772631959000,19.5,6072.97,740,bronze,26,48.31,1
A0027,1772767070000,9.83,3829.27,375,silver,32,39.93,0
A0029,1772375918000,56.04,9097.97,686,silver,14,57.34,0
A0031,1772438414000,136.38,3218.23,848,bronze,36,46.19,1
A0032,1772725237000,9.86,1888.75,776,silver,0,48.54,0
A0033,1772108079000,554.38,3130.98,406,gold,3,53.99,0
A0034,1772107506000,7.84,6623.58,525,silver,5,57.97,0
A0037,1772145288000,43.79,5747.42,844,silver,14,54.02,0
A0038,1772100788000,44.27,2221.33,597,gold,7,57.49,0
A0038,1772100788000,44.27,2221.33,582,bronze,7,57.49,0
A0043,1772487954000,44.89,4877.09,786,bronze,8,53.74,0
A0045,1772645690000,58.26,4961.66,770,bronze,34,47.56,1
A0045,1772645690000,58.26,4961.66,797,silver,34,47.56,1
A0048,1772721561000,54.77,5113.16,603,bronze,18,63.25,0
A0050,1773171825000,5.47,3434.39,346,gold,34,49.87,1
A0051,1772372388000,13.44,2306.4,384,gold,10,51.33,0
A0052,1772908341000,11.8,8492.78,723,bronze,0,44.27,1
A0055,1772169998000,52.56,5426.73,653,bronze,11,56.1,1
A0056,1772077551000,13.75,6074.14,722,bronze,39,43.62,1
A0057,1772528858000,14.66,6155.79,399,silver,36,46.73,0
A0058,1772062059000,103.66,4772.42,516,gold,36,55.23,0
A0061,1772941057000,107.39,4432.51,307,silver,10,42.84,1
A0061,1772941057000,107.39,4432.51,300,bronze,10,42.84,1
A0062,1772815600000,523.48,4039.74,771,silver,29,52.95,0
A0063,1772909258000,525.54,5114.08,656,gold,28,46.04,1
A0065,1773139790000,51.45,2665.4,608,silver,32,52.95,0
A0065,1773139790000,51.45,2665.4,684,silver,32,52.95,0
A0066,1773329133000,139.38,860.11,393,bronze,38,48.35,1
A0068,1772404011000,33.43,773.53,444,bronze,25,51.5,1
A0071,1772130290000,88.86,5566.98,735,gold,28,49.17,0
A0072,1772520709000,369.07,5482.12,564,bronze,20,48.05,1
A0072,1772520709000,369.07,5482.12,580,bronze,20,48.05,1
A0073,1772776784000,119.18,8082.95,710,bronze,4,48.08,0
A0073,1772776784000,119.18,8082.95,651,silver,4,48.08,0
A0074,1772311248000,9.39,6112.33,768,bronze,14,56.59,0
A0077,1772870626000,22.68,4037.95,735,silver,13,53.23,0
A0077,1772870626000,22.68,4037.95,697,silver,13,53.23,0
A0078,1773025240000,56.56,5931.94,553,gold,10,37.88,1
A0085,1772157868000,55.9,3684.05,745,gold,12,52.28,1
A0086,1772430414000,38.69,8077.1,715,silver,35,49.37,0
A0086,1772430414000,38.69,8077.1,750,bronze,35,49.37,0
A0087,1773025914000,20.8,5850.06,420,bronze,11,61.15,1
A0088,1772237126000,4.86,5841.08,619,bronze,0,45.96,0
A0089,1772729547000,31.29,-878.52,403,gold,13,44.06,0
A0090,1772150045000,18.71,6200.16,472,bronze,14,46.76,1
A0090,1772150045000,18.71,6200.16,440,silver,14,46.76,1
A0093,1772777344000,43.53,2979.01,803,silver,23,49.62,1
A0094,1773201675000,2.3,5616.9,648,silver,8,41.06,0
A0094,1773201675000,2.3,5616.9,667,silver,8,41.06,0
A0095,1772605386000,30.91,7600.25,337,gold,21,53.18,1
A0096,1772228370000,76.53,3024.79,704,silver,29,49.53,1
A0097,1772401000000,74.31,4783.51,700,gold,1,52.76,0
A0099,1772231801000,65.17,8271.75,679,gold,3,47.72,0
A0001,1773482046000,5.6,7103.64,301,bronze,21,48.71,0
A0001,1773482046000,5.6,7103.64,322,bronze,21,48.71,0
A0002,1773533318000,25.77,3760.77,314,silver,0,49.18,1
A0002,1773533318000,25.77,3760.77,394,gold,0,49.18,1
A0005,1773584013000,33.42,4787.26,622,bronze,39,41.47,0
A0010,1772742518000,23.39,2538.51,662,gold,16,48.21,0
A0010,1772742518000,23.39,2538.51,648,silver,16,48.21,0
A0014,1772951255000,23.67,2148.67,646,silver,25,46.81,1
A0016,1773530553000,47.81,3370.43,667,gold,25,46.66,1
A0018,1772833808000,87.75,1104.54,536,silver,11,64.31,0
A0018,1772833808000,87.75,1104.54,496,silver,11,64.31,0
A0019,1773057698000,28.51,7117.28,678,gold,10,51.31,0
A0020,1773239267000,18.6,4505.97,761,bronze,0,44.44,0
A0021,1773421617000,25.32,3978.28,405,gold,32,49.01,0
A0021,1773421617000,25.32,3978.28,368,silver,32,49.01,0
A0023,1773639389000,71.45,3816.88,788,silver,32,57.62,0
A0024,1773051955000,118.92,6005.52,697,silver,22,46.12,1
A0028,1773418467000,13.2,3983.59,683,gold,39,54.22,0
A0028,1773418467000,13.2,3983.59,621,bronze,39,54.22,0
A0036,1773600028000,18.9,5804.3,337,gold,36,51.98,1
A0036,1773600028000,18.9,5804.3,300,bronze,36,51.98,1
A0039,1773212738000,3.66,5168.53,367,silver,32,64.76,1
A0042,1773257148000,385.67,3209.03,480,gold,9,49.92,0
A0044,1773699927000,240.51,4736.34,544,bronze,9,43.05,1
A0044,1773699927000,240.51,4736.34,469,silver,9,43.05,1
A0046,1773101366000,89.69,4191.3,702,bronze,35,52.56,1
A0047,1773198803000,9.52,7636.04,453,gold,27,49.22,0
A0047,1773198803000,9.52,7636.04,526,bronze,27,49.22,0
A0049,1773280471000,73.01,2665.03,496,bronze,24,52.58,0
A0054,1773162549000,21.52,6751.88,779,bronze,2,44.65,0
A0054,1773162549000,21.52,6751.88,709,gold,2,44.65,0
A0059,1772844421000,60.19,4984.32,536,bronze,9,45.9,1
A0059,1772844421000,60.19,4984.32,616,gold,9,45.9,1
A0060,1773429192000,10.36,9539.55,651,silver,12,51.8,1
A0064,1773352088000,32.04,5561.59,520,bronze,1,47.42,1
A0064,1773352088000,32.04,5561.59,576,gold,1,47.42,1
A0067,1773218371000,49.55,7213.72,306,bronze,2,43.64,1
A0069,1773261848000,14.3,4295.94,801,silver,10,46.16,1
A0070,1773605593000,32.14,3113.42,713,bronze,3,47.54,0
A0075,1773324061000,12.37,9346.62,647,bronze,3,55.3,1
A0075,1773324061000,12.37,9346.62,595,bronze,3,55.3,1
A0076,1773623548000,15.93,4371.36,391,gold,8,46.85,0
A0079,1773582000000,51.08,8486.83,650,silver,34,59.99,1
A0079,1773582000000,51.08,8486.83,707,silver,34,59.99,1
A0081,1773357508000,114.66,2054.56,655,gold,37,48.07,1
A0081,1773357508000,114.66,2054.56,649,silver,37,48.07,1
A0082,1773230547000,49.71,2433.79,758,bronze,27,56.69,0
A0082,1773230547000,49.71,2433.79,790,silver,27,56.69,0
A0083,1773047399000,5.27,8666.27,440,bronze,3,49.99,1
A0083,1773047399000,5.27,8666.27,500,silver,3,49.99,1
A0084,1773392158000,32.34,3658.22,435,silver,15,50.64,1
A0091,1772984489000,12.83,4739.43,499,bronze,6,58.33,0
A0092,1773625211000,166.95,3764.41,302,gold,33,51.37,0
A0000,1772304939000,23.02,1566.83,729,gold,4,50.62,0
A0003,1772002067000,12.12,574.93,635,silver,33,52.13,1
A0004,1772086537000,55.06,8714.93,808,gold,6,46.73,0
A0006,1772921288000,39.31,6124.41,306,silver,23,49.23,0
A0006,1772921288000,39.31,6124.41,364,silver,23,49.23,0
A0007,1772402687000,128.73,5926.03,789,gold,31,51.23,1
A0008,1772533491000,112.34,6492.41,320,gold,21,49.8,0
A0009,1772362866000,11.53,3189.32,433,bronze,31,51.66,0
A0011,1772882905000,43.07,5994.25,739,gold,21,59.03,0
A0012,1773351720000,56.36,6804.3,530,bronze,6,44.41,1
A0012,1773351720000,56.36,6804.3,574,bronze,6,44.41,1
A0013,1771992198000,9.42,5769.58,318,bronze,38,53.45,0
A0015,1772346000000,27.13,3897.44,695,silver,2,47.9,0
A0015,1772346000000,27.13,3897.44,756,gold,2,47.9,0
A0017,1772437869000,27.1,6038.08,627,bronze,5,45.72,1
A0017,1772437869000,27.1,6038.08,699,gold,5,45.72,1
A0022,1772737441000,3.34,-746.63,845,bronze,33,50.32,1
A0025,1772133384000,13.42,5888.17,375,gold,23,49.22,0
A0026,1772631959000,21.5,5567.62,740,bronze,26,48.31,1
A0027,1772767070000,6.14,3630.57,375,silver,32,39.93,0
A0029,1772375918000,38.22,8795.73,686,silver,14,57.34,0
A0030,1772303825000,15.61,7719.2,668,bronze,17,43.34,1
A0030,1772303825000,15.61,7719.2,737,silver,17,43.34,1
A0031,1772438414000,63.89,3880.55,848,bronze,36,46.19,1
A0032,1772725237000,18.83,1735.11,776,silver,0,48.54,0
A0033,1772108079000,10.74,3439.45,406,gold,3,53.99,0
A0034,1772107506000,34.65,6322.19,525,silver,5,57.97,0
A0035,1771998570000,91.43,8046.8,638,bronze,2,50.49,0
A0037,1772145288000,17.46,6283.08,844,silver,14,54.02,0
A0038,1772100788000,10.65,2413.46,597,gold,7,57.49,0
A0038,1772100788000,10.65,2413.46,582,bronze,7,57.49,0
A0040,1772229558000,29.26,5666.07,314,bronze,37,48.15,1
A0043,1772487954000,21.04,4922.17,786,bronze,8,53.74,0
A0045,1772645690000,147.98,5292.7,770,bronze,34,47.56,1
A0045,1772645690000,147.98,5292.7,797,silver,34,47.56,1
A0048,1772721561000,59.53,4980.91,603,bronze,18,63.25,0
A0050,1773171825000,25.02,3590.22,346,gold,34,49.87,1
A0052,1772908341000,18.72,8941.81,723,bronze,0,44.27,1
A0053,1772467823000,35.16,5813.07,439,silver,16,51.44,1
A0055,1772169998000,3.48,5039.64,653,bronze,11,56.1,1
A0056,1772077551000,118.89,5765.19,722,bronze,39,43.62,1
A0057,1772528858000,12.26,5733.29,399,silver,36,46.73,0
A0058,1772062059000,50.32,5399.09,516,gold,36,55.23,0
A0061,1772941057000,26.52,4168.86,307,silver,10,42.84,1
A0061,1772941057000,26.52,4168.86,300,bronze,10,42.84,1
A0062,1772815600000,3.68,4157.73,771,silver,29,52.95,0
A0063,1772909258000,30.77,4504.3,656,gold,28,46.04,1
A0065,1773139790000,43.07,1942.07,608,silver,32,52.95,0
A0065,1773139790000,43.07,1942.07,684,silver,32,52.95,0
A0066,1773329133000,191.44,500.53,393,bronze,38,48.35,1
A0068,1772404011000,8.53,1468.28,444,bronze,25,51.5,1
A0071,1772130290000,156.24,4878.12,735,gold,28,49.17,0
A0072,1772520709000,37.81,5472.14,564,bronze,20,48.05,1
A0072,1772520709000,37.81,5472.14,580,bronze,20,48.05,1
A0073,1772776784000,59.49,7900.1,710,bronze,4,48.08,0
A0073,1772776784000,59.49,7900.1,651,silver,4,48.08,0
A0074,1772311248000,74.35,6578.24,768,bronze,14,56.59,0
A0077,1772870626000,9.95,3809.23,735,silver,13,53.23,0
A0077,1772870626000,9.95,3809.23,697,silver,13,53.23,0
A0078,1773025240000,55.05,6631.89,553,gold,10,37.88,1
A0080,1772100088000,147.04,6838.08,731,gold,3,55.66,0
A0080,1772100088000,147.04,6838.08,664,gold,3,55.66,0
A0085,1772157868000,8.54,4027.8,745,gold,12,52.28,1
A0086,1772430414000,43.01,8485.31,715,silver,35,49.37,0
A0086,1772430414000,43.01,8485.31,750,bronze,35,49.37,0
A0087,1773025914000,51.76,6593.71,420,bronze,11,61.15,1
A0088,1772237126000,56.82,5459.99,619,bronze,0,45.96,0
A0089,1772729547000,25.75,-521.8,403,gold,13,44.06,0
A0093,1772777344000,6.59,2353.56,803,silver,23,49.62,1
A0094,1773201675000,165.99,4233.62,648,silver,8,41.06,0
A0094,1773201675000,165.99,4233.62,667,silver,8,41.06,0
A0095,1772605386000,94.19,7765.51,337,gold,21,53.18,1
A0096,1772228370000,23.24,3081.3,704,silver,29,49.53,1
A0097,1772401000000,27.42,4544.99,700,gold,1,52.76,0
A0098,1772183464000,325.99,4128.38,572,gold,37,53.87,1
A0098,1772183464000,325.99,4128.38,632,bronze,37,53.87,1
A0099,1772231801000,20.73,8373.73,679,gold,3,47.72,0
A0001,1773482046000,7.64,7170.01,301,bronze,21,48.71,0
A0001,1773482046000,7.64,7170.01,322,bronze,21,48.71,0
A0002,1773533318000,26.61,4228.62,314,silver,0,49.18,1
A0002,1773533318000,26.61,4228.62,394,gold,0,49.18,1
A0005,1773584013000,25.63,4562.85,622,bronze,39,41.47,0
A0010,1772742518000,4.36,2594.53,662,gold,16,48.21,0
A0010,1772742518000,4.36,2594.53,648,silver,16,48.21,0
A0016,1773530553000,28.67,4364.28,667,gold,25,46.66,1
A0018,1772833808000,110.86,742.66,536,silver,11,64.31,0
A0018,1772833808000,110.86,742.66,496,silver,11,64.31,0
A0019,1773057698000,8.22,6456.8,678,gold,10,51.31,0
A0020,1773239267000,139.74,4612.71,761,bronze,0,44.44,0
A0021,1773421617000,17.14,3814.65,405,gold,32,49.01,0
A0021,1773421617000,17.14,3814.65,368,silver,32,49.01,0
A0023,1773639389000,128.64,4163.35,788,silver,32,57.62,0
A0024,1773051955000,424.29,6064.07,697,silver,22,46.12,1
A0028,1773418467000,21.69,4086.2,683,gold,39,54.22,0
A0028,1773418467000,21.69,4086.2,621,bronze,39,54.22,0
A0036,1773600028000,19.68,6064.38,337,gold,36,51.98,1
A0036,1773600028000,19.68,6064.38,300,bronze,36,51.98,1
A0039,1773212738000,52.82,4600.71,367,silver,32,64.76,1
A0042,1773257148000,19.13,3794.52,480,gold,9,49.92,0
A0044,1773699927000,68.64,5327.42,544,bronze,9,43.05,1
A0044,1773699927000,68.64,5327.42,469,silver,9,43.05,1
A0046,1773101366000,81.41,4673.06,702,bronze,35,52.56,1
A0047,1773198803000,27.69,7834.56,453,gold,27,49.22,0
A0047,1773198803000,27.69,7834.56,526,bronze,27,49.22,0
A0054,1773162549000,6.79,6781.91,779,bronze,2,44.65,0
A0054,1773162549000,6.79,6781.91,709,gold,2,44.65,0
A0059,1772844421000,50.2,4253.14,536,bronze,9,45.9,1
A0059,1772844421000,50.2,4253.14,616,gold,9,45.9,1
A0060,1773429192000,42.75,9592.93,651,silver,12,51.8,1
A0064,1773352088000,27.64,5538.96,520,bronze,1,47.42,1
A0064,1773352088000,27.64,5538.96,576,gold,1,47.42,1
A0067,1773218371000,12.63,7981.15,306,bronze,2,43.64,1
A0069,1773261848000,16.72,4648.62,801,silver,10,46.16,1
A0070,1773605593000,13.25,3492.96,713,bronze,3,47.54,0
A0075,1773324061000,96.13,9456.4,647,bronze,3,55.3,1
A0075,1773324061000,96.13,9456.4,595,bronze,3,55.3,1
A0076,1773623548000,113.24,4353.83,391,gold,8,46.85,0
A0079,1773582000000,105.81,7734.35,650,silver,34,59.99,1
A0079,1773582000000,105.81,7734.35,707,silver,34,59.99,1
A0081,1773357508000,17.93,1827.56,655,gold,37,48.07,1
A0081,1773357508000,17.93,1827.56,649,silver,37,48.07,1
A0082,1773230547000,35.87,2583.33,758,bronze,27,56.69,0
A0082,1773230547000,35.87,2583.33,790,silver,27,56.69,0
A0083,1773047399000,83.8,8689.86,440,bronze,3,49.99,1
A0083,1773047399000,83.8,8689.86,500,silver,3,49.99,1
A0091,1772984489000,6.18,4532.13,499,bronze,6,58.33,0
A0092,1773625211000,63.68,3712.53,302,gold,33,51.37,0
A0000,1772304939000,13.64,1040.31,729,gold,4,50.62,0
A0003,1772002067000,22.96,596.85,635,silver,33,52.13,1
A0006,1772921288000,33.6,5589.22,306,silver,23,49.23,0
A0006,1772921288000,33.6,5589.22,364,silver,23,49.23,0
A0007,1772402687000,75.24,5896.76,789,gold,31,51.23,1
A0008,1772533491000,74.78,6079.19,320,gold,21,49.8,0
A0009,1772362866000,22.22,3612.1,433,bronze,31,51.66,0
A0012,1773351720000,24.41,6699.42,530,bronze,6,44.41,1
A0012,1773351720000,24.41,6699.42,574,bronze,6,44.41,1
A0013,1771992198000,22.96,5313.04,318,bronze,38,53.45,0
A0015,1772346000000,71.37,4417.59,695,silver,2,47.9,0
A0015,1772346000000,71.37,4417.59,756,gold,2,47.9,0
A0017,1772437869000,54.94,6146.77,627,bronze,5,45.72,1
A0017,1772437869000,54.94,6146.77,699,gold,5,45.72,1
A0022,1772737441000,61.98,89.86,845,bronze,33,50.32,1
A0025,1772133384000,219.09,5867.78,375,gold,23,49.22,0
A0026,1772631959000,37.39,5591.1,740,bronze,26,48.31,1
A0027,1772767070000,654.26,3637.41,375,silver,32,39.93,0
A0029,1772375918000,23.52,8785.89,686,silver,14,57.34,0
A0030,1772303825000,29.34,7910.02,668,bronze,17,43.34,1
A0030,1772303825000,29.34,7910.02,737,silver,17,43.34,1
A0031,1772438414000,35.88,3383.5,848,bronze,36,46.19,1
A0032,1772725237000,159.05,1924.56,776,silver,0,48.54,0
A0033,1772108079000,6.3,2937.43,406,gold,3,53.99,0
A0034,1772107506000,70.27,6185.73,525,silver,5,57.97,0
A0035,1771998570000,17.82,7422.94,638,bronze,2,50.49,0
A0037,1772145288000,79.19,5528.36,844,silver,14,54.02,0
A0038,1772100788000,89.67,2663.08,597,gold,7,57.49,0
A0038,1772100788000,89.67,2663.08,582,bronze,7,57.49,0
A0040,1772229558000,52.16,5300.83,314,bronze,37,48.15,1
A0041,1772562988000,51.79,4984.86,696,silver,22,43.14,0
A0045,1772645690000,32.2,5321.02,770,bronze,34,47.56,1
A0045,1772645690000,32.2,5321.02,797,silver,34,47.56,1
A0048,1772721561000,46.81,4783.86,603,bronze,18,63.25,0
A0050,1773171825000,134.7,2658.58,346,gold,34,49.87,1
A0052,1772908341000,153.53,8939.79,723,bronze,0,44.27,1
A0053,1772467823000,27.52,5688.61,439,silver,16,51.44,1
A0055,1772169998000,67.62,4561.39,653,bronze,11,56.1,1
A0056,1772077551000,8.69,5999.72,722,bronze,39,43.62,1
A0057,1772528858000,3.86,5827.16,399,silver,36,46.73,0
A0058,1772062059000,160.58,5820.23,516,gold,36,55.23,0
A0061,1772941057000,42.28,4555.41,307,silver,10,42.84,1
A0061,1772941057000,42.28,4555.41,300,bronze,10,42.84,1
A0062,1772815600000,29.07,4084.32,771,silver,29,52.95,0
A0063,1772909258000,22.24,4701.47,656,gold,28,46.04,1
A0065,1773139790000,35.36,1889.8,608,silver,32,52.95,0
A0065,1773139790000,35.36,1889.8,684,silver,32,52.95,0
A0066,1773329133000,25.07,1414.01,393,bronze,38,48.35,1
A0068,1772404011000,8.53,1468.28,444,bronze,25,51.5,1
A0072,1772520709000,49.91,4922.21,564,bronze,20,48.05,1
A0072,1772520709000,49.91,4922.21,580,bronze,20,48.05,1
A0073,1772776784000,16.48,7406.57,710,bronze,4,48.08,0
A0073,1772776784000,16.48,7406.57,651,silver,4,48.08,0
A0074,1772311248000,8.76,5818.33,768,bronze,14,56.59,0
A0077,1772870626000,28.26,3927.58,735,silver,13,53.23,0
A0077,1772870626000,28.26,3927.58,697,silver,13,53.23,0
A0078,1773025240000,80.32,6214.42,553,gold,10,37.88,1
A0080,1772100088000,20.04,5736.56,731,gold,3,55.66,0
A0080,1772100088000,20.04,5736.56,664,gold,3,55.66,0
A0086,1772430414000,28.15,8308.47,715,silver,35,49.37,0
A0086,1772430414000,28.15,8308.47,750,bronze,35,49.37,0
A0087,1773025914000,44.33,6657.02,420,bronze,11,61.15,1
A0088,1772237126000,18.58,5111.19,619,bronze,0,45.96,0
A0089,1772729547000,116.0,-765.45,403,gold,13,44.06,0
A0090,1772150045000,10.22,6082.85,472,bronze,14,46.76,1
A0090,1772150045000,10.22,6082.85,440,silver,14,46.76,1
A0093,1772777344000,102.16,2126.34,803,silver,23,49.62,1
A0094,1773201675000,21.29,4721.47,648,silver,8,41.06,0
A0094,1773201675000,21.29,4721.47,667,silver,8,41.06,0
A0095,1772605386000,40.74,7309.66,337,gold,21,53.18,1
A0096,1772228370000,21.01,3094.05,704,silver,29,49.53,1
A0097,1772401000000,5.45,5250.96,700,gold,1,52.76,0
A0098,1772183464000,15.02,3889.41,572,gold,37,53.87,1
A0098,1772183464000,15.02,3889.41,632,bronze,37,53.87,1
A0099,1772231801000,18.84,8897.73,679,gold,3,47.72,0
A0001,1773482046000,25.28,7193.97,301,bronze,21,48.71,0
A0001,1773482046000,25.28,7193.97,322,bronze,21,48.71,0
A0002,1773533318000,96.22,4174.94,314,silver,0,49.18,1
A0002,1773533318000,96.22,4174.94,394,gold,0,49.18,1
A0016,1773530553000,28.67,4364.28,667,gold,25,46.66,1
A0018,1772833808000,110.86,742.66,536,silver,11,64.31,0
A0018,1772833808000,110.86,742.66,496,silver,11,64.31,0
A0019,1773057698000,61.36,6377.91,678,gold,10,51.31,0
A0020,1773239267000,118.38,4245.46,761,bronze,0,44.44,0
A0023,1773639389000,35.62,3805.55,788,silver,32,57.62,0
A0028,1773418467000,7.51,3524.64,683,gold,39,54.22,0
A0028,1773418467000,7.51,3524.64,621,bronze,39,54.22,0
A0036,1773600028000,25.04,5990.39,337,gold,36,51.98,1
A0036,1773600028000,25.04,5990.39,300,bronze,36,51.98,1
A0042,1773257148000,153.3,3768.54,480,gold,9,49.92,0
A0044,1773699927000,15.51,5530.6,544,bronze,9,43.05,1
A0044,1773699927000,15.51,5530.6,469,silver,9,43.05,1
A0046,1773101366000,81.41,4673.06,702,bronze,35,52.56,1
A0047,1773198803000,12.45,7973.87,453,gold,27,49.22,0
A0047,1773198803000,12.45,7973.87,526,bronze,27,49.22,0
A0054,1773162549000,4.11,6536.58,779,bronze,2,44.65,0
A0054,1773162549000,4.11,6536.58,709,gold,2,44.65,0
A0059,1772844421000,50.2,4253.14,536,bronze,9,45.9,1
A0059,1772844421000,50.2,4253.14,616,gold,9,45.9,1
A0060,1773429192000,33.5,9276.9,651,silver,12,51.8,1
A0064,1773352088000,19.87,6335.52,520,bronze,1,47.42,1
A0064,1773352088000,19.87,6335.52,576,gold,1,47.42,1
A0067,1773218371000,13.21,7861.44,306,bronze,2,43.64,1
A0069,1773261848000,6.39,4810.55,801,silver,10,46.16,1
A0070,1773605593000,32.58,3417.71,713,bronze,3,47.54,0
A0076,1773623548000,29.58,4255.95,391,gold,8,46.85,0
A0079,1773582000000,20.02,7762.47,650,silver,34,59.99,1
A0079,1773582000000,20.02,7762.47,707,silver,34,59.99,1
A0081,1773357508000,17.93,1827.56,655,gold,37,48.07,1
A0081,1773357508000,17.93,1827.56,649,silver,37,48.07,1
A0082,1773230547000,17.79,2957.15,758,bronze,27,56.69,0
A0082,1773230547000,17.79,2957.15,790,silver,27,56.69,0
A0092,1773625211000,18.0,4299.01,302,gold,33,51.37,0
A0000,1772304939000,9.11,1010.21,729,gold,4,50.62,0
A0006,1772921288000,112.98,5881.84,306,silver,23,49.23,0
A0006,1772921288000,112.98,5881.84,364,silver,23,49.23,0
A0007,1772402687000,31.33,5359.38,789,gold,31,51.23,1
A0008,1772533491000,91.24,4839.94,320,gold,21,49.8,0
A0012,1773351720000,16.32,7438.36,530,bronze,6,44.41,1
A0012,1773351720000,16.32,7438.36,574,bronze,6,44.41,1
A0013,1771992198000,102.12,5900.81,318,bronze,38,53.45,0
A0015,1772346000000,225.52,4348.89,695,silver,2,47.9,0
A0015,1772346000000,225.52,4348.89,756,gold,2,47.9,0
A0017,1772437869000,28.29,5831.29,627,bronze,5,45.72,1
A0017,1772437869000,28.29,5831.29,699,gold,5,45.72,1
A0022,1772737441000,11.54,-382.1,845,bronze,33,50.32,1
A0025,1772133384000,6.5,5898.23,375,gold,23,49.22,0
A0030,1772303825000,13.32,7774.09,668,bronze,17,43.34,1
A0030,1772303825000,13.32,7774.09,737,silver,17,43.34,1
A0031,1772438414000,44.92,3387.87,848,bronze,36,46.19,1
A0032,1772725237000,3.81,1561.51,776,silver,0,48.54,0
A0034,1772107506000,668.15,6020.43,525,silver,5,57.97,0
A0035,1771998570000,31.9,7140.77,638,bronze,2,50.49,0
A0038,1772100788000,17.01,2673.35,597,gold,7,57.49,0
A0038,1772100788000,17.01,2673.35,582,bronze,7,57.49,0
A0040,1772229558000,61.33,5003.27,314,bronze,37,48.15,1
A0041,1772562988000,10.05,5062.0,696,silver,22,43.14,0
A0050,1773171825000,14.02,2672.92,346,gold,34,49.87,1
A0051,1772372388000,72.37,1814.27,384,gold,10,51.33,0
A0052,1772908341000,92.07,9047.05,723,bronze,0,44.27,1
A0053,1772467823000,119.92,4484.66,439,silver,16,51.44,1
A0055,1772169998000,15.78,3937.05,653,bronze,11,56.1,1
A0056,1772077551000,12.35,5993.07,722,bronze,39,43.62,1
A0057,1772528858000,2.76,5573.73,399,silver,36,46.73,0
A0058,1772062059000,11.12,6212.87,516,gold,36,55.23,0
A0061,1772941057000,31.93,4047.07,307,silver,10,42.84,1
A0061,1772941057000,31.93,4047.07,300,bronze,10,42.84,1
A0063,1772909258000,29.36,4604.24,656,gold,28,46.04,1
A0065,1773139790000,7.64,2179.85,608,silver,32,52.95,0
A0065,1773139790000,7.64,2179.85,684,silver,32,52.95,0
A0066,1773329133000,9.05,1381.4,393,bronze,38,48.35,1
A0068,1772404011000,59.47,989.96,444,bronze,25,51.5,1
A0072,1772520709000,58.16,4684.86,564,bronze,20,48.05,1
A0072,1772520709000,58.16,4684.86,580,bronze,20,48.05,1
A0073,1772776784000,18.66,7149.84,710,bronze,4,48.08,0
A0073,1772776784000,18.66,7149.84,651,silver,4,48.08,0
A0080,1772100088000,10.36,6311.64,731,gold,3,55.66,0
A0080,1772100088000,10.36,6311.64,664,gold,3,55.66,0
A0087,1773025914000,89.87,7197.02,420,bronze,11,61.15,1
A0089,1772729547000,53.45,-850.31,403,gold,13,44.06,0
A0090,1772150045000,14.65,5649.68,472,bronze,14,46.76,1
A0090,1772150045000,14.65,5649.68,440,silver,14,46.76,1
A0093,1772777344000,31.12,2507.98,803,silver,23,49.62,1
A0096,1772228370000,25.4,2656.67,704,silver,29,49.53,1
A0097,1772401000000,104.69,5464.67,700,gold,1,52.76,0
A0098,1772183464000,487.91,3540.28,572,gold,37,53.87,1
A0098,1772183464000,487.91,3540.28,632,bronze,37,53.87,1
A0099,1772231801000,36.73,8492.56,679,gold,3,47.72,0
A0019,1773057698000,15.69,6477.77,678,gold,10,51.31,0
A0036,1773600028000,20.67,6331.03,337,gold,36,51.98,1
A0036,1773600028000,20.67,6331.03,300,bronze,36,51.98,1
A0046,1773101366000,25.25,4493.91,702,bronze,35,52.56,1
A0047,1773198803000,29.16,8204.51,453,gold,27,49.22,0
A0047,1773198803000,29.16,8204.51,526,bronze,27,49.22,0
A0054,1773162549000,45.04,6040.04,779,bronze,2,44.65,0
A0054,1773162549000,45.04,6040.04,709,gold,2,44.65,0
A0060,1773429192000,236.04,9781.93,651,silver,12,51.8,1
A0067,1773218371000,13.83,7690.19,306,bronze,2,43.64,1
A0069,1773261848000,50.99,5103.57,801,silver,10,46.16,1
A0076,1773623548000,32.89,4341.84,391,gold,8,46.85,0
A0079,1773582000000,12.48,7796.83,650,silver,34,59.99,1
A0079,1773582000000,12.48,7796.83,707,silver,34,59.99,1
A0081,1773357508000,97.93,1386.72,655,gold,37,48.07,1
A0081,1773357508000,97.93,1386.72,649,silver,37,48.07,1
A0082,1773230547000,9.3,3198.07,758,bronze,27,56.69,0
A0082,1773230547000,9.3,3198.07,790,silver,27,56.69,0
A0000,1772304939000,37.85,1424.53,729,gold,4,50.62,0
A0006,1772921288000,237.53,5864.41,306,silver,23,49.23,0
A0006,1772921288000,237.53,5864.41,364,silver,23,49.23,0
A0007,1772402687000,31.95,5813.5,789,gold,31,51.23,1
A0008,1772533491000,13.99,4898.25,320,gold,21,49.8,0
A0012,1773351720000,43.1,6181.91,530,bronze,6,44.41,1
A0012,1773351720000,43.1,6181.91,574,bronze,6,44.41,1
A0013,1771992198000,75.23,6030.68,318,bronze,38,53.45,0
A0015,1772346000000,18.93,4929.61,695,silver,2,47.9,0
A0015,1772346000000,18.93,4929.61,756,gold,2,47.9,0
A0017,1772437869000,86.64,5327.62,627,bronze,5,45.72,1
A0017,1772437869000,86.64,5327.62,699,gold,5,45.72,1
A0022,1772737441000,117.98,88.15,845,bronze,33,50.32,1
A0025,1772133384000,4.67,5434.84,375,gold,23,49.22,0
A0031,1772438414000,32.91,3227.2,848,bronze,36,46.19,1
A0032,1772725237000,4.66,1820.07,776,silver,0,48.54,0
A0034,1772107506000,324.24,5454.31,525,silver,5,57.97,0
A0035,1771998570000,7.2,6993.64,638,bronze,2,50.49,0
A0040,1772229558000,46.19,5475.0,314,bronze,37,48.15,1
A0041,1772562988000,156.95,4263.71,696,silver,22,43.14,0
A0050,1773171825000,31.12,3268.06,346,gold,34,49.87,1
A0051,1772372388000,5.85,1752.94,384,gold,10,51.33,0
A0052,1772908341000,44.53,9179.5,723,bronze,0,44.27,1
A0055,1772169998000,13.42,3948.97,653,bronze,11,56.1,1
A0065,1773139790000,2.07,2267.94,608,silver,32,52.95,0
A0065,1773139790000,2.07,2267.94,684,silver,32,52.95,0
A0066,1773329133000,13.34,785.93,393,bronze,38,48.35,1
A0068,1772404011000,26.58,1535.31,444,bronze,25,51.5,1
A0073,1772776784000,8.38,7512.22,710,bronze,4,48.08,0
A0073,1772776784000,8.38,7512.22,651,silver,4,48.08,0
A0080,1772100088000,10.36,6311.64,731,gold,3,55.66,0
A0080,1772100088000,10.36,6311.64,664,gold,3,55.66,0
A0087,1773025914000,72.31,7179.63,420,bronze,11,61.15,1
A0089,1772729547000,22.02,-227.75,403,gold,13,44.06,0
A0090,1772150045000,62.1,5860.9,472,bronze,14,46.76,1
A0090,1772150045000,62.1,5860.9,440,silver,14,46.76,1
A0096,1772228370000,60.45,3298.26,704,silver,29,49.53,1
A0098,1772183464000,487.91,3540.28,572,gold,37,53.87,1
A0098,1772183464000,487.91,3540.28,632,bronze,37,53.87,1
A0099,1772231801000,36.73,8492.56,679,gold,3,47.72,0
A0019,1773057698000,21.05,6742.4,678,gold,10,51.31,0
A0047,1773198803000,3.18,7526.88,453,gold,27,49.22,0
A0047,1773198803000,3.18,7526.88,526,bronze,27,49.22,0
A0060,1773429192000,39.52,9495.82,651,silver,12,51.8,1
A0067,1773218371000,29.04,7219.06,306,bronze,2,43.64,1
A0069,1773261848000,4.79,5639.54,801,silver,10,46.16,1
A0081,1773357508000,58.09,2124.85,655,gold,37,48.07,1
A0081,1773357508000,58.09,2124.85,649,silver,37,48.07,1
A0082,1773230547000,14.25,3715.56,758,bronze,27,56.69,0
A0082,1773230547000,14.25,3715.56,790,silver,27,56.69,0
A0000,1772304939000,6.74,1196.05,729,gold,4,50.62,0
A0007,1772402687000,31.95,5813.5,789,gold,31,51.23,1
A0017,1772437869000,33.83,5633.3,627,bronze,5,45.72,1
A0017,1772437869000,33.83,5633.3,699,gold,5,45.72,1
A0025,1772133384000,4.67,5434.84,375,gold,23,49.22,0
A0041,1772562988000,72.48,3995.31,696,silver,22,43.14,0
A0050,1773171825000,64.42,3085.44,346,gold,34,49.87,1
A0051,1772372388000,65.22,2811.86,384,gold,10,51.33,0
A0055,1772169998000,32.95,3863.06,653,bronze,11,56.1,1
A0068,1772404011000,26.58,1535.31,444,bronze,25,51.5,1
A0073,1772776784000,8.38,7512.22,710,bronze,4,48.08,0
A0073,1772776784000,8.38,7512.22,651,silver,4,48.08,0
A0090,1772150045000,18.23,6158.82,472,bronze,14,46.76,1
A0090,1772150045000,18.23,6158.82,440,silver,14,46.76,1
A0098,1772183464000,126.27,3385.24,572,gold,37,53.87,1
A0098,1772183464000,126.27,3385.24,632,bronze,37,53.87,1
A0099,1772231801000,77.06,8596.24,679,gold,3,47.72,0
A0000,1772304939000,6.74,1196.05,729,gold,4,50.62,0
A0007,1772402687000,119.32,6590.68,789,gold,31,51.23,1
A0050,1773171825000,64.42,3085.44,346,gold,34,49.87,1
A0051,1772372388000,13.9,2865.78,384,gold,10,51.33,0
A0073,1772776784000,54.66,7233.38,710,bronze,4,48.08,0
A0073,1772776784000,54.66,7233.38,651,silver,4,48.08,0
A0090,1772150045000,18.23,6158.82,472,bronze,14,46.76,1
A0090,1772150045000,18.23,6158.82,440,silver,14,46.76,1
A0098,1772183464000,67.16,3338.89,572,gold,37,53.87,1
A0098,1772183464000,67.16,3338.89,632,bronze,37,53.87,1
A0001,1773482046000,85.67,7566.48,301,bronze,0,48.71,0
A0001,1773482046000,85.67,7566.48,322,bronze,0,48.71,0
A0002,1773533318000,78.88,1991.51,314,silver,9,49.18,1
A0002,1773533318000,78.88,1991.51,394,gold,9,49.18,1
A0005,1773584013000,34.22,4883.98,622,bronze,6,41.47,0
A0010,1772742518000,30.25,3024.06,662,gold,24,48.21,0
A0010,1772742518000,30.25,3024.06,648,silver,24,48.21,0
A0014,1772951255000,39.28,2503.24,646,silver,0,46.81,1
A0016,1773530553000,6.2,2372.35,667,gold,3,46.66,1
A0018,1772833808000,17.59,1679.94,536,silver,13,64.31,0
A0018,1772833808000,17.59,1679.94,496,silver,13,64.31,0
A0019,1773057698000,15.64,7267.41,678,gold,32,51.31,0
A0020,1773239267000,14.81,4881.72,761,bronze,3,44.44,0
A0021,1773421617000,16.99,3959.37,405,gold,12,49.01,0
A0021,1773421617000,16.99,3959.37,368,silver,12,49.01,0
A0023,1773639389000,73.31,3105.09,788,silver,23,57.62,0
A0028,1773418467000,23.16,3941.34,683,gold,12,54.22,0
A0028,1773418467000,23.16,3941.34,621,bronze,12,54.22,0
A0036,1773600028000,171.57,5928.03,337,gold,34,51.98,1
A0036,1773600028000,171.57,5928.03,300,bronze,34,51.98,1
A0042,1773257148000,58.7,3871.74,480,gold,26,49.92,0
A0044,1773699927000,28.07,4668.45,544,bronze,38,43.05,1
A0044,1773699927000,28.07,4668.45,469,silver,38,43.05,1
A0046,1773101366000,13.11,3419.02,702,bronze,3,52.56,1
A0049,1773280471000,25.01,2467.6,496,bronze,34,52.58,0
A0054,1773162549000,8.22,6499.74,779,bronze,31,44.65,0
A0054,1773162549000,8.22,6499.74,709,gold,31,44.65,0
A0059,1772844421000,12.88,5311.85,536,bronze,36,45.9,1
A0059,1772844421000,12.88,5311.85,616,gold,36,45.9,1
A0060,1773429192000,65.92,9434.13,651,silver,30,51.8,1
A0064,1773352088000,19.25,5424.78,520,bronze,30,47.42,1
A0064,1773352088000,19.25,5424.78,576,gold,30,47.42,1
A0067,1773218371000,14.76,7546.56,306,bronze,26,43.64,1
A0069,1773261848000,5.87,4834.91,801,silver,37,46.16,1
A0070,1773605593000,36.32,3568.8,713,bronze,36,47.54,0
A0075,1773324061000,5.54,7495.08,647,bronze,31,55.3,1
A0075,1773324061000,5.54,7495.08,595,bronze,31,55.3,1
A0076,1773623548000,21.01,3969.39,391,gold,13,46.85,0
A0079,1773582000000,30.61,8362.03,650,silver,4,59.99,1
A0079,1773582000000,30.61,8362.03,707,silver,4,59.99,1
A0081,1773357508000,94.93,2471.49,655,gold,24,48.07,1
A0081,1773357508000,94.93,2471.49,649,silver,24,48.07,1
A0083,1773047399000,6.88,8980.68,440,bronze,22,49.99,1
A0083,1773047399000,6.88,8980.68,500,silver,22,49.99,1
A0084,1773392158000,399.85,3735.35,435,silver,16,50.64,1
A0091,1772984489000,86.99,4467.5,499,bronze,24,58.33,0
A0092,1773625211000,33.31,3774.71,302,gold,2,51.37,0
A0000,1772304939000,292.47,727.5,729,gold,5,50.62,0
A0003,1772002067000,22.76,981.82,635,silver,0,52.13,1
A0004,1772086537000,15.38,8916.02,808,gold,16,46.73,0
A0006,1772921288000,162.73,6919.85,306,silver,28,49.23,0
A0006,1772921288000,162.73,6919.85,364,silver,28,49.23,0
A0009,1772362866000,9.12,3382.1,433,bronze,11,51.66,0
A0011,1772882905000,15.11,5942.72,739,gold,13,59.03,0
A0013,1771992198000,16.08,5645.17,318,bronze,19,53.45,0
A0015,1772346000000,276.69,4487.56,695,silver,19,47.9,0
A0015,1772346000000,276.69,4487.56,756,gold,19,47.9,0
A0017,1772437869000,3.69,5770.43,627,bronze,15,45.72,1
A0017,1772437869000,3.69,5770.43,699,gold,15,45.72,1
A0022,1772737441000,59.35,-490.56,845,bronze,4,50.32,1
A0026,1772631959000,10.66,6060.26,740,bronze,15,48.31,1
A0029,1772375918000,16.05,8950.99,686,silver,15,57.34,0
A0030,1772303825000,23.25,6539.91,668,bronze,11,43.34,1
A0030,1772303825000,23.25,6539.91,737,silver,11,43.34,1
A0035,1771998570000,12.13,6804.43,638,bronze,10,50.49,0
A0037,1772145288000,71.97,5784.12,844,silver,16,54.02,0
A0040,1772229558000,15.39,5318.7,314,bronze,8,48.15,1
A0041,1772562988000,3.51,4720.21,696,silver,24,43.14,0
A0043,1772487954000,281.54,5158.22,786,bronze,10,53.74,0
A0045,1772645690000,9.9,5071.37,770,bronze,30,47.56,1
A0045,1772645690000,9.9,5071.37,797,silver,30,47.56,1
A0048,1772721561000,28.71,5183.15,603,bronze,2,63.25,0
A0051,1772372388000,24.53,1357.63,384,gold,9,51.33,0
A0052,1772908341000,63.44,8600.78,723,bronze,2,44.27,1
A0053,1772467823000,24.93,5216.42,439,silver,6,51.44,1
A0055,1772169998000,69.9,4535.95,653,bronze,20,56.1,1
A0056,1772077551000,99.11,5535.8,722,bronze,39,43.62,1
A0057,1772528858000,38.63,5992.2,399,silver,13,46.73,0
A0062,1772815600000,15.23,3983.38,771,silver,37,52.95,0
A0065,1773139790000,46.5,2764.87,608,silver,17,52.95,0
A0065,1773139790000,46.5,2764.87,684,silver,17,52.95,0
A0066,1773329133000,66.17,478.64,393,bronze,8,48.35,1
A0068,1772404011000,58.54,1308.89,444,bronze,25,51.5,1
A0071,1772130290000,70.32,4249.57,735,gold,3,49.17,0
A0077,1772870626000,27.4,4119.82,735,silver,18,53.23,0
A0077,1772870626000,27.4,4119.82,697,silver,18,53.23,0
A0078,1773025240000,17.95,5632.37,553,gold,19,37.88,1
A0080,1772100088000,6.4,6545.4,731,gold,37,55.66,0
A0080,1772100088000,6.4,6545.4,664,gold,37,55.66,0
A0085,1772157868000,29.93,3984.69,745,gold,32,52.28,1
A0086,1772430414000,54.97,7720.12,715,silver,16,49.37,0
A0086,1772430414000,54.97,7720.12,750,bronze,16,49.37,0
A0087,1773025914000,65.95,5758.32,420,bronze,12,61.15,1
A0088,1772237126000,26.98,5461.0,619,bronze,19,45.96,0
A0090,1772150045000,3.03,5936.31,472,bronze,33,46.76,1
A0090,1772150045000,3.03,5936.31,440,silver,33,46.76,1
A0093,1772777344000,7.54,3063.7,803,silver,31,49.62,1
A0094,1773201675000,28.06,4959.47,648,silver,34,41.06,0
A0094,1773201675000,28.06,4959.47,667,silver,34,41.06,0
A0098,1772183464000,15.35,3398.31,572,gold,27,53.87,1
A0098,1772183464000,15.35,3398.31,632,bronze,27,53.87,1
A0099,1772231801000,172.41,7978.29,679,gold,38,47.72,0
A0001,1773482046000,41.95,8031.18,301,bronze,0,48.71,0
A0001,1773482046000,41.95,8031.18,322,bronze,0,48.71,0
A0002,1773533318000,15.01,2553.92,314,silver,9,49.18,1
A0002,1773533318000,15.01,2553.92,394,gold,9,49.18,1
A0005,1773584013000,145.92,4889.91,622,bronze,6,41.47,0
A0014,1772951255000,96.46,2064.06,646,silver,0,46.81,1
A0016,1773530553000,42.28,2355.59,667,gold,3,46.66,1
A0019,1773057698000,15.64,7267.41,678,gold,32,51.31,0
A0020,1773239267000,45.11,3814.68,761,bronze,3,44.44,0
A0021,1773421617000,10.81,3467.06,405,gold,12,49.01,0
A0021,1773421617000,10.81,3467.06,368,silver,12,49.01,0
A0023,1773639389000,30.03,3704.16,788,silver,23,57.62,0
A0024,1773051955000,28.9,6028.76,697,silver,17,46.12,1
A0028,1773418467000,32.43,3664.37,683,gold,12,54.22,0
A0028,1773418467000,32.43,3664.37,621,bronze,12,54.22,0
A0036,1773600028000,3.51,5334.17,337,gold,34,51.98,1
A0036,1773600028000,3.51,5334.17,300,bronze,34,51.98,1
A0039,1773212738000,13.22,5490.55,367,silver,37,64.76,1
A0042,1773257148000,69.83,3387.47,480,gold,26,49.92,0
A0044,1773699927000,86.18,4780.61,544,bronze,38,43.05,1
A0044,1773699927000,86.18,4780.61,469,silver,38,43.05,1
A0046,1773101366000,20.35,3429.05,702,bronze,3,52.56,1
A0047,1773198803000,40.32,7420.09,453,gold,6,49.22,0
A0047,1773198803000,40.32,7420.09,526,bronze,6,49.22,0
A0049,1773280471000,82.67,2323.96,496,bronze,34,52.58,0
A0054,1773162549000,20.31,6276.33,779,bronze,31,44.65,0
A0054,1773162549000,20.31,6276.33,709,gold,31,44.65,0
A0060,1773429192000,96.13,9614.79,651,silver,30,51.8,1
A0064,1773352088000,18.36,5563.65,520,bronze,30,47.42,1
A0064,1773352088000,18.36,5563.65,576,gold,30,47.42,1
A0070,1773605593000,25.42,2987.05,713,bronze,36,47.54,0
A0075,1773324061000,90.26,7794.25,647,bronze,31,55.3,1
A0075,1773324061000,90.26,7794.25,595,bronze,31,55.3,1
A0076,1773623548000,30.93,3856.31,391,gold,13,46.85,0
A0079,1773582000000,15.67,8744.9,650,silver,4,59.99,1
A0079,1773582000000,15.67,8744.9,707,silver,4,59.99,1
A0081,1773357508000,97.78,2024.67,655,gold,24,48.07,1
A0081,1773357508000,97.78,2024.67,649,silver,24,48.07,1
A0083,1773047399000,28.36,9070.94,440,bronze,22,49.99,1
A0083,1773047399000,28.36,9070.94,500,silver,22,49.99,1
A0084,1773392158000,7.05,4192.66,435,silver,16,50.64,1
A0091,1772984489000,119.44,4052.27,499,bronze,24,58.33,0
A0092,1773625211000,32.27,4110.16,302,gold,2,51.37,0
A0003,1772002067000,14.38,807.42,635,silver,0,52.13,1
A0004,1772086537000,89.33,8941.12,808,gold,16,46.73,0
A0006,1772921288000,31.43,6547.24,306,silver,28,49.23,0
A0006,1772921288000,31.43,6547.24,364,silver,28,49.23,0
A0007,1772402687000,286.54,6572.13,789,gold,20,51.23,1
A0009,1772362866000,30.46,3089.86,433,bronze,11,51.66,0
A0011,1772882905000,7.49,5710.99,739,gold,13,59.03,0
A0012,1773351720000,17.5,7275.84,530,bronze,4,44.41,1
A0012,1773351720000,17.5,7275.84,574,bronze,4,44.41,1
A0015,1772346000000,2.76,4817.52,695,silver,19,47.9,0
A0015,1772346000000,2.76,4817.52,756,gold,19,47.9,0
A0022,1772737441000,183.38,-1416.34,845,bronze,4,50.32,1
A0025,1772133384000,35.21,6350.49,375,gold,20,49.22,0
A0027,1772767070000,36.9,3845.79,375,silver,37,39.93,0
A0029,1772375918000,104.48,8620.83,686,silver,15,57.34,0
A0030,1772303825000,8.75,7663.1,668,bronze,11,43.34,1
A0030,1772303825000,8.75,7663.1,737,silver,11,43.34,1
A0032,1772725237000,35.46,1542.35,776,silver,21,48.54,0
A0033,1772108079000,782.28,3051.28,406,gold,12,53.99,0
A0034,1772107506000,260.99,6407.16,525,silver,8,57.97,0
A0035,1771998570000,12.25,7288.22,638,bronze,10,50.49,0
A0038,1772100788000,42.19,1950.21,597,gold,37,57.49,0
A0038,1772100788000,42.19,1950.21,582,bronze,37,57.49,0
A0041,1772562988000,45.79,5341.17,696,silver,24,43.14,0
A0043,1772487954000,144.59,5129.89,786,bronze,10,53.74,0
A0048,1772721561000,33.69,5150.74,603,bronze,2,63.25,0
A0050,1773171825000,37.19,4665.72,346,gold,16,49.87,1
A0051,1772372388000,60.89,2161.43,384,gold,9,51.33,0
A0052,1772908341000,43.49,8569.45,723,bronze,2,44.27,1
A0057,1772528858000,10.85,6456.28,399,silver,13,46.73,0
A0061,1772941057000,59.51,5235.7,307,silver,7,42.84,1
A0061,1772941057000,59.51,5235.7,300,bronze,7,42.84,1
A0063,1772909258000,84.47,3960.62,656,gold,1,46.04,1
A0065,1773139790000,94.26,2685.47,608,silver,17,52.95,0
A0065,1773139790000,94.26,2685.47,684,silver,17,52.95,0
A0066,1773329133000,56.31,1197.03,393,bronze,8,48.35,1
A0068,1772404011000,81.75,891.68,444,bronze,25,51.5,1
A0071,1772130290000,69.85,4980.76,735,gold,3,49.17,0
A0074,1772311248000,75.84,6118.03,768,bronze,19,56.59,0
A0080,1772100088000,167.79,5828.71,731,gold,37,55.66,0
A0080,1772100088000,167.79,5828.71,664,gold,37,55.66,0
A0085,1772157868000,110.93,3770.08,745,gold,32,52.28,1
A0086,1772430414000,17.59,8180.76,715,silver,16,49.37,0
A0086,1772430414000,17.59,8180.76,750,bronze,16,49.37,0
A0089,1772729547000,41.31,-1454.94,403,gold,26,44.06,0
A0090,1772150045000,36.58,5820.48,472,bronze,33,46.76,1
A0090,1772150045000,36.58,5820.48,440,silver,33,46.76,1
A0093,1772777344000,62.59,3406.98,803,silver,31,49.62,1
A0094,1773201675000,9.31,4820.44,648,silver,34,41.06,0
A0094,1773201675000,9.31,4820.44,667,silver,34,41.06,0
A0095,1772605386000,88.01,7741.74,337,gold,31,53.18,1
A0097,1772401000000,74.31,4783.51,700,gold,20,52.76,0
A0001,1773482046000,12.62,7794.85,301,bronze,0,48.71,0
A0001,1773482046000,12.62,7794.85,322,bronze,0,48.71,0
A0002,1773533318000,42.3,3487.04,314,silver,9,49.18,1
A0002,1773533318000,42.3,3487.04,394,gold,9,49.18,1
A0005,1773584013000,61.58,5060.23,622,bronze,6,41.47,0
A0010,1772742518000,48.6,2967.89,662,gold,24,48.21,0
A0010,1772742518000,48.6,2967.89,648,silver,24,48.21,0
A0014,1772951255000,9.16,2337.81,646,silver,0,46.81,1
A0016,1773530553000,26.94,2753.49,667,gold,3,46.66,1
A0018,1772833808000,41.11,1184.73,536,silver,13,64.31,0
A0018,1772833808000,41.11,1184.73,496,silver,13,64.31,0
A0019,1773057698000,28.51,7117.28,678,gold,32,51.31,0
A0020,1773239267000,31.05,4087.2,761,bronze,3,44.44,0
A0021,1773421617000,70.01,3803.53,405,gold,12,49.01,0
A0021,1773421617000,70.01,3803.53,368,silver,12,49.01,0
A0023,1773639389000,24.9,3769.84,788,silver,23,57.62,0
A0024,1773051955000,86.12,6610.58,697,silver,17,46.12,1
A0028,1773418467000,148.46,3266.81,683,gold,12,54.22,0
A0028,1773418467000,148.46,3266.81,621,bronze,12,54.22,0
A0036,1773600028000,37.49,5486.17,337,gold,34,51.98,1
A0036,1773600028000,37.49,5486.17,300,bronze,34,51.98,1
A0039,1773212738000,7.8,4764.83,367,silver,37,64.76,1
A0042,1773257148000,179.67,3283.35,480,gold,26,49.92,0
A0044,1773699927000,166.02,4186.16,544,bronze,38,43.05,1
A0044,1773699927000,166.02,4186.16,469,silver,38,43.05,1
A0046,1773101366000,18.2,3500.03,702,bronze,3,52.56,1
A0047,1773198803000,17.88,7784.73,453,gold,6,49.22,0
A0047,1773198803000,17.88,7784.73,526,bronze,6,49.22,0
A0049,1773280471000,49.9,2116.52,496,bronze,34,52.58,0
A0054,1773162549000,5.54,6689.75,779,bronze,31,44.65,0
A0054,1773162549000,5.54,6689.75,709,gold,31,44.65,0
A0059,1772844421000,53.48,5866.86,536,bronze,36,45.9,1
A0059,1772844421000,53.48,5866.86,616,gold,36,45.9,1
A0060,1773429192000,10.36,9539.55,651,silver,30,51.8,1
A0064,1773352088000,126.93,5696.34,520,bronze,30,47.42,1
A0064,1773352088000,126.93,5696.34,576,gold,30,47.42,1
A0067,1773218371000,47.14,7065.66,306,bronze,26,43.64,1
A0069,1773261848000,11.79,4737.79,801,silver,37,46.16,1
A0070,1773605593000,36.72,3275.93,713,bronze,36,47.54,0
A0075,1773324061000,116.72,8322.84,647,bronze,31,55.3,1
A0075,1773324061000,116.72,8322.84,595,bronze,31,55.3,1
A0076,1773623548000,19.7,3638.25,391,gold,13,46.85,0
A0079,1773582000000,23.84,8127.09,650,silver,4,59.99,1
A0079,1773582000000,23.84,8127.09,707,silver,4,59.99,1
A0081,1773357508000,140.46,1927.73,655,gold,24,48.07,1
A0081,1773357508000,140.46,1927.73,649,silver,24,48.07,1
A0082,1773230547000,8.51,2337.48,758,bronze,13,56.69,0
A0082,1773230547000,8.51,2337.48,790,silver,13,56.69,0
A0083,1773047399000,6.59,8326.49,440,bronze,22,49.99,1
A0083,1773047399000,6.59,8326.49,500,silver,22,49.99,1
A0084,1773392158000,50.36,4053.73,435,silver,16,50.64,1
A0091,1772984489000,199.03,4407.89,499,bronze,24,58.33,0
A0092,1773625211000,71.39,3847.13,302,gold,2,51.37,0
A0000,1772304939000,21.14,1426.14,729,gold,5,50.62,0
A0003,1772002067000,29.15,629.78,635,silver,0,52.13,1
A0004,1772086537000,17.11,9009.85,808,gold,16,46.73,0
A0006,1772921288000,22.48,6135.51,306,silver,28,49.23,0
A0006,1772921288000,22.48,6135.51,364,silver,28,49.23,0
A0007,1772402687000,19.64,6210.39,789,gold,20,51.23,1
A0008,1772533491000,105.63,6173.01,320,gold,32,49.8,0
A0009,1772362866000,11.53,3189.32,433,bronze,11,51.66,0
A0011,1772882905000,54.0,6029.16,739,gold,13,59.03,0
A0012,1773351720000,56.36,6804.3,530,bronze,4,44.41,1
A0012,1773351720000,56.36,6804.3,574,bronze,4,44.41,1
A0013,1771992198000,127.38,6151.29,318,bronze,19,53.45,0
A0015,1772346000000,37.35,4536.24,695,silver,19,47.9,0
A0015,1772346000000,37.35,4536.24,756,gold,19,47.9,0
A0017,1772437869000,33.63,5444.14,627,bronze,15,45.72,1
A0017,1772437869000,33.63,5444.14,699,gold,15,45.72,1
A0022,1772737441000,27.82,-1566.46,845,bronze,4,50.32,1
A0025,1772133384000,37.75,6613.05,375,gold,20,49.22,0
A0026,1772631959000,19.5,6072.97,740,bronze,15,48.31,1
A0027,1772767070000,9.83,3829.27,375,silver,37,39.93,0
A0029,1772375918000,56.04,9097.97,686,silver,15,57.34,0
A0031,1772438414000,136.38,3218.23,848,bronze,30,46.19,1
A0032,1772725237000,9.86,1888.75,776,silver,21,48.54,0
A0033,1772108079000,554.38,3130.98,406,gold,12,53.99,0
A0034,1772107506000,7.84,6623.58,525,silver,8,57.97,0
A0037,1772145288000,43.79,5747.42,844,silver,16,54.02,0
A0038,1772100788000,44.27,2221.33,597,gold,37,57.49,0
A0038,1772100788000,44.27,2221.33,582,bronze,37,57.49,0
A0043,1772487954000,44.89,4877.09,786,bronze,10,53.74,0
A0045,1772645690000,58.26,4961.66,770,bronze,30,47.56,1
A0045,1772645690000,58.26,4961.66,797,silver,30,47.56,1
A0048,1772721561000,54.77,5113.16,603,bronze,2,63.25,0
A0050,1773171825000,5.47,3434.39,346,gold,16,49.87,1
A0051,1772372388000,13.44,2306.4,384,gold,9,51.33,0
A0052,1772908341000,11.8,8492.78,723,bronze,2,44.27,1
A0055,1772169998000,52.56,5426.73,653,bronze,20,56.1,1
A0056,1772077551000,13.75,6074.14,722,bronze,39,43.62,1
A0057,1772528858000,14.66,6155.79,399,silver,13,46.73,0
A0058,1772062059000,103.66,4772.42,516,gold,10,55.23,0
A0061,1772941057000,107.39,4432.51,307,silver,7,42.84,1
A0061,1772941057000,107.39,4432.51,300,bronze,7,42.84,1
A0062,1772815600000,523.48,4039.74,771,silver,37,52.95,0
A0063,1772909258000,525.54,5114.08,656,gold,1,46.04,1
A0065,1773139790000,51.45,2665.4,608,silver,17,52.95,0
A0065,1773139790000,51.45,2665.4,684,silver,17,52.95,0
A0066,1773329133000,139.38,860.11,393,bronze,8,48.35,1
A0068,1772404011000,33.43,773.53,444,bronze,25,51.5,1
A0071,1772130290000,88.86,5566.98,735,gold,3,49.17,0
A0072,1772520709000,369.07,5482.12,564,bronze,12,48.05,1
A0072,1772520709000,369.07,5482.12,580,bronze,12,48.05,1
A0073,1772776784000,119.18,8082.95,710,bronze,38,48.08,0
A0073,1772776784000,119.18,8082.95,651,silver,38,48.08,0
A0074,1772311248000,9.39,6112.33,768,bronze,19,56.59,0
A0077,1772870626000,22.68,4037.95,735,silver,18,53.23,0
A0077,1772870626000,22.68,4037.95,697,silver,18,53.23,0
A0078,1773025240000,56.56,5931.94,553,gold,19,37.88,1
A0085,1772157868000,55.9,3684.05,745,gold,32,52.28,1
A0086,1772430414000,38.69,8077.1,715,silver,16,49.37,0
A0086,1772430414000,38.69,8077.1,750,bronze,16,49.37,0
A0087,1773025914000,20.8,5850.06,420,bronze,12,61.15,1
A0088,1772237126000,4.86,5841.08,619,bronze,19,45.96,0
A0089,1772729547000,31.29,-878.52,403,gold,26,44.06,0
A0090,1772150045000,18.71,6200.16,472,bronze,33,46.76,1
A0090,1772150045000,18.71,6200.16,440,silver,33,46.76,1
A0093,1772777344000,43.53,2979.01,803,silver,31,49.62,1
A0094,1773201675000,2.3,5616.9,648,silver,34,41.06,0
A0094,1773201675000,2.3,5616.9,667,silver,34,41.06,0
A0095,1772605386000,30.91,7600.25,337,gold,31,53.18,1
A0096,1772228370000,76.53,3024.79,704,silver,10,49.53,1
A0097,1772401000000,74.31,4783.51,700,gold,20,52.76,0
A0099,1772231801000,65.17,8271.75,679,gold,38,47.72,0
A0001,1773482046000,5.6,7103.64,301,bronze,0,48.71,0
A0001,1773482046000,5.6,7103.64,322,bronze,0,48.71,0
A0002,1773533318000,25.77,3760.77,314,silver,9,49.18,1
A0002,1773533318000,25.77,3760.77,394,gold,9,49.18,1
A0005,1773584013000,33.42,4787.26,622,bronze,6,41.47,0
A0010,1772742518000,23.39,2538.51,662,gold,24,48.21,0
A0010,1772742518000,23.39,2538.51,648,silver,24,48.21,0
A0014,1772951255000,23.67,2148.67,646,silver,0,46.81,1
A0016,1773530553000,47.81,3370.43,667,gold,3,46.66,1
A0018,1772833808000,87.75,1104.54,536,silver,13,64.31,0
A0018,1772833808000,87.75,1104.54,496,silver,13,64.31,0
A0019,1773057698000,28.51,7117.28,678,gold,32,51.31,0
A0020,1773239267000,18.6,4505.97,761,bronze,3,44.44,0
A0021,1773421617000,25.32,3978.28,405,gold,12,49.01,0
A0021,1773421617000,25.32,3978.28,368,silver,12,49.01,0
A0023,1773639389000,71.45,3816.88,788,silver,23,57.62,0
A0024,1773051955000,118.92,6005.52,697,silver,17,46.12,1
A0028,1773418467000,13.2,3983.59,683,gold,12,54.22,0
A0028,1773418467000,13.2,3983.59,621,bronze,12,54.22,0
A0036,1773600028000,18.9,5804.3,337,gold,34,51.98,1
A0036,1773600028000,18.9,5804.3,300,bronze,34,51.98,1
A0039,1773212738000,3.66,5168.53,367,silver,37,64.76,1
A0042,1773257148000,385.67,3209.03,480,gold,26,49.92,0
A0044,1773699927000,240.51,4736.34,544,bronze,38,43.05,1
A0044,1773699927000,240.51,4736.34,469,silver,38,43.05,1
A0046,1773101366000,89.69,4191.3,702,bronze,3,52.56,1
A0047,1773198803000,9.52,7636.04,453,gold,6,49.22,0
A0047,1773198803000,9.52,7636.04,526,bronze,6,49.22,0
A0049,1773280471000,73.01,2665.03,496,bronze,34,52.58,0
A0054,1773162549000,21.52,6751.88,779,bronze,31,44.65,0
A0054,1773162549000,21.52,6751.88,709,gold,31,44.65,0
A0059,1772844421000,60.19,4984.32,536,bronze,36,45.9,1
A0059,1772844421000,60.19,4984.32,616,gold,36,45.9,1
A0060,1773429192000,10.36,9539.55,651,silver,30,51.8,1
A0064,1773352088000,32.04,5561.59,520,bronze,30,47.42,1
A0064,1773352088000,32.04,5561.59,576,gold,30,47.42,1
A0067,1773218371000,49.55,7213.72,306,bronze,26,43.64,1
A0069,1773261848000,14.3,4295.94,801,silver,37,46.16,1
A0070,1773605593000,32.14,3113.42,713,bronze,36,47.54,0
A0075,1773324061000,12.37,9346.62,647,bronze,31,55.3,1
A0075,1773324061000,12.37,9346.62,595,bronze,31,55.3,1
A0076,1773623548000,15.93,4371.36,391,gold,13,46.85,0
A0079,1773582000000,51.08,8486.83,650,silver,4,59.99,1
A0079,1773582000000,51.08,8486.83,707,silver,4,59.99,1
A0081,1773357508000,114.66,2054.56,655,gold,24,48.07,1
A0081,1773357508000,114.66,2054.56,649,silver,24,48.07,1
A0082,1773230547000,49.71,2433.79,758,bronze,13,56.69,0
A0082,1773230547000,49.71,2433.79,790,silver,13,56.69,0
A0083,1773047399000,5.27,8666.27,440,bronze,22,49.99,1
A0083,1773047399000,5.27,8666.27,500,silver,22,49.99,1
A0084,1773392158000,32.34,3658.22,435,silver,16,50.64,1
A0091,1772984489000,12.83,4739.43,499,bronze,24,58.33,0
A0092,1773625211000,166.95,3764.41,302,gold,2,51.37,0
A0000,1772304939000,23.02,1566.83,729,gold,5,50.62,0
A0003,1772002067000,12.12,574.93,635,silver,0,52.13,1
A0004,1772086537000,55.06,8714.93,808,gold,16,46.73,0
A0006,1772921288000,39.31,6124.41,306,silver,28,49.23,0
A0006,1772921288000,39.31,6124.41,364,silver,28,49.23,0
A0007,1772402687000,128.73,5926.03,789,gold,20,51.23,1
A0008,1772533491000,112.34,6492.41,320,gold,32,49.8,0
A0009,1772362866000,11.53,3189.32,433,bronze,11,51.66,0
A0011,1772882905000,43.07,5994.25,739,gold,13,59.03,0
A0012,1773351720000,56.36,6804.3,530,bronze,4,44.41,1
A0012,1773351720000,56.36,6804.3,574,bronze,4,44.41,1
A0013,1771992198000,9.42,5769.58,318,bronze,19,53.45,0
A0015,1772346000000,27.13,3897.44,695,silver,19,47.9,0
A0015,1772346000000,27.13,3897.44,756,gold,19,47.9,0
A0017,1772437869000,27.1,6038.08,627,bronze,15,45.72,1
A0017,1772437869000,27.1,6038.08,699,gold,15,45.72,1
A0022,1772737441000,3.34,-746.63,845,bronze,4,50.32,1
A0025,1772133384000,13.42,5888.17,375,gold,20,49.22,0
A0026,1772631959000,21.5,5567.62,740,bronze,15,48.31,1
A0027,1772767070000,6.14,3630.57,375,silver,37,39.93,0
A0029,1772375918000,38.22,8795.73,686,silver,15,57.34,0
A0030,1772303825000,15.61,7719.2,668,bronze,11,43.34,1
A0030,1772303825000,15.61,7719.2,737,silver,11,43.34,1
A0031,1772438414000,63.89,3880.55,848,bronze,30,46.19,1
A0032,1772725237000,18.83,1735.11,776,silver,21,48.54,0
A0033,1772108079000,10.74,3439.45,406,gold,12,53.99,0
A0034,1772107506000,34.65,6322.19,525,silver,8,57.97,0
A0035,1771998570000,91.43,8046.8,638,bronze,10,50.49,0
A0037,1772145288000,17.46,6283.08,844,silver,16,54.02,0
A0038,1772100788000,10.65,2413.46,597,gold,37,57.49,0
A0038,1772100788000,10.65,2413.46,582,bronze,37,57.49,0
A0040,1772229558000,29.26,5666.07,314,bronze,8,48.15,1
A0043,1772487954000,21.04,4922.17,786,bronze,10,53.74,0
A0045,1772645690000,147.98,5292.7,770,bronze,30,47.56,1
A0045,1772645690000,147.98,5292.7,797,silver,30,47.56,1
A0048,1772721561000,59.53,4980.91,603,bronze,2,63.25,0
A0050,1773171825000,25.02,3590.22,346,gold,16,49.87,1
A0052,1772908341000,18.72,8941.81,723,bronze,2,44.27,1
A0053,1772467823000,35.16,5813.07,439,silver,6,51.44,1
A0055,1772169998000,3.48,5039.64,653,bronze,20,56.1,1
A0056,1772077551000,118.89,5765.19,722,bronze,39,43.62,1
A0057,1772528858000,12.26,5733.29,399,silver,13,46.73,0
A0058,1772062059000,50.32,5399.09,516,gold,10,55.23,0
A0061,1772941057000,26.52,4168.86,307,silver,7,42.84,1
A0061,1772941057000,26.52,4168.86,300,bronze,7,42.84,1
A0062,1772815600000,3.68,4157.73,771,silver,37,52.95,0
A0063,1772909258000,30.77,4504.3,656,gold,1,46.04,1
A0065,1773139790000,43.07,1942.07,608,silver,17,52.95,0
A0065,1773139790000,43.07,1942.07,684,silver,17,52.95,0
A0066,1773329133000,191.44,500.53,393,bronze,8,48.35,1
A0068,1772404011000,8.53,1468.28,444,bronze,25,51.5,1
A0071,1772130290000,156.24,4878.12,735,gold,3,49.17,0
A0072,1772520709000,37.81,5472.14,564,bronze,12,48.05,1
A0072,1772520709000,37.81,5472.14,580,bronze,12,48.05,1
A0073,1772776784000,59.49,7900.1,710,bronze,38,48.08,0
A0073,1772776784000,59.49,7900.1,651,silver,38,48.08,0
A0074,1772311248000,74.35,6578.24,768,bronze,19,56.59,0
A0077,1772870626000,9.95,3809.23,735,silver,18,53.23,0
A0077,1772870626000,9.95,3809.23,697,silver,18,53.23,0
A0078,1773025240000,55.05,6631.89,553,gold,19,37.88,1
A0080,1772100088000,147.04,6838.08,731,gold,37,55.66,0
A0080,1772100088000,147.04,6838.08,664,gold,37,55.66,0
A0085,1772157868000,8.54,4027.8,745,gold,32,52.28,1
A0086,1772430414000,43.01,8485.31,715,silver,16,49.37,0
A0086,1772430414000,43.01,8485.31,750,bronze,16,49.37,0
A0087,1773025914000,51.76,6593.71,420,bronze,12,61.15,1
A0088,1772237126000,56.82,5459.99,619,bronze,19,45.96,0
A0089,1772729547000,25.75,-521.8,403,gold,26,44.06,0
A0093,1772777344000,6.59,2353.56,803,silver,31,49.62,1
A0094,1773201675000,165.99,4233.62,648,silver,34,41.06,0
A0094,1773201675000,165.99,4233.62,667,silver,34,41.06,0
A0095,1772605386000,94.19,7765.51,337,gold,31,53.18,1
A0096,1772228370000,23.24,3081.3,704,silver,10,49.53,1
A0097,1772401000000,27.42,4544.99,700,gold,20,52.76,0
A0098,1772183464000,325.99,4128.38,572,gold,27,53.87,1
A0098,1772183464000,325.99,4128.38,632,bronze,27,53.87,1
A0099,1772231801000,20.73,8373.73,679,gold,38,47.72,0
A0001,1773482046000,7.64,7170.01,301,bronze,0,48.71,0
A0001,1773482046000,7.64,7170.01,322,bronze,0,48.71,0
A0002,1773533318000,26.61,4228.62,314,silver,9,49.18,1
A0002,1773533318000,26.61,4228.62,394,gold,9,49.18,1
A0005,1773584013000,25.63,4562.85,622,bronze,6,41.47,0
A0010,1772742518000,4.36,2594.53,662,gold,24,48.21,0
A0010,1772742518000,4.36,2594.53,648,silver,24,48.21,0
A0016,1773530553000,28.67,4364.28,667,gold,3,46.66,1
A0018,1772833808000,110.86,742.66,536,silver,13,64.31,0
A0018,1772833808000,110.86,742.66,496,silver,13,64.31,0
A0019,1773057698000,8.22,6456.8,678,gold,32,51.31,0
A0020,1773239267000,139.74,4612.71,761,bronze,3,44.44,0
A0021,1773421617000,17.14,3814.65,405,gold,12,49.01,0
A0021,1773421617000,17.14,3814.65,368,silver,12,49.01,0
A0023,1773639389000,128.64,4163.35,788,silver,23,57.62,0
A0024,1773051955000,424.29,6064.07,697,silver,17,46.12,1
A0028,1773418467000,21.69,4086.2,683,gold,12,54.22,0
A0028,1773418467000,21.69,4086.2,621,bronze,12,54.22,0
A0036,1773600028000,19.68,6064.38,337,gold,34,51.98,1
A0036,1773600028000,19.68,6064.38,300,bronze,34,51.98,1
A0039,1773212738000,52.82,4600.71,367,silver,37,64.76,1
A0042,1773257148000,19.13,3794.52,480,gold,26,49.92,0
A0044,1773699927000,68.64,5327.42,544,bronze,38,43.05,1
A0044,1773699927000,68.64,5327.42,469,silver,38,43.05,1
A0046,1773101366000,81.41,4673.06,702,bronze,3,52.56,1
A0047,1773198803000,27.69,7834.56,453,gold,6,49.22,0
A0047,1773198803000,27.69,7834.56,526,bronze,6,49.22,0
A0054,1773162549000,6.79,6781.91,779,bronze,31,44.65,0
A0054,1773162549000,6.79,6781.91,709,gold,31,44.65,0
A0059,1772844421000,50.2,4253.14,536,bronze,36,45.9,1
A0059,1772844421000,50.2,4253.14,616,gold,36,45.9,1
A0060,1773429192000,42.75,9592.93,651,silver,30,51.8,1
A0064,1773352088000,27.64,5538.96,520,bronze,30,47.42,1
A0064,1773352088000,27.64,5538.96,576,gold,30,47.42,1
A0067,1773218371000,12.63,7981.15,306,bronze,26,43.64,1
A0069,1773261848000,16.72,4648.62,801,silver,37,46.16,1
A0070,1773605593000,13.25,3492.96,713,bronze,36,47.54,0
A0075,1773324061000,96.13,9456.4,647,bronze,31,55.3,1
A0075,1773324061000,96.13,9456.4,595,bronze,31,55.3,1
A0076,1773623548000,113.24,4353.83,391,gold,13,46.85,0
A0079,1773582000000,105.81,7734.35,650,silver,4,59.99,1
A0079,1773582000000,105.81,7734.35,707,silver,4,59.99,1
A0081,1773357508000,17.93,1827.56,655,gold,24,48.07,1
A0081,1773357508000,17.93,1827.56,649,silver,24,48.07,1
A0082,1773230547000,35.87,2583.33,758,bronze,13,56.69,0
A0082,1773230547000,35.87,2583.33,790,silver,13,56.69,0
A0083,1773047399000,83.8,8689.86,440,bronze,22,49.99,1
A0083,1773047399000,83.8,8689.86,500,silver,22,49.99,1
A0091,1772984489000,6.18,4532.13,499,bronze,24,58.33,0
A0092,1773625211000,63.68,3712.53,302,gold,2,51.37,0
A0000,1772304939000,13.64,1040.31,729,gold,5,50.62,0
A0003,1772002067000,22.96,596.85,635,silver,0,52.13,1
A0006,1772921288000,33.6,5589.22,306,silver,28,49.23,0
A0006,1772921288000,33.6,5589.22,364,silver,28,49.23,0
A0007,1772402687000,75.24,5896.76,789,gold,20,51.23,1
A0008,1772533491000,74.78,6079.19,320,gold,32,49.8,0
A0009,1772362866000,22.22,3612.1,433,bronze,11,51.66,0
A0012,1773351720000,24.41,6699.42,530,bronze,4,44.41,1
A0012,1773351720000,24.41,6699.42,574,bronze,4,44.41,1
A0013,1771992198000,22.96,5313.04,318,bronze,19,53.45,0
A0015,1772346000000,71.37,4417.59,695,silver,19,47.9,0
A0015,1772346000000,71.37,4417.59,756,gold,19,47.9,0
A0017,1772437869000,54.94,6146.77,627,bronze,15,45.72,1
A0017,1772437869000,54.94,6146.77,699,gold,15,45.72,1
A0022,1772737441000,61.98,89.86,845,bronze,4,50.32,1
A0025,1772133384000,219.09,5867.78,375,gold,20,49.22,0
A0026,1772631959000,37.39,5591.1,740,bronze,15,48.31,1
A0027,1772767070000,654.26,3637.41,375,silver,37,39.93,0
A0029,1772375918000,23.52,8785.89,686,silver,15,57.34,0
A0030,1772303825000,29.34,7910.02,668,bronze,11,43.34,1
A0030,1772303825000,29.34,7910.02,737,silver,11,43.34,1
A0031,1772438414000,35.88,3383.5,848,bronze,30,46.19,1
A0032,1772725237000,159.05,1924.56,776,silver,21,48.54,0
A0033,1772108079000,6.3,2937.43,406,gold,12,53.99,0
A0034,1772107506000,70.27,6185.73,525,silver,8,57.97,0
A0035,1771998570000,17.82,7422.94,638,bronze,10,50.49,0
A0037,1772145288000,79.19,5528.36,844,silver,16,54.02,0
A0038,1772100788000,89.67,2663.08,597,gold,37,57.49,0
A0038,1772100788000,89.67,2663.08,582,bronze,37,57.49,0
A0040,1772229558000,52.16,5300.83,314,bronze,8,48.15,1
A0041,1772562988000,51.79,4984.86,696,silver,24,43.14,0
A0045,1772645690000,32.2,5321.02,770,bronze,30,47.56,1
A0045,1772645690000,32.2,5321.02,797,silver,30,47.56,1
A0048,1772721561000,46.81,4783.86,603,bronze,2,63.25,0
A0050,1773171825000,134.7,2658.58,346,gold,16,49.87,1
A0052,1772908341000,153.53,8939.79,723,bronze,2,44.27,1
A0053,1772467823000,27.52,5688.61,439,silver,6,51.44,1
A0055,1772169998000,67.62,4561.39,653,bronze,20,56.1,1
A0056,1772077551000,8.69,5999.72,722,bronze,39,43.62,1
A0057,1772528858000,3.86,5827.16,399,silver,13,46.73,0
A0058,1772062059000,160.58,5820.23,516,gold,10,55.23,0
A0061,1772941057000,42.28,4555.41,307,silver,7,42.84,1
A0061,1772941057000,42.28,4555.41,300,bronze,7,42.84,1
A0062,1772815600000,29.07,4084.32,771,silver,37,52.95,0
A0063,1772909258000,22.24,4701.47,656,gold,1,46.04,1
A0065,1773139790000,35.36,1889.8,608,silver,17,52.95,0
A0065,1773139790000,35.36,1889.8,684,silver,17,52.95,0
A0066,1773329133000,25.07,1414.01,393,bronze,8,48.35,1
A0068,1772404011000,8.53,1468.28,444,bronze,25,51.5,1
A0072,1772520709000,49.91,4922.21,564,bronze,12,48.05,1
A0072,1772520709000,49.91,4922.21,580,bronze,12,48.05,1
A0073,1772776784000,16.48,7406.57,710,bronze,38,48.08,0
A0073,1772776784000,16.48,7406.57,651,silver,38,48.08,0
A0074,1772311248000,8.76,5818.33,768,bronze,19,56.59,0
A0077,1772870626000,28.26,3927.58,735,silver,18,53.23,0
A0077,1772870626000,28.26,3927.58,697,silver,18,53.23,0
A0078,1773025240000,80.32,6214.42,553,gold,19,37.88,1
A0080,1772100088000,20.04,5736.56,731,gold,37,55.66,0
A0080,1772100088000,20.04,5736.56,664,gold,37,55.66,0
A0086,1772430414000,28.15,8308.47,715,silver,16,49.37,0
A0086,1772430414000,28.15,8308.47,750,bronze,16,49.37,0
A0087,1773025914000,44.33,6657.02,420,bronze,12,61.15,1
A0088,1772237126000,18.58,5111.19,619,bronze,19,45.96,0
A0089,1772729547000,116.0,-765.45,403,gold,26,44.06,0
A0090,1772150045000,10.22,6082.85,472,bronze,33,46.76,1
A0090,1772150045000,10.22,6082.85,440,silver,33,46.76,1
A0093,1772777344000,102.16,2126.34,803,silver,31,49.62,1
A0094,1773201675000,21.29,4721.47,648,silver,34,41.06,0
A0094,1773201675000,21.29,4721.47,667,silver,34,41.06,0
A0095,1772605386000,40.74,7309.66,337,gold,31,53.18,1
A0096,1772228370000,21.01,3094.05,704,silver,10,49.53,1
A0097,1772401000000,5.45,5250.96,700,gold,20,52.76,0
A0098,1772183464000,15.02,3889.41,572,gold,27,53.87,1
A0098,1772183464000,15.02,3889.41,632,bronze,27,53.87,1
A0099,1772231801000,18.84,8897.73,679,gold,38,47.72,0
A0001,1773482046000,25.28,7193.97,301,bronze,0,48.71,0
A0001,1773482046000,25.28,7193.97,322,bronze,0,48.71,0
A0002,1773533318000,96.22,4174.94,314,silver,9,49.18,1
A0002,1773533318000,96.22,4174.94,394,gold,9,49.18,1
A0016,1773530553000,28.67,4364.28,667,gold,3,46.66,1
A0018,1772833808000,110.86,742.66,536,silver,13,64.31,0
A0018,1772833808000,110.86,742.66,496,silver,13,64.31,0
A0019,1773057698000,61.36,6377.91,678,gold,32,51.31,0
A0020,1773239267000,118.38,4245.46,761,bronze,3,44.44,0
A0023,1773639389000,35.62,3805.55,788,silver,23,57.62,0
A0028,1773418467000,7.51,3524.64,683,gold,12,54.22,0
A0028,1773418467000,7.51,3524.64,621,bronze,12,54.22,0
A0036,1773600028000,25.04,5990.39,337,gold,34,51.98,1
A0036,1773600028000,25.04,5990.39,300,bronze,34,51.98,1
A0042,1773257148000,153.3,3768.54,480,gold,26,49.92,0
A0044,1773699927000,15.51,5530.6,544,bronze,38,43.05,1
A0044,1773699927000,15.51,5530.6,469,silver,38,43.05,1
A0046,1773101366000,81.41,4673.06,702,bronze,3,52.56,1
A0047,1773198803000,12.45,7973.87,453,gold,6,49.22,0
A0047,1773198803000,12.45,7973.87,526,bronze,6,49.22,0
A0054,1773162549000,4.11,6536.58,779,bronze,31,44.65,0
A0054,1773162549000,4.11,6536.58,709,gold,31,44.65,0
A0059,1772844421000,50.2,4253.14,536,bronze,36,45.9,1
A0059,1772844421000,50.2,4253.14,616,gold,36,45.9,1
A0060,1773429192000,33.5,9276.9,651,silver,30,51.8,1
A0064,1773352088000,19.87,6335.52,520,bronze,30,47.42,1
A0064,1773352088000,19.87,6335.52,576,gold,30,47.42,1
A0067,1773218371000,13.21,7861.44,306,bronze,26,43.64,1
A0069,1773261848000,6.39,4810.55,801,silver,37,46.16,1
A0070,1773605593000,32.58,3417.71,713,bronze,36,47.54,0
A0076,1773623548000,29.58,4255.95,391,gold,13,46.85,0
A0079,1773582000000,20.02,7762.47,650,silver,4,59.99,1
A0079,1773582000000,20.02,7762.47,707,silver,4,59.99,1
A0081,1773357508000,17.93,1827.56,655,gold,24,48.07,1
A0081,1773357508000,17.93,1827.56,649,silver,24,48.07,1
A0082,1773230547000,17.79,2957.15,758,bronze,13,56.69,0
A0082,1773230547000,17.79,2957.15,790,silver,13,56.69,0
A0092,1773625211000,18.0,4299.01,302,gold,2,51.37,0
A0000,1772304939000,9.11,1010.21,729,gold,5,50.62,0
A0006,1772921288000,112.98,5881.84,306,silver,28,49.23,0
A0006,1772921288000,112.98,5881.84,364,silver,28,49.23,0
A0007,1772402687000,31.33,5359.38,789,gold,20,51.23,1
A0008,1772533491000,91.24,4839.94,320,gold,32,49.8,0
A0012,1773351720000,16.32,7438.36,530,bronze,4,44.41,1
A0012,1773351720000,16.32,7438.36,574,bronze,4,44.41,1
A0013,1771992198000,102.12,5900.81,318,bronze,19,53.45,0
A0015,1772346000000,225.52,4348.89,695,silver,19,47.9,0
A0015,1772346000000,225.52,4348.89,756,gold,19,47.9,0
A0017,1772437869000,28.29,5831.29,627,bronze,15,45.72,1
A0017,1772437869000,28.29,5831.29,699,gold,15,45.72,1
A0022,1772737441000,11.54,-382.1,845,bronze,4,50.32,1
A0025,1772133384000,6.5,5898.23,375,gold,20,49.22,0
A0030,1772303825000,13.32,7774.09,668,bronze,11,43.34,1
A0030,1772303825000,13.32,7774.09,737,silver,11,43.34,1
A0031,1772438414000,44.92,3387.87,848,bronze,30,46.19,1
A0032,1772725237000,3.81,1561.51,776,silver,21,48.54,0
A0034,1772107506000,668.15,6020.43,525,silver,8,57.97,0
A0035,1771998570000,31.9,7140.77,638,bronze,10,50.49,0
A0038,1772100788000,17.01,2673.35,597,gold,37,57.49,0
A0038,1772100788000,17.01,2673.35,582,bronze,37,57.49,0
A0040,1772229558000,61.33,5003.27,314,bronze,8,48.15,1
A0041,1772562988000,10.05,5062.0,696,silver,24,43.14,0
A0050,1773171825000,14.02,2672.92,346,gold,16,49.87,1
A0051,1772372388000,72.37,1814.27,384,gold,9,51.33,0
A0052,1772908341000,92.07,9047.05,723,bronze,2,44.27,1
A0053,1772467823000,119.92,4484.66,439,silver,6,51.44,1
A0055,1772169998000,15.78,3937.05,653,bronze,20,56.1,1
A0056,1772077551000,12.35,5993.07,722,bronze,39,43.62,1
A0057,1772528858000,2.76,5573.73,399,silver,13,46.73,0
A0058,1772062059000,11.12,6212.87,516,gold,10,55.23,0
A0061,1772941057000,31.93,4047.07,307,silver,7,42.84,1
A0061,1772941057000,31.93,4047.07,300,bronze,7,42.84,1
A0063,1772909258000,29.36,4604.24,656,gold,1,46.04,1
A0065,1773139790000,7.64,2179.85,608,silver,17,52.95,0
A0065,1773139790000,7.64,2179.85,684,silver,17,52.95,0
A0066,1773329133000,9.05,1381.4,393,bronze,8,48.35,1
A0068,1772404011000,59.47,989.96,444,bronze,25,51.5,1
A0072,1772520709000,58.16,4684.86,564,bronze,12,48.05,1
A0072,1772520709000,58.16,4684.86,580,bronze,12,48.05,1
A0073,1772776784000,18.66,7149.84,710,bronze,38,48.08,0
A0073,1772776784000,18.66,7149.84,651,silver,38,48.08,0
A0080,1772100088000,10.36,6311.64,731,gold,37,55.66,0
A0080,1772100088000,10.36,6311.64,664,gold,37,55.66,0
A0087,1773025914000,89.87,7197.02,420,bronze,12,61.15,1
A0089,1772729547000,53.45,-850.31,403,gold,26,44.06,0
A0090,1772150045000,14.65,5649.68,472,bronze,33,46.76,1
A0090,1772150045000,14.65,5649.68,440,silver,33,46.76,1
A0093,1772777344000,31.12,2507.98,803,silver,31,49.62,1
A0096,1772228370000,25.4,2656.67,704,silver,10,49.53,1
A0097,1772401000000,104.69,5464.67,700,gold,20,52.76,0
A0098,1772183464000,487.91,3540.28,572,gold,27,53.87,1
A0098,1772183464000,487.91,3540.28,632,bronze,27,53.87,1
A0099,1772231801000,36.73,8492.56,679,gold,38,47.72,0
A0019,1773057698000,15.69,6477.77,678,gold,32,51.31,0
A0036,1773600028000,20.67,6331.03,337,gold,34,51.98,1
A0036,1773600028000,20.67,6331.03,300,bronze,34,51.98,1
A0046,1773101366000,25.25,4493.91,702,bronze,3,52.56,1
A0047,1773198803000,29.16,8204.51,453,gold,6,49.22,0
A0047,1773198803000,29.16,8204.51,526,bronze,6,49.22,0
A0054,1773162549000,45.04,6040.04,779,bronze,31,44.65,0
A0054,1773162549000,45.04,6040.04,709,gold,31,44.65,0
A0060,1773429192000,236.04,9781.93,651,silver,30,51.8,1
A0067,1773218371000,13.83,7690.19,306,bronze,26,43.64,1
A0069,1773261848000,50.99,5103.57,801,silver,37,46.16,1
A0076,1773623548000,32.89,4341.84,391,gold,13,46.85,0
A0079,1773582000000,12.48,7796.83,650,silver,4,59.99,1
A0079,1773582000000,12.48,7796.83,707,silver,4,59.99,1
A0081,1773357508000,97.93,1386.72,655,gold,24,48.07,1
A0081,1773357508000,97.93,1386.72,649,silver,24,48.07,1
A0082,1773230547000,9.3,3198.07,758,bronze,13,56.69,0
A0082,1773230547000,9.3,3198.07,790,silver,13,56.69,0
A0000,1772304939000,37.85,1424.53,729,gold,5,50.62,0
A0006,1772921288000,237.53,5864.41,306,silver,28,49.23,0
A0006,1772921288000,237.53,5864.41,364,silver,28,49.23,0
A0007,1772402687000,31.95,5813.5,789,gold,20,51.23,1
A0008,1772533491000,13.99,4898.25,320,gold,32,49.8,0
A0012,1773351720000,43.1,6181.91,530,bronze,4,44.41,1
A0012,1773351720000,43.1,6181.91,574,bronze,4,44.41,1
A0013,1771992198000,75.23,6030.68,318,bronze,19,53.45,0
A0015,1772346000000,18.93,4929.61,695,silver,19,47.9,0
A0015,1772346000000,18.93,4929.61,756,gold,19,47.9,0
A0017,1772437869000,86.64,5327.62,627,bronze,15,45.72,1
A0017,1772437869000,86.64,5327.62,699,gold,15,45.72,1
A0022,1772737441000,117.98,88.15,845,bronze,4,50.32,1
A0025,1772133384000,4.67,5434.84,375,gold,20,49.22,0
A0031,1772438414000,32.91,3227.2,848,bronze,30,46.19,1
A0032,1772725237000,4.66,1820.07,776,silver,21,48.54,0
A0034,1772107506000,324.24,5454.31,525,silver,8,57.97,0
A0035,1771998570000,7.2,6993.64,638,bronze,10,50.49,0
A0040,1772229558000,46.19,5475.0,314,bronze,8,48.15,1
A0041,1772562988000,156.95,4263.71,696,silver,24,43.14,0
A0050,1773171825000,31.12,3268.06,346,gold,16,49.87,1
A0051,1772372388000,5.85,1752.94,384,gold,9,51.33,0
A0052,1772908341000,44.53,9179.5,723,bronze,2,44.27,1
A0055,1772169998000,13.42,3948.97,653,bronze,20,56.1,1
A0065,1773139790000,2.07,2267.94,608,silver,17,52.95,0
A0065,1773139790000,2.07,2267.94,684,silver,17,52.95,0
A0066,1773329133000,13.34,785.93,393,bronze,8,48.35,1
A0068,1772404011000,26.58,1535.31,444,bronze,25,51.5,1
A0073,1772776784000,8.38,7512.22,710,bronze,38,48.08,0
A0073,1772776784000,8.38,7512.22,651,silver,38,48.08,0
A0080,1772100088000,10.36,6311.64,731,gold,37,55.66,0
A0080,1772100088000,10.36,6311.64,664,gold,37,55.66,0
A0087,1773025914000,72.31,7179.63,420,bronze,12,61.15,1
A0089,1772729547000,22.02,-227.75,403,gold,26,44.06,0
A0090,1772150045000,62.1,5860.9,472,bronze,33,46.76,1
A0090,1772150045000,62.1,5860.9,440,silver,33,46.76,1
A0096,1772228370000,60.45,3298.26,704,silver,10,49.53,1
A0098,1772183464000,487.91,3540.28,572,gold,27,53.87,1
A0098,1772183464000,487.91,3540.28,632,bronze,27,53.87,1
A0099,1772231801000,36.73,8492.56,679,gold,38,47.72,0
A0019,1773057698000,21.05,6742.4,678,gold,32,51.31,0
A0047,1773198803000,3.18,7526.88,453,gold,6,49.22,0
A0047,1773198803000,3.18,7526.88,526,bronze,6,49.22,0
A0060,1773429192000,39.52,9495.82,651,silver,30,51.8,1
A0067,1773218371000,29.04,7219.06,306,bronze,26,43.64,1
A0069,1773261848000,4.79,5639.54,801,silver,37,46.16,1
A0081,1773357508000,58.09,2124.85,655,gold,24,48.07,1
A0081,1773357508000,58.09,2124.85,649,silver,24,48.07,1
A0082,1773230547000,14.25,3715.56,758,bronze,13,56.69,0
A0082,1773230547000,14.25,3715.56,790,silver,13,56.69,0
A0000,1772304939000,6.74,1196.05,729,gold,5,50.62,0
A0007,1772402687000,31.95,5813.5,789,gold,20,51.23,1
A0017,1772437869000,33.83,5633.3,627,bronze,15,45.72,1
A0017,1772437869000,33.83,5633.3,699,gold,15,45.72,1
A0025,1772133384000,4.67,5434.84,375,gold,20,49.22,0
A0041,1772562988000,72.48,3995.31,696,silver,24,43.14,0
A0050,1773171825000,64.42,3085.44,346,gold,16,49.87,1
A0051,1772372388000,65.22,2811.86,384,gold,9,51.33,0
A0055,1772169998000,32.95,3863.06,653,bronze,20,56.1,1
A0068,1772404011000,26.58,1535.31,444,bronze,25,51.5,1
A0073,1772776784000,8.38,7512.22,710,bronze,38,48.08,0
A0073,1772776784000,8.38,7512.22,651,silver,38,48.08,0
A0090,1772150045000,18.23,6158.82,472,bronze,33,46.76,1
A0090,1772150045000,18.23,6158.82,440,silver,33,46.76,1
A0098,1772183464000,126.27,3385.24,572,gold,27,53.87,1
A0098,1772183464000,126.27,3385.24,632,bronze,27,53.87,1
A0099,1772231801000,77.06,8596.24,679,gold,38,47.72,0
A0000,1772304939000,6.74,1196.05,729,gold,5,50.62,0
A0007,1772402687000,119.32,6590.68,789,gold,20,51.23,1
A0050,1773171825000,64.42,3085.44,346,gold,16,49.87,1
A0051,1772372388000,13.9,2865.78,384,gold,9,51.33,0
A0073,1772776784000,54.66,7233.38,710,bronze,38,48.08,0
A0073,1772776784000,54.66,7233.38,651,silver,38,48.08,0
A0090,1772150045000,18.23,6158.82,472,bronze,33,46.76,1
A0090,1772150045000,18.23,6158.82,440,silver,33,46.76,1
A0098,1772183464000,67.16,3338.89,572,gold,27,53.87,1
A0098,1772183464000,67.16,3338.89,632,bronze,27,53.87,1
A0001,1773482046000,85.67,7566.48,301,bronze,8,48.71,0
A0001,1773482046000,85.67,7566.48,322,bronze,8,48.71,0
A0002,1773533318000,78.88,1991.51,314,silver,32,49.18,1
A0002,1773533318000,78.88,1991.51,394,gold,32,49.18,1
A0005,1773584013000,34.22,4883.98,622,bronze,21,41.47,0
A0010,1772742518000,30.25,3024.06,662,gold,22,48.21,0
A0010,1772742518000,30.25,3024.06,648,silver,22,48.21,0
A0014,1772951255000,39.28,2503.24,646,silver,26,46.81,1
A0016,1773530553000,6.2,2372.35,667,gold,7,46.66,1
A0018,1772833808000,17.59,1679.94,536,silver,22,64.31,0
A0018,1772833808000,17.59,1679.94,496,silver,22,64.31,0
A0019,1773057698000,15.64,7267.41,678,gold,32,51.31,0
A0020,1773239267000,14.81,4881.72,761,bronze,29,44.44,0
A0021,1773421617000,16.99,3959.37,405,gold,24,49.01,0
A0021,1773421617000,16.99,3959.37,368,silver,24,49.01,0
A0023,1773639389000,73.31,3105.09,788,silver,20,57.62,0
A0028,1773418467000,23.16,3941.34,683,gold,23,54.22,0
A0028,1773418467000,23.16,3941.34,621,bronze,23,54.22,0
A0036,1773600028000,171.57,5928.03,337,gold,34,51.98,1
A0036,1773600028000,171.57,5928.03,300,bronze,34,51.98,1
A0042,1773257148000,58.7,3871.74,480,gold,6,49.92,0
A0044,1773699927000,28.07,4668.45,544,bronze,26,43.05,1
A0044,1773699927000,28.07,4668.45,469,silver,26,43.05,1
A0046,1773101366000,13.11,3419.02,702,bronze,28,52.56,1
A0049,1773280471000,25.01,2467.6,496,bronze,6,52.58,0
A0054,1773162549000,8.22,6499.74,779,bronze,16,44.65,0
A0054,1773162549000,8.22,6499.74,709,gold,16,44.65,0
A0059,1772844421000,12.88,5311.85,536,bronze,19,45.9,1
A0059,1772844421000,12.88,5311.85,616,gold,19,45.9,1
A0060,1773429192000,65.92,9434.13,651,silver,18,51.8,1
A0064,1773352088000,19.25,5424.78,520,bronze,27,47.42,1
A0064,1773352088000,19.25,5424.78,576,gold,27,47.42,1
A0067,1773218371000,14.76,7546.56,306,bronze,6,43.64,1
A0069,1773261848000,5.87,4834.91,801,silver,12,46.16,1
A0070,1773605593000,36.32,3568.8,713,bronze,26,47.54,0
A0075,1773324061000,5.54,7495.08,647,bronze,27,55.3,1
A0075,1773324061000,5.54,7495.08,595,bronze,27,55.3,1
A0076,1773623548000,21.01,3969.39,391,gold,16,46.85,0
A0079,1773582000000,30.61,8362.03,650,silver,30,59.99,1
A0079,1773582000000,30.61,8362.03,707,silver,30,59.99,1
A0081,1773357508000,94.93,2471.49,655,gold,21,48.07,1
A0081,1773357508000,94.93,2471.49,649,silver,21,48.07,1
A0083,1773047399000,6.88,8980.68,440,bronze,39,49.99,1
A0083,1773047399000,6.88,8980.68,500,silver,39,49.99,1
A0084,1773392158000,399.85,3735.35,435,silver,32,50.64,1
A0091,1772984489000,86.99,4467.5,499,bronze,36,58.33,0
A0092,1773625211000,33.31,3774.71,302,gold,22,51.37,0
A0000,1772304939000,292.47,727.5,729,gold,20,50.62,0
A0003,1772002067000,22.76,981.82,635,silver,35,52.13,1
A0004,1772086537000,15.38,8916.02,808,gold,26,46.73,0
A0006,1772921288000,162.73,6919.85,306,silver,12,49.23,0
A0006,1772921288000,162.73,6919.85,364,silver,12,49.23,0
A0009,1772362866000,9.12,3382.1,433,bronze,12,51.66,0
A0011,1772882905000,15.11,5942.72,739,gold,25,59.03,0
A0013,1771992198000,16.08,5645.17,318,bronze,14,53.45,0
A0015,1772346000000,276.69,4487.56,695,silver,37,47.9,0
A0015,1772346000000,276.69,4487.56,756,gold,37,47.9,0
A0017,1772437869000,3.69,5770.43,627,bronze,21,45.72,1
A0017,1772437869000,3.69,5770.43,699,gold,21,45.72,1
A0022,1772737441000,59.35,-490.56,845,bronze,35,50.32,1
A0026,1772631959000,10.66,6060.26,740,bronze,30,48.31,1
A0029,1772375918000,16.05,8950.99,686,silver,0,57.34,0
A0030,1772303825000,23.25,6539.91,668,bronze,33,43.34,1
A0030,1772303825000,23.25,6539.91,737,silver,33,43.34,1
A0035,1771998570000,12.13,6804.43,638,bronze,30,50.49,0
A0037,1772145288000,71.97,5784.12,844,silver,1,54.02,0
A0040,1772229558000,15.39,5318.7,314,bronze,15,48.15,1
A0041,1772562988000,3.51,4720.21,696,silver,6,43.14,0
A0043,1772487954000,281.54,5158.22,786,bronze,6,53.74,0
A0045,1772645690000,9.9,5071.37,770,bronze,9,47.56,1
A0045,1772645690000,9.9,5071.37,797,silver,9,47.56,1
A0048,1772721561000,28.71,5183.15,603,bronze,27,63.25,0
A0051,1772372388000,24.53,1357.63,384,gold,15,51.33,0
A0052,1772908341000,63.44,8600.78,723,bronze,38,44.27,1
A0053,1772467823000,24.93,5216.42,439,silver,15,51.44,1
A0055,1772169998000,69.9,4535.95,653,bronze,21,56.1,1
A0056,1772077551000,99.11,5535.8,722,bronze,2,43.62,1
A0057,1772528858000,38.63,5992.2,399,silver,13,46.73,0
A0062,1772815600000,15.23,3983.38,771,silver,31,52.95,0
A0065,1773139790000,46.5,2764.87,608,silver,39,52.95,0
A0065,1773139790000,46.5,2764.87,684,silver,39,52.95,0
A0066,1773329133000,66.17,478.64,393,bronze,30,48.35,1
A0068,1772404011000,58.54,1308.89,444,bronze,30,51.5,1
A0071,1772130290000,70.32,4249.57,735,gold,36,49.17,0
A0077,1772870626000,27.4,4119.82,735,silver,23,53.23,0
A0077,1772870626000,27.4,4119.82,697,silver,23,53.23,0
A0078,1773025240000,17.95,5632.37,553,gold,32,37.88,1
A0080,1772100088000,6.4,6545.4,731,gold,10,55.66,0
A0080,1772100088000,6.4,6545.4,664,gold,10,55.66,0
A0085,1772157868000,29.93,3984.69,745,gold,10,52.28,1
A0086,1772430414000,54.97,7720.12,715,silver,39,49.37,0
A0086,1772430414000,54.97,7720.12,750,bronze,39,49.37,0
A0087,1773025914000,65.95,5758.32,420,bronze,38,61.15,1
A0088,1772237126000,26.98,5461.0,619,bronze,27,45.96,0
A0090,1772150045000,3.03,5936.31,472,bronze,7,46.76,1
A0090,1772150045000,3.03,5936.31,440,silver,7,46.76,1
A0093,1772777344000,7.54,3063.7,803,silver,31,49.62,1
A0094,1773201675000,28.06,4959.47,648,silver,14,41.06,0
A0094,1773201675000,28.06,4959.47,667,silver,14,41.06,0
A0098,1772183464000,15.35,3398.31,572,gold,26,53.87,1
A0098,1772183464000,15.35,3398.31,632,bronze,26,53.87,1
A0099,1772231801000,172.41,7978.29,679,gold,17,47.72,0
A0001,1773482046000,41.95,8031.18,301,bronze,8,48.71,0
A0001,1773482046000,41.95,8031.18,322,bronze,8,48.71,0
A0002,1773533318000,15.01,2553.92,314,silver,32,49.18,1
A0002,1773533318000,15.01,2553.92,394,gold,32,49.18,1
A0005,1773584013000,145.92,4889.91,622,bronze,21,41.47,0
A0014,1772951255000,96.46,2064.06,646,silver,26,46.81,1
A0016,1773530553000,42.28,2355.59,667,gold,7,46.66,1
A0019,1773057698000,15.64,7267.41,678,gold,32,51.31,0
A0020,1773239267000,45.11,3814.68,761,bronze,29,44.44,0
A0021,1773421617000,10.81,3467.06,405,gold,24,49.01,0
A0021,1773421617000,10.81,3467.06,368,silver,24,49.01,0
A0023,1773639389000,30.03,3704.16,788,silver,20,57.62,0
A0024,1773051955000,28.9,6028.76,697,silver,23,46.12,1
A0028,1773418467000,32.43,3664.37,683,gold,23,54.22,0
A0028,1773418467000,32.43,3664.37,621,bronze,23,54.22,0
A0036,1773600028000,3.51,5334.17,337,gold,34,51.98,1
A0036,1773600028000,3.51,5334.17,300,bronze,34,51.98,1
A0039,1773212738000,13.22,5490.55,367,silver,9,64.76,1
A0042,1773257148000,69.83,3387.47,480,gold,6,49.92,0
A0044,1773699927000,86.18,4780.61,544,bronze,26,43.05,1
A0044,1773699927000,86.18,4780.61,469,silver,26,43.05,1
A0046,1773101366000,20.35,3429.05,702,bronze,28,52.56,1
A0047,1773198803000,40.32,7420.09,453,gold,1,49.22,0
A0047,1773198803000,40.32,7420.09,526,bronze,1,49.22,0
A0049,1773280471000,82.67,2323.96,496,bronze,6,52.58,0
A0054,1773162549000,20.31,6276.33,779,bronze,16,44.65,0
A0054,1773162549000,20.31,6276.33,709,gold,16,44.65,0
A0060,1773429192000,96.13,9614.79,651,silver,18,51.8,1
A0064,1773352088000,18.36,5563.65,520,bronze,27,47.42,1
A0064,1773352088000,18.36,5563.65,576,gold,27,47.42,1
A0070,1773605593000,25.42,2987.05,713,bronze,26,47.54,0
A0075,1773324061000,90.26,7794.25,647,bronze,27,55.3,1
A0075,1773324061000,90.26,7794.25,595,bronze,27,55.3,1
A0076,1773623548000,30.93,3856.31,391,gold,16,46.85,0
A0079,1773582000000,15.67,8744.9,650,silver,30,59.99,1
A0079,1773582000000,15.67,8744.9,707,silver,30,59.99,1
A0081,1773357508000,97.78,2024.67,655,gold,21,48.07,1
A0081,1773357508000,97.78,2024.67,649,silver,21,48.07,1
A0083,1773047399000,28.36,9070.94,440,bronze,39,49.99,1
A0083,1773047399000,28.36,9070.94,500,silver,39,49.99,1
A0084,1773392158000,7.05,4192.66,435,silver,32,50.64,1
A0091,1772984489000,119.44,4052.27,499,bronze,36,58.33,0
A0092,1773625211000,32.27,4110.16,302,gold,22,51.37,0
A0003,1772002067000,14.38,807.42,635,silver,35,52.13,1
A0004,1772086537000,89.33,8941.12,808,gold,26,46.73,0
A0006,1772921288000,31.43,6547.24,306,silver,12,49.23,0
A0006,1772921288000,31.43,6547.24,364,silver,12,49.23,0
A0007,1772402687000,286.54,6572.13,789,gold,1,51.23,1
A0009,1772362866000,30.46,3089.86,433,bronze,12,51.66,0
A0011,1772882905000,7.49,5710.99,739,gold,25,59.03,0
A0012,1773351720000,17.5,7275.84,530,bronze,23,44.41,1
A0012,1773351720000,17.5,7275.84,574,bronze,23,44.41,1
A0015,1772346000000,2.76,4817.52,695,silver,37,47.9,0
A0015,1772346000000,2.76,4817.52,756,gold,37,47.9,0
A0022,1772737441000,183.38,-1416.34,845,bronze,35,50.32,1
A0025,1772133384000,35.21,6350.49,375,gold,38,49.22,0
A0027,1772767070000,36.9,3845.79,375,silver,35,39.93,0
A0029,1772375918000,104.48,8620.83,686,silver,0,57.34,0
A0030,1772303825000,8.75,7663.1,668,bronze,33,43.34,1
A0030,1772303825000,8.75,7663.1,737,silver,33,43.34,1
A0032,1772725237000,35.46,1542.35,776,silver,38,48.54,0
A0033,1772108079000,782.28,3051.28,406,gold,25,53.99,0
A0034,1772107506000,260.99,6407.16,525,silver,21,57.97,0
A0035,1771998570000,12.25,7288.22,638,bronze,30,50.49,0
A0038,1772100788000,42.19,1950.21,597,gold,5,57.49,0
A0038,1772100788000,42.19,1950.21,582,bronze,5,57.49,0
A0041,1772562988000,45.79,5341.17,696,silver,6,43.14,0
A0043,1772487954000,144.59,5129.89,786,bronze,6,53.74,0
A0048,1772721561000,33.69,5150.74,603,bronze,27,63.25,0
A0050,1773171825000,37.19,4665.72,346,gold,22,49.87,1
A0051,1772372388000,60.89,2161.43,384,gold,15,51.33,0
A0052,1772908341000,43.49,8569.45,723,bronze,38,44.27,1
A0057,1772528858000,10.85,6456.28,399,silver,13,46.73,0
A0061,1772941057000,59.51,5235.7,307,silver,14,42.84,1
A0061,1772941057000,59.51,5235.7,300,bronze,14,42.84,1
A0063,1772909258000,84.47,3960.62,656,gold,32,46.04,1
A0065,1773139790000,94.26,2685.47,608,silver,39,52.95,0
A0065,1773139790000,94.26,2685.47,684,silver,39,52.95,0
A0066,1773329133000,56.31,1197.03,393,bronze,30,48.35,1
A0068,1772404011000,81.75,891.68,444,bronze,30,51.5,1
A0071,1772130290000,69.85,4980.76,735,gold,36,49.17,0
A0074,1772311248000,75.84,6118.03,768,bronze,10,56.59,0
A0080,1772100088000,167.79,5828.71,731,gold,10,55.66,0
A0080,1772100088000,167.79,5828.71,664,gold,10,55.66,0
A0085,1772157868000,110.93,3770.08,745,gold,10,52.28,1
A0086,1772430414000,17.59,8180.76,715,silver,39,49.37,0
A0086,1772430414000,17.59,8180.76,750,bronze,39,49.37,0
A0089,1772729547000,41.31,-1454.94,403,gold,30,44.06,0
A0090,1772150045000,36.58,5820.48,472,bronze,7,46.76,1
A0090,1772150045000,36.58,5820.48,440,silver,7,46.76,1
A0093,1772777344000,62.59,3406.98,803,silver,31,49.62,1
A0094,1773201675000,9.31,4820.44,648,silver,14,41.06,0
A0094,1773201675000,9.31,4820.44,667,silver,14,41.06,0
A0095,1772605386000,88.01,7741.74,337,gold,33,53.18,1
A0097,1772401000000,74.31,4783.51,700,gold,20,52.76,0
A0001,1773482046000,12.62,7794.85,301,bronze,8,48.71,0
A0001,1773482046000,12.62,7794.85,322,bronze,8,48.71,0
A0002,1773533318000,42.3,3487.04,314,silver,32,49.18,1
A0002,1773533318000,42.3,3487.04,394,gold,32,49.18,1
A0005,1773584013000,61.58,5060.23,622,bronze,21,41.47,0
A0010,1772742518000,48.6,2967.89,662,gold,22,48.21,0
A0010,1772742518000,48.6,2967.89,648,silver,22,48.21,0
A0014,1772951255000,9.16,2337.81,646,silver,26,46.81,1
A0016,1773530553000,26.94,2753.49,667,gold,7,46.66,1
A0018,1772833808000,41.11,1184.73,536,silver,22,64.31,0
A0018,1772833808000,41.11,1184.73,496,silver,22,64.31,0
A0019,1773057698000,28.51,7117.28,678,gold,32,51.31,0
A0020,1773239267000,31.05,4087.2,761,bronze,29,44.44,0
A0021,1773421617000,70.01,3803.53,405,gold,24,49.01,0
A0021,1773421617000,70.01,3803.53,368,silver,24,49.01,0
A0023,1773639389000,24.9,3769.84,788,silver,20,57.62,0
A0024,1773051955000,86.12,6610.58,697,silver,23,46.12,1
A0028,1773418467000,148.46,3266.81,683,gold,23,54.22,0
A0028,1773418467000,148.46,3266.81,621,bronze,23,54.22,0
A0036,1773600028000,37.49,5486.17,337,gold,34,51.98,1
A0036,1773600028000,37.49,5486.17,300,bronze,34,51.98,1
A0039,1773212738000,7.8,4764.83,367,silver,9,64.76,1
A0042,1773257148000,179.67,3283.35,480,gold,6,49.92,0
A0044,1773699927000,166.02,4186.16,544,bronze,26,43.05,1
A0044,1773699927000,166.02,4186.16,469,silver,26,43.05,1
A0046,1773101366000,18.2,3500.03,702,bronze,28,52.56,1
A0047,1773198803000,17.88,7784.73,453,gold,1,49.22,0
A0047,1773198803000,17.88,7784.73,526,bronze,1,49.22,0
A0049,1773280471000,49.9,2116.52,496,bronze,6,52.58,0
A0054,1773162549000,5.54,6689.75,779,bronze,16,44.65,0
A0054,1773162549000,5.54,6689.75,709,gold,16,44.65,0
A0059,1772844421000,53.48,5866.86,536,bronze,19,45.9,1
A0059,1772844421000,53.48,5866.86,616,gold,19,45.9,1
A0060,1773429192000,10.36,9539.55,651,silver,18,51.8,1
A0064,1773352088000,126.93,5696.34,520,bronze,27,47.42,1
A0064,1773352088000,126.93,5696.34,576,gold,27,47.42,1
A0067,1773218371000,47.14,7065.66,306,bronze,6,43.64,1
A0069,1773261848000,11.79,4737.79,801,silver,12,46.16,1
A0070,1773605593000,36.72,3275.93,713,bronze,26,47.54,0
A0075,1773324061000,116.72,8322.84,647,bronze,27,55.3,1
A0075,1773324061000,116.72,8322.84,595,bronze,27,55.3,1
A0076,1773623548000,19.7,3638.25,391,gold,16,46.85,0
A0079,1773582000000,23.84,8127.09,650,silver,30,59.99,1
A0079,1773582000000,23.84,8127.09,707,silver,30,59.99,1
A0081,1773357508000,140.46,1927.73,655,gold,21,48.07,1
A0081,1773357508000,140.46,1927.73,649,silver,21,48.07,1
A0082,1773230547000,8.51,2337.48,758,bronze,15,56.69,0
A0082,1773230547000,8.51,2337.48,790,silver,15,56.69,0
A0083,1773047399000,6.59,8326.49,440,bronze,39,49.99,1
A0083,1773047399000,6.59,8326.49,500,silver,39,49.99,1
A0084,1773392158000,50.36,4053.73,435,silver,32,50.64,1
A0091,1772984489000,199.03,4407.89,499,bronze,36,58.33,0
A0092,1773625211000,71.39,3847.13,302,gold,22,51.37,0
A0000,1772304939000,21.14,1426.14,729,gold,20,50.62,0
A0003,1772002067000,29.15,629.78,635,silver,35,52.13,1
A0004,1772086537000,17.11,9009.85,808,gold,26,46.73,0
A0006,1772921288000,22.48,6135.51,306,silver,12,49.23,0
A0006,1772921288000,22.48,6135.51,364,silver,12,49.23,0
A0007,1772402687000,19.64,6210.39,789,gold,1,51.23,1
A0008,1772533491000,105.63,6173.01,320,gold,4,49.8,0
A0009,1772362866000,11.53,3189.32,433,bronze,12,51.66,0
A0011,1772882905000,54.0,6029.16,739,gold,25,59.03,0
A0012,1773351720000,56.36,6804.3,530,bronze,23,44.41,1
A0012,1773351720000,56.36,6804.3,574,bronze,23,44.41,1
A0013,1771992198000,127.38,6151.29,318,bronze,14,53.45,0
A0015,1772346000000,37.35,4536.24,695,silver,37,47.9,0
A0015,1772346000000,37.35,4536.24,756,gold,37,47.9,0
A0017,1772437869000,33.63,5444.14,627,bronze,21,45.72,1
A0017,1772437869000,33.63,5444.14,699,gold,21,45.72,1
A0022,1772737441000,27.82,-1566.46,845,bronze,35,50.32,1
A0025,1772133384000,37.75,6613.05,375,gold,38,49.22,0
A0026,1772631959000,19.5,6072.97,740,bronze,30,48.31,1
A0027,1772767070000,9.83,3829.27,375,silver,35,39.93,0
A0029,1772375918000,56.04,9097.97,686,silver,0,57.34,0
A0031,1772438414000,136.38,3218.23,848,bronze,24,46.19,1
A0032,1772725237000,9.86,1888.75,776,silver,38,48.54,0
A0033,1772108079000,554.38,3130.98,406,gold,25,53.99,0
A0034,1772107506000,7.84,6623.58,525,silver,21,57.97,0
A0037,1772145288000,43.79,5747.42,844,silver,1,54.02,0
A0038,1772100788000,44.27,2221.33,597,gold,5,57.49,0
A0038,1772100788000,44.27,2221.33,582,bronze,5,57.49,0
A0043,1772487954000,44.89,4877.09,786,bronze,6,53.74,0
A0045,1772645690000,58.26,4961.66,770,bronze,9,47.56,1
A0045,1772645690000,58.26,4961.66,797,silver,9,47.56,1
A0048,1772721561000,54.77,5113.16,603,bronze,27,63.25,0
A0050,1773171825000,5.47,3434.39,346,gold,22,49.87,1
A0051,1772372388000,13.44,2306.4,384,gold,15,51.33,0
A0052,1772908341000,11.8,8492.78,723,bronze,38,44.27,1
A0055,1772169998000,52.56,5426.73,653,bronze,21,56.1,1
A0056,1772077551000,13.75,6074.14,722,bronze,2,43.62,1
A0057,1772528858000,14.66,6155.79,399,silver,13,46.73,0
A0058,1772062059000,103.66,4772.42,516,gold,38,55.23,0
A0061,1772941057000,107.39,4432.51,307,silver,14,42.84,1
A0061,1772941057000,107.39,4432.51,300,bronze,14,42.84,1
A0062,1772815600000,523.48,4039.74,771,silver,31,52.95,0
A0063,1772909258000,525.54,5114.08,656,gold,32,46.04,1
A0065,1773139790000,51.45,2665.4,608,silver,39,52.95,0
A0065,1773139790000,51.45,2665.4,684,silver,39,52.95,0
A0066,1773329133000,139.38,860.11,393,bronze,30,48.35,1
A0068,1772404011000,33.43,773.53,444,bronze,30,51.5,1
A0071,1772130290000,88.86,5566.98,735,gold,36,49.17,0
A0072,1772520709000,369.07,5482.12,564,bronze,30,48.05,1
A0072,1772520709000,369.07,5482.12,580,bronze,30,48.05,1
A0073,1772776784000,119.18,8082.95,710,bronze,33,48.08,0
A0073,1772776784000,119.18,8082.95,651,silver,33,48.08,0
A0074,1772311248000,9.39,6112.33,768,bronze,10,56.59,0
A0077,1772870626000,22.68,4037.95,735,silver,23,53.23,0
A0077,1772870626000,22.68,4037.95,697,silver,23,53.23,0
A0078,1773025240000,56.56,5931.94,553,gold,32,37.88,1
A0085,1772157868000,55.9,3684.05,745,gold,10,52.28,1
A0086,1772430414000,38.69,8077.1,715,silver,39,49.37,0
A0086,1772430414000,38.69,8077.1,750,bronze,39,49.37,0
A0087,1773025914000,20.8,5850.06,420,bronze,38,61.15,1
A0088,1772237126000,4.86,5841.08,619,bronze,27,45.96,0
A0089,1772729547000,31.29,-878.52,403,gold,30,44.06,0
A0090,1772150045000,18.71,6200.16,472,bronze,7,46.76,1
A0090,1772150045000,18.71,6200.16,440,silver,7,46.76,1
A0093,1772777344000,43.53,2979.01,803,silver,31,49.62,1
A0094,1773201675000,2.3,5616.9,648,silver,14,41.06,0
A0094,1773201675000,2.3,5616.9,667,silver,14,41.06,0
A0095,1772605386000,30.91,7600.25,337,gold,33,53.18,1
A0096,1772228370000,76.53,3024.79,704,silver,16,49.53,1
A0097,1772401000000,74.31,4783.51,700,gold,20,52.76,0
A0099,1772231801000,65.17,8271.75,679,gold,17,47.72,0
A0001,1773482046000,5.6,7103.64,301,bronze,8,48.71,0
A0001,1773482046000,5.6,7103.64,322,bronze,8,48.71,0
A0002,1773533318000,25.77,3760.77,314,silver,32,49.18,1
A0002,1773533318000,25.77,3760.77,394,gold,32,49.18,1
A0005,1773584013000,33.42,4787.26,622,bronze,21,41.47,0
A0010,1772742518000,23.39,2538.51,662,gold,22,48.21,0
A0010,1772742518000,23.39,2538.51,648,silver,22,48.21,0
A0014,1772951255000,23.67,2148.67,646,silver,26,46.81,1
A0016,1773530553000,47.81,3370.43,667,gold,7,46.66,1
A0018,1772833808000,87.75,1104.54,536,silver,22,64.31,0
A0018,1772833808000,87.75,1104.54,496,silver,22,64.31,0
A0019,1773057698000,28.51,7117.28,678,gold,32,51.31,0
A0020,1773239267000,18.6,4505.97,761,bronze,29,44.44,0
A0021,1773421617000,25.32,3978.28,405,gold,24,49.01,0
A0021,1773421617000,25.32,3978.28,368,silver,24,49.01,0
A0023,1773639389000,71.45,3816.88,788,silver,20,57.62,0
A0024,1773051955000,118.92,6005.52,697,silver,23,46.12,1
A0028,1773418467000,13.2,3983.59,683,gold,23,54.22,0
A0028,1773418467000,13.2,3983.59,621,bronze,23,54.22,0
A0036,1773600028000,18.9,5804.3,337,gold,34,51.98,1
A0036,1773600028000,18.9,5804.3,300,bronze,34,51.98,1
A0039,1773212738000,3.66,5168.53,367,silver,9,64.76,1
A0042,1773257148000,385.67,3209.03,480,gold,6,49.92,0
A0044,1773699927000,240.51,4736.34,544,bronze,26,43.05,1
A0044,1773699927000,240.51,4736.34,469,silver,26,43.05,1
A0046,1773101366000,89.69,4191.3,702,bronze,28,52.56,1
A0047,1773198803000,9.52,7636.04,453,gold,1,49.22,0
A0047,1773198803000,9.52,7636.04,526,bronze,1,49.22,0
A0049,1773280471000,73.01,2665.03,496,bronze,6,52.58,0
A0054,1773162549000,21.52,6751.88,779,bronze,16,44.65,0
A0054,1773162549000,21.52,6751.88,709,gold,16,44.65,0
A0059,1772844421000,60.19,4984.32,536,bronze,19,45.9,1
A0059,1772844421000,60.19,4984.32,616,gold,19,45.9,1
A0060,1773429192000,10.36,9539.55,651,silver,18,51.8,1
A0064,1773352088000,32.04,5561.59,520,bronze,27,47.42,1
A0064,1773352088000,32.04,5561.59,576,gold,27,47.42,1
A0067,1773218371000,49.55,7213.72,306,bronze,6,43.64,1
A0069,1773261848000,14.3,4295.94,801,silver,12,46.16,1
A0070,1773605593000,32.14,3113.42,713,bronze,26,47.54,0
A0075,1773324061000,12.37,9346.62,647,bronze,27,55.3,1
A0075,1773324061000,12.37,9346.62,595,bronze,27,55.3,1
A0076,1773623548000,15.93,4371.36,391,gold,16,46.85,0
A0079,1773582000000,51.08,8486.83,650,silver,30,59.99,1
A0079,1773582000000,51.08,8486.83,707,silver,30,59.99,1
A0081,1773357508000,114.66,2054.56,655,gold,21,48.07,1
A0081,1773357508000,114.66,2054.56,649,silver,21,48.07,1
A0082,1773230547000,49.71,2433.79,758,bronze,15,56.69,0
A0082,1773230547000,49.71,2433.79,790,silver,15,56.69,0
A0083,1773047399000,5.27,8666.27,440,bronze,39,49.99,1
A0083,1773047399000,5.27,8666.27,500,silver,39,49.99,1
A0084,1773392158000,32.34,3658.22,435,silver,32,50.64,1
A0091,1772984489000,12.83,4739.43,499,bronze,36,58.33,0
A0092,1773625211000,166.95,3764.41,302,gold,22,51.37,0
A0000,1772304939000,23.02,1566.83,729,gold,20,50.62,0
A0003,1772002067000,12.12,574.93,635,silver,35,52.13,1
A0004,1772086537000,55.06,8714.93,808,gold,26,46.73,0
A0006,1772921288000,39.31,6124.41,306,silver,12,49.23,0
A0006,1772921288000,39.31,6124.41,364,silver,12,49.23,0
A0007,1772402687000,128.73,5926.03,789,gold,1,51.23,1
A0008,1772533491000,112.34,6492.41,320,gold,4,49.8,0
A0009,1772362866000,11.53,3189.32,433,bronze,12,51.66,0
A0011,1772882905000,43.07,5994.25,739,gold,25,59.03,0
A0012,1773351720000,56.36,6804.3,530,bronze,23,44.41,1
A0012,1773351720000,56.36,6804.3,574,bronze,23,44.41,1
A0013,1771992198000,9.42,5769.58,318,bronze,14,53.45,0
A0015,1772346000000,27.13,3897.44,695,silver,37,47.9,0
A0015,1772346000000,27.13,3897.44,756,gold,37,47.9,0
A0017,1772437869000,27.1,6038.08,627,bronze,21,45.72,1
A0017,1772437869000,27.1,6038.08,699,gold,21,45.72,1
A0022,1772737441000,3.34,-746.63,845,bronze,35,50.32,1
A0025,1772133384000,13.42,5888.17,375,gold,38,49.22,0
A0026,1772631959000,21.5,5567.62,740,bronze,30,48.31,1
A0027,1772767070000,6.14,3630.57,375,silver,35,39.93,0
A0029,1772375918000,38.22,8795.73,686,silver,0,57.34,0
A0030,1772303825000,15.61,7719.2,668,bronze,33,43.34,1
A0030,1772303825000,15.61,7719.2,737,silver,33,43.34,1
A0031,1772438414000,63.89,3880.55,848,bronze,24,46.19,1
A0032,1772725237000,18.83,1735.11,776,silver,38,48.54,0
A0033,1772108079000,10.74,3439.45,406,gold,25,53.99,0
A0034,1772107506000,34.65,6322.19,525,silver,21,57.97,0
A0035,1771998570000,91.43,8046.8,638,bronze,30,50.49,0
A0037,1772145288000,17.46,6283.08,844,silver,1,54.02,0
A0038,1772100788000,10.65,2413.46,597,gold,5,57.49,0
A0038,1772100788000,10.65,2413.46,582,bronze,5,57.49,0
A0040,1772229558000,29.26,5666.07,314,bronze,15,48.15,1
A0043,1772487954000,21.04,4922.17,786,bronze,6,53.74,0
A0045,1772645690000,147.98,5292.7,770,bronze,9,47.56,1
A0045,1772645690000,147.98,5292.7,797,silver,9,47.56,1
A0048,1772721561000,59.53,4980.91,603,bronze,27,63.25,0
A0050,1773171825000,25.02,3590.22,346,gold,22,49.87,1
A0052,1772908341000,18.72,8941.81,723,bronze,38,44.27,1
A0053,1772467823000,35.16,5813.07,439,silver,15,51.44,1
A0055,1772169998000,3.48,5039.64,653,bronze,21,56.1,1
A0056,1772077551000,118.89,5765.19,722,bronze,2,43.62,1
A0057,1772528858000,12.26,5733.29,399,silver,13,46.73,0
A0058,1772062059000,50.32,5399.09,516,gold,38,55.23,0
A0061,1772941057000,26.52,4168.86,307,silver,14,42.84,1
A0061,1772941057000,26.52,4168.86,300,bronze,14,42.84,1
A0062,1772815600000,3.68,4157.73,771,silver,31,52.95,0
A0063,1772909258000,30.77,4504.3,656,gold,32,46.04,1
A0065,1773139790000,43.07,1942.07,608,silver,39,52.95,0
A0065,1773139790000,43.07,1942.07,684,silver,39,52.95,0
A0066,1773329133000,191.44,500.53,393,bronze,30,48.35,1
A0068,1772404011000,8.53,1468.28,444,bronze,30,51.5,1
A0071,1772130290000,156.24,4878.12,735,gold,36,49.17,0
A0072,1772520709000,37.81,5472.14,564,bronze,30,48.05,1
A0072,1772520709000,37.81,5472.14,580,bronze,30,48.05,1
A0073,1772776784000,59.49,7900.1,710,bronze,33,48.08,0
A0073,1772776784000,59.49,7900.1,651,silver,33,48.08,0
A0074,1772311248000,74.35,6578.24,768,bronze,10,56.59,0
A0077,1772870626000,9.95,3809.23,735,silver,23,53.23,0
A0077,1772870626000,9.95,3809.23,697,silver,23,53.23,0
A0078,1773025240000,55.05,6631.89,553,gold,32,37.88,1
A0080,1772100088000,147.04,6838.08,731,gold,10,55.66,0
A0080,1772100088000,147.04,6838.08,664,gold,10,55.66,0
A0085,1772157868000,8.54,4027.8,745,gold,10,52.28,1
A0086,1772430414000,43.01,8485.31,715,silver,39,49.37,0
A0086,1772430414000,43.01,8485.31,750,bronze,39,49.37,0
A0087,1773025914000,51.76,6593.71,420,bronze,38,61.15,1
A0088,1772237126000,56.82,5459.99,619,bronze,27,45.96,0
A0089,1772729547000,25.75,-521.8,403,gold,30,44.06,0
A0093,1772777344000,6.59,2353.56,803,silver,31,49.62,1
A0094,1773201675000,165.99,4233.62,648,silver,14,41.06,0
A0094,1773201675000,165.99,4233.62,667,silver,14,41.06,0
A0095,1772605386000,94.19,7765.51,337,gold,33,53.18,1
A0096,1772228370000,23.24,3081.3,704,silver,16,49.53,1
A0097,1772401000000,27.42,4544.99,700,gold,20,52.76,0
A0098,1772183464000,325.99,4128.38,572,gold,26,53.87,1
A0098,1772183464000,325.99,4128.38,632,bronze,26,53.87,1
A0099,1772231801000,20.73,8373.73,679,gold,17,47.72,0
A0001,1773482046000,7.64,7170.01,301,bronze,8,48.71,0
A0001,1773482046000,7.64,7170.01,322,bronze,8,48.71,0
A0002,1773533318000,26.61,4228.62,314,silver,32,49.18,1
A0002,1773533318000,26.61,4228.62,394,gold,32,49.18,1
A0005,1773584013000,25.63,4562.85,622,bronze,21,41.47,0
A0010,1772742518000,4.36,2594.53,662,gold,22,48.21,0
A0010,1772742518000,4.36,2594.53,648,silver,22,48.21,0
A0016,1773530553000,28.67,4364.28,667,gold,7,46.66,1
A0018,1772833808000,110.86,742.66,536,silver,22,64.31,0
A0018,1772833808000,110.86,742.66,496,silver,22,64.31,0
A0019,1773057698000,8.22,6456.8,678,gold,32,51.31,0
A0020,1773239267000,139.74,4612.71,761,bronze,29,44.44,0
A0021,1773421617000,17.14,3814.65,405,gold,24,49.01,0
A0021,1773421617000,17.14,3814.65,368,silver,24,49.01,0
A0023,1773639389000,128.64,4163.35,788,silver,20,57.62,0
A0024,1773051955000,424.29,6064.07,697,silver,23,46.12,1
A0028,1773418467000,21.69,4086.2,683,gold,23,54.22,0
A0028,1773418467000,21.69,4086.2,621,bronze,23,54.22,0
A0036,1773600028000,19.68,6064.38,337,gold,34,51.98,1
A0036,1773600028000,19.68,6064.38,300,bronze,34,51.98,1
A0039,1773212738000,52.82,4600.71,367,silver,9,64.76,1
A0042,1773257148000,19.13,3794.52,480,gold,6,49.92,0
A0044,1773699927000,68.64,5327.42,544,bronze,26,43.05,1
A0044,1773699927000,68.64,5327.42,469,silver,26,43.05,1
A0046,1773101366000,81.41,4673.06,702,bronze,28,52.56,1
A0047,1773198803000,27.69,7834.56,453,gold,1,49.22,0
A0047,1773198803000,27.69,7834.56,526,bronze,1,49.22,0
A0054,1773162549000,6.79,6781.91,779,bronze,16,44.65,0
A0054,1773162549000,6.79,6781.91,709,gold,16,44.65,0
A0059,1772844421000,50.2,4253.14,536,bronze,19,45.9,1
A0059,1772844421000,50.2,4253.14,616,gold,19,45.9,1
A0060,1773429192000,42.75,9592.93,651,silver,18,51.8,1
A0064,1773352088000,27.64,5538.96,520,bronze,27,47.42,1
A0064,1773352088000,27.64,5538.96,576,gold,27,47.42,1
A0067,1773218371000,12.63,7981.15,306,bronze,6,43.64,1
A0069,1773261848000,16.72,4648.62,801,silver,12,46.16,1
A0070,1773605593000,13.25,3492.96,713,bronze,26,47.54,0
A0075,1773324061000,96.13,9456.4,647,bronze,27,55.3,1
A0075,1773324061000,96.13,9456.4,595,bronze,27,55.3,1
A0076,1773623548000,113.24,4353.83,391,gold,16,46.85,0
A0079,1773582000000,105.81,7734.35,650,silver,30,59.99,1
A0079,1773582000000,105.81,7734.35,707,silver,30,59.99,1
A0081,1773357508000,17.93,1827.56,655,gold,21,48.07,1
A0081,1773357508000,17.93,1827.56,649,silver,21,48.07,1
A0082,1773230547000,35.87,2583.33,758,bronze,15,56.69,0
A0082,1773230547000,35.87,2583.33,790,silver,15,56.69,0
A0083,1773047399000,83.8,8689.86,440,bronze,39,49.99,1
A0083,1773047399000,83.8,8689.86,500,silver,39,49.99,1
A0091,1772984489000,6.18,4532.13,499,bronze,36,58.33,0
A0092,1773625211000,63.68,3712.53,302,gold,22,51.37,0
A0000,1772304939000,13.64,1040.31,729,gold,20,50.62,0
A0003,1772002067000,22.96,596.85,635,silver,35,52.13,1
A0006,1772921288000,33.6,5589.22,306,silver,12,49.23,0
A0006,1772921288000,33.6,5589.22,364,silver,12,49.23,0
A0007,1772402687000,75.24,5896.76,789,gold,1,51.23,1
A0008,1772533491000,74.78,6079.19,320,gold,4,49.8,0
A0009,1772362866000,22.22,3612.1,433,bronze,12,51.66,0
A0012,1773351720000,24.41,6699.42,530,bronze,23,44.41,1
A0012,1773351720000,24.41,6699.42,574,bronze,23,44.41,1
A0013,1771992198000,22.96,5313.04,318,bronze,14,53.45,0
A0015,1772346000000,71.37,4417.59,695,silver,37,47.9,0
A0015,1772346000000,71.37,4417.59,756,gold,37,47.9,0
A0017,1772437869000,54.94,6146.77,627,bronze,21,45.72,1
A0017,1772437869000,54.94,6146.77,699,gold,21,45.72,1
A0022,1772737441000,61.98,89.86,845,bronze,35,50.32,1
A0025,1772133384000,219.09,5867.78,375,gold,38,49.22,0
A0026,1772631959000,37.39,5591.1,740,bronze,30,48.31,1
A0027,1772767070000,654.26,3637.41,375,silver,35,39.93,0
A0029,1772375918000,23.52,8785.89,686,silver,0,57.34,0
A0030,1772303825000,29.34,7910.02,668,bronze,33,43.34,1
A0030,1772303825000,29.34,7910.02,737,silver,33,43.34,1
A0031,1772438414000,35.88,3383.5,848,bronze,24,46.19,1
A0032,1772725237000,159.05,1924.56,776,silver,38,48.54,0
A0033,1772108079000,6.3,2937.43,406,gold,25,53.99,0
A0034,1772107506000,70.27,6185.73,525,silver,21,57.97,0
A0035,1771998570000,17.82,7422.94,638,bronze,30,50.49,0
A0037,1772145288000,79.19,5528.36,844,silver,1,54.02,0
A0038,1772100788000,89.67,2663.08,597,gold,5,57.49,0
A0038,1772100788000,89.67,2663.08,582,bronze,5,57.49,0
A0040,1772229558000,52.16,5300.83,314,bronze,15,48.15,1
A0041,1772562988000,51.79,4984.86,696,silver,6,43.14,0
A0045,1772645690000,32.2,5321.02,770,bronze,9,47.56,1
A0045,1772645690000,32.2,5321.02,797,silver,9,47.56,1
A0048,1772721561000,46.81,4783.86,603,bronze,27,63.25,0
A0050,1773171825000,134.7,2658.58,346,gold,22,49.87,1
A0052,1772908341000,153.53,8939.79,723,bronze,38,44.27,1
A0053,1772467823000,27.52,5688.61,439,silver,15,51.44,1
A0055,1772169998000,67.62,4561.39,653,bronze,21,56.1,1
A0056,1772077551000,8.69,5999.72,722,bronze,2,43.62,1
A0057,1772528858000,3.86,5827.16,399,silver,13,46.73,0
A0058,1772062059000,160.58,5820.23,516,gold,38,55.23,0
A0061,1772941057000,42.28,4555.41,307,silver,14,42.84,1
A0061,1772941057000,42.28,4555.41,300,bronze,14,42.84,1
A0062,1772815600000,29.07,4084.32,771,silver,31,52.95,0
A0063,1772909258000,22.24,4701.47,656,gold,32,46.04,1
A0065,1773139790000,35.36,1889.8,608,silver,39,52.95,0
A0065,1773139790000,35.36,1889.8,684,silver,39,52.95,0
A0066,1773329133000,25.07,1414.01,393,bronze,30,48.35,1
A0068,1772404011000,8.53,1468.28,444,bronze,30,51.5,1
A0072,1772520709000,49.91,4922.21,564,bronze,30,48.05,1
A0072,1772520709000,49.91,4922.21,580,bronze,30,48.05,1
A0073,1772776784000,16.48,7406.57,710,bronze,33,48.08,0
A0073,1772776784000,16.48,7406.57,651,silver,33,48.08,0
A0074,1772311248000,8.76,5818.33,768,bronze,10,56.59,0
A0077,1772870626000,28.26,3927.58,735,silver,23,53.23,0
A0077,1772870626000,28.26,3927.58,697,silver,23,53.23,0
A0078,1773025240000,80.32,6214.42,553,gold,32,37.88,1
A0080,1772100088000,20.04,5736.56,731,gold,10,55.66,0
A0080,1772100088000,20.04,5736.56,664,gold,10,55.66,0
A0086,1772430414000,28.15,8308.47,715,silver,39,49.37,0
A0086,1772430414000,28.15,8308.47,750,bronze,39,49.37,0
A0087,1773025914000,44.33,6657.02,420,bronze,38,61.15,1
A0088,1772237126000,18.58,5111.19,619,bronze,27,45.96,0
A0089,1772729547000,116.0,-765.45,403,gold,30,44.06,0
A0090,1772150045000,10.22,6082.85,472,bronze,7,46.76,1
A0090,1772150045000,10.22,6082.85,440,silver,7,46.76,1
A0093,1772777344000,102.16,2126.34,803,silver,31,49.62,1
A0094,1773201675000,21.29,4721.47,648,silver,14,41.06,0
A0094,1773201675000,21.29,4721.47,667,silver,14,41.06,0
A0095,1772605386000,40.74,7309.66,337,gold,33,53.18,1
A0096,1772228370000,21.01,3094.05,704,silver,16,49.53,1
A0097,1772401000000,5.45,5250.96,700,gold,20,52.76,0
A0098,1772183464000,15.02,3889.41,572,gold,26,53.87,1
A0098,1772183464000,15.02,3889.41,632,bronze,26,53.87,1
A0099,1772231801000,18.84,8897.73,679,gold,17,47.72,0
A0001,1773482046000,25.28,7193.97,301,bronze,8,48.71,0
A0001,1773482046000,25.28,7193.97,322,bronze,8,48.71,0
A0002,1773533318000,96.22,4174.94,314,silver,32,49.18,1
A0002,1773533318000,96.22,4174.94,394,gold,32,49.18,1
A0016,1773530553000,28.67,4364.28,667,gold,7,46.66,1
A0018,1772833808000,110.86,742.66,536,silver,22,64.31,0
A0018,1772833808000,110.86,742.66,496,silver,22,64.31,0
A0019,1773057698000,61.36,6377.91,678,gold,32,51.31,0
A0020,1773239267000,118.38,4245.46,761,bronze,29,44.44,0
A0023,1773639389000,35.62,3805.55,788,silver,20,57.62,0
A0028,1773418467000,7.51,3524.64,683,gold,23,54.22,0
A0028,1773418467000,7.51,3524.64,621,bronze,23,54.22,0
A0036,1773600028000,25.04,5990.39,337,gold,34,51.98,1
A0036,1773600028000,25.04,5990.39,300,bronze,34,51.98,1
A0042,1773257148000,153.3,3768.54,480,gold,6,49.92,0
A0044,1773699927000,15.51,5530.6,544,bronze,26,43.05,1
A0044,1773699927000,15.51,5530.6,469,silver,26,43.05,1
A0046,1773101366000,81.41,4673.06,702,bronze,28,52.56,1
A0047,1773198803000,12.45,7973.87,453,gold,1,49.22,0
A0047,1773198803000,12.45,7973.87,526,bronze,1,49.22,0
A0054,1773162549000,4.11,6536.58,779,bronze,16,44.65,0
A0054,1773162549000,4.11,6536.58,709,gold,16,44.65,0
A0059,1772844421000,50.2,4253.14,536,bronze,19,45.9,1
A0059,1772844421000,50.2,4253.14,616,gold,19,45.9,1
A0060,1773429192000,33.5,9276.9,651,silver,18,51.8,1
A0064,1773352088000,19.87,6335.52,520,bronze,27,47.42,1
A0064,1773352088000,19.87,6335.52,576,gold,27,47.42,1
A0067,1773218371000,13.21,7861.44,306,bronze,6,43.64,1
A0069,1773261848000,6.39,4810.55,801,silver,12,46.16,1
A0070,1773605593000,32.58,3417.71,713,bronze,26,47.54,0
A0076,1773623548000,29.58,4255.95,391,gold,16,46.85,0
A0079,1773582000000,20.02,7762.47,650,silver,30,59.99,1
A0079,1773582000000,20.02,7762.47,707,silver,30,59.99,1
A0081,1773357508000,17.93,1827.56,655,gold,21,48.07,1
A0081,1773357508000,17.93,1827.56,649,silver,21,48.07,1
A0082,1773230547000,17.79,2957.15,758,bronze,15,56.69,0
A0082,1773230547000,17.79,2957.15,790,silver,15,56.69,0
A0092,1773625211000,18.0,4299.01,302,gold,22,51.37,0
A0000,1772304939000,9.11,1010.21,729,gold,20,50.62,0
A0006,1772921288000,112.98,5881.84,306,silver,12,49.23,0
A0006,1772921288000,112.98,5881.84,364,silver,12,49.23,0
A0007,1772402687000,31.33,5359.38,789,gold,1,51.23,1
A0008,1772533491000,91.24,4839.94,320,gold,4,49.8,0
A0012,1773351720000,16.32,7438.36,530,bronze,23,44.41,1
A0012,1773351720000,16.32,7438.36,574,bronze,23,44.41,1
A0013,1771992198000,102.12,5900.81,318,bronze,14,53.45,0
A0015,1772346000000,225.52,4348.89,695,silver,37,47.9,0
A0015,1772346000000,225.52,4348.89,756,gold,37,47.9,0
A0017,1772437869000,28.29,5831.29,627,bronze,21,45.72,1
A0017,1772437869000,28.29,5831.29,699,gold,21,45.72,1
A0022,1772737441000,11.54,-382.1,845,bronze,35,50.32,1
A0025,1772133384000,6.5,5898.23,375,gold,38,49.22,0
A0030,1772303825000,13.32,7774.09,668,bronze,33,43.34,1
A0030,1772303825000,13.32,7774.09,737,silver,33,43.34,1
A0031,1772438414000,44.92,3387.87,848,bronze,24,46.19,1
A0032,1772725237000,3.81,1561.51,776,silver,38,48.54,0
A0034,1772107506000,668.15,6020.43,525,silver,21,57.97,0
A0035,1771998570000,31.9,7140.77,638,bronze,30,50.49,0
A0038,1772100788000,17.01,2673.35,597,gold,5,57.49,0
A0038,1772100788000,17.01,2673.35,582,bronze,5,57.49,0
A0040,1772229558000,61.33,5003.27,314,bronze,15,48.15,1
A0041,1772562988000,10.05,5062.0,696,silver,6,43.14,0
A0050,1773171825000,14.02,2672.92,346,gold,22,49.87,1
A0051,1772372388000,72.37,1814.27,384,gold,15,51.33,0
A0052,1772908341000,92.07,9047.05,723,bronze,38,44.27,1
A0053,1772467823000,119.92,4484.66,439,silver,15,51.44,1
A0055,1772169998000,15.78,3937.05,653,bronze,21,56.1,1
A0056,1772077551000,12.35,5993.07,722,bronze,2,43.62,1
A0057,1772528858000,2.76,5573.73,399,silver,13,46.73,0
A0058,1772062059000,11.12,6212.87,516,gold,38,55.23,0
A0061,1772941057000,31.93,4047.07,307,silver,14,42.84,1
A0061,1772941057000,31.93,4047.07,300,bronze,14,42.84,1
A0063,1772909258000,29.36,4604.24,656,gold,32,46.04,1
A0065,1773139790000,7.64,2179.85,608,silver,39,52.95,0
A0065,1773139790000,7.64,2179.85,684,silver,39,52.95,0
A0066,1773329133000,9.05,1381.4,393,bronze,30,48.35,1
A0068,1772404011000,59.47,989.96,444,bronze,30,51.5,1
A0072,1772520709000,58.16,4684.86,564,bronze,30,48.05,1
A0072,1772520709000,58.16,4684.86,580,bronze,30,48.05,1
A0073,1772776784000,18.66,7149.84,710,bronze,33,48.08,0
A0073,1772776784000,18.66,7149.84,651,silver,33,48.08,0
A0080,1772100088000,10.36,6311.64,731,gold,10,55.66,0
A0080,1772100088000,10.36,6311.64,664,gold,10,55.66,0
A0087,1773025914000,89.87,7197.02,420,bronze,38,61.15,1
A0089,1772729547000,53.45,-850.31,403,gold,30,44.06,0
A0090,1772150045000,14.65,5649.68,472,bronze,7,46.76,1
A0090,1772150045000,14.65,5649.68,440,silver,7,46.76,1
A0093,1772777344000,31.12,2507.98,803,silver,31,49.62,1
A0096,1772228370000,25.4,2656.67,704,silver,16,49.53,1
A0097,1772401000000,104.69,5464.67,700,gold,20,52.76,0
A0098,1772183464000,487.91,3540.28,572,gold,26,53.87,1
A0098,1772183464000,487.91,3540.28,632,bronze,26,53.87,1
A0099,1772231801000,36.73,8492.56,679,gold,17,47.72,0
A0019,1773057698000,15.69,6477.77,678,gold,32,51.31,0
A0036,1773600028000,20.67,6331.03,337,gold,34,51.98,1
A0036,1773600028000,20.67,6331.03,300,bronze,34,51.98,1
A0046,1773101366000,25.25,4493.91,702,bronze,28,52.56,1
A0047,1773198803000,29.16,8204.51,453,gold,1,49.22,0
A0047,1773198803000,29.16,8204.51,526,bronze,1,49.22,0
A0054,1773162549000,45.04,6040.04,779,bronze,16,44.65,0
A0054,1773162549000,45.04,6040.04,709,gold,16,44.65,0
A0060,1773429192000,236.04,9781.93,651,silver,18,51.8,1
A0067,1773218371000,13.83,7690.19,306,bronze,6,43.64,1
A0069,1773261848000,50.99,5103.57,801,silver,12,46.16,1
A0076,1773623548000,32.89,4341.84,391,gold,16,46.85,0
A0079,1773582000000,12.48,7796.83,650,silver,30,59.99,1
A0079,1773582000000,12.48,7796.83,707,silver,30,59.99,1
A0081,1773357508000,97.93,1386.72,655,gold,21,48.07,1
A0081,1773357508000,97.93,1386.72,649,silver,21,48.07,1
A0082,1773230547000,9.3,3198.07,758,bronze,15,56.69,0
A0082,1773230547000,9.3,3198.07,790,silver,15,56.69,0
A0000,1772304939000,37.85,1424.53,729,gold,20,50.62,0
A0006,1772921288000,237.53,5864.41,306,silver,12,49.23,0
A0006,1772921288000,237.53,5864.41,364,silver,12,49.23,0
A0007,1772402687000,31.95,5813.5,789,gold,1,51.23,1
A0008,1772533491000,13.99,4898.25,320,gold,4,49.8,0
A0012,1773351720000,43.1,6181.91,530,bronze,23,44.41,1
A0012,1773351720000,43.1,6181.91,574,bronze,23,44.41,1
A0013,1771992198000,75.23,6030.68,318,bronze,14,53.45,0
A0015,1772346000000,18.93,4929.61,695,silver,37,47.9,0
A0015,1772346000000,18.93,4929.61,756,gold,37,47.9,0
A0017,1772437869000,86.64,5327.62,627,bronze,21,45.72,1
A0017,1772437869000,86.64,5327.62,699,gold,21,45.72,1
A0022,1772737441000,117.98,88.15,845,bronze,35,50.32,1
A0025,1772133384000,4.67,5434.84,375,gold,38,49.22,0
A0031,1772438414000,32.91,3227.2,848,bronze,24,46.19,1
A0032,1772725237000,4.66,1820.07,776,silver,38,48.54,0
A0034,1772107506000,324.24,5454.31,525,silver,21,57.97,0
A0035,1771998570000,7.2,6993.64,638,bronze,30,50.49,0
A0040,1772229558000,46.19,5475.0,314,bronze,15,48.15,1
A0041,1772562988000,156.95,4263.71,696,silver,6,43.14,0
A0050,1773171825000,31.12,3268.06,346,gold,22,49.87,1
A0051,1772372388000,5.85,1752.94,384,gold,15,51.33,0
A0052,1772908341000,44.53,9179.5,723,bronze,38,44.27,1
A0055,1772169998000,13.42,3948.97,653,bronze,21,56.1,1
A0065,1773139790000,2.07,2267.94,608,silver,39,52.95,0
A0065,1773139790000,2.07,2267.94,684,silver,39,52.95,0
A0066,1773329133000,13.34,785.93,393,bronze,30,48.35,1
A0068,1772404011000,26.58,1535.31,444,bronze,30,51.5,1
A0073,1772776784000,8.38,7512.22,710,bronze,33,48.08,0
A0073,1772776784000,8.38,7512.22,651,silver,33,48.08,0
A0080,1772100088000,10.36,6311.64,731,gold,10,55.66,0
A0080,1772100088000,10.36,6311.64,664,gold,10,55.66,0
A0087,1773025914000,72.31,7179.63,420,bronze,38,61.15,1
A0089,1772729547000,22.02,-227.75,403,gold,30,44.06,0
A0090,1772150045000,62.1,5860.9,472,bronze,7,46.76,1
A0090,1772150045000,62.1,5860.9,440,silver,7,46.76,1
A0096,1772228370000,60.45,3298.26,704,silver,16,49.53,1
A0098,1772183464000,487.91,3540.28,572,gold,26,53.87,1
A0098,1772183464000,487.91,3540.28,632,bronze,26,53.87,1
A0099,1772231801000,36.73,8492.56,679,gold,17,47.72,0
A0019,1773057698000,21.05,6742.4,678,gold,32,51.31,0
A0047,1773198803000,3.18,7526.88,453,gold,1,49.22,0
A0047,1773198803000,3.18,7526.88,526,bronze,1,49.22,0
A0060,1773429192000,39.52,9495.82,651,silver,18,51.8,1
A0067,1773218371000,29.04,7219.06,306,bronze,6,43.64,1
A0069,1773261848000,4.79,5639.54,801,silver,12,46.16,1
A0081,1773357508000,58.09,2124.85,655,gold,21,48.07,1
A0081,1773357508000,58.09,2124.85,649,silver,21,48.07,1
A0082,1773230547000,14.25,3715.56,758,bronze,15,56.69,0
A0082,1773230547000,14.25,3715.56,790,silver,15,56.69,0
A0000,1772304939000,6.74,1196.05,729,gold,20,50.62,0
A0007,1772402687000,31.95,5813.5,789,gold,1,51.23,1
A0017,1772437869000,33.83,5633.3,627,bronze,21,45.72,1
A0017,1772437869000,33.83,5633.3,699,gold,21,45.72,1
A0025,1772133384000,4.67,5434.84,375,gold,38,49.22,0
A0041,1772562988000,72.48,3995.31,696,silver,6,43.14,0
A0050,1773171825000,64.42,3085.44,346,gold,22,49.87,1
A0051,1772372388000,65.22,2811.86,384,gold,15,51.33,0
A0055,1772169998000,32.95,3863.06,653,bronze,21,56.1,1
A0068,1772404011000,26.58,1535.31,444,bronze,30,51.5,1
A0073,1772776784000,8.38,7512.22,710,bronze,33,48.08,0
A0073,1772776784000,8.38,7512.22,651,silver,33,48.08,0
A0090,1772150045000,18.23,6158.82,472,bronze,7,46.76,1
A0090,1772150045000,18.23,6158.82,440,silver,7,46.76,1
A0098,1772183464000,126.27,3385.24,572,gold,26,53.87,1
A0098,1772183464000,126.27,3385.24,632,bronze,26,53.87,1
A0099,1772231801000,77.06,8596.24,679,gold,17,47.72,0
A0000,1772304939000,6.74,1196.05,729,gold,20,50.62,0
A0007,1772402687000,119.32,6590.68,789,gold,1,51.23,1
A0050,1773171825000,64.42,3085.44,346,gold,22,49.87,1
A0051,1772372388000,13.9,2865.78,384,gold,15,51.33,0
A0073,1772776784000,54.66,7233.38,710,bronze,33,48.08,0
A0073,1772776784000,54.66,7233.38,651,silver,33,48.08,0
A0090,1772150045000,18.23,6158.82,472,bronze,7,46.76,1
A0090,1772150045000,18.23,6158.82,440,silver,7,46.76,1
A0098,1772183464000,67.16,3338.89,572,gold,26,53.87,1
A0098,1772183464000,67.16,3338.89,632,bronze,26,53.87,1
A0001,1773482046000,85.67,7566.48,301,bronze,14,48.71,0
A0001,1773482046000,85.67,7566.48,322,bronze,14,48.71,0
A0002,1773533318000,78.88,1991.51,314,silver,15,49.18,1
A0002,1773533318000,78.88,1991.51,394,gold,15,49.18,1
A0005,1773584013000,34.22,4883.98,622,bronze,33,41.47,0
A0010,1772742518000,30.25,3024.06,662,gold,6,48.21,0
A0010,1772742518000,30.25,3024.06,648,silver,6,48.21,0
A0014,1772951255000,39.28,2503.24,646,silver,27,46.81,1
A0016,1773530553000,6.2,2372.35,667,gold,0,46.66,1
A0018,1772833808000,17.59,1679.94,536,silver,14,64.31,0
A0018,1772833808000,17.59,1679.94,496,silver,14,64.31,0
A0019,1773057698000,15.64,7267.41,678,gold,26,51.31,0
A0020,1773239267000,14.81,4881.72,761,bronze,31,44.44,0
A0021,1773421617000,16.99,3959.37,405,gold,7,49.01,0
A0021,1773421617000,16.99,3959.37,368,silver,7,49.01,0
A0023,1773639389000,73.31,3105.09,788,silver,33,57.62,0
A0028,1773418467000,23.16,3941.34,683,gold,18,54.22,0
A0028,1773418467000,23.16,3941.34,621,bronze,18,54.22,0
A0036,1773600028000,171.57,5928.03,337,gold,25,51.98,1
A0036,1773600028000,171.57,5928.03,300,bronze,25,51.98,1
A0042,1773257148000,58.7,3871.74,480,gold,0,49.92,0
A0044,1773699927000,28.07,4668.45,544,bronze,21,43.05,1
A0044,1773699927000,28.07,4668.45,469,silver,21,43.05,1
A0046,1773101366000,13.11,3419.02,702,bronze,7,52.56,1
A0049,1773280471000,25.01,2467.6,496,bronze,14,52.58,0
A0054,1773162549000,8.22,6499.74,779,bronze,2,44.65,0
A0054,1773162549000,8.22,6499.74,709,gold,2,44.65,0
A0059,1772844421000,12.88,5311.85,536,bronze,2,45.9,1
A0059,1772844421000,12.88,5311.85,616,gold,2,45.9,1
A0060,1773429192000,65.92,9434.13,651,silver,27,51.8,1
A0064,1773352088000,19.25,5424.78,520,bronze,13,47.42,1
A0064,1773352088000,19.25,5424.78,576,gold,13,47.42,1
A0067,1773218371000,14.76,7546.56,306,bronze,2,43.64,1
A0069,1773261848000,5.87,4834.91,801,silver,35,46.16,1
A0070,1773605593000,36.32,3568.8,713,bronze,22,47.54,0
A0075,1773324061000,5.54,7495.08,647,bronze,1,55.3,1
A0075,1773324061000,5.54,7495.08,595,bronze,1,55.3,1
A0076,1773623548000,21.01,3969.39,391,gold,23,46.85,0
A0079,1773582000000,30.61,8362.03,650,silver,17,59.99,1
A0079,1773582000000,30.61,8362.03,707,silver,17,59.99,1
A0081,1773357508000,94.93,2471.49,655,gold,7,48.07,1
A0081,1773357508000,94.93,2471.49,649,silver,7,48.07,1
A0083,1773047399000,6.88,8980.68,440,bronze,30,49.99,1
A0083,1773047399000,6.88,8980.68,500,silver,30,49.99,1
A0084,1773392158000,399.85,3735.35,435,silver,13,50.64,1
A0091,1772984489000,86.99,4467.5,499,bronze,23,58.33,0
A0092,1773625211000,33.31,3774.71,302,gold,19,51.37,0
A0000,1772304939000,292.47,727.5,729,gold,2,50.62,0
A0003,1772002067000,22.76,981.82,635,silver,27,52.13,1
A0004,1772086537000,15.38,8916.02,808,gold,7,46.73,0
A0006,1772921288000,162.73,6919.85,306,silver,21,49.23,0
A0006,1772921288000,162.73,6919.85,364,silver,21,49.23,0
A0009,1772362866000,9.12,3382.1,433,bronze,39,51.66,0
A0011,1772882905000,15.11,5942.72,739,gold,17,59.03,0
A0013,1771992198000,16.08,5645.17,318,bronze,39,53.45,0
A0015,1772346000000,276.69,4487.56,695,silver,24,47.9,0
A0015,1772346000000,276.69,4487.56,756,gold,24,47.9,0
A0017,1772437869000,3.69,5770.43,627,bronze,35,45.72,1
A0017,1772437869000,3.69,5770.43,699,gold,35,45.72,1
A0022,1772737441000,59.35,-490.56,845,bronze,8,50.32,1
A0026,1772631959000,10.66,6060.26,740,bronze,29,48.31,1
A0029,1772375918000,16.05,8950.99,686,silver,39,57.34,0
A0030,1772303825000,23.25,6539.91,668,bronze,0,43.34,1
A0030,1772303825000,23.25,6539.91,737,silver,0,43.34,1
A0035,1771998570000,12.13,6804.43,638,bronze,10,50.49,0
A0037,1772145288000,71.97,5784.12,844,silver,25,54.02,0
A0040,1772229558000,15.39,5318.7,314,bronze,17,48.15,1
A0041,1772562988000,3.51,4720.21,696,silver,35,43.14,0
A0043,1772487954000,281.54,5158.22,786,bronze,26,53.74,0
A0045,1772645690000,9.9,5071.37,770,bronze,25,47.56,1
A0045,1772645690000,9.9,5071.37,797,silver,25,47.56,1
A0048,1772721561000,28.71,5183.15,603,bronze,39,63.25,0
A0051,1772372388000,24.53,1357.63,384,gold,13,51.33,0
A0052,1772908341000,63.44,8600.78,723,bronze,24,44.27,1
A0053,1772467823000,24.93,5216.42,439,silver,24,51.44,1
A0055,1772169998000,69.9,4535.95,653,bronze,30,56.1,1
A0056,1772077551000,99.11,5535.8,722,bronze,39,43.62,1
A0057,1772528858000,38.63,5992.2,399,silver,25,46.73,0
A0062,1772815600000,15.23,3983.38,771,silver,3,52.95,0
A0065,1773139790000,46.5,2764.87,608,silver,7,52.95,0
A0065,1773139790000,46.5,2764.87,684,silver,7,52.95,0
A0066,1773329133000,66.17,478.64,393,bronze,13,48.35,1
A0068,1772404011000,58.54,1308.89,444,bronze,18,51.5,1
A0071,1772130290000,70.32,4249.57,735,gold,11,49.17,0
A0077,1772870626000,27.4,4119.82,735,silver,6,53.23,0
A0077,1772870626000,27.4,4119.82,697,silver,6,53.23,0
A0078,1773025240000,17.95,5632.37,553,gold,12,37.88,1
A0080,1772100088000,6.4,6545.4,731,gold,15,55.66,0
A0080,1772100088000,6.4,6545.4,664,gold,15,55.66,0
A0085,1772157868000,29.93,3984.69,745,gold,22,52.28,1
A0086,1772430414000,54.97,7720.12,715,silver,30,49.37,0
A0086,1772430414000,54.97,7720.12,750,bronze,30,49.37,0
A0087,1773025914000,65.95,5758.32,420,bronze,18,61.15,1
A0088,1772237126000,26.98,5461.0,619,bronze,29,45.96,0
A0090,1772150045000,3.03,5936.31,472,bronze,3,46.76,1
A0090,1772150045000,3.03,5936.31,440,silver,3,46.76,1
A0093,1772777344000,7.54,3063.7,803,silver,17,49.62,1
A0094,1773201675000,28.06,4959.47,648,silver,17,41.06,0
A0094,1773201675000,28.06,4959.47,667,silver,17,41.06,0
A0098,1772183464000,15.35,3398.31,572,gold,29,53.87,1
A0098,1772183464000,15.35,3398.31,632,bronze,29,53.87,1
A0099,1772231801000,172.41,7978.29,679,gold,11,47.72,0
A0001,1773482046000,41.95,8031.18,301,bronze,14,48.71,0
A0001,1773482046000,41.95,8031.18,322,bronze,14,48.71,0
A0002,1773533318000,15.01,2553.92,314,silver,15,49.18,1
A0002,1773533318000,15.01,2553.92,394,gold,15,49.18,1
A0005,1773584013000,145.92,4889.91,622,bronze,33,41.47,0
A0014,1772951255000,96.46,2064.06,646,silver,27,46.81,1
A0016,1773530553000,42.28,2355.59,667,gold,0,46.66,1
A0019,1773057698000,15.64,7267.41,678,gold,26,51.31,0
A0020,1773239267000,45.11,3814.68,761,bronze,31,44.44,0
A0021,1773421617000,10.81,3467.06,405,gold,7,49.01,0
A0021,1773421617000,10.81,3467.06,368,silver,7,49.01,0
A0023,1773639389000,30.03,3704.16,788,silver,33,57.62,0
A0024,1773051955000,28.9,6028.76,697,silver,15,46.12,1
A0028,1773418467000,32.43,3664.37,683,gold,18,54.22,0
A0028,1773418467000,32.43,3664.37,621,bronze,18,54.22,0
A0036,1773600028000,3.51,5334.17,337,gold,25,51.98,1
A0036,1773600028000,3.51,5334.17,300,bronze,25,51.98,1
A0039,1773212738000,13.22,5490.55,367,silver,39,64.76,1
A0042,1773257148000,69.83,3387.47,480,gold,0,49.92,0
A0044,1773699927000,86.18,4780.61,544,bronze,21,43.05,1
A0044,1773699927000,86.18,4780.61,469,silver,21,43.05,1
A0046,1773101366000,20.35,3429.05,702,bronze,7,52.56,1
A0047,1773198803000,40.32,7420.09,453,gold,21,49.22,0
A0047,1773198803000,40.32,7420.09,526,bronze,21,49.22,0
A0049,1773280471000,82.67,2323.96,496,bronze,14,52.58,0
A0054,1773162549000,20.31,6276.33,779,bronze,2,44.65,0
A0054,1773162549000,20.31,6276.33,709,gold,2,44.65,0
A0060,1773429192000,96.13,9614.79,651,silver,27,51.8,1
A0064,1773352088000,18.36,5563.65,520,bronze,13,47.42,1
A0064,1773352088000,18.36,5563.65,576,gold,13,47.42,1
A0070,1773605593000,25.42,2987.05,713,bronze,22,47.54,0
A0075,1773324061000,90.26,7794.25,647,bronze,1,55.3,1
A0075,1773324061000,90.26,7794.25,595,bronze,1,55.3,1
A0076,1773623548000,30.93,3856.31,391,gold,23,46.85,0
A0079,1773582000000,15.67,8744.9,650,silver,17,59.99,1
A0079,1773582000000,15.67,8744.9,707,silver,17,59.99,1
A0081,1773357508000,97.78,2024.67,655,gold,7,48.07,1
A0081,1773357508000,97.78,2024.67,649,silver,7,48.07,1
A0083,1773047399000,28.36,9070.94,440,bronze,30,49.99,1
A0083,1773047399000,28.36,9070.94,500,silver,30,49.99,1
A0084,1773392158000,7.05,4192.66,435,silver,13,50.64,1
A0091,1772984489000,119.44,4052.27,499,bronze,23,58.33,0
A0092,1773625211000,32.27,4110.16,302,gold,19,51.37,0
A0003,1772002067000,14.38,807.42,635,silver,27,52.13,1
A0004,1772086537000,89.33,8941.12,808,gold,7,46.73,0
A0006,1772921288000,31.43,6547.24,306,silver,21,49.23,0
A0006,1772921288000,31.43,6547.24,364,silver,21,49.23,0
A0007,1772402687000,286.54,6572.13,789,gold,5,51.23,1
A0009,1772362866000,30.46,3089.86,433,bronze,39,51.66,0
A0011,1772882905000,7.49,5710.99,739,gold,17,59.03,0
A0012,1773351720000,17.5,7275.84,530,bronze,37,44.41,1
A0012,1773351720000,17.5,7275.84,574,bronze,37,44.41,1
A0015,1772346000000,2.76,4817.52,695,silver,24,47.9,0
A0015,1772346000000,2.76,4817.52,756,gold,24,47.9,0
A0022,1772737441000,183.38,-1416.34,845,bronze,8,50.32,1
A0025,1772133384000,35.21,6350.49,375,gold,28,49.22,0
A0027,1772767070000,36.9,3845.79,375,silver,30,39.93,0
A0029,1772375918000,104.48,8620.83,686,silver,39,57.34,0
A0030,1772303825000,8.75,7663.1,668,bronze,0,43.34,1
A0030,1772303825000,8.75,7663.1,737,silver,0,43.34,1
A0032,1772725237000,35.46,1542.35,776,silver,19,48.54,0
A0033,1772108079000,782.28,3051.28,406,gold,38,53.99,0
A0034,1772107506000,260.99,6407.16,525,silver,32,57.97,0
A0035,1771998570000,12.25,7288.22,638,bronze,10,50.49,0
A0038,1772100788000,42.19,1950.21,597,gold,31,57.49,0
A0038,1772100788000,42.19,1950.21,582,bronze,31,57.49,0
A0041,1772562988000,45.79,5341.17,696,silver,35,43.14,0
A0043,1772487954000,144.59,5129.89,786,bronze,26,53.74,0
A0048,1772721561000,33.69,5150.74,603,bronze,39,63.25,0
A0050,1773171825000,37.19,4665.72,346,gold,13,49.87,1
A0051,1772372388000,60.89,2161.43,384,gold,13,51.33,0
A0052,1772908341000,43.49,8569.45,723,bronze,24,44.27,1
A0057,1772528858000,10.85,6456.28,399,silver,25,46.73,0
A0061,1772941057000,59.51,5235.7,307,silver,30,42.84,1
A0061,1772941057000,59.51,5235.7,300,bronze,30,42.84,1
A0063,1772909258000,84.47,3960.62,656,gold,1,46.04,1
A0065,1773139790000,94.26,2685.47,608,silver,7,52.95,0
A0065,1773139790000,94.26,2685.47,684,silver,7,52.95,0
A0066,1773329133000,56.31,1197.03,393,bronze,13,48.35,1
A0068,1772404011000,81.75,891.68,444,bronze,18,51.5,1
A0071,1772130290000,69.85,4980.76,735,gold,11,49.17,0
A0074,1772311248000,75.84,6118.03,768,bronze,37,56.59,0
A0080,1772100088000,167.79,5828.71,731,gold,15,55.66,0
A0080,1772100088000,167.79,5828.71,664,gold,15,55.66,0
A0085,1772157868000,110.93,3770.08,745,gold,22,52.28,1
A0086,1772430414000,17.59,8180.76,715,silver,30,49.37,0
A0086,1772430414000,17.59,8180.76,750,bronze,30,49.37,0
A0089,1772729547000,41.31,-1454.94,403,gold,24,44.06,0
A0090,1772150045000,36.58,5820.48,472,bronze,3,46.76,1
A0090,1772150045000,36.58,5820.48,440,silver,3,46.76,1
A0093,1772777344000,62.59,3406.98,803,silver,17,49.62,1
A0094,1773201675000,9.31,4820.44,648,silver,17,41.06,0
A0094,1773201675000,9.31,4820.44,667,silver,17,41.06,0
A0095,1772605386000,88.01,7741.74,337,gold,8,53.18,1
A0097,1772401000000,74.31,4783.51,700,gold,36,52.76,0
A0001,1773482046000,12.62,7794.85,301,bronze,14,48.71,0
A0001,1773482046000,12.62,7794.85,322,bronze,14,48.71,0
A0002,1773533318000,42.3,3487.04,314,silver,15,49.18,1
A0002,1773533318000,42.3,3487.04,394,gold,15,49.18,1
A0005,1773584013000,61.58,5060.23,622,bronze,33,41.47,0
A0010,1772742518000,48.6,2967.89,662,gold,6,48.21,0
A0010,1772742518000,48.6,2967.89,648,silver,6,48.21,0
A0014,1772951255000,9.16,2337.81,646,silver,27,46.81,1
A0016,1773530553000,26.94,2753.49,667,gold,0,46.66,1
A0018,1772833808000,41.11,1184.73,536,silver,14,64.31,0
A0018,1772833808000,41.11,1184.73,496,silver,14,64.31,0
A0019,1773057698000,28.51,7117.28,678,gold,26,51.31,0
A0020,1773239267000,31.05,4087.2,761,bronze,31,44.44,0
A0021,1773421617000,70.01,3803.53,405,gold,7,49.01,0
A0021,1773421617000,70.01,3803.53,368,silver,7,49.01,0
A0023,1773639389000,24.9,3769.84,788,silver,33,57.62,0
A0024,1773051955000,86.12,6610.58,697,silver,15,46.12,1
A0028,1773418467000,148.46,3266.81,683,gold,18,54.22,0
A0028,1773418467000,148.46,3266.81,621,bronze,18,54.22,0
A0036,1773600028000,37.49,5486.17,337,gold,25,51.98,1
A0036,1773600028000,37.49,5486.17,300,bronze,25,51.98,1
A0039,1773212738000,7.8,4764.83,367,silver,39,64.76,1
A0042,1773257148000,179.67,3283.35,480,gold,0,49.92,0
A0044,1773699927000,166.02,4186.16,544,bronze,21,43.05,1
A0044,1773699927000,166.02,4186.16,469,silver,21,43.05,1
A0046,1773101366000,18.2,3500.03,702,bronze,7,52.56,1
A0047,1773198803000,17.88,7784.73,453,gold,21,49.22,0
A0047,1773198803000,17.88,7784.73,526,bronze,21,49.22,0
A0049,1773280471000,49.9,2116.52,496,bronze,14,52.58,0
A0054,1773162549000,5.54,6689.75,779,bronze,2,44.65,0
A0054,1773162549000,5.54,6689.75,709,gold,2,44.65,0
A0059,1772844421000,53.48,5866.86,536,bronze,2,45.9,1
A0059,1772844421000,53.48,5866.86,616,gold,2,45.9,1
A0060,1773429192000,10.36,9539.55,651,silver,27,51.8,1
A0064,1773352088000,126.93,5696.34,520,bronze,13,47.42,1
A0064,1773352088000,126.93,5696.34,576,gold,13,47.42,1
A0067,1773218371000,47.14,7065.66,306,bronze,2,43.64,1
A0069,1773261848000,11.79,4737.79,801,silver,35,46.16,1
A0070,1773605593000,36.72,3275.93,713,bronze,22,47.54,0
A0075,1773324061000,116.72,8322.84,647,bronze,1,55.3,1
A0075,1773324061000,116.72,8322.84,595,bronze,1,55.3,1
A0076,1773623548000,19.7,3638.25,391,gold,23,46.85,0
A0079,1773582000000,23.84,8127.09,650,silver,17,59.99,1
A0079,1773582000000,23.84,8127.09,707,silver,17,59.99,1
A0081,1773357508000,140.46,1927.73,655,gold,7,48.07,1
A0081,1773357508000,140.46,1927.73,649,silver,7,48.07,1
A0082,1773230547000,8.51,2337.48,758,bronze,29,56.69,0
A0082,1773230547000,8.51,2337.48,790,silver,29,56.69,0
A0083,1773047399000,6.59,8326.49,440,bronze,30,49.99,1
A0083,1773047399000,6.59,8326.49,500,silver,30,49.99,1
A0084,1773392158000,50.36,4053.73,435,silver,13,50.64,1
A0091,1772984489000,199.03,4407.89,499,bronze,23,58.33,0
A0092,1773625211000,71.39,3847.13,302,gold,19,51.37,0
A0000,1772304939000,21.14,1426.14,729,gold,2,50.62,0
A0003,1772002067000,29.15,629.78,635,silver,27,52.13,1
A0004,1772086537000,17.11,9009.85,808,gold,7,46.73,0
A0006,1772921288000,22.48,6135.51,306,silver,21,49.23,0
A0006,1772921288000,22.48,6135.51,364,silver,21,49.23,0
A0007,1772402687000,19.64,6210.39,789,gold,5,51.23,1
A0008,1772533491000,105.63,6173.01,320,gold,11,49.8,0
A0009,1772362866000,11.53,3189.32,433,bronze,39,51.66,0
A0011,1772882905000,54.0,6029.16,739,gold,17,59.03,0
A0012,1773351720000,56.36,6804.3,530,bronze,37,44.41,1
A0012,1773351720000,56.36,6804.3,574,bronze,37,44.41,1
A0013,1771992198000,127.38,6151.29,318,bronze,39,53.45,0
A0015,1772346000000,37.35,4536.24,695,silver,24,47.9,0
A0015,1772346000000,37.35,4536.24,756,gold,24,47.9,0
A0017,1772437869000,33.63,5444.14,627,bronze,35,45.72,1
A0017,1772437869000,33.63,5444.14,699,gold,35,45.72,1
A0022,1772737441000,27.82,-1566.46,845,bronze,8,50.32,1
A0025,1772133384000,37.75,6613.05,375,gold,28,49.22,0
A0026,1772631959000,19.5,6072.97,740,bronze,29,48.31,1
A0027,1772767070000,9.83,3829.27,375,silver,30,39.93,0
A0029,1772375918000,56.04,9097.97,686,silver,39,57.34,0
A0031,1772438414000,136.38,3218.23,848,bronze,39,46.19,1
A0032,1772725237000,9.86,1888.75,776,silver,19,48.54,0
A0033,1772108079000,554.38,3130.98,406,gold,38,53.99,0
A0034,1772107506000,7.84,6623.58,525,silver,32,57.97,0
A0037,1772145288000,43.79,5747.42,844,silver,25,54.02,0
A0038,1772100788000,44.27,2221.33,597,gold,31,57.49,0
A0038,1772100788000,44.27,2221.33,582,bronze,31,57.49,0
A0043,1772487954000,44.89,4877.09,786,bronze,26,53.74,0
A0045,1772645690000,58.26,4961.66,770,bronze,25,47.56,1
A0045,1772645690000,58.26,4961.66,797,silver,25,47.56,1
A0048,1772721561000,54.77,5113.16,603,bronze,39,63.25,0
A0050,1773171825000,5.47,3434.39,346,gold,13,49.87,1
A0051,1772372388000,13.44,2306.4,384,gold,13,51.33,0
A0052,1772908341000,11.8,8492.78,723,bronze,24,44.27,1
A0055,1772169998000,52.56,5426.73,653,bronze,30,56.1,1
A0056,1772077551000,13.75,6074.14,722,bronze,39,43.62,1
A0057,1772528858000,14.66,6155.79,399,silver,25,46.73,0
A0058,1772062059000,103.66,4772.42,516,gold,13,55.23,0
A0061,1772941057000,107.39,4432.51,307,silver,30,42.84,1
A0061,1772941057000,107.39,4432.51,300,bronze,30,42.84,1
A0062,1772815600000,523.48,4039.74,771,silver,3,52.95,0
A0063,1772909258000,525.54,5114.08,656,gold,1,46.04,1
A0065,1773139790000,51.45,2665.4,608,silver,7,52.95,0
A0065,1773139790000,51.45,2665.4,684,silver,7,52.95,0
A0066,1773329133000,139.38,860.11,393,bronze,13,48.35,1
A0068,1772404011000,33.43,773.53,444,bronze,18,51.5,1
A0071,1772130290000,88.86,5566.98,735,gold,11,49.17,0
A0072,1772520709000,369.07,5482.12,564,bronze,7,48.05,1
A0072,1772520709000,369.07,5482.12,580,bronze,7,48.05,1
A0073,1772776784000,119.18,8082.95,710,bronze,32,48.08,0
A0073,1772776784000,119.18,8082.95,651,silver,32,48.08,0
A0074,1772311248000,9.39,6112.33,768,bronze,37,56.59,0
A0077,1772870626000,22.68,4037.95,735,silver,6,53.23,0
A0077,1772870626000,22.68,4037.95,697,silver,6,53.23,0
A0078,1773025240000,56.56,5931.94,553,gold,12,37.88,1
A0085,1772157868000,55.9,3684.05,745,gold,22,52.28,1
A0086,1772430414000,38.69,8077.1,715,silver,30,49.37,0
A0086,1772430414000,38.69,8077.1,750,bronze,30,49.37,0
A0087,1773025914000,20.8,5850.06,420,bronze,18,61.15,1
A0088,1772237126000,4.86,5841.08,619,bronze,29,45.96,0
A0089,1772729547000,31.29,-878.52,403,gold,24,44.06,0
A0090,1772150045000,18.71,6200.16,472,bronze,3,46.76,1
A0090,1772150045000,18.71,6200.16,440,silver,3,46.76,1
A0093,1772777344000,43.53,2979.01,803,silver,17,49.62,1
A0094,1773201675000,2.3,5616.9,648,silver,17,41.06,0
A0094,1773201675000,2.3,5616.9,667,silver,17,41.06,0
A0095,1772605386000,30.91,7600.25,337,gold,8,53.18,1
A0096,1772228370000,76.53,3024.79,704,silver,35,49.53,1
A0097,1772401000000,74.31,4783.51,700,gold,36,52.76,0
A0099,1772231801000,65.17,8271.75,679,gold,11,47.72,0
A0001,1773482046000,5.6,7103.64,301,bronze,14,48.71,0
A0001,1773482046000,5.6,7103.64,322,bronze,14,48.71,0
A0002,1773533318000,25.77,3760.77,314,silver,15,49.18,1
A0002,1773533318000,25.77,3760.77,394,gold,15,49.18,1
A0005,1773584013000,33.42,4787.26,622,bronze,33,41.47,0
A0010,1772742518000,23.39,2538.51,662,gold,6,48.21,0
A0010,1772742518000,23.39,2538.51,648,silver,6,48.21,0
A0014,1772951255000,23.67,2148.67,646,silver,27,46.81,1
A0016,1773530553000,47.81,3370.43,667,gold,0,46.66,1
A0018,1772833808000,87.75,1104.54,536,silver,14,64.31,0
A0018,1772833808000,87.75,1104.54,496,silver,14,64.31,0
A0019,1773057698000,28.51,7117.28,678,gold,26,51.31,0
A0020,1773239267000,18.6,4505.97,761,bronze,31,44.44,0
A0021,1773421617000,25.32,3978.28,405,gold,7,49.01,0
A0021,1773421617000,25.32,3978.28,368,silver,7,49.01,0
A0023,1773639389000,71.45,3816.88,788,silver,33,57.62,0
A0024,1773051955000,118.92,6005.52,697,silver,15,46.12,1
A0028,1773418467000,13.2,3983.59,683,gold,18,54.22,0
A0028,1773418467000,13.2,3983.59,621,bronze,18,54.22,0
A0036,1773600028000,18.9,5804.3,337,gold,25,51.98,1
A0036,1773600028000,18.9,5804.3,300,bronze,25,51.98,1
A0039,1773212738000,3.66,5168.53,367,silver,39,64.76,1
A0042,1773257148000,385.67,3209.03,480,gold,0,49.92,0
A0044,1773699927000,240.51,4736.34,544,bronze,21,43.05,1
A0044,1773699927000,240.51,4736.34,469,silver,21,43.05,1
A0046,1773101366000,89.69,4191.3,702,bronze,7,52.56,1
A0047,1773198803000,9.52,7636.04,453,gold,21,49.22,0
A0047,1773198803000,9.52,7636.04,526,bronze,21,49.22,0
A0049,1773280471000,73.01,2665.03,496,bronze,14,52.58,0
A0054,1773162549000,21.52,6751.88,779,bronze,2,44.65,0
A0054,1773162549000,21.52,6751.88,709,gold,2,44.65,0
A0059,1772844421000,60.19,4984.32,536,bronze,2,45.9,1
A0059,1772844421000,60.19,4984.32,616,gold,2,45.9,1
A0060,1773429192000,10.36,9539.55,651,silver,27,51.8,1
A0064,1773352088000,32.04,5561.59,520,bronze,13,47.42,1
A0064,1773352088000,32.04,5561.59,576,gold,13,47.42,1
A0067,1773218371000,49.55,7213.72,306,bronze,2,43.64,1
A0069,1773261848000,14.3,4295.94,801,silver,35,46.16,1
A0070,1773605593000,32.14,3113.42,713,bronze,22,47.54,0
A0075,1773324061000,12.37,9346.62,647,bronze,1,55.3,1
A0075,1773324061000,12.37,9346.62,595,bronze,1,55.3,1
A0076,1773623548000,15.93,4371.36,391,gold,23,46.85,0
A0079,1773582000000,51.08,8486.83,650,silver,17,59.99,1
A0079,1773582000000,51.08,8486.83,707,silver,17,59.99,1
A0081,1773357508000,114.66,2054.56,655,gold,7,48.07,1
A0081,1773357508000,114.66,2054.56,649,silver,7,48.07,1
A0082,1773230547000,49.71,2433.79,758,bronze,29,56.69,0
A0082,1773230547000,49.71,2433.79,790,silver,29,56.69,0
A0083,1773047399000,5.27,8666.27,440,bronze,30,49.99,1
A0083,1773047399000,5.27,8666.27,500,silver,30,49.99,1
A0084,1773392158000,32.34,3658.22,435,silver,13,50.64,1
A0091,1772984489000,12.83,4739.43,499,bronze,23,58.33,0
A0092,1773625211000,166.95,3764.41,302,gold,19,51.37,0
A0000,1772304939000,23.02,1566.83,729,gold,2,50.62,0
A0003,1772002067000,12.12,574.93,635,silver,27,52.13,1
A0004,1772086537000,55.06,8714.93,808,gold,7,46.73,0
A0006,1772921288000,39.31,6124.41,306,silver,21,49.23,0
A0006,1772921288000,39.31,6124.41,364,silver,21,49.23,0
A0007,1772402687000,128.73,5926.03,789,gold,5,51.23,1
A0008,1772533491000,112.34,6492.41,320,gold,11,49.8,0
A0009,1772362866000,11.53,3189.32,433,bronze,39,51.66,0
A0011,1772882905000,43.07,5994.25,739,gold,17,59.03,0
A0012,1773351720000,56.36,6804.3,530,bronze,37,44.41,1
A0012,1773351720000,56.36,6804.3,574,bronze,37,44.41,1
A0013,1771992198000,9.42,5769.58,318,bronze,39,53.45,0
A0015,1772346000000,27.13,3897.44,695,silver,24,47.9,0
A0015,1772346000000,27.13,3897.44,756,gold,24,47.9,0
A0017,1772437869000,27.1,6038.08,627,bronze,35,45.72,1
A0017,1772437869000,27.1,6038.08,699,gold,35,45.72,1
A0022,1772737441000,3.34,-746.63,845,bronze,8,50.32,1
A0025,1772133384000,13.42,5888.17,375,gold,28,49.22,0
A0026,1772631959000,21.5,5567.62,740,bronze,29,48.31,1
A0027,1772767070000,6.14,3630.57,375,silver,30,39.93,0
A0029,1772375918000,38.22,8795.73,686,silver,39,57.34,0
A0030,1772303825000,15.61,7719.2,668,bronze,0,43.34,1
A0030,1772303825000,15.61,7719.2,737,silver,0,43.34,1
A0031,1772438414000,63.89,3880.55,848,bronze,39,46.19,1
A0032,1772725237000,18.83,1735.11,776,silver,19,48.54,0
A0033,1772108079000,10.74,3439.45,406,gold,38,53.99,0
A0034,1772107506000,34.65,6322.19,525,silver,32,57.97,0
A0035,1771998570000,91.43,8046.8,638,bronze,10,50.49,0
A0037,1772145288000,17.46,6283.08,844,silver,25,54.02,0
A0038,1772100788000,10.65,2413.46,597,gold,31,57.49,0
A0038,1772100788000,10.65,2413.46,582,bronze,31,57.49,0
A0040,1772229558000,29.26,5666.07,314,bronze,17,48.15,1
A0043,1772487954000,21.04,4922.17,786,bronze,26,53.74,0
A0045,1772645690000,147.98,5292.7,770,bronze,25,47.56,1
A0045,1772645690000,147.98,5292.7,797,silver,25,47.56,1
A0048,1772721561000,59.53,4980.91,603,bronze,39,63.25,0
A0050,1773171825000,25.02,3590.22,346,gold,13,49.87,1
A0052,1772908341000,18.72,8941.81,723,bronze,24,44.27,1
A0053,1772467823000,35.16,5813.07,439,silver,24,51.44,1
A0055,1772169998000,3.48,5039.64,653,bronze,30,56.1,1
A0056,1772077551000,118.89,5765.19,722,bronze,39,43.62,1
A0057,1772528858000,12.26,5733.29,399,silver,25,46.73,0
A0058,1772062059000,50.32,5399.09,516,gold,13,55.23,0
A0061,1772941057000,26.52,4168.86,307,silver,30,42.84,1
A0061,1772941057000,26.52,4168.86,300,bronze,30,42.84,1
A0062,1772815600000,3.68,4157.73,771,silver,3,52.95,0
A0063,1772909258000,30.77,4504.3,656,gold,1,46.04,1
A0065,1773139790000,43.07,1942.07,608,silver,7,52.95,0
A0065,1773139790000,43.07,1942.07,684,silver,7,52.95,0
A0066,1773329133000,191.44,500.53,393,bronze,13,48.35,1
A0068,1772404011000,8.53,1468.28,444,bronze,18,51.5,1
A0071,1772130290000,156.24,4878.12,735,gold,11,49.17,0
A0072,1772520709000,37.81,5472.14,564,bronze,7,48.05,1
A0072,1772520709000,37.81,5472.14,580,bronze,7,48.05,1
A0073,1772776784000,59.49,7900.1,710,bronze,32,48.08,0
A0073,1772776784000,59.49,7900.1,651,silver,32,48.08,0
A0074,1772311248000,74.35,6578.24,768,bronze,37,56.59,0
A0077,1772870626000,9.95,3809.23,735,silver,6,53.23,0
A0077,1772870626000,9.95,3809.23,697,silver,6,53.23,0
A0078,1773025240000,55.05,6631.89,553,gold,12,37.88,1
A0080,1772100088000,147.04,6838.08,731,gold,15,55.66,0
A0080,1772100088000,147.04,6838.08,664,gold,15,55.66,0
A0085,1772157868000,8.54,4027.8,745,gold,22,52.28,1
A0086,1772430414000,43.01,8485.31,715,silver,30,49.37,0
A0086,1772430414000,43.01,8485.31,750,bronze,30,49.37,0
A0087,1773025914000,51.76,6593.71,420,bronze,18,61.15,1
A0088,1772237126000,56.82,5459.99,619,bronze,29,45.96,0
A0089,1772729547000,25.75,-521.8,403,gold,24,44.06,0
A0093,1772777344000,6.59,2353.56,803,silver,17,49.62,1
A0094,1773201675000,165.99,4233.62,648,silver,17,41.06,0
A0094,1773201675000,165.99,4233.62,667,silver,17,41.06,0
A0095,1772605386000,94.19,7765.51,337,gold,8,53.18,1
A0096,1772228370000,23.24,3081.3,704,silver,35,49.53,1
A0097,1772401000000,27.42,4544.99,700,gold,36,52.76,0
A0098,1772183464000,325.99,4128.38,572,gold,29,53.87,1
A0098,1772183464000,325.99,4128.38,632,bronze,29,53.87,1
A0099,1772231801000,20.73,8373.73,679,gold,11,47.72,0
A0001,1773482046000,7.64,7170.01,301,bronze,14,48.71,0
A0001,1773482046000,7.64,7170.01,322,bronze,14,48.71,0
A0002,1773533318000,26.61,4228.62,314,silver,15,49.18,1
A0002,1773533318000,26.61,4228.62,394,gold,15,49.18,1
A0005,1773584013000,25.63,4562.85,622,bronze,33,41.47,0
A0010,1772742518000,4.36,2594.53,662,gold,6,48.21,0
A0010,1772742518000,4.36,2594.53,648,silver,6,48.21,0
A0016,1773530553000,28.67,4364.28,667,gold,0,46.66,1
A0018,1772833808000,110.86,742.66,536,silver,14,64.31,0
A0018,1772833808000,110.86,742.66,496,silver,14,64.31,0
A0019,1773057698000,8.22,6456.8,678,gold,26,51.31,0
A0020,1773239267000,139.74,4612.71,761,bronze,31,44.44,0
A0021,1773421617000,17.14,3814.65,405,gold,7,49.01,0
A0021,1773421617000,17.14,3814.65,368,silver,7,49.01,0
A0023,1773639389000,128.64,4163.35,788,silver,33,57.62,0
A0024,1773051955000,424.29,6064.07,697,silver,15,46.12,1
A0028,1773418467000,21.69,4086.2,683,gold,18,54.22,0
A0028,1773418467000,21.69,4086.2,621,bronze,18,54.22,0
A0036,1773600028000,19.68,6064.38,337,gold,25,51.98,1
A0036,1773600028000,19.68,6064.38,300,bronze,25,51.98,1
A0039,1773212738000,52.82,4600.71,367,silver,39,64.76,1
A0042,1773257148000,19.13,3794.52,480,gold,0,49.92,0
A0044,1773699927000,68.64,5327.42,544,bronze,21,43.05,1
A0044,1773699927000,68.64,5327.42,469,silver,21,43.05,1
A0046,1773101366000,81.41,4673.06,702,bronze,7,52.56,1
A0047,1773198803000,27.69,7834.56,453,gold,21,49.22,0
A0047,1773198803000,27.69,7834.56,526,bronze,21,49.22,0
A0054,1773162549000,6.79,6781.91,779,bronze,2,44.65,0
A0054,1773162549000,6.79,6781.91,709,gold,2,44.65,0
A0059,1772844421000,50.2,4253.14,536,bronze,2,45.9,1
A0059,1772844421000,50.2,4253.14,616,gold,2,45.9,1
A0060,1773429192000,42.75,9592.93,651,silver,27,51.8,1
A0064,1773352088000,27.64,5538.96,520,bronze,13,47.42,1
A0064,1773352088000,27.64,5538.96,576,gold,13,47.42,1
A0067,1773218371000,12.63,7981.15,306,bronze,2,43.64,1
A0069,1773261848000,16.72,4648.62,801,silver,35,46.16,1
A0070,1773605593000,13.25,3492.96,713,bronze,22,47.54,0
A0075,1773324061000,96.13,9456.4,647,bronze,1,55.3,1
A0075,1773324061000,96.13,9456.4,595,bronze,1,55.3,1
A0076,1773623548000,113.24,4353.83,391,gold,23,46.85,0
A0079,1773582000000,105.81,7734.35,650,silver,17,59.99,1
A0079,1773582000000,105.81,7734.35,707,silver,17,59.99,1
A0081,1773357508000,17.93,1827.56,655,gold,7,48.07,1
A0081,1773357508000,17.93,1827.56,649,silver,7,48.07,1
A0082,1773230547000,35.87,2583.33,758,bronze,29,56.69,0
A0082,1773230547000,35.87,2583.33,790,silver,29,56.69,0
A0083,1773047399000,83.8,8689.86,440,bronze,30,49.99,1
A0083,1773047399000,83.8,8689.86,500,silver,30,49.99,1
A0091,1772984489000,6.18,4532.13,499,bronze,23,58.33,0
A0092,1773625211000,63.68,3712.53,302,gold,19,51.37,0
A0000,1772304939000,13.64,1040.31,729,gold,2,50.62,0
A0003,1772002067000,22.96,596.85,635,silver,27,52.13,1
A0006,1772921288000,33.6,5589.22,306,silver,21,49.23,0
A0006,1772921288000,33.6,5589.22,364,silver,21,49.23,0
A0007,1772402687000,75.24,5896.76,789,gold,5,51.23,1
A0008,1772533491000,74.78,6079.19,320,gold,11,49.8,0
A0009,1772362866000,22.22,3612.1,433,bronze,39,51.66,0
A0012,1773351720000,24.41,6699.42,530,bronze,37,44.41,1
A0012,1773351720000,24.41,6699.42,574,bronze,37,44.41,1
A0013,1771992198000,22.96,5313.04,318,bronze,39,53.45,0
A0015,1772346000000,71.37,4417.59,695,silver,24,47.9,0
A0015,1772346000000,71.37,4417.59,756,gold,24,47.9,0
A0017,1772437869000,54.94,6146.77,627,bronze,35,45.72,1
A0017,1772437869000,54.94,6146.77,699,gold,35,45.72,1
A0022,1772737441000,61.98,89.86,845,bronze,8,50.32,1
A0025,1772133384000,219.09,5867.78,375,gold,28,49.22,0
A0026,1772631959000,37.39,5591.1,740,bronze,29,48.31,1
A0027,1772767070000,654.26,3637.41,375,silver,30,39.93,0
A0029,1772375918000,23.52,8785.89,686,silver,39,57.34,0
A0030,1772303825000,29.34,7910.02,668,bronze,0,43.34,1
A0030,1772303825000,29.34,7910.02,737,silver,0,43.34,1
A0031,1772438414000,35.88,3383.5,848,bronze,39,46.19,1
A0032,1772725237000,159.05,1924.56,776,silver,19,48.54,0
A0033,1772108079000,6.3,2937.43,406,gold,38,53.99,0
A0034,1772107506000,70.27,6185.73,525,silver,32,57.97,0
A0035,1771998570000,17.82,7422.94,638,bronze,10,50.49,0
A0037,1772145288000,79.19,5528.36,844,silver,25,54.02,0
A0038,1772100788000,89.67,2663.08,597,gold,31,57.49,0
A0038,1772100788000,89.67,2663.08,582,bronze,31,57.49,0
A0040,1772229558000,52.16,5300.83,314,bronze,17,48.15,1
A0041,1772562988000,51.79,4984.86,696,silver,35,43.14,0
A0045,1772645690000,32.2,5321.02,770,bronze,25,47.56,1
A0045,1772645690000,32.2,5321.02,797,silver,25,47.56,1
A0048,1772721561000,46.81,4783.86,603,bronze,39,63.25,0
A0050,1773171825000,134.7,2658.58,346,gold,13,49.87,1
A0052,1772908341000,153.53,8939.79,723,bronze,24,44.27,1
A0053,1772467823000,27.52,5688.61,439,silver,24,51.44,1
A0055,1772169998000,67.62,4561.39,653,bronze,30,56.1,1
A0056,1772077551000,8.69,5999.72,722,bronze,39,43.62,1
A0057,1772528858000,3.86,5827.16,399,silver,25,46.73,0
A0058,1772062059000,160.58,5820.23,516,gold,13,55.23,0
A0061,1772941057000,42.28,4555.41,307,silver,30,42.84,1
A0061,1772941057000,42.28,4555.41,300,bronze,30,42.84,1
A0062,1772815600000,29.07,4084.32,771,silver,3,52.95,0
A0063,1772909258000,22.24,4701.47,656,gold,1,46.04,1
A0065,1773139790000,35.36,1889.8,608,silver,7,52.95,0
A0065,1773139790000,35.36,1889.8,684,silver,7,52.95,0
A0066,1773329133000,25.07,1414.01,393,bronze,13,48.35,1
A0068,1772404011000,8.53,1468.28,444,bronze,18,51.5,1
A0072,1772520709000,49.91,4922.21,564,bronze,7,48.05,1
A0072,1772520709000,49.91,4922.21,580,bronze,7,48.05,1
A0073,1772776784000,16.48,7406.57,710,bronze,32,48.08,0
A0073,1772776784000,16.48,7406.57,651,silver,32,48.08,0
A0074,1772311248000,8.76,5818.33,768,bronze,37,56.59,0
A0077,1772870626000,28.26,3927.58,735,silver,6,53.23,0
A0077,1772870626000,28.26,3927.58,697,silver,6,53.23,0
A0078,1773025240000,80.32,6214.42,553,gold,12,37.88,1
A0080,1772100088000,20.04,5736.56,731,gold,15,55.66,0
A0080,1772100088000,20.04,5736.56,664,gold,15,55.66,0
A0086,1772430414000,28.15,8308.47,715,silver,30,49.37,0
A0086,1772430414000,28.15,8308.47,750,bronze,30,49.37,0
A0087,1773025914000,44.33,6657.02,420,bronze,18,61.15,1
A0088,1772237126000,18.58,5111.19,619,bronze,29,45.96,0
A0089,1772729547000,116.0,-765.45,403,gold,24,44.06,0
A0090,1772150045000,10.22,6082.85,472,bronze,3,46.76,1
A0090,1772150045000,10.22,6082.85,440,silver,3,46.76,1
A0093,1772777344000,102.16,2126.34,803,silver,17,49.62,1
A0094,1773201675000,21.29,4721.47,648,silver,17,41.06,0
A0094,1773201675000,21.29,4721.47,667,silver,17,41.06,0
A0095,1772605386000,40.74,7309.66,337,gold,8,53.18,1
A0096,1772228370000,21.01,3094.05,704,silver,35,49.53,1
A0097,1772401000000,5.45,5250.96,700,gold,36,52.76,0
A0098,1772183464000,15.02,3889.41,572,gold,29,53.87,1
A0098,1772183464000,15.02,3889.41,632,bronze,29,53.87,1
A0099,1772231801000,18.84,8897.73,679,gold,11,47.72,0
A0001,1773482046000,25.28,7193.97,301,bronze,14,48.71,0
A0001,1773482046000,25.28,7193.97,322,bronze,14,48.71,0
A0002,1773533318000,96.22,4174.94,314,silver,15,49.18,1
A0002,1773533318000,96.22,4174.94,394,gold,15,49.18,1
A0016,1773530553000,28.67,4364.28,667,gold,0,46.66,1
A0018,1772833808000,110.86,742.66,536,silver,14,64.31,0
A0018,1772833808000,110.86,742.66,496,silver,14,64.31,0
A0019,1773057698000,61.36,6377.91,678,gold,26,51.31,0
A0020,1773239267000,118.38,4245.46,761,bronze,31,44.44,0
A0023,1773639389000,35.62,3805.55,788,silver,33,57.62,0
A0028,1773418467000,7.51,3524.64,683,gold,18,54.22,0
A0028,1773418467000,7.51,3524.64,621,bronze,18,54.22,0
A0036,1773600028000,25.04,5990.39,337,gold,25,51.98,1
A0036,1773600028000,25.04,5990.39,300,bronze,25,51.98,1
A0042,1773257148000,153.3,3768.54,480,gold,0,49.92,0
A0044,1773699927000,15.51,5530.6,544,bronze,21,43.05,1
A0044,1773699927000,15.51,5530.6,469,silver,21,43.05,1
A0046,1773101366000,81.41,4673.06,702,bronze,7,52.56,1
A0047,1773198803000,12.45,7973.87,453,gold,21,49.22,0
A0047,1773198803000,12.45,7973.87,526,bronze,21,49.22,0
A0054,1773162549000,4.11,6536.58,779,bronze,2,44.65,0
A0054,1773162549000,4.11,6536.58,709,gold,2,44.65,0
A0059,1772844421000,50.2,4253.14,536,bronze,2,45.9,1
A0059,1772844421000,50.2,4253.14,616,gold,2,45.9,1
A0060,1773429192000,33.5,9276.9,651,silver,27,51.8,1
A0064,1773352088000,19.87,6335.52,520,bronze,13,47.42,1
A0064,1773352088000,19.87,6335.52,576,gold,13,47.42,1
A0067,1773218371000,13.21,7861.44,306,bronze,2,43.64,1
A0069,1773261848000,6.39,4810.55,801,silver,35,46.16,1
A0070,1773605593000,32.58,3417.71,713,bronze,22,47.54,0
A0076,1773623548000,29.58,4255.95,391,gold,23,46.85,0
A0079,1773582000000,20.02,7762.47,650,silver,17,59.99,1
A0079,1773582000000,20.02,7762.47,707,silver,17,59.99,1
A0081,1773357508000,17.93,1827.56,655,gold,7,48.07,1
A0081,1773357508000,17.93,1827.56,649,silver,7,48.07,1
A0082,1773230547000,17.79,2957.15,758,bronze,29,56.69,0
A0082,1773230547000,17.79,2957.15,790,silver,29,56.69,0
A0092,1773625211000,18.0,4299.01,302,gold,19,51.37,0
A0000,1772304939000,9.11,1010.21,729,gold,2,50.62,0
A0006,1772921288000,112.98,5881.84,306,silver,21,49.23,0
A0006,1772921288000,112.98,5881.84,364,silver,21,49.23,0
A0007,1772402687000,31.33,5359.38,789,gold,5,51.23,1
A0008,1772533491000,91.24,4839.94,320,gold,11,49.8,0
A0012,1773351720000,16.32,7438.36,530,bronze,37,44.41,1
A0012,1773351720000,16.32,7438.36,574,bronze,37,44.41,1
A0013,1771992198000,102.12,5900.81,318,bronze,39,53.45,0
A0015,1772346000000,225.52,4348.89,695,silver,24,47.9,0
A0015,1772346000000,225.52,4348.89,756,gold,24,47.9,0
A0017,1772437869000,28.29,5831.29,627,bronze,35,45.72,1
A0017,1772437869000,28.29,5831.29,699,gold,35,45.72,1
A0022,1772737441000,11.54,-382.1,845,bronze,8,50.32,1
A0025,1772133384000,6.5,5898.23,375,gold,28,49.22,0
A0030,1772303825000,13.32,7774.09,668,bronze,0,43.34,1
A0030,1772303825000,13.32,7774.09,737,silver,0,43.34,1
A0031,1772438414000,44.92,3387.87,848,bronze,39,46.19,1
A0032,1772725237000,3.81,1561.51,776,silver,19,48.54,0
A0034,1772107506000,668.15,6020.43,525,silver,32,57.97,0
A0035,1771998570000,31.9,7140.77,638,bronze,10,50.49,0
A0038,1772100788000,17.01,2673.35,597,gold,31,57.49,0
A0038,1772100788000,17.01,2673.35,582,bronze,31,57.49,0
A0040,1772229558000,61.33,5003.27,314,bronze,17,48.15,1
A0041,1772562988000,10.05,5062.0,696,silver,35,43.14,0
A0050,1773171825000,14.02,2672.92,346,gold,13,49.87,1
A0051,1772372388000,72.37,1814.27,384,gold,13,51.33,0
A0052,1772908341000,92.07,9047.05,723,bronze,24,44.27,1
A0053,1772467823000,119.92,4484.66,439,silver,24,51.44,1
A0055,1772169998000,15.78,3937.05,653,bronze,30,56.1,1
A0056,1772077551000,12.35,5993.07,722,bronze,39,43.62,1
A0057,1772528858000,2.76,5573.73,399,silver,25,46.73,0
A0058,1772062059000,11.12,6212.87,516,gold,13,55.23,0
A0061,1772941057000,31.93,4047.07,307,silver,30,42.84,1
A0061,1772941057000,31.93,4047.07,300,bronze,30,42.84,1
A0063,1772909258000,29.36,4604.24,656,gold,1,46.04,1
A0065,1773139790000,7.64,2179.85,608,silver,7,52.95,0
A0065,1773139790000,7.64,2179.85,684,silver,7,52.95,0
A0066,1773329133000,9.05,1381.4,393,bronze,13,48.35,1
A0068,1772404011000,59.47,989.96,444,bronze,18,51.5,1
A0072,1772520709000,58.16,4684.86,564,bronze,7,48.05,1
A0072,1772520709000,58.16,4684.86,580,bronze,7,48.05,1
A0073,1772776784000,18.66,7149.84,710,bronze,32,48.08,0
A0073,1772776784000,18.66,7149.84,651,silver,32,48.08,0
A0080,1772100088000,10.36,6311.64,731,gold,15,55.66,0
A0080,1772100088000,10.36,6311.64,664,gold,15,55.66,0
A0087,1773025914000,89.87,7197.02,420,bronze,18,61.15,1
A0089,1772729547000,53.45,-850.31,403,gold,24,44.06,0
A0090,1772150045000,14.65,5649.68,472,bronze,3,46.76,1
A0090,1772150045000,14.65,5649.68,440,silver,3,46.76,1
A0093,1772777344000,31.12,2507.98,803,silver,17,49.62,1
A0096,1772228370000,25.4,2656.67,704,silver,35,49.53,1
A0097,1772401000000,104.69,5464.67,700,gold,36,52.76,0
A0098,1772183464000,487.91,3540.28,572,gold,29,53.87,1
A0098,1772183464000,487.91,3540.28,632,bronze,29,53.87,1
A0099,1772231801000,36.73,8492.56,679,gold,11,47.72,0
A0019,1773057698000,15.69,6477.77,678,gold,26,51.31,0
A0036,1773600028000,20.67,6331.03,337,gold,25,51.98,1
A0036,1773600028000,20.67,6331.03,300,bronze,25,51.98,1
A0046,1773101366000,25.25,4493.91,702,bronze,7,52.56,1
A0047,1773198803000,29.16,8204.51,453,gold,21,49.22,0
A0047,1773198803000,29.16,8204.51,526,bronze,21,49.22,0
A0054,1773162549000,45.04,6040.04,779,bronze,2,44.65,0
A0054,1773162549000,45.04,6040.04,709,gold,2,44.65,0
A0060,1773429192000,236.04,9781.93,651,silver,27,51.8,1
A0067,1773218371000,13.83,7690.19,306,bronze,2,43.64,1
A0069,1773261848000,50.99,5103.57,801,silver,35,46.16,1
A0076,1773623548000,32.89,4341.84,391,gold,23,46.85,0
A0079,1773582000000,12.48,7796.83,650,silver,17,59.99,1
A0079,1773582000000,12.48,7796.83,707,silver,17,59.99,1
A0081,1773357508000,97.93,1386.72,655,gold,7,48.07,1
A0081,1773357508000,97.93,1386.72,649,silver,7,48.07,1
A0082,1773230547000,9.3,3198.07,758,bronze,29,56.69,0
A0082,1773230547000,9.3,3198.07,790,silver,29,56.69,0
A0000,1772304939000,37.85,1424.53,729,gold,2,50.62,0
A0006,1772921288000,237.53,5864.41,306,silver,21,49.23,0
A0006,1772921288000,237.53,5864.41,364,silver,21,49.23,0
A0007,1772402687000,31.95,5813.5,789,gold,5,51.23,1
A0008,1772533491000,13.99,4898.25,320,gold,11,49.8,0
A0012,1773351720000,43.1,6181.91,530,bronze,37,44.41,1
A0012,1773351720000,43.1,6181.91,574,bronze,37,44.41,1
A0013,1771992198000,75.23,6030.68,318,bronze,39,53.45,0
A0015,1772346000000,18.93,4929.61,695,silver,24,47.9,0
A0015,1772346000000,18.93,4929.61,756,gold,24,47.9,0
A0017,1772437869000,86.64,5327.62,627,bronze,35,45.72,1
A0017,1772437869000,86.64,5327.62,699,gold,35,45.72,1
A0022,1772737441000,117.98,88.15,845,bronze,8,50.32,1
A0025,1772133384000,4.67,5434.84,375,gold,28,49.22,0
A0031,1772438414000,32.91,3227.2,848,bronze,39,46.19,1
A0032,1772725237000,4.66,1820.07,776,silver,19,48.54,0
A0034,1772107506000,324.24,5454.31,525,silver,32,57.97,0
A0035,1771998570000,7.2,6993.64,638,bronze,10,50.49,0
A0040,1772229558000,46.19,5475.0,314,bronze,17,48.15,1
A0041,1772562988000,156.95,4263.71,696,silver,35,43.14,0
A0050,1773171825000,31.12,3268.06,346,gold,13,49.87,1
A0051,1772372388000,5.85,1752.94,384,gold,13,51.33,0
A0052,1772908341000,44.53,9179.5,723,bronze,24,44.27,1
A0055,1772169998000,13.42,3948.97,653,bronze,30,56.1,1
A0065,1773139790000,2.07,2267.94,608,silver,7,52.95,0
A0065,1773139790000,2.07,2267.94,684,silver,7,52.95,0
A0066,1773329133000,13.34,785.93,393,bronze,13,48.35,1
A0068,1772404011000,26.58,1535.31,444,bronze,18,51.5,1
A0073,1772776784000,8.38,7512.22,710,bronze,32,48.08,0
A0073,1772776784000,8.38,7512.22,651,silver,32,48.08,0
A0080,1772100088000,10.36,6311.64,731,gold,15,55.66,0
A0080,1772100088000,10.36,6311.64,664,gold,15,55.66,0
A0087,1773025914000,72.31,7179.63,420,bronze,18,61.15,1
A0089,1772729547000,22.02,-227.75,403,gold,24,44.06,0
A0090,1772150045000,62.1,5860.9,472,bronze,3,46.76,1
A0090,1772150045000,62.1,5860.9,440,silver,3,46.76,1
A0096,1772228370000,60.45,3298.26,704,silver,35,49.53,1
A0098,1772183464000,487.91,3540.28,572,gold,29,53.87,1
A0098,1772183464000,487.91,3540.28,632,bronze,29,53.87,1
A0099,1772231801000,36.73,8492.56,679,gold,11,47.72,0
A0019,1773057698000,21.05,6742.4,678,gold,26,51.31,0
A0047,1773198803000,3.18,7526.88,453,gold,21,49.22,0
A0047,1773198803000,3.18,7526.88,526,bronze,21,49.22,0
A0060,1773429192000,39.52,9495.82,651,silver,27,51.8,1
A0067,1773218371000,29.04,7219.06,306,bronze,2,43.64,1
A0069,1773261848000,4.79,5639.54,801,silver,35,46.16,1
A0081,1773357508000,58.09,2124.85,655,gold,7,48.07,1
A0081,1773357508000,58.09,2124.85,649,silver,7,48.07,1
A0082,1773230547000,14.25,3715.56,758,bronze,29,56.69,0
A0082,1773230547000,14.25,3715.56,790,silver,29,56.69,0
A0000,1772304939000,6.74,1196.05,729,gold,2,50.62,0
A0007,1772402687000,31.95,5813.5,789,gold,5,51.23,1
A0017,1772437869000,33.83,5633.3,627,bronze,35,45.72,1
A0017,1772437869000,33.83,5633.3,699,gold,35,45.72,1
A0025,1772133384000,4.67,5434.84,375,gold,28,49.22,0
A0041,1772562988000,72.48,3995.31,696,silver,35,43.14,0
A0050,1773171825000,64.42,3085.44,346,gold,13,49.87,1
A0051,1772372388000,65.22,2811.86,384,gold,13,51.33,0
A0055,1772169998000,32.95,3863.06,653,bronze,30,56.1,1
A0068,1772404011000,26.58,1535.31,444,bronze,18,51.5,1
A0073,1772776784000,8.38,7512.22,710,bronze,32,48.08,0
A0073,1772776784000,8.38,7512.22,651,silver,32,48.08,0
A0090,1772150045000,18.23,6158.82,472,bronze,3,46.76,1
A0090,1772150045000,18.23,6158.82,440,silver,3,46.76,1
A0098,1772183464000,126.27,3385.24,572,gold,29,53.87,1
A0098,1772183464000,126.27,3385.24,632,bronze,29,53.87,1
A0099,1772231801000,77.06,8596.24,679,gold,11,47.72,0
A0000,1772304939000,6.74,1196.05,729,gold,2,50.62,0
A0007,1772402687000,119.32,6590.68,789,gold,5,51.23,1
A0050,1773171825000,64.42,3085.44,346,gold,13,49.87,1
A0051,1772372388000,13.9,2865.78,384,gold,13,51.33,0
A0073,1772776784000,54.66,7233.38,710,bronze,32,48.08,0
A0073,1772776784000,54.66,7233.38,651,silver,32,48.08,0
A0090,1772150045000,18.23,6158.82,472,bronze,3,46.76,1
A0090,1772150045000,18.23,6158.82,440,silver,3,46.76,1
A0098,1772183464000,67.16,3338.89,572,gold,29,53.87,1
A0098,1772183464000,67.16,3338.89,632,bronze,29,53.87,1
A0001,1773482046000,85.67,7566.48,301,bronze,31,48.71,0
A0001,1773482046000,85.67,7566.48,322,bronze,31,48.71,0
A0002,1773533318000,78.88,1991.51,314,silver,3,49.18,1
A0002,1773533318000,78.88,1991.51,394,gold,3,49.18,1
A0005,1773584013000,34.22,4883.98,622,bronze,27,41.47,0
A0010,1772742518000,30.25,3024.06,662,gold,21,48.21,0
A0010,1772742518000,30.25,3024.06,648,silver,21,48.21,0
A0014,1772951255000,39.28,2503.24,646,silver,22,46.81,1
A0016,1773530553000,6.2,2372.35,667,gold,2,46.66,1
A0018,1772833808000,17.59,1679.94,536,silver,26,64.31,0
A0018,1772833808000,17.59,1679.94,496,silver,26,64.31,0
A0019,1773057698000,15.64,7267.41,678,gold,6,51.31,0
A0020,1773239267000,14.81,4881.72,761,bronze,39,44.44,0
A0021,1773421617000,16.99,3959.37,405,gold,16,49.01,0
A0021,1773421617000,16.99,3959.37,368,silver,16,49.01,0
A0023,1773639389000,73.31,3105.09,788,silver,3,57.62,0
A0028,1773418467000,23.16,3941.34,683,gold,31,54.22,0
A0028,1773418467000,23.16,3941.34,621,bronze,31,54.22,0
A0036,1773600028000,171.57,5928.03,337,gold,11,51.98,1
A0036,1773600028000,171.57,5928.03,300,bronze,11,51.98,1
A0042,1773257148000,58.7,3871.74,480,gold,2,49.92,0
A0044,1773699927000,28.07,4668.45,544,bronze,26,43.05,1
A0044,1773699927000,28.07,4668.45,469,silver,26,43.05,1
A0046,1773101366000,13.11,3419.02,702,bronze,3,52.56,1
A0049,1773280471000,25.01,2467.6,496,bronze,32,52.58,0
A0054,1773162549000,8.22,6499.74,779,bronze,0,44.65,0
A0054,1773162549000,8.22,6499.74,709,gold,0,44.65,0
A0059,1772844421000,12.88,5311.85,536,bronze,24,45.9,1
A0059,1772844421000,12.88,5311.85,616,gold,24,45.9,1
A0060,1773429192000,65.92,9434.13,651,silver,35,51.8,1
A0064,1773352088000,19.25,5424.78,520,bronze,25,47.42,1
A0064,1773352088000,19.25,5424.78,576,gold,25,47.42,1
A0067,1773218371000,14.76,7546.56,306,bronze,10,43.64,1
A0069,1773261848000,5.87,4834.91,801,silver,8,46.16,1
A0070,1773605593000,36.32,3568.8,713,bronze,39,47.54,0
A0075,1773324061000,5.54,7495.08,647,bronze,29,55.3,1
A0075,1773324061000,5.54,7495.08,595,bronze,29,55.3,1
A0076,1773623548000,21.01,3969.39,391,gold,26,46.85,0
A0079,1773582000000,30.61,8362.03,650,silver,17,59.99,1
A0079,1773582000000,30.61,8362.03,707,silver,17,59.99,1
A0081,1773357508000,94.93,2471.49,655,gold,24,48.07,1
A0081,1773357508000,94.93,2471.49,649,silver,24,48.07,1
A0083,1773047399000,6.88,8980.68,440,bronze,6,49.99,1
A0083,1773047399000,6.88,8980.68,500,silver,6,49.99,1
A0084,1773392158000,399.85,3735.35,435,silver,36,50.64,1
A0091,1772984489000,86.99,4467.5,499,bronze,3,58.33,0
A0092,1773625211000,33.31,3774.71,302,gold,22,51.37,0
A0000,1772304939000,292.47,727.5,729,gold,38,50.62,0
A0003,1772002067000,22.76,981.82,635,silver,5,52.13,1
A0004,1772086537000,15.38,8916.02,808,gold,39,46.73,0
A0006,1772921288000,162.73,6919.85,306,silver,33,49.23,0
A0006,1772921288000,162.73,6919.85,364,silver,33,49.23,0
A0009,1772362866000,9.12,3382.1,433,bronze,25,51.66,0
A0011,1772882905000,15.11,5942.72,739,gold,7,59.03,0
A0013,1771992198000,16.08,5645.17,318,bronze,23,53.45,0
A0015,1772346000000,276.69,4487.56,695,silver,24,47.9,0
A0015,1772346000000,276.69,4487.56,756,gold,24,47.9,0
A0017,1772437869000,3.69,5770.43,627,bronze,14,45.72,1
A0017,1772437869000,3.69,5770.43,699,gold,14,45.72,1
A0022,1772737441000,59.35,-490.56,845,bronze,16,50.32,1
A0026,1772631959000,10.66,6060.26,740,bronze,11,48.31,1
A0029,1772375918000,16.05,8950.99,686,silver,13,57.34,0
A0030,1772303825000,23.25,6539.91,668,bronze,39,43.34,1
A0030,1772303825000,23.25,6539.91,737,silver,39,43.34,1
A0035,1771998570000,12.13,6804.43,638,bronze,17,50.49,0
A0037,1772145288000,71.97,5784.12,844,silver,5,54.02,0
A0040,1772229558000,15.39,5318.7,314,bronze,29,48.15,1
A0041,1772562988000,3.51,4720.21,696,silver,22,43.14,0
A0043,1772487954000,281.54,5158.22,786,bronze,35,53.74,0
A0045,1772645690000,9.9,5071.37,770,bronze,3,47.56,1
A0045,1772645690000,9.9,5071.37,797,silver,3,47.56,1
A0048,1772721561000,28.71,5183.15,603,bronze,28,63.25,0
A0051,1772372388000,24.53,1357.63,384,gold,28,51.33,0
A0052,1772908341000,63.44,8600.78,723,bronze,1,44.27,1
A0053,1772467823000,24.93,5216.42,439,silver,10,51.44,1
A0055,1772169998000,69.9,4535.95,653,bronze,13,56.1,1
A0056,1772077551000,99.11,5535.8,722,bronze,12,43.62,1
A0057,1772528858000,38.63,5992.2,399,silver,6,46.73,0
A0062,1772815600000,15.23,3983.38,771,silver,10,52.95,0
A0065,1773139790000,46.5,2764.87,608,silver,24,52.95,0
A0065,1773139790000,46.5,2764.87,684,silver,24,52.95,0
A0066,1773329133000,66.17,478.64,393,bronze,32,48.35,1
A0068,1772404011000,58.54,1308.89,444,bronze,13,51.5,1
A0071,1772130290000,70.32,4249.57,735,gold,11,49.17,0
A0077,1772870626000,27.4,4119.82,735,silver,7,53.23,0
A0077,1772870626000,27.4,4119.82,697,silver,7,53.23,0
A0078,1773025240000,17.95,5632.37,553,gold,3,37.88,1
A0080,1772100088000,6.4,6545.4,731,gold,26,55.66,0
A0080,1772100088000,6.4,6545.4,664,gold,26,55.66,0
A0085,1772157868000,29.93,3984.69,745,gold,29,52.28,1
A0086,1772430414000,54.97,7720.12,715,silver,14,49.37,0
A0086,1772430414000,54.97,7720.12,750,bronze,14,49.37,0
A0087,1773025914000,65.95,5758.32,420,bronze,18,61.15,1
A0088,1772237126000,26.98,5461.0,619,bronze,37,45.96,0
A0090,1772150045000,3.03,5936.31,472,bronze,20,46.76,1
A0090,1772150045000,3.03,5936.31,440,silver,20,46.76,1
A0093,1772777344000,7.54,3063.7,803,silver,29,49.62,1
A0094,1773201675000,28.06,4959.47,648,silver,33,41.06,0
A0094,1773201675000,28.06,4959.47,667,silver,33,41.06,0
A0098,1772183464000,15.35,3398.31,572,gold,38,53.87,1
A0098,1772183464000,15.35,3398.31,632,bronze,38,53.87,1
A0099,1772231801000,172.41,7978.29,679,gold,27,47.72,0
A0001,1773482046000,41.95,8031.18,301,bronze,31,48.71,0
A0001,1773482046000,41.95,8031.18,322,bronze,31,48.71,0
A0002,1773533318000,15.01,2553.92,314,silver,3,49.18,1
A0002,1773533318000,15.01,2553.92,394,gold,3,49.18,1
A0005,1773584013000,145.92,4889.91,622,bronze,27,41.47,0
A0014,1772951255000,96.46,2064.06,646,silver,22,46.81,1
A0016,1773530553000,42.28,2355.59,667,gold,2,46.66,1
A0019,1773057698000,15.64,7267.41,678,gold,6,51.31,0
A0020,1773239267000,45.11,3814.68,761,bronze,39,44.44,0
A0021,1773421617000,10.81,3467.06,405,gold,16,49.01,0
A0021,1773421617000,10.81,3467.06,368,silver,16,49.01,0
A0023,1773639389000,30.03,3704.16,788,silver,3,57.62,0
A0024,1773051955000,28.9,6028.76,697,silver,11,46.12,1
A0028,1773418467000,32.43,3664.37,683,gold,31,54.22,0
A0028,1773418467000,32.43,3664.37,621,bronze,31,54.22,0
A0036,1773600028000,3.51,5334.17,337,gold,11,51.98,1
A0036,1773600028000,3.51,5334.17,300,bronze,11,51.98,1
A0039,1773212738000,13.22,5490.55,367,silver,10,64.76,1
A0042,1773257148000,69.83,3387.47,480,gold,2,49.92,0
A0044,1773699927000,86.18,4780.61,544,bronze,26,43.05,1
A0044,1773699927000,86.18,4780.61,469,silver,26,43.05,1
A0046,1773101366000,20.35,3429.05,702,bronze,3,52.56,1
A0047,1773198803000,40.32,7420.09,453,gold,1,49.22,0
A0047,1773198803000,40.32,7420.09,526,bronze,1,49.22,0
A0049,1773280471000,82.67,2323.96,496,bronze,32,52.58,0
A0054,1773162549000,20.31,6276.33,779,bronze,0,44.65,0
A0054,1773162549000,20.31,6276.33,709,gold,0,44.65,0
A0060,1773429192000,96.13,9614.79,651,silver,35,51.8,1
A0064,1773352088000,18.36,5563.65,520,bronze,25,47.42,1
A0064,1773352088000,18.36,5563.65,576,gold,25,47.42,1
A0070,1773605593000,25.42,2987.05,713,bronze,39,47.54,0
A0075,1773324061000,90.26,7794.25,647,bronze,29,55.3,1
A0075,1773324061000,90.26,7794.25,595,bronze,29,55.3,1
A0076,1773623548000,30.93,3856.31,391,gold,26,46.85,0
A0079,1773582000000,15.67,8744.9,650,silver,17,59.99,1
A0079,1773582000000,15.67,8744.9,707,silver,17,59.99,1
A0081,1773357508000,97.78,2024.67,655,gold,24,48.07,1
A0081,1773357508000,97.78,2024.67,649,silver,24,48.07,1
A0083,1773047399000,28.36,9070.94,440,bronze,6,49.99,1
A0083,1773047399000,28.36,9070.94,500,silver,6,49.99,1
A0084,1773392158000,7.05,4192.66,435,silver,36,50.64,1
A0091,1772984489000,119.44,4052.27,499,bronze,3,58.33,0
A0092,1773625211000,32.27,4110.16,302,gold,22,51.37,0
A0003,1772002067000,14.38,807.42,635,silver,5,52.13,1
A0004,1772086537000,89.33,8941.12,808,gold,39,46.73,0
A0006,1772921288000,31.43,6547.24,306,silver,33,49.23,0
A0006,1772921288000,31.43,6547.24,364,silver,33,49.23,0
A0007,1772402687000,286.54,6572.13,789,gold,7,51.23,1
A0009,1772362866000,30.46,3089.86,433,bronze,25,51.66,0
A0011,1772882905000,7.49,5710.99,739,gold,7,59.03,0
A0012,1773351720000,17.5,7275.84,530,bronze,18,44.41,1
A0012,1773351720000,17.5,7275.84,574,bronze,18,44.41,1
A0015,1772346000000,2.76,4817.52,695,silver,24,47.9,0
A0015,1772346000000,2.76,4817.52,756,gold,24,47.9,0
A0022,1772737441000,183.38,-1416.34,845,bronze,16,50.32,1
A0025,1772133384000,35.21,6350.49,375,gold,29,49.22,0
A0027,1772767070000,36.9,3845.79,375,silver,19,39.93,0
A0029,1772375918000,104.48,8620.83,686,silver,13,57.34,0
A0030,1772303825000,8.75,7663.1,668,bronze,39,43.34,1
A0030,1772303825000,8.75,7663.1,737,silver,39,43.34,1
A0032,1772725237000,35.46,1542.35,776,silver,30,48.54,0
A0033,1772108079000,782.28,3051.28,406,gold,29,53.99,0
A0034,1772107506000,260.99,6407.16,525,silver,39,57.97,0
A0035,1771998570000,12.25,7288.22,638,bronze,17,50.49,0
A0038,1772100788000,42.19,1950.21,597,gold,8,57.49,0
A0038,1772100788000,42.19,1950.21,582,bronze,8,57.49,0
A0041,1772562988000,45.79,5341.17,696,silver,22,43.14,0
A0043,1772487954000,144.59,5129.89,786,bronze,35,53.74,0
A0048,1772721561000,33.69,5150.74,603,bronze,28,63.25,0
A0050,1773171825000,37.19,4665.72,346,gold,4,49.87,1
A0051,1772372388000,60.89,2161.43,384,gold,28,51.33,0
A0052,1772908341000,43.49,8569.45,723,bronze,1,44.27,1
A0057,1772528858000,10.85,6456.28,399,silver,6,46.73,0
A0061,1772941057000,59.51,5235.7,307,silver,3,42.84,1
A0061,1772941057000,59.51,5235.7,300,bronze,3,42.84,1
A0063,1772909258000,84.47,3960.62,656,gold,8,46.04,1
A0065,1773139790000,94.26,2685.47,608,silver,24,52.95,0
A0065,1773139790000,94.26,2685.47,684,silver,24,52.95,0
A0066,1773329133000,56.31,1197.03,393,bronze,32,48.35,1
A0068,1772404011000,81.75,891.68,444,bronze,13,51.5,1
A0071,1772130290000,69.85,4980.76,735,gold,11,49.17,0
A0074,1772311248000,75.84,6118.03,768,bronze,6,56.59,0
A0080,1772100088000,167.79,5828.71,731,gold,26,55.66,0
A0080,1772100088000,167.79,5828.71,664,gold,26,55.66,0
A0085,1772157868000,110.93,3770.08,745,gold,29,52.28,1
A0086,1772430414000,17.59,8180.76,715,silver,14,49.37,0
A0086,1772430414000,17.59,8180.76,750,bronze,14,49.37,0
A0089,1772729547000,41.31,-1454.94,403,gold,19,44.06,0
A0090,1772150045000,36.58,5820.48,472,bronze,20,46.76,1
A0090,1772150045000,36.58,5820.48,440,silver,20,46.76,1
A0093,1772777344000,62.59,3406.98,803,silver,29,49.62,1
A0094,1773201675000,9.31,4820.44,648,silver,33,41.06,0
A0094,1773201675000,9.31,4820.44,667,silver,33,41.06,0
A0095,1772605386000,88.01,7741.74,337,gold,33,53.18,1
A0097,1772401000000,74.31,4783.51,700,gold,37,52.76,0
A0001,1773482046000,12.62,7794.85,301,bronze,31,48.71,0
A0001,1773482046000,12.62,7794.85,322,bronze,31,48.71,0
A0002,1773533318000,42.3,3487.04,314,silver,3,49.18,1
A0002,1773533318000,42.3,3487.04,394,gold,3,49.18,1
A0005,1773584013000,61.58,5060.23,622,bronze,27,41.47,0
A0010,1772742518000,48.6,2967.89,662,gold,21,48.21,0
A0010,1772742518000,48.6,2967.89,648,silver,21,48.21,0
A0014,1772951255000,9.16,2337.81,646,silver,22,46.81,1
A0016,1773530553000,26.94,2753.49,667,gold,2,46.66,1
A0018,1772833808000,41.11,1184.73,536,silver,26,64.31,0
A0018,1772833808000,41.11,1184.73,496,silver,26,64.31,0
A0019,1773057698000,28.51,7117.28,678,gold,6,51.31,0
A0020,1773239267000,31.05,4087.2,761,bronze,39,44.44,0
A0021,1773421617000,70.01,3803.53,405,gold,16,49.01,0
A0021,1773421617000,70.01,3803.53,368,silver,16,49.01,0
A0023,1773639389000,24.9,3769.84,788,silver,3,57.62,0
A0024,1773051955000,86.12,6610.58,697,silver,11,46.12,1
A0028,1773418467000,148.46,3266.81,683,gold,31,54.22,0
A0028,1773418467000,148.46,3266.81,621,bronze,31,54.22,0
A0036,1773600028000,37.49,5486.17,337,gold,11,51.98,1
A0036,1773600028000,37.49,5486.17,300,bronze,11,51.98,1
A0039,1773212738000,7.8,4764.83,367,silver,10,64.76,1
A0042,1773257148000,179.67,3283.35,480,gold,2,49.92,0
A0044,1773699927000,166.02,4186.16,544,bronze,26,43.05,1
A0044,1773699927000,166.02,4186.16,469,silver,26,43.05,1
A0046,1773101366000,18.2,3500.03,702,bronze,3,52.56,1
A0047,1773198803000,17.88,7784.73,453,gold,1,49.22,0
A0047,1773198803000,17.88,7784.73,526,bronze,1,49.22,0
A0049,1773280471000,49.9,2116.52,496,bronze,32,52.58,0
A0054,1773162549000,5.54,6689.75,779,bronze,0,44.65,0
A0054,1773162549000,5.54,6689.75,709,gold,0,44.65,0
A0059,1772844421000,53.48,5866.86,536,bronze,24,45.9,1
A0059,1772844421000,53.48,5866.86,616,gold,24,45.9,1
A0060,1773429192000,10.36,9539.55,651,silver,35,51.8,1
A0064,1773352088000,126.93,5696.34,520,bronze,25,47.42,1
A0064,1773352088000,126.93,5696.34,576,gold,25,47.42,1
A0067,1773218371000,47.14,7065.66,306,bronze,10,43.64,1
A0069,1773261848000,11.79,4737.79,801,silver,8,46.16,1
A0070,1773605593000,36.72,3275.93,713,bronze,39,47.54,0
A0075,1773324061000,116.72,8322.84,647,bronze,29,55.3,1
A0075,1773324061000,116.72,8322.84,595,bronze,29,55.3,1
A0076,1773623548000,19.7,3638.25,391,gold,26,46.85,0
A0079,1773582000000,23.84,8127.09,650,silver,17,59.99,1
A0079,1773582000000,23.84,8127.09,707,silver,17,59.99,1
A0081,1773357508000,140.46,1927.73,655,gold,24,48.07,1
A0081,1773357508000,140.46,1927.73,649,silver,24,48.07,1
A0082,1773230547000,8.51,2337.48,758,bronze,22,56.69,0
A0082,1773230547000,8.51,2337.48,790,silver,22,56.69,0
A0083,1773047399000,6.59,8326.49,440,bronze,6,49.99,1
A0083,1773047399000,6.59,8326.49,500,silver,6,49.99,1
A0084,1773392158000,50.36,4053.73,435,silver,36,50.64,1
A0091,1772984489000,199.03,4407.89,499,bronze,3,58.33,0
A0092,1773625211000,71.39,3847.13,302,gold,22,51.37,0
A0000,1772304939000,21.14,1426.14,729,gold,38,50.62,0
A0003,1772002067000,29.15,629.78,635,silver,5,52.13,1
A0004,1772086537000,17.11,9009.85,808,gold,39,46.73,0
A0006,1772921288000,22.48,6135.51,306,silver,33,49.23,0
A0006,1772921288000,22.48,6135.51,364,silver,33,49.23,0
A0007,1772402687000,19.64,6210.39,789,gold,7,51.23,1
A0008,1772533491000,105.63,6173.01,320,gold,18,49.8,0
A0009,1772362866000,11.53,3189.32,433,bronze,25,51.66,0
A0011,1772882905000,54.0,6029.16,739,gold,7,59.03,0
A0012,1773351720000,56.36,6804.3,530,bronze,18,44.41,1
A0012,1773351720000,56.36,6804.3,574,bronze,18,44.41,1
A0013,1771992198000,127.38,6151.29,318,bronze,23,53.45,0
A0015,1772346000000,37.35,4536.24,695,silver,24,47.9,0
A0015,1772346000000,37.35,4536.24,756,gold,24,47.9,0
A0017,1772437869000,33.63,5444.14,627,bronze,14,45.72,1
A0017,1772437869000,33.63,5444.14,699,gold,14,45.72,1
A0022,1772737441000,27.82,-1566.46,845,bronze,16,50.32,1
A0025,1772133384000,37.75,6613.05,375,gold,29,49.22,0
A0026,1772631959000,19.5,6072.97,740,bronze,11,48.31,1
A0027,1772767070000,9.83,3829.27,375,silver,19,39.93,0
A0029,1772375918000,56.04,9097.97,686,silver,13,57.34,0
A0031,1772438414000,136.38,3218.23,848,bronze,17,46.19,1
A0032,1772725237000,9.86,1888.75,776,silver,30,48.54,0
A0033,1772108079000,554.38,3130.98,406,gold,29,53.99,0
A0034,1772107506000,7.84,6623.58,525,silver,39,57.97,0
A0037,1772145288000,43.79,5747.42,844,silver,5,54.02,0
A0038,1772100788000,44.27,2221.33,597,gold,8,57.49,0
A0038,1772100788000,44.27,2221.33,582,bronze,8,57.49,0
A0043,1772487954000,44.89,4877.09,786,bronze,35,53.74,0
A0045,1772645690000,58.26,4961.66,770,bronze,3,47.56,1
A0045,1772645690000,58.26,4961.66,797,silver,3,47.56,1
A0048,1772721561000,54.77,5113.16,603,bronze,28,63.25,0
A0050,1773171825000,5.47,3434.39,346,gold,4,49.87,1
A0051,1772372388000,13.44,2306.4,384,gold,28,51.33,0
A0052,1772908341000,11.8,8492.78,723,bronze,1,44.27,1
A0055,1772169998000,52.56,5426.73,653,bronze,13,56.1,1
A0056,1772077551000,13.75,6074.14,722,bronze,12,43.62,1
A0057,1772528858000,14.66,6155.79,399,silver,6,46.73,0
A0058,1772062059000,103.66,4772.42,516,gold,35,55.23,0
A0061,1772941057000,107.39,4432.51,307,silver,3,42.84,1
A0061,1772941057000,107.39,4432.51,300,bronze,3,42.84,1
A0062,1772815600000,523.48,4039.74,771,silver,10,52.95,0
A0063,1772909258000,525.54,5114.08,656,gold,8,46.04,1
A0065,1773139790000,51.45,2665.4,608,silver,24,52.95,0
A0065,1773139790000,51.45,2665.4,684,silver,24,52.95,0
A0066,1773329133000,139.38,860.11,393,bronze,32,48.35,1
A0068,1772404011000,33.43,773.53,444,bronze,13,51.5,1
A0071,1772130290000,88.86,5566.98,735,gold,11,49.17,0
A0072,1772520709000,369.07,5482.12,564,bronze,5,48.05,1
A0072,1772520709000,369.07,5482.12,580,bronze,5,48.05,1
A0073,1772776784000,119.18,8082.95,710,bronze,39,48.08,0
A0073,1772776784000,119.18,8082.95,651,silver,39,48.08,0
A0074,1772311248000,9.39,6112.33,768,bronze,6,56.59,0
A0077,1772870626000,22.68,4037.95,735,silver,7,53.23,0
A0077,1772870626000,22.68,4037.95,697,silver,7,53.23,0
A0078,1773025240000,56.56,5931.94,553,gold,3,37.88,1
A0085,1772157868000,55.9,3684.05,745,gold,29,52.28,1
A0086,1772430414000,38.69,8077.1,715,silver,14,49.37,0
A0086,1772430414000,38.69,8077.1,750,bronze,14,49.37,0
A0087,1773025914000,20.8,5850.06,420,bronze,18,61.15,1
A0088,1772237126000,4.86,5841.08,619,bronze,37,45.96,0
A0089,1772729547000,31.29,-878.52,403,gold,19,44.06,0
A0090,1772150045000,18.71,6200.16,472,bronze,20,46.76,1
A0090,1772150045000,18.71,6200.16,440,silver,20,46.76,1
A0093,1772777344000,43.53,2979.01,803,silver,29,49.62,1
A0094,1773201675000,2.3,5616.9,648,silver,33,41.06,0
A0094,1773201675000,2.3,5616.9,667,silver,33,41.06,0
A0095,1772605386000,30.91,7600.25,337,gold,33,53.18,1
A0096,1772228370000,76.53,3024.79,704,silver,4,49.53,1
A0097,1772401000000,74.31,4783.51,700,gold,37,52.76,0
A0099,1772231801000,65.17,8271.75,679,gold,27,47.72,0
A0001,1773482046000,5.6,7103.64,301,bronze,31,48.71,0
A0001,1773482046000,5.6,7103.64,322,bronze,31,48.71,0
A0002,1773533318000,25.77,3760.77,314,silver,3,49.18,1
A0002,1773533318000,25.77,3760.77,394,gold,3,49.18,1
A0005,1773584013000,33.42,4787.26,622,bronze,27,41.47,0
A0010,1772742518000,23.39,2538.51,662,gold,21,48.21,0
A0010,1772742518000,23.39,2538.51,648,silver,21,48.21,0
A0014,1772951255000,23.67,2148.67,646,silver,22,46.81,1
A0016,1773530553000,47.81,3370.43,667,gold,2,46.66,1
A0018,1772833808000,87.75,1104.54,536,silver,26,64.31,0
A0018,1772833808000,87.75,1104.54,496,silver,26,64.31,0
A0019,1773057698000,28.51,7117.28,678,gold,6,51.31,0
A0020,1773239267000,18.6,4505.97,761,bronze,39,44.44,0
A0021,1773421617000,25.32,3978.28,405,gold,16,49.01,0
A0021,1773421617000,25.32,3978.28,368,silver,16,49.01,0
A0023,1773639389000,71.45,3816.88,788,silver,3,57.62,0
A0024,1773051955000,118.92,6005.52,697,silver,11,46.12,1
A0028,1773418467000,13.2,3983.59,683,gold,31,54.22,0
A0028,1773418467000,13.2,3983.59,621,bronze,31,54.22,0
A0036,1773600028000,18.9,5804.3,337,gold,11,51.98,1
A0036,1773600028000,18.9,5804.3,300,bronze,11,51.98,1
A0039,1773212738000,3.66,5168.53,367,silver,10,64.76,1
A0042,1773257148000,385.67,3209.03,480,gold,2,49.92,0
A0044,1773699927000,240.51,4736.34,544,bronze,26,43.05,1
A0044,1773699927000,240.51,4736.34,469,silver,26,43.05,1
A0046,1773101366000,89.69,4191.3,702,bronze,3,52.56,1
A0047,1773198803000,9.52,7636.04,453,gold,1,49.22,0
A0047,1773198803000,9.52,7636.04,526,bronze,1,49.22,0
A0049,1773280471000,73.01,2665.03,496,bronze,32,52.58,0
A0054,1773162549000,21.52,6751.88,779,bronze,0,44.65,0
A0054,1773162549000,21.52,6751.88,709,gold,0,44.65,0
A0059,1772844421000,60.19,4984.32,536,bronze,24,45.9,1
A0059,1772844421000,60.19,4984.32,616,gold,24,45.9,1
A0060,1773429192000,10.36,9539.55,651,silver,35,51.8,1
A0064,1773352088000,32.04,5561.59,520,bronze,25,47.42,1
A0064,1773352088000,32.04,5561.59,576,gold,25,47.42,1
A0067,1773218371000,49.55,7213.72,306,bronze,10,43.64,1
A0069,1773261848000,14.3,4295.94,801,silver,8,46.16,1
A0070,1773605593000,32.14,3113.42,713,bronze,39,47.54,0
A0075,1773324061000,12.37,9346.62,647,bronze,29,55.3,1
A0075,1773324061000,12.37,9346.62,595,bronze,29,55.3,1
A0076,1773623548000,15.93,4371.36,391,gold,26,46.85,0
A0079,1773582000000,51.08,8486.83,650,silver,17,59.99,1
A0079,1773582000000,51.08,8486.83,707,silver,17,59.99,1
A0081,1773357508000,114.66,2054.56,655,gold,24,48.07,1
A0081,1773357508000,114.66,2054.56,649,silver,24,48.07,1
A0082,1773230547000,49.71,2433.79,758,bronze,22,56.69,0
A0082,1773230547000,49.71,2433.79,790,silver,22,56.69,0
A0083,1773047399000,5.27,8666.27,440,bronze,6,49.99,1
A0083,1773047399000,5.27,8666.27,500,silver,6,49.99,1
A0084,1773392158000,32.34,3658.22,435,silver,36,50.64,1
A0091,1772984489000,12.83,4739.43,499,bronze,3,58.33,0
A0092,1773625211000,166.95,3764.41,302,gold,22,51.37,0
A0000,1772304939000,23.02,1566.83,729,gold,38,50.62,0
A0003,1772002067000,12.12,574.93,635,silver,5,52.13,1
A0004,1772086537000,55.06,8714.93,808,gold,39,46.73,0
A0006,1772921288000,39.31,6124.41,306,silver,33,49.23,0
A0006,1772921288000,39.31,6124.41,364,silver,33,49.23,0
A0007,1772402687000,128.73,5926.03,789,gold,7,51.23,1
A0008,1772533491000,112.34,6492.41,320,gold,18,49.8,0
A0009,1772362866000,11.53,3189.32,433,bronze,25,51.66,0
A0011,1772882905000,43.07,5994.25,739,gold,7,59.03,0
A0012,1773351720000,56.36,6804.3,530,bronze,18,44.41,1
A0012,1773351720000,56.36,6804.3,574,bronze,18,44.41,1
A0013,1771992198000,9.42,5769.58,318,bronze,23,53.45,0
A0015,1772346000000,27.13,3897.44,695,silver,24,47.9,0
A0015,1772346000000,27.13,3897.44,756,gold,24,47.9,0
A0017,1772437869000,27.1,6038.08,627,bronze,14,45.72,1
A0017,1772437869000,27.1,6038.08,699,gold,14,45.72,1
A0022,1772737441000,3.34,-746.63,845,bronze,16,50.32,1
A0025,1772133384000,13.42,5888.17,375,gold,29,49.22,0
A0026,1772631959000,21.5,5567.62,740,bronze,11,48.31,1
A0027,1772767070000,6.14,3630.57,375,silver,19,39.93,0
A0029,1772375918000,38.22,8795.73,686,silver,13,57.34,0
A0030,1772303825000,15.61,7719.2,668,bronze,39,43.34,1
A0030,1772303825000,15.61,7719.2,737,silver,39,43.34,1
A0031,1772438414000,63.89,3880.55,848,bronze,17,46.19,1
A0032,1772725237000,18.83,1735.11,776,silver,30,48.54,0
A0033,1772108079000,10.74,3439.45,406,gold,29,53.99,0
A0034,1772107506000,34.65,6322.19,525,silver,39,57.97,0
A0035,1771998570000,91.43,8046.8,638,bronze,17,50.49,0
A0037,1772145288000,17.46,6283.08,844,silver,5,54.02,0
A0038,1772100788000,10.65,2413.46,597,gold,8,57.49,0
A0038,1772100788000,10.65,2413.46,582,bronze,8,57.49,0
A0040,1772229558000,29.26,5666.07,314,bronze,29,48.15,1
A0043,1772487954000,21.04,4922.17,786,bronze,35,53.74,0
A0045,1772645690000,147.98,5292.7,770,bronze,3,47.56,1
A0045,1772645690000,147.98,5292.7,797,silver,3,47.56,1
A0048,1772721561000,59.53,4980.91,603,bronze,28,63.25,0
A0050,1773171825000,25.02,3590.22,346,gold,4,49.87,1
A0052,1772908341000,18.72,8941.81,723,bronze,1,44.27,1
A0053,1772467823000,35.16,5813.07,439,silver,10,51.44,1
A0055,1772169998000,3.48,5039.64,653,bronze,13,56.1,1
A0056,1772077551000,118.89,5765.19,722,bronze,12,43.62,1
A0057,1772528858000,12.26,5733.29,399,silver,6,46.73,0
A0058,1772062059000,50.32,5399.09,516,gold,35,55.23,0
A0061,1772941057000,26.52,4168.86,307,silver,3,42.84,1
A0061,1772941057000,26.52,4168.86,300,bronze,3,42.84,1
A0062,1772815600000,3.68,4157.73,771,silver,10,52.95,0
A0063,1772909258000,30.77,4504.3,656,gold,8,46.04,1
A0065,1773139790000,43.07,1942.07,608,silver,24,52.95,0
A0065,1773139790000,43.07,1942.07,684,silver,24,52.95,0
A0066,1773329133000,191.44,500.53,393,bronze,32,48.35,1
A0068,1772404011000,8.53,1468.28,444,bronze,13,51.5,1
A0071,1772130290000,156.24,4878.12,735,gold,11,49.17,0
A0072,1772520709000,37.81,5472.14,564,bronze,5,48.05,1
A0072,1772520709000,37.81,5472.14,580,bronze,5,48.05,1
A0073,1772776784000,59.49,7900.1,710,bronze,39,48.08,0
A0073,1772776784000,59.49,7900.1,651,silver,39,48.08,0
A0074,1772311248000,74.35,6578.24,768,bronze,6,56.59,0
A0077,1772870626000,9.95,3809.23,735,silver,7,53.23,0
A0077,1772870626000,9.95,3809.23,697,silver,7,53.23,0
A0078,1773025240000,55.05,6631.89,553,gold,3,37.88,1
A0080,1772100088000,147.04,6838.08,731,gold,26,55.66,0
A0080,1772100088000,147.04,6838.08,664,gold,26,55.66,0
A0085,1772157868000,8.54,4027.8,745,gold,29,52.28,1
A0086,1772430414000,43.01,8485.31,715,silver,14,49.37,0
A0086,1772430414000,43.01,8485.31,750,bronze,14,49.37,0
A0087,1773025914000,51.76,6593.71,420,bronze,18,61.15,1
A0088,1772237126000,56.82,5459.99,619,bronze,37,45.96,0
A0089,1772729547000,25.75,-521.8,403,gold,19,44.06,0
A0093,1772777344000,6.59,2353.56,803,silver,29,49.62,1
A0094,1773201675000,165.99,4233.62,648,silver,33,41.06,0
A0094,1773201675000,165.99,4233.62,667,silver,33,41.06,0
A0095,1772605386000,94.19,7765.51,337,gold,33,53.18,1
A0096,1772228370000,23.24,3081.3,704,silver,4,49.53,1
A0097,1772401000000,27.42,4544.99,700,gold,37,52.76,0
A0098,1772183464000,325.99,4128.38,572,gold,38,53.87,1
A0098,1772183464000,325.99,4128.38,632,bronze,38,53.87,1
A0099,1772231801000,20.73,8373.73,679,gold,27,47.72,0
A0001,1773482046000,7.64,7170.01,301,bronze,31,48.71,0
A0001,1773482046000,7.64,7170.01,322,bronze,31,48.71,0
A0002,1773533318000,26.61,4228.62,314,silver,3,49.18,1
A0002,1773533318000,26.61,4228.62,394,gold,3,49.18,1
A0005,1773584013000,25.63,4562.85,622,bronze,27,41.47,0
A0010,1772742518000,4.36,2594.53,662,gold,21,48.21,0
A0010,1772742518000,4.36,2594.53,648,silver,21,48.21,0
A0016,1773530553000,28.67,4364.28,667,gold,2,46.66,1
A0018,1772833808000,110.86,742.66,536,silver,26,64.31,0
A0018,1772833808000,110.86,742.66,496,silver,26,64.31,0
A0019,1773057698000,8.22,6456.8,678,gold,6,51.31,0
A0020,1773239267000,139.74,4612.71,761,bronze,39,44.44,0
A0021,1773421617000,17.14,3814.65,405,gold,16,49.01,0
A0021,1773421617000,17.14,3814.65,368,silver,16,49.01,0
A0023,1773639389000,128.64,4163.35,788,silver,3,57.62,0
A0024,1773051955000,424.29,6064.07,697,silver,11,46.12,1
A0028,1773418467000,21.69,4086.2,683,gold,31,54.22,0
A0028,1773418467000,21.69,4086.2,621,bronze,31,54.22,0
A0036,1773600028000,19.68,6064.38,337,gold,11,51.98,1
A0036,1773600028000,19.68,6064.38,300,bronze,11,51.98,1
A0039,1773212738000,52.82,4600.71,367,silver,10,64.76,1
A0042,1773257148000,19.13,3794.52,480,gold,2,49.92,0
A0044,1773699927000,68.64,5327.42,544,bronze,26,43.05,1
A0044,1773699927000,68.64,5327.42,469,silver,26,43.05,1
A0046,1773101366000,81.41,4673.06,702,bronze,3,52.56,1
A0047,1773198803000,27.69,7834.56,453,gold,1,49.22,0
A0047,1773198803000,27.69,7834.56,526,bronze,1,49.22,0
A0054,1773162549000,6.79,6781.91,779,bronze,0,44.65,0
A0054,1773162549000,6.79,6781.91,709,gold,0,44.65,0
A0059,1772844421000,50.2,4253.14,536,bronze,24,45.9,1
A0059,1772844421000,50.2,4253.14,616,gold,24,45.9,1
A0060,1773429192000,42.75,9592.93,651,silver,35,51.8,1
A0064,1773352088000,27.64,5538.96,520,bronze,25,47.42,1
A0064,1773352088000,27.64,5538.96,576,gold,25,47.42,1
A0067,1773218371000,12.63,7981.15,306,bronze,10,43.64,1
A0069,1773261848000,16.72,4648.62,801,silver,8,46.16,1
A0070,1773605593000,13.25,3492.96,713,bronze,39,47.54,0
A0075,1773324061000,96.13,9456.4,647,bronze,29,55.3,1
A0075,1773324061000,96.13,9456.4,595,bronze,29,55.3,1
A0076,1773623548000,113.24,4353.83,391,gold,26,46.85,0
A0079,1773582000000,105.81,7734.35,650,silver,17,59.99,1
A0079,1773582000000,105.81,7734.35,707,silver,17,59.99,1
A0081,1773357508000,17.93,1827.56,655,gold,24,48.07,1
A0081,1773357508000,17.93,1827.56,649,silver,24,48.07,1
A0082,1773230547000,35.87,2583.33,758,bronze,22,56.69,0
A0082,1773230547000,35.87,2583.33,790,silver,22,56.69,0
A0083,1773047399000,83.8,8689.86,440,bronze,6,49.99,1
A0083,1773047399000,83.8,8689.86,500,silver,6,49.99,1
A0091,1772984489000,6.18,4532.13,499,bronze,3,58.33,0
A0092,1773625211000,63.68,3712.53,302,gold,22,51.37,0
A0000,1772304939000,13.64,1040.31,729,gold,38,50.62,0
A0003,1772002067000,22.96,596.85,635,silver,5,52.13,1
A0006,1772921288000,33.6,5589.22,306,silver,33,49.23,0
A0006,1772921288000,33.6,5589.22,364,silver,33,49.23,0
A0007,1772402687000,75.24,5896.76,789,gold,7,51.23,1
A0008,1772533491000,74.78,6079.19,320,gold,18,49.8,0
A0009,1772362866000,22.22,3612.1,433,bronze,25,51.66,0
A0012,1773351720000,24.41,6699.42,530,bronze,18,44.41,1
A0012,1773351720000,24.41,6699.42,574,bronze,18,44.41,1
A0013,1771992198000,22.96,5313.04,318,bronze,23,53.45,0
A0015,1772346000000,71.37,4417.59,695,silver,24,47.9,0
A0015,1772346000000,71.37,4417.59,756,gold,24,47.9,0
A0017,1772437869000,54.94,6146.77,627,bronze,14,45.72,1
A0017,1772437869000,54.94,6146.77,699,gold,14,45.72,1
A0022,1772737441000,61.98,89.86,845,bronze,16,50.32,1
A0025,1772133384000,219.09,5867.78,375,gold,29,49.22,0
A0026,1772631959000,37.39,5591.1,740,bronze,11,48.31,1
A0027,1772767070000,654.26,3637.41,375,silver,19,39.93,0
A0029,1772375918000,23.52,8785.89,686,silver,13,57.34,0
A0030,1772303825000,29.34,7910.02,668,bronze,39,43.34,1
A0030,1772303825000,29.34,7910.02,737,silver,39,43.34,1
A0031,1772438414000,35.88,3383.5,848,bronze,17,46.19,1
A0032,1772725237000,159.05,1924.56,776,silver,30,48.54,0
A0033,1772108079000,6.3,2937.43,406,gold,29,53.99,0
A0034,1772107506000,70.27,6185.73,525,silver,39,57.97,0
A0035,1771998570000,17.82,7422.94,638,bronze,17,50.49,0
A0037,1772145288000,79.19,5528.36,844,silver,5,54.02,0
A0038,1772100788000,89.67,2663.08,597,gold,8,57.49,0
A0038,1772100788000,89.67,2663.08,582,bronze,8,57.49,0
A0040,1772229558000,52.16,5300.83,314,bronze,29,48.15,1
A0041,1772562988000,51.79,4984.86,696,silver,22,43.14,0
A0045,1772645690000,32.2,5321.02,770,bronze,3,47.56,1
A0045,1772645690000,32.2,5321.02,797,silver,3,47.56,1
A0048,1772721561000,46.81,4783.86,603,bronze,28,63.25,0
A0050,1773171825000,134.7,2658.58,346,gold,4,49.87,1
A0052,1772908341000,153.53,8939.79,723,bronze,1,44.27,1
A0053,1772467823000,27.52,5688.61,439,silver,10,51.44,1
A0055,1772169998000,67.62,4561.39,653,bronze,13,56.1,1
A0056,1772077551000,8.69,5999.72,722,bronze,12,43.62,1
A0057,1772528858000,3.86,5827.16,399,silver,6,46.73,0
A0058,1772062059000,160.58,5820.23,516,gold,35,55.23,0
A0061,1772941057000,42.28,4555.41,307,silver,3,42.84,1
A0061,1772941057000,42.28,4555.41,300,bronze,3,42.84,1
A0062,1772815600000,29.07,4084.32,771,silver,10,52.95,0
A0063,1772909258000,22.24,4701.47,656,gold,8,46.04,1
A0065,1773139790000,35.36,1889.8,608,silver,24,52.95,0
A0065,1773139790000,35.36,1889.8,684,silver,24,52.95,0
A0066,1773329133000,25.07,1414.01,393,bronze,32,48.35,1
A0068,1772404011000,8.53,1468.28,444,bronze,13,51.5,1
A0072,1772520709000,49.91,4922.21,564,bronze,5,48.05,1
A0072,1772520709000,49.91,4922.21,580,bronze,5,48.05,1
A0073,1772776784000,16.48,7406.57,710,bronze,39,48.08,0
A0073,1772776784000,16.48,7406.57,651,silver,39,48.08,0
A0074,1772311248000,8.76,5818.33,768,bronze,6,56.59,0
A0077,1772870626000,28.26,3927.58,735,silver,7,53.23,0
A0077,1772870626000,28.26,3927.58,697,silver,7,53.23,0
A0078,1773025240000,80.32,6214.42,553,gold,3,37.88,1
A0080,1772100088000,20.04,5736.56,731,gold,26,55.66,0
A0080,1772100088000,20.04,5736.56,664,gold,26,55.66,0
A0086,1772430414000,28.15,8308.47,715,silver,14,49.37,0
A0086,1772430414000,28.15,8308.47,750,bronze,14,49.37,0
A0087,1773025914000,44.33,6657.02,420,bronze,18,61.15,1
A0088,1772237126000,18.58,5111.19,619,bronze,37,45.96,0
A0089,1772729547000,116.0,-765.45,403,gold,19,44.06,0
A0090,1772150045000,10.22,6082.85,472,bronze,20,46.76,1
A0090,1772150045000,10.22,6082.85,440,silver,20,46.76,1
A0093,1772777344000,102.16,2126.34,803,silver,29,49.62,1
A0094,1773201675000,21.29,4721.47,648,silver,33,41.06,0
A0094,1773201675000,21.29,4721.47,667,silver,33,41.06,0
A0095,1772605386000,40.74,7309.66,337,gold,33,53.18,1
A0096,1772228370000,21.01,3094.05,704,silver,4,49.53,1
A0097,1772401000000,5.45,5250.96,700,gold,37,52.76,0
A0098,1772183464000,15.02,3889.41,572,gold,38,53.87,1
A0098,1772183464000,15.02,3889.41,632,bronze,38,53.87,1
A0099,1772231801000,18.84,8897.73,679,gold,27,47.72,0
A0001,1773482046000,25.28,7193.97,301,bronze,31,48.71,0
A0001,1773482046000,25.28,7193.97,322,bronze,31,48.71,0
A0002,1773533318000,96.22,4174.94,314,silver,3,49.18,1
A0002,1773533318000,96.22,4174.94,394,gold,3,49.18,1
A0016,1773530553000,28.67,4364.28,667,gold,2,46.66,1
A0018,1772833808000,110.86,742.66,536,silver,26,64.31,0
A0018,1772833808000,110.86,742.66,496,silver,26,64.31,0
A0019,1773057698000,61.36,6377.91,678,gold,6,51.31,0
A0020,1773239267000,118.38,4245.46,761,bronze,39,44.44,0
A0023,1773639389000,35.62,3805.55,788,silver,3,57.62,0
A0028,1773418467000,7.51,3524.64,683,gold,31,54.22,0
A0028,1773418467000,7.51,3524.64,621,bronze,31,54.22,0
A0036,1773600028000,25.04,5990.39,337,gold,11,51.98,1
A0036,1773600028000,25.04,5990.39,300,bronze,11,51.98,1
A0042,1773257148000,153.3,3768.54,480,gold,2,49.92,0
A0044,1773699927000,15.51,5530.6,544,bronze,26,43.05,1
A0044,1773699927000,15.51,5530.6,469,silver,26,43.05,1
A0046,1773101366000,81.41,4673.06,702,bronze,3,52.56,1
A0047,1773198803000,12.45,7973.87,453,gold,1,49.22,0
A0047,1773198803000,12.45,7973.87,526,bronze,1,49.22,0
A0054,1773162549000,4.11,6536.58,779,bronze,0,44.65,0
A0054,1773162549000,4.11,6536.58,709,gold,0,44.65,0
A0059,1772844421000,50.2,4253.14,536,bronze,24,45.9,1
A0059,1772844421000,50.2,4253.14,616,gold,24,45.9,1
A0060,1773429192000,33.5,9276.9,651,silver,35,51.8,1
A0064,1773352088000,19.87,6335.52,520,bronze,25,47.42,1
A0064,1773352088000,19.87,6335.52,576,gold,25,47.42,1
A0067,1773218371000,13.21,7861.44,306,bronze,10,43.64,1
A0069,1773261848000,6.39,4810.55,801,silver,8,46.16,1
A0070,1773605593000,32.58,3417.71,713,bronze,39,47.54,0
A0076,1773623548000,29.58,4255.95,391,gold,26,46.85,0
A0079,1773582000000,20.02,7762.47,650,silver,17,59.99,1
A0079,1773582000000,20.02,7762.47,707,silver,17,59.99,1
A0081,1773357508000,17.93,1827.56,655,gold,24,48.07,1
A0081,1773357508000,17.93,1827.56,649,silver,24,48.07,1
A0082,1773230547000,17.79,2957.15,758,bronze,22,56.69,0
A0082,1773230547000,17.79,2957.15,790,silver,22,56.69,0
A0092,1773625211000,18.0,4299.01,302,gold,22,51.37,0
A0000,1772304939000,9.11,1010.21,729,gold,38,50.62,0
A0006,1772921288000,112.98,5881.84,306,silver,33,49.23,0
A0006,1772921288000,112.98,5881.84,364,silver,33,49.23,0
A0007,1772402687000,31.33,5359.38,789,gold,7,51.23,1
A0008,1772533491000,91.24,4839.94,320,gold,18,49.8,0
A0012,1773351720000,16.32,7438.36,530,bronze,18,44.41,1
A0012,1773351720000,16.32,7438.36,574,bronze,18,44.41,1
A0013,1771992198000,102.12,5900.81,318,bronze,23,53.45,0
A0015,1772346000000,225.52,4348.89,695,silver,24,47.9,0
A0015,1772346000000,225.52,4348.89,756,gold,24,47.9,0
A0017,1772437869000,28.29,5831.29,627,bronze,14,45.72,1
A0017,1772437869000,28.29,5831.29,699,gold,14,45.72,1
A0022,1772737441000,11.54,-382.1,845,bronze,16,50.32,1
A0025,1772133384000,6.5,5898.23,375,gold,29,49.22,0
A0030,1772303825000,13.32,7774.09,668,bronze,39,43.34,1
A0030,1772303825000,13.32,7774.09,737,silver,39,43.34,1
A0031,1772438414000,44.92,3387.87,848,bronze,17,46.19,1
A0032,1772725237000,3.81,1561.51,776,silver,30,48.54,0
A0034,1772107506000,668.15,6020.43,525,silver,39,57.97,0
A0035,1771998570000,31.9,7140.77,638,bronze,17,50.49,0
A0038,1772100788000,17.01,2673.35,597,gold,8,57.49,0
A0038,1772100788000,17.01,2673.35,582,bronze,8,57.49,0
A0040,1772229558000,61.33,5003.27,314,bronze,29,48.15,1
A0041,1772562988000,10.05,5062.0,696,silver,22,43.14,0
A0050,1773171825000,14.02,2672.92,346,gold,4,49.87,1
A0051,1772372388000,72.37,1814.27,384,gold,28,51.33,0
A0052,1772908341000,92.07,9047.05,723,bronze,1,44.27,1
A0053,1772467823000,119.92,4484.66,439,silver,10,51.44,1
A0055,1772169998000,15.78,3937.05,653,bronze,13,56.1,1
A0056,1772077551000,12.35,5993.07,722,bronze,12,43.62,1
A0057,1772528858000,2.76,5573.73,399,silver,6,46.73,0
A0058,1772062059000,11.12,6212.87,516,gold,35,55.23,0
A0061,1772941057000,31.93,4047.07,307,silver,3,42.84,1
A0061,1772941057000,31.93,4047.07,300,bronze,3,42.84,1
A0063,1772909258000,29.36,4604.24,656,gold,8,46.04,1
A0065,1773139790000,7.64,2179.85,608,silver,24,52.95,0
A0065,1773139790000,7.64,2179.85,684,silver,24,52.95,0
A0066,1773329133000,9.05,1381.4,393,bronze,32,48.35,1
A0068,1772404011000,59.47,989.96,444,bronze,13,51.5,1
A0072,1772520709000,58.16,4684.86,564,bronze,5,48.05,1
A0072,1772520709000,58.16,4684.86,580,bronze,5,48.05,1
A0073,1772776784000,18.66,7149.84,710,bronze,39,48.08,0
A0073,1772776784000,18.66,7149.84,651,silver,39,48.08,0
A0080,1772100088000,10.36,6311.64,731,gold,26,55.66,0
A0080,1772100088000,10.36,6311.64,664,gold,26,55.66,0
A0087,1773025914000,89.87,7197.02,420,bronze,18,61.15,1
A0089,1772729547000,53.45,-850.31,403,gold,19,44.06,0
A0090,1772150045000,14.65,5649.68,472,bronze,20,46.76,1
A0090,1772150045000,14.65,5649.68,440,silver,20,46.76,1
A0093,1772777344000,31.12,2507.98,803,silver,29,49.62,1
A0096,1772228370000,25.4,2656.67,704,silver,4,49.53,1
A0097,1772401000000,104.69,5464.67,700,gold,37,52.76,0
A0098,1772183464000,487.91,3540.28,572,gold,38,53.87,1
A0098,1772183464000,487.91,3540.28,632,bronze,38,53.87,1
A0099,1772231801000,36.73,8492.56,679,gold,27,47.72,0
A0019,1773057698000,15.69,6477.77,678,gold,6,51.31,0
A0036,1773600028000,20.67,6331.03,337,gold,11,51.98,1
A0036,1773600028000,20.67,6331.03,300,bronze,11,51.98,1
A0046,1773101366000,25.25,4493.91,702,bronze,3,52.56,1
A0047,1773198803000,29.16,8204.51,453,gold,1,49.22,0
A0047,1773198803000,29.16,8204.51,526,bronze,1,49.22,0
A0054,1773162549000,45.04,6040.04,779,bronze,0,44.65,0
A0054,1773162549000,45.04,6040.04,709,gold,0,44.65,0
A0060,1773429192000,236.04,9781.93,651,silver,35,51.8,1
A0067,1773218371000,13.83,7690.19,306,bronze,10,43.64,1
A0069,1773261848000,50.99,5103.57,801,silver,8,46.16,1
A0076,1773623548000,32.89,4341.84,391,gold,26,46.85,0
A0079,1773582000000,12.48,7796.83,650,silver,17,59.99,1
A0079,1773582000000,12.48,7796.83,707,silver,17,59.99,1
A0081,1773357508000,97.93,1386.72,655,gold,24,48.07,1
A0081,1773357508000,97.93,1386.72,649,silver,24,48.07,1
A0082,1773230547000,9.3,3198.07,758,bronze,22,56.69,0
A0082,1773230547000,9.3,3198.07,790,silver,22,56.69,0
A0000,1772304939000,37.85,1424.53,729,gold,38,50.62,0
A0006,1772921288000,237.53,5864.41,306,silver,33,49.23,0
A0006,1772921288000,237.53,5864.41,364,silver,33,49.23,0
A0007,1772402687000,31.95,5813.5,789,gold,7,51.23,1
A0008,1772533491000,13.99,4898.25,320,gold,18,49.8,0
A0012,1773351720000,43.1,6181.91,530,bronze,18,44.41,1
A0012,1773351720000,43.1,6181.91,574,bronze,18,44.41,1
A0013,1771992198000,75.23,6030.68,318,bronze,23,53.45,0
A0015,1772346000000,18.93,4929.61,695,silver,24,47.9,0
A0015,1772346000000,18.93,4929.61,756,gold,24,47.9,0
A0017,1772437869000,86.64,5327.62,627,bronze,14,45.72,1
A0017,1772437869000,86.64,5327.62,699,gold,14,45.72,1
A0022,1772737441000,117.98,88.15,845,bronze,16,50.32,1
A0025,1772133384000,4.67,5434.84,375,gold,29,49.22,0
A0031,1772438414000,32.91,3227.2,848,bronze,17,46.19,1
A0032,1772725237000,4.66,1820.07,776,silver,30,48.54,0
A0034,1772107506000,324.24,5454.31,525,silver,39,57.97,0
A0035,1771998570000,7.2,6993.64,638,bronze,17,50.49,0
A0040,1772229558000,46.19,5475.0,314,bronze,29,48.15,1
A0041,1772562988000,156.95,4263.71,696,silver,22,43.14,0
A0050,1773171825000,31.12,3268.06,346,gold,4,49.87,1
A0051,1772372388000,5.85,1752.94,384,gold,28,51.33,0
A0052,1772908341000,44.53,9179.5,723,bronze,1,44.27,1
A0055,1772169998000,13.42,3948.97,653,bronze,13,56.1,1
A0065,1773139790000,2.07,2267.94,608,silver,24,52.95,0
A0065,1773139790000,2.07,2267.94,684,silver,24,52.95,0
A0066,1773329133000,13.34,785.93,393,bronze,32,48.35,1
A0068,1772404011000,26.58,1535.31,444,bronze,13,51.5,1
A0073,1772776784000,8.38,7512.22,710,bronze,39,48.08,0
A0073,1772776784000,8.38,7512.22,651,silver,39,48.08,0
A0080,1772100088000,10.36,6311.64,731,gold,26,55.66,0
A0080,1772100088000,10.36,6311.64,664,gold,26,55.66,0
A0087,1773025914000,72.31,7179.63,420,bronze,18,61.15,1
A0089,1772729547000,22.02,-227.75,403,gold,19,44.06,0
A0090,1772150045000,62.1,5860.9,472,bronze,20,46.76,1
A0090,1772150045000,62.1,5860.9,440,silver,20,46.76,1
A0096,1772228370000,60.45,3298.26,704,silver,4,49.53,1
A0098,1772183464000,487.91,3540.28,572,gold,38,53.87,1
A0098,1772183464000,487.91,3540.28,632,bronze,38,53.87,1
A0099,1772231801000,36.73,8492.56,679,gold,27,47.72,0
A0019,1773057698000,21.05,6742.4,678,gold,6,51.31,0
A0047,1773198803000,3.18,7526.88,453,gold,1,49.22,0
A0047,1773198803000,3.18,7526.88,526,bronze,1,49.22,0
A0060,1773429192000,39.52,9495.82,651,silver,35,51.8,1
A0067,1773218371000,29.04,7219.06,306,bronze,10,43.64,1
A0069,1773261848000,4.79,5639.54,801,silver,8,46.16,1
A0081,1773357508000,58.09,2124.85,655,gold,24,48.07,1
A0081,1773357508000,58.09,2124.85,649,silver,24,48.07,1
A0082,1773230547000,14.25,3715.56,758,bronze,22,56.69,0
A0082,1773230547000,14.25,3715.56,790,silver,22,56.69,0
A0000,1772304939000,6.74,1196.05,729,gold,38,50.62,0
A0007,1772402687000,31.95,5813.5,789,gold,7,51.23,1
A0017,1772437869000,33.83,5633.3,627,bronze,14,45.72,1
A0017,1772437869000,33.83,5633.3,699,gold,14,45.72,1
A0025,1772133384000,4.67,5434.84,375,gold,29,49.22,0
A0041,1772562988000,72.48,3995.31,696,silver,22,43.14,0
A0050,1773171825000,64.42,3085.44,346,gold,4,49.87,1
A0051,1772372388000,65.22,2811.86,384,gold,28,51.33,0
A0055,1772169998000,32.95,3863.06,653,bronze,13,56.1,1
A0068,1772404011000,26.58,1535.31,444,bronze,13,51.5,1
A0073,1772776784000,8.38,7512.22,710,bronze,39,48.08,0
A0073,1772776784000,8.38,7512.22,651,silver,39,48.08,0
A0090,1772150045000,18.23,6158.82,472,bronze,20,46.76,1
A0090,1772150045000,18.23,6158.82,440,silver,20,46.76,1
A0098,1772183464000,126.27,3385.24,572,gold,38,53.87,1
A0098,1772183464000,126.27,3385.24,632,bronze,38,53.87,1
A0099,1772231801000,77.06,8596.24,679,gold,27,47.72,0
A0000,1772304939000,6.74,1196.05,729,gold,38,50.62,0
A0007,1772402687000,119.32,6590.68,789,gold,7,51.23,1
A0050,1773171825000,64.42,3085.44,346,gold,4,49.87,1
A0051,1772372388000,13.9,2865.78,384,gold,28,51.33,0
A0073,1772776784000,54.66,7233.38,710,bronze,39,48.08,0
A0073,1772776784000,54.66,7233.38,651,silver,39,48.08,0
A0090,1772150045000,18.23,6158.82,472,bronze,20,46.76,1
A0090,1772150045000,18.23,6158.82,440,silver,20,46.76,1
A0098,1772183464000,67.16,3338.89,572,gold,38,53.87,1
A0098,1772183464000,67.16,3338.89,632,bronze,38,53.87,1
A0001,1773482046000,85.67,7566.48,301,bronze,5,48.71,0
A0001,1773482046000,85.67,7566.48,322,bronze,5,48.71,0
A0002,1773533318000,78.88,1991.51,314,silver,3,49.18,1
A0002,1773533318000,78.88,1991.51,394,gold,3,49.18,1
A0005,1773584013000,34.22,4883.98,622,bronze,4,41.47,0
A0010,1772742518000,30.25,3024.06,662,gold,37,48.21,0
A0010,1772742518000,30.25,3024.06,648,silver,37,48.21,0
A0014,1772951255000,39.28,2503.24,646,silver,16,46.81,1
A0016,1773530553000,6.2,2372.35,667,gold,17,46.66,1
A0018,1772833808000,17.59,1679.94,536,silver,36,64.31,0
A0018,1772833808000,17.59,1679.94,496,silver,36,64.31,0
A0019,1773057698000,15.64,7267.41,678,gold,27,51.31,0
A0020,1773239267000,14.81,4881.72,761,bronze,30,44.44,0
A0021,1773421617000,16.99,3959.37,405,gold,2,49.01,0
A0021,1773421617000,16.99,3959.37,368,silver,2,49.01,0
A0023,1773639389000,73.31,3105.09,788,silver,30,57.62,0
A0028,1773418467000,23.16,3941.34,683,gold,22,54.22,0
A0028,1773418467000,23.16,3941.34,621,bronze,22,54.22,0
A0036,1773600028000,171.57,5928.03,337,gold,0,51.98,1
A0036,1773600028000,171.57,5928.03,300,bronze,0,51.98,1
A0042,1773257148000,58.7,3871.74,480,gold,0,49.92,0
A0044,1773699927000,28.07,4668.45,544,bronze,0,43.05,1
A0044,1773699927000,28.07,4668.45,469,silver,0,43.05,1
A0046,1773101366000,13.11,3419.02,702,bronze,29,52.56,1
A0049,1773280471000,25.01,2467.6,496,bronze,21,52.58,0
A0054,1773162549000,8.22,6499.74,779,bronze,15,44.65,0
A0054,1773162549000,8.22,6499.74,709,gold,15,44.65,0
A0059,1772844421000,12.88,5311.85,536,bronze,25,45.9,1
A0059,1772844421000,12.88,5311.85,616,gold,25,45.9,1
A0060,1773429192000,65.92,9434.13,651,silver,5,51.8,1
A0064,1773352088000,19.25,5424.78,520,bronze,22,47.42,1
A0064,1773352088000,19.25,5424.78,576,gold,22,47.42,1
A0067,1773218371000,14.76,7546.56,306,bronze,30,43.64,1
A0069,1773261848000,5.87,4834.91,801,silver,32,46.16,1
A0070,1773605593000,36.32,3568.8,713,bronze,16,47.54,0
A0075,1773324061000,5.54,7495.08,647,bronze,33,55.3,1
A0075,1773324061000,5.54,7495.08,595,bronze,33,55.3,1
A0076,1773623548000,21.01,3969.39,391,gold,30,46.85,0
A0079,1773582000000,30.61,8362.03,650,silver,25,59.99,1
A0079,1773582000000,30.61,8362.03,707,silver,25,59.99,1
A0081,1773357508000,94.93,2471.49,655,gold,32,48.07,1
A0081,1773357508000,94.93,2471.49,649,silver,32,48.07,1
A0083,1773047399000,6.88,8980.68,440,bronze,15,49.99,1
A0083,1773047399000,6.88,8980.68,500,silver,15,49.99,1
A0084,1773392158000,399.85,3735.35,435,silver,22,50.64,1
A0091,1772984489000,86.99,4467.5,499,bronze,17,58.33,0
A0092,1773625211000,33.31,3774.71,302,gold,6,51.37,0
A0000,1772304939000,292.47,727.5,729,gold,6,50.62,0
A0003,1772002067000,22.76,981.82,635,silver,15,52.13,1
A0004,1772086537000,15.38,8916.02,808,gold,31,46.73,0
A0006,1772921288000,162.73,6919.85,306,silver,31,49.23,0
A0006,1772921288000,162.73,6919.85,364,silver,31,49.23,0
A0009,1772362866000,9.12,3382.1,433,bronze,4,51.66,0
A0011,1772882905000,15.11,5942.72,739,gold,38,59.03,0
A0013,1771992198000,16.08,5645.17,318,bronze,31,53.45,0
A0015,1772346000000,276.69,4487.56,695,silver,26,47.9,0
A0015,1772346000000,276.69,4487.56,756,gold,26,47.9,0
A0017,1772437869000,3.69,5770.43,627,bronze,0,45.72,1
A0017,1772437869000,3.69,5770.43,699,gold,0,45.72,1
A0022,1772737441000,59.35,-490.56,845,bronze,27,50.32,1
A0026,1772631959000,10.66,6060.26,740,bronze,5,48.31,1
A0029,1772375918000,16.05,8950.99,686,silver,37,57.34,0
A0030,1772303825000,23.25,6539.91,668,bronze,10,43.34,1
A0030,1772303825000,23.25,6539.91,737,silver,10,43.34,1
A0035,1771998570000,12.13,6804.43,638,bronze,9,50.49,0
A0037,1772145288000,71.97,5784.12,844,silver,12,54.02,0
A0040,1772229558000,15.39,5318.7,314,bronze,14,48.15,1
A0041,1772562988000,3.51,4720.21,696,silver,2,43.14,0
A0043,1772487954000,281.54,5158.22,786,bronze,0,53.74,0
A0045,1772645690000,9.9,5071.37,770,bronze,21,47.56,1
A0045,1772645690000,9.9,5071.37,797,silver,21,47.56,1
A0048,1772721561000,28.71,5183.15,603,bronze,12,63.25,0
A0051,1772372388000,24.53,1357.63,384,gold,31,51.33,0
A0052,1772908341000,63.44,8600.78,723,bronze,14,44.27,1
A0053,1772467823000,24.93,5216.42,439,silver,38,51.44,1
A0055,1772169998000,69.9,4535.95,653,bronze,31,56.1,1
A0056,1772077551000,99.11,5535.8,722,bronze,13,43.62,1
A0057,1772528858000,38.63,5992.2,399,silver,8,46.73,0
A0062,1772815600000,15.23,3983.38,771,silver,11,52.95,0
A0065,1773139790000,46.5,2764.87,608,silver,38,52.95,0
A0065,1773139790000,46.5,2764.87,684,silver,38,52.95,0
A0066,1773329133000,66.17,478.64,393,bronze,6,48.35,1
A0068,1772404011000,58.54,1308.89,444,bronze,29,51.5,1
A0071,1772130290000,70.32,4249.57,735,gold,16,49.17,0
A0077,1772870626000,27.4,4119.82,735,silver,22,53.23,0
A0077,1772870626000,27.4,4119.82,697,silver,22,53.23,0
A0078,1773025240000,17.95,5632.37,553,gold,10,37.88,1
A0080,1772100088000,6.4,6545.4,731,gold,13,55.66,0
A0080,1772100088000,6.4,6545.4,664,gold,13,55.66,0
A0085,1772157868000,29.93,3984.69,745,gold,28,52.28,1
A0086,1772430414000,54.97,7720.12,715,silver,30,49.37,0
A0086,1772430414000,54.97,7720.12,750,bronze,30,49.37,0
A0087,1773025914000,65.95,5758.32,420,bronze,5,61.15,1
A0088,1772237126000,26.98,5461.0,619,bronze,36,45.96,0
A0090,1772150045000,3.03,5936.31,472,bronze,10,46.76,1
A0090,1772150045000,3.03,5936.31,440,silver,10,46.76,1
A0093,1772777344000,7.54,3063.7,803,silver,32,49.62,1
A0094,1773201675000,28.06,4959.47,648,silver,2,41.06,0
A0094,1773201675000,28.06,4959.47,667,silver,2,41.06,0
A0098,1772183464000,15.35,3398.31,572,gold,37,53.87,1
A0098,1772183464000,15.35,3398.31,632,bronze,37,53.87,1
A0099,1772231801000,172.41,7978.29,679,gold,13,47.72,0
A0001,1773482046000,41.95,8031.18,301,bronze,5,48.71,0
A0001,1773482046000,41.95,8031.18,322,bronze,5,48.71,0
A0002,1773533318000,15.01,2553.92,314,silver,3,49.18,1
A0002,1773533318000,15.01,2553.92,394,gold,3,49.18,1
A0005,1773584013000,145.92,4889.91,622,bronze,4,41.47,0
A0014,1772951255000,96.46,2064.06,646,silver,16,46.81,1
A0016,1773530553000,42.28,2355.59,667,gold,17,46.66,1
A0019,1773057698000,15.64,7267.41,678,gold,27,51.31,0
A0020,1773239267000,45.11,3814.68,761,bronze,30,44.44,0
A0021,1773421617000,10.81,3467.06,405,gold,2,49.01,0
A0021,1773421617000,10.81,3467.06,368,silver,2,49.01,0
A0023,1773639389000,30.03,3704.16,788,silver,30,57.62,0
A0024,1773051955000,28.9,6028.76,697,silver,37,46.12,1
A0028,1773418467000,32.43,3664.37,683,gold,22,54.22,0
A0028,1773418467000,32.43,3664.37,621,bronze,22,54.22,0
A0036,1773600028000,3.51,5334.17,337,gold,0,51.98,1
A0036,1773600028000,3.51,5334.17,300,bronze,0,51.98,1
A0039,1773212738000,13.22,5490.55,367,silver,19,64.76,1
A0042,1773257148000,69.83,3387.47,480,gold,0,49.92,0
A0044,1773699927000,86.18,4780.61,544,bronze,0,43.05,1
A0044,1773699927000,86.18,4780.61,469,silver,0,43.05,1
A0046,1773101366000,20.35,3429.05,702,bronze,29,52.56,1
A0047,1773198803000,40.32,7420.09,453,gold,19,49.22,0
A0047,1773198803000,40.32,7420.09,526,bronze,19,49.22,0
A0049,1773280471000,82.67,2323.96,496,bronze,21,52.58,0
A0054,1773162549000,20.31,6276.33,779,bronze,15,44.65,0
A0054,1773162549000,20.31,6276.33,709,gold,15,44.65,0
A0060,1773429192000,96.13,9614.79,651,silver,5,51.8,1
A0064,1773352088000,18.36,5563.65,520,bronze,22,47.42,1
A0064,1773352088000,18.36,5563.65,576,gold,22,47.42,1
A0070,1773605593000,25.42,2987.05,713,bronze,16,47.54,0
A0075,1773324061000,90.26,7794.25,647,bronze,33,55.3,1
A0075,1773324061000,90.26,7794.25,595,bronze,33,55.3,1
A0076,1773623548000,30.93,3856.31,391,gold,30,46.85,0
A0079,1773582000000,15.67,8744.9,650,silver,25,59.99,1
A0079,1773582000000,15.67,8744.9,707,silver,25,59.99,1
A0081,1773357508000,97.78,2024.67,655,gold,32,48.07,1
A0081,1773357508000,97.78,2024.67,649,silver,32,48.07,1
A0083,1773047399000,28.36,9070.94,440,bronze,15,49.99,1
A0083,1773047399000,28.36,9070.94,500,silver,15,49.99,1
A0084,1773392158000,7.05,4192.66,435,silver,22,50.64,1
A0091,1772984489000,119.44,4052.27,499,bronze,17,58.33,0
A0092,1773625211000,32.27,4110.16,302,gold,6,51.37,0
A0003,1772002067000,14.38,807.42,635,silver,15,52.13,1
A0004,1772086537000,89.33,8941.12,808,gold,31,46.73,0
A0006,1772921288000,31.43,6547.24,306,silver,31,49.23,0
A0006,1772921288000,31.43,6547.24,364,silver,31,49.23,0
A0007,1772402687000,286.54,6572.13,789,gold,23,51.23,1
A0009,1772362866000,30.46,3089.86,433,bronze,4,51.66,0
A0011,1772882905000,7.49,5710.99,739,gold,38,59.03,0
A0012,1773351720000,17.5,7275.84,530,bronze,10,44.41,1
A0012,1773351720000,17.5,7275.84,574,bronze,10,44.41,1
A0015,1772346000000,2.76,4817.52,695,silver,26,47.9,0
A0015,1772346000000,2.76,4817.52,756,gold,26,47.9,0
A0022,1772737441000,183.38,-1416.34,845,bronze,27,50.32,1
A0025,1772133384000,35.21,6350.49,375,gold,28,49.22,0
A0027,1772767070000,36.9,3845.79,375,silver,33,39.93,0
A0029,1772375918000,104.48,8620.83,686,silver,37,57.34,0
A0030,1772303825000,8.75,7663.1,668,bronze,10,43.34,1
A0030,1772303825000,8.75,7663.1,737,silver,10,43.34,1
A0032,1772725237000,35.46,1542.35,776,silver,17,48.54,0
A0033,1772108079000,782.28,3051.28,406,gold,17,53.99,0
A0034,1772107506000,260.99,6407.16,525,silver,11,57.97,0
A0035,1771998570000,12.25,7288.22,638,bronze,9,50.49,0
A0038,1772100788000,42.19,1950.21,597,gold,0,57.49,0
A0038,1772100788000,42.19,1950.21,582,bronze,0,57.49,0
A0041,1772562988000,45.79,5341.17,696,silver,2,43.14,0
A0043,1772487954000,144.59,5129.89,786,bronze,0,53.74,0
A0048,1772721561000,33.69,5150.74,603,bronze,12,63.25,0
A0050,1773171825000,37.19,4665.72,346,gold,31,49.87,1
A0051,1772372388000,60.89,2161.43,384,gold,31,51.33,0
A0052,1772908341000,43.49,8569.45,723,bronze,14,44.27,1
A0057,1772528858000,10.85,6456.28,399,silver,8,46.73,0
A0061,1772941057000,59.51,5235.7,307,silver,16,42.84,1
A0061,1772941057000,59.51,5235.7,300,bronze,16,42.84,1
A0063,1772909258000,84.47,3960.62,656,gold,28,46.04,1
A0065,1773139790000,94.26,2685.47,608,silver,38,52.95,0
A0065,1773139790000,94.26,2685.47,684,silver,38,52.95,0
A0066,1773329133000,56.31,1197.03,393,bronze,6,48.35,1
A0068,1772404011000,81.75,891.68,444,bronze,29,51.5,1
A0071,1772130290000,69.85,4980.76,735,gold,16,49.17,0
A0074,1772311248000,75.84,6118.03,768,bronze,16,56.59,0
A0080,1772100088000,167.79,5828.71,731,gold,13,55.66,0
A0080,1772100088000,167.79,5828.71,664,gold,13,55.66,0
A0085,1772157868000,110.93,3770.08,745,gold,28,52.28,1
A0086,1772430414000,17.59,8180.76,715,silver,30,49.37,0
A0086,1772430414000,17.59,8180.76,750,bronze,30,49.37,0
A0089,1772729547000,41.31,-1454.94,403,gold,33,44.06,0
A0090,1772150045000,36.58,5820.48,472,bronze,10,46.76,1
A0090,1772150045000,36.58,5820.48,440,silver,10,46.76,1
A0093,1772777344000,62.59,3406.98,803,silver,32,49.62,1
A0094,1773201675000,9.31,4820.44,648,silver,2,41.06,0
A0094,1773201675000,9.31,4820.44,667,silver,2,41.06,0
A0095,1772605386000,88.01,7741.74,337,gold,33,53.18,1
A0097,1772401000000,74.31,4783.51,700,gold,9,52.76,0
A0001,1773482046000,12.62,7794.85,301,bronze,5,48.71,0
A0001,1773482046000,12.62,7794.85,322,bronze,5,48.71,0
A0002,1773533318000,42.3,3487.04,314,silver,3,49.18,1
A0002,1773533318000,42.3,3487.04,394,gold,3,49.18,1
A0005,1773584013000,61.58,5060.23,622,bronze,4,41.47,0
A0010,1772742518000,48.6,2967.89,662,gold,37,48.21,0
A0010,1772742518000,48.6,2967.89,648,silver,37,48.21,0
A0014,1772951255000,9.16,2337.81,646,silver,16,46.81,1
A0016,1773530553000,26.94,2753.49,667,gold,17,46.66,1
A0018,1772833808000,41.11,1184.73,536,silver,36,64.31,0
A0018,1772833808000,41.11,1184.73,496,silver,36,64.31,0
A0019,1773057698000,28.51,7117.28,678,gold,27,51.31,0
A0020,1773239267000,31.05,4087.2,761,bronze,30,44.44,0
A0021,1773421617000,70.01,3803.53,405,gold,2,49.01,0
A0021,1773421617000,70.01,3803.53,368,silver,2,49.01,0
A0023,1773639389000,24.9,3769.84,788,silver,30,57.62,0
A0024,1773051955000,86.12,6610.58,697,silver,37,46.12,1
A0028,1773418467000,148.46,3266.81,683,gold,22,54.22,0
A0028,1773418467000,148.46,3266.81,621,bronze,22,54.22,0
A0036,1773600028000,37.49,5486.17,337,gold,0,51.98,1
A0036,1773600028000,37.49,5486.17,300,bronze,0,51.98,1
A0039,1773212738000,7.8,4764.83,367,silver,19,64.76,1
A0042,1773257148000,179.67,3283.35,480,gold,0,49.92,0
A0044,1773699927000,166.02,4186.16,544,bronze,0,43.05,1
A0044,1773699927000,166.02,4186.16,469,silver,0,43.05,1
A0046,1773101366000,18.2,3500.03,702,bronze,29,52.56,1
A0047,1773198803000,17.88,7784.73,453,gold,19,49.22,0
A0047,1773198803000,17.88,7784.73,526,bronze,19,49.22,0
A0049,1773280471000,49.9,2116.52,496,bronze,21,52.58,0
A0054,1773162549000,5.54,6689.75,779,bronze,15,44.65,0
A0054,1773162549000,5.54,6689.75,709,gold,15,44.65,0
A0059,1772844421000,53.48,5866.86,536,bronze,25,45.9,1
A0059,1772844421000,53.48,5866.86,616,gold,25,45.9,1
A0060,1773429192000,10.36,9539.55,651,silver,5,51.8,1
A0064,1773352088000,126.93,5696.34,520,bronze,22,47.42,1
A0064,1773352088000,126.93,5696.34,576,gold,22,47.42,1
A0067,1773218371000,47.14,7065.66,306,bronze,30,43.64,1
A0069,1773261848000,11.79,4737.79,801,silver,32,46.16,1
A0070,1773605593000,36.72,3275.93,713,bronze,16,47.54,0
A0075,1773324061000,116.72,8322.84,647,bronze,33,55.3,1
A0075,1773324061000,116.72,8322.84,595,bronze,33,55.3,1
A0076,1773623548000,19.7,3638.25,391,gold,30,46.85,0
A0079,1773582000000,23.84,8127.09,650,silver,25,59.99,1
A0079,1773582000000,23.84,8127.09,707,silver,25,59.99,1
A0081,1773357508000,140.46,1927.73,655,gold,32,48.07,1
A0081,1773357508000,140.46,1927.73,649,silver,32,48.07,1
A0082,1773230547000,8.51,2337.48,758,bronze,17,56.69,0
A0082,1773230547000,8.51,2337.48,790,silver,17,56.69,0
A0083,1773047399000,6.59,8326.49,440,bronze,15,49.99,1
A0083,1773047399000,6.59,8326.49,500,silver,15,49.99,1
A0084,1773392158000,50.36,4053.73,435,silver,22,50.64,1
A0091,1772984489000,199.03,4407.89,499,bronze,17,58.33,0
A0092,1773625211000,71.39,3847.13,302,gold,6,51.37,0
A0000,1772304939000,21.14,1426.14,729,gold,6,50.62,0
A0003,1772002067000,29.15,629.78,635,silver,15,52.13,1
A0004,1772086537000,17.11,9009.85,808,gold,31,46.73,0
A0006,1772921288000,22.48,6135.51,306,silver,31,49.23,0
A0006,1772921288000,22.48,6135.51,364,silver,31,49.23,0
A0007,1772402687000,19.64,6210.39,789,gold,23,51.23,1
A0008,1772533491000,105.63,6173.01,320,gold,35,49.8,0
A0009,1772362866000,11.53,3189.32,433,bronze,4,51.66,0
A0011,1772882905000,54.0,6029.16,739,gold,38,59.03,0
A0012,1773351720000,56.36,6804.3,530,bronze,10,44.41,1
A0012,1773351720000,56.36,6804.3,574,bronze,10,44.41,1
A0013,1771992198000,127.38,6151.29,318,bronze,31,53.45,0
A0015,1772346000000,37.35,4536.24,695,silver,26,47.9,0
A0015,1772346000000,37.35,4536.24,756,gold,26,47.9,0
A0017,1772437869000,33.63,5444.14,627,bronze,0,45.72,1
A0017,1772437869000,33.63,5444.14,699,gold,0,45.72,1
A0022,1772737441000,27.82,-1566.46,845,bronze,27,50.32,1
A0025,1772133384000,37.75,6613.05,375,gold,28,49.22,0
A0026,1772631959000,19.5,6072.97,740,bronze,5,48.31,1
A0027,1772767070000,9.83,3829.27,375,silver,33,39.93,0
A0029,1772375918000,56.04,9097.97,686,silver,37,57.34,0
A0031,1772438414000,136.38,3218.23,848,bronze,26,46.19,1
A0032,1772725237000,9.86,1888.75,776,silver,17,48.54,0
A0033,1772108079000,554.38,3130.98,406,gold,17,53.99,0
A0034,1772107506000,7.84,6623.58,525,silver,11,57.97,0
A0037,1772145288000,43.79,5747.42,844,silver,12,54.02,0
A0038,1772100788000,44.27,2221.33,597,gold,0,57.49,0
A0038,1772100788000,44.27,2221.33,582,bronze,0,57.49,0
A0043,1772487954000,44.89,4877.09,786,bronze,0,53.74,0
A0045,1772645690000,58.26,4961.66,770,bronze,21,47.56,1
A0045,1772645690000,58.26,4961.66,797,silver,21,47.56,1
A0048,1772721561000,54.77,5113.16,603,bronze,12,63.25,0
A0050,1773171825000,5.47,3434.39,346,gold,31,49.87,1
A0051,1772372388000,13.44,2306.4,384,gold,31,51.33,0
A0052,1772908341000,11.8,8492.78,723,bronze,14,44.27,1
A0055,1772169998000,52.56,5426.73,653,bronze,31,56.1,1
A0056,1772077551000,13.75,6074.14,722,bronze,13,43.62,1
A0057,1772528858000,14.66,6155.79,399,silver,8,46.73,0
A0058,1772062059000,103.66,4772.42,516,gold,7,55.23,0
A0061,1772941057000,107.39,4432.51,307,silver,16,42.84,1
A0061,1772941057000,107.39,4432.51,300,bronze,16,42.84,1
A0062,1772815600000,523.48,4039.74,771,silver,11,52.95,0
A0063,1772909258000,525.54,5114.08,656,gold,28,46.04,1
A0065,1773139790000,51.45,2665.4,608,silver,38,52.95,0
A0065,1773139790000,51.45,2665.4,684,silver,38,52.95,0
A0066,1773329133000,139.38,860.11,393,bronze,6,48.35,1
A0068,1772404011000,33.43,773.53,444,bronze,29,51.5,1
A0071,1772130290000,88.86,5566.98,735,gold,16,49.17,0
A0072,1772520709000,369.07,5482.12,564,bronze,23,48.05,1
A0072,1772520709000,369.07,5482.12,580,bronze,23,48.05,1
A0073,1772776784000,119.18,8082.95,710,bronze,20,48.08,0
A0073,1772776784000,119.18,8082.95,651,silver,20,48.08,0
A0074,1772311248000,9.39,6112.33,768,bronze,16,56.59,0
A0077,1772870626000,22.68,4037.95,735,silver,22,53.23,0
A0077,1772870626000,22.68,4037.95,697,silver,22,53.23,0
A0078,1773025240000,56.56,5931.94,553,gold,10,37.88,1
A0085,1772157868000,55.9,3684.05,745,gold,28,52.28,1
A0086,1772430414000,38.69,8077.1,715,silver,30,49.37,0
A0086,1772430414000,38.69,8077.1,750,bronze,30,49.37,0
A0087,1773025914000,20.8,5850.06,420,bronze,5,61.15,1
A0088,1772237126000,4.86,5841.08,619,bronze,36,45.96,0
A0089,1772729547000,31.29,-878.52,403,gold,33,44.06,0
A0090,1772150045000,18.71,6200.16,472,bronze,10,46.76,1
A0090,1772150045000,18.71,6200.16,440,silver,10,46.76,1
A0093,1772777344000,43.53,2979.01,803,silver,32,49.62,1
A0094,1773201675000,2.3,5616.9,648,silver,2,41.06,0
A0094,1773201675000,2.3,5616.9,667,silver,2,41.06,0
A0095,1772605386000,30.91,7600.25,337,gold,33,53.18,1
A0096,1772228370000,76.53,3024.79,704,silver,24,49.53,1
A0097,1772401000000,74.31,4783.51,700,gold,9,52.76,0
A0099,1772231801000,65.17,8271.75,679,gold,13,47.72,0
A0001,1773482046000,5.6,7103.64,301,bronze,5,48.71,0
A0001,1773482046000,5.6,7103.64,322,bronze,5,48.71,0
A0002,1773533318000,25.77,3760.77,314,silver,3,49.18,1
A0002,1773533318000,25.77,3760.77,394,gold,3,49.18,1
A0005,1773584013000,33.42,4787.26,622,bronze,4,41.47,0
A0010,1772742518000,23.39,2538.51,662,gold,37,48.21,0
A0010,1772742518000,23.39,2538.51,648,silver,37,48.21,0
A0014,1772951255000,23.67,2148.67,646,silver,16,46.81,1
A0016,1773530553000,47.81,3370.43,667,gold,17,46.66,1
A0018,1772833808000,87.75,1104.54,536,silver,36,64.31,0
A0018,1772833808000,87.75,1104.54,496,silver,36,64.31,0
A0019,1773057698000,28.51,7117.28,678,gold,27,51.31,0
A0020,1773239267000,18.6,4505.97,761,bronze,30,44.44,0
A0021,1773421617000,25.32,3978.28,405,gold,2,49.01,0
A0021,1773421617000,25.32,3978.28,368,silver,2,49.01,0
A0023,1773639389000,71.45,3816.88,788,silver,30,57.62,0
A0024,1773051955000,118.92,6005.52,697,silver,37,46.12,1
A0028,1773418467000,13.2,3983.59,683,gold,22,54.22,0
A0028,1773418467000,13.2,3983.59,621,bronze,22,54.22,0
A0036,1773600028000,18.9,5804.3,337,gold,0,51.98,1
A0036,1773600028000,18.9,5804.3,300,bronze,0,51.98,1
A0039,1773212738000,3.66,5168.53,367,silver,19,64.76,1
A0042,1773257148000,385.67,3209.03,480,gold,0,49.92,0
A0044,1773699927000,240.51,4736.34,544,bronze,0,43.05,1
A0044,1773699927000,240.51,4736.34,469,silver,0,43.05,1
A0046,1773101366000,89.69,4191.3,702,bronze,29,52.56,1
A0047,1773198803000,9.52,7636.04,453,gold,19,49.22,0
A0047,1773198803000,9.52,7636.04,526,bronze,19,49.22,0
A0049,1773280471000,73.01,2665.03,496,bronze,21,52.58,0
A0054,1773162549000,21.52,6751.88,779,bronze,15,44.65,0
A0054,1773162549000,21.52,6751.88,709,gold,15,44.65,0
A0059,1772844421000,60.19,4984.32,536,bronze,25,45.9,1
A0059,1772844421000,60.19,4984.32,616,gold,25,45.9,1
A0060,1773429192000,10.36,9539.55,651,silver,5,51.8,1
A0064,1773352088000,32.04,5561.59,520,bronze,22,47.42,1
A0064,1773352088000,32.04,5561.59,576,gold,22,47.42,1
A0067,1773218371000,49.55,7213.72,306,bronze,30,43.64,1
A0069,1773261848000,14.3,4295.94,801,silver,32,46.16,1
A0070,1773605593000,32.14,3113.42,713,bronze,16,47.54,0
A0075,1773324061000,12.37,9346.62,647,bronze,33,55.3,1
A0075,1773324061000,12.37,9346.62,595,bronze,33,55.3,1
A0076,1773623548000,15.93,4371.36,391,gold,30,46.85,0
A0079,1773582000000,51.08,8486.83,650,silver,25,59.99,1
A0079,1773582000000,51.08,8486.83,707,silver,25,59.99,1
A0081,1773357508000,114.66,2054.56,655,gold,32,48.07,1
A0081,1773357508000,114.66,2054.56,649,silver,32,48.07,1
A0082,1773230547000,49.71,2433.79,758,bronze,17,56.69,0
A0082,1773230547000,49.71,2433.79,790,silver,17,56.69,0
A0083,1773047399000,5.27,8666.27,440,bronze,15,49.99,1
A0083,1773047399000,5.27,8666.27,500,silver,15,49.99,1
A0084,1773392158000,32.34,3658.22,435,silver,22,50.64,1
A0091,1772984489000,12.83,4739.43,499,bronze,17,58.33,0
A0092,1773625211000,166.95,3764.41,302,gold,6,51.37,0
A0000,1772304939000,23.02,1566.83,729,gold,6,50.62,0
A0003,1772002067000,12.12,574.93,635,silver,15,52.13,1
A0004,1772086537000,55.06,8714.93,808,gold,31,46.73,0
A0006,1772921288000,39.31,6124.41,306,silver,31,49.23,0
A0006,1772921288000,39.31,6124.41,364,silver,31,49.23,0
A0007,1772402687000,128.73,5926.03,789,gold,23,51.23,1
A0008,1772533491000,112.34,6492.41,320,gold,35,49.8,0
A0009,1772362866000,11.53,3189.32,433,bronze,4,51.66,0
A0011,1772882905000,43.07,5994.25,739,gold,38,59.03,0
A0012,1773351720000,56.36,6804.3,530,bronze,10,44.41,1
A0012,1773351720000,56.36,6804.3,574,bronze,10,44.41,1
A0013,1771992198000,9.42,5769.58,318,bronze,31,53.45,0
A0015,1772346000000,27.13,3897.44,695,silver,26,47.9,0
A0015,1772346000000,27.13,3897.44,756,gold,26,47.9,0
A0017,1772437869000,27.1,6038.08,627,bronze,0,45.72,1
A0017,1772437869000,27.1,6038.08,699,gold,0,45.72,1
A0022,1772737441000,3.34,-746.63,845,bronze,27,50.32,1
A0025,1772133384000,13.42,5888.17,375,gold,28,49.22,0
A0026,1772631959000,21.5,5567.62,740,bronze,5,48.31,1
A0027,1772767070000,6.14,3630.57,375,silver,33,39.93,0
A0029,1772375918000,38.22,8795.73,686,silver,37,57.34,0
A0030,1772303825000,15.61,7719.2,668,bronze,10,43.34,1
A0030,1772303825000,15.61,7719.2,737,silver,10,43.34,1
A0031,1772438414000,63.89,3880.55,848,bronze,26,46.19,1
A0032,1772725237000,18.83,1735.11,776,silver,17,48.54,0
A0033,1772108079000,10.74,3439.45,406,gold,17,53.99,0
A0034,1772107506000,34.65,6322.19,525,silver,11,57.97,0
A0035,1771998570000,91.43,8046.8,638,bronze,9,50.49,0
A0037,1772145288000,17.46,6283.08,844,silver,12,54.02,0
A0038,1772100788000,10.65,2413.46,597,gold,0,57.49,0
A0038,1772100788000,10.65,2413.46,582,bronze,0,57.49,0
A0040,1772229558000,29.26,5666.07,314,bronze,14,48.15,1
A0043,1772487954000,21.04,4922.17,786,bronze,0,53.74,0
A0045,1772645690000,147.98,5292.7,770,bronze,21,47.56,1
A0045,1772645690000,147.98,5292.7,797,silver,21,47.56,1
A0048,1772721561000,59.53,4980.91,603,bronze,12,63.25,0
A0050,1773171825000,25.02,3590.22,346,gold,31,49.87,1
A0052,1772908341000,18.72,8941.81,723,bronze,14,44.27,1
A0053,1772467823000,35.16,5813.07,439,silver,38,51.44,1
A0055,1772169998000,3.48,5039.64,653,bronze,31,56.1,1
A0056,1772077551000,118.89,5765.19,722,bronze,13,43.62,1
A0057,1772528858000,12.26,5733.29,399,silver,8,46.73,0
A0058,1772062059000,50.32,5399.09,516,gold,7,55.23,0
A0061,1772941057000,26.52,4168.86,307,silver,16,42.84,1
A0061,1772941057000,26.52,4168.86,300,bronze,16,42.84,1
A0062,1772815600000,3.68,4157.73,771,silver,11,52.95,0
A0063,1772909258000,30.77,4504.3,656,gold,28,46.04,1
A0065,1773139790000,43.07,1942.07,608,silver,38,52.95,0
A0065,1773139790000,43.07,1942.07,684,silver,38,52.95,0
A0066,1773329133000,191.44,500.53,393,bronze,6,48.35,1
A0068,1772404011000,8.53,1468.28,444,bronze,29,51.5,1
A0071,1772130290000,156.24,4878.12,735,gold,16,49.17,0
A0072,1772520709000,37.81,5472.14,564,bronze,23,48.05,1
A0072,1772520709000,37.81,5472.14,580,bronze,23,48.05,1
A0073,1772776784000,59.49,7900.1,710,bronze,20,48.08,0
A0073,1772776784000,59.49,7900.1,651,silver,20,48.08,0
A0074,1772311248000,74.35,6578.24,768,bronze,16,56.59,0
A0077,1772870626000,9.95,3809.23,735,silver,22,53.23,0
A0077,1772870626000,9.95,3809.23,697,silver,22,53.23,0
A0078,1773025240000,55.05,6631.89,553,gold,10,37.88,1
A0080,1772100088000,147.04,6838.08,731,gold,13,55.66,0
A0080,1772100088000,147.04,6838.08,664,gold,13,55.66,0
A0085,1772157868000,8.54,4027.8,745,gold,28,52.28,1
A0086,1772430414000,43.01,8485.31,715,silver,30,49.37,0
A0086,1772430414000,43.01,8485.31,750,bronze,30,49.37,0
A0087,1773025914000,51.76,6593.71,420,bronze,5,61.15,1
A0088,1772237126000,56.82,5459.99,619,bronze,36,45.96,0
A0089,1772729547000,25.75,-521.8,403,gold,33,44.06,0
A0093,1772777344000,6.59,2353.56,803,silver,32,49.62,1
A0094,1773201675000,165.99,4233.62,648,silver,2,41.06,0
A0094,1773201675000,165.99,4233.62,667,silver,2,41.06,0
A0095,1772605386000,94.19,7765.51,337,gold,33,53.18,1
A0096,1772228370000,23.24,3081.3,704,silver,24,49.53,1
A0097,1772401000000,27.42,4544.99,700,gold,9,52.76,0
A0098,1772183464000,325.99,4128.38,572,gold,37,53.87,1
A0098,1772183464000,325.99,4128.38,632,bronze,37,53.87,1
A0099,1772231801000,20.73,8373.73,679,gold,13,47.72,0
A0001,1773482046000,7.64,7170.01,301,bronze,5,48.71,0
A0001,1773482046000,7.64,7170.01,322,bronze,5,48.71,0
A0002,1773533318000,26.61,4228.62,314,silver,3,49.18,1
A0002,1773533318000,26.61,4228.62,394,gold,3,49.18,1
A0005,1773584013000,25.63,4562.85,622,bronze,4,41.47,0
A0010,1772742518000,4.36,2594.53,662,gold,37,48.21,0
A0010,1772742518000,4.36,2594.53,648,silver,37,48.21,0
A0016,1773530553000,28.67,4364.28,667,gold,17,46.66,1
A0018,1772833808000,110.86,742.66,536,silver,36,64.31,0
A0018,1772833808000,110.86,742.66,496,silver,36,64.31,0
A0019,1773057698000,8.22,6456.8,678,gold,27,51.31,0
A0020,1773239267000,139.74,4612.71,761,bronze,30,44.44,0
A0021,1773421617000,17.14,3814.65,405,gold,2,49.01,0
A0021,1773421617000,17.14,3814.65,368,silver,2,49.01,0
A0023,1773639389000,128.64,4163.35,788,silver,30,57.62,0
A0024,1773051955000,424.29,6064.07,697,silver,37,46.12,1
A0028,1773418467000,21.69,4086.2,683,gold,22,54.22,0
A0028,1773418467000,21.69,4086.2,621,bronze,22,54.22,0
A0036,1773600028000,19.68,6064.38,337,gold,0,51.98,1
A0036,1773600028000,19.68,6064.38,300,bronze,0,51.98,1
A0039,1773212738000,52.82,4600.71,367,silver,19,64.76,1
A0042,1773257148000,19.13,3794.52,480,gold,0,49.92,0
A0044,1773699927000,68.64,5327.42,544,bronze,0,43.05,1
A0044,1773699927000,68.64,5327.42,469,silver,0,43.05,1
A0046,1773101366000,81.41,4673.06,702,bronze,29,52.56,1
A0047,1773198803000,27.69,7834.56,453,gold,19,49.22,0
A0047,1773198803000,27.69,7834.56,526,bronze,19,49.22,0
A0054,1773162549000,6.79,6781.91,779,bronze,15,44.65,0
A0054,1773162549000,6.79,6781.91,709,gold,15,44.65,0
A0059,1772844421000,50.2,4253.14,536,bronze,25,45.9,1
A0059,1772844421000,50.2,4253.14,616,gold,25,45.9,1
A0060,1773429192000,42.75,9592.93,651,silver,5,51.8,1
A0064,1773352088000,27.64,5538.96,520,bronze,22,47.42,1
A0064,1773352088000,27.64,5538.96,576,gold,22,47.42,1
A0067,1773218371000,12.63,7981.15,306,bronze,30,43.64,1
A0069,1773261848000,16.72,4648.62,801,silver,32,46.16,1
A0070,1773605593000,13.25,3492.96,713,bronze,16,47.54,0
A0075,1773324061000,96.13,9456.4,647,bronze,33,55.3,1
A0075,1773324061000,96.13,9456.4,595,bronze,33,55.3,1
A0076,1773623548000,113.24,4353.83,391,gold,30,46.85,0
A0079,1773582000000,105.81,7734.35,650,silver,25,59.99,1
A0079,1773582000000,105.81,7734.35,707,silver,25,59.99,1
A0081,1773357508000,17.93,1827.56,655,gold,32,48.07,1
A0081,1773357508000,17.93,1827.56,649,silver,32,48.07,1
A0082,1773230547000,35.87,2583.33,758,bronze,17,56.69,0
A0082,1773230547000,35.87,2583.33,790,silver,17,56.69,0
A0083,1773047399000,83.8,8689.86,440,bronze,15,49.99,1
A0083,1773047399000,83.8,8689.86,500,silver,15,49.99,1
A0091,1772984489000,6.18,4532.13,499,bronze,17,58.33,0
A0092,1773625211000,63.68,3712.53,302,gold,6,51.37,0
A0000,1772304939000,13.64,1040.31,729,gold,6,50.62,0
A0003,1772002067000,22.96,596.85,635,silver,15,52.13,1
A0006,1772921288000,33.6,5589.22,306,silver,31,49.23,0
A0006,1772921288000,33.6,5589.22,364,silver,31,49.23,0
A0007,1772402687000,75.24,5896.76,789,gold,23,51.23,1
A0008,1772533491000,74.78,6079.19,320,gold,35,49.8,0
A0009,1772362866000,22.22,3612.1,433,bronze,4,51.66,0
A0012,1773351720000,24.41,6699.42,530,bronze,10,44.41,1
A0012,1773351720000,24.41,6699.42,574,bronze,10,44.41,1
A0013,1771992198000,22.96,5313.04,318,bronze,31,53.45,0
A0015,1772346000000,71.37,4417.59,695,silver,26,47.9,0
A0015,1772346000000,71.37,4417.59,756,gold,26,47.9,0
A0017,1772437869000,54.94,6146.77,627,bronze,0,45.72,1
A0017,1772437869000,54.94,6146.77,699,gold,0,45.72,1
A0022,1772737441000,61.98,89.86,845,bronze,27,50.32,1
A0025,1772133384000,219.09,5867.78,375,gold,28,49.22,0
A0026,1772631959000,37.39,5591.1,740,bronze,5,48.31,1
A0027,1772767070000,654.26,3637.41,375,silver,33,39.93,0
A0029,1772375918000,23.52,8785.89,686,silver,37,57.34,0
A0030,1772303825000,29.34,7910.02,668,bronze,10,43.34,1
A0030,1772303825000,29.34,7910.02,737,silver,10,43.34,1
A0031,1772438414000,35.88,3383.5,848,bronze,26,46.19,1
A0032,1772725237000,159.05,1924.56,776,silver,17,48.54,0
A0033,1772108079000,6.3,2937.43,406,gold,17,53.99,0
A0034,1772107506000,70.27,6185.73,525,silver,11,57.97,0
A0035,1771998570000,17.82,7422.94,638,bronze,9,50.49,0
A0037,1772145288000,79.19,5528.36,844,silver,12,54.02,0
A0038,1772100788000,89.67,2663.08,597,gold,0,57.49,0
A0038,1772100788000,89.67,2663.08,582,bronze,0,57.49,0
A0040,1772229558000,52.16,5300.83,314,bronze,14,48.15,1
A0041,1772562988000,51.79,4984.86,696,silver,2,43.14,0
A0045,1772645690000,32.2,5321.02,770,bronze,21,47.56,1
A0045,1772645690000,32.2,5321.02,797,silver,21,47.56,1
A0048,1772721561000,46.81,4783.86,603,bronze,12,63.25,0
A0050,1773171825000,134.7,2658.58,346,gold,31,49.87,1
A0052,1772908341000,153.53,8939.79,723,bronze,14,44.27,1
A0053,1772467823000,27.52,5688.61,439,silver,38,51.44,1
A0055,1772169998000,67.62,4561.39,653,bronze,31,56.1,1
A0056,1772077551000,8.69,5999.72,722,bronze,13,43.62,1
A0057,1772528858000,3.86,5827.16,399,silver,8,46.73,0
A0058,1772062059000,160.58,5820.23,516,gold,7,55.23,0
A0061,1772941057000,42.28,4555.41,307,silver,16,42.84,1
A0061,1772941057000,42.28,4555.41,300,bronze,16,42.84,1
A0062,1772815600000,29.07,4084.32,771,silver,11,52.95,0
A0063,1772909258000,22.24,4701.47,656,gold,28,46.04,1
A0065,1773139790000,35.36,1889.8,608,silver,38,52.95,0
A0065,1773139790000,35.36,1889.8,684,silver,38,52.95,0
A0066,1773329133000,25.07,1414.01,393,bronze,6,48.35,1
A0068,1772404011000,8.53,1468.28,444,bronze,29,51.5,1
A0072,1772520709000,49.91,4922.21,564,bronze,23,48.05,1
A0072,1772520709000,49.91,4922.21,580,bronze,23,48.05,1
A0073,1772776784000,16.48,7406.57,710,bronze,20,48.08,0
A0073,1772776784000,16.48,7406.57,651,silver,20,48.08,0
A0074,1772311248000,8.76,5818.33,768,bronze,16,56.59,0
A0077,1772870626000,28.26,3927.58,735,silver,22,53.23,0
A0077,1772870626000,28.26,3927.58,697,silver,22,53.23,0
A0078,1773025240000,80.32,6214.42,553,gold,10,37.88,1
A0080,1772100088000,20.04,5736.56,731,gold,13,55.66,0
A0080,1772100088000,20.04,5736.56,664,gold,13,55.66,0
A0086,1772430414000,28.15,8308.47,715,silver,30,49.37,0
A0086,1772430414000,28.15,8308.47,750,bronze,30,49.37,0
A0087,1773025914000,44.33,6657.02,420,bronze,5,61.15,1
A0088,1772237126000,18.58,5111.19,619,bronze,36,45.96,0
A0089,1772729547000,116.0,-765.45,403,gold,33,44.06,0
A0090,1772150045000,10.22,6082.85,472,bronze,10,46.76,1
A0090,1772150045000,10.22,6082.85,440,silver,10,46.76,1
A0093,1772777344000,102.16,2126.34,803,silver,32,49.62,1
A0094,1773201675000,21.29,4721.47,648,silver,2,41.06,0
A0094,1773201675000,21.29,4721.47,667,silver,2,41.06,0
A0095,1772605386000,40.74,7309.66,337,gold,33,53.18,1
A0096,1772228370000,21.01,3094.05,704,silver,24,49.53,1
A0097,1772401000000,5.45,5250.96,700,gold,9,52.76,0
A0098,1772183464000,15.02,3889.41,572,gold,37,53.87,1
A0098,1772183464000,15.02,3889.41,632,bronze,37,53.87,1
A0099,1772231801000,18.84,8897.73,679,gold,13,47.72,0
A0001,1773482046000,25.28,7193.97,301,bronze,5,48.71,0
A0001,1773482046000,25.28,7193.97,322,bronze,5,48.71,0
A0002,1773533318000,96.22,4174.94,314,silver,3,49.18,1
A0002,1773533318000,96.22,4174.94,394,gold,3,49.18,1
A0016,1773530553000,28.67,4364.28,667,gold,17,46.66,1
A0018,1772833808000,110.86,742.66,536,silver,36,64.31,0
A0018,1772833808000,110.86,742.66,496,silver,36,64.31,0
A0019,1773057698000,61.36,6377.91,678,gold,27,51.31,0
A0020,1773239267000,118.38,4245.46,761,bronze,30,44.44,0
A0023,1773639389000,35.62,3805.55,788,silver,30,57.62,0
A0028,1773418467000,7.51,3524.64,683,gold,22,54.22,0
A0028,1773418467000,7.51,3524.64,621,bronze,22,54.22,0
A0036,1773600028000,25.04,5990.39,337,gold,0,51.98,1
A0036,1773600028000,25.04,5990.39,300,bronze,0,51.98,1
A0042,1773257148000,153.3,3768.54,480,gold,0,49.92,0
A0044,1773699927000,15.51,5530.6,544,bronze,0,43.05,1
A0044,1773699927000,15.51,5530.6,469,silver,0,43.05,1
A0046,1773101366000,81.41,4673.06,702,bronze,29,52.56,1
A0047,1773198803000,12.45,7973.87,453,gold,19,49.22,0
A0047,1773198803000,12.45,7973.87,526,bronze,19,49.22,0
A0054,1773162549000,4.11,6536.58,779,bronze,15,44.65,0
A0054,1773162549000,4.11,6536.58,709,gold,15,44.65,0
A0059,1772844421000,50.2,4253.14,536,bronze,25,45.9,1
A0059,1772844421000,50.2,4253.14,616,gold,25,45.9,1
A0060,1773429192000,33.5,9276.9,651,silver,5,51.8,1
A0064,1773352088000,19.87,6335.52,520,bronze,22,47.42,1
A0064,1773352088000,19.87,6335.52,576,gold,22,47.42,1
A0067,1773218371000,13.21,7861.44,306,bronze,30,43.64,1
A0069,1773261848000,6.39,4810.55,801,silver,32,46.16,1
A0070,1773605593000,32.58,3417.71,713,bronze,16,47.54,0
A0076,1773623548000,29.58,4255.95,391,gold,30,46.85,0
A0079,1773582000000,20.02,7762.47,650,silver,25,59.99,1
A0079,1773582000000,20.02,7762.47,707,silver,25,59.99,1
A0081,1773357508000,17.93,1827.56,655,gold,32,48.07,1
A0081,1773357508000,17.93,1827.56,649,silver,32,48.07,1
A0082,1773230547000,17.79,2957.15,758,bronze,17,56.69,0
A0082,1773230547000,17.79,2957.15,790,silver,17,56.69,0
A0092,1773625211000,18.0,4299.01,302,gold,6,51.37,0
A0000,1772304939000,9.11,1010.21,729,gold,6,50.62,0
A0006,1772921288000,112.98,5881.84,306,silver,31,49.23,0
A0006,1772921288000,112.98,5881.84,364,silver,31,49.23,0
A0007,1772402687000,31.33,5359.38,789,gold,23,51.23,1
A0008,1772533491000,91.24,4839.94,320,gold,35,49.8,0
A0012,1773351720000,16.32,7438.36,530,bronze,10,44.41,1
A0012,1773351720000,16.32,7438.36,574,bronze,10,44.41,1
A0013,1771992198000,102.12,5900.81,318,bronze,31,53.45,0
A0015,1772346000000,225.52,4348.89,695,silver,26,47.9,0
A0015,1772346000000,225.52,4348.89,756,gold,26,47.9,0
A0017,1772437869000,28.29,5831.29,627,bronze,0,45.72,1
A0017,1772437869000,28.29,5831.29,699,gold,0,45.72,1
A0022,1772737441000,11.54,-382.1,845,bronze,27,50.32,1
A0025,1772133384000,6.5,5898.23,375,gold,28,49.22,0
A0030,1772303825000,13.32,7774.09,668,bronze,10,43.34,1
A0030,1772303825000,13.32,7774.09,737,silver,10,43.34,1
A0031,1772438414000,44.92,3387.87,848,bronze,26,46.19,1
A0032,1772725237000,3.81,1561.51,776,silver,17,48.54,0
A0034,1772107506000,668.15,6020.43,525,silver,11,57.97,0
A0035,1771998570000,31.9,7140.77,638,bronze,9,50.49,0
A0038,1772100788000,17.01,2673.35,597,gold,0,57.49,0
A0038,1772100788000,17.01,2673.35,582,bronze,0,57.49,0
A0040,1772229558000,61.33,5003.27,314,bronze,14,48.15,1
A0041,1772562988000,10.05,5062.0,696,silver,2,43.14,0
A0050,1773171825000,14.02,2672.92,346,gold,31,49.87,1
A0051,1772372388000,72.37,1814.27,384,gold,31,51.33,0
A0052,1772908341000,92.07,9047.05,723,bronze,14,44.27,1
A0053,1772467823000,119.92,4484.66,439,silver,38,51.44,1
A0055,1772169998000,15.78,3937.05,653,bronze,31,56.1,1
A0056,1772077551000,12.35,5993.07,722,bronze,13,43.62,1
A0057,1772528858000,2.76,5573.73,399,silver,8,46.73,0
A0058,1772062059000,11.12,6212.87,516,gold,7,55.23,0
A0061,1772941057000,31.93,4047.07,307,silver,16,42.84,1
A0061,1772941057000,31.93,4047.07,300,bronze,16,42.84,1
A0063,1772909258000,29.36,4604.24,656,gold,28,46.04,1
A0065,1773139790000,7.64,2179.85,608,silver,38,52.95,0
A0065,1773139790000,7.64,2179.85,684,silver,38,52.95,0
A0066,1773329133000,9.05,1381.4,393,bronze,6,48.35,1
A0068,1772404011000,59.47,989.96,444,bronze,29,51.5,1
A0072,1772520709000,58.16,4684.86,564,bronze,23,48.05,1
A0072,1772520709000,58.16,4684.86,580,bronze,23,48.05,1
A0073,1772776784000,18.66,7149.84,710,bronze,20,48.08,0
A0073,1772776784000,18.66,7149.84,651,silver,20,48.08,0
A0080,1772100088000,10.36,6311.64,731,gold,13,55.66,0
A0080,1772100088000,10.36,6311.64,664,gold,13,55.66,0
A0087,1773025914000,89.87,7197.02,420,bronze,5,61.15,1
A0089,1772729547000,53.45,-850.31,403,gold,33,44.06,0
A0090,1772150045000,14.65,5649.68,472,bronze,10,46.76,1
A0090,1772150045000,14.65,5649.68,440,silver,10,46.76,1
A0093,1772777344000,31.12,2507.98,803,silver,32,49.62,1
A0096,1772228370000,25.4,2656.67,704,silver,24,49.53,1
A0097,1772401000000,104.69,5464.67,700,gold,9,52.76,0
A0098,1772183464000,487.91,3540.28,572,gold,37,53.87,1
A0098,1772183464000,487.91,3540.28,632,bronze,37,53.87,1
A0099,1772231801000,36.73,8492.56,679,gold,13,47.72,0
A0019,1773057698000,15.69,6477.77,678,gold,27,51.31,0
A0036,1773600028000,20.67,6331.03,337,gold,0,51.98,1
A0036,1773600028000,20.67,6331.03,300,bronze,0,51.98,1
A0046,1773101366000,25.25,4493.91,702,bronze,29,52.56,1
A0047,1773198803000,29.16,8204.51,453,gold,19,49.22,0
A0047,1773198803000,29.16,8204.51,526,bronze,19,49.22,0
A0054,1773162549000,45.04,6040.04,779,bronze,15,44.65,0
A0054,1773162549000,45.04,6040.04,709,gold,15,44.65,0
A0060,1773429192000,236.04,9781.93,651,silver,5,51.8,1
A0067,1773218371000,13.83,7690.19,306,bronze,30,43.64,1
A0069,1773261848000,50.99,5103.57,801,silver,32,46.16,1
A0076,1773623548000,32.89,4341.84,391,gold,30,46.85,0
A0079,1773582000000,12.48,7796.83,650,silver,25,59.99,1
A0079,1773582000000,12.48,7796.83,707,silver,25,59.99,1
A0081,1773357508000,97.93,1386.72,655,gold,32,48.07,1
A0081,1773357508000,97.93,1386.72,649,silver,32,48.07,1
A0082,1773230547000,9.3,3198.07,758,bronze,17,56.69,0
A0082,1773230547000,9.3,3198.07,790,silver,17,56.69,0
A0000,1772304939000,37.85,1424.53,729,gold,6,50.62,0
A0006,1772921288000,237.53,5864.41,306,silver,31,49.23,0
A0006,1772921288000,237.53,5864.41,364,silver,31,49.23,0
A0007,1772402687000,31.95,5813.5,789,gold,23,51.23,1
A0008,1772533491000,13.99,4898.25,320,gold,35,49.8,0
A0012,1773351720000,43.1,6181.91,530,bronze,10,44.41,1
A0012,1773351720000,43.1,6181.91,574,bronze,10,44.41,1
A0013,1771992198000,75.23,6030.68,318,bronze,31,53.45,0
A0015,1772346000000,18.93,4929.61,695,silver,26,47.9,0
A0015,1772346000000,18.93,4929.61,756,gold,26,47.9,0
A0017,1772437869000,86.64,5327.62,627,bronze,0,45.72,1
A0017,1772437869000,86.64,5327.62,699,gold,0,45.72,1
A0022,1772737441000,117.98,88.15,845,bronze,27,50.32,1
A0025,1772133384000,4.67,5434.84,375,gold,28,49.22,0
A0031,1772438414000,32.91,3227.2,848,bronze,26,46.19,1
A0032,1772725237000,4.66,1820.07,776,silver,17,48.54,0
A0034,1772107506000,324.24,5454.31,525,silver,11,57.97,0
A0035,1771998570000,7.2,6993.64,638,bronze,9,50.49,0
A0040,1772229558000,46.19,5475.0,314,bronze,14,48.15,1
A0041,1772562988000,156.95,4263.71,696,silver,2,43.14,0
A0050,1773171825000,31.12,3268.06,346,gold,31,49.87,1
A0051,1772372388000,5.85,1752.94,384,gold,31,51.33,0
A0052,1772908341000,44.53,9179.5,723,bronze,14,44.27,1
A0055,1772169998000,13.42,3948.97,653,bronze,31,56.1,1
A0065,1773139790000,2.07,2267.94,608,silver,38,52.95,0
A0065,1773139790000,2.07,2267.94,684,silver,38,52.95,0
A0066,1773329133000,13.34,785.93,393,bronze,6,48.35,1
A0068,1772404011000,26.58,1535.31,444,bronze,29,51.5,1
A0073,1772776784000,8.38,7512.22,710,bronze,20,48.08,0
A0073,1772776784000,8.38,7512.22,651,silver,20,48.08,0
A0080,1772100088000,10.36,6311.64,731,gold,13,55.66,0
A0080,1772100088000,10.36,6311.64,664,gold,13,55.66,0
A0087,1773025914000,72.31,7179.63,420,bronze,5,61.15,1
A0089,1772729547000,22.02,-227.75,403,gold,33,44.06,0
A0090,1772150045000,62.1,5860.9,472,bronze,10,46.76,1
A0090,1772150045000,62.1,5860.9,440,silver,10,46.76,1
A0096,1772228370000,60.45,3298.26,704,silver,24,49.53,1
A0098,1772183464000,487.91,3540.28,572,gold,37,53.87,1
A0098,1772183464000,487.91,3540.28,632,bronze,37,53.87,1
A0099,1772231801000,36.73,8492.56,679,gold,13,47.72,0
A0019,1773057698000,21.05,6742.4,678,gold,27,51.31,0
A0047,1773198803000,3.18,7526.88,453,gold,19,49.22,0
A0047,1773198803000,3.18,7526.88,526,bronze,19,49.22,0
A0060,1773429192000,39.52,9495.82,651,silver,5,51.8,1
A0067,1773218371000,29.04,7219.06,306,bronze,30,43.64,1
A0069,1773261848000,4.79,5639.54,801,silver,32,46.16,1
A0081,1773357508000,58.09,2124.85,655,gold,32,48.07,1
A0081,1773357508000,58.09,2124.85,649,silver,32,48.07,1
A0082,1773230547000,14.25,3715.56,758,bronze,17,56.69,0
A0082,1773230547000,14.25,3715.56,790,silver,17,56.69,0
A0000,1772304939000,6.74,1196.05,729,gold,6,50.62,0
A0007,1772402687000,31.95,5813.5,789,gold,23,51.23,1
A0017,1772437869000,33.83,5633.3,627,bronze,0,45.72,1
A0017,1772437869000,33.83,5633.3,699,gold,0,45.72,1
A0025,1772133384000,4.67,5434.84,375,gold,28,49.22,0
A0041,1772562988000,72.48,3995.31,696,silver,2,43.14,0
A0050,1773171825000,64.42,3085.44,346,gold,31,49.87,1
A0051,1772372388000,65.22,2811.86,384,gold,31,51.33,0
A0055,1772169998000,32.95,3863.06,653,bronze,31,56.1,1
A0068,1772404011000,26.58,1535.31,444,bronze,29,51.5,1
A0073,1772776784000,8.38,7512.22,710,bronze,20,48.08,0
A0073,1772776784000,8.38,7512.22,651,silver,20,48.08,0
A0090,1772150045000,18.23,6158.82,472,bronze,10,46.76,1
A0090,1772150045000,18.23,6158.82,440,silver,10,46.76,1
A0098,1772183464000,126.27,3385.24,572,gold,37,53.87,1
A0098,1772183464000,126.27,3385.24,632,bronze,37,53.87,1
A0099,1772231801000,77.06,8596.24,679,gold,13,47.72,0
A0000,1772304939000,6.74,1196.05,729,gold,6,50.62,0
A0007,1772402687000,119.32,6590.68,789,gold,23,51.23,1
A0050,1773171825000,64.42,3085.44,346,gold,31,49.87,1
A0051,1772372388000,13.9,2865.78,384,gold,31,51.33,0
A0073,1772776784000,54.66,7233.38,710,bronze,20,48.08,0
A0073,1772776784000,54.66,7233.38,651,silver,20,48.08,0
A0090,1772150045000,18.23,6158.82,472,bronze,10,46.76,1
A0090,1772150045000,18.23,6158.82,440,silver,10,46.76,1
A0098,1772183464000,67.16,3338.89,572,gold,37,53.87,1
A0098,1772183464000,67.16,3338.89,632,bronze,37,53.87,1
