entity_id,event_time,f1,f2,f3,f4,f5,f6
E0000,2026-01-01T00:00:00Z,4.1421,3.4635,3.9293,5.3195,6.7012,9.51
E0001,2026-01-01T00:00:00Z,3.1657,0.6564,4.2443,5.1367,8.8568,9.156
E0002,2026-01-01T00:00:00Z,2.7079,0.0751,4.1388,5.6793,8.6892,10.1091
E0003,2026-01-01T00:00:00Z,2.6601,1.8916,1.9638,4.6985,6.0969,8.1234
E0004,2026-01-01T00:00:00Z,2.3797,-1.0286,3.52,5.1202,7.2193,10.1047
E0005,2026-01-01T00:00:00Z,2.4207,1.7844,1.7256,5.4814,8.2986,9.0932
E0006,2026-01-01T00:00:00Z,3.3761,-0.0676,2.6351,6.1896,7.4024,8.8745
E0007,2026-01-01T00:00:00Z,2.2047,3.2516,3.6119,5.4284,7.3007,9.0164
E0008,2026-01-01T00:00:00Z,3.48,-0.7136,6.7773,5.3308,5.7446,10.9646
E0009,2026-01-01T00:00:00Z,3.3653,-0.324,1.2437,5.6794,8.8047,9.0963
E0010,2026-01-01T00:00:00Z,2.2109,1.3972,4.576,5.3271,7.9163,9.0264
E0011,2026-01-01T00:00:00Z,2.203,0.8,4.4415,5.624,7.328,10.7937
E0012,2026-01-01T00:00:00Z,2.6645,4.9852,4.8908,4.5434,7.2194,9.5221
E0013,2026-01-01T00:00:00Z,2.7662,-0.0399,2.7539,5.2227,7.1717,10.0018
E0014,2026-01-01T00:00:00Z,2.9278,-0.3086,3.6521,6.9825,7.2254,9.4556
E0015,2026-01-01T00:00:00Z,3.5433,1.0576,3.503,5.7778,6.7158,9.368
E0016,2026-01-01T00:00:00Z,3.1876,1.001,1.4605,5.0908,6.9099,10.2621
E0017,2026-01-01T00:00:00Z,2.7627,3.1276,1.6346,6.7672,7.3416,10.7789
E0018,2026-01-01T00:00:00Z,3.2247,1.6061,3.1664,6.3025,7.8862,10.0951
E0019,2026-01-01T00:00:00Z,2.3991,0.7595,4.6787,6.0454,8.9161,7.0448
E0020,2026-01-01T00:00:00Z,3.3504,-0.0246,4.2694,4.7946,8.3702,10.3353
E0021,2026-01-01T00:00:00Z,2.5416,1.587,2.9673,5.5522,6.5833,8.3445
E0022,2026-01-01T00:00:00Z,4.5468,-0.8567,2.7716,5.3079,6.6379,10.1645
E0023,2026-01-01T00:00:00Z,3.037,0.4711,2.813,5.7818,7.5062,9.8235
E0024,2026-01-01T00:00:00Z,2.3765,0.1496,3.5055,6.2513,8.5839,11.2678
E0025,2026-01-01T00:00:00Z,3.4647,1.8404,1.8615,5.5076,8.7881,10.4159
E0026,2026-01-01T00:00:00Z,2.6243,-0.4909,4.2938,5.9835,7.5193,9.4409
E0027,2026-01-01T00:00:00Z,2.2665,-0.1351,2.4811,6.4692,9.3404,9.9891
E0028,2026-01-01T00:00:00Z,2.5434,1.584,4.1261,5.3925,7.0867,11.1776
E0029,2026-01-01T00:00:00Z,1.8109,2.9656,4.012,6.1146,8.8126,9.6768
E0030,2026-01-01T00:00:00Z,2.9087,-0.1816,5.4703,5.4749,7.6611,9.6876
E0031,2026-01-01T00:00:00Z,2.6137,1.4824,5.5254,5.4805,6.7529,8.4759
E0032,2026-01-01T00:00:00Z,2.7735,0.629,3.3962,5.7484,6.9434,8.7575
E0033,2026-01-01T00:00:00Z,3.0692,0.5521,4.4384,5.1559,7.3938,7.6454
E0034,2026-01-01T00:00:00Z,2.6517,0.2123,2.6401,4.4762,7.4914,8.0896
E0035,2026-01-01T00:00:00Z,2.9182,0.6678,2.6915,5.7687,6.6814,8.4099
E0036,2026-01-01T00:00:00Z,2.6275,0.0644,4.4403,5.2601,7.3329,8.9436
E0037,2026-01-01T00:00:00Z,2.8639,1.5808,3.8512,5.2292,8.164,10.4353
E0038,2026-01-01T00:00:00Z,3.5743,1.0011,6.1704,5.7098,5.8477,8.7747
E0039,2026-01-01T00:00:00Z,3.2862,3.9379,3.6257,6.0331,8.1542,9.6571
E0040,2026-01-01T00:00:00Z,3.7139,0.0147,2.7004,5.278,6.6189,8.9078
E0041,2026-01-01T00:00:00Z,2.8284,1.3169,4.3587,5.7146,8.1534,8.8108
E0042,2026-01-01T00:00:00Z,2.1812,1.5825,3.9034,6.2782,7.9337,10.7076
E0043,2026-01-01T00:00:00Z,2.9054,0.2824,4.1848,6.0982,5.696,9.3938
E0044,2026-01-01T00:00:00Z,3.9187,1.2565,2.8881,5.1343,8.2607,8.3581
E0045,2026-01-01T00:00:00Z,3.7301,-1.8703,5.9214,5.6601,7.6819,10.8712
E0046,2026-01-01T00:00:00Z,3.5076,1.375,3.2621,6.4431,5.1611,9.9754
E0047,2026-01-01T00:00:00Z,4.0215,1.9026,3.8175,5.8831,7.7795,9.7915
E0048,2026-01-01T00:00:00Z,2.7233,1.3412,4.3396,5.9294,5.6291,12.5198
E0049,2026-01-01T00:00:00Z,3.3298,-2.0743,2.975,5.2803,6.9152,10.2213
E0050,2026-01-01T00:00:00Z,3.6297,-0.8725,4.6906,4.6661,9.28,11.3624
E0051,2026-01-01T00:00:00Z,2.6937,0.4902,2.7396,5.7391,6.2519,9.0365
E0052,2026-01-01T00:00:00Z,2.8892,1.1873,2.7589,6.0635,7.5633,9.8939
E0053,2026-01-01T00:00:00Z,3.1644,1.955,4.854,6.6121,6.1955,8.8674
E0054,2026-01-01T00:00:00Z,3.5053,0.2074,6.06,5.8654,8.4661,9.0655
E0055,2026-01-01T00:00:00Z,2.8034,1.2375,4.2969,5.5386,7.3396,10.784
E0056,2026-01-01T00:00:00Z,2.5106,0.4261,3.3285,5.3926,6.6802,6.9753
E0057,2026-01-01T00:00:00Z,2.8726,0.0643,2.0745,4.7292,8.2291,8.6037
E0058,2026-01-01T00:00:00Z,2.191,1.0357,2.3668,5.502,8.6121,9.993
E0059,2026-01-01T00:00:00Z,3.6377,1.8471,5.3461,5.2762,7.5651,10.2985
E0060,2026-01-01T00:00:00Z,2.1745,1.2931,2.2853,6.3647,6.9858,8.3315
E0061,2026-01-01T00:00:00Z,2.961,1.176,1.0839,5.6601,7.149,7.791
E0062,2026-01-01T00:00:00Z,2.3866,1.6814,3.6348,5.6326,8.2008,9.4211
E0063,2026-01-01T00:00:00Z,2.7914,0.9988,3.8159,5.2149,7.8149,10.4827
E0064,2026-01-01T00:00:00Z,3.6465,3.3231,5.0004,6.1468,8.4007,9.8607
E0065,2026-01-01T00:00:00Z,3.5297,4.763,3.2316,6.3754,8.6938,9.4007
E0066,2026-01-01T00:00:00Z,3.2682,1.1266,4.9099,6.1757,6.0734,9.9348
E0067,2026-01-01T00:00:00Z,2.4007,0.7201,4.8693,5.8094,7.2738,9.0543
E0068,2026-01-01T00:00:00Z,3.0958,0.7752,5.4672,5.6309,6.262,7.8255
E0069,2026-01-01T00:00:00Z,2.802,-0.3241,2.9455,7.0237,5.4383,9.3941
E0070,2026-01-01T00:00:00Z,2.817,1.1252,1.9869,5.5064,8.4108,9.7979
E0071,2026-01-01T00:00:00Z,3.4931,3.488,3.6623,4.5711,7.4132,9.1437
E0072,2026-01-01T00:00:00Z,2.1018,1.6736,4.642,5.6087,7.1957,10.8482
E0073,2026-01-01T00:00:00Z,2.5218,0.1489,1.6324,5.6446,7.2253,9.8187
E0074,2026-01-01T00:00:00Z,2.4382,4.0613,5.4581,5.976,7.9824,9.9308
E0075,2026-01-01T00:00:00Z,1.9979,1.0542,4.3961,5.3075,8.2953,10.129
E0076,2026-01-01T00:00:00Z,3.0927,-0.7905,4.4341,6.5999,6.4831,9.7177
E0077,2026-01-01T00:00:00Z,3.8332,0.9589,4.0421,4.453,7.6545,8.9102
E0078,2026-01-01T00:00:00Z,2.7163,-0.2172,3.4125,5.4979,6.4226,7.9374
E0079,2026-01-01T00:00:00Z,1.5764,1.125,3.6419,4.5267,8.7485,9.7117
E0080,2026-01-01T00:00:00Z,2.5792,4.1861,2.0561,5.0841,9.006,8.8631
E0081,2026-01-01T00:00:00Z,3.0676,3.1816,5.437,5.9525,7.5567,10.4184
E0082,2026-01-01T00:00:00Z,2.5881,-1.1006,4.6803,5.7024,6.2524,8.8356
E0083,2026-01-01T00:00:00Z,3.5768,1.0888,3.7695,6.3484,6.3459,9.9905
E0084,2026-01-01T00:00:00Z,2.3133,1.5308,1.1804,4.9679,6.966,9.6065
E0085,2026-01-01T00:00:00Z,3.1244,0.7333,5.1547,4.6724,7.661,9.9036
E0086,2026-01-01T00:00:00Z,3.1387,0.6371,3.9639,5.1161,8.0846,9.3548
E0087,2026-01-01T00:00:00Z,2.7691,-0.1688,3.0051,6.0949,6.0623,11.5767
E0088,2026-01-01T00:00:00Z,3.6045,1.9022,5.7751,4.8099,6.1581,8.8206
E0089,2026-01-01T00:00:00Z,3.2654,2.4983,4.0929,5.8461,7.323,10.1174
E0090,2026-01-01T00:00:00Z,3.6812,2.5184,4.375,5.0015,7.315,8.6909
E0091,2026-01-01T00:00:00Z,2.4592,-2.2272,4.2819,6.1384,6.6601,9.7486
E0092,2026-01-01T00:00:00Z,2.2863,2.6693,5.089,5.0295,9.0881,11.5273
E0093,2026-01-01T00:00:00Z,2.2119,0.0767,4.6431,5.2756,7.6806,10.6502
E0094,2026-01-01T00:00:00Z,2.9411,2.2685,4.8643,5.6192,6.9941,7.6348
E0095,2026-01-01T00:00:00Z,4.0564,0.7568,2.2323,5.0951,8.8067,9.6613
E0096,2026-01-01T00:00:00Z,2.8655,-0.1278,3.7549,5.8094,6.5467,9.2617
E0097,2026-01-01T00:00:00Z,2.3502,1.4606,3.6954,5.6682,5.5887,10.3578
E0098,2026-01-01T00:00:00Z,2.7597,-0.9021,1.4101,5.5829,7.3306,9.2996
E0099,2026-01-01T00:00:00Z,2.6923,3.2897,4.0711,4.5845,6.956,9.1695
E0100,2026-01-01T00:00:00Z,1.9174,-0.0709,4.332,5.4678,7.787,9.9906
E0101,2026-01-01T00:00:00Z,0.1748,-1.5501,2.6952,5.9721,5.3366,8.546
E0102,2026-01-01T00:00:00Z,2.7702,2.844,2.3416,5.8268,6.8183,7.9327
E0103,2026-01-01T00:00:00Z,2.3758,-0.584,3.5824,5.5299,5.7389,9.6009
E0104,2026-01-01T00:00:00Z,2.7165,-0.1516,2.8601,4.2915,8.6592,10.2435
E0105,2026-01-01T00:00:00Z,1.9569,2.1671,3.9512,5.3964,6.2094,10.5502
E0106,2026-01-01T00:00:00Z,2.4549,-0.8355,4.9096,5.8201,7.4819,10.047
E0107,2026-01-01T00:00:00Z,3.4227,3.6788,3.2122,5.1981,8.4503,9.7431
E0108,2026-01-01T00:00:00Z,3.9225,4.0663,2.0338,5.1804,8.1563,8.4484
E0109,2026-01-01T00:00:00Z,3.2416,2.3807,4.6351,5.8475,6.1086,9.4291
E0110,2026-01-01T00:00:00Z,2.8121,3.6661,2.1603,5.3037,7.3128,9.76
E0111,2026-01-01T00:00:00Z,3.6464,0.2047,1.1854,5.3744,6.1346,9.6256
E0112,2026-01-01T00:00:00Z,2.836,1.7419,4.7825,4.9151,7.7309,10.4001
E0113,2026-01-01T00:00:00Z,2.0914,0.8134,4.0243,4.9254,7.8747,8.8503
E0114,2026-01-01T00:00:00Z,2.6273,2.9785,2.9542,5.1249,6.1349,8.0913
E0115,2026-01-01T00:00:00Z,1.4524,0.0741,2.9873,4.7572,7.2701,7.2867
E0116,2026-01-01T00:00:00Z,1.7192,1.1781,4.3679,6.2336,7.8968,9.053
E0117,2026-01-01T00:00:00Z,2.2468,-2.6721,4.0067,6.3972,6.2161,9.588
E0118,2026-01-01T00:00:00Z,3.7507,3.6181,2.7288,4.6606,6.844,7.3366
E0119,2026-01-01T00:00:00Z,3.2499,1.5373,2.5145,5.1136,8.0323,10.9305
E0120,2026-01-01T00:00:00Z,2.3963,1.5115,5.6441,5.7931,8.5155,7.9329
E0121,2026-01-01T00:00:00Z,1.184,1.2006,2.299,4.9444,7.0336,8.976
E0122,2026-01-01T00:00:00Z,2.5046,0.2983,3.261,6.7818,7.6146,8.7336
E0123,2026-01-01T00:00:00Z,2.4517,1.2802,4.7455,5.0944,5.2607,9.5249
E0124,2026-01-01T00:00:00Z,2.9262,1.5964,3.922,5.4127,5.9867,9.8628
E0125,2026-01-01T00:00:00Z,2.4915,0.9011,3.3082,5.6112,7.9696,9.7545
E0126,2026-01-01T00:00:00Z,3.6053,2.938,4.6472,6.309,5.9869,11.5934
E0127,2026-01-01T00:00:00Z,2.7419,-0.1669,2.4585,5.4936,4.7009,9.9734
E0128,2026-01-01T00:00:00Z,4.1905,-1.52,7.8401,5.3132,7.8712,8.4019
E0129,2026-01-01T00:00:00Z,4.2055,0.3772,3.3248,5.7249,6.6254,8.1725
E0130,2026-01-01T00:00:00Z,2.5216,0.3334,2.7809,5.0648,9.7824,8.7612
E0131,2026-01-01T00:00:00Z,1.8867,0.5901,1.6987,4.0626,4.7592,11.0696
E0132,2026-01-01T00:00:00Z,3.2162,3.0351,2.8901,6.0174,5.2519,11.1669
E0133,2026-01-01T00:00:00Z,2.7471,0.1715,2.1446,6.6077,8.738,7.9429
E0134,2026-01-01T00:00:00Z,1.7661,0.7854,4.0096,5.386,7.5142,9.6431
E0135,2026-01-01T00:00:00Z,2.2186,2.3852,4.7371,5.3975,5.8616,9.397
E0136,2026-01-01T00:00:00Z,2.9476,-0.4063,2.1659,5.7619,7.6555,11.0927
E0137,2026-01-01T00:00:00Z,3.2045,-1.9545,4.0869,4.8955,7.738,8.8372
E0138,2026-01-01T00:00:00Z,3.6895,1.6522,1.9308,5.6578,9.3479,9.3668
E0139,2026-01-01T00:00:00Z,3.0935,-0.6958,4.7208,4.9448,6.615,9.0174
E0140,2026-01-01T00:00:00Z,2.3097,2.4397,3.6451,5.7887,7.3143,9.1468
E0141,2026-01-01T00:00:00Z,2.9102,0.3325,3.5085,5.3794,6.2841,7.2266
E0142,2026-01-01T00:00:00Z,3.0313,-2.2693,3.0088,5.7348,7.1835,8.2458
E0143,2026-01-01T00:00:00Z,3.4482,1.1635,3.9889,4.9967,6.8305,12.3211
E0144,2026-01-01T00:00:00Z,4.0098,-0.032,2.941,4.9223,7.8091,7.9829
E0145,2026-01-01T00:00:00Z,1.7377,-0.6759,2.0434,6.408,8.1444,10.1791
E0146,2026-01-01T00:00:00Z,2.4975,0.3962,3.3741,5.5055,7.4025,8.9223
E0147,2026-01-01T00:00:00Z,3.8267,2.1516,4.7733,5.4312,8.126,8.6243
E0148,2026-01-01T00:00:00Z,4.6169,0.6315,3.9789,5.8251,8.195,10.2612
E0149,2026-01-01T00:00:00Z,3.1865,0.7786,3.7211,6.537,8.4374,9.6638
E0000,2026-01-02T00:00:00Z,2.8143,1.0936,1.7353,4.9822,7.8444,9.5438
E0001,2026-01-02T00:00:00Z,3.0191,2.5288,1.0308,4.8382,8.2454,10.9522
E0002,2026-01-02T00:00:00Z,3.3549,1.0232,4.5847,5.3243,7.0904,10.3477
E0003,2026-01-02T00:00:00Z,1.834,1.0865,3.8632,4.1274,7.8854,9.8607
E0004,2026-01-02T00:00:00Z,2.5209,2.9953,5.3048,6.4316,7.5071,10.3516
E0005,2026-01-02T00:00:00Z,3.0968,-1.9143,1.7356,4.8442,7.5059,9.6991
E0006,2026-01-02T00:00:00Z,3.0404,0.8865,3.9234,5.4183,7.5723,10.186
E0007,2026-01-02T00:00:00Z,3.1973,2.9264,3.4937,5.1801,6.0144,10.562
E0008,2026-01-02T00:00:00Z,2.955,1.9229,2.5315,4.8243,8.262,9.7866
E0009,2026-01-02T00:00:00Z,3.7184,1.9351,4.8666,5.9066,6.9534,8.5922
E0010,2026-01-02T00:00:00Z,2.5797,0.788,3.2591,5.5913,7.0059,10.6108
E0011,2026-01-02T00:00:00Z,3.5235,3.2999,3.6902,5.6035,8.2672,8.8835
E0012,2026-01-02T00:00:00Z,3.4967,-1.6583,2.8508,6.0658,6.2071,7.8497
E0013,2026-01-02T00:00:00Z,2.872,0.1903,2.282,4.8291,8.3541,8.9067
E0014,2026-01-02T00:00:00Z,3.7888,1.2397,3.7273,6.5499,8.8327,9.0187
E0015,2026-01-02T00:00:00Z,2.7237,1.3574,5.3215,6.3211,7.338,8.6719
E0016,2026-01-02T00:00:00Z,3.5238,-1.1699,1.2231,5.2885,7.2322,9.9534
E0017,2026-01-02T00:00:00Z,3.5746,1.6697,4.3969,5.6078,7.6559,8.639
E0018,2026-01-02T00:00:00Z,2.3665,-0.6482,3.4476,5.3515,7.8933,8.1807
E0019,2026-01-02T00:00:00Z,3.0125,0.6542,4.6665,5.0387,9.2064,10.2479
E0020,2026-01-02T00:00:00Z,3.1124,0.1738,3.1045,4.4945,6.6234,10.3452
E0021,2026-01-02T00:00:00Z,2.5203,3.7321,4.6466,5.747,7.0774,10.0324
E0022,2026-01-02T00:00:00Z,3.5995,1.3231,4.4458,5.8636,8.8631,9.3237
E0023,2026-01-02T00:00:00Z,3.3761,1.1832,5.1505,5.6486,6.6563,10.4275
E0024,2026-01-02T00:00:00Z,2.3152,1.7156,5.1041,5.2152,7.4433,11.1347
E0025,2026-01-02T00:00:00Z,4.2183,0.0025,1.7496,4.7012,8.3553,10.2226
E0026,2026-01-02T00:00:00Z,3.5711,2.2343,3.6519,6.6272,7.4584,10.1598
E0027,2026-01-02T00:00:00Z,3.7099,0.1418,4.4234,6.4829,7.0848,9.5774
E0028,2026-01-02T00:00:00Z,4.2569,3.1432,7.4488,5.4884,7.2141,9.1471
E0029,2026-01-02T00:00:00Z,2.4917,1.6233,3.5461,5.2551,7.9549,9.9433
E0030,2026-01-02T00:00:00Z,3.1383,1.7381,4.919,5.2027,7.0867,8.3131
E0031,2026-01-02T00:00:00Z,3.6401,2.1219,4.1029,6.0929,8.2028,9.4958
E0032,2026-01-02T00:00:00Z,1.767,-0.6513,5.4563,5.9859,6.0655,10.237
E0033,2026-01-02T00:00:00Z,2.8594,1.6131,4.2398,6.428,8.9902,9.2804
E0034,2026-01-02T00:00:00Z,2.985,3.4615,2.7218,5.5242,6.4394,9.464
E0035,2026-01-02T00:00:00Z,1.493,0.2998,4.335,5.3489,6.2062,9.3313
E0036,2026-01-02T00:00:00Z,2.1784,0.7663,4.6946,4.7873,7.5993,8.8063
E0037,2026-01-02T00:00:00Z,2.914,0.7667,3.8628,5.6598,6.9941,8.9416
E0038,2026-01-02T00:00:00Z,2.4495,1.0492,6.4675,6.8282,7.6006,7.6924
E0039,2026-01-02T00:00:00Z,2.2602,3.4629,3.9776,5.4303,6.7854,10.9545
E0040,2026-01-02T00:00:00Z,3.3565,2.1963,4.3271,4.6596,7.4436,7.2932
E0041,2026-01-02T00:00:00Z,2.7519,1.8425,3.6067,5.192,7.6248,10.0003
E0042,2026-01-02T00:00:00Z,3.728,2.9801,2.7887,4.6574,8.9395,11.3495
E0043,2026-01-02T00:00:00Z,2.0009,0.8788,3.7517,3.9466,7.9363,8.8698
E0044,2026-01-02T00:00:00Z,2.3967,2.6336,3.2949,6.2933,7.7814,10.6036
E0045,2026-01-02T00:00:00Z,2.629,-1.581,3.2446,4.5315,6.2611,9.0985
E0046,2026-01-02T00:00:00Z,4.0991,-0.7644,1.6676,4.5567,5.5261,11.3931
E0047,2026-01-02T00:00:00Z,2.2814,0.0313,1.7447,5.5219,5.7907,9.7718
E0048,2026-01-02T00:00:00Z,3.587,-0.3857,2.1267,5.4564,8.3732,8.2351
E0049,2026-01-02T00:00:00Z,2.4802,4.0536,2.433,6.204,6.7877,9.7801
E0050,2026-01-02T00:00:00Z,1.3515,-0.0382,4.8185,5.2155,8.1558,10.6709
E0051,2026-01-02T00:00:00Z,3.5275,1.8837,4.8074,5.7622,9.0391,8.7778
E0052,2026-01-02T00:00:00Z,2.4319,3.7579,3.3845,5.9672,6.9393,9.0969
E0053,2026-01-02T00:00:00Z,2.6903,2.6217,1.6498,5.2895,8.9626,11.3051
E0054,2026-01-02T00:00:00Z,2.0097,0.1763,3.2425,4.9482,7.2122,10.6466
E0055,2026-01-02T00:00:00Z,1.9006,-0.1541,3.4339,5.9712,7.054,9.8438
E0056,2026-01-02T00:00:00Z,3.6682,-2.2241,3.2075,5.5096,7.3056,9.2214
E0057,2026-01-02T00:00:00Z,3.2543,0.5831,3.5177,5.577,7.5281,7.5719
E0058,2026-01-02T00:00:00Z,2.2855,2.4644,3.7313,5.5388,5.7425,9.2658
E0059,2026-01-02T00:00:00Z,3.4604,0.4309,3.7752,4.6642,6.8723,9.7208
E0060,2026-01-02T00:00:00Z,1.7879,2.1864,2.9014,5.1016,7.8304,8.5655
E0061,2026-01-02T00:00:00Z,3.0854,-1.7456,1.7717,4.945,6.953,10.2272
E0062,2026-01-02T00:00:00Z,3.0064,2.296,2.712,6.1624,6.3859,9.2931
E0063,2026-01-02T00:00:00Z,2.914,1.6212,2.9457,5.9618,8.8903,9.4045
E0064,2026-01-02T00:00:00Z,4.0613,3.5056,4.4634,5.1363,5.6578,8.3382
E0065,2026-01-02T00:00:00Z,3.9369,-0.9667,1.2607,6.1698,8.0003,8.7836
E0066,2026-01-02T00:00:00Z,2.2605,2.0827,3.6799,5.7553,8.0675,8.4875
E0067,2026-01-02T00:00:00Z,2.39,-0.0448,3.547,5.2065,6.1251,9.7482
E0068,2026-01-02T00:00:00Z,3.0104,1.0193,4.5283,4.3865,7.8684,11.0655
E0069,2026-01-02T00:00:00Z,2.8391,2.1679,2.8701,5.7821,8.3712,9.9397
E0070,2026-01-02T00:00:00Z,3.2544,1.1711,3.541,6.6724,6.9408,9.169
E0071,2026-01-02T00:00:00Z,2.1238,2.5959,1.9811,5.9096,5.8285,8.2527
E0072,2026-01-02T00:00:00Z,2.2531,-0.0801,3.9416,5.6337,5.8162,8.9117
E0073,2026-01-02T00:00:00Z,2.2046,1.5677,6.3845,5.3731,7.2209,10.4798
E0074,2026-01-02T00:00:00Z,3.2505,1.2297,5.7227,6.1002,6.1272,6.9621
E0075,2026-01-02T00:00:00Z,4.024,1.4195,2.6783,5.5776,7.6978,9.9023
E0076,2026-01-02T00:00:00Z,2.1319,3.3814,3.285,6.2126,8.0991,8.3395
E0077,2026-01-02T00:00:00Z,3.32,1.0379,4.1483,5.4404,7.7437,8.2129
E0078,2026-01-02T00:00:00Z,2.5448,-0.3485,2.5567,6.098,7.3976,9.0212
E0079,2026-01-02T00:00:00Z,2.6448,1.935,2.837,5.6552,7.1085,8.7574
E0080,2026-01-02T00:00:00Z,3.5779,2.3698,2.9056,5.703,5.7557,10.4853
E0081,2026-01-02T00:00:00Z,2.9774,1.7759,6.4452,6.8079,6.973,9.659
E0082,2026-01-02T00:00:00Z,2.6409,-0.4625,4.8414,6.0497,6.3323,8.4031
E0083,2026-01-02T00:00:00Z,2.576,-1.6025,3.8094,4.3959,6.9545,8.8575
E0084,2026-01-02T00:00:00Z,2.5216,2.1745,3.9181,5.7122,9.016,9.7903
E0085,2026-01-02T00:00:00Z,4.2446,1.1093,1.9555,4.8915,7.4352,8.8306
E0086,2026-01-02T00:00:00Z,3.4592,1.3865,6.378,5.1264,6.1734,10.8435
E0087,2026-01-02T00:00:00Z,3.296,2.3793,4.2189,6.2939,6.6161,10.2183
E0088,2026-01-02T00:00:00Z,2.1203,1.4781,2.5032,4.9936,7.2569,8.758
E0089,2026-01-02T00:00:00Z,2.8935,0.2897,3.9049,4.9508,6.6705,10.2038
E0090,2026-01-02T00:00:00Z,4.7997,-0.1649,4.5822,4.7056,6.2425,11.0882
E0091,2026-01-02T00:00:00Z,2.4665,-1.307,4.2456,5.0564,7.8895,9.1748
E0092,2026-01-02T00:00:00Z,2.3797,-0.6341,3.1323,5.8113,8.1537,8.0005
E0093,2026-01-02T00:00:00Z,1.3532,-0.8635,4.1379,4.8246,7.2054,9.4544
E0094,2026-01-02T00:00:00Z,2.8406,1.5016,2.6395,6.1844,6.4963,8.8547
E0095,2026-01-02T00:00:00Z,2.832,0.562,4.2313,5.1978,6.6027,9.606
E0096,2026-01-02T00:00:00Z,2.8767,3.5453,3.1731,5.6471,5.6111,9.0459
E0097,2026-01-02T00:00:00Z,3.4109,2.1064,4.8792,4.4473,7.1262,10.1663
E0098,2026-01-02T00:00:00Z,2.871,0.9609,5.6559,5.5446,6.1489,9.63
E0099,2026-01-02T00:00:00Z,2.0649,2.5772,4.8807,4.5791,7.0822,10.3851
E0100,2026-01-02T00:00:00Z,3.372,0.1718,1.1854,5.0623,6.8831,9.4306
E0101,2026-01-02T00:00:00Z,2.6101,1.4209,1.3899,5.7304,6.5584,9.0823
E0102,2026-01-02T00:00:00Z,2.1514,-2.5691,3.0958,5.3651,6.4553,9.6356
E0103,2026-01-02T00:00:00Z,4.0975,4.5381,3.6448,3.8515,7.9005,9.579
E0104,2026-01-02T00:00:00Z,3.1619,1.2793,5.3713,6.0898,7.696,9.752
E0105,2026-01-02T00:00:00Z,2.6473,3.6012,3.7701,5.2173,7.1439,9.9196
E0106,2026-01-02T00:00:00Z,3.287,0.2186,5.024,5.1322,7.7939,9.1348
E0107,2026-01-02T00:00:00Z,2.7636,1.1029,4.3308,6.3743,7.5189,9.3861
E0108,2026-01-02T00:00:00Z,2.0243,1.9779,4.5111,4.7279,6.3698,9.9184
E0109,2026-01-02T00:00:00Z,2.6969,-0.0291,4.0535,5.2657,6.7516,10.0058
E0110,2026-01-02T00:00:00Z,2.9071,1.4721,3.3801,4.8018,7.1118,10.0799
E0111,2026-01-02T00:00:00Z,3.5335,-0.5498,4.6245,5.7941,9.3925,9.6404
E0112,2026-01-02T00:00:00Z,2.7075,1.1551,5.3073,5.1386,7.5112,8.5858
E0113,2026-01-02T00:00:00Z,2.1693,1.8492,5.171,3.9489,7.7242,8.247
E0114,2026-01-02T00:00:00Z,3.5259,-0.4835,1.715,6.7522,8.2114,8.9035
E0115,2026-01-02T00:00:00Z,2.5854,2.7993,5.4467,5.6806,7.9391,7.6751
E0116,2026-01-02T00:00:00Z,2.6114,-1.9114,2.675,4.7309,7.4274,8.6645
E0117,2026-01-02T00:00:00Z,2.5074,1.8675,4.6927,5.7859,7.8937,9.1703
E0118,2026-01-02T00:00:00Z,2.6298,1.4867,1.0995,5.5678,6.5282,8.2108
E0119,2026-01-02T00:00:00Z,2.3483,-0.5959,2.5848,6.0394,7.4743,9.9299
E0120,2026-01-02T00:00:00Z,2.6578,2.1262,4.2284,4.735,8.2133,10.9702
E0121,2026-01-02T00:00:00Z,3.0668,2.3873,3.0012,6.2762,6.6632,8.5504
E0122,2026-01-02T00:00:00Z,3.3729,-1.4631,2.4897,6.3346,6.024,10.6995
E0123,2026-01-02T00:00:00Z,1.9462,2.99,3.8973,5.7219,6.9334,9.1661
E0124,2026-01-02T00:00:00Z,3.2649,-0.2322,3.535,5.6334,5.3528,9.3266
E0125,2026-01-02T00:00:00Z,3.4313,1.0575,2.2205,5.3518,7.18,10.1734
E0126,2026-01-02T00:00:00Z,3.3398,1.112,2.6462,4.7258,7.666,8.7432
E0127,2026-01-02T00:00:00Z,2.9854,0.6216,2.7812,6.025,5.9641,9.0416
E0128,2026-01-02T00:00:00Z,1.996,0.9653,0.5972,5.5042,7.4469,9.8836
E0129,2026-01-02T00:00:00Z,3.0543,2.1587,2.8308,5.3166,5.2234,10.3775
E0130,2026-01-02T00:00:00Z,3.8094,-2.6651,4.8043,5.134,6.3346,9.0513
E0131,2026-01-02T00:00:00Z,2.9027,-0.3641,4.6109,5.752,7.3492,9.7075
E0132,2026-01-02T00:00:00Z,3.1603,2.9271,3.8473,4.0651,6.4867,8.4216
E0133,2026-01-02T00:00:00Z,3.6056,0.847,1.7903,5.8335,6.2248,9.3446
E0134,2026-01-02T00:00:00Z,2.8188,-0.3975,4.6733,5.2112,8.6992,9.7651
E0135,2026-01-02T00:00:00Z,3.179,2.6664,2.2049,5.5258,7.6852,8.0391
E0136,2026-01-02T00:00:00Z,2.8356,2.6167,4.9791,4.5216,8.0273,9.2781
E0137,2026-01-02T00:00:00Z,2.5489,0.3165,3.784,5.5628,6.7158,10.7464
E0138,2026-01-02T00:00:00Z,3.1268,1.7725,3.5256,5.3116,7.1829,8.5295
E0139,2026-01-02T00:00:00Z,2.7457,1.0756,4.1002,6.254,8.1737,8.6434
E0140,2026-01-02T00:00:00Z,2.6867,3.8211,2.7021,5.605,7.8767,10.2349
E0141,2026-01-02T00:00:00Z,3.167,-0.224,1.4686,6.6576,7.1284,10.701
E0142,2026-01-02T00:00:00Z,1.779,0.5948,3.5752,5.0424,9.2082,9.6288
E0143,2026-01-02T00:00:00Z,3.7751,0.6502,2.8375,6.7764,7.2245,10.377
E0144,2026-01-02T00:00:00Z,2.7798,1.0162,5.1343,5.7785,7.7355,9.0253
E0145,2026-01-02T00:00:00Z,1.1124,0.9692,3.4344,6.0478,6.9552,9.6549
E0146,2026-01-02T00:00:00Z,2.2995,1.6017,1.3082,4.6838,7.2552,9.2235
E0147,2026-01-02T00:00:00Z,3.097,-0.1476,4.4766,4.5441,6.3194,8.5087
E0148,2026-01-02T00:00:00Z,2.6441,4.0451,4.2139,4.8675,5.7923,10.985
E0149,2026-01-02T00:00:00Z,1.8524,1.9942,3.06,6.3116,7.2621,9.95
E0000,2026-01-03T00:00:00Z,1.3702,1.7801,6.3563,5.503,7.4982,7.7484
E0001,2026-01-03T00:00:00Z,3.3251,3.9251,5.7762,6.2507,8.176,10.3374
E0002,2026-01-03T00:00:00Z,2.429,2.8493,2.124,5.5485,6.7431,11.2512
E0003,2026-01-03T00:00:00Z,2.4798,1.7577,3.1331,5.9045,9.3904,11.3791
E0004,2026-01-03T00:00:00Z,3.3896,3.6784,1.1222,5.8788,8.0473,9.7049
E0005,2026-01-03T00:00:00Z,2.026,0.22,7.5249,6.0017,6.2364,9.923
E0006,2026-01-03T00:00:00Z,2.4188,-0.5513,4.9199,6.4451,7.8292,10.3925
E0007,2026-01-03T00:00:00Z,3.3146,2.3666,5.7693,5.0671,6.6092,10.271
E0008,2026-01-03T00:00:00Z,2.3855,0.2014,4.8737,4.9555,5.2844,8.0384
E0009,2026-01-03T00:00:00Z,2.0942,0.5034,2.6783,5.714,6.7337,9.4583
E0010,2026-01-03T00:00:00Z,2.6082,1.7601,4.2291,4.9273,6.2197,9.0662
E0011,2026-01-03T00:00:00Z,1.9124,-0.9847,4.9459,5.3817,8.7989,10.5657
E0012,2026-01-03T00:00:00Z,1.6926,-0.3163,3.7022,5.8757,7.8795,10.8303
E0013,2026-01-03T00:00:00Z,3.8966,1.5876,6.5813,5.6276,9.0719,9.391
E0014,2026-01-03T00:00:00Z,2.6709,1.866,4.8745,3.9524,8.3579,9.1756
E0015,2026-01-03T00:00:00Z,2.0311,2.3821,2.5533,5.3621,8.1667,10.2517
E0016,2026-01-03T00:00:00Z,2.1059,0.8345,4.6367,5.688,7.7328,9.992
E0017,2026-01-03T00:00:00Z,2.5589,0.1609,4.674,5.5697,7.5048,10.5893
E0018,2026-01-03T00:00:00Z,4.131,2.0035,3.8729,5.0313,7.7419,9.7916
E0019,2026-01-03T00:00:00Z,3.9825,0.4284,4.0985,4.6322,6.654,9.6913
E0020,2026-01-03T00:00:00Z,2.853,3.0432,5.0801,5.0167,7.4991,9.5899
E0021,2026-01-03T00:00:00Z,3.4318,3.7372,2.8998,4.3459,6.6288,9.7538
E0022,2026-01-03T00:00:00Z,3.5062,2.7711,1.3897,5.536,7.8156,9.2731
E0023,2026-01-03T00:00:00Z,2.7396,4.3564,2.0274,5.7786,7.0833,9.5287
E0024,2026-01-03T00:00:00Z,2.2613,-0.8053,2.5929,5.6,7.5696,9.4983
E0025,2026-01-03T00:00:00Z,2.2704,-0.217,4.2675,4.5215,8.8552,8.9967
E0026,2026-01-03T00:00:00Z,3.4052,1.8452,4.4745,5.2348,7.8039,8.4618
E0027,2026-01-03T00:00:00Z,1.1892,-1.4275,2.8434,5.297,8.4878,8.8187
E0028,2026-01-03T00:00:00Z,1.9501,3.2592,5.5151,6.115,7.2752,9.5348
E0029,2026-01-03T00:00:00Z,2.0786,-1.0363,2.7126,5.8561,8.6311,8.5627
E0030,2026-01-03T00:00:00Z,3.1642,1.7576,2.6495,5.2971,7.3647,9.0326
E0031,2026-01-03T00:00:00Z,2.3298,-0.8366,3.4897,5.6982,6.7353,9.4998
E0032,2026-01-03T00:00:00Z,1.7048,-2.1253,3.6613,5.7544,6.9953,9.8246
E0033,2026-01-03T00:00:00Z,2.9086,3.8915,4.7845,5.204,6.3364,9.3898
E0034,2026-01-03T00:00:00Z,2.3558,-0.1758,3.7209,6.2566,7.478,9.1984
E0035,2026-01-03T00:00:00Z,2.6431,-2.3602,3.908,5.1645,8.1194,10.1297
E0036,2026-01-03T00:00:00Z,3.6115,2.2047,5.6655,6.115,7.3325,10.1691
E0037,2026-01-03T00:00:00Z,2.7772,1.4782,3.3243,5.0333,6.044,10.2899
E0038,2026-01-03T00:00:00Z,2.309,3.154,1.2945,5.8485,6.5146,9.2375
E0039,2026-01-03T00:00:00Z,3.4714,5.3267,3.1613,6.1718,6.9507,10.8976
E0040,2026-01-03T00:00:00Z,2.7962,3.532,3.7543,5.6416,7.0583,10.5652
E0041,2026-01-03T00:00:00Z,3.3207,-1.2491,3.331,5.3682,8.029,9.2277
E0042,2026-01-03T00:00:00Z,2.3643,1.1074,3.4971,5.8695,7.3746,10.0386
E0043,2026-01-03T00:00:00Z,3.6343,2.6077,3.9307,6.2537,5.696,8.1297
E0044,2026-01-03T00:00:00Z,3.0546,0.3525,4.1835,5.1681,8.2513,8.2142
E0045,2026-01-03T00:00:00Z,2.7236,1.3895,1.4218,5.6002,6.3969,8.7623
E0046,2026-01-03T00:00:00Z,2.3724,0.2686,5.5355,5.014,7.0928,10.6064
E0047,2026-01-03T00:00:00Z,1.8851,1.549,2.5052,5.835,7.6542,10.6522
E0048,2026-01-03T00:00:00Z,3.5497,1.2825,4.6764,4.4677,7.6792,9.4994
E0049,2026-01-03T00:00:00Z,2.124,1.0145,4.2913,4.9461,7.7527,9.1683
E0050,2026-01-03T00:00:00Z,3.0664,3.0518,2.9214,4.6461,8.1838,10.3806
E0051,2026-01-03T00:00:00Z,3.6356,3.0087,4.2236,5.6967,6.1976,10.1944
E0052,2026-01-03T00:00:00Z,2.593,0.359,3.3786,5.8953,7.4876,10.5884
E0053,2026-01-03T00:00:00Z,2.6386,-1.6862,5.3815,4.3401,8.8022,9.2171
E0054,2026-01-03T00:00:00Z,2.7896,2.9519,3.4264,6.555,7.7923,11.1732
E0055,2026-01-03T00:00:00Z,2.9589,0.5583,3.3948,5.6424,7.8342,9.6392
E0056,2026-01-03T00:00:00Z,1.3991,-0.824,2.9765,5.239,5.75,9.9024
E0057,2026-01-03T00:00:00Z,3.7046,1.7201,4.953,5.4629,7.5488,10.8341
E0058,2026-01-03T00:00:00Z,2.7297,2.3952,5.2238,6.3303,6.7172,8.4982
E0059,2026-01-03T00:00:00Z,2.483,-0.9987,2.1147,5.5708,7.1971,9.4362
E0060,2026-01-03T00:00:00Z,2.3836,2.1884,4.0929,5.4449,7.938,7.0057
E0061,2026-01-03T00:00:00Z,1.6789,2.3793,4.4725,5.0702,7.8856,10.6064
E0062,2026-01-03T00:00:00Z,4.0548,1.4301,5.9016,6.0872,6.2555,9.0142
E0063,2026-01-03T00:00:00Z,3.1548,2.8882,5.1017,5.4007,6.5286,8.8592
E0064,2026-01-03T00:00:00Z,2.9399,2.2732,6.1094,4.783,6.2124,10.4963
E0065,2026-01-03T00:00:00Z,2.8354,-1.2153,5.2215,5.4132,6.0732,8.3869
E0066,2026-01-03T00:00:00Z,2.9819,1.5558,2.2463,5.4609,5.7047,10.0459
E0067,2026-01-03T00:00:00Z,2.7445,0.8195,2.2548,6.6047,8.0272,9.7819
E0068,2026-01-03T00:00:00Z,2.2763,-1.1774,3.8756,5.1572,7.4537,8.9133
E0069,2026-01-03T00:00:00Z,2.5516,-2.2127,3.5572,5.0814,7.3658,8.3218
E0070,2026-01-03T00:00:00Z,2.1361,0.0241,3.1232,5.4275,6.378,10.4323
E0071,2026-01-03T00:00:00Z,2.2499,-1.3267,1.8986,4.8795,8.4398,9.5084
E0072,2026-01-03T00:00:00Z,1.4987,1.8211,4.2241,5.6202,7.0061,10.6385
E0073,2026-01-03T00:00:00Z,3.8651,2.0019,1.9917,5.7655,7.9219,9.146
E0074,2026-01-03T00:00:00Z,3.4194,1.1447,4.7673,5.6153,6.9221,10.1058
E0075,2026-01-03T00:00:00Z,1.8567,1.8163,4.441,4.2288,7.5815,9.5539
E0076,2026-01-03T00:00:00Z,3.4105,0.9985,4.3552,4.4327,6.9969,10.3711
E0077,2026-01-03T00:00:00Z,2.0839,1.7634,3.6409,5.3846,7.2222,10.2818
E0078,2026-01-03T00:00:00Z,2.9209,0.6772,4.1101,6.7756,7.6176,8.4311
E0079,2026-01-03T00:00:00Z,2.3354,0.8374,5.5052,5.2904,7.4277,9.3247
E0080,2026-01-03T00:00:00Z,2.7623,0.0822,4.3815,6.7071,7.0496,8.1605
E0081,2026-01-03T00:00:00Z,3.7676,1.1736,2.3286,5.7399,8.5027,8.5167
E0082,2026-01-03T00:00:00Z,3.4267,1.0745,1.7564,5.8479,8.5294,8.0494
E0083,2026-01-03T00:00:00Z,2.4366,2.5381,1.8281,5.4412,7.9874,9.8427
E0084,2026-01-03T00:00:00Z,2.5294,-2.6086,1.5475,5.0788,7.4913,10.1719
E0085,2026-01-03T00:00:00Z,2.1572,-1.0096,3.8375,5.1197,5.872,10.331
E0086,2026-01-03T00:00:00Z,2.3189,1.2197,2.4647,4.5668,5.6141,9.3891
E0087,2026-01-03T00:00:00Z,2.7411,-0.7863,3.7954,6.4954,7.7891,9.6177
E0088,2026-01-03T00:00:00Z,3.1129,1.6467,2.0619,5.1602,6.512,11.0314
E0089,2026-01-03T00:00:00Z,2.7853,0.6198,1.8734,4.6437,6.3472,10.5577
E0090,2026-01-03T00:00:00Z,3.3277,2.1708,1.0185,5.8353,8.2605,9.5275
E0091,2026-01-03T00:00:00Z,2.3293,3.2094,5.7866,4.8533,7.2305,8.1189
E0092,2026-01-03T00:00:00Z,2.7119,-1.0331,3.6094,5.6957,7.4262,9.9642
E0093,2026-01-03T00:00:00Z,2.6746,-0.7766,1.5753,4.7945,8.1002,10.285
E0094,2026-01-03T00:00:00Z,3.5267,-0.1489,3.2285,5.5057,6.3013,8.3434
E0095,2026-01-03T00:00:00Z,3.117,-0.6066,3.2124,5.744,7.2745,7.8637
E0096,2026-01-03T00:00:00Z,3.0501,-0.6588,1.038,5.3992,6.6072,9.4355
E0097,2026-01-03T00:00:00Z,2.5704,1.9838,3.2406,4.537,7.5344,10.1276
E0098,2026-01-03T00:00:00Z,4.2184,2.694,3.1862,6.3054,6.7127,8.1854
E0099,2026-01-03T00:00:00Z,3.0143,-1.9469,4.3549,5.3539,6.8244,8.5058
E0100,2026-01-03T00:00:00Z,0.8978,1.0496,1.909,5.0844,7.9281,10.0477
E0101,2026-01-03T00:00:00Z,2.4354,-2.2127,5.2225,7.0099,7.647,9.9578
E0102,2026-01-03T00:00:00Z,2.5177,-1.5616,2.3626,6.4364,7.3667,8.8878
E0103,2026-01-03T00:00:00Z,2.663,3.2643,3.4181,4.8539,6.5344,11.1555
E0104,2026-01-03T00:00:00Z,3.7592,2.4034,5.0306,5.8248,6.6711,10.0993
E0105,2026-01-03T00:00:00Z,3.4262,0.2172,6.0132,5.7082,7.1814,9.6515
E0106,2026-01-03T00:00:00Z,3.5647,-0.1385,3.3531,5.5973,7.071,10.0749
E0107,2026-01-03T00:00:00Z,2.8868,0.6539,6.6977,4.7355,6.9997,10.1246
E0108,2026-01-03T00:00:00Z,2.6677,0.6283,1.9342,6.0228,6.8285,9.6983
E0109,2026-01-03T00:00:00Z,3.7406,0.421,3.5682,6.359,5.5178,8.4566
E0110,2026-01-03T00:00:00Z,2.2301,0.442,1.9166,5.6471,4.9634,10.1214
E0111,2026-01-03T00:00:00Z,2.6964,-0.4045,2.9816,4.216,8.7916,9.3241
E0112,2026-01-03T00:00:00Z,2.995,2.2561,2.2569,5.5481,8.3758,9.1717
E0113,2026-01-03T00:00:00Z,2.1297,1.185,2.4899,5.7077,7.7021,11.2141
E0114,2026-01-03T00:00:00Z,2.8768,-0.1499,4.0793,4.4762,5.5751,10.1565
E0115,2026-01-03T00:00:00Z,2.245,1.499,3.4025,6.2976,7.0,8.9735
E0116,2026-01-03T00:00:00Z,3.5688,3.5522,4.0063,5.4896,7.1398,9.7066
E0117,2026-01-03T00:00:00Z,3.9421,0.0881,3.4646,6.0659,8.6399,8.0231
E0118,2026-01-03T00:00:00Z,3.4069,2.2571,2.3741,5.8112,5.7477,10.3834
E0119,2026-01-03T00:00:00Z,3.4552,0.4802,5.788,5.4589,5.4152,10.6672
E0120,2026-01-03T00:00:00Z,2.4116,1.6962,4.1805,5.4584,7.9924,11.4916
E0121,2026-01-03T00:00:00Z,4.3677,0.7207,4.7354,5.3262,7.7276,8.9817
E0122,2026-01-03T00:00:00Z,3.0197,2.4784,2.3325,6.5049,6.8951,9.7482
E0123,2026-01-03T00:00:00Z,4.0592,1.9732,2.0699,6.1885,5.2444,11.3007
E0124,2026-01-03T00:00:00Z,3.5706,1.6956,3.1911,5.9891,7.6168,11.1583
E0125,2026-01-03T00:00:00Z,2.7178,-0.6503,5.074,5.3531,8.7803,9.7394
E0126,2026-01-03T00:00:00Z,3.3379,0.5152,3.0207,5.9789,7.4393,10.1283
E0127,2026-01-03T00:00:00Z,3.3651,2.3041,4.5907,5.504,6.8086,9.6399
E0128,2026-01-03T00:00:00Z,3.5377,-0.5701,3.6986,4.8972,7.3921,9.1546
E0129,2026-01-03T00:00:00Z,2.4845,1.3025,5.2776,5.5931,7.5323,8.3634
E0130,2026-01-03T00:00:00Z,3.4744,-1.79,5.7517,5.06,9.2549,10.2589
E0131,2026-01-03T00:00:00Z,3.1949,0.2318,4.8461,4.753,7.5812,8.7769
E0132,2026-01-03T00:00:00Z,3.4211,0.2178,4.8762,5.1308,7.431,8.6855
E0133,2026-01-03T00:00:00Z,2.371,-0.0596,4.2979,4.929,8.5979,9.6828
E0134,2026-01-03T00:00:00Z,2.859,1.8886,5.868,6.3544,6.5823,9.4993
E0135,2026-01-03T00:00:00Z,1.0972,0.991,3.9619,5.4262,6.7616,10.6328
E0136,2026-01-03T00:00:00Z,2.6544,0.3484,3.1591,5.8363,8.3606,7.7502
E0137,2026-01-03T00:00:00Z,1.8901,2.2811,3.2598,5.2166,6.7619,10.437
E0138,2026-01-03T00:00:00Z,2.9488,0.6615,1.151,5.8496,7.3784,11.0534
E0139,2026-01-03T00:00:00Z,3.3891,1.9251,6.553,5.4903,8.1176,8.0912
E0140,2026-01-03T00:00:00Z,3.0336,0.0983,4.9354,4.9303,5.5009,11.3304
E0141,2026-01-03T00:00:00Z,2.277,2.5581,3.4327,5.3966,7.6896,9.4512
E0142,2026-01-03T00:00:00Z,3.0099,2.1429,6.4795,5.8737,7.7863,8.7366
E0143,2026-01-03T00:00:00Z,1.7556,1.986,4.4071,6.0542,5.1351,8.4095
E0144,2026-01-03T00:00:00Z,2.2207,0.4494,1.999,6.0573,7.5376,8.992
E0145,2026-01-03T00:00:00Z,2.0386,0.0451,4.4792,6.1479,8.1616,9.9373
E0146,2026-01-03T00:00:00Z,3.3478,1.3836,4.0611,5.4303,6.7854,9.7817
E0147,2026-01-03T00:00:00Z,2.1365,3.5604,1.8654,5.7798,7.8672,9.8065
E0148,2026-01-03T00:00:00Z,3.0291,-0.2088,4.1601,5.3501,6.474,8.4661
E0149,2026-01-03T00:00:00Z,4.2741,1.5146,6.2296,6.4513,8.3527,8.6202
E0000,2026-01-04T00:00:00Z,3.3855,1.7455,2.5598,3.9682,8.8508,9.8618
E0001,2026-01-04T00:00:00Z,3.2059,-0.5271,3.5919,4.7047,6.5539,10.5488
E0002,2026-01-04T00:00:00Z,3.4365,1.8466,4.9033,5.7569,5.6736,10.4678
E0003,2026-01-04T00:00:00Z,3.5242,1.6674,5.2125,5.5657,6.8658,9.63
E0004,2026-01-04T00:00:00Z,3.4212,2.1355,4.3132,5.4995,7.1329,6.5347
E0005,2026-01-04T00:00:00Z,2.2638,2.0265,2.5014,5.4952,6.7013,9.9746
E0006,2026-01-04T00:00:00Z,2.9981,0.5972,4.1194,4.5924,7.5251,11.0912
E0007,2026-01-04T00:00:00Z,2.8379,1.8253,6.0296,4.9796,6.7922,11.2774
E0008,2026-01-04T00:00:00Z,2.8194,1.7333,3.7714,4.2559,7.822,9.472
E0009,2026-01-04T00:00:00Z,1.8672,0.1425,2.7609,4.8732,6.8642,9.4515
E0010,2026-01-04T00:00:00Z,3.0834,0.5023,2.6713,6.0072,7.9777,9.0599
E0011,2026-01-04T00:00:00Z,4.1823,2.2272,4.3118,5.3055,8.5499,10.5798
E0012,2026-01-04T00:00:00Z,3.5439,-0.5116,4.3418,6.1936,8.9485,11.7836
E0013,2026-01-04T00:00:00Z,2.7581,4.8362,2.5807,6.4719,6.4482,8.7751
E0014,2026-01-04T00:00:00Z,3.6942,2.4189,0.6469,4.7342,6.4698,9.7027
E0015,2026-01-04T00:00:00Z,2.2423,3.9932,2.8647,4.8179,5.9245,9.6503
E0016,2026-01-04T00:00:00Z,2.1095,1.2932,4.2743,5.6194,8.6881,10.4032
E0017,2026-01-04T00:00:00Z,3.8518,-2.6398,2.3552,6.0738,7.2808,9.3948
E0018,2026-01-04T00:00:00Z,2.5808,4.4455,6.0216,4.4897,7.3078,8.6706
E0019,2026-01-04T00:00:00Z,2.9483,0.6017,6.7481,5.4955,7.9937,8.2688
E0020,2026-01-04T00:00:00Z,3.8729,3.1116,3.9369,6.3768,6.6347,9.6283
E0021,2026-01-04T00:00:00Z,2.3596,-1.17,4.7227,5.0152,7.0369,10.1017
E0022,2026-01-04T00:00:00Z,3.158,-0.5874,2.4607,5.3533,6.4933,10.2618
E0023,2026-01-04T00:00:00Z,2.9582,0.4475,1.8021,6.3568,6.9049,10.8984
E0024,2026-01-04T00:00:00Z,2.8071,2.7543,4.0424,5.872,6.2992,11.6857
E0025,2026-01-04T00:00:00Z,3.3285,1.1132,1.464,5.0993,7.1617,8.5573
E0026,2026-01-04T00:00:00Z,2.1043,0.3537,3.6552,6.507,7.1869,8.5788
E0027,2026-01-04T00:00:00Z,3.0458,-0.113,4.8221,5.4226,8.7784,7.7484
E0028,2026-01-04T00:00:00Z,3.1216,1.1138,3.5566,5.9179,9.0819,10.1231
E0029,2026-01-04T00:00:00Z,3.4673,1.5204,4.7499,6.4273,7.3432,10.001
E0030,2026-01-04T00:00:00Z,2.6965,-1.8856,2.6915,4.7613,6.3962,11.7374
E0031,2026-01-04T00:00:00Z,3.2298,2.0591,2.9,5.5184,6.6865,8.5835
E0032,2026-01-04T00:00:00Z,2.8667,2.6247,5.0632,6.2712,8.5104,10.3871
E0033,2026-01-04T00:00:00Z,4.0181,1.1526,4.7106,5.411,7.7493,10.2013
E0034,2026-01-04T00:00:00Z,1.9695,1.1147,2.3356,5.6072,6.4796,10.7448
E0035,2026-01-04T00:00:00Z,1.7645,0.584,4.0727,5.0132,8.6545,9.2763
E0036,2026-01-04T00:00:00Z,3.5984,1.0653,2.9357,6.0653,8.1964,9.9662
E0037,2026-01-04T00:00:00Z,2.8259,-0.7814,3.6408,4.921,8.1023,9.1453
E0038,2026-01-04T00:00:00Z,1.1032,-0.2949,6.3158,6.0485,7.9597,10.115
E0039,2026-01-04T00:00:00Z,3.0486,0.6291,2.9919,5.4422,6.5789,9.8594
E0040,2026-01-04T00:00:00Z,3.551,0.6519,5.7754,5.6811,6.6518,10.2693
E0041,2026-01-04T00:00:00Z,2.6957,-1.8281,2.0215,4.6174,7.5133,9.2098
E0042,2026-01-04T00:00:00Z,2.3119,0.9997,4.7667,5.8877,6.4992,10.2719
E0043,2026-01-04T00:00:00Z,3.4421,2.5326,2.0821,6.6272,7.3875,8.0957
E0044,2026-01-04T00:00:00Z,3.4349,0.1502,4.5188,4.6447,6.7971,10.0726
E0045,2026-01-04T00:00:00Z,3.0981,1.8901,2.0335,4.4625,7.6367,8.8496
E0046,2026-01-04T00:00:00Z,3.4902,4.1334,3.6519,6.0201,7.2772,8.6627
E0047,2026-01-04T00:00:00Z,2.3475,1.6043,4.5424,5.3962,7.551,9.3554
E0048,2026-01-04T00:00:00Z,2.7011,2.065,3.3269,5.2519,7.5362,8.086
E0049,2026-01-04T00:00:00Z,1.3568,1.6657,6.5598,6.1546,7.1662,8.5293
E0050,2026-01-04T00:00:00Z,2.796,-0.8556,1.5304,5.5528,9.4082,7.8045
E0051,2026-01-04T00:00:00Z,2.9988,1.1875,2.5681,5.7051,8.2885,9.2919
E0052,2026-01-04T00:00:00Z,4.4216,0.9108,4.0198,6.6397,8.1194,9.4499
E0053,2026-01-04T00:00:00Z,3.3354,1.8634,3.7632,5.8386,7.3093,7.9479
E0054,2026-01-04T00:00:00Z,3.4744,0.4137,5.049,5.0606,7.8146,10.0665
E0055,2026-01-04T00:00:00Z,3.09,-0.7891,3.6833,5.4766,6.0542,9.9195
E0056,2026-01-04T00:00:00Z,2.0766,0.1929,3.6429,5.8234,7.7307,8.7701
E0057,2026-01-04T00:00:00Z,3.2311,1.7284,1.9175,6.0332,7.2885,9.4676
E0058,2026-01-04T00:00:00Z,2.1238,1.9783,4.8314,5.6249,7.9628,10.1688
E0059,2026-01-04T00:00:00Z,2.896,3.6718,3.8521,5.3628,8.3214,7.7406
E0060,2026-01-04T00:00:00Z,3.4154,1.0336,3.8132,6.4729,6.6856,9.7293
E0061,2026-01-04T00:00:00Z,3.7112,3.5468,4.5273,5.6525,7.8653,9.526
E0062,2026-01-04T00:00:00Z,1.7673,0.657,3.5138,4.4057,6.9625,9.9168
E0063,2026-01-04T00:00:00Z,3.33,-0.3516,2.935,5.2255,8.1646,7.8691
E0064,2026-01-04T00:00:00Z,3.5603,-0.3232,3.7377,5.357,6.2825,9.5936
E0065,2026-01-04T00:00:00Z,2.1761,1.0424,5.0813,5.4581,6.9398,10.5096
E0066,2026-01-04T00:00:00Z,3.4028,-0.0311,2.8544,5.4907,7.092,11.1442
E0067,2026-01-04T00:00:00Z,2.132,0.4081,3.0739,5.7427,6.6361,10.5771
E0068,2026-01-04T00:00:00Z,2.9818,1.7994,1.4757,5.921,7.6776,9.1383
E0069,2026-01-04T00:00:00Z,3.4444,0.6402,4.696,5.2183,7.6468,9.5274
E0070,2026-01-04T00:00:00Z,1.3382,-0.1342,3.3757,5.368,7.3377,9.2257
E0071,2026-01-04T00:00:00Z,2.9285,0.6011,4.8518,6.8164,7.1259,7.8004
E0072,2026-01-04T00:00:00Z,2.1321,2.2678,3.8286,5.3477,6.2837,7.8972
E0073,2026-01-04T00:00:00Z,1.3988,-0.2509,2.7999,4.8732,7.6871,9.2846
E0074,2026-01-04T00:00:00Z,4.1123,0.2126,3.01,5.2124,8.5977,7.7821
E0075,2026-01-04T00:00:00Z,3.7624,2.9791,4.2524,5.4273,6.7626,8.7887
E0076,2026-01-04T00:00:00Z,3.4787,-0.3616,4.3139,5.5021,7.5962,9.74
E0077,2026-01-04T00:00:00Z,2.3736,0.5504,4.1507,4.8206,7.6449,9.9933
E0078,2026-01-04T00:00:00Z,4.1245,1.9455,4.4861,5.4073,6.9741,9.3423
E0079,2026-01-04T00:00:00Z,2.7132,-0.2785,4.0942,5.654,8.967,8.8878
E0080,2026-01-04T00:00:00Z,2.1537,5.3867,4.3021,5.7223,6.9725,9.3469
E0081,2026-01-04T00:00:00Z,2.8091,2.1244,2.1942,4.5175,6.3482,8.5234
E0082,2026-01-04T00:00:00Z,3.4059,-0.3253,2.7037,6.5859,7.1927,8.2365
E0083,2026-01-04T00:00:00Z,4.666,-0.2258,6.5827,5.4573,6.844,10.3996
E0084,2026-01-04T00:00:00Z,2.1385,0.1048,6.3342,6.3449,6.0681,9.1058
E0085,2026-01-04T00:00:00Z,3.6771,-0.8659,3.1601,6.7962,6.1475,11.3469
E0086,2026-01-04T00:00:00Z,2.713,1.9088,7.3011,5.6694,8.5126,9.2659
E0087,2026-01-04T00:00:00Z,3.3464,-0.6414,4.248,5.0849,6.5026,10.0273
E0088,2026-01-04T00:00:00Z,2.5095,1.3809,4.0686,5.5315,6.2448,8.2667
E0089,2026-01-04T00:00:00Z,4.0284,2.5795,3.9433,6.143,7.2302,10.1213
E0090,2026-01-04T00:00:00Z,2.377,1.9665,4.6017,5.7534,7.3652,9.53
E0091,2026-01-04T00:00:00Z,1.098,0.8803,4.3904,6.2946,5.7072,9.3339
E0092,2026-01-04T00:00:00Z,1.9235,2.781,3.8729,5.6326,6.7654,10.2899
E0093,2026-01-04T00:00:00Z,2.4895,-1.6947,5.4601,5.2427,6.5835,10.49
E0094,2026-01-04T00:00:00Z,3.0877,0.8229,3.6266,4.5931,7.8976,11.0617
E0095,2026-01-04T00:00:00Z,2.557,0.4146,3.0985,7.1173,7.7961,10.5081
E0096,2026-01-04T00:00:00Z,2.294,3.2213,3.2388,4.9401,8.9453,8.6723
E0097,2026-01-04T00:00:00Z,2.7486,2.5206,3.7954,6.1143,6.404,10.1086
E0098,2026-01-04T00:00:00Z,3.1289,0.5085,5.8446,4.7071,8.1103,8.8757
E0099,2026-01-04T00:00:00Z,2.75,3.9508,2.0321,5.5734,6.4232,8.0925
E0100,2026-01-04T00:00:00Z,2.8451,0.1419,3.7871,4.6948,7.0617,7.8876
E0101,2026-01-04T00:00:00Z,2.8271,0.7775,2.7764,4.4712,6.5872,8.9729
E0102,2026-01-04T00:00:00Z,4.1049,4.8301,5.4456,5.2837,7.4,10.4054
E0103,2026-01-04T00:00:00Z,2.9913,1.4869,2.3506,5.096,6.8554,11.2362
E0104,2026-01-04T00:00:00Z,2.7971,3.6119,3.8183,5.3509,8.3242,8.8999
E0105,2026-01-04T00:00:00Z,3.5013,2.6756,4.58,4.7442,6.6289,11.4413
E0106,2026-01-04T00:00:00Z,2.7431,-1.6633,1.3086,5.4637,7.7845,9.6189
E0107,2026-01-04T00:00:00Z,2.1076,1.6988,3.7111,5.9226,7.4096,7.2368
E0108,2026-01-04T00:00:00Z,3.3785,1.2141,1.195,5.1906,6.7382,10.7335
E0109,2026-01-04T00:00:00Z,2.4313,1.8296,4.9368,5.53,7.6846,9.6059
E0110,2026-01-04T00:00:00Z,2.6381,-0.0203,1.8863,5.1649,7.4458,10.2226
E0111,2026-01-04T00:00:00Z,3.0792,-0.5519,3.205,6.632,6.1849,8.6351
E0112,2026-01-04T00:00:00Z,2.4472,-0.3006,5.7053,6.0863,6.2868,9.712
E0113,2026-01-04T00:00:00Z,3.5254,0.2606,2.8563,5.4361,7.0804,8.3265
E0114,2026-01-04T00:00:00Z,2.596,-0.0602,3.8986,5.6379,6.2024,9.9275
E0115,2026-01-04T00:00:00Z,2.5009,-1.6174,4.0723,5.7439,6.9435,8.5016
E0116,2026-01-04T00:00:00Z,2.9784,1.7256,3.9097,6.6752,6.5986,10.4515
E0117,2026-01-04T00:00:00Z,2.0953,1.6767,3.4649,6.3852,8.265,9.7733
E0118,2026-01-04T00:00:00Z,2.5113,3.2078,3.1759,5.3677,6.9756,7.1882
E0119,2026-01-04T00:00:00Z,2.552,2.1274,3.8867,4.5482,7.9681,7.9047
E0120,2026-01-04T00:00:00Z,2.8383,0.3904,3.4659,5.9437,6.377,8.0051
E0121,2026-01-04T00:00:00Z,2.9078,-0.3015,4.0938,6.2242,6.501,10.0521
E0122,2026-01-04T00:00:00Z,1.3785,-1.4587,3.8499,5.5357,7.6187,10.4384
E0123,2026-01-04T00:00:00Z,2.6049,1.9888,3.7173,5.4718,7.357,10.1698
E0124,2026-01-04T00:00:00Z,3.1267,0.9743,3.2191,5.5819,5.5591,10.4994
E0125,2026-01-04T00:00:00Z,2.6277,0.5364,4.5308,5.5439,7.9623,9.8279
E0126,2026-01-04T00:00:00Z,2.7196,2.3073,3.0767,5.9485,8.7571,9.5344
E0127,2026-01-04T00:00:00Z,1.7259,-0.738,1.7721,5.0636,6.2069,10.4711
E0128,2026-01-04T00:00:00Z,2.808,0.1457,1.9652,5.9941,8.5138,10.1486
E0129,2026-01-04T00:00:00Z,2.2193,-0.5723,3.4922,5.6229,6.1693,9.6906
E0130,2026-01-04T00:00:00Z,3.5669,-1.1193,4.6074,5.1376,9.552,11.2406
E0131,2026-01-04T00:00:00Z,2.5799,1.6822,2.9235,6.5349,6.8926,9.1683
E0132,2026-01-04T00:00:00Z,3.2019,0.8382,2.3008,4.6751,7.3799,9.2932
E0133,2026-01-04T00:00:00Z,3.4656,-0.1188,5.4773,5.2136,7.2196,10.4253
E0134,2026-01-04T00:00:00Z,4.0567,0.0377,3.0473,5.6165,7.7633,11.3599
E0135,2026-01-04T00:00:00Z,2.9606,2.2024,3.0626,5.6126,7.9077,9.0977
E0136,2026-01-04T00:00:00Z,3.3962,2.007,4.5919,4.5665,6.8341,8.7654
E0137,2026-01-04T00:00:00Z,2.6329,0.9595,6.1725,6.3939,9.1613,9.9079
E0138,2026-01-04T00:00:00Z,2.7799,1.8738,4.2994,5.1724,6.9335,8.7201
E0139,2026-01-04T00:00:00Z,2.3393,-0.4327,4.1752,6.0171,6.2515,9.8288
E0140,2026-01-04T00:00:00Z,2.978,2.0417,4.3173,4.9116,7.3219,9.6525
E0141,2026-01-04T00:00:00Z,3.6463,-0.4693,4.7242,5.0819,7.9244,9.0896
E0142,2026-01-04T00:00:00Z,3.2223,1.5596,1.2231,5.8592,6.9937,10.3978
E0143,2026-01-04T00:00:00Z,4.2001,1.146,3.9759,4.8464,8.438,7.4708
E0144,2026-01-04T00:00:00Z,3.3246,-0.2177,2.4829,6.9056,6.5879,9.9887
E0145,2026-01-04T00:00:00Z,2.7719,0.1478,4.0377,5.5719,7.0242,9.7581
E0146,2026-01-04T00:00:00Z,4.5979,3.4812,3.6289,6.5587,7.6669,10.9591
E0147,2026-01-04T00:00:00Z,1.5347,-0.7624,2.2427,5.1135,7.8204,8.7328
E0148,2026-01-04T00:00:00Z,4.3402,0.7924,1.8036,4.855,7.0073,9.9051
E0149,2026-01-04T00:00:00Z,3.3155,3.7033,2.7022,6.3478,8.5894,9.147
E0000,2026-01-05T00:00:00Z,3.5992,0.3087,3.0592,4.6061,8.267,9.1617
E0001,2026-01-05T00:00:00Z,2.8421,-0.5521,3.9659,5.8893,6.9383,10.1347
E0002,2026-01-05T00:00:00Z,2.5824,0.8534,4.8701,4.8168,6.1638,8.617
E0003,2026-01-05T00:00:00Z,3.1569,-0.8071,5.0061,5.6228,7.9445,9.3173
E0004,2026-01-05T00:00:00Z,2.5512,2.0907,3.9292,6.2503,8.3223,8.6238
E0005,2026-01-05T00:00:00Z,3.0345,2.6266,2.8591,4.8605,6.6485,9.2567
E0006,2026-01-05T00:00:00Z,3.3633,-2.3282,5.0262,5.3347,6.73,10.1387
E0007,2026-01-05T00:00:00Z,3.14,2.2058,3.368,4.9609,7.328,9.0243
E0008,2026-01-05T00:00:00Z,2.2827,4.0194,6.5366,5.3682,6.2025,9.2328
E0009,2026-01-05T00:00:00Z,2.405,0.8978,1.8227,5.3501,7.6011,9.3525
E0010,2026-01-05T00:00:00Z,2.553,0.3663,3.9081,5.5436,7.5364,10.978
E0011,2026-01-05T00:00:00Z,2.9236,0.1487,5.1481,5.8205,6.075,8.9863
E0012,2026-01-05T00:00:00Z,2.8356,-1.4718,5.3368,5.4658,6.2996,10.1358
E0013,2026-01-05T00:00:00Z,3.6489,1.3517,1.9438,5.0999,6.9528,9.7368
E0014,2026-01-05T00:00:00Z,3.2968,-1.3844,3.261,4.6691,7.0929,10.0221
E0015,2026-01-05T00:00:00Z,4.1655,0.8086,3.6828,5.7376,7.0781,10.1809
E0016,2026-01-05T00:00:00Z,1.9378,2.4223,3.9357,6.319,6.8483,10.523
E0017,2026-01-05T00:00:00Z,3.0726,0.0509,5.0081,5.9673,8.3593,9.9662
E0018,2026-01-05T00:00:00Z,3.0715,1.3247,3.9014,4.4692,5.9227,8.1576
E0019,2026-01-05T00:00:00Z,4.3233,-0.9041,6.4241,5.5256,8.2703,8.8192
E0020,2026-01-05T00:00:00Z,3.3052,1.1973,5.1445,4.6734,8.6939,10.2854
E0021,2026-01-05T00:00:00Z,2.4249,2.6936,6.5288,5.6989,7.388,9.9596
E0022,2026-01-05T00:00:00Z,3.324,-1.298,1.3598,5.3,9.1267,10.0109
E0023,2026-01-05T00:00:00Z,1.9781,-0.9359,4.0191,5.6625,7.872,9.3477
E0024,2026-01-05T00:00:00Z,3.187,1.66,4.5154,6.1875,6.4397,8.7297
E0025,2026-01-05T00:00:00Z,3.834,0.5919,3.9359,5.7971,7.2457,8.159
E0026,2026-01-05T00:00:00Z,3.8212,-0.8877,2.7867,4.4287,4.9937,9.7864
E0027,2026-01-05T00:00:00Z,2.885,1.4223,3.5454,5.9247,5.2913,8.4641
E0028,2026-01-05T00:00:00Z,3.2379,1.8585,4.3196,5.7846,7.2509,9.6122
E0029,2026-01-05T00:00:00Z,4.1173,-0.2975,3.4695,6.2525,6.9579,9.5305
E0030,2026-01-05T00:00:00Z,3.945,-0.5929,2.9339,5.2392,7.0466,10.4747
E0031,2026-01-05T00:00:00Z,3.287,1.8941,4.8759,5.9321,7.8746,8.0168
E0032,2026-01-05T00:00:00Z,3.9682,0.4034,3.0618,5.7795,7.093,10.3788
E0033,2026-01-05T00:00:00Z,2.1057,1.3121,3.1008,6.9934,7.4517,6.8711
E0034,2026-01-05T00:00:00Z,3.2057,1.7316,1.9937,5.0203,7.2024,11.234
E0035,2026-01-05T00:00:00Z,2.3548,1.6732,4.6866,5.569,7.5945,10.4238
E0036,2026-01-05T00:00:00Z,2.4033,2.212,2.8381,5.6829,8.3294,8.5801
E0037,2026-01-05T00:00:00Z,2.9185,1.2085,6.3799,5.9327,5.1288,9.2704
E0038,2026-01-05T00:00:00Z,4.3644,-0.3064,1.8392,5.3807,8.2817,9.7847
E0039,2026-01-05T00:00:00Z,2.6322,-1.1907,3.0805,5.0561,8.5492,8.6884
E0040,2026-01-05T00:00:00Z,3.3532,1.8009,3.8605,5.1433,6.2204,11.3008
E0041,2026-01-05T00:00:00Z,3.0066,2.2555,3.9879,5.0988,6.8282,10.4299
E0042,2026-01-05T00:00:00Z,3.4028,0.9764,4.1256,5.6931,7.9192,9.2675
E0043,2026-01-05T00:00:00Z,2.1898,-1.1604,5.2772,3.943,7.9043,9.7448
E0044,2026-01-05T00:00:00Z,2.7499,-1.3292,3.7961,5.069,7.9718,8.828
E0045,2026-01-05T00:00:00Z,3.3755,1.7426,1.8751,5.459,7.9253,8.5394
E0046,2026-01-05T00:00:00Z,2.8339,1.1553,1.9889,5.6872,7.737,9.4058
E0047,2026-01-05T00:00:00Z,3.2517,0.6093,2.8918,5.8685,7.1403,9.5923
E0048,2026-01-05T00:00:00Z,3.2342,3.0478,3.755,4.84,9.0988,8.8299
E0049,2026-01-05T00:00:00Z,2.423,1.2339,3.2982,5.8376,7.9122,9.3345
E0050,2026-01-05T00:00:00Z,3.6875,1.8426,3.361,6.6246,5.0547,9.3651
E0051,2026-01-05T00:00:00Z,3.4505,-0.9711,3.3697,5.0888,9.0297,10.8255
E0052,2026-01-05T00:00:00Z,2.3795,1.1727,2.5224,5.7097,5.8158,9.7449
E0053,2026-01-05T00:00:00Z,2.7888,0.3879,3.1333,5.8838,5.8274,8.3378
E0054,2026-01-05T00:00:00Z,3.3831,-0.8364,2.4935,5.4225,5.6721,7.4137
E0055,2026-01-05T00:00:00Z,1.667,1.4428,3.6369,4.2169,7.0764,9.877
E0056,2026-01-05T00:00:00Z,3.2305,1.61,4.8999,6.2102,7.7585,8.8591
E0057,2026-01-05T00:00:00Z,2.8821,2.391,3.7362,5.2053,7.6505,9.8121
E0058,2026-01-05T00:00:00Z,2.6348,-1.22,2.1961,5.7371,7.3867,10.1704
E0059,2026-01-05T00:00:00Z,3.1231,3.6165,4.1507,4.4039,8.8887,10.0651
E0060,2026-01-05T00:00:00Z,3.266,2.7789,2.9686,6.1021,6.5397,8.9843
E0061,2026-01-05T00:00:00Z,3.3195,0.0604,4.3172,6.2082,7.0895,10.3164
E0062,2026-01-05T00:00:00Z,1.5624,0.5461,6.0451,6.1003,6.557,10.3056
E0063,2026-01-05T00:00:00Z,3.0545,0.7239,2.8115,6.7026,6.6412,7.9022
E0064,2026-01-05T00:00:00Z,3.6228,0.023,1.9368,5.3344,7.4176,8.1174
E0065,2026-01-05T00:00:00Z,2.8298,1.7087,2.4261,5.9083,8.2646,9.9924
E0066,2026-01-05T00:00:00Z,2.4191,3.5003,3.3663,5.4449,8.1556,9.3585
E0067,2026-01-05T00:00:00Z,3.0264,0.4039,3.1109,6.0385,6.8083,10.128
E0068,2026-01-05T00:00:00Z,2.1702,0.6668,2.4676,5.5943,6.3488,10.1382
E0069,2026-01-05T00:00:00Z,2.8958,0.9732,2.1454,5.0432,7.2265,10.6831
E0070,2026-01-05T00:00:00Z,3.2021,0.8491,4.448,4.7835,8.4102,9.9907
E0071,2026-01-05T00:00:00Z,2.5233,1.9455,3.3868,4.9368,7.8852,9.071
E0072,2026-01-05T00:00:00Z,2.8437,-1.5684,4.4351,5.9238,6.1966,8.7527
E0073,2026-01-05T00:00:00Z,3.7597,0.4511,2.2978,4.6296,8.4787,9.1432
E0074,2026-01-05T00:00:00Z,1.7112,1.4588,3.509,4.9858,7.1416,9.3901
E0075,2026-01-05T00:00:00Z,3.4555,2.0481,2.5701,4.8364,8.4549,9.7556
E0076,2026-01-05T00:00:00Z,2.886,0.5486,4.6633,5.7077,6.3483,10.0531
E0077,2026-01-05T00:00:00Z,2.8786,1.1404,3.7362,6.111,6.9487,10.836
E0078,2026-01-05T00:00:00Z,2.4657,1.5616,3.9984,5.6894,6.3242,9.0184
E0079,2026-01-05T00:00:00Z,3.1958,0.9717,4.3491,5.4824,8.9043,10.0347
E0080,2026-01-05T00:00:00Z,3.5957,-0.3752,3.6735,6.1245,7.1678,12.0589
E0081,2026-01-05T00:00:00Z,3.7541,2.2623,5.107,4.9873,9.255,11.4578
E0082,2026-01-05T00:00:00Z,2.9365,0.6186,3.5199,5.5544,7.8673,10.6483
E0083,2026-01-05T00:00:00Z,2.4776,-0.6401,4.2186,5.8254,8.2991,7.8888
E0084,2026-01-05T00:00:00Z,3.7486,2.0494,1.9732,5.4262,7.6162,8.6164
E0085,2026-01-05T00:00:00Z,3.1493,2.8783,5.1073,6.0828,8.7779,9.9681
E0086,2026-01-05T00:00:00Z,3.3915,-1.4608,3.2855,6.2344,8.6504,9.6687
E0087,2026-01-05T00:00:00Z,3.2755,0.5294,4.5736,5.9592,8.1798,9.9267
E0088,2026-01-05T00:00:00Z,2.5402,-0.6192,5.5253,4.7403,8.219,9.0899
E0089,2026-01-05T00:00:00Z,2.0111,0.0543,4.5771,6.8322,7.3231,8.6834
E0090,2026-01-05T00:00:00Z,2.25,2.0395,5.1859,5.0338,6.7438,10.1235
E0091,2026-01-05T00:00:00Z,3.938,-1.09,4.0592,6.2309,8.9198,8.9459
E0092,2026-01-05T00:00:00Z,2.9406,0.6487,7.8999,5.1083,6.348,11.1737
E0093,2026-01-05T00:00:00Z,2.8152,2.7345,2.9891,5.3526,7.8191,10.7351
E0094,2026-01-05T00:00:00Z,2.9063,0.8965,2.4163,5.7454,7.6354,9.5984
E0095,2026-01-05T00:00:00Z,3.8859,0.1957,1.8537,4.8599,8.119,10.0784
E0096,2026-01-05T00:00:00Z,3.5541,3.0429,4.6103,4.6832,8.2074,8.8326
E0097,2026-01-05T00:00:00Z,2.401,2.7099,3.102,5.1078,8.0351,9.7655
E0098,2026-01-05T00:00:00Z,2.8338,1.1502,3.36,5.1775,6.3488,9.7547
E0099,2026-01-05T00:00:00Z,3.8893,1.3196,4.9316,4.1517,8.8498,9.2676
E0100,2026-01-05T00:00:00Z,3.1465,-1.4652,0.9615,4.1555,8.8801,11.2514
E0101,2026-01-05T00:00:00Z,3.4857,2.3785,4.7674,5.5702,7.7294,9.8574
E0102,2026-01-05T00:00:00Z,3.1142,-0.2615,4.9125,5.6988,8.3095,9.387
E0103,2026-01-05T00:00:00Z,3.0334,1.6837,4.7794,6.5318,5.3548,8.6021
E0104,2026-01-05T00:00:00Z,3.5764,-1.2185,4.5067,5.5999,7.035,9.7974
E0105,2026-01-05T00:00:00Z,3.0526,1.531,2.4531,4.9534,6.4183,9.6243
E0106,2026-01-05T00:00:00Z,2.3221,1.1367,5.8307,5.6351,7.1226,9.4343
E0107,2026-01-05T00:00:00Z,2.8357,-2.8263,3.248,5.473,6.8978,7.5166
E0108,2026-01-05T00:00:00Z,1.7422,4.0766,4.7762,5.3857,6.9565,9.3701
E0109,2026-01-05T00:00:00Z,3.7998,-0.4381,3.615,6.0383,7.3477,10.6613
E0110,2026-01-05T00:00:00Z,3.1946,0.9227,4.035,6.7196,7.6154,12.0262
E0111,2026-01-05T00:00:00Z,2.8207,1.382,3.2992,6.032,6.7005,10.0076
E0112,2026-01-05T00:00:00Z,2.9365,0.2898,3.6982,6.0787,8.3671,8.5286
E0113,2026-01-05T00:00:00Z,1.8595,-0.3379,4.8745,4.7254,6.6225,9.0035
E0114,2026-01-05T00:00:00Z,2.1755,-1.4777,3.8701,5.6954,6.2612,9.8762
E0115,2026-01-05T00:00:00Z,1.7127,0.5003,1.7452,5.9341,8.0222,8.858
E0116,2026-01-05T00:00:00Z,2.9168,3.5903,2.3576,5.0458,5.244,9.2328
E0117,2026-01-05T00:00:00Z,2.1853,2.4691,4.8697,5.2995,7.8153,9.7885
E0118,2026-01-05T00:00:00Z,2.601,1.1555,3.1006,5.5369,6.4815,9.145
E0119,2026-01-05T00:00:00Z,0.9066,2.5844,5.5103,5.7386,7.0983,10.5646
E0120,2026-01-05T00:00:00Z,3.0026,-0.1815,4.5563,4.7172,7.4466,8.3009
E0121,2026-01-05T00:00:00Z,3.5038,0.8139,2.6811,6.0805,5.9792,9.5833
E0122,2026-01-05T00:00:00Z,2.3329,0.1013,5.9708,4.3142,6.2976,9.6984
E0123,2026-01-05T00:00:00Z,3.4999,1.6519,2.8014,5.0602,7.8763,10.2387
E0124,2026-01-05T00:00:00Z,2.7788,3.0003,2.52,5.8322,6.41,8.767
E0125,2026-01-05T00:00:00Z,3.4564,1.9625,3.881,5.2408,7.8395,8.369
E0126,2026-01-05T00:00:00Z,3.6496,3.861,3.9097,5.8809,6.8767,9.3235
E0127,2026-01-05T00:00:00Z,1.1072,0.3915,6.8692,6.3139,6.8929,9.1423
E0128,2026-01-05T00:00:00Z,3.5499,2.8017,4.5632,5.0234,6.2633,8.2594
E0129,2026-01-05T00:00:00Z,3.5186,-0.6781,4.157,5.9667,6.9627,10.7296
E0130,2026-01-05T00:00:00Z,4.7233,0.2559,2.8011,5.3856,8.3838,7.5543
E0131,2026-01-05T00:00:00Z,3.6415,0.7259,4.5737,4.7017,7.801,10.9381
E0132,2026-01-05T00:00:00Z,3.9483,-0.5808,2.5857,5.183,7.1843,9.3281
E0133,2026-01-05T00:00:00Z,2.9952,0.4845,2.6136,5.6621,6.1135,10.0602
E0134,2026-01-05T00:00:00Z,1.2849,1.8009,3.7065,5.3542,6.9534,10.7235
E0135,2026-01-05T00:00:00Z,3.2159,-0.3021,4.5934,6.1292,5.6467,9.0017
E0136,2026-01-05T00:00:00Z,2.7523,0.8601,3.8078,5.4826,6.2731,9.7842
E0137,2026-01-05T00:00:00Z,2.8301,0.9037,3.2232,5.4606,7.3475,10.3492
E0138,2026-01-05T00:00:00Z,3.1634,0.6776,2.7984,5.3488,9.7296,10.3438
E0139,2026-01-05T00:00:00Z,2.4564,2.5407,1.3134,5.1844,7.0522,8.8686
E0140,2026-01-05T00:00:00Z,2.3339,1.0557,5.4018,5.5977,6.0637,8.8595
E0141,2026-01-05T00:00:00Z,4.3067,-0.2303,4.8171,5.4497,7.4041,9.9412
E0142,2026-01-05T00:00:00Z,3.2466,2.3355,3.1962,5.1095,8.0531,9.6388
E0143,2026-01-05T00:00:00Z,3.2464,-0.586,1.7601,5.4963,7.3272,11.8047
E0144,2026-01-05T00:00:00Z,3.2931,-0.2703,1.8725,4.895,6.9189,10.1386
E0145,2026-01-05T00:00:00Z,3.9574,4.2214,4.2657,5.3694,8.1481,11.9131
E0146,2026-01-05T00:00:00Z,2.8159,0.5053,4.8666,5.1869,6.5703,11.4853
E0147,2026-01-05T00:00:00Z,3.3066,2.2035,3.6589,5.9868,6.7318,9.8635
E0148,2026-01-05T00:00:00Z,3.8336,2.1546,3.575,5.44,8.7761,9.2674
E0149,2026-01-05T00:00:00Z,2.0643,1.2285,4.3554,5.6519,5.2523,10.5674
E0000,2026-01-06T00:00:00Z,3.2984,1.1521,4.5556,6.2442,7.9387,8.7735
E0001,2026-01-06T00:00:00Z,3.4341,-0.3003,3.4969,5.1615,6.9959,7.6944
E0002,2026-01-06T00:00:00Z,2.2919,3.3568,3.9706,6.2489,7.5745,7.8012
E0003,2026-01-06T00:00:00Z,3.1638,-0.256,1.2531,5.6446,7.7092,10.282
E0004,2026-01-06T00:00:00Z,1.6894,-2.2489,1.6529,5.8775,8.2539,9.7081
E0005,2026-01-06T00:00:00Z,2.6033,-0.3394,2.9604,5.5516,6.4542,8.8662
E0006,2026-01-06T00:00:00Z,3.9368,-1.4623,5.6152,4.6097,8.2705,10.5
E0007,2026-01-06T00:00:00Z,2.8547,1.1895,2.9103,5.9687,7.5506,8.9325
E0008,2026-01-06T00:00:00Z,1.9737,1.3558,4.9934,5.9828,5.1233,8.5751
E0009,2026-01-06T00:00:00Z,3.8189,0.8373,3.5949,5.7936,6.2836,10.03
E0010,2026-01-06T00:00:00Z,2.7634,1.9763,6.5005,5.3665,7.8876,9.0693
E0011,2026-01-06T00:00:00Z,2.4264,-0.8589,3.9412,4.4096,7.6541,11.0298
E0012,2026-01-06T00:00:00Z,2.8611,1.9318,3.7834,6.2704,8.7843,7.7288
E0013,2026-01-06T00:00:00Z,2.1823,1.2468,4.2408,4.8557,7.833,10.1061
E0014,2026-01-06T00:00:00Z,3.5884,1.8976,6.117,4.7644,7.6752,8.8759
E0015,2026-01-06T00:00:00Z,3.4579,-0.2037,3.7082,5.3833,8.7572,9.8715
E0016,2026-01-06T00:00:00Z,3.3153,2.3724,3.298,4.914,6.8304,10.2172
E0017,2026-01-06T00:00:00Z,3.392,2.4262,1.6365,5.7561,7.8524,8.9485
E0018,2026-01-06T00:00:00Z,2.6215,3.0678,3.3723,5.2559,7.2705,8.2171
E0019,2026-01-06T00:00:00Z,1.8534,0.349,5.7944,5.8525,7.3044,10.1714
E0020,2026-01-06T00:00:00Z,2.3002,-0.2616,1.8202,5.7191,6.7586,8.4632
E0021,2026-01-06T00:00:00Z,3.3115,0.2421,4.9021,4.9594,8.3952,8.706
E0022,2026-01-06T00:00:00Z,2.5453,4.7107,1.7319,5.032,9.1743,9.5966
E0023,2026-01-06T00:00:00Z,3.352,1.4869,4.1254,5.0046,6.5999,11.0029
E0024,2026-01-06T00:00:00Z,3.6531,0.5887,4.8916,6.1329,8.239,8.9682
E0025,2026-01-06T00:00:00Z,3.4728,-2.8777,5.744,5.7866,7.7608,10.0583
E0026,2026-01-06T00:00:00Z,3.0755,-0.9266,1.5433,4.3174,7.4458,9.4707
E0027,2026-01-06T00:00:00Z,2.8438,-0.5672,0.6898,6.1124,6.8508,8.8893
E0028,2026-01-06T00:00:00Z,3.7265,1.3458,1.7506,5.329,6.9121,9.0408
E0029,2026-01-06T00:00:00Z,2.5053,0.4995,2.5415,5.1397,7.0128,9.6691
E0030,2026-01-06T00:00:00Z,2.3419,2.3435,5.0295,6.2663,7.6262,9.5648
E0031,2026-01-06T00:00:00Z,3.3981,1.912,4.9247,5.584,6.3518,8.7101
E0032,2026-01-06T00:00:00Z,2.9421,-1.6536,2.5802,5.0171,6.8257,9.2636
E0033,2026-01-06T00:00:00Z,3.6353,0.5721,2.2951,5.6199,5.1688,9.0858
E0034,2026-01-06T00:00:00Z,3.2528,2.4506,4.6016,5.7077,7.9039,8.9409
E0035,2026-01-06T00:00:00Z,2.8342,0.8362,2.617,5.4957,7.7104,9.393
E0036,2026-01-06T00:00:00Z,2.8197,-0.0226,3.0607,5.3101,6.7963,9.524
E0037,2026-01-06T00:00:00Z,3.3012,0.6835,6.5245,6.6706,5.9622,9.4842
E0038,2026-01-06T00:00:00Z,3.7689,-0.4742,1.5179,5.113,9.0395,7.7435
E0039,2026-01-06T00:00:00Z,2.1176,-0.6549,4.1372,5.9083,7.158,10.2199
E0040,2026-01-06T00:00:00Z,3.0841,-0.1839,3.4473,6.0352,7.5656,9.2568
E0041,2026-01-06T00:00:00Z,2.4285,-0.4045,6.6754,6.0996,5.8401,9.4566
E0042,2026-01-06T00:00:00Z,2.8819,0.4868,3.5392,5.4011,6.6197,8.056
E0043,2026-01-06T00:00:00Z,3.0446,0.2317,2.6728,5.6203,7.5166,10.305
E0044,2026-01-06T00:00:00Z,3.3501,1.7292,1.738,5.006,6.8927,10.9083
E0045,2026-01-06T00:00:00Z,3.2834,1.5786,2.9411,4.7072,5.6313,9.7728
E0046,2026-01-06T00:00:00Z,2.7908,1.0171,5.7228,5.3087,6.8739,10.9116
E0047,2026-01-06T00:00:00Z,4.1764,1.0251,4.0339,5.2658,6.3463,11.6693
E0048,2026-01-06T00:00:00Z,4.9915,0.5934,3.0803,6.5981,6.8254,8.8744
E0049,2026-01-06T00:00:00Z,2.8158,0.2516,2.6262,6.5732,7.3669,6.801
E0050,2026-01-06T00:00:00Z,3.4869,0.5621,5.154,5.4738,7.2877,10.0524
E0051,2026-01-06T00:00:00Z,1.9149,2.8451,3.5007,4.741,6.133,9.7712
E0052,2026-01-06T00:00:00Z,3.2761,0.4127,3.7135,6.4709,7.0256,9.8254
E0053,2026-01-06T00:00:00Z,2.8905,-1.138,5.1134,4.7749,8.902,11.4751
E0054,2026-01-06T00:00:00Z,5.0015,4.9983,5.5486,6.1869,5.9451,9.6509
E0055,2026-01-06T00:00:00Z,2.4392,0.2519,3.9952,5.7486,6.4629,10.8972
E0056,2026-01-06T00:00:00Z,3.559,1.2926,3.7637,6.4816,7.8841,8.0927
E0057,2026-01-06T00:00:00Z,3.2931,2.2732,2.4216,6.0241,8.2865,9.0972
E0058,2026-01-06T00:00:00Z,2.4874,0.8783,4.0261,6.1933,6.6172,10.4771
E0059,2026-01-06T00:00:00Z,3.9096,1.6671,4.2845,4.1408,7.8467,11.7852
E0060,2026-01-06T00:00:00Z,3.5166,0.262,3.5456,5.6312,7.4356,8.6825
E0061,2026-01-06T00:00:00Z,2.832,-0.3491,2.6348,5.4805,6.733,10.049
E0062,2026-01-06T00:00:00Z,2.8095,-1.3232,3.6621,5.7255,7.529,10.0415
E0063,2026-01-06T00:00:00Z,3.0028,0.9245,2.4866,6.139,5.7359,10.4447
E0064,2026-01-06T00:00:00Z,2.6541,2.5995,2.3662,5.3558,7.0901,9.0402
E0065,2026-01-06T00:00:00Z,3.5854,1.8997,4.2072,4.631,5.2358,10.0841
E0066,2026-01-06T00:00:00Z,4.202,-1.0098,3.518,5.7305,7.0434,8.9893
E0067,2026-01-06T00:00:00Z,2.709,2.6046,6.781,6.1126,7.3058,8.6317
E0068,2026-01-06T00:00:00Z,2.9325,3.3486,3.4999,5.5499,6.8236,9.9315
E0069,2026-01-06T00:00:00Z,2.9749,1.8619,3.3292,5.4889,6.9334,11.2981
E0070,2026-01-06T00:00:00Z,3.4921,-2.6959,4.1063,6.2455,9.1379,8.8746
E0071,2026-01-06T00:00:00Z,3.5062,0.2856,4.7631,4.5601,7.6598,8.7438
E0072,2026-01-06T00:00:00Z,3.5419,2.4252,3.8377,7.1078,6.1967,8.9547
E0073,2026-01-06T00:00:00Z,2.4599,0.7879,2.6173,5.103,7.3848,9.5341
E0074,2026-01-06T00:00:00Z,2.188,-0.2852,4.5098,6.3859,8.1632,9.2104
E0075,2026-01-06T00:00:00Z,2.6265,1.5866,2.685,6.0372,4.9219,9.4368
E0076,2026-01-06T00:00:00Z,2.223,-1.6374,4.5902,5.6592,5.2278,9.399
E0077,2026-01-06T00:00:00Z,2.9623,1.9794,2.7285,4.3026,8.7842,10.428
E0078,2026-01-06T00:00:00Z,2.7403,1.5974,2.5874,5.1278,6.8969,8.1385
E0079,2026-01-06T00:00:00Z,1.8974,2.2438,5.2246,5.8724,7.0408,8.3555
E0080,2026-01-06T00:00:00Z,3.9932,1.6552,5.8285,5.567,5.9885,11.1878
E0081,2026-01-06T00:00:00Z,3.2487,3.9784,3.648,4.8874,8.8419,10.0891
E0082,2026-01-06T00:00:00Z,3.2203,4.0274,2.6456,4.6463,7.6964,9.8269
E0083,2026-01-06T00:00:00Z,2.1886,0.4601,4.8934,5.2938,6.8389,8.6488
E0084,2026-01-06T00:00:00Z,1.6528,-0.0255,5.6769,4.6713,5.952,9.0846
E0085,2026-01-06T00:00:00Z,2.1962,3.4452,3.629,6.1928,7.3573,8.6401
E0086,2026-01-06T00:00:00Z,2.8959,-2.8504,3.3407,5.745,6.5571,8.3652
E0087,2026-01-06T00:00:00Z,3.1553,1.8544,3.823,4.6892,6.5923,8.9315
E0088,2026-01-06T00:00:00Z,2.1981,0.7588,3.3732,4.6865,9.0259,9.3757
E0089,2026-01-06T00:00:00Z,3.276,1.4567,4.8285,5.6366,8.4124,8.4476
E0090,2026-01-06T00:00:00Z,4.0569,0.9518,4.5223,7.0046,7.6928,9.6779
E0091,2026-01-06T00:00:00Z,2.4962,1.4859,3.2566,6.2203,6.7053,9.4929
E0092,2026-01-06T00:00:00Z,2.5905,1.0624,4.6708,6.5696,6.7776,9.4132
E0093,2026-01-06T00:00:00Z,3.0013,1.1049,2.5024,5.0973,7.0102,9.4204
E0094,2026-01-06T00:00:00Z,3.5229,1.6831,3.8147,5.4356,7.7844,9.8158
E0095,2026-01-06T00:00:00Z,3.1426,-0.304,4.0456,5.916,7.1051,8.4711
E0096,2026-01-06T00:00:00Z,2.6615,1.0541,2.5944,4.7349,9.1507,9.326
E0097,2026-01-06T00:00:00Z,2.6471,1.0724,2.5241,5.3276,6.3856,8.1988
E0098,2026-01-06T00:00:00Z,2.856,2.5147,4.7054,5.5193,6.3666,10.7883
E0099,2026-01-06T00:00:00Z,3.3765,-2.1399,1.4212,4.9472,6.9997,9.7265
E0100,2026-01-06T00:00:00Z,2.822,1.1827,3.0845,5.7275,6.918,8.7582
E0101,2026-01-06T00:00:00Z,3.7479,0.1709,6.0317,6.4777,7.8916,9.9807
E0102,2026-01-06T00:00:00Z,2.8213,2.4994,3.9059,6.2179,7.1415,10.1213
E0103,2026-01-06T00:00:00Z,3.763,0.1422,3.5889,6.2486,6.967,9.2773
E0104,2026-01-06T00:00:00Z,2.6671,2.4924,3.5846,5.0555,5.4258,10.531
E0105,2026-01-06T00:00:00Z,3.1873,2.8196,3.809,5.0353,6.8583,10.2967
E0106,2026-01-06T00:00:00Z,2.3195,1.0003,3.3034,6.2037,5.706,9.1466
E0107,2026-01-06T00:00:00Z,3.3107,1.0859,3.5764,5.1764,7.709,11.5221
E0108,2026-01-06T00:00:00Z,1.9241,-0.7951,4.3077,6.0834,7.3205,9.5091
E0109,2026-01-06T00:00:00Z,2.0888,2.9738,3.5246,5.4959,6.9345,10.1388
E0110,2026-01-06T00:00:00Z,2.2933,-0.29,4.076,6.3517,6.032,9.1968
E0111,2026-01-06T00:00:00Z,2.1497,1.2668,3.1603,5.4923,6.6535,10.0475
E0112,2026-01-06T00:00:00Z,2.46,0.8081,1.3987,5.2058,6.7225,8.0537
E0113,2026-01-06T00:00:00Z,3.4799,0.0799,2.0735,5.5867,7.4542,9.9611
E0114,2026-01-06T00:00:00Z,2.1384,2.9744,4.2178,5.4519,8.8106,9.3642
E0115,2026-01-06T00:00:00Z,3.2249,1.974,2.7341,6.5083,7.2858,10.3008
E0116,2026-01-06T00:00:00Z,1.907,-0.2789,4.6637,4.8755,8.3046,9.6274
E0117,2026-01-06T00:00:00Z,4.1614,1.5728,4.5678,4.9449,7.1732,8.8052
E0118,2026-01-06T00:00:00Z,3.6389,1.2572,3.1908,5.5598,8.47,9.255
E0119,2026-01-06T00:00:00Z,3.1381,3.0522,3.8609,4.984,7.2387,8.3956
E0120,2026-01-06T00:00:00Z,2.2724,1.1033,3.9616,6.8092,6.7242,8.9502
E0121,2026-01-06T00:00:00Z,1.7636,2.03,1.7474,5.404,8.0047,9.8734
E0122,2026-01-06T00:00:00Z,3.6953,0.7657,4.2421,5.7423,7.0906,9.9371
E0123,2026-01-06T00:00:00Z,3.1432,1.7767,3.1377,5.8665,6.1017,8.6538
E0124,2026-01-06T00:00:00Z,2.5846,-1.2076,2.3917,5.5446,5.8848,10.8336
E0125,2026-01-06T00:00:00Z,2.2733,-0.4381,2.7392,4.9977,7.3728,8.4966
E0126,2026-01-06T00:00:00Z,2.7485,0.472,4.4709,5.7995,8.5341,9.8484
E0127,2026-01-06T00:00:00Z,1.8182,-1.4994,1.8664,5.0343,6.9725,9.3183
E0128,2026-01-06T00:00:00Z,2.7471,-0.8706,3.4536,5.6279,7.015,10.6956
E0129,2026-01-06T00:00:00Z,2.4692,1.9158,5.4916,5.6705,6.0976,9.7214
E0130,2026-01-06T00:00:00Z,2.5615,0.5913,4.4794,5.4999,7.6319,10.0708
E0131,2026-01-06T00:00:00Z,3.1769,1.7874,6.0572,5.0606,6.5432,8.8881
E0132,2026-01-06T00:00:00Z,3.1907,1.4019,5.9897,5.429,5.9062,11.2947
E0133,2026-01-06T00:00:00Z,2.2062,-1.3816,3.4844,6.1192,8.3295,10.0767
E0134,2026-01-06T00:00:00Z,2.8788,-0.4923,3.5659,4.4555,8.0712,9.4553
E0135,2026-01-06T00:00:00Z,2.7182,-0.9251,2.4729,5.0846,7.5413,10.4574
E0136,2026-01-06T00:00:00Z,2.1597,-0.51,2.7372,5.7519,8.5777,8.5873
E0137,2026-01-06T00:00:00Z,2.9718,-1.6053,3.225,4.7516,6.4276,11.5919
E0138,2026-01-06T00:00:00Z,2.5793,1.2427,2.457,6.1682,7.7927,9.3254
E0139,2026-01-06T00:00:00Z,2.1503,0.3072,3.0227,5.7121,5.554,10.8089
E0140,2026-01-06T00:00:00Z,3.687,2.9397,2.5347,4.7104,7.7067,9.7497
E0141,2026-01-06T00:00:00Z,2.6029,2.3125,5.0833,4.5235,7.4931,8.3872
E0142,2026-01-06T00:00:00Z,2.5661,2.4896,3.893,4.8081,7.9564,9.0933
E0143,2026-01-06T00:00:00Z,3.8483,0.9168,3.5571,5.1351,9.0521,8.5391
E0144,2026-01-06T00:00:00Z,3.0674,4.3753,4.7055,5.8055,7.0331,7.7869
E0145,2026-01-06T00:00:00Z,3.2518,1.0871,4.4798,5.5003,6.1556,9.564
E0146,2026-01-06T00:00:00Z,3.3428,0.4111,5.1465,6.2883,6.0478,10.6831
E0147,2026-01-06T00:00:00Z,2.8306,1.17,3.4135,5.6363,8.9156,9.444
E0148,2026-01-06T00:00:00Z,2.9816,0.8776,1.8751,6.1826,6.639,8.6871
E0149,2026-01-06T00:00:00Z,3.0441,-0.0456,3.5895,5.0447,8.5849,8.5241
E0000,2026-01-07T00:00:00Z,2.2829,2.0921,4.4914,6.7057,6.3315,9.458
E0001,2026-01-07T00:00:00Z,4.4556,-1.1705,4.57,5.6119,7.3482,9.1191
E0002,2026-01-07T00:00:00Z,3.5929,-2.1049,2.1216,6.0392,7.6516,8.903
E0003,2026-01-07T00:00:00Z,2.1984,-0.0826,4.8074,6.3305,7.1035,9.5223
E0004,2026-01-07T00:00:00Z,3.2843,0.0886,2.3237,4.2738,6.318,8.9203
E0005,2026-01-07T00:00:00Z,2.582,2.3183,4.7846,5.383,7.8341,8.8433
E0006,2026-01-07T00:00:00Z,3.4401,-1.9075,5.7483,4.92,5.6654,9.7783
E0007,2026-01-07T00:00:00Z,3.3417,0.1024,4.8766,4.6698,6.5737,9.0167
E0008,2026-01-07T00:00:00Z,2.7729,2.0374,2.2395,5.4673,5.7636,10.8361
E0009,2026-01-07T00:00:00Z,2.3838,2.9023,1.4372,5.1544,9.2953,9.4755
E0010,2026-01-07T00:00:00Z,2.4853,1.1644,3.6887,5.2514,8.0228,9.7363
E0011,2026-01-07T00:00:00Z,3.1157,0.4643,3.9136,6.3691,8.0026,11.0244
E0012,2026-01-07T00:00:00Z,3.2308,2.2219,4.2834,5.458,8.037,11.1653
E0013,2026-01-07T00:00:00Z,4.2685,0.5445,2.3508,5.8428,7.1107,9.9409
E0014,2026-01-07T00:00:00Z,2.3699,-0.6116,3.4086,6.1672,6.8406,8.8874
E0015,2026-01-07T00:00:00Z,3.874,1.0109,4.9467,6.1557,6.8017,9.7026
E0016,2026-01-07T00:00:00Z,4.0201,1.0494,2.7769,5.1436,7.8872,9.0103
E0017,2026-01-07T00:00:00Z,3.4548,1.6792,2.4993,5.1924,7.5343,9.6767
E0018,2026-01-07T00:00:00Z,3.1557,0.7463,3.5927,6.1725,6.0189,9.8079
E0019,2026-01-07T00:00:00Z,3.3105,-3.2952,3.0637,5.4857,7.322,9.8511
E0020,2026-01-07T00:00:00Z,3.5972,0.4881,4.4732,5.024,8.8708,11.0123
E0021,2026-01-07T00:00:00Z,3.0191,-0.2116,2.191,5.9355,7.5295,9.605
E0022,2026-01-07T00:00:00Z,2.7043,1.7816,1.8833,5.3546,8.2389,8.5947
E0023,2026-01-07T00:00:00Z,2.6645,1.6904,3.8038,5.632,6.3457,10.0501
E0024,2026-01-07T00:00:00Z,2.9207,2.9987,2.2027,5.9879,6.3031,9.5412
E0025,2026-01-07T00:00:00Z,3.0551,2.4892,4.2463,4.583,5.8194,8.7281
E0026,2026-01-07T00:00:00Z,3.1274,1.7201,4.3239,5.5537,7.754,9.7979
E0027,2026-01-07T00:00:00Z,3.6064,-3.7433,1.9766,5.2739,6.3495,9.9815
E0028,2026-01-07T00:00:00Z,2.723,0.9343,2.4856,5.838,7.5734,10.0216
E0029,2026-01-07T00:00:00Z,3.3565,-0.546,1.4543,5.9595,5.6047,8.1194
E0030,2026-01-07T00:00:00Z,3.2425,2.0626,5.248,5.9813,5.8551,9.9878
E0031,2026-01-07T00:00:00Z,2.1569,0.8621,2.4529,5.5651,7.3325,9.6852
E0032,2026-01-07T00:00:00Z,2.2599,1.2375,5.812,5.7822,8.5832,7.7331
E0033,2026-01-07T00:00:00Z,2.3136,-0.9088,4.765,5.8433,8.0727,9.5904
E0034,2026-01-07T00:00:00Z,2.6549,2.317,3.4795,6.2525,7.6169,10.2286
E0035,2026-01-07T00:00:00Z,3.6013,2.2155,6.7555,5.1691,5.9113,9.2926
E0036,2026-01-07T00:00:00Z,2.9139,2.3903,2.6029,5.304,8.1841,11.3307
E0037,2026-01-07T00:00:00Z,2.3138,1.0483,-0.066,4.9143,8.3449,9.6787
E0038,2026-01-07T00:00:00Z,3.3725,1.0712,3.2119,6.1726,6.8594,9.0726
E0039,2026-01-07T00:00:00Z,3.8065,1.9092,2.7186,5.0147,6.2909,8.526
E0040,2026-01-07T00:00:00Z,3.0046,0.172,4.5623,6.8302,6.7098,8.5844
E0041,2026-01-07T00:00:00Z,2.7331,3.0454,4.118,5.6008,6.7046,11.088
E0042,2026-01-07T00:00:00Z,2.5537,-1.9499,1.6151,5.9667,7.5505,10.1374
E0043,2026-01-07T00:00:00Z,2.8346,0.4445,1.4324,5.5015,7.0861,9.4338
E0044,2026-01-07T00:00:00Z,4.1286,0.7382,2.0361,4.7665,7.0496,10.3673
E0045,2026-01-07T00:00:00Z,3.5196,-0.7141,4.5829,5.3111,7.0332,9.1958
E0046,2026-01-07T00:00:00Z,3.4847,0.4496,3.9623,6.4057,7.3847,10.3089
E0047,2026-01-07T00:00:00Z,2.3185,1.6505,2.3828,5.6051,6.7868,9.9001
E0048,2026-01-07T00:00:00Z,1.6964,2.8446,1.7468,4.877,7.3317,10.116
E0049,2026-01-07T00:00:00Z,2.3942,1.4334,2.9338,5.576,7.9386,9.8175
E0050,2026-01-07T00:00:00Z,2.6862,-3.0342,3.2424,4.8155,8.2561,8.7891
E0051,2026-01-07T00:00:00Z,2.2529,-0.0544,3.344,5.2694,7.2642,10.5878
E0052,2026-01-07T00:00:00Z,3.7217,1.5946,4.2976,5.8189,8.5001,8.719
E0053,2026-01-07T00:00:00Z,2.3891,2.7678,5.5905,6.3972,6.8329,10.0169
E0054,2026-01-07T00:00:00Z,3.7332,0.3567,4.1181,4.783,8.3201,8.415
E0055,2026-01-07T00:00:00Z,2.7291,0.8791,3.6363,5.7012,7.6029,9.4958
E0056,2026-01-07T00:00:00Z,1.8353,-0.4085,2.9698,4.6581,8.1994,10.2576
E0057,2026-01-07T00:00:00Z,3.2858,-0.793,3.3663,5.7557,8.4675,9.9891
E0058,2026-01-07T00:00:00Z,2.7562,0.6677,4.068,4.1318,8.8699,9.1578
E0059,2026-01-07T00:00:00Z,2.8106,0.8282,3.6104,4.862,7.4516,9.3992
E0060,2026-01-07T00:00:00Z,3.0392,1.3923,3.3455,5.4739,5.771,9.9441
E0061,2026-01-07T00:00:00Z,2.7707,1.2557,1.3269,5.3279,6.9405,10.2364
E0062,2026-01-07T00:00:00Z,4.0733,-1.8501,5.1045,4.5322,7.0837,9.6636
E0063,2026-01-07T00:00:00Z,2.5084,4.2247,3.4637,5.545,7.5137,10.3975
E0064,2026-01-07T00:00:00Z,2.947,1.3873,1.617,6.6987,8.7302,8.9909
E0065,2026-01-07T00:00:00Z,3.0079,1.9074,4.5828,4.7139,7.4854,10.3358
E0066,2026-01-07T00:00:00Z,2.0834,-0.0996,2.0937,5.3673,8.2705,9.067
E0067,2026-01-07T00:00:00Z,1.6062,0.1318,2.6879,5.8634,8.2506,8.0326
E0068,2026-01-07T00:00:00Z,3.1245,-0.0697,2.2072,6.5944,7.1682,10.4732
E0069,2026-01-07T00:00:00Z,3.9007,2.5487,3.5078,5.9702,7.3505,8.8389
E0070,2026-01-07T00:00:00Z,2.1968,2.0234,2.6589,5.538,7.5267,10.9142
E0071,2026-01-07T00:00:00Z,2.8844,1.338,3.7434,5.0656,6.3299,9.8803
E0072,2026-01-07T00:00:00Z,2.1462,2.123,2.1949,5.103,7.6043,9.5755
E0073,2026-01-07T00:00:00Z,3.1083,0.4669,3.311,5.0438,7.8442,9.4279
E0074,2026-01-07T00:00:00Z,3.6087,0.7154,0.9107,5.8528,7.9505,7.6238
E0075,2026-01-07T00:00:00Z,2.2206,2.0756,4.0338,4.9634,5.6527,9.7184
E0076,2026-01-07T00:00:00Z,2.9195,3.9521,6.1645,5.1244,8.3915,10.7746
E0077,2026-01-07T00:00:00Z,2.6742,1.1575,1.6382,5.2536,7.6266,10.5871
E0078,2026-01-07T00:00:00Z,3.238,1.5548,2.409,5.8872,6.9449,9.3055
E0079,2026-01-07T00:00:00Z,1.6392,0.7302,3.7261,5.2328,9.2218,9.7358
E0080,2026-01-07T00:00:00Z,1.7373,1.7115,3.259,6.2561,5.889,10.2476
E0081,2026-01-07T00:00:00Z,2.7937,-0.9384,2.3381,5.8849,7.7875,8.2187
E0082,2026-01-07T00:00:00Z,2.8136,2.536,2.4794,4.8697,9.0267,9.4174
E0083,2026-01-07T00:00:00Z,3.2212,1.0275,6.0171,5.5442,5.5434,9.2016
E0084,2026-01-07T00:00:00Z,2.4547,0.0419,5.8777,5.2213,7.4765,8.752
E0085,2026-01-07T00:00:00Z,2.304,1.8727,4.1243,5.7069,5.9736,9.8395
E0086,2026-01-07T00:00:00Z,3.2364,1.3322,3.323,6.3325,8.4879,9.5311
E0087,2026-01-07T00:00:00Z,2.233,-0.0751,0.5654,5.7653,7.4541,7.8553
E0088,2026-01-07T00:00:00Z,2.2187,1.967,3.1535,4.368,7.7137,9.6792
E0089,2026-01-07T00:00:00Z,4.4909,-0.3341,4.5857,5.5524,7.2616,9.7861
E0090,2026-01-07T00:00:00Z,3.0822,-1.319,4.1194,5.788,6.5162,7.5179
E0091,2026-01-07T00:00:00Z,2.8153,2.8035,5.6818,5.6552,7.8219,8.3901
E0092,2026-01-07T00:00:00Z,3.014,-0.5253,3.1945,4.6851,7.1997,10.6882
E0093,2026-01-07T00:00:00Z,3.2435,-0.2582,5.2301,6.2997,6.7647,6.9946
E0094,2026-01-07T00:00:00Z,2.232,4.2431,3.6509,5.3917,7.95,8.7276
E0095,2026-01-07T00:00:00Z,2.9438,3.8867,1.9669,5.5023,6.5153,8.4412
E0096,2026-01-07T00:00:00Z,3.0008,1.7598,3.3158,5.7012,8.0399,9.6215
E0097,2026-01-07T00:00:00Z,2.9782,0.2796,5.6159,5.5605,6.4998,9.088
E0098,2026-01-07T00:00:00Z,2.9321,-0.845,6.6341,5.402,7.5234,9.5702
E0099,2026-01-07T00:00:00Z,3.2164,2.041,4.1063,6.0266,9.1249,10.3451
E0100,2026-01-07T00:00:00Z,2.5404,1.5892,4.5572,5.0867,7.8649,9.2165
E0101,2026-01-07T00:00:00Z,4.1419,0.6539,2.0341,5.8843,7.3013,9.2441
E0102,2026-01-07T00:00:00Z,3.5983,2.8517,3.8805,5.3374,8.233,8.4488
E0103,2026-01-07T00:00:00Z,3.5542,2.6028,5.0469,5.7337,6.7696,11.6856
E0104,2026-01-07T00:00:00Z,2.7346,1.8194,2.6349,5.1395,7.919,9.8912
E0105,2026-01-07T00:00:00Z,2.306,-0.678,2.2442,5.7325,6.192,7.69
E0106,2026-01-07T00:00:00Z,3.7556,-0.1352,3.895,6.0696,7.4134,9.6296
E0107,2026-01-07T00:00:00Z,2.8514,3.1881,5.6742,5.7437,7.3959,8.2744
E0108,2026-01-07T00:00:00Z,2.5918,0.3252,4.0175,5.9245,5.7401,10.607
E0109,2026-01-07T00:00:00Z,2.6573,0.957,4.2715,5.1199,9.0095,9.529
E0110,2026-01-07T00:00:00Z,4.2331,1.0957,1.4478,5.7281,6.7638,8.1028
E0111,2026-01-07T00:00:00Z,3.2546,1.4679,1.6965,6.0172,7.4908,10.9804
E0112,2026-01-07T00:00:00Z,3.4575,-0.749,3.3294,6.1027,7.1906,8.7274
E0113,2026-01-07T00:00:00Z,2.073,3.2379,2.4042,6.4044,6.5173,7.7357
E0114,2026-01-07T00:00:00Z,3.4548,1.3997,3.1631,6.7394,7.4068,10.4042
E0115,2026-01-07T00:00:00Z,2.2437,2.1121,3.2667,5.7976,7.3554,10.4968
E0116,2026-01-07T00:00:00Z,3.3454,1.8938,4.6368,5.1959,7.2241,10.276
E0117,2026-01-07T00:00:00Z,2.0668,0.7598,2.2733,4.9607,7.7921,10.0625
E0118,2026-01-07T00:00:00Z,2.4826,1.3403,6.7834,5.2137,7.4767,10.8558
E0119,2026-01-07T00:00:00Z,3.0543,2.4272,5.1331,5.7892,7.8604,10.4099
E0120,2026-01-07T00:00:00Z,2.4871,0.5446,4.7696,6.3945,8.1374,9.1104
E0121,2026-01-07T00:00:00Z,2.4059,0.4112,5.3277,5.7409,7.8529,9.1134
E0122,2026-01-07T00:00:00Z,3.1243,1.8969,0.6797,5.6738,7.0648,9.5303
E0123,2026-01-07T00:00:00Z,2.5722,0.1429,4.9371,5.6896,7.7434,9.5191
E0124,2026-01-07T00:00:00Z,1.8519,3.7768,5.3668,5.3645,7.5868,8.6303
E0125,2026-01-07T00:00:00Z,2.4665,2.5917,5.4037,5.2225,8.7392,10.7558
E0126,2026-01-07T00:00:00Z,2.8254,-0.5314,5.6871,5.6524,7.7289,9.0435
E0127,2026-01-07T00:00:00Z,3.1178,2.3929,4.5564,5.8723,7.0146,9.3049
E0128,2026-01-07T00:00:00Z,3.0767,-1.1652,1.9025,5.5414,8.3159,8.6179
E0129,2026-01-07T00:00:00Z,2.033,-1.0558,3.1367,5.6542,8.5886,9.0185
E0130,2026-01-07T00:00:00Z,2.7419,1.0086,2.9382,5.5883,8.1362,7.7905
E0131,2026-01-07T00:00:00Z,3.1331,0.7787,4.6679,6.15,7.1777,10.9572
E0132,2026-01-07T00:00:00Z,1.7329,0.9569,5.2473,5.5016,7.2348,11.3566
E0133,2026-01-07T00:00:00Z,3.683,-0.1452,5.2283,5.0941,7.119,9.2541
E0134,2026-01-07T00:00:00Z,2.9002,0.4727,4.7394,5.8006,6.4974,9.1448
E0135,2026-01-07T00:00:00Z,3.0937,0.3629,4.3909,5.7803,5.4567,9.8928
E0136,2026-01-07T00:00:00Z,3.0715,2.1381,3.2251,5.492,7.0393,12.3681
E0137,2026-01-07T00:00:00Z,2.073,-0.9004,5.133,4.6219,8.4913,10.0314
E0138,2026-01-07T00:00:00Z,3.2152,-1.116,3.9051,6.3886,6.3255,8.6435
E0139,2026-01-07T00:00:00Z,2.9266,1.1087,4.5345,5.2338,9.4755,10.6587
E0140,2026-01-07T00:00:00Z,3.1467,4.1403,1.8893,5.5779,5.9404,9.0681
E0141,2026-01-07T00:00:00Z,2.4528,0.2457,2.1312,6.7867,7.7652,9.0222
E0142,2026-01-07T00:00:00Z,1.8736,-0.3435,3.6087,5.6512,8.0766,11.2864
E0143,2026-01-07T00:00:00Z,2.5961,1.8745,5.42,5.9657,7.0531,9.9252
E0144,2026-01-07T00:00:00Z,3.3493,-1.0732,4.7691,5.2872,7.807,8.432
E0145,2026-01-07T00:00:00Z,3.9825,0.5637,4.1456,6.1226,5.5496,8.3204
E0146,2026-01-07T00:00:00Z,2.4636,1.2779,4.3002,5.2241,8.7186,8.8847
E0147,2026-01-07T00:00:00Z,2.513,0.481,4.5272,5.7246,9.0793,8.0888
E0148,2026-01-07T00:00:00Z,2.1435,2.2693,2.32,5.3178,7.3452,9.5237
E0149,2026-01-07T00:00:00Z,3.2278,0.9873,2.1081,6.0802,5.7967,8.8231
E0000,2026-01-08T00:00:00Z,2.7918,1.8491,3.408,4.3043,6.9519,9.0488
E0001,2026-01-08T00:00:00Z,3.2158,0.2116,4.5014,5.5119,6.7179,8.0739
E0002,2026-01-08T00:00:00Z,2.229,5.5911,5.2888,5.6724,8.6211,9.7744
E0003,2026-01-08T00:00:00Z,3.3975,1.2378,4.8975,4.7816,6.2903,9.5298
E0004,2026-01-08T00:00:00Z,3.6281,0.1063,1.2046,5.6538,6.4231,8.2486
E0005,2026-01-08T00:00:00Z,2.0217,-0.0475,5.0741,5.7585,7.511,9.5302
E0006,2026-01-08T00:00:00Z,3.2861,0.359,5.3651,5.3544,6.5388,8.7555
E0007,2026-01-08T00:00:00Z,3.2753,1.7444,3.0758,5.1919,7.2754,9.1832
E0008,2026-01-08T00:00:00Z,3.1817,1.5763,5.27,5.5628,6.8339,10.286
E0009,2026-01-08T00:00:00Z,3.538,1.513,4.0612,5.5604,7.2362,10.8154
E0010,2026-01-08T00:00:00Z,3.1693,2.0966,3.4578,6.1057,8.8193,9.1286
E0011,2026-01-08T00:00:00Z,1.9161,-0.5908,2.097,6.2433,7.3607,9.3396
E0012,2026-01-08T00:00:00Z,3.3596,2.7259,2.8298,4.6474,4.9579,9.2705
E0013,2026-01-08T00:00:00Z,1.744,2.5639,4.84,5.3022,7.836,9.1057
E0014,2026-01-08T00:00:00Z,2.5755,3.7498,2.9034,6.3723,7.4317,8.6943
E0015,2026-01-08T00:00:00Z,3.5188,0.4393,0.8467,5.7617,7.9592,9.7437
E0016,2026-01-08T00:00:00Z,3.3046,0.1135,2.2315,5.8588,6.6315,10.2143
E0017,2026-01-08T00:00:00Z,4.0525,1.1116,2.9516,5.9052,8.0259,7.9215
E0018,2026-01-08T00:00:00Z,3.4102,0.4036,5.0772,6.2267,7.6794,11.0426
E0019,2026-01-08T00:00:00Z,3.5002,-1.305,1.2688,5.2981,6.9087,10.3277
E0020,2026-01-08T00:00:00Z,3.8145,-0.7015,5.6653,6.0148,7.2953,8.5695
E0021,2026-01-08T00:00:00Z,3.817,0.9488,4.565,5.1691,6.8666,10.0608
E0022,2026-01-08T00:00:00Z,2.427,1.5369,5.5413,6.274,8.0175,8.769
E0023,2026-01-08T00:00:00Z,2.8895,0.0303,0.9938,5.479,7.2177,8.1609
E0024,2026-01-08T00:00:00Z,2.1914,2.1385,3.8101,6.1815,7.9007,10.9398
E0025,2026-01-08T00:00:00Z,2.0,0.438,2.2913,5.7522,6.9981,11.623
E0026,2026-01-08T00:00:00Z,3.243,3.8303,3.7025,5.4475,6.2251,9.1592
E0027,2026-01-08T00:00:00Z,1.6879,0.4514,4.148,4.5524,5.3446,9.6914
E0028,2026-01-08T00:00:00Z,2.619,-0.8325,3.0725,5.6662,6.6443,10.3009
E0029,2026-01-08T00:00:00Z,2.7045,1.0401,5.5106,5.0959,7.4008,8.2269
E0030,2026-01-08T00:00:00Z,3.8986,0.6131,2.0709,6.1214,6.6997,7.9696
E0031,2026-01-08T00:00:00Z,3.5103,1.145,4.4718,4.9468,7.3705,10.2483
E0032,2026-01-08T00:00:00Z,1.4307,0.8179,2.5201,5.2257,7.3435,11.1751
E0033,2026-01-08T00:00:00Z,2.8522,2.3568,1.3649,5.3545,9.0974,8.1713
E0034,2026-01-08T00:00:00Z,2.3435,-1.0519,4.5977,5.2127,5.2951,7.6958
E0035,2026-01-08T00:00:00Z,2.4005,1.8569,5.5388,5.5038,8.7497,8.9507
E0036,2026-01-08T00:00:00Z,2.8533,0.1185,3.3245,5.1301,7.108,7.6468
E0037,2026-01-08T00:00:00Z,3.706,0.9996,3.8231,5.7601,7.7788,7.1024
E0038,2026-01-08T00:00:00Z,3.457,1.7377,0.9341,4.8299,7.3913,9.8712
E0039,2026-01-08T00:00:00Z,1.4521,1.1657,3.19,5.5326,6.8654,9.6625
E0040,2026-01-08T00:00:00Z,4.2228,0.6892,4.4331,5.2647,6.0592,9.4564
E0041,2026-01-08T00:00:00Z,3.032,1.2405,5.4136,6.6924,6.5302,10.4208
E0042,2026-01-08T00:00:00Z,3.2607,-0.9105,2.1377,5.7569,7.1184,8.4468
E0043,2026-01-08T00:00:00Z,3.3134,0.5943,3.7126,4.0434,6.8095,8.9699
E0044,2026-01-08T00:00:00Z,3.9073,0.9523,4.1888,5.0256,6.5498,9.878
E0045,2026-01-08T00:00:00Z,3.3891,0.6964,5.5298,6.0876,6.2741,9.9062
E0046,2026-01-08T00:00:00Z,1.7867,-0.5881,3.1492,5.5663,7.3897,8.7856
E0047,2026-01-08T00:00:00Z,2.0164,0.8092,1.7378,5.2161,6.9344,8.7985
E0048,2026-01-08T00:00:00Z,2.709,-0.4007,6.5993,4.6361,8.0904,10.2552
E0049,2026-01-08T00:00:00Z,3.4784,1.4843,1.681,5.4318,8.0421,9.2703
E0050,2026-01-08T00:00:00Z,3.1291,0.8698,4.9684,6.483,4.0875,10.703
E0051,2026-01-08T00:00:00Z,3.2257,-1.8325,6.4514,4.8589,7.4242,9.2048
E0052,2026-01-08T00:00:00Z,2.715,-1.5867,2.6622,4.7303,4.9369,9.379
E0053,2026-01-08T00:00:00Z,2.5461,5.4136,4.8045,5.9366,4.7832,10.0665
E0054,2026-01-08T00:00:00Z,3.2232,0.1602,2.373,5.0955,5.4031,10.2208
E0055,2026-01-08T00:00:00Z,3.3679,2.1428,3.9473,5.8222,6.4264,9.5302
E0056,2026-01-08T00:00:00Z,2.9101,0.2643,3.8616,5.417,8.7344,7.3239
E0057,2026-01-08T00:00:00Z,3.8952,0.1844,3.6749,4.8488,7.7946,11.155
E0058,2026-01-08T00:00:00Z,1.3192,0.8742,1.7549,5.8718,6.814,10.2164
E0059,2026-01-08T00:00:00Z,2.5499,1.4872,4.1828,5.5478,6.6477,8.3956
E0060,2026-01-08T00:00:00Z,1.6372,1.0785,4.1961,6.2847,8.7707,9.6378
E0061,2026-01-08T00:00:00Z,3.9257,1.7417,4.7678,5.3271,8.5499,9.8939
E0062,2026-01-08T00:00:00Z,2.763,-0.2293,2.3539,5.7838,6.7035,8.7476
E0063,2026-01-08T00:00:00Z,1.887,-1.6568,3.9264,5.688,6.9078,9.4354
E0064,2026-01-08T00:00:00Z,3.4207,2.015,3.1547,5.271,6.5994,9.3994
E0065,2026-01-08T00:00:00Z,2.4911,-0.4711,6.1878,5.5503,6.0317,8.2008
E0066,2026-01-08T00:00:00Z,3.2059,4.3838,4.9749,5.1444,6.2921,7.4267
E0067,2026-01-08T00:00:00Z,2.652,0.3511,4.5933,5.3921,6.8883,8.3712
E0068,2026-01-08T00:00:00Z,3.4502,2.0768,2.983,4.7407,8.0643,10.3809
E0069,2026-01-08T00:00:00Z,2.6756,2.3467,4.0463,6.0888,5.5026,10.2676
E0070,2026-01-08T00:00:00Z,2.9766,1.4915,4.7415,6.6275,7.7128,10.1094
E0071,2026-01-08T00:00:00Z,2.5541,-0.7358,8.0128,5.0175,5.9883,9.4121
E0072,2026-01-08T00:00:00Z,3.4082,-0.7146,4.5139,5.8667,6.5163,9.3057
E0073,2026-01-08T00:00:00Z,1.9489,-0.0879,3.6109,6.0162,7.7021,8.0522
E0074,2026-01-08T00:00:00Z,4.3608,-0.7435,5.1445,5.2548,6.6157,9.4687
E0075,2026-01-08T00:00:00Z,2.1832,-1.7687,3.8832,5.7222,6.0522,8.6832
E0076,2026-01-08T00:00:00Z,3.2089,0.2364,3.759,5.6707,7.076,10.146
E0077,2026-01-08T00:00:00Z,2.8409,0.717,4.7103,5.4196,6.684,8.0068
E0078,2026-01-08T00:00:00Z,3.1182,1.6858,4.8769,6.3534,5.7934,8.4548
E0079,2026-01-08T00:00:00Z,2.7437,2.1303,3.4254,4.6176,7.884,8.1338
E0080,2026-01-08T00:00:00Z,2.4086,1.1167,5.7169,5.7776,5.7494,8.1115
E0081,2026-01-08T00:00:00Z,2.9438,-0.476,4.2594,4.4883,6.9244,10.1782
E0082,2026-01-08T00:00:00Z,2.1071,0.1685,3.5158,4.9727,8.3458,9.9248
E0083,2026-01-08T00:00:00Z,2.9984,-0.8267,3.5879,4.5722,7.1159,7.3128
E0084,2026-01-08T00:00:00Z,2.4359,2.9753,0.8079,6.0562,6.7908,11.0563
E0085,2026-01-08T00:00:00Z,2.5397,2.0838,4.9022,5.9663,8.5473,9.1747
E0086,2026-01-08T00:00:00Z,1.761,0.4981,3.1504,5.6677,7.8845,9.6312
E0087,2026-01-08T00:00:00Z,3.2133,2.2564,4.5255,5.3525,5.3864,9.3395
E0088,2026-01-08T00:00:00Z,2.9892,2.7034,2.0516,5.0163,7.4623,10.0773
E0089,2026-01-08T00:00:00Z,2.1241,0.4061,2.9989,5.5027,8.7678,9.7613
E0090,2026-01-08T00:00:00Z,3.3793,-0.8161,3.5495,6.2209,6.1363,7.7834
E0091,2026-01-08T00:00:00Z,3.7206,0.3095,2.5569,4.8073,7.8562,9.1005
E0092,2026-01-08T00:00:00Z,3.983,-0.9179,5.0311,5.7509,7.2859,7.763
E0093,2026-01-08T00:00:00Z,3.7873,1.5966,5.0838,7.0979,8.2935,12.4593
E0094,2026-01-08T00:00:00Z,3.0311,2.3822,4.4884,6.2505,6.1364,10.1716
E0095,2026-01-08T00:00:00Z,3.2924,0.8572,3.5652,5.6054,7.7595,9.7008
E0096,2026-01-08T00:00:00Z,2.1476,2.0024,3.0252,6.0178,5.0736,7.1533
E0097,2026-01-08T00:00:00Z,3.5335,-1.4653,3.4568,5.8076,7.4606,9.6192
E0098,2026-01-08T00:00:00Z,2.7857,0.7955,5.1342,4.9844,7.1528,9.5649
E0099,2026-01-08T00:00:00Z,3.0392,4.3973,2.8585,5.5551,8.1075,8.6937
E0100,2026-01-08T00:00:00Z,3.7951,3.0162,3.2572,6.4043,7.7415,11.5662
E0101,2026-01-08T00:00:00Z,2.5897,0.3801,3.075,5.8228,6.7502,10.1861
E0102,2026-01-08T00:00:00Z,1.9332,0.1323,3.7811,5.3164,7.8642,9.2478
E0103,2026-01-08T00:00:00Z,2.8548,0.6356,3.4015,5.7019,5.3032,8.4513
E0104,2026-01-08T00:00:00Z,4.2364,1.0264,0.7506,4.9311,5.4214,8.9598
E0105,2026-01-08T00:00:00Z,2.5148,1.995,4.06,5.9432,7.1978,9.6745
E0106,2026-01-08T00:00:00Z,3.6125,2.0456,2.0608,5.4299,7.439,8.6533
E0107,2026-01-08T00:00:00Z,3.8628,2.3674,4.2851,5.231,7.9422,9.494
E0108,2026-01-08T00:00:00Z,3.2909,1.5877,3.4047,5.3184,7.7348,10.8011
E0109,2026-01-08T00:00:00Z,2.9084,2.6725,1.8597,5.8054,6.1352,8.6325
E0110,2026-01-08T00:00:00Z,2.6875,-0.4201,1.2347,6.4386,7.0471,10.3655
E0111,2026-01-08T00:00:00Z,3.2364,3.009,5.291,5.4988,6.7755,8.4371
E0112,2026-01-08T00:00:00Z,2.1932,-2.6173,2.647,5.8839,7.8265,8.7149
E0113,2026-01-08T00:00:00Z,2.9746,1.4861,6.1088,5.2797,7.7075,10.2147
E0114,2026-01-08T00:00:00Z,2.6152,1.073,4.0754,5.3018,6.1195,9.6149
E0115,2026-01-08T00:00:00Z,2.5525,-0.4207,4.6375,5.9249,7.603,10.2986
E0116,2026-01-08T00:00:00Z,2.4792,0.8945,4.9325,5.9851,6.8714,9.7542
E0117,2026-01-08T00:00:00Z,3.44,4.633,4.3312,5.9341,6.9054,10.1735
E0118,2026-01-08T00:00:00Z,2.6781,1.4032,1.9352,4.4352,7.1976,8.067
E0119,2026-01-08T00:00:00Z,3.0614,-1.6588,1.8137,5.1256,7.4718,9.2967
E0120,2026-01-08T00:00:00Z,4.0783,0.8397,2.1352,5.618,7.9858,10.1853
E0121,2026-01-08T00:00:00Z,2.6694,1.8614,4.3482,5.0764,5.2443,9.3788
E0122,2026-01-08T00:00:00Z,3.7646,4.5172,4.1062,6.0984,6.9997,9.9104
E0123,2026-01-08T00:00:00Z,2.8053,1.1168,4.7549,6.2209,6.3837,9.8741
E0124,2026-01-08T00:00:00Z,3.311,2.7851,3.769,6.7047,7.7723,9.4152
E0125,2026-01-08T00:00:00Z,1.8844,2.8705,2.4848,5.3306,8.2763,7.9801
E0126,2026-01-08T00:00:00Z,3.2157,2.5077,5.5048,6.257,7.97,9.9586
E0127,2026-01-08T00:00:00Z,3.3806,-1.5898,3.1049,5.2004,8.2284,9.7612
E0128,2026-01-08T00:00:00Z,3.8949,-2.3489,4.7492,4.9861,7.2519,9.3159
E0129,2026-01-08T00:00:00Z,3.0633,0.3138,2.4386,5.5277,6.8353,10.2871
E0130,2026-01-08T00:00:00Z,2.309,-0.5241,3.5936,5.2624,8.369,10.5772
E0131,2026-01-08T00:00:00Z,3.7991,2.4271,5.7688,5.2578,7.0432,8.9934
E0132,2026-01-08T00:00:00Z,2.6918,0.5151,3.1015,6.1994,6.8417,9.5727
E0133,2026-01-08T00:00:00Z,2.3613,2.4739,2.4297,5.639,7.4946,8.309
E0134,2026-01-08T00:00:00Z,2.4078,1.6503,4.4453,6.8838,6.2326,9.1523
E0135,2026-01-08T00:00:00Z,2.0296,0.6134,4.1668,6.002,7.4719,9.6951
E0136,2026-01-08T00:00:00Z,3.2473,-0.2901,2.8848,6.2996,7.4971,11.8033
E0137,2026-01-08T00:00:00Z,2.5646,-0.3412,2.2717,5.0668,7.0802,9.3931
E0138,2026-01-08T00:00:00Z,3.903,2.2319,2.3574,5.5961,9.228,8.4378
E0139,2026-01-08T00:00:00Z,4.2355,2.3365,2.8713,5.4265,8.8416,10.2825
E0140,2026-01-08T00:00:00Z,2.5915,-0.0529,2.0201,6.498,8.3672,9.4077
E0141,2026-01-08T00:00:00Z,2.9701,-1.9549,3.9064,6.8292,7.7689,8.7948
E0142,2026-01-08T00:00:00Z,2.5679,-1.2007,3.6346,5.9414,9.8145,7.9715
E0143,2026-01-08T00:00:00Z,2.0423,0.585,4.8936,5.172,7.4305,9.4141
E0144,2026-01-08T00:00:00Z,3.1712,1.4003,5.5771,6.6567,6.9714,8.8316
E0145,2026-01-08T00:00:00Z,1.4049,4.5329,5.5974,5.0305,7.0508,10.5
E0146,2026-01-08T00:00:00Z,2.4595,1.8839,3.1417,5.9777,6.519,10.3375
E0147,2026-01-08T00:00:00Z,3.6385,0.4947,4.0293,4.8949,7.4902,9.1475
E0148,2026-01-08T00:00:00Z,3.3856,1.5022,3.8828,4.6197,8.7955,10.1781
E0149,2026-01-08T00:00:00Z,2.9184,-1.3999,2.5572,5.3358,7.8059,10.4699
E0000,2026-01-09T00:00:00Z,2.2867,0.2704,1.5,5.9048,7.1574,10.5127
E0001,2026-01-09T00:00:00Z,4.0989,1.2769,5.0152,6.7677,7.209,8.4475
E0002,2026-01-09T00:00:00Z,2.8367,-0.8029,4.8039,5.2242,7.3967,7.8704
E0003,2026-01-09T00:00:00Z,3.0298,2.0188,3.6243,4.8501,7.7257,9.3469
E0004,2026-01-09T00:00:00Z,4.4964,0.3516,4.9202,6.3372,5.1729,8.9225
E0005,2026-01-09T00:00:00Z,2.9647,-0.2136,5.2147,5.2124,6.992,10.3889
E0006,2026-01-09T00:00:00Z,2.9365,1.8138,3.3379,5.6657,7.2941,10.4638
E0007,2026-01-09T00:00:00Z,2.7085,3.3099,2.568,5.9345,8.0284,9.1912
E0008,2026-01-09T00:00:00Z,3.5876,0.5191,5.3428,6.352,5.8754,8.8267
E0009,2026-01-09T00:00:00Z,2.2512,3.6066,5.553,5.1928,7.8691,10.9082
E0010,2026-01-09T00:00:00Z,1.9361,-2.0018,3.6267,4.8254,8.2725,10.1819
E0011,2026-01-09T00:00:00Z,3.6137,1.8786,3.3588,5.5041,7.861,8.8386
E0012,2026-01-09T00:00:00Z,3.4438,-0.6353,6.3385,4.7289,8.1818,10.5714
E0013,2026-01-09T00:00:00Z,2.0762,-0.165,3.9095,5.7273,5.2994,8.9481
E0014,2026-01-09T00:00:00Z,2.5467,-2.0576,6.1129,5.3248,8.4152,10.0389
E0015,2026-01-09T00:00:00Z,3.9819,-1.379,0.9779,5.0382,6.2475,8.5918
E0016,2026-01-09T00:00:00Z,1.2748,1.6682,4.1193,5.481,7.1508,9.6149
E0017,2026-01-09T00:00:00Z,1.9948,-0.3554,5.8938,5.6293,7.7327,10.1421
E0018,2026-01-09T00:00:00Z,2.8384,-0.2668,4.2437,4.6402,6.8164,9.7215
E0019,2026-01-09T00:00:00Z,2.5037,3.1784,1.7263,6.5773,6.5346,9.2965
E0020,2026-01-09T00:00:00Z,3.714,0.3547,6.3745,5.4403,8.2221,12.121
E0021,2026-01-09T00:00:00Z,2.7561,1.1169,3.7302,6.3382,6.0152,9.4425
E0022,2026-01-09T00:00:00Z,3.9834,-0.5703,2.8706,5.7112,8.0443,8.7633
E0023,2026-01-09T00:00:00Z,3.6583,2.7385,4.7462,5.2087,6.1699,9.6341
E0024,2026-01-09T00:00:00Z,2.9632,1.5049,3.402,4.6559,6.1242,10.2998
E0025,2026-01-09T00:00:00Z,2.5911,3.3186,4.0238,6.3705,7.6866,9.4803
E0026,2026-01-09T00:00:00Z,3.1452,1.2842,2.6212,5.1845,8.0793,10.503
E0027,2026-01-09T00:00:00Z,2.2892,-0.7129,7.2508,5.0558,7.2879,10.0589
E0028,2026-01-09T00:00:00Z,2.6749,-0.9343,2.171,5.2541,7.8167,8.8521
E0029,2026-01-09T00:00:00Z,1.6741,0.4588,4.0827,4.5483,6.7081,8.2792
E0030,2026-01-09T00:00:00Z,3.3212,0.7327,2.6178,5.865,5.8435,9.3016
E0031,2026-01-09T00:00:00Z,3.4868,-0.0868,3.939,5.599,7.209,8.8262
E0032,2026-01-09T00:00:00Z,3.3088,0.4207,3.445,6.1829,6.3581,9.2645
E0033,2026-01-09T00:00:00Z,3.9397,1.8124,4.1424,5.9934,8.2005,8.9292
E0034,2026-01-09T00:00:00Z,1.5145,2.0897,3.1221,6.6115,7.1821,11.3474
E0035,2026-01-09T00:00:00Z,3.1113,1.2623,4.0416,5.2163,9.0933,9.4288
E0036,2026-01-09T00:00:00Z,2.4885,2.3582,3.145,6.253,7.2305,9.4884
E0037,2026-01-09T00:00:00Z,3.7331,-0.4949,2.7424,5.2866,8.3294,10.1959
E0038,2026-01-09T00:00:00Z,4.2624,3.2099,4.2074,5.0831,5.017,10.538
E0039,2026-01-09T00:00:00Z,2.5932,3.9945,3.5536,5.2275,7.9672,9.3738
E0040,2026-01-09T00:00:00Z,2.0914,2.103,4.0378,5.065,5.8663,9.9769
E0041,2026-01-09T00:00:00Z,2.7257,1.5429,4.8459,5.3777,8.1042,7.1635
E0042,2026-01-09T00:00:00Z,3.1536,0.3105,4.2422,5.3309,9.8415,10.0661
E0043,2026-01-09T00:00:00Z,2.0694,3.3728,3.5564,4.9721,7.4743,8.9397
E0044,2026-01-09T00:00:00Z,3.5849,-0.9521,4.1557,5.142,7.1686,8.3037
E0045,2026-01-09T00:00:00Z,2.0346,0.9344,0.0623,4.4444,6.1211,8.9577
E0046,2026-01-09T00:00:00Z,3.6029,1.2852,1.932,5.8985,7.6023,11.1083
E0047,2026-01-09T00:00:00Z,2.9665,3.0092,3.1358,5.7458,8.1467,10.3901
E0048,2026-01-09T00:00:00Z,2.9502,0.7823,3.6896,5.2959,6.495,8.8157
E0049,2026-01-09T00:00:00Z,2.5752,0.452,0.7407,5.4904,7.8994,8.5357
E0050,2026-01-09T00:00:00Z,4.5007,1.8669,3.3149,5.3369,7.3997,10.1047
E0051,2026-01-09T00:00:00Z,1.9526,-0.543,1.5574,5.5177,5.5355,9.4817
E0052,2026-01-09T00:00:00Z,2.4619,3.0682,4.9014,5.5615,8.0244,9.2965
E0053,2026-01-09T00:00:00Z,2.9205,-0.34,3.5932,5.1293,7.9723,11.3177
E0054,2026-01-09T00:00:00Z,1.7437,2.035,3.1351,5.5212,6.4791,8.5528
E0055,2026-01-09T00:00:00Z,3.3153,-1.2841,4.1401,6.4068,7.1203,8.402
E0056,2026-01-09T00:00:00Z,2.9813,1.999,5.0841,5.705,8.0337,11.1489
E0057,2026-01-09T00:00:00Z,2.5583,0.7874,5.9109,5.7213,7.4894,8.5864
E0058,2026-01-09T00:00:00Z,3.107,0.2756,4.4178,4.6676,7.223,11.0368
E0059,2026-01-09T00:00:00Z,1.9015,-2.0833,4.7916,5.4385,6.0682,8.7555
E0060,2026-01-09T00:00:00Z,2.0878,-1.2673,5.1703,5.7114,7.2677,8.7481
E0061,2026-01-09T00:00:00Z,2.8772,-1.3382,5.0503,6.6322,7.7124,8.9896
E0062,2026-01-09T00:00:00Z,3.0487,2.0271,3.6479,4.1128,5.3405,8.7502
E0063,2026-01-09T00:00:00Z,2.963,0.3672,4.1382,4.8835,7.6042,10.9183
E0064,2026-01-09T00:00:00Z,3.7021,0.5453,3.9315,5.6643,5.7215,9.3221
E0065,2026-01-09T00:00:00Z,3.2211,2.469,4.4243,4.719,7.8124,9.3061
E0066,2026-01-09T00:00:00Z,2.1226,-2.142,2.2952,5.7866,6.4794,10.3246
E0067,2026-01-09T00:00:00Z,4.0323,1.3677,4.4234,5.6329,6.3089,9.1986
E0068,2026-01-09T00:00:00Z,3.6905,2.4222,4.2259,6.0911,8.2334,9.6357
E0069,2026-01-09T00:00:00Z,4.5437,1.5726,3.3762,5.2886,7.3182,7.718
E0070,2026-01-09T00:00:00Z,3.4795,1.3314,2.6698,5.8038,6.2495,9.1867
E0071,2026-01-09T00:00:00Z,3.1539,0.1147,2.6096,5.8867,6.3475,10.5793
E0072,2026-01-09T00:00:00Z,3.1731,2.2736,4.0353,5.7889,6.6435,10.7722
E0073,2026-01-09T00:00:00Z,3.4552,0.8713,3.9176,5.7471,7.6844,10.1895
E0074,2026-01-09T00:00:00Z,2.4597,3.3503,2.5688,5.3439,9.3778,9.2302
E0075,2026-01-09T00:00:00Z,3.2682,2.2415,4.6599,6.1432,8.9313,9.1009
E0076,2026-01-09T00:00:00Z,2.85,0.6274,3.4757,5.656,8.335,9.9927
E0077,2026-01-09T00:00:00Z,1.4961,-1.0806,4.6993,4.5472,6.9733,9.2111
E0078,2026-01-09T00:00:00Z,3.8138,0.9865,3.5562,5.5702,6.9467,11.3778
E0079,2026-01-09T00:00:00Z,2.2223,0.3472,3.7625,6.7906,6.0979,9.6519
E0080,2026-01-09T00:00:00Z,2.5848,1.7558,2.4572,6.258,5.4491,10.0146
E0081,2026-01-09T00:00:00Z,4.4178,2.4485,3.4364,5.1944,7.2992,8.5293
E0082,2026-01-09T00:00:00Z,2.8421,1.0077,3.2092,5.28,7.9202,10.1091
E0083,2026-01-09T00:00:00Z,3.071,2.5137,2.4365,6.2552,5.9431,9.2913
E0084,2026-01-09T00:00:00Z,3.119,3.3799,5.1178,5.2572,7.5887,8.8734
E0085,2026-01-09T00:00:00Z,3.2082,-1.0647,0.0294,4.6058,6.4034,10.2525
E0086,2026-01-09T00:00:00Z,1.7454,3.024,6.3769,5.2561,7.1812,8.5681
E0087,2026-01-09T00:00:00Z,3.1137,0.1017,4.8404,5.7351,7.3999,10.0898
E0088,2026-01-09T00:00:00Z,1.9636,2.6814,4.5677,3.9742,7.0052,10.7493
E0089,2026-01-09T00:00:00Z,2.1788,-0.7603,5.1346,5.0871,7.3143,10.9423
E0090,2026-01-09T00:00:00Z,3.3159,3.1575,4.2569,5.1576,5.9275,11.0886
E0091,2026-01-09T00:00:00Z,3.0007,2.4461,4.5479,5.3992,5.7923,8.8643
E0092,2026-01-09T00:00:00Z,3.7481,0.3574,4.9709,5.6155,6.4319,8.8908
E0093,2026-01-09T00:00:00Z,2.8526,0.9861,2.1247,4.4237,6.3913,9.9685
E0094,2026-01-09T00:00:00Z,3.0596,-0.2338,1.9225,4.5807,7.5508,10.1954
E0095,2026-01-09T00:00:00Z,2.952,-1.3775,3.6905,5.5321,7.7305,9.2365
E0096,2026-01-09T00:00:00Z,3.1442,2.389,6.0616,6.4774,7.4815,9.9638
E0097,2026-01-09T00:00:00Z,2.3304,2.5125,6.0705,4.9917,8.1379,10.1469
E0098,2026-01-09T00:00:00Z,3.5439,0.0547,4.8647,6.483,6.7592,11.3804
E0099,2026-01-09T00:00:00Z,3.3798,0.5953,3.637,4.9101,7.5587,10.6793
E0100,2026-01-09T00:00:00Z,2.4172,-0.2387,3.722,5.3868,7.6986,10.0727
E0101,2026-01-09T00:00:00Z,3.0702,-1.2617,3.0686,5.256,7.4934,9.1035
E0102,2026-01-09T00:00:00Z,3.5118,2.8772,1.1058,4.273,7.1424,10.1301
E0103,2026-01-09T00:00:00Z,3.9005,2.0582,5.6136,5.903,6.4752,10.2429
E0104,2026-01-09T00:00:00Z,3.2963,1.8816,3.9465,6.1626,8.214,8.505
E0105,2026-01-09T00:00:00Z,1.288,3.9453,0.7695,5.6424,7.831,11.3431
E0106,2026-01-09T00:00:00Z,2.902,1.1228,3.1507,4.7116,6.665,9.7509
E0107,2026-01-09T00:00:00Z,2.9009,1.0098,4.0323,5.9,6.052,8.9872
E0108,2026-01-09T00:00:00Z,2.7108,-1.0852,5.4942,5.5505,7.654,10.6831
E0109,2026-01-09T00:00:00Z,2.9795,-0.5668,7.2565,4.8609,6.8844,7.0443
E0110,2026-01-09T00:00:00Z,3.3582,3.0626,3.8429,5.5496,7.923,10.7796
E0111,2026-01-09T00:00:00Z,1.6141,-0.0434,6.525,6.4578,8.1664,7.7289
E0112,2026-01-09T00:00:00Z,2.8947,2.522,2.1158,5.3685,7.2318,9.8699
E0113,2026-01-09T00:00:00Z,3.2598,2.9004,2.4998,5.0653,6.8985,6.8392
E0114,2026-01-09T00:00:00Z,3.4582,3.3776,1.4652,6.0683,8.6519,10.2067
E0115,2026-01-09T00:00:00Z,2.4871,2.0034,2.0175,5.279,6.9796,8.0551
E0116,2026-01-09T00:00:00Z,2.8424,2.5647,4.3927,5.5465,6.0758,9.7881
E0117,2026-01-09T00:00:00Z,2.6347,0.9913,1.8249,6.0048,8.0995,10.7859
E0118,2026-01-09T00:00:00Z,2.6957,2.1599,0.8081,5.7564,6.6362,9.02
E0119,2026-01-09T00:00:00Z,3.3073,0.3654,2.5005,4.4535,8.8456,8.3587
E0120,2026-01-09T00:00:00Z,3.8752,-1.4416,4.4482,5.2725,7.5299,10.8687
E0121,2026-01-09T00:00:00Z,2.3982,0.4394,5.4898,5.6274,7.6182,9.8148
E0122,2026-01-09T00:00:00Z,2.7535,0.6191,4.3264,5.5317,8.6733,11.4547
E0123,2026-01-09T00:00:00Z,3.9084,-0.3296,3.4531,5.5828,6.9659,9.5724
E0124,2026-01-09T00:00:00Z,2.5425,2.4151,3.4273,5.8239,9.2163,8.3658
E0125,2026-01-09T00:00:00Z,2.6169,3.2296,4.836,6.0583,7.2598,8.7421
E0126,2026-01-09T00:00:00Z,3.0672,1.8629,5.0363,6.186,7.3923,8.9361
E0127,2026-01-09T00:00:00Z,2.6361,3.2963,3.0139,5.4869,7.1583,9.9728
E0128,2026-01-09T00:00:00Z,3.1871,1.1479,3.9603,6.2209,6.6413,9.1894
E0129,2026-01-09T00:00:00Z,2.4021,-0.2946,3.6918,6.056,8.5084,10.0903
E0130,2026-01-09T00:00:00Z,1.7755,1.0559,5.2091,5.3911,6.0506,10.3646
E0131,2026-01-09T00:00:00Z,3.9569,0.3402,2.3627,6.2483,8.0855,9.9802
E0132,2026-01-09T00:00:00Z,3.4087,3.1995,3.7292,5.7319,6.6568,8.4772
E0133,2026-01-09T00:00:00Z,3.5082,0.9926,3.443,5.5935,7.3309,9.515
E0134,2026-01-09T00:00:00Z,3.6881,1.708,4.5708,5.7862,6.1399,10.1968
E0135,2026-01-09T00:00:00Z,3.8445,-0.1252,2.5246,6.2921,8.5749,8.8918
E0136,2026-01-09T00:00:00Z,3.1323,2.773,3.8632,5.5855,8.7962,9.4339
E0137,2026-01-09T00:00:00Z,2.2692,1.4409,2.8332,5.4095,6.3533,11.7792
E0138,2026-01-09T00:00:00Z,3.8811,-1.1758,3.0847,5.6766,8.5011,8.3844
E0139,2026-01-09T00:00:00Z,4.4425,0.648,4.6821,5.8104,7.9068,10.666
E0140,2026-01-09T00:00:00Z,2.4869,3.4072,1.2479,5.4667,6.5314,9.1066
E0141,2026-01-09T00:00:00Z,1.5639,0.2735,3.955,5.8929,6.9117,8.3529
E0142,2026-01-09T00:00:00Z,2.6794,2.6074,2.0701,6.5815,7.6986,10.1034
E0143,2026-01-09T00:00:00Z,2.4087,-0.9987,3.0238,5.716,6.9301,9.9753
E0144,2026-01-09T00:00:00Z,3.3901,0.293,3.2982,5.7292,6.2837,8.7999
E0145,2026-01-09T00:00:00Z,3.2292,0.2985,5.4482,5.5895,6.9615,9.7104
E0146,2026-01-09T00:00:00Z,2.6741,2.2066,3.7283,4.456,7.6003,11.2006
E0147,2026-01-09T00:00:00Z,2.5496,1.5682,5.0899,6.2892,7.7221,11.5275
E0148,2026-01-09T00:00:00Z,3.2523,0.9162,3.8955,5.5713,7.0514,10.2475
E0149,2026-01-09T00:00:00Z,4.5384,2.8083,4.993,6.3455,8.9316,8.9064
E0000,2026-01-10T00:00:00Z,2.3602,2.1285,3.6679,5.9094,6.4018,8.4521
E0001,2026-01-10T00:00:00Z,3.1407,-1.7184,5.1293,5.5031,6.7088,9.8106
E0002,2026-01-10T00:00:00Z,3.1087,3.4902,4.4565,5.4631,7.791,8.1168
E0003,2026-01-10T00:00:00Z,2.72,3.6111,3.0446,4.9299,9.2249,9.0293
E0004,2026-01-10T00:00:00Z,3.1104,-0.613,5.3431,5.1588,6.3155,9.8004
E0005,2026-01-10T00:00:00Z,1.7115,-0.1735,3.6048,5.4938,7.8457,9.1038
E0006,2026-01-10T00:00:00Z,1.8664,0.0258,5.0985,5.832,6.5095,9.6492
E0007,2026-01-10T00:00:00Z,2.5356,1.8616,2.3811,5.1161,7.3251,8.6741
E0008,2026-01-10T00:00:00Z,2.6936,0.4949,2.7484,4.8465,7.2944,8.9217
E0009,2026-01-10T00:00:00Z,3.0072,2.1055,3.124,5.3115,6.7117,9.0962
E0010,2026-01-10T00:00:00Z,3.9454,-0.3328,5.557,5.4206,7.1188,9.4512
E0011,2026-01-10T00:00:00Z,2.6497,0.9225,4.4993,6.2996,7.7498,9.0266
E0012,2026-01-10T00:00:00Z,2.5884,2.659,2.8385,5.7269,6.3564,10.0825
E0013,2026-01-10T00:00:00Z,4.0049,1.5814,4.2953,5.3086,7.0371,10.1685
E0014,2026-01-10T00:00:00Z,2.5157,-3.3893,1.2981,4.9232,7.7321,9.9837
E0015,2026-01-10T00:00:00Z,3.2836,2.3203,2.9001,5.7981,8.7202,8.6059
E0016,2026-01-10T00:00:00Z,1.4714,-0.1042,4.1846,5.4532,7.4204,9.6432
E0017,2026-01-10T00:00:00Z,3.489,-1.5903,5.169,4.8174,7.0463,8.4701
E0018,2026-01-10T00:00:00Z,3.2483,1.4639,3.8588,5.7697,8.4212,10.6462
E0019,2026-01-10T00:00:00Z,2.4999,1.8285,0.1894,5.1522,7.4332,9.3815
E0020,2026-01-10T00:00:00Z,2.9235,1.8038,3.5154,5.4322,6.9741,11.1293
E0021,2026-01-10T00:00:00Z,1.7474,0.0966,4.9633,5.5123,7.5727,9.0078
E0022,2026-01-10T00:00:00Z,3.2074,2.6194,2.9452,5.6568,7.004,8.7907
E0023,2026-01-10T00:00:00Z,2.5168,1.752,2.8773,5.3417,7.6728,10.266
E0024,2026-01-10T00:00:00Z,1.071,0.122,4.9927,4.6355,5.9182,10.9611
E0025,2026-01-10T00:00:00Z,2.9208,-2.0182,2.1413,4.4104,7.2644,10.3283
E0026,2026-01-10T00:00:00Z,3.1047,-0.0565,4.9852,5.7164,8.0652,7.9723
E0027,2026-01-10T00:00:00Z,1.4892,-1.5075,4.5529,5.9553,7.0185,8.3031
E0028,2026-01-10T00:00:00Z,3.3373,-0.7642,4.8645,3.4507,7.0605,10.2944
E0029,2026-01-10T00:00:00Z,2.8095,2.4023,6.0623,5.587,6.9795,9.9643
E0030,2026-01-10T00:00:00Z,2.6607,-2.5134,4.21,5.5806,8.4271,8.8921
E0031,2026-01-10T00:00:00Z,3.0668,0.6227,3.5082,5.5748,5.4152,7.9433
E0032,2026-01-10T00:00:00Z,3.4646,3.9085,4.7393,5.4531,7.1013,10.4898
E0033,2026-01-10T00:00:00Z,2.7619,2.2562,4.7243,4.7049,8.608,10.0168
E0034,2026-01-10T00:00:00Z,2.591,2.3865,3.5808,5.2583,7.6543,11.248
E0035,2026-01-10T00:00:00Z,2.2813,2.5679,3.0886,6.0805,7.4583,9.1132
E0036,2026-01-10T00:00:00Z,3.5332,-0.7095,3.7617,5.5519,7.6285,7.3958
E0037,2026-01-10T00:00:00Z,4.1592,4.8114,5.1028,5.131,7.0795,10.3948
E0038,2026-01-10T00:00:00Z,2.786,1.3057,0.651,6.347,7.1599,11.0799
E0039,2026-01-10T00:00:00Z,2.6994,0.6279,3.1773,4.9822,7.9466,9.3881
E0040,2026-01-10T00:00:00Z,3.1764,-1.0421,3.5908,5.0511,7.4153,9.8932
E0041,2026-01-10T00:00:00Z,2.2244,1.966,2.797,5.3269,8.8458,10.028
E0042,2026-01-10T00:00:00Z,3.1438,1.0252,4.0573,5.6833,7.554,8.3219
E0043,2026-01-10T00:00:00Z,2.2612,1.5525,2.8059,5.3391,6.6902,10.3562
E0044,2026-01-10T00:00:00Z,2.6604,-0.9425,1.0213,5.7101,8.2234,11.0092
E0045,2026-01-10T00:00:00Z,2.526,-1.0723,2.4706,5.658,6.5522,10.0465
E0046,2026-01-10T00:00:00Z,3.9429,1.9831,4.6358,5.5742,8.5189,8.5371
E0047,2026-01-10T00:00:00Z,2.9095,3.0569,1.8237,5.1613,7.0155,8.0513
E0048,2026-01-10T00:00:00Z,2.6404,-2.5618,2.9538,6.1503,6.5262,8.505
E0049,2026-01-10T00:00:00Z,3.2285,-0.5285,2.3462,5.2783,7.3349,9.3054
E0050,2026-01-10T00:00:00Z,2.9898,1.5515,4.2586,6.4815,7.6381,8.9127
E0051,2026-01-10T00:00:00Z,2.1028,-2.2295,2.8763,5.1994,8.2494,10.2826
E0052,2026-01-10T00:00:00Z,2.3466,-0.2323,3.8981,4.8632,6.9956,10.8855
E0053,2026-01-10T00:00:00Z,2.9735,-0.4719,5.7159,5.7918,7.5072,11.1031
E0054,2026-01-10T00:00:00Z,2.6631,1.0011,4.702,4.7525,6.5692,8.8249
E0055,2026-01-10T00:00:00Z,4.1414,2.8664,2.766,3.627,8.3621,9.2543
E0056,2026-01-10T00:00:00Z,2.2328,2.8955,5.0402,5.1621,6.564,10.1661
E0057,2026-01-10T00:00:00Z,2.2625,1.3252,2.3595,4.9964,6.9352,10.2477
E0058,2026-01-10T00:00:00Z,2.3946,1.2715,4.1919,6.2997,6.9368,9.5337
E0059,2026-01-10T00:00:00Z,3.5284,2.2761,-0.3864,5.8166,7.0957,8.1385
E0060,2026-01-10T00:00:00Z,2.5368,2.6336,4.9384,5.4614,6.4376,9.416
E0061,2026-01-10T00:00:00Z,1.6814,3.4866,1.8284,5.7719,7.6842,10.174
E0062,2026-01-10T00:00:00Z,1.6547,1.9025,3.0496,5.2649,6.9013,9.254
E0063,2026-01-10T00:00:00Z,3.3425,1.5238,2.4123,5.2337,8.2538,9.4617
E0064,2026-01-10T00:00:00Z,2.6854,2.0625,1.4937,4.5645,6.9934,10.6847
E0065,2026-01-10T00:00:00Z,2.4768,2.0786,3.4286,5.276,6.7391,9.3501
E0066,2026-01-10T00:00:00Z,3.5591,-0.343,-0.1249,5.9986,7.3473,7.9763
E0067,2026-01-10T00:00:00Z,3.122,1.0964,1.3035,5.6533,6.3734,9.5002
E0068,2026-01-10T00:00:00Z,1.5177,1.772,3.8385,6.4997,6.4761,8.2633
E0069,2026-01-10T00:00:00Z,3.5126,1.3847,2.4902,5.7217,8.8191,11.292
E0070,2026-01-10T00:00:00Z,2.8904,0.6361,4.0835,4.8461,9.4103,11.0479
E0071,2026-01-10T00:00:00Z,1.5608,-0.9659,3.4448,4.848,6.5808,10.1512
E0072,2026-01-10T00:00:00Z,3.2544,1.6286,5.2292,6.038,6.9068,10.244
E0073,2026-01-10T00:00:00Z,4.4116,0.4784,1.6549,4.9832,7.7338,8.9339
E0074,2026-01-10T00:00:00Z,1.9222,-0.2157,3.8352,5.0239,5.7841,8.2916
E0075,2026-01-10T00:00:00Z,3.5256,1.6374,2.6829,6.444,8.0426,9.1063
E0076,2026-01-10T00:00:00Z,2.8929,-0.3533,3.1202,5.37,6.9287,10.1578
E0077,2026-01-10T00:00:00Z,3.3402,-1.4706,1.6214,5.9093,8.0417,9.6788
E0078,2026-01-10T00:00:00Z,2.4732,3.2615,4.9718,5.3682,9.2,7.8023
E0079,2026-01-10T00:00:00Z,1.9744,0.4607,5.0495,5.6105,5.7034,8.7426
E0080,2026-01-10T00:00:00Z,3.8285,3.4012,3.9852,6.2447,10.8232,9.0608
E0081,2026-01-10T00:00:00Z,3.6863,1.792,3.3568,4.8765,8.1641,10.4125
E0082,2026-01-10T00:00:00Z,3.0055,-0.0091,3.375,5.7455,8.2384,12.4151
E0083,2026-01-10T00:00:00Z,2.5864,0.6393,3.5551,4.9013,8.4547,9.4972
E0084,2026-01-10T00:00:00Z,2.8728,-0.916,5.1256,5.4097,7.7034,8.7023
E0085,2026-01-10T00:00:00Z,1.9533,1.2014,1.3512,5.5418,6.5665,9.8814
E0086,2026-01-10T00:00:00Z,3.5588,3.4375,2.2125,5.471,6.312,10.9045
E0087,2026-01-10T00:00:00Z,2.1017,2.8088,3.8957,5.6645,6.8747,8.2628
E0088,2026-01-10T00:00:00Z,3.5774,0.1643,1.6881,5.2081,7.66,10.5318
E0089,2026-01-10T00:00:00Z,3.2126,2.9511,3.071,5.161,5.3066,9.1101
E0090,2026-01-10T00:00:00Z,2.9969,-0.1632,3.5632,6.3267,8.9136,9.7404
E0091,2026-01-10T00:00:00Z,2.781,0.6054,2.7284,5.1916,8.7614,9.9592
E0092,2026-01-10T00:00:00Z,2.7547,-0.6262,4.3321,5.885,7.2658,9.6371
E0093,2026-01-10T00:00:00Z,2.874,-0.9305,6.1593,5.9757,5.2998,8.4971
E0094,2026-01-10T00:00:00Z,2.762,-3.0467,5.2695,5.8017,8.5824,10.7507
E0095,2026-01-10T00:00:00Z,4.1085,1.5904,5.3911,5.4127,7.4631,9.3777
E0096,2026-01-10T00:00:00Z,2.8042,2.5839,3.8022,6.1433,8.7962,8.6783
E0097,2026-01-10T00:00:00Z,3.6967,3.1407,5.0029,6.1762,7.5103,9.7127
E0098,2026-01-10T00:00:00Z,2.3918,0.2978,2.1528,5.8889,6.0907,9.6054
E0099,2026-01-10T00:00:00Z,3.9931,-1.0081,4.459,5.6948,5.996,9.0738
E0100,2026-01-10T00:00:00Z,3.2481,2.9402,1.9223,5.3311,7.3153,8.9475
E0101,2026-01-10T00:00:00Z,3.7453,-0.5369,4.2503,5.5323,8.5572,8.6032
E0102,2026-01-10T00:00:00Z,1.8424,0.8118,4.9219,4.1229,7.0013,9.0188
E0103,2026-01-10T00:00:00Z,2.5324,-0.1777,2.7031,5.0072,6.8831,8.6567
E0104,2026-01-10T00:00:00Z,4.5814,-0.4528,4.4159,5.7014,6.5824,8.9666
E0105,2026-01-10T00:00:00Z,2.9164,1.168,3.6487,5.4723,7.68,8.4991
E0106,2026-01-10T00:00:00Z,2.2086,1.7202,1.661,5.5057,7.6662,8.5998
E0107,2026-01-10T00:00:00Z,2.0234,1.8979,2.6996,5.162,6.5626,9.8393
E0108,2026-01-10T00:00:00Z,2.6615,3.1356,2.6639,6.4682,9.0458,9.5856
E0109,2026-01-10T00:00:00Z,3.9117,0.5091,5.7827,5.2912,6.508,10.9021
E0110,2026-01-10T00:00:00Z,2.4677,0.4377,3.9907,5.3057,6.417,9.5356
E0111,2026-01-10T00:00:00Z,3.1418,-0.2636,2.6413,5.9913,6.4897,8.1477
E0112,2026-01-10T00:00:00Z,1.8023,0.5551,2.9846,5.9887,6.0982,9.6922
E0113,2026-01-10T00:00:00Z,2.2683,2.3475,3.3545,4.5086,7.3796,10.6557
E0114,2026-01-10T00:00:00Z,3.1465,-3.2191,4.0359,5.4708,7.7007,10.5012
E0115,2026-01-10T00:00:00Z,2.4348,1.6941,3.3441,4.5689,7.3677,9.3702
E0116,2026-01-10T00:00:00Z,4.5189,-0.131,4.7312,5.0312,6.7298,9.3481
E0117,2026-01-10T00:00:00Z,2.1102,3.8367,4.5656,5.3793,6.883,9.7606
E0118,2026-01-10T00:00:00Z,2.1259,-0.4888,5.2026,5.722,7.3285,8.735
E0119,2026-01-10T00:00:00Z,2.3577,0.1419,4.1873,6.0158,7.0929,8.5774
E0120,2026-01-10T00:00:00Z,3.6636,3.6272,4.5249,5.1057,6.5433,8.0234
E0121,2026-01-10T00:00:00Z,2.586,4.6777,6.7288,6.0894,5.797,9.7164
E0122,2026-01-10T00:00:00Z,3.1782,-0.7661,3.9173,5.6275,6.126,8.4217
E0123,2026-01-10T00:00:00Z,2.4328,-1.4194,2.7802,5.4546,7.3252,11.4225
E0124,2026-01-10T00:00:00Z,2.7691,-0.5808,5.9735,5.0894,7.7145,9.5905
E0125,2026-01-10T00:00:00Z,3.2412,0.3816,4.1033,4.9542,6.362,9.5845
E0126,2026-01-10T00:00:00Z,3.3447,0.8854,4.5669,5.2199,9.3557,9.2862
E0127,2026-01-10T00:00:00Z,2.4181,1.1784,2.9167,5.2636,6.3516,11.1038
E0128,2026-01-10T00:00:00Z,4.1082,2.5675,4.6193,5.7729,7.2054,10.0208
E0129,2026-01-10T00:00:00Z,4.6849,0.4625,6.4807,5.5563,8.0066,9.4807
E0130,2026-01-10T00:00:00Z,2.8198,-1.6168,3.9416,5.4885,6.5823,9.9771
E0131,2026-01-10T00:00:00Z,3.1567,1.2845,4.4872,5.9493,6.8985,10.0735
E0132,2026-01-10T00:00:00Z,2.1639,2.3971,2.5684,4.7513,6.8816,9.2277
E0133,2026-01-10T00:00:00Z,2.9707,2.3009,1.6945,5.424,7.2243,10.472
E0134,2026-01-10T00:00:00Z,2.4482,-1.3164,2.0692,5.0558,7.0326,9.2393
E0135,2026-01-10T00:00:00Z,3.2802,-0.4097,3.8171,5.3028,7.1953,9.292
E0136,2026-01-10T00:00:00Z,2.5732,0.1777,2.6651,5.498,6.8828,9.0763
E0137,2026-01-10T00:00:00Z,2.5188,-0.216,3.7626,6.7854,6.6829,9.4863
E0138,2026-01-10T00:00:00Z,3.2972,-1.285,5.8425,4.3211,7.1558,10.2666
E0139,2026-01-10T00:00:00Z,3.3101,-1.0798,3.6746,5.78,5.7839,10.1133
E0140,2026-01-10T00:00:00Z,2.6873,0.8104,1.6205,4.2924,6.918,8.8091
E0141,2026-01-10T00:00:00Z,2.9372,-1.4676,4.5097,4.6712,5.783,10.2795
E0142,2026-01-10T00:00:00Z,4.3074,0.6184,1.9632,5.8521,7.9958,10.8275
E0143,2026-01-10T00:00:00Z,3.5712,0.1203,4.835,5.262,7.8741,9.9267
E0144,2026-01-10T00:00:00Z,2.7352,3.56,1.3788,6.285,8.3405,9.0721
E0145,2026-01-10T00:00:00Z,1.1052,-0.9302,4.4024,5.7227,7.4579,9.3697
E0146,2026-01-10T00:00:00Z,2.7585,-1.2857,4.2475,5.6293,6.9557,11.7483
E0147,2026-01-10T00:00:00Z,1.8571,-1.3146,3.5042,5.2454,5.907,7.962
E0148,2026-01-10T00:00:00Z,2.7742,1.3191,4.0415,4.3158,6.2158,9.3009
E0149,2026-01-10T00:00:00Z,2.8034,2.6275,3.5265,4.9901,6.4649,8.1654
E0000,2026-01-11T00:00:00Z,3.469,1.43,3.0484,6.6713,6.6236,10.1278
E0001,2026-01-11T00:00:00Z,2.7027,3.5181,2.0763,6.332,7.2712,8.888
E0002,2026-01-11T00:00:00Z,3.0297,-0.0511,2.4732,4.6456,7.9575,9.9248
E0003,2026-01-11T00:00:00Z,2.0538,-0.3939,4.7057,5.5851,6.2758,9.5915
E0004,2026-01-11T00:00:00Z,2.7136,-0.8461,3.3606,5.1951,8.3295,9.9314
E0005,2026-01-11T00:00:00Z,3.4188,0.3019,5.108,5.9562,7.0953,11.3526
E0006,2026-01-11T00:00:00Z,4.0538,2.2755,2.922,4.8236,6.7758,9.7007
E0007,2026-01-11T00:00:00Z,3.7105,1.2506,3.4006,5.9543,5.9619,9.4168
E0008,2026-01-11T00:00:00Z,1.8242,0.5884,3.5542,5.6857,6.8579,10.2155
E0009,2026-01-11T00:00:00Z,3.3529,2.3564,5.8049,4.8469,7.3085,9.9989
E0010,2026-01-11T00:00:00Z,1.6966,-0.1354,3.7745,4.7328,7.3799,9.1013
E0011,2026-01-11T00:00:00Z,2.2672,-2.1785,3.35,6.4534,9.6799,9.8096
E0012,2026-01-11T00:00:00Z,2.4882,1.4113,3.2337,5.2409,6.5548,9.2324
E0013,2026-01-11T00:00:00Z,2.133,3.0366,2.2373,4.8759,8.2529,10.7173
E0014,2026-01-11T00:00:00Z,2.4758,-1.1163,4.7036,4.1246,6.6011,8.8399
E0015,2026-01-11T00:00:00Z,2.3403,2.4576,2.6499,5.6073,6.8406,8.8689
E0016,2026-01-11T00:00:00Z,2.5136,2.0571,4.9726,5.6145,7.0789,8.845
E0017,2026-01-11T00:00:00Z,4.0347,-0.8718,4.2867,5.6957,7.8968,9.7076
E0018,2026-01-11T00:00:00Z,4.2226,0.5023,3.9684,5.0099,9.1538,11.1993
E0019,2026-01-11T00:00:00Z,2.5394,-0.3817,3.3892,5.4946,7.9754,9.5625
E0020,2026-01-11T00:00:00Z,3.3733,0.7461,4.3694,5.4365,6.9268,9.4105
E0021,2026-01-11T00:00:00Z,2.9481,-0.6636,3.6589,5.0288,7.276,9.7442
E0022,2026-01-11T00:00:00Z,3.321,-0.8714,1.2722,5.3612,7.0444,11.0116
E0023,2026-01-11T00:00:00Z,2.8033,-0.215,3.5554,4.4494,6.3409,10.0361
E0024,2026-01-11T00:00:00Z,2.3166,-0.9105,2.2304,4.9965,6.95,9.3103
E0025,2026-01-11T00:00:00Z,2.2572,2.7707,4.4533,5.6562,6.7919,8.2509
E0026,2026-01-11T00:00:00Z,3.6896,-0.1061,2.314,5.1228,6.9878,8.8461
E0027,2026-01-11T00:00:00Z,3.8775,2.1615,2.9585,5.8472,7.7441,8.726
E0028,2026-01-11T00:00:00Z,1.7316,0.823,3.1386,5.1865,6.1608,8.9636
E0029,2026-01-11T00:00:00Z,3.0361,-0.7873,4.4458,5.9649,6.8352,11.4522
E0030,2026-01-11T00:00:00Z,2.8803,4.37,4.4295,4.9733,7.317,8.7719
E0031,2026-01-11T00:00:00Z,2.2938,-0.4399,3.373,5.223,6.146,8.8228
E0032,2026-01-11T00:00:00Z,2.7892,1.0345,3.8465,5.9204,6.8475,11.6657
E0033,2026-01-11T00:00:00Z,2.6625,1.2906,3.342,5.5252,8.6042,8.8024
E0034,2026-01-11T00:00:00Z,2.6682,1.2348,5.483,5.5701,6.4782,12.9909
E0035,2026-01-11T00:00:00Z,2.3989,0.4132,3.8421,4.8382,7.4801,10.6159
E0036,2026-01-11T00:00:00Z,4.0876,-1.0261,2.4503,5.1549,6.0457,9.9416
E0037,2026-01-11T00:00:00Z,3.0308,0.0289,5.4866,4.2864,6.9077,10.5715
E0038,2026-01-11T00:00:00Z,2.2719,-0.8645,3.4061,5.3874,7.1905,10.2324
E0039,2026-01-11T00:00:00Z,4.0439,1.5158,4.3824,5.795,7.3861,7.1639
E0040,2026-01-11T00:00:00Z,3.0137,2.7482,5.2666,5.0925,7.8309,9.0387
E0041,2026-01-11T00:00:00Z,3.2021,4.3317,4.3544,5.5643,7.3284,8.679
E0042,2026-01-11T00:00:00Z,3.3384,-0.1052,5.214,5.9891,6.7744,11.1212
E0043,2026-01-11T00:00:00Z,4.7337,0.8118,3.782,4.8594,8.0823,9.59
E0044,2026-01-11T00:00:00Z,2.4236,-1.7739,2.9268,5.9051,7.8636,9.4768
E0045,2026-01-11T00:00:00Z,2.3632,1.3328,3.8219,4.4911,7.0778,8.5734
E0046,2026-01-11T00:00:00Z,2.3392,3.2312,4.0275,5.8278,6.9339,9.0583
E0047,2026-01-11T00:00:00Z,3.4753,0.4776,3.6765,6.8573,6.6561,10.4502
E0048,2026-01-11T00:00:00Z,2.9776,1.7185,1.2763,6.3848,7.94,10.3346
E0049,2026-01-11T00:00:00Z,3.7133,-1.6763,5.1958,6.0949,7.96,9.1295
E0050,2026-01-11T00:00:00Z,2.3853,0.8951,4.1394,4.924,7.3371,10.5023
E0051,2026-01-11T00:00:00Z,2.3542,-0.8263,3.4286,5.1797,8.6967,10.5162
E0052,2026-01-11T00:00:00Z,1.7093,-0.492,4.6705,5.6607,8.6412,8.4746
E0053,2026-01-11T00:00:00Z,2.9097,2.7049,2.971,5.6205,8.1441,8.8566
E0054,2026-01-11T00:00:00Z,2.7315,-0.9435,3.9575,4.7023,6.1577,9.7205
E0055,2026-01-11T00:00:00Z,3.0362,0.1852,5.4872,5.824,8.1437,10.266
E0056,2026-01-11T00:00:00Z,2.8711,0.8303,2.9377,4.8735,6.0435,10.4111
E0057,2026-01-11T00:00:00Z,2.7609,2.8487,2.3476,6.2458,7.4849,11.9994
E0058,2026-01-11T00:00:00Z,2.5957,-0.2561,5.272,5.371,6.1327,9.3209
E0059,2026-01-11T00:00:00Z,3.83,1.2998,3.7735,6.4774,7.7891,10.5001
E0060,2026-01-11T00:00:00Z,2.9669,0.4741,4.7144,5.355,5.4779,9.393
E0061,2026-01-11T00:00:00Z,3.3486,1.5881,4.9582,5.8939,8.124,9.928
E0062,2026-01-11T00:00:00Z,2.9982,1.3106,2.4704,5.3268,8.0082,8.9382
E0063,2026-01-11T00:00:00Z,2.8456,1.7005,2.5203,4.8493,7.0448,9.155
E0064,2026-01-11T00:00:00Z,3.0751,3.5728,2.5801,4.5788,8.6461,8.7009
E0065,2026-01-11T00:00:00Z,3.3662,2.6009,3.2447,5.7013,6.6338,10.7082
E0066,2026-01-11T00:00:00Z,1.6341,4.552,6.1772,5.6004,6.2408,10.0237
E0067,2026-01-11T00:00:00Z,3.1271,4.9319,3.6485,4.5315,7.8392,10.0251
E0068,2026-01-11T00:00:00Z,2.2794,0.7653,3.7934,6.6139,6.7635,8.9305
E0069,2026-01-11T00:00:00Z,3.3791,1.3738,4.2021,4.8239,8.4655,9.5526
E0070,2026-01-11T00:00:00Z,3.6555,-0.8009,0.9809,5.2854,7.6237,8.8233
E0071,2026-01-11T00:00:00Z,4.692,3.1399,1.9765,4.8723,8.0258,9.9851
E0072,2026-01-11T00:00:00Z,3.861,3.1915,2.4705,5.1561,8.4424,9.2542
E0073,2026-01-11T00:00:00Z,2.6628,0.818,4.0142,5.5507,7.4366,9.5567
E0074,2026-01-11T00:00:00Z,2.9773,0.2919,4.0316,5.2424,6.8857,8.3253
E0075,2026-01-11T00:00:00Z,3.717,5.8726,3.2145,5.089,6.1906,8.5268
E0076,2026-01-11T00:00:00Z,2.6702,0.4571,2.0748,4.9467,9.0898,8.047
E0077,2026-01-11T00:00:00Z,2.7712,-0.0284,3.2621,5.4987,7.7024,10.4737
E0078,2026-01-11T00:00:00Z,2.2375,0.5915,4.5753,6.726,6.9508,12.1181
E0079,2026-01-11T00:00:00Z,2.0953,0.877,3.3031,5.6705,7.4039,8.4397
E0080,2026-01-11T00:00:00Z,1.3215,1.9423,2.7162,5.2212,7.2666,10.976
E0081,2026-01-11T00:00:00Z,2.1561,1.5083,3.9281,4.9765,7.3811,8.5286
E0082,2026-01-11T00:00:00Z,3.6741,1.6772,3.1436,5.441,8.6317,8.7683
E0083,2026-01-11T00:00:00Z,3.2682,2.6006,4.414,5.7869,7.3985,8.2633
E0084,2026-01-11T00:00:00Z,2.672,-1.3904,2.7034,6.3199,6.0082,9.3122
E0085,2026-01-11T00:00:00Z,3.92,0.9472,6.0572,4.8885,7.7128,9.4813
E0086,2026-01-11T00:00:00Z,3.3896,-1.1815,0.7978,4.5077,7.4857,7.5347
E0087,2026-01-11T00:00:00Z,3.2136,-0.132,4.0816,5.3327,7.2066,8.7178
E0088,2026-01-11T00:00:00Z,2.1215,-0.1973,3.5718,4.797,7.3486,10.7151
E0089,2026-01-11T00:00:00Z,3.4757,-3.1171,2.3588,4.4322,9.5842,10.9056
E0090,2026-01-11T00:00:00Z,2.012,0.9303,4.4641,4.687,7.7819,10.1829
E0091,2026-01-11T00:00:00Z,3.7042,2.3385,2.6508,5.2689,5.5222,9.4822
E0092,2026-01-11T00:00:00Z,3.2549,0.8114,4.8566,5.9905,7.4862,10.3407
E0093,2026-01-11T00:00:00Z,1.9883,0.9164,3.4762,5.5633,7.4835,8.8803
E0094,2026-01-11T00:00:00Z,2.8438,2.1984,3.9353,5.2591,8.2818,8.78
E0095,2026-01-11T00:00:00Z,1.8905,0.3183,2.9843,5.6214,8.8435,7.6591
E0096,2026-01-11T00:00:00Z,4.0965,0.8057,2.4081,6.0739,7.366,8.5635
E0097,2026-01-11T00:00:00Z,2.3047,2.7013,3.1971,5.7184,7.4149,9.0797
E0098,2026-01-11T00:00:00Z,3.1832,1.4504,1.2207,4.9086,6.8079,9.5615
E0099,2026-01-11T00:00:00Z,2.3835,1.9077,4.7336,5.1078,6.7348,9.9766
E0100,2026-01-11T00:00:00Z,2.6203,1.3868,3.5961,5.6439,7.9043,8.9369
E0101,2026-01-11T00:00:00Z,3.8764,1.7317,5.0004,5.5605,6.3825,9.414
E0102,2026-01-11T00:00:00Z,2.7709,-0.3242,2.9271,4.7556,6.5662,10.6481
E0103,2026-01-11T00:00:00Z,2.731,1.8913,3.6564,4.8787,6.7019,9.07
E0104,2026-01-11T00:00:00Z,2.4195,-0.3592,2.2902,4.9546,7.0668,8.5118
E0105,2026-01-11T00:00:00Z,4.2185,0.7995,4.7612,4.9238,7.701,9.9309
E0106,2026-01-11T00:00:00Z,2.6083,1.7437,2.5751,4.2759,8.2746,10.6302
E0107,2026-01-11T00:00:00Z,3.792,0.5236,4.4288,5.0383,9.0023,11.2943
E0108,2026-01-11T00:00:00Z,3.3486,1.2258,5.1837,5.6056,6.9458,10.6841
E0109,2026-01-11T00:00:00Z,3.3275,2.6782,4.1172,5.5482,7.0524,10.8386
E0110,2026-01-11T00:00:00Z,2.613,0.0439,2.7634,5.5874,7.7426,10.1052
E0111,2026-01-11T00:00:00Z,2.375,3.4254,2.3873,5.2359,7.7573,8.5215
E0112,2026-01-11T00:00:00Z,3.0202,0.1598,3.4569,5.5638,7.7888,10.9139
E0113,2026-01-11T00:00:00Z,3.0582,2.3165,3.7154,5.7157,6.62,9.4015
E0114,2026-01-11T00:00:00Z,2.1578,0.102,2.9423,4.6088,7.7809,8.9364
E0115,2026-01-11T00:00:00Z,2.8594,-0.1592,5.4369,5.1432,8.2471,10.5251
E0116,2026-01-11T00:00:00Z,3.2238,3.5366,3.6864,6.0631,6.9651,8.5713
E0117,2026-01-11T00:00:00Z,3.6917,-0.3341,2.7962,6.4302,6.8477,10.8213
E0118,2026-01-11T00:00:00Z,3.5533,1.4236,3.0902,5.6664,8.6122,11.2585
E0119,2026-01-11T00:00:00Z,2.6484,0.108,4.8419,5.4998,8.7891,9.5624
E0120,2026-01-11T00:00:00Z,1.9548,2.3436,4.597,4.8937,7.7894,11.5655
E0121,2026-01-11T00:00:00Z,2.2994,1.2031,3.2751,4.3406,6.9384,9.2079
E0122,2026-01-11T00:00:00Z,2.1877,1.4358,3.861,4.1116,9.0233,9.3173
E0123,2026-01-11T00:00:00Z,3.5856,3.0168,4.7022,4.7349,7.6195,9.9518
E0124,2026-01-11T00:00:00Z,1.0629,3.0102,4.5296,5.6365,7.6452,9.1815
E0125,2026-01-11T00:00:00Z,3.0591,0.8425,7.0855,5.7869,6.1493,10.0806
E0126,2026-01-11T00:00:00Z,3.9623,3.3642,5.1202,4.4881,7.0464,8.5001
E0127,2026-01-11T00:00:00Z,3.0848,2.5324,5.3811,5.2629,6.5156,9.1425
E0128,2026-01-11T00:00:00Z,2.6164,3.3796,4.8727,4.8868,6.3448,10.0983
E0129,2026-01-11T00:00:00Z,1.8081,2.7575,4.7046,5.1298,7.926,10.8541
E0130,2026-01-11T00:00:00Z,3.198,0.424,4.6088,6.4928,7.1279,8.049
E0131,2026-01-11T00:00:00Z,3.1616,0.3054,2.9268,6.539,9.2646,9.1329
E0132,2026-01-11T00:00:00Z,1.8417,-0.0191,2.2843,5.4388,7.2246,7.7152
E0133,2026-01-11T00:00:00Z,2.3384,0.2114,5.1943,6.0183,6.3212,6.9734
E0134,2026-01-11T00:00:00Z,2.1942,-0.1967,1.9612,5.2777,7.3818,8.5387
E0135,2026-01-11T00:00:00Z,3.2398,1.3152,3.3553,5.9116,7.1427,9.9925
E0136,2026-01-11T00:00:00Z,2.9355,1.8313,3.8792,5.9417,7.6628,10.1891
E0137,2026-01-11T00:00:00Z,3.1368,2.3811,5.5364,4.2556,7.6651,9.3042
E0138,2026-01-11T00:00:00Z,3.7003,-0.5784,2.3816,6.0878,6.9366,9.6769
E0139,2026-01-11T00:00:00Z,2.7203,2.3247,4.9258,4.7122,8.03,8.6891
E0140,2026-01-11T00:00:00Z,3.8231,1.1333,4.1964,5.2013,6.3973,8.8325
E0141,2026-01-11T00:00:00Z,2.433,0.7095,4.3218,5.5126,8.1353,10.3485
E0142,2026-01-11T00:00:00Z,3.6958,2.3791,1.5745,4.7187,6.3679,10.0613
E0143,2026-01-11T00:00:00Z,2.328,-0.3993,3.6348,5.514,8.4474,9.4016
E0144,2026-01-11T00:00:00Z,4.1688,-0.0697,3.3102,6.0626,7.5133,11.1518
E0145,2026-01-11T00:00:00Z,4.179,0.7698,4.6178,4.4984,7.2117,9.4787
E0146,2026-01-11T00:00:00Z,2.4035,3.5851,3.1792,5.8117,6.5419,9.516
E0147,2026-01-11T00:00:00Z,2.9887,-0.7615,4.0026,5.6983,5.0823,9.7021
E0148,2026-01-11T00:00:00Z,3.9715,0.6286,1.9142,6.1169,7.9215,10.8687
E0149,2026-01-11T00:00:00Z,2.3585,1.3827,2.6414,6.2615,8.4052,10.1063
E0000,2026-01-12T00:00:00Z,3.1986,3.4993,2.8247,4.7009,7.9813,10.667
E0001,2026-01-12T00:00:00Z,3.2372,-0.1703,5.0895,7.2581,6.7541,9.9557
E0002,2026-01-12T00:00:00Z,3.5322,1.4505,4.8295,4.4947,9.0419,9.7173
E0003,2026-01-12T00:00:00Z,3.4246,0.4077,4.0988,6.3854,7.4952,8.0814
E0004,2026-01-12T00:00:00Z,2.5878,0.3622,2.9,6.231,6.3445,8.7539
E0005,2026-01-12T00:00:00Z,2.7271,0.2048,5.292,5.5479,7.5244,8.9338
E0006,2026-01-12T00:00:00Z,2.2869,1.2394,4.4779,5.447,7.1958,9.1099
E0007,2026-01-12T00:00:00Z,3.3096,1.3527,3.2764,4.137,8.2746,9.1975
E0008,2026-01-12T00:00:00Z,3.2475,0.5963,5.0848,5.5428,8.4197,9.2454
E0009,2026-01-12T00:00:00Z,3.7734,-0.1998,3.7896,5.4226,6.4796,8.9671
E0010,2026-01-12T00:00:00Z,2.6717,-1.0183,2.4308,4.6533,7.8237,9.0745
E0011,2026-01-12T00:00:00Z,3.1983,-0.0072,3.9086,5.1219,6.1512,9.3199
E0012,2026-01-12T00:00:00Z,2.8647,2.9294,1.6615,4.9915,8.0024,10.0135
E0013,2026-01-12T00:00:00Z,2.7482,1.9972,2.4051,5.5171,8.4323,9.975
E0014,2026-01-12T00:00:00Z,2.4481,1.4271,3.8469,5.848,6.5861,10.5661
E0015,2026-01-12T00:00:00Z,3.2018,1.2095,4.1102,4.8518,7.0824,7.8827
E0016,2026-01-12T00:00:00Z,2.5259,0.7553,3.3682,4.9098,8.2193,9.332
E0017,2026-01-12T00:00:00Z,3.1974,-0.37,4.2605,5.3254,6.7682,9.5011
E0018,2026-01-12T00:00:00Z,2.6351,1.6451,3.5212,4.8379,7.9233,9.7858
E0019,2026-01-12T00:00:00Z,2.6765,-1.8509,3.0245,4.6255,7.3271,7.7493
E0020,2026-01-12T00:00:00Z,3.1372,2.6491,3.1779,6.1428,6.3994,7.9051
E0021,2026-01-12T00:00:00Z,2.7938,0.7465,2.7982,5.5256,9.6107,11.1443
E0022,2026-01-12T00:00:00Z,3.0819,0.4217,3.227,5.6299,6.9252,9.0861
E0023,2026-01-12T00:00:00Z,2.4311,1.7383,4.6812,5.2355,8.0331,8.3665
E0024,2026-01-12T00:00:00Z,3.0291,0.7419,4.0369,5.8602,6.9573,11.5355
E0025,2026-01-12T00:00:00Z,1.8166,2.9566,4.8536,5.3777,8.5477,10.1896
E0026,2026-01-12T00:00:00Z,2.9145,0.9762,6.7574,6.368,7.4582,10.1484
E0027,2026-01-12T00:00:00Z,2.3422,3.8081,5.6704,6.6686,8.399,9.5992
E0028,2026-01-12T00:00:00Z,1.8568,2.1102,1.622,6.005,7.7999,11.3149
E0029,2026-01-12T00:00:00Z,3.8094,1.4466,5.5504,4.9112,6.8527,9.8705
E0030,2026-01-12T00:00:00Z,2.0674,2.8695,2.2225,5.4287,6.2865,8.3963
E0031,2026-01-12T00:00:00Z,4.0596,-0.3793,3.4826,5.9499,6.1854,8.5598
E0032,2026-01-12T00:00:00Z,2.5197,1.5118,2.0146,5.2981,6.5297,8.547
E0033,2026-01-12T00:00:00Z,3.4594,-0.1864,5.9599,4.8895,8.3494,9.0932
E0034,2026-01-12T00:00:00Z,2.2444,1.5188,5.6593,5.3472,6.7733,10.7264
E0035,2026-01-12T00:00:00Z,2.2695,0.8384,3.5352,4.0331,9.6761,10.9893
E0036,2026-01-12T00:00:00Z,2.4066,1.1442,4.3049,4.9001,5.5824,7.5024
E0037,2026-01-12T00:00:00Z,3.0,-0.1674,1.4877,5.3566,8.8637,10.314
E0038,2026-01-12T00:00:00Z,2.6995,0.7368,3.5616,4.6656,6.6575,10.5861
E0039,2026-01-12T00:00:00Z,1.8397,-0.0543,3.042,5.2373,7.7738,8.5829
E0040,2026-01-12T00:00:00Z,3.7663,0.0474,3.3694,6.8856,5.9641,9.7955
E0041,2026-01-12T00:00:00Z,3.6008,-0.5743,6.0948,5.8293,6.9373,11.5358
E0042,2026-01-12T00:00:00Z,2.0455,0.7265,2.8396,4.929,7.6204,10.6658
E0043,2026-01-12T00:00:00Z,4.2418,-2.931,4.0664,5.3271,5.3666,11.1411
E0044,2026-01-12T00:00:00Z,1.7131,1.6976,2.8475,5.5967,7.738,9.7423
E0045,2026-01-12T00:00:00Z,2.8629,0.4747,5.0933,4.2834,7.7939,10.7702
E0046,2026-01-12T00:00:00Z,2.8463,1.3312,2.7166,5.7855,8.5591,8.7225
E0047,2026-01-12T00:00:00Z,3.9159,0.3632,3.4011,5.2394,7.3084,10.5291
E0048,2026-01-12T00:00:00Z,3.1498,-0.2937,0.8258,6.5071,7.817,8.5487
E0049,2026-01-12T00:00:00Z,2.638,2.1018,2.7556,4.8655,8.1112,9.7704
E0050,2026-01-12T00:00:00Z,3.2398,1.003,3.6912,5.3011,8.6732,9.3068
E0051,2026-01-12T00:00:00Z,3.0721,-0.8014,4.718,5.8103,5.5674,9.695
E0052,2026-01-12T00:00:00Z,2.6512,1.2153,4.7255,6.0062,5.6003,8.1927
E0053,2026-01-12T00:00:00Z,3.8123,2.411,4.8452,5.4319,5.4032,9.3928
E0054,2026-01-12T00:00:00Z,2.3375,0.7579,4.7374,5.8164,6.3676,9.6677
E0055,2026-01-12T00:00:00Z,2.9573,-1.1574,6.1257,4.5557,6.9253,10.9109
E0056,2026-01-12T00:00:00Z,2.7754,1.4535,1.5003,6.097,6.2484,9.7739
E0057,2026-01-12T00:00:00Z,5.1941,1.846,2.7665,5.6233,8.2588,10.2077
E0058,2026-01-12T00:00:00Z,2.7354,-0.5856,4.4694,5.0082,7.9778,8.783
E0059,2026-01-12T00:00:00Z,2.9959,0.6075,3.6357,5.2501,5.5846,9.4477
E0060,2026-01-12T00:00:00Z,4.9681,0.5095,0.5258,5.4582,6.9779,9.6917
E0061,2026-01-12T00:00:00Z,2.2136,1.3075,2.0713,5.5725,8.0301,9.7118
E0062,2026-01-12T00:00:00Z,2.4517,1.1657,4.0279,5.437,8.7082,9.8249
E0063,2026-01-12T00:00:00Z,2.3915,0.6128,2.9968,5.0934,9.1526,9.5835
E0064,2026-01-12T00:00:00Z,2.7282,-0.2632,4.1389,5.5141,7.3522,6.9638
E0065,2026-01-12T00:00:00Z,2.6761,2.5493,0.9811,5.197,5.7907,9.5484
E0066,2026-01-12T00:00:00Z,2.9658,0.6285,4.747,5.7062,6.6349,8.543
E0067,2026-01-12T00:00:00Z,2.9612,4.0788,2.583,5.3524,6.5136,10.9034
E0068,2026-01-12T00:00:00Z,2.9493,0.2802,1.3316,4.8405,8.8346,9.8258
E0069,2026-01-12T00:00:00Z,4.3751,-0.9322,2.8062,6.1588,8.443,10.9337
E0070,2026-01-12T00:00:00Z,2.4238,1.7932,3.2869,4.2153,7.4269,9.7091
E0071,2026-01-12T00:00:00Z,2.7528,2.2245,3.7846,5.2834,7.6865,9.0159
E0072,2026-01-12T00:00:00Z,3.3185,-0.2524,5.3623,6.1712,8.8025,8.8842
E0073,2026-01-12T00:00:00Z,2.561,1.8137,3.0617,5.4212,6.8735,9.645
E0074,2026-01-12T00:00:00Z,2.4735,0.9426,3.0998,6.4271,7.717,10.3453
E0075,2026-01-12T00:00:00Z,2.5451,2.3561,0.2545,6.9003,6.7207,8.895
E0076,2026-01-12T00:00:00Z,4.0532,2.3913,2.5674,5.1197,6.966,9.838
E0077,2026-01-12T00:00:00Z,2.3324,1.8505,5.1617,6.7333,7.8784,10.4573
E0078,2026-01-12T00:00:00Z,3.3484,3.0648,5.9462,5.7243,6.7864,8.7949
E0079,2026-01-12T00:00:00Z,3.2595,1.5744,3.8593,5.5332,8.2945,11.7503
E0080,2026-01-12T00:00:00Z,2.9614,-0.6907,5.9801,6.6441,6.9192,7.1166
E0081,2026-01-12T00:00:00Z,2.5885,1.5551,5.6271,5.555,7.7997,8.2523
E0082,2026-01-12T00:00:00Z,3.123,-2.14,6.2498,5.7104,5.7883,8.3317
E0083,2026-01-12T00:00:00Z,1.9223,1.4584,3.9152,4.8494,8.4265,9.4334
E0084,2026-01-12T00:00:00Z,2.6084,1.7071,4.2971,5.0306,7.5947,9.589
E0085,2026-01-12T00:00:00Z,1.913,1.5116,5.8031,5.107,6.2389,9.1284
E0086,2026-01-12T00:00:00Z,2.721,0.0589,3.7474,6.9376,5.8858,10.7798
E0087,2026-01-12T00:00:00Z,2.8773,-1.2638,5.7011,5.4397,7.6967,10.294
E0088,2026-01-12T00:00:00Z,2.6365,3.5073,2.7386,5.9616,7.3839,9.3799
E0089,2026-01-12T00:00:00Z,2.2543,1.3853,2.1913,6.0524,9.083,10.177
E0090,2026-01-12T00:00:00Z,2.9831,2.6174,4.9322,4.4918,7.5165,9.639
E0091,2026-01-12T00:00:00Z,3.0834,-0.0958,4.1989,5.6917,7.0552,9.7216
E0092,2026-01-12T00:00:00Z,2.6488,-0.7886,4.6675,6.4091,6.8798,9.0368
E0093,2026-01-12T00:00:00Z,1.6989,2.654,4.6459,5.0771,7.4246,9.5497
E0094,2026-01-12T00:00:00Z,2.7445,-1.5002,5.2751,6.094,7.7336,8.6783
E0095,2026-01-12T00:00:00Z,2.4245,-0.4294,2.3446,6.3991,7.3953,9.7127
E0096,2026-01-12T00:00:00Z,2.8475,0.6469,3.7727,6.2549,6.573,8.0906
E0097,2026-01-12T00:00:00Z,2.1548,1.5269,4.4477,5.5812,8.9946,8.1682
E0098,2026-01-12T00:00:00Z,3.043,1.7691,4.4036,5.2111,8.3095,10.2203
E0099,2026-01-12T00:00:00Z,2.4105,-0.4033,5.6746,4.2987,6.6659,10.1812
E0100,2026-01-12T00:00:00Z,2.4923,-0.1915,1.0622,5.9546,7.3177,9.8898
E0101,2026-01-12T00:00:00Z,2.8557,0.6084,3.6304,4.4225,6.3092,9.8614
E0102,2026-01-12T00:00:00Z,3.0088,1.2829,3.4595,4.5403,7.7901,9.4331
E0103,2026-01-12T00:00:00Z,3.2679,1.1676,4.4428,4.9713,7.0425,10.5391
E0104,2026-01-12T00:00:00Z,2.3588,0.242,3.3453,5.8991,7.5455,8.4441
E0105,2026-01-12T00:00:00Z,3.5444,-2.0324,5.7801,6.7633,7.4847,11.1257
E0106,2026-01-12T00:00:00Z,2.5055,0.2348,3.998,5.3517,8.3084,10.7062
E0107,2026-01-12T00:00:00Z,2.8818,1.9376,4.0369,6.0832,6.8561,9.1466
E0108,2026-01-12T00:00:00Z,2.782,-0.3258,4.6359,4.3835,8.7589,10.138
E0109,2026-01-12T00:00:00Z,3.6381,0.5313,3.1948,5.9592,8.1031,9.349
E0110,2026-01-12T00:00:00Z,1.9885,1.3983,4.1275,5.9106,5.8338,10.2914
E0111,2026-01-12T00:00:00Z,1.9538,1.8134,3.4003,5.2718,5.8524,9.0082
E0112,2026-01-12T00:00:00Z,3.1596,3.7475,2.4602,4.4207,7.9943,9.5518
E0113,2026-01-12T00:00:00Z,2.8967,2.2749,3.2461,6.3311,9.0697,10.1589
E0114,2026-01-12T00:00:00Z,2.5487,1.7625,3.7178,5.8115,6.1555,11.4643
E0115,2026-01-12T00:00:00Z,3.4269,-0.8356,5.145,5.0939,7.9766,10.7189
E0116,2026-01-12T00:00:00Z,2.1068,-1.0101,5.2871,4.2964,9.6791,8.6112
E0117,2026-01-12T00:00:00Z,3.6781,1.9598,4.4561,5.4759,7.7214,8.7211
E0118,2026-01-12T00:00:00Z,3.3003,-1.1538,2.8368,6.3744,6.5254,9.886
E0119,2026-01-12T00:00:00Z,2.2776,2.8036,3.5085,5.5547,7.5323,10.0155
E0120,2026-01-12T00:00:00Z,3.0336,1.0294,2.8804,6.0361,10.3662,8.5367
E0121,2026-01-12T00:00:00Z,4.4972,1.6726,3.6945,5.0129,7.0432,10.4833
E0122,2026-01-12T00:00:00Z,2.8712,-1.2089,5.2425,5.3069,8.6384,10.4017
E0123,2026-01-12T00:00:00Z,2.0208,2.2021,4.264,5.2138,7.5164,7.2525
E0124,2026-01-12T00:00:00Z,1.8712,-0.0124,4.0325,5.988,8.4739,9.2978
E0125,2026-01-12T00:00:00Z,3.6191,2.7237,2.952,6.7054,6.0087,8.6256
E0126,2026-01-12T00:00:00Z,3.1673,-1.0264,5.4874,4.9704,8.3694,10.7808
E0127,2026-01-12T00:00:00Z,4.1377,2.0239,4.4148,6.2043,7.0769,8.8824
E0128,2026-01-12T00:00:00Z,2.2404,-0.2754,2.1001,5.375,8.3867,8.141
E0129,2026-01-12T00:00:00Z,3.3412,0.4231,3.977,5.133,6.9177,8.9848
E0130,2026-01-12T00:00:00Z,3.0081,1.9713,2.9724,5.5243,7.271,10.8234
E0131,2026-01-12T00:00:00Z,1.917,3.4222,1.5207,4.6517,7.1621,8.7066
E0132,2026-01-12T00:00:00Z,1.818,1.3342,4.0889,5.9185,6.8812,9.2984
E0133,2026-01-12T00:00:00Z,2.9887,1.6309,3.7353,5.8313,6.7862,10.484
E0134,2026-01-12T00:00:00Z,3.4796,3.0464,5.3967,5.2343,5.996,11.6892
E0135,2026-01-12T00:00:00Z,1.8492,0.7044,4.5955,6.2405,6.7972,10.4053
E0136,2026-01-12T00:00:00Z,3.0515,-0.8712,3.7095,4.839,8.8504,9.1793
E0137,2026-01-12T00:00:00Z,2.4427,1.3182,3.37,4.492,7.5696,9.4495
E0138,2026-01-12T00:00:00Z,3.799,-3.3764,4.2098,5.777,8.0909,6.8178
E0139,2026-01-12T00:00:00Z,2.4072,2.2051,6.4429,5.6412,7.943,8.9821
E0140,2026-01-12T00:00:00Z,2.3468,1.565,4.3048,5.4845,7.3439,9.8478
E0141,2026-01-12T00:00:00Z,3.207,1.4477,4.2263,6.0356,6.86,8.9995
E0142,2026-01-12T00:00:00Z,2.9071,-0.1149,4.3799,5.3678,6.8013,10.0867
E0143,2026-01-12T00:00:00Z,3.3825,0.0528,5.2142,6.015,7.5726,8.6092
E0144,2026-01-12T00:00:00Z,3.543,-1.438,5.6955,5.1269,7.5163,9.2315
E0145,2026-01-12T00:00:00Z,3.8361,0.8682,3.3711,5.3822,8.8443,9.5589
E0146,2026-01-12T00:00:00Z,2.9978,0.635,5.7078,5.5783,7.2358,9.4296
E0147,2026-01-12T00:00:00Z,1.5724,-0.7632,3.8939,5.3698,7.6492,10.5143
E0148,2026-01-12T00:00:00Z,2.7507,2.6609,5.7453,5.7374,7.6254,8.2399
E0149,2026-01-12T00:00:00Z,2.9977,1.797,4.2978,5.2795,6.3713,8.779
E0000,2026-01-13T00:00:00Z,2.0249,2.144,5.0159,5.1609,8.8668,11.4343
E0001,2026-01-13T00:00:00Z,4.6899,0.9417,1.6953,6.4992,7.5992,10.7657
E0002,2026-01-13T00:00:00Z,2.3878,1.9877,4.1831,5.3435,8.3164,9.1577
E0003,2026-01-13T00:00:00Z,2.9964,0.9296,2.6321,5.0085,6.5762,7.5495
E0004,2026-01-13T00:00:00Z,2.2204,-0.6099,4.0403,5.2038,7.6886,10.8045
E0005,2026-01-13T00:00:00Z,3.8534,-1.0936,5.3496,4.7429,6.6364,10.2281
E0006,2026-01-13T00:00:00Z,2.666,2.9465,0.7881,4.332,6.3489,9.3572
E0007,2026-01-13T00:00:00Z,3.6713,0.4721,2.5237,5.5252,6.7227,9.5592
E0008,2026-01-13T00:00:00Z,3.601,0.1366,3.383,4.8019,6.9448,9.1307
E0009,2026-01-13T00:00:00Z,3.9201,0.5162,3.375,6.058,9.1118,9.3077
E0010,2026-01-13T00:00:00Z,3.4351,0.7145,1.7058,4.8983,6.8869,9.4612
E0011,2026-01-13T00:00:00Z,1.5548,3.5577,5.7925,4.885,7.3692,9.5733
E0012,2026-01-13T00:00:00Z,3.0514,2.2166,4.7632,5.9425,6.2712,8.9595
E0013,2026-01-13T00:00:00Z,2.782,3.9845,5.0804,5.4157,5.8333,9.8117
E0014,2026-01-13T00:00:00Z,2.7439,3.4135,3.5755,5.9812,6.64,9.6898
E0015,2026-01-13T00:00:00Z,3.5933,1.3091,2.363,6.3069,8.8536,10.228
E0016,2026-01-13T00:00:00Z,3.045,1.9383,4.5321,4.7359,7.3978,9.8531
E0017,2026-01-13T00:00:00Z,2.5389,0.7208,3.7577,5.1621,8.0181,9.933
E0018,2026-01-13T00:00:00Z,3.7228,-1.5068,3.6143,6.2579,7.9708,10.2891
E0019,2026-01-13T00:00:00Z,2.2331,-2.1113,2.5659,4.8594,7.2669,9.3316
E0020,2026-01-13T00:00:00Z,2.6997,1.9417,2.3487,5.2113,8.3494,8.6039
E0021,2026-01-13T00:00:00Z,2.9741,1.2649,3.3355,5.3918,8.9901,8.4238
E0022,2026-01-13T00:00:00Z,3.7649,2.5138,3.7837,5.2016,6.1513,6.8198
E0023,2026-01-13T00:00:00Z,2.2379,-0.6452,2.5644,4.4425,7.6902,10.4198
E0024,2026-01-13T00:00:00Z,1.7994,1.2789,2.2987,5.8822,7.8629,9.6886
E0025,2026-01-13T00:00:00Z,2.8717,3.2609,2.4736,5.3909,8.1563,9.9633
E0026,2026-01-13T00:00:00Z,2.4929,0.9479,2.8269,5.7598,7.5379,9.5541
E0027,2026-01-13T00:00:00Z,2.5076,0.7635,3.4301,5.6373,6.5027,8.4705
E0028,2026-01-13T00:00:00Z,3.2067,2.6251,3.1608,5.0025,8.4185,12.3967
E0029,2026-01-13T00:00:00Z,2.8956,1.3573,4.2829,5.0069,8.4836,9.6794
E0030,2026-01-13T00:00:00Z,2.9298,2.1557,3.9847,5.4338,8.6697,7.4552
E0031,2026-01-13T00:00:00Z,2.6683,0.5802,3.1832,4.8873,5.7538,10.3869
E0032,2026-01-13T00:00:00Z,2.5816,0.3497,2.2708,5.4244,9.3926,10.9549
E0033,2026-01-13T00:00:00Z,2.5497,1.749,2.1417,5.5878,8.3953,10.5717
E0034,2026-01-13T00:00:00Z,3.1692,1.5824,3.0845,5.2215,7.0941,8.791
E0035,2026-01-13T00:00:00Z,2.8343,1.5855,4.7559,5.2492,7.6649,9.7547
E0036,2026-01-13T00:00:00Z,3.2013,1.6757,2.6728,4.6148,6.9368,8.9575
E0037,2026-01-13T00:00:00Z,2.3912,0.7729,4.3682,5.6958,5.3931,9.6745
E0038,2026-01-13T00:00:00Z,2.0634,1.6398,4.8688,4.9804,7.6344,10.3823
E0039,2026-01-13T00:00:00Z,4.4053,0.7635,2.9235,4.7296,7.2558,10.1079
E0040,2026-01-13T00:00:00Z,2.8781,-1.4611,4.6469,5.9996,7.3969,9.4555
E0041,2026-01-13T00:00:00Z,3.8719,0.8521,2.6105,5.9338,7.248,8.5583
E0042,2026-01-13T00:00:00Z,2.8201,1.6731,1.5358,6.3449,7.6468,10.0552
E0043,2026-01-13T00:00:00Z,3.5112,3.3981,4.9633,6.4152,8.3289,8.3916
E0044,2026-01-13T00:00:00Z,3.4784,2.0751,3.9345,5.5491,6.335,9.055
E0045,2026-01-13T00:00:00Z,2.3852,0.7833,1.868,6.2176,6.0235,9.9113
E0046,2026-01-13T00:00:00Z,3.0251,1.1781,3.9902,5.5908,8.4818,8.8482
E0047,2026-01-13T00:00:00Z,2.2527,-1.4482,4.5721,5.2787,6.7627,10.2936
E0048,2026-01-13T00:00:00Z,2.9784,1.4959,4.4108,4.4735,7.4706,9.7046
E0049,2026-01-13T00:00:00Z,2.9153,-2.325,4.1302,5.1969,7.9349,10.7518
E0050,2026-01-13T00:00:00Z,3.5306,-0.3209,4.7847,6.5973,7.7321,9.2422
E0051,2026-01-13T00:00:00Z,2.4769,1.0662,5.2335,4.4796,6.034,10.0107
E0052,2026-01-13T00:00:00Z,2.5923,-0.3167,1.77,4.9934,7.1991,10.2705
E0053,2026-01-13T00:00:00Z,2.8338,2.3956,4.4672,4.7645,7.0513,9.0982
E0054,2026-01-13T00:00:00Z,0.9126,-0.2976,4.0208,5.4688,8.4248,9.2361
E0055,2026-01-13T00:00:00Z,3.2341,0.2401,3.7986,5.2863,7.8174,9.2264
E0056,2026-01-13T00:00:00Z,2.879,-1.2701,4.4677,6.6148,6.9305,9.5711
E0057,2026-01-13T00:00:00Z,3.177,1.4039,4.2998,5.5097,6.2194,9.1577
E0058,2026-01-13T00:00:00Z,2.7244,1.3782,3.4942,5.9925,6.3402,9.7826
E0059,2026-01-13T00:00:00Z,3.4701,1.8995,3.1079,5.4729,5.8216,11.4015
E0060,2026-01-13T00:00:00Z,3.2007,0.5753,3.7338,5.4263,7.7781,9.5768
E0061,2026-01-13T00:00:00Z,2.0272,-1.7516,4.355,5.9166,6.6966,6.8903
E0062,2026-01-13T00:00:00Z,3.6498,-1.4496,2.1965,5.5762,6.5756,8.4887
E0063,2026-01-13T00:00:00Z,4.3077,2.8183,2.0428,6.1699,8.2397,10.6175
E0064,2026-01-13T00:00:00Z,2.7978,2.3002,5.6993,6.2018,6.4799,10.2108
E0065,2026-01-13T00:00:00Z,3.8639,1.7778,2.677,4.8422,6.4168,9.1527
E0066,2026-01-13T00:00:00Z,2.5055,-1.03,5.481,5.9613,7.5948,10.7888
E0067,2026-01-13T00:00:00Z,2.2218,3.0337,2.6287,4.9692,6.266,7.639
E0068,2026-01-13T00:00:00Z,4.2051,-4.5428,3.6308,5.4341,8.2807,10.8176
E0069,2026-01-13T00:00:00Z,2.815,1.4766,3.502,6.8547,7.0886,8.3877
E0070,2026-01-13T00:00:00Z,2.4242,3.8293,5.4022,5.6566,6.4695,9.4507
E0071,2026-01-13T00:00:00Z,2.879,-0.2349,4.9942,5.5686,7.262,8.1642
E0072,2026-01-13T00:00:00Z,2.3937,0.5954,3.167,5.4491,6.6259,7.3474
E0073,2026-01-13T00:00:00Z,3.8777,2.2461,5.3592,5.5999,8.046,10.2645
E0074,2026-01-13T00:00:00Z,2.9071,-0.0336,2.998,5.433,7.431,9.5248
E0075,2026-01-13T00:00:00Z,2.1299,-1.4678,3.3336,5.723,8.6619,11.3397
E0076,2026-01-13T00:00:00Z,2.7437,-0.0768,4.5436,6.0739,5.3426,9.8026
E0077,2026-01-13T00:00:00Z,3.6478,1.4206,2.6453,5.762,7.4201,9.5059
E0078,2026-01-13T00:00:00Z,2.2889,4.9331,4.9922,4.7421,8.3732,8.2885
E0079,2026-01-13T00:00:00Z,3.8868,-1.3531,2.6542,5.4477,7.092,10.6668
E0080,2026-01-13T00:00:00Z,2.549,0.3907,3.2267,4.8574,6.973,10.656
E0081,2026-01-13T00:00:00Z,2.1437,-3.2475,4.1291,5.3977,6.6727,9.2088
E0082,2026-01-13T00:00:00Z,3.1946,1.0861,4.4428,5.6481,5.9635,10.3906
E0083,2026-01-13T00:00:00Z,2.8966,-0.6421,2.6508,5.7299,6.4702,8.3282
E0084,2026-01-13T00:00:00Z,2.9208,-1.5213,3.8315,5.6289,7.5758,8.651
E0085,2026-01-13T00:00:00Z,3.2323,0.4975,5.6429,5.5255,7.1848,8.344
E0086,2026-01-13T00:00:00Z,3.1297,1.6557,1.672,5.3933,8.1235,9.423
E0087,2026-01-13T00:00:00Z,3.0046,3.1298,4.7112,5.1629,6.0873,10.6991
E0088,2026-01-13T00:00:00Z,2.6255,2.2195,4.3715,5.552,7.368,8.7646
E0089,2026-01-13T00:00:00Z,2.3576,2.7595,5.6563,5.5432,5.5425,10.4585
E0090,2026-01-13T00:00:00Z,3.3698,3.4605,4.118,5.3013,9.4298,8.2113
E0091,2026-01-13T00:00:00Z,3.188,-1.1594,3.0542,5.3934,7.4642,8.7063
E0092,2026-01-13T00:00:00Z,3.9226,3.513,5.7841,5.7295,6.4558,9.1926
E0093,2026-01-13T00:00:00Z,1.0828,-0.3999,5.698,5.8814,7.1226,9.4586
E0094,2026-01-13T00:00:00Z,1.6211,0.3448,3.5291,5.6291,8.3294,8.9498
E0095,2026-01-13T00:00:00Z,4.2049,0.9979,5.9769,7.148,7.2921,10.619
E0096,2026-01-13T00:00:00Z,2.7905,2.9814,2.8674,5.2237,8.6738,8.9387
E0097,2026-01-13T00:00:00Z,1.4707,-1.7562,1.6983,4.2861,9.0909,8.5804
E0098,2026-01-13T00:00:00Z,1.1141,2.4635,4.5902,5.691,8.2123,11.7938
E0099,2026-01-13T00:00:00Z,3.5227,2.0276,3.8391,6.0933,6.7201,8.1163
E0100,2026-01-13T00:00:00Z,2.2974,-0.4623,6.3381,4.9041,8.429,8.9259
E0101,2026-01-13T00:00:00Z,2.9399,1.316,1.4191,5.2066,7.2689,8.7682
E0102,2026-01-13T00:00:00Z,2.9039,5.0815,3.5505,5.3769,6.9161,9.4147
E0103,2026-01-13T00:00:00Z,3.6688,0.8615,5.1165,4.9315,6.5141,8.9067
E0104,2026-01-13T00:00:00Z,2.405,1.9377,2.5418,5.2214,7.9873,9.943
E0105,2026-01-13T00:00:00Z,2.6851,1.8281,3.5794,5.8669,7.327,9.973
E0106,2026-01-13T00:00:00Z,3.1848,1.4582,4.258,5.738,9.3994,8.6846
E0107,2026-01-13T00:00:00Z,2.6386,2.0771,3.5342,4.9293,8.432,8.9783
E0108,2026-01-13T00:00:00Z,3.194,3.4619,4.7405,5.9249,7.2263,10.5697
E0109,2026-01-13T00:00:00Z,2.9732,4.4578,3.1594,6.0781,9.8584,8.9416
E0110,2026-01-13T00:00:00Z,2.5933,3.6674,5.0101,5.6777,8.1724,9.8357
E0111,2026-01-13T00:00:00Z,3.5794,-1.1591,4.804,4.9583,7.2147,9.1894
E0112,2026-01-13T00:00:00Z,3.2592,2.4424,4.5345,5.4307,7.1645,10.1774
E0113,2026-01-13T00:00:00Z,3.1386,1.3336,3.8333,5.4966,8.6667,10.7671
E0114,2026-01-13T00:00:00Z,3.4397,3.2361,3.3207,6.113,8.1094,9.986
E0115,2026-01-13T00:00:00Z,2.2754,2.0846,5.4783,5.2847,7.3413,9.1745
E0116,2026-01-13T00:00:00Z,2.0764,2.1911,5.5666,6.4687,8.5762,10.3418
E0117,2026-01-13T00:00:00Z,3.5669,1.0517,3.8981,5.9568,7.5967,9.286
E0118,2026-01-13T00:00:00Z,1.4418,3.1274,3.8067,5.3697,5.5484,10.2582
E0119,2026-01-13T00:00:00Z,3.4052,0.5384,5.8368,5.9923,6.7331,7.7026
E0120,2026-01-13T00:00:00Z,2.0766,-2.293,5.5501,5.0824,5.0464,9.0339
E0121,2026-01-13T00:00:00Z,3.8294,0.6817,2.7616,6.8834,7.3404,7.2687
E0122,2026-01-13T00:00:00Z,2.1895,-0.2241,3.0328,6.4991,7.7022,8.6099
E0123,2026-01-13T00:00:00Z,2.5044,-0.1069,4.8425,4.7165,7.6053,11.2049
E0124,2026-01-13T00:00:00Z,3.8313,1.2659,2.1553,5.6823,7.38,8.3147
E0125,2026-01-13T00:00:00Z,2.3482,0.5659,5.1053,5.7688,5.6626,9.9314
E0126,2026-01-13T00:00:00Z,2.5511,0.0167,2.2378,4.8739,7.1994,9.5919
E0127,2026-01-13T00:00:00Z,2.9288,1.1886,1.3696,6.0597,7.4928,9.7182
E0128,2026-01-13T00:00:00Z,2.8515,2.1097,4.299,5.7011,7.1472,10.0332
E0129,2026-01-13T00:00:00Z,2.3878,-1.1468,3.8072,4.9613,7.5011,9.0731
E0130,2026-01-13T00:00:00Z,3.3704,3.3036,4.0168,5.2171,8.9796,8.4852
E0131,2026-01-13T00:00:00Z,2.8182,3.5915,3.5865,6.1489,5.8559,10.2062
E0132,2026-01-13T00:00:00Z,2.7247,0.1247,3.5441,5.5509,8.5072,9.2549
E0133,2026-01-13T00:00:00Z,2.0978,-1.4958,4.5166,5.4932,7.971,10.2128
E0134,2026-01-13T00:00:00Z,3.2428,2.1594,4.1694,5.272,7.2622,9.7284
E0135,2026-01-13T00:00:00Z,2.7699,2.0333,3.5965,5.0877,4.7886,8.8868
E0136,2026-01-13T00:00:00Z,2.4094,1.3336,3.6568,6.1695,6.698,9.3678
E0137,2026-01-13T00:00:00Z,2.94,2.1399,5.0725,5.3265,8.0491,9.964
E0138,2026-01-13T00:00:00Z,2.9518,0.3622,5.0313,4.0559,6.6575,9.3247
E0139,2026-01-13T00:00:00Z,3.343,0.7038,1.9259,5.5963,7.037,8.2776
E0140,2026-01-13T00:00:00Z,2.8353,2.1302,4.3476,6.2719,6.225,8.5028
E0141,2026-01-13T00:00:00Z,3.1951,1.6984,4.3772,5.2095,6.0599,10.7916
E0142,2026-01-13T00:00:00Z,4.0243,1.1608,4.742,5.0982,7.9488,10.4284
E0143,2026-01-13T00:00:00Z,3.3488,0.9196,1.568,5.3849,8.1151,10.6162
E0144,2026-01-13T00:00:00Z,2.9934,1.4219,3.5687,4.6529,7.9072,8.8319
E0145,2026-01-13T00:00:00Z,3.0482,1.4959,3.562,4.9864,7.8862,10.1615
E0146,2026-01-13T00:00:00Z,2.6045,0.7211,4.4397,4.653,7.5507,8.8953
E0147,2026-01-13T00:00:00Z,0.9675,0.3874,4.7552,6.0975,8.126,7.1429
E0148,2026-01-13T00:00:00Z,1.9364,0.7617,3.5774,5.5313,8.7953,10.4858
E0149,2026-01-13T00:00:00Z,3.9425,1.1553,5.5557,5.0995,7.0659,10.866
E0000,2026-01-14T00:00:00Z,3.6991,1.8666,2.755,5.6015,10.8213,9.1847
E0001,2026-01-14T00:00:00Z,3.2508,-0.8479,3.6627,6.3625,7.5212,11.5367
E0002,2026-01-14T00:00:00Z,2.88,1.1272,6.117,5.7696,7.0059,10.4704
E0003,2026-01-14T00:00:00Z,3.334,-0.4309,3.2918,6.1215,7.1573,9.8207
E0004,2026-01-14T00:00:00Z,3.3405,2.1826,0.0327,5.8282,8.0242,9.1227
E0005,2026-01-14T00:00:00Z,2.4121,2.8603,3.9722,5.4136,5.4308,10.6208
E0006,2026-01-14T00:00:00Z,2.5752,0.586,2.8641,4.4816,7.1298,8.7912
E0007,2026-01-14T00:00:00Z,3.4044,1.7457,2.9523,5.2768,7.3325,9.9904
E0008,2026-01-14T00:00:00Z,3.546,0.0567,3.4576,4.8414,7.2837,11.7126
E0009,2026-01-14T00:00:00Z,2.8019,3.8868,2.0442,4.6183,7.7252,9.0549
E0010,2026-01-14T00:00:00Z,3.3603,0.148,5.1216,5.5301,8.0766,8.3504
E0011,2026-01-14T00:00:00Z,2.5931,2.1355,2.5445,5.4603,7.0256,10.1572
E0012,2026-01-14T00:00:00Z,2.3699,2.6335,1.9832,5.2286,7.4475,9.912
E0013,2026-01-14T00:00:00Z,3.1899,-1.9547,7.6071,6.2165,6.5055,10.4162
E0014,2026-01-14T00:00:00Z,2.1484,2.662,5.155,5.9438,7.7449,9.2221
E0015,2026-01-14T00:00:00Z,2.0532,1.4412,2.8014,5.5519,6.6416,8.996
E0016,2026-01-14T00:00:00Z,3.6093,-1.6115,3.6448,6.1497,6.1164,10.0565
E0017,2026-01-14T00:00:00Z,3.0184,0.5988,1.1325,5.6656,6.2653,10.653
E0018,2026-01-14T00:00:00Z,2.7658,1.7778,3.5315,5.5665,7.072,10.2628
E0019,2026-01-14T00:00:00Z,4.1677,1.6067,5.4758,5.1495,6.4416,10.9481
E0020,2026-01-14T00:00:00Z,3.8084,-0.8828,4.5294,6.3264,5.7036,9.812
E0021,2026-01-14T00:00:00Z,3.3247,-0.0597,4.0153,5.3013,7.0155,10.4814
E0022,2026-01-14T00:00:00Z,3.3091,2.415,2.4988,4.8864,6.2132,8.4685
E0023,2026-01-14T00:00:00Z,2.3771,2.1035,3.5565,5.9678,8.8548,10.2839
E0024,2026-01-14T00:00:00Z,3.2088,2.3724,3.6012,5.2788,8.717,9.2262
E0025,2026-01-14T00:00:00Z,3.0361,0.5573,2.8602,5.9049,6.1349,9.3949
E0026,2026-01-14T00:00:00Z,2.3295,0.3852,3.7399,5.235,6.7863,9.6531
E0027,2026-01-14T00:00:00Z,2.9663,0.6737,3.0408,5.0968,7.3032,8.3351
E0028,2026-01-14T00:00:00Z,3.0863,1.1713,4.5953,5.5556,6.8664,9.3434
E0029,2026-01-14T00:00:00Z,2.9707,1.902,4.3137,4.4083,7.5675,10.1052
E0030,2026-01-14T00:00:00Z,2.7651,0.5599,3.4477,5.8624,8.3948,9.9662
E0031,2026-01-14T00:00:00Z,3.1374,1.9901,4.647,5.2264,8.8228,9.7912
E0032,2026-01-14T00:00:00Z,1.7337,-2.5355,4.1477,4.6232,6.9695,10.4295
E0033,2026-01-14T00:00:00Z,3.3865,-1.0316,3.4517,4.9678,7.0121,9.1619
E0034,2026-01-14T00:00:00Z,3.5949,2.8297,6.6696,5.2712,6.8063,9.6001
E0035,2026-01-14T00:00:00Z,3.1418,0.6177,3.2248,5.3798,7.2988,9.5549
E0036,2026-01-14T00:00:00Z,3.4773,1.0694,5.4148,5.5686,7.5322,10.208
E0037,2026-01-14T00:00:00Z,2.3564,-1.5906,1.3024,4.4726,7.2329,10.3003
E0038,2026-01-14T00:00:00Z,3.3609,2.5667,5.863,4.9309,7.7766,9.6719
E0039,2026-01-14T00:00:00Z,3.1167,-0.2009,3.1949,5.901,7.6045,10.2584
E0040,2026-01-14T00:00:00Z,2.8409,1.2827,2.1463,5.6124,6.2926,9.1767
E0041,2026-01-14T00:00:00Z,3.6744,1.2001,1.6401,6.1248,8.3023,9.0456
E0042,2026-01-14T00:00:00Z,3.4892,-1.2189,5.8277,5.0013,8.7825,8.0538
E0043,2026-01-14T00:00:00Z,3.6153,-4.1848,2.2306,5.5041,7.9551,10.4203
E0044,2026-01-14T00:00:00Z,2.4657,1.2617,3.6891,5.6113,5.3316,10.1267
E0045,2026-01-14T00:00:00Z,4.2074,1.0211,3.1107,3.8871,6.5362,8.0908
E0046,2026-01-14T00:00:00Z,2.4299,2.1576,4.2377,6.7318,4.8497,9.0455
E0047,2026-01-14T00:00:00Z,3.6698,2.2397,3.5743,5.4138,7.3076,11.1116
E0048,2026-01-14T00:00:00Z,2.2544,3.2392,3.9946,5.2676,7.3809,10.0696
E0049,2026-01-14T00:00:00Z,2.7644,-1.1264,3.9141,5.7314,7.2815,8.6168
E0050,2026-01-14T00:00:00Z,1.5241,1.8626,3.6647,6.101,7.7568,10.7262
E0051,2026-01-14T00:00:00Z,3.2835,0.3883,3.5562,5.7817,5.69,9.863
E0052,2026-01-14T00:00:00Z,3.4153,1.4936,6.2353,5.8875,8.1884,8.5978
E0053,2026-01-14T00:00:00Z,2.8458,2.6726,2.9496,5.6597,7.67,9.0059
E0054,2026-01-14T00:00:00Z,3.3136,-0.3092,2.7213,5.8168,7.904,8.4806
E0055,2026-01-14T00:00:00Z,3.2157,-1.6016,3.3136,4.689,6.6452,10.511
E0056,2026-01-14T00:00:00Z,2.4299,1.1443,2.1467,5.3228,8.6689,10.7836
E0057,2026-01-14T00:00:00Z,2.8614,1.1744,3.442,4.8091,6.2114,9.5244
E0058,2026-01-14T00:00:00Z,3.2878,-3.3246,2.6539,4.6588,7.8769,9.3717
E0059,2026-01-14T00:00:00Z,2.754,-1.3624,3.4702,5.0789,9.288,10.0973
E0060,2026-01-14T00:00:00Z,2.8112,1.4783,4.4019,6.1322,6.9928,9.0168
E0061,2026-01-14T00:00:00Z,2.1997,2.2979,1.2041,5.6793,8.3378,9.016
E0062,2026-01-14T00:00:00Z,3.558,2.7098,5.1204,6.8969,8.8281,9.479
E0063,2026-01-14T00:00:00Z,3.0069,-2.0517,4.8486,5.907,5.2376,10.8694
E0064,2026-01-14T00:00:00Z,2.2754,1.898,5.8556,6.3018,6.7365,8.2041
E0065,2026-01-14T00:00:00Z,3.1829,0.777,5.0845,5.2189,6.4595,7.353
E0066,2026-01-14T00:00:00Z,3.3552,1.3229,3.2922,5.5107,6.7205,10.1216
E0067,2026-01-14T00:00:00Z,3.0838,-1.14,4.8799,4.7865,5.456,8.8491
E0068,2026-01-14T00:00:00Z,1.6009,4.538,2.2653,6.3363,8.6183,9.0788
E0069,2026-01-14T00:00:00Z,3.279,-0.0919,4.3901,6.653,7.2577,10.0268
E0070,2026-01-14T00:00:00Z,4.1558,-0.0962,3.1532,4.4148,6.1565,8.7826
E0071,2026-01-14T00:00:00Z,3.5187,2.3544,5.0748,6.3174,5.5399,8.3097
E0072,2026-01-14T00:00:00Z,2.859,3.0404,3.2393,6.0439,5.5878,8.3872
E0073,2026-01-14T00:00:00Z,2.2529,-0.5538,4.0277,4.711,7.5284,9.6258
E0074,2026-01-14T00:00:00Z,2.4507,0.5702,4.9076,5.604,8.0872,9.5454
E0075,2026-01-14T00:00:00Z,2.633,0.5429,2.1219,4.9299,7.0028,10.7589
E0076,2026-01-14T00:00:00Z,3.2291,4.3916,2.7774,5.3043,7.0949,10.873
E0077,2026-01-14T00:00:00Z,2.0338,1.2388,3.1806,4.8115,9.0145,8.9896
E0078,2026-01-14T00:00:00Z,2.4495,1.3904,2.1628,4.6058,6.8191,10.5229
E0079,2026-01-14T00:00:00Z,4.2598,-0.9103,3.0508,5.4941,8.8774,8.655
E0080,2026-01-14T00:00:00Z,5.0617,0.1703,4.1947,5.3278,7.5599,8.8407
E0081,2026-01-14T00:00:00Z,2.8163,3.0896,4.7254,5.2415,7.135,10.0615
E0082,2026-01-14T00:00:00Z,3.32,0.8008,2.4123,5.6698,6.8537,10.2342
E0083,2026-01-14T00:00:00Z,2.4475,1.0965,2.8042,5.1044,7.4688,9.5435
E0084,2026-01-14T00:00:00Z,3.7337,0.9679,1.4302,5.6144,5.4256,10.3673
E0085,2026-01-14T00:00:00Z,3.5921,0.674,2.6221,5.7272,7.9662,8.7228
E0086,2026-01-14T00:00:00Z,2.7524,0.8695,5.5682,5.6596,7.6343,10.709
E0087,2026-01-14T00:00:00Z,2.8849,1.046,4.205,4.5035,8.1847,8.1396
E0088,2026-01-14T00:00:00Z,2.7207,1.8936,5.0041,6.7226,9.1652,9.797
E0089,2026-01-14T00:00:00Z,2.9608,-0.564,5.1444,5.2766,6.7497,10.3234
E0090,2026-01-14T00:00:00Z,2.4919,2.8226,5.2075,5.988,7.3089,9.9497
E0091,2026-01-14T00:00:00Z,2.5702,0.4721,5.62,5.9698,7.7367,9.2388
E0092,2026-01-14T00:00:00Z,3.5349,0.6562,5.6354,5.6491,8.6036,7.7954
E0093,2026-01-14T00:00:00Z,2.3755,1.9799,2.7886,5.7834,8.0051,8.7923
E0094,2026-01-14T00:00:00Z,2.5719,0.5122,5.1333,5.6929,8.4142,9.963
E0095,2026-01-14T00:00:00Z,3.2377,3.1825,4.1465,4.8427,8.1599,9.3125
E0096,2026-01-14T00:00:00Z,2.309,0.8459,3.823,5.6464,7.534,10.063
E0097,2026-01-14T00:00:00Z,3.5516,1.5531,5.6844,7.3296,5.6486,8.1582
E0098,2026-01-14T00:00:00Z,2.805,1.8479,3.2588,5.7691,6.7125,9.5386
E0099,2026-01-14T00:00:00Z,3.9685,0.8785,4.7514,6.2534,7.5225,9.6018
E0100,2026-01-14T00:00:00Z,2.4099,0.2208,4.1113,4.9072,7.8766,9.479
E0101,2026-01-14T00:00:00Z,2.3575,-0.5113,4.9603,5.4551,7.4537,9.8934
E0102,2026-01-14T00:00:00Z,4.4245,2.0226,3.0026,5.4748,6.4127,10.6394
E0103,2026-01-14T00:00:00Z,2.9669,1.3992,4.3871,5.8717,9.2994,9.016
E0104,2026-01-14T00:00:00Z,3.3727,3.6436,3.8679,6.3366,7.2868,10.3007
E0105,2026-01-14T00:00:00Z,2.9778,-1.5627,2.8591,6.0276,7.3972,10.2274
E0106,2026-01-14T00:00:00Z,4.4716,0.4453,6.1614,5.7477,6.4391,9.8016
E0107,2026-01-14T00:00:00Z,3.2606,-0.3892,1.0873,4.135,5.3449,9.1116
E0108,2026-01-14T00:00:00Z,3.5435,-0.0456,4.2862,5.2085,7.844,9.9587
E0109,2026-01-14T00:00:00Z,2.9271,0.4711,6.9071,5.645,7.5482,8.452
E0110,2026-01-14T00:00:00Z,3.6551,0.885,5.4495,4.2462,8.2569,8.7348
E0111,2026-01-14T00:00:00Z,2.0501,3.83,4.3001,5.6688,7.7014,10.838
E0112,2026-01-14T00:00:00Z,3.6069,-1.3668,3.3706,4.8153,5.9922,8.3777
E0113,2026-01-14T00:00:00Z,2.2793,0.403,2.7162,5.3922,7.3706,9.401
E0114,2026-01-14T00:00:00Z,2.5985,1.6263,4.4836,5.2915,7.1531,11.7454
E0115,2026-01-14T00:00:00Z,2.8278,0.6882,2.3738,5.8161,8.1334,9.8027
E0116,2026-01-14T00:00:00Z,2.1276,1.8974,4.3018,5.9735,7.6566,9.9521
E0117,2026-01-14T00:00:00Z,3.3444,-2.5663,4.252,4.8081,8.5731,11.414
E0118,2026-01-14T00:00:00Z,3.1869,3.6975,5.2299,5.6497,6.7379,8.2672
E0119,2026-01-14T00:00:00Z,3.003,1.2853,3.936,6.4146,7.3895,9.2287
E0120,2026-01-14T00:00:00Z,2.6411,0.4896,3.2859,5.4711,6.5225,11.1352
E0121,2026-01-14T00:00:00Z,2.2616,2.5909,4.0791,5.2193,7.3566,9.0839
E0122,2026-01-14T00:00:00Z,2.6124,3.7085,3.6847,4.9417,7.247,8.7442
E0123,2026-01-14T00:00:00Z,2.8906,0.9305,4.2607,4.9063,7.5379,8.6013
E0124,2026-01-14T00:00:00Z,2.1749,0.5299,4.3386,4.6142,4.6644,9.8996
E0125,2026-01-14T00:00:00Z,3.1198,1.1391,5.4702,5.8511,7.0631,10.1877
E0126,2026-01-14T00:00:00Z,2.5031,-0.2261,4.7172,5.5672,5.6586,8.5092
E0127,2026-01-14T00:00:00Z,3.0613,2.1044,4.7916,5.2729,7.5425,9.5777
E0128,2026-01-14T00:00:00Z,2.5017,1.6054,2.1398,4.7738,7.1212,10.7625
E0129,2026-01-14T00:00:00Z,4.1218,2.6538,2.0556,5.625,6.9685,10.1666
E0130,2026-01-14T00:00:00Z,3.4077,-1.2213,4.0661,5.0739,7.1665,10.6314
E0131,2026-01-14T00:00:00Z,2.5047,1.4641,3.4409,5.0799,8.6704,9.9174
E0132,2026-01-14T00:00:00Z,2.5436,-1.6875,2.7243,4.1893,5.4748,8.5512
E0133,2026-01-14T00:00:00Z,3.4795,1.8405,4.1521,5.1216,7.4391,8.4569
E0134,2026-01-14T00:00:00Z,1.9406,-0.6814,2.6198,5.3178,7.6723,9.7602
E0135,2026-01-14T00:00:00Z,3.4785,-1.8019,4.6794,5.2455,6.3975,9.8719
E0136,2026-01-14T00:00:00Z,2.9248,-0.0527,4.5845,4.431,6.1356,7.1979
E0137,2026-01-14T00:00:00Z,3.062,0.224,2.6609,5.1118,9.5903,7.8739
E0138,2026-01-14T00:00:00Z,4.2026,-0.7267,3.6351,6.0847,7.5051,9.6468
E0139,2026-01-14T00:00:00Z,3.7484,-0.933,3.9535,6.3048,8.1841,10.3629
E0140,2026-01-14T00:00:00Z,3.6786,2.2895,3.4683,6.1402,6.7089,8.1696
E0141,2026-01-14T00:00:00Z,2.8718,0.3529,6.0513,6.3619,9.1089,8.4342
E0142,2026-01-14T00:00:00Z,3.3093,0.5663,5.97,5.7611,6.3938,10.9841
E0143,2026-01-14T00:00:00Z,4.0425,-0.4051,3.5709,5.9333,7.5941,9.8713
E0144,2026-01-14T00:00:00Z,3.5697,2.3608,3.3502,5.469,6.9022,9.3186
E0145,2026-01-14T00:00:00Z,2.9131,-3.1873,3.3921,6.0318,4.2397,8.3562
E0146,2026-01-14T00:00:00Z,2.4323,2.118,3.7097,6.0487,8.0609,11.1681
E0147,2026-01-14T00:00:00Z,2.7781,-0.6217,1.5827,5.1271,8.1247,10.6677
E0148,2026-01-14T00:00:00Z,2.6752,2.2506,2.2077,5.2173,7.1716,8.4086
E0149,2026-01-14T00:00:00Z,3.5182,1.5872,3.7979,6.4234,7.1191,10.3376
E0000,2026-01-15T00:00:00Z,3.6462,1.9713,2.1343,5.9881,6.4187,10.3524
E0001,2026-01-15T00:00:00Z,3.3498,-2.2008,3.6469,6.125,7.6505,9.6318
E0002,2026-01-15T00:00:00Z,1.78,2.0129,2.7259,5.7292,8.3885,9.1566
E0003,2026-01-15T00:00:00Z,3.5163,2.1825,2.878,5.6918,7.8672,10.3475
E0004,2026-01-15T00:00:00Z,2.5023,2.0081,3.3698,5.5832,7.0231,7.942
E0005,2026-01-15T00:00:00Z,2.6878,0.8067,4.7691,5.7224,6.6444,8.122
E0006,2026-01-15T00:00:00Z,2.7186,-0.303,5.1853,5.3752,6.4144,10.052
E0007,2026-01-15T00:00:00Z,1.5864,1.1489,5.5311,5.5965,6.7836,10.3996
E0008,2026-01-15T00:00:00Z,1.4188,1.2837,4.5406,5.2482,7.0756,8.9576
E0009,2026-01-15T00:00:00Z,2.8605,1.0298,1.3617,5.1126,6.6253,9.2525
E0010,2026-01-15T00:00:00Z,2.4642,-1.8127,6.1868,5.0696,6.8086,11.9686
E0011,2026-01-15T00:00:00Z,2.505,3.8778,3.8079,5.5752,7.7399,9.6082
E0012,2026-01-15T00:00:00Z,3.6964,1.3521,3.1404,5.2365,7.5344,10.7337
E0013,2026-01-15T00:00:00Z,2.224,2.0401,3.8362,5.9251,6.7866,11.6662
E0014,2026-01-15T00:00:00Z,3.0374,1.705,2.2159,5.0336,8.6093,8.0319
E0015,2026-01-15T00:00:00Z,2.2512,1.0841,4.4696,5.0401,7.7306,9.3199
E0016,2026-01-15T00:00:00Z,3.8936,0.6701,5.1181,4.9973,6.8224,9.4734
E0017,2026-01-15T00:00:00Z,3.4579,2.4613,3.3673,5.4109,7.502,9.8519
E0018,2026-01-15T00:00:00Z,2.7257,-1.4819,3.6027,6.0767,9.818,8.1403
E0019,2026-01-15T00:00:00Z,2.7899,3.6399,5.4058,5.3875,7.4428,9.4868
E0020,2026-01-15T00:00:00Z,2.6619,2.5109,4.0819,5.0942,7.4973,10.3655
E0021,2026-01-15T00:00:00Z,1.8212,2.2613,4.5605,4.2691,7.9142,9.1581
E0022,2026-01-15T00:00:00Z,3.5406,1.5493,2.1638,5.2844,7.8037,9.5622
E0023,2026-01-15T00:00:00Z,2.7502,2.5669,5.0951,5.0872,7.9286,8.7355
E0024,2026-01-15T00:00:00Z,2.3491,-1.6477,4.5943,4.5529,5.8303,9.3552
E0025,2026-01-15T00:00:00Z,3.8235,3.0354,3.4058,5.9316,7.9922,10.3097
E0026,2026-01-15T00:00:00Z,2.5727,1.8064,4.455,5.3045,8.2646,8.4694
E0027,2026-01-15T00:00:00Z,2.845,1.312,4.1495,5.8114,7.629,9.1491
E0028,2026-01-15T00:00:00Z,2.1618,2.7646,3.5976,4.9687,8.0302,8.1597
E0029,2026-01-15T00:00:00Z,3.7939,2.0961,1.972,5.3731,5.798,9.2847
E0030,2026-01-15T00:00:00Z,2.8115,2.3658,4.2257,6.1358,5.8095,10.0676
E0031,2026-01-15T00:00:00Z,3.7331,-2.2217,5.2048,4.5096,9.2434,8.9504
E0032,2026-01-15T00:00:00Z,3.513,2.6755,2.7436,5.5065,7.3777,10.2872
E0033,2026-01-15T00:00:00Z,1.9824,1.784,3.2279,5.9615,8.9719,10.2017
E0034,2026-01-15T00:00:00Z,2.5448,0.7301,7.1642,5.6111,6.7935,10.6186
E0035,2026-01-15T00:00:00Z,3.1822,-0.3072,3.9412,5.9986,6.8577,9.9806
E0036,2026-01-15T00:00:00Z,3.1948,1.3407,3.8234,5.2266,6.6078,9.5123
E0037,2026-01-15T00:00:00Z,3.1797,1.0601,3.9094,6.1751,8.616,9.0455
E0038,2026-01-15T00:00:00Z,2.6456,0.7844,5.1516,5.579,7.0566,10.3837
E0039,2026-01-15T00:00:00Z,2.1954,-0.1131,5.3502,7.2051,5.5357,9.2731
E0040,2026-01-15T00:00:00Z,3.1192,-1.1653,3.9068,6.3931,7.8674,9.5221
E0041,2026-01-15T00:00:00Z,2.2937,3.5692,2.892,5.9228,7.7516,9.6523
E0042,2026-01-15T00:00:00Z,3.1711,2.188,1.4849,6.4607,8.1627,11.2255
E0043,2026-01-15T00:00:00Z,2.1811,-0.8751,3.7587,6.7298,7.6075,11.9017
E0044,2026-01-15T00:00:00Z,2.6917,0.3818,1.7477,5.0884,6.4664,10.2365
E0045,2026-01-15T00:00:00Z,4.5537,1.2008,3.1036,5.8378,7.0057,9.2006
E0046,2026-01-15T00:00:00Z,2.936,2.9614,2.7678,6.8935,7.197,10.9573
E0047,2026-01-15T00:00:00Z,4.206,0.9333,3.3729,4.9767,6.5755,9.6671
E0048,2026-01-15T00:00:00Z,2.9043,0.016,2.659,4.8256,7.0992,7.4475
E0049,2026-01-15T00:00:00Z,1.5833,-0.825,3.6755,5.0095,8.5684,8.4752
E0050,2026-01-15T00:00:00Z,2.3134,0.5838,3.3315,4.8993,7.7085,9.9862
E0051,2026-01-15T00:00:00Z,3.6302,0.8155,3.5646,5.1699,4.5083,9.908
E0052,2026-01-15T00:00:00Z,3.3998,-1.3849,2.1674,5.1076,7.7697,8.746
E0053,2026-01-15T00:00:00Z,2.3032,1.9996,4.4962,5.0161,7.0482,9.4693
E0054,2026-01-15T00:00:00Z,1.648,2.6209,2.9654,5.3485,7.493,8.9649
E0055,2026-01-15T00:00:00Z,3.7927,-0.6522,2.9041,5.3102,6.6422,10.5577
E0056,2026-01-15T00:00:00Z,3.5474,2.2659,1.2697,5.7152,6.3583,10.553
E0057,2026-01-15T00:00:00Z,3.4552,0.2998,5.5387,5.4766,8.0391,10.3579
E0058,2026-01-15T00:00:00Z,1.6811,1.7302,6.5484,6.089,8.0127,10.6431
E0059,2026-01-15T00:00:00Z,3.6463,3.588,5.4337,5.7737,7.3652,7.0826
E0060,2026-01-15T00:00:00Z,3.0185,0.0691,4.0423,5.0456,7.6194,8.4298
E0061,2026-01-15T00:00:00Z,4.0208,-0.9151,4.7349,5.8986,6.3091,8.922
E0062,2026-01-15T00:00:00Z,2.2246,-0.4419,5.105,4.6642,7.8336,9.8471
E0063,2026-01-15T00:00:00Z,2.4631,1.0903,2.874,6.1403,5.4703,10.2428
E0064,2026-01-15T00:00:00Z,3.3423,0.5602,5.2178,6.0848,7.6105,10.0012
E0065,2026-01-15T00:00:00Z,3.4394,1.2011,2.7561,6.0979,7.1281,10.1393
E0066,2026-01-15T00:00:00Z,3.8378,1.3523,1.9695,5.7479,6.7825,9.9328
E0067,2026-01-15T00:00:00Z,2.2551,-1.8778,4.6848,5.9726,7.3385,8.9767
E0068,2026-01-15T00:00:00Z,2.4879,-1.2941,-0.4132,5.7664,6.8972,9.7048
E0069,2026-01-15T00:00:00Z,3.1933,-0.6344,5.3707,5.0848,6.6824,10.2762
E0070,2026-01-15T00:00:00Z,2.3094,1.2429,4.0202,5.8568,6.7227,9.2772
E0071,2026-01-15T00:00:00Z,2.9004,1.9449,6.1205,5.1881,6.6869,10.2824
E0072,2026-01-15T00:00:00Z,2.6171,2.2863,5.3924,5.4317,8.4053,8.556
E0073,2026-01-15T00:00:00Z,3.0932,-1.1687,1.5494,4.7906,5.6559,9.3335
E0074,2026-01-15T00:00:00Z,2.8689,-1.5985,3.9332,5.0126,6.9843,10.6308
E0075,2026-01-15T00:00:00Z,2.5818,4.0453,3.1277,5.4828,7.6842,8.2101
E0076,2026-01-15T00:00:00Z,3.7203,-0.2145,4.563,5.9629,8.0339,8.3099
E0077,2026-01-15T00:00:00Z,2.7552,0.5607,4.5566,4.6778,8.1631,9.1185
E0078,2026-01-15T00:00:00Z,2.2984,0.5537,2.3513,5.3609,7.7449,9.2014
E0079,2026-01-15T00:00:00Z,2.8955,-0.4177,2.7022,6.0695,7.8255,8.9494
E0080,2026-01-15T00:00:00Z,3.4093,-0.3884,5.1371,5.6576,5.9702,8.7748
E0081,2026-01-15T00:00:00Z,3.9123,0.9974,2.8049,5.283,6.6287,6.5985
E0082,2026-01-15T00:00:00Z,3.4188,1.6905,2.1781,5.5203,7.3152,9.7376
E0083,2026-01-15T00:00:00Z,2.0074,0.4066,4.815,5.8953,6.7383,8.6081
E0084,2026-01-15T00:00:00Z,3.6733,1.0727,3.2881,4.5353,7.2507,9.6157
E0085,2026-01-15T00:00:00Z,3.0863,2.3854,5.2564,5.5781,5.6527,10.0132
E0086,2026-01-15T00:00:00Z,3.1904,0.8418,5.2067,4.6317,8.5871,9.8191
E0087,2026-01-15T00:00:00Z,1.9412,-1.0845,4.6488,6.4654,7.6692,9.2026
E0088,2026-01-15T00:00:00Z,2.1428,2.6291,3.8179,5.9629,7.9359,7.1392
E0089,2026-01-15T00:00:00Z,2.1523,2.4219,4.4509,5.3709,8.0901,8.6728
E0090,2026-01-15T00:00:00Z,2.4156,2.0795,4.7627,6.153,7.6341,8.535
E0091,2026-01-15T00:00:00Z,3.1398,1.3428,2.0765,6.1759,7.2391,8.2901
E0092,2026-01-15T00:00:00Z,3.0069,1.3099,1.0231,5.2908,6.4477,9.8202
E0093,2026-01-15T00:00:00Z,1.5616,-0.0478,3.8233,5.7069,6.5836,8.3185
E0094,2026-01-15T00:00:00Z,3.5625,2.9254,1.3798,4.5719,6.7975,9.4498
E0095,2026-01-15T00:00:00Z,4.7829,3.3504,5.5233,5.7842,7.3881,9.8092
E0096,2026-01-15T00:00:00Z,2.477,3.9353,4.3652,5.8675,8.3956,9.4923
E0097,2026-01-15T00:00:00Z,3.1827,-0.2765,2.5208,5.5219,7.1157,9.6785
E0098,2026-01-15T00:00:00Z,2.9978,1.1128,5.0738,5.7847,7.3998,9.8817
E0099,2026-01-15T00:00:00Z,2.0071,2.1438,5.5287,5.0054,7.7217,11.9815
E0100,2026-01-15T00:00:00Z,3.8279,0.4811,2.7416,5.4624,8.6711,8.0237
E0101,2026-01-15T00:00:00Z,2.813,2.0942,3.7924,5.4809,7.0726,10.5705
E0102,2026-01-15T00:00:00Z,3.5175,1.2312,5.3129,5.4934,7.1527,9.1164
E0103,2026-01-15T00:00:00Z,2.4573,-0.4604,4.642,4.9711,8.9812,9.0635
E0104,2026-01-15T00:00:00Z,3.8596,0.1,1.0493,5.7251,6.2845,11.7467
E0105,2026-01-15T00:00:00Z,3.1012,5.6693,4.2136,5.274,7.8421,10.1948
E0106,2026-01-15T00:00:00Z,3.3206,0.9085,4.8422,4.6141,7.3808,9.6319
E0107,2026-01-15T00:00:00Z,3.0304,0.2927,4.7531,5.2708,7.4912,8.9565
E0108,2026-01-15T00:00:00Z,2.8234,-0.0605,2.2797,5.5081,8.1605,7.3404
E0109,2026-01-15T00:00:00Z,3.401,1.4693,3.8052,5.5957,8.2676,9.3116
E0110,2026-01-15T00:00:00Z,3.0657,0.6061,2.8983,5.7731,7.4387,10.9659
E0111,2026-01-15T00:00:00Z,2.9251,-0.7723,3.2413,5.56,7.3769,8.8305
E0112,2026-01-15T00:00:00Z,3.658,0.9433,5.2571,5.2756,6.8388,9.7756
E0113,2026-01-15T00:00:00Z,3.4564,1.1437,7.3548,5.5032,5.9324,9.9867
E0114,2026-01-15T00:00:00Z,2.8106,2.7533,3.2722,5.7897,8.9395,9.6854
E0115,2026-01-15T00:00:00Z,3.0354,1.2615,3.6651,5.4919,8.8026,7.8658
E0116,2026-01-15T00:00:00Z,2.6683,2.4774,2.4636,5.0119,7.7567,8.6579
E0117,2026-01-15T00:00:00Z,4.0501,-1.4004,3.3314,5.4926,6.0341,9.2605
E0118,2026-01-15T00:00:00Z,2.2574,1.5007,1.9294,5.9103,9.2827,9.3836
E0119,2026-01-15T00:00:00Z,4.2022,-1.5687,2.9086,5.7462,8.5274,8.6597
E0120,2026-01-15T00:00:00Z,3.275,0.437,7.3453,6.588,6.7748,7.8515
E0121,2026-01-15T00:00:00Z,2.5706,-1.325,3.4657,5.2499,6.3338,9.0785
E0122,2026-01-15T00:00:00Z,2.2305,1.1807,5.7239,6.4361,6.9743,10.9125
E0123,2026-01-15T00:00:00Z,2.3592,0.7156,6.4239,5.4627,8.9119,8.4048
E0124,2026-01-15T00:00:00Z,2.0382,1.2754,3.3413,5.7261,6.5932,10.2278
E0125,2026-01-15T00:00:00Z,3.3118,2.0465,3.8777,5.2018,8.2111,8.3763
E0126,2026-01-15T00:00:00Z,3.5593,1.1747,3.9712,4.5516,9.7147,8.4131
E0127,2026-01-15T00:00:00Z,3.2968,1.173,2.6917,5.5044,6.1603,7.2973
E0128,2026-01-15T00:00:00Z,2.7666,0.6645,2.9927,6.9089,8.5302,9.2878
E0129,2026-01-15T00:00:00Z,2.4221,-0.3578,5.6939,5.5678,8.0827,9.2898
E0130,2026-01-15T00:00:00Z,3.419,2.238,2.4815,5.838,7.619,10.6282
E0131,2026-01-15T00:00:00Z,2.7232,-2.0237,2.2778,6.6849,6.7399,10.4552
E0132,2026-01-15T00:00:00Z,3.5313,1.3496,3.7645,5.9365,9.0007,10.2447
E0133,2026-01-15T00:00:00Z,2.1301,0.6282,4.7159,5.0758,6.7318,10.1585
E0134,2026-01-15T00:00:00Z,3.2505,0.4212,2.4613,4.9474,8.6926,8.7896
E0135,2026-01-15T00:00:00Z,2.114,1.7926,3.8825,5.1367,7.5452,9.6206
E0136,2026-01-15T00:00:00Z,3.4382,3.4092,4.4084,6.239,7.7785,10.967
E0137,2026-01-15T00:00:00Z,3.0969,2.5065,3.5943,4.04,8.7326,8.6223
E0138,2026-01-15T00:00:00Z,3.7503,0.1665,3.9685,4.6051,7.1484,9.675
E0139,2026-01-15T00:00:00Z,3.69,1.926,2.2728,6.0391,8.3832,12.1701
E0140,2026-01-15T00:00:00Z,3.2596,4.4452,6.2344,5.4685,7.7355,10.3558
E0141,2026-01-15T00:00:00Z,3.1468,-1.2171,4.4279,5.9942,6.7393,9.9128
E0142,2026-01-15T00:00:00Z,3.0935,2.1606,3.4366,5.7335,6.4199,10.4427
E0143,2026-01-15T00:00:00Z,3.9172,1.7154,4.8524,5.2955,7.2356,10.2897
E0144,2026-01-15T00:00:00Z,3.5812,3.5328,3.5629,6.6206,7.594,9.9711
E0145,2026-01-15T00:00:00Z,3.1957,0.1666,5.2418,5.4457,7.4166,10.7387
E0146,2026-01-15T00:00:00Z,2.1766,1.6041,3.9771,5.5533,8.5036,11.7828
E0147,2026-01-15T00:00:00Z,2.93,1.3539,3.9993,5.8953,9.7744,9.3633
E0148,2026-01-15T00:00:00Z,3.0987,-1.0557,4.7896,6.2967,8.043,11.033
E0149,2026-01-15T00:00:00Z,2.1339,0.8017,3.3441,5.0771,6.8554,10.428
E0000,2026-01-16T00:00:00Z,3.484,-1.2756,1.0578,5.0676,7.6124,11.3905
E0001,2026-01-16T00:00:00Z,3.2616,-0.6485,4.7469,4.2809,6.3907,11.9325
E0002,2026-01-16T00:00:00Z,3.1093,0.7467,3.8251,6.7069,6.9431,9.0986
E0003,2026-01-16T00:00:00Z,2.9169,4.1651,6.5645,4.8805,8.0183,10.0625
E0004,2026-01-16T00:00:00Z,0.9203,2.3074,3.0537,4.862,9.3179,7.698
E0005,2026-01-16T00:00:00Z,2.1486,1.9707,3.926,5.0658,6.6757,9.8206
E0006,2026-01-16T00:00:00Z,3.8537,2.0251,3.9844,5.2292,7.2379,11.3153
E0007,2026-01-16T00:00:00Z,2.4134,0.9843,2.3494,5.0243,5.0621,8.5811
E0008,2026-01-16T00:00:00Z,1.757,1.3649,0.9783,6.6731,8.0934,9.8864
E0009,2026-01-16T00:00:00Z,3.4692,1.5018,2.9982,5.3513,7.1062,11.4907
E0010,2026-01-16T00:00:00Z,2.3743,0.1221,3.4451,4.7564,8.0804,9.46
E0011,2026-01-16T00:00:00Z,2.0026,1.6404,2.6825,5.4361,5.8794,8.1545
E0012,2026-01-16T00:00:00Z,3.0264,-0.9831,4.657,5.9457,8.2715,11.2842
E0013,2026-01-16T00:00:00Z,4.0936,0.3653,4.6778,5.8218,7.6612,9.083
E0014,2026-01-16T00:00:00Z,1.9496,0.5087,4.6429,5.4941,8.6458,9.1543
E0015,2026-01-16T00:00:00Z,3.5087,-0.4721,3.8643,6.1117,8.0463,9.3195
E0016,2026-01-16T00:00:00Z,3.6052,-1.5286,3.9631,5.4324,7.4441,10.5952
E0017,2026-01-16T00:00:00Z,3.8326,1.188,6.6518,5.5977,7.0361,8.5803
E0018,2026-01-16T00:00:00Z,2.7416,1.469,4.8464,5.3672,4.9646,9.5427
E0019,2026-01-16T00:00:00Z,2.1036,2.5667,3.9211,5.4171,7.933,8.8863
E0020,2026-01-16T00:00:00Z,3.6303,-1.5056,3.2771,5.2675,8.4275,9.9325
E0021,2026-01-16T00:00:00Z,3.3125,-0.0263,2.757,6.2359,8.8403,9.8834
E0022,2026-01-16T00:00:00Z,3.2754,0.4727,2.9562,5.102,7.1359,11.0252
E0023,2026-01-16T00:00:00Z,1.5469,-2.5569,1.9177,6.205,6.2804,10.6231
E0024,2026-01-16T00:00:00Z,2.5077,1.1817,3.1846,4.7138,6.2131,9.5269
E0025,2026-01-16T00:00:00Z,2.2978,0.9677,2.658,6.7247,6.611,9.4774
E0026,2026-01-16T00:00:00Z,3.1121,-0.385,2.6065,5.1808,6.6735,10.6304
E0027,2026-01-16T00:00:00Z,3.0536,0.6887,2.2987,5.5277,6.8393,7.7265
E0028,2026-01-16T00:00:00Z,2.9777,1.6111,3.1324,5.3739,8.6568,10.1389
E0029,2026-01-16T00:00:00Z,2.0939,-0.4969,3.561,5.6086,8.93,9.6571
E0030,2026-01-16T00:00:00Z,2.3941,1.7512,5.7257,4.9517,8.3802,10.5777
E0031,2026-01-16T00:00:00Z,3.2953,1.287,1.8352,6.0906,5.6628,8.6484
E0032,2026-01-16T00:00:00Z,2.7344,2.4407,3.4241,5.3702,8.4952,9.7771
E0033,2026-01-16T00:00:00Z,2.8052,-0.079,2.1216,5.725,5.8489,9.6709
E0034,2026-01-16T00:00:00Z,3.2516,2.7289,2.7312,6.2541,6.2904,10.8887
E0035,2026-01-16T00:00:00Z,2.5096,-0.5266,1.7296,6.6812,7.5508,9.5898
E0036,2026-01-16T00:00:00Z,3.0329,1.9636,3.6621,5.8607,9.1771,11.2852
E0037,2026-01-16T00:00:00Z,3.5484,-1.3115,2.3454,5.4908,7.0951,9.1936
E0038,2026-01-16T00:00:00Z,1.3099,0.0256,2.9186,4.65,8.0055,7.7895
E0039,2026-01-16T00:00:00Z,3.436,-2.175,2.5624,5.4936,5.125,8.8755
E0040,2026-01-16T00:00:00Z,3.6174,-2.0401,3.945,5.6368,6.591,9.3323
E0041,2026-01-16T00:00:00Z,2.2509,5.3129,6.0999,4.8653,7.5264,8.6415
E0042,2026-01-16T00:00:00Z,2.5759,1.7791,2.7033,5.3491,7.0809,8.1838
E0043,2026-01-16T00:00:00Z,3.5515,-1.3561,3.8262,6.1619,7.6446,10.4132
E0044,2026-01-16T00:00:00Z,2.9414,0.5786,3.5056,5.5424,5.6527,8.1778
E0045,2026-01-16T00:00:00Z,1.8325,-0.686,3.7775,5.1755,6.5374,10.8557
E0046,2026-01-16T00:00:00Z,2.3707,-1.5189,3.1247,6.8201,6.4576,9.2493
E0047,2026-01-16T00:00:00Z,2.5428,3.8552,2.0589,5.6565,9.4684,8.5622
E0048,2026-01-16T00:00:00Z,2.2173,0.5739,3.7601,6.6315,7.9651,8.5507
E0049,2026-01-16T00:00:00Z,3.8778,0.9454,1.6656,5.0848,7.84,8.6704
E0050,2026-01-16T00:00:00Z,4.2251,3.3001,3.878,4.6987,6.9031,10.5666
E0051,2026-01-16T00:00:00Z,3.8527,0.1293,4.3109,5.4383,6.8359,8.2363
E0052,2026-01-16T00:00:00Z,1.9411,1.6742,1.9444,6.0485,6.1284,10.4532
E0053,2026-01-16T00:00:00Z,3.8502,0.6868,2.6101,5.3445,6.6796,8.0464
E0054,2026-01-16T00:00:00Z,2.1441,2.7021,1.3748,5.2622,6.4556,7.7047
E0055,2026-01-16T00:00:00Z,1.9521,2.7014,2.0702,5.4966,5.7936,10.489
E0056,2026-01-16T00:00:00Z,2.8529,0.1639,3.7524,5.9106,6.2737,7.3822
E0057,2026-01-16T00:00:00Z,2.6273,3.5096,4.4895,4.1149,8.5038,10.2842
E0058,2026-01-16T00:00:00Z,1.9666,0.7045,1.46,4.8199,4.6971,7.1459
E0059,2026-01-16T00:00:00Z,2.4761,0.9613,3.4816,5.2907,8.123,9.1978
E0060,2026-01-16T00:00:00Z,2.9218,-3.1114,3.2447,5.0879,8.9289,10.359
E0061,2026-01-16T00:00:00Z,2.917,-0.6213,2.4712,5.6191,6.0526,9.773
E0062,2026-01-16T00:00:00Z,2.8449,1.2728,6.6758,5.161,7.1477,9.3229
E0063,2026-01-16T00:00:00Z,2.9157,2.4705,3.6828,5.9905,5.5486,8.3895
E0064,2026-01-16T00:00:00Z,2.5637,0.086,3.8722,5.3373,8.9784,9.0731
E0065,2026-01-16T00:00:00Z,3.7245,1.8703,3.0744,7.2514,8.5843,8.6987
E0066,2026-01-16T00:00:00Z,2.5041,-0.4973,2.8526,5.8729,6.5156,9.7784
E0067,2026-01-16T00:00:00Z,2.9401,1.1078,5.0137,5.9384,7.0985,10.6161
E0068,2026-01-16T00:00:00Z,2.1525,2.1587,3.2566,4.9235,7.0254,9.5907
E0069,2026-01-16T00:00:00Z,3.0012,1.1278,4.2822,5.7041,6.3074,7.7013
E0070,2026-01-16T00:00:00Z,3.3232,1.7553,5.6724,5.5243,7.26,10.6576
E0071,2026-01-16T00:00:00Z,3.4745,-1.492,3.7313,5.3685,7.9457,8.965
E0072,2026-01-16T00:00:00Z,3.092,-1.0283,5.5828,5.7288,6.9012,9.5718
E0073,2026-01-16T00:00:00Z,2.5139,1.969,2.962,4.721,5.5663,9.7514
E0074,2026-01-16T00:00:00Z,2.3865,1.1148,1.3229,5.3983,6.4863,9.1994
E0075,2026-01-16T00:00:00Z,3.6033,-1.0767,3.4204,5.7004,7.7639,10.182
E0076,2026-01-16T00:00:00Z,2.959,1.6416,4.2142,6.0511,7.2093,8.5645
E0077,2026-01-16T00:00:00Z,2.2885,0.3634,1.5987,5.6999,8.8842,9.0539
E0078,2026-01-16T00:00:00Z,3.0177,-0.2849,3.9137,6.149,8.2484,9.5445
E0079,2026-01-16T00:00:00Z,3.2732,1.1239,3.8444,5.1175,5.7245,10.5289
E0080,2026-01-16T00:00:00Z,2.9508,-1.9394,4.5811,4.8691,6.4735,8.6132
E0081,2026-01-16T00:00:00Z,2.3015,1.4106,3.4078,4.7496,7.9675,9.2049
E0082,2026-01-16T00:00:00Z,3.4748,-0.0749,2.8623,6.2686,5.6446,9.0376
E0083,2026-01-16T00:00:00Z,2.6178,0.7622,3.3533,6.155,6.3701,10.8135
E0084,2026-01-16T00:00:00Z,3.6855,1.2265,1.2332,4.1658,5.934,9.6492
E0085,2026-01-16T00:00:00Z,1.8071,3.4778,-0.074,5.7643,7.4884,9.517
E0086,2026-01-16T00:00:00Z,2.6348,0.5409,4.6003,5.0229,5.7639,10.2411
E0087,2026-01-16T00:00:00Z,2.9161,2.7337,2.4232,4.7728,8.8436,8.4175
E0088,2026-01-16T00:00:00Z,2.7234,2.1503,5.4186,7.1828,9.7407,10.1299
E0089,2026-01-16T00:00:00Z,2.1522,1.8523,4.6152,4.6092,7.4999,8.2147
E0090,2026-01-16T00:00:00Z,3.1555,-0.6969,3.4701,5.3791,6.528,8.8964
E0091,2026-01-16T00:00:00Z,3.1917,-0.6697,3.5225,6.0495,7.9024,10.7819
E0092,2026-01-16T00:00:00Z,3.5022,-0.8749,4.7021,5.156,7.5262,9.1941
E0093,2026-01-16T00:00:00Z,3.2266,3.2225,3.7416,5.5854,8.1215,10.0666
E0094,2026-01-16T00:00:00Z,2.4061,-0.0402,1.6824,6.0021,8.5849,9.93
E0095,2026-01-16T00:00:00Z,2.8752,1.7857,3.5711,5.4624,5.7468,9.1867
E0096,2026-01-16T00:00:00Z,2.0992,-1.7024,3.9477,5.4733,6.5417,11.5772
E0097,2026-01-16T00:00:00Z,3.2662,1.053,2.508,5.2335,6.7813,10.9945
E0098,2026-01-16T00:00:00Z,2.1942,0.4636,5.1711,5.9403,8.7335,8.1563
E0099,2026-01-16T00:00:00Z,3.3736,4.0678,3.5441,6.786,9.4988,9.3047
E0100,2026-01-16T00:00:00Z,2.7094,0.6646,3.3309,5.3166,8.0285,9.2492
E0101,2026-01-16T00:00:00Z,1.7179,0.9209,4.2219,4.9288,7.1638,9.4267
E0102,2026-01-16T00:00:00Z,3.8382,0.3406,5.4545,5.1541,7.605,8.5783
E0103,2026-01-16T00:00:00Z,2.1387,2.2097,2.8711,4.9581,6.141,10.1318
E0104,2026-01-16T00:00:00Z,1.9455,5.2128,2.4747,4.2749,7.8634,11.5588
E0105,2026-01-16T00:00:00Z,3.1617,-1.2209,5.0912,5.3588,8.6359,10.9994
E0106,2026-01-16T00:00:00Z,2.6955,4.381,4.2907,5.0471,8.219,10.5467
E0107,2026-01-16T00:00:00Z,2.7299,0.1833,4.2215,5.2846,7.0126,9.1008
E0108,2026-01-16T00:00:00Z,3.8715,-3.0474,0.9121,5.3033,7.7501,10.3324
E0109,2026-01-16T00:00:00Z,3.359,1.1516,3.0667,6.0402,6.7242,11.2464
E0110,2026-01-16T00:00:00Z,3.088,2.3195,3.9371,5.7155,6.632,10.5101
E0111,2026-01-16T00:00:00Z,2.7137,0.5847,5.0877,4.9873,5.7269,9.6926
E0112,2026-01-16T00:00:00Z,3.4139,0.0871,3.7801,4.0258,7.2072,9.7469
E0113,2026-01-16T00:00:00Z,2.1937,1.1504,5.5819,5.514,7.1385,10.5215
E0114,2026-01-16T00:00:00Z,1.1763,0.1872,2.7103,6.0123,7.8386,9.9832
E0115,2026-01-16T00:00:00Z,2.6894,1.8484,3.297,5.4942,7.9727,10.4264
E0116,2026-01-16T00:00:00Z,2.6473,3.5435,6.6978,3.1414,6.5966,10.3239
E0117,2026-01-16T00:00:00Z,3.5888,-0.7028,6.1363,5.6985,8.311,8.7321
E0118,2026-01-16T00:00:00Z,2.9974,1.8569,4.6965,5.5596,7.4089,8.7284
E0119,2026-01-16T00:00:00Z,2.4551,0.7504,4.8872,5.7864,5.7491,8.7903
E0120,2026-01-16T00:00:00Z,2.4823,1.3023,1.9503,6.0538,7.684,10.0765
E0121,2026-01-16T00:00:00Z,3.6065,2.6536,2.0884,4.5597,6.6249,9.0145
E0122,2026-01-16T00:00:00Z,3.795,4.3132,3.935,5.4408,8.7338,9.9221
E0123,2026-01-16T00:00:00Z,3.4822,-0.4457,5.486,4.5388,5.7484,9.5489
E0124,2026-01-16T00:00:00Z,1.7241,0.89,4.8808,5.4795,10.0326,10.0783
E0125,2026-01-16T00:00:00Z,2.4423,0.8373,4.1665,4.8074,5.5392,10.119
E0126,2026-01-16T00:00:00Z,4.0431,-1.3648,3.2065,4.8026,7.6023,11.0573
E0127,2026-01-16T00:00:00Z,3.3659,1.9177,3.2274,4.9509,6.5622,8.9264
E0128,2026-01-16T00:00:00Z,2.1095,1.63,4.6576,6.4843,8.3841,9.1604
E0129,2026-01-16T00:00:00Z,1.5099,1.0159,4.1594,5.2922,7.8725,9.7687
E0130,2026-01-16T00:00:00Z,3.5545,-1.6659,6.2433,5.5688,8.2801,8.2936
E0131,2026-01-16T00:00:00Z,3.1888,1.0733,3.0257,5.5663,7.124,9.9497
E0132,2026-01-16T00:00:00Z,4.5241,-1.3986,4.4079,6.1064,7.7131,11.5668
E0133,2026-01-16T00:00:00Z,2.6887,2.3965,6.2178,5.0149,7.3245,10.6725
E0134,2026-01-16T00:00:00Z,3.8177,1.3002,3.647,4.9974,8.646,9.6401
E0135,2026-01-16T00:00:00Z,3.7864,0.7654,6.1864,5.1315,6.2965,10.1772
E0136,2026-01-16T00:00:00Z,3.5228,2.9994,3.2757,5.3871,8.6122,8.6079
E0137,2026-01-16T00:00:00Z,3.0091,-0.6385,3.4199,5.0059,7.0595,8.3691
E0138,2026-01-16T00:00:00Z,3.3912,0.2614,3.6274,4.4266,7.4552,7.8381
E0139,2026-01-16T00:00:00Z,2.9872,0.0862,3.4991,5.6577,8.8678,8.8208
E0140,2026-01-16T00:00:00Z,2.472,0.9365,3.9833,5.2525,7.7267,9.7328
E0141,2026-01-16T00:00:00Z,2.6394,0.9424,3.7984,5.792,7.5049,8.0226
E0142,2026-01-16T00:00:00Z,3.3543,1.4169,1.4474,4.9394,8.0779,9.4932
E0143,2026-01-16T00:00:00Z,2.2833,2.3709,5.3732,5.0474,6.0581,8.5545
E0144,2026-01-16T00:00:00Z,2.5532,1.7103,4.1815,5.3165,7.9485,8.6724
E0145,2026-01-16T00:00:00Z,4.5745,1.08,2.4223,5.3561,7.8895,9.7358
E0146,2026-01-16T00:00:00Z,4.09,2.7877,3.4206,6.2719,7.6538,8.6153
E0147,2026-01-16T00:00:00Z,3.6182,-0.2329,3.3894,5.5605,7.8209,10.7974
E0148,2026-01-16T00:00:00Z,1.642,0.0748,4.6859,5.2509,8.1855,9.252
E0149,2026-01-16T00:00:00Z,2.8896,2.8415,2.1372,5.36,7.6263,10.3853
E0000,2026-01-17T00:00:00Z,3.4162,-0.4325,3.9352,5.4597,7.9069,9.8052
E0001,2026-01-17T00:00:00Z,2.8325,1.8986,3.4431,6.1725,8.081,9.6828
E0002,2026-01-17T00:00:00Z,2.5134,-0.231,2.7702,6.3465,8.5239,8.2013
E0003,2026-01-17T00:00:00Z,2.7551,-0.412,4.9676,4.5742,6.6973,9.2646
E0004,2026-01-17T00:00:00Z,3.0135,4.2753,1.6585,5.7812,5.744,10.9172
E0005,2026-01-17T00:00:00Z,3.4182,1.5287,5.2044,5.3404,7.6556,9.6997
E0006,2026-01-17T00:00:00Z,2.4146,0.3498,2.9656,5.1346,8.2666,10.3285
E0007,2026-01-17T00:00:00Z,2.4688,4.4372,3.8116,4.7393,8.9904,10.207
E0008,2026-01-17T00:00:00Z,3.003,-1.7268,2.8655,5.246,8.3209,9.6864
E0009,2026-01-17T00:00:00Z,2.647,-0.2455,4.7948,5.4506,7.6922,9.5684
E0010,2026-01-17T00:00:00Z,3.663,-1.1524,4.3904,5.942,7.637,8.9327
E0011,2026-01-17T00:00:00Z,2.7962,1.1443,1.7861,4.1096,7.8375,9.8218
E0012,2026-01-17T00:00:00Z,3.1259,0.5379,4.6253,5.2664,7.1149,8.7243
E0013,2026-01-17T00:00:00Z,3.0602,-0.3397,4.1028,6.2995,6.8891,9.7397
E0014,2026-01-17T00:00:00Z,3.4709,0.8871,4.8424,5.277,8.3148,10.6068
E0015,2026-01-17T00:00:00Z,2.5452,0.2602,3.8104,5.3095,8.3323,10.9619
E0016,2026-01-17T00:00:00Z,2.4666,0.2195,3.0922,4.5344,5.3202,10.3451
E0017,2026-01-17T00:00:00Z,3.2775,-0.624,4.2756,5.6485,7.0395,11.5011
E0018,2026-01-17T00:00:00Z,3.1058,2.5307,1.2754,4.3896,7.9577,8.9713
E0019,2026-01-17T00:00:00Z,2.1262,1.1312,3.9553,6.0611,7.8536,8.8266
E0020,2026-01-17T00:00:00Z,2.8808,1.9454,3.0683,6.4673,5.7149,9.0792
E0021,2026-01-17T00:00:00Z,1.0899,1.9355,2.922,4.9226,7.1998,7.5613
E0022,2026-01-17T00:00:00Z,2.8012,-0.0551,3.3535,4.9331,5.9349,9.7757
E0023,2026-01-17T00:00:00Z,2.713,1.3428,4.0847,5.371,7.9748,9.0746
E0024,2026-01-17T00:00:00Z,1.6093,0.4434,4.8259,4.6858,6.4091,9.7987
E0025,2026-01-17T00:00:00Z,3.9759,-0.3396,5.6288,6.5291,6.3539,10.4745
E0026,2026-01-17T00:00:00Z,3.6115,-2.0177,4.5571,4.566,7.2081,8.1814
E0027,2026-01-17T00:00:00Z,2.9883,2.8917,3.5637,6.2734,9.1311,9.2238
E0028,2026-01-17T00:00:00Z,3.9911,2.4845,5.2399,4.5494,5.4608,9.1601
E0029,2026-01-17T00:00:00Z,1.8534,0.9714,2.7003,5.051,8.3844,10.048
E0030,2026-01-17T00:00:00Z,3.3194,-0.2642,4.037,4.3546,8.0243,9.4014
E0031,2026-01-17T00:00:00Z,1.8548,1.3505,1.9535,6.5284,6.2562,8.8644
E0032,2026-01-17T00:00:00Z,3.576,2.8404,5.5304,5.8217,7.0933,10.4716
E0033,2026-01-17T00:00:00Z,3.3562,1.1511,3.0045,5.2762,6.0893,8.1098
E0034,2026-01-17T00:00:00Z,3.248,2.2975,3.2766,4.8285,7.1353,10.9294
E0035,2026-01-17T00:00:00Z,2.5061,0.0769,4.4962,5.2815,9.7738,10.9543
E0036,2026-01-17T00:00:00Z,4.1391,1.0891,2.1481,5.5625,6.196,10.2872
E0037,2026-01-17T00:00:00Z,2.1963,0.8403,4.7551,5.4922,7.2168,9.3607
E0038,2026-01-17T00:00:00Z,3.2034,0.8324,6.1593,4.6388,6.2745,9.3245
E0039,2026-01-17T00:00:00Z,2.8541,1.6749,2.1482,5.3732,7.7116,8.674
E0040,2026-01-17T00:00:00Z,2.6115,3.0112,3.399,5.0942,6.6842,9.9588
E0041,2026-01-17T00:00:00Z,2.7731,0.2565,4.2625,4.7836,7.3481,8.3408
E0042,2026-01-17T00:00:00Z,2.5533,0.8112,3.3172,5.0758,7.4395,10.9695
E0043,2026-01-17T00:00:00Z,2.9384,1.1705,6.0601,4.891,7.1608,8.4644
E0044,2026-01-17T00:00:00Z,1.6377,0.5417,1.8718,4.7822,7.5486,9.7026
E0045,2026-01-17T00:00:00Z,2.7435,3.7865,3.0993,5.776,6.4489,9.0989
E0046,2026-01-17T00:00:00Z,1.8123,1.4186,5.3903,5.143,6.9681,11.2274
E0047,2026-01-17T00:00:00Z,2.1762,1.1296,4.3333,6.1404,6.201,8.6368
E0048,2026-01-17T00:00:00Z,2.1327,0.1619,5.0417,5.1371,6.8194,10.0781
E0049,2026-01-17T00:00:00Z,3.2215,1.3112,1.0843,5.3303,7.722,8.2811
E0050,2026-01-17T00:00:00Z,3.0705,1.1084,4.9049,5.1924,5.9898,9.6857
E0051,2026-01-17T00:00:00Z,2.8881,2.4703,3.0445,6.1937,9.0567,10.6564
E0052,2026-01-17T00:00:00Z,2.7847,2.4501,3.7856,4.9221,8.1183,9.3202
E0053,2026-01-17T00:00:00Z,2.9861,-0.3976,2.3597,5.1154,7.1954,9.8176
E0054,2026-01-17T00:00:00Z,3.5787,0.2384,3.0356,5.0874,7.5195,10.147
E0055,2026-01-17T00:00:00Z,3.5303,1.052,5.1817,5.9555,7.6849,8.7517
E0056,2026-01-17T00:00:00Z,3.5686,0.9644,3.4443,4.6796,7.8011,8.3406
E0057,2026-01-17T00:00:00Z,3.3974,3.173,6.4958,5.7474,7.8458,8.6081
E0058,2026-01-17T00:00:00Z,2.974,1.9022,5.5117,5.7436,8.6369,9.4898
E0059,2026-01-17T00:00:00Z,4.2032,-1.3049,1.7147,5.7286,7.9404,8.6729
E0060,2026-01-17T00:00:00Z,2.4196,2.8402,5.7499,5.583,6.9222,9.1327
E0061,2026-01-17T00:00:00Z,2.9183,1.0314,3.6649,5.2964,7.2429,10.323
E0062,2026-01-17T00:00:00Z,3.0756,1.6017,2.6529,6.2772,7.2725,12.0932
E0063,2026-01-17T00:00:00Z,1.516,2.8509,2.3426,5.9163,7.7262,10.4454
E0064,2026-01-17T00:00:00Z,3.9577,-0.5156,3.454,5.6541,7.5838,9.7648
E0065,2026-01-17T00:00:00Z,1.9157,0.4135,0.983,5.9129,7.7035,9.824
E0066,2026-01-17T00:00:00Z,3.6889,-1.0633,3.6529,5.8052,4.7907,9.6381
E0067,2026-01-17T00:00:00Z,2.3738,-1.8238,5.3181,5.108,7.799,9.9638
E0068,2026-01-17T00:00:00Z,3.1107,0.8688,3.3043,4.8447,8.4278,10.7169
E0069,2026-01-17T00:00:00Z,2.4782,-0.2997,2.5525,5.7206,7.7311,8.3063
E0070,2026-01-17T00:00:00Z,2.3101,-1.2055,4.4715,5.3841,8.0564,8.8043
E0071,2026-01-17T00:00:00Z,2.0838,0.2909,2.7903,5.6198,6.9941,10.798
E0072,2026-01-17T00:00:00Z,2.3828,1.1146,5.1245,5.6811,7.498,10.7455
E0073,2026-01-17T00:00:00Z,2.04,0.5927,3.0778,6.0078,6.8713,10.433
E0074,2026-01-17T00:00:00Z,2.6811,2.5368,3.517,4.8197,5.6991,9.7375
E0075,2026-01-17T00:00:00Z,1.9525,1.0039,4.4692,5.7696,7.0079,7.8485
E0076,2026-01-17T00:00:00Z,4.8638,1.0801,5.6152,5.1908,7.9581,9.8534
E0077,2026-01-17T00:00:00Z,3.4415,1.9851,1.8144,5.7178,7.2883,10.3224
E0078,2026-01-17T00:00:00Z,4.0265,0.8138,5.792,4.9234,6.4541,9.9043
E0079,2026-01-17T00:00:00Z,2.502,2.2596,3.0816,6.4078,7.1798,10.1036
E0080,2026-01-17T00:00:00Z,4.1885,2.942,5.1864,5.083,6.7917,7.3491
E0081,2026-01-17T00:00:00Z,4.4367,1.1854,3.2438,5.736,6.2112,9.0373
E0082,2026-01-17T00:00:00Z,4.1543,2.6743,5.3634,5.1859,7.0036,9.5926
E0083,2026-01-17T00:00:00Z,2.486,0.7796,3.5065,6.1102,7.7112,10.1364
E0084,2026-01-17T00:00:00Z,3.2125,0.3566,1.8846,5.818,8.9353,9.6961
E0085,2026-01-17T00:00:00Z,2.8237,1.1219,2.3849,5.6626,6.4438,8.7679
E0086,2026-01-17T00:00:00Z,2.499,0.5189,5.7941,5.292,8.5451,9.8874
E0087,2026-01-17T00:00:00Z,2.5414,-0.3913,3.3277,5.3186,5.8621,10.3364
E0088,2026-01-17T00:00:00Z,4.001,2.4114,3.3917,5.0876,9.659,11.067
E0089,2026-01-17T00:00:00Z,2.227,1.6065,2.2687,6.37,8.2165,8.4329
E0090,2026-01-17T00:00:00Z,2.9197,1.8869,3.5907,5.0127,7.2478,10.9651
E0091,2026-01-17T00:00:00Z,2.4124,0.121,4.3728,4.5355,7.1997,10.1845
E0092,2026-01-17T00:00:00Z,1.5688,1.3456,1.1391,4.9199,6.9656,10.0512
E0093,2026-01-17T00:00:00Z,3.3865,1.635,3.8739,4.6162,8.5831,9.3896
E0094,2026-01-17T00:00:00Z,2.6934,0.6294,5.5226,5.4231,8.6664,9.4331
E0095,2026-01-17T00:00:00Z,3.1395,1.3473,4.324,5.6128,6.14,10.5902
E0096,2026-01-17T00:00:00Z,2.1211,0.366,2.163,5.0639,5.5591,8.6905
E0097,2026-01-17T00:00:00Z,3.7566,3.7032,3.1869,4.9698,7.5947,10.3266
E0098,2026-01-17T00:00:00Z,1.2903,-1.7455,1.658,5.7356,4.7011,9.145
E0099,2026-01-17T00:00:00Z,3.2293,0.2684,4.0991,6.2343,7.3896,8.3439
E0100,2026-01-17T00:00:00Z,3.3587,2.5473,4.177,5.202,8.685,10.7394
E0101,2026-01-17T00:00:00Z,3.846,3.4111,6.8294,4.7445,8.4206,9.2665
E0102,2026-01-17T00:00:00Z,3.1145,0.6688,4.0102,6.0387,6.4687,10.5903
E0103,2026-01-17T00:00:00Z,2.5077,-1.2184,3.8534,5.5172,6.3969,9.2956
E0104,2026-01-17T00:00:00Z,2.8738,2.1177,3.7268,6.6513,7.263,8.1508
E0105,2026-01-17T00:00:00Z,2.6437,-3.411,2.7332,4.6584,6.8749,10.6291
E0106,2026-01-17T00:00:00Z,3.4729,2.8358,4.6775,6.3722,6.9243,10.066
E0107,2026-01-17T00:00:00Z,2.4303,1.141,4.3785,6.4371,8.3277,9.9865
E0108,2026-01-17T00:00:00Z,3.9081,0.4563,4.4127,4.2594,7.8258,8.5029
E0109,2026-01-17T00:00:00Z,3.6451,1.7851,3.9609,6.2293,7.4448,9.8744
E0110,2026-01-17T00:00:00Z,3.0892,1.9881,2.6127,5.1848,7.6508,10.169
E0111,2026-01-17T00:00:00Z,2.3128,1.4192,1.696,5.0789,7.0681,10.0636
E0112,2026-01-17T00:00:00Z,3.6167,1.581,4.5787,5.6256,8.2031,8.5557
E0113,2026-01-17T00:00:00Z,3.4156,0.9711,3.8046,5.2895,7.5859,9.6971
E0114,2026-01-17T00:00:00Z,4.0473,0.328,2.937,5.3346,6.7322,9.6884
E0115,2026-01-17T00:00:00Z,1.5182,1.6576,2.1641,5.159,6.5218,8.6523
E0116,2026-01-17T00:00:00Z,3.1652,2.0584,6.6293,6.0196,8.0744,8.3332
E0117,2026-01-17T00:00:00Z,3.6637,3.8617,1.5503,5.6034,5.7528,7.1928
E0118,2026-01-17T00:00:00Z,2.8309,0.461,5.735,5.3775,6.5181,9.9194
E0119,2026-01-17T00:00:00Z,3.5254,0.9294,2.3293,4.4003,8.8094,9.2261
E0120,2026-01-17T00:00:00Z,2.8686,0.9368,4.8358,5.7885,9.73,10.8168
E0121,2026-01-17T00:00:00Z,3.4126,-0.4188,4.3237,6.3498,6.9916,8.995
E0122,2026-01-17T00:00:00Z,3.126,-1.2785,4.9754,4.5136,8.1979,10.0706
E0123,2026-01-17T00:00:00Z,3.0898,1.1074,3.6539,5.3428,7.9846,10.6463
E0124,2026-01-17T00:00:00Z,2.7573,-0.3159,4.3613,5.5316,7.5789,10.7429
E0125,2026-01-17T00:00:00Z,2.5167,2.0298,4.3121,4.9961,8.0245,7.1841
E0126,2026-01-17T00:00:00Z,3.0592,-0.1493,2.5825,6.1422,6.7853,9.7566
E0127,2026-01-17T00:00:00Z,2.1835,-0.7353,2.8463,5.4825,7.7024,10.405
E0128,2026-01-17T00:00:00Z,2.4638,0.4958,1.7067,5.3495,7.3855,8.1115
E0129,2026-01-17T00:00:00Z,3.032,0.5206,3.3534,5.5053,8.7832,7.9878
E0130,2026-01-17T00:00:00Z,2.6187,-1.4869,1.5747,4.5071,7.1889,9.389
E0131,2026-01-17T00:00:00Z,2.5846,0.6948,2.6635,5.6725,7.8446,9.4162
E0132,2026-01-17T00:00:00Z,2.8935,0.8116,3.3809,5.4702,7.9267,10.2458
E0133,2026-01-17T00:00:00Z,3.1057,-1.2577,2.7512,6.3899,6.8979,9.4515
E0134,2026-01-17T00:00:00Z,2.8782,0.0958,3.8814,6.0711,8.5496,11.5729
E0135,2026-01-17T00:00:00Z,1.6258,1.9269,5.8959,5.6738,7.349,9.1244
E0136,2026-01-17T00:00:00Z,2.2032,-1.4366,3.3994,5.3948,8.1006,8.6579
E0137,2026-01-17T00:00:00Z,3.6069,-1.5821,2.9687,6.3242,6.0747,8.2171
E0138,2026-01-17T00:00:00Z,2.5314,2.0921,4.3413,5.1084,8.0843,8.326
E0139,2026-01-17T00:00:00Z,2.2785,-1.1799,2.4464,4.8857,7.7721,10.1956
E0140,2026-01-17T00:00:00Z,3.4623,2.5568,3.5252,5.4772,6.9272,10.2814
E0141,2026-01-17T00:00:00Z,3.5851,-0.1436,3.774,5.709,7.0656,8.2368
E0142,2026-01-17T00:00:00Z,3.2722,2.4381,4.5508,5.8836,8.3083,9.661
E0143,2026-01-17T00:00:00Z,2.7313,0.331,3.844,4.8685,8.2468,8.6052
E0144,2026-01-17T00:00:00Z,3.303,2.8576,3.9617,5.9013,7.6938,9.1326
E0145,2026-01-17T00:00:00Z,3.1266,2.9806,2.7532,5.246,6.7305,9.3046
E0146,2026-01-17T00:00:00Z,3.027,0.0526,4.6001,4.8192,8.0011,6.9844
E0147,2026-01-17T00:00:00Z,2.9608,1.3037,3.1452,5.7233,7.2166,10.8609
E0148,2026-01-17T00:00:00Z,3.1009,-2.6098,4.9567,5.8447,8.146,10.0637
E0149,2026-01-17T00:00:00Z,3.4457,3.1821,3.7108,6.2638,7.3662,10.8428
E0000,2026-01-18T00:00:00Z,2.2664,-0.3574,4.2465,5.2895,6.9314,6.9741
E0001,2026-01-18T00:00:00Z,2.6909,1.7128,5.0296,4.8509,7.8142,8.7143
E0002,2026-01-18T00:00:00Z,3.2586,3.6898,5.4312,5.5455,7.1551,9.7542
E0003,2026-01-18T00:00:00Z,2.049,0.5432,3.6199,5.6192,7.5049,9.4803
E0004,2026-01-18T00:00:00Z,3.6334,1.0288,3.0566,5.4165,6.2526,9.6027
E0005,2026-01-18T00:00:00Z,2.5907,0.0106,4.4033,6.2379,8.4462,7.6555
E0006,2026-01-18T00:00:00Z,3.3087,0.0198,4.1248,6.3473,6.9073,11.1402
E0007,2026-01-18T00:00:00Z,2.7219,2.455,0.1194,5.8494,6.8717,8.5459
E0008,2026-01-18T00:00:00Z,1.7299,1.9777,1.9284,5.1497,7.73,10.8377
E0009,2026-01-18T00:00:00Z,3.148,3.5946,2.9115,4.6652,8.4363,10.504
E0010,2026-01-18T00:00:00Z,3.765,4.1118,4.139,5.1038,7.081,7.376
E0011,2026-01-18T00:00:00Z,2.1179,1.8424,6.0828,5.8692,8.708,10.2348
E0012,2026-01-18T00:00:00Z,2.9007,1.4306,4.8509,5.9594,7.1689,8.622
E0013,2026-01-18T00:00:00Z,2.9523,5.332,2.5461,5.9078,7.0673,8.4575
E0014,2026-01-18T00:00:00Z,1.9282,0.8425,4.5767,5.7203,6.6626,10.6171
E0015,2026-01-18T00:00:00Z,3.2804,1.4035,2.8688,4.7941,5.9732,11.3111
E0016,2026-01-18T00:00:00Z,1.8121,1.3405,5.1048,5.9463,8.272,9.8948
E0017,2026-01-18T00:00:00Z,1.9691,0.7411,4.8806,5.7954,7.4009,8.2904
E0018,2026-01-18T00:00:00Z,3.4349,-0.0223,2.9138,5.117,7.472,10.7643
E0019,2026-01-18T00:00:00Z,1.7745,-2.1386,3.0482,6.4787,7.0193,9.1088
E0020,2026-01-18T00:00:00Z,4.0564,-0.7797,4.1645,6.1043,7.7722,8.72
E0021,2026-01-18T00:00:00Z,2.9436,0.0848,3.7013,5.2549,6.8069,11.3021
E0022,2026-01-18T00:00:00Z,3.2184,-0.3793,4.3869,5.0665,7.7493,9.478
E0023,2026-01-18T00:00:00Z,2.4862,2.8715,3.1763,5.8228,7.3272,9.3504
E0024,2026-01-18T00:00:00Z,3.0496,0.3914,3.6796,5.7812,8.9432,9.9272
E0025,2026-01-18T00:00:00Z,3.7045,2.1966,3.6128,6.3359,7.739,9.0895
E0026,2026-01-18T00:00:00Z,1.9665,-1.582,3.8269,4.817,7.5946,11.1665
E0027,2026-01-18T00:00:00Z,2.2146,2.5383,6.379,5.935,7.4459,8.8943
E0028,2026-01-18T00:00:00Z,3.564,2.276,5.6227,5.2633,7.686,11.0784
E0029,2026-01-18T00:00:00Z,2.984,-0.0417,3.606,4.9442,7.3718,10.6348
E0030,2026-01-18T00:00:00Z,4.2729,-2.9699,3.813,5.4489,6.7745,9.7229
E0031,2026-01-18T00:00:00Z,3.4408,3.7474,3.9235,5.7454,7.3196,9.8351
E0032,2026-01-18T00:00:00Z,3.3047,1.08,2.7776,6.0566,6.8185,10.0039
E0033,2026-01-18T00:00:00Z,2.4828,0.5685,4.6663,4.8406,8.1604,10.6265
E0034,2026-01-18T00:00:00Z,2.3515,1.3204,5.7365,5.0999,8.2689,10.6185
E0035,2026-01-18T00:00:00Z,2.2976,-1.244,3.7874,5.4669,9.177,10.576
E0036,2026-01-18T00:00:00Z,1.4871,0.0973,1.8948,5.3379,6.76,7.8926
E0037,2026-01-18T00:00:00Z,3.6834,0.8151,3.4116,4.7049,6.5367,7.9238
E0038,2026-01-18T00:00:00Z,3.7409,0.0225,2.4046,6.5549,7.5363,8.6326
E0039,2026-01-18T00:00:00Z,2.7782,0.8336,2.8862,4.8104,5.5893,9.4769
E0040,2026-01-18T00:00:00Z,2.4081,-1.2249,3.8789,5.8948,8.8486,9.3372
E0041,2026-01-18T00:00:00Z,2.4351,2.7233,3.8531,5.5707,8.2719,8.5135
E0042,2026-01-18T00:00:00Z,2.9034,-0.564,2.9358,5.6807,7.65,7.344
E0043,2026-01-18T00:00:00Z,3.0142,-1.3202,3.8951,5.3905,6.2334,8.6981
E0044,2026-01-18T00:00:00Z,2.3609,2.5101,2.4576,5.347,8.0877,11.6341
E0045,2026-01-18T00:00:00Z,3.4079,0.4276,0.9185,5.6841,7.8547,9.9412
E0046,2026-01-18T00:00:00Z,3.4611,-0.6201,2.4445,5.1204,7.4374,9.5535
E0047,2026-01-18T00:00:00Z,2.3847,2.9618,3.9126,5.554,8.6523,8.1094
E0048,2026-01-18T00:00:00Z,3.5888,0.7412,3.5335,5.3915,6.0155,8.3894
E0049,2026-01-18T00:00:00Z,2.8458,-2.2468,3.0208,4.7256,6.7749,9.6669
E0050,2026-01-18T00:00:00Z,2.2965,0.8833,2.5952,5.6879,6.246,9.6433
E0051,2026-01-18T00:00:00Z,2.6069,1.4446,5.05,6.0601,5.9745,9.2306
E0052,2026-01-18T00:00:00Z,2.4408,0.2932,3.9979,4.1263,7.2246,9.5454
E0053,2026-01-18T00:00:00Z,2.7317,2.456,5.7916,5.6666,7.0954,9.2009
E0054,2026-01-18T00:00:00Z,2.6799,2.1113,2.8519,6.3659,7.1713,8.2473
E0055,2026-01-18T00:00:00Z,3.318,1.6377,3.7072,6.3577,7.2489,9.7612
E0056,2026-01-18T00:00:00Z,3.3487,0.6491,3.0028,5.0346,7.7866,11.1296
E0057,2026-01-18T00:00:00Z,3.5408,-0.4391,3.4176,5.3296,7.2175,10.0587
E0058,2026-01-18T00:00:00Z,3.0885,1.5054,2.7556,5.0899,7.3151,10.6215
E0059,2026-01-18T00:00:00Z,2.7707,-1.2878,2.9634,5.5197,7.3341,9.7036
E0060,2026-01-18T00:00:00Z,3.3131,1.6066,6.4882,5.636,6.6999,9.1927
E0061,2026-01-18T00:00:00Z,3.1887,0.5855,3.7014,5.6964,9.9755,9.3289
E0062,2026-01-18T00:00:00Z,3.49,0.9863,6.7685,6.3708,8.7516,9.5131
E0063,2026-01-18T00:00:00Z,1.85,2.2026,6.5444,5.4856,6.2465,8.8086
E0064,2026-01-18T00:00:00Z,2.9153,1.1873,2.9304,5.3605,8.4331,10.4767
E0065,2026-01-18T00:00:00Z,2.4314,0.707,0.8288,4.8705,7.7508,10.017
E0066,2026-01-18T00:00:00Z,2.5806,2.8051,3.3448,5.1516,7.7848,10.0717
E0067,2026-01-18T00:00:00Z,3.6543,-0.3921,3.7944,4.869,6.933,7.6833
E0068,2026-01-18T00:00:00Z,3.8333,-0.7981,2.9083,5.2313,7.2586,8.9239
E0069,2026-01-18T00:00:00Z,3.2274,1.2391,3.5352,5.8636,7.4452,10.0584
E0070,2026-01-18T00:00:00Z,3.028,1.1554,5.7371,5.7712,7.7028,9.0328
E0071,2026-01-18T00:00:00Z,3.0353,-0.4443,3.2263,5.142,5.9346,9.246
E0072,2026-01-18T00:00:00Z,3.4469,-0.2776,2.7402,5.6701,8.363,10.1917
E0073,2026-01-18T00:00:00Z,2.1414,2.3863,4.4349,5.218,7.0395,10.1969
E0074,2026-01-18T00:00:00Z,3.0094,2.3057,3.5422,6.1348,6.1243,8.125
E0075,2026-01-18T00:00:00Z,2.6668,0.908,2.5599,4.9092,8.2044,9.8274
E0076,2026-01-18T00:00:00Z,2.6137,1.6104,2.6326,4.5404,5.7091,11.5309
E0077,2026-01-18T00:00:00Z,2.9031,-0.3343,3.7713,4.7502,7.1378,10.2914
E0078,2026-01-18T00:00:00Z,3.2605,3.6199,3.5843,5.9499,6.5311,9.8819
E0079,2026-01-18T00:00:00Z,3.3783,3.8373,4.6874,6.8821,7.7821,9.3095
E0080,2026-01-18T00:00:00Z,2.8242,0.8309,3.0892,5.6875,8.2978,10.3067
E0081,2026-01-18T00:00:00Z,3.5949,1.5518,5.5547,5.4304,7.364,9.8744
E0082,2026-01-18T00:00:00Z,2.2863,0.1428,5.0257,4.4932,7.6795,9.7781
E0083,2026-01-18T00:00:00Z,2.9307,1.6916,4.3715,4.9099,7.2526,8.1868
E0084,2026-01-18T00:00:00Z,2.8113,-0.0769,2.5667,5.0259,7.7335,10.9191
E0085,2026-01-18T00:00:00Z,3.4954,0.8801,2.7483,5.4536,7.5408,8.4503
E0086,2026-01-18T00:00:00Z,3.2787,1.174,4.5488,4.7939,7.1095,10.49
E0087,2026-01-18T00:00:00Z,2.983,3.0434,3.6965,5.8287,6.0866,10.3876
E0088,2026-01-18T00:00:00Z,1.9927,1.0605,2.9941,5.9726,7.9359,10.2128
E0089,2026-01-18T00:00:00Z,2.8897,0.6491,4.1474,5.3087,7.6527,10.9314
E0090,2026-01-18T00:00:00Z,2.6002,2.0578,2.4084,5.8432,8.7887,9.6344
E0091,2026-01-18T00:00:00Z,3.5978,-1.6039,4.5231,5.5875,7.8904,10.844
E0092,2026-01-18T00:00:00Z,2.8434,-1.5831,1.8733,4.8965,7.6189,9.9561
E0093,2026-01-18T00:00:00Z,3.3149,0.547,1.7994,5.6744,6.603,9.2482
E0094,2026-01-18T00:00:00Z,2.2638,1.9997,4.5919,5.4308,7.0151,9.4937
E0095,2026-01-18T00:00:00Z,2.657,-0.449,3.5949,5.5224,7.0613,9.5818
E0096,2026-01-18T00:00:00Z,3.6717,2.4052,4.5657,5.0841,6.9826,11.2867
E0097,2026-01-18T00:00:00Z,3.7007,0.7963,6.196,4.8516,5.928,9.3268
E0098,2026-01-18T00:00:00Z,4.0006,-0.36,3.6101,5.5531,7.0467,10.9301
E0099,2026-01-18T00:00:00Z,3.2919,1.9696,3.3827,5.5824,6.775,9.421
E0100,2026-01-18T00:00:00Z,1.9392,2.2515,2.9035,5.8099,7.6066,10.2572
E0101,2026-01-18T00:00:00Z,3.1596,-2.9902,4.0206,6.376,6.1638,12.078
E0102,2026-01-18T00:00:00Z,3.5515,1.8967,3.1824,4.8003,7.3064,9.1422
E0103,2026-01-18T00:00:00Z,2.5926,1.9781,4.3669,6.1896,6.9986,8.1499
E0104,2026-01-18T00:00:00Z,2.3353,-0.2231,3.8484,5.722,7.0832,10.0042
E0105,2026-01-18T00:00:00Z,1.4045,0.3983,3.2056,4.4869,7.5103,9.4994
E0106,2026-01-18T00:00:00Z,3.7663,-1.9395,5.7544,5.94,7.5223,9.179
E0107,2026-01-18T00:00:00Z,3.1055,-0.5368,5.153,5.2009,7.603,9.4899
E0108,2026-01-18T00:00:00Z,2.8998,-0.1904,5.7362,5.19,6.6392,9.4735
E0109,2026-01-18T00:00:00Z,3.3008,-2.2865,3.2867,5.4073,9.1048,10.8233
E0110,2026-01-18T00:00:00Z,3.2845,0.574,1.4744,5.6265,6.3842,10.7166
E0111,2026-01-18T00:00:00Z,2.5704,-0.1125,4.9274,5.5784,8.2351,8.9783
E0112,2026-01-18T00:00:00Z,3.1127,-1.9764,5.905,5.8191,6.6401,8.6318
E0113,2026-01-18T00:00:00Z,2.8361,-0.2193,4.469,5.5129,7.2955,9.5365
E0114,2026-01-18T00:00:00Z,3.0622,1.7763,0.7134,4.9948,6.4207,10.4313
E0115,2026-01-18T00:00:00Z,2.6492,2.4955,2.4728,5.5929,6.6964,10.0104
E0116,2026-01-18T00:00:00Z,3.1464,0.1025,5.0684,4.8483,6.6582,10.3285
E0117,2026-01-18T00:00:00Z,2.3134,1.3965,4.2748,6.9257,9.0881,10.302
E0118,2026-01-18T00:00:00Z,2.5635,3.8753,3.1291,6.1704,7.5148,8.5447
E0119,2026-01-18T00:00:00Z,3.4358,2.0452,3.6552,4.2554,7.9451,7.545
E0120,2026-01-18T00:00:00Z,2.2638,-0.5701,4.2537,4.3834,7.2664,7.8336
E0121,2026-01-18T00:00:00Z,1.6725,2.1032,2.7976,5.928,7.8478,9.9907
E0122,2026-01-18T00:00:00Z,2.7219,-0.7618,2.6648,5.5212,6.775,10.0148
E0123,2026-01-18T00:00:00Z,2.2272,-0.2583,6.033,5.0138,7.5752,9.5101
E0124,2026-01-18T00:00:00Z,3.336,1.8883,2.6702,5.6921,4.4243,9.2693
E0125,2026-01-18T00:00:00Z,2.9492,0.182,3.2724,5.7418,7.4345,8.9432
E0126,2026-01-18T00:00:00Z,2.4435,-0.4186,4.7136,6.4366,7.291,9.0872
E0127,2026-01-18T00:00:00Z,3.6316,0.5027,6.3249,4.7944,8.7281,10.3229
E0128,2026-01-18T00:00:00Z,3.5803,0.0822,3.646,5.1001,7.3123,8.0379
E0129,2026-01-18T00:00:00Z,3.4604,3.729,2.3242,6.3018,6.3394,10.6198
E0130,2026-01-18T00:00:00Z,4.6255,1.3631,5.5204,4.7779,6.7444,8.5643
E0131,2026-01-18T00:00:00Z,3.1889,2.2845,4.9768,4.3054,8.4618,8.9221
E0132,2026-01-18T00:00:00Z,3.0713,0.3633,3.1357,5.8702,7.7905,10.456
E0133,2026-01-18T00:00:00Z,3.7726,-2.859,2.7003,5.2459,8.3511,7.8803
E0134,2026-01-18T00:00:00Z,2.2772,-2.6153,4.1962,4.6206,8.2933,9.1157
E0135,2026-01-18T00:00:00Z,3.081,-0.2117,2.3738,5.7355,6.5481,9.7825
E0136,2026-01-18T00:00:00Z,1.8895,-1.3812,4.592,5.6067,7.3746,9.4506
E0137,2026-01-18T00:00:00Z,2.498,-1.2233,3.3458,5.3288,7.785,10.1487
E0138,2026-01-18T00:00:00Z,2.7093,2.9158,2.9731,5.5739,7.5625,11.159
E0139,2026-01-18T00:00:00Z,1.9812,0.5603,7.183,6.1408,7.8917,9.5203
E0140,2026-01-18T00:00:00Z,2.5748,0.8238,5.2304,4.9399,6.2577,9.1652
E0141,2026-01-18T00:00:00Z,3.8105,-0.5195,5.0719,5.9776,6.2475,10.124
E0142,2026-01-18T00:00:00Z,3.659,3.6606,3.0857,5.2454,7.3707,10.8335
E0143,2026-01-18T00:00:00Z,2.9608,-0.8048,5.31,5.1213,5.882,9.8582
E0144,2026-01-18T00:00:00Z,2.7826,1.6248,3.6998,4.6825,8.0005,8.8366
E0145,2026-01-18T00:00:00Z,3.4451,-0.8784,4.3236,5.507,7.9319,9.7856
E0146,2026-01-18T00:00:00Z,2.1056,0.4744,4.5675,6.5197,6.213,8.3273
E0147,2026-01-18T00:00:00Z,4.3265,1.6333,3.1905,5.3046,7.838,9.7021
E0148,2026-01-18T00:00:00Z,2.9218,-1.1558,4.6097,5.3174,6.9949,8.8342
E0149,2026-01-18T00:00:00Z,2.9983,-0.8172,4.5152,6.6972,7.3893,8.7248
E0000,2026-01-19T00:00:00Z,1.9187,-0.3686,2.2226,6.3839,5.6884,8.3771
E0001,2026-01-19T00:00:00Z,3.316,1.2107,4.5197,6.1603,7.213,8.7723
E0002,2026-01-19T00:00:00Z,4.6289,2.5151,4.3178,5.8495,6.7606,9.0163
E0003,2026-01-19T00:00:00Z,2.575,0.3531,3.7789,5.8238,7.7823,7.2484
E0004,2026-01-19T00:00:00Z,3.3688,0.9377,1.5336,6.2832,6.8645,8.5908
E0005,2026-01-19T00:00:00Z,3.4941,0.6565,5.4989,4.8368,6.7567,9.2649
E0006,2026-01-19T00:00:00Z,2.5217,0.1265,5.6073,4.8333,7.8147,10.4754
E0007,2026-01-19T00:00:00Z,3.0589,4.2817,4.3389,4.7843,7.8244,8.4028
E0008,2026-01-19T00:00:00Z,4.2198,1.4923,3.4813,4.982,8.5422,10.6658
E0009,2026-01-19T00:00:00Z,1.9218,1.9054,3.1726,6.1343,8.2523,7.6535
E0010,2026-01-19T00:00:00Z,2.671,-0.9416,4.3374,5.3841,6.335,8.4635
E0011,2026-01-19T00:00:00Z,4.3353,-0.3463,4.6175,5.2394,6.0671,8.0612
E0012,2026-01-19T00:00:00Z,2.7317,0.3623,4.9892,5.1827,8.0768,10.7765
E0013,2026-01-19T00:00:00Z,3.6043,-0.7096,4.4955,4.591,8.1874,7.5911
E0014,2026-01-19T00:00:00Z,2.6409,0.3115,6.0128,6.0559,5.4772,11.8591
E0015,2026-01-19T00:00:00Z,2.761,1.2796,4.9483,4.1922,6.9384,10.8415
E0016,2026-01-19T00:00:00Z,2.8838,0.4876,4.9753,4.2994,7.3722,10.4926
E0017,2026-01-19T00:00:00Z,2.1964,1.8756,1.998,5.1232,7.9788,9.9205
E0018,2026-01-19T00:00:00Z,3.5416,0.3038,4.1013,4.7007,5.982,10.3605
E0019,2026-01-19T00:00:00Z,2.4241,1.2617,4.3799,5.3672,5.8949,8.3363
E0020,2026-01-19T00:00:00Z,3.5145,-1.4198,4.173,5.9981,6.0441,9.1124
E0021,2026-01-19T00:00:00Z,2.3374,4.2407,2.5232,4.8919,7.3758,10.3603
E0022,2026-01-19T00:00:00Z,2.5738,1.4106,2.8505,5.0415,6.8676,10.458
E0023,2026-01-19T00:00:00Z,2.3016,-0.2072,2.3984,4.3077,8.3581,9.7803
E0024,2026-01-19T00:00:00Z,2.2114,0.4739,5.1194,4.3154,5.9859,8.9917
E0025,2026-01-19T00:00:00Z,2.7874,1.5072,3.989,5.1886,8.229,8.5465
E0026,2026-01-19T00:00:00Z,3.0421,0.9098,1.8242,5.1359,7.233,8.7387
E0027,2026-01-19T00:00:00Z,2.7137,3.3796,4.1059,5.6157,8.1376,8.5765
E0028,2026-01-19T00:00:00Z,2.6403,1.7642,5.6261,5.0396,6.7069,10.0075
E0029,2026-01-19T00:00:00Z,1.9821,2.9008,4.077,5.2212,5.9922,10.6816
E0030,2026-01-19T00:00:00Z,2.3939,-2.4431,4.7575,5.6633,7.4961,9.0913
E0031,2026-01-19T00:00:00Z,3.4997,-2.601,2.7106,5.1046,8.2515,8.9076
E0032,2026-01-19T00:00:00Z,2.6848,0.3327,3.7008,5.8906,6.1441,10.7461
E0033,2026-01-19T00:00:00Z,2.7175,0.3142,5.0376,5.6089,7.7128,10.5382
E0034,2026-01-19T00:00:00Z,2.3676,3.3718,3.1749,5.5719,8.0486,9.9573
E0035,2026-01-19T00:00:00Z,3.4958,1.6999,2.1913,4.2487,6.4582,9.9026
E0036,2026-01-19T00:00:00Z,3.0162,2.7767,5.0859,5.5587,6.7384,9.6697
E0037,2026-01-19T00:00:00Z,3.1105,0.9645,3.5988,4.5176,5.5659,8.0891
E0038,2026-01-19T00:00:00Z,1.8987,-2.2757,2.3227,5.487,8.9005,9.1396
E0039,2026-01-19T00:00:00Z,2.1652,-0.8129,3.2506,4.473,7.6345,8.8238
E0040,2026-01-19T00:00:00Z,2.8763,-1.5162,3.5405,6.9274,7.341,9.1312
E0041,2026-01-19T00:00:00Z,1.5541,-0.6116,4.6759,5.4444,7.996,9.6793
E0042,2026-01-19T00:00:00Z,2.8007,3.2376,3.1328,5.1837,6.6574,8.715
E0043,2026-01-19T00:00:00Z,3.4857,-0.3504,4.5311,5.9185,9.0472,8.4027
E0044,2026-01-19T00:00:00Z,3.8606,-0.586,5.3874,5.0339,8.3992,8.9824
E0045,2026-01-19T00:00:00Z,2.8993,2.6899,6.366,5.7046,7.6717,7.7123
E0046,2026-01-19T00:00:00Z,2.8997,-0.8602,4.7419,5.6329,7.4324,9.9646
E0047,2026-01-19T00:00:00Z,2.89,0.5725,3.776,5.3673,5.9581,10.6522
E0048,2026-01-19T00:00:00Z,2.9952,3.142,3.8072,6.7281,6.2133,9.2602
E0049,2026-01-19T00:00:00Z,2.0296,0.8413,4.3081,6.3787,7.8895,11.3192
E0050,2026-01-19T00:00:00Z,3.1188,1.3895,3.7638,6.1825,7.285,10.1633
E0051,2026-01-19T00:00:00Z,3.1917,1.1508,4.0288,5.6067,8.0325,8.433
E0052,2026-01-19T00:00:00Z,2.5358,-0.2198,5.444,5.2433,7.5324,8.7564
E0053,2026-01-19T00:00:00Z,2.9283,1.019,2.23,6.0892,6.5392,10.5556
E0054,2026-01-19T00:00:00Z,4.4064,1.8913,3.7145,5.3646,8.3673,9.9976
E0055,2026-01-19T00:00:00Z,2.5823,1.2301,5.2043,5.3751,6.843,10.8979
E0056,2026-01-19T00:00:00Z,3.0321,0.5176,3.4051,5.5316,6.93,10.0325
E0057,2026-01-19T00:00:00Z,2.8961,3.0446,4.2348,5.6578,6.7016,9.4838
E0058,2026-01-19T00:00:00Z,1.7816,1.2521,2.9761,5.5947,6.8046,9.4717
E0059,2026-01-19T00:00:00Z,2.3333,1.8188,0.9831,6.4748,7.778,9.7131
E0060,2026-01-19T00:00:00Z,3.0516,1.1168,3.1361,4.7947,6.2619,9.7374
E0061,2026-01-19T00:00:00Z,3.5003,-0.9639,3.6389,5.6426,7.1153,9.1632
E0062,2026-01-19T00:00:00Z,2.6779,-0.0382,3.1179,4.8605,8.947,10.0013
E0063,2026-01-19T00:00:00Z,2.9826,1.738,2.2343,4.9854,6.1319,9.5231
E0064,2026-01-19T00:00:00Z,3.0222,0.3312,6.5451,4.8587,7.1231,8.264
E0065,2026-01-19T00:00:00Z,2.4369,-0.3376,4.7689,4.7873,8.0543,10.3488
E0066,2026-01-19T00:00:00Z,4.1103,1.3313,3.7392,5.6506,6.8824,10.4438
E0067,2026-01-19T00:00:00Z,2.2422,1.786,2.2633,5.251,7.7367,8.9019
E0068,2026-01-19T00:00:00Z,1.8394,-0.2627,4.3007,5.4613,8.3305,8.9613
E0069,2026-01-19T00:00:00Z,4.27,0.1672,3.1715,4.6931,6.5624,10.3596
E0070,2026-01-19T00:00:00Z,2.9776,-0.6019,5.1302,5.4323,6.9146,9.221
E0071,2026-01-19T00:00:00Z,3.5175,1.8273,2.6091,5.7385,6.2905,7.7438
E0072,2026-01-19T00:00:00Z,3.7081,1.3025,4.1807,5.1576,6.8809,10.4988
E0073,2026-01-19T00:00:00Z,3.3597,0.3909,3.2398,5.2229,7.1208,10.1896
E0074,2026-01-19T00:00:00Z,2.5332,0.2723,2.6175,5.8477,6.7098,9.6864
E0075,2026-01-19T00:00:00Z,2.3654,1.6162,4.0854,5.3527,8.9768,8.7156
E0076,2026-01-19T00:00:00Z,3.2866,-0.4124,3.776,5.9324,6.9979,9.8651
E0077,2026-01-19T00:00:00Z,3.3039,2.8691,6.8912,5.6852,7.7088,7.635
E0078,2026-01-19T00:00:00Z,3.3744,0.0405,2.3847,4.3373,7.0985,9.698
E0079,2026-01-19T00:00:00Z,1.1459,-0.2704,2.1056,6.5421,6.3421,8.0172
E0080,2026-01-19T00:00:00Z,2.0545,0.3681,1.5155,5.7677,8.7533,9.3792
E0081,2026-01-19T00:00:00Z,3.799,3.2735,3.5309,6.0004,5.9655,9.8776
E0082,2026-01-19T00:00:00Z,3.45,1.2257,3.0515,5.5009,6.4859,9.2785
E0083,2026-01-19T00:00:00Z,2.7665,2.108,3.9383,5.6273,8.0673,13.471
E0084,2026-01-19T00:00:00Z,3.6267,0.0884,4.0406,6.0403,7.4955,7.9354
E0085,2026-01-19T00:00:00Z,2.3083,0.3901,2.7173,5.5831,7.0425,10.5927
E0086,2026-01-19T00:00:00Z,2.9643,1.6662,3.7098,5.2965,6.9891,10.6686
E0087,2026-01-19T00:00:00Z,3.4298,2.5762,4.6181,6.1519,6.4736,10.5471
E0088,2026-01-19T00:00:00Z,2.8818,0.6819,2.7911,4.573,8.0672,8.876
E0089,2026-01-19T00:00:00Z,1.6768,1.5688,2.8147,4.968,6.1957,9.9636
E0090,2026-01-19T00:00:00Z,1.9205,-0.5808,3.1502,5.586,7.1961,10.8552
E0091,2026-01-19T00:00:00Z,4.3137,2.8101,3.9034,5.1654,6.3515,11.2212
E0092,2026-01-19T00:00:00Z,3.1459,1.9172,2.0289,5.4774,7.2804,8.5678
E0093,2026-01-19T00:00:00Z,2.673,1.2866,5.3487,5.7932,7.4873,8.3564
E0094,2026-01-19T00:00:00Z,3.3758,1.6064,0.6607,5.0681,5.8266,10.478
E0095,2026-01-19T00:00:00Z,2.8808,-0.0795,4.5001,5.0161,7.8204,9.0868
E0096,2026-01-19T00:00:00Z,2.454,2.7835,1.6873,4.1013,6.512,11.2096
E0097,2026-01-19T00:00:00Z,3.1952,1.7102,2.9266,6.3776,6.9653,9.947
E0098,2026-01-19T00:00:00Z,4.228,0.5959,4.3502,6.129,8.5346,9.453
E0099,2026-01-19T00:00:00Z,3.6399,0.9328,5.076,6.8484,6.1548,9.41
E0100,2026-01-19T00:00:00Z,3.0251,0.0022,3.7714,6.5318,8.2575,8.9706
E0101,2026-01-19T00:00:00Z,3.5106,1.1499,1.4902,5.4953,7.7019,9.0233
E0102,2026-01-19T00:00:00Z,2.6099,3.9159,3.3007,5.3694,6.7508,7.6696
E0103,2026-01-19T00:00:00Z,3.6084,3.5564,4.0618,5.9861,7.0209,11.5451
E0104,2026-01-19T00:00:00Z,2.6384,3.5042,1.0808,5.1484,6.018,8.0436
E0105,2026-01-19T00:00:00Z,3.018,1.886,4.2778,5.1586,8.042,9.581
E0106,2026-01-19T00:00:00Z,2.5965,0.7744,4.891,5.2037,6.9956,8.7266
E0107,2026-01-19T00:00:00Z,3.1992,1.214,5.0818,5.442,6.493,9.8776
E0108,2026-01-19T00:00:00Z,3.1169,0.043,2.8878,5.0803,8.0918,9.8614
E0109,2026-01-19T00:00:00Z,2.9871,1.491,5.17,5.2976,7.3438,10.2957
E0110,2026-01-19T00:00:00Z,1.6726,4.4027,3.3612,6.1047,7.3365,9.7952
E0111,2026-01-19T00:00:00Z,2.8015,1.3019,2.2671,5.8279,7.9722,8.3242
E0112,2026-01-19T00:00:00Z,2.6422,-3.1797,2.9971,4.9255,6.1272,10.0518
E0113,2026-01-19T00:00:00Z,2.7705,1.0102,4.7235,5.8422,7.6121,10.4238
E0114,2026-01-19T00:00:00Z,2.8213,-0.482,4.3681,5.6987,7.2962,9.1732
E0115,2026-01-19T00:00:00Z,3.2028,2.4096,3.1924,6.2735,7.6299,9.7678
E0116,2026-01-19T00:00:00Z,2.0639,-1.6883,5.6532,5.2818,7.9876,10.2615
E0117,2026-01-19T00:00:00Z,3.8156,1.5407,3.549,6.2681,7.6033,11.011
E0118,2026-01-19T00:00:00Z,3.2076,-1.4884,4.6887,5.559,7.0939,7.948
E0119,2026-01-19T00:00:00Z,2.6552,2.0634,4.397,6.0099,5.9035,8.1309
E0120,2026-01-19T00:00:00Z,2.0147,3.6277,1.9769,4.5459,7.5381,7.9859
E0121,2026-01-19T00:00:00Z,2.8579,2.6937,3.3305,4.823,6.8747,8.3793
E0122,2026-01-19T00:00:00Z,1.7447,-0.0481,1.0243,5.7769,7.0322,8.897
E0123,2026-01-19T00:00:00Z,2.7944,2.3032,5.21,4.0154,7.4073,8.9176
E0124,2026-01-19T00:00:00Z,3.8956,4.0591,3.8116,5.0759,7.0823,8.8939
E0125,2026-01-19T00:00:00Z,2.7862,3.7159,3.5228,6.4526,6.9738,9.2802
E0126,2026-01-19T00:00:00Z,3.1279,-0.6853,1.4637,5.9456,6.4741,9.4201
E0127,2026-01-19T00:00:00Z,3.437,1.4238,0.4044,4.8551,7.7384,10.7339
E0128,2026-01-19T00:00:00Z,3.3336,-0.3418,5.193,5.8055,6.937,9.4243
E0129,2026-01-19T00:00:00Z,2.6624,1.3326,2.6859,5.6788,6.7183,7.6582
E0130,2026-01-19T00:00:00Z,3.3775,2.9123,2.7633,4.7437,6.5058,9.3153
E0131,2026-01-19T00:00:00Z,1.8318,2.9067,4.6327,5.0888,8.4242,9.1519
E0132,2026-01-19T00:00:00Z,3.8133,-1.3474,3.4487,6.0495,8.2676,9.5823
E0133,2026-01-19T00:00:00Z,2.3798,-0.3811,2.1777,5.4415,4.9436,9.5316
E0134,2026-01-19T00:00:00Z,2.2489,0.7087,4.422,4.6473,5.6794,8.1151
E0135,2026-01-19T00:00:00Z,3.0248,1.9371,5.4543,5.4164,7.5272,9.7724
E0136,2026-01-19T00:00:00Z,2.2434,-0.1154,2.3075,5.3224,6.119,8.5589
E0137,2026-01-19T00:00:00Z,2.8241,1.2619,2.1415,5.007,4.8496,9.4219
E0138,2026-01-19T00:00:00Z,2.8676,2.1207,6.0826,6.2354,7.6897,8.8197
E0139,2026-01-19T00:00:00Z,3.4325,3.1295,2.3613,7.0483,7.1497,7.8252
E0140,2026-01-19T00:00:00Z,2.5589,-0.4425,2.9701,4.9503,8.5514,8.2479
E0141,2026-01-19T00:00:00Z,2.4509,3.5242,2.4217,5.7721,6.8843,8.9716
E0142,2026-01-19T00:00:00Z,2.5857,2.0718,3.9202,5.254,6.5037,10.6936
E0143,2026-01-19T00:00:00Z,2.6573,3.9481,4.4628,5.3522,5.4091,9.9172
E0144,2026-01-19T00:00:00Z,1.713,0.8116,5.725,4.9895,7.4407,8.7865
E0145,2026-01-19T00:00:00Z,2.4717,-0.3381,4.1083,6.2883,8.8297,9.8338
E0146,2026-01-19T00:00:00Z,2.8932,-0.3076,3.3345,5.0615,7.1974,7.2676
E0147,2026-01-19T00:00:00Z,2.9818,-0.248,2.3795,4.7825,8.0916,10.1772
E0148,2026-01-19T00:00:00Z,3.0077,0.399,2.9318,4.7736,7.9123,10.4087
E0149,2026-01-19T00:00:00Z,2.562,3.3674,4.3856,3.9812,8.532,9.6208
E0000,2026-01-20T00:00:00Z,2.2306,-0.2152,3.296,5.0256,7.2543,8.4064
E0001,2026-01-20T00:00:00Z,3.1747,-0.1266,3.7715,4.3671,5.8749,8.3952
E0002,2026-01-20T00:00:00Z,2.1304,0.9224,5.0853,5.246,6.8331,9.6754
E0003,2026-01-20T00:00:00Z,2.2133,3.5487,2.7159,6.4252,6.926,10.2153
E0004,2026-01-20T00:00:00Z,3.3249,1.5523,4.4262,4.4727,8.3859,11.7094
E0005,2026-01-20T00:00:00Z,3.2335,1.6694,3.0046,4.7382,7.4603,11.6034
E0006,2026-01-20T00:00:00Z,3.1288,1.4129,3.9193,5.9417,6.0059,10.3617
E0007,2026-01-20T00:00:00Z,2.9143,1.8299,3.1066,4.5725,6.5488,9.0339
E0008,2026-01-20T00:00:00Z,3.012,0.0352,3.3682,6.1777,6.6538,8.3167
E0009,2026-01-20T00:00:00Z,1.4009,0.3828,4.065,5.7998,7.9016,8.8152
E0010,2026-01-20T00:00:00Z,4.4214,1.8709,2.3011,5.7714,6.9813,8.7051
E0011,2026-01-20T00:00:00Z,2.8898,0.0196,2.8878,5.6897,7.7957,10.6293
E0012,2026-01-20T00:00:00Z,3.2341,2.8306,1.1988,5.2962,7.7037,10.3066
E0013,2026-01-20T00:00:00Z,2.7218,-1.3035,4.6285,4.8935,7.9796,9.5565
E0014,2026-01-20T00:00:00Z,2.5935,2.1686,4.0394,4.4745,6.6021,10.0747
E0015,2026-01-20T00:00:00Z,2.4698,-0.6438,2.4425,5.996,8.3201,10.151
E0016,2026-01-20T00:00:00Z,2.8034,-1.4251,2.9955,5.539,7.2788,9.0787
E0017,2026-01-20T00:00:00Z,3.0616,-1.7424,4.5974,5.7303,6.7185,10.1311
E0018,2026-01-20T00:00:00Z,3.4344,2.46,4.4822,5.0661,6.6121,11.5057
E0019,2026-01-20T00:00:00Z,2.8671,3.8635,4.8606,5.2117,6.6434,10.6682
E0020,2026-01-20T00:00:00Z,2.6759,-0.0173,3.4984,5.0027,8.6976,9.916
E0021,2026-01-20T00:00:00Z,2.5162,0.3494,2.4536,5.6501,5.7279,10.65
E0022,2026-01-20T00:00:00Z,2.805,1.223,4.7791,5.49,8.2119,8.7401
E0023,2026-01-20T00:00:00Z,3.5564,-0.3768,2.3506,5.5424,5.0831,8.0898
E0024,2026-01-20T00:00:00Z,2.5362,0.6687,4.9902,4.5772,8.2449,8.9435
E0025,2026-01-20T00:00:00Z,3.2195,1.5405,3.8448,5.2401,7.8715,9.6644
E0026,2026-01-20T00:00:00Z,3.4245,2.7689,3.8702,5.124,6.4414,8.9355
E0027,2026-01-20T00:00:00Z,2.592,0.9753,4.7059,4.3137,7.8042,9.7492
E0028,2026-01-20T00:00:00Z,4.8687,2.0931,5.5172,6.0737,7.0773,10.2856
E0029,2026-01-20T00:00:00Z,2.2033,0.2259,6.1549,6.18,7.3338,11.2699
E0030,2026-01-20T00:00:00Z,3.2828,-2.2178,3.5661,5.2616,6.784,8.7479
E0031,2026-01-20T00:00:00Z,2.9344,0.9296,4.3735,6.0891,7.6217,9.777
E0032,2026-01-20T00:00:00Z,3.2081,1.589,4.1879,6.4407,7.0088,8.2628
E0033,2026-01-20T00:00:00Z,3.5986,-0.4096,5.3207,6.0381,6.8642,10.6784
E0034,2026-01-20T00:00:00Z,2.7564,1.2065,4.2339,4.6942,8.6933,10.4495
E0035,2026-01-20T00:00:00Z,3.0136,1.8221,3.4325,5.5297,6.4871,8.467
E0036,2026-01-20T00:00:00Z,2.5131,0.6648,4.2357,5.4026,7.8489,7.9891
E0037,2026-01-20T00:00:00Z,3.3671,-0.5465,5.0797,4.4977,8.0085,10.7955
E0038,2026-01-20T00:00:00Z,4.8916,0.5573,4.5367,4.9683,7.6542,8.1773
E0039,2026-01-20T00:00:00Z,2.6613,1.8704,2.0442,6.0599,4.7636,8.6268
E0040,2026-01-20T00:00:00Z,2.8517,0.8257,3.2987,6.543,8.1717,9.774
E0041,2026-01-20T00:00:00Z,2.6854,-0.1695,3.1928,5.8441,5.4599,9.4561
E0042,2026-01-20T00:00:00Z,2.3313,2.1367,5.1793,5.0247,6.7116,9.4448
E0043,2026-01-20T00:00:00Z,3.4698,1.3495,4.8414,5.6727,7.9683,9.5985
E0044,2026-01-20T00:00:00Z,2.9913,0.6623,4.6885,5.5451,6.9069,11.2675
E0045,2026-01-20T00:00:00Z,1.8925,-1.6228,2.3179,4.8881,6.6022,8.2739
E0046,2026-01-20T00:00:00Z,2.0644,2.9973,1.301,6.0226,7.4608,9.0941
E0047,2026-01-20T00:00:00Z,3.3384,0.0846,4.3153,5.4093,5.9896,8.5156
E0048,2026-01-20T00:00:00Z,2.062,-1.4095,3.1152,4.4715,7.9001,10.2874
E0049,2026-01-20T00:00:00Z,1.9755,1.4362,5.1492,5.4644,7.0104,10.5491
E0050,2026-01-20T00:00:00Z,2.4901,0.4996,3.5661,5.6016,6.7415,8.0624
E0051,2026-01-20T00:00:00Z,3.2703,0.3474,5.2992,5.0612,7.0443,9.3271
E0052,2026-01-20T00:00:00Z,3.7846,-1.3722,4.3739,4.6874,7.6222,8.2127
E0053,2026-01-20T00:00:00Z,3.6441,0.5184,4.3732,7.017,7.4006,9.6123
E0054,2026-01-20T00:00:00Z,3.0919,-1.1311,4.3849,4.26,6.8021,9.5399
E0055,2026-01-20T00:00:00Z,2.1084,1.6825,6.4629,4.9277,8.1276,9.062
E0056,2026-01-20T00:00:00Z,3.4803,-0.6502,2.2802,5.4022,7.0944,8.7926
E0057,2026-01-20T00:00:00Z,2.2971,1.4974,4.5189,6.0265,7.7673,8.8363
E0058,2026-01-20T00:00:00Z,3.7453,-2.8742,2.1434,4.507,7.3612,10.5183
E0059,2026-01-20T00:00:00Z,2.6081,-2.5171,3.6128,5.6499,7.7835,9.0275
E0060,2026-01-20T00:00:00Z,2.633,0.826,2.4577,4.9099,7.2595,10.2242
E0061,2026-01-20T00:00:00Z,2.7309,1.3711,4.1813,4.7172,5.8662,8.5255
E0062,2026-01-20T00:00:00Z,3.9564,0.8159,3.5472,6.4934,6.0724,6.2005
E0063,2026-01-20T00:00:00Z,1.0483,-0.7905,6.0938,4.6575,7.9784,9.3679
E0064,2026-01-20T00:00:00Z,3.1052,1.6352,3.9879,5.8668,6.6898,11.936
E0065,2026-01-20T00:00:00Z,2.901,0.6775,2.9461,6.5332,8.5918,9.9161
E0066,2026-01-20T00:00:00Z,2.4965,-0.2497,2.8425,5.445,4.6094,8.1015
E0067,2026-01-20T00:00:00Z,2.9807,0.5173,3.8405,5.2777,6.6428,9.3486
E0068,2026-01-20T00:00:00Z,2.8733,2.2351,3.5748,5.0401,6.0465,10.0401
E0069,2026-01-20T00:00:00Z,2.4455,0.6046,1.7732,6.367,7.7849,6.6446
E0070,2026-01-20T00:00:00Z,3.3372,-0.2068,2.7816,6.7605,7.282,10.1486
E0071,2026-01-20T00:00:00Z,2.9545,2.8464,3.7808,5.5265,6.1664,8.4683
E0072,2026-01-20T00:00:00Z,2.5936,3.7041,3.7298,5.387,7.8538,9.6349
E0073,2026-01-20T00:00:00Z,2.6869,2.9186,3.3987,5.3718,7.5785,9.3236
E0074,2026-01-20T00:00:00Z,3.3892,3.0423,5.1013,6.0492,7.0737,8.6347
E0075,2026-01-20T00:00:00Z,1.6312,-0.3156,5.3765,4.9192,7.6075,8.6501
E0076,2026-01-20T00:00:00Z,2.7814,0.6742,3.7359,5.3294,7.5856,10.6455
E0077,2026-01-20T00:00:00Z,2.218,-0.45,5.0527,6.1576,6.7388,8.0675
E0078,2026-01-20T00:00:00Z,2.0939,2.677,2.7233,5.5387,6.7711,9.8938
E0079,2026-01-20T00:00:00Z,3.2986,-0.2073,2.8645,5.1703,8.2858,10.6333
E0080,2026-01-20T00:00:00Z,2.329,2.7349,3.1503,5.8813,8.4549,8.7699
E0081,2026-01-20T00:00:00Z,3.6642,4.2029,4.3765,4.8865,8.7455,9.3862
E0082,2026-01-20T00:00:00Z,3.3347,2.0986,3.414,4.4758,7.8058,8.9651
E0083,2026-01-20T00:00:00Z,2.5239,-1.2257,4.7418,5.9685,6.0662,7.4037
E0084,2026-01-20T00:00:00Z,3.5735,3.0923,2.3495,4.7455,7.9193,10.4109
E0085,2026-01-20T00:00:00Z,3.4572,3.5704,4.3312,5.3819,8.7504,9.1014
E0086,2026-01-20T00:00:00Z,3.6095,-1.8129,5.1343,6.0596,7.6325,8.9529
E0087,2026-01-20T00:00:00Z,3.1602,0.1274,1.713,5.3786,6.8771,9.7886
E0088,2026-01-20T00:00:00Z,2.5648,0.965,5.4369,5.4751,6.1013,8.3828
E0089,2026-01-20T00:00:00Z,2.868,-0.0416,3.6215,6.0507,6.0503,9.9467
E0090,2026-01-20T00:00:00Z,2.5635,2.5674,4.5014,5.5885,7.5527,10.6211
E0091,2026-01-20T00:00:00Z,2.6047,0.7621,2.5444,5.751,7.9891,9.8536
E0092,2026-01-20T00:00:00Z,2.3457,-2.1154,1.9211,4.5152,6.6077,11.0862
E0093,2026-01-20T00:00:00Z,3.5236,-0.6842,4.5957,5.2914,8.8349,9.0388
E0094,2026-01-20T00:00:00Z,1.3316,0.2392,3.1717,5.5866,7.7338,9.7141
E0095,2026-01-20T00:00:00Z,3.0295,1.5655,4.1307,3.9116,8.4222,9.3798
E0096,2026-01-20T00:00:00Z,3.4081,1.1358,5.2638,5.7189,6.5095,9.3277
E0097,2026-01-20T00:00:00Z,2.2761,2.133,5.7341,5.6924,7.0486,10.5505
E0098,2026-01-20T00:00:00Z,1.7006,3.1784,2.2257,5.6657,6.7641,10.6864
E0099,2026-01-20T00:00:00Z,2.3619,0.7387,2.5566,4.1808,8.1208,10.522
E0100,2026-01-20T00:00:00Z,3.962,1.6475,4.7068,5.2198,6.9558,11.3647
E0101,2026-01-20T00:00:00Z,3.3083,2.0592,4.1199,6.1307,7.4502,10.8803
E0102,2026-01-20T00:00:00Z,2.9227,4.7323,3.6977,4.8291,7.0175,10.1551
E0103,2026-01-20T00:00:00Z,2.9411,-2.5528,5.0735,5.2173,6.5544,9.5629
E0104,2026-01-20T00:00:00Z,2.21,0.893,1.1731,5.3177,9.2067,9.4569
E0105,2026-01-20T00:00:00Z,2.7393,1.696,4.3231,4.5124,7.0849,9.34
E0106,2026-01-20T00:00:00Z,3.5696,0.1299,5.8968,5.9097,6.9146,7.5224
E0107,2026-01-20T00:00:00Z,2.451,-1.006,2.4742,6.6647,7.3563,8.9417
E0108,2026-01-20T00:00:00Z,1.8127,0.2794,4.0266,5.2725,6.2467,10.1894
E0109,2026-01-20T00:00:00Z,1.9705,1.1817,0.8003,6.4157,5.9967,8.2785
E0110,2026-01-20T00:00:00Z,2.2824,1.2379,3.4374,5.1732,7.4257,8.512
E0111,2026-01-20T00:00:00Z,2.7038,-1.1115,2.6685,6.1052,6.8528,7.397
E0112,2026-01-20T00:00:00Z,3.2341,1.6061,4.9226,5.0896,7.0666,10.7501
E0113,2026-01-20T00:00:00Z,3.5425,0.9145,3.0736,5.3154,6.9087,9.1302
E0114,2026-01-20T00:00:00Z,2.8171,1.5051,1.9523,6.2105,4.7369,9.347
E0115,2026-01-20T00:00:00Z,2.1511,0.9371,6.6762,5.2529,7.2676,11.3594
E0116,2026-01-20T00:00:00Z,3.6455,-0.4473,4.2364,4.961,9.1206,8.7729
E0117,2026-01-20T00:00:00Z,2.8734,3.3053,4.5683,5.4364,8.7616,9.3211
E0118,2026-01-20T00:00:00Z,4.2002,2.4648,4.4637,4.4431,6.856,8.8702
E0119,2026-01-20T00:00:00Z,2.6017,-0.7126,1.8104,4.6628,7.7733,8.5681
E0120,2026-01-20T00:00:00Z,2.4132,2.3435,2.8877,5.0253,7.7411,8.1836
E0121,2026-01-20T00:00:00Z,2.3646,1.2234,1.5286,5.7743,7.6805,9.6822
E0122,2026-01-20T00:00:00Z,1.7335,4.6455,3.6012,5.6053,7.5815,9.6222
E0123,2026-01-20T00:00:00Z,3.6319,-1.3517,3.9018,4.8541,7.9646,9.4384
E0124,2026-01-20T00:00:00Z,3.4666,1.5181,3.881,5.662,5.974,9.8832
E0125,2026-01-20T00:00:00Z,2.414,2.4209,5.2688,5.8659,7.0246,10.5761
E0126,2026-01-20T00:00:00Z,3.7319,4.0442,2.4787,5.3112,5.6581,9.1007
E0127,2026-01-20T00:00:00Z,4.2058,0.4836,1.3393,5.9499,8.3338,8.1972
E0128,2026-01-20T00:00:00Z,1.9587,2.3095,0.4848,5.4719,7.2104,10.1747
E0129,2026-01-20T00:00:00Z,2.4032,2.0331,4.0618,6.18,6.9448,10.007
E0130,2026-01-20T00:00:00Z,2.4011,0.402,2.5569,5.8247,7.609,9.7075
E0131,2026-01-20T00:00:00Z,2.9592,-0.4607,7.8292,5.7638,7.7876,8.875
E0132,2026-01-20T00:00:00Z,3.6085,-2.8456,5.2852,5.3603,6.6533,9.763
E0133,2026-01-20T00:00:00Z,3.6407,1.3741,4.8951,5.305,5.7786,9.7631
E0134,2026-01-20T00:00:00Z,1.5861,0.7767,2.3137,4.4719,6.803,8.956
E0135,2026-01-20T00:00:00Z,2.4878,0.1916,3.4503,4.7572,6.5274,8.8584
E0136,2026-01-20T00:00:00Z,3.0817,-0.2099,3.4241,5.3603,7.0098,8.8795
E0137,2026-01-20T00:00:00Z,1.022,2.0766,1.6251,5.622,8.5998,8.6145
E0138,2026-01-20T00:00:00Z,4.6877,-2.8868,2.6268,5.0127,9.0694,7.8249
E0139,2026-01-20T00:00:00Z,4.2378,-0.6031,5.2167,5.417,7.0535,9.5723
E0140,2026-01-20T00:00:00Z,2.3454,1.1354,3.3819,5.2613,7.3424,9.8168
E0141,2026-01-20T00:00:00Z,2.702,0.8214,5.1964,5.1227,7.5591,8.981
E0142,2026-01-20T00:00:00Z,3.3297,-1.2021,3.616,5.3116,7.1315,9.358
E0143,2026-01-20T00:00:00Z,2.0455,1.2914,4.5298,5.4504,6.7985,10.6845
E0144,2026-01-20T00:00:00Z,2.5047,1.3223,3.6624,5.8053,4.7312,9.5175
E0145,2026-01-20T00:00:00Z,2.0036,2.3095,3.9026,3.9653,8.2447,10.0335
E0146,2026-01-20T00:00:00Z,2.6498,-0.4785,4.9211,5.7325,6.9905,11.6476
E0147,2026-01-20T00:00:00Z,2.4112,2.6717,7.29,5.0736,7.4939,10.0653
E0148,2026-01-20T00:00:00Z,3.0624,1.4384,4.2523,4.7637,7.1883,9.8409
E0149,2026-01-20T00:00:00Z,4.6206,2.8146,4.0662,5.4381,8.5137,9.6302
E0000,2026-01-21T00:00:00Z,3.5088,1.6916,4.8355,5.5638,7.5726,11.7249
E0001,2026-01-21T00:00:00Z,2.9391,-0.349,1.8604,5.9684,9.3884,7.2374
E0002,2026-01-21T00:00:00Z,1.7907,0.9724,2.9518,5.1835,6.2517,8.0912
E0003,2026-01-21T00:00:00Z,2.3008,1.7356,2.6934,6.0703,7.3419,9.5603
E0004,2026-01-21T00:00:00Z,2.4426,0.2355,3.7705,5.72,7.3288,11.6377
E0005,2026-01-21T00:00:00Z,2.3172,-0.8375,3.3867,4.9545,7.671,11.2429
E0006,2026-01-21T00:00:00Z,2.5804,0.0053,5.5683,5.0681,8.3828,9.4633
E0007,2026-01-21T00:00:00Z,3.0311,1.1962,4.3577,6.3487,7.4531,9.4928
E0008,2026-01-21T00:00:00Z,3.1658,0.4267,4.5004,5.9175,7.4854,10.2252
E0009,2026-01-21T00:00:00Z,3.2546,1.7693,4.5024,5.9728,7.6088,8.479
E0010,2026-01-21T00:00:00Z,2.2702,2.2612,2.3898,4.9564,7.3015,10.6705
E0011,2026-01-21T00:00:00Z,3.1441,-1.7307,3.5663,4.7355,6.064,8.1784
E0012,2026-01-21T00:00:00Z,3.8532,1.7289,2.0253,5.0797,6.7431,9.3044
E0013,2026-01-21T00:00:00Z,2.8083,0.1612,5.7109,5.6328,7.9015,9.7928
E0014,2026-01-21T00:00:00Z,2.4231,-0.9912,3.6507,5.3035,6.263,9.2357
E0015,2026-01-21T00:00:00Z,3.8229,0.2626,5.7012,5.6003,7.4092,8.4175
E0016,2026-01-21T00:00:00Z,2.9831,0.4355,6.2215,6.8921,7.7263,7.5689
E0017,2026-01-21T00:00:00Z,3.825,1.4972,4.8278,4.8361,8.4622,10.5833
E0018,2026-01-21T00:00:00Z,3.5682,0.5955,3.0072,5.6793,6.0922,10.344
E0019,2026-01-21T00:00:00Z,3.3131,2.8533,4.957,5.1139,7.5249,9.9534
E0020,2026-01-21T00:00:00Z,2.0456,-1.3445,4.3864,6.3898,6.0945,8.9107
E0021,2026-01-21T00:00:00Z,3.2991,1.8881,2.986,5.3905,6.0277,9.4416
E0022,2026-01-21T00:00:00Z,2.6947,3.9794,3.7456,5.501,6.7721,9.0392
E0023,2026-01-21T00:00:00Z,3.6068,3.2849,3.5991,5.3301,7.0802,8.9585
E0024,2026-01-21T00:00:00Z,2.9924,1.3475,2.0807,5.0578,9.1779,7.641
E0025,2026-01-21T00:00:00Z,2.3027,1.8035,4.7664,4.9955,7.472,9.082
E0026,2026-01-21T00:00:00Z,2.5133,-0.4766,2.1163,4.2219,8.4003,10.0921
E0027,2026-01-21T00:00:00Z,3.8962,-0.3033,4.9156,5.5875,8.2713,9.7673
E0028,2026-01-21T00:00:00Z,1.8512,-1.3112,0.7883,5.4408,8.2434,8.9626
E0029,2026-01-21T00:00:00Z,3.1226,2.5421,5.8756,5.6857,7.8926,10.2211
E0030,2026-01-21T00:00:00Z,3.3666,0.6323,4.9332,4.9447,6.4679,9.1232
E0031,2026-01-21T00:00:00Z,3.1859,1.2767,5.3111,4.001,7.8134,9.8354
E0032,2026-01-21T00:00:00Z,2.035,2.6092,3.9499,5.3725,7.7756,11.556
E0033,2026-01-21T00:00:00Z,3.1365,1.1964,2.6066,5.9736,7.3619,11.0135
E0034,2026-01-21T00:00:00Z,2.2467,2.3787,1.5151,5.4151,7.7809,9.6568
E0035,2026-01-21T00:00:00Z,3.1798,0.0098,1.1302,5.2828,6.8841,9.3483
E0036,2026-01-21T00:00:00Z,2.6792,0.0805,3.5541,5.6271,7.3243,7.6853
E0037,2026-01-21T00:00:00Z,2.7795,3.0207,2.0946,4.7082,7.3909,8.6756
E0038,2026-01-21T00:00:00Z,1.7458,0.9415,2.4096,6.0076,8.0938,10.3153
E0039,2026-01-21T00:00:00Z,2.833,-0.942,4.7918,5.3309,6.8333,9.3001
E0040,2026-01-21T00:00:00Z,3.6864,0.6701,2.8534,5.4889,6.8041,9.6802
E0041,2026-01-21T00:00:00Z,2.4376,0.3776,4.5966,5.5288,7.0492,10.2546
E0042,2026-01-21T00:00:00Z,2.9976,-2.2865,3.3974,5.9057,7.8902,8.7916
E0043,2026-01-21T00:00:00Z,1.2049,0.5725,2.3601,4.9569,7.6366,8.6688
E0044,2026-01-21T00:00:00Z,1.8522,2.7755,3.7126,5.6959,7.1758,9.3246
E0045,2026-01-21T00:00:00Z,1.9963,-1.2971,2.9049,5.6119,7.8962,8.0494
E0046,2026-01-21T00:00:00Z,3.1713,2.6965,3.4084,6.1145,7.871,9.3412
E0047,2026-01-21T00:00:00Z,2.1128,1.3545,3.4656,6.1147,6.9909,10.4549
E0048,2026-01-21T00:00:00Z,2.9347,0.6657,3.956,5.0184,6.8924,8.8391
E0049,2026-01-21T00:00:00Z,1.9853,1.2049,2.994,5.1314,7.0572,10.2003
E0050,2026-01-21T00:00:00Z,2.6837,0.9209,0.3501,5.3214,5.6561,11.2015
E0051,2026-01-21T00:00:00Z,1.6253,1.3359,4.8842,4.5697,8.4044,8.5336
E0052,2026-01-21T00:00:00Z,2.9306,1.8784,2.8416,5.729,6.523,10.3478
E0053,2026-01-21T00:00:00Z,2.7154,-0.8781,3.4019,5.3626,7.9625,8.2656
E0054,2026-01-21T00:00:00Z,3.5297,-0.2381,3.4311,4.7949,9.2054,8.6449
E0055,2026-01-21T00:00:00Z,3.7893,2.965,3.8933,6.2297,7.0205,9.682
E0056,2026-01-21T00:00:00Z,3.4334,0.0573,1.3813,5.8931,8.2478,10.0097
E0057,2026-01-21T00:00:00Z,3.8973,-1.2829,2.7965,5.3451,7.0121,8.4174
E0058,2026-01-21T00:00:00Z,3.7566,2.2882,2.9597,5.7714,6.5831,10.306
E0059,2026-01-21T00:00:00Z,4.0308,2.3195,4.8015,5.4999,5.8847,8.1947
E0060,2026-01-21T00:00:00Z,2.7737,0.8325,3.8323,5.7008,8.0371,9.537
E0061,2026-01-21T00:00:00Z,3.7775,1.6244,2.7393,4.9867,8.1954,10.7483
E0062,2026-01-21T00:00:00Z,2.7472,0.0093,4.1327,4.9724,6.286,8.4779
E0063,2026-01-21T00:00:00Z,2.3731,3.1618,4.9855,5.3099,5.4651,9.8838
E0064,2026-01-21T00:00:00Z,2.8809,0.706,2.3654,4.9424,6.8325,10.5062
E0065,2026-01-21T00:00:00Z,4.4549,-0.4907,3.2917,6.3643,8.8418,8.8792
E0066,2026-01-21T00:00:00Z,3.8753,1.0309,4.4234,4.6677,7.3685,10.8928
E0067,2026-01-21T00:00:00Z,3.5674,-0.0907,2.5126,5.0473,6.7334,10.9194
E0068,2026-01-21T00:00:00Z,2.2372,4.6154,3.1791,5.5993,7.6493,10.4328
E0069,2026-01-21T00:00:00Z,2.1634,3.2412,2.1145,5.4093,7.0302,8.6578
E0070,2026-01-21T00:00:00Z,1.9702,0.5036,3.0859,5.3096,7.5208,10.5235
E0071,2026-01-21T00:00:00Z,1.9615,1.3504,0.6539,5.485,8.5743,12.7699
E0072,2026-01-21T00:00:00Z,3.3144,3.4841,5.5399,5.2006,7.3046,10.6947
E0073,2026-01-21T00:00:00Z,4.0486,1.9693,2.029,6.2532,4.7425,11.0509
E0074,2026-01-21T00:00:00Z,3.9108,0.0698,1.0662,5.3821,4.9255,9.1559
E0075,2026-01-21T00:00:00Z,2.6266,-0.437,3.8154,5.7772,7.3875,9.0886
E0076,2026-01-21T00:00:00Z,2.6789,-0.3194,4.3772,5.4127,7.2793,9.8062
E0077,2026-01-21T00:00:00Z,2.7003,2.4235,5.3916,5.8441,8.0324,9.2046
E0078,2026-01-21T00:00:00Z,2.5734,1.1781,1.3021,7.3469,5.84,10.9282
E0079,2026-01-21T00:00:00Z,2.5476,0.4347,3.4789,5.7366,7.9296,8.6699
E0080,2026-01-21T00:00:00Z,3.3445,1.033,3.2855,5.1872,7.4874,7.5051
E0081,2026-01-21T00:00:00Z,4.3466,1.9966,3.0457,4.8179,6.5643,9.025
E0082,2026-01-21T00:00:00Z,2.5271,0.6103,3.3484,5.2448,7.0418,9.0832
E0083,2026-01-21T00:00:00Z,2.7487,2.4142,2.057,5.358,7.9388,10.3947
E0084,2026-01-21T00:00:00Z,2.9792,-2.4898,2.947,5.7372,8.7232,9.8151
E0085,2026-01-21T00:00:00Z,2.8215,0.1686,1.685,5.8509,8.0083,9.197
E0086,2026-01-21T00:00:00Z,3.1385,2.1668,4.929,5.5806,7.3658,10.6132
E0087,2026-01-21T00:00:00Z,2.6084,5.4213,4.5402,5.5044,7.2573,7.8849
E0088,2026-01-21T00:00:00Z,3.7404,0.1052,3.3741,4.7877,6.732,8.7299
E0089,2026-01-21T00:00:00Z,1.8097,3.2188,3.5334,5.1216,7.2378,8.5643
E0090,2026-01-21T00:00:00Z,1.5931,1.8303,5.509,4.3061,8.3527,8.4595
E0091,2026-01-21T00:00:00Z,1.7468,2.1094,2.7826,5.2431,6.9483,8.8759
E0092,2026-01-21T00:00:00Z,2.8559,1.9878,4.76,5.707,6.03,8.9746
E0093,2026-01-21T00:00:00Z,1.4503,2.6285,4.6225,5.0919,7.0306,7.8867
E0094,2026-01-21T00:00:00Z,2.175,-0.4354,2.6627,5.6648,6.9341,8.4917
E0095,2026-01-21T00:00:00Z,2.0102,-1.0635,2.8244,5.6832,7.9645,9.647
E0096,2026-01-21T00:00:00Z,2.3587,-0.3072,1.6144,4.182,7.9542,10.3524
E0097,2026-01-21T00:00:00Z,2.6899,1.4484,3.6356,4.8728,7.9958,9.649
E0098,2026-01-21T00:00:00Z,3.0707,1.5152,3.7305,6.2259,5.6419,9.5405
E0099,2026-01-21T00:00:00Z,3.6705,2.2511,5.2741,4.8359,7.1829,7.7222
E0100,2026-01-21T00:00:00Z,2.2635,0.6194,4.6224,6.0504,7.0657,9.1362
E0101,2026-01-21T00:00:00Z,1.5717,-0.7199,2.7548,4.1428,6.2208,8.6917
E0102,2026-01-21T00:00:00Z,3.7635,2.9462,4.705,5.0693,7.1795,8.1383
E0103,2026-01-21T00:00:00Z,4.3751,2.2054,2.2305,4.7882,8.1469,10.509
E0104,2026-01-21T00:00:00Z,3.3312,0.7206,4.7521,5.4373,10.0945,8.127
E0105,2026-01-21T00:00:00Z,2.1583,2.743,4.8822,4.9491,7.9604,9.5434
E0106,2026-01-21T00:00:00Z,2.2997,3.9924,3.4767,6.1775,7.1938,9.772
E0107,2026-01-21T00:00:00Z,2.0122,0.6419,4.4635,5.5778,6.4823,10.105
E0108,2026-01-21T00:00:00Z,3.133,1.9634,3.4047,6.8442,6.5675,10.6741
E0109,2026-01-21T00:00:00Z,3.5334,1.2019,4.2186,4.6125,7.9368,11.7886
E0110,2026-01-21T00:00:00Z,3.14,1.4169,3.6404,6.3939,7.6019,9.8222
E0111,2026-01-21T00:00:00Z,3.1821,2.9876,3.8332,6.3304,7.7205,10.9422
E0112,2026-01-21T00:00:00Z,3.4446,2.6749,1.4405,5.7516,8.6113,8.5482
E0113,2026-01-21T00:00:00Z,4.0446,0.1265,3.694,5.8925,7.7542,9.9863
E0114,2026-01-21T00:00:00Z,2.217,1.7293,4.5014,6.0416,7.0927,8.7763
E0115,2026-01-21T00:00:00Z,2.7531,-0.4104,4.736,5.5479,6.8249,10.5823
E0116,2026-01-21T00:00:00Z,3.3638,-1.9332,4.3847,6.3567,7.9231,8.7767
E0117,2026-01-21T00:00:00Z,3.2464,-0.1334,2.8752,5.6587,6.9756,9.3993
E0118,2026-01-21T00:00:00Z,4.1457,2.4132,3.7375,5.7812,7.9025,9.1222
E0119,2026-01-21T00:00:00Z,2.8149,2.9595,2.1998,5.3818,7.8826,9.6508
E0120,2026-01-21T00:00:00Z,3.0636,3.5239,5.2243,5.8547,5.4983,10.8558
E0121,2026-01-21T00:00:00Z,2.1151,3.8993,3.2405,6.1501,6.4982,8.8123
E0122,2026-01-21T00:00:00Z,2.6013,1.9885,1.3273,6.0731,7.1928,10.5351
E0123,2026-01-21T00:00:00Z,3.5996,0.1441,5.4412,5.3963,5.4569,9.8835
E0124,2026-01-21T00:00:00Z,1.9918,3.1995,3.7952,6.1774,6.6026,8.7189
E0125,2026-01-21T00:00:00Z,3.4739,-0.302,2.2832,5.2361,6.7426,9.6333
E0126,2026-01-21T00:00:00Z,1.6115,0.2299,4.1573,6.1686,6.6118,9.3486
E0127,2026-01-21T00:00:00Z,3.2221,-0.8352,3.4644,5.6035,8.1529,10.655
E0128,2026-01-21T00:00:00Z,1.749,-0.1763,3.0926,6.1338,8.0768,9.7724
E0129,2026-01-21T00:00:00Z,2.8149,2.1473,4.6711,5.5582,8.6338,9.0936
E0130,2026-01-21T00:00:00Z,3.145,0.5181,3.4983,6.0529,7.5586,8.7607
E0131,2026-01-21T00:00:00Z,3.0366,-1.7,2.241,5.3498,5.8587,10.3094
E0132,2026-01-21T00:00:00Z,2.8585,-0.0731,2.3644,4.5131,5.7974,9.3308
E0133,2026-01-21T00:00:00Z,2.5517,-0.6194,5.9828,5.2673,7.3105,9.9798
E0134,2026-01-21T00:00:00Z,3.7423,0.2634,3.103,5.175,5.6397,8.6937
E0135,2026-01-21T00:00:00Z,1.5046,0.0193,3.807,5.5114,6.4837,9.5341
E0136,2026-01-21T00:00:00Z,2.5961,4.6293,4.2544,5.5282,9.8547,10.4506
E0137,2026-01-21T00:00:00Z,2.9595,2.9461,5.1257,5.4618,8.5874,9.5778
E0138,2026-01-21T00:00:00Z,3.3847,1.4144,5.3416,6.5389,6.6466,7.6545
E0139,2026-01-21T00:00:00Z,2.6967,-1.0295,4.2826,6.0525,6.2545,10.1896
E0140,2026-01-21T00:00:00Z,3.2806,1.8922,3.2642,5.7386,7.276,9.8187
E0141,2026-01-21T00:00:00Z,3.5651,1.9288,2.852,6.1409,8.183,10.586
E0142,2026-01-21T00:00:00Z,0.292,1.1738,2.3575,5.8991,7.9128,10.0323
E0143,2026-01-21T00:00:00Z,3.6515,2.6909,6.0395,5.328,6.1337,9.3101
E0144,2026-01-21T00:00:00Z,2.4277,-2.0632,5.2819,6.2969,8.0491,10.4441
E0145,2026-01-21T00:00:00Z,2.8512,2.6638,3.5358,5.7586,8.2679,8.1814
E0146,2026-01-21T00:00:00Z,3.7235,-1.1831,4.4084,5.4326,7.3644,8.0477
E0147,2026-01-21T00:00:00Z,2.8464,1.1301,4.4739,6.1639,8.277,11.5741
E0148,2026-01-21T00:00:00Z,3.7477,0.6097,3.6099,5.7225,7.6405,8.9571
E0149,2026-01-21T00:00:00Z,1.8625,-0.1314,4.9168,5.223,5.8792,10.605
E0000,2026-01-22T00:00:00Z,2.7956,0.5671,3.3892,6.208,7.1614,9.8482
E0001,2026-01-22T00:00:00Z,2.2503,2.0865,2.7972,4.6769,7.9414,10.1604
E0002,2026-01-22T00:00:00Z,3.5603,0.1061,3.8994,5.5595,7.7471,8.797
E0003,2026-01-22T00:00:00Z,3.1302,0.7592,4.1846,5.9583,9.8212,9.6563
E0004,2026-01-22T00:00:00Z,2.7651,-1.579,3.0211,5.1166,5.6213,10.5409
E0005,2026-01-22T00:00:00Z,2.2726,0.7294,3.6679,6.5083,6.1508,8.7064
E0006,2026-01-22T00:00:00Z,3.8054,-1.7506,4.4694,5.8895,6.1227,9.4504
E0007,2026-01-22T00:00:00Z,4.199,-1.0045,4.4619,5.2839,8.1411,9.7165
E0008,2026-01-22T00:00:00Z,3.1536,0.0179,5.2943,4.8609,6.4724,8.7808
E0009,2026-01-22T00:00:00Z,1.5466,0.3873,4.9514,4.759,7.523,10.9197
E0010,2026-01-22T00:00:00Z,3.4275,1.9537,3.5564,5.226,7.4733,8.5487
E0011,2026-01-22T00:00:00Z,2.445,0.0905,3.5879,5.7963,7.6804,10.5997
E0012,2026-01-22T00:00:00Z,3.0478,0.5207,4.0916,6.284,5.7176,10.7361
E0013,2026-01-22T00:00:00Z,3.1949,1.1812,1.7118,6.0009,7.2028,9.0544
E0014,2026-01-22T00:00:00Z,3.183,1.0931,1.8353,5.3248,7.0014,8.8495
E0015,2026-01-22T00:00:00Z,3.0184,0.4604,3.3403,5.5895,5.9647,10.4829
E0016,2026-01-22T00:00:00Z,2.7626,2.051,2.8182,6.157,7.4483,8.4958
E0017,2026-01-22T00:00:00Z,3.7103,-2.4659,3.8061,4.7365,7.4985,10.076
E0018,2026-01-22T00:00:00Z,3.8526,2.6625,6.2512,6.3088,7.2784,8.4792
E0019,2026-01-22T00:00:00Z,4.5516,1.2444,3.3085,5.4934,7.7658,9.0727
E0020,2026-01-22T00:00:00Z,4.0833,3.4268,4.8048,5.5627,8.294,9.9202
E0021,2026-01-22T00:00:00Z,1.9628,1.4569,3.3338,5.4381,7.2611,8.9711
E0022,2026-01-22T00:00:00Z,2.1566,1.34,3.1974,4.7256,7.9205,9.1271
E0023,2026-01-22T00:00:00Z,3.3069,1.6737,4.1851,5.4292,7.5441,11.4534
E0024,2026-01-22T00:00:00Z,3.0997,-1.0543,0.7772,5.4477,7.5637,8.2864
E0025,2026-01-22T00:00:00Z,4.9686,4.4358,1.6055,6.5725,6.6945,9.0843
E0026,2026-01-22T00:00:00Z,2.7019,1.5894,4.501,5.3499,5.4418,9.918
E0027,2026-01-22T00:00:00Z,3.662,0.0795,3.2117,5.3585,5.7046,8.6418
E0028,2026-01-22T00:00:00Z,2.6961,3.8909,3.5036,6.2628,8.8896,8.8855
E0029,2026-01-22T00:00:00Z,3.3124,0.754,3.8152,5.2251,8.7507,9.4259
E0030,2026-01-22T00:00:00Z,1.8388,0.3842,4.8852,5.1668,10.0878,8.4102
E0031,2026-01-22T00:00:00Z,3.0922,-1.3844,5.9609,6.0807,6.8622,11.3262
E0032,2026-01-22T00:00:00Z,2.2707,4.6805,4.6199,6.7359,6.4303,9.9307
E0033,2026-01-22T00:00:00Z,2.8088,-0.1529,1.9769,6.4382,7.1472,8.3991
E0034,2026-01-22T00:00:00Z,3.4992,0.7464,4.8893,4.6293,7.4218,9.2734
E0035,2026-01-22T00:00:00Z,3.5105,1.7641,2.4269,5.7636,6.5754,10.7965
E0036,2026-01-22T00:00:00Z,2.8991,-0.411,5.5453,7.4607,8.0448,10.887
E0037,2026-01-22T00:00:00Z,1.5317,-0.4159,3.8608,5.7972,8.1623,9.9703
E0038,2026-01-22T00:00:00Z,1.7639,-1.3122,1.252,5.4038,7.3247,9.3853
E0039,2026-01-22T00:00:00Z,3.3677,0.8284,2.9123,5.7442,8.9844,8.5598
E0040,2026-01-22T00:00:00Z,2.5106,1.0696,6.0574,5.721,7.5931,10.3691
E0041,2026-01-22T00:00:00Z,2.5933,1.4698,5.8957,5.0389,7.7822,9.4517
E0042,2026-01-22T00:00:00Z,2.861,1.5937,3.0066,5.4113,6.3749,9.6489
E0043,2026-01-22T00:00:00Z,2.9695,-0.1603,3.0946,4.8842,6.1045,8.609
E0044,2026-01-22T00:00:00Z,1.9416,-0.2096,2.8269,5.5966,7.857,11.4202
E0045,2026-01-22T00:00:00Z,2.3558,3.5307,5.0883,4.9467,7.1426,7.5051
E0046,2026-01-22T00:00:00Z,2.9638,-2.2889,3.6358,5.3366,6.3739,10.6513
E0047,2026-01-22T00:00:00Z,3.0509,-2.0372,5.2323,4.4626,8.2574,9.1454
E0048,2026-01-22T00:00:00Z,3.4899,0.0094,5.5816,3.6904,9.284,9.9191
E0049,2026-01-22T00:00:00Z,3.1694,-0.3133,3.917,5.7216,6.6025,9.1008
E0050,2026-01-22T00:00:00Z,2.4309,-0.1141,4.0739,5.8369,6.6642,10.2433
E0051,2026-01-22T00:00:00Z,3.1753,0.7872,2.6141,4.2866,8.8339,9.3096
E0052,2026-01-22T00:00:00Z,3.5386,-0.6819,3.8405,6.2603,6.5164,9.1002
E0053,2026-01-22T00:00:00Z,2.7349,-3.619,4.282,6.1328,7.3833,8.6678
E0054,2026-01-22T00:00:00Z,2.7697,1.9346,4.3581,5.7081,7.3696,11.2933
E0055,2026-01-22T00:00:00Z,2.8969,0.5193,5.6723,4.8763,7.6111,9.71
E0056,2026-01-22T00:00:00Z,3.6461,-2.2484,3.9418,5.7384,8.9221,10.2428
E0057,2026-01-22T00:00:00Z,4.2174,2.5217,3.4043,5.1527,7.7917,9.8364
E0058,2026-01-22T00:00:00Z,3.4689,1.0366,4.5483,5.4234,6.3022,10.9064
E0059,2026-01-22T00:00:00Z,2.0034,1.131,5.4772,5.1688,6.8241,9.9531
E0060,2026-01-22T00:00:00Z,2.5619,3.687,2.0552,5.6875,6.6622,11.6824
E0061,2026-01-22T00:00:00Z,2.1243,-1.2348,3.4425,5.0905,7.8975,10.953
E0062,2026-01-22T00:00:00Z,2.7202,3.5955,2.4695,5.8304,6.9035,10.4376
E0063,2026-01-22T00:00:00Z,2.8422,0.6812,3.844,6.051,8.8731,9.3948
E0064,2026-01-22T00:00:00Z,2.0641,1.2494,4.0277,5.0913,7.6495,10.0917
E0065,2026-01-22T00:00:00Z,4.0301,-1.729,4.9052,6.4928,7.9715,10.0912
E0066,2026-01-22T00:00:00Z,3.4581,-0.1369,3.8467,4.7127,7.7014,10.0355
E0067,2026-01-22T00:00:00Z,3.414,1.5044,4.2755,6.2116,8.1438,8.261
E0068,2026-01-22T00:00:00Z,2.6848,1.3615,3.242,5.3155,8.6081,9.3589
E0069,2026-01-22T00:00:00Z,3.0896,0.3125,3.9132,5.6166,6.3768,10.4682
E0070,2026-01-22T00:00:00Z,3.0409,0.1857,3.714,6.3627,6.6821,8.3718
E0071,2026-01-22T00:00:00Z,2.3469,0.6754,3.3078,5.4466,6.783,10.0603
E0072,2026-01-22T00:00:00Z,3.0777,2.0505,0.589,5.9257,6.552,10.0591
E0073,2026-01-22T00:00:00Z,3.3599,0.0278,1.8366,3.9265,7.1303,10.7927
E0074,2026-01-22T00:00:00Z,3.7598,-0.7288,3.4217,5.4472,7.4569,9.3458
E0075,2026-01-22T00:00:00Z,2.8407,0.1721,2.8365,5.4061,6.3884,7.5056
E0076,2026-01-22T00:00:00Z,3.2264,0.0954,5.4696,5.4611,6.4315,9.8734
E0077,2026-01-22T00:00:00Z,1.8092,1.4213,5.4925,5.4895,7.6635,9.0995
E0078,2026-01-22T00:00:00Z,3.1364,0.0669,2.768,6.3469,7.8181,9.1762
E0079,2026-01-22T00:00:00Z,3.9719,0.1533,3.4695,5.538,7.5034,10.416
E0080,2026-01-22T00:00:00Z,4.5459,-0.087,5.3454,6.0429,7.7689,10.5908
E0081,2026-01-22T00:00:00Z,2.1192,0.534,4.1889,5.8961,6.8905,6.3146
E0082,2026-01-22T00:00:00Z,2.959,3.3051,2.1508,5.8553,6.9719,11.0148
E0083,2026-01-22T00:00:00Z,2.0251,-0.0726,2.9839,5.4002,6.316,10.8313
E0084,2026-01-22T00:00:00Z,3.3631,2.4482,1.9545,5.6995,7.6569,10.3646
E0085,2026-01-22T00:00:00Z,3.3913,-1.9268,6.8509,5.0173,6.3874,10.7014
E0086,2026-01-22T00:00:00Z,3.218,3.0934,2.5095,5.5335,6.2066,10.8636
E0087,2026-01-22T00:00:00Z,1.8094,0.1895,5.0145,5.768,7.3222,9.0086
E0088,2026-01-22T00:00:00Z,2.46,2.5643,3.3792,5.6168,8.3173,10.9529
E0089,2026-01-22T00:00:00Z,3.1954,1.3822,5.9919,4.2665,7.4144,10.4209
E0090,2026-01-22T00:00:00Z,1.818,-0.8891,3.0652,6.5401,7.1741,10.2766
E0091,2026-01-22T00:00:00Z,3.0825,2.6716,4.3116,6.0051,5.8351,8.089
E0092,2026-01-22T00:00:00Z,3.7605,1.8143,3.5656,4.9676,5.7669,9.2946
E0093,2026-01-22T00:00:00Z,3.0673,-1.5913,4.8013,5.7938,6.4059,8.9733
E0094,2026-01-22T00:00:00Z,2.8944,1.488,3.4883,6.1234,7.046,6.7061
E0095,2026-01-22T00:00:00Z,2.9446,0.708,5.1759,3.6959,6.4483,8.3923
E0096,2026-01-22T00:00:00Z,4.8931,1.1962,3.7277,6.1723,8.0704,9.0502
E0097,2026-01-22T00:00:00Z,2.9156,0.7734,3.4411,5.2951,7.6171,9.9346
E0098,2026-01-22T00:00:00Z,3.0007,-0.4206,5.3925,4.2176,4.9923,10.8721
E0099,2026-01-22T00:00:00Z,2.9919,0.3423,2.5289,5.9123,7.5021,11.4726
E0100,2026-01-22T00:00:00Z,3.4349,3.1653,4.0974,5.6541,7.5894,9.3374
E0101,2026-01-22T00:00:00Z,2.664,0.3496,2.3584,5.4109,7.3151,9.78
E0102,2026-01-22T00:00:00Z,2.9887,3.7247,1.7359,4.7338,7.4903,9.362
E0103,2026-01-22T00:00:00Z,2.7237,1.281,5.4913,5.3838,8.3311,10.3812
E0104,2026-01-22T00:00:00Z,3.3429,3.721,4.7316,5.9837,7.2313,8.256
E0105,2026-01-22T00:00:00Z,2.153,1.3075,3.5829,5.9176,7.5236,11.1234
E0106,2026-01-22T00:00:00Z,1.5611,-0.5631,5.3205,4.9824,6.8482,9.0447
E0107,2026-01-22T00:00:00Z,2.133,-1.4803,2.298,5.2443,8.2953,11.3526
E0108,2026-01-22T00:00:00Z,1.7644,0.2364,3.5093,6.2989,8.5986,9.4919
E0109,2026-01-22T00:00:00Z,2.5569,-0.6799,4.5484,6.1794,6.865,10.1857
E0110,2026-01-22T00:00:00Z,2.4296,0.1672,1.5048,6.3118,8.5671,9.9546
E0111,2026-01-22T00:00:00Z,2.5518,0.268,2.8974,5.5668,6.6149,9.1679
E0112,2026-01-22T00:00:00Z,3.0025,-0.3372,2.8095,5.177,7.6584,11.3327
E0113,2026-01-22T00:00:00Z,2.0704,3.0112,4.8045,5.4635,7.6287,6.8698
E0114,2026-01-22T00:00:00Z,2.5932,1.5705,2.7882,6.2461,8.4972,9.1478
E0115,2026-01-22T00:00:00Z,4.0301,0.4509,3.0642,5.5123,8.1275,8.689
E0116,2026-01-22T00:00:00Z,2.4612,0.7786,4.608,5.7554,9.5214,8.6858
E0117,2026-01-22T00:00:00Z,3.249,0.98,2.3726,5.7181,5.9272,7.9962
E0118,2026-01-22T00:00:00Z,2.8979,3.7863,3.1173,5.8825,6.4818,9.2128
E0119,2026-01-22T00:00:00Z,3.708,-1.4507,4.1885,7.301,8.3199,9.5251
E0120,2026-01-22T00:00:00Z,2.1333,1.0789,5.2655,4.7379,7.5922,9.5269
E0121,2026-01-22T00:00:00Z,2.0307,-1.5772,2.7876,6.2124,8.3772,9.5261
E0122,2026-01-22T00:00:00Z,1.9917,1.2066,5.7309,7.0488,9.7644,8.816
E0123,2026-01-22T00:00:00Z,3.049,0.5602,4.4761,4.741,6.9563,9.1378
E0124,2026-01-22T00:00:00Z,2.5303,-0.8869,4.5621,5.4701,8.5636,8.6836
E0125,2026-01-22T00:00:00Z,3.199,1.6118,4.4967,5.5854,7.1335,8.3716
E0126,2026-01-22T00:00:00Z,2.9404,1.147,7.0075,5.5547,6.992,8.8766
E0127,2026-01-22T00:00:00Z,3.5399,0.5412,2.7709,4.3436,6.7113,10.2235
E0128,2026-01-22T00:00:00Z,3.8104,1.3376,4.893,5.2608,8.4297,9.8247
E0129,2026-01-22T00:00:00Z,1.4609,2.9779,3.585,4.9703,9.44,8.3781
E0130,2026-01-22T00:00:00Z,2.4966,2.7189,4.4988,5.4032,9.5112,10.7949
E0131,2026-01-22T00:00:00Z,3.4044,-1.3492,2.6704,4.5222,6.8079,8.5627
E0132,2026-01-22T00:00:00Z,2.2365,-0.1179,4.0654,6.0383,7.9019,10.6258
E0133,2026-01-22T00:00:00Z,2.8863,-0.9892,2.4924,6.5427,5.5987,9.7017
E0134,2026-01-22T00:00:00Z,2.4231,2.3894,3.0847,5.572,5.5612,9.3156
E0135,2026-01-22T00:00:00Z,4.0461,0.0247,1.898,4.9098,8.8839,8.1808
E0136,2026-01-22T00:00:00Z,4.0744,-1.3882,6.0838,5.052,6.3554,8.9941
E0137,2026-01-22T00:00:00Z,2.6841,0.7982,3.0229,5.2022,7.0487,9.8646
E0138,2026-01-22T00:00:00Z,2.1943,2.4427,3.2058,5.2055,7.0433,9.0794
E0139,2026-01-22T00:00:00Z,3.2695,3.5566,4.8276,5.8218,5.9876,10.8282
E0140,2026-01-22T00:00:00Z,1.6588,0.7121,3.7586,5.0569,5.5749,8.8641
E0141,2026-01-22T00:00:00Z,1.066,0.5753,4.6896,5.607,6.7459,10.0051
E0142,2026-01-22T00:00:00Z,2.719,2.4774,-0.2725,6.3981,8.1191,9.8103
E0143,2026-01-22T00:00:00Z,2.7691,1.4461,0.6677,6.6507,6.3518,10.0067
E0144,2026-01-22T00:00:00Z,1.3944,1.5963,1.0189,6.1816,5.0106,10.481
E0145,2026-01-22T00:00:00Z,3.7851,1.5056,4.6814,5.4068,6.2451,10.1038
E0146,2026-01-22T00:00:00Z,2.7426,1.1335,3.9718,6.676,8.0202,10.8853
E0147,2026-01-22T00:00:00Z,2.7645,2.9026,3.9601,5.0538,7.3242,9.2945
E0148,2026-01-22T00:00:00Z,3.7045,-0.0701,3.3974,5.3794,9.0022,10.1236
E0149,2026-01-22T00:00:00Z,2.738,0.7076,4.4954,6.3744,6.4889,11.5023
E0000,2026-01-23T00:00:00Z,3.2678,0.2334,2.0514,4.6328,9.8449,9.7565
E0001,2026-01-23T00:00:00Z,2.8338,3.9798,2.478,5.3347,6.808,10.6161
E0002,2026-01-23T00:00:00Z,2.4558,4.5653,0.9648,5.6255,6.2258,8.5848
E0003,2026-01-23T00:00:00Z,2.0015,1.1516,3.8774,5.06,7.7556,10.4877
E0004,2026-01-23T00:00:00Z,2.595,1.794,4.7563,5.776,7.4116,10.8928
E0005,2026-01-23T00:00:00Z,2.8565,1.8974,1.5282,6.3214,5.0775,10.4634
E0006,2026-01-23T00:00:00Z,3.3293,1.1679,2.5943,5.5231,8.2016,9.8303
E0007,2026-01-23T00:00:00Z,3.3734,5.4986,3.8924,5.496,6.7376,9.5898
E0008,2026-01-23T00:00:00Z,3.4736,2.6111,3.3855,7.2556,6.6704,10.0107
E0009,2026-01-23T00:00:00Z,2.6023,-0.0866,2.2206,6.1489,7.1486,8.085
E0010,2026-01-23T00:00:00Z,2.237,2.8969,6.1874,5.7408,6.7952,9.6325
E0011,2026-01-23T00:00:00Z,4.0734,2.533,3.842,5.2216,5.8629,11.0361
E0012,2026-01-23T00:00:00Z,2.3019,-1.1004,3.2329,5.6653,8.0364,9.803
E0013,2026-01-23T00:00:00Z,2.0243,1.484,5.2198,5.3422,6.6888,9.3191
E0014,2026-01-23T00:00:00Z,3.0524,0.666,2.9754,5.8654,5.5628,8.5623
E0015,2026-01-23T00:00:00Z,3.5517,0.6032,5.8017,6.1721,8.2032,9.1275
E0016,2026-01-23T00:00:00Z,2.9181,0.1723,4.5132,5.6268,8.4325,8.8069
E0017,2026-01-23T00:00:00Z,3.5011,0.528,4.6559,5.0346,6.8359,9.9078
E0018,2026-01-23T00:00:00Z,2.7372,0.2645,3.7267,5.3561,6.9388,10.3961
E0019,2026-01-23T00:00:00Z,1.9509,0.3839,3.8371,4.005,8.7371,9.84
E0020,2026-01-23T00:00:00Z,3.7519,0.7479,4.3716,5.6789,6.7707,9.6892
E0021,2026-01-23T00:00:00Z,3.3583,-0.31,3.3133,5.475,7.7643,9.0891
E0022,2026-01-23T00:00:00Z,3.5774,0.4023,5.1446,6.3088,7.5593,9.0609
E0023,2026-01-23T00:00:00Z,2.2014,1.2246,4.3273,5.3542,8.3933,10.1292
E0024,2026-01-23T00:00:00Z,4.3282,-0.3697,2.2488,5.3253,7.2466,9.7207
E0025,2026-01-23T00:00:00Z,2.1019,-0.132,4.9831,5.683,6.526,8.9885
E0026,2026-01-23T00:00:00Z,2.7958,3.2655,4.6253,5.3935,8.3742,10.9442
E0027,2026-01-23T00:00:00Z,2.7862,-0.079,2.8244,5.497,9.6074,8.5613
E0028,2026-01-23T00:00:00Z,3.4995,1.9378,3.8465,4.6457,7.1748,10.5745
E0029,2026-01-23T00:00:00Z,3.752,0.2174,4.3146,6.136,7.3996,7.9868
E0030,2026-01-23T00:00:00Z,2.3141,0.3515,1.2067,5.9684,7.6431,10.871
E0031,2026-01-23T00:00:00Z,2.8247,1.8514,4.5874,5.2713,6.8123,10.2155
E0032,2026-01-23T00:00:00Z,1.6303,2.7874,3.2989,6.4499,7.4464,11.3332
E0033,2026-01-23T00:00:00Z,2.1552,-0.5511,2.9414,4.9433,6.8625,11.408
E0034,2026-01-23T00:00:00Z,1.188,0.855,4.0345,6.1422,6.985,9.9482
E0035,2026-01-23T00:00:00Z,2.3031,1.2042,5.6539,5.9907,8.1807,10.3799
E0036,2026-01-23T00:00:00Z,2.3482,-1.602,3.2935,4.1829,7.5385,8.4993
E0037,2026-01-23T00:00:00Z,2.4988,0.6098,5.119,5.2656,8.8601,11.5144
E0038,2026-01-23T00:00:00Z,2.3878,2.885,2.1227,5.2096,7.6776,9.7255
E0039,2026-01-23T00:00:00Z,3.2345,0.8793,2.7402,5.5803,8.3488,9.6285
E0040,2026-01-23T00:00:00Z,2.6495,2.9537,3.6285,5.3197,7.5396,8.3362
E0041,2026-01-23T00:00:00Z,1.825,2.2084,4.5991,5.1573,6.691,8.7573
E0042,2026-01-23T00:00:00Z,2.4539,1.527,4.5439,5.4284,7.1435,11.3941
E0043,2026-01-23T00:00:00Z,3.2948,-0.1992,3.094,5.2526,7.0685,8.8252
E0044,2026-01-23T00:00:00Z,3.7659,-0.451,2.6792,4.7684,6.6487,9.4072
E0045,2026-01-23T00:00:00Z,3.066,1.9559,3.1542,5.7577,7.327,8.3836
E0046,2026-01-23T00:00:00Z,2.4587,0.7074,3.6344,5.3006,6.3266,10.7685
E0047,2026-01-23T00:00:00Z,3.9121,1.9914,2.2768,4.0653,7.6328,10.0029
E0048,2026-01-23T00:00:00Z,2.7408,1.9297,2.0321,5.8322,6.805,7.9563
E0049,2026-01-23T00:00:00Z,2.5645,3.4457,5.407,6.3352,7.2126,9.1578
E0050,2026-01-23T00:00:00Z,2.4038,0.669,3.5726,5.8254,6.5831,8.089
E0051,2026-01-23T00:00:00Z,1.0674,0.5759,1.9977,6.3428,6.2178,10.1308
E0052,2026-01-23T00:00:00Z,1.8851,0.2728,3.1522,5.7134,7.4741,9.0669
E0053,2026-01-23T00:00:00Z,2.1209,6.5484,2.5977,5.0152,6.5835,10.1735
E0054,2026-01-23T00:00:00Z,2.4122,-1.4775,4.4136,5.3796,7.0672,10.1298
E0055,2026-01-23T00:00:00Z,3.4521,2.35,6.1063,5.1564,8.1093,9.0452
E0056,2026-01-23T00:00:00Z,2.4509,-2.0704,3.4671,5.9213,6.1861,9.7916
E0057,2026-01-23T00:00:00Z,3.094,-0.5201,3.359,5.9125,7.4448,9.5798
E0058,2026-01-23T00:00:00Z,4.2259,2.1794,3.2355,5.7499,7.6096,9.9175
E0059,2026-01-23T00:00:00Z,2.5985,3.0025,3.7956,5.507,7.8984,8.688
E0060,2026-01-23T00:00:00Z,2.7519,-1.0991,1.5386,4.5592,7.8523,8.2196
E0061,2026-01-23T00:00:00Z,2.658,1.0751,2.7993,5.615,7.9413,7.9858
E0062,2026-01-23T00:00:00Z,2.895,-0.0346,5.388,5.861,7.3139,10.8399
E0063,2026-01-23T00:00:00Z,3.1466,-0.1234,4.5064,6.1538,6.785,11.8798
E0064,2026-01-23T00:00:00Z,2.6022,0.06,5.6319,5.1621,6.7149,9.6332
E0065,2026-01-23T00:00:00Z,2.4234,3.0031,4.8921,5.3946,7.3306,7.8678
E0066,2026-01-23T00:00:00Z,3.6408,3.1361,1.6261,4.6233,6.5338,8.4993
E0067,2026-01-23T00:00:00Z,3.0983,2.8579,2.1405,5.6946,6.6626,9.07
E0068,2026-01-23T00:00:00Z,2.8321,1.439,4.1599,4.7095,6.7584,10.2458
E0069,2026-01-23T00:00:00Z,3.8342,-0.3173,4.6893,5.1952,6.2927,9.6308
E0070,2026-01-23T00:00:00Z,3.1985,-0.8561,3.2717,4.7337,7.9756,10.0081
E0071,2026-01-23T00:00:00Z,3.4438,0.2166,4.5518,5.4489,8.7493,11.2792
E0072,2026-01-23T00:00:00Z,3.195,1.2762,4.6631,4.9954,6.0498,10.5094
E0073,2026-01-23T00:00:00Z,3.1564,0.4696,1.1376,5.8799,9.2034,8.5293
E0074,2026-01-23T00:00:00Z,3.8334,-1.5938,6.5604,4.8194,8.6269,9.9025
E0075,2026-01-23T00:00:00Z,1.6093,0.3561,2.7687,5.7582,6.9628,9.9351
E0076,2026-01-23T00:00:00Z,2.4832,-0.7452,3.0912,6.2958,7.972,9.3441
E0077,2026-01-23T00:00:00Z,2.5056,3.7112,6.4551,5.631,6.1134,9.3876
E0078,2026-01-23T00:00:00Z,3.9547,0.7971,2.5011,5.0772,7.0741,9.4245
E0079,2026-01-23T00:00:00Z,1.6293,0.753,4.3325,4.4135,8.6291,9.9596
E0080,2026-01-23T00:00:00Z,3.0658,-2.0116,3.588,5.898,7.5328,9.9948
E0081,2026-01-23T00:00:00Z,3.0153,-0.3201,3.5253,4.4188,6.8425,9.2368
E0082,2026-01-23T00:00:00Z,2.9552,-0.9318,2.8571,4.698,5.7534,8.4735
E0083,2026-01-23T00:00:00Z,2.4817,1.6323,5.3437,6.0527,7.0112,9.7552
E0084,2026-01-23T00:00:00Z,3.7997,1.8295,5.2209,6.5535,7.369,9.4848
E0085,2026-01-23T00:00:00Z,3.6552,-2.2253,5.3664,5.2994,7.7185,9.5202
E0086,2026-01-23T00:00:00Z,3.158,1.4668,3.3517,5.0685,8.2662,8.9209
E0087,2026-01-23T00:00:00Z,2.5952,2.2084,3.0584,4.6504,7.678,10.0492
E0088,2026-01-23T00:00:00Z,4.1798,2.0616,3.1238,5.2178,9.3841,10.2276
E0089,2026-01-23T00:00:00Z,2.5506,-1.1407,4.1777,5.5794,7.7246,8.5033
E0090,2026-01-23T00:00:00Z,3.0846,0.7902,2.5227,4.7625,8.8162,9.5875
E0091,2026-01-23T00:00:00Z,2.2395,-1.6169,5.4487,6.3215,6.3175,10.4677
E0092,2026-01-23T00:00:00Z,3.249,1.714,3.091,5.1761,9.7864,8.1654
E0093,2026-01-23T00:00:00Z,2.9845,-0.2074,3.8944,6.0097,6.5253,9.3036
E0094,2026-01-23T00:00:00Z,3.1715,-0.0173,3.0608,5.9738,7.8481,9.4887
E0095,2026-01-23T00:00:00Z,2.5999,1.2251,2.6913,5.3375,6.7125,9.2749
E0096,2026-01-23T00:00:00Z,2.5198,2.0957,3.4926,6.1299,8.1517,9.566
E0097,2026-01-23T00:00:00Z,1.9381,2.6697,6.3208,5.9419,8.5337,11.0323
E0098,2026-01-23T00:00:00Z,2.8203,-2.9541,1.5582,5.2022,8.1729,8.8844
E0099,2026-01-23T00:00:00Z,2.0875,0.8166,3.2198,5.3488,5.4316,9.4784
E0100,2026-01-23T00:00:00Z,2.2364,0.0764,3.0722,5.5926,7.0827,11.4678
E0101,2026-01-23T00:00:00Z,2.635,-0.5221,3.7335,5.4255,8.0881,10.5691
E0102,2026-01-23T00:00:00Z,1.4877,-0.7025,5.8465,5.4278,6.102,9.6038
E0103,2026-01-23T00:00:00Z,2.1942,0.9412,3.4301,5.0066,7.4295,8.9982
E0104,2026-01-23T00:00:00Z,3.2741,1.3443,3.0206,4.3891,7.5328,10.1421
E0105,2026-01-23T00:00:00Z,2.9386,-0.4953,2.4707,5.7441,6.1079,9.1385
E0106,2026-01-23T00:00:00Z,2.6034,-1.0119,4.4153,4.3725,8.1869,8.7796
E0107,2026-01-23T00:00:00Z,3.588,3.2464,4.1148,5.4738,7.389,11.9836
E0108,2026-01-23T00:00:00Z,2.6616,3.9768,4.4641,5.0907,9.1541,10.9385
E0109,2026-01-23T00:00:00Z,2.9403,1.4958,3.2311,6.1886,7.3716,10.5878
E0110,2026-01-23T00:00:00Z,1.8683,-0.7475,3.3267,5.3909,7.7503,8.5025
E0111,2026-01-23T00:00:00Z,3.2543,0.8382,3.7866,5.2057,7.823,10.3237
E0112,2026-01-23T00:00:00Z,2.7907,0.0168,2.8799,5.7811,6.8997,9.9216
E0113,2026-01-23T00:00:00Z,3.1494,-0.1432,3.2026,4.9313,5.8935,9.355
E0114,2026-01-23T00:00:00Z,2.3638,1.5253,3.2864,5.6718,7.5208,7.0481
E0115,2026-01-23T00:00:00Z,2.191,0.5508,3.1579,5.3174,8.969,8.5381
E0116,2026-01-23T00:00:00Z,3.5889,0.0896,0.9131,6.2969,7.3612,8.3034
E0117,2026-01-23T00:00:00Z,2.5275,1.8415,3.1372,5.4166,6.7448,9.3905
E0118,2026-01-23T00:00:00Z,2.7687,1.0979,7.3155,5.5167,7.0711,7.9117
E0119,2026-01-23T00:00:00Z,3.6226,-0.0392,4.0721,5.453,8.6247,9.1087
E0120,2026-01-23T00:00:00Z,3.0622,0.4993,0.4767,5.9576,6.05,9.6794
E0121,2026-01-23T00:00:00Z,2.2446,0.4003,5.2226,5.4042,6.0752,8.821
E0122,2026-01-23T00:00:00Z,4.6477,-0.0333,3.1143,5.9612,5.849,7.6747
E0123,2026-01-23T00:00:00Z,2.4505,0.4173,3.5838,5.2761,6.0975,10.499
E0124,2026-01-23T00:00:00Z,2.8012,2.2572,5.3845,6.4906,6.8309,9.5118
E0125,2026-01-23T00:00:00Z,2.7654,-1.2248,2.5454,4.5396,7.4531,9.301
E0126,2026-01-23T00:00:00Z,3.1611,1.8657,4.6286,5.9449,7.6949,8.9948
E0127,2026-01-23T00:00:00Z,2.3678,1.7577,6.3616,6.0373,7.7819,9.5762
E0128,2026-01-23T00:00:00Z,3.5998,0.4603,4.938,6.0107,6.0001,8.4935
E0129,2026-01-23T00:00:00Z,2.9334,-0.125,4.3092,5.9594,7.9158,8.4506
E0130,2026-01-23T00:00:00Z,2.4113,0.0988,5.3859,6.5824,5.7171,9.011
E0131,2026-01-23T00:00:00Z,3.0287,2.008,3.6274,5.8969,7.0105,9.2486
E0132,2026-01-23T00:00:00Z,2.8369,-1.593,3.0608,5.6721,7.5608,11.7953
E0133,2026-01-23T00:00:00Z,2.5801,1.7175,2.5723,5.8744,6.4696,7.3098
E0134,2026-01-23T00:00:00Z,1.8789,0.8184,5.404,5.0685,7.5341,9.9197
E0135,2026-01-23T00:00:00Z,3.1901,1.4333,4.2198,4.6325,7.5071,10.0066
E0136,2026-01-23T00:00:00Z,2.3789,0.6022,3.1348,5.6638,6.801,9.1478
E0137,2026-01-23T00:00:00Z,2.9875,3.5487,4.0018,6.327,6.8028,10.7573
E0138,2026-01-23T00:00:00Z,2.9622,1.6462,3.5054,5.3449,8.1932,8.9512
E0139,2026-01-23T00:00:00Z,2.6152,2.0438,4.3425,5.8897,6.9423,8.5667
E0140,2026-01-23T00:00:00Z,3.0339,1.1401,2.6843,6.5392,8.3624,9.0454
E0141,2026-01-23T00:00:00Z,3.1969,1.1549,3.6726,4.4859,8.2509,8.4766
E0142,2026-01-23T00:00:00Z,1.8786,0.9154,1.9333,6.1251,8.6901,9.7654
E0143,2026-01-23T00:00:00Z,2.8324,-0.3862,2.6452,5.5812,8.2259,8.6517
E0144,2026-01-23T00:00:00Z,3.1525,1.7402,5.7945,5.8302,6.3158,9.6413
E0145,2026-01-23T00:00:00Z,1.7796,0.695,2.7042,6.0803,7.5371,8.806
E0146,2026-01-23T00:00:00Z,3.0436,0.8336,4.0148,5.6242,6.3646,10.6612
E0147,2026-01-23T00:00:00Z,2.031,2.0528,1.9877,5.3738,7.7598,9.8372
E0148,2026-01-23T00:00:00Z,3.1856,0.532,1.6944,5.1342,8.0725,9.7531
E0149,2026-01-23T00:00:00Z,3.4534,-0.7175,2.1633,7.2199,6.6661,8.626
E0000,2026-01-24T00:00:00Z,2.2868,0.9677,3.4775,5.9025,6.7394,7.0676
E0001,2026-01-24T00:00:00Z,3.9157,2.0663,2.8551,5.9109,6.7161,10.756
E0002,2026-01-24T00:00:00Z,2.4103,-0.7664,4.8833,5.0374,5.3381,9.7932
E0003,2026-01-24T00:00:00Z,2.5288,-0.0322,1.5358,6.3596,7.9073,8.2659
E0004,2026-01-24T00:00:00Z,3.0365,0.0767,3.3637,4.9696,8.3932,8.5522
E0005,2026-01-24T00:00:00Z,3.3251,0.3018,4.1591,4.9672,7.2697,8.9173
E0006,2026-01-24T00:00:00Z,3.4863,1.3955,4.5994,5.4544,6.2182,8.7853
E0007,2026-01-24T00:00:00Z,4.2087,0.0546,4.7234,5.0187,7.9409,9.9001
E0008,2026-01-24T00:00:00Z,3.0575,1.4009,2.94,6.2685,7.2467,10.4472
E0009,2026-01-24T00:00:00Z,3.449,-1.1942,4.6733,5.2769,6.988,9.7121
E0010,2026-01-24T00:00:00Z,3.3717,3.4343,3.6254,5.4527,7.0534,10.9964
E0011,2026-01-24T00:00:00Z,1.8741,3.1543,5.1593,6.7594,5.5519,10.6156
E0012,2026-01-24T00:00:00Z,2.6138,4.4998,4.4287,4.8724,7.4712,8.8722
E0013,2026-01-24T00:00:00Z,2.8305,2.184,1.8474,5.4477,7.8481,9.1337
E0014,2026-01-24T00:00:00Z,3.6963,1.8875,3.1263,5.6536,7.8946,8.417
E0015,2026-01-24T00:00:00Z,2.4419,-1.0103,4.5435,5.1389,6.8626,9.2356
E0016,2026-01-24T00:00:00Z,2.5072,0.6347,3.7706,6.0529,6.9893,9.9317
E0017,2026-01-24T00:00:00Z,2.5292,1.7327,3.3914,6.1186,7.1745,9.2284
E0018,2026-01-24T00:00:00Z,2.5626,2.9454,4.6446,5.6236,6.9161,9.5592
E0019,2026-01-24T00:00:00Z,2.7969,0.4264,4.6418,4.7399,7.6477,11.4197
E0020,2026-01-24T00:00:00Z,3.2877,0.7002,1.2578,5.8179,7.2693,9.046
E0021,2026-01-24T00:00:00Z,3.2881,2.1981,4.2321,5.8316,8.7483,8.7842
E0022,2026-01-24T00:00:00Z,2.6297,3.0229,5.6298,5.2946,7.086,9.3449
E0023,2026-01-24T00:00:00Z,3.5478,-1.669,1.7478,5.9509,6.7425,10.7058
E0024,2026-01-24T00:00:00Z,2.9486,-1.0432,2.8338,5.9259,6.5879,7.8073
E0025,2026-01-24T00:00:00Z,2.8882,0.2907,3.6837,6.0399,7.3095,9.3265
E0026,2026-01-24T00:00:00Z,3.3606,0.5101,3.6701,5.3121,6.2273,9.5029
E0027,2026-01-24T00:00:00Z,2.8397,-0.2378,3.7801,5.3614,5.789,9.1882
E0028,2026-01-24T00:00:00Z,3.471,2.5842,5.4152,5.2825,8.5529,10.3346
E0029,2026-01-24T00:00:00Z,3.588,1.3247,3.3583,5.3293,7.2869,8.8838
E0030,2026-01-24T00:00:00Z,3.3242,-0.1077,2.6933,6.1173,6.8589,9.3388
E0031,2026-01-24T00:00:00Z,2.885,0.2341,2.6614,6.0462,8.2114,10.8076
E0032,2026-01-24T00:00:00Z,3.1165,1.4073,2.6601,5.3965,6.8429,11.9161
E0033,2026-01-24T00:00:00Z,4.4549,-0.5081,4.39,5.0234,8.3144,12.0171
E0034,2026-01-24T00:00:00Z,2.3629,0.0455,0.8314,6.2815,7.0767,9.337
E0035,2026-01-24T00:00:00Z,3.0069,1.4237,3.4109,5.5955,5.5292,10.0385
E0036,2026-01-24T00:00:00Z,3.8894,0.2925,3.5437,5.3076,6.7783,8.752
E0037,2026-01-24T00:00:00Z,3.5848,2.131,4.1762,4.8801,5.8799,9.1227
E0038,2026-01-24T00:00:00Z,3.043,4.5814,4.5411,5.9098,7.916,10.291
E0039,2026-01-24T00:00:00Z,4.1631,0.0945,3.9038,4.8078,6.9696,7.8487
E0040,2026-01-24T00:00:00Z,2.1351,1.2623,2.2326,5.0416,5.1012,9.89
E0041,2026-01-24T00:00:00Z,3.4441,-1.0063,2.6128,6.0247,6.0924,9.7506
E0042,2026-01-24T00:00:00Z,3.1764,2.9298,2.8452,5.1104,9.9797,10.8641
E0043,2026-01-24T00:00:00Z,2.7002,2.2865,1.8256,5.404,10.2836,10.3844
E0044,2026-01-24T00:00:00Z,3.385,1.2286,1.2705,5.7474,6.6963,7.7942
E0045,2026-01-24T00:00:00Z,2.4548,1.4966,2.8257,5.0968,5.7615,9.7783
E0046,2026-01-24T00:00:00Z,2.6816,0.2426,5.0329,5.1809,8.0226,9.1219
E0047,2026-01-24T00:00:00Z,2.5121,-2.8834,3.5074,5.8858,5.9274,10.7788
E0048,2026-01-24T00:00:00Z,2.3639,-2.3365,5.565,6.4582,8.2952,10.2246
E0049,2026-01-24T00:00:00Z,3.0638,2.3262,1.2405,5.4303,6.7244,11.1023
E0050,2026-01-24T00:00:00Z,2.9745,0.9087,3.27,5.4231,7.8504,10.6332
E0051,2026-01-24T00:00:00Z,2.9432,2.5167,5.2467,5.0827,7.9534,8.5625
E0052,2026-01-24T00:00:00Z,3.1727,2.2921,0.4886,5.4199,6.5183,9.7704
E0053,2026-01-24T00:00:00Z,3.8168,1.9621,1.7752,5.6631,7.3928,9.3526
E0054,2026-01-24T00:00:00Z,3.0211,-1.4394,4.5196,5.0082,6.6261,11.4327
E0055,2026-01-24T00:00:00Z,3.2243,2.9767,3.7348,5.2495,7.6779,9.4457
E0056,2026-01-24T00:00:00Z,3.053,0.0909,3.0989,5.5607,7.2206,9.4322
E0057,2026-01-24T00:00:00Z,2.1173,0.7903,3.7894,5.7978,7.1875,9.8142
E0058,2026-01-24T00:00:00Z,2.7604,0.7581,3.2747,4.8782,7.4771,8.7713
E0059,2026-01-24T00:00:00Z,1.3638,1.1645,3.5259,4.9624,7.7232,9.162
E0060,2026-01-24T00:00:00Z,3.3032,-1.3824,2.7905,5.4979,5.7812,9.105
E0061,2026-01-24T00:00:00Z,2.1057,2.7074,4.1679,6.6655,6.9538,8.941
E0062,2026-01-24T00:00:00Z,3.0713,1.7072,2.9519,5.0446,6.9252,9.6459
E0063,2026-01-24T00:00:00Z,1.9961,2.3705,2.3843,5.0741,6.1949,10.3562
E0064,2026-01-24T00:00:00Z,2.1161,-0.4441,3.1697,5.9152,9.0706,9.1934
E0065,2026-01-24T00:00:00Z,2.6043,0.059,3.367,6.0461,7.5208,8.8914
E0066,2026-01-24T00:00:00Z,2.1521,-0.2394,1.2702,5.0702,6.1208,9.3892
E0067,2026-01-24T00:00:00Z,2.9138,0.0427,3.7916,5.8689,7.319,9.1381
E0068,2026-01-24T00:00:00Z,3.8474,-0.0222,3.1069,5.7095,8.378,9.624
E0069,2026-01-24T00:00:00Z,3.0394,-0.8287,3.2754,5.2591,6.5635,10.3699
E0070,2026-01-24T00:00:00Z,2.2327,-0.9415,2.6337,5.7931,7.2834,7.9424
E0071,2026-01-24T00:00:00Z,2.1655,3.8336,1.9909,4.7598,7.3446,10.1649
E0072,2026-01-24T00:00:00Z,2.2114,2.2071,2.3515,4.1574,7.0584,9.3304
E0073,2026-01-24T00:00:00Z,3.2055,1.0797,4.837,5.4526,7.964,9.3723
E0074,2026-01-24T00:00:00Z,2.885,2.2977,3.9172,5.7672,7.4576,10.0691
E0075,2026-01-24T00:00:00Z,2.7298,1.7334,4.5362,6.3089,10.1759,8.3446
E0076,2026-01-24T00:00:00Z,2.2004,2.481,6.6589,4.6856,6.6165,10.6999
E0077,2026-01-24T00:00:00Z,1.9023,0.3421,5.78,5.2859,7.9509,8.429
E0078,2026-01-24T00:00:00Z,1.762,0.2819,5.8452,5.7584,7.2508,9.5991
E0079,2026-01-24T00:00:00Z,2.3794,1.1533,5.3563,5.8166,6.4206,11.119
E0080,2026-01-24T00:00:00Z,2.1288,0.0304,5.2998,5.3347,8.6368,8.3684
E0081,2026-01-24T00:00:00Z,3.2959,2.1439,3.8596,5.6276,7.5802,9.6679
E0082,2026-01-24T00:00:00Z,2.7912,2.5967,1.7442,4.7136,6.6057,9.4682
E0083,2026-01-24T00:00:00Z,2.7055,1.3935,3.3034,5.277,8.8536,9.2924
E0084,2026-01-24T00:00:00Z,3.3934,0.1957,1.7697,5.5907,5.1664,9.4214
E0085,2026-01-24T00:00:00Z,2.8489,2.1209,5.1607,5.7531,7.5206,7.7485
E0086,2026-01-24T00:00:00Z,2.6901,0.0183,1.1191,5.8662,7.5507,10.3157
E0087,2026-01-24T00:00:00Z,2.8262,1.1708,4.9888,5.2986,4.5493,9.7565
E0088,2026-01-24T00:00:00Z,3.648,-0.7232,1.3741,5.3698,5.6918,9.1669
E0089,2026-01-24T00:00:00Z,3.1387,-0.3734,2.9486,4.8758,6.8459,11.0061
E0090,2026-01-24T00:00:00Z,1.5926,0.5575,2.0047,5.7725,7.0882,8.4504
E0091,2026-01-24T00:00:00Z,3.9366,-0.4586,1.4101,4.9012,8.5988,9.4269
E0092,2026-01-24T00:00:00Z,3.8819,-0.5771,3.2808,6.2726,8.6467,10.5248
E0093,2026-01-24T00:00:00Z,2.4858,0.5161,2.0828,5.0877,7.4454,9.6063
E0094,2026-01-24T00:00:00Z,2.2966,1.9068,6.5626,5.6944,6.7524,8.5328
E0095,2026-01-24T00:00:00Z,4.0978,2.0119,3.8672,6.5191,8.8228,9.0469
E0096,2026-01-24T00:00:00Z,2.9933,2.3863,5.8717,5.8055,8.3399,8.8053
E0097,2026-01-24T00:00:00Z,2.0113,-0.2783,4.1539,6.4829,5.6566,8.4856
E0098,2026-01-24T00:00:00Z,3.1428,0.0159,4.2887,4.594,6.8304,9.6152
E0099,2026-01-24T00:00:00Z,2.5452,-0.4532,4.3103,4.7907,6.6998,8.4636
E0100,2026-01-24T00:00:00Z,2.6279,3.8624,3.1864,5.822,7.893,9.3048
E0101,2026-01-24T00:00:00Z,1.8391,0.1349,3.3158,4.7233,8.9006,9.6397
E0102,2026-01-24T00:00:00Z,3.8006,0.5433,4.329,5.7693,8.3047,8.3341
E0103,2026-01-24T00:00:00Z,2.6243,2.5546,4.2328,5.374,5.5653,9.0793
E0104,2026-01-24T00:00:00Z,2.195,0.5833,1.9407,6.072,7.2233,9.5872
E0105,2026-01-24T00:00:00Z,2.8885,-1.0832,4.1501,5.9738,7.2685,9.5181
E0106,2026-01-24T00:00:00Z,1.8905,-0.3988,2.9807,6.052,6.0842,8.4862
E0107,2026-01-24T00:00:00Z,2.9887,0.6556,3.5699,4.9505,7.6199,10.1511
E0108,2026-01-24T00:00:00Z,2.5161,2.4932,2.6425,5.5094,7.6236,8.1003
E0109,2026-01-24T00:00:00Z,4.2976,0.9723,4.3773,5.3751,7.5074,10.7496
E0110,2026-01-24T00:00:00Z,3.3304,-0.031,3.1105,5.2818,6.9651,8.627
E0111,2026-01-24T00:00:00Z,2.6687,1.4833,4.4693,6.1217,8.2306,10.429
E0112,2026-01-24T00:00:00Z,3.6857,-0.0107,3.9724,6.0641,7.0318,10.5486
E0113,2026-01-24T00:00:00Z,2.69,0.686,5.7564,5.0605,8.7317,9.5466
E0114,2026-01-24T00:00:00Z,3.601,1.6806,2.8974,5.1257,7.3209,10.1577
E0115,2026-01-24T00:00:00Z,2.9821,1.6435,2.8535,6.3696,6.9363,10.9795
E0116,2026-01-24T00:00:00Z,2.3175,-0.7135,4.7358,4.1649,7.7315,9.5773
E0117,2026-01-24T00:00:00Z,2.8153,3.5245,1.3988,4.9508,7.149,9.1433
E0118,2026-01-24T00:00:00Z,3.222,1.2868,4.5805,6.5873,8.4316,11.4851
E0119,2026-01-24T00:00:00Z,2.0594,-0.7047,4.4903,4.8892,8.0315,9.0764
E0120,2026-01-24T00:00:00Z,3.6341,-0.8779,3.8267,7.1273,7.1441,10.0479
E0121,2026-01-24T00:00:00Z,1.7571,2.4058,2.6717,5.2956,7.6703,9.2768
E0122,2026-01-24T00:00:00Z,2.1484,1.4388,2.9949,6.0694,7.7604,9.1591
E0123,2026-01-24T00:00:00Z,3.5721,2.784,4.6883,5.169,5.7322,9.3517
E0124,2026-01-24T00:00:00Z,3.0009,1.7649,2.1395,5.957,7.6672,9.2442
E0125,2026-01-24T00:00:00Z,2.7231,0.9858,4.3813,5.4966,8.7036,9.3806
E0126,2026-01-24T00:00:00Z,3.0869,0.6346,2.3462,5.0888,7.092,10.6958
E0127,2026-01-24T00:00:00Z,3.4765,4.3298,1.0227,5.8744,9.5721,9.8187
E0128,2026-01-24T00:00:00Z,4.005,-0.7993,3.01,6.4989,7.7444,9.5283
E0129,2026-01-24T00:00:00Z,2.8215,2.1082,4.1672,5.182,6.6103,9.377
E0130,2026-01-24T00:00:00Z,2.4575,3.4277,4.8264,4.9062,6.4363,9.6326
E0131,2026-01-24T00:00:00Z,3.552,1.5682,5.0703,4.9818,6.4712,9.4836
E0132,2026-01-24T00:00:00Z,2.5158,1.9211,2.4751,5.5658,6.6462,10.1023
E0133,2026-01-24T00:00:00Z,2.5753,0.9889,3.637,5.5259,7.5401,9.8745
E0134,2026-01-24T00:00:00Z,2.7413,0.7051,4.1454,5.8114,6.9227,9.4145
E0135,2026-01-24T00:00:00Z,3.7644,1.7141,4.0441,5.0386,9.2484,9.9377
E0136,2026-01-24T00:00:00Z,1.5995,0.7251,2.9095,5.6044,6.9286,11.0242
E0137,2026-01-24T00:00:00Z,2.7992,-0.0181,2.694,5.2216,6.7756,9.1536
E0138,2026-01-24T00:00:00Z,3.367,-2.0646,3.301,5.9325,7.7921,10.3351
E0139,2026-01-24T00:00:00Z,3.216,0.2851,4.7549,4.2452,9.3612,10.6313
E0140,2026-01-24T00:00:00Z,3.9606,1.1658,3.1564,6.5454,8.3322,8.0534
E0141,2026-01-24T00:00:00Z,2.8954,-0.222,2.7639,5.2644,8.1542,11.7186
E0142,2026-01-24T00:00:00Z,3.104,3.249,4.2896,5.1234,8.5529,9.8332
E0143,2026-01-24T00:00:00Z,3.369,2.0894,1.9623,5.6845,5.3952,9.9895
E0144,2026-01-24T00:00:00Z,3.017,0.9534,2.9817,4.1804,5.2413,9.3916
E0145,2026-01-24T00:00:00Z,3.3006,3.0717,1.7807,5.3128,6.4663,8.5124
E0146,2026-01-24T00:00:00Z,3.0961,0.5647,2.0539,4.1833,6.9112,8.2411
E0147,2026-01-24T00:00:00Z,4.656,0.6435,3.2099,6.4377,7.525,10.6367
E0148,2026-01-24T00:00:00Z,2.4394,-1.6163,3.9217,4.8194,7.0763,9.4513
E0149,2026-01-24T00:00:00Z,3.392,1.9313,2.802,5.3181,9.5796,10.5805
E0000,2026-01-25T00:00:00Z,2.3258,0.8968,2.2364,5.8988,6.3127,11.1706
E0001,2026-01-25T00:00:00Z,2.5922,-0.6435,4.8001,5.7095,7.3418,9.8798
E0002,2026-01-25T00:00:00Z,2.8271,1.4053,5.8463,5.0699,8.2377,10.645
E0003,2026-01-25T00:00:00Z,3.5554,2.0232,3.4255,5.6534,6.4754,9.3434
E0004,2026-01-25T00:00:00Z,2.3386,1.7669,3.4822,6.8142,8.5805,9.4711
E0005,2026-01-25T00:00:00Z,3.8291,0.1231,3.0028,4.9771,7.6383,9.4305
E0006,2026-01-25T00:00:00Z,2.8809,2.2653,4.7107,4.782,8.2381,9.5674
E0007,2026-01-25T00:00:00Z,2.1248,2.3197,5.0152,5.641,5.6522,8.6824
E0008,2026-01-25T00:00:00Z,4.1088,-0.1014,3.101,6.1081,5.2191,8.981
E0009,2026-01-25T00:00:00Z,2.8241,0.8153,4.596,5.4252,7.4208,10.0237
E0010,2026-01-25T00:00:00Z,2.2991,3.6602,6.6443,5.8533,7.2008,9.5372
E0011,2026-01-25T00:00:00Z,2.252,3.5236,4.7558,4.7136,5.8252,8.5107
E0012,2026-01-25T00:00:00Z,3.4691,1.9072,3.3204,4.7838,7.8702,8.5663
E0013,2026-01-25T00:00:00Z,3.2195,1.7764,2.9996,4.7373,5.5165,8.8513
E0014,2026-01-25T00:00:00Z,3.0265,0.4754,2.858,5.0042,7.4331,9.6725
E0015,2026-01-25T00:00:00Z,3.3405,0.209,4.6858,6.3445,8.4303,8.4142
E0016,2026-01-25T00:00:00Z,3.7619,1.8464,4.2949,4.7136,6.2217,9.3813
E0017,2026-01-25T00:00:00Z,2.9697,1.7857,4.3711,5.0371,6.9063,8.3171
E0018,2026-01-25T00:00:00Z,3.0523,1.399,4.5748,5.2721,6.7369,11.1783
E0019,2026-01-25T00:00:00Z,2.327,1.2858,6.4279,5.1011,7.4142,10.4244
E0020,2026-01-25T00:00:00Z,3.4041,1.0953,4.4823,5.1978,6.5147,8.2355
E0021,2026-01-25T00:00:00Z,3.4426,0.6429,4.7672,5.2477,7.8742,9.9501
E0022,2026-01-25T00:00:00Z,1.5939,1.4998,1.1067,5.2422,6.4851,10.3033
E0023,2026-01-25T00:00:00Z,2.4634,1.56,4.8371,6.3713,7.0511,8.9354
E0024,2026-01-25T00:00:00Z,2.6147,2.7084,4.629,5.2528,7.3198,9.8898
E0025,2026-01-25T00:00:00Z,2.4194,3.2336,3.3045,4.1338,6.5569,9.469
E0026,2026-01-25T00:00:00Z,2.9816,-1.4597,4.2181,5.7552,5.6071,9.6014
E0027,2026-01-25T00:00:00Z,2.7872,3.1622,4.6764,5.5145,7.3628,10.8063
E0028,2026-01-25T00:00:00Z,1.6267,0.5914,4.0128,6.1233,7.2918,9.8745
E0029,2026-01-25T00:00:00Z,3.4606,1.1512,1.5997,4.6588,8.6088,10.5427
E0030,2026-01-25T00:00:00Z,2.6849,1.8625,3.9804,5.3595,6.1435,11.5939
E0031,2026-01-25T00:00:00Z,3.4023,0.8804,4.0703,6.0251,8.7815,10.4631
E0032,2026-01-25T00:00:00Z,3.3147,1.0298,1.933,5.0978,7.7722,9.2992
E0033,2026-01-25T00:00:00Z,2.6601,2.7955,5.7587,4.2789,6.4178,10.0482
E0034,2026-01-25T00:00:00Z,3.6729,2.6157,6.7178,4.6853,6.8632,9.3653
E0035,2026-01-25T00:00:00Z,3.3116,-1.1086,5.4167,6.4798,6.8899,11.2051
E0036,2026-01-25T00:00:00Z,3.046,-1.416,3.5119,5.669,7.163,8.9246
E0037,2026-01-25T00:00:00Z,2.9491,1.8819,3.1664,4.8308,6.0478,8.0201
E0038,2026-01-25T00:00:00Z,2.8586,2.5014,5.9888,5.0348,6.0402,10.1606
E0039,2026-01-25T00:00:00Z,3.1678,1.7621,3.4412,5.706,7.6471,9.6457
E0040,2026-01-25T00:00:00Z,1.8879,-0.9435,3.4185,5.8859,6.8848,8.1809
E0041,2026-01-25T00:00:00Z,3.0842,-1.013,2.7524,5.2729,7.7776,10.3022
E0042,2026-01-25T00:00:00Z,1.8874,0.0467,6.4382,5.1735,7.0205,9.5967
E0043,2026-01-25T00:00:00Z,3.1789,0.2098,3.4504,5.4397,7.0646,9.708
E0044,2026-01-25T00:00:00Z,1.174,0.25,3.7118,6.0948,7.9698,8.7629
E0045,2026-01-25T00:00:00Z,2.8681,0.2159,4.8354,5.5101,7.5669,8.6273
E0046,2026-01-25T00:00:00Z,3.3768,2.9922,6.6911,5.1067,6.8727,9.4272
E0047,2026-01-25T00:00:00Z,3.6733,0.0328,2.0438,4.8943,9.0953,8.2708
E0048,2026-01-25T00:00:00Z,3.6407,0.6646,5.1841,5.6043,7.3962,9.7198
E0049,2026-01-25T00:00:00Z,2.8026,-0.4687,1.4749,5.1235,7.1115,9.4921
E0050,2026-01-25T00:00:00Z,3.2869,3.5166,3.7097,6.1445,6.1256,7.6176
E0051,2026-01-25T00:00:00Z,2.8866,-0.8973,4.908,6.0431,7.9495,9.9962
E0052,2026-01-25T00:00:00Z,2.3728,3.5146,2.8857,4.8266,7.1695,8.9343
E0053,2026-01-25T00:00:00Z,3.7394,2.0769,2.608,6.0492,6.9955,9.9659
E0054,2026-01-25T00:00:00Z,2.2098,-0.4711,2.0798,5.7946,6.2697,10.4509
E0055,2026-01-25T00:00:00Z,3.4774,0.4136,4.3146,5.5199,6.4607,11.1449
E0056,2026-01-25T00:00:00Z,3.0001,2.9134,3.9786,5.2046,7.291,8.0578
E0057,2026-01-25T00:00:00Z,3.1211,-0.3919,5.5321,5.136,6.1036,9.7808
E0058,2026-01-25T00:00:00Z,3.0155,-0.9244,2.9667,6.8045,7.1346,9.894
E0059,2026-01-25T00:00:00Z,3.0927,-2.0495,4.7886,5.8124,6.368,8.5993
E0060,2026-01-25T00:00:00Z,3.0112,0.5049,2.8798,6.2059,9.4822,9.5214
E0061,2026-01-25T00:00:00Z,3.2559,0.0218,4.1077,6.6087,6.191,11.8825
E0062,2026-01-25T00:00:00Z,2.8053,-0.0453,1.5439,6.2922,7.7635,7.7154
E0063,2026-01-25T00:00:00Z,2.0416,0.8894,4.7008,5.7193,5.4122,9.6781
E0064,2026-01-25T00:00:00Z,3.7651,-1.735,4.6475,5.5182,7.643,10.8708
E0065,2026-01-25T00:00:00Z,2.6187,0.1549,5.0326,5.546,7.4193,11.0516
E0066,2026-01-25T00:00:00Z,2.5366,0.4507,0.9672,5.509,9.0601,10.5936
E0067,2026-01-25T00:00:00Z,1.3745,2.4874,1.6128,6.5953,7.21,11.0513
E0068,2026-01-25T00:00:00Z,3.1886,0.5833,3.5815,5.8958,7.4489,8.0645
E0069,2026-01-25T00:00:00Z,2.5557,1.4617,3.9395,5.7867,6.4505,11.004
E0070,2026-01-25T00:00:00Z,2.298,-2.4571,2.7693,5.4131,6.164,8.9621
E0071,2026-01-25T00:00:00Z,2.3725,1.7385,2.643,6.1583,6.0266,7.8583
E0072,2026-01-25T00:00:00Z,4.2436,0.9497,3.4895,5.286,9.9716,8.7153
E0073,2026-01-25T00:00:00Z,2.2462,1.6554,3.128,5.3516,6.3346,9.5652
E0074,2026-01-25T00:00:00Z,2.9098,0.3942,4.0016,5.8231,7.403,9.2065
E0075,2026-01-25T00:00:00Z,3.5575,-0.4092,4.346,5.7129,7.9047,8.7126
E0076,2026-01-25T00:00:00Z,3.405,-0.3758,1.9202,5.0953,5.2845,9.7855
E0077,2026-01-25T00:00:00Z,2.0954,0.2137,3.3105,5.641,6.9067,9.132
E0078,2026-01-25T00:00:00Z,2.8618,1.8207,5.088,6.0674,7.3724,9.1524
E0079,2026-01-25T00:00:00Z,3.0987,1.6145,3.6914,5.8291,8.2276,9.4418
E0080,2026-01-25T00:00:00Z,0.9766,0.8656,4.8933,4.7927,6.8868,7.5712
E0081,2026-01-25T00:00:00Z,3.0057,1.3409,5.2933,5.078,6.6839,10.6879
E0082,2026-01-25T00:00:00Z,3.2783,0.9342,4.9029,4.9804,6.7652,10.5166
E0083,2026-01-25T00:00:00Z,2.7565,0.2722,4.4922,5.0455,7.4027,10.1815
E0084,2026-01-25T00:00:00Z,2.5377,-0.875,2.1451,5.8407,8.1883,9.3167
E0085,2026-01-25T00:00:00Z,3.6562,-1.2289,3.9428,5.147,8.8275,9.9761
E0086,2026-01-25T00:00:00Z,1.8037,0.7475,4.7841,6.0088,7.4083,10.0303
E0087,2026-01-25T00:00:00Z,3.4242,-1.2636,4.3139,6.2047,8.2562,11.7249
E0088,2026-01-25T00:00:00Z,3.2099,2.7167,3.3072,5.0509,4.9423,7.9327
E0089,2026-01-25T00:00:00Z,4.1935,1.4068,2.4821,4.9351,7.7678,10.8441
E0090,2026-01-25T00:00:00Z,3.5766,3.9102,3.5723,5.7904,8.2166,8.7768
E0091,2026-01-25T00:00:00Z,2.6146,-0.1792,3.2751,5.3418,8.9078,10.9394
E0092,2026-01-25T00:00:00Z,2.6195,2.0327,2.7307,5.7159,6.9935,9.5776
E0093,2026-01-25T00:00:00Z,3.402,-0.382,6.4833,6.3729,8.5494,8.5327
E0094,2026-01-25T00:00:00Z,2.3088,1.0449,2.4935,5.934,7.0511,8.4301
E0095,2026-01-25T00:00:00Z,3.0166,-1.7956,4.5974,5.818,7.4962,9.3771
E0096,2026-01-25T00:00:00Z,3.3305,-0.0406,3.3635,5.3655,7.9137,9.3108
E0097,2026-01-25T00:00:00Z,2.7003,-4.9382,5.0031,5.094,8.4106,9.9009
E0098,2026-01-25T00:00:00Z,1.8073,1.2766,2.1328,5.5942,6.7398,9.9229
E0099,2026-01-25T00:00:00Z,4.1908,1.6662,4.1298,5.8269,6.0697,9.6466
E0100,2026-01-25T00:00:00Z,3.2884,0.5741,3.5144,4.8033,8.9299,8.7862
E0101,2026-01-25T00:00:00Z,3.2297,-0.6966,4.7766,5.7483,7.323,9.1113
E0102,2026-01-25T00:00:00Z,2.5665,1.5475,3.3436,5.3968,7.6682,8.8747
E0103,2026-01-25T00:00:00Z,2.4936,-0.1702,3.1011,6.2948,7.5525,9.871
E0104,2026-01-25T00:00:00Z,2.9383,1.648,4.6071,5.4242,8.1095,9.1879
E0105,2026-01-25T00:00:00Z,2.373,0.4924,3.6132,5.6844,6.1908,10.2019
E0106,2026-01-25T00:00:00Z,3.3833,-1.3651,3.6925,4.8022,6.2904,9.0555
E0107,2026-01-25T00:00:00Z,3.0159,-0.6332,3.1671,5.7694,7.7706,10.3805
E0108,2026-01-25T00:00:00Z,3.3067,0.0477,2.5218,4.8213,7.4096,9.3321
E0109,2026-01-25T00:00:00Z,3.8186,0.488,2.9778,6.45,7.2606,9.0839
E0110,2026-01-25T00:00:00Z,2.9125,1.9203,4.8008,5.2374,7.9838,11.2511
E0111,2026-01-25T00:00:00Z,2.1492,0.5964,4.8276,4.5479,7.9146,8.6067
E0112,2026-01-25T00:00:00Z,2.8906,0.6591,2.593,4.6234,7.6453,9.6345
E0113,2026-01-25T00:00:00Z,2.6653,-0.9336,3.4936,5.1315,9.0049,10.4084
E0114,2026-01-25T00:00:00Z,2.5709,0.1376,4.4916,6.0374,7.848,10.0038
E0115,2026-01-25T00:00:00Z,2.9577,0.3225,3.5365,5.4468,7.0979,9.0155
E0116,2026-01-25T00:00:00Z,3.0064,1.2858,2.9711,5.4232,7.6059,9.6721
E0117,2026-01-25T00:00:00Z,2.886,1.7329,3.1891,5.6978,7.9702,9.9051
E0118,2026-01-25T00:00:00Z,3.7131,-0.2582,1.9477,5.9434,8.2026,9.9612
E0119,2026-01-25T00:00:00Z,2.3589,-1.3007,1.9016,5.8591,5.8533,9.8318
E0120,2026-01-25T00:00:00Z,3.4936,2.6544,0.5457,4.9715,7.9705,9.6412
E0121,2026-01-25T00:00:00Z,2.8355,1.9496,1.3089,4.8528,7.5425,9.6401
E0122,2026-01-25T00:00:00Z,2.695,3.002,3.1232,5.2881,6.5287,10.9063
E0123,2026-01-25T00:00:00Z,3.4008,2.002,5.1821,4.6233,8.5879,9.2318
E0124,2026-01-25T00:00:00Z,1.7388,3.0468,4.1995,6.2687,6.4493,8.8521
E0125,2026-01-25T00:00:00Z,2.4305,0.6504,3.9462,6.0177,6.5751,10.8682
E0126,2026-01-25T00:00:00Z,2.8647,1.1462,2.6241,4.704,8.9006,10.5357
E0127,2026-01-25T00:00:00Z,3.6654,4.0137,4.0008,5.8093,8.0426,9.7945
E0128,2026-01-25T00:00:00Z,3.7394,-0.2725,3.5107,5.5512,7.0115,9.1555
E0129,2026-01-25T00:00:00Z,2.2547,0.6868,6.1206,5.7007,7.8677,9.0614
E0130,2026-01-25T00:00:00Z,1.7395,-0.2679,1.9215,5.5252,5.4862,9.4324
E0131,2026-01-25T00:00:00Z,2.3132,1.1779,2.9711,5.937,8.137,10.52
E0132,2026-01-25T00:00:00Z,3.3278,-0.819,2.1453,5.0952,5.6646,8.0132
E0133,2026-01-25T00:00:00Z,1.9128,-0.193,4.9079,5.5851,7.0525,11.6128
E0134,2026-01-25T00:00:00Z,3.6766,-0.7681,4.3277,5.4327,7.3401,8.3114
E0135,2026-01-25T00:00:00Z,3.1413,-1.6459,4.4925,6.7083,6.4929,9.9837
E0136,2026-01-25T00:00:00Z,3.1311,2.8134,3.4513,6.8845,7.0814,8.7945
E0137,2026-01-25T00:00:00Z,3.9928,-0.6093,4.4219,4.5036,5.6506,9.9108
E0138,2026-01-25T00:00:00Z,3.4823,0.16,3.5827,6.1945,6.96,9.6247
E0139,2026-01-25T00:00:00Z,3.323,2.9055,2.6158,6.0011,6.7968,8.9312
E0140,2026-01-25T00:00:00Z,2.6757,0.7665,4.0339,6.2299,5.991,8.1947
E0141,2026-01-25T00:00:00Z,3.0252,2.3092,3.5818,6.5103,7.8386,10.271
E0142,2026-01-25T00:00:00Z,2.1825,2.4955,4.9834,5.9259,6.8669,7.8287
E0143,2026-01-25T00:00:00Z,3.9768,-0.0186,5.1848,6.0391,6.5876,7.6786
E0144,2026-01-25T00:00:00Z,3.1734,1.4546,0.8035,6.0754,7.5179,11.3399
E0145,2026-01-25T00:00:00Z,3.5931,-1.0889,3.2389,5.4399,8.4999,9.1291
E0146,2026-01-25T00:00:00Z,2.9425,1.2115,6.951,5.0657,6.6825,9.2154
E0147,2026-01-25T00:00:00Z,2.2288,2.2402,5.3773,4.9949,8.2361,11.1303
E0148,2026-01-25T00:00:00Z,1.9566,2.1274,2.265,4.4392,7.1712,10.4109
E0149,2026-01-25T00:00:00Z,4.1916,2.8726,3.4008,5.2824,8.8876,10.6388
E0000,2026-01-26T00:00:00Z,2.9702,2.0005,2.4592,5.7203,6.9839,9.8931
E0001,2026-01-26T00:00:00Z,2.9022,0.0295,2.4616,5.3763,6.772,9.8732
E0002,2026-01-26T00:00:00Z,2.0882,-1.4448,4.3199,5.1902,7.9336,8.4023
E0003,2026-01-26T00:00:00Z,2.147,-0.4872,4.2746,5.7076,7.6883,9.8177
E0004,2026-01-26T00:00:00Z,2.095,0.2935,2.6376,4.9849,6.0821,8.0568
E0005,2026-01-26T00:00:00Z,3.6472,-0.5724,3.3994,5.7237,8.4099,9.124
E0006,2026-01-26T00:00:00Z,2.7683,0.508,5.4669,5.3763,6.8746,8.1748
E0007,2026-01-26T00:00:00Z,2.696,-0.9289,4.1438,6.2311,7.1872,8.5646
E0008,2026-01-26T00:00:00Z,3.9072,5.3545,3.9902,6.0555,8.4171,9.9946
E0009,2026-01-26T00:00:00Z,2.7552,-0.5387,4.3242,5.2249,6.8796,10.9507
E0010,2026-01-26T00:00:00Z,2.2447,1.2642,4.1431,5.3849,8.0086,8.7046
E0011,2026-01-26T00:00:00Z,2.9705,2.9883,2.1531,5.69,6.4619,9.0822
E0012,2026-01-26T00:00:00Z,3.5767,3.0658,4.616,5.3839,7.5214,8.4519
E0013,2026-01-26T00:00:00Z,3.181,3.6515,4.7476,5.2401,7.0514,10.0579
E0014,2026-01-26T00:00:00Z,3.4929,0.4917,4.8492,6.0263,6.575,9.7197
E0015,2026-01-26T00:00:00Z,3.4885,-0.9035,3.6585,5.85,8.4656,8.0571
E0016,2026-01-26T00:00:00Z,3.4322,-0.8072,5.1339,5.811,7.1798,10.1595
E0017,2026-01-26T00:00:00Z,2.2315,1.7024,5.2903,5.3511,6.7182,8.1031
E0018,2026-01-26T00:00:00Z,3.9308,-0.7217,2.7653,5.4404,8.442,10.3536
E0019,2026-01-26T00:00:00Z,2.6335,0.1973,4.1154,5.4066,7.4609,9.0468
E0020,2026-01-26T00:00:00Z,3.6387,1.8208,3.3164,5.6551,6.3402,9.6702
E0021,2026-01-26T00:00:00Z,2.8803,2.2393,4.8754,5.7682,6.9139,8.3715
E0022,2026-01-26T00:00:00Z,3.3177,-0.0504,1.7743,4.89,5.7543,10.1773
E0023,2026-01-26T00:00:00Z,3.2589,1.0425,4.1593,4.6476,6.4605,7.0663
E0024,2026-01-26T00:00:00Z,3.5103,0.4492,4.8791,5.5473,7.2792,9.3869
E0025,2026-01-26T00:00:00Z,2.3526,1.4445,4.5995,5.2457,8.0765,8.7675
E0026,2026-01-26T00:00:00Z,2.8833,3.947,5.1278,4.9311,7.0968,10.9024
E0027,2026-01-26T00:00:00Z,2.6227,-0.2898,5.1491,6.1955,5.2419,9.8825
E0028,2026-01-26T00:00:00Z,2.8696,-0.0516,4.6235,4.8501,8.2499,8.9054
E0029,2026-01-26T00:00:00Z,2.7559,1.2497,6.0263,5.1837,6.3417,8.9708
E0030,2026-01-26T00:00:00Z,2.2842,0.5973,2.9147,5.4321,7.1087,10.2935
E0031,2026-01-26T00:00:00Z,3.697,1.2277,5.4747,5.8901,6.9513,8.8377
E0032,2026-01-26T00:00:00Z,2.3194,0.3327,4.4881,4.9866,5.9381,10.2778
E0033,2026-01-26T00:00:00Z,2.8354,-0.6941,4.0294,5.8472,6.4933,8.797
E0034,2026-01-26T00:00:00Z,2.9042,-0.6814,4.5896,5.243,5.8078,7.5065
E0035,2026-01-26T00:00:00Z,2.8569,0.0109,2.1578,5.6185,7.2002,8.1674
E0036,2026-01-26T00:00:00Z,3.0265,-1.4106,1.4657,5.3634,6.2958,9.2334
E0037,2026-01-26T00:00:00Z,2.9443,0.7141,4.1514,4.3716,6.7592,10.0293
E0038,2026-01-26T00:00:00Z,1.4818,-0.6452,2.2463,6.124,7.7136,8.3265
E0039,2026-01-26T00:00:00Z,1.9798,0.1363,6.5826,5.5486,5.823,9.1794
E0040,2026-01-26T00:00:00Z,4.3012,0.7026,4.2963,5.5157,5.7542,10.6479
E0041,2026-01-26T00:00:00Z,2.8833,1.0075,5.2792,5.7095,9.2173,9.7726
E0042,2026-01-26T00:00:00Z,2.3583,2.8646,4.2949,4.857,5.702,10.9326
E0043,2026-01-26T00:00:00Z,3.2609,1.8642,2.1437,6.002,6.8395,8.7539
E0044,2026-01-26T00:00:00Z,2.4633,1.7106,3.9139,5.0385,5.1676,10.7569
E0045,2026-01-26T00:00:00Z,2.2421,-0.2627,3.4007,4.3653,7.0796,8.7283
E0046,2026-01-26T00:00:00Z,3.9219,0.8158,5.2129,5.6952,7.3834,8.9375
E0047,2026-01-26T00:00:00Z,2.9308,0.7396,5.0815,5.5933,6.1239,9.7035
E0048,2026-01-26T00:00:00Z,3.2239,-2.9281,4.7871,5.9364,8.3318,10.0792
E0049,2026-01-26T00:00:00Z,2.8755,-1.2431,4.3698,4.5193,8.0357,9.1458
E0050,2026-01-26T00:00:00Z,3.3634,2.0422,4.8889,5.7335,7.3122,10.4938
E0051,2026-01-26T00:00:00Z,2.0201,2.0901,5.0897,5.0514,7.2409,10.0421
E0052,2026-01-26T00:00:00Z,2.4829,2.9379,3.9148,5.4124,7.7829,9.3453
E0053,2026-01-26T00:00:00Z,1.9677,0.9689,4.0361,6.0354,5.8171,10.688
E0054,2026-01-26T00:00:00Z,2.4248,-2.0225,3.6276,5.0028,5.7436,8.4704
E0055,2026-01-26T00:00:00Z,3.2441,-0.1713,1.0792,6.0265,8.5796,9.6829
E0056,2026-01-26T00:00:00Z,3.0514,1.4199,4.4456,6.4354,9.6917,9.4327
E0057,2026-01-26T00:00:00Z,3.3682,-0.5805,5.8729,4.731,7.0985,9.037
E0058,2026-01-26T00:00:00Z,3.1137,3.1753,2.6399,5.6671,6.6318,9.393
E0059,2026-01-26T00:00:00Z,3.349,0.3793,4.1159,6.4038,9.3812,9.2055
E0060,2026-01-26T00:00:00Z,3.2624,1.3291,3.4711,4.8751,8.3957,9.9037
E0061,2026-01-26T00:00:00Z,2.0706,0.0904,2.0048,5.2232,7.9296,8.8957
E0062,2026-01-26T00:00:00Z,3.4649,-0.3187,5.2959,4.864,7.2933,8.8114
E0063,2026-01-26T00:00:00Z,1.5225,2.6655,2.0545,5.369,8.8233,9.9484
E0064,2026-01-26T00:00:00Z,2.9164,1.2713,5.9378,5.3265,7.1536,9.9733
E0065,2026-01-26T00:00:00Z,1.5568,4.0852,5.5577,6.31,6.9948,10.3027
E0066,2026-01-26T00:00:00Z,4.1902,1.4857,2.9102,5.0591,7.4958,10.4356
E0067,2026-01-26T00:00:00Z,3.2796,0.8454,4.2184,6.1224,7.3343,10.6275
E0068,2026-01-26T00:00:00Z,2.8948,0.6833,5.9233,5.4146,7.0046,9.8177
E0069,2026-01-26T00:00:00Z,2.7604,2.4673,3.2991,5.563,6.7045,9.2515
E0070,2026-01-26T00:00:00Z,2.6053,-2.5875,3.0733,5.6717,7.2784,8.3356
E0071,2026-01-26T00:00:00Z,2.6018,1.9236,1.4631,5.7846,6.1661,11.1303
E0072,2026-01-26T00:00:00Z,3.7531,1.037,4.4079,5.2039,9.1056,9.7423
E0073,2026-01-26T00:00:00Z,1.4508,0.1534,1.8528,4.9878,8.4367,10.2961
E0074,2026-01-26T00:00:00Z,3.2157,-2.3404,5.3441,5.5899,6.7698,8.3423
E0075,2026-01-26T00:00:00Z,3.1043,0.8527,2.9399,5.7292,6.7196,11.2373
E0076,2026-01-26T00:00:00Z,2.5424,-0.6057,3.3961,6.0246,8.309,8.3234
E0077,2026-01-26T00:00:00Z,2.3263,1.2469,0.8992,5.0091,4.6367,10.7273
E0078,2026-01-26T00:00:00Z,2.9637,-0.8279,4.464,5.0271,7.1704,10.256
E0079,2026-01-26T00:00:00Z,2.8756,1.1343,4.1371,5.081,7.1275,9.1093
E0080,2026-01-26T00:00:00Z,4.181,-2.8578,1.6217,6.5921,7.6032,9.9576
E0081,2026-01-26T00:00:00Z,2.7745,0.5842,4.3651,5.3775,6.9513,8.9996
E0082,2026-01-26T00:00:00Z,3.056,3.4712,4.7322,5.7463,7.3374,11.3861
E0083,2026-01-26T00:00:00Z,3.3708,1.2637,1.6568,5.3193,8.0639,9.8365
E0084,2026-01-26T00:00:00Z,2.5151,2.0377,4.1993,6.1868,6.6235,9.3271
E0085,2026-01-26T00:00:00Z,1.8139,-3.1539,2.6539,4.6709,7.1205,10.8726
E0086,2026-01-26T00:00:00Z,2.3465,4.2583,3.2908,5.3859,8.2236,10.0115
E0087,2026-01-26T00:00:00Z,2.9076,-1.4956,3.4302,5.2591,5.6284,9.2241
E0088,2026-01-26T00:00:00Z,2.932,1.4652,3.0789,5.6593,6.0605,11.8684
E0089,2026-01-26T00:00:00Z,2.927,1.5536,3.0649,5.3087,7.1259,10.1658
E0090,2026-01-26T00:00:00Z,3.2842,0.8959,6.113,5.2703,6.5263,9.3231
E0091,2026-01-26T00:00:00Z,2.8872,-0.5723,4.7412,5.0166,7.1399,9.7121
E0092,2026-01-26T00:00:00Z,1.6241,-0.2009,4.1055,6.6375,7.4035,8.3098
E0093,2026-01-26T00:00:00Z,3.0092,0.6944,4.2575,5.7496,7.7862,11.4566
E0094,2026-01-26T00:00:00Z,3.3415,0.4,3.8755,4.7763,7.3766,10.3123
E0095,2026-01-26T00:00:00Z,2.3433,2.6122,4.571,4.7046,7.9885,10.0127
E0096,2026-01-26T00:00:00Z,4.3954,-0.4832,4.4114,5.482,6.9342,8.2368
E0097,2026-01-26T00:00:00Z,3.3938,0.6893,3.496,6.8563,7.6685,8.8883
E0098,2026-01-26T00:00:00Z,2.9247,3.8374,3.4007,6.5228,7.3059,9.9932
E0099,2026-01-26T00:00:00Z,2.9731,0.9799,2.8586,6.1584,7.0678,10.9037
E0100,2026-01-26T00:00:00Z,3.1515,-0.1298,5.1598,4.9248,7.4,8.4473
E0101,2026-01-26T00:00:00Z,4.007,-0.2605,2.9908,4.692,8.2327,9.5654
E0102,2026-01-26T00:00:00Z,3.167,1.6423,4.0285,5.7394,6.8945,9.8955
E0103,2026-01-26T00:00:00Z,3.198,4.1,5.4363,5.5611,7.7846,8.5446
E0104,2026-01-26T00:00:00Z,3.8975,0.8847,3.3311,6.0934,9.7906,8.9033
E0105,2026-01-26T00:00:00Z,2.6472,2.5408,2.7296,5.6807,6.5607,8.0374
E0106,2026-01-26T00:00:00Z,2.4546,2.0979,3.1866,5.0476,6.3485,9.478
E0107,2026-01-26T00:00:00Z,2.5307,-1.0352,2.481,4.3956,7.163,10.1376
E0108,2026-01-26T00:00:00Z,1.917,-2.395,4.211,5.3645,5.9167,10.0116
E0109,2026-01-26T00:00:00Z,2.7921,0.6335,3.8525,4.8022,8.7484,10.3561
E0110,2026-01-26T00:00:00Z,2.3955,-0.2594,2.9993,5.7987,5.747,9.8334
E0111,2026-01-26T00:00:00Z,3.0628,2.4438,4.0295,4.084,7.5422,9.8318
E0112,2026-01-26T00:00:00Z,3.6469,1.0096,1.6322,6.2523,8.8182,8.7774
E0113,2026-01-26T00:00:00Z,2.9371,2.2593,2.7625,6.3968,6.9097,7.3282
E0114,2026-01-26T00:00:00Z,2.9345,0.1432,4.452,5.3222,8.5746,11.0916
E0115,2026-01-26T00:00:00Z,2.8817,0.4058,3.6341,4.428,6.6398,7.8036
E0116,2026-01-26T00:00:00Z,1.225,0.7849,7.0418,6.0769,7.0143,9.1355
E0117,2026-01-26T00:00:00Z,2.4483,-0.6693,4.3132,5.5746,6.5673,8.5226
E0118,2026-01-26T00:00:00Z,2.5006,1.2956,4.6984,4.5181,8.3384,9.7282
E0119,2026-01-26T00:00:00Z,2.0979,-2.5518,4.6125,5.2895,8.7515,9.2129
E0120,2026-01-26T00:00:00Z,4.4612,3.7658,2.8908,4.2922,7.4998,10.6651
E0121,2026-01-26T00:00:00Z,2.1516,0.0488,3.2701,5.6327,7.4571,9.9224
E0122,2026-01-26T00:00:00Z,2.1896,0.8373,1.7582,5.4019,7.5897,7.967
E0123,2026-01-26T00:00:00Z,2.8658,0.3997,4.6319,5.9368,6.5891,9.0692
E0124,2026-01-26T00:00:00Z,2.8028,2.0705,5.4584,5.1151,6.9235,10.4863
E0125,2026-01-26T00:00:00Z,1.7731,0.1606,2.4765,4.9543,6.2358,9.8183
E0126,2026-01-26T00:00:00Z,3.9151,-2.0578,3.308,5.7018,8.1947,10.0149
E0127,2026-01-26T00:00:00Z,3.1537,0.7662,3.9722,5.3572,6.8591,8.5107
E0128,2026-01-26T00:00:00Z,3.0035,0.0377,4.4689,6.1113,7.638,8.6873
E0129,2026-01-26T00:00:00Z,2.6276,3.3615,2.4132,5.9792,7.9205,9.8519
E0130,2026-01-26T00:00:00Z,2.7953,1.307,4.0584,4.3418,8.3848,10.7064
E0131,2026-01-26T00:00:00Z,2.6821,-1.034,1.2703,5.8622,8.3084,9.8053
E0132,2026-01-26T00:00:00Z,3.1093,0.6183,5.3817,5.4945,8.6748,8.9557
E0133,2026-01-26T00:00:00Z,2.3939,1.6322,3.827,4.6192,7.5791,9.1845
E0134,2026-01-26T00:00:00Z,2.0423,2.0362,3.3668,5.6883,9.1368,8.8631
E0135,2026-01-26T00:00:00Z,2.573,0.2221,4.2452,5.3893,6.5624,11.0971
E0136,2026-01-26T00:00:00Z,2.1923,2.1689,4.61,4.6956,8.4545,9.3182
E0137,2026-01-26T00:00:00Z,2.976,0.9004,5.4826,5.3658,7.2709,10.9826
E0138,2026-01-26T00:00:00Z,2.744,0.423,3.4619,5.6555,7.5578,9.5999
E0139,2026-01-26T00:00:00Z,3.2862,0.5988,4.9662,6.81,7.7398,9.3756
E0140,2026-01-26T00:00:00Z,3.011,0.797,5.1017,5.2972,5.8589,9.6575
E0141,2026-01-26T00:00:00Z,3.1566,2.5088,3.586,5.842,7.6054,9.8942
E0142,2026-01-26T00:00:00Z,2.7492,1.9298,5.7221,5.9511,7.9869,8.7341
E0143,2026-01-26T00:00:00Z,4.6253,1.1252,5.4419,5.8579,8.0845,9.8525
E0144,2026-01-26T00:00:00Z,3.0312,2.3503,2.8759,5.6418,6.6637,7.2371
E0145,2026-01-26T00:00:00Z,2.9787,1.3198,4.2683,5.8385,6.5208,9.1642
E0146,2026-01-26T00:00:00Z,2.9794,3.0754,3.7047,5.0932,7.0842,9.3648
E0147,2026-01-26T00:00:00Z,2.8305,-0.766,4.8123,5.8503,6.9686,9.3716
E0148,2026-01-26T00:00:00Z,2.5714,1.5499,4.7305,5.0651,7.4459,10.9176
E0149,2026-01-26T00:00:00Z,3.2155,1.3929,2.9805,5.5375,8.3598,8.587
E0000,2026-01-27T00:00:00Z,1.7881,0.726,0.7518,6.1006,7.4826,9.4995
E0001,2026-01-27T00:00:00Z,2.5752,2.316,4.4275,4.9793,6.6788,10.0869
E0002,2026-01-27T00:00:00Z,2.1449,0.4213,2.6327,5.9591,5.6311,8.539
E0003,2026-01-27T00:00:00Z,3.4395,2.3276,2.4054,5.6999,6.4333,9.6332
E0004,2026-01-27T00:00:00Z,3.9367,1.3349,3.3974,5.6521,8.0287,9.5123
E0005,2026-01-27T00:00:00Z,3.0914,1.8566,4.6636,6.3237,8.089,10.8531
E0006,2026-01-27T00:00:00Z,3.7593,4.0544,4.4341,5.8036,5.6996,9.6113
E0007,2026-01-27T00:00:00Z,2.7834,0.3425,7.1871,5.0477,8.0364,6.9564
E0008,2026-01-27T00:00:00Z,2.982,0.941,0.7968,5.5952,7.3324,9.1621
E0009,2026-01-27T00:00:00Z,3.0457,1.6129,2.8159,5.3927,7.7316,9.686
E0010,2026-01-27T00:00:00Z,3.0729,1.005,4.6866,5.5999,7.6348,8.7071
E0011,2026-01-27T00:00:00Z,2.3677,2.5421,4.307,5.5798,7.8797,11.9498
E0012,2026-01-27T00:00:00Z,2.9287,0.0437,2.9767,6.2997,6.2365,10.2002
E0013,2026-01-27T00:00:00Z,3.4222,3.9444,2.5737,5.0219,7.2013,10.9236
E0014,2026-01-27T00:00:00Z,3.0031,0.1367,2.7866,5.0033,7.4619,9.6757
E0015,2026-01-27T00:00:00Z,3.2178,2.359,5.2822,5.2237,8.9336,8.9423
E0016,2026-01-27T00:00:00Z,3.1966,0.472,3.6638,5.4348,7.6206,10.0536
E0017,2026-01-27T00:00:00Z,3.831,2.5902,5.1826,5.1577,8.1149,9.4506
E0018,2026-01-27T00:00:00Z,2.3579,2.3974,4.9439,5.5316,7.5774,9.9699
E0019,2026-01-27T00:00:00Z,3.0321,1.4276,3.6058,4.955,8.6753,9.6483
E0020,2026-01-27T00:00:00Z,2.031,4.9808,3.8016,5.6359,6.6306,6.3013
E0021,2026-01-27T00:00:00Z,3.3898,3.329,4.9957,5.5282,6.962,9.5053
E0022,2026-01-27T00:00:00Z,3.8526,1.094,3.665,6.4335,8.2168,9.7101
E0023,2026-01-27T00:00:00Z,2.3621,5.5081,5.8657,5.967,5.6917,10.8027
E0024,2026-01-27T00:00:00Z,2.9651,1.7766,2.085,5.7822,8.9744,10.1958
E0025,2026-01-27T00:00:00Z,3.1739,0.0077,0.8224,5.3077,6.4439,9.1312
E0026,2026-01-27T00:00:00Z,2.3649,1.1318,4.4952,5.2012,7.7064,10.8632
E0027,2026-01-27T00:00:00Z,2.2087,0.6351,4.3371,5.3854,8.2753,7.9644
E0028,2026-01-27T00:00:00Z,2.283,-0.6765,4.3665,5.3498,6.8332,9.2041
E0029,2026-01-27T00:00:00Z,2.7817,3.3013,3.1371,4.9626,5.946,11.4888
E0030,2026-01-27T00:00:00Z,2.1629,-1.1945,5.0127,6.2394,7.7756,9.3021
E0031,2026-01-27T00:00:00Z,1.8409,-0.2671,5.1545,5.8318,8.7623,9.5445
E0032,2026-01-27T00:00:00Z,3.0824,1.3127,3.5219,4.8834,6.8346,9.6535
E0033,2026-01-27T00:00:00Z,2.5178,2.4021,5.2745,4.817,9.8333,8.6141
E0034,2026-01-27T00:00:00Z,2.7494,1.7159,3.1032,4.9233,8.2815,9.1782
E0035,2026-01-27T00:00:00Z,2.2713,2.7252,4.204,4.9273,7.1741,9.99
E0036,2026-01-27T00:00:00Z,3.3964,2.0435,2.3295,4.9628,7.2848,9.706
E0037,2026-01-27T00:00:00Z,2.5251,2.8199,2.8022,5.0017,6.2496,10.3887
E0038,2026-01-27T00:00:00Z,2.9188,-0.1789,2.8427,5.3123,6.1084,11.0614
E0039,2026-01-27T00:00:00Z,2.9381,1.3845,6.1723,5.7126,8.8845,9.3861
E0040,2026-01-27T00:00:00Z,3.1497,2.1608,4.509,4.3385,7.4684,9.0179
E0041,2026-01-27T00:00:00Z,4.1069,2.9295,3.4772,5.3113,6.6593,9.6185
E0042,2026-01-27T00:00:00Z,3.4235,-0.8507,4.8836,5.0064,6.7354,8.743
E0043,2026-01-27T00:00:00Z,1.5322,1.1602,4.1507,5.6874,9.9105,9.4635
E0044,2026-01-27T00:00:00Z,2.7987,2.7312,2.8328,5.4476,7.2463,11.3115
E0045,2026-01-27T00:00:00Z,2.9426,3.578,3.2183,6.8613,6.4708,9.4405
E0046,2026-01-27T00:00:00Z,3.2852,0.1803,3.6049,4.1381,7.7246,9.3259
E0047,2026-01-27T00:00:00Z,3.2823,2.8329,4.3528,5.1279,7.8318,8.8666
E0048,2026-01-27T00:00:00Z,2.4526,-0.2536,1.837,5.12,5.9289,10.3336
E0049,2026-01-27T00:00:00Z,1.995,0.4041,2.0174,5.0949,7.3459,7.8691
E0050,2026-01-27T00:00:00Z,3.8604,3.1652,2.2367,5.8884,8.5167,8.6675
E0051,2026-01-27T00:00:00Z,2.7847,0.5259,2.7007,4.918,7.2844,10.3461
E0052,2026-01-27T00:00:00Z,2.8693,0.3702,6.1976,5.0459,6.0716,8.4965
E0053,2026-01-27T00:00:00Z,3.0413,1.6708,3.0332,5.2839,7.263,9.6656
E0054,2026-01-27T00:00:00Z,3.0425,-0.1657,-1.3361,5.7731,5.7151,10.0733
E0055,2026-01-27T00:00:00Z,1.3911,-0.1443,4.9872,5.7268,6.8627,9.4433
E0056,2026-01-27T00:00:00Z,2.9292,-0.7702,3.1205,5.5336,7.8826,10.2811
E0057,2026-01-27T00:00:00Z,2.7302,0.2837,1.7752,5.5408,7.2312,8.9979
E0058,2026-01-27T00:00:00Z,3.674,2.7615,2.45,6.8695,6.9877,10.8302
E0059,2026-01-27T00:00:00Z,3.1649,-3.0576,3.0165,5.4131,7.4667,9.3989
E0060,2026-01-27T00:00:00Z,3.3839,-2.1388,3.599,6.728,7.6564,9.7777
E0061,2026-01-27T00:00:00Z,2.2684,-0.4701,1.7383,5.6175,7.8385,10.0989
E0062,2026-01-27T00:00:00Z,2.8099,0.565,3.8027,5.9254,7.2467,10.7646
E0063,2026-01-27T00:00:00Z,2.9193,1.209,3.5741,5.219,7.3632,7.4767
E0064,2026-01-27T00:00:00Z,2.8141,-1.2873,5.9778,5.5915,6.5752,8.4568
E0065,2026-01-27T00:00:00Z,2.3626,-2.1855,5.492,4.665,6.0591,8.001
E0066,2026-01-27T00:00:00Z,2.973,3.8614,4.6962,6.0907,6.9609,9.9373
E0067,2026-01-27T00:00:00Z,3.615,3.1721,7.087,6.2233,6.7629,7.8378
E0068,2026-01-27T00:00:00Z,2.628,1.1041,4.2166,5.9229,7.0025,9.3146
E0069,2026-01-27T00:00:00Z,2.482,1.6288,2.448,4.7073,5.9575,8.33
E0070,2026-01-27T00:00:00Z,3.3545,2.7921,2.3022,6.2506,8.9707,8.9914
E0071,2026-01-27T00:00:00Z,3.9947,0.3762,3.3592,6.5118,6.3233,9.401
E0072,2026-01-27T00:00:00Z,3.7027,2.0972,2.7356,4.4742,7.9053,7.0469
E0073,2026-01-27T00:00:00Z,2.3971,-2.8724,5.0444,5.6783,7.4727,9.1724
E0074,2026-01-27T00:00:00Z,2.2281,-1.3313,4.0451,4.5591,7.0914,9.5782
E0075,2026-01-27T00:00:00Z,2.9013,-0.5149,2.3997,6.1212,7.7545,8.0326
E0076,2026-01-27T00:00:00Z,2.419,0.7712,1.1335,5.8728,6.7145,8.3998
E0077,2026-01-27T00:00:00Z,3.3676,1.8666,2.4697,5.3692,5.4094,10.648
E0078,2026-01-27T00:00:00Z,4.2282,0.1293,3.4621,5.124,5.6775,9.8809
E0079,2026-01-27T00:00:00Z,2.2424,4.6222,3.5424,6.2606,6.4215,10.4182
E0080,2026-01-27T00:00:00Z,2.8298,1.9724,4.0421,5.9945,5.4268,10.034
E0081,2026-01-27T00:00:00Z,2.8009,1.5062,4.2772,5.465,6.1009,9.843
E0082,2026-01-27T00:00:00Z,3.814,-1.309,3.4983,5.7356,6.6626,9.6058
E0083,2026-01-27T00:00:00Z,2.5012,1.8027,3.0784,4.8459,7.2048,10.3709
E0084,2026-01-27T00:00:00Z,2.0135,0.3659,4.7715,5.1957,8.0471,8.9547
E0085,2026-01-27T00:00:00Z,3.606,0.3572,5.7871,4.822,9.1059,9.7496
E0086,2026-01-27T00:00:00Z,3.3043,1.4683,7.0381,6.1768,6.8817,10.3172
E0087,2026-01-27T00:00:00Z,3.2115,1.6844,4.8736,4.9202,7.5078,8.041
E0088,2026-01-27T00:00:00Z,2.7264,0.286,4.8998,5.1389,7.8008,8.9803
E0089,2026-01-27T00:00:00Z,2.6952,1.6341,3.9859,4.8035,7.9494,8.2549
E0090,2026-01-27T00:00:00Z,3.1638,-1.5408,4.3608,6.43,4.3528,9.4816
E0091,2026-01-27T00:00:00Z,4.0407,-0.0365,5.2483,4.4661,7.8973,8.8338
E0092,2026-01-27T00:00:00Z,2.6372,-0.4949,4.0037,5.5776,6.8975,9.7577
E0093,2026-01-27T00:00:00Z,2.8216,-1.7089,6.5951,5.5668,7.3915,8.5984
E0094,2026-01-27T00:00:00Z,1.3018,2.5634,1.7801,4.5594,6.7163,10.2331
E0095,2026-01-27T00:00:00Z,1.9293,-0.6702,2.9204,5.6862,8.7942,11.8629
E0096,2026-01-27T00:00:00Z,3.2797,1.4881,3.5047,5.7673,7.992,9.4656
E0097,2026-01-27T00:00:00Z,2.0186,-1.2324,6.3562,4.3701,7.7627,8.6325
E0098,2026-01-27T00:00:00Z,3.0574,2.3823,3.8264,5.6316,7.9339,9.2934
E0099,2026-01-27T00:00:00Z,4.7518,0.372,4.8402,4.7133,6.3198,8.9169
E0100,2026-01-27T00:00:00Z,3.6045,4.262,3.1289,6.5302,8.1647,8.8155
E0101,2026-01-27T00:00:00Z,3.0049,-0.0877,6.4709,5.291,6.2569,10.7606
E0102,2026-01-27T00:00:00Z,1.506,2.8126,3.0684,4.9917,6.4298,9.511
E0103,2026-01-27T00:00:00Z,2.1729,-2.9911,5.6164,4.9917,5.6029,10.7426
E0104,2026-01-27T00:00:00Z,2.9832,-0.2217,3.0873,5.8593,5.2572,10.9639
E0105,2026-01-27T00:00:00Z,4.4274,-1.3683,2.5107,4.923,5.7414,9.3193
E0106,2026-01-27T00:00:00Z,1.4668,1.2382,4.0755,4.6545,7.5137,8.8141
E0107,2026-01-27T00:00:00Z,2.7025,2.3874,5.1955,5.1841,7.421,9.2503
E0108,2026-01-27T00:00:00Z,3.5036,0.7133,2.137,6.2261,5.6988,10.2585
E0109,2026-01-27T00:00:00Z,3.2349,2.7513,3.7092,4.9398,6.9087,9.4533
E0110,2026-01-27T00:00:00Z,3.0284,0.3685,4.6466,6.0181,6.0061,10.1975
E0111,2026-01-27T00:00:00Z,2.3539,1.8306,1.1983,6.3806,7.052,9.0699
E0112,2026-01-27T00:00:00Z,3.1626,1.6097,4.6017,5.1956,6.6951,10.9002
E0113,2026-01-27T00:00:00Z,3.1063,-0.2194,3.9434,6.0598,5.896,8.05
E0114,2026-01-27T00:00:00Z,2.4633,3.7015,1.8721,6.5633,9.2741,10.9534
E0115,2026-01-27T00:00:00Z,2.3745,-0.6963,4.6097,5.0157,8.4027,9.6143
E0116,2026-01-27T00:00:00Z,3.1335,2.9588,1.9549,5.4937,7.8917,8.3376
E0117,2026-01-27T00:00:00Z,2.1304,0.5489,1.4658,4.9275,8.2958,9.308
E0118,2026-01-27T00:00:00Z,2.7271,1.2788,5.4394,4.581,8.2911,10.8258
E0119,2026-01-27T00:00:00Z,2.6252,0.9583,1.6962,5.8079,8.0111,9.5143
E0120,2026-01-27T00:00:00Z,1.2654,-0.4279,3.0857,4.9809,8.2525,10.8162
E0121,2026-01-27T00:00:00Z,3.0478,1.0434,2.7615,6.5752,6.7238,10.1502
E0122,2026-01-27T00:00:00Z,2.4362,4.0034,3.7608,5.5757,7.8645,8.5431
E0123,2026-01-27T00:00:00Z,3.1363,1.8565,3.4565,6.0368,6.7954,9.1439
E0124,2026-01-27T00:00:00Z,3.288,1.6916,3.4971,5.3562,7.5513,9.8157
E0125,2026-01-27T00:00:00Z,2.8472,-0.347,4.4914,5.8381,7.0628,9.4621
E0126,2026-01-27T00:00:00Z,3.3163,0.9671,4.4402,5.6033,6.6114,8.5204
E0127,2026-01-27T00:00:00Z,4.3797,3.1461,4.694,5.4018,6.6688,11.1922
E0128,2026-01-27T00:00:00Z,2.923,3.4983,3.7375,5.6975,8.4469,10.1887
E0129,2026-01-27T00:00:00Z,3.6945,0.9427,4.4178,6.7264,6.2449,9.9351
E0130,2026-01-27T00:00:00Z,3.0233,4.4117,4.5224,5.4297,6.619,9.9965
E0131,2026-01-27T00:00:00Z,2.5938,0.6043,2.9445,6.1952,6.946,10.3531
E0132,2026-01-27T00:00:00Z,2.6501,0.6113,3.0604,5.7971,6.3211,9.296
E0133,2026-01-27T00:00:00Z,3.276,1.4519,3.6668,5.543,8.8321,9.9366
E0134,2026-01-27T00:00:00Z,3.7459,0.8309,5.5734,4.5402,8.0778,8.738
E0135,2026-01-27T00:00:00Z,2.8383,-0.9333,4.0547,5.7775,8.5423,9.629
E0136,2026-01-27T00:00:00Z,3.6364,0.034,3.9431,4.577,7.4612,8.9078
E0137,2026-01-27T00:00:00Z,2.3781,5.0464,2.8723,5.1649,7.7539,8.1342
E0138,2026-01-27T00:00:00Z,1.6181,-0.8745,1.1985,5.0853,7.0998,10.0509
E0139,2026-01-27T00:00:00Z,2.6746,-0.8213,2.5921,6.162,7.9778,10.3403
E0140,2026-01-27T00:00:00Z,2.6092,-0.7721,4.834,4.4625,7.9341,9.4164
E0141,2026-01-27T00:00:00Z,2.5328,4.5409,1.0758,6.1074,7.7745,9.8643
E0142,2026-01-27T00:00:00Z,3.257,0.2829,4.4706,4.7024,6.9191,9.5879
E0143,2026-01-27T00:00:00Z,2.8771,2.3596,4.285,5.6321,7.8519,10.1952
E0144,2026-01-27T00:00:00Z,3.1233,0.9733,2.4473,5.9598,7.0803,9.5311
E0145,2026-01-27T00:00:00Z,3.054,1.008,2.2152,4.4668,5.7843,8.7172
E0146,2026-01-27T00:00:00Z,2.6899,-1.4361,1.2101,5.2271,7.3598,8.3496
E0147,2026-01-27T00:00:00Z,2.8917,-0.384,3.4017,6.0395,7.585,9.4539
E0148,2026-01-27T00:00:00Z,3.2017,-0.5454,3.9744,6.5025,8.173,9.6022
E0149,2026-01-27T00:00:00Z,2.7271,1.8139,3.7036,5.1165,7.6276,11.8723
E0000,2026-01-28T00:00:00Z,2.8099,1.0795,2.9589,5.8273,7.3592,8.4797
E0001,2026-01-28T00:00:00Z,3.3974,-0.938,2.3965,5.3803,7.7827,12.0661
E0002,2026-01-28T00:00:00Z,2.6596,1.9303,2.6678,5.9469,8.2592,9.7119
E0003,2026-01-28T00:00:00Z,3.5923,2.3706,3.1392,5.865,8.4817,9.9759
E0004,2026-01-28T00:00:00Z,2.0612,0.1382,3.3224,6.0815,6.9366,9.4831
E0005,2026-01-28T00:00:00Z,3.6529,2.2365,3.6171,5.728,8.5611,6.9924
E0006,2026-01-28T00:00:00Z,4.0366,1.4139,4.3836,5.4828,7.5815,9.4501
E0007,2026-01-28T00:00:00Z,3.6425,0.3559,4.9393,5.2248,8.25,7.9074
E0008,2026-01-28T00:00:00Z,1.3235,1.5887,2.5013,5.6203,7.1618,9.6687
E0009,2026-01-28T00:00:00Z,4.3642,0.1272,3.4072,3.9407,7.6639,9.3975
E0010,2026-01-28T00:00:00Z,2.9593,1.1294,3.8161,4.7566,7.1038,9.7744
E0011,2026-01-28T00:00:00Z,3.295,0.1971,7.2013,5.4874,6.8972,9.7863
E0012,2026-01-28T00:00:00Z,3.1347,0.6902,4.5898,6.2272,8.3808,8.7317
E0013,2026-01-28T00:00:00Z,4.1336,2.0462,3.3326,5.2418,6.6769,8.3283
E0014,2026-01-28T00:00:00Z,2.042,-2.1245,3.4559,6.0932,8.2933,10.7166
E0015,2026-01-28T00:00:00Z,3.793,0.3709,6.7243,6.3989,6.59,9.4736
E0016,2026-01-28T00:00:00Z,3.5226,1.9798,3.871,4.3475,5.8367,9.6785
E0017,2026-01-28T00:00:00Z,3.2416,2.9493,4.0594,4.7049,7.4657,10.5137
E0018,2026-01-28T00:00:00Z,2.5835,0.9603,5.2971,5.6828,8.2332,9.3517
E0019,2026-01-28T00:00:00Z,3.0257,-0.7379,2.9488,5.6746,6.4762,9.7457
E0020,2026-01-28T00:00:00Z,2.8681,0.7066,5.3562,5.5821,7.3877,11.4346
E0021,2026-01-28T00:00:00Z,3.2027,2.167,5.7243,5.8548,8.3377,8.948
E0022,2026-01-28T00:00:00Z,3.1181,3.2022,3.3413,4.9228,6.7496,7.9543
E0023,2026-01-28T00:00:00Z,4.356,0.55,4.5141,4.846,5.739,8.2093
E0024,2026-01-28T00:00:00Z,2.3874,0.432,4.3013,4.8997,9.5542,11.8095
E0025,2026-01-28T00:00:00Z,3.205,-0.3617,4.8193,5.0667,7.3759,9.6787
E0026,2026-01-28T00:00:00Z,2.5255,0.1984,2.9496,5.0952,9.0778,9.1297
E0027,2026-01-28T00:00:00Z,2.4521,1.6007,4.3053,6.6252,7.569,8.321
E0028,2026-01-28T00:00:00Z,3.471,0.9854,3.2614,5.2135,8.9127,7.9589
E0029,2026-01-28T00:00:00Z,1.3002,-0.6863,4.8822,5.9804,7.4415,9.2829
E0030,2026-01-28T00:00:00Z,1.6642,3.5788,2.5635,6.3708,7.6622,8.9983
E0031,2026-01-28T00:00:00Z,3.6678,3.6016,5.233,5.9533,8.4343,8.9146
E0032,2026-01-28T00:00:00Z,2.9867,0.0415,5.9383,5.4247,6.5275,8.167
E0033,2026-01-28T00:00:00Z,3.3801,2.2191,3.3593,6.0702,8.4211,9.867
E0034,2026-01-28T00:00:00Z,2.3654,0.3341,2.2286,4.9072,6.7784,8.856
E0035,2026-01-28T00:00:00Z,2.9017,1.4676,3.1946,5.7061,7.9097,10.3942
E0036,2026-01-28T00:00:00Z,2.2736,0.7727,4.1219,6.0721,7.6306,8.9611
E0037,2026-01-28T00:00:00Z,2.8734,2.6112,1.5924,5.9428,7.3753,9.7225
E0038,2026-01-28T00:00:00Z,2.0651,-0.7442,4.8651,6.2941,5.5807,9.197
E0039,2026-01-28T00:00:00Z,3.2046,1.8913,5.2341,6.4665,7.8883,10.1435
E0040,2026-01-28T00:00:00Z,3.0759,1.8906,4.9182,6.5867,8.0561,9.6288
E0041,2026-01-28T00:00:00Z,3.5457,0.3364,3.6455,5.7687,8.0654,9.0155
E0042,2026-01-28T00:00:00Z,3.7257,-0.2899,3.7377,5.0085,6.8837,10.9633
E0043,2026-01-28T00:00:00Z,3.2546,0.9784,3.8872,6.274,8.6405,8.6851
E0044,2026-01-28T00:00:00Z,4.2583,0.7558,4.326,5.7131,6.5134,9.3912
E0045,2026-01-28T00:00:00Z,2.6445,2.7051,4.5911,5.2998,6.5692,8.9156
E0046,2026-01-28T00:00:00Z,2.1749,0.1551,2.5982,5.8375,6.4362,9.2892
E0047,2026-01-28T00:00:00Z,3.0689,1.0553,6.2146,5.5382,6.9243,9.6473
E0048,2026-01-28T00:00:00Z,3.4039,1.5534,2.7839,5.9095,8.2419,9.9522
E0049,2026-01-28T00:00:00Z,3.6612,-0.5299,1.4274,5.3918,5.396,9.4394
E0050,2026-01-28T00:00:00Z,2.0898,-0.6187,5.3314,6.4086,8.4192,9.1684
E0051,2026-01-28T00:00:00Z,2.4793,-0.0979,4.9443,4.6704,7.4574,9.2887
E0052,2026-01-28T00:00:00Z,3.7685,-1.9116,1.9408,5.3702,7.8355,9.3848
E0053,2026-01-28T00:00:00Z,2.6673,2.4329,3.7994,5.1817,7.92,8.8052
E0054,2026-01-28T00:00:00Z,3.3217,1.5335,2.5987,5.9007,7.46,9.574
E0055,2026-01-28T00:00:00Z,2.1209,0.5652,4.3923,5.3057,6.4904,8.6281
E0056,2026-01-28T00:00:00Z,3.923,-1.4057,2.8605,5.2146,7.1968,10.4644
E0057,2026-01-28T00:00:00Z,3.4822,0.2301,4.1921,5.9325,7.6119,9.7421
E0058,2026-01-28T00:00:00Z,1.8229,0.0783,2.5484,5.4074,8.2073,9.5419
E0059,2026-01-28T00:00:00Z,3.4545,0.8697,1.6905,5.7087,7.818,8.5179
E0060,2026-01-28T00:00:00Z,2.9523,0.4806,3.8535,4.9725,5.9664,9.6572
E0061,2026-01-28T00:00:00Z,3.1476,0.3916,2.6482,6.0536,7.4182,10.1685
E0062,2026-01-28T00:00:00Z,2.9305,1.0986,1.4281,5.08,5.1855,8.933
E0063,2026-01-28T00:00:00Z,3.5804,0.9884,4.2396,5.7318,5.7583,9.4032
E0064,2026-01-28T00:00:00Z,2.5673,-0.1537,2.9452,5.2885,7.1447,10.0459
E0065,2026-01-28T00:00:00Z,2.9978,1.8125,4.0944,5.4915,8.1143,9.2663
E0066,2026-01-28T00:00:00Z,2.6902,-0.0669,1.0255,6.0308,6.5048,9.4602
E0067,2026-01-28T00:00:00Z,3.0944,-1.002,3.9774,5.529,7.0479,10.1793
E0068,2026-01-28T00:00:00Z,2.7267,1.7046,3.7007,5.1241,5.8434,6.8679
E0069,2026-01-28T00:00:00Z,2.7106,0.303,5.4698,6.0328,7.7228,10.3674
E0070,2026-01-28T00:00:00Z,3.4193,-0.9976,3.0205,4.5791,8.0347,8.1816
E0071,2026-01-28T00:00:00Z,3.5106,0.6205,5.5029,6.6232,9.2017,10.726
E0072,2026-01-28T00:00:00Z,3.6494,-1.0202,1.5657,5.519,7.9125,8.4469
E0073,2026-01-28T00:00:00Z,3.1375,2.5638,5.1379,6.1779,6.5801,9.7236
E0074,2026-01-28T00:00:00Z,2.0824,0.245,3.29,5.3551,8.1897,8.3359
E0075,2026-01-28T00:00:00Z,3.309,1.2405,6.3902,6.2973,5.3087,7.8294
E0076,2026-01-28T00:00:00Z,3.4828,0.1875,4.2384,4.3563,7.0996,9.6272
E0077,2026-01-28T00:00:00Z,3.0312,1.9775,2.8698,4.4435,7.3539,8.6393
E0078,2026-01-28T00:00:00Z,2.3573,1.7004,4.6381,5.7416,8.5514,11.6385
E0079,2026-01-28T00:00:00Z,2.7146,0.1633,4.8164,5.0313,6.3911,9.1571
E0080,2026-01-28T00:00:00Z,3.9974,-0.5712,4.3419,5.3788,6.405,9.5545
E0081,2026-01-28T00:00:00Z,2.6362,-0.0058,3.2555,5.9714,7.6714,11.8099
E0082,2026-01-28T00:00:00Z,2.2835,0.1988,3.1278,5.3077,6.8146,10.2664
E0083,2026-01-28T00:00:00Z,3.3313,0.9802,2.88,4.8119,6.6908,9.5401
E0084,2026-01-28T00:00:00Z,2.574,1.3838,1.6812,5.367,7.8874,10.5042
E0085,2026-01-28T00:00:00Z,3.9152,2.1612,4.0067,4.7837,7.9088,11.023
E0086,2026-01-28T00:00:00Z,2.3426,-0.762,3.6722,5.3577,8.1787,9.3721
E0087,2026-01-28T00:00:00Z,2.5899,-1.5539,3.873,6.1106,7.8283,9.3631
E0088,2026-01-28T00:00:00Z,3.0114,4.1281,3.646,6.1559,7.5748,9.0738
E0089,2026-01-28T00:00:00Z,2.8726,2.3788,3.4584,4.7945,7.527,9.9668
E0090,2026-01-28T00:00:00Z,3.1185,2.5734,4.3578,6.0841,8.7621,10.207
E0091,2026-01-28T00:00:00Z,3.2117,2.4164,4.6767,6.7603,7.3409,9.9998
E0092,2026-01-28T00:00:00Z,3.6601,3.3142,4.4338,5.6208,7.4401,11.0158
E0093,2026-01-28T00:00:00Z,2.773,1.4222,3.96,4.5738,7.3519,11.8249
E0094,2026-01-28T00:00:00Z,2.7122,0.7926,5.0608,5.2511,7.0297,9.5972
E0095,2026-01-28T00:00:00Z,3.3128,0.2417,4.273,5.8454,6.8129,9.5797
E0096,2026-01-28T00:00:00Z,3.0467,1.1266,2.7413,5.4913,8.0716,8.5129
E0097,2026-01-28T00:00:00Z,2.2074,0.4878,6.4495,5.6,6.1144,9.0863
E0098,2026-01-28T00:00:00Z,2.6714,3.3816,1.0238,5.3782,7.6386,10.2836
E0099,2026-01-28T00:00:00Z,2.5724,-0.5758,5.1099,5.8329,5.5555,8.7045
E0100,2026-01-28T00:00:00Z,2.5453,4.5015,3.1983,5.8332,6.7568,11.2492
E0101,2026-01-28T00:00:00Z,3.6522,0.795,3.5659,5.0087,7.6003,10.589
E0102,2026-01-28T00:00:00Z,2.7294,2.0383,2.3262,5.2589,7.106,10.9134
E0103,2026-01-28T00:00:00Z,2.6848,0.0075,5.0996,5.1751,7.3626,9.3305
E0104,2026-01-28T00:00:00Z,2.2011,3.0522,1.7416,6.3089,7.8461,9.8192
E0105,2026-01-28T00:00:00Z,2.5564,1.817,5.9435,5.3825,6.1037,8.8603
E0106,2026-01-28T00:00:00Z,2.8829,2.7108,3.4719,6.6315,9.6114,8.3645
E0107,2026-01-28T00:00:00Z,2.9226,3.7186,4.5649,5.4144,6.0915,9.322
E0108,2026-01-28T00:00:00Z,3.3014,2.8183,2.484,4.3029,9.2239,9.5919
E0109,2026-01-28T00:00:00Z,3.7556,1.2415,0.2206,5.6086,6.3506,10.6589
E0110,2026-01-28T00:00:00Z,3.6606,2.2594,3.9459,5.08,5.8209,9.0291
E0111,2026-01-28T00:00:00Z,2.3691,2.1052,2.4951,6.3261,6.494,10.6806
E0112,2026-01-28T00:00:00Z,2.5574,1.4141,2.8839,4.7205,7.5217,9.5453
E0113,2026-01-28T00:00:00Z,3.4232,-0.8304,3.4747,4.8561,6.2303,10.3679
E0114,2026-01-28T00:00:00Z,2.9925,1.5347,4.3156,6.1599,7.9577,9.5261
E0115,2026-01-28T00:00:00Z,3.973,1.1828,1.7237,5.0644,6.8128,8.8584
E0116,2026-01-28T00:00:00Z,3.0111,0.8591,3.8742,6.0477,7.8558,8.7923
E0117,2026-01-28T00:00:00Z,2.2402,2.0938,4.611,4.7866,8.5313,10.566
E0118,2026-01-28T00:00:00Z,3.1568,1.5783,2.2355,5.4277,7.3411,9.0396
E0119,2026-01-28T00:00:00Z,2.4047,2.3152,2.6807,4.9579,6.8729,12.7123
E0120,2026-01-28T00:00:00Z,2.7364,-1.2419,3.4587,5.0404,8.0529,8.24
E0121,2026-01-28T00:00:00Z,3.833,0.2915,4.187,5.4485,7.2702,10.8483
E0122,2026-01-28T00:00:00Z,2.753,3.0902,3.7101,5.5095,8.6593,8.9351
E0123,2026-01-28T00:00:00Z,2.9647,0.7383,1.8715,4.2826,7.2268,8.7599
E0124,2026-01-28T00:00:00Z,3.2635,2.1193,1.7348,4.9592,7.7859,9.9227
E0125,2026-01-28T00:00:00Z,4.3359,-0.9189,4.4564,5.0546,7.2332,9.9768
E0126,2026-01-28T00:00:00Z,2.3053,-1.406,3.4175,5.7813,7.9054,8.9012
E0127,2026-01-28T00:00:00Z,2.8871,1.6213,1.5711,5.8738,7.5086,10.6576
E0128,2026-01-28T00:00:00Z,3.5698,-0.2975,2.4767,6.688,8.6296,8.9474
E0129,2026-01-28T00:00:00Z,2.3417,-1.4785,1.9399,5.2315,7.7436,9.4667
E0130,2026-01-28T00:00:00Z,3.0839,-1.1028,3.5705,4.9765,7.4462,10.7847
E0131,2026-01-28T00:00:00Z,2.8831,1.3929,3.1933,6.3089,6.626,8.399
E0132,2026-01-28T00:00:00Z,3.6381,-0.551,2.7961,5.5525,6.7594,11.9112
E0133,2026-01-28T00:00:00Z,2.9104,1.0372,2.8547,5.7001,8.0129,11.0144
E0134,2026-01-28T00:00:00Z,2.0667,2.5664,2.5596,6.0102,6.9211,9.5918
E0135,2026-01-28T00:00:00Z,2.1673,-0.222,3.0342,4.5352,6.6875,8.8373
E0136,2026-01-28T00:00:00Z,2.9674,1.204,2.5237,5.7495,8.0091,8.8913
E0137,2026-01-28T00:00:00Z,2.6647,2.6141,3.2569,6.0117,7.7027,9.5003
E0138,2026-01-28T00:00:00Z,1.9178,2.6789,4.2451,6.1482,7.6856,10.3504
E0139,2026-01-28T00:00:00Z,3.8597,0.684,3.7623,4.9498,7.0341,9.8726
E0140,2026-01-28T00:00:00Z,3.2594,1.0776,0.8821,4.8597,5.5778,7.8678
E0141,2026-01-28T00:00:00Z,3.6502,1.5641,3.1684,5.6796,7.6575,10.4722
E0142,2026-01-28T00:00:00Z,3.4839,0.9265,1.6609,5.0559,8.187,9.7574
E0143,2026-01-28T00:00:00Z,2.5629,0.0105,4.2935,5.0958,6.2779,10.2727
E0144,2026-01-28T00:00:00Z,2.8739,0.7264,7.0602,5.4638,6.6196,11.2427
E0145,2026-01-28T00:00:00Z,2.5824,-1.3771,2.4324,6.493,7.8401,10.0782
E0146,2026-01-28T00:00:00Z,2.87,-0.5512,3.8433,4.5618,6.6402,8.7258
E0147,2026-01-28T00:00:00Z,2.9865,-0.9423,2.3435,4.0029,8.5979,8.9831
E0148,2026-01-28T00:00:00Z,3.0404,2.4271,3.4413,6.2738,7.6029,10.4719
E0149,2026-01-28T00:00:00Z,3.1786,0.3442,5.2903,6.6412,8.3856,7.6226
E0000,2026-01-29T00:00:00Z,2.5127,0.3742,5.195,4.9423,7.0458,9.8691
E0001,2026-01-29T00:00:00Z,2.4188,3.4232,5.3464,4.309,8.8284,10.6474
E0002,2026-01-29T00:00:00Z,3.9085,1.1939,4.7504,4.9399,7.5355,9.7081
E0003,2026-01-29T00:00:00Z,2.9746,-0.4923,3.9441,6.1384,6.4012,10.2086
E0004,2026-01-29T00:00:00Z,2.5682,-0.2493,2.5553,5.7632,6.7354,8.1282
E0005,2026-01-29T00:00:00Z,2.2757,2.7745,3.8842,4.9341,6.0143,11.7841
E0006,2026-01-29T00:00:00Z,3.8974,1.953,5.2921,6.72,8.1802,10.1996
E0007,2026-01-29T00:00:00Z,3.6032,1.7764,5.5287,4.869,5.6498,9.3363
E0008,2026-01-29T00:00:00Z,2.7193,5.5418,1.4202,5.24,7.226,9.879
E0009,2026-01-29T00:00:00Z,3.7569,2.4236,3.7482,5.6955,5.9179,9.5685
E0010,2026-01-29T00:00:00Z,3.0416,1.3036,2.4464,5.5694,7.7214,8.6752
E0011,2026-01-29T00:00:00Z,2.973,1.9178,4.1273,6.433,7.5573,10.6391
E0012,2026-01-29T00:00:00Z,2.8942,0.482,3.1173,4.9357,6.6834,10.8587
E0013,2026-01-29T00:00:00Z,2.3893,-0.4322,2.8312,6.2918,7.2679,8.9807
E0014,2026-01-29T00:00:00Z,2.4593,2.0424,2.7321,4.5171,7.1048,9.9459
E0015,2026-01-29T00:00:00Z,2.2343,0.9044,4.1613,4.761,6.3099,8.8516
E0016,2026-01-29T00:00:00Z,2.8105,0.4966,1.9589,5.9268,7.8578,8.0723
E0017,2026-01-29T00:00:00Z,2.6565,0.1887,3.6673,4.7916,6.2043,10.6138
E0018,2026-01-29T00:00:00Z,3.4604,1.3884,4.5155,5.0267,6.4362,10.3506
E0019,2026-01-29T00:00:00Z,1.9171,-0.948,5.1979,5.0596,8.4592,10.1406
E0020,2026-01-29T00:00:00Z,3.536,-2.1924,2.8685,5.6032,7.1509,9.8628
E0021,2026-01-29T00:00:00Z,3.682,-0.3648,1.2528,5.7698,8.7206,9.2264
E0022,2026-01-29T00:00:00Z,3.7646,1.9443,3.8815,4.8381,7.0188,9.1489
E0023,2026-01-29T00:00:00Z,3.193,0.1831,4.4761,6.1063,6.3963,10.6128
E0024,2026-01-29T00:00:00Z,2.9183,1.5894,5.2246,4.9672,9.3505,10.2086
E0025,2026-01-29T00:00:00Z,3.589,4.2442,4.3489,6.0519,6.5552,8.9458
E0026,2026-01-29T00:00:00Z,2.7466,-1.4749,3.5309,5.9072,8.9448,8.8041
E0027,2026-01-29T00:00:00Z,2.6781,3.2325,4.0774,5.0015,7.8308,9.0911
E0028,2026-01-29T00:00:00Z,1.8077,-1.6661,2.4766,6.7379,7.6735,10.2675
E0029,2026-01-29T00:00:00Z,2.3004,1.7141,4.5281,5.818,8.0264,8.3206
E0030,2026-01-29T00:00:00Z,2.2329,0.174,4.0343,5.3758,5.9546,9.3779
E0031,2026-01-29T00:00:00Z,2.4082,2.4392,5.0668,6.5806,7.289,8.5998
E0032,2026-01-29T00:00:00Z,2.9604,1.157,6.7609,4.7125,8.0782,8.0802
E0033,2026-01-29T00:00:00Z,2.7215,0.581,4.2702,6.1373,6.7392,9.574
E0034,2026-01-29T00:00:00Z,3.2648,-0.0049,3.7476,4.9973,7.3533,8.8022
E0035,2026-01-29T00:00:00Z,3.9645,3.2247,4.3814,5.3051,5.6008,9.4922
E0036,2026-01-29T00:00:00Z,3.0377,2.6827,3.4322,6.5025,6.553,9.5315
E0037,2026-01-29T00:00:00Z,2.3816,-1.2933,3.1576,5.8607,7.0014,8.9841
E0038,2026-01-29T00:00:00Z,3.3765,2.9769,2.2237,5.2803,7.3587,7.9704
E0039,2026-01-29T00:00:00Z,2.6616,-0.9141,3.0545,5.3655,6.1591,9.0831
E0040,2026-01-29T00:00:00Z,1.6752,-2.7685,2.6287,6.1163,6.9772,10.153
E0041,2026-01-29T00:00:00Z,3.6719,1.1243,4.7228,7.0257,9.1324,9.8277
E0042,2026-01-29T00:00:00Z,2.9927,-0.0575,3.0313,5.4156,8.2648,9.2297
E0043,2026-01-29T00:00:00Z,1.8242,2.7261,4.3336,6.1752,7.2742,9.2341
E0044,2026-01-29T00:00:00Z,2.1742,2.7265,2.0707,4.8277,7.3541,9.8982
E0045,2026-01-29T00:00:00Z,3.778,1.3908,2.5625,5.6634,7.6673,8.8958
E0046,2026-01-29T00:00:00Z,2.6608,1.1054,4.5493,5.3241,8.4897,8.853
E0047,2026-01-29T00:00:00Z,3.5822,0.3695,4.0137,6.055,6.8529,9.9819
E0048,2026-01-29T00:00:00Z,3.2042,1.4524,2.7964,4.127,7.0316,8.219
E0049,2026-01-29T00:00:00Z,2.8318,1.2124,3.884,5.6332,7.7257,8.7694
E0050,2026-01-29T00:00:00Z,3.3089,-1.2822,0.5939,5.5646,7.6449,8.8622
E0051,2026-01-29T00:00:00Z,2.9714,0.8891,4.6677,6.0562,8.9127,10.4026
E0052,2026-01-29T00:00:00Z,2.5398,1.9055,1.4511,6.1525,6.9837,9.5293
E0053,2026-01-29T00:00:00Z,2.214,3.194,1.8753,6.443,8.5235,7.9659
E0054,2026-01-29T00:00:00Z,3.051,1.3472,4.0605,5.3482,7.8814,9.0791
E0055,2026-01-29T00:00:00Z,3.4931,-0.8173,2.7257,5.5207,8.2146,9.3714
E0056,2026-01-29T00:00:00Z,2.4078,-0.131,3.342,3.4281,6.7773,9.5233
E0057,2026-01-29T00:00:00Z,2.7288,1.9015,2.2657,5.6527,7.2809,9.0624
E0058,2026-01-29T00:00:00Z,2.4602,0.8751,3.7014,6.0213,8.2878,8.5892
E0059,2026-01-29T00:00:00Z,2.9706,1.4614,1.9312,5.7383,5.7108,9.8966
E0060,2026-01-29T00:00:00Z,2.6387,0.6031,3.3303,4.3016,6.7403,9.1249
E0061,2026-01-29T00:00:00Z,3.4533,0.3151,1.8495,6.5465,7.2128,10.5064
E0062,2026-01-29T00:00:00Z,3.4395,-0.5168,4.7143,5.5724,6.6128,8.0814
E0063,2026-01-29T00:00:00Z,3.4306,0.0396,4.7789,5.588,7.0941,8.014
E0064,2026-01-29T00:00:00Z,2.6845,3.005,4.1009,5.6741,8.4245,9.8074
E0065,2026-01-29T00:00:00Z,1.9053,1.9831,4.0868,5.7364,6.6944,9.4796
E0066,2026-01-29T00:00:00Z,2.3329,2.2663,4.7276,5.116,7.3508,7.7498
E0067,2026-01-29T00:00:00Z,4.1116,-0.3983,3.7189,5.2553,5.9487,10.7725
E0068,2026-01-29T00:00:00Z,1.9421,0.0808,2.8621,4.4843,7.378,11.4143
E0069,2026-01-29T00:00:00Z,2.7868,1.03,3.5759,5.3731,6.5403,7.888
E0070,2026-01-29T00:00:00Z,3.2863,1.3331,2.438,5.0286,7.2537,10.4137
E0071,2026-01-29T00:00:00Z,3.1436,1.6067,4.1761,5.7266,6.0707,8.5416
E0072,2026-01-29T00:00:00Z,2.0083,0.7441,5.078,4.5249,6.8921,8.6429
E0073,2026-01-29T00:00:00Z,3.2209,0.1177,4.3468,4.5364,6.5411,9.0539
E0074,2026-01-29T00:00:00Z,3.4199,0.9368,4.7631,5.6614,7.1255,8.2571
E0075,2026-01-29T00:00:00Z,2.2544,0.5748,4.0046,6.0059,6.6084,10.7125
E0076,2026-01-29T00:00:00Z,3.22,-0.8118,4.3726,5.842,7.115,10.5412
E0077,2026-01-29T00:00:00Z,2.7632,-0.2167,5.0183,5.7833,9.0596,11.4249
E0078,2026-01-29T00:00:00Z,3.1964,2.1049,3.8806,5.2175,9.9617,9.4259
E0079,2026-01-29T00:00:00Z,1.9781,-1.14,6.9459,5.4136,6.4844,9.6011
E0080,2026-01-29T00:00:00Z,2.9649,0.6687,0.7178,6.8646,7.409,7.7425
E0081,2026-01-29T00:00:00Z,3.1893,1.0695,2.5039,5.9948,5.2037,9.1805
E0082,2026-01-29T00:00:00Z,4.0194,-2.6135,5.3448,4.8639,6.2671,9.902
E0083,2026-01-29T00:00:00Z,4.7733,2.7315,2.8398,5.2898,5.619,11.0588
E0084,2026-01-29T00:00:00Z,1.8422,-0.5053,4.4181,5.6074,5.4555,10.3284
E0085,2026-01-29T00:00:00Z,2.3628,0.8335,2.3195,5.5032,7.0205,9.7573
E0086,2026-01-29T00:00:00Z,2.7293,2.3508,3.8848,5.8402,5.5997,10.4175
E0087,2026-01-29T00:00:00Z,2.9326,0.0629,6.3834,6.4512,6.7287,10.2824
E0088,2026-01-29T00:00:00Z,3.2594,-0.7971,3.3454,6.0505,7.2831,10.6281
E0089,2026-01-29T00:00:00Z,2.391,-1.6831,1.9433,5.1615,6.9711,10.1508
E0090,2026-01-29T00:00:00Z,2.5042,1.7572,5.9997,6.3814,5.7456,9.0395
E0091,2026-01-29T00:00:00Z,3.3984,0.232,3.2414,4.8983,7.1093,10.2077
E0092,2026-01-29T00:00:00Z,2.5649,2.941,3.4057,6.2256,6.0857,9.2769
E0093,2026-01-29T00:00:00Z,3.2741,0.4587,1.5773,4.2619,6.3616,8.6679
E0094,2026-01-29T00:00:00Z,1.4506,-2.2248,5.6135,4.6391,7.5882,10.0472
E0095,2026-01-29T00:00:00Z,3.9163,2.0337,3.4373,5.3857,5.9802,11.569
E0096,2026-01-29T00:00:00Z,3.1313,1.2394,2.7562,4.6903,5.8934,9.4972
E0097,2026-01-29T00:00:00Z,2.873,3.9509,2.8469,5.3493,7.677,10.7288
E0098,2026-01-29T00:00:00Z,4.3546,1.2039,1.2963,5.2165,6.5551,10.3448
E0099,2026-01-29T00:00:00Z,2.061,0.5545,5.4702,5.7564,5.9561,10.8326
E0100,2026-01-29T00:00:00Z,2.67,0.713,3.968,5.7808,7.0133,8.6398
E0101,2026-01-29T00:00:00Z,3.5516,0.7143,3.5632,5.7271,8.5651,9.5633
E0102,2026-01-29T00:00:00Z,3.3009,0.0887,2.7327,5.4291,6.6793,8.8901
E0103,2026-01-29T00:00:00Z,3.577,4.1714,3.0894,5.7375,6.6473,9.3913
E0104,2026-01-29T00:00:00Z,3.2076,0.6832,2.372,5.0399,8.9458,11.6143
E0105,2026-01-29T00:00:00Z,3.2659,1.4217,3.5007,5.1863,6.6975,8.6814
E0106,2026-01-29T00:00:00Z,3.0377,-0.4388,2.517,6.5307,6.2527,9.0971
E0107,2026-01-29T00:00:00Z,3.5448,0.1777,1.3879,6.0233,7.3206,8.8405
E0108,2026-01-29T00:00:00Z,1.733,2.8221,4.5919,5.9061,7.982,10.0771
E0109,2026-01-29T00:00:00Z,4.2428,1.2166,3.6708,5.7609,5.973,8.7313
E0110,2026-01-29T00:00:00Z,3.4605,1.7292,4.7013,5.4634,7.4165,8.39
E0111,2026-01-29T00:00:00Z,4.2644,0.272,3.0038,4.8883,6.1309,10.8155
E0112,2026-01-29T00:00:00Z,3.3566,3.4032,1.7838,5.0208,7.9885,10.4536
E0113,2026-01-29T00:00:00Z,2.1219,-0.5073,3.3758,5.9656,5.5096,9.1051
E0114,2026-01-29T00:00:00Z,2.7612,1.8026,3.8065,4.8615,7.6973,9.1335
E0115,2026-01-29T00:00:00Z,3.4728,-2.1218,2.8471,5.3855,4.9997,10.1196
E0116,2026-01-29T00:00:00Z,3.1303,1.1295,4.4141,5.8253,7.7352,9.3851
E0117,2026-01-29T00:00:00Z,2.0682,1.9791,2.9626,6.256,6.3737,9.3893
E0118,2026-01-29T00:00:00Z,2.5626,1.515,2.5811,6.4153,8.3202,8.9873
E0119,2026-01-29T00:00:00Z,3.8955,1.6008,3.1357,5.7815,8.5481,9.0468
E0120,2026-01-29T00:00:00Z,3.1575,1.7596,3.5144,5.5341,6.3181,10.0694
E0121,2026-01-29T00:00:00Z,3.7295,-0.9031,5.7386,5.7636,7.9017,9.0962
E0122,2026-01-29T00:00:00Z,2.7432,0.5828,3.6211,5.8838,5.6492,10.1425
E0123,2026-01-29T00:00:00Z,2.2369,0.386,4.6099,5.1913,6.004,10.2369
E0124,2026-01-29T00:00:00Z,1.9479,-0.3501,4.3247,4.252,6.8418,9.5415
E0125,2026-01-29T00:00:00Z,2.1483,2.9699,3.1839,5.6887,8.0845,8.2335
E0126,2026-01-29T00:00:00Z,1.7206,0.6984,3.5703,5.2434,8.102,8.959
E0127,2026-01-29T00:00:00Z,2.7257,-1.7465,4.9677,5.6122,7.0265,10.1569
E0128,2026-01-29T00:00:00Z,3.7651,0.213,7.5911,6.1614,8.0515,9.6877
E0129,2026-01-29T00:00:00Z,3.0475,-0.9581,4.3228,6.2584,6.4478,8.3047
E0130,2026-01-29T00:00:00Z,2.5639,0.3824,4.5225,4.3699,7.8467,9.8983
E0131,2026-01-29T00:00:00Z,3.4259,-0.3147,3.8627,4.5766,7.9201,8.8536
E0132,2026-01-29T00:00:00Z,2.3647,2.1111,3.2361,4.5465,8.0673,10.0635
E0133,2026-01-29T00:00:00Z,3.2071,0.0682,4.5372,4.9706,7.2227,7.9799
E0134,2026-01-29T00:00:00Z,2.6311,-0.684,1.9739,5.6873,6.8994,8.5634
E0135,2026-01-29T00:00:00Z,2.6821,2.828,1.9468,4.7692,8.8265,10.3991
E0136,2026-01-29T00:00:00Z,2.9265,0.2298,3.7751,4.9276,8.9901,8.3638
E0137,2026-01-29T00:00:00Z,3.3398,-0.0033,1.8624,5.9224,8.7155,10.3394
E0138,2026-01-29T00:00:00Z,3.205,0.3243,5.8767,5.6643,8.0397,11.1977
E0139,2026-01-29T00:00:00Z,2.8302,4.5128,4.9439,6.272,6.4849,11.2012
E0140,2026-01-29T00:00:00Z,2.5731,1.032,4.0947,6.3137,7.2221,9.7792
E0141,2026-01-29T00:00:00Z,3.0246,-1.1789,-0.2295,4.6314,7.9946,8.0621
E0142,2026-01-29T00:00:00Z,3.3527,1.4577,4.3468,5.2547,7.7994,9.4415
E0143,2026-01-29T00:00:00Z,2.8724,2.4248,3.9526,5.9389,6.8633,8.6134
E0144,2026-01-29T00:00:00Z,2.9719,0.6738,4.2033,5.5855,9.5169,8.9216
E0145,2026-01-29T00:00:00Z,2.4195,0.0488,3.4883,5.8953,6.1557,8.3657
E0146,2026-01-29T00:00:00Z,2.5099,-0.5172,3.0656,5.4755,8.1147,8.7001
E0147,2026-01-29T00:00:00Z,2.3276,0.413,4.4006,5.5307,8.299,7.6015
E0148,2026-01-29T00:00:00Z,3.7589,1.0705,3.772,5.4025,7.7196,8.6658
E0149,2026-01-29T00:00:00Z,3.2722,1.7728,3.9005,5.1297,8.669,9.0203
E0000,2026-01-30T00:00:00Z,3.1949,0.1624,4.4592,6.7157,7.2108,9.0862
E0001,2026-01-30T00:00:00Z,3.274,1.7245,3.7901,6.0319,7.1734,8.1472
E0002,2026-01-30T00:00:00Z,3.3067,1.0222,3.0879,4.7846,6.7184,7.8986
E0003,2026-01-30T00:00:00Z,3.7355,-1.9253,1.2069,5.6811,9.5509,8.9206
E0004,2026-01-30T00:00:00Z,3.2986,2.9885,2.6371,5.1118,8.1482,10.3532
E0005,2026-01-30T00:00:00Z,3.3611,0.8204,4.0285,5.3639,7.3676,8.3289
E0006,2026-01-30T00:00:00Z,2.2431,0.0784,1.2593,5.7047,7.4698,9.9097
E0007,2026-01-30T00:00:00Z,2.3153,1.5657,2.7214,5.1776,8.2034,10.4871
E0008,2026-01-30T00:00:00Z,2.3276,1.7397,5.7691,6.5005,6.3918,8.3984
E0009,2026-01-30T00:00:00Z,3.153,2.1528,2.9208,6.8453,8.2885,11.0799
E0010,2026-01-30T00:00:00Z,3.0202,4.2243,4.4251,6.6011,5.7364,8.027
E0011,2026-01-30T00:00:00Z,3.6421,1.4466,3.599,4.8514,7.1162,9.9422
E0012,2026-01-30T00:00:00Z,2.5582,1.7111,4.1309,3.4302,8.3441,9.489
E0013,2026-01-30T00:00:00Z,3.5124,2.6063,5.1813,4.634,9.1217,8.9138
E0014,2026-01-30T00:00:00Z,3.2619,-0.765,2.3803,6.1058,6.5434,9.5982
E0015,2026-01-30T00:00:00Z,2.2415,1.6085,4.8713,5.0229,7.5768,10.5533
E0016,2026-01-30T00:00:00Z,3.9059,3.4883,2.6446,5.7952,9.2523,10.5702
E0017,2026-01-30T00:00:00Z,1.4147,3.0282,4.8823,6.0855,7.9416,8.9307
E0018,2026-01-30T00:00:00Z,1.7856,1.862,2.9567,6.3194,7.7689,8.9169
E0019,2026-01-30T00:00:00Z,3.8202,2.4765,3.6952,5.2771,7.5186,8.1753
E0020,2026-01-30T00:00:00Z,3.1358,0.7983,2.8905,5.0802,6.0994,9.9282
E0021,2026-01-30T00:00:00Z,3.043,0.0299,3.4509,5.3441,8.5938,9.4901
E0022,2026-01-30T00:00:00Z,4.2564,2.2504,3.5441,5.7616,6.5048,8.3967
E0023,2026-01-30T00:00:00Z,2.4529,0.4348,3.5276,4.9794,6.4792,8.2459
E0024,2026-01-30T00:00:00Z,2.5934,1.3201,6.2126,4.7744,7.6454,8.6672
E0025,2026-01-30T00:00:00Z,3.085,-0.3072,4.2254,6.7554,8.4301,8.5189
E0026,2026-01-30T00:00:00Z,2.6148,1.4634,0.8074,4.6851,8.6147,9.3421
E0027,2026-01-30T00:00:00Z,2.7694,2.1279,3.2881,5.5745,7.7974,8.3471
E0028,2026-01-30T00:00:00Z,2.2882,1.9389,2.4144,5.5574,8.1161,10.8274
E0029,2026-01-30T00:00:00Z,2.0026,-1.6939,4.1529,4.6745,7.9457,8.4528
E0030,2026-01-30T00:00:00Z,3.1908,2.5078,5.0801,6.0477,7.7623,9.252
E0031,2026-01-30T00:00:00Z,3.0097,1.9488,2.5312,5.6539,7.8961,9.1933
E0032,2026-01-30T00:00:00Z,2.2418,4.5081,1.0654,5.6007,8.1307,8.2062
E0033,2026-01-30T00:00:00Z,2.7889,-1.3892,5.5446,6.2272,8.6605,10.3236
E0034,2026-01-30T00:00:00Z,1.9485,1.6237,5.6515,5.7168,8.0553,9.785
E0035,2026-01-30T00:00:00Z,3.3424,3.0848,2.6436,5.2578,5.4557,9.4811
E0036,2026-01-30T00:00:00Z,2.4835,-0.4806,3.8123,5.6558,7.2591,7.7827
E0037,2026-01-30T00:00:00Z,2.4266,2.5502,3.2753,5.8881,7.5101,9.4694
E0038,2026-01-30T00:00:00Z,2.7388,0.64,6.9852,5.4108,8.8004,9.8256
E0039,2026-01-30T00:00:00Z,2.5384,0.3785,4.0091,6.1282,6.7626,10.2008
E0040,2026-01-30T00:00:00Z,3.306,-0.3891,3.2055,4.4572,7.8486,8.5622
E0041,2026-01-30T00:00:00Z,2.7053,-0.2852,1.6716,5.4512,7.2453,9.4136
E0042,2026-01-30T00:00:00Z,1.9433,3.3044,2.7209,4.9906,8.4381,10.3124
E0043,2026-01-30T00:00:00Z,1.5607,2.0653,5.7252,5.6825,7.1063,11.0289
E0044,2026-01-30T00:00:00Z,2.9333,-1.772,2.8278,4.7447,7.4983,10.7284
E0045,2026-01-30T00:00:00Z,3.1446,2.4541,5.0338,5.4044,7.2039,8.9364
E0046,2026-01-30T00:00:00Z,3.5841,0.757,2.8586,5.5637,5.7897,7.5593
E0047,2026-01-30T00:00:00Z,1.6835,0.3674,4.1421,5.3058,6.4762,10.2043
E0048,2026-01-30T00:00:00Z,2.5764,-0.6324,5.2193,5.8122,4.5488,9.3509
E0049,2026-01-30T00:00:00Z,2.3782,-0.4527,4.4675,5.4577,6.2749,10.7765
E0050,2026-01-30T00:00:00Z,3.3507,1.3185,5.0971,5.5496,7.3497,9.8668
E0051,2026-01-30T00:00:00Z,3.4627,2.1393,2.2395,5.003,7.0518,9.4666
E0052,2026-01-30T00:00:00Z,3.8195,1.4677,7.4795,5.7561,6.6571,9.6552
E0053,2026-01-30T00:00:00Z,3.5059,2.6665,2.0106,6.2459,7.7006,8.3977
E0054,2026-01-30T00:00:00Z,2.625,0.7278,3.5364,6.083,8.1676,9.7501
E0055,2026-01-30T00:00:00Z,2.7971,2.3755,2.9406,6.1756,8.1498,8.4441
E0056,2026-01-30T00:00:00Z,3.0228,1.235,4.1181,4.6239,7.3872,9.9936
E0057,2026-01-30T00:00:00Z,4.2881,4.3148,3.7994,4.5233,8.0645,9.7483
E0058,2026-01-30T00:00:00Z,3.298,3.4146,1.2625,5.4217,7.8806,7.6563
E0059,2026-01-30T00:00:00Z,1.8321,0.8458,4.19,6.0373,7.5389,8.6775
E0060,2026-01-30T00:00:00Z,3.0781,0.9976,5.505,5.4341,7.5366,11.3391
E0061,2026-01-30T00:00:00Z,3.4125,0.7314,4.3346,5.5989,7.715,10.0973
E0062,2026-01-30T00:00:00Z,2.6369,-0.2853,4.7358,5.319,7.9456,10.4576
E0063,2026-01-30T00:00:00Z,3.0122,-0.8257,4.8794,5.7742,7.6155,11.163
E0064,2026-01-30T00:00:00Z,2.1948,2.0056,1.5639,4.9399,8.6412,9.1764
E0065,2026-01-30T00:00:00Z,2.616,2.6826,4.8311,5.9522,9.1005,8.7634
E0066,2026-01-30T00:00:00Z,3.7414,0.7251,4.1106,4.2634,5.8083,9.6035
E0067,2026-01-30T00:00:00Z,3.4165,-0.6706,1.0748,5.0782,9.5173,8.5028
E0068,2026-01-30T00:00:00Z,3.5445,1.628,2.8695,5.7208,7.9898,10.7107
E0069,2026-01-30T00:00:00Z,3.2932,1.5255,3.9483,5.7625,6.5616,9.7561
E0070,2026-01-30T00:00:00Z,3.8583,2.669,2.5492,5.0671,5.2622,8.9602
E0071,2026-01-30T00:00:00Z,2.7438,0.3269,4.471,6.2153,8.076,7.778
E0072,2026-01-30T00:00:00Z,3.0971,-0.2793,2.2982,5.5204,7.1208,10.4709
E0073,2026-01-30T00:00:00Z,2.643,-1.6552,5.9824,5.6307,5.8515,8.966
E0074,2026-01-30T00:00:00Z,3.1715,0.0793,2.9362,4.901,6.9541,9.2036
E0075,2026-01-30T00:00:00Z,2.8606,0.4084,4.3721,5.5859,8.2217,11.9052
E0076,2026-01-30T00:00:00Z,3.097,2.801,1.9783,5.861,7.9939,9.2335
E0077,2026-01-30T00:00:00Z,3.6096,1.9997,1.9915,5.7449,6.8296,9.6642
E0078,2026-01-30T00:00:00Z,4.0102,1.4874,3.656,4.8529,9.7811,9.1921
E0079,2026-01-30T00:00:00Z,2.583,2.0051,4.4598,4.7896,6.3904,8.3397
E0080,2026-01-30T00:00:00Z,2.0824,0.7786,2.5792,6.235,6.4106,9.3794
E0081,2026-01-30T00:00:00Z,2.7741,1.0021,4.0426,5.3366,7.6931,8.8775
E0082,2026-01-30T00:00:00Z,3.1838,2.704,1.8979,5.756,7.2889,9.3532
E0083,2026-01-30T00:00:00Z,2.0544,-0.8176,3.8435,4.4045,6.9677,9.2377
E0084,2026-01-30T00:00:00Z,3.1083,-0.0722,3.1411,5.6576,7.1127,8.275
E0085,2026-01-30T00:00:00Z,3.0622,1.5295,0.6064,4.9434,6.2568,9.2094
E0086,2026-01-30T00:00:00Z,3.5203,0.4552,4.8425,5.102,9.6814,8.7891
E0087,2026-01-30T00:00:00Z,2.863,3.0616,3.0952,6.1102,7.7191,9.9632
E0088,2026-01-30T00:00:00Z,3.3473,0.468,1.3986,5.0155,8.7712,8.5555
E0089,2026-01-30T00:00:00Z,3.6571,-4.0471,4.919,5.4126,7.2405,10.7601
E0090,2026-01-30T00:00:00Z,3.2843,0.043,4.3842,5.7367,8.3349,10.4163
E0091,2026-01-30T00:00:00Z,3.1252,1.5604,3.5595,6.0173,6.5599,8.7572
E0092,2026-01-30T00:00:00Z,3.3404,2.2864,3.6891,5.74,8.0567,10.4101
E0093,2026-01-30T00:00:00Z,2.1153,-1.8583,5.3663,5.942,8.7076,9.755
E0094,2026-01-30T00:00:00Z,2.4266,1.6655,2.887,4.7702,6.742,10.7548
E0095,2026-01-30T00:00:00Z,3.5071,2.6397,3.378,5.9246,7.0158,9.4364
E0096,2026-01-30T00:00:00Z,3.4921,0.3527,3.4125,5.4171,7.6803,9.6084
E0097,2026-01-30T00:00:00Z,3.8026,0.8521,3.1885,4.5689,6.991,11.1378
E0098,2026-01-30T00:00:00Z,2.8557,0.5981,1.6137,6.1119,9.2228,9.452
E0099,2026-01-30T00:00:00Z,2.5074,1.8176,2.8716,5.0368,6.8431,10.3489
E0100,2026-01-30T00:00:00Z,3.4999,4.5951,3.1232,5.7633,8.1328,9.966
E0101,2026-01-30T00:00:00Z,4.0049,-0.418,3.9189,4.9163,7.9019,10.3732
E0102,2026-01-30T00:00:00Z,4.1908,2.6095,1.904,6.2495,6.5559,10.2699
E0103,2026-01-30T00:00:00Z,3.7627,1.6217,3.1675,4.5214,6.9238,10.244
E0104,2026-01-30T00:00:00Z,3.55,2.455,3.991,4.9319,7.0148,11.3506
E0105,2026-01-30T00:00:00Z,3.1201,-2.5188,3.3333,5.8542,7.4052,10.3148
E0106,2026-01-30T00:00:00Z,2.7261,1.1994,6.1676,6.3505,6.6114,9.8537
E0107,2026-01-30T00:00:00Z,1.2367,1.0444,5.1382,5.8052,6.7477,9.5828
E0108,2026-01-30T00:00:00Z,3.0304,1.9479,2.9303,4.9215,7.2631,9.772
E0109,2026-01-30T00:00:00Z,1.0972,-1.8815,4.6777,5.4689,7.3484,10.1643
E0110,2026-01-30T00:00:00Z,2.5137,0.7408,4.8657,5.8757,7.885,10.3749
E0111,2026-01-30T00:00:00Z,1.4367,-0.4203,3.7206,5.5009,6.9687,9.4001
E0112,2026-01-30T00:00:00Z,3.438,1.8957,3.56,6.1457,7.3728,8.7301
E0113,2026-01-30T00:00:00Z,3.2675,1.8914,3.5502,5.9765,6.4899,9.9599
E0114,2026-01-30T00:00:00Z,3.5535,0.7835,4.6538,5.9761,8.9107,7.6861
E0115,2026-01-30T00:00:00Z,3.3879,1.0032,1.7251,6.0555,7.9155,10.7323
E0116,2026-01-30T00:00:00Z,4.0867,-0.2417,3.2209,5.5116,10.1538,8.7346
E0117,2026-01-30T00:00:00Z,2.0833,1.8129,3.7979,5.6832,7.6684,10.1909
E0118,2026-01-30T00:00:00Z,2.1896,0.9592,3.3377,5.9283,7.4319,11.6807
E0119,2026-01-30T00:00:00Z,2.595,2.3649,2.1716,5.5482,7.2457,9.6547
E0120,2026-01-30T00:00:00Z,1.9887,0.5971,3.8774,5.9043,7.4456,10.8109
E0121,2026-01-30T00:00:00Z,3.3485,-0.3901,5.9122,5.3275,8.7764,11.0063
E0122,2026-01-30T00:00:00Z,3.7429,3.8059,4.5633,5.668,7.4502,10.072
E0123,2026-01-30T00:00:00Z,3.0565,0.7977,3.6976,6.1819,8.8073,8.8104
E0124,2026-01-30T00:00:00Z,2.5331,-0.2733,2.7804,6.2549,6.6978,10.2824
E0125,2026-01-30T00:00:00Z,2.9997,3.7747,4.1991,4.5832,6.8083,9.4117
E0126,2026-01-30T00:00:00Z,2.0176,2.9498,1.5605,4.9517,8.8616,10.7044
E0127,2026-01-30T00:00:00Z,3.199,0.7526,3.7257,5.4639,6.9595,10.5184
E0128,2026-01-30T00:00:00Z,2.5281,0.5261,4.7375,5.7688,8.9552,8.7528
E0129,2026-01-30T00:00:00Z,3.1029,-0.5443,5.6521,5.6904,6.265,11.0935
E0130,2026-01-30T00:00:00Z,3.0301,0.9382,4.2095,5.2258,8.5645,9.4113
E0131,2026-01-30T00:00:00Z,3.3971,-0.2377,5.1408,4.9068,9.4465,12.2512
E0132,2026-01-30T00:00:00Z,3.3379,0.1522,2.6179,7.3034,7.053,9.5824
E0133,2026-01-30T00:00:00Z,3.5046,1.2465,3.8854,4.3006,7.8825,9.6029
E0134,2026-01-30T00:00:00Z,3.3176,0.0329,2.7983,6.6445,8.6683,10.5151
E0135,2026-01-30T00:00:00Z,3.8702,1.1429,4.3584,6.294,7.9063,8.3656
E0136,2026-01-30T00:00:00Z,2.8191,-0.1671,1.6674,6.2626,7.5511,9.6337
E0137,2026-01-30T00:00:00Z,2.3943,2.8312,3.4993,6.0951,5.3198,10.4793
E0138,2026-01-30T00:00:00Z,2.9211,4.2423,2.7846,6.0215,7.053,10.4363
E0139,2026-01-30T00:00:00Z,3.5051,1.2265,2.9183,6.2368,5.768,10.7021
E0140,2026-01-30T00:00:00Z,2.0971,1.5393,1.9386,5.5035,5.8498,9.0762
E0141,2026-01-30T00:00:00Z,2.925,2.3296,2.6715,4.4913,6.544,7.4121
E0142,2026-01-30T00:00:00Z,2.6387,0.002,3.8174,4.1316,7.3611,9.4221
E0143,2026-01-30T00:00:00Z,3.6823,-0.1256,3.0446,5.2495,8.8846,11.3672
E0144,2026-01-30T00:00:00Z,1.759,3.5694,5.9175,4.994,8.3495,9.4392
E0145,2026-01-30T00:00:00Z,1.5505,2.1661,4.0129,5.7791,5.6577,10.2534
E0146,2026-01-30T00:00:00Z,3.0895,1.3182,6.8037,6.1377,6.484,11.4502
E0147,2026-01-30T00:00:00Z,3.1965,0.3622,2.5115,5.8084,8.4928,8.841
E0148,2026-01-30T00:00:00Z,2.643,1.5555,3.8998,5.664,7.4077,8.3632
E0149,2026-01-30T00:00:00Z,1.0115,-0.6235,3.1414,5.4853,6.6711,10.455
E0000,2026-01-31T00:00:00Z,3.221,2.8507,5.256,6.0086,5.6413,10.1795
E0001,2026-01-31T00:00:00Z,3.2331,-1.14,2.6203,5.4065,8.4995,9.5265
E0002,2026-01-31T00:00:00Z,1.8637,0.3808,4.1759,6.1488,8.1549,10.3657
E0003,2026-01-31T00:00:00Z,1.4654,0.3799,5.3023,4.2312,8.1563,10.7645
E0004,2026-01-31T00:00:00Z,3.1182,-1.8114,3.1247,5.6234,6.3278,6.7049
E0005,2026-01-31T00:00:00Z,1.6991,-0.6313,1.2596,5.451,6.3958,9.9151
E0006,2026-01-31T00:00:00Z,1.9735,-0.6414,7.1415,6.0622,9.3579,6.4219
E0007,2026-01-31T00:00:00Z,2.5831,1.3707,1.6242,5.3667,6.1523,10.196
E0008,2026-01-31T00:00:00Z,2.4777,-0.4035,4.1268,5.2141,7.0132,8.2515
E0009,2026-01-31T00:00:00Z,3.2839,0.4497,3.6238,6.2367,7.3999,7.5754
E0010,2026-01-31T00:00:00Z,3.6659,-0.4794,2.4457,5.8283,9.8917,9.1828
E0011,2026-01-31T00:00:00Z,4.3783,-0.0306,3.3123,5.4901,6.74,10.1021
E0012,2026-01-31T00:00:00Z,1.9023,-2.4046,4.7261,4.6227,5.9394,9.434
E0013,2026-01-31T00:00:00Z,3.444,0.8179,2.374,6.8053,7.0808,9.6765
E0014,2026-01-31T00:00:00Z,2.5948,1.3212,4.6545,4.6366,8.2338,9.0662
E0015,2026-01-31T00:00:00Z,2.8947,2.6647,3.9472,5.4547,7.4429,10.1709
E0016,2026-01-31T00:00:00Z,1.9113,-0.4561,1.7101,4.9571,7.9104,10.8324
E0017,2026-01-31T00:00:00Z,3.2218,3.4362,4.8239,5.1518,7.6084,10.5966
E0018,2026-01-31T00:00:00Z,3.7196,0.0049,5.9095,4.5559,7.6859,8.4349
E0019,2026-01-31T00:00:00Z,2.1479,3.9397,3.7722,5.937,7.8429,8.3911
E0020,2026-01-31T00:00:00Z,4.1559,-1.2565,5.3675,5.0072,8.0971,10.7546
E0021,2026-01-31T00:00:00Z,4.165,0.4542,4.1999,6.3307,8.4727,9.8797
E0022,2026-01-31T00:00:00Z,2.9245,3.002,4.3232,6.5907,8.3147,10.2726
E0023,2026-01-31T00:00:00Z,3.7529,1.4673,3.8153,5.5907,6.1219,8.4092
E0024,2026-01-31T00:00:00Z,3.3808,0.344,4.2152,4.7577,7.1579,11.4109
E0025,2026-01-31T00:00:00Z,2.7383,2.4576,3.233,5.7675,7.7617,9.4595
E0026,2026-01-31T00:00:00Z,2.3194,3.2602,5.7513,5.2973,7.6036,8.5271
E0027,2026-01-31T00:00:00Z,2.9256,1.1365,3.058,6.5329,7.362,10.3924
E0028,2026-01-31T00:00:00Z,1.8701,1.2525,1.8354,5.3118,7.9119,8.842
E0029,2026-01-31T00:00:00Z,4.0835,1.3289,4.8829,4.8809,7.617,8.4125
E0030,2026-01-31T00:00:00Z,3.2004,1.4822,1.8255,6.5767,6.5486,9.7103
E0031,2026-01-31T00:00:00Z,2.4934,0.2648,3.0207,4.8206,9.4517,10.2084
E0032,2026-01-31T00:00:00Z,2.3411,1.1347,2.6557,5.5389,6.8667,9.5898
E0033,2026-01-31T00:00:00Z,2.4468,1.5787,5.1816,6.1804,8.8844,8.9635
E0034,2026-01-31T00:00:00Z,2.0258,4.2355,3.2351,4.7647,7.6709,9.4979
E0035,2026-01-31T00:00:00Z,3.0501,0.4149,6.2156,4.9829,8.62,8.2496
E0036,2026-01-31T00:00:00Z,2.2134,1.5265,3.5489,5.8163,6.2074,8.3914
E0037,2026-01-31T00:00:00Z,2.7429,3.768,5.1801,4.6615,7.532,10.8266
E0038,2026-01-31T00:00:00Z,1.2426,1.4344,4.7548,5.1776,7.8231,8.9073
E0039,2026-01-31T00:00:00Z,2.6104,2.9314,5.425,5.2943,6.772,9.9233
E0040,2026-01-31T00:00:00Z,2.0082,2.2552,3.9163,5.6883,5.4131,11.0134
E0041,2026-01-31T00:00:00Z,1.8164,0.1552,2.6953,6.7599,7.5682,7.9075
E0042,2026-01-31T00:00:00Z,2.4189,1.8156,2.2955,5.2847,8.5302,9.7065
E0043,2026-01-31T00:00:00Z,3.3147,3.304,5.9214,5.6372,8.5345,10.253
E0044,2026-01-31T00:00:00Z,1.8906,1.267,3.3248,4.8823,6.5445,11.126
E0045,2026-01-31T00:00:00Z,4.1857,-0.8753,3.1811,5.7936,6.3981,9.7717
E0046,2026-01-31T00:00:00Z,2.4858,1.3019,2.8907,5.632,7.6502,9.5572
E0047,2026-01-31T00:00:00Z,4.3049,0.0822,1.0828,6.1986,9.0419,10.5823
E0048,2026-01-31T00:00:00Z,1.5432,-1.5312,2.8809,5.0949,7.3835,8.4104
E0049,2026-01-31T00:00:00Z,2.4801,1.0535,4.6308,5.8877,7.5948,9.7121
E0050,2026-01-31T00:00:00Z,3.3446,-1.5849,2.8416,5.7043,5.7337,8.7305
E0051,2026-01-31T00:00:00Z,2.2029,1.8891,4.5232,5.9933,8.2879,9.1239
E0052,2026-01-31T00:00:00Z,2.5423,2.8385,2.0026,4.7092,6.5861,9.7091
E0053,2026-01-31T00:00:00Z,2.7368,-0.4646,3.4882,5.9702,8.4426,9.2262
E0054,2026-01-31T00:00:00Z,3.2886,0.6024,6.0004,6.193,7.3595,10.7873
E0055,2026-01-31T00:00:00Z,2.917,1.0632,5.8059,5.6785,8.0023,10.421
E0056,2026-01-31T00:00:00Z,3.6661,1.593,3.1374,6.466,7.7181,9.0722
E0057,2026-01-31T00:00:00Z,3.0749,1.6538,0.6314,4.8714,4.761,10.886
E0058,2026-01-31T00:00:00Z,2.3522,0.0718,0.5086,5.5326,7.4857,11.4572
E0059,2026-01-31T00:00:00Z,3.5743,0.1521,2.2731,5.6393,7.8635,9.0737
E0060,2026-01-31T00:00:00Z,2.6233,1.1918,3.0899,5.8458,7.1312,7.8234
E0061,2026-01-31T00:00:00Z,2.8936,1.4505,3.824,5.2574,7.1104,9.434
E0062,2026-01-31T00:00:00Z,2.9976,-2.2896,3.4118,6.0066,6.6915,10.2389
E0063,2026-01-31T00:00:00Z,3.0534,-0.2894,3.0107,4.9909,6.3541,9.28
E0064,2026-01-31T00:00:00Z,1.9391,-0.8114,3.0217,5.1249,8.3673,9.0707
E0065,2026-01-31T00:00:00Z,2.0781,0.6173,3.2209,6.1981,6.2181,8.4561
E0066,2026-01-31T00:00:00Z,2.4385,1.0536,3.1782,4.9423,6.256,9.8915
E0067,2026-01-31T00:00:00Z,3.2616,-1.1582,3.3853,5.099,6.0163,10.158
E0068,2026-01-31T00:00:00Z,2.2558,2.5564,3.8933,6.0013,6.2436,7.6783
E0069,2026-01-31T00:00:00Z,1.6845,2.1261,4.7874,6.1192,7.1427,7.8069
E0070,2026-01-31T00:00:00Z,2.7585,1.9477,4.3366,5.4954,6.297,8.8999
E0071,2026-01-31T00:00:00Z,2.3221,0.9861,3.0981,6.3634,8.7363,11.4215
E0072,2026-01-31T00:00:00Z,2.4756,-1.2226,4.2993,5.8721,5.9575,9.9293
E0073,2026-01-31T00:00:00Z,2.1084,0.0433,1.242,6.4001,7.3795,8.5102
E0074,2026-01-31T00:00:00Z,2.9765,0.849,4.0201,5.1882,7.2035,9.8885
E0075,2026-01-31T00:00:00Z,2.2496,1.7243,1.1563,4.5837,7.2112,11.1581
E0076,2026-01-31T00:00:00Z,2.9231,3.1553,4.3606,5.9546,7.4544,9.7268
E0077,2026-01-31T00:00:00Z,2.402,4.2821,4.332,6.5218,7.7484,8.9456
E0078,2026-01-31T00:00:00Z,3.2768,-1.1355,4.3289,5.5575,6.6784,8.9549
E0079,2026-01-31T00:00:00Z,3.3508,2.0631,2.1132,5.0088,7.1667,8.9039
E0080,2026-01-31T00:00:00Z,2.6431,-0.6751,3.6139,5.8646,7.505,9.1364
E0081,2026-01-31T00:00:00Z,2.7621,1.52,2.1659,5.5253,6.9286,9.9515
E0082,2026-01-31T00:00:00Z,4.8338,2.4238,4.2185,5.5917,6.1306,8.496
E0083,2026-01-31T00:00:00Z,2.5909,3.6895,1.6482,4.8198,6.0923,11.1381
E0084,2026-01-31T00:00:00Z,3.7079,0.1143,5.1962,4.8419,8.1219,10.0777
E0085,2026-01-31T00:00:00Z,2.9143,1.7079,2.2147,5.5672,7.9086,11.5148
E0086,2026-01-31T00:00:00Z,2.8427,0.6927,4.0402,4.8149,6.869,10.1421
E0087,2026-01-31T00:00:00Z,3.5235,1.8823,2.6573,5.8313,7.6528,8.8807
E0088,2026-01-31T00:00:00Z,3.0399,-0.6695,2.8012,6.2551,7.4393,9.5761
E0089,2026-01-31T00:00:00Z,2.8009,-2.1763,5.7813,5.5657,6.8298,9.376
E0090,2026-01-31T00:00:00Z,3.6935,2.5088,2.4527,5.4853,7.0399,8.7304
E0091,2026-01-31T00:00:00Z,3.3329,2.2488,5.2874,5.7575,7.6811,7.6939
E0092,2026-01-31T00:00:00Z,2.1344,2.2826,1.748,5.0246,8.2482,9.1053
E0093,2026-01-31T00:00:00Z,2.4078,-0.1068,3.8089,6.5462,6.8499,9.7749
E0094,2026-01-31T00:00:00Z,1.6945,2.7134,3.4343,6.5654,6.41,10.0082
E0095,2026-01-31T00:00:00Z,3.1109,1.7774,4.4562,5.0231,7.6778,10.7207
E0096,2026-01-31T00:00:00Z,3.4574,0.4608,6.3898,5.1004,6.9355,10.3353
E0097,2026-01-31T00:00:00Z,2.2358,2.1848,3.1095,4.9117,7.7208,10.692
E0098,2026-01-31T00:00:00Z,1.9005,1.3613,3.2846,4.7713,7.5569,10.2951
E0099,2026-01-31T00:00:00Z,3.0087,2.3631,1.8654,5.8406,6.3467,11.0085
E0100,2026-01-31T00:00:00Z,3.4159,4.2781,3.6729,5.7563,7.1218,10.3644
E0101,2026-01-31T00:00:00Z,3.3476,0.5256,4.0535,5.5613,7.7784,7.1049
E0102,2026-01-31T00:00:00Z,2.1941,-0.8703,2.6842,5.5954,7.3058,10.0847
E0103,2026-01-31T00:00:00Z,2.966,0.2641,2.5119,5.6987,8.2916,11.0078
E0104,2026-01-31T00:00:00Z,2.1352,1.4773,5.7497,6.5124,9.0305,9.8827
E0105,2026-01-31T00:00:00Z,3.5968,5.1717,4.3166,5.8454,6.8625,8.9894
E0106,2026-01-31T00:00:00Z,1.4685,0.4548,2.5394,4.7259,6.4457,9.6518
E0107,2026-01-31T00:00:00Z,2.9112,-1.1637,6.1156,5.8791,7.6184,8.6969
E0108,2026-01-31T00:00:00Z,2.0321,-1.0206,4.844,5.1685,9.1175,8.7049
E0109,2026-01-31T00:00:00Z,3.8505,1.4253,3.9917,5.8756,7.1472,8.8078
E0110,2026-01-31T00:00:00Z,3.1095,1.633,6.2824,6.3172,7.7598,9.1161
E0111,2026-01-31T00:00:00Z,3.1142,-0.4854,4.7015,5.8408,6.8017,9.3818
E0112,2026-01-31T00:00:00Z,2.5949,2.9415,3.2905,5.7751,7.2652,9.74
E0113,2026-01-31T00:00:00Z,1.914,1.1126,2.6979,5.5281,8.3725,10.6421
E0114,2026-01-31T00:00:00Z,2.5332,-1.0431,3.33,6.1815,8.7377,7.8201
E0115,2026-01-31T00:00:00Z,2.811,-0.3219,1.6872,6.3401,6.8284,11.1698
E0116,2026-01-31T00:00:00Z,4.5245,2.6336,2.8199,4.52,8.0064,9.4251
E0117,2026-01-31T00:00:00Z,2.9971,4.2583,2.4122,5.5283,7.4841,9.462
E0118,2026-01-31T00:00:00Z,3.1552,2.9779,4.9973,5.5414,6.3589,8.7636
E0119,2026-01-31T00:00:00Z,3.1216,-0.3227,2.9659,6.1757,7.0916,8.517
E0120,2026-01-31T00:00:00Z,2.7928,1.4708,4.361,5.8816,8.3794,9.1242
E0121,2026-01-31T00:00:00Z,3.4128,2.6769,4.8985,5.8287,6.4578,10.0177
E0122,2026-01-31T00:00:00Z,1.4286,0.6527,3.6276,5.862,8.2215,10.6538
E0123,2026-01-31T00:00:00Z,2.4945,0.1427,3.8525,4.8803,7.1973,10.7144
E0124,2026-01-31T00:00:00Z,3.5692,3.8025,3.7637,6.094,6.2626,11.5518
E0125,2026-01-31T00:00:00Z,2.0528,3.0154,3.8835,5.9359,6.1498,9.2466
E0126,2026-01-31T00:00:00Z,3.6845,-1.0459,4.2199,5.2082,7.1552,9.8221
E0127,2026-01-31T00:00:00Z,3.3692,1.366,2.8848,5.2309,8.141,9.5872
E0128,2026-01-31T00:00:00Z,2.4597,0.558,2.8294,5.3937,7.7135,11.3776
E0129,2026-01-31T00:00:00Z,2.9027,-1.0871,4.7667,5.7517,8.5786,11.0839
E0130,2026-01-31T00:00:00Z,3.0048,0.8583,0.3838,4.6804,7.8516,9.4115
E0131,2026-01-31T00:00:00Z,2.8003,1.5877,4.0817,5.7961,6.9042,7.3976
E0132,2026-01-31T00:00:00Z,2.8201,0.9751,7.11,5.351,7.3147,8.751
E0133,2026-01-31T00:00:00Z,1.6879,2.0507,1.6146,4.9101,5.9011,10.3642
E0134,2026-01-31T00:00:00Z,2.2367,2.3053,4.6756,5.3611,6.3456,10.5256
E0135,2026-01-31T00:00:00Z,2.0937,-0.3518,2.4074,5.7706,8.4776,10.8745
E0136,2026-01-31T00:00:00Z,2.2342,-1.3358,2.542,6.3647,7.4084,10.4013
E0137,2026-01-31T00:00:00Z,1.7403,-1.2096,3.1578,4.8151,6.0991,10.3965
E0138,2026-01-31T00:00:00Z,2.4505,-0.2948,1.9084,6.7219,5.9834,9.0467
E0139,2026-01-31T00:00:00Z,1.9401,-0.9996,5.0112,3.6979,8.4623,9.7424
E0140,2026-01-31T00:00:00Z,3.6193,-0.5961,3.4669,7.079,9.0447,10.6649
E0141,2026-01-31T00:00:00Z,2.8596,1.466,4.0483,5.3715,8.2685,9.3256
E0142,2026-01-31T00:00:00Z,2.4553,3.3879,4.1923,6.0841,6.3886,9.5444
E0143,2026-01-31T00:00:00Z,3.0578,0.5143,0.7919,4.9142,8.3213,9.4543
E0144,2026-01-31T00:00:00Z,3.6058,2.3814,3.922,5.2017,7.6516,11.4197
E0145,2026-01-31T00:00:00Z,2.9285,-1.6661,0.6562,5.1499,7.3129,8.9091
E0146,2026-01-31T00:00:00Z,2.7263,1.8451,3.8236,4.9782,8.6177,10.1094
E0147,2026-01-31T00:00:00Z,3.4281,2.469,6.0065,6.8187,7.4509,9.525
E0148,2026-01-31T00:00:00Z,2.3906,-0.5104,4.9798,5.7954,8.4802,9.9115
E0149,2026-01-31T00:00:00Z,2.7964,-2.5651,3.9018,5.8407,6.8571,8.4785
E0000,2026-02-01T00:00:00Z,3.1323,-0.5306,4.9692,5.7031,7.7128,8.6538
E0001,2026-02-01T00:00:00Z,0.1145,3.0671,4.156,5.9196,7.1964,11.1628
E0002,2026-02-01T00:00:00Z,3.3267,-1.4207,3.6117,5.3292,7.691,10.0598
E0003,2026-02-01T00:00:00Z,2.8341,2.37,5.8793,5.4855,7.7349,7.8505
E0004,2026-02-01T00:00:00Z,2.6876,1.18,4.043,5.3725,7.0812,10.6172
E0005,2026-02-01T00:00:00Z,1.0814,1.3563,5.3144,5.276,8.5221,9.5783
E0006,2026-02-01T00:00:00Z,3.3214,1.6075,5.6721,5.5518,8.3234,8.9222
E0007,2026-02-01T00:00:00Z,2.8058,0.9249,4.8902,4.5324,6.3679,11.0086
E0008,2026-02-01T00:00:00Z,2.4912,0.0027,4.1843,6.1533,7.5755,9.7899
E0009,2026-02-01T00:00:00Z,2.5132,-0.7236,2.8355,6.1092,8.2178,9.9668
E0010,2026-02-01T00:00:00Z,3.6216,0.8442,6.0682,5.8639,8.0491,11.7571
E0011,2026-02-01T00:00:00Z,2.3144,0.8275,1.904,4.7098,8.6045,8.9602
E0012,2026-02-01T00:00:00Z,2.4615,0.5313,5.4406,5.5636,8.6293,8.4569
E0013,2026-02-01T00:00:00Z,3.5053,3.5442,3.4555,5.3714,5.648,8.2439
E0014,2026-02-01T00:00:00Z,2.553,3.1258,1.1522,5.2903,7.3691,9.3686
E0015,2026-02-01T00:00:00Z,3.6849,2.2556,5.3072,5.9661,6.069,9.8377
E0016,2026-02-01T00:00:00Z,2.6738,1.7708,2.5277,4.6879,7.5766,9.3567
E0017,2026-02-01T00:00:00Z,2.1627,1.0544,1.6395,5.1946,7.3946,10.2887
E0018,2026-02-01T00:00:00Z,3.0518,-0.7336,3.1882,5.1067,7.0671,10.9361
E0019,2026-02-01T00:00:00Z,2.6371,-2.0442,2.6049,6.0235,9.1561,8.9574
E0020,2026-02-01T00:00:00Z,2.7464,2.7362,2.3544,4.6238,6.4461,10.1092
E0021,2026-02-01T00:00:00Z,3.6035,1.2305,3.836,5.71,6.5636,9.3964
E0022,2026-02-01T00:00:00Z,1.5177,1.0818,3.3434,6.2097,6.1678,8.7802
E0023,2026-02-01T00:00:00Z,2.2319,0.197,4.4029,5.1475,6.9292,9.2292
E0024,2026-02-01T00:00:00Z,1.9355,-0.0901,2.4013,5.8691,7.1322,9.3937
E0025,2026-02-01T00:00:00Z,2.288,-1.1429,2.2409,5.2299,7.3478,11.5652
E0026,2026-02-01T00:00:00Z,2.5037,0.7094,3.1905,4.7983,7.2306,8.8739
E0027,2026-02-01T00:00:00Z,3.2302,-1.3096,5.6246,4.3295,8.102,8.6611
E0028,2026-02-01T00:00:00Z,2.6905,0.9593,4.416,5.8561,6.5414,9.8443
E0029,2026-02-01T00:00:00Z,1.5321,-0.1861,3.8832,6.27,7.2325,11.1266
E0030,2026-02-01T00:00:00Z,3.7578,2.1806,2.4911,4.9283,9.126,10.7197
E0031,2026-02-01T00:00:00Z,3.3782,2.5639,1.7462,5.4893,7.7554,10.5291
E0032,2026-02-01T00:00:00Z,2.9931,1.1276,2.6189,5.1628,6.7263,9.0403
E0033,2026-02-01T00:00:00Z,4.0474,2.1756,5.6652,5.7653,8.9266,10.3551
E0034,2026-02-01T00:00:00Z,1.5466,1.5721,3.8606,5.5525,7.0195,7.2076
E0035,2026-02-01T00:00:00Z,2.0428,2.6417,0.5224,6.518,9.4141,9.4844
E0036,2026-02-01T00:00:00Z,3.2249,1.3244,5.9229,4.4017,6.8356,10.7558
E0037,2026-02-01T00:00:00Z,2.8022,1.7946,4.4622,5.9161,6.9628,9.9104
E0038,2026-02-01T00:00:00Z,2.9706,3.7522,3.7489,5.5623,8.7141,10.0839
E0039,2026-02-01T00:00:00Z,2.9246,-0.2796,4.8557,6.0345,6.6783,11.2121
E0040,2026-02-01T00:00:00Z,3.4805,2.1783,3.1923,6.1496,7.7157,8.4925
E0041,2026-02-01T00:00:00Z,3.7562,2.4703,4.6685,6.2546,5.755,10.3631
E0042,2026-02-01T00:00:00Z,4.448,-1.8439,2.7278,5.814,7.9301,9.7113
E0043,2026-02-01T00:00:00Z,3.0104,-0.6002,4.3402,4.923,8.1915,6.4035
E0044,2026-02-01T00:00:00Z,2.6986,1.0398,3.6163,5.6221,7.7035,9.086
E0045,2026-02-01T00:00:00Z,1.6418,1.784,3.7032,4.9701,7.7223,10.2844
E0046,2026-02-01T00:00:00Z,1.8772,0.0212,2.0977,5.7297,7.3599,9.2699
E0047,2026-02-01T00:00:00Z,2.2729,1.6985,4.2579,5.451,6.7453,7.7271
E0048,2026-02-01T00:00:00Z,3.1618,1.3591,3.2902,5.0549,8.206,8.4636
E0049,2026-02-01T00:00:00Z,2.8015,-0.2398,4.1747,4.9177,6.1554,9.6486
E0050,2026-02-01T00:00:00Z,2.2768,1.6523,1.9718,6.6374,5.7619,7.7784
E0051,2026-02-01T00:00:00Z,3.9497,2.8017,4.0623,5.4045,7.0561,10.0793
E0052,2026-02-01T00:00:00Z,2.659,3.4312,4.3734,5.995,6.8674,9.6769
E0053,2026-02-01T00:00:00Z,2.1829,0.7559,2.3411,6.0012,7.2032,9.6598
E0054,2026-02-01T00:00:00Z,2.5779,-0.3166,2.7275,4.8986,7.6783,8.9424
E0055,2026-02-01T00:00:00Z,2.8708,2.1782,4.506,5.5319,8.1661,9.5937
E0056,2026-02-01T00:00:00Z,3.3241,4.1551,3.7102,6.6601,8.2693,11.1448
E0057,2026-02-01T00:00:00Z,2.337,-0.0608,7.1406,6.161,6.8673,8.7915
E0058,2026-02-01T00:00:00Z,2.7118,2.3179,2.7752,6.1318,6.4592,9.0652
E0059,2026-02-01T00:00:00Z,2.5998,0.8466,3.2648,4.3287,7.4213,9.3002
E0060,2026-02-01T00:00:00Z,3.9451,3.1322,5.2736,5.8031,7.7708,9.741
E0061,2026-02-01T00:00:00Z,4.2281,0.7191,2.7629,5.0782,6.0548,9.8013
E0062,2026-02-01T00:00:00Z,2.7026,0.0743,2.8657,5.3175,5.846,8.8563
E0063,2026-02-01T00:00:00Z,3.0261,-1.1272,0.7984,5.3136,6.5286,10.7039
E0064,2026-02-01T00:00:00Z,2.2908,-1.4188,5.4593,5.0679,6.8516,7.8492
E0065,2026-02-01T00:00:00Z,2.7367,2.5381,1.3407,6.2558,6.0318,12.0099
E0066,2026-02-01T00:00:00Z,3.6454,2.1967,2.6829,5.3121,6.0115,9.2268
E0067,2026-02-01T00:00:00Z,3.2815,2.4043,4.1007,5.1295,6.8748,9.5836
E0068,2026-02-01T00:00:00Z,2.6387,0.8357,4.1483,5.9946,7.8598,10.5771
E0069,2026-02-01T00:00:00Z,2.6866,-0.5174,4.5759,5.3344,6.8784,11.2783
E0070,2026-02-01T00:00:00Z,2.6385,0.7857,3.4801,6.7557,7.5066,9.3574
E0071,2026-02-01T00:00:00Z,2.9175,0.5932,4.3353,5.1178,6.6261,10.8011
E0072,2026-02-01T00:00:00Z,2.3104,1.5849,6.2928,4.8635,5.644,10.0131
E0073,2026-02-01T00:00:00Z,2.2764,2.0218,3.6858,5.5942,6.3876,10.3513
E0074,2026-02-01T00:00:00Z,3.4651,2.2286,3.3694,4.9954,7.4293,10.5953
E0075,2026-02-01T00:00:00Z,3.7095,-0.9319,1.4789,5.8755,6.4174,8.4786
E0076,2026-02-01T00:00:00Z,1.6518,-1.3301,4.3397,5.3355,6.761,9.6958
E0077,2026-02-01T00:00:00Z,2.724,0.7279,4.8624,4.8411,9.1293,9.8386
E0078,2026-02-01T00:00:00Z,3.7302,-0.0793,1.2347,5.6166,7.3202,11.2472
E0079,2026-02-01T00:00:00Z,3.5781,0.36,2.4545,4.9629,8.1347,9.6186
E0080,2026-02-01T00:00:00Z,2.6978,-1.3884,3.5368,4.9572,8.7685,10.0877
E0081,2026-02-01T00:00:00Z,3.9413,0.4254,5.4192,5.3353,7.5828,8.9992
E0082,2026-02-01T00:00:00Z,1.9887,2.2439,2.8713,6.6909,7.8231,8.8244
E0083,2026-02-01T00:00:00Z,3.6732,0.3531,1.2826,6.4174,6.3509,10.2817
E0084,2026-02-01T00:00:00Z,3.7969,2.9773,4.8459,5.5528,8.9274,12.721
E0085,2026-02-01T00:00:00Z,2.9516,3.1583,3.6775,6.155,7.4447,9.3885
E0086,2026-02-01T00:00:00Z,3.0078,2.3403,4.7955,5.7143,7.2025,10.0583
E0087,2026-02-01T00:00:00Z,3.2211,3.3024,4.5086,6.7786,7.3605,10.6471
E0088,2026-02-01T00:00:00Z,3.0431,2.4193,5.181,5.0823,7.8315,8.7241
E0089,2026-02-01T00:00:00Z,2.4502,-1.2671,5.1053,6.4047,9.4081,9.7319
E0090,2026-02-01T00:00:00Z,1.6351,1.0033,2.676,5.9824,6.2666,9.4774
E0091,2026-02-01T00:00:00Z,1.6077,1.7435,1.8176,4.9861,8.1687,9.6746
E0092,2026-02-01T00:00:00Z,4.0719,0.05,4.1741,4.9184,7.3321,8.9171
E0093,2026-02-01T00:00:00Z,3.1089,2.1187,2.9233,6.2056,7.7197,8.4569
E0094,2026-02-01T00:00:00Z,2.8014,1.3407,2.2298,4.2119,6.8105,8.8934
E0095,2026-02-01T00:00:00Z,3.4413,-0.7182,3.0762,5.6155,7.8533,8.5397
E0096,2026-02-01T00:00:00Z,2.9417,3.3392,6.7351,5.0236,9.3658,9.6012
E0097,2026-02-01T00:00:00Z,3.0394,1.4845,4.1321,6.1739,9.0906,10.9844
E0098,2026-02-01T00:00:00Z,3.0722,-1.5387,3.6184,4.475,6.9093,9.4587
E0099,2026-02-01T00:00:00Z,2.0621,1.3223,2.1103,5.1639,7.6332,10.0807
E0100,2026-02-01T00:00:00Z,3.1985,-1.2044,4.4168,4.8664,7.4677,10.6815
E0101,2026-02-01T00:00:00Z,3.8275,4.0014,2.4025,6.0409,7.8992,8.973
E0102,2026-02-01T00:00:00Z,2.1267,0.591,5.0275,5.0654,7.4566,9.9623
E0103,2026-02-01T00:00:00Z,3.4237,2.47,3.8761,6.4345,8.6537,9.745
E0104,2026-02-01T00:00:00Z,3.3289,-1.4289,6.175,5.1776,7.4027,9.3997
E0105,2026-02-01T00:00:00Z,3.7662,0.9904,2.9652,5.3865,7.4036,9.4532
E0106,2026-02-01T00:00:00Z,2.2936,2.1876,3.7605,5.796,7.1967,10.3327
E0107,2026-02-01T00:00:00Z,1.7385,3.157,7.4728,5.5723,7.6444,9.7795
E0108,2026-02-01T00:00:00Z,3.884,0.8672,5.985,4.568,7.3658,10.0692
E0109,2026-02-01T00:00:00Z,3.5488,-0.1506,3.8843,5.9152,8.1631,10.9585
E0110,2026-02-01T00:00:00Z,1.9704,-0.0767,2.4668,4.9696,7.9304,9.6366
E0111,2026-02-01T00:00:00Z,2.1555,1.3028,3.9247,7.1088,6.8149,10.5682
E0112,2026-02-01T00:00:00Z,1.8509,-0.3458,4.4103,7.0288,6.7554,9.7641
E0113,2026-02-01T00:00:00Z,3.7294,1.8758,3.3581,5.3664,6.9899,11.9485
E0114,2026-02-01T00:00:00Z,2.0441,-0.2614,3.2464,5.1728,8.068,8.7704
E0115,2026-02-01T00:00:00Z,3.135,-0.5749,4.1559,5.282,7.5225,9.3766
E0116,2026-02-01T00:00:00Z,2.6475,4.2975,4.0517,4.2378,7.4674,10.1848
E0117,2026-02-01T00:00:00Z,4.0002,-0.8041,2.993,5.7934,7.704,10.2322
E0118,2026-02-01T00:00:00Z,2.0453,3.2842,3.9373,5.2708,7.0209,9.0622
E0119,2026-02-01T00:00:00Z,3.2031,0.1155,1.6285,5.5352,6.9633,10.5543
E0120,2026-02-01T00:00:00Z,2.7871,3.1166,3.6886,5.9977,7.2478,10.2016
E0121,2026-02-01T00:00:00Z,2.8726,0.8129,3.9554,5.6773,8.8901,7.7978
E0122,2026-02-01T00:00:00Z,2.8842,0.772,3.8959,5.7517,6.9445,9.9598
E0123,2026-02-01T00:00:00Z,1.724,-1.3553,5.0425,5.5133,5.7421,11.4411
E0124,2026-02-01T00:00:00Z,3.3471,1.726,3.2379,5.4089,7.527,10.0095
E0125,2026-02-01T00:00:00Z,2.5437,1.5311,4.3099,5.4234,7.3435,9.4192
E0126,2026-02-01T00:00:00Z,2.268,0.4456,2.0807,6.0025,7.5782,9.1749
E0127,2026-02-01T00:00:00Z,2.2908,3.3583,3.1879,6.0819,7.3051,9.1199
E0128,2026-02-01T00:00:00Z,4.279,-1.5485,3.178,6.3174,6.3807,10.9545
E0129,2026-02-01T00:00:00Z,3.256,0.8214,2.6171,6.0197,7.5268,8.7747
E0130,2026-02-01T00:00:00Z,3.2497,-1.3651,3.4595,5.4326,6.6135,9.2152
E0131,2026-02-01T00:00:00Z,3.498,1.1158,4.5781,5.8346,7.4568,9.7195
E0132,2026-02-01T00:00:00Z,3.1151,2.5896,3.6207,4.3213,6.5586,9.1572
E0133,2026-02-01T00:00:00Z,2.2445,3.4782,3.675,6.074,8.1226,9.1504
E0134,2026-02-01T00:00:00Z,2.975,2.7402,5.1583,6.0316,6.6454,9.1669
E0135,2026-02-01T00:00:00Z,2.6753,0.3587,3.9046,4.3484,6.593,9.4062
E0136,2026-02-01T00:00:00Z,3.2894,1.4146,2.6745,5.3926,5.0191,12.0231
E0137,2026-02-01T00:00:00Z,2.2824,-1.3355,4.7425,5.2388,7.3163,9.2684
E0138,2026-02-01T00:00:00Z,3.1869,0.8065,0.5876,5.5575,7.3093,10.8403
E0139,2026-02-01T00:00:00Z,3.9875,3.4526,3.7702,4.6877,8.8774,11.5153
E0140,2026-02-01T00:00:00Z,2.5248,0.4602,3.554,4.9363,8.7368,9.4517
E0141,2026-02-01T00:00:00Z,2.1651,0.4141,5.0563,4.7554,8.6386,10.3391
E0142,2026-02-01T00:00:00Z,3.1213,-0.8004,4.4194,4.9069,8.0191,9.7948
E0143,2026-02-01T00:00:00Z,2.7841,1.3742,1.2728,5.7913,7.3834,9.6801
E0144,2026-02-01T00:00:00Z,2.2635,-1.3324,3.1897,6.1048,7.0091,7.1135
E0145,2026-02-01T00:00:00Z,3.9547,2.6799,3.4165,6.1376,7.2636,9.347
E0146,2026-02-01T00:00:00Z,2.775,0.5663,3.9837,6.5346,8.0349,9.7205
E0147,2026-02-01T00:00:00Z,2.9564,2.0013,3.3785,4.913,7.0606,9.1533
E0148,2026-02-01T00:00:00Z,4.486,2.1479,3.3146,5.8115,6.8458,9.1217
E0149,2026-02-01T00:00:00Z,3.8205,2.5024,0.2845,4.9887,7.7323,10.6804
E0000,2026-02-02T00:00:00Z,2.7941,-1.2338,5.385,5.924,7.9839,8.8051
E0001,2026-02-02T00:00:00Z,2.7326,-0.0363,5.4965,5.4783,5.7273,8.5626
E0002,2026-02-02T00:00:00Z,3.3218,1.3824,4.2837,5.5005,7.4811,8.4105
E0003,2026-02-02T00:00:00Z,2.4825,3.0851,2.0573,5.6998,6.702,8.7018
E0004,2026-02-02T00:00:00Z,3.1223,-1.2712,3.7412,5.2516,6.2355,10.2711
E0005,2026-02-02T00:00:00Z,3.471,2.3388,2.4911,4.4174,6.7955,9.4471
E0006,2026-02-02T00:00:00Z,3.5923,1.4874,5.262,5.3114,8.443,9.6575
E0007,2026-02-02T00:00:00Z,4.0868,1.3715,3.658,5.8226,7.0717,9.7132
E0008,2026-02-02T00:00:00Z,2.6061,-1.3303,1.8275,5.664,9.2837,9.8495
E0009,2026-02-02T00:00:00Z,2.2131,1.387,4.2823,5.4196,8.8853,8.156
E0010,2026-02-02T00:00:00Z,3.1022,0.1898,1.0231,6.001,6.2796,7.9748
E0011,2026-02-02T00:00:00Z,2.1043,0.3957,3.5276,5.2045,8.4398,8.4716
E0012,2026-02-02T00:00:00Z,2.3455,0.8686,2.6492,6.7341,8.8486,11.1455
E0013,2026-02-02T00:00:00Z,2.6194,3.4333,3.9649,4.9185,7.381,10.5937
E0014,2026-02-02T00:00:00Z,2.1088,0.8223,5.9887,4.8152,6.7045,9.3845
E0015,2026-02-02T00:00:00Z,2.2848,-0.6966,3.7075,5.7132,7.229,8.7899
E0016,2026-02-02T00:00:00Z,2.9723,-0.498,5.9826,5.0692,5.3373,9.9828
E0017,2026-02-02T00:00:00Z,3.6944,0.3059,1.847,5.2404,8.3678,10.1717
E0018,2026-02-02T00:00:00Z,3.2471,1.2632,2.0444,6.113,8.4613,9.8657
E0019,2026-02-02T00:00:00Z,2.9789,1.5617,3.4406,6.1808,9.0289,8.7475
E0020,2026-02-02T00:00:00Z,3.1719,1.533,4.1611,4.3826,6.8912,11.0052
E0021,2026-02-02T00:00:00Z,3.0665,2.0584,3.8088,5.7113,8.0544,8.8284
E0022,2026-02-02T00:00:00Z,2.2666,2.6744,4.1945,4.4563,6.8083,11.2534
E0023,2026-02-02T00:00:00Z,1.9032,1.0548,0.162,6.063,6.206,9.5121
E0024,2026-02-02T00:00:00Z,1.6389,1.6514,5.8331,4.9948,7.3034,9.1888
E0025,2026-02-02T00:00:00Z,1.3006,2.0464,3.3251,5.4821,5.5704,10.8196
E0026,2026-02-02T00:00:00Z,1.8991,-0.6672,3.2708,5.226,6.7229,8.1112
E0027,2026-02-02T00:00:00Z,3.0218,0.9152,2.762,5.66,7.3806,9.2958
E0028,2026-02-02T00:00:00Z,3.3894,-2.6858,4.0318,6.1178,8.7006,8.7911
E0029,2026-02-02T00:00:00Z,4.1146,2.7756,2.4594,4.8579,7.8999,10.4043
E0030,2026-02-02T00:00:00Z,3.1175,4.1219,4.5394,5.7523,7.5147,11.2561
E0031,2026-02-02T00:00:00Z,3.2559,2.2465,3.7965,6.4611,7.956,12.3514
E0032,2026-02-02T00:00:00Z,2.5523,-0.171,4.7302,5.2612,4.601,8.8151
E0033,2026-02-02T00:00:00Z,2.7571,-0.4414,4.03,5.6165,8.9402,10.5713
E0034,2026-02-02T00:00:00Z,3.9869,1.9268,3.7603,5.0972,5.7887,9.8574
E0035,2026-02-02T00:00:00Z,3.6455,2.95,3.3506,5.8685,7.6546,8.9258
E0036,2026-02-02T00:00:00Z,1.9963,-1.1591,3.4077,5.3582,6.3137,9.254
E0037,2026-02-02T00:00:00Z,3.1487,5.3262,2.2777,6.1436,7.1282,8.8895
E0038,2026-02-02T00:00:00Z,3.7761,4.1053,4.9938,5.1566,7.7321,8.5279
E0039,2026-02-02T00:00:00Z,2.4334,0.3778,6.2389,4.7,6.2166,9.1602
E0040,2026-02-02T00:00:00Z,3.1126,-0.3348,5.5698,5.8562,7.7173,10.9786
E0041,2026-02-02T00:00:00Z,3.5763,-0.2053,4.0033,5.2675,6.7006,7.9812
E0042,2026-02-02T00:00:00Z,2.1535,-0.5137,3.2958,4.9087,6.26,8.9878
E0043,2026-02-02T00:00:00Z,1.5526,2.1836,1.9658,4.803,7.7725,10.8824
E0044,2026-02-02T00:00:00Z,1.9762,1.4624,5.4852,5.9489,7.3329,8.8913
E0045,2026-02-02T00:00:00Z,2.891,3.3755,3.1461,5.6007,6.2794,10.0518
E0046,2026-02-02T00:00:00Z,2.9058,1.7557,2.4025,5.1529,7.7885,9.807
E0047,2026-02-02T00:00:00Z,2.3063,0.2814,4.2063,5.328,7.3465,7.975
E0048,2026-02-02T00:00:00Z,3.2183,-0.1464,2.0532,6.7315,5.8907,10.8792
E0049,2026-02-02T00:00:00Z,3.5211,2.2637,3.6733,5.6377,5.899,9.8121
E0050,2026-02-02T00:00:00Z,3.5481,2.7452,4.01,6.7224,8.0965,7.5256
E0051,2026-02-02T00:00:00Z,2.6276,-0.649,4.1862,5.5415,9.1211,9.7722
E0052,2026-02-02T00:00:00Z,2.658,1.2379,1.5062,5.1609,7.1174,8.3415
E0053,2026-02-02T00:00:00Z,3.6863,0.4246,1.0156,5.6363,6.0821,10.6849
E0054,2026-02-02T00:00:00Z,4.0903,-1.4113,4.2998,6.5644,8.2961,8.1963
E0055,2026-02-02T00:00:00Z,2.5514,0.1841,2.8237,5.78,7.4311,10.0342
E0056,2026-02-02T00:00:00Z,2.7599,1.9043,3.0929,6.4614,8.472,10.0242
E0057,2026-02-02T00:00:00Z,3.491,-0.4402,2.1183,5.5156,5.2464,10.1171
E0058,2026-02-02T00:00:00Z,2.7433,2.3964,5.5593,5.4363,7.9763,10.1092
E0059,2026-02-02T00:00:00Z,2.9384,0.6081,5.4584,6.2114,5.9417,9.9217
E0060,2026-02-02T00:00:00Z,2.7146,0.8614,4.1847,5.0814,7.514,10.5487
E0061,2026-02-02T00:00:00Z,1.6886,-0.0217,2.9364,5.243,7.1458,9.1135
E0062,2026-02-02T00:00:00Z,2.1073,1.0295,5.0546,5.5867,6.809,10.3462
E0063,2026-02-02T00:00:00Z,1.7686,2.0765,6.3459,5.3229,5.9408,10.4218
E0064,2026-02-02T00:00:00Z,2.5133,-2.2763,4.1595,6.2012,7.4026,9.9478
E0065,2026-02-02T00:00:00Z,2.4296,0.1835,4.0969,5.0336,8.0879,10.0138
E0066,2026-02-02T00:00:00Z,1.7536,-0.9133,4.1728,5.8864,6.4117,10.0741
E0067,2026-02-02T00:00:00Z,3.6846,-0.4593,5.713,4.9045,7.8255,10.9054
E0068,2026-02-02T00:00:00Z,2.8733,-0.6283,0.6445,4.3901,6.503,9.1562
E0069,2026-02-02T00:00:00Z,3.5205,0.1065,3.0521,5.6812,9.0015,9.9796
E0070,2026-02-02T00:00:00Z,3.0782,1.5274,3.6586,4.3799,6.8152,10.3778
E0071,2026-02-02T00:00:00Z,2.3987,1.2586,4.3791,5.4382,6.4898,9.6146
E0072,2026-02-02T00:00:00Z,2.257,0.511,3.3113,5.7836,5.4683,9.1075
E0073,2026-02-02T00:00:00Z,1.853,0.2671,3.3365,5.8324,6.1198,10.353
E0074,2026-02-02T00:00:00Z,2.916,0.1708,3.7645,4.7715,6.4357,8.5402
E0075,2026-02-02T00:00:00Z,3.1086,1.644,2.1988,5.8436,7.3817,9.7168
E0076,2026-02-02T00:00:00Z,3.4644,1.3068,3.5804,5.0812,8.8889,7.657
E0077,2026-02-02T00:00:00Z,3.5566,1.2648,4.46,5.7221,5.3821,7.7991
E0078,2026-02-02T00:00:00Z,2.7081,2.7043,3.6093,5.1449,6.648,10.2973
E0079,2026-02-02T00:00:00Z,5.3176,-0.5391,3.5134,5.3053,6.3368,9.358
E0080,2026-02-02T00:00:00Z,2.8034,0.299,2.9389,6.1682,6.9504,7.9635
E0081,2026-02-02T00:00:00Z,3.2262,0.42,1.6979,5.3034,6.4922,9.0385
E0082,2026-02-02T00:00:00Z,1.6198,0.9906,3.0972,5.5742,8.0504,10.6692
E0083,2026-02-02T00:00:00Z,3.3363,-0.6324,3.7094,4.9365,7.0876,9.4415
E0084,2026-02-02T00:00:00Z,3.1979,0.2615,5.0994,4.7668,6.5768,9.2121
E0085,2026-02-02T00:00:00Z,3.346,1.3979,3.6529,5.1163,7.0656,9.3496
E0086,2026-02-02T00:00:00Z,3.7057,0.5692,2.6207,6.5087,7.7488,10.0419
E0087,2026-02-02T00:00:00Z,2.3043,0.7036,3.9142,5.6092,6.8451,10.7632
E0088,2026-02-02T00:00:00Z,3.6182,1.2439,4.1661,5.5799,5.6493,9.6426
E0089,2026-02-02T00:00:00Z,2.8972,4.564,5.0229,5.9416,7.1024,8.0391
E0090,2026-02-02T00:00:00Z,3.183,-0.2969,3.8151,6.033,6.2102,8.9571
E0091,2026-02-02T00:00:00Z,2.3737,2.835,3.7336,5.2908,6.105,11.0596
E0092,2026-02-02T00:00:00Z,2.5737,4.1252,4.0899,5.1136,7.7055,8.8867
E0093,2026-02-02T00:00:00Z,2.6395,1.7653,3.5652,4.5597,8.1395,8.5079
E0094,2026-02-02T00:00:00Z,3.1879,1.3929,3.4024,5.0091,9.8752,8.8247
E0095,2026-02-02T00:00:00Z,2.5699,1.5737,5.2966,7.0233,6.0572,8.4795
E0096,2026-02-02T00:00:00Z,2.1796,3.1062,4.5259,5.0161,6.9026,9.6419
E0097,2026-02-02T00:00:00Z,3.4229,0.9419,3.5659,6.3438,7.3068,10.2401
E0098,2026-02-02T00:00:00Z,2.8955,-1.112,5.7088,6.3694,7.7481,9.3876
E0099,2026-02-02T00:00:00Z,2.8686,3.0256,4.0424,5.9928,8.2619,8.5899
E0100,2026-02-02T00:00:00Z,3.1389,1.6508,4.4712,6.1184,7.5887,10.394
E0101,2026-02-02T00:00:00Z,2.8066,3.0334,4.4232,4.8881,7.4076,9.2028
E0102,2026-02-02T00:00:00Z,2.4458,-0.1998,3.6178,6.1121,8.3381,9.9437
E0103,2026-02-02T00:00:00Z,2.8268,2.6617,4.1374,6.0728,7.4554,8.662
E0104,2026-02-02T00:00:00Z,1.9411,2.7101,2.2877,5.2529,6.4704,9.3488
E0105,2026-02-02T00:00:00Z,1.9637,1.1818,4.1416,5.1538,7.7135,9.1018
E0106,2026-02-02T00:00:00Z,2.749,4.0717,2.1701,5.667,6.7491,9.3261
E0107,2026-02-02T00:00:00Z,2.6914,2.8713,6.6784,5.2275,7.4505,10.4376
E0108,2026-02-02T00:00:00Z,3.5028,-0.1116,3.9276,4.8276,7.394,9.254
E0109,2026-02-02T00:00:00Z,2.8144,-0.8644,4.7872,5.6968,7.2015,6.596
E0110,2026-02-02T00:00:00Z,3.1013,2.8368,4.9148,4.9905,7.017,10.3013
E0111,2026-02-02T00:00:00Z,3.2998,-0.7431,4.928,5.3347,7.6425,10.3085
E0112,2026-02-02T00:00:00Z,2.8571,0.1668,6.5519,4.2593,6.9894,8.8724
E0113,2026-02-02T00:00:00Z,3.6515,-0.1286,3.7252,5.3226,6.2062,10.0086
E0114,2026-02-02T00:00:00Z,3.5993,-0.7783,3.1589,5.6853,9.6983,10.8105
E0115,2026-02-02T00:00:00Z,2.8853,0.9664,5.9251,5.5133,6.2462,10.2491
E0116,2026-02-02T00:00:00Z,2.4497,-0.1371,4.8094,5.6155,6.923,10.9681
E0117,2026-02-02T00:00:00Z,2.4705,-0.1739,4.4703,6.3421,8.2997,9.0061
E0118,2026-02-02T00:00:00Z,2.345,-0.133,1.0048,6.071,6.7017,8.927
E0119,2026-02-02T00:00:00Z,2.8367,0.5451,2.4288,5.3194,7.6471,9.8117
E0120,2026-02-02T00:00:00Z,3.8034,1.8236,1.4457,6.5839,9.4837,8.7978
E0121,2026-02-02T00:00:00Z,2.9729,-0.9769,1.9648,5.5711,7.0512,11.2
E0122,2026-02-02T00:00:00Z,3.1071,0.4633,2.7165,5.2978,8.6231,10.9645
E0123,2026-02-02T00:00:00Z,2.6037,1.5811,3.3306,5.1639,6.4035,7.9307
E0124,2026-02-02T00:00:00Z,5.2309,-0.0531,2.2761,5.2867,8.7228,10.0171
E0125,2026-02-02T00:00:00Z,3.3615,-1.8068,2.9964,5.8212,7.1072,8.8336
E0126,2026-02-02T00:00:00Z,3.9766,3.8768,3.6046,4.382,7.1798,8.448
E0127,2026-02-02T00:00:00Z,3.0178,1.0154,5.2261,5.7086,5.8838,11.4208
E0128,2026-02-02T00:00:00Z,2.756,-1.239,2.0472,4.8199,6.8597,10.3554
E0129,2026-02-02T00:00:00Z,3.0163,-0.3825,3.4485,5.7167,5.6311,9.739
E0130,2026-02-02T00:00:00Z,2.071,-2.4604,3.433,6.2378,8.8852,8.5241
E0131,2026-02-02T00:00:00Z,2.8926,4.1015,5.1724,5.5239,7.934,10.6446
E0132,2026-02-02T00:00:00Z,2.6705,-2.7037,3.6411,5.3845,6.0986,10.6662
E0133,2026-02-02T00:00:00Z,2.3264,-1.1265,3.6847,6.2779,8.843,9.0675
E0134,2026-02-02T00:00:00Z,2.9182,1.7154,4.3829,6.4522,8.4689,10.0757
E0135,2026-02-02T00:00:00Z,2.5324,0.8887,4.7341,4.086,8.6722,9.1741
E0136,2026-02-02T00:00:00Z,3.7992,1.3137,3.9059,5.4717,8.2504,9.2297
E0137,2026-02-02T00:00:00Z,2.5677,4.1248,3.5855,4.9094,6.6171,9.56
E0138,2026-02-02T00:00:00Z,3.113,0.456,2.3194,6.8823,6.6962,10.7954
E0139,2026-02-02T00:00:00Z,2.0801,-1.3107,4.1467,5.9071,7.3673,7.1699
E0140,2026-02-02T00:00:00Z,3.2421,0.5588,2.115,5.9458,6.6807,11.4009
E0141,2026-02-02T00:00:00Z,2.8725,1.1147,3.8782,5.5019,8.86,9.2643
E0142,2026-02-02T00:00:00Z,2.7764,2.1848,4.0688,5.5294,8.4722,8.7216
E0143,2026-02-02T00:00:00Z,3.2609,2.4586,3.8515,5.2603,7.6534,10.2168
E0144,2026-02-02T00:00:00Z,2.8527,0.2516,2.6819,5.0762,6.9347,9.9851
E0145,2026-02-02T00:00:00Z,2.8213,0.5206,1.9828,5.0503,6.9101,9.9819
E0146,2026-02-02T00:00:00Z,4.1318,0.9322,4.9418,5.0994,6.2484,9.8347
E0147,2026-02-02T00:00:00Z,3.262,1.9562,2.7773,6.7442,6.8515,9.7303
E0148,2026-02-02T00:00:00Z,2.805,-0.1006,4.6537,5.9987,7.7556,11.0429
E0149,2026-02-02T00:00:00Z,2.3172,0.4333,1.6985,6.0214,7.4725,9.1898
E0000,2026-02-03T00:00:00Z,2.6549,2.1882,1.8297,5.6876,7.792,9.3587
E0001,2026-02-03T00:00:00Z,2.8439,-3.4116,2.7817,4.9167,5.0861,10.5449
E0002,2026-02-03T00:00:00Z,2.4689,1.3894,5.245,5.3801,7.3891,11.3712
E0003,2026-02-03T00:00:00Z,3.2641,0.3031,5.4368,5.8574,7.4745,10.6651
E0004,2026-02-03T00:00:00Z,3.0757,-0.8966,3.2203,5.0019,6.4991,8.8112
E0005,2026-02-03T00:00:00Z,1.947,0.7435,4.2058,5.6741,8.196,9.8811
E0006,2026-02-03T00:00:00Z,3.0679,-0.8704,4.8518,6.3563,8.0339,9.5585
E0007,2026-02-03T00:00:00Z,3.4541,3.8303,3.4085,5.2819,6.5884,10.6174
E0008,2026-02-03T00:00:00Z,2.9241,1.7314,4.2101,5.9546,7.279,9.9333
E0009,2026-02-03T00:00:00Z,2.8793,2.8242,2.9462,4.7357,9.1987,8.982
E0010,2026-02-03T00:00:00Z,3.2361,1.2942,3.5209,5.8602,7.9775,10.612
E0011,2026-02-03T00:00:00Z,1.7797,-1.8068,3.4954,4.8904,7.7744,10.4278
E0012,2026-02-03T00:00:00Z,2.4884,1.2476,3.5536,6.4309,8.5516,9.5072
E0013,2026-02-03T00:00:00Z,3.8411,3.0345,1.8211,6.0325,8.3967,10.6027
E0014,2026-02-03T00:00:00Z,2.4497,2.7191,3.6075,6.0862,6.812,8.3496
E0015,2026-02-03T00:00:00Z,3.7535,1.8496,4.893,5.3507,7.4101,10.4103
E0016,2026-02-03T00:00:00Z,3.142,1.3325,2.0015,5.9938,6.8114,8.2226
E0017,2026-02-03T00:00:00Z,2.5278,1.4541,4.2236,4.8299,7.6881,9.3801
E0018,2026-02-03T00:00:00Z,3.7472,-0.4155,4.418,5.5045,8.0248,10.9853
E0019,2026-02-03T00:00:00Z,1.9595,3.1907,3.4855,5.416,6.3984,9.0754
E0020,2026-02-03T00:00:00Z,3.8183,1.4137,3.7844,4.5398,6.5152,8.9702
E0021,2026-02-03T00:00:00Z,3.2834,0.1151,4.0934,3.992,7.2816,10.2989
E0022,2026-02-03T00:00:00Z,1.9277,-0.1636,3.4491,5.8965,7.3509,9.3677
E0023,2026-02-03T00:00:00Z,2.7108,1.0255,4.944,4.3906,7.0837,8.9415
E0024,2026-02-03T00:00:00Z,2.8868,1.5123,2.136,6.3253,6.9094,9.4904
E0025,2026-02-03T00:00:00Z,3.4087,-0.3121,2.3494,6.0509,7.0479,9.4527
E0026,2026-02-03T00:00:00Z,2.77,4.418,4.0229,5.1234,9.1861,8.554
E0027,2026-02-03T00:00:00Z,3.0881,2.6772,1.7717,5.0316,8.1529,8.6696
E0028,2026-02-03T00:00:00Z,2.6946,1.1501,4.8997,6.5765,7.6436,7.2316
E0029,2026-02-03T00:00:00Z,2.8147,-0.8028,2.0786,5.9031,6.6935,9.3781
E0030,2026-02-03T00:00:00Z,2.5389,-0.4245,3.495,5.5056,7.6459,8.0535
E0031,2026-02-03T00:00:00Z,2.835,0.6031,4.1941,6.2296,8.67,8.7239
E0032,2026-02-03T00:00:00Z,2.8036,-2.0449,6.6762,5.1382,6.0947,9.8734
E0033,2026-02-03T00:00:00Z,2.7091,-0.1647,3.6039,5.9658,5.4253,8.6928
E0034,2026-02-03T00:00:00Z,2.5251,-1.1162,4.3687,4.9016,8.1165,10.3023
E0035,2026-02-03T00:00:00Z,3.3254,1.3027,3.6026,5.4324,6.7169,9.6747
E0036,2026-02-03T00:00:00Z,3.1232,3.9437,4.1781,5.0739,7.4918,10.6316
E0037,2026-02-03T00:00:00Z,2.8189,0.7419,4.7693,5.219,7.4861,8.2262
E0038,2026-02-03T00:00:00Z,3.046,0.5884,6.1491,5.3481,6.2937,9.8325
E0039,2026-02-03T00:00:00Z,4.4987,0.3594,3.46,5.4794,5.7692,11.1352
E0040,2026-02-03T00:00:00Z,2.4165,1.3049,3.4984,5.0934,6.931,9.6664
E0041,2026-02-03T00:00:00Z,4.5228,0.4927,5.4591,4.7357,6.6038,8.5203
E0042,2026-02-03T00:00:00Z,3.1271,1.521,2.52,5.1407,5.5732,10.1258
E0043,2026-02-03T00:00:00Z,2.0098,-1.291,3.8158,5.5372,8.1795,9.4546
E0044,2026-02-03T00:00:00Z,2.6713,0.0902,3.3995,5.3155,6.0888,8.868
E0045,2026-02-03T00:00:00Z,2.4372,-0.4358,3.1507,5.837,7.7023,10.37
E0046,2026-02-03T00:00:00Z,1.8127,-0.1973,3.6987,6.5418,6.9372,9.895
E0047,2026-02-03T00:00:00Z,0.9471,2.0183,5.5418,5.5451,6.1556,10.0409
E0048,2026-02-03T00:00:00Z,3.3067,2.261,2.3701,5.3814,5.5691,9.5233
E0049,2026-02-03T00:00:00Z,2.2049,-1.8893,3.445,5.5101,8.2313,10.0705
E0050,2026-02-03T00:00:00Z,3.4337,0.8924,4.8605,5.084,5.7895,10.668
E0051,2026-02-03T00:00:00Z,2.6356,0.9064,3.9154,6.1225,7.704,7.8473
E0052,2026-02-03T00:00:00Z,2.1015,1.3665,4.1293,4.5088,6.9994,8.0357
E0053,2026-02-03T00:00:00Z,2.6096,0.7297,4.2557,4.5969,7.9905,8.4719
E0054,2026-02-03T00:00:00Z,3.213,0.8653,3.7613,4.2357,7.3128,9.8329
E0055,2026-02-03T00:00:00Z,3.4218,0.8966,4.5036,5.2925,6.918,8.5626
E0056,2026-02-03T00:00:00Z,2.2637,-0.3331,5.5779,4.9131,7.8705,8.6687
E0057,2026-02-03T00:00:00Z,3.5663,-0.5951,5.054,6.7375,8.6106,10.5527
E0058,2026-02-03T00:00:00Z,2.7683,-0.1252,3.7701,6.7774,8.5722,10.0188
E0059,2026-02-03T00:00:00Z,3.0706,2.026,2.3407,5.7593,6.7165,11.0575
E0060,2026-02-03T00:00:00Z,2.9909,2.4812,4.0406,5.6013,6.6361,8.9411
E0061,2026-02-03T00:00:00Z,2.5722,-0.0755,5.4633,5.66,5.99,11.7646
E0062,2026-02-03T00:00:00Z,2.5439,2.0323,1.7359,4.4285,7.6237,8.7588
E0063,2026-02-03T00:00:00Z,3.1225,2.2389,2.9903,5.3975,7.119,10.0673
E0064,2026-02-03T00:00:00Z,3.0387,1.7652,4.075,6.0025,5.7248,9.0312
E0065,2026-02-03T00:00:00Z,3.2525,-0.2345,3.8752,5.3914,8.0725,10.1425
E0066,2026-02-03T00:00:00Z,2.0842,-1.2424,5.2364,5.0954,4.9742,9.4686
E0067,2026-02-03T00:00:00Z,2.2527,2.2574,4.6577,5.4839,6.9543,10.8015
E0068,2026-02-03T00:00:00Z,3.0441,3.6257,3.3502,5.076,8.6892,10.7781
E0069,2026-02-03T00:00:00Z,3.4348,-1.4493,4.8576,4.6921,6.69,10.5351
E0070,2026-02-03T00:00:00Z,1.9037,1.0883,5.1213,5.567,7.2097,9.4167
E0071,2026-02-03T00:00:00Z,2.4879,-0.2046,5.8055,6.212,9.0546,10.8104
E0072,2026-02-03T00:00:00Z,2.7976,2.7308,6.4645,4.9543,5.9729,8.9238
E0073,2026-02-03T00:00:00Z,2.6259,0.4637,6.6831,5.7442,7.9293,9.1244
E0074,2026-02-03T00:00:00Z,2.4209,0.0957,5.5837,5.6961,7.3794,10.73
E0075,2026-02-03T00:00:00Z,3.1657,0.2476,2.8393,6.6799,7.917,8.5058
E0076,2026-02-03T00:00:00Z,3.459,1.2861,2.397,5.7319,6.0892,10.8667
E0077,2026-02-03T00:00:00Z,2.9602,3.0211,5.2516,6.4806,9.9318,9.8856
E0078,2026-02-03T00:00:00Z,1.8867,-1.9416,3.7316,5.3761,7.1071,9.0032
E0079,2026-02-03T00:00:00Z,2.5924,0.0041,1.1976,6.055,7.856,9.1736
E0080,2026-02-03T00:00:00Z,2.1766,-0.0665,5.437,5.8423,6.8342,10.8177
E0081,2026-02-03T00:00:00Z,3.764,1.321,4.8997,4.8435,6.6973,11.8895
E0082,2026-02-03T00:00:00Z,2.7056,0.9744,4.0312,5.7445,8.0911,10.5213
E0083,2026-02-03T00:00:00Z,2.5294,3.9994,2.3289,4.5336,6.3281,9.848
E0084,2026-02-03T00:00:00Z,2.6291,-0.6799,5.5683,5.378,7.404,9.5933
E0085,2026-02-03T00:00:00Z,2.8045,1.2734,2.7164,5.6064,6.7285,9.1649
E0086,2026-02-03T00:00:00Z,3.3437,1.7911,5.0262,5.7178,8.2679,11.351
E0087,2026-02-03T00:00:00Z,3.674,2.0162,3.9315,5.4778,7.3166,11.9417
E0088,2026-02-03T00:00:00Z,2.7482,-0.6596,5.3478,5.1264,7.3878,9.7328
E0089,2026-02-03T00:00:00Z,3.1035,1.3021,2.4182,5.1545,5.7426,8.0137
E0090,2026-02-03T00:00:00Z,2.78,1.9138,4.9771,5.8549,6.3465,10.811
E0091,2026-02-03T00:00:00Z,2.686,-0.0078,2.4396,5.656,8.7074,9.7866
E0092,2026-02-03T00:00:00Z,3.7159,1.1416,5.5407,5.8325,7.297,9.0741
E0093,2026-02-03T00:00:00Z,3.6041,1.14,4.0472,5.321,7.2479,10.1448
E0094,2026-02-03T00:00:00Z,2.4986,0.2471,5.1779,5.9957,8.304,9.8205
E0095,2026-02-03T00:00:00Z,2.6973,0.0741,2.9739,5.8885,8.0376,9.1469
E0096,2026-02-03T00:00:00Z,3.7135,1.6992,5.0467,5.0979,6.5451,9.0906
E0097,2026-02-03T00:00:00Z,3.618,3.5837,2.2932,4.5706,8.6388,10.3342
E0098,2026-02-03T00:00:00Z,1.8815,2.2803,4.3738,5.2225,6.575,8.8818
E0099,2026-02-03T00:00:00Z,2.4289,-0.7062,5.0547,4.9587,7.5908,8.7366
E0100,2026-02-03T00:00:00Z,3.4281,1.1958,2.6402,5.5073,6.6465,9.1738
E0101,2026-02-03T00:00:00Z,3.1383,2.4193,3.6083,6.2921,7.1454,8.5927
E0102,2026-02-03T00:00:00Z,2.7446,-1.3661,4.1875,5.1811,7.9785,12.0012
E0103,2026-02-03T00:00:00Z,3.6247,-0.9156,1.6985,5.8883,8.5551,10.42
E0104,2026-02-03T00:00:00Z,2.1466,-1.4207,5.4721,6.0541,8.19,10.0989
E0105,2026-02-03T00:00:00Z,2.8874,-0.1777,2.7455,5.3197,7.4582,10.2845
E0106,2026-02-03T00:00:00Z,2.7072,-0.6879,5.7573,6.4742,9.3316,9.0766
E0107,2026-02-03T00:00:00Z,2.7316,0.5777,3.9016,6.2743,6.8636,9.4226
E0108,2026-02-03T00:00:00Z,3.416,2.9639,5.4515,6.2674,5.8169,10.2231
E0109,2026-02-03T00:00:00Z,3.5075,0.2468,2.9863,4.6616,7.9304,9.2755
E0110,2026-02-03T00:00:00Z,2.0811,3.455,2.1533,6.3434,8.1413,9.2387
E0111,2026-02-03T00:00:00Z,3.5762,1.0667,4.9858,5.7371,6.6555,8.827
E0112,2026-02-03T00:00:00Z,3.5005,0.705,5.8379,5.3577,7.6774,11.2355
E0113,2026-02-03T00:00:00Z,1.2825,0.1256,5.9785,5.3605,6.2961,11.2085
E0114,2026-02-03T00:00:00Z,2.5856,1.9463,6.1889,6.0601,5.8634,9.7181
E0115,2026-02-03T00:00:00Z,3.8288,0.2327,3.9259,5.6569,11.014,8.859
E0116,2026-02-03T00:00:00Z,2.4075,3.5472,4.4891,4.7523,5.0807,8.4328
E0117,2026-02-03T00:00:00Z,3.1638,1.518,1.3237,5.9554,6.6637,6.9279
E0118,2026-02-03T00:00:00Z,1.8768,3.0798,3.905,6.4685,8.0328,9.872
E0119,2026-02-03T00:00:00Z,3.9597,2.3032,3.7053,5.6184,7.0539,8.4675
E0120,2026-02-03T00:00:00Z,3.7896,1.3353,2.2053,6.1272,6.895,10.0775
E0121,2026-02-03T00:00:00Z,2.8972,1.863,3.5437,4.7923,9.8408,9.9695
E0122,2026-02-03T00:00:00Z,2.4458,0.3296,5.9032,5.8532,7.7841,9.5777
E0123,2026-02-03T00:00:00Z,2.9485,2.6681,4.0536,4.9965,8.1992,9.9396
E0124,2026-02-03T00:00:00Z,2.9457,1.5464,3.8781,5.0922,8.8349,9.7887
E0125,2026-02-03T00:00:00Z,2.371,2.6553,3.3602,4.5593,7.6081,7.6971
E0126,2026-02-03T00:00:00Z,4.0481,1.2915,1.9867,6.1292,6.8976,10.3938
E0127,2026-02-03T00:00:00Z,2.3604,0.0784,5.6896,5.0315,7.592,11.0872
E0128,2026-02-03T00:00:00Z,4.0652,1.9464,6.2795,5.399,7.6398,9.2742
E0129,2026-02-03T00:00:00Z,2.8026,3.0832,3.5068,5.537,8.1709,7.5792
E0130,2026-02-03T00:00:00Z,2.9144,0.4729,2.2478,5.6223,7.4811,11.6965
E0131,2026-02-03T00:00:00Z,2.9391,1.9219,2.9429,5.2654,7.2773,8.8875
E0132,2026-02-03T00:00:00Z,3.4304,2.0131,2.2161,4.9341,7.9636,8.7737
E0133,2026-02-03T00:00:00Z,3.4359,-0.2514,3.4993,4.9961,8.5156,10.9463
E0134,2026-02-03T00:00:00Z,2.2483,0.1471,3.7283,5.6175,8.9733,6.8311
E0135,2026-02-03T00:00:00Z,3.2161,0.6937,5.2483,5.4723,7.2629,10.2277
E0136,2026-02-03T00:00:00Z,3.2486,1.3889,1.723,6.1218,7.8848,8.2381
E0137,2026-02-03T00:00:00Z,2.327,0.8501,3.9697,5.6475,6.1191,9.3549
E0138,2026-02-03T00:00:00Z,3.7083,-1.7961,5.7137,4.7743,6.3703,9.7886
E0139,2026-02-03T00:00:00Z,2.9704,1.3232,4.5003,6.5661,7.1021,11.0001
E0140,2026-02-03T00:00:00Z,3.52,0.2678,4.0436,5.8499,7.2414,10.974
E0141,2026-02-03T00:00:00Z,1.4761,3.3043,4.4144,6.2775,6.1023,10.4872
E0142,2026-02-03T00:00:00Z,2.4969,-0.9957,2.3969,5.5523,9.3422,8.7341
E0143,2026-02-03T00:00:00Z,3.02,1.3988,5.6027,5.0186,6.0952,11.0083
E0144,2026-02-03T00:00:00Z,3.3404,2.0286,5.5533,5.7769,9.7467,9.1873
E0145,2026-02-03T00:00:00Z,3.6815,2.8756,5.5654,5.1088,6.424,10.3376
E0146,2026-02-03T00:00:00Z,3.6933,-0.1433,2.7828,5.6109,8.0715,7.5402
E0147,2026-02-03T00:00:00Z,3.6032,1.7654,3.6531,5.4376,7.7603,9.4158
E0148,2026-02-03T00:00:00Z,2.9323,0.4527,1.6854,5.8351,6.2612,9.7774
E0149,2026-02-03T00:00:00Z,3.3472,1.9544,4.3258,4.9421,6.9058,9.2481
E0000,2026-02-04T00:00:00Z,3.1083,2.969,4.1385,6.7088,7.3477,9.6901
E0001,2026-02-04T00:00:00Z,1.9421,-0.1653,4.5646,5.7633,7.4778,8.8232
E0002,2026-02-04T00:00:00Z,3.7207,-2.998,3.443,4.9747,6.1273,8.0412
E0003,2026-02-04T00:00:00Z,3.4116,2.6545,2.8134,5.5651,8.0842,10.4044
E0004,2026-02-04T00:00:00Z,3.2203,1.1967,3.7058,5.5829,7.4562,10.1047
E0005,2026-02-04T00:00:00Z,3.5838,2.0179,2.9906,5.0147,8.4959,10.3671
E0006,2026-02-04T00:00:00Z,2.2401,0.5145,2.7815,5.1952,9.1477,9.2738
E0007,2026-02-04T00:00:00Z,3.2412,-1.2292,4.4301,5.7248,6.3295,10.7976
E0008,2026-02-04T00:00:00Z,1.6701,0.2361,3.9803,5.5805,8.8913,9.8876
E0009,2026-02-04T00:00:00Z,2.2128,0.2247,2.4713,5.201,4.0546,10.5993
E0010,2026-02-04T00:00:00Z,3.1341,3.1475,4.8209,6.545,5.225,8.2853
E0011,2026-02-04T00:00:00Z,2.4948,0.7055,3.7976,5.8309,7.3117,9.2354
E0012,2026-02-04T00:00:00Z,2.8837,1.3939,3.2239,6.8064,6.1732,8.3131
E0013,2026-02-04T00:00:00Z,3.1929,-3.1359,3.1001,5.0059,8.9226,9.6571
E0014,2026-02-04T00:00:00Z,2.3722,3.3473,3.0566,6.3413,6.115,10.4832
E0015,2026-02-04T00:00:00Z,2.4515,-1.1045,3.2429,5.4306,6.8707,9.8141
E0016,2026-02-04T00:00:00Z,2.4988,3.9284,5.2351,6.5939,5.6286,10.0443
E0017,2026-02-04T00:00:00Z,2.6173,0.5431,2.0575,6.5756,6.5302,9.8025
E0018,2026-02-04T00:00:00Z,3.5608,1.7821,2.8255,5.1314,7.9952,9.299
E0019,2026-02-04T00:00:00Z,2.9268,1.7115,2.0509,6.2172,5.7177,11.8465
E0020,2026-02-04T00:00:00Z,2.7006,0.9875,5.4359,5.2198,6.6089,9.1261
E0021,2026-02-04T00:00:00Z,2.7739,2.366,3.3684,6.3397,7.5442,9.1329
E0022,2026-02-04T00:00:00Z,1.7575,-1.9468,4.4697,5.6597,9.0188,11.0732
E0023,2026-02-04T00:00:00Z,2.7874,3.258,4.4027,4.9814,7.1011,11.2855
E0024,2026-02-04T00:00:00Z,3.5549,0.0944,3.1705,6.2984,7.841,11.1632
E0025,2026-02-04T00:00:00Z,2.9691,0.0997,4.2323,5.1037,7.8194,8.5369
E0026,2026-02-04T00:00:00Z,3.1471,-0.9001,2.8659,5.2589,7.2605,9.2864
E0027,2026-02-04T00:00:00Z,2.9944,4.0131,2.2958,4.7218,5.8133,10.2985
E0028,2026-02-04T00:00:00Z,2.8303,1.8673,4.8931,4.9514,8.6412,8.2292
E0029,2026-02-04T00:00:00Z,3.3621,2.8773,4.0714,5.2754,9.7067,9.9342
E0030,2026-02-04T00:00:00Z,3.4538,-0.4434,4.3879,5.8581,7.1412,9.441
E0031,2026-02-04T00:00:00Z,1.9499,-0.2649,5.4112,6.0863,6.6134,8.2096
E0032,2026-02-04T00:00:00Z,2.6252,2.4986,4.3522,5.5975,7.1503,10.2723
E0033,2026-02-04T00:00:00Z,3.3536,2.4389,4.8113,5.0798,8.8735,9.9756
E0034,2026-02-04T00:00:00Z,4.4817,1.8832,3.5751,5.0745,7.6479,9.3238
E0035,2026-02-04T00:00:00Z,3.5244,-1.1802,1.5799,6.2674,6.8055,10.9754
E0036,2026-02-04T00:00:00Z,2.7891,3.2716,2.9585,5.3995,7.3904,8.8589
E0037,2026-02-04T00:00:00Z,0.7616,1.8565,3.2635,5.7006,6.9956,9.0872
E0038,2026-02-04T00:00:00Z,2.5286,-1.6933,2.9749,4.674,7.8885,10.806
E0039,2026-02-04T00:00:00Z,4.0628,2.499,3.4461,5.7636,7.7268,10.2049
E0040,2026-02-04T00:00:00Z,2.7082,2.3958,4.0687,5.0302,7.0319,9.4455
E0041,2026-02-04T00:00:00Z,3.1255,0.8708,2.834,4.3249,7.042,10.657
E0042,2026-02-04T00:00:00Z,2.194,-0.1327,5.5404,4.7457,7.748,10.2626
E0043,2026-02-04T00:00:00Z,4.489,1.4776,4.6048,5.9504,8.0581,9.8169
E0044,2026-02-04T00:00:00Z,3.9156,0.5485,3.9531,5.3624,8.2643,9.0007
E0045,2026-02-04T00:00:00Z,2.9164,0.1822,0.6113,5.2038,7.2811,11.3706
E0046,2026-02-04T00:00:00Z,3.4056,1.4144,3.3855,4.821,7.102,9.7138
E0047,2026-02-04T00:00:00Z,3.7474,1.1765,6.5189,5.8861,8.0698,8.2323
E0048,2026-02-04T00:00:00Z,2.7281,0.3295,4.0877,5.6463,6.3913,9.2096
E0049,2026-02-04T00:00:00Z,2.2909,-0.0814,2.1518,4.7878,5.5481,10.7678
E0050,2026-02-04T00:00:00Z,3.7686,1.5252,4.5956,5.8514,7.0926,8.8334
E0051,2026-02-04T00:00:00Z,3.3019,0.9722,5.2959,5.6277,6.1227,9.0372
E0052,2026-02-04T00:00:00Z,2.9762,1.3872,1.9397,5.5182,5.3733,10.3092
E0053,2026-02-04T00:00:00Z,2.6797,1.6502,3.3276,4.8982,8.5223,7.6193
E0054,2026-02-04T00:00:00Z,2.0055,1.4844,4.0854,5.0038,6.3965,8.3414
E0055,2026-02-04T00:00:00Z,2.1705,0.0243,3.7632,6.0175,6.9865,10.2971
E0056,2026-02-04T00:00:00Z,3.4143,0.4414,3.5712,6.224,6.4851,9.0903
E0057,2026-02-04T00:00:00Z,2.5861,1.1907,3.6193,5.663,8.8234,9.6485
E0058,2026-02-04T00:00:00Z,3.1652,-0.0182,4.0642,5.8834,7.513,9.3719
E0059,2026-02-04T00:00:00Z,3.6679,2.4847,4.8697,5.4174,7.2379,11.3801
E0060,2026-02-04T00:00:00Z,2.8152,-0.8464,3.0617,5.3556,8.64,8.7375
E0061,2026-02-04T00:00:00Z,2.3357,1.0238,3.8876,6.0951,7.1931,8.0701
E0062,2026-02-04T00:00:00Z,3.6651,2.7675,2.474,5.7576,6.6479,8.4216
E0063,2026-02-04T00:00:00Z,3.0592,1.1737,3.4462,6.2726,8.1229,10.1867
E0064,2026-02-04T00:00:00Z,3.481,5.8983,1.7084,5.3235,8.1469,9.642
E0065,2026-02-04T00:00:00Z,2.4704,2.6668,3.9646,6.1509,9.3431,9.5354
E0066,2026-02-04T00:00:00Z,2.4788,1.1758,4.0536,5.5774,7.0766,7.4837
E0067,2026-02-04T00:00:00Z,2.291,1.6036,2.9105,6.6669,5.3433,9.4672
E0068,2026-02-04T00:00:00Z,3.4626,-1.8885,3.6838,4.6778,7.5394,8.1955
E0069,2026-02-04T00:00:00Z,3.2185,1.9136,1.6744,5.2318,8.0624,10.6784
E0070,2026-02-04T00:00:00Z,2.7214,2.7065,3.557,5.033,6.8235,10.711
E0071,2026-02-04T00:00:00Z,3.3125,1.8711,3.3962,4.8358,7.2291,11.7372
E0072,2026-02-04T00:00:00Z,2.5397,3.3834,5.7768,5.2663,6.1374,10.5631
E0073,2026-02-04T00:00:00Z,2.6751,2.8071,6.0482,5.4853,6.5579,8.6298
E0074,2026-02-04T00:00:00Z,2.1845,-1.14,4.665,5.3897,5.9621,10.7815
E0075,2026-02-04T00:00:00Z,2.8458,0.9588,2.5883,6.1378,5.1146,9.8348
E0076,2026-02-04T00:00:00Z,2.5926,0.4819,5.0018,5.9507,7.388,10.1067
E0077,2026-02-04T00:00:00Z,2.4655,1.5706,1.7178,4.472,6.249,9.3761
E0078,2026-02-04T00:00:00Z,3.5055,-0.2015,1.7687,5.3635,7.461,10.0564
E0079,2026-02-04T00:00:00Z,3.5018,0.627,3.2054,5.7555,6.953,9.1136
E0080,2026-02-04T00:00:00Z,3.9518,0.9796,3.367,5.8846,4.4819,8.2549
E0081,2026-02-04T00:00:00Z,3.1896,-1.0121,5.8435,6.0691,8.8842,10.3394
E0082,2026-02-04T00:00:00Z,3.1148,0.2142,3.2362,5.8733,7.7543,9.8281
E0083,2026-02-04T00:00:00Z,3.1775,3.6079,4.3999,5.6539,7.45,8.6385
E0084,2026-02-04T00:00:00Z,3.057,0.2682,5.2481,6.0371,6.4193,9.961
E0085,2026-02-04T00:00:00Z,2.778,1.6281,3.2131,6.1965,6.783,8.1252
E0086,2026-02-04T00:00:00Z,2.1186,2.7906,2.7607,6.2056,6.994,8.3019
E0087,2026-02-04T00:00:00Z,1.1992,0.3398,4.0702,4.7386,7.4592,9.4585
E0088,2026-02-04T00:00:00Z,3.0543,1.4352,0.9054,5.674,6.6052,9.8027
E0089,2026-02-04T00:00:00Z,3.3431,1.4872,5.8412,6.0596,8.2845,9.4881
E0090,2026-02-04T00:00:00Z,1.1805,1.4601,4.43,6.6381,6.8136,11.6885
E0091,2026-02-04T00:00:00Z,3.0014,2.2472,4.6322,5.8744,7.1124,9.0869
E0092,2026-02-04T00:00:00Z,3.0348,0.4092,1.9079,6.5562,7.88,9.7397
E0093,2026-02-04T00:00:00Z,2.9952,-0.1314,3.4907,5.3273,7.6036,9.3444
E0094,2026-02-04T00:00:00Z,1.639,-1.2182,2.812,5.5298,6.8514,9.015
E0095,2026-02-04T00:00:00Z,2.9232,2.3955,1.7452,5.8622,8.7754,10.9739
E0096,2026-02-04T00:00:00Z,3.2732,2.7233,3.8961,5.036,6.5224,10.3558
E0097,2026-02-04T00:00:00Z,3.0593,-0.4514,5.0068,5.9544,7.097,7.48
E0098,2026-02-04T00:00:00Z,3.15,2.0545,2.7151,6.7765,8.7323,10.1311
E0099,2026-02-04T00:00:00Z,2.6863,1.241,4.3203,4.9767,6.0553,10.1989
E0100,2026-02-04T00:00:00Z,3.2252,2.3547,4.284,4.1394,7.0921,8.8776
E0101,2026-02-04T00:00:00Z,2.7708,1.0946,2.7045,4.9237,9.0664,8.6859
E0102,2026-02-04T00:00:00Z,2.2031,3.262,2.3627,6.3464,7.1846,10.4557
E0103,2026-02-04T00:00:00Z,2.6164,0.6623,1.0269,5.5088,7.7694,7.9736
E0104,2026-02-04T00:00:00Z,3.3872,0.0666,3.7632,4.9399,8.6983,8.6223
E0105,2026-02-04T00:00:00Z,2.5368,-0.2487,1.61,6.0606,7.2835,9.5352
E0106,2026-02-04T00:00:00Z,1.8757,2.699,2.0934,5.849,6.7268,9.2584
E0107,2026-02-04T00:00:00Z,3.7304,0.9682,3.5857,5.0063,7.0868,8.1105
E0108,2026-02-04T00:00:00Z,4.5502,-0.8117,4.5379,5.4252,5.4452,10.303
E0109,2026-02-04T00:00:00Z,2.5589,1.8537,2.434,5.1571,7.1494,9.6775
E0110,2026-02-04T00:00:00Z,2.8919,-0.7338,4.5994,6.5413,7.2654,10.2717
E0111,2026-02-04T00:00:00Z,2.5613,1.8845,4.8985,6.6547,7.1653,9.826
E0112,2026-02-04T00:00:00Z,2.7729,2.2589,3.3777,4.6416,9.0411,11.4191
E0113,2026-02-04T00:00:00Z,4.4778,-0.3762,3.3172,5.3179,7.4457,9.6153
E0114,2026-02-04T00:00:00Z,2.2516,-1.7086,4.8449,4.9366,7.0834,10.5116
E0115,2026-02-04T00:00:00Z,2.8391,-2.029,1.7899,5.9102,6.5072,7.7235
E0116,2026-02-04T00:00:00Z,2.1534,1.2192,3.7294,5.213,8.3941,8.6881
E0117,2026-02-04T00:00:00Z,1.8267,0.588,2.8308,7.2224,7.2472,10.5736
E0118,2026-02-04T00:00:00Z,2.1102,0.7206,2.807,5.6849,7.1132,10.3112
E0119,2026-02-04T00:00:00Z,3.0641,1.7615,1.9104,6.4631,6.2509,8.8685
E0120,2026-02-04T00:00:00Z,1.8143,1.2486,3.3418,6.0839,6.8992,9.8948
E0121,2026-02-04T00:00:00Z,3.7526,1.9847,3.1913,5.8458,6.7735,9.901
E0122,2026-02-04T00:00:00Z,3.0972,-0.4002,4.0041,5.5723,7.5119,9.202
E0123,2026-02-04T00:00:00Z,2.592,-0.2802,2.0717,6.4217,6.2117,8.3037
E0124,2026-02-04T00:00:00Z,2.9135,2.2744,3.8476,5.2848,6.159,10.8823
E0125,2026-02-04T00:00:00Z,2.5026,-1.1455,4.6645,5.1687,7.4603,8.7707
E0126,2026-02-04T00:00:00Z,4.0865,1.1697,1.1829,5.1771,6.7394,8.3404
E0127,2026-02-04T00:00:00Z,3.5649,1.3654,3.3776,6.7671,7.5769,8.5005
E0128,2026-02-04T00:00:00Z,2.6882,1.5269,0.9229,5.1991,7.4358,9.2331
E0129,2026-02-04T00:00:00Z,4.0811,2.161,3.0285,4.6379,6.4041,8.6281
E0130,2026-02-04T00:00:00Z,3.3943,-0.7853,2.7733,6.5602,6.554,10.1842
E0131,2026-02-04T00:00:00Z,2.7422,-1.5716,2.8921,5.5551,6.4598,9.0725
E0132,2026-02-04T00:00:00Z,1.6647,1.1016,1.9086,6.4198,8.0925,11.4925
E0133,2026-02-04T00:00:00Z,2.6939,0.4215,1.4626,5.2977,7.5962,10.0604
E0134,2026-02-04T00:00:00Z,2.4124,0.9358,4.6777,4.2543,8.4785,9.9658
E0135,2026-02-04T00:00:00Z,3.7956,0.4292,1.79,5.4713,7.6639,8.722
E0136,2026-02-04T00:00:00Z,2.4402,0.0768,4.8587,5.7785,6.5698,8.9064
E0137,2026-02-04T00:00:00Z,2.3374,0.2489,2.5336,5.114,7.9393,12.4635
E0138,2026-02-04T00:00:00Z,2.0132,0.7691,1.6999,5.84,5.6789,10.4195
E0139,2026-02-04T00:00:00Z,2.863,-0.2163,4.1643,7.3575,5.5654,8.7573
E0140,2026-02-04T00:00:00Z,2.8729,-0.8261,3.5035,5.2799,7.1558,8.8072
E0141,2026-02-04T00:00:00Z,3.2012,0.386,3.905,4.4669,6.4118,10.4775
E0142,2026-02-04T00:00:00Z,1.8665,-0.8915,3.0352,5.7681,6.7904,8.9549
E0143,2026-02-04T00:00:00Z,3.0512,1.4099,5.3713,5.8134,8.0367,9.6715
E0144,2026-02-04T00:00:00Z,2.022,-0.6891,5.0322,4.5551,8.3683,9.7411
E0145,2026-02-04T00:00:00Z,2.6081,-0.1139,2.3728,5.1696,6.7603,9.0496
E0146,2026-02-04T00:00:00Z,3.8603,1.625,5.9549,4.72,8.6645,11.1936
E0147,2026-02-04T00:00:00Z,1.7913,0.5539,3.8674,5.9218,6.4228,8.7021
E0148,2026-02-04T00:00:00Z,2.9173,1.2811,4.9109,6.8298,6.8985,10.5251
E0149,2026-02-04T00:00:00Z,2.9715,1.1285,3.3605,5.3569,6.8009,10.2981
E0000,2026-02-05T00:00:00Z,3.3157,0.6684,5.425,4.0892,6.9273,10.4702
E0001,2026-02-05T00:00:00Z,2.8941,-0.9273,6.0182,5.661,6.7927,10.4453
E0002,2026-02-05T00:00:00Z,2.9531,1.1271,1.8886,5.3343,8.8673,10.8383
E0003,2026-02-05T00:00:00Z,3.1747,3.2803,4.8283,5.4593,8.0625,10.56
E0004,2026-02-05T00:00:00Z,2.855,0.0093,3.1217,6.4182,6.7304,10.1212
E0005,2026-02-05T00:00:00Z,3.6827,0.1352,1.6999,4.7666,8.349,8.483
E0006,2026-02-05T00:00:00Z,2.7892,1.3071,3.9197,5.2328,5.6189,8.486
E0007,2026-02-05T00:00:00Z,2.703,1.7606,3.226,6.1702,7.4775,10.3339
E0008,2026-02-05T00:00:00Z,2.4502,-1.4684,2.904,5.2186,7.7531,9.2809
E0009,2026-02-05T00:00:00Z,4.4328,3.1805,1.5595,5.2433,8.3621,9.9786
E0010,2026-02-05T00:00:00Z,2.0017,-1.7038,4.5919,4.4628,9.9576,9.9255
E0011,2026-02-05T00:00:00Z,2.5784,1.1548,3.0152,4.7165,8.0476,9.9402
E0012,2026-02-05T00:00:00Z,3.0571,4.8709,2.6272,5.1149,6.6681,8.8293
E0013,2026-02-05T00:00:00Z,3.2514,1.3896,-0.1039,5.9751,7.4036,7.5009
E0014,2026-02-05T00:00:00Z,2.7798,-2.4813,3.0632,6.1369,8.196,7.9942
E0015,2026-02-05T00:00:00Z,3.1592,0.1384,2.3666,5.4704,5.3179,10.4077
E0016,2026-02-05T00:00:00Z,3.8275,1.1598,3.359,5.8426,7.6762,7.6945
E0017,2026-02-05T00:00:00Z,2.3331,1.6372,4.6093,5.4585,7.6382,10.7116
E0018,2026-02-05T00:00:00Z,2.8124,-1.1684,3.6886,5.9045,8.682,10.72
E0019,2026-02-05T00:00:00Z,2.5371,3.963,4.4239,5.0922,8.0816,9.3161
E0020,2026-02-05T00:00:00Z,1.6808,3.2047,3.3859,5.6473,6.1862,9.1031
E0021,2026-02-05T00:00:00Z,2.109,1.3567,1.093,5.6383,6.8752,9.6537
E0022,2026-02-05T00:00:00Z,3.0167,-0.0837,3.1731,4.6963,6.9853,10.0952
E0023,2026-02-05T00:00:00Z,3.117,2.8072,4.39,5.2495,8.2447,10.4313
E0024,2026-02-05T00:00:00Z,2.2911,1.3002,3.0966,5.8037,6.8164,9.2521
E0025,2026-02-05T00:00:00Z,1.3783,2.5148,1.97,6.2402,5.4555,8.8747
E0026,2026-02-05T00:00:00Z,3.9531,1.2065,3.9644,5.719,7.6295,9.5984
E0027,2026-02-05T00:00:00Z,2.8165,1.4732,2.2031,5.6037,7.0378,10.0557
E0028,2026-02-05T00:00:00Z,3.3048,1.4616,2.9831,5.1402,8.2668,8.6436
E0029,2026-02-05T00:00:00Z,2.7484,1.7106,4.4205,6.3557,7.168,7.0781
E0030,2026-02-05T00:00:00Z,3.9132,-2.8489,3.0804,5.0158,5.4134,8.6482
E0031,2026-02-05T00:00:00Z,2.0463,2.335,5.8291,5.9114,6.7547,9.0119
E0032,2026-02-05T00:00:00Z,3.6352,5.5071,4.8749,5.7612,8.8389,10.329
E0033,2026-02-05T00:00:00Z,2.8974,-0.5582,3.703,4.1322,7.6101,7.6077
E0034,2026-02-05T00:00:00Z,3.3212,0.7029,3.727,5.6597,8.583,9.6262
E0035,2026-02-05T00:00:00Z,3.9049,-0.6711,4.633,4.6353,6.3248,8.4052
E0036,2026-02-05T00:00:00Z,2.2164,-0.375,3.6712,4.6084,7.0105,7.9843
E0037,2026-02-05T00:00:00Z,3.6441,0.7294,3.555,6.1328,8.5958,9.7222
E0038,2026-02-05T00:00:00Z,1.6156,3.2782,4.2249,5.4845,6.7733,10.0158
E0039,2026-02-05T00:00:00Z,3.0984,-1.0651,2.5284,4.9703,7.0993,8.3118
E0040,2026-02-05T00:00:00Z,3.0465,1.4838,1.3826,5.0891,8.354,7.9932
E0041,2026-02-05T00:00:00Z,3.5946,-0.0686,3.1588,6.3548,8.0031,8.548
E0042,2026-02-05T00:00:00Z,3.3082,0.9364,3.2344,6.0472,7.484,10.7368
E0043,2026-02-05T00:00:00Z,1.7014,1.5826,3.0055,4.585,6.4845,10.5312
E0044,2026-02-05T00:00:00Z,3.3583,0.1453,4.5375,4.8838,6.4552,9.0814
E0045,2026-02-05T00:00:00Z,2.9361,2.8636,3.43,5.2705,8.9894,8.3796
E0046,2026-02-05T00:00:00Z,3.7454,-0.2998,2.7586,4.8495,7.0712,10.8597
E0047,2026-02-05T00:00:00Z,2.4906,-0.948,5.125,5.8609,7.1674,7.482
E0048,2026-02-05T00:00:00Z,3.4389,0.7453,1.502,5.7853,7.4468,9.2011
E0049,2026-02-05T00:00:00Z,2.5548,0.3617,4.8518,5.4986,9.1797,8.4207
E0050,2026-02-05T00:00:00Z,3.1517,-1.3077,3.4546,5.8961,6.9869,8.6935
E0051,2026-02-05T00:00:00Z,2.9743,-0.3467,5.0542,5.3763,7.7121,10.8681
E0052,2026-02-05T00:00:00Z,3.3463,2.1683,2.1544,5.2521,6.2712,8.49
E0053,2026-02-05T00:00:00Z,4.0805,-0.3786,3.917,5.7235,8.5283,9.7985
E0054,2026-02-05T00:00:00Z,2.2319,3.7407,3.4098,5.1383,6.9123,10.0472
E0055,2026-02-05T00:00:00Z,2.7124,0.1639,3.2678,5.9933,6.2875,9.4775
E0056,2026-02-05T00:00:00Z,2.9037,0.3508,6.9373,6.4039,8.9945,9.8887
E0057,2026-02-05T00:00:00Z,1.8038,2.4617,4.3543,5.7192,6.2442,10.0079
E0058,2026-02-05T00:00:00Z,3.1415,2.9565,2.9098,6.4702,6.8461,8.9886
E0059,2026-02-05T00:00:00Z,1.3867,-1.7832,2.9376,6.0335,8.9503,10.3624
E0060,2026-02-05T00:00:00Z,3.0782,-0.2226,4.5689,4.2766,7.3537,9.7167
E0061,2026-02-05T00:00:00Z,2.856,0.1654,3.1937,4.8348,7.2384,10.5207
E0062,2026-02-05T00:00:00Z,3.1537,4.5209,2.6293,5.5333,6.5855,9.9073
E0063,2026-02-05T00:00:00Z,3.0117,2.6512,3.338,4.8637,8.3584,9.8157
E0064,2026-02-05T00:00:00Z,3.1903,1.0873,4.907,5.7854,7.1603,9.9054
E0065,2026-02-05T00:00:00Z,4.2659,2.8156,2.0002,5.2272,5.4603,8.0632
E0066,2026-02-05T00:00:00Z,2.7718,2.3939,2.3056,4.8369,8.1875,7.9306
E0067,2026-02-05T00:00:00Z,2.9699,-0.5608,2.762,5.2383,6.6036,8.8492
E0068,2026-02-05T00:00:00Z,2.3148,2.0795,5.4514,3.7248,6.2548,9.1999
E0069,2026-02-05T00:00:00Z,3.0489,1.917,2.2964,6.4477,8.1717,9.7845
E0070,2026-02-05T00:00:00Z,3.1665,-0.8724,3.8176,6.3353,7.3927,8.872
E0071,2026-02-05T00:00:00Z,4.4014,-1.4031,4.2562,6.0848,7.4638,10.0484
E0072,2026-02-05T00:00:00Z,2.0965,1.2138,3.7784,4.0878,6.1158,8.0375
E0073,2026-02-05T00:00:00Z,1.9092,2.0276,2.2369,5.4037,7.1525,9.6523
E0074,2026-02-05T00:00:00Z,3.0831,-0.7962,2.6719,6.3586,7.6072,9.8368
E0075,2026-02-05T00:00:00Z,3.1724,1.199,5.9957,5.3132,5.4406,10.0773
E0076,2026-02-05T00:00:00Z,3.0339,1.0507,6.2727,5.418,6.8365,10.4495
E0077,2026-02-05T00:00:00Z,3.2721,3.1652,4.5317,5.8285,7.6652,9.9396
E0078,2026-02-05T00:00:00Z,3.0157,1.9619,4.3286,6.074,7.425,7.8583
E0079,2026-02-05T00:00:00Z,2.2745,-0.7921,6.3237,3.9546,6.951,9.3791
E0080,2026-02-05T00:00:00Z,3.667,1.1042,3.3106,4.1577,6.9043,8.7939
E0081,2026-02-05T00:00:00Z,4.0823,1.6908,2.6158,5.6663,7.4936,11.6087
E0082,2026-02-05T00:00:00Z,2.8619,0.2016,3.7405,5.5082,6.682,8.6559
E0083,2026-02-05T00:00:00Z,2.4606,-0.9246,3.4314,5.8573,8.3257,10.7191
E0084,2026-02-05T00:00:00Z,3.5201,2.641,5.5482,5.9074,8.2895,8.3035
E0085,2026-02-05T00:00:00Z,2.6245,1.0796,5.2707,6.0116,8.9858,8.1959
E0086,2026-02-05T00:00:00Z,3.9129,-0.8543,1.8672,4.777,6.0099,10.5865
E0087,2026-02-05T00:00:00Z,3.353,0.9911,4.3961,5.4448,6.9604,9.575
E0088,2026-02-05T00:00:00Z,2.9386,0.7119,3.3681,5.7588,7.2495,9.0217
E0089,2026-02-05T00:00:00Z,2.9031,1.4851,5.0823,5.6809,7.2122,7.9823
E0090,2026-02-05T00:00:00Z,3.9134,-1.5368,4.1729,5.6962,6.4933,10.7349
E0091,2026-02-05T00:00:00Z,3.9072,0.7526,3.0478,5.5236,6.9602,10.2422
E0092,2026-02-05T00:00:00Z,1.9395,0.5102,2.1261,6.7867,6.0534,11.5124
E0093,2026-02-05T00:00:00Z,2.8493,0.6381,1.633,5.5572,9.0222,9.9156
E0094,2026-02-05T00:00:00Z,3.3176,2.4412,4.3286,4.6005,6.1806,9.0018
E0095,2026-02-05T00:00:00Z,2.6855,0.8748,2.6007,5.7186,6.289,9.364
E0096,2026-02-05T00:00:00Z,1.8208,0.9118,2.1371,5.6291,7.5245,11.4075
E0097,2026-02-05T00:00:00Z,2.4379,0.4823,2.9641,5.0153,6.0745,8.2229
E0098,2026-02-05T00:00:00Z,2.228,-2.2445,2.9492,4.9825,9.8368,9.2137
E0099,2026-02-05T00:00:00Z,3.4398,1.7166,2.4452,5.4901,6.6902,8.2218
E0100,2026-02-05T00:00:00Z,3.1551,3.1643,3.1315,5.6504,7.7906,8.8809
E0101,2026-02-05T00:00:00Z,2.7698,0.8429,2.2134,5.55,5.4204,11.1533
E0102,2026-02-05T00:00:00Z,2.8431,1.7106,4.4896,5.6586,6.6204,9.5244
E0103,2026-02-05T00:00:00Z,2.58,2.2457,3.8236,4.6596,8.848,10.9273
E0104,2026-02-05T00:00:00Z,3.4488,0.3836,4.4782,4.0691,7.9889,11.112
E0105,2026-02-05T00:00:00Z,3.0284,0.6982,4.9192,6.1373,6.9409,10.0845
E0106,2026-02-05T00:00:00Z,3.0641,-2.2726,3.4249,5.7943,8.6756,9.4316
E0107,2026-02-05T00:00:00Z,2.2357,0.5288,3.5178,5.5775,8.5655,10.263
E0108,2026-02-05T00:00:00Z,2.6031,2.6903,4.9775,4.7742,8.2037,7.8602
E0109,2026-02-05T00:00:00Z,4.2074,4.3315,4.5318,5.5906,8.8572,9.3309
E0110,2026-02-05T00:00:00Z,3.4715,-0.1672,3.8144,4.3462,6.4665,9.5601
E0111,2026-02-05T00:00:00Z,3.4913,1.6242,6.4412,6.6575,5.6822,11.0838
E0112,2026-02-05T00:00:00Z,4.0948,-0.5333,3.4702,4.4563,6.502,8.0236
E0113,2026-02-05T00:00:00Z,2.8884,2.281,2.0747,5.9741,6.8979,9.2146
E0114,2026-02-05T00:00:00Z,3.7367,2.0416,5.1201,6.1166,7.8059,10.6447
E0115,2026-02-05T00:00:00Z,3.0538,-0.0804,4.9636,4.5328,7.0488,9.8626
E0116,2026-02-05T00:00:00Z,3.8059,3.2608,2.6813,6.0793,7.3736,11.915
E0117,2026-02-05T00:00:00Z,2.349,-0.4426,3.9787,5.9885,6.4156,9.3016
E0118,2026-02-05T00:00:00Z,1.8139,0.3097,1.0966,5.6656,7.0157,10.8314
E0119,2026-02-05T00:00:00Z,2.8352,-1.3768,4.1677,5.328,6.1626,10.0102
E0120,2026-02-05T00:00:00Z,2.7988,1.5377,3.8079,6.0026,8.1066,11.4217
E0121,2026-02-05T00:00:00Z,2.4424,0.0243,5.0244,4.2722,7.9238,9.1946
E0122,2026-02-05T00:00:00Z,3.1084,1.8777,2.4818,5.5426,8.4488,10.1129
E0123,2026-02-05T00:00:00Z,3.9349,-0.0451,3.765,5.368,6.002,10.8389
E0124,2026-02-05T00:00:00Z,2.7573,-0.8762,5.6788,6.8702,7.5293,10.4805
E0125,2026-02-05T00:00:00Z,3.1336,2.0369,4.2295,5.5147,8.5371,7.8145
E0126,2026-02-05T00:00:00Z,3.3839,0.7737,3.6771,5.6599,7.3421,9.9632
E0127,2026-02-05T00:00:00Z,2.6058,1.2853,3.4262,6.16,8.1916,9.5873
E0128,2026-02-05T00:00:00Z,2.3775,5.6817,3.1838,5.0657,7.3886,10.0606
E0129,2026-02-05T00:00:00Z,2.8309,1.3095,3.3111,5.0949,8.0563,10.1469
E0130,2026-02-05T00:00:00Z,1.619,2.164,4.6471,4.9704,7.9691,9.5606
E0131,2026-02-05T00:00:00Z,3.6181,1.3075,4.6117,4.782,8.3228,7.7426
E0132,2026-02-05T00:00:00Z,1.9952,-1.6134,6.0038,6.0617,8.164,10.8026
E0133,2026-02-05T00:00:00Z,2.8555,-1.2822,5.6144,5.9851,7.1204,9.5882
E0134,2026-02-05T00:00:00Z,2.2271,1.3138,2.7901,5.5349,7.154,9.6733
E0135,2026-02-05T00:00:00Z,4.1186,0.3758,1.4531,6.968,7.4494,10.2766
E0136,2026-02-05T00:00:00Z,2.5875,-2.1532,4.7258,5.8835,7.5171,9.3819
E0137,2026-02-05T00:00:00Z,2.9647,0.6525,3.3682,5.4593,7.9885,8.0599
E0138,2026-02-05T00:00:00Z,2.5898,-2.1702,4.5878,5.1505,7.934,8.8122
E0139,2026-02-05T00:00:00Z,3.4383,2.63,4.8342,5.5719,10.7104,9.4661
E0140,2026-02-05T00:00:00Z,3.3035,2.9409,2.2673,5.7904,6.217,9.2427
E0141,2026-02-05T00:00:00Z,2.9407,1.3884,3.7527,4.878,6.8632,11.1609
E0142,2026-02-05T00:00:00Z,2.4104,0.7671,2.4816,5.4351,7.9795,9.2872
E0143,2026-02-05T00:00:00Z,3.5619,0.5868,4.593,5.1254,4.59,11.401
E0144,2026-02-05T00:00:00Z,3.0639,3.1591,2.089,4.9148,7.1824,8.4386
E0145,2026-02-05T00:00:00Z,2.119,0.9271,4.214,5.4374,6.8606,8.7021
E0146,2026-02-05T00:00:00Z,3.5571,0.9638,4.5916,5.0145,6.259,8.4651
E0147,2026-02-05T00:00:00Z,3.6015,1.6035,3.1989,5.2796,7.5652,8.7035
E0148,2026-02-05T00:00:00Z,3.2411,2.4069,2.4758,5.7134,7.8715,8.0222
E0149,2026-02-05T00:00:00Z,3.2046,1.1638,3.8333,5.652,7.4716,10.9101
E0000,2026-02-06T00:00:00Z,3.3184,2.0579,3.9952,5.6621,6.2906,9.5172
E0001,2026-02-06T00:00:00Z,3.2162,-1.0903,5.4522,6.4589,8.8413,10.4003
E0002,2026-02-06T00:00:00Z,2.659,2.4978,3.9779,5.6185,4.9934,9.9349
E0003,2026-02-06T00:00:00Z,3.2582,0.5242,3.7316,5.0619,7.1194,8.9312
E0004,2026-02-06T00:00:00Z,2.8162,1.3244,2.3565,5.252,7.0399,10.5028
E0005,2026-02-06T00:00:00Z,3.0751,0.1453,4.0256,5.7105,7.3944,7.9175
E0006,2026-02-06T00:00:00Z,3.4374,1.4215,5.9416,6.2663,7.2182,7.8873
E0007,2026-02-06T00:00:00Z,1.4167,1.9743,2.6255,4.8198,7.373,9.4442
E0008,2026-02-06T00:00:00Z,1.7392,2.0762,3.0501,5.4449,6.9913,9.8793
E0009,2026-02-06T00:00:00Z,1.6378,0.147,3.8107,5.5328,7.7695,8.219
E0010,2026-02-06T00:00:00Z,3.0208,3.9959,3.1395,5.746,7.258,10.5208
E0011,2026-02-06T00:00:00Z,2.6427,2.5029,2.2698,7.1089,7.8165,9.9525
E0012,2026-02-06T00:00:00Z,2.946,1.6658,2.1296,5.5013,6.8933,8.1127
E0013,2026-02-06T00:00:00Z,2.4535,2.1395,3.6017,5.4004,7.5928,10.5169
E0014,2026-02-06T00:00:00Z,4.2946,2.4574,5.699,6.1477,6.4905,8.1596
E0015,2026-02-06T00:00:00Z,3.3458,2.0854,4.6666,5.1064,7.4151,10.2902
E0016,2026-02-06T00:00:00Z,3.873,2.9541,3.0587,5.2707,8.0478,9.3477
E0017,2026-02-06T00:00:00Z,2.7785,1.8036,2.0019,5.5696,6.4034,8.116
E0018,2026-02-06T00:00:00Z,3.3757,-0.7652,0.2465,5.2368,8.2868,11.0633
E0019,2026-02-06T00:00:00Z,3.5503,-0.2822,-0.461,5.483,5.9176,10.0657
E0020,2026-02-06T00:00:00Z,1.9318,-0.9238,3.6519,6.2333,6.9695,8.613
E0021,2026-02-06T00:00:00Z,3.2998,-0.9485,5.2897,5.6586,6.8309,8.9177
E0022,2026-02-06T00:00:00Z,3.1346,3.5031,3.9217,5.655,7.0659,9.6707
E0023,2026-02-06T00:00:00Z,3.1129,-3.2232,3.8268,6.3386,6.9107,11.3556
E0024,2026-02-06T00:00:00Z,3.0659,1.5588,2.7557,5.9751,7.284,8.2094
E0025,2026-02-06T00:00:00Z,2.5563,0.4778,3.8479,5.7919,9.1921,8.9057
E0026,2026-02-06T00:00:00Z,3.0066,0.1259,3.7322,5.3998,7.2615,9.9008
E0027,2026-02-06T00:00:00Z,3.5229,-0.9154,3.5703,5.4335,6.6702,9.4631
E0028,2026-02-06T00:00:00Z,2.0168,-1.818,4.2315,4.7101,7.247,11.2499
E0029,2026-02-06T00:00:00Z,2.4485,1.5695,1.536,5.6105,8.8774,10.2312
E0030,2026-02-06T00:00:00Z,2.8409,-2.5405,4.0857,6.3963,9.1899,9.9777
E0031,2026-02-06T00:00:00Z,1.9521,1.6575,5.8969,6.73,7.9128,9.8518
E0032,2026-02-06T00:00:00Z,2.1594,0.6452,3.67,5.9691,8.8684,10.2988
E0033,2026-02-06T00:00:00Z,2.6496,-1.2361,4.3553,5.67,7.524,7.1719
E0034,2026-02-06T00:00:00Z,2.4416,0.2166,3.7774,6.5647,8.8505,10.1063
E0035,2026-02-06T00:00:00Z,2.0916,-0.5509,1.9228,6.3332,7.3242,9.1636
E0036,2026-02-06T00:00:00Z,2.363,-0.5122,3.0946,5.5615,6.306,9.8304
E0037,2026-02-06T00:00:00Z,2.6567,1.1883,2.9561,5.1614,6.0674,9.8479
E0038,2026-02-06T00:00:00Z,2.9291,2.9358,4.1311,4.5464,7.9766,9.1897
E0039,2026-02-06T00:00:00Z,2.0317,-0.5832,4.2448,4.8437,8.7526,11.5641
E0040,2026-02-06T00:00:00Z,1.8128,-0.6569,6.0437,4.645,8.0033,9.0079
E0041,2026-02-06T00:00:00Z,3.957,0.0638,2.2485,5.8265,8.9484,9.1321
E0042,2026-02-06T00:00:00Z,2.3647,0.1045,1.839,5.0588,9.3568,8.5276
E0043,2026-02-06T00:00:00Z,3.1802,2.4923,4.4995,5.4482,7.3388,10.5252
E0044,2026-02-06T00:00:00Z,3.9642,3.3198,3.2928,6.2033,6.1319,8.0866
E0045,2026-02-06T00:00:00Z,3.592,2.5158,4.3635,6.2324,5.7856,9.8959
E0046,2026-02-06T00:00:00Z,2.6544,-0.2339,4.5996,5.8246,8.1916,9.5798
E0047,2026-02-06T00:00:00Z,2.5459,2.4299,4.1158,4.8868,6.4035,9.5117
E0048,2026-02-06T00:00:00Z,3.607,-0.5065,5.091,6.0518,8.7263,9.1407
E0049,2026-02-06T00:00:00Z,2.9842,-0.8916,3.153,5.1017,7.1755,10.8955
E0050,2026-02-06T00:00:00Z,3.1654,-0.3886,3.7564,5.2659,7.6977,9.1443
E0051,2026-02-06T00:00:00Z,2.8598,0.04,3.8244,4.852,6.8995,11.1641
E0052,2026-02-06T00:00:00Z,4.6128,0.7329,4.3766,5.3197,7.7071,8.7981
E0053,2026-02-06T00:00:00Z,3.7686,1.0362,2.955,4.7748,6.1544,9.8249
E0054,2026-02-06T00:00:00Z,2.4872,3.0683,4.8917,5.6612,7.0078,11.1019
E0055,2026-02-06T00:00:00Z,3.2139,-0.6032,5.1904,4.5187,7.6736,9.1439
E0056,2026-02-06T00:00:00Z,2.8117,2.0823,3.0453,5.2741,7.4088,8.9987
E0057,2026-02-06T00:00:00Z,2.005,0.8675,4.0348,4.1843,6.9946,9.8462
E0058,2026-02-06T00:00:00Z,1.5579,1.5814,3.3073,5.4701,7.3789,9.8302
E0059,2026-02-06T00:00:00Z,2.7908,-1.4165,2.9011,4.8018,6.7275,8.363
E0060,2026-02-06T00:00:00Z,3.2423,-1.1278,2.5736,5.6987,6.0345,10.1511
E0061,2026-02-06T00:00:00Z,2.3465,-0.5402,1.3718,6.2011,6.345,10.3071
E0062,2026-02-06T00:00:00Z,2.0726,-0.2429,3.9458,6.0418,7.5349,9.7161
E0063,2026-02-06T00:00:00Z,2.0958,3.9355,3.4116,5.1907,8.7542,9.1067
E0064,2026-02-06T00:00:00Z,3.9516,-0.0742,0.9702,5.9258,7.6496,9.3666
E0065,2026-02-06T00:00:00Z,2.8742,0.6033,4.8762,4.774,6.5545,9.3721
E0066,2026-02-06T00:00:00Z,2.5747,-1.754,4.4297,5.1499,6.9312,9.4245
E0067,2026-02-06T00:00:00Z,3.4551,0.3432,4.8201,5.3362,8.1901,8.6149
E0068,2026-02-06T00:00:00Z,3.3814,0.3879,4.4417,5.9308,7.1663,9.0893
E0069,2026-02-06T00:00:00Z,2.5595,-1.558,5.897,5.6312,7.1279,9.5361
E0070,2026-02-06T00:00:00Z,2.8902,0.0792,0.5379,6.142,7.3899,8.0589
E0071,2026-02-06T00:00:00Z,2.3106,-0.19,4.3168,5.4315,7.462,10.6827
E0072,2026-02-06T00:00:00Z,3.1352,-0.0929,1.6622,5.2504,7.6281,6.9654
E0073,2026-02-06T00:00:00Z,2.3922,1.8542,3.4426,4.1739,7.3583,9.3942
E0074,2026-02-06T00:00:00Z,2.5101,1.0734,1.8029,5.3446,6.1088,8.5195
E0075,2026-02-06T00:00:00Z,3.2606,1.9836,0.9324,5.5805,8.5297,8.8471
E0076,2026-02-06T00:00:00Z,2.9718,0.9174,4.8885,5.6869,8.2204,9.2174
E0077,2026-02-06T00:00:00Z,3.0381,0.8675,1.7781,5.1672,5.8265,10.2318
E0078,2026-02-06T00:00:00Z,3.4668,-0.7714,5.2756,5.4577,8.1526,8.2824
E0079,2026-02-06T00:00:00Z,2.5605,2.957,5.5077,5.4626,7.8183,9.9414
E0080,2026-02-06T00:00:00Z,3.1408,0.6115,3.6508,5.7553,8.3589,9.1301
E0081,2026-02-06T00:00:00Z,3.3095,-0.9164,3.8634,5.6962,5.0688,9.7515
E0082,2026-02-06T00:00:00Z,2.6657,0.9968,3.1831,6.093,7.8076,9.6881
E0083,2026-02-06T00:00:00Z,1.5289,-0.6677,4.1081,5.5259,8.1315,9.8504
E0084,2026-02-06T00:00:00Z,3.9764,2.3525,1.9703,5.5457,9.0005,9.1484
E0085,2026-02-06T00:00:00Z,3.543,-2.9843,3.889,4.8277,8.0666,9.7117
E0086,2026-02-06T00:00:00Z,3.6304,-2.5243,1.4769,5.354,6.1831,11.1749
E0087,2026-02-06T00:00:00Z,3.191,0.1093,5.1523,5.8209,6.7984,11.9872
E0088,2026-02-06T00:00:00Z,3.2751,2.3087,3.2717,5.4758,7.3188,11.2604
E0089,2026-02-06T00:00:00Z,3.2908,-0.087,1.9157,4.947,7.273,10.7135
E0090,2026-02-06T00:00:00Z,3.4729,-0.0767,2.5838,5.7376,7.264,9.7946
E0091,2026-02-06T00:00:00Z,3.0813,2.6901,3.7823,5.458,6.2936,11.1521
E0092,2026-02-06T00:00:00Z,3.5757,2.2686,4.4385,5.6459,6.5094,7.5476
E0093,2026-02-06T00:00:00Z,3.5258,2.0432,3.5302,6.8157,8.8357,10.1713
E0094,2026-02-06T00:00:00Z,2.16,-1.2575,4.5712,5.4923,7.6486,11.2494
E0095,2026-02-06T00:00:00Z,3.3054,0.6243,4.9149,5.2323,6.6136,9.8597
E0096,2026-02-06T00:00:00Z,2.0995,-0.4518,4.1666,5.3438,7.2537,9.7481
E0097,2026-02-06T00:00:00Z,2.583,1.5185,3.7997,5.7917,6.9858,7.774
E0098,2026-02-06T00:00:00Z,3.327,0.059,5.2301,5.5528,7.0471,11.5798
E0099,2026-02-06T00:00:00Z,2.4263,0.5515,2.8942,5.3536,6.2786,10.3232
E0100,2026-02-06T00:00:00Z,1.689,0.798,6.0066,5.5084,6.6837,9.1768
E0101,2026-02-06T00:00:00Z,2.9115,0.5591,1.6131,5.2846,7.2368,8.7506
E0102,2026-02-06T00:00:00Z,1.7786,1.7308,5.5168,6.0563,8.283,9.7011
E0103,2026-02-06T00:00:00Z,4.2704,0.0418,3.9164,4.7242,7.7171,8.7893
E0104,2026-02-06T00:00:00Z,3.2285,-0.9633,0.7489,6.0545,5.6363,8.2426
E0105,2026-02-06T00:00:00Z,2.2397,1.3871,3.5273,5.1876,6.9746,9.1256
E0106,2026-02-06T00:00:00Z,2.6572,0.1859,3.78,4.5251,7.221,9.6454
E0107,2026-02-06T00:00:00Z,2.5486,2.4423,3.7252,4.7841,8.6339,9.1439
E0108,2026-02-06T00:00:00Z,2.5207,-2.307,5.2147,5.5732,7.7375,9.4698
E0109,2026-02-06T00:00:00Z,2.3897,-0.6107,4.2018,4.3403,6.795,9.7641
E0110,2026-02-06T00:00:00Z,2.509,1.5889,3.7697,5.7542,7.74,9.6702
E0111,2026-02-06T00:00:00Z,2.7622,-0.3364,2.9693,5.4603,7.0966,9.2057
E0112,2026-02-06T00:00:00Z,2.1449,-0.6914,2.3845,5.7996,6.2429,8.5805
E0113,2026-02-06T00:00:00Z,3.3036,2.6418,2.4939,5.9606,7.3752,7.7511
E0114,2026-02-06T00:00:00Z,2.7117,1.1631,4.0021,4.5499,7.4498,11.5272
E0115,2026-02-06T00:00:00Z,2.2783,-0.2113,2.8276,5.3626,6.5907,9.635
E0116,2026-02-06T00:00:00Z,2.1271,2.582,3.1143,5.8971,7.6358,10.955
E0117,2026-02-06T00:00:00Z,3.4759,0.8984,4.0792,5.0739,8.0177,10.4304
E0118,2026-02-06T00:00:00Z,2.8371,1.1829,3.3413,6.0161,6.3587,9.5973
E0119,2026-02-06T00:00:00Z,2.7464,-0.5085,1.3801,5.8469,8.9576,10.7697
E0120,2026-02-06T00:00:00Z,1.7692,2.5691,4.1164,5.1345,4.4931,8.6658
E0121,2026-02-06T00:00:00Z,3.793,2.2232,2.1766,6.0239,8.0572,7.9236
E0122,2026-02-06T00:00:00Z,2.729,-1.26,4.0466,5.7505,7.8938,9.7756
E0123,2026-02-06T00:00:00Z,2.9915,-0.2375,2.2772,4.9464,5.7971,10.28
E0124,2026-02-06T00:00:00Z,4.352,2.4854,3.8384,6.1313,5.8865,9.8068
E0125,2026-02-06T00:00:00Z,2.1738,-1.008,4.5296,5.2658,6.1915,6.1238
E0126,2026-02-06T00:00:00Z,2.908,0.0213,4.7661,5.9918,7.2525,8.8027
E0127,2026-02-06T00:00:00Z,3.2294,-1.6207,5.3507,6.1275,7.1544,8.7279
E0128,2026-02-06T00:00:00Z,2.4438,0.8377,3.2303,4.4758,6.3278,8.2261
E0129,2026-02-06T00:00:00Z,2.2855,0.6984,3.6205,5.8706,7.3652,9.2804
E0130,2026-02-06T00:00:00Z,2.6936,-0.5062,4.4454,5.1599,6.287,9.1587
E0131,2026-02-06T00:00:00Z,2.81,-0.2049,3.4931,5.6615,7.7649,8.8459
E0132,2026-02-06T00:00:00Z,3.9181,1.7054,2.5848,6.1205,6.7979,9.819
E0133,2026-02-06T00:00:00Z,2.205,1.4116,5.6842,5.5052,7.4137,7.5528
E0134,2026-02-06T00:00:00Z,4.2023,3.786,2.8691,5.4904,7.4262,9.4505
E0135,2026-02-06T00:00:00Z,2.6902,2.0744,3.6734,5.2738,6.8968,8.0276
E0136,2026-02-06T00:00:00Z,3.2381,-0.141,3.6266,6.7436,8.0927,8.6424
E0137,2026-02-06T00:00:00Z,3.1355,1.588,3.7569,5.9921,7.46,9.3287
E0138,2026-02-06T00:00:00Z,2.8217,0.058,6.3506,5.3334,8.0753,9.1459
E0139,2026-02-06T00:00:00Z,3.8794,-0.1709,4.7306,4.6467,8.2266,10.6239
E0140,2026-02-06T00:00:00Z,4.1849,-1.7413,2.2195,5.0676,6.317,10.2519
E0141,2026-02-06T00:00:00Z,2.7267,-0.5048,3.714,5.1388,7.1212,9.0208
E0142,2026-02-06T00:00:00Z,1.6626,2.2821,4.8828,5.5694,8.2365,10.0079
E0143,2026-02-06T00:00:00Z,0.9792,2.2086,6.1162,5.6446,7.6505,10.844
E0144,2026-02-06T00:00:00Z,2.7673,0.2395,1.5907,5.4198,5.7001,10.136
E0145,2026-02-06T00:00:00Z,2.3131,-2.0969,3.1235,5.632,6.1455,10.7296
E0146,2026-02-06T00:00:00Z,2.7547,1.1827,5.6338,5.1789,8.1677,9.7263
E0147,2026-02-06T00:00:00Z,3.618,-0.7506,3.0117,5.4825,8.0741,11.6697
E0148,2026-02-06T00:00:00Z,3.5275,-0.9032,2.6744,5.2639,8.9439,9.5102
E0149,2026-02-06T00:00:00Z,1.7639,3.0693,1.8922,5.3449,5.6972,8.6056
E0000,2026-02-07T00:00:00Z,3.5213,0.6584,3.1516,4.3811,8.2355,10.2
E0001,2026-02-07T00:00:00Z,2.7663,0.5715,2.8406,5.5514,7.0305,11.1456
E0002,2026-02-07T00:00:00Z,3.0866,0.4604,2.5119,5.4552,6.5909,10.0524
E0003,2026-02-07T00:00:00Z,3.2009,-1.2684,5.8965,5.2845,7.8555,8.5257
E0004,2026-02-07T00:00:00Z,2.2385,2.4063,2.6189,5.2956,7.6355,8.4864
E0005,2026-02-07T00:00:00Z,3.3533,-2.4068,4.0872,6.2042,6.5078,8.0911
E0006,2026-02-07T00:00:00Z,3.3339,2.2168,5.4831,6.5152,6.8662,7.1045
E0007,2026-02-07T00:00:00Z,3.4304,0.2587,2.2439,6.0578,8.5913,8.7255
E0008,2026-02-07T00:00:00Z,4.197,1.9463,2.9065,5.3819,7.0283,9.6513
E0009,2026-02-07T00:00:00Z,3.2677,0.2296,2.1135,4.7701,7.7224,8.5358
E0010,2026-02-07T00:00:00Z,3.7744,1.126,2.935,6.2942,7.2516,9.1114
E0011,2026-02-07T00:00:00Z,3.533,1.5579,3.2259,5.6689,7.185,11.1195
E0012,2026-02-07T00:00:00Z,2.9708,1.2968,2.8157,5.3888,7.5314,8.4349
E0013,2026-02-07T00:00:00Z,2.602,1.404,2.7374,5.4037,7.609,8.5611
E0014,2026-02-07T00:00:00Z,3.5049,-1.4748,4.8616,5.0744,8.0241,8.6147
E0015,2026-02-07T00:00:00Z,2.0968,2.5277,4.4506,6.2058,8.3526,9.1525
E0016,2026-02-07T00:00:00Z,2.1947,-0.9714,3.7732,6.4044,7.8703,10.3124
E0017,2026-02-07T00:00:00Z,2.4601,1.0781,5.78,5.5399,8.3326,9.2508
E0018,2026-02-07T00:00:00Z,2.5898,-0.3656,5.0353,4.9517,6.5657,8.0582
E0019,2026-02-07T00:00:00Z,3.8388,1.8131,3.9939,4.4955,6.6961,10.4088
E0020,2026-02-07T00:00:00Z,2.4931,1.0019,1.7498,5.1844,7.0617,8.9893
E0021,2026-02-07T00:00:00Z,3.5071,-0.6941,3.511,4.5987,6.7106,11.6597
E0022,2026-02-07T00:00:00Z,2.5541,-0.0954,4.5761,4.7931,8.6169,12.3223
E0023,2026-02-07T00:00:00Z,2.8972,-0.3251,3.3337,5.8494,7.5832,8.4325
E0024,2026-02-07T00:00:00Z,2.3281,0.7113,4.4306,5.8101,6.9866,9.3122
E0025,2026-02-07T00:00:00Z,2.1311,-0.2285,4.1495,4.8784,8.4206,10.0332
E0026,2026-02-07T00:00:00Z,2.4714,0.5478,1.5276,5.507,9.4922,9.2882
E0027,2026-02-07T00:00:00Z,3.4715,1.9551,4.8956,5.5363,6.1604,10.0189
E0028,2026-02-07T00:00:00Z,2.8225,1.6779,3.4391,5.2948,6.4126,8.8034
E0029,2026-02-07T00:00:00Z,3.3951,1.1792,4.8039,5.179,7.0785,10.6874
E0030,2026-02-07T00:00:00Z,3.2812,-0.8441,3.7605,5.0916,8.2308,11.2289
E0031,2026-02-07T00:00:00Z,2.2747,-0.9875,3.6318,4.4034,6.8254,8.2301
E0032,2026-02-07T00:00:00Z,2.7331,2.4487,3.5862,5.2097,7.1661,9.8438
E0033,2026-02-07T00:00:00Z,3.4094,5.8803,3.3819,4.9673,6.5199,10.4481
E0034,2026-02-07T00:00:00Z,3.7795,-1.1305,5.9362,5.4232,7.3734,8.9128
E0035,2026-02-07T00:00:00Z,2.6797,3.2549,5.2449,5.4371,6.5014,10.6065
E0036,2026-02-07T00:00:00Z,2.8636,0.3236,4.7599,4.2664,6.0064,9.2452
E0037,2026-02-07T00:00:00Z,2.7571,1.575,3.481,6.0793,7.8342,8.3743
E0038,2026-02-07T00:00:00Z,3.5982,2.0683,4.772,5.847,7.4641,8.724
E0039,2026-02-07T00:00:00Z,2.3143,1.3391,4.9879,5.7779,8.6791,10.6744
E0040,2026-02-07T00:00:00Z,2.9468,0.9463,6.1769,5.0887,8.4193,10.169
E0041,2026-02-07T00:00:00Z,2.8858,-1.3751,5.4869,5.016,6.8758,10.4619
E0042,2026-02-07T00:00:00Z,1.5257,-0.1855,3.6295,5.563,6.9257,9.4343
E0043,2026-02-07T00:00:00Z,1.7851,4.5688,4.2948,6.3122,6.4205,9.7893
E0044,2026-02-07T00:00:00Z,2.9567,0.9522,4.0967,5.3312,8.494,7.9638
E0045,2026-02-07T00:00:00Z,2.8997,2.2175,6.0899,5.7033,9.4213,9.6624
E0046,2026-02-07T00:00:00Z,2.2196,2.255,4.0022,5.2577,7.2938,8.9405
E0047,2026-02-07T00:00:00Z,2.2616,0.3189,3.2934,4.8627,8.0015,10.0384
E0048,2026-02-07T00:00:00Z,3.3688,2.0412,2.6666,5.2681,6.7147,9.8965
E0049,2026-02-07T00:00:00Z,3.0716,0.6134,3.4317,5.4285,9.1407,8.0841
E0050,2026-02-07T00:00:00Z,2.9564,2.5717,3.293,4.9456,7.6927,9.7405
E0051,2026-02-07T00:00:00Z,2.7008,2.2474,3.0889,5.1661,7.5506,10.0754
E0052,2026-02-07T00:00:00Z,3.2272,-1.1573,5.8734,5.3174,5.5709,9.8308
E0053,2026-02-07T00:00:00Z,3.3852,0.184,2.9415,4.1743,8.4769,9.3333
E0054,2026-02-07T00:00:00Z,2.729,3.6614,5.2369,5.4281,5.7952,9.7244
E0055,2026-02-07T00:00:00Z,2.4659,4.0093,4.7402,4.4803,6.5067,7.5426
E0056,2026-02-07T00:00:00Z,3.601,-1.8156,1.5257,5.8922,6.4746,7.4409
E0057,2026-02-07T00:00:00Z,2.6911,1.5471,4.7774,5.8188,5.983,10.8317
E0058,2026-02-07T00:00:00Z,4.7872,3.36,4.2125,6.2956,7.6763,9.7537
E0059,2026-02-07T00:00:00Z,3.4418,0.7972,2.1711,5.5711,6.1815,8.6016
E0060,2026-02-07T00:00:00Z,3.5532,1.7869,2.8934,5.1673,7.5041,9.8827
E0061,2026-02-07T00:00:00Z,3.4505,3.353,4.0496,5.3936,7.6542,8.9622
E0062,2026-02-07T00:00:00Z,2.7948,-0.384,2.1822,5.3901,8.6259,9.0354
E0063,2026-02-07T00:00:00Z,2.5935,2.8125,1.8721,4.8583,6.9856,10.7028
E0064,2026-02-07T00:00:00Z,2.5266,0.9737,5.2223,4.5081,7.0645,8.7282
E0065,2026-02-07T00:00:00Z,3.5861,1.925,4.8138,5.2013,5.7636,9.2283
E0066,2026-02-07T00:00:00Z,2.6797,1.2548,1.4935,5.5463,6.6695,11.449
E0067,2026-02-07T00:00:00Z,2.594,0.5788,4.7178,5.9805,6.3138,9.0485
E0068,2026-02-07T00:00:00Z,3.5273,-1.0066,4.9955,6.2604,8.8964,9.2884
E0069,2026-02-07T00:00:00Z,2.4701,-1.562,4.9811,5.306,5.7541,9.8775
E0070,2026-02-07T00:00:00Z,1.0126,-0.6718,4.5807,5.5727,7.3143,8.786
E0071,2026-02-07T00:00:00Z,2.8377,0.4593,4.7214,4.6155,8.189,9.5955
E0072,2026-02-07T00:00:00Z,2.5805,-0.2828,4.2066,5.5607,8.1249,11.5525
E0073,2026-02-07T00:00:00Z,4.2488,1.6838,0.1127,6.0234,7.6312,10.0762
E0074,2026-02-07T00:00:00Z,2.9191,0.603,3.8843,5.2625,6.0167,10.5919
E0075,2026-02-07T00:00:00Z,2.656,0.9982,4.4378,5.1625,5.6862,9.0102
E0076,2026-02-07T00:00:00Z,2.0736,1.437,1.0882,5.3286,8.2348,10.49
E0077,2026-02-07T00:00:00Z,2.9699,2.4028,5.7614,5.9411,7.6287,9.5332
E0078,2026-02-07T00:00:00Z,2.2856,2.6645,2.7759,4.2789,6.2192,9.1556
E0079,2026-02-07T00:00:00Z,2.3688,2.5311,4.734,5.5656,7.6242,8.7979
E0080,2026-02-07T00:00:00Z,2.5285,-0.464,3.7422,6.4256,7.2647,10.4408
E0081,2026-02-07T00:00:00Z,3.316,2.0013,5.1161,5.9114,6.8685,8.6527
E0082,2026-02-07T00:00:00Z,2.6776,-0.0961,2.2441,5.3222,7.4526,8.971
E0083,2026-02-07T00:00:00Z,3.6884,-0.1489,2.1017,4.7898,7.5719,9.066
E0084,2026-02-07T00:00:00Z,3.6898,-2.4511,1.9359,5.8189,6.9051,9.8217
E0085,2026-02-07T00:00:00Z,1.0802,0.8594,5.3608,5.9377,5.0756,8.3289
E0086,2026-02-07T00:00:00Z,3.3678,1.1627,4.5485,5.7761,8.2325,9.3009
E0087,2026-02-07T00:00:00Z,3.1057,0.0242,2.9747,5.4074,6.4382,8.9593
E0088,2026-02-07T00:00:00Z,3.5543,2.7701,2.2746,5.9381,8.3738,8.4611
E0089,2026-02-07T00:00:00Z,2.7526,-0.0935,1.2539,4.9524,8.2183,9.7002
E0090,2026-02-07T00:00:00Z,4.0145,1.5056,3.2,4.993,7.2511,9.4288
E0091,2026-02-07T00:00:00Z,2.6098,0.3389,5.0084,5.6522,7.5403,8.8736
E0092,2026-02-07T00:00:00Z,3.7757,0.7592,3.2946,6.0515,6.1572,9.5531
E0093,2026-02-07T00:00:00Z,3.5033,1.1219,4.6512,6.272,8.4116,9.0671
E0094,2026-02-07T00:00:00Z,3.4854,0.5597,4.2052,5.4205,5.6528,9.2193
E0095,2026-02-07T00:00:00Z,3.5735,0.0413,2.7284,4.823,7.9118,8.7116
E0096,2026-02-07T00:00:00Z,3.04,4.7302,2.7744,4.8401,7.599,9.8638
E0097,2026-02-07T00:00:00Z,3.2759,-0.1032,2.1668,5.5459,7.795,10.6182
E0098,2026-02-07T00:00:00Z,2.4738,0.8394,3.1484,4.8849,8.2398,9.3047
E0099,2026-02-07T00:00:00Z,1.4632,3.1321,4.188,5.2724,7.2429,10.0176
E0100,2026-02-07T00:00:00Z,3.1412,1.5604,4.0154,6.0168,6.3959,9.9103
E0101,2026-02-07T00:00:00Z,3.5654,1.7466,4.6812,5.34,8.5379,10.6345
E0102,2026-02-07T00:00:00Z,2.354,-0.2643,2.2253,5.6586,6.8123,11.0852
E0103,2026-02-07T00:00:00Z,1.8861,-1.4386,1.5158,5.0449,7.4849,10.5008
E0104,2026-02-07T00:00:00Z,2.0898,1.3835,4.407,6.2179,8.9809,9.0281
E0105,2026-02-07T00:00:00Z,4.3846,1.5741,4.9704,5.3096,5.669,7.8174
E0106,2026-02-07T00:00:00Z,2.6643,-0.0481,5.0888,5.3957,9.1563,8.0209
E0107,2026-02-07T00:00:00Z,3.5322,2.1893,4.5148,4.9255,7.1841,9.5082
E0108,2026-02-07T00:00:00Z,1.3874,2.6923,3.0521,4.393,8.8898,9.3542
E0109,2026-02-07T00:00:00Z,2.15,1.4039,4.016,5.315,8.5941,8.6624
E0110,2026-02-07T00:00:00Z,3.5589,1.9148,4.0575,6.1539,6.9278,8.4792
E0111,2026-02-07T00:00:00Z,3.7884,1.6979,4.5469,5.9429,8.0456,8.5469
E0112,2026-02-07T00:00:00Z,3.2384,0.8644,5.6533,6.0495,9.9369,8.3546
E0113,2026-02-07T00:00:00Z,2.6115,1.9244,4.2587,5.4262,7.7968,9.638
E0114,2026-02-07T00:00:00Z,2.1423,3.7834,3.872,5.9611,7.6768,10.0608
E0115,2026-02-07T00:00:00Z,3.1631,-0.2961,2.1103,4.9818,7.09,9.8977
E0116,2026-02-07T00:00:00Z,3.5201,0.969,3.6671,4.9903,6.7897,10.9266
E0117,2026-02-07T00:00:00Z,3.0741,-1.7523,2.11,4.6948,9.0153,9.3146
E0118,2026-02-07T00:00:00Z,4.7285,-2.1095,3.889,5.9027,7.134,8.707
E0119,2026-02-07T00:00:00Z,2.5418,0.0478,4.4857,5.125,7.1233,10.0223
E0120,2026-02-07T00:00:00Z,3.0517,3.1591,3.3806,5.1083,8.6345,8.0906
E0121,2026-02-07T00:00:00Z,2.8213,-0.2559,4.6111,5.941,7.9471,11.772
E0122,2026-02-07T00:00:00Z,3.6051,-1.8509,2.8712,5.8105,6.4905,8.7997
E0123,2026-02-07T00:00:00Z,3.3171,-0.0934,2.8398,5.386,6.7145,9.3685
E0124,2026-02-07T00:00:00Z,2.3902,0.5549,3.3086,5.1168,7.1058,10.294
E0125,2026-02-07T00:00:00Z,4.5759,1.9576,2.487,6.5007,6.8788,12.1189
E0126,2026-02-07T00:00:00Z,2.9784,0.4024,1.8445,4.7592,6.4254,9.3488
E0127,2026-02-07T00:00:00Z,2.3016,2.3114,4.9615,5.9356,7.5818,8.8236
E0128,2026-02-07T00:00:00Z,1.3446,2.915,2.9579,5.0058,8.682,8.3536
E0129,2026-02-07T00:00:00Z,3.9955,-0.7542,2.8995,5.1985,7.2398,11.0655
E0130,2026-02-07T00:00:00Z,3.082,-0.9419,4.0551,5.1351,6.2011,8.2962
E0131,2026-02-07T00:00:00Z,2.924,0.1504,4.7747,5.8219,7.3715,8.5915
E0132,2026-02-07T00:00:00Z,1.8626,-0.7578,0.8758,5.9934,8.6336,9.7039
E0133,2026-02-07T00:00:00Z,3.1558,1.6739,3.7268,4.8096,6.1678,7.7523
E0134,2026-02-07T00:00:00Z,1.637,-1.8063,4.2365,5.4988,7.3539,7.7905
E0135,2026-02-07T00:00:00Z,3.0346,0.7951,5.0938,5.1728,7.1904,10.5641
E0136,2026-02-07T00:00:00Z,2.3536,1.7103,3.5878,5.8267,6.747,10.4529
E0137,2026-02-07T00:00:00Z,3.8214,3.4011,5.6072,4.9408,7.5631,10.3593
E0138,2026-02-07T00:00:00Z,3.025,3.8188,4.9274,4.8792,6.6653,9.7508
E0139,2026-02-07T00:00:00Z,3.0705,-1.3775,0.8558,5.713,7.1085,10.9444
E0140,2026-02-07T00:00:00Z,2.9775,-1.2783,6.8405,6.7226,7.4056,9.2761
E0141,2026-02-07T00:00:00Z,2.8099,-0.0457,4.8113,5.4093,7.0666,9.902
E0142,2026-02-07T00:00:00Z,2.4293,2.0416,4.857,4.8571,7.2205,9.1565
E0143,2026-02-07T00:00:00Z,3.6376,2.3136,5.2247,5.6407,8.0133,9.3587
E0144,2026-02-07T00:00:00Z,3.3876,1.6828,4.5293,5.1476,7.1115,8.808
E0145,2026-02-07T00:00:00Z,2.8168,2.0863,2.6703,4.7508,8.5434,8.5243
E0146,2026-02-07T00:00:00Z,3.1102,2.2454,2.6586,5.3655,9.6432,8.3894
E0147,2026-02-07T00:00:00Z,3.0177,3.6938,3.5452,5.4536,6.4959,9.0137
E0148,2026-02-07T00:00:00Z,2.7394,1.7231,1.7589,5.2612,7.0737,10.0177
E0149,2026-02-07T00:00:00Z,2.4043,0.2524,1.721,5.4931,8.292,7.2077
E0000,2026-02-08T00:00:00Z,2.6376,2.4217,0.3211,5.1948,8.473,9.664
E0001,2026-02-08T00:00:00Z,2.4765,-1.2329,3.7203,5.7968,6.901,9.8868
E0002,2026-02-08T00:00:00Z,2.185,2.3175,3.9083,5.7476,7.7868,8.777
E0003,2026-02-08T00:00:00Z,3.181,1.9451,5.0305,5.3616,6.1049,8.857
E0004,2026-02-08T00:00:00Z,3.473,-0.3318,5.0386,5.2235,6.481,9.0621
E0005,2026-02-08T00:00:00Z,2.8629,-0.5732,3.7893,5.815,8.5829,10.0472
E0006,2026-02-08T00:00:00Z,3.3827,2.0097,2.7,5.1783,8.1887,11.4315
E0007,2026-02-08T00:00:00Z,2.6893,-1.3532,3.6254,6.3523,7.6953,10.3281
E0008,2026-02-08T00:00:00Z,3.1324,1.6898,3.0366,6.008,6.2733,10.0842
E0009,2026-02-08T00:00:00Z,2.3005,2.8508,2.29,4.2825,6.2718,10.8975
E0010,2026-02-08T00:00:00Z,3.9478,-0.5288,3.942,6.3509,5.8359,9.8265
E0011,2026-02-08T00:00:00Z,1.8231,0.4482,3.0601,4.8435,6.966,10.1041
E0012,2026-02-08T00:00:00Z,2.0828,0.7357,4.1211,6.203,6.3954,9.6681
E0013,2026-02-08T00:00:00Z,2.5458,1.2622,5.0119,5.6545,7.6997,8.3189
E0014,2026-02-08T00:00:00Z,3.1397,-0.4174,1.7827,4.9602,5.9471,9.4567
E0015,2026-02-08T00:00:00Z,2.7596,0.9073,2.547,5.6573,8.1087,8.4292
E0016,2026-02-08T00:00:00Z,2.9574,0.5825,3.4471,6.6537,5.3846,8.9086
E0017,2026-02-08T00:00:00Z,3.3781,2.3203,2.3823,6.1256,6.0066,10.3609
E0018,2026-02-08T00:00:00Z,2.7645,0.1155,0.5336,4.2659,7.7014,8.4776
E0019,2026-02-08T00:00:00Z,3.3376,-1.1085,1.7078,5.3387,7.127,10.3904
E0020,2026-02-08T00:00:00Z,2.755,-1.8879,1.9129,5.5133,8.2255,11.5772
E0021,2026-02-08T00:00:00Z,1.8174,-0.7007,3.8898,5.5412,7.9726,10.4432
E0022,2026-02-08T00:00:00Z,3.2376,0.757,2.8408,4.8364,8.5648,9.8773
E0023,2026-02-08T00:00:00Z,2.5897,0.4473,1.9093,5.6965,7.0753,9.0973
E0024,2026-02-08T00:00:00Z,3.4964,0.4676,3.3872,6.4848,7.4846,10.1665
E0025,2026-02-08T00:00:00Z,3.1726,1.7735,4.3514,5.4158,6.2848,9.4734
E0026,2026-02-08T00:00:00Z,3.2256,-0.9915,2.5539,4.8733,8.6311,7.6859
E0027,2026-02-08T00:00:00Z,1.5643,0.116,3.7976,5.2989,6.0148,8.9371
E0028,2026-02-08T00:00:00Z,2.6826,-1.5298,4.3774,5.7825,5.709,9.3589
E0029,2026-02-08T00:00:00Z,2.5969,-1.0683,4.0592,4.3122,8.1437,9.1882
E0030,2026-02-08T00:00:00Z,4.0281,-0.7589,6.7726,5.8385,6.8897,7.9936
E0031,2026-02-08T00:00:00Z,2.4013,1.074,2.6336,6.7841,6.7699,8.4062
E0032,2026-02-08T00:00:00Z,3.6245,-0.3846,3.3448,6.6089,7.0688,9.1927
E0033,2026-02-08T00:00:00Z,3.7638,1.7484,3.1969,5.6207,6.5467,10.6545
E0034,2026-02-08T00:00:00Z,2.5343,-1.0829,1.9202,5.8947,8.2779,9.3056
E0035,2026-02-08T00:00:00Z,2.162,-0.9143,4.8631,6.5867,5.8559,11.1616
E0036,2026-02-08T00:00:00Z,2.8432,0.4383,0.7645,5.2575,8.8847,9.2667
E0037,2026-02-08T00:00:00Z,1.5452,0.5294,3.4313,5.2007,7.3321,7.8411
E0038,2026-02-08T00:00:00Z,2.831,-0.6988,1.9911,5.6686,8.1309,10.397
E0039,2026-02-08T00:00:00Z,3.3155,0.5167,0.0631,5.6627,6.3185,10.0366
E0040,2026-02-08T00:00:00Z,3.8471,0.1168,3.3952,6.7198,8.5972,12.6027
E0041,2026-02-08T00:00:00Z,2.7434,-0.0644,3.3773,5.0704,8.4943,8.4494
E0042,2026-02-08T00:00:00Z,2.5445,0.6981,2.9671,5.3267,7.1125,9.2321
E0043,2026-02-08T00:00:00Z,3.0647,2.0275,4.9454,5.935,6.8165,8.1395
E0044,2026-02-08T00:00:00Z,2.852,-0.6052,3.9359,6.7295,8.9691,10.2401
E0045,2026-02-08T00:00:00Z,3.9719,2.2552,5.8662,5.5271,6.5929,8.9882
E0046,2026-02-08T00:00:00Z,3.1959,-0.9852,2.6903,6.2557,5.7123,9.336
E0047,2026-02-08T00:00:00Z,2.2956,2.3025,5.1397,4.7519,7.2073,7.5266
E0048,2026-02-08T00:00:00Z,2.8003,0.6805,3.0585,5.931,7.9903,9.6813
E0049,2026-02-08T00:00:00Z,3.3423,1.5486,3.7317,5.2277,6.7669,10.0791
E0050,2026-02-08T00:00:00Z,2.4444,2.5903,5.8149,5.8182,8.8969,10.1022
E0051,2026-02-08T00:00:00Z,3.7288,-2.1761,1.168,5.9331,7.4213,8.336
E0052,2026-02-08T00:00:00Z,2.6622,0.6557,1.8108,5.553,6.3735,7.8554
E0053,2026-02-08T00:00:00Z,3.2726,0.1753,3.7184,5.1208,7.2591,9.7801
E0054,2026-02-08T00:00:00Z,2.1454,-0.3218,5.1233,5.4119,7.6634,9.9914
E0055,2026-02-08T00:00:00Z,2.4756,-0.4954,2.5371,6.4233,8.9835,10.0838
E0056,2026-02-08T00:00:00Z,3.1706,0.261,5.7295,5.3373,8.5365,11.2272
E0057,2026-02-08T00:00:00Z,2.858,-0.5174,4.404,4.3947,7.4299,9.5839
E0058,2026-02-08T00:00:00Z,3.1186,0.8488,2.8206,4.5628,7.0321,10.8723
E0059,2026-02-08T00:00:00Z,3.3162,0.2117,5.0934,5.5522,6.5617,10.5791
E0060,2026-02-08T00:00:00Z,2.7471,0.0251,3.1875,5.6423,8.1792,12.2035
E0061,2026-02-08T00:00:00Z,2.4982,2.1795,5.2311,5.6416,7.4952,8.4497
E0062,2026-02-08T00:00:00Z,3.6883,1.0309,6.4015,6.4256,7.6186,9.1847
E0063,2026-02-08T00:00:00Z,3.1679,0.6901,4.2807,4.3755,8.3042,9.4395
E0064,2026-02-08T00:00:00Z,2.1744,-0.7308,3.6655,5.9632,6.6445,8.3918
E0065,2026-02-08T00:00:00Z,3.0543,1.2194,2.3919,5.7569,7.7319,9.234
E0066,2026-02-08T00:00:00Z,2.3591,0.38,3.3866,5.0273,6.1291,8.9724
E0067,2026-02-08T00:00:00Z,2.3008,1.3654,4.1208,6.3471,6.8362,8.5995
E0068,2026-02-08T00:00:00Z,2.4986,-2.8207,5.309,5.5652,7.1051,8.4681
E0069,2026-02-08T00:00:00Z,1.6301,2.5121,3.1164,6.3346,7.8341,10.1245
E0070,2026-02-08T00:00:00Z,2.3832,-0.4818,5.4302,5.0561,6.4211,9.9498
E0071,2026-02-08T00:00:00Z,3.1379,0.5061,1.429,5.8573,8.0774,9.7539
E0072,2026-02-08T00:00:00Z,2.5794,-1.4595,0.8286,5.8168,7.3772,8.0189
E0073,2026-02-08T00:00:00Z,3.2269,1.3427,4.1553,4.9398,8.7387,10.5587
E0074,2026-02-08T00:00:00Z,2.1449,5.6068,4.0675,6.0289,7.6398,11.2382
E0075,2026-02-08T00:00:00Z,2.6266,0.1605,3.2541,4.8817,8.1547,9.1419
E0076,2026-02-08T00:00:00Z,3.5897,0.5703,4.6241,5.9873,6.992,8.5641
E0077,2026-02-08T00:00:00Z,3.1955,0.6842,1.6383,5.5355,6.7963,11.9774
E0078,2026-02-08T00:00:00Z,3.0953,4.1756,4.7256,5.9731,7.7743,9.7001
E0079,2026-02-08T00:00:00Z,1.4474,-0.3143,1.5189,5.2239,7.7581,9.6194
E0080,2026-02-08T00:00:00Z,2.3538,-0.7855,2.297,4.2755,5.4696,8.7336
E0081,2026-02-08T00:00:00Z,3.8955,-0.1031,1.2339,5.5769,6.6719,9.5007
E0082,2026-02-08T00:00:00Z,3.9315,-0.7266,3.5876,5.4586,7.4472,10.3242
E0083,2026-02-08T00:00:00Z,2.0624,-0.8543,5.6399,5.4239,6.5651,10.1771
E0084,2026-02-08T00:00:00Z,1.6054,0.6869,3.7704,6.5922,7.4503,9.7775
E0085,2026-02-08T00:00:00Z,1.4341,0.1923,0.3975,5.8997,7.4946,10.3183
E0086,2026-02-08T00:00:00Z,3.0964,-0.7223,2.5453,5.3994,6.1304,10.6961
E0087,2026-02-08T00:00:00Z,4.3551,0.8264,5.7189,6.0313,7.43,9.7045
E0088,2026-02-08T00:00:00Z,2.5783,-0.0047,4.3607,5.6224,7.917,11.1066
E0089,2026-02-08T00:00:00Z,2.6011,3.3582,3.8281,5.317,7.1845,7.2833
E0090,2026-02-08T00:00:00Z,2.078,-0.3146,3.6999,5.466,6.1603,11.0202
E0091,2026-02-08T00:00:00Z,3.2337,3.1609,2.5974,6.7981,8.7841,10.5784
E0092,2026-02-08T00:00:00Z,3.008,0.1936,2.4163,5.177,8.4933,9.7053
E0093,2026-02-08T00:00:00Z,3.6272,3.4305,2.0684,6.2915,7.8292,9.9385
E0094,2026-02-08T00:00:00Z,3.2262,0.7726,2.6652,6.123,5.525,9.935
E0095,2026-02-08T00:00:00Z,3.8735,1.6539,2.5902,4.9092,5.1807,9.0391
E0096,2026-02-08T00:00:00Z,3.0682,0.7483,3.9307,5.5173,7.7625,9.4666
E0097,2026-02-08T00:00:00Z,3.0574,3.3146,3.1188,6.1613,8.5414,10.0296
E0098,2026-02-08T00:00:00Z,3.4546,0.551,4.1157,4.8804,6.8686,10.3575
E0099,2026-02-08T00:00:00Z,2.9719,1.2215,3.3891,5.3404,7.6725,10.7253
E0100,2026-02-08T00:00:00Z,3.3435,-0.2031,4.3356,5.691,8.4296,8.1923
E0101,2026-02-08T00:00:00Z,3.1305,2.7119,1.7954,6.0473,8.762,8.7934
E0102,2026-02-08T00:00:00Z,1.2529,1.4228,4.7554,5.9069,7.7225,10.583
E0103,2026-02-08T00:00:00Z,2.7587,0.1405,4.7952,6.2425,7.0513,10.3367
E0104,2026-02-08T00:00:00Z,2.9388,1.4603,3.5879,6.2981,9.5567,9.0944
E0105,2026-02-08T00:00:00Z,2.7802,-1.1194,3.3585,5.3203,6.3642,10.9387
E0106,2026-02-08T00:00:00Z,3.559,-0.0452,5.8294,6.0121,8.5728,9.0389
E0107,2026-02-08T00:00:00Z,2.9846,-0.3308,2.3479,5.034,7.9022,8.8499
E0108,2026-02-08T00:00:00Z,3.3307,2.2481,2.6191,4.8973,6.8237,9.5462
E0109,2026-02-08T00:00:00Z,3.4368,2.5769,1.9899,5.519,6.8682,9.9127
E0110,2026-02-08T00:00:00Z,2.7188,3.9713,4.3767,4.8969,6.5309,8.4201
E0111,2026-02-08T00:00:00Z,3.2372,1.9261,6.6124,5.2291,7.1659,10.9724
E0112,2026-02-08T00:00:00Z,3.3306,2.7585,1.3766,5.5655,6.6492,10.4713
E0113,2026-02-08T00:00:00Z,2.2764,1.9649,4.4344,6.1745,6.6916,10.5407
E0114,2026-02-08T00:00:00Z,2.9532,-1.232,3.7372,5.7365,7.8605,10.1502
E0115,2026-02-08T00:00:00Z,2.6358,0.7409,5.2815,5.6924,6.835,8.6629
E0116,2026-02-08T00:00:00Z,3.694,0.4929,4.3827,5.7119,7.0834,9.2284
E0117,2026-02-08T00:00:00Z,3.7409,0.2627,4.5628,6.9414,7.111,8.8994
E0118,2026-02-08T00:00:00Z,2.1133,1.457,1.6193,4.8707,7.6667,10.0245
E0119,2026-02-08T00:00:00Z,2.2892,-0.581,5.4258,6.6011,7.9155,9.9075
E0120,2026-02-08T00:00:00Z,1.6355,0.515,0.6637,4.9181,6.6309,10.3539
E0121,2026-02-08T00:00:00Z,3.6354,2.678,5.6183,4.8272,7.3111,8.1279
E0122,2026-02-08T00:00:00Z,3.4642,1.7467,4.4462,5.6078,5.7705,10.2632
E0123,2026-02-08T00:00:00Z,2.7762,-2.5076,2.9572,4.8935,6.369,8.6067
E0124,2026-02-08T00:00:00Z,4.3169,1.1788,4.2068,5.1576,7.3924,11.4606
E0125,2026-02-08T00:00:00Z,3.1877,-1.411,3.5607,5.692,7.7326,9.3689
E0126,2026-02-08T00:00:00Z,4.1932,0.9916,3.5175,5.3895,6.7066,9.317
E0127,2026-02-08T00:00:00Z,3.1513,0.3249,2.2889,5.7218,8.7469,8.6708
E0128,2026-02-08T00:00:00Z,2.8532,-0.4395,4.0776,5.7195,6.9911,10.5783
E0129,2026-02-08T00:00:00Z,3.7469,2.4401,3.8464,5.3161,8.1224,10.8774
E0130,2026-02-08T00:00:00Z,3.0078,0.8726,5.7558,5.1343,6.3691,7.3179
E0131,2026-02-08T00:00:00Z,1.6741,0.204,4.6803,5.4151,5.6498,10.3079
E0132,2026-02-08T00:00:00Z,3.9884,1.6899,3.3502,5.0007,5.8578,9.6047
E0133,2026-02-08T00:00:00Z,2.2532,1.8446,5.0337,6.7147,6.2831,8.5184
E0134,2026-02-08T00:00:00Z,3.4484,0.6437,3.591,5.606,6.2996,10.4671
E0135,2026-02-08T00:00:00Z,2.7425,1.5085,2.6366,5.7007,7.6801,10.1026
E0136,2026-02-08T00:00:00Z,2.4614,1.8489,4.0628,5.5319,7.8229,10.1002
E0137,2026-02-08T00:00:00Z,3.2365,1.9815,5.159,4.6259,7.7972,10.1495
E0138,2026-02-08T00:00:00Z,2.9915,1.7517,4.7942,5.1118,8.341,9.756
E0139,2026-02-08T00:00:00Z,3.0194,1.0982,4.2239,4.1548,7.7313,9.2059
E0140,2026-02-08T00:00:00Z,3.5705,2.5981,4.7024,5.746,6.6991,11.4353
E0141,2026-02-08T00:00:00Z,3.1099,0.8151,1.9789,4.9123,5.4877,10.5898
E0142,2026-02-08T00:00:00Z,2.9044,1.285,3.8543,5.3507,7.9532,8.4638
E0143,2026-02-08T00:00:00Z,2.4092,3.3915,5.0446,5.9123,8.4848,10.0389
E0144,2026-02-08T00:00:00Z,1.9265,0.438,2.4863,5.2807,7.5038,8.4538
E0145,2026-02-08T00:00:00Z,3.5837,-1.9616,2.2828,5.3329,6.6924,9.0569
E0146,2026-02-08T00:00:00Z,3.1997,1.364,3.4832,4.6191,6.5982,7.7659
E0147,2026-02-08T00:00:00Z,1.9193,1.1443,2.5031,4.351,7.4594,8.8869
E0148,2026-02-08T00:00:00Z,3.0613,1.7251,1.707,5.9032,6.2858,7.4698
E0149,2026-02-08T00:00:00Z,3.75,2.135,4.1079,5.0942,7.8123,9.5662
E0000,2026-02-09T00:00:00Z,2.8769,-0.33,4.9191,4.9542,8.5897,9.7847
E0001,2026-02-09T00:00:00Z,1.887,0.8075,3.4068,5.4556,6.5977,9.6448
E0002,2026-02-09T00:00:00Z,3.2892,1.2875,3.3102,5.3771,5.8942,8.2499
E0003,2026-02-09T00:00:00Z,2.9858,0.9132,2.9854,6.0538,7.2012,9.3047
E0004,2026-02-09T00:00:00Z,2.6402,2.166,3.2292,5.2331,7.0291,10.1847
E0005,2026-02-09T00:00:00Z,2.5932,1.2496,3.1745,5.3571,8.035,10.1913
E0006,2026-02-09T00:00:00Z,2.8563,0.6836,3.7837,5.7297,7.698,8.5195
E0007,2026-02-09T00:00:00Z,2.6865,2.0304,2.1982,5.349,7.7485,8.7929
E0008,2026-02-09T00:00:00Z,4.3072,0.1832,2.0441,6.4782,8.0261,10.338
E0009,2026-02-09T00:00:00Z,2.6964,-2.8566,3.5539,6.2347,7.031,12.0905
E0010,2026-02-09T00:00:00Z,1.8093,-0.1982,2.9928,5.8176,6.9259,9.3793
E0011,2026-02-09T00:00:00Z,2.6396,0.6541,3.7142,5.3312,7.2241,9.1572
E0012,2026-02-09T00:00:00Z,3.1561,0.8765,2.1384,5.644,7.3765,10.1585
E0013,2026-02-09T00:00:00Z,1.8047,-1.2075,6.4458,4.4171,7.7109,9.8091
E0014,2026-02-09T00:00:00Z,1.8982,2.5177,3.2213,5.007,8.1968,9.3943
E0015,2026-02-09T00:00:00Z,3.0083,2.6963,4.5085,6.0787,6.6934,8.6368
E0016,2026-02-09T00:00:00Z,2.3486,2.912,2.9412,5.1319,6.6204,10.4298
E0017,2026-02-09T00:00:00Z,1.1963,2.109,5.2176,5.6759,8.6241,9.6297
E0018,2026-02-09T00:00:00Z,2.1823,2.5755,4.8366,4.4101,7.0256,8.0825
E0019,2026-02-09T00:00:00Z,3.6578,-1.4522,3.2113,5.3746,5.2873,8.6931
E0020,2026-02-09T00:00:00Z,2.4277,-0.0445,2.2607,4.9001,7.3752,9.5978
E0021,2026-02-09T00:00:00Z,3.0003,1.5931,5.7487,5.3778,7.3651,8.4709
E0022,2026-02-09T00:00:00Z,2.7156,0.2082,5.0232,5.3959,8.2545,10.0234
E0023,2026-02-09T00:00:00Z,3.018,-1.5624,4.6322,6.0456,6.1656,10.0513
E0024,2026-02-09T00:00:00Z,2.1371,-0.6664,6.0106,5.2013,8.0898,8.7683
E0025,2026-02-09T00:00:00Z,3.8662,-0.2123,2.7499,5.8618,6.3654,10.2663
E0026,2026-02-09T00:00:00Z,2.4169,-0.0143,4.29,4.3769,5.9156,9.5442
E0027,2026-02-09T00:00:00Z,2.1214,1.0501,2.6018,6.1076,8.4519,8.1403
E0028,2026-02-09T00:00:00Z,3.2577,2.1076,4.6968,5.4228,7.1299,10.3074
E0029,2026-02-09T00:00:00Z,2.2546,0.5411,2.3588,5.568,7.2216,11.5686
E0030,2026-02-09T00:00:00Z,3.086,1.3637,5.3752,5.0851,7.7132,10.7917
E0031,2026-02-09T00:00:00Z,3.0124,-0.8833,6.3993,5.5976,5.9042,10.42
E0032,2026-02-09T00:00:00Z,2.4573,3.395,2.051,5.5984,7.3521,10.1377
E0033,2026-02-09T00:00:00Z,3.2161,-0.0371,2.9196,4.276,7.6556,9.2851
E0034,2026-02-09T00:00:00Z,4.2455,-0.4658,3.1795,4.9937,8.1046,8.0436
E0035,2026-02-09T00:00:00Z,3.3593,0.8001,3.4506,4.9221,7.6333,9.956
E0036,2026-02-09T00:00:00Z,3.265,0.1396,3.0081,4.6833,5.3567,8.7957
E0037,2026-02-09T00:00:00Z,2.8279,1.399,4.9026,4.9466,6.2389,10.1365
E0038,2026-02-09T00:00:00Z,1.7385,-0.6029,1.7643,6.6257,6.1716,8.5333
E0039,2026-02-09T00:00:00Z,3.6289,-0.9858,5.5985,5.2439,6.1516,7.4498
E0040,2026-02-09T00:00:00Z,3.3446,1.5981,4.0784,4.899,6.7492,9.1338
E0041,2026-02-09T00:00:00Z,2.2017,1.3263,5.3146,4.8994,6.8808,8.9902
E0042,2026-02-09T00:00:00Z,2.3671,-0.5174,6.288,5.9331,9.3718,11.1658
E0043,2026-02-09T00:00:00Z,2.0312,-1.2097,3.8054,5.1229,8.4927,8.9016
E0044,2026-02-09T00:00:00Z,3.3358,-0.9138,4.7118,5.6831,6.7696,11.0123
E0045,2026-02-09T00:00:00Z,1.6373,2.9418,4.896,5.8638,7.6348,9.9808
E0046,2026-02-09T00:00:00Z,3.3246,-0.6254,3.2363,6.1784,7.3801,8.4589
E0047,2026-02-09T00:00:00Z,2.543,-0.3784,4.8615,5.6394,6.5047,9.3308
E0048,2026-02-09T00:00:00Z,2.8484,0.6865,4.6058,5.9895,5.596,12.1031
E0049,2026-02-09T00:00:00Z,2.9799,1.0473,5.0338,5.4708,8.1742,10.31
E0050,2026-02-09T00:00:00Z,2.1909,0.5768,2.2129,5.1414,9.1557,9.788
E0051,2026-02-09T00:00:00Z,3.5807,2.8362,4.8946,5.0745,8.0605,8.6056
E0052,2026-02-09T00:00:00Z,1.727,1.8208,1.9732,6.1959,8.2553,11.1136
E0053,2026-02-09T00:00:00Z,3.0968,0.7023,0.6799,5.4965,7.6571,9.0213
E0054,2026-02-09T00:00:00Z,2.7643,1.5147,5.4149,5.1586,8.676,8.2931
E0055,2026-02-09T00:00:00Z,4.276,2.5041,2.4301,4.968,7.123,9.1536
E0056,2026-02-09T00:00:00Z,2.8286,0.3076,1.7632,7.0935,7.0531,9.755
E0057,2026-02-09T00:00:00Z,3.9345,3.9495,2.1072,5.0473,7.1,9.0323
E0058,2026-02-09T00:00:00Z,2.4261,-0.7749,4.1495,5.5652,5.8145,11.2334
E0059,2026-02-09T00:00:00Z,3.6049,1.381,1.5896,5.0578,7.3052,9.489
E0060,2026-02-09T00:00:00Z,3.0353,-1.5507,4.5902,4.9342,6.6775,9.5877
E0061,2026-02-09T00:00:00Z,4.361,-0.9718,2.4527,6.357,7.4832,10.1631
E0062,2026-02-09T00:00:00Z,2.5162,0.8232,3.1662,5.4613,7.1182,9.2701
E0063,2026-02-09T00:00:00Z,2.2528,-0.0777,5.5339,6.2699,6.459,10.0117
E0064,2026-02-09T00:00:00Z,2.8315,3.2262,4.995,4.8706,8.1841,7.4042
E0065,2026-02-09T00:00:00Z,2.8382,2.0196,1.5379,6.0192,5.3934,8.3786
E0066,2026-02-09T00:00:00Z,2.6974,-0.0638,4.5464,4.6327,6.5894,9.5325
E0067,2026-02-09T00:00:00Z,3.0174,0.4252,2.6305,5.8135,8.0433,9.9989
E0068,2026-02-09T00:00:00Z,2.0424,0.9364,3.417,6.2197,8.9872,9.0229
E0069,2026-02-09T00:00:00Z,3.4163,-2.4819,3.9845,5.5028,7.5503,8.4543
E0070,2026-02-09T00:00:00Z,2.4637,2.0277,5.7198,4.8098,7.812,9.9438
E0071,2026-02-09T00:00:00Z,2.5593,-0.3129,3.2936,5.2302,7.1244,10.5287
E0072,2026-02-09T00:00:00Z,2.8417,-0.595,0.8084,4.9437,6.8329,11.099
E0073,2026-02-09T00:00:00Z,2.659,2.2024,3.1413,6.3223,8.4209,9.1547
E0074,2026-02-09T00:00:00Z,2.8353,1.5278,4.4694,4.7332,7.4684,10.0494
E0075,2026-02-09T00:00:00Z,3.212,1.5419,3.6939,5.0852,8.176,9.0865
E0076,2026-02-09T00:00:00Z,2.8299,4.1114,4.0145,5.7293,5.86,10.2269
E0077,2026-02-09T00:00:00Z,2.0253,2.31,2.0907,5.8945,6.6075,7.8483
E0078,2026-02-09T00:00:00Z,2.6896,0.5711,2.7285,6.3957,8.1598,8.9695
E0079,2026-02-09T00:00:00Z,3.2005,3.6473,4.4596,4.2174,6.736,8.9165
E0080,2026-02-09T00:00:00Z,2.072,-0.1981,2.1296,5.2386,7.6618,9.6071
E0081,2026-02-09T00:00:00Z,2.7584,2.4928,4.5265,4.4565,7.2135,10.5752
E0082,2026-02-09T00:00:00Z,2.5287,-0.8242,3.331,4.8199,6.4671,8.2792
E0083,2026-02-09T00:00:00Z,2.5667,0.6515,4.0671,5.8518,8.4879,8.1578
E0084,2026-02-09T00:00:00Z,2.1297,0.0543,3.6225,6.3736,7.172,9.9246
E0085,2026-02-09T00:00:00Z,2.7048,0.0001,3.0972,5.5867,7.5083,10.4835
E0086,2026-02-09T00:00:00Z,2.0805,-0.8877,4.2566,5.5316,8.3032,9.9696
E0087,2026-02-09T00:00:00Z,2.5424,3.7689,3.6583,6.6757,8.9337,9.1704
E0088,2026-02-09T00:00:00Z,2.8103,-1.3878,3.4467,5.5306,7.8122,10.3131
E0089,2026-02-09T00:00:00Z,2.1617,1.0463,4.324,5.9404,6.8283,10.7318
E0090,2026-02-09T00:00:00Z,2.9696,1.5948,3.2087,5.486,6.5113,10.167
E0091,2026-02-09T00:00:00Z,2.5168,3.9595,3.6526,6.249,7.7292,11.8247
E0092,2026-02-09T00:00:00Z,3.9682,1.3929,1.2686,4.5642,7.5321,9.1207
E0093,2026-02-09T00:00:00Z,2.8032,0.2358,4.6956,4.8299,8.8799,9.4307
E0094,2026-02-09T00:00:00Z,3.7165,3.1999,4.3852,4.8313,8.4017,8.7208
E0095,2026-02-09T00:00:00Z,2.9898,-0.7033,4.9028,5.789,7.5145,10.6166
E0096,2026-02-09T00:00:00Z,2.9075,-2.1455,4.5796,5.1261,6.4969,8.7331
E0097,2026-02-09T00:00:00Z,3.5888,1.1596,3.0674,4.5638,8.943,9.2287
E0098,2026-02-09T00:00:00Z,2.7448,0.349,2.3105,5.2305,6.9168,9.588
E0099,2026-02-09T00:00:00Z,2.7472,2.5664,4.9909,6.0063,7.1048,9.266
E0100,2026-02-09T00:00:00Z,2.7452,0.8604,3.337,5.0953,8.5011,9.6979
E0101,2026-02-09T00:00:00Z,2.0136,4.5932,3.5309,5.7264,6.1787,8.3042
E0102,2026-02-09T00:00:00Z,2.8594,1.1108,3.7291,5.861,7.2366,9.7852
E0103,2026-02-09T00:00:00Z,3.7669,0.3699,3.7211,6.4885,6.8363,10.7549
E0104,2026-02-09T00:00:00Z,3.4612,-0.1141,3.7664,5.3279,6.9975,10.1581
E0105,2026-02-09T00:00:00Z,3.1436,0.9737,3.3818,4.9868,7.2805,8.1693
E0106,2026-02-09T00:00:00Z,4.1606,0.6158,3.1955,5.3436,6.4568,9.8321
E0107,2026-02-09T00:00:00Z,2.7716,1.0097,3.2054,5.2033,7.0577,10.6245
E0108,2026-02-09T00:00:00Z,3.0161,1.0404,3.6053,5.5973,5.1764,8.0389
E0109,2026-02-09T00:00:00Z,2.0619,-0.7889,5.7232,5.3078,8.258,10.885
E0110,2026-02-09T00:00:00Z,2.4358,2.7058,6.2839,5.0578,6.7865,11.0821
E0111,2026-02-09T00:00:00Z,3.1248,-0.1891,3.4949,4.6722,8.2854,10.1923
E0112,2026-02-09T00:00:00Z,3.0166,1.5522,3.9346,6.1017,5.9854,9.9523
E0113,2026-02-09T00:00:00Z,2.8895,0.9258,6.548,5.5744,6.937,10.0838
E0114,2026-02-09T00:00:00Z,3.4758,3.0314,3.5911,5.5864,8.5276,7.7931
E0115,2026-02-09T00:00:00Z,3.3084,1.4416,4.3833,5.4467,6.9946,9.8921
E0116,2026-02-09T00:00:00Z,2.5093,-0.0091,3.8332,5.1653,6.3392,9.8556
E0117,2026-02-09T00:00:00Z,2.6634,2.3852,2.6252,5.3293,6.729,9.2016
E0118,2026-02-09T00:00:00Z,3.0484,-0.9189,3.1294,4.7477,7.4105,9.0433
E0119,2026-02-09T00:00:00Z,3.1484,0.2196,2.7977,4.7032,8.6072,8.6546
E0120,2026-02-09T00:00:00Z,3.2625,0.6522,4.4181,5.5874,7.0454,9.8078
E0121,2026-02-09T00:00:00Z,3.0742,3.5728,4.4549,6.4144,5.5531,9.869
E0122,2026-02-09T00:00:00Z,2.9398,-1.2455,3.4918,5.4439,6.1914,9.0024
E0123,2026-02-09T00:00:00Z,2.9446,-0.6441,5.4547,4.402,7.2811,9.7446
E0124,2026-02-09T00:00:00Z,2.5003,3.1303,4.0331,5.1324,6.5509,9.5519
E0125,2026-02-09T00:00:00Z,3.1608,0.9153,3.0425,5.5766,7.6138,9.5399
E0126,2026-02-09T00:00:00Z,3.0753,0.4229,2.5244,5.7303,7.16,11.6013
E0127,2026-02-09T00:00:00Z,1.7122,1.9232,3.7633,4.6573,5.6353,9.6995
E0128,2026-02-09T00:00:00Z,3.4291,2.5022,4.8142,5.8695,8.0996,9.1367
E0129,2026-02-09T00:00:00Z,2.3194,0.0249,3.1748,4.874,8.2374,11.157
E0130,2026-02-09T00:00:00Z,3.0214,1.4752,1.9274,5.1305,7.155,8.6177
E0131,2026-02-09T00:00:00Z,3.8776,1.6182,4.8109,4.8821,7.142,11.0088
E0132,2026-02-09T00:00:00Z,2.91,1.692,0.8055,5.83,7.0188,10.6717
E0133,2026-02-09T00:00:00Z,2.9,1.0483,2.376,5.2661,8.071,9.6915
E0134,2026-02-09T00:00:00Z,2.0103,0.5051,1.7118,5.996,7.1916,9.5236
E0135,2026-02-09T00:00:00Z,2.5248,-2.12,4.0864,5.168,7.8004,9.7231
E0136,2026-02-09T00:00:00Z,3.2705,2.0345,2.0653,6.0731,8.2251,9.8654
E0137,2026-02-09T00:00:00Z,2.8953,3.7843,3.7431,4.2178,8.7863,10.5521
E0138,2026-02-09T00:00:00Z,2.9254,-0.1348,2.0496,5.8242,8.3208,9.7104
E0139,2026-02-09T00:00:00Z,2.8595,3.4837,3.493,5.3179,5.9109,9.8561
E0140,2026-02-09T00:00:00Z,1.8533,-0.8108,3.6403,5.5328,8.0026,10.857
E0141,2026-02-09T00:00:00Z,1.7606,0.9443,3.8418,5.0805,6.8572,8.3935
E0142,2026-02-09T00:00:00Z,2.8139,0.8225,3.735,6.0548,7.0352,9.0009
E0143,2026-02-09T00:00:00Z,2.7191,-0.2486,6.3283,4.6612,7.1226,8.8893
E0144,2026-02-09T00:00:00Z,3.6933,3.4682,3.5901,6.6204,7.421,8.9379
E0145,2026-02-09T00:00:00Z,2.9838,0.7932,1.5107,5.3616,7.4529,8.5608
E0146,2026-02-09T00:00:00Z,2.9812,3.4019,2.4339,6.0525,5.6101,9.8707
E0147,2026-02-09T00:00:00Z,3.7058,-0.2262,4.154,4.2161,8.8849,10.2176
E0148,2026-02-09T00:00:00Z,1.4769,2.4618,3.8923,5.3396,7.293,9.9032
E0149,2026-02-09T00:00:00Z,2.3681,0.9195,3.139,5.4728,6.5924,8.5818
E0000,2026-02-10T00:00:00Z,2.8403,3.1155,3.7292,5.7132,8.1069,9.73
E0001,2026-02-10T00:00:00Z,1.7184,0.2564,2.5513,6.0466,7.9339,8.6233
E0002,2026-02-10T00:00:00Z,3.0902,-0.8003,4.2936,5.9681,6.9101,10.0092
E0003,2026-02-10T00:00:00Z,1.5063,0.5625,2.2064,5.1492,7.2963,10.883
E0004,2026-02-10T00:00:00Z,3.7103,-0.2958,3.2574,4.6197,8.5816,11.2864
E0005,2026-02-10T00:00:00Z,4.1406,1.0837,5.2313,6.048,6.5438,8.5166
E0006,2026-02-10T00:00:00Z,3.8669,-0.9581,4.9174,5.0034,5.5017,9.7894
E0007,2026-02-10T00:00:00Z,2.8649,1.7985,3.5559,5.3742,7.9562,9.4737
E0008,2026-02-10T00:00:00Z,2.2421,2.0341,3.5775,5.6799,6.0051,9.1574
E0009,2026-02-10T00:00:00Z,2.0592,0.7127,5.8671,6.2347,10.2115,9.7598
E0010,2026-02-10T00:00:00Z,3.4622,1.4797,3.8381,5.8418,8.156,8.8348
E0011,2026-02-10T00:00:00Z,3.7165,-0.8393,4.7629,5.1096,7.7821,10.5501
E0012,2026-02-10T00:00:00Z,3.8605,1.6119,2.986,5.9172,8.7913,8.784
E0013,2026-02-10T00:00:00Z,3.4175,2.5186,2.1855,5.2693,7.3896,9.5846
E0014,2026-02-10T00:00:00Z,1.9708,1.0419,5.5274,4.7653,6.1809,9.2926
E0015,2026-02-10T00:00:00Z,1.267,-0.3222,5.4218,5.7024,8.7833,11.0337
E0016,2026-02-10T00:00:00Z,2.1377,-0.5347,6.0736,5.4264,6.3972,10.363
E0017,2026-02-10T00:00:00Z,4.6975,3.4667,2.4057,5.4601,9.853,8.6707
E0018,2026-02-10T00:00:00Z,2.9913,1.2351,1.8545,5.8508,7.9612,8.3789
E0019,2026-02-10T00:00:00Z,2.8171,0.0398,2.938,6.259,8.3647,9.954
E0020,2026-02-10T00:00:00Z,2.6947,-1.2268,2.8645,4.4832,7.7266,10.0907
E0021,2026-02-10T00:00:00Z,1.9875,2.4914,4.9346,5.646,6.5875,7.6271
E0022,2026-02-10T00:00:00Z,2.5272,0.517,5.2841,5.2405,7.1322,9.981
E0023,2026-02-10T00:00:00Z,3.0261,1.708,4.9329,3.8325,7.7539,9.5585
E0024,2026-02-10T00:00:00Z,2.3238,2.4251,5.2457,5.5502,5.9766,8.7676
E0025,2026-02-10T00:00:00Z,1.492,-0.1176,2.8706,5.7657,8.1543,9.3846
E0026,2026-02-10T00:00:00Z,2.9031,0.2093,4.0904,5.5899,6.6239,9.9867
E0027,2026-02-10T00:00:00Z,2.9964,2.6422,2.7882,4.3905,6.9715,10.3366
E0028,2026-02-10T00:00:00Z,3.7806,0.0273,4.5161,5.96,6.0275,8.9893
E0029,2026-02-10T00:00:00Z,3.2387,-0.0648,3.0596,5.9991,7.0354,8.9656
E0030,2026-02-10T00:00:00Z,2.6258,-0.3157,4.4735,5.9276,8.9997,10.3149
E0031,2026-02-10T00:00:00Z,3.5459,2.3588,0.6534,5.9234,7.6925,9.7277
E0032,2026-02-10T00:00:00Z,2.8724,1.2485,3.4661,5.4463,7.3261,7.7763
E0033,2026-02-10T00:00:00Z,2.2326,-0.8933,3.953,6.2953,8.0143,8.9625
E0034,2026-02-10T00:00:00Z,1.4937,1.6046,2.8175,4.344,6.6751,9.6841
E0035,2026-02-10T00:00:00Z,2.9655,1.5969,4.5145,6.7148,6.3345,9.1621
E0036,2026-02-10T00:00:00Z,3.3559,-0.7384,4.2841,6.1519,7.3889,10.0918
E0037,2026-02-10T00:00:00Z,3.0265,3.0214,3.3548,5.9669,8.403,10.3517
E0038,2026-02-10T00:00:00Z,3.1681,-0.559,2.8023,6.1147,7.5436,8.7804
E0039,2026-02-10T00:00:00Z,3.7576,1.1926,1.8906,5.0561,6.843,9.3351
E0040,2026-02-10T00:00:00Z,3.4667,4.1179,4.2518,5.393,10.2074,11.1788
E0041,2026-02-10T00:00:00Z,2.9541,-1.5852,4.1626,5.253,6.9111,9.5517
E0042,2026-02-10T00:00:00Z,3.2915,2.7084,4.1954,5.5124,7.7763,10.7384
E0043,2026-02-10T00:00:00Z,3.3476,1.1964,4.7341,5.5535,7.9,10.9964
E0044,2026-02-10T00:00:00Z,2.4577,2.5911,3.5467,5.9289,7.6565,9.7835
E0045,2026-02-10T00:00:00Z,2.1052,3.352,3.4371,6.2506,7.2849,10.4333
E0046,2026-02-10T00:00:00Z,3.3265,1.4697,5.0063,3.7048,5.1728,9.811
E0047,2026-02-10T00:00:00Z,2.5403,2.3837,3.3531,4.8952,7.1683,9.3273
E0048,2026-02-10T00:00:00Z,3.1429,0.621,2.2565,5.104,8.2126,7.8764
E0049,2026-02-10T00:00:00Z,2.9908,4.0543,2.7555,6.5442,7.6533,9.0917
E0050,2026-02-10T00:00:00Z,2.8256,1.3776,3.8074,5.9969,6.5313,9.3422
E0051,2026-02-10T00:00:00Z,2.8403,1.733,2.4256,5.5745,9.5966,9.6007
E0052,2026-02-10T00:00:00Z,2.1121,0.7831,2.5,5.5812,8.185,8.5893
E0053,2026-02-10T00:00:00Z,2.6301,4.5922,4.3278,5.9986,6.4264,10.6142
E0054,2026-02-10T00:00:00Z,2.3237,-0.5005,4.0946,5.6387,6.991,9.0551
E0055,2026-02-10T00:00:00Z,3.7778,1.7533,3.1591,5.4257,7.3632,9.836
E0056,2026-02-10T00:00:00Z,2.7094,-2.5141,2.2028,4.6721,6.6963,9.9481
E0057,2026-02-10T00:00:00Z,1.5647,1.4837,5.4188,6.1969,7.181,9.8476
E0058,2026-02-10T00:00:00Z,2.344,1.708,2.8874,6.3549,7.3504,9.3146
E0059,2026-02-10T00:00:00Z,2.9703,0.3137,4.055,5.3284,6.7407,8.8595
E0060,2026-02-10T00:00:00Z,2.2521,3.2585,3.0627,5.0665,7.9668,9.9204
E0061,2026-02-10T00:00:00Z,1.7182,0.528,2.4883,5.1927,7.1575,10.5115
E0062,2026-02-10T00:00:00Z,1.9833,-1.3694,2.6541,5.1108,7.9057,9.5455
E0063,2026-02-10T00:00:00Z,2.5061,1.3688,4.0482,4.8956,7.221,9.3751
E0064,2026-02-10T00:00:00Z,2.4845,1.0743,3.6141,5.6855,7.2799,10.6071
E0065,2026-02-10T00:00:00Z,3.9099,-1.5054,4.7702,6.4462,6.4927,11.6565
E0066,2026-02-10T00:00:00Z,2.5703,1.3082,3.1552,4.7994,6.7191,9.9775
E0067,2026-02-10T00:00:00Z,1.997,4.8676,4.4038,6.1008,8.1879,9.7584
E0068,2026-02-10T00:00:00Z,2.8585,2.2162,1.9046,4.8944,7.5062,10.0137
E0069,2026-02-10T00:00:00Z,3.6052,1.9924,5.0637,5.0389,8.4115,8.6153
E0070,2026-02-10T00:00:00Z,1.8958,0.0179,3.3611,5.0808,5.9642,9.6157
E0071,2026-02-10T00:00:00Z,2.8604,0.0951,2.9847,4.5434,5.3875,11.7733
E0072,2026-02-10T00:00:00Z,3.0948,1.0509,3.2271,6.0724,5.4986,8.68
E0073,2026-02-10T00:00:00Z,4.1508,1.7178,5.5417,5.4036,7.4657,9.4868
E0074,2026-02-10T00:00:00Z,3.1615,0.552,4.7684,5.219,7.4692,7.9815
E0075,2026-02-10T00:00:00Z,3.2593,-0.8375,4.8017,5.6127,7.5388,8.8788
E0076,2026-02-10T00:00:00Z,2.9087,1.3192,4.7715,4.7171,7.4826,9.6195
E0077,2026-02-10T00:00:00Z,2.5445,-2.264,5.4931,5.0303,6.7842,9.3866
E0078,2026-02-10T00:00:00Z,3.5796,-0.2892,4.5915,5.8592,7.0866,9.39
E0079,2026-02-10T00:00:00Z,3.4245,0.3238,2.2392,5.2751,8.4822,9.6308
E0080,2026-02-10T00:00:00Z,2.1442,1.4853,1.1189,5.3932,5.559,10.4154
E0081,2026-02-10T00:00:00Z,3.9616,1.8652,3.6578,5.2051,8.2693,10.5401
E0082,2026-02-10T00:00:00Z,3.6091,4.4856,3.1599,5.4584,8.9487,8.9806
E0083,2026-02-10T00:00:00Z,2.3252,2.8428,2.1402,5.9369,7.5481,11.2034
E0084,2026-02-10T00:00:00Z,3.1265,0.6421,4.5575,5.8467,6.0096,7.9373
E0085,2026-02-10T00:00:00Z,3.3433,1.2596,5.0873,5.7906,8.0912,9.2128
E0086,2026-02-10T00:00:00Z,3.5152,0.6508,2.0219,4.3195,7.1851,10.4438
E0087,2026-02-10T00:00:00Z,1.5914,-0.9548,3.2394,5.1605,7.9034,8.8168
E0088,2026-02-10T00:00:00Z,2.4442,1.2903,3.1623,5.8182,5.2085,9.133
E0089,2026-02-10T00:00:00Z,0.9988,1.7345,4.554,4.2283,8.1021,9.7338
E0090,2026-02-10T00:00:00Z,2.4206,1.0877,5.5965,5.6836,6.0382,7.2347
E0091,2026-02-10T00:00:00Z,2.2091,0.6026,3.8971,5.532,8.6175,7.6743
E0092,2026-02-10T00:00:00Z,1.7577,0.4747,5.1587,5.5282,8.11,12.1731
E0093,2026-02-10T00:00:00Z,3.4251,0.1659,4.3177,5.5501,7.1172,9.6574
E0094,2026-02-10T00:00:00Z,3.4329,0.4982,3.9298,4.9257,7.4757,9.4039
E0095,2026-02-10T00:00:00Z,3.6009,2.5575,2.4875,5.4824,7.9,10.0017
E0096,2026-02-10T00:00:00Z,3.7046,2.8246,4.1827,5.055,6.1318,10.5639
E0097,2026-02-10T00:00:00Z,2.2833,0.939,3.6553,5.9002,6.704,8.6602
E0098,2026-02-10T00:00:00Z,2.8944,2.9898,4.5578,4.6255,7.2949,10.0002
E0099,2026-02-10T00:00:00Z,2.4448,3.6576,2.0965,5.3173,7.9137,6.3925
E0100,2026-02-10T00:00:00Z,3.0547,1.801,3.264,5.6462,7.4283,10.4803
E0101,2026-02-10T00:00:00Z,2.3467,0.5769,4.4923,5.0455,8.4688,10.4585
E0102,2026-02-10T00:00:00Z,2.822,0.3568,2.9738,5.8954,7.3129,9.4043
E0103,2026-02-10T00:00:00Z,2.9131,1.3517,3.5544,5.7528,6.8112,9.3216
E0104,2026-02-10T00:00:00Z,2.6865,1.1875,3.0077,4.6272,7.8379,8.7679
E0105,2026-02-10T00:00:00Z,2.8312,-0.037,2.475,6.4239,9.1025,10.7288
E0106,2026-02-10T00:00:00Z,3.8004,1.6878,2.5062,6.2044,7.0923,7.8404
E0107,2026-02-10T00:00:00Z,3.1588,-0.8069,6.3327,6.9454,9.1129,10.1857
E0108,2026-02-10T00:00:00Z,2.3614,2.803,2.513,5.4328,9.0385,10.296
E0109,2026-02-10T00:00:00Z,4.1915,3.0275,3.2517,5.3273,8.3809,8.5772
E0110,2026-02-10T00:00:00Z,2.5758,-0.2653,5.5066,5.347,6.4219,9.2827
E0111,2026-02-10T00:00:00Z,2.7476,2.9956,3.6961,4.5767,8.2437,8.7668
E0112,2026-02-10T00:00:00Z,3.8859,0.2547,3.9068,5.1707,7.2326,9.101
E0113,2026-02-10T00:00:00Z,2.7512,-0.1528,4.1838,4.3842,9.1896,9.159
E0114,2026-02-10T00:00:00Z,2.4922,-0.2601,2.9236,5.3285,7.111,10.284
E0115,2026-02-10T00:00:00Z,2.7034,1.0072,2.8937,4.7397,7.6955,10.5975
E0116,2026-02-10T00:00:00Z,2.3152,-0.6454,3.6716,5.7201,7.6636,10.4097
E0117,2026-02-10T00:00:00Z,2.4419,1.2087,2.2913,5.9165,7.1164,9.8615
E0118,2026-02-10T00:00:00Z,3.535,-3.371,3.2331,3.9835,6.7345,8.0995
E0119,2026-02-10T00:00:00Z,3.4885,-1.4067,0.2627,5.3963,6.8002,6.8075
E0120,2026-02-10T00:00:00Z,2.7666,0.9418,3.994,4.6083,7.7643,8.0369
E0121,2026-02-10T00:00:00Z,2.6233,4.1313,4.7271,5.8371,8.8802,10.0279
E0122,2026-02-10T00:00:00Z,3.2176,1.1948,3.3672,5.9438,8.6435,8.5031
E0123,2026-02-10T00:00:00Z,2.9666,2.7366,6.6329,4.7732,8.4266,10.2718
E0124,2026-02-10T00:00:00Z,4.4274,-0.5043,2.4049,4.3226,6.6973,10.1374
E0125,2026-02-10T00:00:00Z,4.2713,2.9812,5.9397,5.8888,6.8035,9.6901
E0126,2026-02-10T00:00:00Z,2.8101,1.5904,3.6861,5.5592,6.6205,10.2216
E0127,2026-02-10T00:00:00Z,1.5616,1.3216,4.2445,4.8439,6.097,9.9322
E0128,2026-02-10T00:00:00Z,2.5376,1.8891,3.7067,4.7297,6.6471,9.0653
E0129,2026-02-10T00:00:00Z,2.1918,0.851,4.3964,5.1278,6.0198,8.8587
E0130,2026-02-10T00:00:00Z,3.5893,0.9028,3.2041,7.0444,6.846,9.6248
E0131,2026-02-10T00:00:00Z,1.8337,2.7819,4.8738,6.6984,6.7685,9.7135
E0132,2026-02-10T00:00:00Z,1.9201,-0.7006,2.8534,5.1101,6.8594,10.6444
E0133,2026-02-10T00:00:00Z,2.1695,0.575,3.5128,5.641,6.9562,8.1644
E0134,2026-02-10T00:00:00Z,1.7748,2.1723,4.5619,6.7142,6.4578,8.3395
E0135,2026-02-10T00:00:00Z,2.8441,2.6873,3.0974,5.9712,7.4128,11.0884
E0136,2026-02-10T00:00:00Z,2.9182,0.39,3.0441,4.0602,8.0109,8.3842
E0137,2026-02-10T00:00:00Z,2.6478,1.0339,3.2984,4.8674,8.9867,8.2796
E0138,2026-02-10T00:00:00Z,3.0609,1.5795,3.2334,6.0221,7.2113,9.3311
E0139,2026-02-10T00:00:00Z,2.6544,0.6194,2.9856,5.7742,8.1438,8.7849
E0140,2026-02-10T00:00:00Z,3.1377,0.6883,3.045,5.3825,8.0431,9.6728
E0141,2026-02-10T00:00:00Z,2.1277,0.0971,4.9985,5.3354,7.6201,8.7524
E0142,2026-02-10T00:00:00Z,4.0565,-1.5407,3.0185,5.2699,6.9879,8.9363
E0143,2026-02-10T00:00:00Z,2.3813,2.0451,2.0912,4.7861,6.4932,9.7999
E0144,2026-02-10T00:00:00Z,2.1479,3.1636,2.6809,6.2022,7.1339,8.7334
E0145,2026-02-10T00:00:00Z,3.2607,-0.7219,3.543,4.7242,7.8323,8.2584
E0146,2026-02-10T00:00:00Z,2.8476,1.7187,3.9891,4.7947,5.9012,7.2545
E0147,2026-02-10T00:00:00Z,2.8372,3.8466,3.5716,5.2635,7.1302,9.2611
E0148,2026-02-10T00:00:00Z,3.1149,2.8217,3.6722,6.0857,6.8671,9.2175
E0149,2026-02-10T00:00:00Z,3.071,1.6911,6.2476,5.3149,7.1455,8.9849
E0000,2026-02-11T00:00:00Z,2.0341,0.3871,2.8651,5.3543,6.9522,9.4453
E0001,2026-02-11T00:00:00Z,3.6806,-0.7239,3.9455,5.2452,7.3576,8.3345
E0002,2026-02-11T00:00:00Z,2.3538,0.8203,2.4862,5.0203,5.7006,10.1404
E0003,2026-02-11T00:00:00Z,3.6801,3.0179,4.1584,5.7313,9.0437,9.9709
E0004,2026-02-11T00:00:00Z,2.9472,0.2262,3.2367,5.8177,7.5996,10.2878
E0005,2026-02-11T00:00:00Z,2.6662,1.2148,2.2076,5.47,8.5698,9.2455
E0006,2026-02-11T00:00:00Z,3.5065,0.1332,3.2377,5.1632,6.234,10.6285
E0007,2026-02-11T00:00:00Z,1.5241,0.7685,4.0012,5.5422,5.7664,8.2426
E0008,2026-02-11T00:00:00Z,2.7041,-0.6478,2.8276,5.3823,6.2741,9.9211
E0009,2026-02-11T00:00:00Z,1.1838,0.6134,3.1082,5.4515,6.9155,9.0977
E0010,2026-02-11T00:00:00Z,3.3013,-0.184,3.4182,5.771,8.9554,10.2048
E0011,2026-02-11T00:00:00Z,3.1422,2.4882,3.6509,5.1161,7.7244,10.9167
E0012,2026-02-11T00:00:00Z,2.1406,0.8814,5.6482,6.0244,6.8261,9.7117
E0013,2026-02-11T00:00:00Z,2.6486,-0.7255,3.4129,5.6542,7.5734,8.9581
E0014,2026-02-11T00:00:00Z,3.5798,2.0472,4.2258,5.477,6.4103,10.4725
E0015,2026-02-11T00:00:00Z,2.4016,2.0805,1.9097,4.8628,6.0552,10.8457
E0016,2026-02-11T00:00:00Z,4.2558,-0.98,4.9183,5.2927,7.1782,10.2645
E0017,2026-02-11T00:00:00Z,4.3782,2.5961,3.0163,5.275,7.2031,9.1293
E0018,2026-02-11T00:00:00Z,3.1135,1.6263,0.6906,5.5942,7.3863,9.4286
E0019,2026-02-11T00:00:00Z,3.3108,2.1112,4.5385,5.1055,6.579,10.6435
E0020,2026-02-11T00:00:00Z,2.3765,1.1961,2.3107,6.3085,6.6367,9.6093
E0021,2026-02-11T00:00:00Z,3.9229,1.1178,2.1811,5.6735,6.5558,10.8064
E0022,2026-02-11T00:00:00Z,2.4976,0.5134,3.4143,6.4188,6.4453,9.5985
E0023,2026-02-11T00:00:00Z,2.3526,2.2647,1.8181,5.1144,6.9202,9.886
E0024,2026-02-11T00:00:00Z,2.6472,0.7143,2.7204,4.887,6.4736,10.6064
E0025,2026-02-11T00:00:00Z,3.165,1.2272,2.375,5.0418,7.104,9.5032
E0026,2026-02-11T00:00:00Z,2.0804,-0.0721,6.3231,5.5221,5.9238,10.5808
E0027,2026-02-11T00:00:00Z,2.8253,-0.1772,4.2861,5.6437,5.7728,8.9615
E0028,2026-02-11T00:00:00Z,3.1337,1.6145,6.0145,5.2147,7.7968,9.4489
E0029,2026-02-11T00:00:00Z,3.0797,0.3467,3.6718,4.9822,9.3347,8.0248
E0030,2026-02-11T00:00:00Z,3.6167,-0.3657,2.5353,4.1611,6.7324,8.5061
E0031,2026-02-11T00:00:00Z,2.8185,4.0157,3.7722,6.2143,8.1956,10.7027
E0032,2026-02-11T00:00:00Z,2.2845,1.5993,6.0146,6.3096,8.0689,11.4888
E0033,2026-02-11T00:00:00Z,2.4122,0.7941,4.1751,5.6246,7.9987,8.2327
E0034,2026-02-11T00:00:00Z,3.0944,1.6022,2.6049,5.7416,7.1257,9.7975
E0035,2026-02-11T00:00:00Z,3.4581,1.6765,2.8946,5.2135,8.607,7.9419
E0036,2026-02-11T00:00:00Z,3.2923,1.6121,4.8524,6.8078,5.9403,9.5738
E0037,2026-02-11T00:00:00Z,3.3815,1.6168,0.6095,4.892,7.0939,10.5504
E0038,2026-02-11T00:00:00Z,2.7774,-0.2029,2.3806,5.1582,7.6809,8.8367
E0039,2026-02-11T00:00:00Z,2.2333,-0.7773,3.117,5.4459,8.3261,9.4329
E0040,2026-02-11T00:00:00Z,2.2278,-0.391,4.3465,5.7718,7.7502,10.0067
E0041,2026-02-11T00:00:00Z,2.4007,-0.8108,2.9972,5.2199,7.6581,9.4879
E0042,2026-02-11T00:00:00Z,2.6839,1.4288,3.4048,6.1887,5.9286,9.8691
E0043,2026-02-11T00:00:00Z,3.8293,1.3952,3.2023,5.5424,7.3135,9.2317
E0044,2026-02-11T00:00:00Z,3.9154,1.2007,2.6377,5.4594,6.6932,11.2863
E0045,2026-02-11T00:00:00Z,4.1004,-0.2,4.9842,5.2904,7.9372,10.8976
E0046,2026-02-11T00:00:00Z,3.3953,1.5882,3.1466,3.9916,7.7402,8.5289
E0047,2026-02-11T00:00:00Z,2.5957,2.0786,4.2184,5.7605,7.7548,9.45
E0048,2026-02-11T00:00:00Z,3.6815,3.0497,2.7262,6.118,8.8996,9.8587
E0049,2026-02-11T00:00:00Z,3.6142,2.9909,4.5068,6.287,6.9188,8.9711
E0050,2026-02-11T00:00:00Z,2.257,3.0577,3.8933,5.5495,8.3829,8.5761
E0051,2026-02-11T00:00:00Z,3.4764,-0.9533,5.4861,5.5832,7.6174,11.0773
E0052,2026-02-11T00:00:00Z,2.6696,0.9467,3.1785,5.7043,7.9572,9.2963
E0053,2026-02-11T00:00:00Z,2.759,1.8562,3.4149,5.2199,6.3413,9.0746
E0054,2026-02-11T00:00:00Z,3.4113,1.3606,1.377,6.6035,6.61,9.3571
E0055,2026-02-11T00:00:00Z,2.0742,4.2342,0.5344,6.1947,8.0377,8.5678
E0056,2026-02-11T00:00:00Z,3.4678,1.5016,3.6342,5.7194,7.5738,10.1455
E0057,2026-02-11T00:00:00Z,2.4045,0.4043,1.8767,4.4439,5.8349,8.8222
E0058,2026-02-11T00:00:00Z,2.4761,1.6046,6.0927,5.8119,7.5612,10.1425
E0059,2026-02-11T00:00:00Z,4.4268,1.6838,2.976,4.6959,7.1722,8.8434
E0060,2026-02-11T00:00:00Z,2.5105,3.9892,4.3427,4.1093,8.3986,9.935
E0061,2026-02-11T00:00:00Z,2.6733,1.4355,3.8447,5.6732,7.6647,9.2102
E0062,2026-02-11T00:00:00Z,2.2302,-0.418,6.2036,4.6105,7.154,9.9078
E0063,2026-02-11T00:00:00Z,1.9356,0.5409,3.8779,6.6113,8.3338,10.8334
E0064,2026-02-11T00:00:00Z,2.3822,-0.5906,2.9505,5.0465,9.5146,9.8797
E0065,2026-02-11T00:00:00Z,2.9454,0.4092,3.4631,5.1697,7.596,10.0592
E0066,2026-02-11T00:00:00Z,2.6514,1.8107,3.7787,5.3103,9.3964,10.201
E0067,2026-02-11T00:00:00Z,3.2255,3.0212,2.4024,4.1275,8.678,9.8205
E0068,2026-02-11T00:00:00Z,3.2469,-0.4187,3.9916,5.0619,6.9438,8.9208
E0069,2026-02-11T00:00:00Z,2.8685,-1.7606,3.1076,4.7096,8.6978,8.9529
E0070,2026-02-11T00:00:00Z,3.1737,-0.2146,5.0026,5.0991,8.1246,9.1847
E0071,2026-02-11T00:00:00Z,3.4993,0.102,5.2931,6.0999,5.5192,8.9483
E0072,2026-02-11T00:00:00Z,3.6818,0.6663,6.2198,5.0853,6.5209,10.4147
E0073,2026-02-11T00:00:00Z,2.8413,1.0818,3.8749,5.896,6.4465,9.3078
E0074,2026-02-11T00:00:00Z,2.1803,1.6649,3.1537,5.7714,7.2961,8.7485
E0075,2026-02-11T00:00:00Z,1.6137,0.1805,1.9523,5.4341,8.5964,9.2234
E0076,2026-02-11T00:00:00Z,4.3423,2.7373,5.4309,4.8787,8.9655,7.7706
E0077,2026-02-11T00:00:00Z,4.3685,1.9007,3.0207,6.4052,7.6598,9.1497
E0078,2026-02-11T00:00:00Z,2.6703,2.021,5.4896,5.2626,7.9314,9.9845
E0079,2026-02-11T00:00:00Z,4.1033,0.4113,1.9883,5.4378,6.8139,8.3884
E0080,2026-02-11T00:00:00Z,2.3081,0.6771,3.088,5.4577,6.8751,10.0136
E0081,2026-02-11T00:00:00Z,3.4161,1.8348,3.7511,5.9862,7.0088,8.9027
E0082,2026-02-11T00:00:00Z,2.5232,-0.8604,2.8518,6.306,5.7466,10.3163
E0083,2026-02-11T00:00:00Z,4.1438,-1.1842,4.2184,5.4617,6.2962,11.4323
E0084,2026-02-11T00:00:00Z,3.4775,3.073,1.9936,5.572,9.6081,9.169
E0085,2026-02-11T00:00:00Z,2.9609,0.1968,3.8293,5.0043,6.8195,8.1813
E0086,2026-02-11T00:00:00Z,2.7543,0.651,4.337,4.8996,7.2625,10.5312
E0087,2026-02-11T00:00:00Z,3.7513,1.3606,5.276,5.0491,8.5613,9.7104
E0088,2026-02-11T00:00:00Z,3.9398,-0.0832,5.362,5.5129,6.5609,8.5678
E0089,2026-02-11T00:00:00Z,1.4906,-3.11,5.0744,5.6279,7.5735,8.8474
E0090,2026-02-11T00:00:00Z,2.3054,1.8965,2.7741,4.9504,6.8821,9.6005
E0091,2026-02-11T00:00:00Z,2.9214,2.0566,3.3047,6.8068,8.389,9.3836
E0092,2026-02-11T00:00:00Z,3.5773,-0.4835,3.7665,5.3519,7.0769,8.9095
E0093,2026-02-11T00:00:00Z,2.0157,0.6226,1.0918,4.8598,7.0008,9.2117
E0094,2026-02-11T00:00:00Z,3.1279,0.8758,3.8457,4.9484,6.8159,8.7131
E0095,2026-02-11T00:00:00Z,1.2671,1.3397,5.5366,4.9006,7.8637,10.4367
E0096,2026-02-11T00:00:00Z,3.4104,-1.6241,2.2714,5.8892,6.5805,7.4377
E0097,2026-02-11T00:00:00Z,3.3088,0.2494,3.465,5.6763,6.5502,10.4614
E0098,2026-02-11T00:00:00Z,2.2711,0.6086,5.5274,7.2876,8.7069,9.2954
E0099,2026-02-11T00:00:00Z,3.3382,1.3323,3.3347,5.6899,8.7909,8.6953
E0100,2026-02-11T00:00:00Z,3.6866,0.5192,3.8723,4.9794,7.4506,9.5628
E0101,2026-02-11T00:00:00Z,3.2293,2.0738,3.6274,5.3657,6.956,8.8142
E0102,2026-02-11T00:00:00Z,3.496,1.0597,5.4822,5.96,7.3288,8.7567
E0103,2026-02-11T00:00:00Z,2.657,-0.0035,1.5302,4.7239,6.9501,9.8671
E0104,2026-02-11T00:00:00Z,3.7883,0.5172,3.5863,5.2212,6.791,9.2868
E0105,2026-02-11T00:00:00Z,3.4073,0.9248,3.5952,5.4756,7.5438,9.9335
E0106,2026-02-11T00:00:00Z,1.9336,3.589,4.6645,5.2467,7.4478,9.004
E0107,2026-02-11T00:00:00Z,3.013,-0.1525,3.8486,4.9123,7.8283,10.2675
E0108,2026-02-11T00:00:00Z,2.8704,0.7473,7.0796,6.2308,6.5475,8.8648
E0109,2026-02-11T00:00:00Z,3.7894,-0.7223,5.1571,5.4465,8.2004,9.3664
E0110,2026-02-11T00:00:00Z,1.5782,-1.0237,4.6114,5.3679,6.4692,10.1722
E0111,2026-02-11T00:00:00Z,2.7289,0.0322,5.7919,5.8932,6.2083,7.7679
E0112,2026-02-11T00:00:00Z,2.0977,1.7055,4.5675,5.2942,7.468,8.956
E0113,2026-02-11T00:00:00Z,3.1713,-0.9456,1.8146,5.2873,5.8647,9.766
E0114,2026-02-11T00:00:00Z,2.8728,0.2874,6.2438,4.2115,4.5639,10.4479
E0115,2026-02-11T00:00:00Z,3.3215,0.7846,2.0024,6.3978,7.7956,9.5637
E0116,2026-02-11T00:00:00Z,2.3217,1.13,5.2558,5.3489,7.9122,10.608
E0117,2026-02-11T00:00:00Z,3.471,2.0648,3.3358,4.8671,6.5086,8.8648
E0118,2026-02-11T00:00:00Z,4.0881,-0.2061,4.5153,5.5227,8.3392,7.7821
E0119,2026-02-11T00:00:00Z,3.0935,2.6988,3.0324,5.696,6.197,9.1501
E0120,2026-02-11T00:00:00Z,3.5839,1.9635,5.2097,5.0681,7.9814,9.5909
E0121,2026-02-11T00:00:00Z,2.5907,-0.6229,3.8388,5.2182,7.3097,10.5073
E0122,2026-02-11T00:00:00Z,3.6543,-0.2542,4.8041,6.1257,8.5635,10.4368
E0123,2026-02-11T00:00:00Z,2.3214,-2.2851,2.4336,5.8783,7.0779,10.4117
E0124,2026-02-11T00:00:00Z,2.2791,1.5456,2.5392,5.1513,8.1278,9.9963
E0125,2026-02-11T00:00:00Z,3.6157,-0.3091,5.214,5.5077,7.4076,10.5483
E0126,2026-02-11T00:00:00Z,3.4943,1.5525,3.8183,5.5105,7.9567,9.877
E0127,2026-02-11T00:00:00Z,2.2705,0.6124,2.6242,6.0141,7.7498,10.3076
E0128,2026-02-11T00:00:00Z,2.8758,1.9933,4.0866,5.0022,7.4557,8.3496
E0129,2026-02-11T00:00:00Z,2.6987,1.8217,5.6033,5.6937,7.6478,10.4924
E0130,2026-02-11T00:00:00Z,4.0454,0.875,4.5952,6.2555,9.0345,9.6466
E0131,2026-02-11T00:00:00Z,0.9886,0.3412,2.7659,5.4827,8.4571,10.5522
E0132,2026-02-11T00:00:00Z,3.3853,-0.3597,0.7752,5.1992,8.0764,11.8948
E0133,2026-02-11T00:00:00Z,1.6831,1.9413,2.3877,5.5776,8.8774,8.599
E0134,2026-02-11T00:00:00Z,1.8979,-0.412,5.2709,5.6215,6.7616,8.2399
E0135,2026-02-11T00:00:00Z,3.672,3.3177,5.7827,4.9081,6.1169,8.0327
E0136,2026-02-11T00:00:00Z,3.7116,2.3994,3.6033,5.2941,7.5329,11.9847
E0137,2026-02-11T00:00:00Z,2.9408,3.1682,5.3781,5.4634,7.2815,10.7596
E0138,2026-02-11T00:00:00Z,1.7641,-1.143,6.4991,5.3576,6.4144,9.2177
E0139,2026-02-11T00:00:00Z,2.1293,1.7003,4.7591,4.7246,8.0941,7.7542
E0140,2026-02-11T00:00:00Z,3.7216,2.2219,4.9223,4.0432,8.2165,6.9339
E0141,2026-02-11T00:00:00Z,2.2371,2.5065,4.0469,5.5369,7.2111,9.2029
E0142,2026-02-11T00:00:00Z,2.704,0.0523,6.4334,5.7865,7.0818,8.3919
E0143,2026-02-11T00:00:00Z,4.359,2.0445,3.7841,4.6186,7.0199,9.4636
E0144,2026-02-11T00:00:00Z,3.3826,2.0583,2.4718,6.2163,8.068,10.3553
E0145,2026-02-11T00:00:00Z,2.7566,3.3375,3.2543,6.062,7.8427,10.1294
E0146,2026-02-11T00:00:00Z,2.7279,-1.6995,5.125,6.6497,7.2952,8.8283
E0147,2026-02-11T00:00:00Z,3.0637,-1.8728,2.8282,6.3211,7.3063,8.582
E0148,2026-02-11T00:00:00Z,3.1996,0.676,4.2812,6.0528,7.0968,9.3957
E0149,2026-02-11T00:00:00Z,2.8349,2.9524,3.6864,6.0899,5.3054,10.7664
E0000,2026-02-12T00:00:00Z,2.8278,2.3871,3.4302,5.7528,7.6802,8.6696
E0001,2026-02-12T00:00:00Z,3.3549,2.1484,0.0004,5.1183,7.77,11.1789
E0002,2026-02-12T00:00:00Z,2.4948,0.1947,4.1953,5.7543,7.7133,9.4818
E0003,2026-02-12T00:00:00Z,3.1739,1.1813,3.6045,4.9952,7.4071,9.5273
E0004,2026-02-12T00:00:00Z,2.4069,3.356,5.7034,5.3092,8.7978,9.505
E0005,2026-02-12T00:00:00Z,2.9191,3.5263,3.7272,5.1341,6.6531,9.2647
E0006,2026-02-12T00:00:00Z,2.5476,1.2686,2.9568,4.6418,7.8308,10.0311
E0007,2026-02-12T00:00:00Z,2.7089,0.298,4.5977,5.72,7.7347,8.98
E0008,2026-02-12T00:00:00Z,1.3975,0.2414,3.3919,4.3641,7.2114,8.9799
E0009,2026-02-12T00:00:00Z,2.6423,1.849,4.492,5.5173,8.3958,9.3237
E0010,2026-02-12T00:00:00Z,2.5941,0.3067,3.7762,5.0971,6.1599,8.9755
E0011,2026-02-12T00:00:00Z,3.2686,-0.7256,4.7195,4.9289,7.8276,10.7284
E0012,2026-02-12T00:00:00Z,2.6348,-1.9558,3.9726,4.7324,6.5136,10.3125
E0013,2026-02-12T00:00:00Z,3.0194,0.1817,4.7611,6.0391,6.1071,8.5599
E0014,2026-02-12T00:00:00Z,2.397,-1.4755,3.1673,5.6315,7.5514,8.0693
E0015,2026-02-12T00:00:00Z,2.4903,0.5977,3.7336,4.9907,7.5044,8.3954
E0016,2026-02-12T00:00:00Z,2.9073,-3.0103,2.8761,6.2743,7.1114,8.831
E0017,2026-02-12T00:00:00Z,3.469,1.5472,2.2824,6.371,7.1203,11.2305
E0018,2026-02-12T00:00:00Z,2.75,1.9809,4.1703,5.3146,7.2652,7.6806
E0019,2026-02-12T00:00:00Z,2.6806,-0.2345,5.4914,5.1852,7.8211,10.6933
E0020,2026-02-12T00:00:00Z,3.3695,-0.401,1.2826,5.666,6.9742,9.7582
E0021,2026-02-12T00:00:00Z,3.4498,3.917,4.1347,4.5819,6.4657,10.5574
E0022,2026-02-12T00:00:00Z,2.9719,1.3399,3.0146,5.1935,7.5079,8.0421
E0023,2026-02-12T00:00:00Z,2.915,3.0551,1.436,5.0593,7.4297,8.7825
E0024,2026-02-12T00:00:00Z,3.1877,2.6359,2.6825,6.7065,7.4307,10.4128
E0025,2026-02-12T00:00:00Z,3.5678,2.596,3.8176,5.6908,5.2826,7.7981
E0026,2026-02-12T00:00:00Z,3.223,1.7425,4.3047,4.4914,5.8196,9.9026
E0027,2026-02-12T00:00:00Z,2.4588,0.5044,4.8954,4.4786,6.9106,9.0668
E0028,2026-02-12T00:00:00Z,2.5679,4.1257,3.1515,5.3871,6.8009,10.9063
E0029,2026-02-12T00:00:00Z,3.0094,0.762,4.6084,5.1118,7.1136,9.4793
E0030,2026-02-12T00:00:00Z,2.7756,1.5636,1.7392,5.2578,7.2542,9.3981
E0031,2026-02-12T00:00:00Z,2.8374,-1.3695,2.252,5.7053,6.6611,11.6268
E0032,2026-02-12T00:00:00Z,3.7195,-2.0068,3.6783,4.9968,7.8704,11.4452
E0033,2026-02-12T00:00:00Z,2.6868,1.0005,2.1417,6.5255,6.8227,10.5149
E0034,2026-02-12T00:00:00Z,1.6975,0.1362,3.7251,5.2277,5.6837,9.6508
E0035,2026-02-12T00:00:00Z,3.1706,0.4503,2.6839,5.4492,8.2913,8.4791
E0036,2026-02-12T00:00:00Z,3.5255,0.5008,4.3889,5.2527,7.0298,7.2836
E0037,2026-02-12T00:00:00Z,2.4019,1.275,4.0499,5.3584,5.8139,8.781
E0038,2026-02-12T00:00:00Z,1.8318,2.0235,3.5002,5.7197,9.1339,9.705
E0039,2026-02-12T00:00:00Z,2.0244,1.3695,2.9723,4.4181,7.8025,11.4526
E0040,2026-02-12T00:00:00Z,1.9096,-2.272,3.1293,5.6245,9.1047,8.8125
E0041,2026-02-12T00:00:00Z,4.013,-1.1838,5.3672,5.9423,6.7249,8.7009
E0042,2026-02-12T00:00:00Z,3.2525,1.155,3.18,4.8337,7.4131,9.1634
E0043,2026-02-12T00:00:00Z,2.8569,1.9133,3.6548,5.1162,6.9317,10.7272
E0044,2026-02-12T00:00:00Z,3.1547,0.7426,3.5115,5.0831,7.6472,10.1377
E0045,2026-02-12T00:00:00Z,2.6169,0.7589,3.4362,5.2559,6.0686,7.8636
E0046,2026-02-12T00:00:00Z,1.7753,3.5571,5.0853,5.878,6.7994,10.2343
E0047,2026-02-12T00:00:00Z,2.5229,1.2568,1.8449,4.9933,5.9894,9.4866
E0048,2026-02-12T00:00:00Z,2.184,2.7451,1.5096,6.0216,6.4374,9.4667
E0049,2026-02-12T00:00:00Z,2.3441,-0.5653,5.6149,5.2007,6.5433,10.7842
E0050,2026-02-12T00:00:00Z,3.1632,3.2754,6.2891,4.9003,9.252,10.8387
E0051,2026-02-12T00:00:00Z,3.0319,0.5651,2.9883,5.4462,8.2462,9.7797
E0052,2026-02-12T00:00:00Z,4.0774,1.6596,3.434,6.0532,7.3506,10.3033
E0053,2026-02-12T00:00:00Z,2.6382,4.1491,3.5225,3.8037,9.0156,8.621
E0054,2026-02-12T00:00:00Z,1.8229,2.88,4.4951,5.7318,7.5679,9.8842
E0055,2026-02-12T00:00:00Z,3.1893,1.9597,4.3974,5.0948,6.933,8.5535
E0056,2026-02-12T00:00:00Z,2.9613,-1.913,4.4078,5.8188,5.6466,10.2733
E0057,2026-02-12T00:00:00Z,2.5635,0.27,2.5482,5.4644,8.5749,10.0843
E0058,2026-02-12T00:00:00Z,2.4988,0.2551,3.4137,5.0163,6.4588,9.9982
E0059,2026-02-12T00:00:00Z,3.0179,1.372,3.3835,4.8076,7.2992,7.7175
E0060,2026-02-12T00:00:00Z,3.5219,2.2131,4.4841,5.0485,6.3977,9.9839
E0061,2026-02-12T00:00:00Z,2.5062,2.1009,4.0941,6.0169,8.2467,10.6337
E0062,2026-02-12T00:00:00Z,2.1744,-0.5896,4.0355,4.7395,4.624,10.4765
E0063,2026-02-12T00:00:00Z,2.7357,2.3311,3.8943,5.4137,7.0326,11.2371
E0064,2026-02-12T00:00:00Z,2.6254,1.8299,3.5304,5.2887,8.9629,7.8729
E0065,2026-02-12T00:00:00Z,2.5143,1.2589,4.3315,5.6983,6.3284,10.0072
E0066,2026-02-12T00:00:00Z,3.4965,0.7831,1.2627,5.4634,7.5973,8.9923
E0067,2026-02-12T00:00:00Z,1.8091,0.6715,4.1956,5.9662,7.033,8.2854
E0068,2026-02-12T00:00:00Z,2.5772,2.4641,4.1605,6.6562,7.2637,8.7144
E0069,2026-02-12T00:00:00Z,2.7273,-0.7791,3.3365,6.1278,6.9954,8.4094
E0070,2026-02-12T00:00:00Z,2.3474,-0.7868,2.0109,4.5426,7.6778,9.841
E0071,2026-02-12T00:00:00Z,3.579,1.4014,2.5292,6.7762,7.5697,8.7631
E0072,2026-02-12T00:00:00Z,1.7546,1.443,4.649,6.2243,7.7552,10.0091
E0073,2026-02-12T00:00:00Z,3.4853,-2.6094,4.0368,5.4205,6.3605,10.4915
E0074,2026-02-12T00:00:00Z,3.1882,-0.9199,3.9026,5.4824,6.9565,9.905
E0075,2026-02-12T00:00:00Z,2.9886,-1.6082,4.4164,5.6717,8.5774,10.5111
E0076,2026-02-12T00:00:00Z,3.927,1.9811,5.1374,6.7088,6.2273,9.3493
E0077,2026-02-12T00:00:00Z,1.6575,1.7292,3.0362,6.0442,7.4332,7.0097
E0078,2026-02-12T00:00:00Z,3.6261,0.7326,5.3983,6.8064,8.5998,10.4357
E0079,2026-02-12T00:00:00Z,1.9622,0.7609,2.3523,4.5425,7.0843,9.0092
E0080,2026-02-12T00:00:00Z,2.7726,1.2394,5.0063,4.401,7.7541,9.1443
E0081,2026-02-12T00:00:00Z,2.3449,1.1463,5.9199,5.5586,6.8554,8.5613
E0082,2026-02-12T00:00:00Z,3.3927,2.1834,3.0226,5.5889,7.3199,8.3279
E0083,2026-02-12T00:00:00Z,2.3451,-0.1767,1.9616,4.9609,7.7604,8.4539
E0084,2026-02-12T00:00:00Z,2.95,2.9593,2.6911,4.7349,7.6461,12.1243
E0085,2026-02-12T00:00:00Z,2.3323,0.1212,2.3354,5.6748,7.2241,9.5264
E0086,2026-02-12T00:00:00Z,1.8393,-1.0453,1.1551,5.2258,7.1193,8.2933
E0087,2026-02-12T00:00:00Z,4.0197,2.0665,2.0347,5.1565,7.6723,9.3772
E0088,2026-02-12T00:00:00Z,1.5501,-0.6539,6.0207,5.814,7.1403,8.5814
E0089,2026-02-12T00:00:00Z,3.0234,0.9569,2.2909,6.2778,6.6619,8.7617
E0090,2026-02-12T00:00:00Z,2.3917,-1.6198,3.8926,5.8126,6.4277,10.1212
E0091,2026-02-12T00:00:00Z,1.7906,-0.706,2.5413,6.4791,8.5927,10.3347
E0092,2026-02-12T00:00:00Z,2.7404,-1.8984,5.5619,5.2948,8.2673,10.2583
E0093,2026-02-12T00:00:00Z,2.6245,3.3848,2.9088,4.9894,5.8957,9.5684
E0094,2026-02-12T00:00:00Z,2.7431,0.3116,2.1172,5.6405,7.5184,10.2319
E0095,2026-02-12T00:00:00Z,1.751,-0.4428,2.6942,5.1451,7.1922,10.6559
E0096,2026-02-12T00:00:00Z,2.1757,-0.2235,2.4491,5.2905,8.0874,7.2312
E0097,2026-02-12T00:00:00Z,1.6828,-0.5394,2.1435,5.3321,8.1435,8.858
E0098,2026-02-12T00:00:00Z,2.0159,1.0383,5.2226,4.8305,10.2597,10.1342
E0099,2026-02-12T00:00:00Z,3.973,0.6899,3.4183,5.9564,7.1171,9.1723
E0100,2026-02-12T00:00:00Z,2.2132,-0.7609,4.2292,5.8018,5.621,9.5997
E0101,2026-02-12T00:00:00Z,2.7882,-1.8864,5.946,5.5257,6.5667,10.6846
E0102,2026-02-12T00:00:00Z,3.1861,-1.2146,5.6019,5.9489,7.8233,9.0828
E0103,2026-02-12T00:00:00Z,1.8457,1.6838,4.558,5.7879,8.3384,9.2811
E0104,2026-02-12T00:00:00Z,2.656,1.8627,6.1418,5.4428,5.9673,9.8592
E0105,2026-02-12T00:00:00Z,4.758,3.1626,7.1136,5.9545,8.6048,10.0149
E0106,2026-02-12T00:00:00Z,2.9638,3.5517,5.2723,5.6422,6.8896,10.3978
E0107,2026-02-12T00:00:00Z,3.456,0.9686,4.0038,4.7915,7.3443,8.3184
E0108,2026-02-12T00:00:00Z,1.5818,2.3174,2.258,5.6615,7.6794,9.014
E0109,2026-02-12T00:00:00Z,2.7164,-1.0,3.0729,5.3653,8.36,10.4399
E0110,2026-02-12T00:00:00Z,3.6326,0.0133,3.1322,5.6275,7.1406,8.9548
E0111,2026-02-12T00:00:00Z,3.0648,0.6609,0.7718,6.1935,5.5395,9.6889
E0112,2026-02-12T00:00:00Z,2.3132,1.9953,5.4776,5.8354,8.2653,8.7954
E0113,2026-02-12T00:00:00Z,2.6974,-0.1974,3.2581,6.0984,8.5195,10.3478
E0114,2026-02-12T00:00:00Z,2.1127,1.0054,1.9219,5.7344,7.0285,11.1045
E0115,2026-02-12T00:00:00Z,4.3759,-0.1006,2.6473,5.0705,7.0131,8.7812
E0116,2026-02-12T00:00:00Z,2.0149,3.6304,4.1751,5.5026,9.0366,10.2973
E0117,2026-02-12T00:00:00Z,2.0991,0.1665,3.6244,5.5289,5.9721,9.9689
E0118,2026-02-12T00:00:00Z,3.3456,-1.2672,1.0529,3.72,7.5837,9.1112
E0119,2026-02-12T00:00:00Z,3.5181,0.9069,5.6013,5.345,8.5993,8.9779
E0120,2026-02-12T00:00:00Z,3.5439,-1.4456,2.1807,5.8456,6.719,8.1337
E0121,2026-02-12T00:00:00Z,3.2506,1.2419,4.0198,5.0068,7.4119,9.426
E0122,2026-02-12T00:00:00Z,3.4976,0.8328,6.2576,5.7603,6.7744,9.8744
E0123,2026-02-12T00:00:00Z,2.4903,2.4786,3.3924,6.1026,7.9822,10.3679
E0124,2026-02-12T00:00:00Z,1.8826,0.953,5.5633,5.1694,7.8868,11.3624
E0125,2026-02-12T00:00:00Z,3.1211,-0.3627,3.2497,6.4369,6.9669,9.6371
E0126,2026-02-12T00:00:00Z,3.3736,-1.4927,4.6122,4.6793,7.5896,7.9912
E0127,2026-02-12T00:00:00Z,2.7831,-0.1372,2.9496,4.7906,8.7298,10.2877
E0128,2026-02-12T00:00:00Z,3.2635,0.0671,4.3396,4.8943,8.5617,9.2513
E0129,2026-02-12T00:00:00Z,2.9326,2.1517,3.7942,6.3223,5.9026,6.5957
E0130,2026-02-12T00:00:00Z,3.0713,1.188,2.4986,4.9455,7.9898,9.5307
E0131,2026-02-12T00:00:00Z,1.884,-1.6038,3.5374,5.8229,8.2624,10.8453
E0132,2026-02-12T00:00:00Z,2.1373,-1.6437,3.9034,4.9664,5.8907,8.6085
E0133,2026-02-12T00:00:00Z,2.13,1.5092,1.3749,5.3304,8.1958,9.6625
E0134,2026-02-12T00:00:00Z,3.7977,0.8768,2.8618,5.7793,6.1379,9.5039
E0135,2026-02-12T00:00:00Z,3.1983,4.3804,2.5418,5.2377,6.7734,9.3812
E0136,2026-02-12T00:00:00Z,1.6773,0.4895,4.0655,5.2359,7.1498,9.4693
E0137,2026-02-12T00:00:00Z,4.1015,-1.1109,2.5634,5.8373,5.8831,9.9736
E0138,2026-02-12T00:00:00Z,3.1421,-0.192,4.7152,7.0999,6.5322,9.7916
E0139,2026-02-12T00:00:00Z,2.6876,2.5333,5.6735,5.0558,8.3809,9.8792
E0140,2026-02-12T00:00:00Z,2.3575,-0.7228,2.878,5.1144,5.8674,9.3389
E0141,2026-02-12T00:00:00Z,2.6269,0.2447,5.6623,5.6779,9.9062,8.3269
E0142,2026-02-12T00:00:00Z,1.8123,0.1158,4.5289,4.9043,7.3215,8.255
E0143,2026-02-12T00:00:00Z,3.3116,0.0348,4.2305,3.9949,7.825,7.9196
E0144,2026-02-12T00:00:00Z,2.1705,-0.6023,3.7124,4.2888,8.3497,7.7026
E0145,2026-02-12T00:00:00Z,3.5082,2.3333,2.3716,5.4872,7.4694,9.9572
E0146,2026-02-12T00:00:00Z,2.8245,1.3358,0.7899,4.9014,7.595,8.9883
E0147,2026-02-12T00:00:00Z,2.9771,0.5223,3.2003,5.3237,8.4561,10.782
E0148,2026-02-12T00:00:00Z,2.7226,0.4379,3.0811,5.5425,7.4091,8.9741
E0149,2026-02-12T00:00:00Z,4.8021,-1.0283,1.088,7.0045,6.9842,8.3783
E0000,2026-02-13T00:00:00Z,3.4742,-0.2615,1.856,5.577,7.8266,8.8748
E0001,2026-02-13T00:00:00Z,1.9701,1.8831,3.322,4.5625,6.8472,9.3793
E0002,2026-02-13T00:00:00Z,2.9513,1.3348,5.0872,5.6411,7.6686,7.9366
E0003,2026-02-13T00:00:00Z,2.4189,-0.2381,3.7876,5.794,7.5325,10.1129
E0004,2026-02-13T00:00:00Z,3.2355,-1.4636,2.5718,6.1147,6.3675,10.3065
E0005,2026-02-13T00:00:00Z,3.072,0.6456,4.2278,6.1203,9.184,8.8069
E0006,2026-02-13T00:00:00Z,3.17,3.7834,3.7255,5.9951,7.295,10.1042
E0007,2026-02-13T00:00:00Z,2.7275,0.3469,3.5422,6.5816,7.7254,10.6127
E0008,2026-02-13T00:00:00Z,4.5148,1.0547,4.5435,5.3534,6.5311,9.1578
E0009,2026-02-13T00:00:00Z,3.8951,3.169,5.425,5.3508,8.0795,9.6627
E0010,2026-02-13T00:00:00Z,2.69,0.2504,1.5846,4.4949,8.7164,10.6308
E0011,2026-02-13T00:00:00Z,2.6256,2.6157,3.2398,6.266,7.838,10.1002
E0012,2026-02-13T00:00:00Z,2.9594,-1.142,3.8471,5.7548,6.6789,8.1789
E0013,2026-02-13T00:00:00Z,2.6831,1.3254,6.9222,4.3117,6.5316,9.538
E0014,2026-02-13T00:00:00Z,3.4003,1.1254,5.145,5.3256,6.992,11.1131
E0015,2026-02-13T00:00:00Z,2.6511,-0.5128,2.4714,5.9431,7.629,9.9288
E0016,2026-02-13T00:00:00Z,3.1125,0.4271,1.784,6.0089,9.9071,10.1438
E0017,2026-02-13T00:00:00Z,2.4241,0.1897,4.5753,5.3794,6.8203,8.578
E0018,2026-02-13T00:00:00Z,3.6657,2.2002,0.4098,4.572,6.9498,9.2193
E0019,2026-02-13T00:00:00Z,3.166,0.1504,4.7568,5.3065,9.6229,9.9239
E0020,2026-02-13T00:00:00Z,2.6296,-0.4134,4.5501,6.1273,9.059,10.233
E0021,2026-02-13T00:00:00Z,4.2024,2.63,2.6068,5.9878,6.0868,8.3204
E0022,2026-02-13T00:00:00Z,4.2059,4.5587,2.2464,6.2339,7.1057,8.7338
E0023,2026-02-13T00:00:00Z,2.8862,2.2933,3.2629,4.1853,5.9014,9.4588
E0024,2026-02-13T00:00:00Z,2.6649,1.0277,1.8333,5.5034,7.4781,9.6384
E0025,2026-02-13T00:00:00Z,2.6017,1.5064,4.9135,4.9216,6.3043,10.4892
E0026,2026-02-13T00:00:00Z,2.5231,0.4943,3.5045,5.1118,8.2572,9.6882
E0027,2026-02-13T00:00:00Z,3.8322,1.3619,3.1393,5.1668,7.2732,9.4343
E0028,2026-02-13T00:00:00Z,2.9895,0.7794,4.7232,6.2943,7.3309,10.8913
E0029,2026-02-13T00:00:00Z,1.6745,1.8488,4.1765,6.3774,7.4955,8.9595
E0030,2026-02-13T00:00:00Z,3.5132,1.7387,4.1419,6.8391,7.6846,9.4557
E0031,2026-02-13T00:00:00Z,4.0033,4.102,2.117,5.8536,7.0546,9.7574
E0032,2026-02-13T00:00:00Z,2.3163,2.6684,3.1461,5.8029,6.3659,7.4949
E0033,2026-02-13T00:00:00Z,4.1406,0.3603,4.4859,4.3811,6.4981,9.0691
E0034,2026-02-13T00:00:00Z,3.939,1.7261,5.4098,4.564,9.1249,9.3758
E0035,2026-02-13T00:00:00Z,2.4518,2.7967,2.0304,5.8117,7.1283,10.2657
E0036,2026-02-13T00:00:00Z,2.9224,3.1867,3.244,5.7489,6.6234,7.0713
E0037,2026-02-13T00:00:00Z,3.1037,1.8155,4.123,6.0569,5.8543,9.9309
E0038,2026-02-13T00:00:00Z,2.6773,1.8182,3.5695,5.9374,8.9146,9.5896
E0039,2026-02-13T00:00:00Z,2.6506,1.7278,4.5674,5.6695,7.2477,11.4165
E0040,2026-02-13T00:00:00Z,3.5983,-0.6811,3.1606,5.7006,7.5506,10.9736
E0041,2026-02-13T00:00:00Z,2.324,1.1645,4.5844,5.5184,7.8241,8.3759
E0042,2026-02-13T00:00:00Z,2.2905,-0.3332,6.5532,5.5395,7.9084,9.1777
E0043,2026-02-13T00:00:00Z,3.4052,-2.1032,2.6876,5.0036,5.1901,9.0327
E0044,2026-02-13T00:00:00Z,2.157,1.2719,5.0256,5.4862,7.1987,10.6208
E0045,2026-02-13T00:00:00Z,3.4106,-0.6755,4.928,5.1288,8.2514,11.0993
E0046,2026-02-13T00:00:00Z,2.8522,1.4904,3.4649,6.1669,7.169,8.213
E0047,2026-02-13T00:00:00Z,2.1354,1.1378,2.6918,5.4691,6.3182,8.575
E0048,2026-02-13T00:00:00Z,3.4151,-1.7328,1.2548,5.4045,6.4461,9.0512
E0049,2026-02-13T00:00:00Z,3.6013,0.2463,3.8799,6.3232,7.7855,10.8265
E0050,2026-02-13T00:00:00Z,2.1498,0.6974,2.5788,4.7266,8.6074,8.8547
E0051,2026-02-13T00:00:00Z,2.0389,1.2519,2.2928,5.0979,6.9612,9.2859
E0052,2026-02-13T00:00:00Z,2.2197,1.2996,5.045,5.1679,6.9131,9.4983
E0053,2026-02-13T00:00:00Z,3.2779,1.5993,3.7908,5.5125,7.4816,8.8091
E0054,2026-02-13T00:00:00Z,2.0678,-0.7061,1.6948,5.2487,6.6079,10.0629
E0055,2026-02-13T00:00:00Z,1.8409,1.3094,7.6084,5.4501,5.5317,9.6555
E0056,2026-02-13T00:00:00Z,2.6938,-1.0065,2.4912,4.4637,7.3837,8.8592
E0057,2026-02-13T00:00:00Z,3.306,-0.5084,4.7771,5.9922,7.2796,9.6052
E0058,2026-02-13T00:00:00Z,1.7059,2.2861,2.9297,5.9649,7.293,8.9381
E0059,2026-02-13T00:00:00Z,2.7154,5.2588,4.2034,4.0103,7.9729,9.5872
E0060,2026-02-13T00:00:00Z,2.1088,-1.5913,4.3885,4.2012,5.7663,10.7556
E0061,2026-02-13T00:00:00Z,3.1659,-1.8966,3.5183,5.8923,7.4959,8.2736
E0062,2026-02-13T00:00:00Z,3.1092,0.6249,5.0161,5.5087,6.8713,10.5772
E0063,2026-02-13T00:00:00Z,3.9052,1.5109,4.9331,5.6807,8.6159,7.8798
E0064,2026-02-13T00:00:00Z,1.9365,1.0303,5.914,4.8192,8.0111,9.3661
E0065,2026-02-13T00:00:00Z,2.0211,3.161,4.2596,5.0374,7.288,9.8249
E0066,2026-02-13T00:00:00Z,2.5534,-1.0078,4.521,6.5468,7.2224,8.5755
E0067,2026-02-13T00:00:00Z,2.8343,-0.6951,3.7369,4.7648,6.0906,9.2416
E0068,2026-02-13T00:00:00Z,2.8834,-1.7377,2.5537,5.9107,6.9164,9.8666
E0069,2026-02-13T00:00:00Z,3.0925,-0.6872,3.6029,4.99,7.3926,10.3353
E0070,2026-02-13T00:00:00Z,3.0446,1.3776,2.9671,5.2668,7.4653,9.0296
E0071,2026-02-13T00:00:00Z,3.0851,-0.5429,4.4644,5.5306,8.7689,10.0395
E0072,2026-02-13T00:00:00Z,2.6724,2.3338,4.6754,5.8402,7.0183,7.8647
E0073,2026-02-13T00:00:00Z,2.9887,-0.4103,3.0101,5.4012,8.3451,8.6065
E0074,2026-02-13T00:00:00Z,2.6934,0.6079,3.8682,5.9125,6.1169,10.1991
E0075,2026-02-13T00:00:00Z,2.8274,1.3857,4.5141,6.5075,8.4478,10.0851
E0076,2026-02-13T00:00:00Z,4.0579,1.8848,3.9337,5.6456,6.5787,7.6472
E0077,2026-02-13T00:00:00Z,2.5969,0.1924,3.9011,5.4187,8.4124,8.9719
E0078,2026-02-13T00:00:00Z,2.5449,1.8889,4.5996,5.4826,5.2483,9.5624
E0079,2026-02-13T00:00:00Z,2.61,0.1931,3.2051,5.4453,8.1469,10.4186
E0080,2026-02-13T00:00:00Z,2.453,4.0484,3.3069,6.0495,6.0032,10.4563
E0081,2026-02-13T00:00:00Z,2.4706,0.6489,4.1545,5.8668,6.8983,10.3555
E0082,2026-02-13T00:00:00Z,1.9871,0.0194,2.8006,5.589,7.3027,8.9255
E0083,2026-02-13T00:00:00Z,2.5465,0.4162,2.0987,6.7361,7.1299,8.9135
E0084,2026-02-13T00:00:00Z,3.2829,3.4637,6.2656,5.504,6.3503,10.4747
E0085,2026-02-13T00:00:00Z,2.9752,3.5075,6.2,5.1956,8.7174,9.3555
E0086,2026-02-13T00:00:00Z,4.0462,3.0278,3.0919,5.2649,7.416,8.2665
E0087,2026-02-13T00:00:00Z,3.7481,-1.1641,4.045,6.0746,5.5849,8.9294
E0088,2026-02-13T00:00:00Z,2.7313,1.5437,2.4614,5.6123,7.2165,9.3879
E0089,2026-02-13T00:00:00Z,2.9138,-0.6977,4.0509,5.7636,7.7668,9.7332
E0090,2026-02-13T00:00:00Z,4.0513,2.4823,2.7014,5.1967,6.0269,10.8382
E0091,2026-02-13T00:00:00Z,2.1971,1.3247,4.3453,5.6809,6.8839,8.929
E0092,2026-02-13T00:00:00Z,2.8705,3.1739,4.094,5.7553,5.7649,10.815
E0093,2026-02-13T00:00:00Z,1.6181,0.1394,3.0879,5.1598,7.3743,8.2832
E0094,2026-02-13T00:00:00Z,2.9879,0.718,3.3053,5.886,7.3914,9.6772
E0095,2026-02-13T00:00:00Z,3.4807,0.4016,4.9281,5.871,9.0478,9.8557
E0096,2026-02-13T00:00:00Z,3.6054,-1.8723,2.9144,4.9241,7.8534,10.1835
E0097,2026-02-13T00:00:00Z,2.6461,-0.4857,6.202,5.1319,6.8375,8.3853
E0098,2026-02-13T00:00:00Z,3.3939,-1.3808,6.318,5.655,6.6905,9.6153
E0099,2026-02-13T00:00:00Z,1.9078,0.1814,2.8102,5.4687,8.6628,10.1269
E0100,2026-02-13T00:00:00Z,3.0754,1.697,5.595,4.9948,6.9274,10.1881
E0101,2026-02-13T00:00:00Z,1.4078,3.61,3.0175,5.5039,7.1627,11.1887
E0102,2026-02-13T00:00:00Z,2.6026,2.3872,5.1198,4.8038,8.2541,10.0893
E0103,2026-02-13T00:00:00Z,3.2811,0.2871,5.6607,4.8536,7.3801,9.2323
E0104,2026-02-13T00:00:00Z,2.5461,1.4655,3.708,5.6054,7.1217,9.1947
E0105,2026-02-13T00:00:00Z,2.5186,0.1036,3.9488,4.7146,8.5053,10.3426
E0106,2026-02-13T00:00:00Z,3.8837,0.185,1.1967,5.8582,7.6683,8.2782
E0107,2026-02-13T00:00:00Z,3.3229,-2.0609,3.0162,4.6467,7.124,8.7743
E0108,2026-02-13T00:00:00Z,3.7788,1.4671,3.6187,5.3292,6.5074,8.4768
E0109,2026-02-13T00:00:00Z,4.0005,-0.8753,5.2561,4.7751,6.1184,7.7963
E0110,2026-02-13T00:00:00Z,3.6954,0.6516,4.5376,4.3428,7.0224,11.0703
E0111,2026-02-13T00:00:00Z,2.456,0.8527,5.1015,5.4785,7.8752,10.2587
E0112,2026-02-13T00:00:00Z,2.7615,0.5228,5.2597,5.7444,7.3579,10.3294
E0113,2026-02-13T00:00:00Z,2.5453,2.0773,2.3062,5.6829,7.8686,8.7937
E0114,2026-02-13T00:00:00Z,2.7863,1.1009,3.0046,5.768,5.3407,8.5764
E0115,2026-02-13T00:00:00Z,3.3528,0.9592,3.7207,6.0629,6.9778,11.3203
E0116,2026-02-13T00:00:00Z,3.8597,0.6309,4.8252,4.9989,7.2452,9.6677
E0117,2026-02-13T00:00:00Z,2.1982,-0.4841,3.8516,4.8504,7.3363,9.025
E0118,2026-02-13T00:00:00Z,2.378,1.3449,3.9821,5.0709,7.3018,9.413
E0119,2026-02-13T00:00:00Z,2.5131,1.8381,3.2202,4.7337,7.027,8.6582
E0120,2026-02-13T00:00:00Z,2.6844,3.3942,1.9167,6.164,8.4132,9.6101
E0121,2026-02-13T00:00:00Z,3.3483,0.0947,2.391,6.556,7.0857,9.3323
E0122,2026-02-13T00:00:00Z,3.6953,0.8991,4.526,6.4841,9.4292,9.4165
E0123,2026-02-13T00:00:00Z,4.3134,1.9838,5.7053,5.3749,7.3979,9.06
E0124,2026-02-13T00:00:00Z,2.3216,4.1826,2.6244,5.8585,7.7233,9.9223
E0125,2026-02-13T00:00:00Z,3.0987,1.4087,5.2056,5.0581,6.4651,8.8194
E0126,2026-02-13T00:00:00Z,3.6883,1.4662,3.9332,5.5157,7.4482,9.8614
E0127,2026-02-13T00:00:00Z,1.304,0.9121,4.8459,5.9767,7.0453,9.5293
E0128,2026-02-13T00:00:00Z,3.5024,2.2853,2.5149,5.2801,7.7677,8.7979
E0129,2026-02-13T00:00:00Z,2.642,-0.5712,6.1613,6.2487,6.2653,9.8425
E0130,2026-02-13T00:00:00Z,2.8711,2.9111,5.8151,5.5144,8.74,10.4311
E0131,2026-02-13T00:00:00Z,2.8437,-1.061,2.571,5.4173,8.1086,10.7985
E0132,2026-02-13T00:00:00Z,2.1509,2.3088,6.5978,5.6375,7.323,9.5249
E0133,2026-02-13T00:00:00Z,2.6592,-0.6216,1.7884,4.5463,8.7125,9.2693
E0134,2026-02-13T00:00:00Z,2.7385,-2.6709,6.0006,6.3699,6.8545,9.96
E0135,2026-02-13T00:00:00Z,3.0065,-2.0865,2.9085,5.9817,8.5058,9.9968
E0136,2026-02-13T00:00:00Z,1.4172,0.1241,3.347,5.6444,6.7807,11.0771
E0137,2026-02-13T00:00:00Z,3.2405,0.0928,5.9701,4.9453,8.1858,10.0805
E0138,2026-02-13T00:00:00Z,2.6827,-3.0644,4.5039,5.5023,8.716,8.6548
E0139,2026-02-13T00:00:00Z,2.8124,2.6762,5.6258,5.1293,8.4236,9.1109
E0140,2026-02-13T00:00:00Z,2.5086,1.378,2.8811,5.5768,7.9774,9.9172
E0141,2026-02-13T00:00:00Z,3.309,4.3312,1.9988,5.5042,6.9677,10.9469
E0142,2026-02-13T00:00:00Z,2.1631,3.4272,2.5371,5.855,7.8871,10.2794
E0143,2026-02-13T00:00:00Z,2.6195,1.5454,1.7992,5.7077,7.1839,9.2059
E0144,2026-02-13T00:00:00Z,3.5479,2.7061,4.1302,5.3377,7.3757,7.9368
E0145,2026-02-13T00:00:00Z,2.9299,0.9002,3.6556,4.9758,6.0858,8.1696
E0146,2026-02-13T00:00:00Z,3.6948,-0.6248,3.2564,6.6722,8.7084,10.6918
E0147,2026-02-13T00:00:00Z,2.9487,-0.38,4.5965,5.6975,6.696,9.3252
E0148,2026-02-13T00:00:00Z,3.0381,0.8443,4.0568,5.8106,6.6627,8.5968
E0149,2026-02-13T00:00:00Z,2.8724,0.8492,2.8855,5.5377,6.9801,10.763
E0000,2026-02-14T00:00:00Z,2.2853,-0.4092,4.6808,5.3773,7.0731,10.1381
E0001,2026-02-14T00:00:00Z,2.8528,1.8762,7.0159,5.0835,6.9081,10.5647
E0002,2026-02-14T00:00:00Z,2.1846,3.0236,4.212,6.1228,7.3242,9.9781
E0003,2026-02-14T00:00:00Z,3.0057,-1.9593,3.1907,5.5659,6.5998,9.4415
E0004,2026-02-14T00:00:00Z,3.0794,0.525,4.1308,5.1636,7.2307,9.7844
E0005,2026-02-14T00:00:00Z,1.5032,0.1208,1.8309,6.945,9.3723,10.2289
E0006,2026-02-14T00:00:00Z,3.047,2.3339,4.4123,4.322,7.4424,9.9257
E0007,2026-02-14T00:00:00Z,2.9141,1.4879,5.714,5.355,8.3648,10.1949
E0008,2026-02-14T00:00:00Z,3.3051,1.0714,2.8224,5.93,8.7882,11.7049
E0009,2026-02-14T00:00:00Z,2.9501,2.9654,5.1424,5.3214,8.0175,8.8002
E0010,2026-02-14T00:00:00Z,2.9397,-0.7307,2.947,6.4353,7.9758,10.0731
E0011,2026-02-14T00:00:00Z,3.9061,-0.1734,4.314,5.9738,7.7307,9.6795
E0012,2026-02-14T00:00:00Z,2.1451,2.2542,3.9949,5.5424,6.4926,10.869
E0013,2026-02-14T00:00:00Z,2.2102,-1.133,4.5981,5.7108,7.8932,10.2218
E0014,2026-02-14T00:00:00Z,3.7161,0.3316,6.2861,5.9125,7.9655,9.9166
E0015,2026-02-14T00:00:00Z,2.6241,3.2853,3.9446,5.6536,7.0246,10.1278
E0016,2026-02-14T00:00:00Z,2.7112,2.9896,2.8581,4.8666,8.0432,9.5014
E0017,2026-02-14T00:00:00Z,3.6664,2.8033,4.0033,6.0397,7.5874,11.3145
E0018,2026-02-14T00:00:00Z,1.7527,-1.995,4.639,5.823,7.1865,7.6861
E0019,2026-02-14T00:00:00Z,2.4718,0.5034,5.2267,5.5364,7.8537,10.5518
E0020,2026-02-14T00:00:00Z,2.5291,2.9444,1.5675,4.8059,7.2446,7.454
E0021,2026-02-14T00:00:00Z,3.144,1.4578,2.3237,5.1815,6.3138,8.8376
E0022,2026-02-14T00:00:00Z,3.3852,0.1287,2.8808,5.9108,7.9812,8.9129
E0023,2026-02-14T00:00:00Z,2.8096,2.4678,6.5501,5.8494,8.0155,9.5303
E0024,2026-02-14T00:00:00Z,2.3902,2.218,4.8589,5.9228,8.3069,8.5967
E0025,2026-02-14T00:00:00Z,2.6748,2.0854,2.8141,4.759,8.3797,8.9951
E0026,2026-02-14T00:00:00Z,3.1124,-0.3857,4.5628,4.652,7.2261,10.6733
E0027,2026-02-14T00:00:00Z,2.7372,0.0609,3.427,5.407,6.7533,9.584
E0028,2026-02-14T00:00:00Z,3.7024,1.7727,4.0234,5.9053,7.6293,8.5287
E0029,2026-02-14T00:00:00Z,3.4115,1.7534,4.0659,6.0943,8.1878,7.3233
E0030,2026-02-14T00:00:00Z,1.8114,0.6949,5.1141,5.9763,7.5014,9.1094
E0031,2026-02-14T00:00:00Z,2.6731,-0.9682,3.9659,5.4274,7.9278,8.4458
E0032,2026-02-14T00:00:00Z,3.2255,0.3825,6.5894,4.8833,8.7172,10.1075
E0033,2026-02-14T00:00:00Z,3.1931,1.2655,4.554,5.3993,8.2392,9.3373
E0034,2026-02-14T00:00:00Z,3.4866,-0.9243,5.4001,5.3808,8.1248,9.2669
E0035,2026-02-14T00:00:00Z,3.3082,-0.8346,5.5244,5.5944,7.4273,8.7957
E0036,2026-02-14T00:00:00Z,2.8003,-0.3968,3.7987,5.5499,7.3302,11.5896
E0037,2026-02-14T00:00:00Z,2.9441,-1.3958,3.0472,5.8968,6.0576,11.044
E0038,2026-02-14T00:00:00Z,2.4912,-0.4095,1.6771,6.5026,7.0878,10.7613
E0039,2026-02-14T00:00:00Z,4.0442,-0.8479,2.638,4.9985,6.6875,8.7838
E0040,2026-02-14T00:00:00Z,1.5859,-0.3507,2.6817,6.4946,6.667,9.069
E0041,2026-02-14T00:00:00Z,2.0027,0.1952,4.4881,4.4871,6.4847,10.1041
E0042,2026-02-14T00:00:00Z,3.0049,-4.2234,2.7754,6.0613,7.7346,8.3768
E0043,2026-02-14T00:00:00Z,3.248,0.2886,4.0927,5.389,7.9811,7.0142
E0044,2026-02-14T00:00:00Z,1.7474,-0.3022,3.7714,4.8382,7.8279,9.0748
E0045,2026-02-14T00:00:00Z,2.4538,-1.3998,4.6036,4.7752,7.2288,8.6692
E0046,2026-02-14T00:00:00Z,3.6112,1.1344,3.9235,5.3119,6.4383,10.019
E0047,2026-02-14T00:00:00Z,3.6767,1.5818,5.5576,6.4029,8.0361,9.9941
E0048,2026-02-14T00:00:00Z,2.6099,-2.7913,2.8349,5.7012,8.975,8.39
E0049,2026-02-14T00:00:00Z,3.1236,0.6017,3.1934,5.6468,6.7505,9.2529
E0050,2026-02-14T00:00:00Z,2.9487,0.9982,4.4721,6.2612,6.5525,10.1575
E0051,2026-02-14T00:00:00Z,2.1188,1.1295,5.9943,5.9361,8.6347,10.5816
E0052,2026-02-14T00:00:00Z,3.7711,3.5102,2.7258,5.6672,6.5795,6.6375
E0053,2026-02-14T00:00:00Z,3.6329,1.796,2.9585,5.1265,8.0409,10.5388
E0054,2026-02-14T00:00:00Z,2.1902,0.8822,4.5999,6.1144,7.8411,10.2766
E0055,2026-02-14T00:00:00Z,2.2468,2.0927,3.6804,5.8301,6.5064,9.6055
E0056,2026-02-14T00:00:00Z,3.6853,0.3325,5.6323,5.9826,8.645,11.0118
E0057,2026-02-14T00:00:00Z,2.5532,0.5091,3.953,6.2771,7.6046,10.5421
E0058,2026-02-14T00:00:00Z,2.8805,0.6638,3.3653,5.3126,6.1992,9.7306
E0059,2026-02-14T00:00:00Z,2.6544,1.4188,5.9162,6.4898,8.2233,10.4631
E0060,2026-02-14T00:00:00Z,2.1183,3.5643,5.8938,5.8358,6.3969,8.9655
E0061,2026-02-14T00:00:00Z,1.4455,-1.5268,6.8567,4.5653,7.5823,9.7345
E0062,2026-02-14T00:00:00Z,2.6224,2.4821,3.1553,5.659,7.1001,8.7335
E0063,2026-02-14T00:00:00Z,2.3466,2.283,4.7023,5.3075,7.3002,10.549
E0064,2026-02-14T00:00:00Z,3.0013,-0.1106,6.0125,5.7072,6.2473,10.46
E0065,2026-02-14T00:00:00Z,3.6414,1.9429,4.4237,4.9433,7.1937,7.6556
E0066,2026-02-14T00:00:00Z,2.2386,0.5629,5.0379,6.1151,6.1841,8.1577
E0067,2026-02-14T00:00:00Z,2.252,2.508,0.5581,4.4752,9.7935,12.5589
E0068,2026-02-14T00:00:00Z,2.885,2.7017,4.163,5.9642,6.5538,8.9035
E0069,2026-02-14T00:00:00Z,2.4932,1.8808,3.2102,5.6985,8.3094,12.4721
E0070,2026-02-14T00:00:00Z,2.7568,0.4408,5.2233,5.1064,9.7719,10.2112
E0071,2026-02-14T00:00:00Z,3.504,-0.0905,3.4976,5.3579,8.5659,9.3805
E0072,2026-02-14T00:00:00Z,3.2797,-0.7355,5.0471,5.6521,6.4561,9.5974
E0073,2026-02-14T00:00:00Z,3.5287,-1.6707,5.0479,5.6312,7.2563,9.7563
E0074,2026-02-14T00:00:00Z,1.9957,0.9545,1.9741,6.1555,7.6767,9.9092
E0075,2026-02-14T00:00:00Z,1.6209,-0.5656,4.3488,5.3747,8.2187,8.3233
E0076,2026-02-14T00:00:00Z,3.8971,1.4168,5.2593,5.4271,7.637,8.9131
E0077,2026-02-14T00:00:00Z,3.1272,1.4946,4.7561,5.1057,6.4819,9.5168
E0078,2026-02-14T00:00:00Z,2.9612,1.9075,1.4905,5.869,6.7688,10.2353
E0079,2026-02-14T00:00:00Z,2.6727,0.2418,3.1891,4.3437,7.9611,10.1339
E0080,2026-02-14T00:00:00Z,2.8267,1.4601,4.2222,5.363,8.1809,10.4051
E0081,2026-02-14T00:00:00Z,3.2309,-0.1006,2.5388,6.3583,6.8154,10.3035
E0082,2026-02-14T00:00:00Z,4.1727,2.6516,4.2976,5.3395,6.7378,9.6731
E0083,2026-02-14T00:00:00Z,3.1206,1.2776,1.4531,6.224,7.6704,9.2701
E0084,2026-02-14T00:00:00Z,3.7009,1.1467,1.7776,4.9187,7.8645,10.2221
E0085,2026-02-14T00:00:00Z,3.8628,0.5573,3.3036,6.044,7.5879,8.9005
E0086,2026-02-14T00:00:00Z,2.5807,3.2849,1.9276,5.4051,7.9912,8.3302
E0087,2026-02-14T00:00:00Z,3.1321,0.2996,2.8493,5.9177,7.9513,11.8456
E0088,2026-02-14T00:00:00Z,2.0173,1.1065,3.304,5.5424,6.2034,9.6694
E0089,2026-02-14T00:00:00Z,2.5879,1.0194,3.8128,5.0724,8.6325,9.1206
E0090,2026-02-14T00:00:00Z,2.9339,0.5736,3.6937,5.2204,7.546,11.0898
E0091,2026-02-14T00:00:00Z,2.4758,2.6883,3.0483,4.9574,6.6615,9.1245
E0092,2026-02-14T00:00:00Z,2.899,3.0256,2.7844,4.9979,6.1876,9.0553
E0093,2026-02-14T00:00:00Z,3.2613,0.3444,4.3778,4.4709,7.1965,8.7237
E0094,2026-02-14T00:00:00Z,3.3778,-0.7936,6.5956,5.7534,5.1712,10.4311
E0095,2026-02-14T00:00:00Z,3.6185,-2.4172,4.3958,6.033,8.904,9.5751
E0096,2026-02-14T00:00:00Z,4.1636,0.6995,6.487,5.0812,5.1229,9.3788
E0097,2026-02-14T00:00:00Z,3.6316,-1.3337,1.7351,4.6857,6.9988,9.6309
E0098,2026-02-14T00:00:00Z,3.3599,3.7579,1.9789,5.1288,6.4876,10.7127
E0099,2026-02-14T00:00:00Z,2.3326,1.8825,1.8322,5.441,9.5191,9.1307
E0100,2026-02-14T00:00:00Z,1.8566,-0.0315,2.2007,6.1468,6.0676,8.1617
E0101,2026-02-14T00:00:00Z,3.079,2.079,5.8736,5.6009,8.6208,7.4661
E0102,2026-02-14T00:00:00Z,3.4707,1.2456,5.868,5.7457,6.8276,9.0437
E0103,2026-02-14T00:00:00Z,2.6147,-0.5815,4.4161,4.612,7.1723,10.0193
E0104,2026-02-14T00:00:00Z,4.055,1.4348,5.0204,5.6457,7.2339,10.8701
E0105,2026-02-14T00:00:00Z,2.8851,-0.1527,2.5715,6.5018,7.4964,10.3857
E0106,2026-02-14T00:00:00Z,3.2738,0.2156,1.5142,5.3574,7.6833,9.7625
E0107,2026-02-14T00:00:00Z,2.8094,0.276,2.5981,5.2563,7.6415,10.0909
E0108,2026-02-14T00:00:00Z,2.0232,3.1949,3.7981,5.2066,5.8948,7.8765
E0109,2026-02-14T00:00:00Z,3.3853,-3.0819,3.7436,5.3527,7.1249,8.6408
E0110,2026-02-14T00:00:00Z,2.2784,-0.8153,4.136,5.2527,6.5776,9.3036
E0111,2026-02-14T00:00:00Z,4.742,0.1223,4.7558,5.17,7.1863,9.6379
E0112,2026-02-14T00:00:00Z,2.3329,2.5566,3.8339,5.6246,5.4802,10.438
E0113,2026-02-14T00:00:00Z,3.2065,1.6813,2.1323,4.672,5.7642,9.5335
E0114,2026-02-14T00:00:00Z,3.5796,0.2661,1.9356,5.8539,7.1547,9.4414
E0115,2026-02-14T00:00:00Z,3.3107,0.7718,5.454,6.4107,6.6118,9.7521
E0116,2026-02-14T00:00:00Z,2.5075,-0.8802,6.6917,6.2231,5.9863,8.7786
E0117,2026-02-14T00:00:00Z,3.268,0.0164,0.3526,4.228,7.4358,12.3415
E0118,2026-02-14T00:00:00Z,3.544,0.4157,1.8703,5.5916,6.8333,8.3136
E0119,2026-02-14T00:00:00Z,3.2492,-2.4123,4.6621,5.3949,7.0996,8.8775
E0120,2026-02-14T00:00:00Z,2.0911,0.1121,3.5234,5.0337,8.1195,10.2073
E0121,2026-02-14T00:00:00Z,3.2709,1.4383,5.2926,3.6256,7.5036,9.5673
E0122,2026-02-14T00:00:00Z,2.2491,-0.2577,4.4171,5.5265,6.6274,8.8886
E0123,2026-02-14T00:00:00Z,3.3848,-0.645,6.6159,6.2511,7.1248,9.8536
E0124,2026-02-14T00:00:00Z,3.8186,1.2708,4.0784,5.042,6.303,9.7365
E0125,2026-02-14T00:00:00Z,2.0968,2.781,2.6185,5.1508,8.0932,8.1084
E0126,2026-02-14T00:00:00Z,3.0965,1.1131,4.514,5.0863,8.7587,9.078
E0127,2026-02-14T00:00:00Z,2.4157,2.0478,4.6797,5.9975,7.4378,10.1957
E0128,2026-02-14T00:00:00Z,3.2619,1.6692,6.2845,5.329,6.6039,9.7736
E0129,2026-02-14T00:00:00Z,4.1837,0.354,4.9383,5.031,7.3034,9.3622
E0130,2026-02-14T00:00:00Z,2.9812,3.8106,2.2754,5.5068,8.4844,9.5816
E0131,2026-02-14T00:00:00Z,2.7003,0.6932,4.2907,6.3118,8.5992,8.5493
E0132,2026-02-14T00:00:00Z,1.9761,2.061,3.6892,6.9239,8.9393,10.162
E0133,2026-02-14T00:00:00Z,1.7213,2.0207,5.1956,6.2275,5.0628,9.4926
E0134,2026-02-14T00:00:00Z,3.7506,1.6415,4.4804,5.3815,6.1246,11.7523
E0135,2026-02-14T00:00:00Z,2.4084,1.2906,3.7401,5.1039,8.2292,9.8189
E0136,2026-02-14T00:00:00Z,2.3294,-2.5825,5.4319,5.7407,8.5977,7.9651
E0137,2026-02-14T00:00:00Z,3.6307,-0.2805,5.1307,5.8131,7.1469,8.2801
E0138,2026-02-14T00:00:00Z,0.6659,0.9024,3.4799,6.2368,7.4,8.0239
E0139,2026-02-14T00:00:00Z,3.5665,1.2018,4.9143,5.3998,7.0858,9.6702
E0140,2026-02-14T00:00:00Z,2.4345,2.6334,5.1793,4.1399,7.1892,9.1324
E0141,2026-02-14T00:00:00Z,1.8419,3.0552,5.6943,4.6786,8.5991,11.2814
E0142,2026-02-14T00:00:00Z,4.1335,1.621,3.0899,5.0531,8.7114,9.9739
E0143,2026-02-14T00:00:00Z,3.7174,-2.76,4.3096,5.1643,6.5337,8.7506
E0144,2026-02-14T00:00:00Z,2.1614,1.1831,2.2721,5.7643,7.1842,9.8192
E0145,2026-02-14T00:00:00Z,3.2945,-1.1248,4.4578,5.4108,6.731,9.6916
E0146,2026-02-14T00:00:00Z,3.9481,1.4016,2.601,4.8971,7.5739,9.4514
E0147,2026-02-14T00:00:00Z,2.2339,-1.0174,4.1944,5.0468,7.5244,12.3248
E0148,2026-02-14T00:00:00Z,2.7658,-0.4731,5.1115,5.6881,5.5748,8.0205
E0149,2026-02-14T00:00:00Z,1.3868,1.9969,2.9514,5.4379,6.3031,8.8473
E0000,2026-02-15T00:00:00Z,3.4194,1.4487,5.0714,5.8119,7.192,10.3674
E0001,2026-02-15T00:00:00Z,3.0355,3.6667,5.4867,4.9679,6.9839,8.1905
E0002,2026-02-15T00:00:00Z,3.932,0.7659,3.6817,6.9688,8.0022,10.7775
E0003,2026-02-15T00:00:00Z,3.4562,1.5339,1.7358,5.2618,4.9513,10.72
E0004,2026-02-15T00:00:00Z,3.3212,0.0418,2.0277,6.0063,6.2857,10.9658
E0005,2026-02-15T00:00:00Z,3.6828,-0.6141,3.9194,5.3389,7.5311,8.4335
E0006,2026-02-15T00:00:00Z,2.8366,1.6932,5.101,5.02,6.1773,8.0723
E0007,2026-02-15T00:00:00Z,3.9738,-1.4556,2.9384,6.346,8.1205,8.7055
E0008,2026-02-15T00:00:00Z,2.5826,-0.6943,1.7399,4.7534,5.74,10.1791
E0009,2026-02-15T00:00:00Z,3.0629,2.1722,4.7323,5.8566,7.4116,9.2656
E0010,2026-02-15T00:00:00Z,2.5112,1.0797,4.5157,5.7249,8.6932,8.8306
E0011,2026-02-15T00:00:00Z,0.9085,1.6086,3.4096,7.2734,8.0426,9.0731
E0012,2026-02-15T00:00:00Z,3.0955,0.1885,4.1726,4.8503,8.7553,9.3172
E0013,2026-02-15T00:00:00Z,2.9397,0.852,5.582,5.6952,6.0293,10.1124
E0014,2026-02-15T00:00:00Z,2.6619,-2.164,4.1023,6.8375,6.6784,9.9565
E0015,2026-02-15T00:00:00Z,4.0397,-0.2139,5.7004,6.8154,7.3629,10.192
E0016,2026-02-15T00:00:00Z,1.5871,2.053,5.5399,4.8763,8.5124,9.4067
E0017,2026-02-15T00:00:00Z,2.3497,-0.4286,3.736,5.6269,7.094,10.8015
E0018,2026-02-15T00:00:00Z,3.6243,0.9991,3.782,4.9942,6.0062,9.0805
E0019,2026-02-15T00:00:00Z,1.8256,2.4945,3.9721,4.9101,7.081,8.1828
E0020,2026-02-15T00:00:00Z,2.0188,-0.5127,4.9675,6.3657,8.2277,9.5608
E0021,2026-02-15T00:00:00Z,2.0402,-0.617,4.7269,5.1361,7.1866,10.0605
E0022,2026-02-15T00:00:00Z,2.6353,1.9798,3.4714,5.457,9.0218,9.5237
E0023,2026-02-15T00:00:00Z,2.769,0.7119,3.3686,5.176,7.0063,9.6101
E0024,2026-02-15T00:00:00Z,2.8321,0.3114,1.9733,6.2819,6.5109,9.1014
E0025,2026-02-15T00:00:00Z,2.4885,1.1462,2.094,5.9963,6.8911,10.7758
E0026,2026-02-15T00:00:00Z,2.3145,2.7728,5.0939,5.0802,9.6952,9.9002
E0027,2026-02-15T00:00:00Z,3.1898,-0.1543,2.3614,5.9849,6.118,9.5857
E0028,2026-02-15T00:00:00Z,2.6509,1.3028,2.3025,5.493,5.5789,9.4629
E0029,2026-02-15T00:00:00Z,2.3186,-0.7824,1.0493,5.8188,7.0929,9.9556
E0030,2026-02-15T00:00:00Z,1.5371,-1.5386,2.8091,6.3869,8.1067,10.0097
E0031,2026-02-15T00:00:00Z,2.953,0.4038,2.477,4.9203,7.5171,9.282
E0032,2026-02-15T00:00:00Z,3.6643,1.1966,3.4479,6.378,7.3169,10.2342
E0033,2026-02-15T00:00:00Z,2.3666,-1.5578,3.4768,5.9168,7.0139,8.7129
E0034,2026-02-15T00:00:00Z,2.354,1.2201,8.2648,5.3474,7.0912,9.1834
E0035,2026-02-15T00:00:00Z,3.1811,0.5905,4.0452,4.9609,6.6886,7.2988
E0036,2026-02-15T00:00:00Z,2.5797,1.6388,4.2738,5.6389,7.3529,9.3774
E0037,2026-02-15T00:00:00Z,3.3983,2.318,5.5112,5.5573,7.9302,8.8631
E0038,2026-02-15T00:00:00Z,2.9059,-0.2407,1.8131,5.4119,8.6078,9.0587
E0039,2026-02-15T00:00:00Z,3.2654,1.4418,4.307,4.7068,6.9471,8.6998
E0040,2026-02-15T00:00:00Z,1.9773,4.8602,4.9298,4.9185,6.8426,8.3626
E0041,2026-02-15T00:00:00Z,2.1429,-0.1132,0.2823,5.3433,5.5958,9.0712
E0042,2026-02-15T00:00:00Z,1.9871,1.2515,3.8015,5.57,7.9381,8.614
E0043,2026-02-15T00:00:00Z,3.5613,2.0746,4.3778,5.6773,8.0086,10.3712
E0044,2026-02-15T00:00:00Z,2.5489,-1.8193,1.5151,5.1808,6.8043,8.1937
E0045,2026-02-15T00:00:00Z,2.2893,-0.4129,4.6048,5.4403,8.3744,8.3109
E0046,2026-02-15T00:00:00Z,3.8345,0.2879,3.9857,4.4143,9.3571,11.4926
E0047,2026-02-15T00:00:00Z,2.6657,1.4122,3.9265,5.9643,8.4276,10.3587
E0048,2026-02-15T00:00:00Z,3.5792,-0.0037,4.3473,5.5131,7.5393,11.2314
E0049,2026-02-15T00:00:00Z,2.8233,1.641,3.2752,5.9632,7.2858,11.6108
E0050,2026-02-15T00:00:00Z,2.6928,1.1384,3.1788,5.4862,6.9827,10.9501
E0051,2026-02-15T00:00:00Z,3.6301,0.7971,4.6091,6.3276,6.5051,8.7351
E0052,2026-02-15T00:00:00Z,3.102,2.0355,5.1836,5.4225,5.8871,11.1904
E0053,2026-02-15T00:00:00Z,2.5931,1.1742,2.4532,4.7267,8.1447,10.4976
E0054,2026-02-15T00:00:00Z,4.1632,3.1019,3.9946,5.7943,8.1929,9.4221
E0055,2026-02-15T00:00:00Z,4.3333,-1.3817,3.2078,6.3339,8.1028,9.6609
E0056,2026-02-15T00:00:00Z,2.8312,0.593,1.6402,5.4232,6.2887,9.2115
E0057,2026-02-15T00:00:00Z,2.0044,3.6268,2.5323,5.6595,7.9505,9.0693
E0058,2026-02-15T00:00:00Z,3.4249,3.7019,3.9106,6.0992,6.6693,8.3401
E0059,2026-02-15T00:00:00Z,2.6005,0.571,3.6641,5.4478,5.7456,8.2467
E0060,2026-02-15T00:00:00Z,1.7211,2.2375,4.7695,4.4558,6.8642,9.1871
E0061,2026-02-15T00:00:00Z,3.6384,1.031,3.9566,5.2751,6.8199,10.5943
E0062,2026-02-15T00:00:00Z,2.6999,1.8686,5.8047,6.4467,8.1093,8.7497
E0063,2026-02-15T00:00:00Z,3.1357,0.6111,1.2691,6.0752,7.7218,8.8686
E0064,2026-02-15T00:00:00Z,2.6768,-0.0306,3.3723,5.6103,8.0614,7.4367
E0065,2026-02-15T00:00:00Z,2.6372,1.5863,4.4918,6.1451,7.39,9.7166
E0066,2026-02-15T00:00:00Z,2.8376,1.831,3.061,5.4986,8.8313,10.7833
E0067,2026-02-15T00:00:00Z,2.5133,-0.9647,4.2707,5.1412,8.7389,9.7384
E0068,2026-02-15T00:00:00Z,2.6021,0.1647,1.9996,5.5005,7.8078,8.4501
E0069,2026-02-15T00:00:00Z,2.2983,0.5563,3.8456,6.1418,6.1973,10.6411
E0070,2026-02-15T00:00:00Z,3.6428,0.2147,3.489,6.6766,6.6115,11.05
E0071,2026-02-15T00:00:00Z,4.1648,0.7475,5.5604,6.4027,6.8416,8.6673
E0072,2026-02-15T00:00:00Z,2.6147,3.3264,3.5029,5.4742,5.8713,9.5745
E0073,2026-02-15T00:00:00Z,3.0967,0.0892,2.953,4.7844,7.7786,9.7907
E0074,2026-02-15T00:00:00Z,2.3548,6.0639,3.3163,5.5525,8.527,10.6435
E0075,2026-02-15T00:00:00Z,3.9566,-0.5615,5.0052,5.6978,7.4531,10.0776
E0076,2026-02-15T00:00:00Z,3.4478,-2.267,2.177,6.1583,7.1577,9.4048
E0077,2026-02-15T00:00:00Z,3.2822,2.5505,0.9328,5.8545,6.2044,11.1897
E0078,2026-02-15T00:00:00Z,3.2815,-2.0401,6.1973,5.0822,7.6646,10.1158
E0079,2026-02-15T00:00:00Z,3.1205,1.9445,6.0489,4.1684,7.9106,9.2828
E0080,2026-02-15T00:00:00Z,4.1248,2.234,3.9089,5.9284,6.7509,10.0282
E0081,2026-02-15T00:00:00Z,1.8142,0.7172,4.0629,5.0655,7.7732,8.71
E0082,2026-02-15T00:00:00Z,3.2357,-2.5681,6.4373,4.924,6.0578,9.181
E0083,2026-02-15T00:00:00Z,3.514,-1.2903,4.4106,4.2479,7.4097,8.3363
E0084,2026-02-15T00:00:00Z,3.4913,-2.3232,1.9601,4.9691,7.492,9.5434
E0085,2026-02-15T00:00:00Z,2.5302,-0.1321,5.1682,4.7392,5.7211,10.0433
E0086,2026-02-15T00:00:00Z,1.7694,2.7993,3.2118,4.9803,6.1556,9.5368
E0087,2026-02-15T00:00:00Z,2.9648,2.2558,4.0017,5.6368,7.453,9.4332
E0088,2026-02-15T00:00:00Z,3.4378,1.3017,5.1993,5.021,6.7902,11.0919
E0089,2026-02-15T00:00:00Z,3.7874,-1.0058,2.6373,4.8783,7.8848,9.7729
E0090,2026-02-15T00:00:00Z,3.073,2.1775,0.8073,5.6636,8.4405,10.3472
E0091,2026-02-15T00:00:00Z,2.3264,1.1328,4.0632,5.6919,5.453,8.6585
E0092,2026-02-15T00:00:00Z,1.8294,1.7078,4.5545,4.7619,7.5501,9.5941
E0093,2026-02-15T00:00:00Z,2.7861,1.9261,4.0143,5.2378,6.8142,8.1972
E0094,2026-02-15T00:00:00Z,4.3578,1.5848,4.9944,4.9241,5.0494,8.9833
E0095,2026-02-15T00:00:00Z,2.1953,0.8029,4.1659,4.993,6.7568,9.7012
E0096,2026-02-15T00:00:00Z,2.7577,-0.9292,3.5939,5.4085,8.0954,8.769
E0097,2026-02-15T00:00:00Z,2.0119,1.1392,2.0536,5.5365,6.4933,9.6077
E0098,2026-02-15T00:00:00Z,2.5349,0.9511,2.3672,5.9731,6.937,11.0549
E0099,2026-02-15T00:00:00Z,3.0212,2.2789,3.0789,5.1868,8.2758,9.2649
E0100,2026-02-15T00:00:00Z,2.1517,1.6794,4.2999,6.2478,5.8744,10.6359
E0101,2026-02-15T00:00:00Z,2.3702,1.7729,3.0094,5.8332,7.2475,8.3388
E0102,2026-02-15T00:00:00Z,2.1018,3.8952,4.6376,7.122,6.996,8.6439
E0103,2026-02-15T00:00:00Z,3.2156,2.168,3.384,6.1207,9.1489,9.5594
E0104,2026-02-15T00:00:00Z,2.9606,-0.2031,3.7622,7.1779,8.0971,8.8414
E0105,2026-02-15T00:00:00Z,2.531,-0.2839,2.5565,5.438,6.5712,9.4095
E0106,2026-02-15T00:00:00Z,1.3768,-0.3927,5.078,4.0616,7.1725,10.0492
E0107,2026-02-15T00:00:00Z,3.0343,1.8753,5.0523,6.0545,6.5636,10.2579
E0108,2026-02-15T00:00:00Z,2.9815,-0.9959,4.3313,5.5941,5.9634,8.0737
E0109,2026-02-15T00:00:00Z,3.2126,-3.7103,5.7976,5.6159,7.3963,9.7822
E0110,2026-02-15T00:00:00Z,1.3247,-2.5023,5.1802,4.2881,7.8969,9.4807
E0111,2026-02-15T00:00:00Z,3.6081,3.1203,3.4587,6.0446,7.0124,7.9697
E0112,2026-02-15T00:00:00Z,2.5464,1.5892,5.0561,5.2272,7.5822,10.6416
E0113,2026-02-15T00:00:00Z,3.4931,1.4324,4.066,6.1274,8.922,8.0522
E0114,2026-02-15T00:00:00Z,3.2931,3.2119,3.1874,6.3684,7.8331,7.9375
E0115,2026-02-15T00:00:00Z,3.6084,-2.8816,4.819,5.4836,6.2315,9.2945
E0116,2026-02-15T00:00:00Z,3.445,2.4937,2.7175,5.8655,7.593,8.4291
E0117,2026-02-15T00:00:00Z,2.1313,1.9868,5.0638,4.3261,7.787,8.9745
E0118,2026-02-15T00:00:00Z,3.3791,-1.886,3.1633,5.2232,7.5456,9.7733
E0119,2026-02-15T00:00:00Z,3.0447,1.95,2.977,4.8655,6.0289,8.2592
E0120,2026-02-15T00:00:00Z,2.2704,4.2777,3.4905,5.6132,7.0924,10.8992
E0121,2026-02-15T00:00:00Z,4.0421,2.7199,2.5294,6.0847,8.2195,7.773
E0122,2026-02-15T00:00:00Z,3.0595,0.1164,4.2931,4.9076,6.4547,10.1727
E0123,2026-02-15T00:00:00Z,3.0158,0.9417,3.7583,6.6218,6.3757,7.2984
E0124,2026-02-15T00:00:00Z,2.1664,-1.2717,3.661,6.4914,6.4049,10.9248
E0125,2026-02-15T00:00:00Z,2.7415,-0.4371,5.809,5.414,9.4805,10.9892
E0126,2026-02-15T00:00:00Z,3.5704,3.2001,6.4301,5.2059,7.122,9.0335
E0127,2026-02-15T00:00:00Z,3.4598,2.498,5.0088,5.2252,7.0632,9.9616
E0128,2026-02-15T00:00:00Z,3.3643,3.1167,5.4492,5.381,8.8232,10.2384
E0129,2026-02-15T00:00:00Z,3.5,0.3698,1.3466,5.6943,7.5929,10.6055
E0130,2026-02-15T00:00:00Z,3.0971,-0.7736,4.4436,5.6918,7.817,10.4271
E0131,2026-02-15T00:00:00Z,1.7834,2.0788,2.5782,6.0851,6.4492,7.8394
E0132,2026-02-15T00:00:00Z,1.8273,1.2757,5.6079,4.572,8.0673,8.3358
E0133,2026-02-15T00:00:00Z,2.9346,2.1246,4.7058,5.1511,8.1289,11.2495
E0134,2026-02-15T00:00:00Z,1.5164,3.1816,2.572,5.2452,7.9338,8.7697
E0135,2026-02-15T00:00:00Z,2.9679,1.9821,2.4379,5.3928,6.4525,8.8393
E0136,2026-02-15T00:00:00Z,2.861,1.2719,3.5243,5.9492,7.0161,11.2323
E0137,2026-02-15T00:00:00Z,3.4752,0.918,5.8906,5.3074,7.7807,8.9827
E0138,2026-02-15T00:00:00Z,2.5307,1.1656,6.0132,4.8166,8.5641,8.0939
E0139,2026-02-15T00:00:00Z,1.7143,2.8131,3.5596,6.0985,4.7011,10.6147
E0140,2026-02-15T00:00:00Z,2.3537,0.8749,3.2622,4.5989,6.4122,10.8747
E0141,2026-02-15T00:00:00Z,2.576,-2.2212,3.3481,4.2978,7.7838,9.4396
E0142,2026-02-15T00:00:00Z,2.3734,3.5643,3.4425,5.4968,7.6193,9.7888
E0143,2026-02-15T00:00:00Z,3.4185,2.532,3.9878,5.9246,7.4372,8.6755
E0144,2026-02-15T00:00:00Z,3.1509,1.7524,2.4334,5.9854,7.3046,11.3347
E0145,2026-02-15T00:00:00Z,3.527,2.9695,3.1067,4.927,9.0653,9.5434
E0146,2026-02-15T00:00:00Z,2.2231,-0.4245,2.2403,5.8964,7.7028,9.7273
E0147,2026-02-15T00:00:00Z,3.5514,0.1866,5.1537,5.1113,7.2018,11.3197
E0148,2026-02-15T00:00:00Z,2.3314,2.5075,5.0284,5.7237,7.1634,8.8297
E0149,2026-02-15T00:00:00Z,2.5584,0.2428,4.869,5.3381,5.888,9.6513
E0000,2026-02-16T00:00:00Z,2.1207,0.9361,5.872,6.1333,7.2014,9.4513
E0001,2026-02-16T00:00:00Z,3.4426,0.8681,2.7024,4.5865,7.9026,8.9432
E0002,2026-02-16T00:00:00Z,2.3446,-0.217,4.5799,5.3844,7.2215,8.3174
E0003,2026-02-16T00:00:00Z,3.152,-0.3062,3.7224,5.4184,8.4121,8.0051
E0004,2026-02-16T00:00:00Z,3.5951,0.5508,3.5411,5.8513,6.6079,10.0256
E0005,2026-02-16T00:00:00Z,3.3873,1.5197,2.9604,6.3409,8.8606,10.2192
E0006,2026-02-16T00:00:00Z,3.8979,-0.1484,3.9658,4.839,6.5298,10.4122
E0007,2026-02-16T00:00:00Z,3.4145,3.2839,3.1573,5.7041,7.2797,8.5982
E0008,2026-02-16T00:00:00Z,2.7328,0.8833,3.6223,4.9977,6.8692,12.0454
E0009,2026-02-16T00:00:00Z,3.7065,1.0534,3.6591,6.1019,7.8748,8.8245
E0010,2026-02-16T00:00:00Z,3.1209,1.3991,2.609,5.19,6.7268,9.7805
E0011,2026-02-16T00:00:00Z,2.7461,-0.9768,4.2388,5.2598,7.3387,12.3687
E0012,2026-02-16T00:00:00Z,4.1802,-0.8077,6.0292,6.4627,7.5751,10.2671
E0013,2026-02-16T00:00:00Z,2.3594,-0.2652,2.8325,5.3088,6.8526,9.9502
E0014,2026-02-16T00:00:00Z,3.313,1.5741,4.1904,6.0324,9.0366,10.2604
E0015,2026-02-16T00:00:00Z,2.7487,0.2336,4.7224,6.5408,6.7859,11.7162
E0016,2026-02-16T00:00:00Z,4.5472,0.6131,4.5603,5.7184,7.0665,8.161
E0017,2026-02-16T00:00:00Z,2.3158,-0.7097,3.4872,5.4008,8.0819,9.7921
E0018,2026-02-16T00:00:00Z,4.1958,1.2881,8.2607,5.4285,6.6902,8.5045
E0019,2026-02-16T00:00:00Z,3.6756,1.4995,1.5624,5.755,9.6421,8.6658
E0020,2026-02-16T00:00:00Z,2.9147,3.4441,4.3303,4.7008,7.9235,10.2965
E0021,2026-02-16T00:00:00Z,3.1419,1.3051,5.3555,6.0583,8.7772,10.2408
E0022,2026-02-16T00:00:00Z,2.142,-2.7171,3.1159,5.2466,6.3633,8.8581
E0023,2026-02-16T00:00:00Z,2.8654,1.1822,2.7222,5.4137,8.03,8.8412
E0024,2026-02-16T00:00:00Z,2.7227,-0.5288,3.7746,6.2632,6.766,10.7508
E0025,2026-02-16T00:00:00Z,2.7463,0.3664,3.38,5.6105,7.7786,10.2348
E0026,2026-02-16T00:00:00Z,4.3418,-1.0286,1.8447,5.7395,8.0464,9.5767
E0027,2026-02-16T00:00:00Z,2.7289,1.5822,2.2065,4.8417,7.5847,8.5533
E0028,2026-02-16T00:00:00Z,2.628,-1.1495,4.3515,4.8819,7.6563,7.0889
E0029,2026-02-16T00:00:00Z,3.1015,2.7036,2.7211,6.2486,6.7599,9.2435
E0030,2026-02-16T00:00:00Z,2.555,1.0735,3.3239,5.0723,8.0318,11.1663
E0031,2026-02-16T00:00:00Z,3.3821,1.735,2.9587,6.3331,6.7361,10.0525
E0032,2026-02-16T00:00:00Z,3.0793,2.9411,2.7695,5.7842,7.5664,10.0712
E0033,2026-02-16T00:00:00Z,2.5032,2.1609,5.5676,5.7834,6.4148,11.0685
E0034,2026-02-16T00:00:00Z,3.2006,0.3303,3.5495,6.9973,6.0767,10.1063
E0035,2026-02-16T00:00:00Z,3.5573,2.4922,3.0794,5.9795,7.4218,9.0347
E0036,2026-02-16T00:00:00Z,3.4012,1.6116,4.5091,5.3438,7.0014,9.7658
E0037,2026-02-16T00:00:00Z,2.4705,-0.0672,4.0258,5.8453,7.8224,9.0136
E0038,2026-02-16T00:00:00Z,3.5034,2.5836,2.1343,5.4984,9.2082,11.0507
E0039,2026-02-16T00:00:00Z,3.4416,1.8859,3.8216,5.3676,7.3711,9.0099
E0040,2026-02-16T00:00:00Z,3.2437,2.0793,3.0802,5.3584,6.0478,9.3324
E0041,2026-02-16T00:00:00Z,3.1281,0.6972,4.9311,5.5119,7.1454,9.741
E0042,2026-02-16T00:00:00Z,2.7852,1.3655,6.3933,4.262,8.6063,8.4841
E0043,2026-02-16T00:00:00Z,2.1664,2.783,6.7367,5.8273,7.4736,10.0358
E0044,2026-02-16T00:00:00Z,2.6293,3.2516,3.3836,5.4346,7.0669,9.9946
E0045,2026-02-16T00:00:00Z,1.9648,-0.5592,3.9938,5.3812,5.916,8.5093
E0046,2026-02-16T00:00:00Z,3.7325,2.4157,2.0667,5.031,6.3425,10.1309
E0047,2026-02-16T00:00:00Z,3.1154,1.7508,5.1696,5.2868,7.9773,9.1146
E0048,2026-02-16T00:00:00Z,3.8535,2.4659,1.7499,4.9274,8.3605,9.7671
E0049,2026-02-16T00:00:00Z,1.9808,3.1862,5.7216,6.2778,6.4142,9.6967
E0050,2026-02-16T00:00:00Z,3.4497,-0.0855,2.689,5.5249,6.5605,10.4516
E0051,2026-02-16T00:00:00Z,4.7204,0.2125,4.9944,5.1561,7.6974,9.7484
E0052,2026-02-16T00:00:00Z,3.0735,0.5089,2.2471,5.3074,6.9301,9.218
E0053,2026-02-16T00:00:00Z,3.7444,0.7009,2.9812,4.8462,6.03,8.7655
E0054,2026-02-16T00:00:00Z,3.0312,-0.8982,3.9445,5.0613,8.2983,9.8892
E0055,2026-02-16T00:00:00Z,3.1412,-0.9459,3.3223,5.4419,7.488,9.3896
E0056,2026-02-16T00:00:00Z,3.5606,0.6815,4.1335,6.8071,7.2367,11.2179
E0057,2026-02-16T00:00:00Z,2.414,2.322,2.0058,4.1115,7.1084,7.9417
E0058,2026-02-16T00:00:00Z,3.5016,1.215,2.2991,4.9961,7.9599,8.4899
E0059,2026-02-16T00:00:00Z,2.6558,3.5878,4.1991,4.1539,7.1685,10.9975
E0060,2026-02-16T00:00:00Z,1.9475,1.3756,5.0209,5.7155,7.4365,8.6657
E0061,2026-02-16T00:00:00Z,3.3353,-0.1213,2.689,6.2325,7.7735,9.464
E0062,2026-02-16T00:00:00Z,3.3698,1.7451,3.4221,4.2787,8.4229,9.6233
E0063,2026-02-16T00:00:00Z,3.5575,1.7543,5.1031,5.804,8.2807,8.9031
E0064,2026-02-16T00:00:00Z,3.4099,2.1921,2.9755,4.1817,8.3869,8.9438
E0065,2026-02-16T00:00:00Z,1.6523,1.552,3.328,5.2086,7.612,10.3611
E0066,2026-02-16T00:00:00Z,2.1041,2.4892,3.8363,6.0595,6.7821,10.3144
E0067,2026-02-16T00:00:00Z,3.1173,0.4994,3.913,5.4379,7.2458,9.8651
E0068,2026-02-16T00:00:00Z,3.1121,3.3096,5.6503,4.0106,6.5449,10.1903
E0069,2026-02-16T00:00:00Z,2.9156,2.2681,4.0597,5.6701,7.0037,9.6455
E0070,2026-02-16T00:00:00Z,2.5986,1.1838,4.786,5.87,5.9315,7.1981
E0071,2026-02-16T00:00:00Z,3.1355,1.5364,3.8569,5.61,7.4559,10.8009
E0072,2026-02-16T00:00:00Z,1.7906,0.8353,1.4844,4.9633,5.7822,9.4466
E0073,2026-02-16T00:00:00Z,3.2846,5.0004,3.5161,4.533,6.6859,9.5974
E0074,2026-02-16T00:00:00Z,1.964,-0.214,5.7101,5.5038,6.0772,9.6145
E0075,2026-02-16T00:00:00Z,3.3741,1.4482,4.1296,4.8263,7.5863,9.9745
E0076,2026-02-16T00:00:00Z,2.4313,2.8292,4.0217,5.5595,7.7088,8.209
E0077,2026-02-16T00:00:00Z,2.5368,-1.1833,1.5972,6.0965,8.3896,10.0443
E0078,2026-02-16T00:00:00Z,2.1978,1.4679,1.537,5.5378,6.9171,8.0947
E0079,2026-02-16T00:00:00Z,4.1558,5.1316,4.4427,5.0218,5.9793,11.585
E0080,2026-02-16T00:00:00Z,3.2392,1.8513,3.1035,5.0058,7.8161,10.5733
E0081,2026-02-16T00:00:00Z,1.8149,1.6443,5.7458,6.2491,6.4422,7.8441
E0082,2026-02-16T00:00:00Z,2.1942,-0.9942,4.3782,4.8305,7.934,8.4792
E0083,2026-02-16T00:00:00Z,2.7263,4.8761,2.6818,5.1325,8.6233,10.8276
E0084,2026-02-16T00:00:00Z,2.621,-0.3834,3.0551,5.7231,7.694,11.644
E0085,2026-02-16T00:00:00Z,1.8076,0.4589,3.6874,4.8285,6.0799,9.2284
E0086,2026-02-16T00:00:00Z,3.3875,3.0558,4.4687,5.613,8.671,10.6015
E0087,2026-02-16T00:00:00Z,2.8756,2.3692,5.0509,4.6402,8.0173,8.2385
E0088,2026-02-16T00:00:00Z,2.2648,0.6858,2.9428,5.8087,7.4064,10.0465
E0089,2026-02-16T00:00:00Z,2.8292,2.2244,3.0219,5.3165,6.064,10.3448
E0090,2026-02-16T00:00:00Z,2.1844,-0.153,4.0783,5.1643,8.2656,11.0634
E0091,2026-02-16T00:00:00Z,3.3546,-0.0177,3.9708,5.7718,7.6294,9.7916
E0092,2026-02-16T00:00:00Z,2.63,-1.108,3.9475,5.9363,8.9079,8.7814
E0093,2026-02-16T00:00:00Z,2.7654,-2.2263,3.0016,5.2113,7.3241,9.7715
E0094,2026-02-16T00:00:00Z,2.8176,-0.5707,4.6674,5.8986,5.8596,10.2743
E0095,2026-02-16T00:00:00Z,3.7541,0.7364,3.0819,5.1161,6.8243,8.5643
E0096,2026-02-16T00:00:00Z,2.0207,-0.1693,3.4482,6.0317,7.6882,9.7503
E0097,2026-02-16T00:00:00Z,3.9557,-0.1345,4.7031,6.2772,6.8691,9.955
E0098,2026-02-16T00:00:00Z,1.7595,0.6723,4.5821,6.2667,6.923,11.1092
E0099,2026-02-16T00:00:00Z,3.4916,1.9976,3.8175,5.5292,8.7197,9.0836
E0100,2026-02-16T00:00:00Z,2.7466,2.6267,4.01,5.5058,6.4465,8.0498
E0101,2026-02-16T00:00:00Z,2.9427,2.1166,1.616,4.9639,9.2911,8.8656
E0102,2026-02-16T00:00:00Z,3.0205,1.8089,5.0773,6.1183,7.9558,11.861
E0103,2026-02-16T00:00:00Z,3.0041,-3.1275,4.349,5.4985,8.1291,11.0042
E0104,2026-02-16T00:00:00Z,2.337,0.9056,3.9033,5.7521,8.4777,10.3696
E0105,2026-02-16T00:00:00Z,2.492,5.8681,1.1431,4.9795,7.2216,9.2863
E0106,2026-02-16T00:00:00Z,4.411,1.82,2.7371,6.2881,6.033,10.3476
E0107,2026-02-16T00:00:00Z,2.2045,2.5376,4.2245,5.4455,7.7821,10.7758
E0108,2026-02-16T00:00:00Z,3.5466,0.2095,3.7303,4.7511,5.4818,8.7445
E0109,2026-02-16T00:00:00Z,2.2245,2.5658,3.2025,4.6266,8.2048,9.3466
E0110,2026-02-16T00:00:00Z,2.1154,-1.5999,4.5419,6.0574,8.1029,9.9984
E0111,2026-02-16T00:00:00Z,3.6157,0.7447,2.6571,5.2589,8.0128,9.8869
E0112,2026-02-16T00:00:00Z,2.3598,-0.4927,3.8585,4.5974,7.9263,9.5907
E0113,2026-02-16T00:00:00Z,2.5,2.3462,2.7513,5.0322,7.2423,7.2398
E0114,2026-02-16T00:00:00Z,3.7102,1.5277,4.2445,5.3933,8.7728,9.1114
E0115,2026-02-16T00:00:00Z,3.5474,2.1393,4.7376,4.9312,6.4067,9.0432
E0116,2026-02-16T00:00:00Z,2.2881,0.6884,4.7536,5.251,6.9638,10.5361
E0117,2026-02-16T00:00:00Z,1.9618,0.9395,3.1768,5.2657,7.6619,8.922
E0118,2026-02-16T00:00:00Z,3.0928,0.9311,5.0755,5.5877,5.8065,11.2051
E0119,2026-02-16T00:00:00Z,1.3758,2.0419,4.3609,6.5238,5.1149,9.7308
E0120,2026-02-16T00:00:00Z,3.407,2.061,1.9869,5.0346,9.0701,8.7844
E0121,2026-02-16T00:00:00Z,3.6976,1.2191,3.8963,5.5025,5.6514,10.2589
E0122,2026-02-16T00:00:00Z,3.2824,2.7881,4.1033,5.6195,7.4331,10.1827
E0123,2026-02-16T00:00:00Z,2.6971,-1.3103,4.9659,6.0377,9.1446,9.0774
E0124,2026-02-16T00:00:00Z,2.6215,-0.6313,5.3597,5.3749,6.928,9.6354
E0125,2026-02-16T00:00:00Z,1.9707,0.4329,1.7671,5.7358,4.6714,8.9929
E0126,2026-02-16T00:00:00Z,2.3657,-1.0673,2.1163,6.293,7.3763,9.7823
E0127,2026-02-16T00:00:00Z,1.7494,3.7975,5.3627,4.0419,9.7346,9.0663
E0128,2026-02-16T00:00:00Z,2.786,3.0781,5.7622,5.8911,8.3884,10.6142
E0129,2026-02-16T00:00:00Z,2.9212,0.7145,1.8515,5.645,10.5294,9.2501
E0130,2026-02-16T00:00:00Z,3.2761,-0.6616,-0.5355,6.2303,6.7245,8.6536
E0131,2026-02-16T00:00:00Z,2.7992,-0.356,1.9845,5.584,8.0013,10.3044
E0132,2026-02-16T00:00:00Z,3.0832,-1.0505,3.2233,5.7041,7.7199,9.3001
E0133,2026-02-16T00:00:00Z,2.2638,-2.0214,2.1363,5.6878,7.1152,9.3554
E0134,2026-02-16T00:00:00Z,1.8772,2.811,2.7279,5.2536,7.5672,8.8452
E0135,2026-02-16T00:00:00Z,2.9948,1.11,4.8236,4.6913,6.0585,8.7887
E0136,2026-02-16T00:00:00Z,2.2813,-2.4456,4.7488,4.6703,7.5699,10.3694
E0137,2026-02-16T00:00:00Z,3.3008,1.6382,3.0196,5.1814,6.9873,9.6922
E0138,2026-02-16T00:00:00Z,3.1529,0.1492,4.3367,4.5399,8.6624,8.3498
E0139,2026-02-16T00:00:00Z,2.28,-0.4666,4.9095,4.6564,8.0011,9.8071
E0140,2026-02-16T00:00:00Z,2.4596,0.9042,2.3468,6.1545,9.6647,9.4167
E0141,2026-02-16T00:00:00Z,2.9572,5.6823,2.3867,4.9935,6.676,8.5207
E0142,2026-02-16T00:00:00Z,2.71,0.4302,6.1107,5.2453,8.4592,11.0586
E0143,2026-02-16T00:00:00Z,2.7947,-0.2326,3.9404,5.4459,6.5847,7.982
E0144,2026-02-16T00:00:00Z,2.9597,-1.3269,4.7062,5.2413,9.3929,10.5294
E0145,2026-02-16T00:00:00Z,2.3789,0.4432,3.274,6.019,6.1175,10.657
E0146,2026-02-16T00:00:00Z,3.6907,-0.6114,5.9381,4.9767,8.0937,8.4367
E0147,2026-02-16T00:00:00Z,2.01,2.107,4.0775,5.2772,7.0514,8.6997
E0148,2026-02-16T00:00:00Z,2.1145,2.5003,3.9642,5.4495,8.1794,8.8797
E0149,2026-02-16T00:00:00Z,4.0521,1.2506,4.0822,5.8738,7.5773,9.6746
E0000,2026-02-17T00:00:00Z,2.7121,0.0232,0.0103,5.1932,6.7978,10.6565
E0001,2026-02-17T00:00:00Z,3.6728,-0.0337,1.0159,5.3289,7.6842,10.1018
E0002,2026-02-17T00:00:00Z,3.0071,-0.0904,4.8767,6.4493,7.4711,10.7322
E0003,2026-02-17T00:00:00Z,2.1526,-1.6166,4.091,5.3917,6.8747,9.1209
E0004,2026-02-17T00:00:00Z,3.1931,2.2522,3.6258,4.4316,6.6733,10.1806
E0005,2026-02-17T00:00:00Z,2.6417,2.7346,3.7202,6.4242,6.0566,8.7019
E0006,2026-02-17T00:00:00Z,2.4127,2.3786,1.3004,5.6316,6.3114,9.8387
E0007,2026-02-17T00:00:00Z,2.1468,-2.4616,3.6905,5.6827,8.1419,8.6388
E0008,2026-02-17T00:00:00Z,2.4239,1.4281,1.3451,4.9696,6.1966,9.2401
E0009,2026-02-17T00:00:00Z,2.4797,4.8238,5.0749,6.6656,6.3252,9.0708
E0010,2026-02-17T00:00:00Z,3.079,1.9965,5.1153,5.911,6.9766,10.5941
E0011,2026-02-17T00:00:00Z,3.03,1.6086,2.6245,4.2298,7.7439,8.3247
E0012,2026-02-17T00:00:00Z,3.5143,0.4513,4.6608,4.8225,7.3813,7.8486
E0013,2026-02-17T00:00:00Z,3.2211,1.9473,3.1074,5.8981,6.9017,9.3424
E0014,2026-02-17T00:00:00Z,3.0298,1.7566,7.0318,5.821,8.7931,9.6893
E0015,2026-02-17T00:00:00Z,3.4492,0.9465,4.2748,5.7096,7.3212,9.4542
E0016,2026-02-17T00:00:00Z,3.4834,0.5071,4.6703,5.1184,8.0225,8.6706
E0017,2026-02-17T00:00:00Z,2.6334,3.1684,2.4769,5.2184,7.8066,9.5954
E0018,2026-02-17T00:00:00Z,2.7315,-0.4306,3.0971,4.9031,7.0605,11.2292
E0019,2026-02-17T00:00:00Z,2.8696,1.0148,5.7963,5.725,6.2418,7.6965
E0020,2026-02-17T00:00:00Z,2.9295,2.4922,5.8679,4.3344,8.261,10.9661
E0021,2026-02-17T00:00:00Z,2.6005,1.7539,0.2219,6.0201,6.8262,10.4781
E0022,2026-02-17T00:00:00Z,3.6932,1.229,4.4722,6.2661,7.5854,10.694
E0023,2026-02-17T00:00:00Z,2.4488,1.2772,4.0831,5.2808,7.0797,10.1543
E0024,2026-02-17T00:00:00Z,1.481,1.4806,7.2943,5.5075,6.2346,7.4438
E0025,2026-02-17T00:00:00Z,2.1938,0.5731,2.5021,5.9171,7.5738,9.0402
E0026,2026-02-17T00:00:00Z,2.7541,-0.7861,3.7942,4.6775,8.6411,9.9233
E0027,2026-02-17T00:00:00Z,3.6586,1.1124,4.2738,5.7242,6.5332,8.3887
E0028,2026-02-17T00:00:00Z,2.0465,-0.7064,2.5026,4.7021,5.6164,8.3986
E0029,2026-02-17T00:00:00Z,3.8112,0.8031,3.9272,5.0802,7.4943,10.7756
E0030,2026-02-17T00:00:00Z,2.4444,0.0863,5.6854,5.6151,7.5601,8.41
E0031,2026-02-17T00:00:00Z,3.3081,4.2477,1.9353,4.0803,7.1129,9.9024
E0032,2026-02-17T00:00:00Z,2.4714,2.0807,3.9535,5.6591,7.3291,9.7444
E0033,2026-02-17T00:00:00Z,3.3701,3.2455,3.7584,5.5281,5.2791,9.4329
E0034,2026-02-17T00:00:00Z,2.734,2.6994,3.4188,6.1515,7.3953,9.4492
E0035,2026-02-17T00:00:00Z,1.6636,0.6038,4.7254,6.0126,7.693,7.8473
E0036,2026-02-17T00:00:00Z,2.405,-3.1834,2.2257,5.0325,5.6895,10.167
E0037,2026-02-17T00:00:00Z,2.8909,1.5089,0.2136,6.9581,8.3778,9.7527
E0038,2026-02-17T00:00:00Z,2.7219,1.3509,3.885,6.7106,7.1952,11.0744
E0039,2026-02-17T00:00:00Z,2.3079,0.4501,7.6111,6.4579,9.4334,9.872
E0040,2026-02-17T00:00:00Z,2.6239,1.1867,3.1452,5.775,8.6346,9.14
E0041,2026-02-17T00:00:00Z,3.6528,0.3312,5.8828,5.5252,5.3851,9.0377
E0042,2026-02-17T00:00:00Z,2.9272,0.9996,4.0308,4.1555,6.4136,8.8967
E0043,2026-02-17T00:00:00Z,3.7496,0.2047,5.1678,5.5917,7.0621,10.5545
E0044,2026-02-17T00:00:00Z,3.731,0.0308,4.9572,7.2544,8.4324,9.4065
E0045,2026-02-17T00:00:00Z,4.2377,0.4877,6.2254,5.1395,7.6686,10.9653
E0046,2026-02-17T00:00:00Z,3.7106,1.4991,6.9576,5.4367,7.0974,8.4374
E0047,2026-02-17T00:00:00Z,2.5101,-2.1011,6.712,5.4795,6.4075,9.5687
E0048,2026-02-17T00:00:00Z,2.5654,0.4857,2.213,4.4939,8.3732,10.7149
E0049,2026-02-17T00:00:00Z,3.7255,1.3567,4.8434,4.689,8.3219,10.5254
E0050,2026-02-17T00:00:00Z,2.0027,0.1897,5.6515,5.8226,6.6624,9.1138
E0051,2026-02-17T00:00:00Z,3.378,3.0419,2.1391,4.9561,7.0278,8.8737
E0052,2026-02-17T00:00:00Z,3.573,0.1886,3.8064,5.9851,8.8327,11.8785
E0053,2026-02-17T00:00:00Z,2.427,1.0817,4.6386,5.0859,8.2652,9.6891
E0054,2026-02-17T00:00:00Z,1.7538,2.411,5.7929,5.8152,7.197,8.5072
E0055,2026-02-17T00:00:00Z,2.7814,3.8087,1.8461,6.1047,7.9323,10.9284
E0056,2026-02-17T00:00:00Z,2.3897,-2.8595,1.0352,5.1052,7.699,9.9884
E0057,2026-02-17T00:00:00Z,3.8672,0.0679,2.7687,5.1938,7.5149,10.8608
E0058,2026-02-17T00:00:00Z,3.0793,0.175,3.985,5.0657,5.9162,9.4294
E0059,2026-02-17T00:00:00Z,3.5419,1.6631,4.522,6.731,6.7608,9.7914
E0060,2026-02-17T00:00:00Z,3.0176,3.1563,3.7346,6.3088,7.9731,9.2195
E0061,2026-02-17T00:00:00Z,2.6281,0.8929,4.4169,4.015,7.7939,9.8474
E0062,2026-02-17T00:00:00Z,3.0667,1.0557,1.587,5.8493,7.6293,10.1531
E0063,2026-02-17T00:00:00Z,3.3806,-0.406,3.7242,5.4746,8.6436,10.8796
E0064,2026-02-17T00:00:00Z,3.1155,2.0699,4.3376,5.6755,6.4483,8.2453
E0065,2026-02-17T00:00:00Z,2.2118,0.7634,4.8271,5.3943,7.9598,9.0207
E0066,2026-02-17T00:00:00Z,2.9858,2.3119,1.1323,4.9153,6.1555,11.3208
E0067,2026-02-17T00:00:00Z,3.6944,0.1038,3.9228,5.365,6.869,8.8043
E0068,2026-02-17T00:00:00Z,2.2281,0.4593,2.2605,6.2922,7.8237,8.8165
E0069,2026-02-17T00:00:00Z,3.2547,2.5079,3.0811,4.8274,6.9361,8.9524
E0070,2026-02-17T00:00:00Z,2.0158,4.0792,4.8772,5.0691,6.6846,8.6627
E0071,2026-02-17T00:00:00Z,2.9809,2.3987,3.1188,5.434,7.9797,9.5567
E0072,2026-02-17T00:00:00Z,2.8428,2.4781,1.9826,4.5478,8.5441,9.5407
E0073,2026-02-17T00:00:00Z,3.4008,-2.4725,1.4178,6.2747,6.863,8.6332
E0074,2026-02-17T00:00:00Z,3.2762,1.8271,5.9131,5.1787,8.6627,8.9973
E0075,2026-02-17T00:00:00Z,1.9419,1.2436,5.1293,6.4046,7.6286,9.8637
E0076,2026-02-17T00:00:00Z,3.79,3.1206,2.452,5.2015,6.4708,8.5934
E0077,2026-02-17T00:00:00Z,1.4223,-0.5434,4.7914,6.6321,8.2355,9.357
E0078,2026-02-17T00:00:00Z,3.365,-1.2083,3.0478,5.7617,8.111,9.7394
E0079,2026-02-17T00:00:00Z,1.6809,0.2348,3.7246,4.8273,6.6283,8.6456
E0080,2026-02-17T00:00:00Z,4.3492,1.3378,3.8026,4.5927,7.153,8.8957
E0081,2026-02-17T00:00:00Z,3.0398,4.2584,3.852,5.5087,5.6422,9.3534
E0082,2026-02-17T00:00:00Z,2.9304,-0.0198,3.1083,5.3801,9.5604,9.6635
E0083,2026-02-17T00:00:00Z,2.9864,1.1381,2.6967,5.3358,6.9507,8.8566
E0084,2026-02-17T00:00:00Z,3.8577,0.5132,5.081,5.4887,7.7463,10.2902
E0085,2026-02-17T00:00:00Z,2.4851,1.8455,4.6968,5.4696,7.3984,9.8257
E0086,2026-02-17T00:00:00Z,2.8939,1.1591,3.4797,5.3631,6.6416,8.9542
E0087,2026-02-17T00:00:00Z,1.7934,-0.3812,2.1224,5.6062,7.6847,11.6163
E0088,2026-02-17T00:00:00Z,2.6854,-0.3487,2.6349,5.1467,6.8376,8.5556
E0089,2026-02-17T00:00:00Z,3.7995,0.1308,4.2013,5.8355,7.2347,10.8404
E0090,2026-02-17T00:00:00Z,1.937,0.8628,4.1748,5.1396,8.019,8.9339
E0091,2026-02-17T00:00:00Z,3.9421,1.7762,4.509,5.2972,6.2632,8.776
E0092,2026-02-17T00:00:00Z,2.4317,-0.3566,3.8602,4.4789,6.7261,11.7532
E0093,2026-02-17T00:00:00Z,2.2797,0.7156,5.0961,5.4483,7.7436,9.3745
E0094,2026-02-17T00:00:00Z,2.0511,3.1057,2.0951,5.8366,8.4195,9.3842
E0095,2026-02-17T00:00:00Z,3.804,0.6483,6.317,6.1689,7.2044,9.2699
E0096,2026-02-17T00:00:00Z,1.5312,-2.2062,6.2061,5.7508,6.4295,9.4764
E0097,2026-02-17T00:00:00Z,1.5282,3.4804,2.6603,5.3654,7.1301,9.5346
E0098,2026-02-17T00:00:00Z,2.7941,1.1726,5.6961,5.2998,8.3703,10.1528
E0099,2026-02-17T00:00:00Z,2.6782,2.0215,3.8384,5.1732,7.2198,8.7492
E0100,2026-02-17T00:00:00Z,2.3398,1.0579,2.5304,5.0645,7.1677,7.7162
E0101,2026-02-17T00:00:00Z,2.7898,-0.069,3.2823,5.8409,8.5392,9.3841
E0102,2026-02-17T00:00:00Z,2.5352,-0.8476,3.2355,5.2769,7.8707,9.051
E0103,2026-02-17T00:00:00Z,3.3514,0.9704,5.0851,5.4705,7.3025,9.541
E0104,2026-02-17T00:00:00Z,3.6027,3.5394,1.9074,6.0749,8.7217,11.3564
E0105,2026-02-17T00:00:00Z,3.0714,1.2867,2.9024,5.4896,7.865,8.8592
E0106,2026-02-17T00:00:00Z,4.7591,-3.2923,4.5876,5.5966,7.4729,9.5546
E0107,2026-02-17T00:00:00Z,2.0044,0.8869,2.1444,5.7121,8.1026,9.6168
E0108,2026-02-17T00:00:00Z,2.0668,2.4117,5.894,4.9808,6.7398,10.8126
E0109,2026-02-17T00:00:00Z,1.922,-1.0638,4.1212,6.1085,7.9268,9.8288
E0110,2026-02-17T00:00:00Z,3.6687,-0.009,6.5687,5.915,6.1361,10.8739
E0111,2026-02-17T00:00:00Z,2.8293,0.3587,5.218,5.7423,7.359,9.5552
E0112,2026-02-17T00:00:00Z,2.4984,0.5958,3.5691,4.9975,7.6446,10.4111
E0113,2026-02-17T00:00:00Z,2.3954,2.62,3.6934,5.4188,6.8124,9.6391
E0114,2026-02-17T00:00:00Z,3.0185,1.4396,4.1352,4.9714,5.9719,9.7884
E0115,2026-02-17T00:00:00Z,3.2777,1.1669,3.7303,5.954,5.6319,9.6266
E0116,2026-02-17T00:00:00Z,3.1165,2.5599,3.3646,6.3483,8.0526,9.8152
E0117,2026-02-17T00:00:00Z,2.5756,1.2286,4.256,5.724,7.407,11.2114
E0118,2026-02-17T00:00:00Z,2.857,-1.2957,4.8641,5.6754,7.57,8.3095
E0119,2026-02-17T00:00:00Z,2.4756,1.0958,5.9799,4.8403,6.8453,10.7554
E0120,2026-02-17T00:00:00Z,3.3555,-3.1621,2.9623,5.9192,6.9916,10.128
E0121,2026-02-17T00:00:00Z,1.5751,0.3049,1.6446,5.6944,7.8713,11.0781
E0122,2026-02-17T00:00:00Z,3.4124,1.5231,3.4373,5.1645,7.5135,10.0497
E0123,2026-02-17T00:00:00Z,2.908,-0.1685,4.44,4.8822,5.4536,8.1638
E0124,2026-02-17T00:00:00Z,3.4182,1.3837,4.6322,6.1848,7.9543,10.0125
E0125,2026-02-17T00:00:00Z,2.0681,-2.7594,2.7432,5.1482,7.8667,10.0649
E0126,2026-02-17T00:00:00Z,4.0112,2.2525,2.4331,5.2877,6.7523,7.4333
E0127,2026-02-17T00:00:00Z,3.5587,1.617,4.4864,6.3609,7.9078,11.1708
E0128,2026-02-17T00:00:00Z,3.5094,1.69,-0.6931,4.8432,7.9434,9.4469
E0129,2026-02-17T00:00:00Z,3.024,0.6377,2.2708,6.2544,7.8794,8.7439
E0130,2026-02-17T00:00:00Z,3.0762,1.5353,3.7359,4.6714,7.5588,9.9211
E0131,2026-02-17T00:00:00Z,2.7738,1.3587,5.5402,5.545,7.695,8.6545
E0132,2026-02-17T00:00:00Z,3.1227,1.4102,4.1821,6.0412,6.6615,9.9582
E0133,2026-02-17T00:00:00Z,2.6425,1.5058,1.089,5.5019,8.1544,10.4065
E0134,2026-02-17T00:00:00Z,2.6947,3.5637,4.9711,5.3437,8.5909,10.6829
E0135,2026-02-17T00:00:00Z,2.103,3.5644,3.1498,4.9961,5.8973,7.256
E0136,2026-02-17T00:00:00Z,2.7028,2.3281,5.6229,5.1185,7.542,8.7842
E0137,2026-02-17T00:00:00Z,2.3283,2.2928,4.7024,5.8657,7.5767,10.4526
E0138,2026-02-17T00:00:00Z,4.1341,-1.5431,4.2882,4.9068,7.9703,10.5209
E0139,2026-02-17T00:00:00Z,3.8393,3.7189,7.8877,6.0856,7.3401,10.5637
E0140,2026-02-17T00:00:00Z,2.9081,3.7169,3.4732,5.9524,7.7796,10.4632
E0141,2026-02-17T00:00:00Z,2.5961,-0.8002,4.9285,6.2359,5.8041,9.0779
E0142,2026-02-17T00:00:00Z,3.4883,-1.3881,0.2873,4.1099,7.8645,9.1041
E0143,2026-02-17T00:00:00Z,2.7639,-0.9246,2.0861,5.7444,6.7182,9.5002
E0144,2026-02-17T00:00:00Z,2.5747,2.1153,1.7811,5.0073,7.4994,9.9596
E0145,2026-02-17T00:00:00Z,2.9058,-0.1225,4.0047,6.1075,6.8977,10.252
E0146,2026-02-17T00:00:00Z,0.9004,2.1251,3.8263,5.489,9.2993,9.4991
E0147,2026-02-17T00:00:00Z,2.7452,0.163,2.6963,5.3337,6.9564,9.2042
E0148,2026-02-17T00:00:00Z,2.8438,0.7682,2.0097,5.8859,8.1152,7.5274
E0149,2026-02-17T00:00:00Z,2.2458,0.5544,3.7013,5.0805,8.1296,9.379
E0000,2026-02-18T00:00:00Z,3.9251,1.6297,5.9343,5.6975,7.5484,8.9094
E0001,2026-02-18T00:00:00Z,3.401,2.435,5.0997,5.2513,8.2753,10.1873
E0002,2026-02-18T00:00:00Z,2.1503,0.329,5.3571,5.2273,7.2318,9.0555
E0003,2026-02-18T00:00:00Z,3.4526,-3.3598,3.0164,4.7199,6.2139,8.4537
E0004,2026-02-18T00:00:00Z,3.1505,1.9617,0.066,6.0664,7.608,10.2059
E0005,2026-02-18T00:00:00Z,3.7446,3.889,2.5402,5.5643,8.6137,8.8918
E0006,2026-02-18T00:00:00Z,2.1424,-3.9408,3.8281,6.3314,9.2733,9.0628
E0007,2026-02-18T00:00:00Z,2.3253,1.1234,3.6687,6.3213,7.8072,9.4489
E0008,2026-02-18T00:00:00Z,3.4831,0.8896,4.0596,5.3046,7.3569,8.868
E0009,2026-02-18T00:00:00Z,3.1522,1.5279,2.787,6.4282,5.0353,9.7871
E0010,2026-02-18T00:00:00Z,2.0026,-0.3806,4.2769,5.516,8.2573,8.9011
E0011,2026-02-18T00:00:00Z,3.2499,-1.8714,3.7479,5.741,8.1624,8.2999
E0012,2026-02-18T00:00:00Z,2.3646,2.0221,5.4285,5.3077,7.6589,10.265
E0013,2026-02-18T00:00:00Z,3.0657,1.1918,1.7361,6.1269,6.4185,9.1975
E0014,2026-02-18T00:00:00Z,3.6834,0.4908,2.252,6.0097,8.0563,8.9855
E0015,2026-02-18T00:00:00Z,4.5242,-1.7131,2.6985,5.3415,7.3211,9.76
E0016,2026-02-18T00:00:00Z,2.3415,-0.6427,3.8891,6.0091,5.8365,8.2735
E0017,2026-02-18T00:00:00Z,2.3122,1.8923,2.909,4.8865,5.7556,9.0663
E0018,2026-02-18T00:00:00Z,1.6152,0.821,4.9371,5.3469,6.9559,7.9944
E0019,2026-02-18T00:00:00Z,2.0801,1.5761,4.3168,5.1645,8.496,8.847
E0020,2026-02-18T00:00:00Z,3.0346,0.6784,3.7263,5.8448,7.6708,8.5661
E0021,2026-02-18T00:00:00Z,3.2332,-1.3649,3.9353,4.9984,7.6601,9.4992
E0022,2026-02-18T00:00:00Z,2.0758,0.6265,3.8094,5.7734,7.9319,9.8596
E0023,2026-02-18T00:00:00Z,2.5519,0.8236,4.2373,5.0331,7.0127,9.368
E0024,2026-02-18T00:00:00Z,3.1657,1.4827,-0.2208,5.722,7.9742,9.8873
E0025,2026-02-18T00:00:00Z,2.687,-0.2119,6.1395,6.1586,7.1178,8.974
E0026,2026-02-18T00:00:00Z,3.2427,-1.1278,4.2692,5.1637,8.8114,9.804
E0027,2026-02-18T00:00:00Z,2.8549,0.1698,4.466,4.2105,6.4481,8.7412
E0028,2026-02-18T00:00:00Z,3.0609,0.1021,3.479,5.6,8.256,10.2494
E0029,2026-02-18T00:00:00Z,3.1024,1.5451,2.6343,6.178,7.5969,9.0361
E0030,2026-02-18T00:00:00Z,3.3182,1.5426,4.2369,5.0427,5.4755,9.1877
E0031,2026-02-18T00:00:00Z,2.8029,2.6144,4.3587,6.1298,8.5491,9.2434
E0032,2026-02-18T00:00:00Z,3.6224,-1.1203,4.8364,5.7141,7.0025,8.6825
E0033,2026-02-18T00:00:00Z,3.3079,0.8557,4.158,5.3763,7.9126,9.4018
E0034,2026-02-18T00:00:00Z,2.3443,-0.0182,2.5955,5.7076,6.4886,10.2275
E0035,2026-02-18T00:00:00Z,3.0369,0.4838,3.6758,5.1999,7.9176,8.6516
E0036,2026-02-18T00:00:00Z,1.5899,0.456,4.2641,5.373,7.4582,9.8834
E0037,2026-02-18T00:00:00Z,3.1037,1.0475,4.9483,6.5843,5.3536,9.7242
E0038,2026-02-18T00:00:00Z,2.2892,1.8046,4.5114,5.564,7.2367,10.1431
E0039,2026-02-18T00:00:00Z,3.4811,1.1918,1.3132,6.2028,9.2695,9.4343
E0040,2026-02-18T00:00:00Z,3.5585,1.4968,5.2376,5.7421,7.154,10.058
E0041,2026-02-18T00:00:00Z,3.4052,-3.0391,2.5446,4.853,5.3079,7.7724
E0042,2026-02-18T00:00:00Z,3.1571,-0.2413,2.9201,4.7584,8.8102,9.1672
E0043,2026-02-18T00:00:00Z,3.9523,0.5361,4.3089,5.7856,8.0688,12.4347
E0044,2026-02-18T00:00:00Z,1.644,-1.3575,2.9055,4.0013,7.0289,10.4754
E0045,2026-02-18T00:00:00Z,2.2691,2.0482,2.7283,5.4014,6.7436,9.3214
E0046,2026-02-18T00:00:00Z,1.5759,-0.9047,4.3445,5.5825,8.5009,8.8138
E0047,2026-02-18T00:00:00Z,3.8971,0.5038,3.4972,5.5415,8.0371,9.1388
E0048,2026-02-18T00:00:00Z,2.9773,2.1221,4.7646,4.4975,8.7203,8.6499
E0049,2026-02-18T00:00:00Z,3.3083,-1.1621,4.838,5.3414,7.5605,10.5299
E0050,2026-02-18T00:00:00Z,2.6942,0.3534,2.9347,5.3631,6.5602,8.8746
E0051,2026-02-18T00:00:00Z,2.705,-0.0289,1.7138,5.2606,8.3336,9.9465
E0052,2026-02-18T00:00:00Z,3.1046,-0.4067,3.7709,5.6035,8.0348,9.3945
E0053,2026-02-18T00:00:00Z,2.1121,-1.1607,6.0892,5.6432,7.7982,9.8696
E0054,2026-02-18T00:00:00Z,2.4164,4.3267,3.8855,5.7519,6.7211,10.6036
E0055,2026-02-18T00:00:00Z,1.9969,4.146,3.9137,6.3844,6.7357,9.6707
E0056,2026-02-18T00:00:00Z,2.1986,0.6115,3.505,6.6194,7.6755,8.9506
E0057,2026-02-18T00:00:00Z,2.4968,-0.5342,3.2662,5.6922,7.7743,8.7003
E0058,2026-02-18T00:00:00Z,2.6064,2.9164,2.3858,4.1237,8.6117,10.0922
E0059,2026-02-18T00:00:00Z,3.0899,3.8135,2.8903,6.7247,6.2547,8.0601
E0060,2026-02-18T00:00:00Z,1.5393,-1.0794,3.5161,5.7944,6.4225,8.9092
E0061,2026-02-18T00:00:00Z,2.6862,0.47,2.627,5.781,9.1843,8.3235
E0062,2026-02-18T00:00:00Z,3.1651,2.5349,4.45,5.4718,5.8562,9.0134
E0063,2026-02-18T00:00:00Z,3.6824,2.704,4.9989,5.2578,8.148,10.2004
E0064,2026-02-18T00:00:00Z,1.8517,-0.571,3.422,4.7347,7.3631,9.1435
E0065,2026-02-18T00:00:00Z,3.6677,1.6423,3.8338,5.6212,8.052,9.0715
E0066,2026-02-18T00:00:00Z,3.4042,0.7639,3.2682,4.6287,7.0796,9.8302
E0067,2026-02-18T00:00:00Z,2.5344,-0.5277,0.5104,4.6852,8.7522,8.3376
E0068,2026-02-18T00:00:00Z,2.9272,3.3959,3.5058,5.332,8.5589,9.4969
E0069,2026-02-18T00:00:00Z,3.0652,2.3585,3.439,6.8085,5.6612,10.0875
E0070,2026-02-18T00:00:00Z,3.0987,0.7849,-0.3599,5.0574,8.2242,8.9489
E0071,2026-02-18T00:00:00Z,2.2255,1.0607,1.7391,5.1569,6.3506,10.27
E0072,2026-02-18T00:00:00Z,2.5341,-0.4543,3.0393,4.5528,7.2379,10.5111
E0073,2026-02-18T00:00:00Z,2.6476,0.3056,1.6435,5.2454,6.9471,9.7146
E0074,2026-02-18T00:00:00Z,2.422,-0.2902,4.7133,5.9832,5.3153,9.0415
E0075,2026-02-18T00:00:00Z,2.183,0.4538,1.6366,6.3798,8.4241,7.8294
E0076,2026-02-18T00:00:00Z,3.034,1.4907,4.3087,5.9765,7.9931,9.543
E0077,2026-02-18T00:00:00Z,4.1719,-1.1541,0.1509,5.8385,7.6678,10.616
E0078,2026-02-18T00:00:00Z,2.6091,-2.0306,3.7941,4.8414,6.1431,8.4418
E0079,2026-02-18T00:00:00Z,2.8253,3.4711,3.6477,4.737,7.2372,11.1155
E0080,2026-02-18T00:00:00Z,2.9372,0.693,1.1474,6.2716,7.4457,8.7109
E0081,2026-02-18T00:00:00Z,2.5341,2.3789,4.3257,4.7311,7.6875,9.7544
E0082,2026-02-18T00:00:00Z,3.3908,1.3047,4.5417,5.4885,8.2454,10.2892
E0083,2026-02-18T00:00:00Z,3.005,1.3062,2.0312,6.2417,8.1451,9.7755
E0084,2026-02-18T00:00:00Z,3.0286,3.0153,3.4178,6.3458,7.5098,9.1118
E0085,2026-02-18T00:00:00Z,4.0449,-0.8303,2.7341,5.6708,6.8622,8.345
E0086,2026-02-18T00:00:00Z,2.7502,-1.0714,2.6584,5.2219,6.4008,10.4417
E0087,2026-02-18T00:00:00Z,2.9114,-0.6982,3.5409,5.8817,7.2677,9.1868
E0088,2026-02-18T00:00:00Z,2.6439,1.0345,2.6774,5.1226,6.8901,8.2651
E0089,2026-02-18T00:00:00Z,1.8969,1.6659,2.4786,6.0092,6.7338,10.5808
E0090,2026-02-18T00:00:00Z,2.8984,-0.4522,3.7544,5.3575,6.3366,8.441
E0091,2026-02-18T00:00:00Z,2.5383,-0.5761,4.6324,5.3524,4.9311,8.4423
E0092,2026-02-18T00:00:00Z,2.9392,0.9135,3.5079,4.768,8.2942,10.2295
E0093,2026-02-18T00:00:00Z,2.9256,0.1188,4.2244,5.3009,6.8899,11.3351
E0094,2026-02-18T00:00:00Z,2.9487,1.4148,4.4786,5.6725,8.4232,9.5346
E0095,2026-02-18T00:00:00Z,2.4934,2.4956,4.279,5.045,7.0939,7.9921
E0096,2026-02-18T00:00:00Z,3.5243,0.4735,4.0585,4.5428,5.9164,9.2896
E0097,2026-02-18T00:00:00Z,2.9713,-0.323,4.5457,5.1686,6.3134,9.4965
E0098,2026-02-18T00:00:00Z,2.6433,1.7616,2.016,6.2236,6.5346,8.971
E0099,2026-02-18T00:00:00Z,3.3665,-0.6977,3.0829,4.6201,8.3194,10.3083
E0100,2026-02-18T00:00:00Z,2.2242,0.5543,4.877,5.1385,6.2569,10.9811
E0101,2026-02-18T00:00:00Z,2.7937,1.716,2.1812,6.238,6.825,9.8367
E0102,2026-02-18T00:00:00Z,3.1139,1.5102,6.6153,5.0769,8.1794,9.3888
E0103,2026-02-18T00:00:00Z,3.4068,1.155,3.6184,5.3482,9.0105,8.1649
E0104,2026-02-18T00:00:00Z,3.2736,2.991,4.6017,5.4357,7.2714,7.3685
E0105,2026-02-18T00:00:00Z,3.9424,-1.7827,4.1397,5.2903,8.8372,9.1679
E0106,2026-02-18T00:00:00Z,2.2555,1.5889,3.5419,5.5757,6.1812,10.7493
E0107,2026-02-18T00:00:00Z,2.6604,1.2966,5.6283,6.0291,8.256,9.4364
E0108,2026-02-18T00:00:00Z,3.5001,0.6749,4.0893,5.0316,7.1363,11.1459
E0109,2026-02-18T00:00:00Z,2.4553,1.6056,1.2812,5.5841,7.8619,11.3438
E0110,2026-02-18T00:00:00Z,2.3086,0.804,4.1659,4.2793,6.1787,10.2907
E0111,2026-02-18T00:00:00Z,2.9102,0.534,3.0204,6.3546,6.9924,10.2852
E0112,2026-02-18T00:00:00Z,3.4905,0.8814,5.2489,6.0535,6.9332,8.4083
E0113,2026-02-18T00:00:00Z,2.8901,3.1971,4.1758,5.5147,6.9777,10.3796
E0114,2026-02-18T00:00:00Z,3.891,0.7373,2.5461,4.9944,6.217,10.9113
E0115,2026-02-18T00:00:00Z,1.5073,0.7428,3.6021,6.767,6.5151,9.1688
E0116,2026-02-18T00:00:00Z,3.4698,-0.1474,2.2036,4.6204,6.2479,10.0048
E0117,2026-02-18T00:00:00Z,2.5044,1.6312,5.6582,6.5588,5.2819,9.824
E0118,2026-02-18T00:00:00Z,2.1466,-1.0618,5.0195,6.158,7.7088,9.079
E0119,2026-02-18T00:00:00Z,2.8379,-0.6641,3.4506,5.7552,6.7877,6.9282
E0120,2026-02-18T00:00:00Z,2.9691,2.6599,3.3713,4.548,6.7104,6.9593
E0121,2026-02-18T00:00:00Z,2.0818,0.2275,4.7997,5.7006,8.447,11.1249
E0122,2026-02-18T00:00:00Z,4.2278,0.3662,2.794,6.4295,8.0519,9.6942
E0123,2026-02-18T00:00:00Z,2.3059,3.7303,0.2467,5.3821,7.8403,9.957
E0124,2026-02-18T00:00:00Z,2.5962,1.3695,3.6157,6.2397,8.1248,9.6678
E0125,2026-02-18T00:00:00Z,2.7373,0.247,2.9432,4.6002,7.1563,9.3261
E0126,2026-02-18T00:00:00Z,2.2295,0.3171,4.2446,5.8927,6.1924,9.7221
E0127,2026-02-18T00:00:00Z,3.839,0.6496,3.9013,4.8837,7.4198,11.6591
E0128,2026-02-18T00:00:00Z,1.9927,0.2031,4.8831,6.1545,7.5708,9.0259
E0129,2026-02-18T00:00:00Z,3.091,2.7709,1.4872,5.1182,8.754,11.0519
E0130,2026-02-18T00:00:00Z,3.2386,0.5859,4.0081,5.8154,7.522,9.4356
E0131,2026-02-18T00:00:00Z,3.3747,0.6996,4.2743,4.4917,6.1344,10.6097
E0132,2026-02-18T00:00:00Z,4.1368,2.8262,1.4016,4.9518,5.1468,8.8559
E0133,2026-02-18T00:00:00Z,3.1964,1.8527,6.2755,6.7913,7.8662,8.6992
E0134,2026-02-18T00:00:00Z,2.6768,1.6518,4.3773,5.396,8.4259,8.366
E0135,2026-02-18T00:00:00Z,2.5628,1.3169,5.5062,4.5167,7.3646,9.1383
E0136,2026-02-18T00:00:00Z,2.6763,-0.3272,5.1885,4.8969,8.2307,8.6063
E0137,2026-02-18T00:00:00Z,1.8595,-0.2338,1.9313,4.602,7.3064,8.962
E0138,2026-02-18T00:00:00Z,3.6926,0.3802,3.9462,5.2397,8.2451,10.6619
E0139,2026-02-18T00:00:00Z,1.3687,-0.2032,3.6192,6.0936,7.2965,11.598
E0140,2026-02-18T00:00:00Z,3.1549,2.3044,2.6309,5.1303,7.5698,8.9644
E0141,2026-02-18T00:00:00Z,2.342,0.8913,1.3663,4.7732,7.7183,10.0541
E0142,2026-02-18T00:00:00Z,1.8862,0.6635,3.3314,5.4869,6.0244,8.6578
E0143,2026-02-18T00:00:00Z,2.5345,0.5454,4.0459,5.2097,7.0722,10.1865
E0144,2026-02-18T00:00:00Z,2.2041,1.5704,2.8407,5.9911,6.6423,9.9484
E0145,2026-02-18T00:00:00Z,2.841,-0.8638,2.2664,6.0821,5.6965,8.6913
E0146,2026-02-18T00:00:00Z,2.6836,2.288,3.3696,6.2157,6.7398,10.8444
E0147,2026-02-18T00:00:00Z,3.0455,1.4708,5.0313,5.7013,7.4897,8.3138
E0148,2026-02-18T00:00:00Z,2.314,1.1955,7.0806,5.2244,7.4494,8.8545
E0149,2026-02-18T00:00:00Z,3.1442,-0.3174,1.3881,4.9777,7.9525,9.1793
E0000,2026-02-19T00:00:00Z,2.3909,-2.0125,2.3767,6.0843,8.6948,9.281
E0001,2026-02-19T00:00:00Z,1.6908,-0.2453,5.3178,5.6441,6.5267,9.7489
E0002,2026-02-19T00:00:00Z,2.2851,0.0725,2.7993,5.889,6.3115,10.2326
E0003,2026-02-19T00:00:00Z,2.7107,0.6347,3.3077,5.2317,7.4764,9.2849
E0004,2026-02-19T00:00:00Z,1.9907,2.407,1.7927,6.1434,6.8613,10.2339
E0005,2026-02-19T00:00:00Z,2.5833,-0.4555,3.0414,5.4452,6.5401,10.183
E0006,2026-02-19T00:00:00Z,2.3958,1.5675,3.8404,5.2469,8.6617,8.391
E0007,2026-02-19T00:00:00Z,2.132,1.2323,3.819,4.9833,6.9959,9.6903
E0008,2026-02-19T00:00:00Z,1.938,1.0398,2.9146,6.4598,6.3569,7.0579
E0009,2026-02-19T00:00:00Z,3.6941,1.5271,3.461,4.8799,8.1279,10.7504
E0010,2026-02-19T00:00:00Z,2.4641,3.6933,4.2375,4.8042,7.9939,9.5917
E0011,2026-02-19T00:00:00Z,2.9594,1.7593,4.2536,6.3681,6.5204,9.2229
E0012,2026-02-19T00:00:00Z,1.7755,-0.0499,1.6382,5.0597,7.9877,8.8033
E0013,2026-02-19T00:00:00Z,2.4029,3.3777,6.0109,5.5453,8.7919,8.9051
E0014,2026-02-19T00:00:00Z,2.206,1.184,3.8548,5.5353,7.9696,9.9244
E0015,2026-02-19T00:00:00Z,3.5932,0.0966,4.7319,5.7892,8.3739,9.4948
E0016,2026-02-19T00:00:00Z,2.615,-0.062,3.4978,4.999,8.6122,9.5612
E0017,2026-02-19T00:00:00Z,3.2408,0.6734,4.7816,5.4032,7.8075,7.9805
E0018,2026-02-19T00:00:00Z,2.5297,3.1973,1.7077,5.7397,8.1361,9.9755
E0019,2026-02-19T00:00:00Z,4.0282,3.4107,2.7618,4.5102,7.2318,9.0781
E0020,2026-02-19T00:00:00Z,4.0914,0.4059,2.9282,4.9721,6.9757,10.3054
E0021,2026-02-19T00:00:00Z,3.4403,0.0294,3.3732,5.5667,8.3711,10.4244
E0022,2026-02-19T00:00:00Z,3.6943,1.3924,3.6252,5.3293,7.5162,8.7869
E0023,2026-02-19T00:00:00Z,3.7409,1.418,1.8549,5.7972,7.9453,11.5961
E0024,2026-02-19T00:00:00Z,3.0898,0.6949,3.8811,5.0508,6.7056,10.4178
E0025,2026-02-19T00:00:00Z,4.1231,0.749,5.1294,5.6619,8.1428,8.5059
E0026,2026-02-19T00:00:00Z,3.1524,-0.2116,3.0734,5.7179,5.408,9.3463
E0027,2026-02-19T00:00:00Z,1.9382,-2.028,4.1442,5.2938,7.8117,9.83
E0028,2026-02-19T00:00:00Z,2.9473,-0.4821,5.1181,6.324,8.0216,8.4393
E0029,2026-02-19T00:00:00Z,4.7748,-0.2875,5.057,5.2022,6.2113,10.5889
E0030,2026-02-19T00:00:00Z,3.1942,0.8685,2.4566,5.5671,6.6448,8.0521
E0031,2026-02-19T00:00:00Z,2.895,1.1167,4.0428,6.0225,7.3402,9.2278
E0032,2026-02-19T00:00:00Z,2.8273,-1.3689,3.6254,5.1379,6.4103,10.4245
E0033,2026-02-19T00:00:00Z,2.0653,1.182,3.0978,5.9872,5.105,8.3984
E0034,2026-02-19T00:00:00Z,3.2132,2.4537,2.1919,5.7127,6.883,8.5864
E0035,2026-02-19T00:00:00Z,3.8686,-2.7763,4.0363,5.4312,6.8657,9.8714
E0036,2026-02-19T00:00:00Z,2.8913,1.7728,3.6208,5.6897,6.2763,9.4382
E0037,2026-02-19T00:00:00Z,3.3338,1.5011,4.1223,5.6781,9.4146,10.5508
E0038,2026-02-19T00:00:00Z,3.134,-0.8183,3.8095,6.3802,6.2014,7.9618
E0039,2026-02-19T00:00:00Z,3.8974,1.5244,5.9305,5.0658,7.6025,9.0672
E0040,2026-02-19T00:00:00Z,2.5861,2.9979,5.2381,5.6652,8.3557,8.9971
E0041,2026-02-19T00:00:00Z,1.9836,2.2908,5.3392,4.944,7.4981,10.3949
E0042,2026-02-19T00:00:00Z,4.2259,1.6755,5.9583,6.5031,5.9853,9.3696
E0043,2026-02-19T00:00:00Z,2.4382,1.1265,5.526,4.8886,7.232,8.9673
E0044,2026-02-19T00:00:00Z,3.0372,1.762,4.7255,5.7368,6.8021,10.8662
E0045,2026-02-19T00:00:00Z,1.9425,0.9777,3.7226,5.7054,7.74,8.8682
E0046,2026-02-19T00:00:00Z,2.8103,-0.0375,2.9724,5.5285,8.1658,8.7471
E0047,2026-02-19T00:00:00Z,3.0832,0.6938,5.0939,5.903,7.1799,10.7439
E0048,2026-02-19T00:00:00Z,3.9233,2.0661,3.409,4.708,7.5327,8.9651
E0049,2026-02-19T00:00:00Z,3.1728,-0.9661,4.5228,5.3726,6.1117,10.7312
E0050,2026-02-19T00:00:00Z,2.837,4.3545,5.0848,4.4454,8.335,8.8432
E0051,2026-02-19T00:00:00Z,2.9645,2.6725,3.2549,5.2827,7.1907,9.1853
E0052,2026-02-19T00:00:00Z,2.0712,0.0119,4.0255,5.8374,8.0491,8.1898
E0053,2026-02-19T00:00:00Z,2.2109,2.6224,4.3761,6.259,7.4728,9.315
E0054,2026-02-19T00:00:00Z,1.9182,-1.0962,1.9144,5.5875,8.0114,9.0708
E0055,2026-02-19T00:00:00Z,3.0613,0.8711,1.4296,6.044,7.8589,10.9058
E0056,2026-02-19T00:00:00Z,3.163,-0.0859,3.7343,6.2525,8.0285,10.7394
E0057,2026-02-19T00:00:00Z,2.7588,0.2815,2.2338,4.6583,6.9948,9.2162
E0058,2026-02-19T00:00:00Z,3.3232,1.9022,5.9061,4.7377,7.8496,8.3128
E0059,2026-02-19T00:00:00Z,3.1252,0.2131,4.5303,6.0852,7.9956,10.1058
E0060,2026-02-19T00:00:00Z,2.5525,0.2378,4.5451,5.8806,9.1916,8.5994
E0061,2026-02-19T00:00:00Z,2.7318,1.253,3.8193,5.4888,8.0005,9.4406
E0062,2026-02-19T00:00:00Z,4.3611,3.3189,2.5759,5.7393,7.6671,8.62
E0063,2026-02-19T00:00:00Z,1.8537,3.5857,2.8304,4.9172,7.866,9.8402
E0064,2026-02-19T00:00:00Z,3.5767,3.1539,1.7774,5.9662,9.1152,9.1824
E0065,2026-02-19T00:00:00Z,2.4637,-0.1566,1.9173,6.3233,6.7781,8.5556
E0066,2026-02-19T00:00:00Z,2.8427,0.1171,6.0081,3.9997,7.3423,10.8374
E0067,2026-02-19T00:00:00Z,2.3854,1.1173,5.5868,5.0799,7.5137,8.9663
E0068,2026-02-19T00:00:00Z,3.0671,-0.9608,2.551,5.5457,6.5479,8.841
E0069,2026-02-19T00:00:00Z,3.1013,3.9347,5.4845,6.1823,6.1915,10.6008
E0070,2026-02-19T00:00:00Z,1.8665,1.9882,3.8592,5.2039,8.4117,10.7804
E0071,2026-02-19T00:00:00Z,3.4313,-0.4564,3.0603,6.48,8.2444,8.8243
E0072,2026-02-19T00:00:00Z,2.4052,-1.9051,3.3771,5.4908,8.5235,10.7205
E0073,2026-02-19T00:00:00Z,3.3522,1.1053,4.2262,5.2622,6.0237,10.129
E0074,2026-02-19T00:00:00Z,3.6978,2.6235,3.6873,4.793,7.4289,10.6659
E0075,2026-02-19T00:00:00Z,3.1311,1.3884,3.9956,5.522,7.1832,11.3961
E0076,2026-02-19T00:00:00Z,2.9002,1.8919,2.9782,6.2932,7.5257,11.6009
E0077,2026-02-19T00:00:00Z,2.8427,1.4156,2.6195,4.971,8.8217,9.8581
E0078,2026-02-19T00:00:00Z,2.4721,-0.4502,1.8619,5.8829,7.9306,11.5245
E0079,2026-02-19T00:00:00Z,2.9888,4.1394,3.7577,5.3357,6.989,8.2374
E0080,2026-02-19T00:00:00Z,3.7879,3.4404,4.3269,5.1519,7.6325,10.2544
E0081,2026-02-19T00:00:00Z,2.5396,3.6233,3.9908,5.591,7.8214,9.6943
E0082,2026-02-19T00:00:00Z,2.4791,2.3617,2.2064,4.8981,8.0363,8.3687
E0083,2026-02-19T00:00:00Z,2.9675,1.9383,4.229,5.0806,7.4795,9.1838
E0084,2026-02-19T00:00:00Z,1.9914,-1.4308,5.3217,5.9873,8.0249,8.1814
E0085,2026-02-19T00:00:00Z,2.8012,4.669,3.227,5.1104,9.0756,10.1458
E0086,2026-02-19T00:00:00Z,3.8507,1.603,3.2663,5.0674,7.6922,10.3511
E0087,2026-02-19T00:00:00Z,2.7853,0.6617,4.8686,5.6676,6.9983,8.7946
E0088,2026-02-19T00:00:00Z,2.6131,-0.7871,4.4305,4.2397,7.2677,10.298
E0089,2026-02-19T00:00:00Z,3.5632,0.6097,2.224,4.8899,8.8795,8.8054
E0090,2026-02-19T00:00:00Z,2.2994,-1.2016,1.8412,5.3649,7.2077,9.7008
E0091,2026-02-19T00:00:00Z,1.8957,-2.2816,2.7285,4.9145,5.646,11.8903
E0092,2026-02-19T00:00:00Z,3.3307,3.8261,3.5188,5.3717,8.0222,9.7983
E0093,2026-02-19T00:00:00Z,2.8511,1.5738,1.7413,5.0325,6.6573,8.699
E0094,2026-02-19T00:00:00Z,1.9225,0.421,4.6884,5.9877,8.8541,9.1692
E0095,2026-02-19T00:00:00Z,2.3758,0.9871,2.8864,5.3108,5.7294,8.3582
E0096,2026-02-19T00:00:00Z,0.9587,-1.4686,3.3902,5.5917,6.9191,10.0818
E0097,2026-02-19T00:00:00Z,2.2274,1.556,4.9297,5.8307,7.3325,9.3673
E0098,2026-02-19T00:00:00Z,3.1662,-0.0864,5.8044,5.5927,6.2374,11.0111
E0099,2026-02-19T00:00:00Z,2.6626,2.6937,4.916,5.6094,5.932,9.2382
E0100,2026-02-19T00:00:00Z,2.2047,-1.2566,4.31,4.7482,6.7139,8.6311
E0101,2026-02-19T00:00:00Z,2.9349,0.3204,4.9595,5.277,5.8151,10.257
E0102,2026-02-19T00:00:00Z,2.4129,0.5644,2.1878,5.0302,5.4396,10.2654
E0103,2026-02-19T00:00:00Z,2.4216,1.4916,5.9442,5.6081,4.4677,9.9572
E0104,2026-02-19T00:00:00Z,3.7169,1.8405,2.8934,4.7549,6.2585,9.2144
E0105,2026-02-19T00:00:00Z,3.4503,-1.7868,3.0207,5.413,6.5763,10.0113
E0106,2026-02-19T00:00:00Z,3.5004,1.3711,2.8534,5.6997,7.2011,9.9814
E0107,2026-02-19T00:00:00Z,2.278,-1.2705,3.8975,5.2075,8.5529,8.8767
E0108,2026-02-19T00:00:00Z,4.0628,-0.9325,4.3196,6.0625,8.5033,11.4189
E0109,2026-02-19T00:00:00Z,2.8595,1.7839,3.6447,4.2096,6.4763,7.2334
E0110,2026-02-19T00:00:00Z,2.4657,0.4733,1.9585,5.2548,5.6329,10.4692
E0111,2026-02-19T00:00:00Z,4.4505,0.5466,2.8143,4.834,7.8858,11.5797
E0112,2026-02-19T00:00:00Z,2.0293,2.4904,3.2031,5.3993,8.2606,9.308
E0113,2026-02-19T00:00:00Z,3.0096,1.4875,2.132,4.5594,7.135,9.8357
E0114,2026-02-19T00:00:00Z,3.6067,1.0414,3.5216,6.1769,7.9422,9.4539
E0115,2026-02-19T00:00:00Z,4.1163,1.1806,4.5243,4.4465,7.0841,10.0951
E0116,2026-02-19T00:00:00Z,4.0391,3.0841,4.8135,4.9392,6.1954,11.3744
E0117,2026-02-19T00:00:00Z,2.2384,-0.8095,0.6394,6.1466,7.2334,10.1106
E0118,2026-02-19T00:00:00Z,2.0903,0.2597,4.9845,5.367,6.4952,12.0217
E0119,2026-02-19T00:00:00Z,3.169,1.9047,4.0366,5.4827,5.924,8.9141
E0120,2026-02-19T00:00:00Z,2.9068,1.0613,1.6378,5.2698,6.5214,9.1941
E0121,2026-02-19T00:00:00Z,2.181,-1.2812,3.1192,5.8625,9.0797,8.3818
E0122,2026-02-19T00:00:00Z,3.3814,1.3106,5.4793,5.2141,8.0033,10.5542
E0123,2026-02-19T00:00:00Z,2.8802,2.5515,4.1657,5.1202,5.867,8.3788
E0124,2026-02-19T00:00:00Z,2.5903,-0.6349,4.003,5.1774,5.9064,9.0423
E0125,2026-02-19T00:00:00Z,1.6758,-1.1676,3.9734,6.3243,8.0012,10.1649
E0126,2026-02-19T00:00:00Z,3.3593,2.5656,2.5731,5.4325,7.6601,9.7588
E0127,2026-02-19T00:00:00Z,3.5554,3.382,4.2609,4.4998,7.397,8.7991
E0128,2026-02-19T00:00:00Z,2.5265,0.515,3.249,4.957,7.6328,8.8075
E0129,2026-02-19T00:00:00Z,2.7899,0.0397,6.1481,6.8952,7.9415,10.9861
E0130,2026-02-19T00:00:00Z,3.2963,3.6053,2.787,5.7471,6.7349,10.902
E0131,2026-02-19T00:00:00Z,4.3329,3.8504,3.3848,6.3908,7.5345,10.1658
E0132,2026-02-19T00:00:00Z,3.0604,0.6825,4.586,5.8848,6.6338,8.2545
E0133,2026-02-19T00:00:00Z,3.9238,1.4086,3.7005,5.1959,6.8708,11.1139
E0134,2026-02-19T00:00:00Z,2.963,-2.2274,3.1433,5.6849,6.9932,9.6735
E0135,2026-02-19T00:00:00Z,4.7471,2.2601,4.058,5.2805,6.5116,8.0293
E0136,2026-02-19T00:00:00Z,2.8432,-0.4039,2.7738,5.8177,7.5973,10.9984
E0137,2026-02-19T00:00:00Z,3.1724,1.8776,0.726,6.1361,7.0671,10.8233
E0138,2026-02-19T00:00:00Z,3.6027,2.5741,5.2293,5.505,6.0804,10.4165
E0139,2026-02-19T00:00:00Z,3.1641,2.6157,4.2199,5.6002,6.9696,10.5081
E0140,2026-02-19T00:00:00Z,3.4274,0.946,1.9795,5.8496,8.2281,9.468
E0141,2026-02-19T00:00:00Z,2.1083,1.6519,4.7519,5.1353,7.0113,9.0409
E0142,2026-02-19T00:00:00Z,3.1362,-0.4879,4.5108,5.2048,5.9374,9.65
E0143,2026-02-19T00:00:00Z,2.1986,-2.2642,5.4404,6.032,6.4002,8.1188
E0144,2026-02-19T00:00:00Z,3.1496,-0.2055,3.7125,5.3965,5.8543,9.9707
E0145,2026-02-19T00:00:00Z,3.4758,3.5296,5.2547,6.3709,6.802,11.118
E0146,2026-02-19T00:00:00Z,3.3706,2.2486,6.8278,5.9936,8.1469,9.8012
E0147,2026-02-19T00:00:00Z,2.2285,0.8271,4.06,6.1061,7.1203,9.6791
E0148,2026-02-19T00:00:00Z,3.4218,0.3562,5.229,5.3575,7.0865,9.5773
E0149,2026-02-19T00:00:00Z,3.4998,1.2433,4.2748,5.34,8.4074,9.5639
E0000,2026-02-20T00:00:00Z,2.8966,1.4521,3.876,6.1529,11.7753,8.0614
E0001,2026-02-20T00:00:00Z,3.429,2.5015,5.987,6.1669,9.6241,10.5211
E0002,2026-02-20T00:00:00Z,3.3602,-0.9978,5.9724,4.2176,10.3626,10.3513
E0003,2026-02-20T00:00:00Z,1.8567,-0.7779,5.0031,5.7832,10.9877,11.1322
E0004,2026-02-20T00:00:00Z,2.9256,2.5378,1.8593,5.7444,11.0966,9.2768
E0005,2026-02-20T00:00:00Z,3.26,-1.0798,2.6168,4.9653,10.4549,9.4703
E0006,2026-02-20T00:00:00Z,2.8611,-0.0605,5.6152,5.4282,10.6431,11.084
E0007,2026-02-20T00:00:00Z,2.5787,1.373,3.4072,4.7145,11.8965,8.049
E0008,2026-02-20T00:00:00Z,2.8698,-0.1342,2.3737,5.833,11.8227,9.1044
E0009,2026-02-20T00:00:00Z,2.9131,2.0215,1.4434,5.3785,10.3972,10.6446
E0010,2026-02-20T00:00:00Z,3.2982,2.6744,3.5424,5.2008,11.437,9.4375
E0011,2026-02-20T00:00:00Z,3.667,0.9645,4.0152,6.1914,11.9849,9.4247
E0012,2026-02-20T00:00:00Z,2.7719,0.1697,4.4916,5.6171,11.2577,8.8946
E0013,2026-02-20T00:00:00Z,2.8912,-1.279,4.9847,5.1684,11.1702,8.3099
E0014,2026-02-20T00:00:00Z,2.1977,-0.639,3.0767,6.2445,10.0229,12.1497
E0015,2026-02-20T00:00:00Z,2.465,-0.7333,3.1557,5.7317,12.6678,9.3007
E0016,2026-02-20T00:00:00Z,3.2748,1.1998,3.7301,5.5668,11.5023,9.628
E0017,2026-02-20T00:00:00Z,2.7451,2.9831,4.4661,5.3244,11.7567,11.1193
E0018,2026-02-20T00:00:00Z,2.5103,1.0785,4.9508,7.3487,10.8086,9.1309
E0019,2026-02-20T00:00:00Z,3.1831,0.397,3.1582,5.9812,12.4906,10.1415
E0020,2026-02-20T00:00:00Z,2.3323,-0.4549,3.9143,5.8526,12.4297,9.5775
E0021,2026-02-20T00:00:00Z,1.7161,-0.2979,4.6653,5.0466,11.6592,8.2174
E0022,2026-02-20T00:00:00Z,3.1449,2.9807,2.7674,5.4597,11.9543,11.0297
E0023,2026-02-20T00:00:00Z,2.4195,-2.5989,3.7377,6.4895,11.2365,10.0633
E0024,2026-02-20T00:00:00Z,3.7713,1.3735,6.2506,5.8269,10.942,9.6546
E0025,2026-02-20T00:00:00Z,3.8733,0.4468,5.9865,6.1615,11.6451,10.3466
E0026,2026-02-20T00:00:00Z,3.9556,-0.256,3.9963,6.3526,10.8274,9.6444
E0027,2026-02-20T00:00:00Z,2.1498,0.6689,5.052,5.2853,12.2333,9.2144
E0028,2026-02-20T00:00:00Z,3.9654,1.9408,5.7721,4.8463,11.4503,9.8521
E0029,2026-02-20T00:00:00Z,3.0861,1.8423,3.5102,5.84,11.3311,7.0894
E0030,2026-02-20T00:00:00Z,3.5267,0.4934,3.1283,5.2082,11.7218,8.8167
E0031,2026-02-20T00:00:00Z,2.6725,0.6832,0.9047,5.3648,11.7407,8.7972
E0032,2026-02-20T00:00:00Z,2.898,2.3024,3.5867,5.7268,10.7095,9.7369
E0033,2026-02-20T00:00:00Z,1.9162,2.3122,2.9668,4.7989,10.6728,9.0652
E0034,2026-02-20T00:00:00Z,4.0045,2.4849,3.429,5.6327,13.0011,11.5451
E0035,2026-02-20T00:00:00Z,3.0272,3.4725,4.476,5.0487,9.4318,8.3518
E0036,2026-02-20T00:00:00Z,3.6973,0.2857,2.6602,4.526,10.4481,10.0343
E0037,2026-02-20T00:00:00Z,2.7895,1.5872,2.5243,5.6936,11.647,9.5475
E0038,2026-02-20T00:00:00Z,2.7022,0.1022,5.6113,5.4176,10.5078,9.3972
E0039,2026-02-20T00:00:00Z,4.0572,-1.2564,3.1153,6.165,10.9509,10.069
E0040,2026-02-20T00:00:00Z,1.5669,1.4175,2.5747,5.629,10.6538,9.4964
E0041,2026-02-20T00:00:00Z,3.4656,1.0542,3.6318,5.4263,11.2184,8.4833
E0042,2026-02-20T00:00:00Z,2.0296,3.5531,3.6792,5.0944,10.9853,10.0376
E0043,2026-02-20T00:00:00Z,3.327,1.3493,5.246,4.8881,9.1962,9.5293
E0044,2026-02-20T00:00:00Z,3.3327,3.1598,3.293,4.7905,10.9514,10.8684
E0045,2026-02-20T00:00:00Z,2.3337,4.0928,3.31,5.0482,11.8803,10.4241
E0046,2026-02-20T00:00:00Z,4.1227,2.2195,5.1941,6.1823,11.561,9.5778
E0047,2026-02-20T00:00:00Z,3.3488,0.6745,5.4474,5.5012,12.7398,10.8579
E0048,2026-02-20T00:00:00Z,2.3817,0.2259,4.2253,4.9547,10.6342,9.5435
E0049,2026-02-20T00:00:00Z,2.1845,1.9407,5.4025,6.2068,11.0448,8.962
E0050,2026-02-20T00:00:00Z,3.0486,2.242,3.6185,5.182,9.2252,9.543
E0051,2026-02-20T00:00:00Z,2.4925,-0.5589,4.2799,5.1189,12.0031,9.0765
E0052,2026-02-20T00:00:00Z,2.702,1.7043,4.352,5.3191,12.1236,8.7489
E0053,2026-02-20T00:00:00Z,2.3335,-1.0449,3.7567,5.2341,10.6378,11.0342
E0054,2026-02-20T00:00:00Z,3.3425,-0.7704,6.6661,4.9187,11.12,9.8785
E0055,2026-02-20T00:00:00Z,3.3559,1.4514,2.5254,6.3521,11.4458,9.4284
E0056,2026-02-20T00:00:00Z,2.9811,-1.0036,4.8687,5.1033,12.1463,9.5111
E0057,2026-02-20T00:00:00Z,4.2016,0.9854,2.6503,6.2811,11.5378,10.5872
E0058,2026-02-20T00:00:00Z,2.6981,1.136,2.7353,6.0289,11.7331,11.8376
E0059,2026-02-20T00:00:00Z,2.9066,1.3054,3.3256,5.1745,10.3241,9.6857
E0060,2026-02-20T00:00:00Z,2.6824,-0.4687,5.6736,5.0526,10.9214,9.1623
E0061,2026-02-20T00:00:00Z,3.5676,1.4828,6.1478,5.2997,10.9116,9.2846
E0062,2026-02-20T00:00:00Z,3.2258,0.7836,5.2033,5.9562,12.3603,9.1727
E0063,2026-02-20T00:00:00Z,2.2708,1.2199,3.8118,5.1946,11.4245,10.0573
E0064,2026-02-20T00:00:00Z,2.8421,-0.6649,2.793,5.6353,11.2914,10.2438
E0065,2026-02-20T00:00:00Z,3.1644,-1.3017,1.7235,5.3534,11.36,9.1358
E0066,2026-02-20T00:00:00Z,3.6333,1.7396,6.1228,5.8455,13.1576,9.0998
E0067,2026-02-20T00:00:00Z,2.4445,-0.2725,2.2408,5.8373,10.9838,10.9476
E0068,2026-02-20T00:00:00Z,2.6084,-0.4699,5.3685,5.02,11.2068,9.1893
E0069,2026-02-20T00:00:00Z,1.5067,1.3091,4.293,5.9129,11.8251,9.5285
E0070,2026-02-20T00:00:00Z,3.5275,0.9189,4.0269,5.4306,12.3847,10.0584
E0071,2026-02-20T00:00:00Z,3.1458,-2.4876,6.0885,5.7621,10.6749,7.6123
E0072,2026-02-20T00:00:00Z,2.9799,-1.3386,4.2768,5.4686,9.3766,9.858
E0073,2026-02-20T00:00:00Z,3.7106,1.204,2.0318,5.374,11.4722,10.2474
E0074,2026-02-20T00:00:00Z,3.5115,2.5782,3.3231,6.602,12.6963,9.7222
E0075,2026-02-20T00:00:00Z,3.6435,0.2609,4.0436,5.7256,10.6156,8.0382
E0076,2026-02-20T00:00:00Z,2.8874,-4.1783,1.8432,6.4552,10.0391,11.543
E0077,2026-02-20T00:00:00Z,3.266,-0.8136,2.6524,5.2272,11.5182,9.1844
E0078,2026-02-20T00:00:00Z,2.0056,-0.844,3.4307,6.032,10.2577,9.1207
E0079,2026-02-20T00:00:00Z,3.1544,0.6514,3.8,5.1847,10.905,10.2186
E0080,2026-02-20T00:00:00Z,3.048,-0.0748,5.4862,4.8483,10.0325,10.1325
E0081,2026-02-20T00:00:00Z,3.0396,1.4452,3.6953,5.5069,9.8344,10.8726
E0082,2026-02-20T00:00:00Z,3.0462,1.398,6.0595,4.9845,10.53,9.1424
E0083,2026-02-20T00:00:00Z,2.886,-0.8733,2.1461,6.102,12.4275,9.6862
E0084,2026-02-20T00:00:00Z,2.736,-0.2506,4.8783,5.0666,13.0484,9.2223
E0085,2026-02-20T00:00:00Z,1.6472,3.0666,3.8281,5.5782,11.1869,9.8845
E0086,2026-02-20T00:00:00Z,3.0511,-1.3849,2.6737,5.9636,10.4268,9.6127
E0087,2026-02-20T00:00:00Z,2.6277,0.9175,0.6512,5.1402,11.1557,9.0194
E0088,2026-02-20T00:00:00Z,2.2123,-0.5509,3.4749,6.0277,12.8381,9.3616
E0089,2026-02-20T00:00:00Z,3.371,0.7336,2.9469,5.0855,11.2329,7.6544
E0090,2026-02-20T00:00:00Z,2.9166,1.2335,3.8002,5.2835,11.3677,8.0058
E0091,2026-02-20T00:00:00Z,2.6728,0.6714,4.2963,5.1336,11.2794,11.1086
E0092,2026-02-20T00:00:00Z,3.0231,1.1559,3.3593,4.7453,10.0269,9.2819
E0093,2026-02-20T00:00:00Z,1.8754,1.0594,4.1224,6.6083,11.0556,9.2495
E0094,2026-02-20T00:00:00Z,2.9861,-1.0077,4.5558,5.6544,9.713,9.9544
E0095,2026-02-20T00:00:00Z,3.8605,1.613,4.5995,5.3499,10.4441,10.6614
E0096,2026-02-20T00:00:00Z,3.516,-0.0644,2.984,5.9021,10.7073,9.2963
E0097,2026-02-20T00:00:00Z,3.7852,1.4152,2.1486,4.7802,11.0726,9.9713
E0098,2026-02-20T00:00:00Z,2.0259,-0.9883,3.911,4.5559,12.1348,10.5081
E0099,2026-02-20T00:00:00Z,2.1586,2.1768,2.9284,6.2207,12.4606,9.4205
E0100,2026-02-20T00:00:00Z,3.2383,2.7615,3.11,5.2704,12.315,9.6868
E0101,2026-02-20T00:00:00Z,3.1885,1.1803,1.6796,4.8123,11.6701,9.16
E0102,2026-02-20T00:00:00Z,3.507,1.5339,4.2283,5.0859,8.9644,9.2343
E0103,2026-02-20T00:00:00Z,2.218,1.5666,4.6328,5.0222,12.0508,9.3849
E0104,2026-02-20T00:00:00Z,2.6748,-1.0065,5.2314,5.3556,10.4405,9.4678
E0105,2026-02-20T00:00:00Z,3.6134,1.2783,3.0493,6.2842,12.7601,11.0993
E0106,2026-02-20T00:00:00Z,2.5867,1.5984,6.1895,5.1831,12.1196,8.3059
E0107,2026-02-20T00:00:00Z,3.0434,1.8958,3.8014,5.0161,12.0887,7.8136
E0108,2026-02-20T00:00:00Z,3.243,-4.6783,2.9999,5.022,10.5338,8.959
E0109,2026-02-20T00:00:00Z,4.4075,0.6035,3.6251,6.4913,9.3378,7.0742
E0110,2026-02-20T00:00:00Z,2.4837,1.1025,4.3299,6.0445,10.9285,9.5459
E0111,2026-02-20T00:00:00Z,2.7294,4.5788,7.2999,5.5104,11.6197,9.0795
E0112,2026-02-20T00:00:00Z,3.1665,1.7996,4.4681,5.6822,11.4256,9.2575
E0113,2026-02-20T00:00:00Z,3.1733,-0.6302,4.62,3.9262,11.5599,10.6208
E0114,2026-02-20T00:00:00Z,3.6731,2.0052,2.0522,5.1961,10.4426,8.7683
E0115,2026-02-20T00:00:00Z,2.628,-0.1455,3.0618,6.0032,10.9751,10.091
E0116,2026-02-20T00:00:00Z,4.138,-1.995,3.7544,5.4961,7.9199,10.1418
E0117,2026-02-20T00:00:00Z,3.2228,-0.1159,2.6287,5.05,10.6786,7.9225
E0118,2026-02-20T00:00:00Z,4.0719,2.0804,3.611,5.1562,11.1594,10.9488
E0119,2026-02-20T00:00:00Z,2.3195,2.4578,4.1236,5.3849,11.4542,8.715
E0120,2026-02-20T00:00:00Z,4.2614,-2.8325,3.6808,5.8177,11.6774,8.8187
E0121,2026-02-20T00:00:00Z,2.6104,0.9167,3.577,7.0497,10.0634,9.3915
E0122,2026-02-20T00:00:00Z,2.9672,-1.5491,4.9756,6.0835,10.9127,8.7193
E0123,2026-02-20T00:00:00Z,2.566,1.4585,3.1465,6.1584,10.4991,7.0226
E0124,2026-02-20T00:00:00Z,3.2295,0.4157,6.5325,4.7242,10.8838,10.8831
E0125,2026-02-20T00:00:00Z,1.9952,1.0777,4.4494,4.9421,11.0156,9.6643
E0126,2026-02-20T00:00:00Z,4.3822,-0.2019,2.066,4.3708,12.2255,8.2564
E0127,2026-02-20T00:00:00Z,3.0284,1.7854,2.2655,5.967,11.4275,8.3557
E0128,2026-02-20T00:00:00Z,2.2645,2.0188,5.0994,5.5955,11.7902,8.5933
E0129,2026-02-20T00:00:00Z,3.7245,1.207,2.0761,5.1321,10.0686,9.3875
E0130,2026-02-20T00:00:00Z,2.87,1.1558,1.4304,4.7142,9.6969,8.9148
E0131,2026-02-20T00:00:00Z,1.903,2.0295,3.4542,5.0235,11.3466,7.8883
E0132,2026-02-20T00:00:00Z,2.7357,2.145,2.7792,5.839,10.6921,8.9668
E0133,2026-02-20T00:00:00Z,3.2557,1.8617,4.2782,5.4891,11.7753,9.3956
E0134,2026-02-20T00:00:00Z,2.657,-0.6501,2.9139,5.23,11.1322,10.0321
E0135,2026-02-20T00:00:00Z,3.359,0.7463,3.6143,5.9099,9.2853,8.1104
E0136,2026-02-20T00:00:00Z,2.4216,0.8643,4.6137,5.151,11.4628,11.0298
E0137,2026-02-20T00:00:00Z,3.7594,0.8412,4.1685,5.5919,13.3029,9.5477
E0138,2026-02-20T00:00:00Z,2.7236,0.3008,4.0272,5.3116,11.6687,9.4184
E0139,2026-02-20T00:00:00Z,3.6733,1.9838,4.0307,6.1374,11.2798,9.4667
E0140,2026-02-20T00:00:00Z,2.572,1.2449,4.9294,5.561,11.8225,10.0311
E0141,2026-02-20T00:00:00Z,2.3421,-0.1429,1.9163,6.0793,11.7633,8.9153
E0142,2026-02-20T00:00:00Z,1.9345,-0.8973,1.6374,6.4562,11.8086,8.3012
E0143,2026-02-20T00:00:00Z,2.5385,-0.0228,3.6702,6.1098,12.0778,8.8645
E0144,2026-02-20T00:00:00Z,2.0517,3.0842,3.9643,5.8226,12.7572,9.4664
E0145,2026-02-20T00:00:00Z,1.9419,0.2015,3.3778,5.5664,11.5173,10.2725
E0146,2026-02-20T00:00:00Z,2.7104,-0.2029,2.1161,5.9463,9.6536,10.9263
E0147,2026-02-20T00:00:00Z,3.2346,2.6407,5.2037,5.6735,10.5041,9.4277
E0148,2026-02-20T00:00:00Z,3.0488,0.7431,5.4897,5.7246,11.6515,8.4814
E0149,2026-02-20T00:00:00Z,2.4659,1.1707,2.9974,5.459,12.1972,8.7716
E0000,2026-02-21T00:00:00Z,3.24,1.7299,3.4834,6.2082,11.7784,8.1233
E0001,2026-02-21T00:00:00Z,2.4205,1.1544,3.0425,5.6689,9.9051,9.5196
E0002,2026-02-21T00:00:00Z,3.0545,1.4672,3.9094,5.376,11.939,9.1907
E0003,2026-02-21T00:00:00Z,2.895,0.178,5.1342,5.9361,10.4111,11.2052
E0004,2026-02-21T00:00:00Z,3.2591,-1.9334,3.7844,6.4709,12.1714,8.8977
E0005,2026-02-21T00:00:00Z,2.5874,-0.1,5.7948,5.5838,11.3615,8.7807
E0006,2026-02-21T00:00:00Z,2.8966,-1.2485,5.7826,4.3518,11.7067,11.1389
E0007,2026-02-21T00:00:00Z,2.0855,0.2298,3.7199,4.887,11.7786,10.1365
E0008,2026-02-21T00:00:00Z,2.8964,-1.9021,2.7337,5.3011,11.7423,9.2162
E0009,2026-02-21T00:00:00Z,2.7689,0.6795,2.8083,5.7429,10.0998,9.1498
E0010,2026-02-21T00:00:00Z,2.5606,-0.2033,5.5974,5.5255,12.4767,10.9543
E0011,2026-02-21T00:00:00Z,2.6949,2.3687,2.8192,5.79,10.9246,9.0852
E0012,2026-02-21T00:00:00Z,3.3646,1.6749,2.8473,4.9777,12.6671,8.2427
E0013,2026-02-21T00:00:00Z,3.0011,3.6149,3.8686,5.2331,11.0606,10.2183
E0014,2026-02-21T00:00:00Z,2.843,-0.1219,4.8287,5.0965,10.9457,11.1164
E0015,2026-02-21T00:00:00Z,3.861,2.2472,3.9239,5.8412,10.2221,8.5066
E0016,2026-02-21T00:00:00Z,2.919,0.9598,2.2605,5.0298,12.3636,9.3559
E0017,2026-02-21T00:00:00Z,2.2546,-0.9722,3.1385,5.4533,11.3303,9.3277
E0018,2026-02-21T00:00:00Z,1.4405,-0.8543,3.228,6.3976,11.102,9.5944
E0019,2026-02-21T00:00:00Z,3.1242,2.2996,2.9799,4.6992,10.3831,10.6283
E0020,2026-02-21T00:00:00Z,2.0499,4.3575,1.0333,6.2441,12.4272,10.5511
E0021,2026-02-21T00:00:00Z,4.4098,1.3101,3.7899,4.5646,9.4461,9.8527
E0022,2026-02-21T00:00:00Z,3.0714,0.6178,0.6973,5.4941,11.5162,8.5678
E0023,2026-02-21T00:00:00Z,2.5023,0.9896,3.9559,6.4119,11.7809,7.218
E0024,2026-02-21T00:00:00Z,3.2538,0.2469,4.082,6.1962,10.4229,9.9639
E0025,2026-02-21T00:00:00Z,2.8959,-3.3538,5.1769,5.3706,12.4662,10.7458
E0026,2026-02-21T00:00:00Z,2.7571,1.1406,0.4771,5.6774,10.5813,10.9077
E0027,2026-02-21T00:00:00Z,3.9898,2.535,2.5028,6.1504,10.0482,9.5962
E0028,2026-02-21T00:00:00Z,1.5825,-1.6929,3.9991,6.1004,10.5227,8.4236
E0029,2026-02-21T00:00:00Z,3.3168,-1.6623,4.4497,5.0607,9.3936,9.2955
E0030,2026-02-21T00:00:00Z,2.8026,0.3233,3.057,5.5936,11.8445,10.1635
E0031,2026-02-21T00:00:00Z,2.1247,-0.5231,2.371,5.5516,12.698,8.8133
E0032,2026-02-21T00:00:00Z,2.8826,-0.0242,2.7295,4.9789,11.1115,9.5482
E0033,2026-02-21T00:00:00Z,3.0378,0.5375,4.0574,5.9054,9.6378,10.351
E0034,2026-02-21T00:00:00Z,2.8878,1.8028,2.8268,4.6774,11.7843,8.2358
E0035,2026-02-21T00:00:00Z,2.0921,-0.9799,5.2332,5.9697,11.8033,9.6248
E0036,2026-02-21T00:00:00Z,2.8009,1.6924,4.77,5.5403,11.9846,7.7361
E0037,2026-02-21T00:00:00Z,2.4502,1.0938,2.1588,4.8025,10.4371,10.1514
E0038,2026-02-21T00:00:00Z,2.5864,2.4644,2.0001,5.1695,13.814,9.3364
E0039,2026-02-21T00:00:00Z,2.9155,0.998,1.7751,5.8002,11.6715,9.3506
E0040,2026-02-21T00:00:00Z,2.8451,-1.1976,3.0531,5.0115,11.9353,9.6992
E0041,2026-02-21T00:00:00Z,2.5155,0.9304,2.7317,5.72,12.9358,9.6841
E0042,2026-02-21T00:00:00Z,3.2671,1.9771,3.5315,5.984,10.6287,8.4667
E0043,2026-02-21T00:00:00Z,2.4442,2.3789,2.2423,7.0997,11.5439,9.6538
E0044,2026-02-21T00:00:00Z,3.0207,1.5664,2.2052,4.9733,10.9713,8.7509
E0045,2026-02-21T00:00:00Z,3.1522,-1.7569,4.9341,6.0164,11.2213,10.2967
E0046,2026-02-21T00:00:00Z,1.7213,1.7775,4.5345,6.4476,10.5815,10.0677
E0047,2026-02-21T00:00:00Z,4.012,0.5545,2.3269,4.7332,10.44,7.8284
E0048,2026-02-21T00:00:00Z,4.1464,2.9128,6.1411,5.3631,10.7064,7.0508
E0049,2026-02-21T00:00:00Z,3.6393,1.315,4.4116,6.0469,11.9516,9.4782
E0050,2026-02-21T00:00:00Z,2.8413,0.0055,5.153,6.088,10.7503,8.8855
E0051,2026-02-21T00:00:00Z,3.917,0.2432,3.7462,5.9851,9.5918,10.605
E0052,2026-02-21T00:00:00Z,3.5456,1.1942,6.67,5.5825,12.1354,11.1084
E0053,2026-02-21T00:00:00Z,2.7673,2.5154,3.4323,5.5877,10.4575,8.5304
E0054,2026-02-21T00:00:00Z,3.4193,-1.8631,2.9396,5.4658,11.1208,8.4719
E0055,2026-02-21T00:00:00Z,3.1068,3.8193,0.8109,6.3118,11.0507,7.1585
E0056,2026-02-21T00:00:00Z,1.7844,0.3667,2.6901,5.9086,10.3171,9.7161
E0057,2026-02-21T00:00:00Z,2.3765,-0.3596,2.6042,4.7603,11.4125,8.0346
E0058,2026-02-21T00:00:00Z,3.3689,4.5133,3.3239,6.1801,11.3533,9.1559
E0059,2026-02-21T00:00:00Z,3.4484,1.2235,1.8272,4.8267,9.4333,8.9466
E0060,2026-02-21T00:00:00Z,2.914,2.0199,2.7615,5.1613,12.0329,10.387
E0061,2026-02-21T00:00:00Z,2.1884,0.4429,2.3982,5.4375,9.7155,8.7303
E0062,2026-02-21T00:00:00Z,4.206,2.8369,5.5757,5.9475,12.4305,9.9842
E0063,2026-02-21T00:00:00Z,3.5476,1.3579,2.0092,5.3163,9.3457,9.1827
E0064,2026-02-21T00:00:00Z,3.7359,-1.5417,5.2752,4.5013,9.1589,10.9966
E0065,2026-02-21T00:00:00Z,2.6788,-0.6014,3.5851,5.2493,11.2396,8.3507
E0066,2026-02-21T00:00:00Z,2.6736,-2.9086,1.6327,6.0844,9.9818,8.7187
E0067,2026-02-21T00:00:00Z,2.6867,0.7117,4.7904,5.705,12.4571,10.0247
E0068,2026-02-21T00:00:00Z,3.7401,0.8461,1.3797,5.8628,10.916,9.4691
E0069,2026-02-21T00:00:00Z,2.201,1.5098,4.061,4.3318,10.8695,8.4695
E0070,2026-02-21T00:00:00Z,2.6957,-1.3442,2.0194,6.8573,10.3991,9.9184
E0071,2026-02-21T00:00:00Z,2.1154,2.7882,5.4945,4.7291,11.8292,8.7007
E0072,2026-02-21T00:00:00Z,2.9902,2.855,6.5766,5.8841,11.4721,8.5332
E0073,2026-02-21T00:00:00Z,1.1937,0.8157,3.0757,6.8032,11.8393,9.6326
E0074,2026-02-21T00:00:00Z,3.1965,1.7206,6.1035,5.5179,11.1804,10.0192
E0075,2026-02-21T00:00:00Z,2.445,-1.7234,1.736,5.0859,10.2157,8.9673
E0076,2026-02-21T00:00:00Z,1.4208,1.1393,2.2722,5.8098,11.099,8.8101
E0077,2026-02-21T00:00:00Z,3.0053,1.2243,4.3703,4.5692,11.7211,10.38
E0078,2026-02-21T00:00:00Z,2.9525,2.1461,3.5837,5.1019,9.9725,8.4919
E0079,2026-02-21T00:00:00Z,3.6093,1.2565,3.0385,5.3622,10.6759,9.8547
E0080,2026-02-21T00:00:00Z,2.985,2.872,6.6883,4.8448,10.6097,8.5511
E0081,2026-02-21T00:00:00Z,3.4122,-1.3092,5.3211,6.293,10.3337,11.4624
E0082,2026-02-21T00:00:00Z,2.5328,1.4602,3.697,5.1784,13.3656,8.5564
E0083,2026-02-21T00:00:00Z,3.1872,1.8131,5.226,5.7443,10.138,8.9321
E0084,2026-02-21T00:00:00Z,2.998,2.2059,5.5787,6.4059,11.9394,9.2035
E0085,2026-02-21T00:00:00Z,2.6889,1.1928,2.4164,5.0651,12.5654,9.6445
E0086,2026-02-21T00:00:00Z,2.6398,-0.1478,4.0807,4.6221,11.7335,8.4926
E0087,2026-02-21T00:00:00Z,2.4982,1.6158,2.929,6.6791,11.3103,9.6124
E0088,2026-02-21T00:00:00Z,2.355,2.1468,1.9628,5.8628,10.271,9.8053
E0089,2026-02-21T00:00:00Z,3.3572,2.774,5.3851,5.9419,11.7811,9.0149
E0090,2026-02-21T00:00:00Z,2.5011,0.2899,3.5177,5.7016,9.7473,10.8953
E0091,2026-02-21T00:00:00Z,2.8311,0.8475,3.8827,5.541,10.4475,10.7062
E0092,2026-02-21T00:00:00Z,4.1636,2.0853,3.5313,4.8649,12.505,7.3286
E0093,2026-02-21T00:00:00Z,3.6264,-0.095,3.3866,4.4249,10.7438,8.8703
E0094,2026-02-21T00:00:00Z,3.0569,2.1343,4.5179,5.4699,11.1846,9.0036
E0095,2026-02-21T00:00:00Z,3.9986,0.7375,1.9613,5.453,13.6775,8.9772
E0096,2026-02-21T00:00:00Z,2.2831,1.5385,2.4806,5.8488,11.4854,9.1672
E0097,2026-02-21T00:00:00Z,2.9892,-1.0435,2.7487,4.9966,10.4575,8.6193
E0098,2026-02-21T00:00:00Z,2.9075,1.2801,4.2812,5.111,11.6874,9.2095
E0099,2026-02-21T00:00:00Z,2.4452,-0.1023,0.6995,5.1412,10.2272,8.8163
E0100,2026-02-21T00:00:00Z,3.9841,-0.7146,4.5576,4.7062,10.0878,9.9567
E0101,2026-02-21T00:00:00Z,2.56,-0.7404,4.8703,4.8283,11.0956,8.9385
E0102,2026-02-21T00:00:00Z,3.3664,2.3412,3.8827,5.7991,11.7507,9.165
E0103,2026-02-21T00:00:00Z,2.7807,0.2304,2.983,5.2076,10.6273,8.7268
E0104,2026-02-21T00:00:00Z,2.5026,4.4055,1.9451,4.3644,9.5576,8.8914
E0105,2026-02-21T00:00:00Z,2.7246,0.041,3.1303,5.0643,10.1843,10.2898
E0106,2026-02-21T00:00:00Z,3.764,-0.556,2.7043,6.9907,8.5307,9.1029
E0107,2026-02-21T00:00:00Z,2.1586,4.0785,5.2064,4.53,10.8633,8.7183
E0108,2026-02-21T00:00:00Z,1.7715,0.6613,5.6028,5.2924,10.6334,9.9363
E0109,2026-02-21T00:00:00Z,3.5203,-0.8468,3.2318,5.6249,12.3897,10.4211
E0110,2026-02-21T00:00:00Z,2.038,0.3862,2.1106,5.7759,12.4192,10.3554
E0111,2026-02-21T00:00:00Z,3.0083,-1.9687,3.2507,5.9911,13.38,8.5592
E0112,2026-02-21T00:00:00Z,2.2085,1.1898,4.7801,5.112,11.3457,10.2955
E0113,2026-02-21T00:00:00Z,2.3944,1.6164,4.0576,5.7119,11.7579,9.1925
E0114,2026-02-21T00:00:00Z,3.1318,1.9552,5.5802,6.1015,11.6176,9.2753
E0115,2026-02-21T00:00:00Z,3.3543,1.8349,3.9343,5.3489,12.1759,9.4434
E0116,2026-02-21T00:00:00Z,2.4032,3.5279,3.9201,4.7493,11.1387,8.8555
E0117,2026-02-21T00:00:00Z,3.2573,-0.5428,1.0437,4.669,12.7486,9.348
E0118,2026-02-21T00:00:00Z,3.683,-1.3117,5.595,5.2766,11.1294,9.1149
E0119,2026-02-21T00:00:00Z,2.3582,1.4501,4.8968,5.9463,10.8925,9.0132
E0120,2026-02-21T00:00:00Z,1.9445,1.1497,6.6004,5.6621,11.6158,9.9452
E0121,2026-02-21T00:00:00Z,3.4743,-0.3734,4.7627,6.0674,11.0433,9.7041
E0122,2026-02-21T00:00:00Z,3.266,0.0486,2.5809,5.937,10.3663,8.7415
E0123,2026-02-21T00:00:00Z,3.2865,2.8767,3.6757,6.7262,9.772,8.5231
E0124,2026-02-21T00:00:00Z,2.9079,2.7045,3.4505,6.2844,11.6731,9.1332
E0125,2026-02-21T00:00:00Z,3.8518,2.0133,4.422,5.0154,12.8327,9.489
E0126,2026-02-21T00:00:00Z,2.3573,-1.1268,1.3807,5.7476,11.2539,11.5013
E0127,2026-02-21T00:00:00Z,2.9983,3.4451,2.6783,5.0367,11.0717,9.254
E0128,2026-02-21T00:00:00Z,2.2853,-0.1584,5.0857,5.6737,11.3568,11.056
E0129,2026-02-21T00:00:00Z,3.0924,-1.5802,3.0419,6.1929,11.8886,10.3063
E0130,2026-02-21T00:00:00Z,1.7468,-1.1171,4.9318,5.6233,12.891,8.4529
E0131,2026-02-21T00:00:00Z,4.3197,2.4394,3.3589,4.1632,11.0589,10.3564
E0132,2026-02-21T00:00:00Z,2.6255,0.1687,3.6094,6.1863,9.7949,10.4054
E0133,2026-02-21T00:00:00Z,2.4484,1.0189,2.6245,5.6575,11.1938,8.9674
E0134,2026-02-21T00:00:00Z,4.1269,2.1273,5.1517,5.088,10.4673,9.1922
E0135,2026-02-21T00:00:00Z,2.5937,1.2175,5.101,5.6937,11.3581,9.8353
E0136,2026-02-21T00:00:00Z,2.249,4.3556,5.4204,5.409,11.7902,10.3542
E0137,2026-02-21T00:00:00Z,3.0742,-1.2852,1.8612,5.9451,10.7466,9.5958
E0138,2026-02-21T00:00:00Z,2.6864,3.1984,6.218,6.0931,9.7427,9.3079
E0139,2026-02-21T00:00:00Z,2.7259,-0.0338,4.9724,5.3922,10.4316,12.0056
E0140,2026-02-21T00:00:00Z,2.1768,2.7092,2.7106,4.7262,11.3484,11.56
E0141,2026-02-21T00:00:00Z,2.8385,1.1248,3.2465,6.6241,9.576,10.2355
E0142,2026-02-21T00:00:00Z,3.3459,0.3728,3.0831,4.0557,11.3261,9.5174
E0143,2026-02-21T00:00:00Z,3.009,1.5956,3.0559,5.1681,10.6036,10.1382
E0144,2026-02-21T00:00:00Z,3.3308,-0.069,4.9608,5.6745,10.7824,8.3751
E0145,2026-02-21T00:00:00Z,4.0682,0.2574,4.879,5.671,10.3219,9.5408
E0146,2026-02-21T00:00:00Z,3.1399,0.094,1.9356,6.488,10.9222,8.7931
E0147,2026-02-21T00:00:00Z,2.7559,3.8439,2.7384,5.4199,11.5202,10.3723
E0148,2026-02-21T00:00:00Z,3.5684,1.3585,2.8308,5.6447,11.702,9.6868
E0149,2026-02-21T00:00:00Z,2.3538,-1.5238,2.4302,5.3184,10.7388,9.2662
E0000,2026-02-22T00:00:00Z,3.2988,-2.1484,4.5241,6.0691,10.2881,9.6756
E0001,2026-02-22T00:00:00Z,3.6287,0.5719,2.6574,6.0235,12.0299,9.7828
E0002,2026-02-22T00:00:00Z,3.1296,0.3478,2.2429,5.7921,10.3723,9.9778
E0003,2026-02-22T00:00:00Z,2.7415,0.3312,0.8907,5.4563,12.4785,9.8987
E0004,2026-02-22T00:00:00Z,3.1056,3.4572,1.1425,5.3013,11.2375,8.8171
E0005,2026-02-22T00:00:00Z,3.8358,1.0251,3.0361,5.8641,10.1951,8.1828
E0006,2026-02-22T00:00:00Z,3.822,2.6095,5.6403,5.2784,11.9338,10.2919
E0007,2026-02-22T00:00:00Z,2.11,-0.5047,4.0519,6.2254,12.2498,9.5709
E0008,2026-02-22T00:00:00Z,3.8629,-1.1743,2.933,5.9253,10.5593,12.5527
E0009,2026-02-22T00:00:00Z,2.9885,2.213,3.3649,4.7518,12.0191,10.5513
E0010,2026-02-22T00:00:00Z,1.7118,1.7214,5.1322,4.6741,10.2132,10.4796
E0011,2026-02-22T00:00:00Z,2.4476,2.634,3.831,4.3645,11.7983,10.0846
E0012,2026-02-22T00:00:00Z,3.1042,1.6994,3.9182,6.1921,8.8548,10.2576
E0013,2026-02-22T00:00:00Z,2.4403,1.0862,4.9596,4.4175,9.9052,8.9925
E0014,2026-02-22T00:00:00Z,3.8092,2.5751,4.4746,6.4212,11.4323,8.7307
E0015,2026-02-22T00:00:00Z,1.3594,-0.8472,3.4378,6.4884,12.2907,9.9614
E0016,2026-02-22T00:00:00Z,1.2134,0.0956,4.2477,5.927,12.0247,7.7461
E0017,2026-02-22T00:00:00Z,3.1088,-1.9058,3.5715,4.9849,10.9148,11.0676
E0018,2026-02-22T00:00:00Z,3.3189,0.2979,4.0416,6.2697,10.9046,9.6781
E0019,2026-02-22T00:00:00Z,2.5125,0.2261,1.2558,5.6558,9.8846,9.5564
E0020,2026-02-22T00:00:00Z,3.2078,3.9293,5.684,6.0039,11.2483,8.303
E0021,2026-02-22T00:00:00Z,1.9742,1.9805,3.3424,5.7558,10.163,10.0945
E0022,2026-02-22T00:00:00Z,2.7719,1.3607,3.1554,5.0382,10.7567,10.249
E0023,2026-02-22T00:00:00Z,2.9314,3.2674,3.7169,5.0585,12.3113,10.4053
E0024,2026-02-22T00:00:00Z,3.4028,-0.2726,4.4513,5.1351,11.4623,9.0596
E0025,2026-02-22T00:00:00Z,2.8556,1.1399,4.1089,5.4933,11.5851,8.6628
E0026,2026-02-22T00:00:00Z,1.7529,0.4926,3.4989,4.9682,12.2812,9.1066
E0027,2026-02-22T00:00:00Z,2.6687,-0.2708,1.5274,4.9656,10.9971,7.7001
E0028,2026-02-22T00:00:00Z,3.5549,2.2337,3.2441,5.6271,10.1609,9.5226
E0029,2026-02-22T00:00:00Z,2.5883,2.7532,-0.2815,4.6985,9.0409,8.4437
E0030,2026-02-22T00:00:00Z,3.6662,2.0898,2.7167,5.1405,11.4742,9.5493
E0031,2026-02-22T00:00:00Z,2.9741,-0.9547,4.3813,5.0403,12.0645,7.1207
E0032,2026-02-22T00:00:00Z,2.5703,-1.1057,3.1228,5.3365,11.2597,10.3627
E0033,2026-02-22T00:00:00Z,2.9441,1.648,3.9377,5.8197,12.2024,9.2201
E0034,2026-02-22T00:00:00Z,1.9209,2.3196,1.7565,4.4805,10.5375,9.5212
E0035,2026-02-22T00:00:00Z,2.9836,-1.0692,5.5736,6.4597,11.8536,10.6049
E0036,2026-02-22T00:00:00Z,3.7337,4.027,1.7695,6.0743,9.5023,10.5128
E0037,2026-02-22T00:00:00Z,3.6674,2.825,4.51,7.4286,11.8135,8.926
E0038,2026-02-22T00:00:00Z,3.3616,0.7854,2.9914,5.8755,11.8429,8.1809
E0039,2026-02-22T00:00:00Z,3.4071,1.6649,2.3557,4.4453,10.8144,7.8434
E0040,2026-02-22T00:00:00Z,2.3605,2.8137,2.4049,5.2046,13.3318,7.7056
E0041,2026-02-22T00:00:00Z,1.8928,0.9944,3.486,5.3661,12.1631,9.5238
E0042,2026-02-22T00:00:00Z,3.4715,1.2419,2.4459,4.9087,9.3424,7.202
E0043,2026-02-22T00:00:00Z,2.7215,0.0587,4.0049,5.2692,10.3381,10.784
E0044,2026-02-22T00:00:00Z,3.937,0.9535,3.3729,5.9905,12.3641,10.2699
E0045,2026-02-22T00:00:00Z,4.0021,1.9941,2.8569,5.4393,11.683,8.8501
E0046,2026-02-22T00:00:00Z,3.2088,0.6838,3.7802,4.6583,9.7911,8.9906
E0047,2026-02-22T00:00:00Z,2.8175,1.4542,4.3463,5.2599,12.536,9.8573
E0048,2026-02-22T00:00:00Z,3.8021,-0.3009,3.4297,5.1474,10.5501,10.5309
E0049,2026-02-22T00:00:00Z,2.0567,2.7473,1.4989,6.4761,10.8517,8.9732
E0050,2026-02-22T00:00:00Z,3.609,0.8567,3.3842,4.8211,11.4584,9.1812
E0051,2026-02-22T00:00:00Z,2.5033,-0.2708,5.2582,5.1493,12.052,9.5964
E0052,2026-02-22T00:00:00Z,2.1647,3.1943,2.9464,5.9148,10.4599,9.3799
E0053,2026-02-22T00:00:00Z,3.1281,0.5556,5.0926,5.2157,11.2588,9.4605
E0054,2026-02-22T00:00:00Z,3.5112,2.0479,1.804,6.7412,11.6731,9.941
E0055,2026-02-22T00:00:00Z,2.2221,-0.0949,4.8383,5.9728,10.7458,10.0592
E0056,2026-02-22T00:00:00Z,2.9108,1.5888,4.5795,5.8252,11.8642,8.4963
E0057,2026-02-22T00:00:00Z,2.2119,3.6309,3.3022,5.0741,11.5246,10.8333
E0058,2026-02-22T00:00:00Z,2.6172,1.8326,4.8004,5.2795,9.6862,6.7614
E0059,2026-02-22T00:00:00Z,1.5185,0.21,4.6678,5.6702,12.6259,11.7101
E0060,2026-02-22T00:00:00Z,3.1926,2.3586,4.2389,4.915,10.8529,8.5263
E0061,2026-02-22T00:00:00Z,3.4542,0.7448,3.6418,5.1683,10.8638,9.5469
E0062,2026-02-22T00:00:00Z,2.8616,3.4566,4.3286,5.8074,9.556,9.859
E0063,2026-02-22T00:00:00Z,3.1344,3.3983,4.0095,6.9184,10.5327,7.8386
E0064,2026-02-22T00:00:00Z,2.238,-1.8332,3.6339,5.3329,10.8224,10.2279
E0065,2026-02-22T00:00:00Z,2.1316,4.2164,3.5085,5.4255,11.5058,10.2644
E0066,2026-02-22T00:00:00Z,2.5414,0.6327,2.0877,6.1997,10.3339,10.7445
E0067,2026-02-22T00:00:00Z,2.5192,1.8772,2.6334,4.9635,11.694,9.0687
E0068,2026-02-22T00:00:00Z,2.2049,-0.0932,2.986,4.6841,10.5141,9.9277
E0069,2026-02-22T00:00:00Z,2.9124,0.9543,3.1409,5.2778,11.0221,10.5715
E0070,2026-02-22T00:00:00Z,2.5479,0.6992,6.6693,4.7338,9.9981,10.7545
E0071,2026-02-22T00:00:00Z,3.7279,-1.1792,3.404,4.2253,11.2069,9.857
E0072,2026-02-22T00:00:00Z,2.4083,0.3932,5.8197,5.8208,10.1653,9.9271
E0073,2026-02-22T00:00:00Z,3.286,0.8288,2.977,5.6662,11.7508,10.4417
E0074,2026-02-22T00:00:00Z,4.5074,-0.3819,4.0626,5.2848,11.4053,10.949
E0075,2026-02-22T00:00:00Z,3.3357,0.2209,4.3396,4.4651,10.3843,9.5698
E0076,2026-02-22T00:00:00Z,3.6112,1.7612,2.5813,4.6625,11.3568,9.9991
E0077,2026-02-22T00:00:00Z,2.8477,0.412,3.3769,4.9766,13.5194,8.8225
E0078,2026-02-22T00:00:00Z,2.8775,1.8148,5.1582,5.4943,10.3855,9.4293
E0079,2026-02-22T00:00:00Z,3.6169,0.5908,1.5448,5.3205,10.7029,10.0433
E0080,2026-02-22T00:00:00Z,3.9314,4.4927,0.7782,6.4588,10.7668,9.056
E0081,2026-02-22T00:00:00Z,2.6056,0.0675,3.7765,4.7312,9.3611,10.54
E0082,2026-02-22T00:00:00Z,2.3839,-0.0931,4.3659,4.6625,11.9265,10.122
E0083,2026-02-22T00:00:00Z,3.5457,3.4394,3.635,4.8839,11.1426,10.6859
E0084,2026-02-22T00:00:00Z,1.9303,1.067,5.3623,6.5403,10.1731,9.6811
E0085,2026-02-22T00:00:00Z,2.979,1.8754,3.4221,5.5716,12.1337,10.8049
E0086,2026-02-22T00:00:00Z,3.1174,3.4836,4.0237,4.6087,11.0499,8.3422
E0087,2026-02-22T00:00:00Z,2.2341,0.972,5.8574,5.498,10.0163,8.9709
E0088,2026-02-22T00:00:00Z,2.941,-0.9555,4.5323,5.2845,11.7143,7.7837
E0089,2026-02-22T00:00:00Z,3.6106,0.2271,3.3406,4.9538,10.6025,9.0995
E0090,2026-02-22T00:00:00Z,2.4221,2.0668,4.4001,5.6323,11.6134,10.4351
E0091,2026-02-22T00:00:00Z,2.9232,-0.1151,3.0814,5.2935,12.1621,11.1759
E0092,2026-02-22T00:00:00Z,3.1058,-0.5584,3.3253,5.3012,10.0929,9.9113
E0093,2026-02-22T00:00:00Z,3.7269,0.1936,2.9843,5.5836,12.3894,10.2125
E0094,2026-02-22T00:00:00Z,2.1468,1.2861,5.7313,5.4804,10.6913,9.056
E0095,2026-02-22T00:00:00Z,2.0193,-0.8131,4.0692,5.8521,9.843,10.6404
E0096,2026-02-22T00:00:00Z,3.2625,-1.37,2.7754,4.8059,12.8235,8.4568
E0097,2026-02-22T00:00:00Z,1.7123,2.8778,4.4673,5.0886,11.5578,9.5051
E0098,2026-02-22T00:00:00Z,3.1204,2.7598,2.2026,4.7845,11.8695,8.2005
E0099,2026-02-22T00:00:00Z,2.711,2.2748,4.0907,5.7431,10.7327,9.9111
E0100,2026-02-22T00:00:00Z,4.6434,3.6144,5.7483,5.7962,10.3758,9.2174
E0101,2026-02-22T00:00:00Z,3.3873,2.5333,3.2208,5.6372,11.004,8.1482
E0102,2026-02-22T00:00:00Z,2.0537,1.1022,3.3702,5.0754,10.0978,10.4035
E0103,2026-02-22T00:00:00Z,2.1562,0.4788,4.5446,6.1517,11.4782,9.7529
E0104,2026-02-22T00:00:00Z,2.8067,2.6439,4.5765,4.8339,9.7267,11.0655
E0105,2026-02-22T00:00:00Z,4.2254,2.3579,4.8362,4.9321,11.9697,8.1125
E0106,2026-02-22T00:00:00Z,2.9092,1.4804,4.4879,6.0027,9.352,10.7645
E0107,2026-02-22T00:00:00Z,3.0553,3.0408,3.8253,6.4732,9.5904,10.5195
E0108,2026-02-22T00:00:00Z,2.5556,2.6379,3.1491,5.5574,11.3901,10.045
E0109,2026-02-22T00:00:00Z,3.6912,3.4449,3.2127,5.375,11.5454,9.3202
E0110,2026-02-22T00:00:00Z,2.879,0.1997,2.4098,3.9483,11.3631,8.1223
E0111,2026-02-22T00:00:00Z,2.8449,0.4078,4.4091,4.6122,12.321,9.4132
E0112,2026-02-22T00:00:00Z,3.5102,1.8589,3.0299,5.4182,11.0825,9.3917
E0113,2026-02-22T00:00:00Z,3.417,-2.8387,2.4495,6.0311,10.5247,9.0036
E0114,2026-02-22T00:00:00Z,2.2303,0.1588,2.3829,5.831,11.2088,8.5978
E0115,2026-02-22T00:00:00Z,3.1406,0.5974,2.2473,5.6424,9.2395,10.3993
E0116,2026-02-22T00:00:00Z,3.4817,-0.2446,1.1956,5.9094,12.0074,9.6383
E0117,2026-02-22T00:00:00Z,2.7419,-0.2507,4.447,4.9077,11.5403,8.7824
E0118,2026-02-22T00:00:00Z,2.9238,4.2372,3.9198,5.3285,10.1158,9.1588
E0119,2026-02-22T00:00:00Z,2.9412,1.5533,3.4427,5.1082,11.9645,9.9549
E0120,2026-02-22T00:00:00Z,2.6818,3.296,2.431,5.4355,11.6215,9.0589
E0121,2026-02-22T00:00:00Z,3.3289,0.8453,2.2397,5.4599,12.7647,9.159
E0122,2026-02-22T00:00:00Z,4.2516,1.8416,2.6041,5.7065,11.3843,9.8956
E0123,2026-02-22T00:00:00Z,1.9089,0.001,2.557,5.4445,12.4877,9.1929
E0124,2026-02-22T00:00:00Z,3.413,1.9514,3.3404,5.4507,10.3179,10.9033
E0125,2026-02-22T00:00:00Z,2.3846,-0.2592,4.4469,5.3937,11.9424,9.26
E0126,2026-02-22T00:00:00Z,3.2916,-0.8582,3.552,6.2268,10.8329,11.0853
E0127,2026-02-22T00:00:00Z,3.144,-0.8606,2.2371,5.5688,11.0571,10.5038
E0128,2026-02-22T00:00:00Z,3.3149,0.5594,3.7084,5.3997,12.2191,9.6818
E0129,2026-02-22T00:00:00Z,2.8137,2.8527,5.2957,4.3901,11.8617,7.7228
E0130,2026-02-22T00:00:00Z,4.3645,-0.2643,5.0876,5.7249,10.8155,9.6015
E0131,2026-02-22T00:00:00Z,4.1388,3.2339,5.031,4.0004,11.0572,9.9486
E0132,2026-02-22T00:00:00Z,2.1826,1.6596,3.6402,5.2463,10.2886,9.9542
E0133,2026-02-22T00:00:00Z,2.3477,2.1536,5.1422,5.2647,12.0275,8.1633
E0134,2026-02-22T00:00:00Z,3.5224,0.3302,4.6876,5.3192,11.4315,9.3848
E0135,2026-02-22T00:00:00Z,3.5548,-0.5502,3.8554,5.9994,11.0541,7.991
E0136,2026-02-22T00:00:00Z,2.7501,-0.1286,3.5534,6.0689,11.6587,8.6787
E0137,2026-02-22T00:00:00Z,3.183,0.5445,2.855,6.3642,11.4345,9.4067
E0138,2026-02-22T00:00:00Z,1.7937,1.8187,2.5515,5.018,12.9624,9.5821
E0139,2026-02-22T00:00:00Z,3.4942,3.2167,5.2923,6.0104,10.7695,8.8799
E0140,2026-02-22T00:00:00Z,3.2264,1.7909,4.1072,5.0216,10.8301,9.6229
E0141,2026-02-22T00:00:00Z,3.2961,1.0675,1.8103,5.462,10.7471,9.2445
E0142,2026-02-22T00:00:00Z,2.398,1.8631,3.8613,5.0087,11.5513,8.5916
E0143,2026-02-22T00:00:00Z,3.675,-0.7333,6.5133,5.4729,10.663,9.8576
E0144,2026-02-22T00:00:00Z,4.269,-0.1821,5.5334,5.158,9.2927,9.2303
E0145,2026-02-22T00:00:00Z,2.0443,-0.447,3.6416,4.6848,11.1981,8.7888
E0146,2026-02-22T00:00:00Z,2.9431,1.2091,3.526,4.7123,10.6015,10.3511
E0147,2026-02-22T00:00:00Z,4.0208,-0.0903,2.8922,5.0548,11.5882,8.3691
E0148,2026-02-22T00:00:00Z,2.2312,0.2939,6.0868,5.1238,11.0184,8.9382
E0149,2026-02-22T00:00:00Z,3.6568,3.8707,5.0712,5.2145,11.8225,10.863
E0000,2026-02-23T00:00:00Z,2.9536,-2.315,4.9264,5.718,11.6513,8.9881
E0001,2026-02-23T00:00:00Z,3.9758,1.9102,4.2994,5.6454,10.9283,9.9827
E0002,2026-02-23T00:00:00Z,2.4925,1.6598,1.4705,5.5718,12.7672,7.6625
E0003,2026-02-23T00:00:00Z,2.8022,-0.1834,3.6589,6.1012,9.6997,8.7433
E0004,2026-02-23T00:00:00Z,2.2059,2.0021,4.5294,7.0879,10.733,9.1091
E0005,2026-02-23T00:00:00Z,3.5168,1.948,3.4012,5.91,10.8748,7.1162
E0006,2026-02-23T00:00:00Z,3.0765,4.0703,3.5042,5.2925,12.314,9.3843
E0007,2026-02-23T00:00:00Z,2.3946,3.5424,5.2619,6.4608,9.9181,8.6213
E0008,2026-02-23T00:00:00Z,3.3287,1.7273,1.876,4.9872,9.9021,8.6323
E0009,2026-02-23T00:00:00Z,3.284,-0.2255,3.4078,6.2543,11.4415,7.1389
E0010,2026-02-23T00:00:00Z,3.3473,0.7518,2.0758,5.7861,11.7223,10.1082
E0011,2026-02-23T00:00:00Z,1.9189,-0.7324,0.7252,4.7121,11.5134,8.4918
E0012,2026-02-23T00:00:00Z,3.1827,3.7874,4.0157,5.0222,11.8015,12.0265
E0013,2026-02-23T00:00:00Z,2.9138,1.7598,4.364,5.0849,12.2881,10.3915
E0014,2026-02-23T00:00:00Z,2.2144,1.6861,4.3874,5.9941,11.357,10.4255
E0015,2026-02-23T00:00:00Z,3.14,1.5897,3.0816,5.712,11.3078,9.7307
E0016,2026-02-23T00:00:00Z,3.0865,1.3998,3.5302,5.576,11.9758,10.5446
E0017,2026-02-23T00:00:00Z,3.9733,-1.0649,5.3561,5.5724,11.2026,9.0905
E0018,2026-02-23T00:00:00Z,3.1933,0.4352,4.2113,5.0872,10.0561,9.7325
E0019,2026-02-23T00:00:00Z,3.7167,-0.2497,4.7911,5.6294,11.8855,11.0818
E0020,2026-02-23T00:00:00Z,2.4617,0.6898,4.8767,5.1048,11.7649,8.6178
E0021,2026-02-23T00:00:00Z,3.362,0.0677,2.5992,4.9661,11.7139,11.248
E0022,2026-02-23T00:00:00Z,2.0336,1.7975,4.746,4.8741,10.4751,9.6229
E0023,2026-02-23T00:00:00Z,3.1314,2.4441,3.7456,5.9386,11.51,10.8206
E0024,2026-02-23T00:00:00Z,3.1983,0.3386,5.0475,5.8078,10.5356,9.6647
E0025,2026-02-23T00:00:00Z,2.6212,0.7349,2.1879,5.7932,9.4163,10.0047
E0026,2026-02-23T00:00:00Z,3.6436,0.225,1.9783,5.2691,10.4521,10.1598
E0027,2026-02-23T00:00:00Z,1.7937,-1.0069,3.1207,5.381,12.3993,9.9597
E0028,2026-02-23T00:00:00Z,2.8561,0.5129,3.4222,5.6101,10.6763,10.0613
E0029,2026-02-23T00:00:00Z,3.0422,1.3743,2.0249,5.0097,12.3603,9.0328
E0030,2026-02-23T00:00:00Z,1.8447,1.1212,2.2182,4.9031,11.4814,10.3709
E0031,2026-02-23T00:00:00Z,3.4003,2.7156,3.7294,5.6987,11.6007,7.6011
E0032,2026-02-23T00:00:00Z,3.4036,1.3034,2.2969,5.5227,12.0976,9.9425
E0033,2026-02-23T00:00:00Z,3.6215,-0.396,1.8991,6.7033,12.3586,11.2074
E0034,2026-02-23T00:00:00Z,1.5114,-0.3595,2.0298,5.3352,12.291,8.3879
E0035,2026-02-23T00:00:00Z,3.9889,1.3797,2.4022,5.9885,10.6254,11.4142
E0036,2026-02-23T00:00:00Z,2.0308,1.9476,5.6377,5.728,12.4459,7.7707
E0037,2026-02-23T00:00:00Z,0.9954,2.8039,-0.6171,5.959,12.441,9.1855
E0038,2026-02-23T00:00:00Z,3.7707,1.6892,1.3303,5.5388,9.9427,8.9367
E0039,2026-02-23T00:00:00Z,3.2439,-0.0677,3.3605,4.9005,12.7895,7.9214
E0040,2026-02-23T00:00:00Z,3.3253,1.405,5.5072,5.9995,10.2811,9.4422
E0041,2026-02-23T00:00:00Z,3.1528,3.619,2.638,5.8572,11.8607,9.0953
E0042,2026-02-23T00:00:00Z,3.826,0.5375,4.5411,5.2071,10.6825,10.8282
E0043,2026-02-23T00:00:00Z,3.1708,0.0785,4.1561,6.1328,12.7342,7.9766
E0044,2026-02-23T00:00:00Z,2.8966,0.5584,4.9505,5.7135,10.9734,11.3142
E0045,2026-02-23T00:00:00Z,3.5064,1.3963,5.6697,5.0488,10.3435,9.3459
E0046,2026-02-23T00:00:00Z,2.8872,2.0395,3.5937,5.2641,11.3914,9.5373
E0047,2026-02-23T00:00:00Z,3.4977,3.5964,1.3618,5.3784,11.8684,7.264
E0048,2026-02-23T00:00:00Z,4.0236,1.0638,3.7084,5.1504,11.2025,9.4719
E0049,2026-02-23T00:00:00Z,2.6802,2.2461,4.5457,5.8033,12.2532,10.6872
E0050,2026-02-23T00:00:00Z,2.3456,4.1621,3.4148,6.9173,11.1311,9.474
E0051,2026-02-23T00:00:00Z,2.7515,-0.1894,1.6983,5.1438,10.7974,8.3897
E0052,2026-02-23T00:00:00Z,2.2138,0.3649,3.1393,5.1144,11.816,8.8798
E0053,2026-02-23T00:00:00Z,2.6098,2.2576,0.8992,5.2178,10.8477,10.3476
E0054,2026-02-23T00:00:00Z,2.8698,2.3076,5.8499,6.2334,10.0138,8.9161
E0055,2026-02-23T00:00:00Z,3.0159,-2.8076,2.2782,5.2217,12.4986,10.5674
E0056,2026-02-23T00:00:00Z,4.0091,1.2324,5.3758,4.9964,12.5009,10.0667
E0057,2026-02-23T00:00:00Z,2.7662,2.0505,1.5079,5.995,11.4338,8.2239
E0058,2026-02-23T00:00:00Z,1.9364,-0.239,2.9669,5.4585,11.7823,9.4251
E0059,2026-02-23T00:00:00Z,4.2794,0.4095,5.6697,5.6344,12.1712,9.4549
E0060,2026-02-23T00:00:00Z,3.1983,0.6252,4.1196,5.1262,10.1346,10.0161
E0061,2026-02-23T00:00:00Z,3.1793,2.6247,3.5579,5.6071,11.938,9.566
E0062,2026-02-23T00:00:00Z,2.7611,1.7487,3.999,6.0494,10.793,11.4055
E0063,2026-02-23T00:00:00Z,1.6346,1.589,2.7043,4.6827,11.8908,9.4856
E0064,2026-02-23T00:00:00Z,2.9605,0.3044,5.0543,6.139,11.0175,10.1464
E0065,2026-02-23T00:00:00Z,3.2062,-0.5573,4.5148,5.0477,13.1755,9.7789
E0066,2026-02-23T00:00:00Z,1.5457,0.209,2.9227,4.4593,10.2224,9.7055
E0067,2026-02-23T00:00:00Z,3.4756,0.5456,4.8013,5.1215,11.7357,10.3537
E0068,2026-02-23T00:00:00Z,3.9385,2.9816,5.6188,5.3485,10.1786,7.7808
E0069,2026-02-23T00:00:00Z,1.9552,1.0573,4.1745,6.1625,11.4687,9.8652
E0070,2026-02-23T00:00:00Z,1.1485,-0.2822,4.5979,4.1075,10.4243,11.2948
E0071,2026-02-23T00:00:00Z,4.6122,1.5581,1.6663,6.1961,12.0326,8.8501
E0072,2026-02-23T00:00:00Z,2.7439,2.9466,6.4297,5.4946,11.1313,9.3924
E0073,2026-02-23T00:00:00Z,3.1126,3.0516,3.8421,5.3156,11.1779,8.0914
E0074,2026-02-23T00:00:00Z,1.8962,-0.165,2.2679,5.7086,10.2075,8.5549
E0075,2026-02-23T00:00:00Z,3.7606,0.5088,2.1134,6.6722,11.0814,9.9608
E0076,2026-02-23T00:00:00Z,2.5302,0.4066,2.2242,4.958,10.5863,8.883
E0077,2026-02-23T00:00:00Z,2.0487,2.5839,2.8982,5.5702,12.4716,9.2243
E0078,2026-02-23T00:00:00Z,4.1944,2.0653,4.7962,5.5833,10.5466,10.951
E0079,2026-02-23T00:00:00Z,3.1444,-1.598,4.9551,5.1405,14.082,10.3901
E0080,2026-02-23T00:00:00Z,2.2216,2.6121,5.0989,5.3417,11.5792,9.0851
E0081,2026-02-23T00:00:00Z,1.8136,1.0256,4.0049,5.5871,12.2624,10.2274
E0082,2026-02-23T00:00:00Z,3.5755,1.089,2.5576,5.0266,12.3122,9.5953
E0083,2026-02-23T00:00:00Z,2.8785,1.0164,3.4763,5.9748,10.0048,9.8783
E0084,2026-02-23T00:00:00Z,2.3028,-0.9808,3.3441,6.1581,14.0203,8.3
E0085,2026-02-23T00:00:00Z,1.5457,0.3805,3.8628,6.6283,11.3781,9.7195
E0086,2026-02-23T00:00:00Z,4.5545,2.8702,3.0378,5.5124,11.6485,11.133
E0087,2026-02-23T00:00:00Z,2.8017,0.7249,3.2983,5.8168,10.8998,9.0526
E0088,2026-02-23T00:00:00Z,3.4249,-3.249,2.1091,4.896,11.3772,9.0686
E0089,2026-02-23T00:00:00Z,3.2963,0.3462,6.0851,5.1115,12.3725,8.8278
E0090,2026-02-23T00:00:00Z,1.8068,1.7306,2.4085,4.0822,10.9613,9.6013
E0091,2026-02-23T00:00:00Z,3.1506,2.9099,5.577,5.7267,11.7962,8.1073
E0092,2026-02-23T00:00:00Z,4.6406,-0.7616,3.2895,5.7614,12.1843,9.1977
E0093,2026-02-23T00:00:00Z,2.5822,2.7438,2.6423,5.4657,10.4501,9.5699
E0094,2026-02-23T00:00:00Z,2.8087,1.6924,5.8181,5.5159,10.7789,9.6798
E0095,2026-02-23T00:00:00Z,3.1186,0.3876,5.8822,6.2753,10.9983,9.2433
E0096,2026-02-23T00:00:00Z,3.2341,0.0531,3.3873,5.1898,9.434,9.7195
E0097,2026-02-23T00:00:00Z,2.6007,1.598,3.4082,6.0388,11.6879,8.933
E0098,2026-02-23T00:00:00Z,3.2955,1.0905,3.1692,5.069,10.8681,8.9783
E0099,2026-02-23T00:00:00Z,3.2531,5.8301,3.4292,5.5746,10.6228,9.7652
E0100,2026-02-23T00:00:00Z,1.9976,-0.3313,6.1871,5.3489,11.5613,9.647
E0101,2026-02-23T00:00:00Z,2.5881,0.0643,4.7165,5.9088,8.5677,11.0393
E0102,2026-02-23T00:00:00Z,2.2334,0.7331,2.9914,5.1006,11.1883,10.2414
E0103,2026-02-23T00:00:00Z,2.1034,0.5596,1.2031,5.8649,11.1297,9.1145
E0104,2026-02-23T00:00:00Z,3.4986,2.2877,4.6863,5.8119,9.4251,9.5267
E0105,2026-02-23T00:00:00Z,2.4314,2.3786,4.2316,4.9444,12.6329,11.1097
E0106,2026-02-23T00:00:00Z,3.059,-0.4419,1.751,5.5565,11.6109,8.2244
E0107,2026-02-23T00:00:00Z,2.1729,0.7315,5.1598,6.139,12.2899,8.3908
E0108,2026-02-23T00:00:00Z,3.7606,0.8018,1.6453,4.6306,12.1084,8.4374
E0109,2026-02-23T00:00:00Z,3.2132,-0.0832,2.1636,5.7099,11.6143,9.4387
E0110,2026-02-23T00:00:00Z,3.3797,0.7404,3.4418,5.9926,13.1257,9.1076
E0111,2026-02-23T00:00:00Z,3.4863,0.5072,3.0804,5.0194,11.8115,9.2908
E0112,2026-02-23T00:00:00Z,3.1258,3.4785,2.185,6.9957,12.0717,9.0631
E0113,2026-02-23T00:00:00Z,2.5719,1.8381,1.2123,6.0626,10.2103,8.7982
E0114,2026-02-23T00:00:00Z,2.8807,-2.0528,4.064,6.0044,10.8903,10.2166
E0115,2026-02-23T00:00:00Z,4.1807,0.157,5.0222,5.2592,11.842,10.7057
E0116,2026-02-23T00:00:00Z,1.981,-1.164,4.0808,5.0184,11.8398,9.2886
E0117,2026-02-23T00:00:00Z,3.4231,0.7263,5.1236,5.3578,12.1441,10.455
E0118,2026-02-23T00:00:00Z,1.1851,0.4882,3.8977,6.107,10.995,10.074
E0119,2026-02-23T00:00:00Z,3.14,0.2314,2.146,6.9595,11.543,10.6721
E0120,2026-02-23T00:00:00Z,4.1219,2.7721,4.6025,5.9478,11.1239,9.8008
E0121,2026-02-23T00:00:00Z,3.5412,-0.5783,5.2861,5.2406,11.3716,11.7204
E0122,2026-02-23T00:00:00Z,3.0893,0.9229,3.1705,5.9772,12.7862,10.1601
E0123,2026-02-23T00:00:00Z,2.9031,2.083,2.4569,6.0941,12.2993,8.4343
E0124,2026-02-23T00:00:00Z,2.8404,-0.2977,5.9258,5.4327,10.2644,8.8017
E0125,2026-02-23T00:00:00Z,3.946,-0.3557,5.5184,5.7016,9.1719,8.6095
E0126,2026-02-23T00:00:00Z,3.2977,1.1808,3.4149,6.122,13.2417,9.2282
E0127,2026-02-23T00:00:00Z,3.6157,-1.1091,4.8535,4.5379,11.0137,8.0145
E0128,2026-02-23T00:00:00Z,3.1865,-3.7634,4.0754,5.334,10.3896,9.59
E0129,2026-02-23T00:00:00Z,2.9732,3.3717,4.3151,6.1661,11.2309,10.3661
E0130,2026-02-23T00:00:00Z,2.6534,-0.1011,5.3112,5.9841,12.6023,8.6096
E0131,2026-02-23T00:00:00Z,2.5286,1.1686,2.1809,5.0886,11.1541,10.865
E0132,2026-02-23T00:00:00Z,3.4083,2.3159,4.8813,5.3469,10.6145,9.2892
E0133,2026-02-23T00:00:00Z,4.0563,1.0933,3.4184,6.0323,11.6133,8.0946
E0134,2026-02-23T00:00:00Z,3.1017,2.3229,5.6024,6.1596,12.3598,8.104
E0135,2026-02-23T00:00:00Z,1.9876,-0.028,3.3537,6.3396,10.7877,9.7925
E0136,2026-02-23T00:00:00Z,3.4396,3.1138,4.9091,5.6055,10.5051,9.6126
E0137,2026-02-23T00:00:00Z,3.5976,-0.239,6.6094,5.9229,11.7179,9.3581
E0138,2026-02-23T00:00:00Z,3.8795,3.3137,3.5959,5.4092,10.5353,7.5443
E0139,2026-02-23T00:00:00Z,2.4254,0.3917,4.2696,5.8488,12.0824,10.8156
E0140,2026-02-23T00:00:00Z,3.2108,4.8763,4.1919,5.0589,9.8045,8.9319
E0141,2026-02-23T00:00:00Z,2.5255,0.0053,3.7994,5.8452,11.1568,10.2434
E0142,2026-02-23T00:00:00Z,2.7341,2.1357,4.217,6.1824,10.0764,9.6429
E0143,2026-02-23T00:00:00Z,3.8266,1.5356,2.5977,5.5764,10.2927,11.474
E0144,2026-02-23T00:00:00Z,2.39,-0.7037,6.069,7.4613,9.383,8.5821
E0145,2026-02-23T00:00:00Z,2.4029,-0.7792,3.6945,5.0921,10.8035,10.1169
E0146,2026-02-23T00:00:00Z,2.4506,3.5531,6.5961,5.6542,12.2361,9.1585
E0147,2026-02-23T00:00:00Z,3.5044,-1.9046,3.7229,5.1573,11.5932,9.8666
E0148,2026-02-23T00:00:00Z,2.6747,2.8353,2.0142,5.7586,11.3379,9.0929
E0149,2026-02-23T00:00:00Z,3.7157,0.769,1.3492,5.9013,11.7136,9.3116
E0000,2026-02-24T00:00:00Z,3.398,2.0347,1.1352,5.6213,11.7549,10.3801
E0001,2026-02-24T00:00:00Z,3.0031,-2.0118,4.4667,5.4217,10.7695,9.4597
E0002,2026-02-24T00:00:00Z,2.9884,0.046,3.2957,3.9569,11.3256,9.784
E0003,2026-02-24T00:00:00Z,3.5054,-0.576,4.88,6.3462,10.5583,10.4061
E0004,2026-02-24T00:00:00Z,3.4347,1.5462,3.392,4.8482,12.5427,8.9463
E0005,2026-02-24T00:00:00Z,3.282,-0.5407,3.3434,5.2365,9.9585,8.4201
E0006,2026-02-24T00:00:00Z,3.4875,0.3112,3.6979,4.5544,11.7988,9.6923
E0007,2026-02-24T00:00:00Z,2.5207,-0.604,3.6804,4.8481,11.7648,9.475
E0008,2026-02-24T00:00:00Z,4.0333,2.4841,2.3431,4.6874,10.2768,10.8697
E0009,2026-02-24T00:00:00Z,3.5139,-1.4644,2.333,4.5796,12.9045,10.1755
E0010,2026-02-24T00:00:00Z,2.5441,2.897,4.4196,5.949,11.3655,9.0806
E0011,2026-02-24T00:00:00Z,2.0365,-1.3352,4.5432,6.072,13.3021,9.0762
E0012,2026-02-24T00:00:00Z,2.0334,-2.2353,5.0786,6.0591,10.4119,8.9916
E0013,2026-02-24T00:00:00Z,3.2071,-2.0416,3.7336,6.1573,10.0041,7.6199
E0014,2026-02-24T00:00:00Z,4.052,0.8755,2.7912,5.837,11.8464,9.749
E0015,2026-02-24T00:00:00Z,2.3013,0.8501,5.8719,5.865,9.698,10.1648
E0016,2026-02-24T00:00:00Z,2.7124,-0.6405,4.9123,6.5255,11.4965,10.3258
E0017,2026-02-24T00:00:00Z,2.0518,0.6275,5.1404,5.4706,10.237,9.6619
E0018,2026-02-24T00:00:00Z,3.4112,-2.246,2.121,6.5094,8.5953,10.0985
E0019,2026-02-24T00:00:00Z,3.2516,1.6515,3.8314,5.22,11.0452,9.6983
E0020,2026-02-24T00:00:00Z,2.2338,0.6263,3.6596,5.5726,11.088,10.4691
E0021,2026-02-24T00:00:00Z,3.7303,0.0157,3.5459,4.4856,12.355,10.1564
E0022,2026-02-24T00:00:00Z,3.053,0.4513,3.7743,5.4586,11.4667,9.5251
E0023,2026-02-24T00:00:00Z,3.4018,2.7048,6.4467,5.4725,12.4383,10.7302
E0024,2026-02-24T00:00:00Z,2.2581,-1.0597,2.7374,5.7089,10.7554,10.452
E0025,2026-02-24T00:00:00Z,2.5453,3.2014,6.1041,4.8796,13.099,9.1803
E0026,2026-02-24T00:00:00Z,2.1125,2.0315,4.2165,5.3214,9.8566,9.3843
E0027,2026-02-24T00:00:00Z,2.2101,2.7601,4.1085,4.7519,10.358,8.4645
E0028,2026-02-24T00:00:00Z,1.9525,-0.3458,3.8061,5.6337,11.0843,8.2688
E0029,2026-02-24T00:00:00Z,2.8451,0.7433,2.6097,7.3121,10.1356,10.1194
E0030,2026-02-24T00:00:00Z,3.6874,1.0799,4.4437,5.1174,10.8388,8.9189
E0031,2026-02-24T00:00:00Z,2.2759,1.7422,4.5542,4.8016,14.2124,8.0159
E0032,2026-02-24T00:00:00Z,2.3749,1.9346,3.1068,6.375,11.5007,10.3926
E0033,2026-02-24T00:00:00Z,4.2445,-0.3014,3.6681,6.7743,11.2218,10.4359
E0034,2026-02-24T00:00:00Z,3.1801,3.8231,3.42,5.057,10.3087,8.1491
E0035,2026-02-24T00:00:00Z,3.0228,2.6245,2.7566,5.234,10.924,9.8945
E0036,2026-02-24T00:00:00Z,2.9395,-0.4629,3.4522,5.8352,10.937,9.103
E0037,2026-02-24T00:00:00Z,2.8208,-0.7483,4.9858,4.9576,11.613,8.9232
E0038,2026-02-24T00:00:00Z,2.3028,1.3548,4.8146,5.5736,10.0517,10.2891
E0039,2026-02-24T00:00:00Z,3.2586,2.1142,2.731,6.1138,9.4099,9.2243
E0040,2026-02-24T00:00:00Z,3.7174,0.0004,4.8074,6.0214,11.0607,8.9994
E0041,2026-02-24T00:00:00Z,2.5853,1.4015,2.6402,4.3209,11.7208,8.8366
E0042,2026-02-24T00:00:00Z,2.89,-0.9017,2.0408,4.8253,11.5663,7.1352
E0043,2026-02-24T00:00:00Z,2.9582,1.4542,5.6231,4.647,12.9303,9.2776
E0044,2026-02-24T00:00:00Z,2.9729,0.3598,5.8389,4.9782,10.5673,8.1573
E0045,2026-02-24T00:00:00Z,3.1614,1.4069,2.991,4.9821,10.4284,10.4921
E0046,2026-02-24T00:00:00Z,3.0066,1.642,1.588,4.846,11.2962,10.5822
E0047,2026-02-24T00:00:00Z,3.6318,0.5732,4.0428,5.9624,13.6328,8.4804
E0048,2026-02-24T00:00:00Z,3.7478,-0.3986,4.6034,5.2934,10.5167,7.9425
E0049,2026-02-24T00:00:00Z,2.9404,0.9741,3.1259,5.6547,9.737,10.1968
E0050,2026-02-24T00:00:00Z,2.3856,0.3733,3.3639,5.4896,10.8348,7.9036
E0051,2026-02-24T00:00:00Z,3.8211,-0.0256,5.9156,5.3797,10.6557,8.6079
E0052,2026-02-24T00:00:00Z,2.5478,0.5038,2.9974,6.0,11.6359,10.0274
E0053,2026-02-24T00:00:00Z,3.3013,1.0004,4.1673,5.1998,10.5265,9.7717
E0054,2026-02-24T00:00:00Z,1.972,1.0442,1.4727,5.9902,10.888,11.5655
E0055,2026-02-24T00:00:00Z,2.5997,0.6619,2.9192,5.4212,12.3958,8.9189
E0056,2026-02-24T00:00:00Z,2.1924,0.512,1.8722,4.4798,11.7622,9.331
E0057,2026-02-24T00:00:00Z,3.3872,3.5784,3.6887,7.0164,10.1779,9.1518
E0058,2026-02-24T00:00:00Z,3.2339,0.5512,5.7526,5.1076,9.2982,8.6474
E0059,2026-02-24T00:00:00Z,4.3394,2.1082,3.3678,5.4146,12.0637,9.0775
E0060,2026-02-24T00:00:00Z,4.099,3.831,2.3379,4.9663,9.1804,10.3451
E0061,2026-02-24T00:00:00Z,3.193,2.5322,1.6145,5.2439,11.7845,10.8427
E0062,2026-02-24T00:00:00Z,3.1996,1.4207,3.7392,5.6777,11.5359,10.958
E0063,2026-02-24T00:00:00Z,2.4823,3.5495,3.4803,5.2083,11.6691,7.2553
E0064,2026-02-24T00:00:00Z,2.3339,-1.2241,5.2063,5.8505,10.6504,10.9973
E0065,2026-02-24T00:00:00Z,2.7605,0.2943,4.9307,5.3697,9.6495,10.0297
E0066,2026-02-24T00:00:00Z,3.1023,0.3572,4.2273,5.0523,9.7179,9.2177
E0067,2026-02-24T00:00:00Z,4.1686,1.7958,2.228,7.0235,9.3123,9.9303
E0068,2026-02-24T00:00:00Z,2.2927,1.7897,2.1492,5.5873,10.2907,10.7874
E0069,2026-02-24T00:00:00Z,3.5998,1.9735,4.6562,5.1893,10.3397,10.5577
E0070,2026-02-24T00:00:00Z,2.8746,-0.3445,3.1831,5.023,12.0962,7.6774
E0071,2026-02-24T00:00:00Z,3.6696,0.7179,4.5819,6.5316,11.6659,9.018
E0072,2026-02-24T00:00:00Z,3.1315,0.9519,2.7492,4.6919,11.8681,10.2468
E0073,2026-02-24T00:00:00Z,2.33,-0.7028,2.8503,4.8001,9.8044,9.3709
E0074,2026-02-24T00:00:00Z,2.3347,-0.2,5.3739,5.8937,12.9317,8.4728
E0075,2026-02-24T00:00:00Z,3.2129,0.2873,6.6712,6.3349,12.3477,9.7823
E0076,2026-02-24T00:00:00Z,2.5599,0.1923,0.9826,6.9416,10.4139,10.1728
E0077,2026-02-24T00:00:00Z,2.7166,2.5474,4.578,5.1362,11.7173,10.1344
E0078,2026-02-24T00:00:00Z,3.0738,-0.3476,4.5941,6.8648,10.7127,10.4052
E0079,2026-02-24T00:00:00Z,2.0066,0.5775,2.8717,5.6477,9.7301,8.7423
E0080,2026-02-24T00:00:00Z,2.0308,-0.9269,1.8094,6.1461,11.6649,8.4297
E0081,2026-02-24T00:00:00Z,4.0478,0.8425,4.2748,5.8128,12.048,9.6373
E0082,2026-02-24T00:00:00Z,2.6079,-2.5523,4.3603,5.6555,10.6514,9.422
E0083,2026-02-24T00:00:00Z,2.6525,0.9652,3.8465,5.3773,11.5196,11.0753
E0084,2026-02-24T00:00:00Z,2.2823,1.0931,2.3556,6.1188,11.954,9.6516
E0085,2026-02-24T00:00:00Z,2.6876,-1.491,5.0744,7.1874,11.9045,12.3835
E0086,2026-02-24T00:00:00Z,4.0774,-0.9209,4.6838,6.399,10.987,11.2565
E0087,2026-02-24T00:00:00Z,3.3296,1.0521,1.4611,4.8935,10.7916,7.3533
E0088,2026-02-24T00:00:00Z,1.4765,0.6213,5.0116,6.275,11.1332,9.1435
E0089,2026-02-24T00:00:00Z,1.2061,2.2802,5.0603,5.6023,10.7449,10.2053
E0090,2026-02-24T00:00:00Z,2.0206,-1.0485,2.3432,5.3699,9.7337,7.6911
E0091,2026-02-24T00:00:00Z,2.4408,-1.0194,6.0389,5.9248,12.735,9.7362
E0092,2026-02-24T00:00:00Z,2.2509,1.145,4.2193,4.842,10.933,9.3274
E0093,2026-02-24T00:00:00Z,2.763,-1.5659,5.3326,5.6986,11.2129,10.1307
E0094,2026-02-24T00:00:00Z,2.3254,-1.898,5.4017,4.6376,13.1602,9.0087
E0095,2026-02-24T00:00:00Z,3.3867,-0.3005,3.4699,5.5412,12.1699,10.134
E0096,2026-02-24T00:00:00Z,3.1525,-0.1253,0.9436,4.8775,10.9271,8.9206
E0097,2026-02-24T00:00:00Z,2.4352,-0.3827,4.3367,5.2639,12.1483,10.8285
E0098,2026-02-24T00:00:00Z,1.2684,-0.2044,2.2167,6.3758,12.386,8.7019
E0099,2026-02-24T00:00:00Z,1.8729,0.8087,3.2289,5.7175,11.1352,10.8008
E0100,2026-02-24T00:00:00Z,3.5879,-1.1469,5.9256,5.9334,10.5523,8.4327
E0101,2026-02-24T00:00:00Z,2.9601,1.4046,4.989,5.45,10.3649,10.279
E0102,2026-02-24T00:00:00Z,2.3809,0.7237,5.5803,5.0282,11.6662,9.7176
E0103,2026-02-24T00:00:00Z,1.7462,2.2884,2.0642,4.5294,10.8858,9.1105
E0104,2026-02-24T00:00:00Z,2.8428,-0.6589,2.5134,4.6759,10.4716,10.4863
E0105,2026-02-24T00:00:00Z,2.3204,1.655,1.3782,5.6479,10.1966,11.2992
E0106,2026-02-24T00:00:00Z,2.3271,1.1599,3.6929,7.3263,9.866,8.698
E0107,2026-02-24T00:00:00Z,3.2147,0.8726,3.6393,5.9613,11.1793,10.7158
E0108,2026-02-24T00:00:00Z,2.4238,-2.6739,2.5649,5.2699,10.1513,8.3253
E0109,2026-02-24T00:00:00Z,2.7838,-0.1685,2.4555,5.4594,11.4928,10.4716
E0110,2026-02-24T00:00:00Z,2.3239,1.4175,3.7744,4.6578,11.8618,8.0117
E0111,2026-02-24T00:00:00Z,4.352,0.0244,4.7652,5.4332,11.4529,10.1393
E0112,2026-02-24T00:00:00Z,1.7557,-0.624,5.4418,5.6429,10.3142,10.2541
E0113,2026-02-24T00:00:00Z,3.0503,-1.2534,2.9591,4.7402,11.2967,9.7783
E0114,2026-02-24T00:00:00Z,2.6559,0.0957,4.3888,4.9614,10.5066,10.2878
E0115,2026-02-24T00:00:00Z,1.1077,-0.1278,3.4785,5.9625,10.2927,10.7856
E0116,2026-02-24T00:00:00Z,2.8427,-1.1842,0.2776,5.7179,12.0685,9.9266
E0117,2026-02-24T00:00:00Z,2.467,0.5595,3.4322,5.8478,10.3438,8.6792
E0118,2026-02-24T00:00:00Z,3.5437,-1.8923,3.8833,5.9252,12.5559,10.1613
E0119,2026-02-24T00:00:00Z,3.1807,1.6377,2.6964,5.4832,11.7128,8.9411
E0120,2026-02-24T00:00:00Z,2.1651,0.835,3.8701,6.3219,12.2975,8.853
E0121,2026-02-24T00:00:00Z,3.4292,-0.6375,1.3561,3.9704,10.4002,8.1408
E0122,2026-02-24T00:00:00Z,2.4149,3.1541,5.9556,4.6972,9.2971,11.3637
E0123,2026-02-24T00:00:00Z,3.5741,1.3472,3.1411,5.0246,9.2745,9.5883
E0124,2026-02-24T00:00:00Z,2.3147,3.8582,3.4057,5.753,10.7065,9.1732
E0125,2026-02-24T00:00:00Z,2.4358,-0.8168,2.5136,6.0978,10.1742,9.1557
E0126,2026-02-24T00:00:00Z,3.6097,1.8086,3.9065,5.7328,11.4977,11.0641
E0127,2026-02-24T00:00:00Z,4.4369,-0.7105,2.3182,6.279,10.5549,8.9959
E0128,2026-02-24T00:00:00Z,3.5665,1.36,4.9244,4.4806,12.0405,9.3576
E0129,2026-02-24T00:00:00Z,2.6065,0.0552,1.7316,6.4094,10.221,9.2284
E0130,2026-02-24T00:00:00Z,2.5257,0.0508,6.146,5.7901,10.2218,8.5817
E0131,2026-02-24T00:00:00Z,3.8523,0.4715,2.2031,6.1132,12.2505,10.1972
E0132,2026-02-24T00:00:00Z,2.0531,3.017,4.7976,5.6629,9.4359,8.1906
E0133,2026-02-24T00:00:00Z,4.1111,0.2002,3.6987,5.5893,10.6408,11.7637
E0134,2026-02-24T00:00:00Z,1.9427,-1.4248,2.614,5.7773,11.807,9.785
E0135,2026-02-24T00:00:00Z,3.4455,-1.2758,3.5376,4.5976,11.2149,8.5571
E0136,2026-02-24T00:00:00Z,1.273,1.8531,3.9694,6.0823,10.2636,9.0978
E0137,2026-02-24T00:00:00Z,1.9568,0.8999,3.5938,5.9989,10.7623,8.7111
E0138,2026-02-24T00:00:00Z,3.0385,0.6041,2.0903,5.2166,11.1919,9.4652
E0139,2026-02-24T00:00:00Z,3.1012,2.8167,3.8801,5.4429,10.8041,9.6607
E0140,2026-02-24T00:00:00Z,2.5463,1.4274,1.8978,5.2158,11.1499,9.1917
E0141,2026-02-24T00:00:00Z,3.459,4.6426,2.7649,5.9306,12.0303,9.6563
E0142,2026-02-24T00:00:00Z,2.2339,1.5876,6.3135,6.7508,11.9441,10.1183
E0143,2026-02-24T00:00:00Z,2.2857,-2.15,3.8874,5.6847,11.4898,9.5947
E0144,2026-02-24T00:00:00Z,2.5916,3.3397,3.4109,5.7322,10.1826,8.7193
E0145,2026-02-24T00:00:00Z,1.9571,0.7762,2.2146,6.1233,10.3323,9.2844
E0146,2026-02-24T00:00:00Z,2.0036,-0.0362,2.6602,6.006,11.7026,10.2502
E0147,2026-02-24T00:00:00Z,3.1758,2.5684,4.1194,6.1531,10.5028,9.052
E0148,2026-02-24T00:00:00Z,1.8024,1.9475,6.4491,5.6098,11.5274,9.7704
E0149,2026-02-24T00:00:00Z,2.3423,3.826,4.6631,6.2334,9.6267,9.5242
E0000,2026-02-25T00:00:00Z,3.0495,0.4252,3.9852,6.3478,10.5404,8.687
E0001,2026-02-25T00:00:00Z,2.6252,-0.2044,2.2507,5.9038,10.9002,10.371
E0002,2026-02-25T00:00:00Z,4.2109,3.646,3.2958,5.7918,12.6381,8.9648
E0003,2026-02-25T00:00:00Z,1.7421,1.9918,4.269,5.0087,12.726,8.3569
E0004,2026-02-25T00:00:00Z,2.7128,2.9093,3.7813,5.4146,11.3736,11.614
E0005,2026-02-25T00:00:00Z,2.5497,-0.5015,4.6916,5.4728,10.8025,9.1731
E0006,2026-02-25T00:00:00Z,3.0093,1.9492,3.6949,5.362,10.727,10.2911
E0007,2026-02-25T00:00:00Z,3.1387,-1.2869,4.5073,5.6509,12.8399,8.8241
E0008,2026-02-25T00:00:00Z,2.2567,2.7826,3.808,5.8473,12.1423,9.1526
E0009,2026-02-25T00:00:00Z,3.6123,2.5166,3.6294,6.2756,11.5843,8.004
E0010,2026-02-25T00:00:00Z,3.8595,0.8693,4.858,5.3198,12.2265,9.3986
E0011,2026-02-25T00:00:00Z,2.9509,3.2408,5.8393,5.7604,12.2679,8.5518
E0012,2026-02-25T00:00:00Z,1.916,0.6308,3.7539,6.3266,11.3856,9.8485
E0013,2026-02-25T00:00:00Z,3.2603,-2.4115,2.8095,5.5909,11.4836,9.6964
E0014,2026-02-25T00:00:00Z,3.193,0.8692,4.4413,5.8268,12.8268,7.9944
E0015,2026-02-25T00:00:00Z,2.7002,3.1019,3.165,5.3407,9.5897,9.404
E0016,2026-02-25T00:00:00Z,2.0891,2.9118,3.5666,5.4587,11.5634,9.6434
E0017,2026-02-25T00:00:00Z,2.9621,4.0373,4.095,6.0927,9.3959,8.0572
E0018,2026-02-25T00:00:00Z,3.9778,3.1569,3.1476,5.2844,10.4808,10.1462
E0019,2026-02-25T00:00:00Z,3.8905,1.3565,3.8099,5.9951,9.4533,11.1707
E0020,2026-02-25T00:00:00Z,2.8698,0.1808,4.3761,5.9893,11.448,9.8288
E0021,2026-02-25T00:00:00Z,2.6258,3.046,3.4165,5.7937,10.9626,7.5759
E0022,2026-02-25T00:00:00Z,2.7525,-1.5286,5.0199,4.5831,11.6968,9.3305
E0023,2026-02-25T00:00:00Z,1.0881,2.0229,5.3138,6.2953,10.9635,9.3617
E0024,2026-02-25T00:00:00Z,3.2225,3.8357,1.5938,4.9224,10.7691,9.5429
E0025,2026-02-25T00:00:00Z,2.2888,1.862,3.5852,5.7494,11.6058,9.507
E0026,2026-02-25T00:00:00Z,1.9303,-1.4009,2.6237,4.6206,10.6439,9.381
E0027,2026-02-25T00:00:00Z,2.4236,3.6861,4.3267,6.4643,13.2516,11.3303
E0028,2026-02-25T00:00:00Z,2.0139,1.6412,5.6895,5.951,11.1139,10.0071
E0029,2026-02-25T00:00:00Z,3.6154,-1.1492,1.9534,5.6372,10.7132,10.3179
E0030,2026-02-25T00:00:00Z,3.9692,1.9712,3.9238,5.5398,8.8993,8.8829
E0031,2026-02-25T00:00:00Z,3.5146,0.94,4.4487,5.5681,10.3792,7.9419
E0032,2026-02-25T00:00:00Z,2.6707,1.8547,2.3668,4.6226,12.3238,8.9993
E0033,2026-02-25T00:00:00Z,3.3268,3.4135,3.2043,5.784,10.7444,8.6193
E0034,2026-02-25T00:00:00Z,2.321,2.9311,4.1603,5.0871,12.6577,9.1416
E0035,2026-02-25T00:00:00Z,2.6345,1.5271,4.7151,6.0706,10.4136,10.5112
E0036,2026-02-25T00:00:00Z,2.4731,-1.6067,5.3135,4.8455,9.8542,11.3716
E0037,2026-02-25T00:00:00Z,2.4806,0.2952,2.3123,5.5145,10.6264,9.223
E0038,2026-02-25T00:00:00Z,1.9477,1.4792,5.2175,4.8143,12.8746,10.1561
E0039,2026-02-25T00:00:00Z,2.5435,-0.4886,3.3644,5.1079,13.8459,10.1707
E0040,2026-02-25T00:00:00Z,3.1535,-0.5169,2.6646,6.5063,10.8373,9.5344
E0041,2026-02-25T00:00:00Z,2.526,4.5039,1.4576,5.5124,9.3587,10.1526
E0042,2026-02-25T00:00:00Z,1.3829,2.6072,2.7153,6.102,12.0844,11.0472
E0043,2026-02-25T00:00:00Z,2.9971,-1.2152,4.6922,5.6029,11.0506,8.8855
E0044,2026-02-25T00:00:00Z,2.9838,0.8537,5.7587,7.0912,10.6287,9.7028
E0045,2026-02-25T00:00:00Z,2.4606,1.4554,3.0473,5.8753,11.4082,9.3818
E0046,2026-02-25T00:00:00Z,1.6969,2.6187,4.0062,5.6554,12.7362,9.5722
E0047,2026-02-25T00:00:00Z,2.4355,0.3712,5.3086,5.0436,10.2093,9.6282
E0048,2026-02-25T00:00:00Z,3.1223,-2.868,1.7997,5.1511,11.928,7.2715
E0049,2026-02-25T00:00:00Z,3.3139,1.6466,2.923,4.4293,10.2705,10.0489
E0050,2026-02-25T00:00:00Z,1.6757,-0.519,4.7561,4.4146,11.0868,9.6257
E0051,2026-02-25T00:00:00Z,2.1476,1.0601,3.0681,5.03,11.7807,12.0191
E0052,2026-02-25T00:00:00Z,1.7015,1.4137,3.9553,5.3012,10.6411,8.3015
E0053,2026-02-25T00:00:00Z,3.4439,0.5341,5.0366,5.9566,10.7955,9.3906
E0054,2026-02-25T00:00:00Z,4.2688,0.2634,4.2993,6.3947,11.662,7.9775
E0055,2026-02-25T00:00:00Z,3.0684,2.2039,3.5053,5.3812,10.0866,8.8278
E0056,2026-02-25T00:00:00Z,3.0148,2.1029,2.6666,6.126,12.3742,8.9405
E0057,2026-02-25T00:00:00Z,2.6625,-1.4599,1.8927,6.1034,10.2861,10.6851
E0058,2026-02-25T00:00:00Z,2.643,0.8034,1.9963,5.2307,11.0837,8.3944
E0059,2026-02-25T00:00:00Z,3.8961,0.9207,2.8319,5.4913,11.8325,9.2397
E0060,2026-02-25T00:00:00Z,2.9512,-0.8547,1.7075,5.0617,10.1748,11.188
E0061,2026-02-25T00:00:00Z,2.6624,0.2863,4.5084,5.9438,9.3469,8.6181
E0062,2026-02-25T00:00:00Z,3.4445,2.5876,4.6377,5.1456,11.1082,8.7488
E0063,2026-02-25T00:00:00Z,2.4155,2.9135,1.445,5.4352,11.8826,8.6068
E0064,2026-02-25T00:00:00Z,2.9811,3.7652,5.8833,5.413,11.6887,7.8706
E0065,2026-02-25T00:00:00Z,2.9954,1.5187,0.4803,5.3462,11.3275,8.1848
E0066,2026-02-25T00:00:00Z,2.6985,1.5813,2.8969,4.8074,12.7049,9.91
E0067,2026-02-25T00:00:00Z,3.9156,2.7408,3.5623,6.4168,11.8859,7.7794
E0068,2026-02-25T00:00:00Z,1.8499,1.094,6.1368,5.1495,12.667,10.3921
E0069,2026-02-25T00:00:00Z,2.261,3.5416,4.0987,3.7959,9.659,10.336
E0070,2026-02-25T00:00:00Z,4.0418,1.1844,2.3108,5.6224,11.9582,8.3462
E0071,2026-02-25T00:00:00Z,2.909,2.8577,1.7555,5.5931,11.6337,8.6296
E0072,2026-02-25T00:00:00Z,2.811,-0.0408,3.9641,5.1191,8.8773,9.5221
E0073,2026-02-25T00:00:00Z,2.0925,1.4502,4.7934,6.5117,10.2293,10.8571
E0074,2026-02-25T00:00:00Z,1.8982,3.1226,3.7495,5.2598,11.1239,7.8226
E0075,2026-02-25T00:00:00Z,2.2798,-1.6326,5.1409,5.3325,12.7036,10.3858
E0076,2026-02-25T00:00:00Z,2.5183,3.886,2.8516,5.5529,11.6647,8.8272
E0077,2026-02-25T00:00:00Z,3.0518,-0.0062,2.4353,6.2168,9.5186,10.3628
E0078,2026-02-25T00:00:00Z,3.2142,0.4674,3.6451,5.6087,11.8341,8.8628
E0079,2026-02-25T00:00:00Z,2.7591,0.5566,3.2443,4.8724,10.7194,8.7354
E0080,2026-02-25T00:00:00Z,3.9314,0.3636,2.4727,5.3932,10.5691,8.1912
E0081,2026-02-25T00:00:00Z,3.5275,1.3596,5.4032,6.0724,10.9329,10.4586
E0082,2026-02-25T00:00:00Z,2.3743,0.8014,4.2385,6.1555,10.9596,7.3086
E0083,2026-02-25T00:00:00Z,2.1365,3.8691,3.4426,5.6505,12.5516,8.4933
E0084,2026-02-25T00:00:00Z,1.6759,2.2359,2.2342,4.6116,10.3221,11.6104
E0085,2026-02-25T00:00:00Z,2.8296,0.7754,5.9885,5.0562,9.6903,10.4261
E0086,2026-02-25T00:00:00Z,2.6174,2.702,3.0237,4.5059,13.1487,9.3371
E0087,2026-02-25T00:00:00Z,3.9629,2.18,4.5671,5.6946,11.2988,9.3964
E0088,2026-02-25T00:00:00Z,3.1893,-0.5836,4.9346,4.5895,11.2534,9.1581
E0089,2026-02-25T00:00:00Z,3.7953,0.3416,3.8339,5.8094,10.4627,9.0652
E0090,2026-02-25T00:00:00Z,3.1247,2.3323,2.2871,4.7008,10.9252,9.5338
E0091,2026-02-25T00:00:00Z,3.1353,-0.3713,4.8167,4.9616,11.0809,8.1523
E0092,2026-02-25T00:00:00Z,2.2102,0.3444,6.5594,6.2683,12.2552,8.9459
E0093,2026-02-25T00:00:00Z,2.36,-0.3135,3.8042,5.6323,11.5085,10.1882
E0094,2026-02-25T00:00:00Z,2.9454,2.9126,3.9018,5.6043,10.7645,10.2352
E0095,2026-02-25T00:00:00Z,2.3872,2.7394,3.7216,6.0766,9.0425,9.9805
E0096,2026-02-25T00:00:00Z,2.9627,0.208,2.4187,4.986,11.6606,8.4483
E0097,2026-02-25T00:00:00Z,2.9988,-1.6121,6.4774,6.2849,12.3145,9.3522
E0098,2026-02-25T00:00:00Z,3.6622,-2.26,4.4855,5.7319,13.0389,8.8609
E0099,2026-02-25T00:00:00Z,4.4962,3.2165,4.4966,5.4655,10.7468,8.077
E0100,2026-02-25T00:00:00Z,2.3122,-1.0748,6.2054,5.5386,10.435,9.3028
E0101,2026-02-25T00:00:00Z,2.6982,0.4895,2.9381,6.1586,10.3768,9.8897
E0102,2026-02-25T00:00:00Z,1.9795,2.3774,3.201,5.0423,11.1273,8.5195
E0103,2026-02-25T00:00:00Z,3.8276,2.158,2.0725,5.062,9.3993,9.0832
E0104,2026-02-25T00:00:00Z,2.5765,3.0833,4.942,5.154,11.1695,11.1329
E0105,2026-02-25T00:00:00Z,2.4971,1.4188,4.8142,5.5717,11.7802,10.397
E0106,2026-02-25T00:00:00Z,2.8431,0.7672,4.6365,5.3749,11.6787,10.9283
E0107,2026-02-25T00:00:00Z,2.4327,-0.2495,2.6605,5.3016,11.1516,11.3904
E0108,2026-02-25T00:00:00Z,3.3936,1.8685,5.5225,6.1924,10.2949,9.2191
E0109,2026-02-25T00:00:00Z,3.1102,1.1114,5.3063,6.2709,13.1993,8.4987
E0110,2026-02-25T00:00:00Z,3.3409,2.9002,3.2056,5.8938,11.8038,9.4321
E0111,2026-02-25T00:00:00Z,4.1844,0.5759,4.4537,5.4332,12.3249,9.7517
E0112,2026-02-25T00:00:00Z,2.9763,-0.8907,3.7675,6.2934,11.9434,9.9272
E0113,2026-02-25T00:00:00Z,3.3975,0.436,1.6548,6.2458,12.2072,10.0421
E0114,2026-02-25T00:00:00Z,3.6216,0.7892,1.0441,5.3892,11.1977,10.1435
E0115,2026-02-25T00:00:00Z,3.1274,1.3864,4.5238,5.9701,10.3994,9.9169
E0116,2026-02-25T00:00:00Z,3.6321,-0.2992,3.2427,5.9547,11.4476,11.569
E0117,2026-02-25T00:00:00Z,2.91,1.4843,3.7188,5.963,11.0364,9.2535
E0118,2026-02-25T00:00:00Z,3.0903,-1.7853,4.5594,5.81,10.4761,9.5459
E0119,2026-02-25T00:00:00Z,2.7211,1.3521,2.365,6.0234,9.8385,7.8435
E0120,2026-02-25T00:00:00Z,1.8192,-0.0599,3.1029,5.2369,11.5287,9.8044
E0121,2026-02-25T00:00:00Z,2.8471,-2.0039,3.4356,4.99,11.549,9.9248
E0122,2026-02-25T00:00:00Z,3.3836,-1.6688,4.7037,5.4486,10.0663,11.0494
E0123,2026-02-25T00:00:00Z,2.9285,2.1836,5.0705,5.5977,11.7525,9.9373
E0124,2026-02-25T00:00:00Z,3.1145,2.3793,4.266,5.2717,12.3862,10.3624
E0125,2026-02-25T00:00:00Z,2.7947,-0.7336,4.3242,6.3838,11.3866,8.4498
E0126,2026-02-25T00:00:00Z,3.293,0.1627,2.6331,5.8789,11.0048,11.2116
E0127,2026-02-25T00:00:00Z,2.3823,0.7849,1.4302,5.4137,11.8466,7.5143
E0128,2026-02-25T00:00:00Z,2.7655,0.4746,4.4268,6.1093,12.0472,10.6144
E0129,2026-02-25T00:00:00Z,2.9282,1.1083,2.8977,5.9103,10.968,8.2789
E0130,2026-02-25T00:00:00Z,2.9891,1.6055,4.6466,4.8803,11.0945,9.6519
E0131,2026-02-25T00:00:00Z,2.9365,-0.1219,5.2576,6.1521,11.7074,9.9725
E0132,2026-02-25T00:00:00Z,3.7881,1.6037,4.1198,6.5173,10.3514,10.035
E0133,2026-02-25T00:00:00Z,2.5266,1.7067,4.6043,6.4248,10.6941,11.2988
E0134,2026-02-25T00:00:00Z,2.6208,1.4534,2.8865,4.7519,12.5314,10.5058
E0135,2026-02-25T00:00:00Z,2.8772,-0.9623,4.0409,4.568,11.5082,9.7347
E0136,2026-02-25T00:00:00Z,3.3399,1.8677,4.3453,5.384,10.4227,6.2379
E0137,2026-02-25T00:00:00Z,1.6822,1.0958,1.2709,5.5543,11.3593,9.4282
E0138,2026-02-25T00:00:00Z,2.378,1.6355,2.7414,5.4617,12.2616,8.8236
E0139,2026-02-25T00:00:00Z,3.7894,0.5541,3.8982,4.368,11.2602,11.0696
E0140,2026-02-25T00:00:00Z,2.3688,-0.7212,3.0272,5.976,12.8016,9.5086
E0141,2026-02-25T00:00:00Z,2.4109,0.3211,3.8507,6.5062,13.1725,8.0579
E0142,2026-02-25T00:00:00Z,3.0987,0.1666,4.2941,5.8994,11.5141,9.5898
E0143,2026-02-25T00:00:00Z,2.5632,1.2083,4.9537,4.9645,10.2837,9.6925
E0144,2026-02-25T00:00:00Z,3.0622,1.6325,4.223,5.3162,9.9606,10.3854
E0145,2026-02-25T00:00:00Z,4.3218,0.8738,3.5856,5.6206,9.5366,9.4505
E0146,2026-02-25T00:00:00Z,2.2529,-0.1866,3.1877,5.211,12.1431,9.4114
E0147,2026-02-25T00:00:00Z,2.4195,1.1418,5.4501,6.2904,11.221,8.6867
E0148,2026-02-25T00:00:00Z,2.5522,3.0969,2.7961,6.5491,12.3009,9.2661
E0149,2026-02-25T00:00:00Z,2.414,3.1575,1.3476,5.8942,10.3794,9.2782
E0000,2026-02-26T00:00:00Z,2.9755,1.3329,2.8469,5.7138,11.6313,10.3256
E0001,2026-02-26T00:00:00Z,2.8962,2.1021,3.8918,5.5508,12.3689,9.2844
E0002,2026-02-26T00:00:00Z,2.725,0.6978,3.6623,4.9526,12.306,10.0175
E0003,2026-02-26T00:00:00Z,3.2401,1.687,2.1869,5.1691,11.2454,10.9239
E0004,2026-02-26T00:00:00Z,3.489,2.3061,4.0041,5.1088,10.7996,9.6095
E0005,2026-02-26T00:00:00Z,3.0942,2.2461,5.1286,4.9488,11.9254,8.946
E0006,2026-02-26T00:00:00Z,1.3828,4.1815,1.6412,5.1168,12.5038,9.629
E0007,2026-02-26T00:00:00Z,3.6785,0.6002,1.9376,6.4038,12.4415,9.7823
E0008,2026-02-26T00:00:00Z,3.0258,1.9791,3.5685,5.6491,9.4036,9.4773
E0009,2026-02-26T00:00:00Z,2.9851,2.0019,2.1133,5.5559,10.7418,9.7472
E0010,2026-02-26T00:00:00Z,1.8273,0.0842,2.9505,4.9074,9.8168,7.5626
E0011,2026-02-26T00:00:00Z,2.3857,2.2854,4.1414,5.9298,10.324,9.167
E0012,2026-02-26T00:00:00Z,4.237,-0.7223,1.9231,6.3681,12.6094,10.349
E0013,2026-02-26T00:00:00Z,2.3167,0.3653,1.2489,5.0524,11.4792,9.7024
E0014,2026-02-26T00:00:00Z,2.945,-0.5505,5.2857,5.5564,11.7027,8.2573
E0015,2026-02-26T00:00:00Z,4.2387,-1.7318,3.4329,5.4971,10.5162,8.6928
E0016,2026-02-26T00:00:00Z,2.9379,1.9253,5.3379,5.4983,11.5305,8.8443
E0017,2026-02-26T00:00:00Z,3.8749,3.4829,4.7948,5.2945,10.0064,8.7257
E0018,2026-02-26T00:00:00Z,3.6605,1.3558,2.0059,5.4202,13.6066,9.0269
E0019,2026-02-26T00:00:00Z,1.4435,4.3817,3.0997,5.6826,11.1679,9.693
E0020,2026-02-26T00:00:00Z,1.6106,0.7945,5.5585,6.6067,11.3108,11.2559
E0021,2026-02-26T00:00:00Z,3.2359,2.2532,4.7109,6.242,11.0446,7.4867
E0022,2026-02-26T00:00:00Z,2.4195,-0.0271,4.995,5.2935,11.0504,9.2186
E0023,2026-02-26T00:00:00Z,1.5478,2.2234,5.4322,4.3858,9.8116,8.4064
E0024,2026-02-26T00:00:00Z,1.9826,1.0947,5.919,5.4577,10.9783,10.148
E0025,2026-02-26T00:00:00Z,3.0355,1.5032,3.6293,6.1259,14.1502,9.6192
E0026,2026-02-26T00:00:00Z,2.9091,1.481,3.055,5.9314,11.0869,10.59
E0027,2026-02-26T00:00:00Z,3.0403,0.9986,3.3885,5.6996,10.2571,7.9142
E0028,2026-02-26T00:00:00Z,2.0858,0.9718,3.2093,6.1005,12.3189,10.188
E0029,2026-02-26T00:00:00Z,3.6088,0.4927,4.3507,4.3829,10.4073,10.6193
E0030,2026-02-26T00:00:00Z,2.9658,1.2477,4.4686,6.8908,11.6245,8.7287
E0031,2026-02-26T00:00:00Z,3.0965,-0.1694,2.8535,5.2906,11.4602,10.0778
E0032,2026-02-26T00:00:00Z,2.1865,0.7796,3.26,5.0826,9.9801,10.48
E0033,2026-02-26T00:00:00Z,2.3711,4.6584,-0.0425,5.4352,11.0117,10.7217
E0034,2026-02-26T00:00:00Z,3.0898,2.2318,4.1231,6.3587,10.8399,9.3522
E0035,2026-02-26T00:00:00Z,3.4331,-0.9863,3.7914,5.4579,12.9418,9.3798
E0036,2026-02-26T00:00:00Z,2.7661,1.1529,2.7535,5.4348,11.9071,10.6698
E0037,2026-02-26T00:00:00Z,2.2722,0.5866,5.6193,5.0158,10.6122,8.5931
E0038,2026-02-26T00:00:00Z,1.8482,0.18,3.3045,5.8969,12.0671,8.4034
E0039,2026-02-26T00:00:00Z,2.9198,1.4624,3.7856,4.5953,10.9254,10.0246
E0040,2026-02-26T00:00:00Z,3.2892,-0.092,3.8784,5.0872,12.0591,8.1576
E0041,2026-02-26T00:00:00Z,3.4619,1.3368,4.474,5.1264,11.6527,9.8225
E0042,2026-02-26T00:00:00Z,3.307,-0.2055,4.35,5.5917,12.0344,9.1565
E0043,2026-02-26T00:00:00Z,3.2328,1.3016,4.6952,4.768,10.8971,8.4056
E0044,2026-02-26T00:00:00Z,2.4311,2.6987,3.0383,5.4734,11.8241,10.0425
E0045,2026-02-26T00:00:00Z,3.0113,2.0284,1.7794,4.9713,12.0057,8.6914
E0046,2026-02-26T00:00:00Z,4.3594,-0.1145,1.4295,6.2556,8.9328,10.5833
E0047,2026-02-26T00:00:00Z,3.4355,0.9962,3.5575,5.0988,11.4385,9.7033
E0048,2026-02-26T00:00:00Z,3.4687,1.1528,4.6398,7.5304,10.6781,8.5136
E0049,2026-02-26T00:00:00Z,3.5486,0.7454,0.4686,4.0914,11.095,8.9021
E0050,2026-02-26T00:00:00Z,3.3824,-1.3846,2.5615,4.9378,13.7514,9.7256
E0051,2026-02-26T00:00:00Z,3.2726,1.7801,2.9311,5.7623,12.0412,8.4163
E0052,2026-02-26T00:00:00Z,3.5516,1.7912,3.2665,5.2612,12.8764,10.187
E0053,2026-02-26T00:00:00Z,3.8298,0.8821,4.9287,6.5476,12.4505,10.8554
E0054,2026-02-26T00:00:00Z,2.1736,0.5815,2.8723,5.7869,11.9457,10.0717
E0055,2026-02-26T00:00:00Z,3.0747,1.6919,3.2895,5.3451,11.4384,9.1881
E0056,2026-02-26T00:00:00Z,2.3816,2.2905,3.2944,5.3377,10.6477,9.7681
E0057,2026-02-26T00:00:00Z,2.8626,1.1887,2.71,5.3007,10.9542,11.2192
E0058,2026-02-26T00:00:00Z,2.456,1.3531,2.4972,6.3427,9.4034,10.7947
E0059,2026-02-26T00:00:00Z,2.8411,3.1901,3.884,5.7635,11.2168,9.8706
E0060,2026-02-26T00:00:00Z,1.9149,0.9583,3.125,4.8948,9.6009,10.1661
E0061,2026-02-26T00:00:00Z,2.7692,-2.7665,4.2127,5.666,11.0958,10.8734
E0062,2026-02-26T00:00:00Z,3.9514,0.8516,3.2608,4.9958,8.4588,9.706
E0063,2026-02-26T00:00:00Z,2.3137,1.0134,4.3377,4.945,13.2462,9.1588
E0064,2026-02-26T00:00:00Z,3.9299,2.4312,0.5348,4.9567,11.1322,9.639
E0065,2026-02-26T00:00:00Z,3.4068,1.4485,4.1783,4.9129,11.0985,9.61
E0066,2026-02-26T00:00:00Z,2.0783,1.1685,3.7611,5.3085,10.6099,10.6365
E0067,2026-02-26T00:00:00Z,2.7876,0.5285,5.6794,4.984,9.6313,10.6936
E0068,2026-02-26T00:00:00Z,2.9391,0.4961,5.6602,5.0899,10.9205,9.1428
E0069,2026-02-26T00:00:00Z,2.0986,1.5333,4.1368,4.6934,11.3421,8.0191
E0070,2026-02-26T00:00:00Z,1.8215,-1.0479,5.1138,5.8611,10.0445,9.0767
E0071,2026-02-26T00:00:00Z,3.6515,0.8095,5.5567,5.9194,10.5232,10.5332
E0072,2026-02-26T00:00:00Z,4.6755,1.3553,3.5534,4.6906,11.2292,8.4496
E0073,2026-02-26T00:00:00Z,2.4062,1.9332,3.2056,5.5944,11.4875,10.0212
E0074,2026-02-26T00:00:00Z,3.3709,-2.688,2.9945,5.8047,11.4506,8.5514
E0075,2026-02-26T00:00:00Z,3.9828,2.0966,3.0577,4.6885,10.1618,10.5776
E0076,2026-02-26T00:00:00Z,3.4596,1.2826,2.2663,6.1305,11.7288,7.4767
E0077,2026-02-26T00:00:00Z,3.1209,2.2604,5.7972,5.1534,11.7072,11.1513
E0078,2026-02-26T00:00:00Z,3.3268,2.8964,1.3882,3.7286,11.0266,9.3383
E0079,2026-02-26T00:00:00Z,2.1493,2.1536,2.0807,5.9557,11.058,10.6701
E0080,2026-02-26T00:00:00Z,4.0778,1.5011,3.5574,4.4244,11.1874,9.3533
E0081,2026-02-26T00:00:00Z,2.7829,1.708,4.1739,6.4419,10.9457,10.8052
E0082,2026-02-26T00:00:00Z,2.5085,-0.1628,4.8017,5.7994,13.6636,9.0829
E0083,2026-02-26T00:00:00Z,2.1115,-0.2664,3.7114,6.0084,10.5606,9.2878
E0084,2026-02-26T00:00:00Z,1.3907,1.5677,1.9178,6.3735,11.445,9.3171
E0085,2026-02-26T00:00:00Z,3.4774,-1.2569,3.4508,5.2541,9.7668,9.7527
E0086,2026-02-26T00:00:00Z,1.7091,2.2392,2.9582,4.4263,10.7871,10.2947
E0087,2026-02-26T00:00:00Z,2.1674,2.9492,4.2524,5.2002,10.5006,10.0208
E0088,2026-02-26T00:00:00Z,2.9573,2.005,2.2416,5.2649,12.1583,8.3336
E0089,2026-02-26T00:00:00Z,3.8416,-0.4765,1.9433,4.3318,12.8849,9.312
E0090,2026-02-26T00:00:00Z,2.8884,-0.7702,4.8632,5.4495,11.3951,8.2068
E0091,2026-02-26T00:00:00Z,3.0683,2.3363,3.9218,5.2548,11.6741,8.5879
E0092,2026-02-26T00:00:00Z,2.5354,1.3324,3.0392,6.0669,12.6424,9.3872
E0093,2026-02-26T00:00:00Z,3.1226,-1.2801,5.4382,4.9723,11.449,9.2814
E0094,2026-02-26T00:00:00Z,2.8533,3.0204,5.2453,5.0518,10.1988,9.0983
E0095,2026-02-26T00:00:00Z,2.3083,1.6336,2.7214,5.6551,10.2429,8.5371
E0096,2026-02-26T00:00:00Z,2.535,2.4055,1.8944,6.086,12.3719,8.6769
E0097,2026-02-26T00:00:00Z,3.7691,1.1702,3.1934,4.9603,10.8331,10.006
E0098,2026-02-26T00:00:00Z,2.7329,2.5075,3.0163,6.0668,12.1036,9.4591
E0099,2026-02-26T00:00:00Z,2.3478,3.3906,3.7791,5.5154,12.7784,10.6368
E0100,2026-02-26T00:00:00Z,3.559,1.4019,4.6982,4.9356,11.0548,9.2883
E0101,2026-02-26T00:00:00Z,2.2145,-0.4658,2.1763,6.2342,11.9292,10.2764
E0102,2026-02-26T00:00:00Z,2.7537,2.461,3.3114,6.6368,10.6547,10.5328
E0103,2026-02-26T00:00:00Z,1.7081,1.1136,2.5614,5.768,10.9757,7.9798
E0104,2026-02-26T00:00:00Z,3.5759,0.4419,5.8102,4.7984,10.712,9.9176
E0105,2026-02-26T00:00:00Z,2.6986,3.7805,2.9757,5.9641,10.6685,7.9741
E0106,2026-02-26T00:00:00Z,2.8351,-0.3159,3.3331,5.0016,10.7562,9.8147
E0107,2026-02-26T00:00:00Z,2.9181,0.021,1.9867,5.7198,13.1309,9.4114
E0108,2026-02-26T00:00:00Z,2.8353,1.8452,5.4858,4.1097,11.8003,9.9058
E0109,2026-02-26T00:00:00Z,3.0222,2.0006,2.5486,4.3634,12.5409,10.0393
E0110,2026-02-26T00:00:00Z,2.6099,2.2335,5.7172,6.0139,11.9355,11.1617
E0111,2026-02-26T00:00:00Z,3.0986,0.1418,4.4592,4.9155,11.6766,8.4768
E0112,2026-02-26T00:00:00Z,2.2321,1.3248,3.8467,5.0034,11.3953,8.2295
E0113,2026-02-26T00:00:00Z,3.4492,0.7039,4.0241,6.0871,11.9807,9.5087
E0114,2026-02-26T00:00:00Z,3.3305,2.2709,3.7409,4.9297,11.1376,7.7336
E0115,2026-02-26T00:00:00Z,2.4381,2.3097,4.7716,5.8478,11.5555,9.8887
E0116,2026-02-26T00:00:00Z,2.5262,0.1182,2.1098,6.2492,11.1034,9.0384
E0117,2026-02-26T00:00:00Z,3.2234,0.0783,4.5308,5.0235,10.9413,9.6433
E0118,2026-02-26T00:00:00Z,2.7376,0.4223,3.1082,5.4324,9.9049,9.4074
E0119,2026-02-26T00:00:00Z,2.8445,0.2924,2.5523,5.5112,9.6966,9.9891
E0120,2026-02-26T00:00:00Z,4.612,-1.92,4.2899,5.3372,11.3966,8.8224
E0121,2026-02-26T00:00:00Z,1.6424,-1.3504,3.8353,4.9921,11.7262,11.4111
E0122,2026-02-26T00:00:00Z,2.5679,2.3507,4.2945,6.657,11.7324,8.5018
E0123,2026-02-26T00:00:00Z,2.9099,0.8339,5.4358,5.7661,11.0765,9.9916
E0124,2026-02-26T00:00:00Z,3.8336,2.7263,3.975,5.3891,12.979,8.4663
E0125,2026-02-26T00:00:00Z,3.0191,1.1976,5.9939,6.1592,11.2603,10.236
E0126,2026-02-26T00:00:00Z,2.4897,1.6357,4.7806,5.0254,10.7957,10.4343
E0127,2026-02-26T00:00:00Z,2.6469,2.7907,3.5546,4.8937,10.2186,10.2163
E0128,2026-02-26T00:00:00Z,1.9626,0.1554,5.8223,5.1684,11.0042,8.6641
E0129,2026-02-26T00:00:00Z,3.7827,-0.4587,2.5147,5.6482,12.4341,9.3256
E0130,2026-02-26T00:00:00Z,2.1984,1.4929,1.9129,5.49,11.7394,9.4871
E0131,2026-02-26T00:00:00Z,1.9304,-0.0261,4.0844,5.4912,10.9597,8.6382
E0132,2026-02-26T00:00:00Z,4.0356,-0.2791,2.9922,5.4899,12.4734,9.4008
E0133,2026-02-26T00:00:00Z,2.5872,-0.2666,4.5096,4.7092,12.1781,8.113
E0134,2026-02-26T00:00:00Z,2.3178,0.7442,1.8064,4.8936,11.7892,7.2167
E0135,2026-02-26T00:00:00Z,3.0109,1.6477,4.7377,4.6116,10.6522,7.8704
E0136,2026-02-26T00:00:00Z,2.563,-0.7097,2.6118,7.4971,11.5545,8.7321
E0137,2026-02-26T00:00:00Z,2.8454,3.7612,5.2452,4.5318,9.9242,9.2497
E0138,2026-02-26T00:00:00Z,3.5473,2.4012,3.2676,5.5648,12.7447,8.4329
E0139,2026-02-26T00:00:00Z,2.5368,-0.8434,3.7159,5.6577,10.0564,7.3826
E0140,2026-02-26T00:00:00Z,3.5515,3.8368,2.3289,5.4356,10.6995,10.1967
E0141,2026-02-26T00:00:00Z,3.0317,2.4763,5.5204,6.2437,9.6824,12.0588
E0142,2026-02-26T00:00:00Z,2.1562,0.8959,5.5287,5.2992,11.0061,9.3956
E0143,2026-02-26T00:00:00Z,3.1254,-1.2029,5.6068,5.5193,11.2131,9.1221
E0144,2026-02-26T00:00:00Z,2.4069,0.6339,4.2297,6.3301,11.7947,8.319
E0145,2026-02-26T00:00:00Z,3.5302,0.0823,7.6228,6.2432,11.224,9.2665
E0146,2026-02-26T00:00:00Z,2.7862,4.5117,4.5009,4.9899,14.3361,9.0124
E0147,2026-02-26T00:00:00Z,3.1575,-0.6686,1.2176,5.3743,12.5427,7.5454
E0148,2026-02-26T00:00:00Z,2.3265,-0.2117,6.6083,6.0028,11.3835,10.2249
E0149,2026-02-26T00:00:00Z,1.837,-0.5965,1.0038,6.376,11.5248,9.3613
E0000,2026-02-27T00:00:00Z,2.7123,0.7535,5.5479,5.9962,10.92,10.2267
E0001,2026-02-27T00:00:00Z,2.8482,1.6901,3.8323,5.5687,11.9411,8.8662
E0002,2026-02-27T00:00:00Z,3.1146,1.7491,3.4985,6.2229,11.5498,10.0508
E0003,2026-02-27T00:00:00Z,2.7734,-0.373,1.0569,4.4852,10.4345,9.0942
E0004,2026-02-27T00:00:00Z,2.9091,-0.7465,2.8033,5.1648,11.5695,10.8945
E0005,2026-02-27T00:00:00Z,2.3984,2.3096,4.5138,5.5516,11.0538,9.677
E0006,2026-02-27T00:00:00Z,2.7098,-0.7736,8.0124,5.3814,12.6932,10.7784
E0007,2026-02-27T00:00:00Z,2.6055,0.2803,2.8916,6.4269,12.9724,10.603
E0008,2026-02-27T00:00:00Z,2.77,0.6987,4.9184,5.5782,10.4042,8.8458
E0009,2026-02-27T00:00:00Z,1.7964,2.0051,1.9362,5.5372,9.7751,8.5218
E0010,2026-02-27T00:00:00Z,2.551,-1.1191,2.4704,5.6349,12.2208,8.9664
E0011,2026-02-27T00:00:00Z,2.383,0.4443,4.8934,6.5339,10.8889,8.7593
E0012,2026-02-27T00:00:00Z,3.2325,-0.5128,3.0295,6.433,10.2884,8.378
E0013,2026-02-27T00:00:00Z,2.9578,0.7969,3.9412,5.4929,9.2347,9.6925
E0014,2026-02-27T00:00:00Z,3.2479,0.0248,4.0867,5.1365,10.0001,8.6662
E0015,2026-02-27T00:00:00Z,2.1675,2.7331,2.2025,4.6472,10.7367,11.5299
E0016,2026-02-27T00:00:00Z,2.9637,1.1994,4.9719,5.1981,13.029,8.5507
E0017,2026-02-27T00:00:00Z,3.3818,0.2939,4.0252,7.0207,10.8111,9.2523
E0018,2026-02-27T00:00:00Z,2.8274,0.9049,4.9138,4.2213,12.3886,7.7085
E0019,2026-02-27T00:00:00Z,1.8962,-1.9033,3.3376,5.5567,9.9621,8.6887
E0020,2026-02-27T00:00:00Z,2.4136,2.0053,2.1394,5.2759,11.0112,9.5951
E0021,2026-02-27T00:00:00Z,3.483,-0.6788,2.003,5.2486,11.6013,9.6375
E0022,2026-02-27T00:00:00Z,3.2466,-0.2171,5.9096,5.9127,10.8733,10.1816
E0023,2026-02-27T00:00:00Z,3.0333,-1.8894,3.9084,5.2999,11.5277,9.1433
E0024,2026-02-27T00:00:00Z,3.2097,1.8599,4.1425,4.8763,11.6508,8.2967
E0025,2026-02-27T00:00:00Z,2.2603,2.9807,2.8178,5.8071,11.4393,10.6274
E0026,2026-02-27T00:00:00Z,2.6416,0.5843,4.3294,6.1003,13.236,11.0118
E0027,2026-02-27T00:00:00Z,2.8116,-1.9136,5.0961,5.9336,9.6561,8.83
E0028,2026-02-27T00:00:00Z,3.7973,1.4772,4.9974,5.3305,11.1996,9.9361
E0029,2026-02-27T00:00:00Z,2.5434,-0.9776,3.175,5.5818,11.8036,11.4638
E0030,2026-02-27T00:00:00Z,2.8512,2.185,5.5395,5.7028,12.5217,9.1174
E0031,2026-02-27T00:00:00Z,2.8951,1.8918,3.0676,5.9321,11.9095,11.6084
E0032,2026-02-27T00:00:00Z,2.753,0.161,1.9124,5.1496,9.4764,8.1779
E0033,2026-02-27T00:00:00Z,3.7827,1.7606,3.5001,5.967,13.3174,9.8122
E0034,2026-02-27T00:00:00Z,2.4859,3.7937,5.88,4.7902,12.3152,10.1366
E0035,2026-02-27T00:00:00Z,3.3266,0.1131,3.2056,4.6763,11.2776,7.7425
E0036,2026-02-27T00:00:00Z,4.1971,-0.6094,0.5281,5.9048,10.211,9.0989
E0037,2026-02-27T00:00:00Z,2.7583,1.0989,4.0036,6.2498,11.0537,9.15
E0038,2026-02-27T00:00:00Z,3.3275,0.0465,4.7937,5.5742,9.5038,9.0761
E0039,2026-02-27T00:00:00Z,2.9044,2.2223,4.4991,4.2961,11.0529,10.3871
E0040,2026-02-27T00:00:00Z,2.9195,0.4817,3.3987,5.6834,10.844,8.7378
E0041,2026-02-27T00:00:00Z,3.0932,2.2484,4.9822,5.091,11.4939,9.6898
E0042,2026-02-27T00:00:00Z,2.473,1.3832,4.5084,5.8367,12.8122,9.1566
E0043,2026-02-27T00:00:00Z,2.5155,0.9591,3.6287,5.9284,12.0884,10.1742
E0044,2026-02-27T00:00:00Z,3.5159,3.554,4.0239,5.1072,11.9655,8.9968
E0045,2026-02-27T00:00:00Z,3.937,0.4673,2.887,5.993,10.1618,8.8929
E0046,2026-02-27T00:00:00Z,2.6217,1.6589,6.1957,4.3071,11.6887,10.6888
E0047,2026-02-27T00:00:00Z,1.9344,0.9811,4.7466,5.007,10.6906,8.6796
E0048,2026-02-27T00:00:00Z,3.6058,5.1427,2.7511,5.4956,10.8417,10.0292
E0049,2026-02-27T00:00:00Z,3.0675,-0.1837,5.6022,6.0797,12.5357,9.5635
E0050,2026-02-27T00:00:00Z,3.4846,0.9534,5.6042,5.739,10.7947,10.4965
E0051,2026-02-27T00:00:00Z,3.8126,2.3584,4.0296,5.9009,10.1368,9.7396
E0052,2026-02-27T00:00:00Z,2.7481,0.4853,2.7317,5.3883,9.5576,10.8146
E0053,2026-02-27T00:00:00Z,3.5923,1.1802,3.2829,5.58,11.4027,8.2504
E0054,2026-02-27T00:00:00Z,1.1461,2.2683,5.4205,6.1254,11.8376,7.9126
E0055,2026-02-27T00:00:00Z,3.5556,1.4469,4.2752,5.8076,11.9987,8.1362
E0056,2026-02-27T00:00:00Z,2.3792,0.7672,2.0748,5.6852,10.615,8.1059
E0057,2026-02-27T00:00:00Z,2.6395,-0.935,1.2994,5.7924,11.1354,9.8269
E0058,2026-02-27T00:00:00Z,1.9317,0.9627,1.7569,6.5426,11.9987,10.4149
E0059,2026-02-27T00:00:00Z,1.9115,0.8176,3.5727,5.6006,12.3557,8.4959
E0060,2026-02-27T00:00:00Z,3.6883,1.8074,4.987,5.8034,10.9493,11.5252
E0061,2026-02-27T00:00:00Z,3.0687,-1.0598,5.6112,5.5022,10.4147,7.5722
E0062,2026-02-27T00:00:00Z,3.1144,-0.3714,3.0778,5.9746,12.0267,11.7294
E0063,2026-02-27T00:00:00Z,3.0305,1.3188,3.2666,4.7269,12.7385,10.1175
E0064,2026-02-27T00:00:00Z,2.7603,2.1206,4.5323,5.6252,11.058,8.8742
E0065,2026-02-27T00:00:00Z,3.2686,0.955,3.0569,5.2397,11.4996,9.4219
E0066,2026-02-27T00:00:00Z,3.1662,1.1256,4.0706,6.234,11.3468,6.9457
E0067,2026-02-27T00:00:00Z,2.5943,0.4561,2.698,5.0681,10.5741,9.4405
E0068,2026-02-27T00:00:00Z,3.0053,-0.9721,5.3605,6.0901,10.8989,9.9643
E0069,2026-02-27T00:00:00Z,2.3699,-0.2663,2.0824,5.1113,10.9793,10.7979
E0070,2026-02-27T00:00:00Z,2.986,-0.4849,3.8371,5.6583,11.9171,8.4681
E0071,2026-02-27T00:00:00Z,2.6369,4.1783,1.7826,5.7982,11.8729,9.5167
E0072,2026-02-27T00:00:00Z,3.4152,2.3118,4.0476,5.9057,10.0795,8.0117
E0073,2026-02-27T00:00:00Z,2.688,1.0824,4.4274,6.0442,12.896,10.2549
E0074,2026-02-27T00:00:00Z,1.8243,-1.2728,4.6193,4.1182,13.3154,10.0303
E0075,2026-02-27T00:00:00Z,2.3384,0.6657,3.5995,4.9742,10.4224,9.6378
E0076,2026-02-27T00:00:00Z,2.5053,1.649,4.52,5.6605,11.3584,8.3122
E0077,2026-02-27T00:00:00Z,2.9691,2.048,5.2461,6.5054,9.3208,8.8836
E0078,2026-02-27T00:00:00Z,2.9186,3.3222,5.0452,4.4557,10.4906,8.5667
E0079,2026-02-27T00:00:00Z,3.0701,2.2187,6.4244,6.0424,11.0958,9.7043
E0080,2026-02-27T00:00:00Z,1.7635,1.5165,5.7232,5.5419,10.8782,11.856
E0081,2026-02-27T00:00:00Z,2.7721,-0.3325,4.44,5.6145,11.9018,8.6666
E0082,2026-02-27T00:00:00Z,2.8532,3.7342,3.0751,6.7545,8.5344,11.309
E0083,2026-02-27T00:00:00Z,1.5796,2.6939,2.2405,6.5114,9.3645,9.6713
E0084,2026-02-27T00:00:00Z,2.3086,-1.9695,3.6758,6.1759,9.871,8.0822
E0085,2026-02-27T00:00:00Z,3.2828,-0.1986,4.0434,5.2673,11.6685,8.2565
E0086,2026-02-27T00:00:00Z,3.6427,1.7989,5.6344,6.1528,13.5486,6.9523
E0087,2026-02-27T00:00:00Z,3.0511,1.5502,3.5119,5.8099,10.9745,10.2975
E0088,2026-02-27T00:00:00Z,2.5868,4.7715,2.2951,5.4565,10.3908,9.762
E0089,2026-02-27T00:00:00Z,2.5795,1.748,2.5944,6.7218,10.5605,9.4388
E0090,2026-02-27T00:00:00Z,3.8196,1.1673,4.1481,5.7324,10.5365,9.1545
E0091,2026-02-27T00:00:00Z,2.5013,4.467,3.973,5.9498,9.9882,8.3126
E0092,2026-02-27T00:00:00Z,3.353,0.31,3.9197,4.9648,10.7382,8.8165
E0093,2026-02-27T00:00:00Z,2.2595,2.9884,3.7201,4.8432,9.8033,7.5725
E0094,2026-02-27T00:00:00Z,3.5755,0.1214,2.2155,5.0773,10.848,9.7744
E0095,2026-02-27T00:00:00Z,2.7918,1.555,3.9157,6.2422,11.5636,8.9053
E0096,2026-02-27T00:00:00Z,3.8524,0.7803,3.2462,6.1567,10.99,10.0007
E0097,2026-02-27T00:00:00Z,1.9663,-0.25,3.7023,4.818,11.4028,9.5103
E0098,2026-02-27T00:00:00Z,2.2099,-0.4698,5.233,5.3128,11.9369,9.257
E0099,2026-02-27T00:00:00Z,2.8801,0.2428,2.3364,4.9431,9.6133,10.6142
E0100,2026-02-27T00:00:00Z,3.1512,1.6951,5.9009,5.4818,11.104,7.5628
E0101,2026-02-27T00:00:00Z,3.0056,0.7758,4.5214,6.4714,10.9866,11.1701
E0102,2026-02-27T00:00:00Z,3.0018,1.4531,5.0553,4.0665,11.3163,8.7696
E0103,2026-02-27T00:00:00Z,3.5977,-0.5381,6.6881,5.9102,11.1787,10.8514
E0104,2026-02-27T00:00:00Z,2.6428,2.3595,3.3145,4.7129,10.759,9.2332
E0105,2026-02-27T00:00:00Z,2.7665,0.2825,4.9575,6.3649,10.3783,9.538
E0106,2026-02-27T00:00:00Z,2.7293,1.3112,3.7575,5.8329,12.142,7.5216
E0107,2026-02-27T00:00:00Z,1.8561,-0.5413,2.6639,5.1873,9.6476,12.1417
E0108,2026-02-27T00:00:00Z,2.1341,0.6862,2.4019,5.0621,11.9194,10.2825
E0109,2026-02-27T00:00:00Z,3.2724,-0.1009,4.7011,6.0265,11.5027,9.1003
E0110,2026-02-27T00:00:00Z,3.3857,-0.5816,2.5001,6.0147,9.5637,10.4465
E0111,2026-02-27T00:00:00Z,4.5418,-1.2344,3.0938,5.3972,10.0173,8.2583
E0112,2026-02-27T00:00:00Z,2.9291,0.7004,4.6592,4.8594,11.4008,10.0185
E0113,2026-02-27T00:00:00Z,2.7417,0.1408,5.6055,5.9172,11.5225,8.4748
E0114,2026-02-27T00:00:00Z,2.9253,0.0717,1.5743,5.7977,10.4082,8.6307
E0115,2026-02-27T00:00:00Z,3.088,1.9201,4.0141,5.2856,11.217,8.0796
E0116,2026-02-27T00:00:00Z,3.9048,1.1446,4.633,5.4868,12.7784,10.58
E0117,2026-02-27T00:00:00Z,3.6997,1.1146,2.7369,6.5759,13.3454,9.6964
E0118,2026-02-27T00:00:00Z,2.3799,3.8878,4.3921,6.4748,9.939,8.7565
E0119,2026-02-27T00:00:00Z,2.8156,0.3309,3.3135,5.7897,11.4032,9.7831
E0120,2026-02-27T00:00:00Z,2.8037,-1.5095,5.6172,6.6213,10.8179,6.9988
E0121,2026-02-27T00:00:00Z,3.7876,0.4505,4.2848,5.6992,11.664,9.7892
E0122,2026-02-27T00:00:00Z,3.9645,0.198,4.9126,5.292,11.1318,9.2399
E0123,2026-02-27T00:00:00Z,3.5475,1.4074,3.7735,4.4279,10.4773,9.1026
E0124,2026-02-27T00:00:00Z,3.2119,-1.2724,4.2747,5.4096,10.6874,9.5846
E0125,2026-02-27T00:00:00Z,2.8081,0.3357,2.9145,5.3265,12.1934,9.1262
E0126,2026-02-27T00:00:00Z,2.7116,-0.5674,3.1927,4.1986,10.8168,10.4724
E0127,2026-02-27T00:00:00Z,2.4444,3.446,3.2225,5.5956,12.2129,10.0749
E0128,2026-02-27T00:00:00Z,1.9027,2.1763,2.1572,5.9994,11.7594,10.5822
E0129,2026-02-27T00:00:00Z,2.4341,0.356,5.4599,5.0648,11.9606,10.3091
E0130,2026-02-27T00:00:00Z,2.628,0.7906,3.8448,4.7903,11.2694,8.386
E0131,2026-02-27T00:00:00Z,2.6802,0.3019,4.0332,5.0254,12.1019,10.4656
E0132,2026-02-27T00:00:00Z,3.4836,1.5379,2.2355,6.237,12.1089,9.3361
E0133,2026-02-27T00:00:00Z,2.3211,2.8832,5.0282,6.544,10.5948,9.582
E0134,2026-02-27T00:00:00Z,3.9927,0.4218,6.2032,5.207,11.1904,9.3308
E0135,2026-02-27T00:00:00Z,2.2943,1.2654,1.6675,6.0033,12.4279,10.1414
E0136,2026-02-27T00:00:00Z,2.9493,-1.8007,4.4045,6.4033,13.1361,8.0517
E0137,2026-02-27T00:00:00Z,4.0441,1.1854,5.2646,5.3258,13.3111,9.4043
E0138,2026-02-27T00:00:00Z,3.4756,0.9486,3.1476,5.9843,11.6409,9.8685
E0139,2026-02-27T00:00:00Z,2.1955,4.0077,2.7773,4.6015,11.0995,8.2337
E0140,2026-02-27T00:00:00Z,2.5881,3.8018,3.6748,6.2457,11.0697,9.268
E0141,2026-02-27T00:00:00Z,3.0527,-0.3725,1.6482,6.8258,11.3961,8.4718
E0142,2026-02-27T00:00:00Z,2.572,0.1546,2.3382,6.303,10.1374,9.5694
E0143,2026-02-27T00:00:00Z,2.0065,0.7369,3.9762,5.0986,10.6343,9.0671
E0144,2026-02-27T00:00:00Z,4.7602,-0.4539,4.2307,5.5176,11.7523,8.8098
E0145,2026-02-27T00:00:00Z,3.9099,-1.2223,6.3732,7.351,11.7373,8.8292
E0146,2026-02-27T00:00:00Z,2.8413,1.8603,4.8746,6.1808,11.5282,9.5494
E0147,2026-02-27T00:00:00Z,3.701,1.329,3.7719,5.3509,11.5594,8.5376
E0148,2026-02-27T00:00:00Z,2.9948,2.1839,1.1933,5.0403,11.8078,8.7284
E0149,2026-02-27T00:00:00Z,3.2791,0.0938,3.0414,5.2341,11.7001,10.9312
E0000,2026-02-28T00:00:00Z,3.4612,-0.2788,4.2515,6.2268,10.7372,9.6925
E0001,2026-02-28T00:00:00Z,2.1517,0.4859,2.8078,5.5832,12.406,8.5678
E0002,2026-02-28T00:00:00Z,2.9113,0.5378,5.2899,6.4855,11.5061,10.4037
E0003,2026-02-28T00:00:00Z,3.6784,1.7159,3.6955,6.7897,10.3854,11.5096
E0004,2026-02-28T00:00:00Z,2.3819,0.0881,3.9739,6.0441,10.606,8.4925
E0005,2026-02-28T00:00:00Z,2.5509,-1.1968,2.8997,6.0414,12.3603,9.5366
E0006,2026-02-28T00:00:00Z,3.9806,0.4024,2.4596,5.7821,12.0316,8.2873
E0007,2026-02-28T00:00:00Z,3.851,1.0022,4.3228,4.0492,12.5647,10.1669
E0008,2026-02-28T00:00:00Z,2.7158,1.4824,3.1487,5.2067,10.0454,8.7365
E0009,2026-02-28T00:00:00Z,3.4501,1.2191,5.6363,5.5359,11.928,9.3181
E0010,2026-02-28T00:00:00Z,3.4188,2.1013,3.36,5.1429,10.5863,8.7792
E0011,2026-02-28T00:00:00Z,2.648,0.7181,3.9422,4.0221,11.7819,11.3744
E0012,2026-02-28T00:00:00Z,2.9721,-3.5434,2.8907,5.0328,11.9108,8.6529
E0013,2026-02-28T00:00:00Z,3.7526,1.0835,1.8155,5.6245,11.1313,12.4672
E0014,2026-02-28T00:00:00Z,1.8296,0.2386,4.1243,5.3337,11.9053,7.745
E0015,2026-02-28T00:00:00Z,3.0721,-1.4226,2.5035,6.7218,11.7471,9.5548
E0016,2026-02-28T00:00:00Z,1.364,3.7623,1.0552,6.2206,12.2636,9.5718
E0017,2026-02-28T00:00:00Z,2.5888,-0.2154,4.9391,6.142,9.5395,10.6788
E0018,2026-02-28T00:00:00Z,3.0777,2.759,4.8467,5.5589,11.7467,9.7944
E0019,2026-02-28T00:00:00Z,2.5418,-0.5792,4.8871,5.3061,9.7249,10.3033
E0020,2026-02-28T00:00:00Z,4.0586,2.4946,3.6897,5.4324,11.704,10.6618
E0021,2026-02-28T00:00:00Z,3.5892,-1.7996,2.9612,5.6596,10.2103,10.5805
E0022,2026-02-28T00:00:00Z,2.5969,1.7343,2.8768,5.1058,12.9394,8.2395
E0023,2026-02-28T00:00:00Z,2.4563,0.7289,6.2599,5.9619,9.911,9.1623
E0024,2026-02-28T00:00:00Z,2.5038,1.3176,4.2005,5.3872,11.4017,9.856
E0025,2026-02-28T00:00:00Z,4.0995,-0.9139,6.0113,4.796,11.5564,8.7358
E0026,2026-02-28T00:00:00Z,2.9855,0.1945,4.766,5.8401,12.2549,7.7027
E0027,2026-02-28T00:00:00Z,3.4612,0.7169,2.8236,5.0318,11.0678,10.1888
E0028,2026-02-28T00:00:00Z,4.0556,-0.2555,2.8601,5.8499,10.7031,8.6121
E0029,2026-02-28T00:00:00Z,2.8352,0.5018,1.5473,5.7778,12.304,9.4203
E0030,2026-02-28T00:00:00Z,2.2874,-0.6279,2.9684,6.4667,11.7611,8.959
E0031,2026-02-28T00:00:00Z,2.1138,5.0466,4.771,5.8366,9.688,8.8102
E0032,2026-02-28T00:00:00Z,3.0306,-1.4714,3.9364,5.5975,9.8028,7.8788
E0033,2026-02-28T00:00:00Z,2.7512,0.6508,1.8308,5.5921,11.1074,10.3059
E0034,2026-02-28T00:00:00Z,3.3315,-0.4131,4.2817,4.3141,10.8716,8.8459
E0035,2026-02-28T00:00:00Z,2.8216,2.6387,4.2434,5.3225,11.4747,8.8058
E0036,2026-02-28T00:00:00Z,2.3248,0.4332,3.8943,5.3915,12.5131,8.265
E0037,2026-02-28T00:00:00Z,2.8342,-0.2888,3.5079,5.8496,11.0075,9.8479
E0038,2026-02-28T00:00:00Z,2.8521,2.7431,2.6847,4.474,12.3652,7.7039
E0039,2026-02-28T00:00:00Z,2.4906,0.6573,3.7589,5.6249,12.0152,10.6101
E0040,2026-02-28T00:00:00Z,2.5622,1.0231,2.4104,6.2511,11.5654,9.7275
E0041,2026-02-28T00:00:00Z,3.0763,1.5087,3.4373,5.4715,11.7451,7.3041
E0042,2026-02-28T00:00:00Z,3.3714,-1.5624,5.1718,5.9596,13.5452,8.4997
E0043,2026-02-28T00:00:00Z,2.6338,-0.1151,3.8738,5.8908,11.2989,9.0025
E0044,2026-02-28T00:00:00Z,3.3924,0.3454,5.3402,6.1596,10.7072,10.6788
E0045,2026-02-28T00:00:00Z,3.1332,-0.4242,5.3325,6.3807,11.3488,9.4445
E0046,2026-02-28T00:00:00Z,1.8899,0.3333,4.1039,5.7165,12.0687,9.5177
E0047,2026-02-28T00:00:00Z,3.2993,1.3511,1.7567,6.5483,10.1014,10.2026
E0048,2026-02-28T00:00:00Z,2.7735,0.4025,3.4632,5.6157,10.8871,9.421
E0049,2026-02-28T00:00:00Z,2.8891,0.2714,2.6015,6.0703,11.1532,8.805
E0050,2026-02-28T00:00:00Z,3.7804,5.5122,2.7298,6.1394,8.8823,11.0394
E0051,2026-02-28T00:00:00Z,2.6124,3.6497,4.7397,6.2327,9.4477,10.8429
E0052,2026-02-28T00:00:00Z,3.3722,0.1403,2.4491,4.5353,11.1141,9.9771
E0053,2026-02-28T00:00:00Z,2.905,-0.6358,2.9351,5.4834,11.2659,8.0724
E0054,2026-02-28T00:00:00Z,2.668,1.6661,2.4906,5.77,10.9426,8.1168
E0055,2026-02-28T00:00:00Z,3.2951,1.7061,2.3582,6.4043,9.2941,8.4674
E0056,2026-02-28T00:00:00Z,2.9122,2.7963,2.5055,5.1166,12.0465,9.0983
E0057,2026-02-28T00:00:00Z,2.8847,1.3384,4.0491,5.732,10.6326,8.115
E0058,2026-02-28T00:00:00Z,3.9472,0.9322,2.4751,4.2878,11.3344,10.3189
E0059,2026-02-28T00:00:00Z,3.4636,-0.4871,5.3725,7.0996,10.6805,9.3835
E0060,2026-02-28T00:00:00Z,3.1457,0.2174,2.6337,5.2676,11.3578,9.0508
E0061,2026-02-28T00:00:00Z,1.6709,2.5661,3.7817,5.6176,11.0306,9.2581
E0062,2026-02-28T00:00:00Z,2.9117,2.09,3.6533,5.9631,13.0568,8.3608
E0063,2026-02-28T00:00:00Z,3.392,0.4635,6.2209,5.4309,11.655,9.1351
E0064,2026-02-28T00:00:00Z,2.796,4.3815,3.3725,4.9736,10.6651,10.3932
E0065,2026-02-28T00:00:00Z,2.8152,-0.1675,3.962,6.1455,11.3107,10.1211
E0066,2026-02-28T00:00:00Z,2.0826,2.6186,4.3921,6.5451,10.5011,8.6233
E0067,2026-02-28T00:00:00Z,2.8802,2.7243,3.8263,5.4904,10.7473,8.7633
E0068,2026-02-28T00:00:00Z,2.311,0.3437,3.6332,5.7226,10.984,8.7097
E0069,2026-02-28T00:00:00Z,2.8639,1.2727,3.5014,5.2529,11.3418,9.6011
E0070,2026-02-28T00:00:00Z,1.9585,-1.0733,3.8434,5.6133,12.3199,10.1168
E0071,2026-02-28T00:00:00Z,2.4167,0.9983,5.1554,5.153,10.5451,8.9384
E0072,2026-02-28T00:00:00Z,2.0741,0.5945,3.4013,5.1048,12.4926,8.8392
E0073,2026-02-28T00:00:00Z,3.4009,-0.0056,6.5083,5.4702,10.5106,10.9754
E0074,2026-02-28T00:00:00Z,1.9031,1.6137,5.301,6.7624,11.6841,9.7848
E0075,2026-02-28T00:00:00Z,2.7786,1.3398,3.8131,5.5954,10.2046,10.1451
E0076,2026-02-28T00:00:00Z,3.6766,-0.1701,1.6785,4.6319,9.6483,10.0264
E0077,2026-02-28T00:00:00Z,1.822,2.598,1.7894,4.9994,11.1642,9.2271
E0078,2026-02-28T00:00:00Z,2.7584,0.3377,4.4469,5.8166,10.2982,10.8757
E0079,2026-02-28T00:00:00Z,3.3347,-1.9911,1.39,5.7247,11.4982,8.3196
E0080,2026-02-28T00:00:00Z,2.4172,1.4488,4.486,5.6785,10.4295,8.7476
E0081,2026-02-28T00:00:00Z,2.7575,1.1463,5.5162,5.2302,10.3511,10.1969
E0082,2026-02-28T00:00:00Z,2.5553,1.7485,4.342,4.2302,11.5363,8.9626
E0083,2026-02-28T00:00:00Z,3.1523,-0.0862,6.0521,5.835,10.3801,10.0805
E0084,2026-02-28T00:00:00Z,2.4742,-0.6237,2.9205,6.3896,10.5945,9.3369
E0085,2026-02-28T00:00:00Z,3.8364,0.5069,2.5732,5.1593,12.4734,8.6428
E0086,2026-02-28T00:00:00Z,2.9555,2.6303,4.235,7.0627,10.6416,9.4155
E0087,2026-02-28T00:00:00Z,2.8045,0.4681,3.9004,4.1802,10.9645,8.2391
E0088,2026-02-28T00:00:00Z,3.1984,1.5636,4.795,5.0219,11.2856,9.7339
E0089,2026-02-28T00:00:00Z,3.223,-0.1376,1.2284,4.8803,11.4536,8.4647
E0090,2026-02-28T00:00:00Z,2.0337,-0.4348,2.1294,4.8838,10.9714,9.8407
E0091,2026-02-28T00:00:00Z,2.2503,4.1131,3.3549,5.7732,9.0134,10.431
E0092,2026-02-28T00:00:00Z,2.251,0.0807,5.0574,5.9623,12.0425,9.2714
E0093,2026-02-28T00:00:00Z,3.1571,-0.4293,3.6057,5.5535,9.4622,9.4391
E0094,2026-02-28T00:00:00Z,4.1505,1.7034,3.3297,5.9401,9.8532,10.2385
E0095,2026-02-28T00:00:00Z,3.0336,1.3621,4.1693,5.3608,10.6605,10.0375
E0096,2026-02-28T00:00:00Z,3.0837,0.0649,2.3741,5.9835,12.13,8.8753
E0097,2026-02-28T00:00:00Z,2.8704,-1.054,2.3571,6.3303,11.7789,10.6579
E0098,2026-02-28T00:00:00Z,3.3519,-0.3144,3.3666,5.7615,10.846,10.0211
E0099,2026-02-28T00:00:00Z,3.1253,0.4282,5.0487,4.351,12.5341,9.2259
E0100,2026-02-28T00:00:00Z,2.6223,0.7372,2.0658,4.5239,10.0459,9.185
E0101,2026-02-28T00:00:00Z,3.5837,0.2658,2.4574,4.77,10.5987,9.5993
E0102,2026-02-28T00:00:00Z,2.9823,2.1756,1.1696,6.2734,12.0642,8.3578
E0103,2026-02-28T00:00:00Z,2.4731,1.6825,4.5206,5.4122,9.7777,10.8759
E0104,2026-02-28T00:00:00Z,3.102,2.82,2.5582,5.1017,11.826,9.1796
E0105,2026-02-28T00:00:00Z,2.1986,0.3952,5.4198,4.5094,12.4546,10.0434
E0106,2026-02-28T00:00:00Z,4.7539,3.0599,5.4194,7.3289,11.1128,10.1893
E0107,2026-02-28T00:00:00Z,2.0298,0.5144,4.5225,5.7528,10.6694,9.334
E0108,2026-02-28T00:00:00Z,2.9353,0.1814,2.7023,4.4668,10.864,9.7203
E0109,2026-02-28T00:00:00Z,3.0909,4.333,2.9828,5.9788,12.4544,9.8714
E0110,2026-02-28T00:00:00Z,4.1458,-0.2115,3.0112,5.2236,10.369,8.878
E0111,2026-02-28T00:00:00Z,3.7321,0.1797,2.6224,5.6614,10.3949,9.9229
E0112,2026-02-28T00:00:00Z,2.9033,1.7157,1.9817,5.7315,9.2972,9.2538
E0113,2026-02-28T00:00:00Z,3.8791,2.9206,4.4873,5.577,11.1254,11.0031
E0114,2026-02-28T00:00:00Z,3.4584,0.2552,4.0598,5.814,11.5726,9.8699
E0115,2026-02-28T00:00:00Z,3.8981,1.5139,3.4677,5.6088,11.8012,8.5802
E0116,2026-02-28T00:00:00Z,2.7552,0.3555,3.198,5.9872,11.8011,10.6455
E0117,2026-02-28T00:00:00Z,1.9593,-1.0422,3.5242,5.3748,12.3706,7.5287
E0118,2026-02-28T00:00:00Z,3.9133,1.0681,2.7917,6.5113,11.1232,9.9508
E0119,2026-02-28T00:00:00Z,2.7717,1.8915,3.7358,6.0574,9.7856,8.462
E0120,2026-02-28T00:00:00Z,3.2361,1.7971,2.3072,5.153,9.8262,9.0844
E0121,2026-02-28T00:00:00Z,3.5722,-0.5166,1.6769,5.156,9.6685,10.1189
E0122,2026-02-28T00:00:00Z,2.1872,3.0732,3.8635,5.3173,11.0954,10.7731
E0123,2026-02-28T00:00:00Z,3.0438,0.4911,2.2721,4.8368,11.1707,10.0158
E0124,2026-02-28T00:00:00Z,3.8305,-0.1402,2.0491,5.5744,11.0576,9.8435
E0125,2026-02-28T00:00:00Z,4.0293,-0.1422,4.2273,6.1416,11.8595,10.4881
E0126,2026-02-28T00:00:00Z,3.2214,-0.2357,3.9763,5.422,11.15,8.3099
E0127,2026-02-28T00:00:00Z,1.1474,-3.8914,3.0246,5.6117,10.2167,10.7012
E0128,2026-02-28T00:00:00Z,3.3467,2.4093,4.7613,5.9888,10.4743,8.5947
E0129,2026-02-28T00:00:00Z,3.6233,-1.0193,5.2507,5.6848,11.0205,10.8359
E0130,2026-02-28T00:00:00Z,2.5464,0.0263,4.6041,5.1283,9.942,9.8693
E0131,2026-02-28T00:00:00Z,4.4194,2.437,5.7884,6.1852,12.5002,9.7402
E0132,2026-02-28T00:00:00Z,2.2311,3.1868,3.5031,6.0696,12.4888,8.8777
E0133,2026-02-28T00:00:00Z,3.3392,2.7128,4.4992,5.5731,10.0181,9.0979
E0134,2026-02-28T00:00:00Z,3.0686,0.8384,3.6734,6.3046,10.0444,12.5805
E0135,2026-02-28T00:00:00Z,3.1401,3.1161,2.8907,6.3274,10.5506,8.1918
E0136,2026-02-28T00:00:00Z,2.7286,2.8092,1.6487,4.9729,10.5099,8.6684
E0137,2026-02-28T00:00:00Z,2.2404,3.4532,3.6777,5.3168,11.4687,11.1394
E0138,2026-02-28T00:00:00Z,2.1412,0.2108,4.5988,5.2672,10.7579,9.0775
E0139,2026-02-28T00:00:00Z,3.4398,-1.1376,4.6084,5.1235,11.0688,9.8852
E0140,2026-02-28T00:00:00Z,2.8836,-0.2642,3.2567,5.8382,10.3757,9.1101
E0141,2026-02-28T00:00:00Z,3.0645,-2.3077,3.9866,5.4422,10.6385,8.928
E0142,2026-02-28T00:00:00Z,2.9359,1.4633,4.3727,4.977,11.7268,9.8259
E0143,2026-02-28T00:00:00Z,2.7533,0.6782,2.5082,5.8724,11.481,9.8056
E0144,2026-02-28T00:00:00Z,1.9685,-1.1954,2.7371,5.5587,9.0023,8.6035
E0145,2026-02-28T00:00:00Z,2.1355,-0.2025,6.0431,5.2725,10.2461,9.6591
E0146,2026-02-28T00:00:00Z,2.1423,4.1625,6.251,5.4103,10.1172,10.5118
E0147,2026-02-28T00:00:00Z,2.4601,0.2468,2.9564,5.8134,11.8826,10.4489
E0148,2026-02-28T00:00:00Z,3.7021,1.1878,4.4996,5.4565,12.6316,10.0098
E0149,2026-02-28T00:00:00Z,2.6463,-0.6533,3.8465,5.3076,10.8815,10.0939
E0000,2026-03-01T00:00:00Z,3.3951,1.0035,5.3228,5.526,13.1127,8.2876
E0001,2026-03-01T00:00:00Z,2.463,2.8538,4.1849,5.974,9.9235,10.0017
E0002,2026-03-01T00:00:00Z,3.3994,2.2467,1.3491,5.6506,11.3052,8.1086
E0003,2026-03-01T00:00:00Z,2.1889,1.8994,4.8728,5.5551,12.041,9.5711
E0004,2026-03-01T00:00:00Z,2.582,0.8299,1.978,5.0568,10.0083,8.3395
E0005,2026-03-01T00:00:00Z,2.8919,-0.6852,4.4154,5.6557,12.1753,11.4668
E0006,2026-03-01T00:00:00Z,1.5853,0.4488,0.595,4.7594,9.8691,10.5866
E0007,2026-03-01T00:00:00Z,4.0974,2.0743,2.6247,5.1215,9.4974,9.3655
E0008,2026-03-01T00:00:00Z,3.5132,0.3458,6.2465,5.2704,11.1591,11.0222
E0009,2026-03-01T00:00:00Z,3.4604,-0.0316,4.9936,5.8162,9.9676,9.1703
E0010,2026-03-01T00:00:00Z,2.3156,1.3882,2.6487,5.8616,9.5727,10.0252
E0011,2026-03-01T00:00:00Z,2.3134,-1.5714,3.1483,4.7664,10.7469,10.477
E0012,2026-03-01T00:00:00Z,2.4355,0.8922,3.4709,5.9601,10.2076,8.8103
E0013,2026-03-01T00:00:00Z,2.877,1.2334,4.5147,5.7963,12.4066,9.8953
E0014,2026-03-01T00:00:00Z,2.5066,-1.0669,1.3436,5.6881,11.3971,8.3157
E0015,2026-03-01T00:00:00Z,2.8472,1.5398,3.0099,5.0543,10.3847,8.3173
E0016,2026-03-01T00:00:00Z,2.1064,0.2194,1.3826,5.1428,11.6054,12.3147
E0017,2026-03-01T00:00:00Z,3.3695,2.3727,4.4851,4.7795,11.8008,9.8569
E0018,2026-03-01T00:00:00Z,1.8386,0.8566,2.5681,5.0377,11.1005,9.9401
E0019,2026-03-01T00:00:00Z,3.244,0.5071,3.2212,5.9833,11.4287,7.6506
E0020,2026-03-01T00:00:00Z,2.7699,-0.852,3.5447,6.3518,12.2305,11.718
E0021,2026-03-01T00:00:00Z,2.3222,1.5518,4.1118,6.7872,10.9034,8.6337
E0022,2026-03-01T00:00:00Z,1.7754,1.0092,5.2223,5.819,10.3493,10.8873
E0023,2026-03-01T00:00:00Z,2.8917,0.2691,2.0922,6.6267,12.0638,9.3668
E0024,2026-03-01T00:00:00Z,2.5168,1.9704,2.4576,5.6705,10.1839,9.7484
E0025,2026-03-01T00:00:00Z,2.9217,0.3057,2.9817,6.5463,10.568,11.0222
E0026,2026-03-01T00:00:00Z,2.6698,2.75,3.5793,5.8043,9.3636,10.1849
E0027,2026-03-01T00:00:00Z,2.1545,-1.5192,4.6607,4.5166,11.4259,10.2462
E0028,2026-03-01T00:00:00Z,3.0356,0.555,4.0661,5.3771,10.6783,9.0217
E0029,2026-03-01T00:00:00Z,2.7003,-2.3784,3.8707,6.7949,11.1442,10.6742
E0030,2026-03-01T00:00:00Z,3.0521,-0.1897,5.3332,5.585,12.2137,11.6449
E0031,2026-03-01T00:00:00Z,2.7037,3.8667,5.7517,5.4618,11.5464,8.657
E0032,2026-03-01T00:00:00Z,2.2275,1.4331,4.9593,5.9132,10.2862,9.9168
E0033,2026-03-01T00:00:00Z,2.7534,-1.8822,3.6697,4.9544,10.7364,10.9534
E0034,2026-03-01T00:00:00Z,3.4947,-0.1789,0.6968,6.3801,10.5504,9.9208
E0035,2026-03-01T00:00:00Z,1.3579,2.4794,1.8046,5.1043,10.657,9.0535
E0036,2026-03-01T00:00:00Z,1.7166,-0.3187,0.4423,6.0807,11.0213,9.3221
E0037,2026-03-01T00:00:00Z,2.0534,2.7018,4.3005,5.3138,11.378,10.1117
E0038,2026-03-01T00:00:00Z,1.8602,3.1937,2.9503,5.2812,12.7341,10.5865
E0039,2026-03-01T00:00:00Z,3.1509,3.9633,4.3632,4.4671,10.0281,10.7041
E0040,2026-03-01T00:00:00Z,2.05,1.6454,1.7087,5.6026,12.6277,11.2082
E0041,2026-03-01T00:00:00Z,2.9435,2.2087,3.5299,5.5104,10.6533,7.7781
E0042,2026-03-01T00:00:00Z,3.0507,-0.2715,4.1052,5.6265,13.3791,10.8233
E0043,2026-03-01T00:00:00Z,1.7879,0.147,2.0998,5.7327,11.4544,10.2382
E0044,2026-03-01T00:00:00Z,3.1724,1.3418,3.7444,4.8876,10.3574,9.6935
E0045,2026-03-01T00:00:00Z,2.1594,1.369,2.7583,6.0241,10.7214,10.1118
E0046,2026-03-01T00:00:00Z,3.2398,2.9389,3.0303,5.5839,10.6771,9.6878
E0047,2026-03-01T00:00:00Z,2.9343,0.6566,2.2156,5.3385,11.4025,10.071
E0048,2026-03-01T00:00:00Z,3.0348,0.7642,3.7235,4.6034,12.2742,10.6288
E0049,2026-03-01T00:00:00Z,2.7965,1.2101,5.6666,5.1706,10.6053,8.9864
E0050,2026-03-01T00:00:00Z,1.3306,0.156,4.3531,5.8247,10.9831,8.6738
E0051,2026-03-01T00:00:00Z,3.0356,2.1341,4.6341,6.7077,10.7334,10.9623
E0052,2026-03-01T00:00:00Z,2.6824,-3.3559,1.754,5.467,10.4431,11.5293
E0053,2026-03-01T00:00:00Z,3.1233,0.2516,2.2696,5.3431,12.2027,9.3972
E0054,2026-03-01T00:00:00Z,3.4657,0.2919,3.8202,4.6698,10.2889,9.8237
E0055,2026-03-01T00:00:00Z,2.1408,1.1361,5.7394,4.7615,11.1067,9.8677
E0056,2026-03-01T00:00:00Z,3.8717,0.7572,4.7281,4.441,11.5028,7.9042
E0057,2026-03-01T00:00:00Z,2.7508,0.6434,8.3761,5.7084,10.3974,10.006
E0058,2026-03-01T00:00:00Z,3.6969,-0.6485,3.0522,5.6668,10.9979,7.7855
E0059,2026-03-01T00:00:00Z,3.2129,0.1374,5.0414,5.1883,11.0231,10.2447
E0060,2026-03-01T00:00:00Z,3.2669,2.9937,4.1475,5.1514,10.8095,9.9423
E0061,2026-03-01T00:00:00Z,2.5355,0.0058,1.7998,4.5168,11.2603,8.9811
E0062,2026-03-01T00:00:00Z,2.438,1.9722,4.2742,5.8067,13.1588,8.5869
E0063,2026-03-01T00:00:00Z,3.7371,-0.5604,2.7079,5.9789,11.1889,9.4328
E0064,2026-03-01T00:00:00Z,2.1877,0.5765,5.5115,5.7537,11.2183,8.7065
E0065,2026-03-01T00:00:00Z,3.0863,2.1367,1.6193,5.3673,13.1468,10.746
E0066,2026-03-01T00:00:00Z,2.4244,-1.3431,4.7002,3.7945,11.6695,9.6958
E0067,2026-03-01T00:00:00Z,2.2341,-0.0212,5.4708,4.8409,10.9035,10.4111
E0068,2026-03-01T00:00:00Z,3.2596,1.2494,3.6805,6.2982,10.0129,8.4951
E0069,2026-03-01T00:00:00Z,2.3466,-0.2164,4.8402,5.2252,14.0809,10.3906
E0070,2026-03-01T00:00:00Z,3.0076,-0.293,4.1092,5.9367,10.1479,10.0088
E0071,2026-03-01T00:00:00Z,2.4105,6.2338,5.3532,4.6201,13.0309,9.9502
E0072,2026-03-01T00:00:00Z,3.2876,-2.0315,3.9744,4.8047,11.3271,9.3413
E0073,2026-03-01T00:00:00Z,3.3847,0.888,6.3348,4.5958,11.3388,9.0387
E0074,2026-03-01T00:00:00Z,3.6265,2.1028,5.2838,6.501,13.631,9.5116
E0075,2026-03-01T00:00:00Z,3.6499,2.8657,2.9697,5.2217,10.7546,10.1005
E0076,2026-03-01T00:00:00Z,3.1784,1.4691,2.9259,5.2403,10.926,8.5696
E0077,2026-03-01T00:00:00Z,2.5314,1.6659,4.2987,5.6553,11.1228,8.7205
E0078,2026-03-01T00:00:00Z,3.0188,-0.3699,3.1799,5.6892,11.6265,10.8216
E0079,2026-03-01T00:00:00Z,2.3506,-1.5693,2.7332,4.9047,9.9787,10.0848
E0080,2026-03-01T00:00:00Z,3.3364,-1.1649,2.0279,4.7365,11.2956,10.8657
E0081,2026-03-01T00:00:00Z,3.154,0.6447,3.9959,6.1948,9.9966,8.7052
E0082,2026-03-01T00:00:00Z,3.947,1.8495,1.8174,4.9968,12.2604,10.2958
E0083,2026-03-01T00:00:00Z,3.6727,2.2719,3.9699,5.9407,10.5585,10.3853
E0084,2026-03-01T00:00:00Z,2.3401,0.8403,3.2422,5.8525,11.8712,9.8456
E0085,2026-03-01T00:00:00Z,1.904,1.9336,4.3169,6.518,10.8559,11.046
E0086,2026-03-01T00:00:00Z,1.5812,0.2197,2.1394,4.9254,10.4255,11.105
E0087,2026-03-01T00:00:00Z,1.1997,-0.5122,2.4198,4.8409,11.8342,9.1601
E0088,2026-03-01T00:00:00Z,3.6046,0.6078,2.6342,4.8141,14.1572,8.8033
E0089,2026-03-01T00:00:00Z,3.8075,1.4352,3.5476,5.6826,11.5724,10.0495
E0090,2026-03-01T00:00:00Z,4.1504,0.0048,5.2383,5.8274,10.9337,9.3444
E0091,2026-03-01T00:00:00Z,3.1336,3.2448,3.6547,6.2759,10.592,9.5469
E0092,2026-03-01T00:00:00Z,2.7145,-1.3997,3.8305,6.25,11.9572,8.61
E0093,2026-03-01T00:00:00Z,2.6286,-1.0653,5.2406,4.9184,11.863,8.6434
E0094,2026-03-01T00:00:00Z,2.1871,1.3805,2.0601,6.2396,10.352,8.3566
E0095,2026-03-01T00:00:00Z,3.0866,4.0633,3.2854,4.6972,10.8746,8.4651
E0096,2026-03-01T00:00:00Z,2.5746,0.6944,5.0868,5.1413,9.9993,8.6924
E0097,2026-03-01T00:00:00Z,3.8861,0.9972,1.4373,4.7799,11.1662,10.8526
E0098,2026-03-01T00:00:00Z,2.1237,1.2966,0.9182,6.0212,11.228,9.1703
E0099,2026-03-01T00:00:00Z,2.7427,1.2072,3.1293,5.8991,11.3522,9.3518
E0100,2026-03-01T00:00:00Z,3.5156,2.5941,3.5566,4.8127,12.0007,9.4241
E0101,2026-03-01T00:00:00Z,4.627,0.5747,2.6115,4.5811,11.1654,9.8669
E0102,2026-03-01T00:00:00Z,3.2582,0.5611,3.3675,5.9844,11.1971,10.5556
E0103,2026-03-01T00:00:00Z,2.5995,0.373,4.5719,6.5623,10.2902,8.2898
E0104,2026-03-01T00:00:00Z,3.105,-0.0751,2.9567,5.2757,13.3176,11.6333
E0105,2026-03-01T00:00:00Z,1.8373,0.1347,5.0442,6.734,11.4312,9.8667
E0106,2026-03-01T00:00:00Z,1.6463,0.2116,4.6068,5.7683,10.088,10.6549
E0107,2026-03-01T00:00:00Z,4.6259,-0.4221,2.2416,6.0243,12.1984,10.292
E0108,2026-03-01T00:00:00Z,3.3634,1.6628,3.0803,4.8231,11.438,9.0576
E0109,2026-03-01T00:00:00Z,4.3206,1.3176,3.8743,6.2424,12.2811,10.2547
E0110,2026-03-01T00:00:00Z,2.1353,2.4636,5.3217,5.1256,10.6738,10.3659
E0111,2026-03-01T00:00:00Z,3.2479,0.3301,2.7591,6.0249,10.073,8.3891
E0112,2026-03-01T00:00:00Z,3.1167,-0.3564,2.4233,4.5463,12.6903,9.4255
E0113,2026-03-01T00:00:00Z,3.5664,-1.8613,3.9992,5.6834,10.5057,8.8699
E0114,2026-03-01T00:00:00Z,2.9527,0.4487,4.3871,5.3313,11.7741,9.1799
E0115,2026-03-01T00:00:00Z,1.2752,4.541,3.1836,5.1687,9.7338,9.3189
E0116,2026-03-01T00:00:00Z,2.7845,0.9099,4.5177,4.9767,12.6029,10.929
E0117,2026-03-01T00:00:00Z,2.0211,2.0574,5.2427,5.6988,13.3313,11.775
E0118,2026-03-01T00:00:00Z,2.1902,0.5821,5.1158,5.4035,10.8633,9.3172
E0119,2026-03-01T00:00:00Z,1.4625,-0.7009,5.825,6.3608,10.9462,9.2819
E0120,2026-03-01T00:00:00Z,2.7181,3.4651,7.561,5.85,11.4404,9.4731
E0121,2026-03-01T00:00:00Z,3.1936,-1.4204,4.0034,6.5571,11.699,9.1661
E0122,2026-03-01T00:00:00Z,3.8735,3.174,3.2342,5.7113,11.6746,10.483
E0123,2026-03-01T00:00:00Z,2.9109,1.9552,2.5164,4.4787,10.5089,10.1645
E0124,2026-03-01T00:00:00Z,2.0585,1.19,3.0668,4.366,11.4098,9.2741
E0125,2026-03-01T00:00:00Z,2.5704,2.4358,6.1948,5.9617,10.7932,11.0491
E0126,2026-03-01T00:00:00Z,2.955,-0.4235,4.9497,5.3233,11.6225,9.6089
E0127,2026-03-01T00:00:00Z,2.8233,-0.287,3.8471,5.6034,12.1093,8.9456
E0128,2026-03-01T00:00:00Z,3.8975,-1.012,1.6847,5.9289,11.1329,9.2355
E0129,2026-03-01T00:00:00Z,2.4206,1.6385,2.8865,5.7101,11.3073,9.1086
E0130,2026-03-01T00:00:00Z,2.5435,2.4796,1.3624,6.2803,11.2657,10.0528
E0131,2026-03-01T00:00:00Z,3.3589,-0.9421,3.7071,4.7606,9.6717,9.5022
E0132,2026-03-01T00:00:00Z,3.1363,2.4668,3.6648,5.5729,12.2066,10.8194
E0133,2026-03-01T00:00:00Z,3.2451,0.9332,0.6453,5.0461,9.4223,9.5438
E0134,2026-03-01T00:00:00Z,2.9045,0.6981,0.7227,5.3146,11.6005,9.0745
E0135,2026-03-01T00:00:00Z,2.4406,1.7668,6.761,4.0572,11.2528,11.6939
E0136,2026-03-01T00:00:00Z,3.7379,1.2527,2.6234,4.9741,9.1701,7.9624
E0137,2026-03-01T00:00:00Z,2.1855,3.1742,3.9603,5.8354,10.2998,10.579
E0138,2026-03-01T00:00:00Z,2.4435,-0.0796,3.1873,6.3662,11.1515,11.056
E0139,2026-03-01T00:00:00Z,3.3748,1.6616,3.899,5.8782,11.8667,8.371
E0140,2026-03-01T00:00:00Z,2.4426,3.9166,4.6835,4.2446,11.505,9.1893
E0141,2026-03-01T00:00:00Z,3.3208,-0.647,4.1565,5.0538,10.3503,8.1992
E0142,2026-03-01T00:00:00Z,2.7201,2.2749,6.9125,5.3109,11.2227,8.804
E0143,2026-03-01T00:00:00Z,1.5676,0.7684,1.9814,5.1498,11.5852,8.0197
E0144,2026-03-01T00:00:00Z,2.9445,0.3194,3.5241,4.6806,9.101,10.9439
E0145,2026-03-01T00:00:00Z,1.7472,1.9718,3.5328,4.7547,9.8665,8.7741
E0146,2026-03-01T00:00:00Z,2.8218,1.1852,4.294,5.2504,9.9242,8.7074
E0147,2026-03-01T00:00:00Z,3.2225,1.1802,2.3595,5.5529,9.2499,9.6235
E0148,2026-03-01T00:00:00Z,2.5735,1.5606,3.2061,5.7335,11.4417,9.8046
E0149,2026-03-01T00:00:00Z,3.2795,4.021,2.7056,5.7572,11.4492,10.4336
E0000,2026-03-02T00:00:00Z,2.0366,5.7526,1.2368,5.2962,10.3365,9.0968
E0001,2026-03-02T00:00:00Z,2.8525,0.2656,4.1699,4.5912,11.3926,9.885
E0002,2026-03-02T00:00:00Z,2.4888,-0.3995,2.7427,5.6835,11.0643,9.1502
E0003,2026-03-02T00:00:00Z,2.7216,1.6697,3.4093,5.2551,10.5478,9.9052
E0004,2026-03-02T00:00:00Z,2.2332,1.9001,4.1031,5.0484,10.8478,8.4035
E0005,2026-03-02T00:00:00Z,2.6129,1.4128,3.2667,6.397,10.2123,10.7631
E0006,2026-03-02T00:00:00Z,3.6401,0.919,3.5091,6.1511,11.941,10.2703
E0007,2026-03-02T00:00:00Z,3.5152,0.3657,4.9284,5.2517,13.3425,9.458
E0008,2026-03-02T00:00:00Z,2.6364,3.2139,3.7601,5.9747,12.3727,8.8286
E0009,2026-03-02T00:00:00Z,2.6232,1.6031,0.8601,4.7786,10.6802,9.8012
E0010,2026-03-02T00:00:00Z,2.64,2.4906,4.2887,5.5926,12.3552,10.5138
E0011,2026-03-02T00:00:00Z,2.5564,4.3831,1.1905,5.4843,8.8157,9.4194
E0012,2026-03-02T00:00:00Z,2.3202,1.9733,2.5063,5.1818,12.7204,9.8859
E0013,2026-03-02T00:00:00Z,4.0081,-0.2231,4.0217,5.0634,11.9975,8.8915
E0014,2026-03-02T00:00:00Z,3.0467,-1.6759,3.2211,5.0755,12.2801,8.5212
E0015,2026-03-02T00:00:00Z,2.6855,-1.4151,1.44,5.8028,13.1505,10.3758
E0016,2026-03-02T00:00:00Z,3.4203,2.8985,4.3753,5.7572,11.4287,10.2188
E0017,2026-03-02T00:00:00Z,1.0399,-0.0966,2.0107,6.0682,10.7054,9.4288
E0018,2026-03-02T00:00:00Z,2.3148,0.4675,5.1961,4.5745,12.1408,9.4174
E0019,2026-03-02T00:00:00Z,2.7001,1.8456,1.9957,4.4757,11.5612,8.3021
E0020,2026-03-02T00:00:00Z,2.3182,1.615,2.973,5.4382,10.6564,10.0003
E0021,2026-03-02T00:00:00Z,4.3058,0.9251,3.8823,4.868,10.2994,9.5129
E0022,2026-03-02T00:00:00Z,2.9729,1.1263,3.6035,5.0265,9.5621,10.1953
E0023,2026-03-02T00:00:00Z,2.0761,-0.0051,4.4988,5.9709,9.7114,8.7001
E0024,2026-03-02T00:00:00Z,3.0822,2.5828,2.2241,5.4569,9.0027,9.2454
E0025,2026-03-02T00:00:00Z,0.6927,0.3358,5.0324,4.9866,12.3158,9.9232
E0026,2026-03-02T00:00:00Z,2.8592,2.3943,4.1493,6.1884,12.96,9.8382
E0027,2026-03-02T00:00:00Z,3.5977,2.1497,1.901,6.0409,11.7449,8.7804
E0028,2026-03-02T00:00:00Z,2.7196,2.6002,3.582,4.7252,11.7804,9.6702
E0029,2026-03-02T00:00:00Z,2.2829,0.7078,5.1802,5.9883,12.5072,9.9226
E0030,2026-03-02T00:00:00Z,3.5257,0.3723,4.6503,4.6496,10.6489,8.6632
E0031,2026-03-02T00:00:00Z,2.4294,1.9494,2.8988,6.4111,10.3657,10.7435
E0032,2026-03-02T00:00:00Z,3.6678,-0.1026,3.5001,4.9006,10.5629,10.5622
E0033,2026-03-02T00:00:00Z,3.8165,0.1878,5.2217,7.4687,11.0451,9.4747
E0034,2026-03-02T00:00:00Z,1.565,0.3519,4.4348,6.2458,12.3569,10.1938
E0035,2026-03-02T00:00:00Z,2.905,0.6964,2.2706,4.2427,13.1011,9.872
E0036,2026-03-02T00:00:00Z,2.7138,-0.631,3.8025,5.332,12.2231,8.0701
E0037,2026-03-02T00:00:00Z,3.077,-2.1775,3.5636,5.3753,12.0416,9.7629
E0038,2026-03-02T00:00:00Z,4.672,-0.612,1.4752,5.9197,10.5478,11.3018
E0039,2026-03-02T00:00:00Z,3.4465,3.5491,4.6966,5.8897,12.4514,10.494
E0040,2026-03-02T00:00:00Z,1.9868,1.7352,4.2773,6.2532,12.3331,8.9108
E0041,2026-03-02T00:00:00Z,4.3213,0.9162,3.7825,5.2579,10.7879,10.8994
E0042,2026-03-02T00:00:00Z,3.6361,1.7319,2.1623,5.5461,10.8424,9.401
E0043,2026-03-02T00:00:00Z,4.8349,1.6699,5.2844,5.6517,10.8691,10.3042
E0044,2026-03-02T00:00:00Z,1.7093,2.1097,4.121,6.0534,11.9134,9.6845
E0045,2026-03-02T00:00:00Z,2.8747,-0.0516,4.1555,4.5752,13.15,9.0374
E0046,2026-03-02T00:00:00Z,3.3164,3.7911,2.2946,5.2152,11.1889,9.8161
E0047,2026-03-02T00:00:00Z,3.096,1.9244,3.2287,5.7871,11.4527,9.8536
E0048,2026-03-02T00:00:00Z,2.5569,1.8348,4.3367,5.0283,11.4944,7.0955
E0049,2026-03-02T00:00:00Z,1.5433,0.4821,3.6846,4.9787,9.9512,11.3739
E0050,2026-03-02T00:00:00Z,2.6488,0.1452,2.3289,5.2641,11.3142,8.6903
E0051,2026-03-02T00:00:00Z,3.5337,0.9712,2.9013,6.774,10.8412,10.3322
E0052,2026-03-02T00:00:00Z,2.1234,-0.904,5.3793,5.7396,11.7882,9.832
E0053,2026-03-02T00:00:00Z,3.085,0.1843,3.3581,5.3651,11.2645,9.2584
E0054,2026-03-02T00:00:00Z,3.6243,1.8904,5.3243,6.0027,11.206,10.8026
E0055,2026-03-02T00:00:00Z,2.6596,1.7721,3.2592,5.2084,11.4488,10.039
E0056,2026-03-02T00:00:00Z,3.5879,2.4794,4.4802,5.332,11.6557,8.7045
E0057,2026-03-02T00:00:00Z,2.4235,0.8012,3.2779,5.712,8.668,9.8513
E0058,2026-03-02T00:00:00Z,3.4479,2.9286,5.7894,4.6795,13.1636,9.2569
E0059,2026-03-02T00:00:00Z,3.7729,0.621,4.3333,5.6163,13.1357,9.4763
E0060,2026-03-02T00:00:00Z,2.666,1.4431,5.9728,5.0983,11.306,10.3349
E0061,2026-03-02T00:00:00Z,2.7323,-1.2261,4.7607,5.7804,10.6224,8.4208
E0062,2026-03-02T00:00:00Z,2.8188,1.5675,2.4558,4.6433,12.2499,7.7138
E0063,2026-03-02T00:00:00Z,2.9617,2.4171,4.4148,4.8156,12.2037,10.54
E0064,2026-03-02T00:00:00Z,2.479,-1.5118,2.9723,6.2374,11.0815,9.355
E0065,2026-03-02T00:00:00Z,2.6832,-0.1186,1.9437,5.8113,8.1926,9.6015
E0066,2026-03-02T00:00:00Z,1.8171,2.0394,4.177,4.859,11.1136,10.4609
E0067,2026-03-02T00:00:00Z,3.6273,1.6077,5.7224,4.8945,12.118,9.2081
E0068,2026-03-02T00:00:00Z,3.2759,3.5199,4.6012,4.3174,9.9925,9.1353
E0069,2026-03-02T00:00:00Z,3.7059,-0.0009,4.5416,5.0647,9.2375,9.9969
E0070,2026-03-02T00:00:00Z,3.1173,2.7511,3.5201,4.2521,10.8622,6.7891
E0071,2026-03-02T00:00:00Z,3.417,0.9438,3.388,5.9641,11.2267,10.9837
E0072,2026-03-02T00:00:00Z,2.1168,3.0623,4.8306,5.8362,11.3861,10.431
E0073,2026-03-02T00:00:00Z,3.5562,0.225,2.3505,5.2906,8.9181,8.9517
E0074,2026-03-02T00:00:00Z,3.9528,-1.0868,4.5065,5.1763,10.534,9.144
E0075,2026-03-02T00:00:00Z,3.4099,0.2041,4.4719,5.0996,8.5849,8.7429
E0076,2026-03-02T00:00:00Z,3.6466,-4.0245,3.4479,4.5256,8.3463,9.6317
E0077,2026-03-02T00:00:00Z,2.4702,0.4993,4.5252,5.8176,11.7687,10.0494
E0078,2026-03-02T00:00:00Z,1.9043,-0.6324,1.1826,5.6416,11.2608,10.0304
E0079,2026-03-02T00:00:00Z,4.46,0.0164,4.7617,5.6012,11.5242,9.504
E0080,2026-03-02T00:00:00Z,2.9046,3.9873,5.0782,6.4639,10.973,10.2788
E0081,2026-03-02T00:00:00Z,3.41,2.1482,4.2093,6.1055,10.3075,9.4082
E0082,2026-03-02T00:00:00Z,2.6554,1.1153,3.465,4.5614,11.758,9.5148
E0083,2026-03-02T00:00:00Z,1.7854,1.3827,4.1784,4.7391,10.9639,7.1668
E0084,2026-03-02T00:00:00Z,2.8086,-0.134,4.1259,4.4082,10.5903,9.5224
E0085,2026-03-02T00:00:00Z,2.7062,1.6424,2.2182,5.4516,13.0223,8.6007
E0086,2026-03-02T00:00:00Z,3.2895,1.703,3.9884,5.8029,10.8187,9.6474
E0087,2026-03-02T00:00:00Z,2.4728,2.3247,4.9609,6.1738,10.2985,11.6572
E0088,2026-03-02T00:00:00Z,2.9107,-1.3832,4.129,5.0169,10.3467,9.8838
E0089,2026-03-02T00:00:00Z,2.2581,1.6609,4.0683,5.4938,9.1718,8.4598
E0090,2026-03-02T00:00:00Z,2.4491,1.0242,4.7556,4.9451,11.3036,8.0326
E0091,2026-03-02T00:00:00Z,2.659,-0.2732,2.8088,4.9115,11.4933,9.0753
E0092,2026-03-02T00:00:00Z,3.503,-0.6119,3.9996,5.9479,10.34,8.7901
E0093,2026-03-02T00:00:00Z,2.1567,3.8558,2.5274,5.9273,13.3937,7.6597
E0094,2026-03-02T00:00:00Z,2.8148,0.129,2.4833,5.994,10.7348,10.4582
E0095,2026-03-02T00:00:00Z,2.3673,0.4415,4.7108,4.6947,10.0404,7.3679
E0096,2026-03-02T00:00:00Z,2.3552,1.0269,4.1863,6.1313,10.8879,8.0325
E0097,2026-03-02T00:00:00Z,2.8903,-1.3298,4.7883,4.2959,11.9705,9.1845
E0098,2026-03-02T00:00:00Z,2.6719,1.7192,4.7562,5.91,11.9992,10.489
E0099,2026-03-02T00:00:00Z,2.7362,0.5288,3.5321,5.2192,10.3834,10.9549
E0100,2026-03-02T00:00:00Z,2.6203,-0.1394,5.4833,4.7845,11.2591,9.3027
E0101,2026-03-02T00:00:00Z,3.9185,-1.1444,5.5866,5.4016,10.5441,8.6879
E0102,2026-03-02T00:00:00Z,2.7267,0.7517,3.4809,5.3509,11.7864,9.8001
E0103,2026-03-02T00:00:00Z,2.3621,-1.5942,2.6485,4.325,11.699,10.5098
E0104,2026-03-02T00:00:00Z,3.1925,-0.4235,2.3529,5.9481,11.7184,7.4227
E0105,2026-03-02T00:00:00Z,2.6288,-0.0102,5.0916,6.3037,11.7492,10.2157
E0106,2026-03-02T00:00:00Z,3.4683,0.6049,5.0747,5.9323,11.7909,11.0314
E0107,2026-03-02T00:00:00Z,3.1952,-2.0483,1.915,4.3454,10.3558,8.6129
E0108,2026-03-02T00:00:00Z,2.94,2.3752,4.001,4.9511,10.8371,9.7635
E0109,2026-03-02T00:00:00Z,2.4917,0.0974,1.2483,4.892,9.4617,10.3775
E0110,2026-03-02T00:00:00Z,2.6219,1.7721,5.9924,5.1095,10.0888,8.4952
E0111,2026-03-02T00:00:00Z,3.3636,-0.1538,2.3575,4.9317,12.9685,10.1625
E0112,2026-03-02T00:00:00Z,3.2315,-1.043,4.1997,5.3857,12.2184,9.8256
E0113,2026-03-02T00:00:00Z,3.1913,0.2134,4.2555,5.579,9.7371,10.8434
E0114,2026-03-02T00:00:00Z,3.722,-0.8181,3.3839,4.6508,10.912,10.4433
E0115,2026-03-02T00:00:00Z,2.2535,-0.0246,2.7211,4.9433,11.1844,8.1704
E0116,2026-03-02T00:00:00Z,2.6265,0.3878,4.9221,5.3892,10.1101,10.0216
E0117,2026-03-02T00:00:00Z,3.0815,1.786,2.4096,5.5225,11.3473,10.7385
E0118,2026-03-02T00:00:00Z,3.3584,1.4638,5.6275,4.6597,12.4019,9.0617
E0119,2026-03-02T00:00:00Z,2.5379,1.1845,3.2561,5.1101,12.7605,10.0563
E0120,2026-03-02T00:00:00Z,2.5468,1.1264,4.6424,5.7914,11.4675,9.0835
E0121,2026-03-02T00:00:00Z,2.3164,3.2349,3.6061,4.4987,10.2401,7.773
E0122,2026-03-02T00:00:00Z,2.7004,-1.0488,2.721,5.7211,11.9824,9.8052
E0123,2026-03-02T00:00:00Z,3.2871,1.7637,4.8873,5.5618,11.9407,9.1013
E0124,2026-03-02T00:00:00Z,2.6925,-1.2293,3.6257,4.7682,10.3,9.3237
E0125,2026-03-02T00:00:00Z,2.9927,1.2354,5.1671,5.6362,10.5808,8.8522
E0126,2026-03-02T00:00:00Z,3.179,0.1114,4.7247,5.3497,10.2114,8.8209
E0127,2026-03-02T00:00:00Z,1.9552,2.0088,3.5218,6.5032,11.6451,9.0918
E0128,2026-03-02T00:00:00Z,3.4122,-0.7995,4.3158,4.5397,11.3129,7.3458
E0129,2026-03-02T00:00:00Z,4.5142,0.3364,5.4875,4.9273,9.8657,8.3365
E0130,2026-03-02T00:00:00Z,1.9236,0.5534,3.2799,4.9468,11.9573,9.6369
E0131,2026-03-02T00:00:00Z,2.5992,2.8165,3.5347,6.047,11.0031,10.3581
E0132,2026-03-02T00:00:00Z,2.4603,0.8108,2.5607,5.0092,12.4055,9.7449
E0133,2026-03-02T00:00:00Z,3.0883,0.5037,3.1332,5.8894,8.5476,11.5362
E0134,2026-03-02T00:00:00Z,3.8731,1.1708,2.5776,5.1996,12.0838,9.4934
E0135,2026-03-02T00:00:00Z,2.9468,0.2328,4.6773,6.0016,9.5253,8.939
E0136,2026-03-02T00:00:00Z,3.2018,0.8258,3.0784,6.4994,11.3095,9.5905
E0137,2026-03-02T00:00:00Z,2.1111,2.2721,4.3186,5.7581,11.5254,9.8259
E0138,2026-03-02T00:00:00Z,2.185,0.3097,2.4346,6.6764,11.3814,9.9496
E0139,2026-03-02T00:00:00Z,2.8198,1.7502,5.907,6.1138,9.8878,8.7291
E0140,2026-03-02T00:00:00Z,3.3552,2.462,5.107,5.0954,11.1018,9.874
E0141,2026-03-02T00:00:00Z,2.48,2.0555,4.4776,5.8536,12.8448,9.1077
E0142,2026-03-02T00:00:00Z,2.7168,0.7146,3.4749,4.5182,10.6887,8.0984
E0143,2026-03-02T00:00:00Z,3.0387,0.6201,3.6422,4.5803,11.4109,10.3015
E0144,2026-03-02T00:00:00Z,2.366,2.3474,4.7894,5.7164,10.6167,8.6269
E0145,2026-03-02T00:00:00Z,2.5728,0.4,2.1354,6.09,11.739,8.582
E0146,2026-03-02T00:00:00Z,3.3039,1.3107,5.8047,4.7227,10.4513,7.1097
E0147,2026-03-02T00:00:00Z,2.404,0.2693,1.7923,5.6603,10.44,8.5049
E0148,2026-03-02T00:00:00Z,3.6667,-1.3718,1.4549,5.4726,11.479,9.4875
E0149,2026-03-02T00:00:00Z,2.4006,-1.4918,2.3259,5.9398,11.1059,10.5298
E0000,2026-03-03T00:00:00Z,3.6596,0.1598,2.1594,5.4652,13.175,10.1843
E0001,2026-03-03T00:00:00Z,2.4446,-0.6944,3.3771,5.4695,10.6669,7.0523
E0002,2026-03-03T00:00:00Z,2.8431,-0.7677,5.2506,5.7835,11.2256,9.4533
E0003,2026-03-03T00:00:00Z,3.5249,0.8701,2.3274,5.8013,10.5267,9.7801
E0004,2026-03-03T00:00:00Z,1.2361,0.4349,2.1574,6.2519,11.4411,9.1867
E0005,2026-03-03T00:00:00Z,1.9989,1.7433,0.621,4.384,12.3368,9.0608
E0006,2026-03-03T00:00:00Z,2.9452,2.2339,3.0902,4.8296,11.9274,12.4573
E0007,2026-03-03T00:00:00Z,3.5069,1.2602,5.8724,5.4843,11.0389,10.0371
E0008,2026-03-03T00:00:00Z,2.4412,0.5809,4.3987,4.568,12.2162,11.1982
E0009,2026-03-03T00:00:00Z,3.4144,1.7928,4.9376,5.6314,11.0597,10.5433
E0010,2026-03-03T00:00:00Z,2.6285,-0.3002,6.0825,6.088,10.3387,10.1805
E0011,2026-03-03T00:00:00Z,2.5529,-0.3498,3.8533,4.3874,13.1314,8.9465
E0012,2026-03-03T00:00:00Z,2.9825,2.1748,1.5796,4.7461,12.4863,9.4604
E0013,2026-03-03T00:00:00Z,2.7755,-0.0651,3.7644,5.4732,11.5506,9.9969
E0014,2026-03-03T00:00:00Z,3.2445,3.2732,3.6515,5.6444,11.4982,10.3971
E0015,2026-03-03T00:00:00Z,1.9312,-0.388,3.0169,5.9539,10.0138,8.1179
E0016,2026-03-03T00:00:00Z,3.282,-0.7578,3.8802,6.0768,12.948,10.2063
E0017,2026-03-03T00:00:00Z,3.6099,-0.75,3.1739,6.3949,11.3214,9.6165
E0018,2026-03-03T00:00:00Z,3.9976,3.363,1.7059,4.8079,11.3428,8.9088
E0019,2026-03-03T00:00:00Z,1.975,0.7678,1.9899,5.5147,11.1064,9.0787
E0020,2026-03-03T00:00:00Z,2.2808,0.2461,2.2452,5.3901,10.296,7.6373
E0021,2026-03-03T00:00:00Z,2.5299,1.2536,0.1528,5.7334,9.3173,9.8766
E0022,2026-03-03T00:00:00Z,2.5594,3.9372,4.7411,6.4071,11.1495,11.3692
E0023,2026-03-03T00:00:00Z,4.2724,1.7607,4.3511,5.8154,12.371,9.2654
E0024,2026-03-03T00:00:00Z,3.9099,1.6147,2.5673,5.3668,11.0229,9.6646
E0025,2026-03-03T00:00:00Z,2.2415,-1.0929,5.5723,4.6245,10.8973,9.5125
E0026,2026-03-03T00:00:00Z,2.5718,0.4703,4.7825,5.6163,11.4145,8.2353
E0027,2026-03-03T00:00:00Z,3.1065,1.7508,5.3059,4.511,10.7696,9.4345
E0028,2026-03-03T00:00:00Z,2.5131,1.2585,4.8557,4.5408,12.0624,9.9628
E0029,2026-03-03T00:00:00Z,1.413,2.6164,4.5841,5.7037,11.212,10.0834
E0030,2026-03-03T00:00:00Z,2.0347,2.6059,2.4676,4.6111,9.7069,9.9479
E0031,2026-03-03T00:00:00Z,3.6892,-1.3029,0.9137,5.4466,11.6934,8.5379
E0032,2026-03-03T00:00:00Z,2.3166,2.9954,1.7586,6.0584,10.7369,8.386
E0033,2026-03-03T00:00:00Z,2.4437,2.5703,4.5789,5.0038,11.2011,9.856
E0034,2026-03-03T00:00:00Z,3.3177,0.7941,3.308,5.6512,12.6852,8.8447
E0035,2026-03-03T00:00:00Z,2.859,0.0916,3.0427,5.1262,11.5004,9.1302
E0036,2026-03-03T00:00:00Z,2.8764,-0.3767,4.1702,6.7418,10.9715,9.6637
E0037,2026-03-03T00:00:00Z,3.0684,-1.21,4.465,5.7221,10.3735,9.6225
E0038,2026-03-03T00:00:00Z,2.7336,3.2733,4.7174,5.3198,9.6351,10.9326
E0039,2026-03-03T00:00:00Z,4.0815,3.3783,2.9628,5.9624,10.8702,9.7476
E0040,2026-03-03T00:00:00Z,2.0658,2.7477,3.103,4.9407,11.8318,9.7683
E0041,2026-03-03T00:00:00Z,4.0783,0.5149,6.2606,6.6726,9.6348,8.8229
E0042,2026-03-03T00:00:00Z,1.7225,-1.2652,5.8303,5.7135,12.1549,8.9744
E0043,2026-03-03T00:00:00Z,3.4516,1.6249,4.1085,4.5095,10.5723,7.8093
E0044,2026-03-03T00:00:00Z,2.6409,1.5027,4.5005,4.8961,9.1422,8.7267
E0045,2026-03-03T00:00:00Z,2.4762,0.2273,3.8383,5.8593,10.3701,10.2409
E0046,2026-03-03T00:00:00Z,2.0822,0.48,2.1252,4.1104,9.7766,9.7967
E0047,2026-03-03T00:00:00Z,2.0217,1.8403,2.1856,6.4072,11.4991,9.7477
E0048,2026-03-03T00:00:00Z,2.5277,0.6638,4.521,5.8882,11.8586,9.2491
E0049,2026-03-03T00:00:00Z,1.9689,2.184,4.1289,4.4455,12.0574,9.9671
E0050,2026-03-03T00:00:00Z,2.8327,-1.9362,5.225,4.6215,10.6655,10.173
E0051,2026-03-03T00:00:00Z,3.4513,0.084,3.9706,5.1736,10.9078,10.041
E0052,2026-03-03T00:00:00Z,2.2376,1.6564,2.4156,5.7595,10.8845,9.1546
E0053,2026-03-03T00:00:00Z,2.4129,-2.1812,5.8561,5.6667,9.5118,9.7636
E0054,2026-03-03T00:00:00Z,2.2586,2.3021,5.4098,4.5762,13.3354,9.4238
E0055,2026-03-03T00:00:00Z,2.5377,-0.0217,4.7516,5.083,11.1439,11.0293
E0056,2026-03-03T00:00:00Z,3.0924,1.4625,4.1279,5.492,11.4183,10.8462
E0057,2026-03-03T00:00:00Z,4.3358,2.2791,4.1659,6.1117,10.3658,9.5939
E0058,2026-03-03T00:00:00Z,1.9243,0.8571,4.9617,4.7172,12.0622,9.7091
E0059,2026-03-03T00:00:00Z,3.165,0.6736,3.8793,6.1477,11.143,10.4093
E0060,2026-03-03T00:00:00Z,3.3832,1.3967,1.4284,5.7113,11.3495,8.5554
E0061,2026-03-03T00:00:00Z,2.8222,-0.6168,3.7871,6.0905,10.9767,8.123
E0062,2026-03-03T00:00:00Z,1.6927,-1.6384,2.7821,6.1903,12.015,9.4123
E0063,2026-03-03T00:00:00Z,2.3961,4.4189,7.5611,4.9334,11.1952,8.174
E0064,2026-03-03T00:00:00Z,3.7987,0.0898,2.8174,5.0735,10.8565,8.8495
E0065,2026-03-03T00:00:00Z,2.2852,3.0126,3.363,6.8097,13.1186,8.8692
E0066,2026-03-03T00:00:00Z,2.6775,-0.819,3.93,5.1792,10.0848,8.7537
E0067,2026-03-03T00:00:00Z,2.4813,0.9902,4.3893,5.9026,10.3372,10.8585
E0068,2026-03-03T00:00:00Z,2.7047,1.2119,6.2849,5.0072,12.3354,8.879
E0069,2026-03-03T00:00:00Z,2.8839,-0.1506,3.6698,5.9689,10.5757,9.9886
E0070,2026-03-03T00:00:00Z,2.4708,0.9905,3.1089,5.8324,12.0405,9.4983
E0071,2026-03-03T00:00:00Z,3.2451,-0.1161,3.5941,5.9478,11.6584,9.133
E0072,2026-03-03T00:00:00Z,3.3729,1.2181,3.327,5.5325,12.2127,10.343
E0073,2026-03-03T00:00:00Z,2.8373,-0.0872,2.8019,5.6399,11.1271,9.5863
E0074,2026-03-03T00:00:00Z,1.6397,1.2962,2.757,5.1994,10.1987,9.1421
E0075,2026-03-03T00:00:00Z,1.8215,2.7682,4.0674,5.9789,10.4223,10.0683
E0076,2026-03-03T00:00:00Z,2.6059,0.2661,2.9012,6.1563,12.1871,7.9515
E0077,2026-03-03T00:00:00Z,1.9777,-0.2593,3.9663,5.8839,10.9223,10.3349
E0078,2026-03-03T00:00:00Z,2.6738,2.299,1.4773,5.4545,12.7835,10.4169
E0079,2026-03-03T00:00:00Z,2.567,3.407,3.6892,5.7083,11.0329,10.8913
E0080,2026-03-03T00:00:00Z,3.3003,-0.0604,2.0175,5.5495,11.12,11.7667
E0081,2026-03-03T00:00:00Z,2.8887,-0.3135,1.6588,5.0598,11.0078,9.8251
E0082,2026-03-03T00:00:00Z,3.0332,0.6049,3.9783,6.3134,10.5049,10.5231
E0083,2026-03-03T00:00:00Z,2.866,0.4588,3.7117,5.0955,11.0603,8.5295
E0084,2026-03-03T00:00:00Z,1.5487,2.8977,5.3502,6.0888,11.3726,9.5749
E0085,2026-03-03T00:00:00Z,2.0894,1.3324,2.8063,5.2178,10.5491,8.4003
E0086,2026-03-03T00:00:00Z,2.1206,0.539,3.5362,5.2466,11.2065,10.3196
E0087,2026-03-03T00:00:00Z,2.7458,2.0572,4.3232,5.2014,12.0381,9.6836
E0088,2026-03-03T00:00:00Z,3.7101,1.1017,3.23,5.882,11.8631,9.2552
E0089,2026-03-03T00:00:00Z,3.2997,0.4426,3.8886,5.8083,10.4678,9.4032
E0090,2026-03-03T00:00:00Z,2.2325,-2.9853,6.0693,4.1227,9.8875,10.4024
E0091,2026-03-03T00:00:00Z,2.6361,0.8154,3.6815,6.3052,11.9341,8.4548
E0092,2026-03-03T00:00:00Z,2.9194,-0.7222,4.4546,5.0781,11.8757,9.8923
E0093,2026-03-03T00:00:00Z,2.6999,3.3282,2.3488,5.401,12.1196,7.111
E0094,2026-03-03T00:00:00Z,2.9251,1.509,4.5847,4.5892,10.8608,10.077
E0095,2026-03-03T00:00:00Z,2.8671,0.5204,3.6672,6.0602,12.8242,8.6859
E0096,2026-03-03T00:00:00Z,3.4032,1.4864,5.1908,5.6156,13.0614,8.6209
E0097,2026-03-03T00:00:00Z,2.3805,1.7306,4.1008,5.5673,12.4239,10.3403
E0098,2026-03-03T00:00:00Z,2.8004,1.2374,6.741,5.5091,11.3057,9.6655
E0099,2026-03-03T00:00:00Z,2.3392,1.7544,3.9679,4.5914,12.2161,9.9712
E0100,2026-03-03T00:00:00Z,2.5233,0.6315,4.7813,5.0166,10.3457,7.994
E0101,2026-03-03T00:00:00Z,2.8856,3.6183,4.8152,5.9614,11.4824,10.1163
E0102,2026-03-03T00:00:00Z,1.4289,0.5724,4.2188,6.0392,11.5428,10.6186
E0103,2026-03-03T00:00:00Z,2.521,0.5701,4.6032,5.4793,11.7886,11.5076
E0104,2026-03-03T00:00:00Z,3.8596,0.3453,5.0099,5.1308,11.8363,10.7374
E0105,2026-03-03T00:00:00Z,3.3363,3.6596,1.7597,5.1588,9.5661,8.8045
E0106,2026-03-03T00:00:00Z,2.8551,-0.7248,4.021,5.2819,11.8699,8.3805
E0107,2026-03-03T00:00:00Z,3.3564,-1.1483,3.6322,5.6143,12.2301,9.8875
E0108,2026-03-03T00:00:00Z,2.1247,2.3184,4.7766,6.1667,11.4969,10.1045
E0109,2026-03-03T00:00:00Z,3.6823,0.6591,4.5121,5.453,12.0781,8.616
E0110,2026-03-03T00:00:00Z,3.0284,-0.3445,2.6078,5.3723,11.4504,10.6024
E0111,2026-03-03T00:00:00Z,1.8403,1.8942,3.8264,5.2948,10.1164,10.1584
E0112,2026-03-03T00:00:00Z,3.1141,0.6632,4.9362,5.0449,10.6298,9.3244
E0113,2026-03-03T00:00:00Z,3.0559,1.2104,2.9437,4.2054,9.8662,9.7726
E0114,2026-03-03T00:00:00Z,2.0926,3.1697,4.118,6.0202,10.4792,10.3082
E0115,2026-03-03T00:00:00Z,3.0753,-1.6628,2.5382,6.2153,11.2435,10.5973
E0116,2026-03-03T00:00:00Z,3.1465,-1.7343,5.3518,5.8026,9.1081,8.5932
E0117,2026-03-03T00:00:00Z,2.2499,-0.1514,3.2703,6.1066,11.3378,9.9367
E0118,2026-03-03T00:00:00Z,2.3753,0.8829,2.1937,5.1307,11.3738,9.0554
E0119,2026-03-03T00:00:00Z,3.7294,1.2177,1.9795,6.0862,12.0502,6.9722
E0120,2026-03-03T00:00:00Z,3.8849,-0.1513,3.9959,5.2261,11.6798,9.8658
E0121,2026-03-03T00:00:00Z,3.1768,1.4988,2.1235,5.4282,11.6703,7.4643
E0122,2026-03-03T00:00:00Z,2.24,3.1607,4.1794,5.4957,10.6234,7.589
E0123,2026-03-03T00:00:00Z,3.6935,0.8173,2.6692,5.71,12.6742,9.2883
E0124,2026-03-03T00:00:00Z,3.9537,-1.8166,3.3322,5.4228,11.438,7.7632
E0125,2026-03-03T00:00:00Z,3.3172,2.7846,3.8058,5.2997,12.5122,10.3844
E0126,2026-03-03T00:00:00Z,2.8182,3.1489,3.0364,4.5887,12.559,10.0613
E0127,2026-03-03T00:00:00Z,3.1836,0.7398,4.8451,6.4337,11.2149,8.765
E0128,2026-03-03T00:00:00Z,3.0534,0.9846,3.7841,5.3817,12.0341,10.8429
E0129,2026-03-03T00:00:00Z,3.1078,-2.5177,3.5775,5.0386,10.8666,9.4137
E0130,2026-03-03T00:00:00Z,3.1603,1.2316,1.8921,6.9416,9.9527,9.699
E0131,2026-03-03T00:00:00Z,3.4008,-0.1302,1.1404,4.131,10.9671,7.4158
E0132,2026-03-03T00:00:00Z,2.4981,-0.8232,4.6265,5.4301,10.3131,11.3514
E0133,2026-03-03T00:00:00Z,2.1828,0.7727,3.0489,5.7573,12.5206,9.8549
E0134,2026-03-03T00:00:00Z,4.1009,1.8664,5.6676,6.9427,9.3898,10.596
E0135,2026-03-03T00:00:00Z,4.7376,-0.2111,3.6341,5.4182,9.825,9.2155
E0136,2026-03-03T00:00:00Z,2.225,0.6519,3.4684,5.4648,10.4802,8.887
E0137,2026-03-03T00:00:00Z,3.4715,-0.7434,2.7334,4.154,10.082,8.9761
E0138,2026-03-03T00:00:00Z,2.996,0.189,4.0617,5.8139,11.187,10.203
E0139,2026-03-03T00:00:00Z,2.2217,0.4916,3.7243,4.6097,10.722,7.7029
E0140,2026-03-03T00:00:00Z,2.4102,0.0029,0.2186,5.2,12.5476,9.5284
E0141,2026-03-03T00:00:00Z,3.7029,2.361,2.4925,5.4285,11.0487,8.9052
E0142,2026-03-03T00:00:00Z,3.3112,1.8336,4.1933,5.7841,11.5928,10.2418
E0143,2026-03-03T00:00:00Z,2.7999,1.0427,2.8513,5.2938,12.1295,10.2804
E0144,2026-03-03T00:00:00Z,3.8503,0.7026,3.8119,6.0679,11.3134,8.2326
E0145,2026-03-03T00:00:00Z,2.6126,1.4588,3.2951,5.3012,11.7928,8.7187
E0146,2026-03-03T00:00:00Z,2.3216,-0.8995,4.8082,5.7245,11.2805,9.5331
E0147,2026-03-03T00:00:00Z,2.8224,-0.0407,5.6956,5.0692,10.1098,9.0182
E0148,2026-03-03T00:00:00Z,3.6339,2.4833,5.2741,6.0826,12.4562,8.6009
E0149,2026-03-03T00:00:00Z,2.9775,1.4049,3.9105,5.0808,9.5228,11.2894
E0000,2026-03-04T00:00:00Z,3.5371,1.0448,5.816,4.7999,9.6426,9.0867
E0001,2026-03-04T00:00:00Z,2.8368,-2.03,2.909,4.938,9.9469,9.2368
E0002,2026-03-04T00:00:00Z,2.3066,0.9671,4.8666,5.5595,10.1782,11.5399
E0003,2026-03-04T00:00:00Z,3.8282,1.6801,5.8179,5.1807,12.5164,7.9308
E0004,2026-03-04T00:00:00Z,2.7371,2.4439,5.3176,5.673,10.8589,10.3156
E0005,2026-03-04T00:00:00Z,3.5717,1.4573,5.0514,5.5184,11.5467,9.8062
E0006,2026-03-04T00:00:00Z,3.4881,-1.3661,4.549,5.5068,11.0489,9.0184
E0007,2026-03-04T00:00:00Z,0.748,2.3239,5.5536,5.0819,10.7885,9.8676
E0008,2026-03-04T00:00:00Z,2.2197,-0.0311,4.5798,6.0043,10.6384,10.1415
E0009,2026-03-04T00:00:00Z,3.1465,0.0757,0.1496,5.1586,11.2812,9.7336
E0010,2026-03-04T00:00:00Z,3.4224,1.7814,3.5621,6.1471,11.4856,9.0729
E0011,2026-03-04T00:00:00Z,3.8098,-0.3123,1.9542,5.6928,12.565,8.3266
E0012,2026-03-04T00:00:00Z,3.1797,0.2321,3.17,6.6768,11.475,8.7846
E0013,2026-03-04T00:00:00Z,2.4965,0.3295,3.8232,4.6088,9.9615,9.3788
E0014,2026-03-04T00:00:00Z,2.0334,0.6371,2.5191,6.7905,11.0745,11.3273
E0015,2026-03-04T00:00:00Z,2.6918,-0.0728,2.8421,5.3809,11.6027,10.7069
E0016,2026-03-04T00:00:00Z,4.0481,-0.3082,4.7746,6.3772,10.5434,9.8036
E0017,2026-03-04T00:00:00Z,3.1337,0.231,3.4717,5.495,10.7961,11.1817
E0018,2026-03-04T00:00:00Z,2.1928,1.1042,4.5776,6.2552,10.6177,10.0627
E0019,2026-03-04T00:00:00Z,2.843,0.643,3.1397,5.7284,11.9218,7.7418
E0020,2026-03-04T00:00:00Z,3.4371,1.9712,5.3117,5.8753,9.6324,9.606
E0021,2026-03-04T00:00:00Z,2.2702,1.2702,4.1533,4.7487,11.433,10.1539
E0022,2026-03-04T00:00:00Z,3.5034,2.8904,3.9384,5.6147,12.4735,10.2268
E0023,2026-03-04T00:00:00Z,3.1797,0.0057,0.8704,5.4082,13.4807,8.4593
E0024,2026-03-04T00:00:00Z,2.8577,0.3548,4.2389,5.1128,10.8105,7.6313
E0025,2026-03-04T00:00:00Z,3.3059,1.9774,3.2985,6.2891,11.1282,11.0117
E0026,2026-03-04T00:00:00Z,2.9407,-0.3412,2.8671,6.0216,11.4813,9.8452
E0027,2026-03-04T00:00:00Z,2.9651,2.3419,4.4818,4.929,11.2586,9.8153
E0028,2026-03-04T00:00:00Z,3.5611,0.518,5.3719,6.0377,9.6828,9.7421
E0029,2026-03-04T00:00:00Z,3.541,0.295,2.6569,5.8539,10.6713,11.8158
E0030,2026-03-04T00:00:00Z,3.1365,1.784,4.9006,6.0546,12.3876,8.0273
E0031,2026-03-04T00:00:00Z,2.723,1.6287,4.2289,5.5606,10.638,9.5543
E0032,2026-03-04T00:00:00Z,2.3553,-0.0466,6.9476,6.0423,12.4365,9.2753
E0033,2026-03-04T00:00:00Z,3.0812,2.8637,4.6547,5.2842,12.245,9.6687
E0034,2026-03-04T00:00:00Z,2.9744,1.0069,4.205,6.5151,11.0742,8.092
E0035,2026-03-04T00:00:00Z,4.2889,3.6693,7.1217,4.5222,10.9899,9.8862
E0036,2026-03-04T00:00:00Z,3.3451,-0.1757,2.8443,6.0403,10.825,9.1493
E0037,2026-03-04T00:00:00Z,2.5165,2.7545,2.2697,4.8043,11.5248,9.1388
E0038,2026-03-04T00:00:00Z,2.4239,0.0486,6.8707,4.8248,9.4977,10.6139
E0039,2026-03-04T00:00:00Z,2.5307,-2.2923,2.8852,5.838,11.1614,9.443
E0040,2026-03-04T00:00:00Z,2.9805,1.4985,4.7101,5.2102,11.6692,8.7408
E0041,2026-03-04T00:00:00Z,2.7817,1.2013,4.4028,4.5547,11.721,9.1855
E0042,2026-03-04T00:00:00Z,3.432,4.29,4.6548,4.1316,11.0923,11.1587
E0043,2026-03-04T00:00:00Z,3.2795,1.1771,4.4527,4.7995,10.8908,10.3448
E0044,2026-03-04T00:00:00Z,2.0962,2.2901,1.3083,5.3405,10.7572,10.3658
E0045,2026-03-04T00:00:00Z,4.7274,1.5128,4.1205,5.6243,11.4445,9.2319
E0046,2026-03-04T00:00:00Z,3.2496,-1.3013,4.1007,6.2386,11.2788,10.4215
E0047,2026-03-04T00:00:00Z,2.0244,2.4052,3.2596,5.5309,9.7821,9.7052
E0048,2026-03-04T00:00:00Z,1.5366,-1.0793,0.272,5.7079,10.2788,8.9359
E0049,2026-03-04T00:00:00Z,2.4826,3.267,3.7458,6.4032,11.1905,9.6206
E0050,2026-03-04T00:00:00Z,1.6162,1.9717,4.3782,4.8885,10.7075,10.8974
E0051,2026-03-04T00:00:00Z,2.2115,1.8967,3.7714,5.7894,11.3869,9.1085
E0052,2026-03-04T00:00:00Z,3.5309,2.6732,3.9654,6.2336,9.59,8.2631
E0053,2026-03-04T00:00:00Z,3.0076,-0.0779,5.4665,5.6482,10.3577,8.3179
E0054,2026-03-04T00:00:00Z,2.9023,0.7715,6.0108,5.3782,11.8755,8.2669
E0055,2026-03-04T00:00:00Z,2.3037,-0.5736,0.9018,5.4924,11.608,9.8913
E0056,2026-03-04T00:00:00Z,3.2988,2.8828,3.928,5.4807,11.8587,8.9733
E0057,2026-03-04T00:00:00Z,2.1812,2.3606,3.8105,6.0224,12.1036,9.3352
E0058,2026-03-04T00:00:00Z,3.2096,0.0595,1.6382,5.4597,10.9275,9.7076
E0059,2026-03-04T00:00:00Z,3.0904,4.0104,2.8566,5.5231,9.6586,11.1592
E0060,2026-03-04T00:00:00Z,2.1192,1.708,2.0142,5.7381,12.034,9.0454
E0061,2026-03-04T00:00:00Z,2.5345,0.4366,5.0386,5.5155,11.7247,9.7787
E0062,2026-03-04T00:00:00Z,3.0694,-0.354,4.9407,4.4066,9.8767,9.649
E0063,2026-03-04T00:00:00Z,3.1035,3.8508,2.6333,5.2319,10.1618,7.96
E0064,2026-03-04T00:00:00Z,3.1739,0.8426,2.9072,6.0508,12.9752,10.048
E0065,2026-03-04T00:00:00Z,2.0691,0.2821,1.3078,4.7788,11.7851,9.4589
E0066,2026-03-04T00:00:00Z,3.4298,2.8179,4.0326,5.3508,12.0359,8.4114
E0067,2026-03-04T00:00:00Z,3.2346,1.756,4.7109,4.8295,13.6549,8.7686
E0068,2026-03-04T00:00:00Z,2.1311,-0.7922,4.9948,5.7463,12.2992,10.6737
E0069,2026-03-04T00:00:00Z,1.5475,-0.4868,3.7316,5.5012,11.918,9.6239
E0070,2026-03-04T00:00:00Z,3.037,4.5945,3.6584,6.1566,10.8137,9.9011
E0071,2026-03-04T00:00:00Z,3.3758,-1.0862,2.2833,5.0033,10.3487,9.2974
E0072,2026-03-04T00:00:00Z,3.1772,-0.9124,1.3743,6.3568,10.3109,10.9596
E0073,2026-03-04T00:00:00Z,2.7451,0.4851,2.9789,4.4601,12.1146,9.0122
E0074,2026-03-04T00:00:00Z,2.3884,0.0809,2.7871,5.0154,10.6576,10.2494
E0075,2026-03-04T00:00:00Z,3.8985,1.3083,4.437,4.9665,9.6763,10.7787
E0076,2026-03-04T00:00:00Z,3.743,0.2074,3.1126,4.7317,10.9091,6.8958
E0077,2026-03-04T00:00:00Z,3.5511,4.1622,1.7601,5.7413,13.1244,6.7032
E0078,2026-03-04T00:00:00Z,3.3303,4.2742,5.2677,4.5856,9.0942,9.127
E0079,2026-03-04T00:00:00Z,3.2969,-0.7402,5.0648,6.2161,11.5804,9.8271
E0080,2026-03-04T00:00:00Z,3.2536,1.7513,2.5527,5.032,11.9464,7.825
E0081,2026-03-04T00:00:00Z,3.9066,1.5906,5.0896,5.3633,10.898,11.2102
E0082,2026-03-04T00:00:00Z,3.3219,0.1406,0.759,5.6682,10.6119,9.0398
E0083,2026-03-04T00:00:00Z,1.6129,-0.7169,4.0656,5.7133,9.8048,10.1539
E0084,2026-03-04T00:00:00Z,2.3682,0.8314,5.0837,5.2922,11.6622,9.2712
E0085,2026-03-04T00:00:00Z,3.47,0.8309,5.8857,5.1421,11.4449,9.204
E0086,2026-03-04T00:00:00Z,2.1862,1.907,2.9074,5.1972,11.2596,8.922
E0087,2026-03-04T00:00:00Z,2.9795,0.8564,4.8333,5.2403,11.5774,7.6141
E0088,2026-03-04T00:00:00Z,3.1514,-0.6106,5.0026,5.4491,11.4385,9.5221
E0089,2026-03-04T00:00:00Z,2.1479,0.8613,4.6156,5.5271,11.6525,7.494
E0090,2026-03-04T00:00:00Z,1.7977,0.9159,4.448,6.5313,11.4289,7.1656
E0091,2026-03-04T00:00:00Z,2.905,-2.7431,5.0426,5.8328,11.6061,11.7374
E0092,2026-03-04T00:00:00Z,2.3443,0.2842,2.054,5.6194,10.4226,7.3478
E0093,2026-03-04T00:00:00Z,2.6379,-1.3477,2.6127,6.3286,11.5432,9.4422
E0094,2026-03-04T00:00:00Z,3.189,2.2464,3.41,5.5793,10.3912,10.3099
E0095,2026-03-04T00:00:00Z,3.0838,-2.0477,2.5316,5.6336,11.5449,9.9396
E0096,2026-03-04T00:00:00Z,2.5877,1.7754,2.1943,6.7842,12.3202,9.5805
E0097,2026-03-04T00:00:00Z,2.665,-0.3887,1.0999,5.5053,11.0395,8.5861
E0098,2026-03-04T00:00:00Z,3.3597,1.2806,2.4707,5.4895,11.0716,9.3494
E0099,2026-03-04T00:00:00Z,1.1606,0.8145,4.4131,6.1505,12.101,8.8707
E0100,2026-03-04T00:00:00Z,2.1663,-1.5891,4.481,5.4027,12.5222,8.9188
E0101,2026-03-04T00:00:00Z,3.5944,0.7655,3.8123,4.0566,10.5066,10.1116
E0102,2026-03-04T00:00:00Z,3.0779,-1.6175,2.8245,4.5989,10.9915,8.7896
E0103,2026-03-04T00:00:00Z,2.9513,2.0597,3.7918,5.4017,11.7549,9.3182
E0104,2026-03-04T00:00:00Z,2.9176,1.504,4.4013,5.3735,12.1686,10.1313
E0105,2026-03-04T00:00:00Z,2.9739,-1.2253,3.5057,6.0854,12.332,10.1209
E0106,2026-03-04T00:00:00Z,1.9678,1.8076,4.7087,5.8374,11.7038,7.7004
E0107,2026-03-04T00:00:00Z,2.2905,-0.0818,7.2403,6.0437,9.6925,9.2406
E0108,2026-03-04T00:00:00Z,2.2045,3.654,2.7834,4.7102,9.0357,9.5759
E0109,2026-03-04T00:00:00Z,4.0257,-0.0983,4.4607,6.4204,9.5807,8.6195
E0110,2026-03-04T00:00:00Z,3.2574,1.0015,3.7151,5.6325,10.4952,10.1726
E0111,2026-03-04T00:00:00Z,1.9759,3.4292,3.046,5.7991,10.6343,10.5103
E0112,2026-03-04T00:00:00Z,4.036,0.7456,5.3057,5.216,10.4883,9.1817
E0113,2026-03-04T00:00:00Z,3.6954,-0.152,3.9046,5.1046,10.1711,7.3027
E0114,2026-03-04T00:00:00Z,3.4996,1.5238,5.6383,4.8099,10.2738,8.9573
E0115,2026-03-04T00:00:00Z,2.9647,1.8752,3.8303,5.9075,11.618,10.0622
E0116,2026-03-04T00:00:00Z,3.5673,4.1634,2.011,4.1805,11.0973,10.7197
E0117,2026-03-04T00:00:00Z,1.9769,1.3994,3.9707,5.8011,11.0572,9.0559
E0118,2026-03-04T00:00:00Z,2.9767,2.7668,2.3891,5.1292,11.3114,9.8665
E0119,2026-03-04T00:00:00Z,4.1766,0.9011,3.4577,5.8835,10.3892,9.7011
E0120,2026-03-04T00:00:00Z,3.5432,0.4016,4.3818,5.5994,9.8414,10.4047
E0121,2026-03-04T00:00:00Z,2.3726,1.6522,2.2295,5.803,11.0454,9.6406
E0122,2026-03-04T00:00:00Z,2.1796,0.7312,4.0473,5.2616,11.2885,8.369
E0123,2026-03-04T00:00:00Z,3.7796,-0.4322,4.5533,5.4063,11.8683,10.0461
E0124,2026-03-04T00:00:00Z,2.8839,0.1231,4.3029,4.4923,10.5525,9.5838
E0125,2026-03-04T00:00:00Z,3.9048,1.4093,3.4593,5.4492,11.8811,9.5247
E0126,2026-03-04T00:00:00Z,3.257,0.5934,3.7003,5.1969,10.0516,6.7676
E0127,2026-03-04T00:00:00Z,1.9313,1.7617,3.1177,5.5972,10.2056,10.618
E0128,2026-03-04T00:00:00Z,3.0106,1.0141,1.1747,5.2008,10.0327,10.57
E0129,2026-03-04T00:00:00Z,2.7645,1.6039,2.8675,6.3945,9.614,10.0924
E0130,2026-03-04T00:00:00Z,1.5939,0.7736,4.3219,5.3683,12.0767,9.9942
E0131,2026-03-04T00:00:00Z,2.8782,2.341,5.0379,3.9084,9.8701,8.8803
E0132,2026-03-04T00:00:00Z,3.6989,0.5613,3.8301,5.5047,11.5526,8.6589
E0133,2026-03-04T00:00:00Z,2.2847,1.2532,1.2403,5.311,11.7844,8.7577
E0134,2026-03-04T00:00:00Z,1.9811,0.878,2.199,6.3739,11.1066,11.4685
E0135,2026-03-04T00:00:00Z,3.0295,-0.3638,4.6924,5.594,12.3138,9.1967
E0136,2026-03-04T00:00:00Z,3.4402,1.4081,0.293,5.5837,10.8076,12.6927
E0137,2026-03-04T00:00:00Z,2.3624,3.6372,6.7026,4.9865,12.4314,9.5038
E0138,2026-03-04T00:00:00Z,3.7673,-1.9404,3.4244,5.8323,12.2437,7.6965
E0139,2026-03-04T00:00:00Z,2.3034,-0.6235,5.3817,6.0517,10.2404,10.7948
E0140,2026-03-04T00:00:00Z,3.4816,0.8105,4.9206,5.1357,10.7524,8.9828
E0141,2026-03-04T00:00:00Z,2.2512,3.2055,3.0038,5.4159,12.4113,10.0596
E0142,2026-03-04T00:00:00Z,3.2641,-0.6831,2.5019,5.6332,11.3758,9.4957
E0143,2026-03-04T00:00:00Z,3.0863,0.5191,2.5398,5.6116,12.8149,10.1926
E0144,2026-03-04T00:00:00Z,1.8017,-0.3774,1.6261,5.2717,11.0976,8.1994
E0145,2026-03-04T00:00:00Z,2.0306,0.3875,1.5995,5.5495,11.688,9.8943
E0146,2026-03-04T00:00:00Z,2.7299,-1.0617,3.3685,6.2913,11.2873,10.1403
E0147,2026-03-04T00:00:00Z,3.2705,0.8755,5.9592,5.3056,11.4568,9.1426
E0148,2026-03-04T00:00:00Z,3.1198,0.643,3.7618,6.033,10.546,8.0851
E0149,2026-03-04T00:00:00Z,2.9429,1.4747,4.2558,5.5027,9.4974,9.657
E0000,2026-03-05T00:00:00Z,4.5845,2.6021,1.9829,5.855,10.3561,9.8491
E0001,2026-03-05T00:00:00Z,3.0269,0.9204,3.0865,4.9433,10.1785,10.3251
E0002,2026-03-05T00:00:00Z,3.5463,-0.0672,3.9074,5.4638,10.6552,10.7937
E0003,2026-03-05T00:00:00Z,2.0559,0.5417,5.1194,4.9542,12.6937,8.4607
E0004,2026-03-05T00:00:00Z,2.5935,1.4438,2.5007,6.2664,12.4714,8.4771
E0005,2026-03-05T00:00:00Z,3.2382,0.3985,4.7919,4.8625,12.396,10.5009
E0006,2026-03-05T00:00:00Z,2.055,-0.3944,5.8996,5.5727,9.532,7.9316
E0007,2026-03-05T00:00:00Z,4.7007,0.5995,5.2125,5.6596,10.8601,9.4609
E0008,2026-03-05T00:00:00Z,2.0563,2.301,2.8904,6.2878,9.9933,8.4397
E0009,2026-03-05T00:00:00Z,3.2274,0.5351,5.2243,5.2287,12.8463,8.4196
E0010,2026-03-05T00:00:00Z,2.7762,1.2946,4.2419,6.035,10.8557,9.1993
E0011,2026-03-05T00:00:00Z,2.2457,0.4946,2.6698,5.8789,12.5051,11.0496
E0012,2026-03-05T00:00:00Z,2.3076,0.8569,6.8388,5.3651,10.6613,9.7718
E0013,2026-03-05T00:00:00Z,2.8865,1.6738,6.141,5.4456,11.6861,9.8553
E0014,2026-03-05T00:00:00Z,3.5066,4.5408,3.5461,4.9566,12.1679,9.7712
E0015,2026-03-05T00:00:00Z,2.8821,1.2824,2.7299,5.7323,11.4956,11.1338
E0016,2026-03-05T00:00:00Z,3.5434,2.9842,1.1655,5.6276,11.9825,10.5449
E0017,2026-03-05T00:00:00Z,3.0281,1.5818,1.3783,6.6837,10.9203,9.9972
E0018,2026-03-05T00:00:00Z,2.9987,2.8239,3.6408,6.1934,10.621,9.5132
E0019,2026-03-05T00:00:00Z,4.1596,0.3847,5.5077,5.2993,10.4293,10.6819
E0020,2026-03-05T00:00:00Z,1.8275,0.2751,4.5005,5.8739,12.5981,10.5076
E0021,2026-03-05T00:00:00Z,2.5625,1.616,5.0055,5.2258,11.0479,8.9552
E0022,2026-03-05T00:00:00Z,3.5163,1.3965,4.8037,5.3754,11.5529,8.3507
E0023,2026-03-05T00:00:00Z,2.6024,0.9782,2.6725,5.7323,12.3831,8.3588
E0024,2026-03-05T00:00:00Z,4.069,0.9079,5.3213,5.9227,11.3287,9.5282
E0025,2026-03-05T00:00:00Z,3.0158,0.3437,4.7108,5.1849,10.897,8.8339
E0026,2026-03-05T00:00:00Z,3.4794,-0.5749,3.2714,5.3607,13.4717,9.2658
E0027,2026-03-05T00:00:00Z,2.1143,2.6159,5.0872,5.5689,11.4337,8.8317
E0028,2026-03-05T00:00:00Z,2.2757,0.2626,2.7155,4.8895,11.899,8.3541
E0029,2026-03-05T00:00:00Z,2.455,2.3688,4.6836,5.97,10.7305,10.7564
E0030,2026-03-05T00:00:00Z,3.6096,0.5815,4.4824,5.515,10.4253,10.4552
E0031,2026-03-05T00:00:00Z,1.8244,1.8858,4.506,4.9147,12.1356,8.6835
E0032,2026-03-05T00:00:00Z,3.1689,2.2826,3.9482,5.5666,11.0448,8.3255
E0033,2026-03-05T00:00:00Z,2.2599,-0.679,3.7561,5.6351,11.6021,9.449
E0034,2026-03-05T00:00:00Z,2.6326,1.5582,0.3939,6.562,11.3525,7.8594
E0035,2026-03-05T00:00:00Z,3.1835,1.3239,4.6897,5.9664,12.3429,11.009
E0036,2026-03-05T00:00:00Z,1.8619,-0.3442,6.2627,5.3161,12.0814,9.7232
E0037,2026-03-05T00:00:00Z,3.4837,1.5117,3.4324,5.4134,10.5255,11.4207
E0038,2026-03-05T00:00:00Z,2.581,-0.663,3.5047,6.0434,11.018,8.5595
E0039,2026-03-05T00:00:00Z,2.6235,0.9475,4.6566,5.3804,11.4415,10.6546
E0040,2026-03-05T00:00:00Z,2.4058,0.1807,5.9966,5.4844,11.0352,7.5728
E0041,2026-03-05T00:00:00Z,3.4024,1.7185,4.7812,5.515,12.6699,9.6439
E0042,2026-03-05T00:00:00Z,3.7397,-2.0725,5.038,4.0986,10.8845,7.519
E0043,2026-03-05T00:00:00Z,2.5359,0.3371,4.6754,5.9933,9.8734,8.5855
E0044,2026-03-05T00:00:00Z,2.4226,1.1899,4.5364,5.3931,12.5487,9.4122
E0045,2026-03-05T00:00:00Z,3.2675,1.7595,4.3877,5.4151,10.8886,11.1757
E0046,2026-03-05T00:00:00Z,2.029,1.1991,3.2717,5.668,10.5679,9.7837
E0047,2026-03-05T00:00:00Z,3.0509,-0.7369,2.9439,5.5885,11.8237,10.4473
E0048,2026-03-05T00:00:00Z,3.1344,1.7601,1.0441,5.6135,8.635,8.2021
E0049,2026-03-05T00:00:00Z,2.6541,2.7816,4.1076,4.345,11.5026,9.6749
E0050,2026-03-05T00:00:00Z,3.3318,3.6983,3.8006,6.5147,12.0956,10.4673
E0051,2026-03-05T00:00:00Z,2.1006,2.5436,3.3329,5.0441,10.6101,10.0762
E0052,2026-03-05T00:00:00Z,1.703,2.9081,4.1665,5.6977,9.6862,10.1084
E0053,2026-03-05T00:00:00Z,2.6821,-1.6947,3.217,4.7561,9.374,9.3213
E0054,2026-03-05T00:00:00Z,3.7077,0.2765,6.4791,6.169,12.0668,9.328
E0055,2026-03-05T00:00:00Z,3.2826,-0.8413,3.935,5.4203,9.9233,10.0158
E0056,2026-03-05T00:00:00Z,3.2849,1.6555,4.4831,6.5826,10.4134,10.0242
E0057,2026-03-05T00:00:00Z,3.5183,0.085,3.8555,5.5396,11.1051,9.7467
E0058,2026-03-05T00:00:00Z,3.9121,-1.1792,3.3769,5.7575,13.3452,10.5159
E0059,2026-03-05T00:00:00Z,2.8413,0.7789,1.7973,6.6397,10.0708,9.0956
E0060,2026-03-05T00:00:00Z,2.1472,-0.6672,1.8578,5.2616,11.6599,8.7987
E0061,2026-03-05T00:00:00Z,4.0871,-0.1862,3.5328,5.7301,12.48,8.7504
E0062,2026-03-05T00:00:00Z,4.0403,1.7221,2.0362,4.3324,11.4703,9.3864
E0063,2026-03-05T00:00:00Z,2.3196,-1.2989,3.1594,5.4269,9.6904,7.0481
E0064,2026-03-05T00:00:00Z,3.0457,2.9051,2.9794,6.1961,11.3695,8.1009
E0065,2026-03-05T00:00:00Z,2.5067,4.5529,2.5918,5.4828,10.728,10.0083
E0066,2026-03-05T00:00:00Z,3.062,-0.0001,3.4198,5.5582,10.8289,8.9602
E0067,2026-03-05T00:00:00Z,2.1337,0.8256,4.7299,5.4503,12.1451,8.6795
E0068,2026-03-05T00:00:00Z,2.2967,1.1411,3.6674,5.5271,14.1041,10.3928
E0069,2026-03-05T00:00:00Z,3.3405,0.2969,5.5637,5.6883,12.7164,9.1139
E0070,2026-03-05T00:00:00Z,2.6925,0.6973,2.7544,5.5278,11.0741,9.5597
E0071,2026-03-05T00:00:00Z,3.6091,1.9698,5.9434,5.5703,10.3865,10.9431
E0072,2026-03-05T00:00:00Z,2.6309,1.4566,4.6657,5.5099,10.314,9.0765
E0073,2026-03-05T00:00:00Z,1.5151,-0.9802,3.1599,5.4755,9.9911,8.825
E0074,2026-03-05T00:00:00Z,2.8762,1.1863,4.2662,6.3076,11.3465,9.221
E0075,2026-03-05T00:00:00Z,3.118,4.0632,4.694,6.654,11.4912,9.6163
E0076,2026-03-05T00:00:00Z,3.8951,2.7712,2.7427,5.7492,10.7381,8.6516
E0077,2026-03-05T00:00:00Z,3.0258,-0.8838,3.6707,6.4137,12.4966,8.3357
E0078,2026-03-05T00:00:00Z,3.8424,-0.5014,4.255,5.6872,11.4734,11.3614
E0079,2026-03-05T00:00:00Z,2.3998,4.2286,3.7659,5.266,11.6867,9.5587
E0080,2026-03-05T00:00:00Z,2.6877,-0.3258,4.8805,5.7865,10.1718,7.7047
E0081,2026-03-05T00:00:00Z,4.4113,2.9224,2.3523,5.4619,11.1901,8.8913
E0082,2026-03-05T00:00:00Z,2.4452,2.7779,2.4774,5.651,11.2653,9.5824
E0083,2026-03-05T00:00:00Z,2.2671,2.3861,2.6111,5.0188,10.7234,10.0911
E0084,2026-03-05T00:00:00Z,3.2269,0.3035,3.9154,5.7215,12.1712,8.8693
E0085,2026-03-05T00:00:00Z,2.4616,2.8546,2.4818,6.7084,11.6809,10.8812
E0086,2026-03-05T00:00:00Z,2.3034,0.7787,5.5077,4.9527,10.5866,11.4664
E0087,2026-03-05T00:00:00Z,2.5055,2.4136,2.8194,4.4802,9.7623,8.5096
E0088,2026-03-05T00:00:00Z,2.8913,4.7083,5.2568,4.7368,11.694,10.2718
E0089,2026-03-05T00:00:00Z,3.6636,0.3257,2.7511,5.2987,9.918,9.2208
E0090,2026-03-05T00:00:00Z,2.9744,-1.5114,3.4904,5.3762,12.6027,9.7769
E0091,2026-03-05T00:00:00Z,3.3902,0.0346,2.2718,6.3467,10.7261,10.0166
E0092,2026-03-05T00:00:00Z,3.2857,-0.2853,3.0362,5.6215,11.3819,7.6157
E0093,2026-03-05T00:00:00Z,2.1651,1.8433,3.4449,5.785,11.4152,8.4539
E0094,2026-03-05T00:00:00Z,2.3817,3.7486,3.6429,4.7573,11.4652,10.1065
E0095,2026-03-05T00:00:00Z,2.5353,2.2822,2.2665,6.3831,11.3465,11.093
E0096,2026-03-05T00:00:00Z,3.8682,1.9756,2.3945,4.9236,11.639,8.8309
E0097,2026-03-05T00:00:00Z,1.5424,2.6942,1.8262,5.5084,11.5961,9.6592
E0098,2026-03-05T00:00:00Z,2.7897,2.8215,5.0944,4.4375,11.0819,10.5646
E0099,2026-03-05T00:00:00Z,2.4422,1.8866,4.7908,4.4332,12.315,10.0251
E0100,2026-03-05T00:00:00Z,1.8108,3.2986,2.5372,4.3946,9.9118,10.3093
E0101,2026-03-05T00:00:00Z,2.637,-1.3895,4.4007,5.373,12.0961,9.5137
E0102,2026-03-05T00:00:00Z,2.7558,2.5157,4.4585,5.3625,11.7291,10.548
E0103,2026-03-05T00:00:00Z,2.9971,0.5101,3.9667,5.521,12.0553,10.9479
E0104,2026-03-05T00:00:00Z,3.1095,1.8601,4.0982,5.5114,10.4877,9.2868
E0105,2026-03-05T00:00:00Z,2.2962,1.1924,5.3497,6.0958,11.1897,9.1113
E0106,2026-03-05T00:00:00Z,2.9774,0.2995,4.5892,5.1291,11.3012,12.8308
E0107,2026-03-05T00:00:00Z,1.3564,0.4804,6.1658,5.9972,12.6543,8.8703
E0108,2026-03-05T00:00:00Z,3.6177,-1.0785,4.9073,6.0672,12.8292,9.5161
E0109,2026-03-05T00:00:00Z,3.4688,3.6469,4.8437,5.6706,10.9844,10.1554
E0110,2026-03-05T00:00:00Z,3.5448,2.3473,4.6993,5.6704,12.1394,7.7087
E0111,2026-03-05T00:00:00Z,4.0629,-0.1148,3.2625,4.9816,11.8213,8.6679
E0112,2026-03-05T00:00:00Z,2.6929,2.2662,3.6297,5.8421,10.3716,9.6445
E0113,2026-03-05T00:00:00Z,3.6447,0.3142,4.5234,3.8466,9.6786,10.6807
E0114,2026-03-05T00:00:00Z,1.3418,-1.4183,0.7135,5.5034,12.1957,9.8057
E0115,2026-03-05T00:00:00Z,2.4864,0.6095,2.4703,5.9075,11.5785,9.7211
E0116,2026-03-05T00:00:00Z,3.202,-1.0228,6.3271,6.4428,11.6734,10.5421
E0117,2026-03-05T00:00:00Z,2.2913,0.5669,1.4224,4.9324,12.2413,9.5902
E0118,2026-03-05T00:00:00Z,3.0025,2.8573,4.2444,5.1979,10.8683,9.1537
E0119,2026-03-05T00:00:00Z,3.5721,4.9946,-0.8525,5.9367,10.913,10.8409
E0120,2026-03-05T00:00:00Z,2.983,0.2572,5.4184,5.7521,9.7858,10.8288
E0121,2026-03-05T00:00:00Z,1.8837,-0.379,2.1999,5.5846,10.9552,11.4747
E0122,2026-03-05T00:00:00Z,2.8746,3.4428,1.4753,4.8458,10.5132,8.8239
E0123,2026-03-05T00:00:00Z,2.535,1.8337,4.289,5.3153,9.0199,9.0078
E0124,2026-03-05T00:00:00Z,2.962,3.3,4.1787,5.1993,11.3336,10.2545
E0125,2026-03-05T00:00:00Z,3.0845,-1.4378,4.3561,5.4224,12.2466,9.2818
E0126,2026-03-05T00:00:00Z,2.5025,0.3896,3.385,4.6651,12.6061,9.1091
E0127,2026-03-05T00:00:00Z,1.8377,2.0882,2.6756,4.933,11.1763,8.2339
E0128,2026-03-05T00:00:00Z,2.5707,0.8408,3.3564,4.8124,10.3294,8.8886
E0129,2026-03-05T00:00:00Z,3.5374,-0.3444,3.3728,5.6002,11.3483,9.3681
E0130,2026-03-05T00:00:00Z,3.7914,3.3564,4.2781,5.904,11.2748,8.6
E0131,2026-03-05T00:00:00Z,2.798,1.9036,2.5113,5.2247,11.49,9.5408
E0132,2026-03-05T00:00:00Z,2.8128,1.4623,2.8437,5.166,10.8677,8.2486
E0133,2026-03-05T00:00:00Z,1.3887,-1.4093,5.5041,5.7726,11.8368,7.3539
E0134,2026-03-05T00:00:00Z,2.0277,0.1921,5.7107,4.7064,10.393,8.6333
E0135,2026-03-05T00:00:00Z,3.5744,1.1798,5.1828,4.2038,10.1236,9.9012
E0136,2026-03-05T00:00:00Z,2.6333,2.1318,4.282,5.1908,11.9715,9.5504
E0137,2026-03-05T00:00:00Z,3.1905,2.4254,2.2047,5.4228,10.9535,9.7892
E0138,2026-03-05T00:00:00Z,3.6628,1.2401,3.6695,6.592,11.2505,9.5202
E0139,2026-03-05T00:00:00Z,2.8051,2.2919,3.0044,5.1287,10.5809,9.535
E0140,2026-03-05T00:00:00Z,3.0896,2.2397,6.0208,4.5983,11.8037,10.4084
E0141,2026-03-05T00:00:00Z,3.0782,1.0416,5.0183,5.1505,9.6352,11.78
E0142,2026-03-05T00:00:00Z,2.8049,1.3296,3.9745,5.738,10.0735,11.439
E0143,2026-03-05T00:00:00Z,1.916,-0.0364,3.6655,6.3763,11.6136,8.3508
E0144,2026-03-05T00:00:00Z,3.0534,1.0712,4.949,6.7347,10.7637,9.6269
E0145,2026-03-05T00:00:00Z,3.1021,0.7747,2.8598,4.5024,13.3191,8.5708
E0146,2026-03-05T00:00:00Z,2.5857,0.0532,3.1205,5.5352,11.6279,8.451
E0147,2026-03-05T00:00:00Z,2.4666,1.8908,4.5317,5.6137,10.9981,8.4613
E0148,2026-03-05T00:00:00Z,1.7729,-0.7369,2.8329,5.8546,12.4421,9.6593
E0149,2026-03-05T00:00:00Z,3.3286,2.1592,3.3715,5.7897,12.0604,9.9771
E0000,2026-03-06T00:00:00Z,1.9603,1.0089,4.3953,5.1723,10.2465,9.2121
E0001,2026-03-06T00:00:00Z,2.5557,4.8225,3.5967,5.8733,10.2108,8.8432
E0002,2026-03-06T00:00:00Z,2.235,0.3799,4.3916,5.5032,11.2447,9.7427
E0003,2026-03-06T00:00:00Z,3.1039,0.7026,3.6663,4.6579,9.9971,8.047
E0004,2026-03-06T00:00:00Z,3.8146,0.7822,1.9474,6.2874,11.2077,9.1635
E0005,2026-03-06T00:00:00Z,1.4761,0.7332,1.3922,5.899,10.1054,9.0911
E0006,2026-03-06T00:00:00Z,2.396,4.5327,3.9149,5.2066,11.9319,8.4832
E0007,2026-03-06T00:00:00Z,1.759,1.0863,4.3865,5.2666,11.6549,10.6329
E0008,2026-03-06T00:00:00Z,2.982,2.4446,4.3591,5.3714,10.5416,8.5799
E0009,2026-03-06T00:00:00Z,2.7962,-0.803,3.6859,5.2285,12.4544,8.5926
E0010,2026-03-06T00:00:00Z,3.4628,1.0252,4.3166,6.0764,9.1537,9.254
E0011,2026-03-06T00:00:00Z,2.3982,-0.0313,2.2078,6.1697,10.8743,7.5913
E0012,2026-03-06T00:00:00Z,4.1305,-0.4878,1.8652,5.5091,11.5741,11.3481
E0013,2026-03-06T00:00:00Z,3.7345,0.5775,3.0047,5.842,9.7529,10.5503
E0014,2026-03-06T00:00:00Z,2.1613,1.3072,5.0726,5.8175,11.0115,7.7832
E0015,2026-03-06T00:00:00Z,2.543,1.0015,2.9304,5.2975,10.6512,9.5171
E0016,2026-03-06T00:00:00Z,3.2088,2.7078,1.1036,5.756,11.6502,8.6603
E0017,2026-03-06T00:00:00Z,3.9855,-0.3575,2.069,5.014,10.2899,9.8321
E0018,2026-03-06T00:00:00Z,2.8055,1.6559,4.2164,5.9804,10.4071,10.3523
E0019,2026-03-06T00:00:00Z,2.5335,2.385,3.2884,4.7446,10.2871,9.3135
E0020,2026-03-06T00:00:00Z,3.4699,1.9505,3.1161,6.439,9.8841,10.448
E0021,2026-03-06T00:00:00Z,2.9308,0.1506,3.2876,5.7877,11.0358,9.1755
E0022,2026-03-06T00:00:00Z,3.1346,1.4809,4.0533,6.2146,8.9511,9.9769
E0023,2026-03-06T00:00:00Z,3.2862,2.3681,4.4889,5.7016,11.1924,10.0662
E0024,2026-03-06T00:00:00Z,2.3062,2.8209,3.0823,5.6747,11.713,8.075
E0025,2026-03-06T00:00:00Z,3.161,1.347,4.6627,4.933,11.1902,8.3049
E0026,2026-03-06T00:00:00Z,3.0087,-0.0345,4.2298,5.4266,13.0244,9.1077
E0027,2026-03-06T00:00:00Z,2.0235,-0.4908,2.9709,6.1259,11.6747,8.3271
E0028,2026-03-06T00:00:00Z,1.774,1.2382,5.0746,5.4595,10.4199,9.7377
E0029,2026-03-06T00:00:00Z,2.7302,0.4153,3.8126,5.8011,11.8808,8.7031
E0030,2026-03-06T00:00:00Z,4.0112,3.0825,3.5203,4.0839,9.6727,9.8186
E0031,2026-03-06T00:00:00Z,3.4877,-1.4687,2.9938,4.6567,10.1742,9.5335
E0032,2026-03-06T00:00:00Z,2.4377,-0.2211,4.5656,5.5029,10.0942,9.4835
E0033,2026-03-06T00:00:00Z,2.3364,-0.3514,3.6263,6.8662,10.5773,8.1809
E0034,2026-03-06T00:00:00Z,3.0386,0.3494,2.9193,5.6648,12.9186,9.9845
E0035,2026-03-06T00:00:00Z,3.4526,1.3535,4.3131,6.1459,11.1861,9.2678
E0036,2026-03-06T00:00:00Z,2.8995,1.2054,4.0215,6.345,10.6809,10.3272
E0037,2026-03-06T00:00:00Z,2.0267,-1.081,4.3959,5.272,12.293,9.2228
E0038,2026-03-06T00:00:00Z,2.3737,0.7527,4.7635,5.1454,11.2115,9.3731
E0039,2026-03-06T00:00:00Z,3.5067,2.4813,4.1944,6.143,11.4021,11.8483
E0040,2026-03-06T00:00:00Z,2.8145,0.8303,4.6311,6.0165,11.4557,10.1743
E0041,2026-03-06T00:00:00Z,2.3822,-1.475,5.8385,4.971,11.1763,8.3144
E0042,2026-03-06T00:00:00Z,3.2667,-0.0871,5.2591,5.3399,11.0652,9.4113
E0043,2026-03-06T00:00:00Z,3.391,-0.3709,5.174,5.3203,11.2041,10.573
E0044,2026-03-06T00:00:00Z,3.3831,0.0062,4.5615,5.6508,10.6572,9.4528
E0045,2026-03-06T00:00:00Z,3.6273,1.9248,5.1348,6.1774,10.1076,9.005
E0046,2026-03-06T00:00:00Z,3.7308,0.9325,3.312,5.6572,10.3535,12.1611
E0047,2026-03-06T00:00:00Z,3.2583,0.4288,1.6434,6.0399,10.3542,10.0831
E0048,2026-03-06T00:00:00Z,2.6224,1.0671,3.1633,5.3961,13.1627,8.8044
E0049,2026-03-06T00:00:00Z,1.3553,0.2952,3.4404,5.3056,10.6289,10.377
E0050,2026-03-06T00:00:00Z,3.2133,2.9299,2.0114,5.2309,11.6733,9.5863
E0051,2026-03-06T00:00:00Z,3.4848,2.296,2.41,4.7129,11.1246,8.3056
E0052,2026-03-06T00:00:00Z,3.3233,0.8492,3.1427,6.047,10.1357,9.9405
E0053,2026-03-06T00:00:00Z,3.7215,-0.26,3.2417,5.2413,10.3259,10.5193
E0054,2026-03-06T00:00:00Z,4.0395,1.1013,6.264,5.5747,12.8898,8.7933
E0055,2026-03-06T00:00:00Z,2.4446,0.7141,5.318,5.097,11.3721,9.7713
E0056,2026-03-06T00:00:00Z,3.302,2.6452,6.3192,5.9283,10.5788,9.3755
E0057,2026-03-06T00:00:00Z,2.7847,1.6914,3.3449,4.9905,11.2388,10.6136
E0058,2026-03-06T00:00:00Z,2.0843,1.14,6.7074,6.0569,10.8422,9.9973
E0059,2026-03-06T00:00:00Z,3.1201,1.2306,5.3264,5.6073,10.565,10.4292
E0060,2026-03-06T00:00:00Z,3.3526,1.9299,3.4916,5.5645,10.3365,8.6186
E0061,2026-03-06T00:00:00Z,1.875,0.5473,6.5055,6.7112,11.5174,10.4958
E0062,2026-03-06T00:00:00Z,2.8837,3.9552,3.8287,5.7691,11.9139,10.6665
E0063,2026-03-06T00:00:00Z,1.8289,-0.4691,3.1069,6.7726,12.0628,9.8873
E0064,2026-03-06T00:00:00Z,2.9893,0.9214,4.6338,5.6018,11.2614,10.4339
E0065,2026-03-06T00:00:00Z,2.5198,0.6444,3.4933,5.2461,11.802,9.4249
E0066,2026-03-06T00:00:00Z,3.3364,0.0869,5.6846,5.6364,13.4545,9.6384
E0067,2026-03-06T00:00:00Z,3.8776,-0.7222,2.042,4.8382,12.9389,10.4347
E0068,2026-03-06T00:00:00Z,3.3917,-0.6215,2.4443,5.5842,10.9241,10.355
E0069,2026-03-06T00:00:00Z,4.1099,2.5798,1.7261,5.7613,9.4637,10.1986
E0070,2026-03-06T00:00:00Z,2.5533,-0.7706,1.7872,5.7219,12.0872,9.9346
E0071,2026-03-06T00:00:00Z,3.6791,-0.2792,3.3539,5.4539,10.9252,9.6975
E0072,2026-03-06T00:00:00Z,1.6794,1.2746,4.6179,4.7568,12.8154,9.063
E0073,2026-03-06T00:00:00Z,3.2595,1.6683,2.8544,5.2022,11.3601,8.3103
E0074,2026-03-06T00:00:00Z,2.2984,2.6611,3.7124,6.2098,12.3772,8.9301
E0075,2026-03-06T00:00:00Z,3.3232,-2.0233,3.2249,5.6088,11.0607,9.4189
E0076,2026-03-06T00:00:00Z,1.2196,2.493,3.971,4.8862,10.2599,10.4225
E0077,2026-03-06T00:00:00Z,2.015,-0.3223,3.0735,5.3432,10.4844,8.6884
E0078,2026-03-06T00:00:00Z,3.1313,2.407,4.9946,4.9786,11.3039,8.9127
E0079,2026-03-06T00:00:00Z,4.5373,0.597,3.7316,5.8582,12.2962,8.4191
E0080,2026-03-06T00:00:00Z,2.5739,1.8209,3.9994,4.9016,10.2563,9.4993
E0081,2026-03-06T00:00:00Z,3.2888,2.6175,3.1145,5.0946,12.9869,7.6909
E0082,2026-03-06T00:00:00Z,2.9402,-1.1509,5.5402,5.8335,10.598,9.9715
E0083,2026-03-06T00:00:00Z,2.6656,1.7547,5.9902,5.4073,11.4998,10.3246
E0084,2026-03-06T00:00:00Z,3.6581,3.3494,3.1336,5.3363,8.9262,10.3289
E0085,2026-03-06T00:00:00Z,2.3774,-0.2161,3.0331,5.2844,12.0191,9.4115
E0086,2026-03-06T00:00:00Z,3.3336,2.492,3.9323,5.2894,11.1301,8.4272
E0087,2026-03-06T00:00:00Z,2.9112,0.4063,3.4694,4.9795,10.2581,11.3219
E0088,2026-03-06T00:00:00Z,2.2468,-2.8257,3.6474,5.0914,11.4285,9.1396
E0089,2026-03-06T00:00:00Z,3.5818,2.0958,1.161,4.171,10.4949,10.2679
E0090,2026-03-06T00:00:00Z,2.7186,0.0338,-0.1612,4.7755,10.6569,9.4889
E0091,2026-03-06T00:00:00Z,3.6827,2.0731,2.8108,6.0617,8.8528,8.5995
E0092,2026-03-06T00:00:00Z,4.1615,0.8933,4.7733,5.6812,10.5141,9.0218
E0093,2026-03-06T00:00:00Z,2.8537,1.4835,6.9775,5.5361,12.4232,9.2845
E0094,2026-03-06T00:00:00Z,3.5351,2.8394,5.0379,5.4112,11.3758,9.4882
E0095,2026-03-06T00:00:00Z,1.926,-0.5361,3.453,4.2821,11.6666,7.9701
E0096,2026-03-06T00:00:00Z,2.7372,2.6825,3.1768,4.7478,10.217,9.6766
E0097,2026-03-06T00:00:00Z,2.8835,-0.1599,3.1462,6.2262,10.5716,10.8233
E0098,2026-03-06T00:00:00Z,3.3773,0.0035,4.2361,5.5098,10.9219,7.9693
E0099,2026-03-06T00:00:00Z,3.764,-0.5248,4.45,6.0166,12.4148,9.6995
E0100,2026-03-06T00:00:00Z,2.4559,1.4278,4.682,5.1659,11.3594,9.2541
E0101,2026-03-06T00:00:00Z,2.6198,-0.9273,4.2913,5.9975,13.546,7.8274
E0102,2026-03-06T00:00:00Z,3.542,-0.8505,4.1926,5.5538,9.7344,10.3028
E0103,2026-03-06T00:00:00Z,2.7839,1.5497,4.0296,4.981,12.5568,11.2225
E0104,2026-03-06T00:00:00Z,2.5688,0.3457,3.9942,5.3424,11.8091,8.88
E0105,2026-03-06T00:00:00Z,2.95,-0.2883,2.0,6.0219,11.157,7.6885
E0106,2026-03-06T00:00:00Z,3.1351,2.3859,3.9816,6.1435,13.108,9.3485
E0107,2026-03-06T00:00:00Z,2.6851,2.3028,1.7865,5.0017,10.5919,8.8297
E0108,2026-03-06T00:00:00Z,1.3314,0.2654,4.568,5.6326,12.1402,10.7288
E0109,2026-03-06T00:00:00Z,3.263,0.4584,3.4491,5.8502,11.3824,9.3078
E0110,2026-03-06T00:00:00Z,3.1613,1.2457,2.2635,5.4919,10.4245,9.5622
E0111,2026-03-06T00:00:00Z,3.168,2.7001,5.9386,5.5257,11.9408,9.2323
E0112,2026-03-06T00:00:00Z,3.5047,-0.5792,5.8542,4.8769,10.9397,9.14
E0113,2026-03-06T00:00:00Z,2.6394,1.4745,2.1828,6.2861,11.0309,11.0149
E0114,2026-03-06T00:00:00Z,3.3916,2.6276,3.8549,6.297,11.3302,9.4726
E0115,2026-03-06T00:00:00Z,3.3063,2.7309,3.1139,5.1632,11.3383,10.2661
E0116,2026-03-06T00:00:00Z,3.2898,-1.8953,6.3841,5.745,10.7025,10.8929
E0117,2026-03-06T00:00:00Z,2.6818,-0.3829,5.3096,6.5943,11.9459,11.2244
E0118,2026-03-06T00:00:00Z,2.73,1.3032,1.6447,6.5272,11.4495,11.3941
E0119,2026-03-06T00:00:00Z,3.1466,2.9466,3.473,5.3617,11.1922,10.272
E0120,2026-03-06T00:00:00Z,1.6461,-0.7901,5.1445,5.0639,10.5565,11.1269
E0121,2026-03-06T00:00:00Z,2.9885,0.562,3.592,6.2441,12.7629,9.7735
E0122,2026-03-06T00:00:00Z,2.9837,0.3339,4.9055,5.9154,11.2789,8.7832
E0123,2026-03-06T00:00:00Z,2.5916,-0.658,3.1825,5.1101,10.1236,9.6958
E0124,2026-03-06T00:00:00Z,2.7536,1.6097,3.8556,5.0521,12.9119,10.7378
E0125,2026-03-06T00:00:00Z,2.92,0.0968,4.3357,5.248,11.3382,7.7695
E0126,2026-03-06T00:00:00Z,2.8366,2.2397,4.1527,5.1198,10.7881,9.8955
E0127,2026-03-06T00:00:00Z,3.6032,0.52,5.2934,4.9145,11.3307,8.6669
E0128,2026-03-06T00:00:00Z,2.5154,2.0765,3.3015,5.2701,10.7302,7.9187
E0129,2026-03-06T00:00:00Z,1.9701,-1.5553,6.1289,4.965,12.4877,8.6629
E0130,2026-03-06T00:00:00Z,2.2701,3.2981,2.4598,4.6008,12.6199,8.9006
E0131,2026-03-06T00:00:00Z,1.9908,1.3729,3.9744,4.8687,12.094,11.0558
E0132,2026-03-06T00:00:00Z,2.4654,-1.3691,2.9477,4.8447,13.3958,9.6708
E0133,2026-03-06T00:00:00Z,2.998,-0.5032,5.0511,5.9917,12.0402,9.5151
E0134,2026-03-06T00:00:00Z,2.4887,-1.4406,3.2982,4.3464,11.537,7.5341
E0135,2026-03-06T00:00:00Z,2.6004,1.6629,2.4225,6.3368,11.0418,10.9709
E0136,2026-03-06T00:00:00Z,2.7107,0.0948,1.0698,5.3168,10.3545,9.1743
E0137,2026-03-06T00:00:00Z,2.526,1.0274,5.2139,4.8271,13.9644,9.1309
E0138,2026-03-06T00:00:00Z,2.2279,-1.5442,2.3106,5.7708,10.5082,11.2771
E0139,2026-03-06T00:00:00Z,2.8243,-2.6107,2.825,5.9882,10.3268,9.2946
E0140,2026-03-06T00:00:00Z,3.2497,0.6671,3.5597,5.8131,11.9038,9.5535
E0141,2026-03-06T00:00:00Z,1.5394,1.4609,5.1074,5.6852,12.7067,10.1021
E0142,2026-03-06T00:00:00Z,3.6149,1.9261,2.1831,4.9856,9.7317,8.0904
E0143,2026-03-06T00:00:00Z,2.4327,0.8073,4.367,5.8974,9.8693,11.3047
E0144,2026-03-06T00:00:00Z,2.7195,-0.963,1.0503,6.6117,10.8538,10.7685
E0145,2026-03-06T00:00:00Z,3.8387,1.6055,3.893,5.1897,9.9513,10.381
E0146,2026-03-06T00:00:00Z,2.7861,0.5912,2.336,5.0875,13.0038,10.3809
E0147,2026-03-06T00:00:00Z,2.7543,1.8393,2.058,6.1365,10.317,9.8392
E0148,2026-03-06T00:00:00Z,2.5601,0.1015,1.9264,5.8787,12.036,9.1137
E0149,2026-03-06T00:00:00Z,3.8091,1.3434,4.9607,4.9362,11.8026,9.9725
E0000,2026-03-07T00:00:00Z,2.6024,1.7782,2.2174,6.3092,10.8929,9.7571
E0001,2026-03-07T00:00:00Z,2.2683,1.2122,1.1944,5.9295,9.0542,10.9802
E0002,2026-03-07T00:00:00Z,2.5594,-1.8759,3.9788,5.7139,11.5893,10.8551
E0003,2026-03-07T00:00:00Z,3.1379,1.6182,2.3994,5.4033,10.0765,9.7606
E0004,2026-03-07T00:00:00Z,3.7189,3.0093,2.2882,5.6896,12.7144,8.7032
E0005,2026-03-07T00:00:00Z,3.6812,4.4118,1.2667,5.3745,12.6439,10.8849
E0006,2026-03-07T00:00:00Z,2.8698,-1.5763,4.7501,4.3776,11.4167,8.2024
E0007,2026-03-07T00:00:00Z,2.0533,2.5839,5.43,5.0087,11.2624,8.4942
E0008,2026-03-07T00:00:00Z,3.0264,1.0709,4.3121,5.6654,10.2512,8.9769
E0009,2026-03-07T00:00:00Z,3.4611,1.7612,4.1145,4.7767,11.6244,10.3559
E0010,2026-03-07T00:00:00Z,3.1702,-2.5422,3.8588,5.0802,11.9096,9.6698
E0011,2026-03-07T00:00:00Z,2.593,-0.4201,5.0436,6.2236,11.0148,8.6822
E0012,2026-03-07T00:00:00Z,3.7879,1.2121,3.3575,5.8771,10.3948,9.0213
E0013,2026-03-07T00:00:00Z,3.4069,1.2669,4.7653,4.5486,11.1644,9.3192
E0014,2026-03-07T00:00:00Z,3.5039,1.2379,4.6676,5.1216,11.7653,11.5334
E0015,2026-03-07T00:00:00Z,2.5719,0.5085,6.2806,4.5595,9.8204,9.3237
E0016,2026-03-07T00:00:00Z,2.3925,4.052,1.6108,5.4431,11.712,9.3263
E0017,2026-03-07T00:00:00Z,2.395,0.9724,2.5998,4.8497,10.7928,8.585
E0018,2026-03-07T00:00:00Z,3.4012,1.3247,3.096,5.7744,14.0527,10.5452
E0019,2026-03-07T00:00:00Z,2.5043,2.1415,3.9194,5.1821,11.4498,6.8885
E0020,2026-03-07T00:00:00Z,3.4099,-0.9494,2.3049,5.8843,11.6279,8.4501
E0021,2026-03-07T00:00:00Z,3.0396,1.6165,3.0166,5.1018,9.9634,9.3802
E0022,2026-03-07T00:00:00Z,2.7751,1.627,4.0521,5.8897,11.0266,10.2164
E0023,2026-03-07T00:00:00Z,3.2581,-1.0855,5.7514,5.0805,9.7172,10.4072
E0024,2026-03-07T00:00:00Z,3.7697,0.9813,3.6747,4.6852,10.6006,10.1768
E0025,2026-03-07T00:00:00Z,3.322,1.929,5.069,4.7029,10.3825,10.196
E0026,2026-03-07T00:00:00Z,2.5597,1.3626,4.7405,5.7903,10.6178,9.7895
E0027,2026-03-07T00:00:00Z,2.6578,3.7627,3.3378,5.5239,9.3043,8.4211
E0028,2026-03-07T00:00:00Z,3.1548,1.1168,6.0055,5.7027,11.7727,8.9692
E0029,2026-03-07T00:00:00Z,3.0735,0.0652,4.61,5.3478,11.5218,11.0284
E0030,2026-03-07T00:00:00Z,3.1703,0.9225,2.9294,5.3138,11.2436,9.3759
E0031,2026-03-07T00:00:00Z,3.5798,1.1828,3.7909,5.1882,11.7186,8.6963
E0032,2026-03-07T00:00:00Z,2.8426,-1.8497,3.7868,5.6725,11.6559,8.3326
E0033,2026-03-07T00:00:00Z,1.5445,2.8927,5.7736,5.3123,10.061,9.1077
E0034,2026-03-07T00:00:00Z,2.6774,-1.0689,4.4203,5.2904,10.885,8.5311
E0035,2026-03-07T00:00:00Z,2.7001,1.7698,1.5269,5.6396,10.9092,11.7316
E0036,2026-03-07T00:00:00Z,4.8981,0.7821,4.6381,4.5858,9.9585,9.2295
E0037,2026-03-07T00:00:00Z,3.4307,-1.4705,2.8013,5.2443,10.4002,9.2027
E0038,2026-03-07T00:00:00Z,2.8241,2.4756,5.3585,5.8386,12.5822,8.6578
E0039,2026-03-07T00:00:00Z,3.4313,0.158,6.1384,6.2114,11.6161,8.5258
E0040,2026-03-07T00:00:00Z,2.5002,0.3063,5.8253,5.54,11.8392,10.2686
E0041,2026-03-07T00:00:00Z,2.8189,1.9737,0.9219,5.8562,12.5647,8.9827
E0042,2026-03-07T00:00:00Z,2.2394,1.4103,1.2824,5.6813,10.1764,10.5478
E0043,2026-03-07T00:00:00Z,2.5005,2.6494,4.4538,4.8762,10.9528,8.9328
E0044,2026-03-07T00:00:00Z,2.91,1.8512,5.386,4.5881,11.9739,9.7062
E0045,2026-03-07T00:00:00Z,3.0284,-2.5445,4.7498,6.3393,11.7926,10.071
E0046,2026-03-07T00:00:00Z,2.7344,0.1988,2.037,5.1203,10.8315,10.2132
E0047,2026-03-07T00:00:00Z,2.5179,1.5696,5.4199,6.214,12.6368,10.0563
E0048,2026-03-07T00:00:00Z,2.7253,0.1817,4.3081,4.7943,10.9558,7.7719
E0049,2026-03-07T00:00:00Z,2.3868,2.8109,2.6266,5.2221,9.9902,10.0196
E0050,2026-03-07T00:00:00Z,3.0407,-2.1652,0.545,6.0684,12.0003,8.2002
E0051,2026-03-07T00:00:00Z,3.6008,-0.5197,2.8199,5.7873,10.9504,8.0592
E0052,2026-03-07T00:00:00Z,4.2437,0.319,3.597,5.831,11.9979,9.9094
E0053,2026-03-07T00:00:00Z,2.2918,0.1172,4.2849,5.9926,10.7841,7.7995
E0054,2026-03-07T00:00:00Z,2.989,0.704,4.1011,4.7764,10.9726,9.8754
E0055,2026-03-07T00:00:00Z,2.0399,-1.6413,1.6231,5.5804,10.0628,10.7743
E0056,2026-03-07T00:00:00Z,2.0861,2.0999,2.6244,5.5091,12.2418,9.2195
E0057,2026-03-07T00:00:00Z,2.0091,1.521,4.9913,4.6788,12.7829,10.3857
E0058,2026-03-07T00:00:00Z,2.105,1.0356,4.7653,4.6453,11.5077,9.1594
E0059,2026-03-07T00:00:00Z,2.987,-0.1759,5.5356,5.051,11.6339,11.4435
E0060,2026-03-07T00:00:00Z,2.3304,0.5561,3.6304,7.221,10.4881,10.5386
E0061,2026-03-07T00:00:00Z,3.0617,-0.0918,4.5774,4.1405,12.7674,9.1783
E0062,2026-03-07T00:00:00Z,3.0005,0.8425,4.0778,5.0255,10.754,9.7696
E0063,2026-03-07T00:00:00Z,2.6403,3.1271,2.6491,5.3285,10.3245,9.5041
E0064,2026-03-07T00:00:00Z,2.9882,0.7986,3.7395,4.5593,9.8783,7.9366
E0065,2026-03-07T00:00:00Z,2.5534,2.264,2.5762,5.9557,10.1091,7.7872
E0066,2026-03-07T00:00:00Z,3.1146,3.8031,3.6014,5.3551,11.3123,10.6007
E0067,2026-03-07T00:00:00Z,4.0092,-0.0821,4.8606,5.7271,12.0427,9.2179
E0068,2026-03-07T00:00:00Z,3.1392,1.9068,5.2123,5.5168,14.1059,7.6838
E0069,2026-03-07T00:00:00Z,2.5829,-0.5052,7.3263,4.2997,10.4301,9.5379
E0070,2026-03-07T00:00:00Z,3.4171,2.0539,3.2664,5.3576,10.0698,9.8664
E0071,2026-03-07T00:00:00Z,2.5881,-1.1521,4.0382,6.0572,11.384,9.9241
E0072,2026-03-07T00:00:00Z,3.509,1.6483,4.8995,4.8062,13.2476,8.6237
E0073,2026-03-07T00:00:00Z,2.7494,1.9481,2.7969,5.8883,10.3701,9.438
E0074,2026-03-07T00:00:00Z,4.0148,-0.0972,3.6825,4.9419,9.7206,9.2119
E0075,2026-03-07T00:00:00Z,2.2872,1.3291,5.5304,5.4593,11.4997,9.3259
E0076,2026-03-07T00:00:00Z,3.2118,2.885,2.6673,6.017,12.6522,7.0394
E0077,2026-03-07T00:00:00Z,2.2338,-1.1276,3.6918,5.5331,12.7541,9.8483
E0078,2026-03-07T00:00:00Z,3.3823,0.1351,5.2656,5.8689,10.5372,8.8879
E0079,2026-03-07T00:00:00Z,3.0798,1.0584,3.2019,5.2284,10.8992,8.4818
E0080,2026-03-07T00:00:00Z,2.683,-0.8488,4.518,5.4191,12.9666,8.7893
E0081,2026-03-07T00:00:00Z,2.1884,2.999,4.4851,6.5998,12.2619,10.5243
E0082,2026-03-07T00:00:00Z,3.1792,-0.6721,1.5991,6.1517,10.5886,11.2218
E0083,2026-03-07T00:00:00Z,2.2587,2.619,3.5641,5.0482,11.601,10.9253
E0084,2026-03-07T00:00:00Z,2.5775,3.8973,3.5584,5.7965,10.5693,8.1433
E0085,2026-03-07T00:00:00Z,3.0572,0.9637,5.4311,5.417,11.4914,10.2175
E0086,2026-03-07T00:00:00Z,2.6499,-0.7532,4.3431,4.9867,12.425,10.0564
E0087,2026-03-07T00:00:00Z,3.0452,2.207,3.1924,5.902,12.5646,10.2526
E0088,2026-03-07T00:00:00Z,3.6957,0.3845,7.3481,4.5021,12.3535,9.2145
E0089,2026-03-07T00:00:00Z,2.8993,1.7151,6.9881,5.4591,10.6302,9.6141
E0090,2026-03-07T00:00:00Z,2.4198,0.6705,3.3227,5.5609,11.2115,10.9766
E0091,2026-03-07T00:00:00Z,1.9218,3.1751,3.7013,6.7792,10.6654,7.6012
E0092,2026-03-07T00:00:00Z,2.8152,3.1455,3.408,4.7631,11.241,9.7473
E0093,2026-03-07T00:00:00Z,2.6698,-2.1291,3.5361,4.8547,10.5654,7.9643
E0094,2026-03-07T00:00:00Z,1.9288,2.1102,3.2523,6.4977,10.889,9.8275
E0095,2026-03-07T00:00:00Z,2.1248,-1.2427,4.0205,3.3443,11.9388,9.3809
E0096,2026-03-07T00:00:00Z,3.4813,-0.0245,4.0341,5.3854,12.1456,10.6772
E0097,2026-03-07T00:00:00Z,2.0341,1.0056,4.5772,5.9874,10.4544,9.9435
E0098,2026-03-07T00:00:00Z,2.0496,1.5603,3.2865,5.9132,10.6512,9.3295
E0099,2026-03-07T00:00:00Z,3.363,0.8964,4.9933,6.5951,12.2431,9.482
E0100,2026-03-07T00:00:00Z,2.5689,3.5619,5.0292,5.8886,11.2658,9.7195
E0101,2026-03-07T00:00:00Z,2.7366,0.1615,6.2554,5.0315,10.4395,8.8501
E0102,2026-03-07T00:00:00Z,3.1972,2.9201,2.648,5.4817,11.5166,8.4287
E0103,2026-03-07T00:00:00Z,2.6048,2.3153,3.9525,5.0823,11.622,10.0724
E0104,2026-03-07T00:00:00Z,3.1842,0.0752,1.0229,5.5025,12.1672,9.8978
E0105,2026-03-07T00:00:00Z,2.2571,1.3958,2.6059,4.3312,10.355,10.5063
E0106,2026-03-07T00:00:00Z,3.1718,-0.2814,2.3188,5.4178,10.5679,9.481
E0107,2026-03-07T00:00:00Z,2.1813,-1.1256,3.1039,5.7573,12.5438,9.3882
E0108,2026-03-07T00:00:00Z,3.4164,1.7383,5.8348,5.6542,13.0168,8.9847
E0109,2026-03-07T00:00:00Z,2.9562,2.6357,2.5175,5.8982,11.2465,10.3499
E0110,2026-03-07T00:00:00Z,3.4401,2.7319,5.4876,4.7299,12.8038,10.2294
E0111,2026-03-07T00:00:00Z,2.7342,2.3826,3.8233,4.8689,10.2058,10.4598
E0112,2026-03-07T00:00:00Z,4.2619,0.7189,2.3577,5.5337,10.1479,9.922
E0113,2026-03-07T00:00:00Z,2.0027,-2.2354,2.7767,5.2196,10.297,8.8368
E0114,2026-03-07T00:00:00Z,1.9898,1.4435,2.7407,4.4162,11.3615,10.0117
E0115,2026-03-07T00:00:00Z,2.7526,1.9829,4.8168,4.9718,11.2616,9.4617
E0116,2026-03-07T00:00:00Z,3.0441,1.3034,4.3124,5.766,10.737,9.1574
E0117,2026-03-07T00:00:00Z,3.416,-2.3846,3.6583,4.5077,11.8437,10.1816
E0118,2026-03-07T00:00:00Z,2.9624,1.0989,4.0707,6.4306,13.407,9.4071
E0119,2026-03-07T00:00:00Z,2.2975,-1.3804,5.4844,6.0879,10.7794,11.9224
E0120,2026-03-07T00:00:00Z,1.6093,3.4396,6.1617,5.8705,9.9856,11.1823
E0121,2026-03-07T00:00:00Z,3.1714,1.2828,3.275,4.8967,12.2059,8.6307
E0122,2026-03-07T00:00:00Z,3.042,-1.3683,3.4638,4.2084,11.4655,10.1394
E0123,2026-03-07T00:00:00Z,3.1643,2.1387,2.878,5.3031,10.8714,8.6015
E0124,2026-03-07T00:00:00Z,3.0127,1.3116,4.1159,5.1367,13.111,8.9697
E0125,2026-03-07T00:00:00Z,1.4703,1.9496,4.6643,6.3456,8.9832,10.5721
E0126,2026-03-07T00:00:00Z,3.6818,-0.9748,2.3405,4.313,11.113,10.1098
E0127,2026-03-07T00:00:00Z,3.3529,0.1205,4.6378,5.4814,11.4653,10.8828
E0128,2026-03-07T00:00:00Z,2.9043,2.1011,2.7011,6.3031,11.1722,11.0445
E0129,2026-03-07T00:00:00Z,4.173,-0.6139,2.5304,5.5201,12.3075,9.7413
E0130,2026-03-07T00:00:00Z,3.5109,0.8278,4.51,5.4956,11.7348,8.1976
E0131,2026-03-07T00:00:00Z,4.1004,-2.3953,1.2188,4.5451,11.1479,11.1421
E0132,2026-03-07T00:00:00Z,2.1016,0.6073,4.1686,4.9586,11.3345,9.8864
E0133,2026-03-07T00:00:00Z,3.4297,0.492,4.5666,5.362,10.2288,8.9756
E0134,2026-03-07T00:00:00Z,2.7141,2.0583,3.0045,4.8177,11.303,9.5938
E0135,2026-03-07T00:00:00Z,1.2664,3.2214,5.7454,5.8803,11.0626,9.962
E0136,2026-03-07T00:00:00Z,2.6251,-0.3807,6.7358,5.1377,10.8316,9.6102
E0137,2026-03-07T00:00:00Z,2.2762,-0.2869,4.2672,5.3855,10.3302,9.82
E0138,2026-03-07T00:00:00Z,3.0493,2.8841,1.2831,5.2806,10.7531,11.4754
E0139,2026-03-07T00:00:00Z,2.9797,0.756,3.6338,4.7362,11.9322,9.8372
E0140,2026-03-07T00:00:00Z,2.8389,-1.1469,3.5857,4.8227,12.4568,9.8919
E0141,2026-03-07T00:00:00Z,1.7129,-1.7677,3.3968,5.6631,11.2429,7.6642
E0142,2026-03-07T00:00:00Z,2.652,0.6523,0.7424,6.2902,11.052,10.5233
E0143,2026-03-07T00:00:00Z,1.9739,-1.5224,3.2589,4.849,12.9091,9.6012
E0144,2026-03-07T00:00:00Z,3.3257,2.6648,5.4046,5.7757,11.0916,11.3472
E0145,2026-03-07T00:00:00Z,3.2854,-0.2261,3.8086,6.0162,12.3698,8.1285
E0146,2026-03-07T00:00:00Z,3.9995,2.472,2.7614,5.2114,11.584,9.4305
E0147,2026-03-07T00:00:00Z,3.8487,2.6678,4.2455,5.1382,9.9732,10.0781
E0148,2026-03-07T00:00:00Z,2.4864,0.4769,2.4417,5.8089,11.1874,8.2817
E0149,2026-03-07T00:00:00Z,3.1585,0.2678,2.8207,5.2472,11.1999,11.3214
E0000,2026-03-08T00:00:00Z,2.8118,3.201,3.7547,5.6957,11.2787,8.346
E0001,2026-03-08T00:00:00Z,3.4527,2.9458,4.0111,5.5785,11.611,9.937
E0002,2026-03-08T00:00:00Z,2.7633,1.1859,4.7365,6.0764,11.1838,10.5056
E0003,2026-03-08T00:00:00Z,1.8757,3.3048,5.7167,5.1234,11.3474,9.1638
E0004,2026-03-08T00:00:00Z,2.8501,0.238,4.6606,4.8665,11.7522,10.4204
E0005,2026-03-08T00:00:00Z,2.5979,-0.5244,4.3984,6.3507,10.4107,7.9566
E0006,2026-03-08T00:00:00Z,3.6997,0.6217,4.704,5.7654,11.3869,9.4853
E0007,2026-03-08T00:00:00Z,2.1077,1.9549,3.2679,5.2872,10.486,9.8369
E0008,2026-03-08T00:00:00Z,3.5487,2.9249,4.1638,5.8744,9.8949,10.0348
E0009,2026-03-08T00:00:00Z,3.208,-1.3557,4.3363,6.1082,11.2198,9.3084
E0010,2026-03-08T00:00:00Z,2.6268,0.0616,2.536,4.608,10.3659,10.0955
E0011,2026-03-08T00:00:00Z,2.4649,1.948,2.7987,4.6147,11.8393,8.6669
E0012,2026-03-08T00:00:00Z,3.3338,-0.9216,4.1184,4.7366,9.3324,9.173
E0013,2026-03-08T00:00:00Z,2.266,3.932,4.7052,5.5373,8.8745,7.8099
E0014,2026-03-08T00:00:00Z,2.7897,1.9421,4.3192,5.5234,10.8618,8.5698
E0015,2026-03-08T00:00:00Z,2.2974,-1.1781,2.9429,4.7473,11.8588,9.1392
E0016,2026-03-08T00:00:00Z,3.1851,1.5745,2.0253,4.7365,10.7242,10.4588
E0017,2026-03-08T00:00:00Z,3.4733,-3.2422,5.0387,5.1034,12.8673,7.9439
E0018,2026-03-08T00:00:00Z,3.3628,0.6141,3.2573,5.1507,11.6796,9.6373
E0019,2026-03-08T00:00:00Z,3.3041,-1.0103,3.3065,6.4565,12.0989,9.5837
E0020,2026-03-08T00:00:00Z,2.7296,0.9052,2.6938,5.332,11.881,9.7036
E0021,2026-03-08T00:00:00Z,2.8188,0.6386,2.5939,6.1058,11.6087,9.4429
E0022,2026-03-08T00:00:00Z,3.3613,1.691,4.0953,5.7822,12.0632,8.9793
E0023,2026-03-08T00:00:00Z,1.8574,1.9728,1.3472,5.6445,12.6507,11.113
E0024,2026-03-08T00:00:00Z,2.5552,3.1974,2.8406,4.4693,12.6106,10.4553
E0025,2026-03-08T00:00:00Z,3.8551,-1.2942,2.628,6.0278,11.38,9.9179
E0026,2026-03-08T00:00:00Z,3.2545,-1.9508,5.7092,5.6994,11.5909,9.6316
E0027,2026-03-08T00:00:00Z,3.6628,2.4188,5.3248,5.5001,11.6288,10.5366
E0028,2026-03-08T00:00:00Z,2.5596,-0.6723,1.9226,6.2117,11.3025,9.4818
E0029,2026-03-08T00:00:00Z,2.3679,4.2582,3.9936,5.2939,10.5843,9.9587
E0030,2026-03-08T00:00:00Z,2.7086,-0.3523,3.6146,6.0541,10.4998,10.2861
E0031,2026-03-08T00:00:00Z,2.9499,-1.5223,1.3479,4.4303,11.2218,10.2252
E0032,2026-03-08T00:00:00Z,4.6772,0.5972,1.9907,5.9585,10.8829,8.4095
E0033,2026-03-08T00:00:00Z,3.4628,-0.9986,4.0201,5.8141,9.8047,11.6787
E0034,2026-03-08T00:00:00Z,3.338,3.751,4.5346,5.2804,12.6902,9.3355
E0035,2026-03-08T00:00:00Z,3.0772,0.2189,6.8066,5.7547,10.6657,8.4734
E0036,2026-03-08T00:00:00Z,1.6134,0.7233,2.3988,5.0982,10.5982,8.6855
E0037,2026-03-08T00:00:00Z,2.8648,3.5385,5.3226,5.2643,10.3469,9.4444
E0038,2026-03-08T00:00:00Z,1.9887,1.7285,2.665,5.431,12.3413,9.5913
E0039,2026-03-08T00:00:00Z,3.7404,0.7276,2.0925,5.0864,11.1547,9.1458
E0040,2026-03-08T00:00:00Z,3.1268,1.5947,5.1777,4.4966,9.3724,8.7719
E0041,2026-03-08T00:00:00Z,2.5936,-1.6793,2.035,5.5107,10.3491,9.1353
E0042,2026-03-08T00:00:00Z,2.1454,0.4694,4.6544,6.0967,10.9084,7.5344
E0043,2026-03-08T00:00:00Z,3.3877,-0.5013,4.666,6.3212,9.6299,9.2737
E0044,2026-03-08T00:00:00Z,4.3061,3.1801,5.2644,5.0874,10.2962,9.5355
E0045,2026-03-08T00:00:00Z,3.0265,-0.2547,4.7135,6.0372,10.6622,9.2668
E0046,2026-03-08T00:00:00Z,3.4034,1.1518,5.8698,6.5754,13.2103,11.0636
E0047,2026-03-08T00:00:00Z,3.2863,0.1831,5.1014,5.0776,11.5932,10.2614
E0048,2026-03-08T00:00:00Z,3.9652,1.2724,3.316,6.9512,10.7824,8.8191
E0049,2026-03-08T00:00:00Z,2.7897,0.6224,3.0102,5.6171,9.8272,8.3688
E0050,2026-03-08T00:00:00Z,1.947,2.737,2.3474,5.7758,11.0169,10.0403
E0051,2026-03-08T00:00:00Z,2.2442,0.5861,1.1288,5.9168,11.3378,9.5112
E0052,2026-03-08T00:00:00Z,3.6709,1.0465,5.3379,4.9092,12.5949,9.5992
E0053,2026-03-08T00:00:00Z,2.0047,1.2284,3.0783,4.8463,12.7801,8.4949
E0054,2026-03-08T00:00:00Z,2.5884,0.4552,1.4302,5.8118,11.8053,9.4041
E0055,2026-03-08T00:00:00Z,3.9007,1.7083,3.3871,5.942,10.6971,9.2464
E0056,2026-03-08T00:00:00Z,2.4065,0.8472,2.8187,5.2367,10.0463,10.7259
E0057,2026-03-08T00:00:00Z,3.4573,0.3691,5.3419,4.7329,11.0458,7.9182
E0058,2026-03-08T00:00:00Z,4.1377,1.1167,4.6044,5.6364,12.5326,10.6637
E0059,2026-03-08T00:00:00Z,3.0114,0.6563,5.4025,4.7885,10.2667,9.9406
E0060,2026-03-08T00:00:00Z,2.9241,-1.0673,3.6586,5.5882,10.8292,9.2678
E0061,2026-03-08T00:00:00Z,2.2877,-1.5184,2.9659,5.2829,11.4321,10.3956
E0062,2026-03-08T00:00:00Z,2.5325,0.945,6.7297,5.1143,10.5497,12.974
E0063,2026-03-08T00:00:00Z,2.3269,1.5179,4.3946,5.7437,10.2419,9.0815
E0064,2026-03-08T00:00:00Z,3.3317,0.7526,2.6476,6.9636,10.8688,9.9932
E0065,2026-03-08T00:00:00Z,3.4263,1.897,4.1653,5.1227,10.2543,9.4509
E0066,2026-03-08T00:00:00Z,2.8287,1.4279,3.7229,4.7253,12.6702,10.0845
E0067,2026-03-08T00:00:00Z,1.1346,-1.4147,3.6589,5.6052,11.1407,10.2478
E0068,2026-03-08T00:00:00Z,3.8295,-1.3839,4.9434,6.4023,9.4531,10.6003
E0069,2026-03-08T00:00:00Z,2.1544,0.2258,4.0427,4.6265,10.2305,7.8945
E0070,2026-03-08T00:00:00Z,2.3418,1.7556,7.1615,5.701,11.3834,10.2155
E0071,2026-03-08T00:00:00Z,3.7162,0.5195,4.9435,3.5421,11.7625,11.6787
E0072,2026-03-08T00:00:00Z,2.8289,1.7311,2.2795,5.8196,11.1443,9.4031
E0073,2026-03-08T00:00:00Z,2.7585,1.3588,3.3348,4.8636,10.6928,11.0562
E0074,2026-03-08T00:00:00Z,3.3369,0.7901,5.4591,5.5639,8.423,10.2169
E0075,2026-03-08T00:00:00Z,2.8317,3.0633,6.8572,7.0895,10.5915,9.0874
E0076,2026-03-08T00:00:00Z,3.0701,-0.7369,1.2781,5.6812,11.6013,10.4646
E0077,2026-03-08T00:00:00Z,2.0496,0.3923,3.7435,5.6979,11.8405,9.2317
E0078,2026-03-08T00:00:00Z,3.7725,-1.0104,3.1027,5.9235,10.6371,10.0773
E0079,2026-03-08T00:00:00Z,3.5759,-0.3622,4.0693,6.1348,8.8937,9.0035
E0080,2026-03-08T00:00:00Z,2.0812,1.0487,0.6394,5.4215,10.8011,5.9006
E0081,2026-03-08T00:00:00Z,2.7503,1.2473,3.2063,4.8995,10.0118,9.5504
E0082,2026-03-08T00:00:00Z,2.6196,0.2494,4.7004,5.9252,12.5023,9.7837
E0083,2026-03-08T00:00:00Z,2.8657,0.1967,3.2207,5.0817,9.6825,9.9598
E0084,2026-03-08T00:00:00Z,2.3996,3.8237,5.6696,6.5392,11.2777,11.4046
E0085,2026-03-08T00:00:00Z,2.5934,-0.5722,5.5412,6.2166,11.5149,8.5964
E0086,2026-03-08T00:00:00Z,2.6763,3.9327,4.4624,5.5751,12.8386,10.1809
E0087,2026-03-08T00:00:00Z,1.7493,2.4158,2.0703,5.6358,11.4631,9.2505
E0088,2026-03-08T00:00:00Z,2.0515,1.2121,5.0326,6.1097,11.8959,9.544
E0089,2026-03-08T00:00:00Z,2.5623,-0.0877,2.3616,4.7017,9.8812,9.2896
E0090,2026-03-08T00:00:00Z,2.277,-0.2957,4.0378,5.5893,11.4496,9.1866
E0091,2026-03-08T00:00:00Z,3.6186,1.8112,5.0807,6.0152,10.6546,8.3418
E0092,2026-03-08T00:00:00Z,3.6128,1.3953,4.1492,5.8764,11.7713,9.3354
E0093,2026-03-08T00:00:00Z,3.8568,0.8094,2.3614,5.1747,9.0919,11.234
E0094,2026-03-08T00:00:00Z,4.0296,1.8587,1.6158,4.6357,10.2626,9.5165
E0095,2026-03-08T00:00:00Z,1.5312,-1.4438,3.6371,4.7507,13.2671,9.9772
E0096,2026-03-08T00:00:00Z,3.1514,-0.6339,4.4845,5.1437,9.676,10.4652
E0097,2026-03-08T00:00:00Z,2.5764,2.0315,5.2884,5.0746,11.8973,9.8767
E0098,2026-03-08T00:00:00Z,3.2342,1.6132,4.6404,7.1578,11.2095,8.4943
E0099,2026-03-08T00:00:00Z,2.7215,-0.0146,4.7413,5.5078,10.3973,9.0388
E0100,2026-03-08T00:00:00Z,2.5261,-0.1393,3.1502,5.4032,13.3365,8.0435
E0101,2026-03-08T00:00:00Z,3.0177,0.8011,5.6707,5.5345,10.5187,9.0751
E0102,2026-03-08T00:00:00Z,2.0348,0.7978,2.9039,5.3882,13.1187,7.6737
E0103,2026-03-08T00:00:00Z,2.635,0.0135,2.6002,5.7821,10.9839,9.0487
E0104,2026-03-08T00:00:00Z,4.7471,2.4912,4.1739,5.8297,11.2229,9.7058
E0105,2026-03-08T00:00:00Z,2.967,3.5471,4.3026,5.3057,10.9644,8.5398
E0106,2026-03-08T00:00:00Z,3.2023,0.23,1.1256,5.2441,10.5877,9.6433
E0107,2026-03-08T00:00:00Z,3.377,2.9761,4.3067,5.2015,11.1294,10.9792
E0108,2026-03-08T00:00:00Z,2.2859,2.5872,2.8221,4.842,11.2769,9.6186
E0109,2026-03-08T00:00:00Z,3.5691,2.5048,4.9036,6.2027,10.4772,11.558
E0110,2026-03-08T00:00:00Z,3.1465,0.2623,4.711,5.4001,10.1957,9.3965
E0111,2026-03-08T00:00:00Z,2.0996,1.6454,4.8608,5.976,12.0909,8.9267
E0112,2026-03-08T00:00:00Z,3.1557,0.062,3.8817,5.9741,11.4617,8.2404
E0113,2026-03-08T00:00:00Z,3.3095,1.7147,3.933,6.319,9.9917,8.0916
E0114,2026-03-08T00:00:00Z,3.9155,0.4679,6.2135,5.1161,12.3595,9.4391
E0115,2026-03-08T00:00:00Z,3.0244,2.6691,3.7864,5.3728,11.8658,8.6704
E0116,2026-03-08T00:00:00Z,2.8037,3.2855,3.784,6.1165,12.7377,10.918
E0117,2026-03-08T00:00:00Z,3.1991,4.246,4.4305,4.7724,11.8377,8.6199
E0118,2026-03-08T00:00:00Z,1.9352,1.0269,3.3784,5.6237,11.2594,9.3364
E0119,2026-03-08T00:00:00Z,3.5535,0.6761,3.7876,6.5512,13.9119,8.8631
E0120,2026-03-08T00:00:00Z,2.8988,1.1016,1.9649,5.9589,10.694,8.7014
E0121,2026-03-08T00:00:00Z,3.4147,0.4605,4.8623,5.9575,11.6112,9.4123
E0122,2026-03-08T00:00:00Z,2.7603,-1.3659,2.8044,6.2206,11.4185,10.1687
E0123,2026-03-08T00:00:00Z,3.1663,-0.3374,4.0593,4.699,12.8109,10.4464
E0124,2026-03-08T00:00:00Z,3.2605,2.2782,3.6757,6.5372,12.2117,9.3021
E0125,2026-03-08T00:00:00Z,4.1393,0.1521,2.8695,6.5484,10.8106,9.7067
E0126,2026-03-08T00:00:00Z,2.6762,-0.4687,4.4652,5.9859,11.0821,9.7646
E0127,2026-03-08T00:00:00Z,3.5059,2.3242,5.2947,4.5563,11.8221,10.3955
E0128,2026-03-08T00:00:00Z,2.5737,0.2991,3.1244,5.1073,9.9983,9.739
E0129,2026-03-08T00:00:00Z,2.9818,1.7142,3.1108,5.4076,10.1444,10.9653
E0130,2026-03-08T00:00:00Z,2.8935,0.095,2.3998,6.0295,10.9229,10.2765
E0131,2026-03-08T00:00:00Z,3.5989,2.0998,1.1225,5.0513,11.2446,10.8545
E0132,2026-03-08T00:00:00Z,2.652,2.5068,5.0875,5.9262,10.5746,10.0523
E0133,2026-03-08T00:00:00Z,2.8954,0.4421,4.5332,5.8824,12.7847,9.3998
E0134,2026-03-08T00:00:00Z,2.8707,1.6403,5.5941,6.35,8.5367,9.3014
E0135,2026-03-08T00:00:00Z,3.0989,-0.9325,2.1635,5.2149,8.5674,9.4536
E0136,2026-03-08T00:00:00Z,3.7387,-0.4403,3.9306,4.9737,12.1405,8.5375
E0137,2026-03-08T00:00:00Z,2.6564,-1.9852,1.6754,4.8626,10.8479,9.6553
E0138,2026-03-08T00:00:00Z,2.9179,0.1703,3.1027,5.4118,12.6918,9.8506
E0139,2026-03-08T00:00:00Z,2.3235,0.0343,5.0774,4.8823,9.8811,10.2806
E0140,2026-03-08T00:00:00Z,2.4237,-2.5011,6.5526,4.7128,10.9934,10.3461
E0141,2026-03-08T00:00:00Z,4.0186,-0.6854,4.4693,5.9384,11.7712,9.2583
E0142,2026-03-08T00:00:00Z,2.6785,-2.5905,5.9893,5.3081,11.3009,10.4549
E0143,2026-03-08T00:00:00Z,3.1766,-0.0518,4.094,5.4876,11.6641,10.3888
E0144,2026-03-08T00:00:00Z,3.9703,4.9094,5.9522,5.2562,12.4956,9.4808
E0145,2026-03-08T00:00:00Z,2.3822,0.0796,4.2538,5.7599,11.0998,9.8407
E0146,2026-03-08T00:00:00Z,2.6403,2.2447,4.5948,5.0182,11.4346,11.2428
E0147,2026-03-08T00:00:00Z,4.0141,1.576,3.9332,4.568,12.1357,9.8927
E0148,2026-03-08T00:00:00Z,1.7776,0.5536,1.6544,5.6716,9.7598,9.8996
E0149,2026-03-08T00:00:00Z,3.1211,0.8707,6.2475,6.5881,11.9603,9.5293
E0000,2026-03-09T00:00:00Z,3.2588,0.6381,5.7077,5.9988,12.0714,10.5795
E0001,2026-03-09T00:00:00Z,3.5815,0.6006,6.7112,5.7506,11.8777,9.9341
E0002,2026-03-09T00:00:00Z,4.037,1.3781,3.962,4.9151,10.8643,8.4125
E0003,2026-03-09T00:00:00Z,2.8202,2.0942,4.7017,5.9679,12.4712,10.549
E0004,2026-03-09T00:00:00Z,3.6767,-0.8478,4.4728,6.6346,11.4247,9.9076
E0005,2026-03-09T00:00:00Z,2.1004,0.1461,3.4616,5.5131,11.085,11.5305
E0006,2026-03-09T00:00:00Z,3.0861,-2.6288,4.8909,4.2496,9.7648,8.1243
E0007,2026-03-09T00:00:00Z,3.2517,1.4016,3.0644,4.2564,12.0977,9.7432
E0008,2026-03-09T00:00:00Z,3.143,1.5189,5.7934,5.4758,11.8673,9.2023
E0009,2026-03-09T00:00:00Z,2.6352,-1.6183,3.883,5.2433,11.312,9.6642
E0010,2026-03-09T00:00:00Z,4.1535,0.7576,4.4322,6.4233,10.2966,10.6208
E0011,2026-03-09T00:00:00Z,2.5146,-0.6505,1.1117,5.3299,11.7441,9.297
E0012,2026-03-09T00:00:00Z,2.085,2.6284,3.5862,5.1116,12.3996,10.5618
E0013,2026-03-09T00:00:00Z,4.026,-2.7002,4.3036,5.3235,9.1756,8.9678
E0014,2026-03-09T00:00:00Z,3.0837,1.0216,4.8831,5.2409,10.158,10.0835
E0015,2026-03-09T00:00:00Z,2.533,3.3507,2.4376,4.7385,10.2783,8.3867
E0016,2026-03-09T00:00:00Z,2.7799,0.697,2.4746,6.2117,10.8765,8.2235
E0017,2026-03-09T00:00:00Z,2.307,3.9543,4.794,5.2647,11.5127,8.6838
E0018,2026-03-09T00:00:00Z,3.4395,-1.0968,1.5218,5.4481,8.7969,9.7743
E0019,2026-03-09T00:00:00Z,2.8434,0.3655,4.2322,5.9125,11.9149,10.5038
E0020,2026-03-09T00:00:00Z,3.9241,1.1451,3.82,6.1621,11.1219,10.3648
E0021,2026-03-09T00:00:00Z,4.0471,3.2272,3.7044,6.029,12.4299,8.8873
E0022,2026-03-09T00:00:00Z,2.3809,1.179,2.1533,6.4442,11.0855,9.7736
E0023,2026-03-09T00:00:00Z,3.1726,-1.1819,3.4297,5.4259,11.6743,9.2831
E0024,2026-03-09T00:00:00Z,2.3144,0.8441,3.2068,5.1197,11.5854,8.828
E0025,2026-03-09T00:00:00Z,2.08,1.0175,4.5864,5.5966,11.7879,9.7444
E0026,2026-03-09T00:00:00Z,3.2654,0.835,2.9655,5.8136,10.2183,10.1763
E0027,2026-03-09T00:00:00Z,2.4191,4.2086,3.5964,4.7757,11.5754,10.3322
E0028,2026-03-09T00:00:00Z,2.0694,0.3601,5.2196,5.5617,11.1842,10.1748
E0029,2026-03-09T00:00:00Z,2.2879,1.8987,5.1969,5.4372,10.3911,7.9987
E0030,2026-03-09T00:00:00Z,3.2676,0.1969,3.4507,4.9789,10.6892,10.0737
E0031,2026-03-09T00:00:00Z,3.4378,0.0138,5.0901,4.9829,11.3069,8.5157
E0032,2026-03-09T00:00:00Z,2.7571,-0.7701,3.4717,6.1101,10.8488,9.6259
E0033,2026-03-09T00:00:00Z,2.1661,0.7919,2.9414,5.8948,11.5801,8.9415
E0034,2026-03-09T00:00:00Z,3.3351,1.8374,4.4987,5.4349,12.447,10.0489
E0035,2026-03-09T00:00:00Z,3.7447,-0.2803,3.9759,5.4607,13.0771,7.5774
E0036,2026-03-09T00:00:00Z,3.0594,1.0294,1.7446,4.4783,9.3413,8.621
E0037,2026-03-09T00:00:00Z,3.222,1.3932,5.9642,6.2787,11.1081,9.9657
E0038,2026-03-09T00:00:00Z,2.4231,-0.7387,3.337,5.7295,12.1347,10.4818
E0039,2026-03-09T00:00:00Z,3.1633,1.212,4.512,4.6987,12.9482,8.6585
E0040,2026-03-09T00:00:00Z,2.5944,1.2792,6.8244,5.0665,11.1989,8.444
E0041,2026-03-09T00:00:00Z,3.591,-0.5865,3.2938,6.2992,10.8922,7.8078
E0042,2026-03-09T00:00:00Z,2.8453,0.6961,2.2218,6.3585,12.1118,8.9261
E0043,2026-03-09T00:00:00Z,2.1854,-0.5963,4.3532,6.548,10.2757,9.2396
E0044,2026-03-09T00:00:00Z,2.9762,-0.9457,2.7042,5.4486,11.9199,9.9456
E0045,2026-03-09T00:00:00Z,3.5724,1.5034,2.9499,4.8853,9.8012,9.5406
E0046,2026-03-09T00:00:00Z,3.5575,0.1963,2.7507,4.8943,11.7594,10.4105
E0047,2026-03-09T00:00:00Z,2.2046,-0.0315,3.2902,4.7405,10.5078,10.3227
E0048,2026-03-09T00:00:00Z,2.2964,-0.3398,3.6043,6.5554,11.6918,9.0908
E0049,2026-03-09T00:00:00Z,4.0109,-0.6865,3.6955,6.3341,11.2447,9.3181
E0050,2026-03-09T00:00:00Z,4.5272,-0.7432,4.1215,5.8289,11.8401,9.9423
E0051,2026-03-09T00:00:00Z,2.5739,0.3807,4.4609,5.5225,10.94,11.5867
E0052,2026-03-09T00:00:00Z,4.403,0.4146,5.3653,6.0834,12.6876,10.6563
E0053,2026-03-09T00:00:00Z,2.6459,0.965,5.9176,4.9553,14.1484,8.2893
E0054,2026-03-09T00:00:00Z,2.0208,0.2464,2.3882,5.0778,11.5102,9.8423
E0055,2026-03-09T00:00:00Z,3.2513,1.1084,1.7583,6.5693,9.1429,10.8582
E0056,2026-03-09T00:00:00Z,3.7516,2.2675,0.5798,5.9129,13.487,9.3823
E0057,2026-03-09T00:00:00Z,3.4214,1.907,4.1507,6.0938,13.9607,7.9815
E0058,2026-03-09T00:00:00Z,2.0006,1.117,5.4325,4.5209,10.6491,10.6986
E0059,2026-03-09T00:00:00Z,2.1565,1.7973,3.2184,5.9608,11.2281,8.7919
E0060,2026-03-09T00:00:00Z,4.1277,0.699,4.0135,5.508,10.3315,9.1438
E0061,2026-03-09T00:00:00Z,1.7338,1.1407,6.7433,4.7523,12.7232,7.6941
E0062,2026-03-09T00:00:00Z,2.8777,0.627,4.7331,5.3328,12.667,10.1138
E0063,2026-03-09T00:00:00Z,3.4224,1.2716,5.62,5.2019,11.3635,9.3606
E0064,2026-03-09T00:00:00Z,3.6777,2.2129,5.424,5.0015,8.335,9.3904
E0065,2026-03-09T00:00:00Z,2.2955,2.7223,3.2299,5.7558,11.1146,11.3735
E0066,2026-03-09T00:00:00Z,2.8637,0.3134,1.7143,4.6275,10.7346,9.3782
E0067,2026-03-09T00:00:00Z,3.4102,1.2441,5.1383,4.8593,11.2174,8.1607
E0068,2026-03-09T00:00:00Z,1.92,1.7041,2.5798,5.1185,11.4369,9.3862
E0069,2026-03-09T00:00:00Z,1.7086,-0.7229,4.2994,5.9279,9.5669,10.5173
E0070,2026-03-09T00:00:00Z,3.7284,1.3302,2.05,4.9882,11.1305,8.5475
E0071,2026-03-09T00:00:00Z,3.9455,0.2965,6.1529,4.3993,12.4375,9.4126
E0072,2026-03-09T00:00:00Z,3.3659,1.3627,1.2573,5.2931,9.1489,9.5244
E0073,2026-03-09T00:00:00Z,2.3151,-0.9791,3.2725,5.6616,10.3236,11.6441
E0074,2026-03-09T00:00:00Z,3.4266,1.4395,4.4868,5.8701,11.2901,9.7032
E0075,2026-03-09T00:00:00Z,3.607,0.1644,4.8952,5.3735,13.3228,10.9744
E0076,2026-03-09T00:00:00Z,3.1134,-2.0478,1.4672,5.1445,10.7106,9.6823
E0077,2026-03-09T00:00:00Z,2.9838,3.9329,4.4749,5.246,11.8812,8.8949
E0078,2026-03-09T00:00:00Z,2.3169,2.3701,2.5125,5.21,12.2324,10.0554
E0079,2026-03-09T00:00:00Z,1.4132,-1.1985,2.4285,5.0446,12.4347,8.9391
E0080,2026-03-09T00:00:00Z,2.9418,-0.0126,3.3064,5.6587,9.6071,8.7047
E0081,2026-03-09T00:00:00Z,2.9004,-0.5286,1.9429,4.338,12.9121,8.8352
E0082,2026-03-09T00:00:00Z,2.0355,1.091,3.6883,5.2823,11.5995,9.7011
E0083,2026-03-09T00:00:00Z,4.3238,-0.5599,2.3373,6.2682,10.695,11.0121
E0084,2026-03-09T00:00:00Z,2.8012,1.5459,3.9214,6.2319,11.2869,11.0609
E0085,2026-03-09T00:00:00Z,3.0611,-0.7613,4.0336,4.3045,12.1073,9.8703
E0086,2026-03-09T00:00:00Z,1.9357,2.2682,4.2973,5.2043,10.3926,10.6013
E0087,2026-03-09T00:00:00Z,2.9931,2.6861,4.3469,6.0975,10.5646,10.5928
E0088,2026-03-09T00:00:00Z,2.5475,0.8429,2.1871,5.8616,10.7657,9.5396
E0089,2026-03-09T00:00:00Z,3.4774,-1.7011,0.9594,5.5609,11.4311,9.0361
E0090,2026-03-09T00:00:00Z,2.2193,1.5401,3.902,6.0533,12.4115,10.7358
E0091,2026-03-09T00:00:00Z,1.7784,-0.3236,3.776,6.3445,10.2902,9.3813
E0092,2026-03-09T00:00:00Z,2.6474,2.3592,2.8183,4.1516,12.1893,9.2369
E0093,2026-03-09T00:00:00Z,3.3871,3.6877,4.8731,6.5612,11.796,7.9452
E0094,2026-03-09T00:00:00Z,1.5544,0.7897,4.8572,5.2573,12.0249,8.6946
E0095,2026-03-09T00:00:00Z,3.4621,1.8983,3.2325,5.3636,10.6884,10.436
E0096,2026-03-09T00:00:00Z,3.4363,0.0708,1.3609,5.6747,11.1059,9.2021
E0097,2026-03-09T00:00:00Z,3.9283,-0.6615,3.4684,5.6878,10.9642,10.5759
E0098,2026-03-09T00:00:00Z,3.0614,1.2033,3.7855,4.9368,12.5569,9.2452
E0099,2026-03-09T00:00:00Z,2.5196,3.7362,2.0556,5.5474,12.3872,8.6034
E0100,2026-03-09T00:00:00Z,2.8884,-0.0164,4.782,6.2314,12.2702,9.2189
E0101,2026-03-09T00:00:00Z,2.9565,0.5413,4.1911,5.2384,10.7883,11.6294
E0102,2026-03-09T00:00:00Z,2.5221,-0.3067,1.9191,5.7408,11.1964,9.8285
E0103,2026-03-09T00:00:00Z,3.4314,1.5482,6.5233,5.7158,11.7935,8.6663
E0104,2026-03-09T00:00:00Z,3.0134,0.8026,1.5842,5.5006,11.4587,10.2443
E0105,2026-03-09T00:00:00Z,3.002,-0.6359,4.2905,6.2028,9.3058,9.4587
E0106,2026-03-09T00:00:00Z,3.2039,-0.8891,5.4227,6.3238,10.0839,10.966
E0107,2026-03-09T00:00:00Z,2.5239,0.1429,4.8201,5.3077,11.7093,9.7324
E0108,2026-03-09T00:00:00Z,2.905,0.1154,4.0586,5.2182,10.5161,10.3908
E0109,2026-03-09T00:00:00Z,2.7325,1.3747,3.7608,5.0967,11.1259,9.6331
E0110,2026-03-09T00:00:00Z,3.5165,-0.6396,4.3829,4.6047,11.7315,9.2353
E0111,2026-03-09T00:00:00Z,1.955,0.8166,4.6244,5.4482,10.3366,10.3115
E0112,2026-03-09T00:00:00Z,3.6994,-0.1211,3.7127,5.3433,11.0132,10.0527
E0113,2026-03-09T00:00:00Z,2.5431,2.6966,2.5384,6.1285,11.0176,11.178
E0114,2026-03-09T00:00:00Z,2.933,0.3805,4.0365,5.7036,11.0955,9.4951
E0115,2026-03-09T00:00:00Z,2.2306,-1.2403,3.7214,5.7434,10.6155,9.0721
E0116,2026-03-09T00:00:00Z,2.8427,0.1482,5.0877,6.1282,11.2417,10.9187
E0117,2026-03-09T00:00:00Z,3.8254,0.7066,1.5699,4.5789,9.1745,8.0199
E0118,2026-03-09T00:00:00Z,4.2823,-0.2125,2.4073,5.5563,11.8417,8.5602
E0119,2026-03-09T00:00:00Z,2.5271,2.6243,3.8202,4.9793,10.8079,9.2036
E0120,2026-03-09T00:00:00Z,3.499,0.4414,2.7828,5.3951,12.4456,8.8184
E0121,2026-03-09T00:00:00Z,2.8842,1.2273,2.8212,5.2407,12.9447,10.3065
E0122,2026-03-09T00:00:00Z,2.9293,-1.7226,4.0124,4.5705,11.6215,10.0541
E0123,2026-03-09T00:00:00Z,3.4061,2.57,0.5599,5.5536,12.2442,9.4086
E0124,2026-03-09T00:00:00Z,1.9277,0.9598,4.2311,6.0759,11.2706,11.2982
E0125,2026-03-09T00:00:00Z,3.4849,-0.9098,4.5823,5.7071,11.0407,8.38
E0126,2026-03-09T00:00:00Z,2.2024,-0.2975,2.0802,5.6803,11.5791,8.9682
E0127,2026-03-09T00:00:00Z,4.2564,3.5283,3.6492,5.2926,10.8601,9.5371
E0128,2026-03-09T00:00:00Z,2.0229,2.5521,3.1702,5.6225,11.9779,8.2189
E0129,2026-03-09T00:00:00Z,3.9925,0.7792,4.3576,5.4632,10.7731,11.1975
E0130,2026-03-09T00:00:00Z,2.5039,-1.2654,3.0993,4.8544,12.867,8.5403
E0131,2026-03-09T00:00:00Z,4.1658,-0.1281,3.3097,5.4586,11.6487,7.8539
E0132,2026-03-09T00:00:00Z,3.4011,1.8305,2.6409,6.3311,12.2304,9.7818
E0133,2026-03-09T00:00:00Z,2.725,1.8855,2.862,6.2407,11.4312,9.151
E0134,2026-03-09T00:00:00Z,4.44,1.7575,3.46,4.2011,10.4668,9.6758
E0135,2026-03-09T00:00:00Z,2.2293,2.9094,2.1984,4.3699,10.2509,9.2414
E0136,2026-03-09T00:00:00Z,2.0792,-0.2749,4.2146,5.8031,10.4619,8.9661
E0137,2026-03-09T00:00:00Z,2.9159,0.8497,3.0052,5.9643,10.0988,9.7101
E0138,2026-03-09T00:00:00Z,2.8586,1.0963,4.4792,5.4688,13.0054,10.6721
E0139,2026-03-09T00:00:00Z,4.4741,-0.0508,1.1554,5.7542,11.5787,9.8837
E0140,2026-03-09T00:00:00Z,3.1671,-1.629,5.0647,5.1308,12.7286,8.7995
E0141,2026-03-09T00:00:00Z,3.7403,1.4404,2.0883,5.3989,9.8092,9.866
E0142,2026-03-09T00:00:00Z,3.1419,-1.1251,3.2324,5.555,11.9965,11.0987
E0143,2026-03-09T00:00:00Z,2.4054,3.1151,1.6066,4.7573,11.2294,12.3119
E0144,2026-03-09T00:00:00Z,2.5098,1.001,2.3827,5.9232,10.2747,9.2896
E0145,2026-03-09T00:00:00Z,2.9021,0.0445,2.5953,5.6303,11.1059,8.3203
E0146,2026-03-09T00:00:00Z,3.5184,-1.0057,2.4254,5.3477,11.2722,8.7892
E0147,2026-03-09T00:00:00Z,2.4188,0.8231,2.8316,5.8415,11.4855,9.0248
E0148,2026-03-09T00:00:00Z,2.543,2.0391,0.8587,6.8384,13.5989,8.5754
E0149,2026-03-09T00:00:00Z,2.2777,0.6954,4.7879,4.7524,12.4354,10.2576
E0000,2026-03-10T00:00:00Z,2.8323,-1.7158,3.5805,6.3322,12.0734,8.8577
E0001,2026-03-10T00:00:00Z,2.7433,-1.5265,3.0548,6.0178,10.5387,11.0935
E0002,2026-03-10T00:00:00Z,3.3376,0.6452,3.9443,6.1842,13.1743,8.9149
E0003,2026-03-10T00:00:00Z,4.1803,-2.9665,1.558,5.4003,11.0391,9.8834
E0004,2026-03-10T00:00:00Z,2.6252,-1.7621,4.1774,5.5672,10.0951,8.5788
E0005,2026-03-10T00:00:00Z,2.6192,-0.9227,6.5458,5.9005,9.4073,11.3491
E0006,2026-03-10T00:00:00Z,3.5956,0.9952,4.1637,4.6094,10.3133,9.5876
E0007,2026-03-10T00:00:00Z,1.7033,1.0327,6.5029,5.1721,11.9151,9.5966
E0008,2026-03-10T00:00:00Z,4.7977,-1.956,3.7238,4.4252,12.1622,10.1427
E0009,2026-03-10T00:00:00Z,3.2208,-0.2098,2.7486,4.7321,8.2985,8.6893
E0010,2026-03-10T00:00:00Z,3.6442,1.8509,4.349,5.6691,9.7729,8.0689
E0011,2026-03-10T00:00:00Z,3.0677,1.6722,4.6865,5.1651,10.0326,10.2252
E0012,2026-03-10T00:00:00Z,3.8051,1.1469,3.9803,5.107,11.5599,9.7545
E0013,2026-03-10T00:00:00Z,3.8588,-0.3598,3.693,6.4086,11.7354,8.9627
E0014,2026-03-10T00:00:00Z,4.1636,-0.7611,5.1794,5.918,11.0799,9.8189
E0015,2026-03-10T00:00:00Z,2.3897,0.0349,3.6315,5.4043,11.8904,8.7768
E0016,2026-03-10T00:00:00Z,3.3788,-2.0539,1.1459,6.2883,11.3418,10.1563
E0017,2026-03-10T00:00:00Z,2.7106,1.4643,4.1741,6.4561,10.7104,10.159
E0018,2026-03-10T00:00:00Z,4.7818,2.5228,1.9492,5.1875,11.7543,8.7129
E0019,2026-03-10T00:00:00Z,3.5759,3.0102,4.4815,4.8166,13.3914,10.4344
E0020,2026-03-10T00:00:00Z,2.2291,0.5681,3.0671,5.5337,11.9414,10.7348
E0021,2026-03-10T00:00:00Z,1.9713,0.3114,2.7713,5.5901,9.1601,10.6342
E0022,2026-03-10T00:00:00Z,2.5801,1.0379,2.4123,5.4847,10.866,10.2374
E0023,2026-03-10T00:00:00Z,2.8283,0.749,4.8494,6.6403,11.096,7.4872
E0024,2026-03-10T00:00:00Z,1.9506,0.7561,6.0986,5.5788,11.3156,7.7087
E0025,2026-03-10T00:00:00Z,3.2064,0.0773,3.504,5.0112,10.8517,9.1154
E0026,2026-03-10T00:00:00Z,3.2135,0.0988,3.5891,5.017,10.6668,10.1408
E0027,2026-03-10T00:00:00Z,3.5215,1.5638,4.5944,6.4321,10.8323,9.8748
E0028,2026-03-10T00:00:00Z,2.4381,0.6439,3.5716,6.4067,11.4876,11.2018
E0029,2026-03-10T00:00:00Z,4.3593,-1.0189,4.5594,5.1014,11.4856,8.2259
E0030,2026-03-10T00:00:00Z,2.4092,0.5129,3.8749,5.0098,10.7498,10.0507
E0031,2026-03-10T00:00:00Z,2.7618,0.311,4.5662,6.349,10.9664,9.3213
E0032,2026-03-10T00:00:00Z,3.5578,-0.3977,4.9753,5.3942,9.7315,9.9961
E0033,2026-03-10T00:00:00Z,2.4517,0.1507,3.6829,5.2738,11.0596,10.4427
E0034,2026-03-10T00:00:00Z,3.4707,0.1501,3.2859,5.9151,9.8846,9.5653
E0035,2026-03-10T00:00:00Z,3.0845,-0.091,4.6688,5.0953,11.7436,8.2894
E0036,2026-03-10T00:00:00Z,3.4283,0.1012,3.1827,4.9856,10.1229,8.3824
E0037,2026-03-10T00:00:00Z,1.645,-0.5116,2.4714,5.679,11.0066,9.3463
E0038,2026-03-10T00:00:00Z,2.685,0.2166,0.5302,5.0913,11.9704,10.8975
E0039,2026-03-10T00:00:00Z,1.8458,2.7081,3.5038,4.9213,10.9558,9.5478
E0040,2026-03-10T00:00:00Z,2.6558,3.6089,2.9298,4.2277,11.3004,10.8436
E0041,2026-03-10T00:00:00Z,2.7256,0.0325,5.2452,6.2767,12.1396,8.5656
E0042,2026-03-10T00:00:00Z,3.8394,0.3126,3.3329,4.2766,12.5985,9.5078
E0043,2026-03-10T00:00:00Z,2.5731,1.2014,3.3391,5.5929,10.9469,8.2294
E0044,2026-03-10T00:00:00Z,1.6213,0.5559,5.4319,5.257,8.9298,9.5507
E0045,2026-03-10T00:00:00Z,3.459,-1.2096,5.6833,5.3608,10.9621,8.6309
E0046,2026-03-10T00:00:00Z,1.9739,3.6604,2.1794,4.3562,11.1175,7.7343
E0047,2026-03-10T00:00:00Z,2.7142,3.3,4.0467,5.5984,10.9964,9.5858
E0048,2026-03-10T00:00:00Z,3.0631,-0.8801,4.0023,5.8947,11.661,7.892
E0049,2026-03-10T00:00:00Z,2.8112,1.2052,4.6004,6.2438,11.1412,8.6753
E0050,2026-03-10T00:00:00Z,3.207,1.9491,4.0191,5.3468,11.9456,9.2321
E0051,2026-03-10T00:00:00Z,4.1368,-0.1753,4.0954,4.5577,10.0807,9.9854
E0052,2026-03-10T00:00:00Z,2.5275,-0.0341,3.8263,5.447,12.3682,10.2779
E0053,2026-03-10T00:00:00Z,3.1491,1.4147,3.9001,5.6877,12.3665,8.7292
E0054,2026-03-10T00:00:00Z,2.9967,-1.6081,2.4572,6.8998,12.0278,10.5363
E0055,2026-03-10T00:00:00Z,2.1701,2.886,6.2933,4.6318,11.1368,8.6302
E0056,2026-03-10T00:00:00Z,3.0479,-1.9975,4.0903,5.7424,11.964,7.8902
E0057,2026-03-10T00:00:00Z,3.0532,1.4191,1.915,5.6327,11.0398,9.1519
E0058,2026-03-10T00:00:00Z,2.2022,3.6033,4.4854,6.2645,11.1037,9.69
E0059,2026-03-10T00:00:00Z,1.9205,-0.5943,3.8681,5.2402,12.9637,7.8701
E0060,2026-03-10T00:00:00Z,3.1175,1.0171,4.638,5.2025,10.9184,9.5684
E0061,2026-03-10T00:00:00Z,2.9349,-1.729,4.0563,5.4333,9.3304,8.4097
E0062,2026-03-10T00:00:00Z,3.1784,-0.1667,3.2463,6.333,11.3406,11.1251
E0063,2026-03-10T00:00:00Z,3.0174,0.9604,3.5602,5.5351,11.408,8.1478
E0064,2026-03-10T00:00:00Z,2.7341,1.6322,3.7741,5.6624,11.6721,10.2243
E0065,2026-03-10T00:00:00Z,3.104,0.4876,4.323,5.3317,12.2993,10.4656
E0066,2026-03-10T00:00:00Z,4.1212,-0.0428,2.8127,3.8435,11.2806,11.1252
E0067,2026-03-10T00:00:00Z,3.6963,0.7981,0.7097,5.8893,12.4217,7.8473
E0068,2026-03-10T00:00:00Z,3.2403,0.7626,4.3342,4.5193,11.8518,8.6813
E0069,2026-03-10T00:00:00Z,3.1813,1.845,5.0197,5.062,10.0209,12.8746
E0070,2026-03-10T00:00:00Z,1.4415,-0.6539,5.2972,5.8376,11.235,7.9198
E0071,2026-03-10T00:00:00Z,2.0811,1.4955,4.7175,4.2781,12.2975,10.2612
E0072,2026-03-10T00:00:00Z,4.3308,-1.0662,5.9708,5.6385,10.3381,9.92
E0073,2026-03-10T00:00:00Z,2.362,1.9154,2.7962,5.2712,13.2678,7.649
E0074,2026-03-10T00:00:00Z,1.765,0.9762,1.4353,5.1501,11.8998,11.4885
E0075,2026-03-10T00:00:00Z,2.4627,2.9145,3.2897,5.824,11.5132,9.8348
E0076,2026-03-10T00:00:00Z,3.3142,2.3915,6.2207,5.4106,11.3124,8.8496
E0077,2026-03-10T00:00:00Z,2.152,-0.6009,4.9282,5.2479,11.4364,9.7252
E0078,2026-03-10T00:00:00Z,3.1381,0.6747,3.1468,6.1241,10.4701,9.6424
E0079,2026-03-10T00:00:00Z,3.7633,2.5973,4.1383,4.7708,9.7056,10.8337
E0080,2026-03-10T00:00:00Z,2.8947,1.8201,5.2824,4.8903,12.1599,9.9381
E0081,2026-03-10T00:00:00Z,4.9282,0.4077,3.3996,5.0345,10.2901,8.2872
E0082,2026-03-10T00:00:00Z,3.0649,2.5917,3.6795,5.1619,10.168,9.0551
E0083,2026-03-10T00:00:00Z,3.4542,0.8602,4.3422,5.4735,10.626,9.3243
E0084,2026-03-10T00:00:00Z,3.3372,1.8582,1.3087,5.5898,11.9206,10.3755
E0085,2026-03-10T00:00:00Z,2.6181,0.7459,4.1577,4.6968,11.7612,9.2251
E0086,2026-03-10T00:00:00Z,1.9231,-1.687,2.1709,5.3793,11.2597,9.944
E0087,2026-03-10T00:00:00Z,3.037,5.4841,3.5243,6.0716,10.6614,9.9637
E0088,2026-03-10T00:00:00Z,2.0787,1.9826,3.5232,5.2385,12.1565,7.0991
E0089,2026-03-10T00:00:00Z,1.9245,-1.1431,4.9724,5.882,11.0628,10.4334
E0090,2026-03-10T00:00:00Z,3.5067,-0.9975,5.392,4.5467,11.1833,7.4692
E0091,2026-03-10T00:00:00Z,2.3574,-0.3424,5.2295,5.332,10.7624,9.3313
E0092,2026-03-10T00:00:00Z,2.055,-1.6934,3.2402,5.9112,12.6072,10.3302
E0093,2026-03-10T00:00:00Z,1.7025,0.9138,4.4778,5.3038,11.2,7.7161
E0094,2026-03-10T00:00:00Z,1.7719,-1.3139,4.5887,6.1683,11.1643,9.085
E0095,2026-03-10T00:00:00Z,4.0052,2.5477,2.7188,4.974,12.2316,9.7657
E0096,2026-03-10T00:00:00Z,2.5193,1.015,5.4942,5.9706,11.0521,9.7985
E0097,2026-03-10T00:00:00Z,3.5678,2.2943,7.1088,5.0886,11.264,9.84
E0098,2026-03-10T00:00:00Z,3.5465,-1.0549,2.688,5.2216,10.6779,9.6224
E0099,2026-03-10T00:00:00Z,2.6694,0.4881,2.3043,4.8436,11.8801,11.0145
E0100,2026-03-10T00:00:00Z,2.4705,3.2614,3.5208,5.1384,11.0645,9.1629
E0101,2026-03-10T00:00:00Z,4.1172,0.2568,5.0464,4.7059,9.922,9.2669
E0102,2026-03-10T00:00:00Z,3.5989,0.1599,6.4126,5.7139,10.8655,9.1588
E0103,2026-03-10T00:00:00Z,2.666,3.3309,4.6527,5.5,10.8672,9.1908
E0104,2026-03-10T00:00:00Z,3.1559,0.488,3.8549,6.2576,10.3721,11.3483
E0105,2026-03-10T00:00:00Z,2.1667,3.9061,4.2595,5.5107,11.5887,9.464
E0106,2026-03-10T00:00:00Z,3.2163,2.6092,4.1128,5.3508,11.3955,11.0122
E0107,2026-03-10T00:00:00Z,2.3928,0.7356,4.8976,5.3385,10.8091,10.0827
E0108,2026-03-10T00:00:00Z,3.2228,2.1311,3.7702,5.5426,10.6586,9.9383
E0109,2026-03-10T00:00:00Z,4.1736,2.6274,4.5188,5.5705,11.6845,10.8433
E0110,2026-03-10T00:00:00Z,3.1246,0.0175,3.6719,6.2008,11.006,10.2695
E0111,2026-03-10T00:00:00Z,3.4443,-0.4775,5.5715,4.5924,10.9541,9.2576
E0112,2026-03-10T00:00:00Z,3.4836,0.8537,1.6989,5.1231,10.2893,10.1715
E0113,2026-03-10T00:00:00Z,1.5276,-0.6554,1.6814,5.8384,11.7985,10.7455
E0114,2026-03-10T00:00:00Z,2.9523,-0.956,4.8942,5.1544,11.794,9.977
E0115,2026-03-10T00:00:00Z,3.5115,1.7837,1.8458,5.7354,10.5138,8.2428
E0116,2026-03-10T00:00:00Z,3.1248,0.3293,3.8869,6.0802,12.3216,8.2395
E0117,2026-03-10T00:00:00Z,3.0464,0.9319,3.1845,5.9893,10.0791,10.1115
E0118,2026-03-10T00:00:00Z,2.7398,-0.9037,2.814,5.2234,11.319,10.2696
E0119,2026-03-10T00:00:00Z,3.0754,1.3929,2.1203,6.5255,10.2925,10.5478
E0120,2026-03-10T00:00:00Z,2.9666,-0.7314,4.2035,6.7374,12.7494,9.4516
E0121,2026-03-10T00:00:00Z,2.958,-0.1699,4.7049,5.2223,12.1682,9.4838
E0122,2026-03-10T00:00:00Z,4.0638,-0.084,7.4042,5.5713,9.33,10.5335
E0123,2026-03-10T00:00:00Z,3.2393,3.2163,1.1366,5.1348,12.0064,9.6242
E0124,2026-03-10T00:00:00Z,2.7331,-0.2698,5.7795,4.6913,11.1683,8.6218
E0125,2026-03-10T00:00:00Z,3.4538,1.5465,2.9625,5.4255,12.5998,8.3545
E0126,2026-03-10T00:00:00Z,2.6784,0.1303,3.8332,6.0292,11.0223,9.6943
E0127,2026-03-10T00:00:00Z,1.8578,3.158,6.0123,6.1197,11.8595,10.4725
E0128,2026-03-10T00:00:00Z,2.9898,0.3863,2.0415,5.8716,11.6974,7.6061
E0129,2026-03-10T00:00:00Z,1.5065,2.0949,4.5311,4.2743,12.4984,10.0685
E0130,2026-03-10T00:00:00Z,2.9498,2.8586,2.5182,5.0845,11.5214,8.9293
E0131,2026-03-10T00:00:00Z,3.0499,1.8162,4.1337,5.9023,10.4898,7.6486
E0132,2026-03-10T00:00:00Z,2.6734,-0.1569,4.4302,5.4637,12.6798,10.0171
E0133,2026-03-10T00:00:00Z,3.5158,4.641,4.5577,5.3718,11.3789,9.339
E0134,2026-03-10T00:00:00Z,4.3635,0.3039,1.9304,6.1953,11.8053,10.4665
E0135,2026-03-10T00:00:00Z,2.6566,-0.9807,2.4639,5.6844,10.486,8.0335
E0136,2026-03-10T00:00:00Z,2.6053,0.1226,2.4638,5.4316,10.2401,10.0697
E0137,2026-03-10T00:00:00Z,3.3108,1.1273,3.8048,5.9811,10.5996,10.6363
E0138,2026-03-10T00:00:00Z,3.7982,0.2443,4.8376,6.8957,9.727,8.6045
E0139,2026-03-10T00:00:00Z,2.805,-0.5189,4.5584,5.247,8.2902,9.8062
E0140,2026-03-10T00:00:00Z,2.6466,2.0233,5.4939,4.7317,11.3966,11.0904
E0141,2026-03-10T00:00:00Z,2.2609,1.9141,5.3475,5.0261,11.5495,9.0921
E0142,2026-03-10T00:00:00Z,3.139,-1.3646,2.8791,4.6117,13.285,8.7543
E0143,2026-03-10T00:00:00Z,3.9556,0.484,3.5381,5.1205,10.1002,9.3539
E0144,2026-03-10T00:00:00Z,4.4445,0.896,4.2116,5.17,10.3939,9.7559
E0145,2026-03-10T00:00:00Z,3.0669,1.7875,3.2568,6.2529,11.2918,10.5488
E0146,2026-03-10T00:00:00Z,2.459,1.1622,0.7556,6.1934,12.5832,8.2353
E0147,2026-03-10T00:00:00Z,1.9777,1.8062,1.5115,5.1119,11.434,9.298
E0148,2026-03-10T00:00:00Z,1.7901,1.7054,3.1632,5.2304,11.1937,8.5968
E0149,2026-03-10T00:00:00Z,3.7506,0.0515,2.2591,5.8687,11.5054,10.426
E0000,2026-03-11T00:00:00Z,3.0621,-0.1063,4.4862,5.9866,11.2634,7.8995
E0001,2026-03-11T00:00:00Z,2.0038,0.8272,3.5436,5.1819,12.1977,8.5453
E0002,2026-03-11T00:00:00Z,3.7518,0.1758,3.763,4.7171,11.3709,9.2186
E0003,2026-03-11T00:00:00Z,3.4611,2.2071,3.3171,5.4782,10.7951,10.0501
E0004,2026-03-11T00:00:00Z,3.1635,0.732,3.8637,6.1264,12.2855,7.4202
E0005,2026-03-11T00:00:00Z,3.3822,2.3632,4.1484,4.317,11.4502,9.3083
E0006,2026-03-11T00:00:00Z,3.3872,-0.1123,3.2177,5.424,10.6591,8.1126
E0007,2026-03-11T00:00:00Z,3.0532,1.9213,3.9048,4.713,10.3703,9.5477
E0008,2026-03-11T00:00:00Z,4.0491,-2.3395,2.6393,5.6562,10.6674,11.3463
E0009,2026-03-11T00:00:00Z,2.1893,1.0098,6.2685,6.0667,10.7891,8.5943
E0010,2026-03-11T00:00:00Z,3.0164,1.7704,1.677,6.5125,12.9175,9.763
E0011,2026-03-11T00:00:00Z,2.2751,3.6243,5.8525,4.781,10.7889,10.4328
E0012,2026-03-11T00:00:00Z,4.0114,2.9158,2.5037,5.9489,11.136,9.5912
E0013,2026-03-11T00:00:00Z,3.4012,1.0287,3.2712,4.9028,10.8002,9.8856
E0014,2026-03-11T00:00:00Z,2.5951,5.0918,4.5187,6.4833,10.8712,8.4227
E0015,2026-03-11T00:00:00Z,3.7197,-0.9745,5.8127,5.4778,12.3802,10.0539
E0016,2026-03-11T00:00:00Z,2.6286,3.2723,7.04,4.7964,9.4936,9.2891
E0017,2026-03-11T00:00:00Z,2.7608,2.8895,3.656,5.4575,11.2156,8.4358
E0018,2026-03-11T00:00:00Z,2.8674,-0.2129,5.3921,4.8898,12.0167,10.3902
E0019,2026-03-11T00:00:00Z,2.9434,2.5011,5.7781,5.7309,10.8513,8.666
E0020,2026-03-11T00:00:00Z,3.2429,-1.7036,5.3571,5.7243,12.3564,10.2337
E0021,2026-03-11T00:00:00Z,2.7538,1.1156,1.883,5.4189,11.7199,9.2421
E0022,2026-03-11T00:00:00Z,3.3193,0.643,4.9475,5.9314,11.6277,10.905
E0023,2026-03-11T00:00:00Z,1.6326,0.3519,3.8698,5.8602,12.4077,10.1109
E0024,2026-03-11T00:00:00Z,2.3125,0.2705,2.8317,5.7057,12.0262,9.6894
E0025,2026-03-11T00:00:00Z,3.1192,2.1869,3.5795,4.1646,10.6804,9.8179
E0026,2026-03-11T00:00:00Z,4.193,-0.5606,5.7812,5.5518,11.5254,8.0371
E0027,2026-03-11T00:00:00Z,2.8577,0.7793,5.6156,4.5593,8.7172,8.3005
E0028,2026-03-11T00:00:00Z,3.4664,0.9589,3.5341,5.2114,10.3027,9.7662
E0029,2026-03-11T00:00:00Z,3.0003,-0.0921,4.1144,5.3149,10.0658,9.942
E0030,2026-03-11T00:00:00Z,2.7372,0.2332,6.1838,5.7279,9.4192,9.0415
E0031,2026-03-11T00:00:00Z,3.1202,-1.3371,4.9184,4.6237,10.7511,9.9445
E0032,2026-03-11T00:00:00Z,3.2605,2.8509,2.7845,5.545,9.873,10.1293
E0033,2026-03-11T00:00:00Z,1.4596,0.9533,5.1244,4.8912,10.6606,8.6163
E0034,2026-03-11T00:00:00Z,3.2542,0.0778,4.2846,5.2754,11.5034,11.1223
E0035,2026-03-11T00:00:00Z,3.0225,3.059,4.5545,5.6727,10.3471,8.7605
E0036,2026-03-11T00:00:00Z,3.2169,2.9143,4.7485,5.2658,12.6072,7.9778
E0037,2026-03-11T00:00:00Z,3.3528,-0.5114,3.9935,5.4977,10.9285,8.6893
E0038,2026-03-11T00:00:00Z,2.4965,2.622,4.6962,5.3103,11.1454,10.5125
E0039,2026-03-11T00:00:00Z,3.4943,-0.0552,2.5336,4.6425,11.9185,9.5206
E0040,2026-03-11T00:00:00Z,1.8149,2.3243,3.7328,4.589,11.8063,9.0146
E0041,2026-03-11T00:00:00Z,2.6958,-0.5313,3.5712,5.3818,10.8456,7.3457
E0042,2026-03-11T00:00:00Z,2.8806,0.1798,5.2224,5.3294,11.5045,10.6635
E0043,2026-03-11T00:00:00Z,3.9242,3.0944,4.5877,6.3426,9.6033,11.1389
E0044,2026-03-11T00:00:00Z,2.6946,2.6228,4.3104,5.4819,12.1022,11.4689
E0045,2026-03-11T00:00:00Z,3.3317,-0.3139,3.7263,5.932,11.6042,9.8327
E0046,2026-03-11T00:00:00Z,2.5662,-0.6873,4.4279,4.763,11.3502,10.4313
E0047,2026-03-11T00:00:00Z,1.6423,4.6724,4.814,5.5592,11.9181,10.9312
E0048,2026-03-11T00:00:00Z,2.9022,2.1038,2.4988,7.0703,12.749,10.9746
E0049,2026-03-11T00:00:00Z,3.1792,-0.6636,4.2573,5.4976,13.5225,8.1052
E0050,2026-03-11T00:00:00Z,2.8702,2.0776,3.8497,5.8075,10.9242,9.8368
E0051,2026-03-11T00:00:00Z,3.8019,2.8322,3.9591,5.3669,10.872,8.8239
E0052,2026-03-11T00:00:00Z,2.6849,2.7555,1.0365,5.1145,11.2546,9.2711
E0053,2026-03-11T00:00:00Z,2.8737,1.023,3.1715,5.327,9.2541,11.3083
E0054,2026-03-11T00:00:00Z,2.8733,0.7533,4.3842,6.2545,9.6463,7.9792
E0055,2026-03-11T00:00:00Z,3.7553,2.7902,3.2254,5.8708,10.9802,11.4311
E0056,2026-03-11T00:00:00Z,3.1348,0.0028,6.5019,5.6007,11.179,9.9321
E0057,2026-03-11T00:00:00Z,3.0458,2.6466,5.9538,5.7977,9.712,9.7576
E0058,2026-03-11T00:00:00Z,3.0277,1.024,6.3242,5.8084,11.9202,9.3995
E0059,2026-03-11T00:00:00Z,3.4287,1.4148,3.1379,6.0578,10.389,10.7588
E0060,2026-03-11T00:00:00Z,2.438,1.8008,1.4064,5.8972,12.8286,8.1938
E0061,2026-03-11T00:00:00Z,3.4649,2.4923,2.7063,5.9607,11.9282,8.4769
E0062,2026-03-11T00:00:00Z,2.8483,-0.4081,4.5471,4.9901,11.2282,9.8519
E0063,2026-03-11T00:00:00Z,3.6827,0.6558,3.695,4.9467,10.6177,10.9632
E0064,2026-03-11T00:00:00Z,2.4442,1.9942,4.0622,6.012,10.438,8.5937
E0065,2026-03-11T00:00:00Z,1.8232,0.6137,3.6964,5.8504,11.2963,10.5927
E0066,2026-03-11T00:00:00Z,3.8359,1.61,4.0909,5.4884,11.8125,10.6468
E0067,2026-03-11T00:00:00Z,3.0297,2.7135,4.6626,4.3434,11.1008,8.6946
E0068,2026-03-11T00:00:00Z,2.9747,-1.2683,0.6758,4.9152,11.4961,10.1488
E0069,2026-03-11T00:00:00Z,3.3369,2.3427,0.9265,6.02,12.7699,9.0226
E0070,2026-03-11T00:00:00Z,4.0612,-0.1782,3.9058,4.707,8.5626,9.5241
E0071,2026-03-11T00:00:00Z,2.4114,1.9135,6.3709,5.409,10.5681,10.4313
E0072,2026-03-11T00:00:00Z,2.8229,1.1329,2.5859,5.4487,9.7034,10.3105
E0073,2026-03-11T00:00:00Z,3.3303,-2.0014,3.35,4.7091,10.3934,8.622
E0074,2026-03-11T00:00:00Z,4.2198,0.4558,3.7788,5.3168,11.4676,9.3243
E0075,2026-03-11T00:00:00Z,2.2623,-1.4982,2.9941,5.8253,12.5432,8.6782
E0076,2026-03-11T00:00:00Z,3.8025,0.21,4.7686,6.3251,10.6952,9.4253
E0077,2026-03-11T00:00:00Z,3.2741,0.2618,3.9148,5.5572,10.417,11.0895
E0078,2026-03-11T00:00:00Z,4.0829,1.0812,3.3944,6.1551,10.0342,8.9393
E0079,2026-03-11T00:00:00Z,2.9243,-0.1553,5.4352,6.0429,10.7879,9.3601
E0080,2026-03-11T00:00:00Z,1.236,0.7595,2.2688,5.923,10.7686,7.4127
E0081,2026-03-11T00:00:00Z,3.7643,0.8305,3.7866,5.4576,11.9016,10.4774
E0082,2026-03-11T00:00:00Z,4.0003,-0.847,2.881,6.0372,11.7662,11.3767
E0083,2026-03-11T00:00:00Z,3.3247,-1.8042,4.7228,6.1124,11.9839,9.2764
E0084,2026-03-11T00:00:00Z,2.1387,1.0134,1.7961,6.655,8.9253,9.2494
E0085,2026-03-11T00:00:00Z,3.0273,2.7916,5.0621,5.1151,11.692,10.4342
E0086,2026-03-11T00:00:00Z,2.8691,2.3527,3.3261,5.5043,8.8672,9.1106
E0087,2026-03-11T00:00:00Z,2.3836,1.7814,4.1433,4.0351,10.6696,11.1194
E0088,2026-03-11T00:00:00Z,2.4821,-1.1262,0.4474,5.7941,11.4992,10.4534
E0089,2026-03-11T00:00:00Z,3.3818,1.9517,2.8497,5.3812,9.2258,10.927
E0090,2026-03-11T00:00:00Z,2.9932,3.3849,4.1611,4.6628,11.8633,11.6374
E0091,2026-03-11T00:00:00Z,4.4298,2.8609,4.3619,6.2461,12.1503,8.7207
E0092,2026-03-11T00:00:00Z,2.3482,1.4739,3.9217,6.5754,9.6098,9.0901
E0093,2026-03-11T00:00:00Z,2.8859,2.4015,4.8278,5.0545,9.7414,9.0333
E0094,2026-03-11T00:00:00Z,2.8526,0.7248,1.0278,6.2376,13.0282,8.4002
E0095,2026-03-11T00:00:00Z,2.9768,0.2805,5.7145,5.4632,10.9911,10.5241
E0096,2026-03-11T00:00:00Z,2.6692,1.5863,1.8111,5.5346,10.0181,9.3424
E0097,2026-03-11T00:00:00Z,3.1141,3.3396,4.2024,5.8835,12.3416,8.678
E0098,2026-03-11T00:00:00Z,2.465,4.3062,2.7092,4.7767,11.4668,10.538
E0099,2026-03-11T00:00:00Z,3.5072,3.4377,4.6901,5.4718,11.8298,8.0191
E0100,2026-03-11T00:00:00Z,3.0394,-1.6766,3.453,4.9528,11.5674,9.8268
E0101,2026-03-11T00:00:00Z,3.4001,1.3583,1.892,5.8068,9.8391,9.334
E0102,2026-03-11T00:00:00Z,3.8683,-0.0297,4.0642,5.4657,10.9444,8.8631
E0103,2026-03-11T00:00:00Z,2.2444,-2.0268,0.1229,4.0118,9.4002,9.0317
E0104,2026-03-11T00:00:00Z,3.0087,-1.9187,3.1473,5.6557,9.8974,9.5776
E0105,2026-03-11T00:00:00Z,3.9054,1.1105,3.5347,5.6114,10.6167,9.7178
E0106,2026-03-11T00:00:00Z,2.6235,-0.5165,6.0754,5.0143,12.7056,9.6813
E0107,2026-03-11T00:00:00Z,4.084,1.0474,1.9753,6.9166,11.0891,10.0925
E0108,2026-03-11T00:00:00Z,3.3344,-0.2143,2.0914,5.6114,11.6976,8.9247
E0109,2026-03-11T00:00:00Z,2.9057,2.1132,2.6565,4.7244,10.9536,9.455
E0110,2026-03-11T00:00:00Z,2.7755,1.091,1.1455,5.6941,9.3953,7.9132
E0111,2026-03-11T00:00:00Z,2.9204,1.6069,1.1685,5.7291,13.5763,9.2162
E0112,2026-03-11T00:00:00Z,2.5419,0.1397,5.0902,5.3223,12.1078,9.5812
E0113,2026-03-11T00:00:00Z,2.09,0.4584,2.0965,6.1556,11.7472,8.4972
E0114,2026-03-11T00:00:00Z,2.0753,1.6245,3.6647,5.7095,12.0036,8.8086
E0115,2026-03-11T00:00:00Z,3.7059,2.407,4.8855,6.0829,10.2583,11.3384
E0116,2026-03-11T00:00:00Z,2.8739,1.2842,5.5179,6.0422,11.1526,10.2462
E0117,2026-03-11T00:00:00Z,3.6486,0.5954,4.4562,5.7925,12.8239,8.5828
E0118,2026-03-11T00:00:00Z,3.0913,1.2227,3.391,4.8734,11.0186,10.7221
E0119,2026-03-11T00:00:00Z,3.3853,0.2918,5.2156,5.7221,12.2523,10.9273
E0120,2026-03-11T00:00:00Z,3.6028,2.403,3.6507,4.9043,11.178,9.6408
E0121,2026-03-11T00:00:00Z,2.498,-0.9203,2.2331,5.9327,12.7895,9.6312
E0122,2026-03-11T00:00:00Z,3.4063,0.2574,4.0817,5.6833,11.0193,9.0428
E0123,2026-03-11T00:00:00Z,3.0072,1.1501,3.6578,6.0114,10.8623,9.9629
E0124,2026-03-11T00:00:00Z,3.4401,-0.1557,6.5092,6.1809,11.907,9.1065
E0125,2026-03-11T00:00:00Z,2.5872,-0.4614,5.2222,4.791,11.8026,8.4323
E0126,2026-03-11T00:00:00Z,3.0554,0.1063,3.8077,6.0652,10.3616,9.93
E0127,2026-03-11T00:00:00Z,2.9901,2.0924,1.4488,6.195,10.6263,8.2896
E0128,2026-03-11T00:00:00Z,2.2939,0.8661,4.7896,6.272,12.3281,10.0698
E0129,2026-03-11T00:00:00Z,3.0472,-0.2489,3.0914,5.8446,10.617,9.2502
E0130,2026-03-11T00:00:00Z,3.1813,1.0775,1.5116,5.5419,9.2055,9.4756
E0131,2026-03-11T00:00:00Z,3.4801,3.3982,4.504,5.3798,10.2563,8.7815
E0132,2026-03-11T00:00:00Z,3.3011,3.1177,2.7282,6.6719,12.5482,9.775
E0133,2026-03-11T00:00:00Z,2.2053,0.8136,1.2414,5.2737,11.7208,8.5393
E0134,2026-03-11T00:00:00Z,3.1154,-1.6603,2.3229,6.2017,11.131,10.235
E0135,2026-03-11T00:00:00Z,2.2568,2.3634,4.8848,5.4073,11.9355,11.4313
E0136,2026-03-11T00:00:00Z,2.2038,-3.2679,2.9861,4.9305,12.4434,10.4787
E0137,2026-03-11T00:00:00Z,2.5206,-1.1872,3.7174,6.603,10.0206,8.7771
E0138,2026-03-11T00:00:00Z,4.0789,-2.9612,2.4988,6.4849,13.1474,9.3776
E0139,2026-03-11T00:00:00Z,2.6069,-0.8005,3.6609,5.7593,12.4405,8.8635
E0140,2026-03-11T00:00:00Z,3.5876,-2.098,2.7861,5.1919,12.4393,7.5181
E0141,2026-03-11T00:00:00Z,2.6699,0.5469,5.6323,5.6144,10.1803,8.9033
E0142,2026-03-11T00:00:00Z,2.2149,4.3747,3.5846,6.1658,12.1667,10.3672
E0143,2026-03-11T00:00:00Z,2.8654,2.0958,3.1002,4.3432,11.2501,9.2337
E0144,2026-03-11T00:00:00Z,3.4767,1.6712,4.6617,5.5952,12.1383,9.8912
E0145,2026-03-11T00:00:00Z,2.3032,0.3001,3.6057,5.0844,11.1755,10.2065
E0146,2026-03-11T00:00:00Z,3.1124,1.334,5.7123,5.4295,10.1646,9.7186
E0147,2026-03-11T00:00:00Z,3.5634,1.794,5.708,5.9836,11.474,10.8705
E0148,2026-03-11T00:00:00Z,1.7224,-1.8639,4.7263,4.7276,10.6192,7.9406
E0149,2026-03-11T00:00:00Z,3.0882,0.5544,2.9731,5.2396,13.8319,10.2503
E0000,2026-03-12T00:00:00Z,2.0184,1.0855,3.835,5.077,10.3536,9.977
E0001,2026-03-12T00:00:00Z,3.2185,1.6591,4.6501,5.6259,9.7732,8.8178
E0002,2026-03-12T00:00:00Z,3.1709,1.8267,4.5753,5.5276,11.7015,10.5609
E0003,2026-03-12T00:00:00Z,1.4656,1.5945,4.7362,4.9153,9.7874,8.4016
E0004,2026-03-12T00:00:00Z,1.7731,3.5653,4.7171,4.5087,10.0001,7.9982
E0005,2026-03-12T00:00:00Z,3.362,0.3441,4.6521,4.9794,12.1257,8.7667
E0006,2026-03-12T00:00:00Z,3.7831,2.9324,5.1799,5.1218,11.1996,9.8301
E0007,2026-03-12T00:00:00Z,2.5244,-0.5715,1.9662,6.0392,12.0,11.4689
E0008,2026-03-12T00:00:00Z,2.0573,3.0388,5.31,4.5612,8.9136,8.3117
E0009,2026-03-12T00:00:00Z,2.8411,0.5837,2.6653,6.3643,11.8913,11.3634
E0010,2026-03-12T00:00:00Z,2.5806,0.7637,2.5433,5.4557,11.7661,9.1186
E0011,2026-03-12T00:00:00Z,2.1108,1.5114,4.0219,5.4624,12.224,12.3253
E0012,2026-03-12T00:00:00Z,2.826,0.847,2.8082,5.8393,10.1949,7.9966
E0013,2026-03-12T00:00:00Z,2.9044,1.7292,3.214,5.8683,11.3207,9.9497
E0014,2026-03-12T00:00:00Z,2.7709,3.9832,4.3684,4.567,12.6127,9.8423
E0015,2026-03-12T00:00:00Z,4.1565,-0.9306,2.5301,5.269,13.1404,10.4377
E0016,2026-03-12T00:00:00Z,3.4805,0.4452,0.4923,5.0151,11.3581,9.7007
E0017,2026-03-12T00:00:00Z,1.0882,1.3252,2.7458,5.5037,13.3275,8.4899
E0018,2026-03-12T00:00:00Z,3.466,-0.0172,3.1707,4.855,11.5718,9.8641
E0019,2026-03-12T00:00:00Z,4.4567,1.829,2.9655,4.7416,10.9593,8.3369
E0020,2026-03-12T00:00:00Z,3.3026,3.3078,3.5001,6.2326,10.0338,11.0142
E0021,2026-03-12T00:00:00Z,3.3147,3.2152,4.2969,5.4348,12.304,9.3174
E0022,2026-03-12T00:00:00Z,3.2138,2.4412,2.4952,5.3465,10.6364,10.4867
E0023,2026-03-12T00:00:00Z,3.3125,1.3105,2.8082,6.286,12.6007,9.4712
E0024,2026-03-12T00:00:00Z,3.7974,0.7429,2.1438,6.0336,12.6423,10.2964
E0025,2026-03-12T00:00:00Z,2.8726,0.1862,2.9645,5.4881,10.6367,10.7725
E0026,2026-03-12T00:00:00Z,2.5243,-2.2388,5.3359,5.3275,11.5278,9.3804
E0027,2026-03-12T00:00:00Z,3.471,-1.1004,3.5308,5.7517,9.9934,9.2394
E0028,2026-03-12T00:00:00Z,3.9425,1.8789,3.8392,4.9031,10.585,8.912
E0029,2026-03-12T00:00:00Z,3.263,0.9283,4.163,5.1698,9.9608,7.9371
E0030,2026-03-12T00:00:00Z,2.7243,1.4036,3.8184,4.9707,12.0231,9.4747
E0031,2026-03-12T00:00:00Z,2.5862,1.6436,3.6513,5.777,9.9516,10.2666
E0032,2026-03-12T00:00:00Z,4.4957,0.4652,2.7805,4.626,10.9332,8.6506
E0033,2026-03-12T00:00:00Z,3.6974,0.1287,2.5177,5.7798,9.5581,10.2566
E0034,2026-03-12T00:00:00Z,3.577,1.7008,3.1975,4.4598,10.8747,9.929
E0035,2026-03-12T00:00:00Z,2.4325,0.4082,1.7631,5.8686,13.3171,7.3489
E0036,2026-03-12T00:00:00Z,3.1404,0.7793,5.0514,4.6967,11.5004,9.0415
E0037,2026-03-12T00:00:00Z,3.4901,3.2158,2.5557,5.492,9.3144,9.8468
E0038,2026-03-12T00:00:00Z,2.3787,1.0016,2.9122,5.5295,12.368,9.7433
E0039,2026-03-12T00:00:00Z,3.0821,1.8481,2.5119,5.5619,11.9177,10.8872
E0040,2026-03-12T00:00:00Z,1.7595,1.7817,5.1381,5.106,11.6922,8.2611
E0041,2026-03-12T00:00:00Z,2.5234,2.2885,4.7972,6.0438,11.3049,7.7062
E0042,2026-03-12T00:00:00Z,1.5661,-0.0635,2.8179,5.4012,10.6199,8.0125
E0043,2026-03-12T00:00:00Z,3.6507,0.5796,4.5242,4.2834,11.4681,9.8309
E0044,2026-03-12T00:00:00Z,2.7293,-1.803,6.813,6.4509,11.8793,9.0078
E0045,2026-03-12T00:00:00Z,3.6734,-1.8447,5.206,5.1433,11.2449,9.8488
E0046,2026-03-12T00:00:00Z,2.3441,-0.265,3.0844,5.4066,11.1245,8.9178
E0047,2026-03-12T00:00:00Z,2.5324,-1.2599,1.6018,4.9571,10.326,8.7247
E0048,2026-03-12T00:00:00Z,2.7718,0.1357,4.3888,6.1239,11.6461,10.4924
E0049,2026-03-12T00:00:00Z,2.8052,1.7301,2.0123,5.8896,11.1317,9.3263
E0050,2026-03-12T00:00:00Z,3.0582,-0.7742,1.6319,6.0491,11.3904,9.7516
E0051,2026-03-12T00:00:00Z,2.9381,3.3972,2.2681,6.427,10.7236,8.3857
E0052,2026-03-12T00:00:00Z,3.6092,0.2858,1.8827,5.7122,10.3403,9.5523
E0053,2026-03-12T00:00:00Z,2.7004,3.7917,2.4478,6.3049,11.1298,9.5904
E0054,2026-03-12T00:00:00Z,2.1648,-0.1737,5.4717,5.831,12.2292,7.8676
E0055,2026-03-12T00:00:00Z,3.0018,2.8208,4.8565,4.8218,11.6977,10.2289
E0056,2026-03-12T00:00:00Z,2.0281,1.2954,3.8299,5.2809,12.482,11.0143
E0057,2026-03-12T00:00:00Z,3.6339,0.1294,4.759,5.2535,11.029,9.936
E0058,2026-03-12T00:00:00Z,2.9736,1.7525,3.8863,5.5538,8.8405,10.502
E0059,2026-03-12T00:00:00Z,1.6346,-1.8072,3.3949,5.9825,12.7258,10.0319
E0060,2026-03-12T00:00:00Z,3.3859,-0.8578,3.7424,4.9623,9.7231,10.3754
E0061,2026-03-12T00:00:00Z,2.9417,1.7203,4.8407,4.4171,10.1238,10.0777
E0062,2026-03-12T00:00:00Z,2.8825,-0.5259,1.3713,4.9681,10.8703,9.958
E0063,2026-03-12T00:00:00Z,2.7693,0.7091,3.5414,4.9919,11.8264,9.0318
E0064,2026-03-12T00:00:00Z,2.8301,-0.9958,4.7919,5.2933,12.2681,10.8711
E0065,2026-03-12T00:00:00Z,3.9231,0.2729,3.3835,5.1073,11.0724,9.5269
E0066,2026-03-12T00:00:00Z,2.4305,3.575,5.9871,5.1466,10.6413,8.0446
E0067,2026-03-12T00:00:00Z,1.5638,0.2358,2.4922,5.477,13.5535,11.4798
E0068,2026-03-12T00:00:00Z,2.6385,1.8398,5.004,5.12,11.9401,10.1303
E0069,2026-03-12T00:00:00Z,2.6606,1.9545,4.7046,6.186,11.3746,10.6169
E0070,2026-03-12T00:00:00Z,3.7469,2.7864,3.209,5.3567,13.6477,8.9048
E0071,2026-03-12T00:00:00Z,2.1712,-0.2278,6.1135,5.6748,11.989,11.5079
E0072,2026-03-12T00:00:00Z,3.4178,2.1311,3.4572,5.9644,9.5203,10.2169
E0073,2026-03-12T00:00:00Z,3.0867,1.062,3.123,5.3134,10.6088,10.1312
E0074,2026-03-12T00:00:00Z,2.7061,0.662,2.4004,6.5512,11.1119,8.7881
E0075,2026-03-12T00:00:00Z,2.4714,-0.8003,5.0614,5.6338,12.2107,8.5288
E0076,2026-03-12T00:00:00Z,2.055,-0.1709,2.9118,6.4147,11.1812,8.6747
E0077,2026-03-12T00:00:00Z,1.7993,0.3429,4.6715,5.7592,12.1058,10.895
E0078,2026-03-12T00:00:00Z,3.5657,0.5318,4.7859,4.7922,13.3882,10.258
E0079,2026-03-12T00:00:00Z,2.768,2.3524,4.3444,5.0174,11.8908,11.2546
E0080,2026-03-12T00:00:00Z,1.6387,1.1384,1.8672,5.8122,8.8905,9.201
E0081,2026-03-12T00:00:00Z,3.2899,-0.4266,4.8862,5.7849,10.2988,8.4785
E0082,2026-03-12T00:00:00Z,2.1492,-0.0978,4.3153,5.8248,10.8412,9.2259
E0083,2026-03-12T00:00:00Z,3.345,2.6485,0.7906,6.0101,10.5095,9.205
E0084,2026-03-12T00:00:00Z,2.7937,1.6556,2.706,5.7036,9.2263,9.2156
E0085,2026-03-12T00:00:00Z,2.9002,1.8013,1.6767,5.3228,10.3317,9.2785
E0086,2026-03-12T00:00:00Z,3.6854,2.6075,4.6644,6.0632,11.8747,9.4472
E0087,2026-03-12T00:00:00Z,2.3822,3.6152,2.2739,4.9614,11.3946,6.8462
E0088,2026-03-12T00:00:00Z,4.1065,1.9943,3.3307,5.8435,11.3657,12.2844
E0089,2026-03-12T00:00:00Z,2.2085,0.5361,2.0346,6.3792,11.698,9.3997
E0090,2026-03-12T00:00:00Z,1.9339,-0.8197,4.0308,5.7292,10.1029,10.5675
E0091,2026-03-12T00:00:00Z,3.226,2.8002,3.0623,4.7115,10.4133,10.683
E0092,2026-03-12T00:00:00Z,3.1951,0.8362,3.0585,4.5837,10.4759,11.0604
E0093,2026-03-12T00:00:00Z,3.0711,0.1111,4.0216,6.0485,10.4314,10.2578
E0094,2026-03-12T00:00:00Z,2.2269,0.5776,2.6358,5.0041,11.9411,8.1862
E0095,2026-03-12T00:00:00Z,2.9323,-1.6005,6.2774,5.8953,9.7568,9.072
E0096,2026-03-12T00:00:00Z,1.7613,-0.2952,3.1308,5.7207,10.2981,10.0148
E0097,2026-03-12T00:00:00Z,4.5225,-1.4922,5.6554,6.0716,11.1089,9.3577
E0098,2026-03-12T00:00:00Z,2.5593,-0.9235,3.1108,5.5281,12.3729,9.1145
E0099,2026-03-12T00:00:00Z,3.0244,0.4498,4.8737,6.4001,11.2567,10.4053
E0100,2026-03-12T00:00:00Z,2.1591,0.5326,3.2477,5.2617,10.9465,9.7879
E0101,2026-03-12T00:00:00Z,3.3524,2.2702,5.0246,4.622,9.6947,7.5574
E0102,2026-03-12T00:00:00Z,2.1801,1.4901,3.7832,6.0247,11.7715,9.8772
E0103,2026-03-12T00:00:00Z,2.8779,-0.1619,2.8745,6.4306,10.0294,9.5946
E0104,2026-03-12T00:00:00Z,3.1418,3.0963,2.3157,4.9734,10.0328,10.1903
E0105,2026-03-12T00:00:00Z,3.2087,0.6204,1.7799,5.2937,11.3283,10.0531
E0106,2026-03-12T00:00:00Z,4.2575,1.6219,4.1857,5.1082,11.4266,10.8274
E0107,2026-03-12T00:00:00Z,3.5081,0.7544,2.7289,5.3279,10.6262,9.9323
E0108,2026-03-12T00:00:00Z,2.4407,0.3472,3.7706,4.7312,11.2986,9.9375
E0109,2026-03-12T00:00:00Z,2.8291,1.5888,7.854,5.0709,10.6088,8.425
E0110,2026-03-12T00:00:00Z,2.9981,-0.3151,4.6569,4.1402,11.4879,9.3866
E0111,2026-03-12T00:00:00Z,2.2734,2.5289,3.5415,5.6159,11.7269,10.0616
E0112,2026-03-12T00:00:00Z,3.4521,2.6398,1.8916,5.2726,10.1279,10.4971
E0113,2026-03-12T00:00:00Z,1.708,-0.1338,2.8063,5.6753,12.3817,10.0441
E0114,2026-03-12T00:00:00Z,3.5971,2.0689,2.505,4.8914,10.782,7.9287
E0115,2026-03-12T00:00:00Z,4.0004,-0.9224,1.0079,4.4227,11.6697,10.9879
E0116,2026-03-12T00:00:00Z,3.0083,2.0239,2.6862,5.4598,11.2773,7.9648
E0117,2026-03-12T00:00:00Z,2.5844,3.6806,5.7078,5.7328,10.3375,7.8893
E0118,2026-03-12T00:00:00Z,1.9055,1.0172,3.3263,6.5928,12.0867,9.4088
E0119,2026-03-12T00:00:00Z,2.2999,1.209,4.9563,4.6439,9.8507,9.0844
E0120,2026-03-12T00:00:00Z,1.7462,1.2243,3.1569,5.6887,9.9457,9.2665
E0121,2026-03-12T00:00:00Z,3.1308,-1.8577,4.4029,5.2206,12.2938,10.5037
E0122,2026-03-12T00:00:00Z,3.3952,2.8976,4.4844,5.6322,10.2367,8.743
E0123,2026-03-12T00:00:00Z,3.2689,0.5114,1.4945,4.0634,10.2003,9.6366
E0124,2026-03-12T00:00:00Z,3.1105,0.282,3.8874,5.7452,11.9787,9.8196
E0125,2026-03-12T00:00:00Z,2.3185,0.339,1.971,6.0951,11.4876,9.8161
E0126,2026-03-12T00:00:00Z,3.5241,1.4205,4.9744,5.4661,9.5713,10.0105
E0127,2026-03-12T00:00:00Z,3.2801,2.9213,5.0341,5.4519,11.9403,8.2261
E0128,2026-03-12T00:00:00Z,3.0625,-0.4974,3.2929,5.536,10.5966,7.7963
E0129,2026-03-12T00:00:00Z,3.0616,2.5616,2.4879,5.545,11.441,8.8215
E0130,2026-03-12T00:00:00Z,2.1704,0.584,2.6521,5.9346,10.1208,8.3271
E0131,2026-03-12T00:00:00Z,2.148,3.8668,3.8203,5.5698,11.9795,9.0819
E0132,2026-03-12T00:00:00Z,3.2347,0.1392,2.0959,5.1219,12.0596,10.2739
E0133,2026-03-12T00:00:00Z,2.2985,-0.8333,5.3251,5.9536,9.9193,10.19
E0134,2026-03-12T00:00:00Z,3.1608,0.015,4.5133,5.583,9.8886,10.582
E0135,2026-03-12T00:00:00Z,2.405,-0.8499,4.0612,6.0064,9.4943,10.3014
E0136,2026-03-12T00:00:00Z,1.7005,-0.4394,2.8489,5.7839,11.9536,7.4058
E0137,2026-03-12T00:00:00Z,4.2251,-1.5005,2.4272,5.7536,12.0947,8.3775
E0138,2026-03-12T00:00:00Z,2.2376,2.0209,6.8363,6.7025,10.6935,9.3708
E0139,2026-03-12T00:00:00Z,2.9143,3.0357,4.9836,4.9877,12.3794,9.8659
E0140,2026-03-12T00:00:00Z,2.4273,3.0199,2.2578,4.5987,11.8192,8.4575
E0141,2026-03-12T00:00:00Z,2.1612,-1.0499,4.6079,6.3695,10.3319,8.425
E0142,2026-03-12T00:00:00Z,1.1592,3.9336,4.0665,5.3998,10.738,10.817
E0143,2026-03-12T00:00:00Z,2.6642,-0.6508,6.6038,5.776,11.2758,10.4845
E0144,2026-03-12T00:00:00Z,1.4043,2.7184,4.4764,5.9296,11.9374,9.331
E0145,2026-03-12T00:00:00Z,3.3022,1.9037,4.094,4.5764,11.5138,8.2052
E0146,2026-03-12T00:00:00Z,2.879,1.7289,5.0347,5.7453,13.1626,8.8904
E0147,2026-03-12T00:00:00Z,3.1493,-0.2604,3.8996,6.3203,9.0428,8.8428
E0148,2026-03-12T00:00:00Z,3.8407,0.9812,4.145,5.1263,10.9043,9.09
E0149,2026-03-12T00:00:00Z,2.2781,0.801,5.1948,5.5196,12.1006,11.0943
E0000,2026-03-13T00:00:00Z,3.839,3.3665,3.9653,5.8196,12.279,8.1951
E0001,2026-03-13T00:00:00Z,3.6759,3.0948,3.0937,4.8259,12.2152,9.0642
E0002,2026-03-13T00:00:00Z,2.1836,1.5221,4.8237,5.533,10.1475,10.5507
E0003,2026-03-13T00:00:00Z,3.1672,1.1214,3.5174,4.4229,11.305,9.8232
E0004,2026-03-13T00:00:00Z,2.909,-0.8314,5.601,5.4864,10.3785,9.3138
E0005,2026-03-13T00:00:00Z,3.0653,2.2478,2.5344,5.1292,10.8992,8.4568
E0006,2026-03-13T00:00:00Z,2.8904,0.1205,2.2794,5.6393,11.9015,9.5461
E0007,2026-03-13T00:00:00Z,4.361,2.4272,4.6349,4.1668,12.1716,8.7938
E0008,2026-03-13T00:00:00Z,2.2953,2.945,3.6465,5.7555,11.9631,8.4559
E0009,2026-03-13T00:00:00Z,3.4513,0.3396,1.4512,5.2738,11.6402,10.0083
E0010,2026-03-13T00:00:00Z,3.0215,-0.7633,3.1471,5.3159,11.1983,11.4016
E0011,2026-03-13T00:00:00Z,3.6644,-0.028,4.7743,5.1844,11.143,9.5599
E0012,2026-03-13T00:00:00Z,3.7705,1.8947,3.0186,3.7477,12.3517,9.1724
E0013,2026-03-13T00:00:00Z,3.1022,0.9763,3.5556,5.5669,12.4995,8.9996
E0014,2026-03-13T00:00:00Z,2.7966,2.2937,6.3228,5.0805,11.546,9.5841
E0015,2026-03-13T00:00:00Z,3.2159,-0.6923,2.8049,5.5054,13.0254,9.3066
E0016,2026-03-13T00:00:00Z,2.7681,0.0006,4.4481,5.7517,10.4478,10.7119
E0017,2026-03-13T00:00:00Z,3.2341,1.1016,4.4643,6.3325,10.837,10.1299
E0018,2026-03-13T00:00:00Z,2.5635,-0.6838,5.8162,5.6807,9.6337,9.3489
E0019,2026-03-13T00:00:00Z,2.6369,1.3862,4.2585,5.5496,10.267,9.8191
E0020,2026-03-13T00:00:00Z,3.4365,0.9386,2.5081,5.5071,9.5973,7.2892
E0021,2026-03-13T00:00:00Z,3.5638,-0.4718,5.7305,5.569,7.9885,9.2573
E0022,2026-03-13T00:00:00Z,3.3979,1.43,1.6283,5.2562,12.3911,9.9462
E0023,2026-03-13T00:00:00Z,2.2041,1.8359,2.3378,5.5219,11.7203,10.0687
E0024,2026-03-13T00:00:00Z,2.3046,0.9278,2.5417,5.7592,11.2464,10.2909
E0025,2026-03-13T00:00:00Z,2.8684,-0.2934,4.1389,5.0367,10.9667,10.94
E0026,2026-03-13T00:00:00Z,3.4487,0.3221,4.6436,5.7586,12.5612,9.6185
E0027,2026-03-13T00:00:00Z,2.4166,-1.1596,2.2832,5.6127,10.2093,9.0017
E0028,2026-03-13T00:00:00Z,2.7763,0.5076,5.2676,4.6649,11.9088,10.1212
E0029,2026-03-13T00:00:00Z,3.2782,1.5298,4.3665,5.3022,11.387,9.9952
E0030,2026-03-13T00:00:00Z,3.3803,0.2512,2.8169,5.586,10.6835,10.7337
E0031,2026-03-13T00:00:00Z,3.3563,1.1004,5.1322,6.4335,11.8462,9.041
E0032,2026-03-13T00:00:00Z,3.066,1.08,2.998,5.2525,11.4303,9.0995
E0033,2026-03-13T00:00:00Z,4.6057,0.5008,2.4581,5.8954,11.6962,9.4392
E0034,2026-03-13T00:00:00Z,3.7045,0.9204,3.7784,5.7777,13.1858,10.7088
E0035,2026-03-13T00:00:00Z,3.4377,1.6634,4.0637,5.453,11.2867,10.2655
E0036,2026-03-13T00:00:00Z,2.9648,0.1806,2.974,6.142,11.3301,8.7346
E0037,2026-03-13T00:00:00Z,2.3488,-0.2723,3.08,5.5576,10.721,8.9404
E0038,2026-03-13T00:00:00Z,3.5506,2.6973,2.1474,5.3185,11.8765,11.5667
E0039,2026-03-13T00:00:00Z,3.1295,2.9665,2.571,5.6465,12.1256,9.1206
E0040,2026-03-13T00:00:00Z,3.1071,-1.7493,6.278,5.1837,11.7801,11.4037
E0041,2026-03-13T00:00:00Z,3.2994,1.4605,1.9058,5.7743,11.7426,9.7583
E0042,2026-03-13T00:00:00Z,3.7652,0.1273,3.9609,5.928,11.0482,8.6196
E0043,2026-03-13T00:00:00Z,3.3226,2.2169,3.9539,4.8452,9.8484,11.0459
E0044,2026-03-13T00:00:00Z,2.2194,4.1504,4.4571,5.59,11.1799,9.0681
E0045,2026-03-13T00:00:00Z,3.2453,1.4641,3.4812,5.8694,11.6645,10.1222
E0046,2026-03-13T00:00:00Z,3.7434,2.4535,3.9634,4.1463,11.5445,10.1814
E0047,2026-03-13T00:00:00Z,2.4163,1.1614,3.6965,5.6395,12.6768,10.2034
E0048,2026-03-13T00:00:00Z,2.5219,0.967,2.0936,5.6653,11.4162,8.2891
E0049,2026-03-13T00:00:00Z,4.3455,0.0209,3.0248,5.5964,12.2947,9.7481
E0050,2026-03-13T00:00:00Z,2.3894,-3.2585,4.1123,6.2566,12.8472,10.1141
E0051,2026-03-13T00:00:00Z,2.0487,0.6043,4.5065,6.3187,12.8238,10.4897
E0052,2026-03-13T00:00:00Z,3.0918,-0.532,2.1192,5.7039,10.2786,9.5584
E0053,2026-03-13T00:00:00Z,5.2141,-0.5935,3.9525,4.6767,11.0468,10.6723
E0054,2026-03-13T00:00:00Z,2.7647,-0.8811,5.4859,6.4357,12.2858,11.1139
E0055,2026-03-13T00:00:00Z,3.0097,-0.2168,3.4217,6.0102,10.73,8.926
E0056,2026-03-13T00:00:00Z,3.9203,2.6659,2.4237,6.0001,10.399,9.6199
E0057,2026-03-13T00:00:00Z,2.3701,-0.6103,4.064,4.5751,12.0575,12.3926
E0058,2026-03-13T00:00:00Z,2.239,1.3549,4.4294,5.8488,10.2443,9.0845
E0059,2026-03-13T00:00:00Z,2.4847,-0.0884,3.4047,5.4026,11.0036,12.7336
E0060,2026-03-13T00:00:00Z,3.2079,-0.3811,4.3625,5.2232,10.5038,10.3605
E0061,2026-03-13T00:00:00Z,3.3689,-0.4619,4.4251,4.2545,8.6312,8.8765
E0062,2026-03-13T00:00:00Z,3.4847,0.9755,2.3079,6.1027,10.7496,9.8082
E0063,2026-03-13T00:00:00Z,2.1918,0.9298,1.3407,6.6977,11.8838,10.433
E0064,2026-03-13T00:00:00Z,2.9718,0.6459,1.951,5.1788,10.2227,8.8069
E0065,2026-03-13T00:00:00Z,2.2228,2.4623,2.5905,4.8656,12.1167,8.1836
E0066,2026-03-13T00:00:00Z,2.6555,-0.4198,4.5052,5.2143,11.9034,9.6336
E0067,2026-03-13T00:00:00Z,1.6581,1.4879,4.6703,5.3425,9.8892,11.0154
E0068,2026-03-13T00:00:00Z,3.8492,-0.2312,3.7502,5.4817,9.5219,7.5803
E0069,2026-03-13T00:00:00Z,2.8861,1.9607,4.5652,6.3909,10.9722,9.7361
E0070,2026-03-13T00:00:00Z,3.0082,0.4824,3.9559,6.279,10.8707,9.1412
E0071,2026-03-13T00:00:00Z,2.4037,-1.3992,4.1492,4.1997,11.5965,8.6547
E0072,2026-03-13T00:00:00Z,2.2893,-1.2829,3.8003,5.2839,11.3256,10.376
E0073,2026-03-13T00:00:00Z,1.797,2.7137,2.1557,3.6667,9.9146,8.2858
E0074,2026-03-13T00:00:00Z,3.0217,0.0859,6.2466,5.2643,11.8141,9.2858
E0075,2026-03-13T00:00:00Z,4.241,1.4414,3.5609,5.4779,10.8903,10.2715
E0076,2026-03-13T00:00:00Z,3.428,3.3641,2.2954,4.1199,13.3419,9.1493
E0077,2026-03-13T00:00:00Z,1.638,-0.6078,3.1745,4.8456,11.9183,9.8107
E0078,2026-03-13T00:00:00Z,3.0422,-0.0951,4.1761,6.0103,11.1279,11.5574
E0079,2026-03-13T00:00:00Z,2.7967,2.1979,4.3308,4.9738,11.648,8.6836
E0080,2026-03-13T00:00:00Z,1.3956,0.6409,3.5981,6.2659,11.3553,7.3564
E0081,2026-03-13T00:00:00Z,3.034,1.0481,2.5071,4.8626,10.6074,9.7369
E0082,2026-03-13T00:00:00Z,3.8863,1.2868,2.2469,5.6363,9.123,8.9275
E0083,2026-03-13T00:00:00Z,2.4249,1.6306,2.8215,4.8226,12.8075,8.7857
E0084,2026-03-13T00:00:00Z,2.2195,1.8612,2.2463,4.9253,11.0382,9.7301
E0085,2026-03-13T00:00:00Z,2.8403,1.6709,4.3653,5.5988,12.2169,9.3512
E0086,2026-03-13T00:00:00Z,3.3653,2.3503,2.9649,5.2356,10.5315,10.6848
E0087,2026-03-13T00:00:00Z,1.9905,2.5594,2.993,4.7069,10.9247,9.3981
E0088,2026-03-13T00:00:00Z,3.2322,0.764,3.6282,4.0336,11.2406,8.8313
E0089,2026-03-13T00:00:00Z,2.8345,0.5025,4.6428,5.5001,10.2881,9.1637
E0090,2026-03-13T00:00:00Z,3.106,0.2887,4.6186,5.8062,9.6348,8.7877
E0091,2026-03-13T00:00:00Z,3.0261,0.5557,4.6908,5.7234,11.3408,8.8704
E0092,2026-03-13T00:00:00Z,2.9344,1.2908,3.1992,4.757,11.7378,9.7218
E0093,2026-03-13T00:00:00Z,2.2717,0.0227,3.2253,4.7226,11.3286,8.2368
E0094,2026-03-13T00:00:00Z,3.054,2.1094,4.4298,5.5829,11.7961,9.1629
E0095,2026-03-13T00:00:00Z,3.6203,1.2047,5.2825,4.8307,11.191,9.9061
E0096,2026-03-13T00:00:00Z,1.9768,-0.3384,4.0487,6.1995,9.8601,9.1623
E0097,2026-03-13T00:00:00Z,3.4424,-3.2889,1.9401,5.7557,10.4128,7.5461
E0098,2026-03-13T00:00:00Z,2.388,4.4104,4.4939,5.5802,11.6101,9.755
E0099,2026-03-13T00:00:00Z,2.3746,1.1006,5.2909,4.6964,12.1435,9.1308
E0100,2026-03-13T00:00:00Z,3.6711,2.5903,4.4903,5.4574,12.5258,9.1485
E0101,2026-03-13T00:00:00Z,3.6169,0.8388,2.4774,4.571,11.0758,10.0086
E0102,2026-03-13T00:00:00Z,3.0793,-1.7517,4.1736,4.194,10.2827,9.5722
E0103,2026-03-13T00:00:00Z,2.6442,0.8107,4.0776,6.3687,11.3243,9.4967
E0104,2026-03-13T00:00:00Z,2.7309,0.861,5.6551,6.0281,12.0793,8.0527
E0105,2026-03-13T00:00:00Z,2.8242,3.6553,6.0634,5.6415,11.9988,9.7217
E0106,2026-03-13T00:00:00Z,3.2566,1.688,1.9872,5.6485,11.9436,9.8853
E0107,2026-03-13T00:00:00Z,4.2561,1.7967,5.4469,5.6844,10.5599,11.3183
E0108,2026-03-13T00:00:00Z,2.9499,2.6022,2.1969,4.9021,12.366,8.8427
E0109,2026-03-13T00:00:00Z,3.6861,1.6203,5.442,4.733,9.863,9.3879
E0110,2026-03-13T00:00:00Z,2.9803,1.5321,5.0687,4.9633,10.509,10.2383
E0111,2026-03-13T00:00:00Z,2.0899,1.1584,2.6037,5.7979,12.6508,10.7095
E0112,2026-03-13T00:00:00Z,3.9131,2.3606,4.6438,5.9717,11.586,9.2517
E0113,2026-03-13T00:00:00Z,2.0263,-0.0629,4.0632,5.8967,12.4466,9.9068
E0114,2026-03-13T00:00:00Z,3.0927,1.9199,4.6573,5.4965,11.6551,9.6686
E0115,2026-03-13T00:00:00Z,2.934,1.4896,3.2251,6.0395,13.34,8.8953
E0116,2026-03-13T00:00:00Z,4.2276,0.195,3.6801,4.6085,11.7131,9.7741
E0117,2026-03-13T00:00:00Z,2.8485,2.3262,4.8891,6.4347,12.3259,9.9211
E0118,2026-03-13T00:00:00Z,3.3232,-1.4911,4.5336,5.3101,10.6236,8.9382
E0119,2026-03-13T00:00:00Z,3.1152,-0.5883,5.3691,5.6598,10.2861,9.2198
E0120,2026-03-13T00:00:00Z,3.5545,-1.0187,5.9223,4.3904,11.7599,10.9972
E0121,2026-03-13T00:00:00Z,2.7397,4.3087,2.6857,5.7447,10.7151,9.1191
E0122,2026-03-13T00:00:00Z,1.715,0.2166,2.1113,5.5433,11.814,9.5449
E0123,2026-03-13T00:00:00Z,2.6304,-0.5273,3.4407,4.4996,11.1278,9.185
E0124,2026-03-13T00:00:00Z,4.0717,0.2757,2.99,4.9183,10.3573,9.0769
E0125,2026-03-13T00:00:00Z,3.5254,0.1689,4.5699,5.649,12.7188,9.6627
E0126,2026-03-13T00:00:00Z,3.945,2.5927,3.8002,4.8789,11.1,7.1585
E0127,2026-03-13T00:00:00Z,2.2546,-0.5306,2.0892,6.7786,12.756,11.8491
E0128,2026-03-13T00:00:00Z,2.1272,2.7151,3.7092,5.7708,12.2067,7.9085
E0129,2026-03-13T00:00:00Z,1.6858,1.4672,5.3834,5.6943,12.0294,12.2622
E0130,2026-03-13T00:00:00Z,3.2611,0.4214,3.4129,6.425,11.5812,8.1169
E0131,2026-03-13T00:00:00Z,1.8052,2.2274,3.2124,4.8284,11.9677,9.6944
E0132,2026-03-13T00:00:00Z,3.01,-1.6555,5.5506,4.4453,10.4472,11.0633
E0133,2026-03-13T00:00:00Z,2.1751,3.6282,3.2266,5.4667,11.0888,10.7045
E0134,2026-03-13T00:00:00Z,3.2501,0.1253,3.1922,4.9954,9.8633,9.7265
E0135,2026-03-13T00:00:00Z,3.2131,0.136,4.7149,5.9448,11.3285,8.6883
E0136,2026-03-13T00:00:00Z,3.3953,0.3631,2.5016,5.1335,11.2031,10.2242
E0137,2026-03-13T00:00:00Z,4.5376,-0.5772,3.5587,5.5796,12.5906,9.6823
E0138,2026-03-13T00:00:00Z,3.1998,-0.2068,3.0695,5.3323,10.4742,8.2927
E0139,2026-03-13T00:00:00Z,3.7812,2.6405,2.2242,5.4956,10.2805,9.3443
E0140,2026-03-13T00:00:00Z,2.5844,1.3124,0.8484,5.5536,12.5606,7.6329
E0141,2026-03-13T00:00:00Z,3.0754,2.0993,3.8841,5.3692,11.7685,8.5569
E0142,2026-03-13T00:00:00Z,2.9478,0.7857,1.6023,5.6145,11.0782,11.4494
E0143,2026-03-13T00:00:00Z,2.7425,1.69,2.7853,5.1272,11.4834,10.0259
E0144,2026-03-13T00:00:00Z,4.0381,1.4094,2.9858,5.4661,11.5672,9.1072
E0145,2026-03-13T00:00:00Z,1.5746,0.5789,2.3399,5.5755,12.653,10.2001
E0146,2026-03-13T00:00:00Z,2.8519,4.2909,3.2126,6.9326,11.613,9.3136
E0147,2026-03-13T00:00:00Z,5.1673,1.032,1.07,5.6721,11.5692,10.5738
E0148,2026-03-13T00:00:00Z,3.1171,-0.4329,2.8616,5.49,11.3916,10.4822
E0149,2026-03-13T00:00:00Z,2.6846,2.2624,2.8652,5.9802,10.7986,9.0072
E0000,2026-03-14T00:00:00Z,2.6044,0.2841,3.6565,3.5121,10.6072,9.4773
E0001,2026-03-14T00:00:00Z,2.4613,0.3693,2.9846,5.7031,11.9307,10.44
E0002,2026-03-14T00:00:00Z,2.8907,-0.8537,4.8533,4.1082,12.1388,8.9467
E0003,2026-03-14T00:00:00Z,3.6103,-0.1396,4.3144,6.3045,12.0541,8.2496
E0004,2026-03-14T00:00:00Z,3.4653,-1.0713,3.3777,5.193,11.3132,8.2553
E0005,2026-03-14T00:00:00Z,3.5967,1.645,0.186,5.348,11.5251,11.6512
E0006,2026-03-14T00:00:00Z,2.0172,0.0344,4.1956,4.7373,10.9639,10.3047
E0007,2026-03-14T00:00:00Z,3.7453,1.8794,3.4845,6.1399,9.2624,9.2104
E0008,2026-03-14T00:00:00Z,3.3787,-0.9177,3.8747,6.4744,12.597,9.8372
E0009,2026-03-14T00:00:00Z,3.8964,2.3354,3.6873,4.0962,12.5986,9.201
E0010,2026-03-14T00:00:00Z,2.3156,2.08,4.3982,5.2839,10.0418,8.9434
E0011,2026-03-14T00:00:00Z,3.485,0.787,3.3022,6.1486,11.7077,9.5781
E0012,2026-03-14T00:00:00Z,4.0862,-1.8814,5.3619,5.1907,13.034,10.8765
E0013,2026-03-14T00:00:00Z,3.3632,-0.4295,2.7978,6.5195,10.2009,10.1931
E0014,2026-03-14T00:00:00Z,3.6149,1.9831,3.1617,4.9544,10.4628,7.0801
E0015,2026-03-14T00:00:00Z,3.1252,0.2673,4.8571,5.1851,10.7217,10.9118
E0016,2026-03-14T00:00:00Z,2.5733,-0.0116,1.7695,4.9275,10.3012,9.0844
E0017,2026-03-14T00:00:00Z,2.7555,-0.5355,3.3664,4.9561,10.4247,9.6247
E0018,2026-03-14T00:00:00Z,3.0003,3.0054,3.1001,4.5182,11.7023,11.239
E0019,2026-03-14T00:00:00Z,1.8154,-0.4781,4.8099,5.8628,12.5658,7.7292
E0020,2026-03-14T00:00:00Z,4.1624,-0.1204,2.0157,4.5797,10.8235,8.2926
E0021,2026-03-14T00:00:00Z,2.4947,2.5019,2.5938,4.9292,11.8407,10.1448
E0022,2026-03-14T00:00:00Z,2.9564,1.6538,4.8471,5.7524,12.1306,10.2349
E0023,2026-03-14T00:00:00Z,3.5576,1.0116,4.0044,5.541,9.4417,8.5761
E0024,2026-03-14T00:00:00Z,2.7143,-0.466,2.4123,5.3336,12.6389,9.8072
E0025,2026-03-14T00:00:00Z,3.9336,1.0904,1.0918,4.8178,12.0731,8.928
E0026,2026-03-14T00:00:00Z,2.9491,2.4371,1.8084,6.1628,9.6389,8.3104
E0027,2026-03-14T00:00:00Z,2.7676,0.8469,3.7525,6.058,12.4398,10.5806
E0028,2026-03-14T00:00:00Z,1.9345,0.1748,1.1068,6.0388,12.9721,9.4391
E0029,2026-03-14T00:00:00Z,1.6351,-0.782,5.4435,4.7477,11.8664,9.0559
E0030,2026-03-14T00:00:00Z,3.1465,0.4971,5.3828,5.7627,11.1964,9.4491
E0031,2026-03-14T00:00:00Z,3.7103,1.812,3.9028,5.7888,11.0566,8.7733
E0032,2026-03-14T00:00:00Z,2.0791,0.8112,4.0232,4.8034,12.6775,10.8168
E0033,2026-03-14T00:00:00Z,3.718,0.3945,4.0148,5.2772,9.9925,7.729
E0034,2026-03-14T00:00:00Z,2.8753,0.8825,4.8931,5.9915,10.9928,8.8759
E0035,2026-03-14T00:00:00Z,2.415,-0.4718,0.9648,5.6327,8.6585,8.3132
E0036,2026-03-14T00:00:00Z,3.8071,0.6658,0.5156,5.1817,12.491,9.9372
E0037,2026-03-14T00:00:00Z,2.8664,2.1616,5.5427,5.9751,12.301,9.49
E0038,2026-03-14T00:00:00Z,1.9983,1.4402,3.397,4.8218,10.4945,9.672
E0039,2026-03-14T00:00:00Z,3.1135,-0.4902,3.2716,4.8536,10.7154,8.8174
E0040,2026-03-14T00:00:00Z,2.5328,0.7365,4.4597,5.8364,10.8785,9.4098
E0041,2026-03-14T00:00:00Z,2.9941,2.5863,1.538,5.5183,9.8184,8.8066
E0042,2026-03-14T00:00:00Z,3.1666,1.7751,4.6702,4.3488,9.7918,8.9119
E0043,2026-03-14T00:00:00Z,3.1942,1.9291,3.6224,4.9274,10.2586,9.3047
E0044,2026-03-14T00:00:00Z,3.6766,-0.3877,3.6325,5.4914,11.6215,8.3839
E0045,2026-03-14T00:00:00Z,3.2796,0.1923,4.5929,6.1857,10.3444,7.9397
E0046,2026-03-14T00:00:00Z,2.1755,0.0623,5.7274,5.7662,12.3577,9.1241
E0047,2026-03-14T00:00:00Z,3.3362,1.1699,3.9151,5.1636,11.5942,9.7586
E0048,2026-03-14T00:00:00Z,2.8841,0.9879,0.6665,5.6758,10.9366,9.0262
E0049,2026-03-14T00:00:00Z,1.4806,0.3547,3.8376,5.5502,10.9267,7.4838
E0050,2026-03-14T00:00:00Z,2.5114,1.5512,0.7712,5.6056,10.422,8.2226
E0051,2026-03-14T00:00:00Z,3.1926,2.4678,7.1254,4.3218,10.366,9.3205
E0052,2026-03-14T00:00:00Z,2.3709,0.1137,3.5217,5.475,10.4809,8.1707
E0053,2026-03-14T00:00:00Z,2.3204,4.0128,3.3406,5.6118,11.5276,9.326
E0054,2026-03-14T00:00:00Z,3.4209,1.5747,2.6911,4.8895,10.9205,9.4506
E0055,2026-03-14T00:00:00Z,3.4008,2.8547,5.2523,5.4918,11.8511,9.6482
E0056,2026-03-14T00:00:00Z,2.8026,1.0687,3.4167,5.2994,12.395,8.3391
E0057,2026-03-14T00:00:00Z,3.18,1.8962,4.0327,5.8876,11.0379,7.5677
E0058,2026-03-14T00:00:00Z,2.4217,-0.1252,4.3579,5.3996,11.3841,9.2208
E0059,2026-03-14T00:00:00Z,2.4306,1.4326,2.7608,5.6071,11.3446,9.0712
E0060,2026-03-14T00:00:00Z,2.7611,2.583,5.1849,6.346,12.1497,10.2556
E0061,2026-03-14T00:00:00Z,3.381,1.7995,3.8622,5.1853,11.096,10.2818
E0062,2026-03-14T00:00:00Z,1.6874,1.8018,4.2761,4.5591,11.2206,8.9564
E0063,2026-03-14T00:00:00Z,3.3231,2.6578,2.8845,5.6014,12.0037,8.7699
E0064,2026-03-14T00:00:00Z,3.2095,1.4294,5.5554,4.4678,11.1765,10.2024
E0065,2026-03-14T00:00:00Z,2.3039,1.4014,2.3085,4.8693,11.4973,9.0815
E0066,2026-03-14T00:00:00Z,2.731,0.3779,3.8958,5.2355,11.2435,8.9707
E0067,2026-03-14T00:00:00Z,2.7325,1.3456,3.8831,6.114,11.9305,9.5128
E0068,2026-03-14T00:00:00Z,3.3163,2.8531,2.9162,5.0063,12.9546,9.8301
E0069,2026-03-14T00:00:00Z,2.9137,0.0238,3.0433,5.3057,11.6688,11.0612
E0070,2026-03-14T00:00:00Z,2.606,2.1238,3.2242,6.4136,10.9724,9.2226
E0071,2026-03-14T00:00:00Z,3.7869,2.1901,2.7276,4.972,11.1253,9.2935
E0072,2026-03-14T00:00:00Z,3.6408,-0.3091,3.8554,5.445,10.9177,7.7933
E0073,2026-03-14T00:00:00Z,2.2175,0.4157,3.1946,5.437,9.7392,8.647
E0074,2026-03-14T00:00:00Z,2.7099,-0.9172,4.2101,5.5511,12.2632,10.7408
E0075,2026-03-14T00:00:00Z,2.3926,0.7797,2.9892,5.8441,10.558,9.1104
E0076,2026-03-14T00:00:00Z,2.2778,4.0055,3.6632,5.3817,10.9567,10.3791
E0077,2026-03-14T00:00:00Z,4.0327,-0.2139,2.7466,5.8378,11.3244,10.2559
E0078,2026-03-14T00:00:00Z,2.6762,1.4619,5.6109,5.1091,11.2032,10.5013
E0079,2026-03-14T00:00:00Z,3.3719,-0.1671,6.4576,6.4935,11.7132,10.8969
E0080,2026-03-14T00:00:00Z,3.2762,1.2593,4.0882,5.0541,10.1797,8.5852
E0081,2026-03-14T00:00:00Z,3.1776,0.7997,3.3358,5.3074,11.1184,11.3186
E0082,2026-03-14T00:00:00Z,3.3274,1.4017,4.587,6.2211,12.5719,7.7149
E0083,2026-03-14T00:00:00Z,2.661,1.3371,4.4958,5.7334,10.6133,8.4201
E0084,2026-03-14T00:00:00Z,3.098,0.9137,2.1103,6.3508,13.7755,7.5752
E0085,2026-03-14T00:00:00Z,3.7688,-1.4684,2.484,5.4171,10.7106,10.3181
E0086,2026-03-14T00:00:00Z,1.955,-1.0957,2.8411,5.3534,13.8305,10.2721
E0087,2026-03-14T00:00:00Z,2.8017,3.1168,3.3358,5.8918,11.2179,8.1052
E0088,2026-03-14T00:00:00Z,2.0694,2.6133,3.1054,5.3229,10.9758,10.0066
E0089,2026-03-14T00:00:00Z,3.864,3.5283,6.3092,5.8683,12.0812,8.5978
E0090,2026-03-14T00:00:00Z,2.8555,-0.0624,3.6217,4.9896,10.4812,8.2659
E0091,2026-03-14T00:00:00Z,3.8944,-0.3155,3.3862,4.9106,11.2449,8.8523
E0092,2026-03-14T00:00:00Z,3.1096,2.5271,2.228,6.121,11.1176,8.4903
E0093,2026-03-14T00:00:00Z,2.4644,0.7447,3.0412,5.293,11.4364,9.3441
E0094,2026-03-14T00:00:00Z,3.0864,1.5598,2.8711,4.7061,10.0469,9.2596
E0095,2026-03-14T00:00:00Z,2.7204,3.1335,2.5958,5.2608,11.8708,7.1536
E0096,2026-03-14T00:00:00Z,2.9808,-0.5546,2.8687,4.8409,11.1102,9.8605
E0097,2026-03-14T00:00:00Z,3.4586,1.147,2.9679,5.8456,10.0528,7.874
E0098,2026-03-14T00:00:00Z,3.3944,-1.5712,2.0208,7.0688,11.5615,11.3088
E0099,2026-03-14T00:00:00Z,2.2587,1.7324,5.3158,5.9772,11.8332,8.2769
E0100,2026-03-14T00:00:00Z,3.7747,0.0335,3.6175,5.7995,10.9368,8.6881
E0101,2026-03-14T00:00:00Z,2.2507,2.9896,3.7293,4.1211,10.6874,9.1986
E0102,2026-03-14T00:00:00Z,3.4881,0.1176,2.9788,5.5832,11.2769,9.8068
E0103,2026-03-14T00:00:00Z,2.9912,1.1954,4.5307,4.589,9.3773,7.8219
E0104,2026-03-14T00:00:00Z,3.0278,1.1688,0.6528,6.1593,12.0292,9.0576
E0105,2026-03-14T00:00:00Z,1.9501,3.5474,3.0639,5.6405,11.6632,11.3536
E0106,2026-03-14T00:00:00Z,2.1716,0.9384,1.2336,5.6604,11.2058,10.5199
E0107,2026-03-14T00:00:00Z,4.4382,0.3629,5.383,5.6129,12.0259,8.9933
E0108,2026-03-14T00:00:00Z,1.1138,0.3196,4.1613,6.4151,11.074,8.7608
E0109,2026-03-14T00:00:00Z,1.4544,1.0431,4.7249,5.8913,10.2628,10.5143
E0110,2026-03-14T00:00:00Z,2.7021,-0.5047,4.1003,5.5061,9.7576,10.9727
E0111,2026-03-14T00:00:00Z,2.5181,1.4664,5.4586,5.573,10.7158,10.4963
E0112,2026-03-14T00:00:00Z,3.7276,-1.0929,3.9458,4.8143,10.4964,9.1699
E0113,2026-03-14T00:00:00Z,1.8151,0.9461,2.6924,5.6411,10.9801,10.7823
E0114,2026-03-14T00:00:00Z,2.1614,0.4995,2.5733,4.9274,10.4052,9.5025
E0115,2026-03-14T00:00:00Z,3.0842,0.6943,5.276,6.1988,9.057,8.4567
E0116,2026-03-14T00:00:00Z,3.8881,0.6946,2.7036,5.9255,11.418,10.2922
E0117,2026-03-14T00:00:00Z,3.7725,-0.0094,4.6652,5.8292,11.3773,9.9807
E0118,2026-03-14T00:00:00Z,3.2102,4.6353,3.8788,5.0645,12.8957,9.6131
E0119,2026-03-14T00:00:00Z,2.8726,1.1278,3.3267,4.7642,11.3275,7.6081
E0120,2026-03-14T00:00:00Z,2.2394,1.5039,3.1219,5.2029,10.9488,10.3991
E0121,2026-03-14T00:00:00Z,3.811,0.5102,3.7348,4.8153,10.3606,9.2815
E0122,2026-03-14T00:00:00Z,2.1702,0.236,3.7092,5.025,11.807,7.5995
E0123,2026-03-14T00:00:00Z,2.9407,-1.3352,4.5335,4.1734,10.9766,7.5169
E0124,2026-03-14T00:00:00Z,2.5088,0.9212,1.6251,5.4838,10.8479,9.314
E0125,2026-03-14T00:00:00Z,2.4823,-0.084,4.4928,4.6277,11.2931,10.0956
E0126,2026-03-14T00:00:00Z,2.0855,1.9036,2.297,6.0599,10.8509,8.7623
E0127,2026-03-14T00:00:00Z,3.2695,-0.3014,4.498,5.6069,13.6007,10.7017
E0128,2026-03-14T00:00:00Z,3.9075,0.4563,6.6089,5.9783,10.3695,9.2298
E0129,2026-03-14T00:00:00Z,4.4235,2.3985,2.7607,7.2041,11.8949,10.1572
E0130,2026-03-14T00:00:00Z,1.8864,-0.2875,1.4744,5.8449,12.1962,9.0195
E0131,2026-03-14T00:00:00Z,3.3136,1.3344,5.7147,5.0564,12.0439,9.701
E0132,2026-03-14T00:00:00Z,3.9975,0.1637,4.5185,5.4543,11.5538,9.1071
E0133,2026-03-14T00:00:00Z,2.9246,0.4508,1.5529,6.3789,12.2116,11.3868
E0134,2026-03-14T00:00:00Z,3.5329,1.7792,2.1688,6.3363,10.5287,11.5947
E0135,2026-03-14T00:00:00Z,3.8138,-0.5948,5.2815,5.8259,11.2163,9.9445
E0136,2026-03-14T00:00:00Z,3.2326,-0.1906,3.0476,5.3147,10.7681,10.5115
E0137,2026-03-14T00:00:00Z,2.8223,0.1058,2.4541,5.7252,11.2829,10.0447
E0138,2026-03-14T00:00:00Z,2.7262,-1.654,2.4828,5.3328,10.7793,9.075
E0139,2026-03-14T00:00:00Z,3.2706,-1.6597,6.2459,4.7378,13.504,8.1151
E0140,2026-03-14T00:00:00Z,3.2614,0.5693,1.6784,5.8101,12.2198,9.4487
E0141,2026-03-14T00:00:00Z,2.5982,0.0977,2.2915,5.9452,11.9001,10.2146
E0142,2026-03-14T00:00:00Z,3.4628,-3.0843,4.1105,4.6712,9.6086,9.1473
E0143,2026-03-14T00:00:00Z,2.6473,0.7437,3.9158,4.4977,11.6114,10.0739
E0144,2026-03-14T00:00:00Z,4.2144,-0.0536,3.9868,4.9496,10.5762,9.8813
E0145,2026-03-14T00:00:00Z,2.5995,0.7695,5.3509,4.8582,9.8021,10.6902
E0146,2026-03-14T00:00:00Z,2.7258,1.6554,0.2554,5.455,9.9057,9.7624
E0147,2026-03-14T00:00:00Z,3.3784,1.7419,6.4937,6.4507,11.2989,11.6852
E0148,2026-03-14T00:00:00Z,4.0609,2.3436,4.8659,6.0389,9.8405,9.6826
E0149,2026-03-14T00:00:00Z,1.8657,-1.1366,3.1868,6.6927,9.5864,8.4744
E0000,2026-03-15T00:00:00Z,4.0625,3.3809,4.6087,5.3472,10.7222,12.081
E0001,2026-03-15T00:00:00Z,1.8068,1.7408,4.7804,5.6188,11.4113,10.2938
E0002,2026-03-15T00:00:00Z,3.063,2.2801,3.4963,5.7927,12.2258,9.9104
E0003,2026-03-15T00:00:00Z,1.2044,-1.3862,3.5173,5.0925,12.3328,10.316
E0004,2026-03-15T00:00:00Z,3.4913,-0.5529,3.7866,6.5834,11.3591,7.9941
E0005,2026-03-15T00:00:00Z,3.2975,2.0391,4.3615,7.0109,12.0304,7.7042
E0006,2026-03-15T00:00:00Z,3.1308,1.4703,5.4401,6.3599,11.9725,10.4217
E0007,2026-03-15T00:00:00Z,1.2271,0.1417,4.0399,5.0422,11.0335,9.2195
E0008,2026-03-15T00:00:00Z,2.7312,0.4769,5.445,4.9674,10.0987,8.4983
E0009,2026-03-15T00:00:00Z,3.5634,1.339,4.0212,4.5763,11.3212,10.2119
E0010,2026-03-15T00:00:00Z,3.7358,-0.6987,2.2365,4.6512,10.8261,9.1935
E0011,2026-03-15T00:00:00Z,3.3497,-0.1187,4.285,6.1359,10.5588,9.778
E0012,2026-03-15T00:00:00Z,3.2008,0.7884,3.4488,5.8052,9.6089,9.3954
E0013,2026-03-15T00:00:00Z,3.0575,1.0233,4.1466,5.9276,11.5821,10.4911
E0014,2026-03-15T00:00:00Z,3.4187,1.1957,4.2888,6.0078,11.4856,12.182
E0015,2026-03-15T00:00:00Z,3.4662,2.4637,1.338,4.5302,12.6868,9.4909
E0016,2026-03-15T00:00:00Z,3.5367,2.3466,2.6298,5.1194,11.2972,8.5047
E0017,2026-03-15T00:00:00Z,3.2209,4.1327,3.1334,4.4816,12.568,7.6313
E0018,2026-03-15T00:00:00Z,2.834,1.5719,5.5074,4.2217,10.709,10.2285
E0019,2026-03-15T00:00:00Z,2.3683,1.9344,3.1351,6.4137,11.6166,8.2058
E0020,2026-03-15T00:00:00Z,3.8743,1.5727,0.1498,5.8192,11.0502,9.0025
E0021,2026-03-15T00:00:00Z,3.089,-1.0098,4.166,5.3355,11.489,9.2566
E0022,2026-03-15T00:00:00Z,4.0354,-1.371,3.5889,5.7312,12.3811,8.9935
E0023,2026-03-15T00:00:00Z,3.2124,1.4515,2.6401,6.2812,11.377,9.0665
E0024,2026-03-15T00:00:00Z,2.6622,-1.328,5.0006,5.1773,11.5173,9.8118
E0025,2026-03-15T00:00:00Z,2.9098,3.6676,3.5698,5.8869,11.3764,10.1469
E0026,2026-03-15T00:00:00Z,2.5015,3.1942,5.2253,4.1292,12.3019,9.573
E0027,2026-03-15T00:00:00Z,3.4002,-1.3221,2.083,5.9187,11.1075,8.3387
E0028,2026-03-15T00:00:00Z,1.8701,1.3113,4.3259,5.196,11.7776,8.4903
E0029,2026-03-15T00:00:00Z,2.7562,0.674,1.8658,5.9985,12.7076,10.9501
E0030,2026-03-15T00:00:00Z,3.9245,1.1416,3.7607,5.1544,10.8211,8.9517
E0031,2026-03-15T00:00:00Z,1.564,-1.1534,1.8715,5.0828,11.9378,8.4086
E0032,2026-03-15T00:00:00Z,1.5561,0.7034,3.3549,5.653,11.2313,10.4402
E0033,2026-03-15T00:00:00Z,2.2993,-0.9195,4.8852,5.055,11.5106,9.8596
E0034,2026-03-15T00:00:00Z,2.8963,0.9051,5.0163,5.1453,9.7335,9.4108
E0035,2026-03-15T00:00:00Z,2.3288,-1.3376,7.5629,4.7925,10.8312,9.6217
E0036,2026-03-15T00:00:00Z,2.1167,2.7909,3.2191,5.5281,13.1993,9.7316
E0037,2026-03-15T00:00:00Z,2.9304,1.4209,4.2616,5.7723,11.0377,11.7912
E0038,2026-03-15T00:00:00Z,2.7517,2.4454,4.4459,4.3197,10.5551,7.7725
E0039,2026-03-15T00:00:00Z,2.5703,-0.5353,4.7224,5.7284,11.604,8.8939
E0040,2026-03-15T00:00:00Z,2.9132,2.747,5.1856,4.3627,8.7933,10.7607
E0041,2026-03-15T00:00:00Z,3.0659,2.3966,2.191,6.2555,10.8055,8.6152
E0042,2026-03-15T00:00:00Z,2.694,2.1566,5.0435,5.9141,10.8615,9.5341
E0043,2026-03-15T00:00:00Z,2.8888,0.0587,3.3506,6.1711,11.5448,9.9538
E0044,2026-03-15T00:00:00Z,2.5935,2.2509,4.1433,5.3979,10.0947,10.2099
E0045,2026-03-15T00:00:00Z,3.2133,0.1743,3.9636,5.5534,12.1139,10.2464
E0046,2026-03-15T00:00:00Z,3.1908,2.2447,2.9827,5.5661,10.4377,8.8643
E0047,2026-03-15T00:00:00Z,3.5892,3.349,2.4621,5.69,9.217,8.049
E0048,2026-03-15T00:00:00Z,1.661,0.6633,4.5103,5.5012,10.8815,10.1043
E0049,2026-03-15T00:00:00Z,2.5914,1.9154,2.8151,4.8955,10.5336,8.7966
E0050,2026-03-15T00:00:00Z,2.8928,-2.8593,4.0511,5.4861,11.8198,7.9356
E0051,2026-03-15T00:00:00Z,2.9235,0.1789,2.4234,5.9187,11.6499,9.7057
E0052,2026-03-15T00:00:00Z,3.027,2.1126,3.7832,5.3249,10.9134,8.9844
E0053,2026-03-15T00:00:00Z,2.7055,0.6741,3.1071,5.4236,11.7813,10.0059
E0054,2026-03-15T00:00:00Z,2.5996,1.1699,3.8272,5.8009,11.3434,10.5308
E0055,2026-03-15T00:00:00Z,3.4696,2.7696,3.799,5.6987,11.8576,9.835
E0056,2026-03-15T00:00:00Z,2.9701,1.2255,2.8711,5.4717,10.0646,10.0835
E0057,2026-03-15T00:00:00Z,3.1794,3.8847,5.9923,5.2061,11.1301,9.3883
E0058,2026-03-15T00:00:00Z,3.0735,-0.9491,3.9165,5.1415,10.1449,8.4585
E0059,2026-03-15T00:00:00Z,2.6305,1.5646,1.8268,5.5978,9.1212,10.2955
E0060,2026-03-15T00:00:00Z,2.3096,2.8978,7.0352,6.1862,10.8647,9.2327
E0061,2026-03-15T00:00:00Z,3.379,0.4876,4.6853,4.5534,10.2781,9.4877
E0062,2026-03-15T00:00:00Z,2.872,4.6505,4.7472,6.0116,9.797,9.7174
E0063,2026-03-15T00:00:00Z,1.3104,0.8735,3.3633,4.9493,11.0053,9.7635
E0064,2026-03-15T00:00:00Z,3.8633,1.7347,4.6804,4.5274,12.7335,9.0379
E0065,2026-03-15T00:00:00Z,2.5547,3.2897,4.3166,5.8948,10.9676,8.1234
E0066,2026-03-15T00:00:00Z,3.2848,0.7994,2.6076,4.7941,12.0802,9.4719
E0067,2026-03-15T00:00:00Z,2.785,-2.2431,0.3086,6.1271,11.1476,9.8465
E0068,2026-03-15T00:00:00Z,2.3921,1.2568,3.1515,4.6585,11.2401,8.5864
E0069,2026-03-15T00:00:00Z,3.9445,1.9395,3.8607,5.9458,10.2683,8.9576
E0070,2026-03-15T00:00:00Z,3.5833,-0.1093,4.0662,4.7852,9.6319,10.0326
E0071,2026-03-15T00:00:00Z,2.525,3.4901,2.3609,6.5154,11.6128,7.1292
E0072,2026-03-15T00:00:00Z,3.7127,1.4193,4.0252,6.1706,11.3115,9.858
E0073,2026-03-15T00:00:00Z,3.2819,2.3773,2.6045,5.2616,10.0416,9.1756
E0074,2026-03-15T00:00:00Z,2.738,0.8998,4.61,5.9128,11.3536,8.5672
E0075,2026-03-15T00:00:00Z,3.839,0.4282,5.7532,7.1627,10.462,9.8718
E0076,2026-03-15T00:00:00Z,3.8885,2.2086,1.9072,5.7034,10.4254,9.827
E0077,2026-03-15T00:00:00Z,2.6487,-2.266,4.2601,5.4143,11.1746,9.6493
E0078,2026-03-15T00:00:00Z,1.8018,-0.5855,3.5612,6.6292,11.6719,11.5507
E0079,2026-03-15T00:00:00Z,3.4773,2.0468,4.6664,5.0851,11.6937,9.9346
E0080,2026-03-15T00:00:00Z,3.686,-0.0353,1.6251,4.115,11.4025,9.669
E0081,2026-03-15T00:00:00Z,3.1254,-0.8623,6.0239,5.3705,13.1773,8.7003
E0082,2026-03-15T00:00:00Z,2.7727,-0.0937,4.4519,4.8632,11.8342,9.0681
E0083,2026-03-15T00:00:00Z,3.209,-0.0683,2.2459,5.9664,13.3118,9.5373
E0084,2026-03-15T00:00:00Z,3.9801,3.0012,4.2848,4.8534,9.6669,12.5818
E0085,2026-03-15T00:00:00Z,2.508,1.4523,4.3269,6.2636,11.8423,9.3862
E0086,2026-03-15T00:00:00Z,3.1115,2.8422,3.5948,6.2269,10.9571,10.3591
E0087,2026-03-15T00:00:00Z,3.3229,1.8095,3.5203,6.5656,12.5154,9.3392
E0088,2026-03-15T00:00:00Z,3.7732,0.706,4.4561,4.7781,11.8446,9.7195
E0089,2026-03-15T00:00:00Z,3.138,0.8152,2.4468,6.904,11.609,11.1829
E0090,2026-03-15T00:00:00Z,2.3122,-1.0478,3.6305,6.0573,9.6471,10.0682
E0091,2026-03-15T00:00:00Z,2.1459,2.1592,4.8687,5.6601,11.2431,9.4033
E0092,2026-03-15T00:00:00Z,2.9212,-1.3218,3.4038,5.8655,10.4677,8.4657
E0093,2026-03-15T00:00:00Z,2.9067,1.8658,2.2241,5.6082,11.1202,9.9283
E0094,2026-03-15T00:00:00Z,2.1404,-0.2468,5.5623,5.2192,10.8065,9.1087
E0095,2026-03-15T00:00:00Z,2.0088,-0.1264,4.2667,5.5817,11.7373,11.8692
E0096,2026-03-15T00:00:00Z,1.7807,-0.9224,3.4973,6.7398,11.3441,10.8761
E0097,2026-03-15T00:00:00Z,3.4733,1.7467,2.2794,5.5233,11.4012,9.6096
E0098,2026-03-15T00:00:00Z,3.8804,2.0895,5.2244,5.1641,11.7746,11.8288
E0099,2026-03-15T00:00:00Z,2.3132,2.375,2.4056,5.1223,10.4423,9.5226
E0100,2026-03-15T00:00:00Z,3.9973,0.3483,4.0111,4.8376,11.4866,8.8351
E0101,2026-03-15T00:00:00Z,3.3335,0.7071,-0.2767,5.797,12.0803,8.9269
E0102,2026-03-15T00:00:00Z,3.5905,4.7952,2.5302,6.0788,9.0643,10.0856
E0103,2026-03-15T00:00:00Z,3.4638,-0.5778,3.776,4.8426,11.2932,10.9024
E0104,2026-03-15T00:00:00Z,3.2653,1.6947,4.6644,5.604,12.939,10.8476
E0105,2026-03-15T00:00:00Z,3.5109,1.691,2.0876,5.5142,11.589,8.6649
E0106,2026-03-15T00:00:00Z,2.8437,-0.4814,3.1258,5.1921,11.4106,8.9306
E0107,2026-03-15T00:00:00Z,2.515,-0.0667,5.6857,5.0618,10.1825,11.145
E0108,2026-03-15T00:00:00Z,2.4679,1.5806,2.8247,5.0505,9.4119,8.1675
E0109,2026-03-15T00:00:00Z,3.014,0.8618,3.2025,5.429,9.0796,10.2067
E0110,2026-03-15T00:00:00Z,2.9853,1.4909,4.19,5.9185,11.1384,8.3999
E0111,2026-03-15T00:00:00Z,3.9538,0.6606,1.7089,5.3933,12.7065,8.0804
E0112,2026-03-15T00:00:00Z,2.8244,-3.6758,4.4516,5.4434,10.4534,10.0992
E0113,2026-03-15T00:00:00Z,1.7796,2.1611,2.9591,6.4394,10.3147,9.6528
E0114,2026-03-15T00:00:00Z,4.5339,-0.5585,1.0886,5.2991,10.6922,8.7826
E0115,2026-03-15T00:00:00Z,2.3219,-0.2098,3.3837,6.5347,11.2845,9.6103
E0116,2026-03-15T00:00:00Z,3.121,0.6605,2.4916,6.2461,12.3909,10.5089
E0117,2026-03-15T00:00:00Z,3.0272,-0.21,1.4721,5.2041,11.5294,10.1494
E0118,2026-03-15T00:00:00Z,2.1883,2.4341,1.181,5.4504,10.2191,7.5957
E0119,2026-03-15T00:00:00Z,2.5211,1.072,4.7434,5.2243,11.7667,9.6053
E0120,2026-03-15T00:00:00Z,2.8889,2.8433,4.4353,4.9908,10.5413,10.6849
E0121,2026-03-15T00:00:00Z,3.2303,0.8335,2.429,5.2711,11.4879,9.4896
E0122,2026-03-15T00:00:00Z,3.1629,2.8101,4.2189,5.437,11.3233,9.1945
E0123,2026-03-15T00:00:00Z,1.3281,2.3652,1.4978,6.3703,10.9705,10.103
E0124,2026-03-15T00:00:00Z,2.794,5.3673,2.3187,4.7928,12.5903,9.09
E0125,2026-03-15T00:00:00Z,3.2066,-0.2155,2.9735,5.4567,12.2867,9.8024
E0126,2026-03-15T00:00:00Z,2.799,3.1989,4.2422,5.1848,12.1171,8.1104
E0127,2026-03-15T00:00:00Z,2.8325,0.2927,3.6952,5.367,9.0032,9.2284
E0128,2026-03-15T00:00:00Z,2.3515,4.2025,4.455,6.0874,11.7677,9.3587
E0129,2026-03-15T00:00:00Z,3.3883,3.5386,4.6201,5.529,9.2112,9.8008
E0130,2026-03-15T00:00:00Z,3.7064,4.2809,2.3357,6.0669,10.6531,9.3209
E0131,2026-03-15T00:00:00Z,3.0824,-0.8464,4.067,5.4364,9.1908,10.2435
E0132,2026-03-15T00:00:00Z,3.3018,2.7505,3.6911,5.1678,11.6918,7.8336
E0133,2026-03-15T00:00:00Z,3.4363,-0.6651,2.2656,6.358,11.1959,9.7381
E0134,2026-03-15T00:00:00Z,2.9992,3.0025,3.796,6.137,11.8108,11.3777
E0135,2026-03-15T00:00:00Z,2.1845,0.9723,2.6165,5.3099,10.5391,8.9029
E0136,2026-03-15T00:00:00Z,3.1044,-0.1486,3.8546,5.2037,11.2765,9.2604
E0137,2026-03-15T00:00:00Z,1.7803,-0.4477,3.5666,6.6539,10.0487,7.4106
E0138,2026-03-15T00:00:00Z,2.7853,0.0851,3.0648,6.1827,12.1518,11.588
E0139,2026-03-15T00:00:00Z,1.8707,0.2169,3.5733,5.1206,12.3253,10.1603
E0140,2026-03-15T00:00:00Z,2.112,-0.0826,3.4729,5.938,9.7387,10.0707
E0141,2026-03-15T00:00:00Z,2.6991,3.0256,5.5866,5.1154,10.8584,8.3048
E0142,2026-03-15T00:00:00Z,3.1763,0.7566,3.5162,6.7938,10.2838,10.7264
E0143,2026-03-15T00:00:00Z,2.6277,-0.4941,1.4307,5.2861,9.8147,10.2466
E0144,2026-03-15T00:00:00Z,3.2826,-1.0972,2.6163,5.4174,10.9953,7.8348
E0145,2026-03-15T00:00:00Z,2.3367,0.2995,3.968,5.2566,11.9653,10.7074
E0146,2026-03-15T00:00:00Z,2.8981,1.6226,3.9108,5.466,10.9355,9.2022
E0147,2026-03-15T00:00:00Z,3.2509,-2.4181,4.2516,4.3858,10.7594,9.007
E0148,2026-03-15T00:00:00Z,2.1213,1.9763,4.3055,6.2259,10.8321,8.8356
E0149,2026-03-15T00:00:00Z,2.5823,2.397,2.1525,5.5787,12.068,9.7849
E0000,2026-03-16T00:00:00Z,2.8686,1.0805,2.3412,5.3283,11.6053,9.9743
E0001,2026-03-16T00:00:00Z,1.6812,1.8449,3.0198,5.3686,10.3319,11.2927
E0002,2026-03-16T00:00:00Z,2.5999,-2.4368,5.4349,5.1301,10.9314,9.0515
E0003,2026-03-16T00:00:00Z,2.5077,0.844,2.4358,5.0415,12.5247,10.4904
E0004,2026-03-16T00:00:00Z,3.5127,-1.331,4.1171,5.4321,10.809,9.0183
E0005,2026-03-16T00:00:00Z,2.6467,-0.0232,2.7305,5.0607,11.6006,10.0545
E0006,2026-03-16T00:00:00Z,2.5895,3.8344,3.898,5.4519,10.6998,9.0921
E0007,2026-03-16T00:00:00Z,3.1332,3.4353,5.4606,4.6989,10.5237,9.8455
E0008,2026-03-16T00:00:00Z,2.4804,-0.1047,3.5068,6.2807,11.2179,9.7004
E0009,2026-03-16T00:00:00Z,2.7199,0.5248,2.3594,5.6317,10.2937,10.0648
E0010,2026-03-16T00:00:00Z,2.6243,1.3082,1.4169,5.2423,11.2611,10.5248
E0011,2026-03-16T00:00:00Z,3.9942,0.3096,2.3354,6.528,11.7048,9.6444
E0012,2026-03-16T00:00:00Z,3.0704,1.4773,2.1016,5.5535,10.6366,8.1966
E0013,2026-03-16T00:00:00Z,3.7337,1.8774,4.3041,5.144,10.9909,10.0727
E0014,2026-03-16T00:00:00Z,3.7308,0.3531,4.4878,5.3958,11.8476,11.5539
E0015,2026-03-16T00:00:00Z,3.2812,1.6431,4.699,5.1216,11.4886,9.8667
E0016,2026-03-16T00:00:00Z,3.1378,2.6117,2.9309,6.418,11.1167,9.8791
E0017,2026-03-16T00:00:00Z,2.1018,-0.0342,5.2115,5.7096,10.9458,9.4583
E0018,2026-03-16T00:00:00Z,2.5602,1.6887,5.7261,6.2373,10.8696,9.8616
E0019,2026-03-16T00:00:00Z,2.7849,-0.8141,3.51,6.3482,10.9491,7.9586
E0020,2026-03-16T00:00:00Z,3.8062,-0.0312,2.195,5.0622,12.0935,8.7447
E0021,2026-03-16T00:00:00Z,2.8474,1.3367,4.2449,5.228,11.2337,10.045
E0022,2026-03-16T00:00:00Z,1.4791,1.6827,4.5662,5.3114,11.6364,8.066
E0023,2026-03-16T00:00:00Z,3.3117,0.4682,2.0018,6.0046,10.9395,10.3911
E0024,2026-03-16T00:00:00Z,3.2941,0.3723,3.387,5.5046,9.7063,9.907
E0025,2026-03-16T00:00:00Z,2.0196,0.8282,4.2204,4.8879,10.5323,9.8733
E0026,2026-03-16T00:00:00Z,2.5096,1.3656,5.2378,6.1684,10.5659,10.0835
E0027,2026-03-16T00:00:00Z,3.2267,1.2446,5.0682,5.1502,10.9087,11.9774
E0028,2026-03-16T00:00:00Z,1.9379,3.7216,4.2137,5.6393,11.5132,8.8566
E0029,2026-03-16T00:00:00Z,2.8811,2.2485,5.5367,6.0597,11.0959,8.5249
E0030,2026-03-16T00:00:00Z,3.9533,4.0925,1.4523,5.2156,9.2096,11.0785
E0031,2026-03-16T00:00:00Z,3.2636,0.597,6.7269,5.8253,12.345,7.3628
E0032,2026-03-16T00:00:00Z,4.4069,-0.2104,2.8067,4.9817,12.6272,9.0297
E0033,2026-03-16T00:00:00Z,2.2371,-2.448,7.0762,5.4488,10.9827,7.9977
E0034,2026-03-16T00:00:00Z,1.5205,2.3782,4.4047,5.5988,10.3524,10.3317
E0035,2026-03-16T00:00:00Z,2.9066,-1.1894,3.8909,6.3639,10.3787,8.9766
E0036,2026-03-16T00:00:00Z,4.3286,1.547,0.5465,6.5165,10.9779,9.1702
E0037,2026-03-16T00:00:00Z,0.8942,0.5312,2.1323,5.3012,11.2459,9.7696
E0038,2026-03-16T00:00:00Z,3.1787,-0.5069,5.245,6.173,12.5424,10.261
E0039,2026-03-16T00:00:00Z,3.2871,-0.2821,3.4749,5.997,11.4428,10.8772
E0040,2026-03-16T00:00:00Z,1.9808,3.8041,3.2599,4.6377,9.3166,10.1833
E0041,2026-03-16T00:00:00Z,2.1677,3.0421,1.2146,5.3814,10.2245,10.3075
E0042,2026-03-16T00:00:00Z,2.3677,0.7132,1.9168,4.48,11.9825,10.3397
E0043,2026-03-16T00:00:00Z,2.0061,2.1037,3.2024,5.7646,11.16,9.0458
E0044,2026-03-16T00:00:00Z,3.735,3.1239,4.9259,6.3848,11.3007,9.3315
E0045,2026-03-16T00:00:00Z,3.1363,-0.337,4.7309,5.9006,11.9372,9.8691
E0046,2026-03-16T00:00:00Z,3.2046,0.0833,3.8342,5.8961,9.901,10.4146
E0047,2026-03-16T00:00:00Z,3.0994,2.3767,1.7453,5.3342,9.8533,9.1081
E0048,2026-03-16T00:00:00Z,3.0182,-1.2999,4.1211,5.9015,11.1136,9.7678
E0049,2026-03-16T00:00:00Z,3.0393,0.4973,2.5486,4.7951,9.6439,8.8735
E0050,2026-03-16T00:00:00Z,2.7593,-2.4433,4.4681,5.7513,11.2999,9.9188
E0051,2026-03-16T00:00:00Z,2.0612,0.2876,2.2776,4.678,10.304,9.6923
E0052,2026-03-16T00:00:00Z,3.3724,-0.331,5.6461,6.3446,10.7533,9.0123
E0053,2026-03-16T00:00:00Z,2.921,0.7743,1.7606,5.7809,10.4052,10.3382
E0054,2026-03-16T00:00:00Z,3.4313,2.6969,4.2178,4.6622,12.1013,9.0268
E0055,2026-03-16T00:00:00Z,4.3611,-2.0515,4.0224,6.1655,10.669,10.1942
E0056,2026-03-16T00:00:00Z,3.4965,0.9299,2.1817,5.2319,11.0295,10.3159
E0057,2026-03-16T00:00:00Z,3.1711,1.3125,5.282,5.3678,10.7645,8.5034
E0058,2026-03-16T00:00:00Z,2.9473,0.5527,3.4428,6.2344,11.2955,9.6003
E0059,2026-03-16T00:00:00Z,2.6227,2.6899,4.6653,5.4399,11.1716,8.9906
E0060,2026-03-16T00:00:00Z,4.0646,1.5121,4.4282,5.9484,11.6561,8.7869
E0061,2026-03-16T00:00:00Z,3.8366,-0.3219,3.8094,7.0568,13.3289,8.7037
E0062,2026-03-16T00:00:00Z,4.051,2.2346,4.3272,5.6257,13.0126,9.8562
E0063,2026-03-16T00:00:00Z,3.0214,0.2888,1.5281,4.3658,11.4791,9.3532
E0064,2026-03-16T00:00:00Z,3.4361,1.0483,4.791,6.3573,10.5036,10.8452
E0065,2026-03-16T00:00:00Z,3.908,1.7571,5.282,4.5843,11.4032,9.4254
E0066,2026-03-16T00:00:00Z,2.5747,-1.9435,2.4934,6.3586,10.1223,8.8258
E0067,2026-03-16T00:00:00Z,1.1517,-2.2769,4.1976,4.8708,11.6023,10.9819
E0068,2026-03-16T00:00:00Z,2.8366,1.3151,4.2191,4.8283,10.0489,8.5476
E0069,2026-03-16T00:00:00Z,2.9403,0.6414,2.1397,5.525,8.6405,9.7388
E0070,2026-03-16T00:00:00Z,3.2273,1.0971,1.5681,5.5719,10.2973,9.5056
E0071,2026-03-16T00:00:00Z,3.054,3.4067,3.3263,6.4173,12.6315,10.3911
E0072,2026-03-16T00:00:00Z,4.1647,-0.2136,5.8105,4.9804,11.9637,9.3285
E0073,2026-03-16T00:00:00Z,3.8352,-0.1123,2.3997,4.6367,12.9517,7.659
E0074,2026-03-16T00:00:00Z,3.8967,1.6137,3.194,5.1729,10.9486,9.3163
E0075,2026-03-16T00:00:00Z,2.8155,2.6624,2.9449,5.6771,10.771,10.4824
E0076,2026-03-16T00:00:00Z,2.3966,0.3263,2.8836,5.2635,11.4285,9.1262
E0077,2026-03-16T00:00:00Z,4.0432,0.1997,1.0415,5.6466,10.886,10.5757
E0078,2026-03-16T00:00:00Z,2.6577,2.0908,3.1893,5.7278,11.3058,8.0591
E0079,2026-03-16T00:00:00Z,1.9208,1.9882,2.2028,5.656,11.2712,9.6592
E0080,2026-03-16T00:00:00Z,3.5877,2.3371,3.3428,5.9592,10.4439,8.8324
E0081,2026-03-16T00:00:00Z,3.9664,2.6622,3.5027,5.7264,13.2264,10.0861
E0082,2026-03-16T00:00:00Z,1.9545,-2.108,5.0602,5.5425,9.9322,8.4858
E0083,2026-03-16T00:00:00Z,1.8946,1.5495,2.8722,5.4136,10.912,7.4894
E0084,2026-03-16T00:00:00Z,3.3126,-0.2732,5.8177,5.8333,12.8278,9.4406
E0085,2026-03-16T00:00:00Z,2.7469,0.5857,4.5705,5.4722,10.0058,9.3832
E0086,2026-03-16T00:00:00Z,3.6005,0.4532,3.392,5.4866,11.2677,8.5215
E0087,2026-03-16T00:00:00Z,1.7287,2.3052,3.4426,6.2758,10.2485,9.7066
E0088,2026-03-16T00:00:00Z,3.7103,0.6519,3.1061,5.5871,10.623,10.3425
E0089,2026-03-16T00:00:00Z,3.2973,2.7217,3.9315,5.8057,11.648,9.3067
E0090,2026-03-16T00:00:00Z,3.3732,-0.7447,3.2208,6.2943,11.8156,8.3155
E0091,2026-03-16T00:00:00Z,3.1183,0.5013,4.6935,6.503,11.1898,9.1426
E0092,2026-03-16T00:00:00Z,2.5683,-0.2834,4.2443,6.2921,11.2558,10.6205
E0093,2026-03-16T00:00:00Z,2.7098,0.65,4.3643,4.5034,10.0788,10.9376
E0094,2026-03-16T00:00:00Z,2.3865,1.2608,3.5199,5.6544,11.4849,10.4007
E0095,2026-03-16T00:00:00Z,2.9055,-1.3866,3.8503,6.0348,10.5734,7.1181
E0096,2026-03-16T00:00:00Z,3.7362,-0.6856,3.1718,5.208,11.5325,10.0866
E0097,2026-03-16T00:00:00Z,3.3813,0.3424,2.8441,4.6925,11.1465,9.9429
E0098,2026-03-16T00:00:00Z,2.7195,0.9317,4.3335,5.7121,12.525,9.7256
E0099,2026-03-16T00:00:00Z,1.7027,1.4589,4.4203,4.7054,9.7595,10.0358
E0100,2026-03-16T00:00:00Z,2.8081,-0.9861,2.5404,5.7167,11.0447,10.8894
E0101,2026-03-16T00:00:00Z,2.139,1.6785,1.6546,4.8462,11.2559,8.627
E0102,2026-03-16T00:00:00Z,2.7454,2.3378,4.5178,4.9255,9.9729,8.8149
E0103,2026-03-16T00:00:00Z,2.1324,3.4629,3.6311,5.7974,12.03,9.6608
E0104,2026-03-16T00:00:00Z,2.6387,-0.6246,1.8248,5.6235,9.9327,9.268
E0105,2026-03-16T00:00:00Z,2.8165,0.8704,3.2686,6.5899,12.0097,10.8276
E0106,2026-03-16T00:00:00Z,3.4074,0.6182,3.8237,5.1149,10.2591,9.1003
E0107,2026-03-16T00:00:00Z,3.1166,-0.4664,3.4563,5.8864,10.7022,8.2454
E0108,2026-03-16T00:00:00Z,3.277,0.7488,4.2559,6.8003,11.4809,9.8533
E0109,2026-03-16T00:00:00Z,2.3555,-0.344,2.2401,5.2621,12.012,9.5394
E0110,2026-03-16T00:00:00Z,2.3278,2.9959,3.8702,5.3607,11.3174,11.3224
E0111,2026-03-16T00:00:00Z,3.4344,0.1889,3.7682,5.474,11.7179,8.7689
E0112,2026-03-16T00:00:00Z,3.6421,-0.2008,4.0305,5.252,9.8228,8.4737
E0113,2026-03-16T00:00:00Z,1.8563,0.967,2.7032,4.9738,10.0348,8.7237
E0114,2026-03-16T00:00:00Z,3.1054,2.3056,4.5966,5.49,10.2423,10.6321
E0115,2026-03-16T00:00:00Z,2.8624,3.0077,2.3282,5.8432,10.7074,8.3661
E0116,2026-03-16T00:00:00Z,3.8547,1.4555,3.4826,5.4917,10.8396,9.19
E0117,2026-03-16T00:00:00Z,1.4048,2.7972,3.8702,5.8084,11.844,9.6982
E0118,2026-03-16T00:00:00Z,2.7811,1.1034,3.8329,5.5593,10.7679,9.6991
E0119,2026-03-16T00:00:00Z,2.3777,2.2554,3.3231,5.6623,11.3774,10.0542
E0120,2026-03-16T00:00:00Z,2.5504,1.8195,5.3915,5.1489,11.6627,9.0792
E0121,2026-03-16T00:00:00Z,3.3139,1.1747,0.6125,4.8525,13.0036,9.1899
E0122,2026-03-16T00:00:00Z,2.9608,0.1404,3.5751,7.1379,11.5847,9.794
E0123,2026-03-16T00:00:00Z,1.2432,0.5915,4.3763,6.1443,11.5889,8.8648
E0124,2026-03-16T00:00:00Z,3.9121,0.6418,2.8571,5.8434,10.3358,6.7502
E0125,2026-03-16T00:00:00Z,2.6294,1.613,5.514,6.1963,9.8033,9.978
E0126,2026-03-16T00:00:00Z,4.1559,1.1463,3.2338,4.8174,11.6745,10.4082
E0127,2026-03-16T00:00:00Z,3.1511,1.4704,3.1216,5.798,10.6635,8.5998
E0128,2026-03-16T00:00:00Z,2.5464,-0.7222,3.1816,5.7985,12.6446,9.8409
E0129,2026-03-16T00:00:00Z,3.1351,2.3553,3.6253,6.1801,10.1271,9.0179
E0130,2026-03-16T00:00:00Z,2.2316,1.6857,4.3754,5.2592,11.52,9.7325
E0131,2026-03-16T00:00:00Z,3.7055,2.505,4.8577,4.6973,10.6247,9.3372
E0132,2026-03-16T00:00:00Z,2.2881,2.0114,2.1886,4.6081,11.3362,9.371
E0133,2026-03-16T00:00:00Z,2.6557,2.6199,3.4405,5.2519,11.7111,7.4709
E0134,2026-03-16T00:00:00Z,3.9844,2.4157,7.0348,5.9768,11.5867,8.6111
E0135,2026-03-16T00:00:00Z,2.623,1.7393,3.1893,5.5227,11.2828,10.2861
E0136,2026-03-16T00:00:00Z,3.0031,2.3501,6.1449,5.0491,11.4035,10.0533
E0137,2026-03-16T00:00:00Z,2.7348,1.9293,2.3936,6.2411,10.6137,9.1548
E0138,2026-03-16T00:00:00Z,3.7989,3.1429,2.033,5.7704,11.439,10.2194
E0139,2026-03-16T00:00:00Z,1.8054,-0.2605,2.1659,4.7879,9.9831,9.5578
E0140,2026-03-16T00:00:00Z,2.7416,1.63,2.7334,5.1963,10.7469,9.6571
E0141,2026-03-16T00:00:00Z,3.3871,2.4526,4.5835,6.5566,12.1028,10.4061
E0142,2026-03-16T00:00:00Z,2.5364,2.0519,3.3672,4.8373,11.1506,11.7644
E0143,2026-03-16T00:00:00Z,2.7372,1.3658,4.0824,5.87,10.9725,9.2401
E0144,2026-03-16T00:00:00Z,2.602,-0.4662,2.3784,5.6772,11.7975,9.8923
E0145,2026-03-16T00:00:00Z,3.1111,0.426,3.2478,5.5401,11.5262,9.1844
E0146,2026-03-16T00:00:00Z,1.9853,-0.3292,4.26,6.3449,11.2674,10.577
E0147,2026-03-16T00:00:00Z,1.4364,1.3475,4.8659,5.9909,11.1734,10.666
E0148,2026-03-16T00:00:00Z,2.8891,0.3276,1.5824,5.5476,10.4859,9.2582
E0149,2026-03-16T00:00:00Z,2.1996,1.66,2.7553,5.4584,10.398,9.8374
E0000,2026-03-17T00:00:00Z,3.3356,3.1756,1.9465,6.7339,11.6872,10.5343
E0001,2026-03-17T00:00:00Z,1.3579,1.3408,3.9058,5.775,10.0563,8.7711
E0002,2026-03-17T00:00:00Z,2.9876,0.448,3.4258,5.4184,11.7921,9.9154
E0003,2026-03-17T00:00:00Z,3.4528,4.6959,3.3391,5.4229,13.3626,9.1364
E0004,2026-03-17T00:00:00Z,3.5398,-0.781,3.9572,5.5801,9.2837,8.7399
E0005,2026-03-17T00:00:00Z,2.7715,0.4168,2.7549,6.1722,10.3127,12.4192
E0006,2026-03-17T00:00:00Z,2.3702,-0.279,3.9177,5.3035,12.0524,8.6315
E0007,2026-03-17T00:00:00Z,2.9579,0.1177,3.9453,5.5359,10.4675,11.548
E0008,2026-03-17T00:00:00Z,3.4853,-0.5014,5.7669,5.8147,10.4364,7.5158
E0009,2026-03-17T00:00:00Z,2.7298,1.2787,3.4076,5.5348,11.3139,10.1089
E0010,2026-03-17T00:00:00Z,2.6563,1.5399,3.0042,6.2559,12.6299,9.8361
E0011,2026-03-17T00:00:00Z,3.2974,0.1085,4.2115,5.4564,11.3499,9.6981
E0012,2026-03-17T00:00:00Z,2.5197,2.1887,2.6994,5.2361,11.6679,9.9045
E0013,2026-03-17T00:00:00Z,1.3011,0.8599,3.2743,5.2868,10.6475,8.9818
E0014,2026-03-17T00:00:00Z,3.9627,0.1253,3.717,6.2738,11.0376,9.8601
E0015,2026-03-17T00:00:00Z,2.5134,-0.7425,2.0136,4.7759,11.6773,8.8078
E0016,2026-03-17T00:00:00Z,2.8594,2.594,4.8209,4.7975,10.5373,9.783
E0017,2026-03-17T00:00:00Z,2.8317,2.6568,3.7191,5.6254,9.7802,9.767
E0018,2026-03-17T00:00:00Z,3.2318,3.8871,5.099,5.4593,11.2486,9.7173
E0019,2026-03-17T00:00:00Z,2.2182,0.2152,4.7448,5.5351,11.1586,9.4225
E0020,2026-03-17T00:00:00Z,2.9957,0.2487,4.3856,4.815,11.7008,9.3558
E0021,2026-03-17T00:00:00Z,3.9633,2.6452,3.6397,5.526,11.205,8.8135
E0022,2026-03-17T00:00:00Z,3.8829,0.6995,2.2732,5.9539,10.9087,11.7745
E0023,2026-03-17T00:00:00Z,2.7094,-0.0587,2.4276,6.7906,10.4683,9.9067
E0024,2026-03-17T00:00:00Z,3.0293,1.061,4.4859,5.6654,9.91,9.7914
E0025,2026-03-17T00:00:00Z,3.1662,3.131,6.6803,5.7505,10.5878,8.1724
E0026,2026-03-17T00:00:00Z,3.214,1.2577,2.4584,4.7123,11.9539,9.3823
E0027,2026-03-17T00:00:00Z,2.1525,3.2473,3.1451,6.3316,9.6601,9.8879
E0028,2026-03-17T00:00:00Z,4.77,3.1921,4.6346,5.999,9.9741,10.7614
E0029,2026-03-17T00:00:00Z,2.9516,-0.7554,4.3083,4.6648,10.3504,8.2571
E0030,2026-03-17T00:00:00Z,3.1785,1.5844,4.18,5.2193,12.3332,9.6352
E0031,2026-03-17T00:00:00Z,3.0818,0.1813,4.0053,6.3025,10.5711,8.2508
E0032,2026-03-17T00:00:00Z,4.0632,1.8103,4.9274,6.2087,10.5691,8.9274
E0033,2026-03-17T00:00:00Z,3.7025,3.1212,2.0891,5.768,11.5789,9.434
E0034,2026-03-17T00:00:00Z,2.9028,-0.2846,1.7341,6.545,12.2572,9.2935
E0035,2026-03-17T00:00:00Z,3.6449,-0.2555,5.0114,5.4775,10.9889,8.9964
E0036,2026-03-17T00:00:00Z,3.5599,-0.4151,4.3912,4.308,10.1288,10.0041
E0037,2026-03-17T00:00:00Z,2.999,2.0212,3.5424,6.2731,9.7248,8.2827
E0038,2026-03-17T00:00:00Z,2.416,1.0633,3.7564,5.4506,12.5314,9.0525
E0039,2026-03-17T00:00:00Z,3.14,-1.11,3.9108,6.404,10.7551,8.4154
E0040,2026-03-17T00:00:00Z,3.8191,-0.8218,3.9892,5.3409,10.9148,9.3023
E0041,2026-03-17T00:00:00Z,2.611,-0.8118,4.6901,5.8849,11.8726,9.6557
E0042,2026-03-17T00:00:00Z,3.1988,1.8539,2.1112,4.8414,11.6422,10.4068
E0043,2026-03-17T00:00:00Z,2.0335,-0.209,6.0884,5.4925,13.0943,9.3102
E0044,2026-03-17T00:00:00Z,2.843,-1.2517,3.8838,5.094,9.7157,10.3691
E0045,2026-03-17T00:00:00Z,2.9394,0.2032,4.4111,5.2588,9.7468,9.5337
E0046,2026-03-17T00:00:00Z,3.973,-0.1867,2.5199,4.2407,11.7573,10.3436
E0047,2026-03-17T00:00:00Z,2.9399,-2.8514,3.3319,5.179,10.9903,8.9214
E0048,2026-03-17T00:00:00Z,2.9075,1.221,4.0446,5.5425,10.9428,9.8511
E0049,2026-03-17T00:00:00Z,3.0558,0.7288,2.5691,6.4989,11.053,9.9738
E0050,2026-03-17T00:00:00Z,2.6308,1.7428,4.3154,6.2479,12.7344,9.6567
E0051,2026-03-17T00:00:00Z,2.0098,-0.0338,3.5224,6.0078,11.7701,9.7807
E0052,2026-03-17T00:00:00Z,2.8059,0.0028,4.2304,5.0658,10.8579,9.3203
E0053,2026-03-17T00:00:00Z,2.2697,1.8671,4.468,6.1877,10.9063,8.5221
E0054,2026-03-17T00:00:00Z,4.0283,1.4793,4.4117,5.2985,12.0549,9.3603
E0055,2026-03-17T00:00:00Z,3.9857,2.0845,3.3319,5.6707,10.1344,9.5976
E0056,2026-03-17T00:00:00Z,3.5816,0.612,2.4402,5.353,10.3679,9.0094
E0057,2026-03-17T00:00:00Z,2.5141,-0.2622,3.6867,6.3941,11.061,9.4184
E0058,2026-03-17T00:00:00Z,3.3621,1.3846,1.2601,5.2978,10.6722,10.3651
E0059,2026-03-17T00:00:00Z,3.2691,0.3225,4.6851,6.527,11.7413,9.7318
E0060,2026-03-17T00:00:00Z,2.6707,-0.2812,3.4246,6.5195,11.2105,9.3182
E0061,2026-03-17T00:00:00Z,3.9075,-1.1257,5.0981,4.5144,10.9914,10.2164
E0062,2026-03-17T00:00:00Z,1.6399,-2.1192,5.3679,5.27,10.8707,8.4531
E0063,2026-03-17T00:00:00Z,2.5101,1.5059,1.6188,5.0429,10.2724,10.1094
E0064,2026-03-17T00:00:00Z,2.6007,0.6362,3.815,5.4361,11.2785,10.6491
E0065,2026-03-17T00:00:00Z,3.3376,0.2065,3.4103,5.7294,10.8446,9.5737
E0066,2026-03-17T00:00:00Z,3.2176,-0.1537,1.3573,5.6803,11.3917,8.1904
E0067,2026-03-17T00:00:00Z,2.6317,0.7062,4.9089,6.8297,11.9066,9.0268
E0068,2026-03-17T00:00:00Z,3.6264,-1.4074,2.6162,5.7739,11.2184,8.5863
E0069,2026-03-17T00:00:00Z,1.9136,-0.2763,4.679,5.6832,12.5999,8.7712
E0070,2026-03-17T00:00:00Z,2.7336,-0.9066,1.2407,5.3977,12.7935,9.1814
E0071,2026-03-17T00:00:00Z,2.3075,-0.8368,2.3751,5.4872,10.3206,10.4457
E0072,2026-03-17T00:00:00Z,2.877,-1.6317,2.079,4.9749,10.7521,10.8348
E0073,2026-03-17T00:00:00Z,2.4899,-2.0555,3.2356,6.1125,10.0926,10.0667
E0074,2026-03-17T00:00:00Z,2.9779,0.0735,4.4318,4.6454,9.5598,10.3467
E0075,2026-03-17T00:00:00Z,2.6816,-0.5462,4.9922,6.0818,11.1106,10.394
E0076,2026-03-17T00:00:00Z,2.2871,-1.1826,3.0689,5.0314,11.0294,9.8839
E0077,2026-03-17T00:00:00Z,3.2215,0.9758,4.7086,5.3085,9.7863,11.5223
E0078,2026-03-17T00:00:00Z,2.7563,1.9549,4.4542,5.8658,11.9529,8.0857
E0079,2026-03-17T00:00:00Z,2.7044,3.3271,4.8002,4.9332,10.7045,9.0129
E0080,2026-03-17T00:00:00Z,4.0091,3.9953,5.5135,5.4228,12.4982,9.5316
E0081,2026-03-17T00:00:00Z,2.933,0.5352,2.9709,4.8318,11.7595,10.0844
E0082,2026-03-17T00:00:00Z,3.799,-0.8894,3.4744,5.439,12.1451,9.0889
E0083,2026-03-17T00:00:00Z,2.0769,2.0447,4.0278,4.7725,8.8875,8.9579
E0084,2026-03-17T00:00:00Z,2.9974,-1.3198,2.7272,6.2054,10.2995,9.0491
E0085,2026-03-17T00:00:00Z,4.0112,-1.083,2.8762,6.7172,11.0738,11.1788
E0086,2026-03-17T00:00:00Z,3.209,-2.3288,4.4719,5.9658,11.5557,10.2791
E0087,2026-03-17T00:00:00Z,3.7873,1.4548,4.9141,6.032,10.9946,9.3866
E0088,2026-03-17T00:00:00Z,1.2892,3.9483,3.6311,4.8992,10.0771,9.4643
E0089,2026-03-17T00:00:00Z,3.3204,0.814,2.939,5.3268,10.9656,10.349
E0090,2026-03-17T00:00:00Z,2.5928,-0.9912,4.714,4.7019,11.5233,9.3755
E0091,2026-03-17T00:00:00Z,3.1446,2.1412,4.2021,5.5745,10.7894,8.24
E0092,2026-03-17T00:00:00Z,2.1528,0.5318,4.8916,6.0595,9.3669,10.3781
E0093,2026-03-17T00:00:00Z,2.6075,0.9441,3.7301,6.2205,10.0288,9.7285
E0094,2026-03-17T00:00:00Z,2.3153,3.7743,4.4655,6.1833,11.2529,10.4699
E0095,2026-03-17T00:00:00Z,2.8372,-0.1426,5.1276,5.8805,10.3897,9.9826
E0096,2026-03-17T00:00:00Z,2.9651,0.9842,3.1187,5.3924,10.5431,10.8114
E0097,2026-03-17T00:00:00Z,2.1528,1.2311,2.8166,5.6892,12.1808,8.0368
E0098,2026-03-17T00:00:00Z,3.7483,3.5287,2.556,6.1969,11.9979,10.1034
E0099,2026-03-17T00:00:00Z,2.0246,-2.0651,3.9201,4.4806,10.3362,11.9014
E0100,2026-03-17T00:00:00Z,2.639,-0.2843,2.9139,5.7859,12.56,9.3296
E0101,2026-03-17T00:00:00Z,2.601,0.7358,2.985,5.0186,11.6487,10.2319
E0102,2026-03-17T00:00:00Z,1.7714,-1.1913,4.6394,5.6067,12.4552,8.7686
E0103,2026-03-17T00:00:00Z,3.3584,0.3965,4.0738,5.6941,10.8768,8.2984
E0104,2026-03-17T00:00:00Z,2.7625,-3.0421,3.2856,5.4662,9.8952,9.2775
E0105,2026-03-17T00:00:00Z,3.3889,3.6018,3.4828,5.4884,10.9331,9.0432
E0106,2026-03-17T00:00:00Z,2.4429,2.4539,3.4211,5.7231,9.076,9.687
E0107,2026-03-17T00:00:00Z,2.1575,1.0949,0.9151,5.5974,11.3255,9.3365
E0108,2026-03-17T00:00:00Z,3.4772,2.2246,4.3422,4.664,11.9143,10.0553
E0109,2026-03-17T00:00:00Z,3.68,1.8567,3.6222,3.9975,11.8197,8.4843
E0110,2026-03-17T00:00:00Z,3.8174,-0.1586,1.7666,4.2427,11.6533,9.2873
E0111,2026-03-17T00:00:00Z,2.9645,1.4337,4.8113,5.4288,12.6942,7.2027
E0112,2026-03-17T00:00:00Z,2.2179,1.4991,3.1619,4.987,12.1832,8.1183
E0113,2026-03-17T00:00:00Z,2.7013,3.8256,2.3943,4.5379,10.9538,10.4166
E0114,2026-03-17T00:00:00Z,3.2751,-1.9432,4.0727,5.5738,10.2739,10.3561
E0115,2026-03-17T00:00:00Z,3.8733,0.5124,1.4745,5.4679,10.8594,9.2439
E0116,2026-03-17T00:00:00Z,2.7162,0.8158,5.3398,4.9313,11.4379,8.9418
E0117,2026-03-17T00:00:00Z,2.7837,3.3791,3.7011,5.5601,11.113,10.0673
E0118,2026-03-17T00:00:00Z,4.265,-0.4527,3.2288,4.7896,10.5613,8.6299
E0119,2026-03-17T00:00:00Z,3.3174,2.3678,4.8959,5.4246,12.4407,9.8893
E0120,2026-03-17T00:00:00Z,3.3631,0.1128,2.1998,5.2666,11.7291,9.3564
E0121,2026-03-17T00:00:00Z,3.5915,2.1406,4.2215,6.0539,12.1456,8.9214
E0122,2026-03-17T00:00:00Z,2.6614,-0.0893,1.5073,5.0461,9.4672,9.9443
E0123,2026-03-17T00:00:00Z,3.0998,0.1594,5.8346,5.7832,11.4156,10.7406
E0124,2026-03-17T00:00:00Z,2.4152,1.3842,4.7532,4.8802,10.8726,9.8996
E0125,2026-03-17T00:00:00Z,3.56,-1.6994,4.5116,5.0363,12.905,9.5067
E0126,2026-03-17T00:00:00Z,2.9813,1.6036,-0.0736,5.6007,11.152,8.0966
E0127,2026-03-17T00:00:00Z,3.0589,1.3369,5.2978,5.6676,12.2085,11.6414
E0128,2026-03-17T00:00:00Z,3.4689,1.2109,5.3281,5.3428,11.4468,8.7431
E0129,2026-03-17T00:00:00Z,2.2625,0.8237,4.9488,5.031,10.3398,9.7213
E0130,2026-03-17T00:00:00Z,2.0001,0.9973,3.8553,4.4717,9.007,9.0938
E0131,2026-03-17T00:00:00Z,2.0917,-2.2195,5.7345,4.7708,11.2859,10.0078
E0132,2026-03-17T00:00:00Z,1.8283,1.2109,3.4561,5.0278,12.0824,9.0742
E0133,2026-03-17T00:00:00Z,3.1379,-0.0183,3.9123,6.167,10.271,9.3425
E0134,2026-03-17T00:00:00Z,2.4335,-0.4268,2.5648,5.8578,11.7863,9.3433
E0135,2026-03-17T00:00:00Z,3.6782,1.5884,4.7072,5.1549,11.4793,10.136
E0136,2026-03-17T00:00:00Z,2.7809,0.8674,5.8129,5.2376,10.8248,9.1551
E0137,2026-03-17T00:00:00Z,2.8986,-0.2095,2.6839,5.2743,11.2833,10.1946
E0138,2026-03-17T00:00:00Z,2.509,-0.1322,4.2591,6.2183,11.6833,11.4566
E0139,2026-03-17T00:00:00Z,3.3643,2.1249,2.3101,5.3769,11.3458,9.4967
E0140,2026-03-17T00:00:00Z,3.7126,-1.0206,4.936,4.9079,12.141,9.4655
E0141,2026-03-17T00:00:00Z,3.7952,-0.1256,4.2572,5.5975,9.7608,8.3879
E0142,2026-03-17T00:00:00Z,2.5368,-1.5639,3.5823,4.5164,10.5453,6.7721
E0143,2026-03-17T00:00:00Z,2.0502,-1.1379,3.6291,5.5062,9.1468,9.4611
E0144,2026-03-17T00:00:00Z,2.8387,3.0415,2.6674,5.6411,13.1834,9.9352
E0145,2026-03-17T00:00:00Z,3.3561,-2.4013,4.4066,6.4673,10.8276,9.4061
E0146,2026-03-17T00:00:00Z,2.5897,1.5995,4.0935,3.9431,10.4271,8.8479
E0147,2026-03-17T00:00:00Z,2.9577,0.8601,2.3309,6.1099,10.6311,9.5081
E0148,2026-03-17T00:00:00Z,2.7346,-0.6776,4.7458,5.7263,11.6018,9.7689
E0149,2026-03-17T00:00:00Z,3.2572,4.0887,1.2012,6.4585,10.6863,9.2919
E0000,2026-03-18T00:00:00Z,3.9399,-1.607,3.0907,5.7305,10.1093,9.6821
E0001,2026-03-18T00:00:00Z,2.3695,1.8945,2.6365,6.2464,10.3476,9.73
E0002,2026-03-18T00:00:00Z,4.0301,2.3481,5.1546,5.5003,10.3544,10.7217
E0003,2026-03-18T00:00:00Z,3.124,-1.9032,4.3854,5.746,11.659,9.4375
E0004,2026-03-18T00:00:00Z,2.8466,1.2762,3.9202,4.6093,10.5031,8.3265
E0005,2026-03-18T00:00:00Z,1.8639,5.3817,4.6263,5.2701,9.4831,10.439
E0006,2026-03-18T00:00:00Z,1.5415,4.4478,3.4791,4.7224,9.6276,9.6565
E0007,2026-03-18T00:00:00Z,3.4022,3.2405,3.9176,5.2928,13.2164,9.4779
E0008,2026-03-18T00:00:00Z,2.4509,0.8636,3.7381,4.2149,10.221,7.6442
E0009,2026-03-18T00:00:00Z,3.125,2.6572,2.8062,6.3848,12.7992,10.6262
E0010,2026-03-18T00:00:00Z,3.0137,0.3501,2.581,5.1197,9.9971,9.8884
E0011,2026-03-18T00:00:00Z,3.5849,2.4983,2.5881,6.1701,9.929,9.2052
E0012,2026-03-18T00:00:00Z,2.6402,-2.1003,5.0585,4.1214,12.7967,10.8487
E0013,2026-03-18T00:00:00Z,2.7408,0.7583,3.3703,5.0282,10.985,8.0309
E0014,2026-03-18T00:00:00Z,1.8213,-1.1559,3.1445,6.2877,12.5404,10.3006
E0015,2026-03-18T00:00:00Z,2.026,1.0037,2.9216,4.941,12.19,9.789
E0016,2026-03-18T00:00:00Z,2.7198,2.4702,1.8353,5.1794,11.2843,9.4423
E0017,2026-03-18T00:00:00Z,2.8163,1.7311,3.9624,5.7962,10.4563,9.5312
E0018,2026-03-18T00:00:00Z,3.2551,0.1948,4.3914,5.7318,10.8569,10.0532
E0019,2026-03-18T00:00:00Z,3.74,-1.816,3.152,5.0477,12.9585,8.2137
E0020,2026-03-18T00:00:00Z,2.6268,2.2029,5.8661,6.7594,10.7839,10.2347
E0021,2026-03-18T00:00:00Z,3.0613,0.9682,4.8209,6.3404,12.0044,8.8441
E0022,2026-03-18T00:00:00Z,3.6071,2.5177,3.9353,4.4731,12.5645,10.3913
E0023,2026-03-18T00:00:00Z,3.1168,1.4225,4.9746,5.9771,11.0923,9.1715
E0024,2026-03-18T00:00:00Z,2.6049,1.0425,2.2348,6.446,11.0959,8.0917
E0025,2026-03-18T00:00:00Z,3.4344,2.7089,6.2802,5.8766,9.9474,9.5768
E0026,2026-03-18T00:00:00Z,1.9588,0.7208,4.5033,5.5185,11.4078,8.43
E0027,2026-03-18T00:00:00Z,2.7091,1.7758,4.2489,5.1421,11.4509,9.7587
E0028,2026-03-18T00:00:00Z,2.7228,1.1382,3.6842,5.0573,10.832,8.7195
E0029,2026-03-18T00:00:00Z,2.648,1.0797,3.9106,5.4261,10.1629,9.3513
E0030,2026-03-18T00:00:00Z,2.6236,-0.015,3.1943,5.2175,10.5496,10.099
E0031,2026-03-18T00:00:00Z,3.3436,-0.3146,2.0856,4.7047,9.7818,9.8965
E0032,2026-03-18T00:00:00Z,3.2952,1.652,4.1902,6.7136,12.0415,9.822
E0033,2026-03-18T00:00:00Z,2.5975,1.6176,3.537,4.8636,11.328,9.5269
E0034,2026-03-18T00:00:00Z,3.1715,0.9836,4.3354,5.2757,11.1705,9.2344
E0035,2026-03-18T00:00:00Z,3.3172,2.6587,3.8535,5.2944,10.1511,9.7434
E0036,2026-03-18T00:00:00Z,2.6773,-0.0285,3.3897,5.8925,10.6192,10.087
E0037,2026-03-18T00:00:00Z,3.1759,-0.2567,4.9329,5.2677,11.0066,8.0014
E0038,2026-03-18T00:00:00Z,2.3559,1.3713,4.3025,5.2882,10.9806,10.2534
E0039,2026-03-18T00:00:00Z,3.0154,1.1614,3.0569,4.1748,11.8735,10.4351
E0040,2026-03-18T00:00:00Z,2.1872,-0.3275,2.7488,5.8646,12.5243,9.4284
E0041,2026-03-18T00:00:00Z,1.6465,1.1327,4.0154,6.1305,11.3589,9.6863
E0042,2026-03-18T00:00:00Z,2.7991,1.8491,2.3759,7.1012,9.3331,9.7612
E0043,2026-03-18T00:00:00Z,3.9418,1.5723,2.3361,5.0514,9.2995,8.4136
E0044,2026-03-18T00:00:00Z,1.3928,1.5195,4.7825,4.9143,10.7166,8.8729
E0045,2026-03-18T00:00:00Z,2.4827,-1.2803,2.1729,5.5184,11.7047,10.8112
E0046,2026-03-18T00:00:00Z,3.0488,1.1613,4.3783,6.2328,10.2154,9.8341
E0047,2026-03-18T00:00:00Z,3.9666,0.8529,4.5499,5.4558,12.6729,8.2656
E0048,2026-03-18T00:00:00Z,3.2498,0.1851,1.3434,5.7292,13.5256,9.7424
E0049,2026-03-18T00:00:00Z,2.82,-0.0903,2.5382,5.8412,11.9911,9.6015
E0050,2026-03-18T00:00:00Z,2.1202,1.2065,6.1777,5.4975,11.0896,9.3854
E0051,2026-03-18T00:00:00Z,2.8515,1.9624,4.7231,5.5348,8.9494,10.1153
E0052,2026-03-18T00:00:00Z,2.7787,-1.1556,4.8862,5.7654,9.7956,9.3264
E0053,2026-03-18T00:00:00Z,2.9404,0.4671,2.6128,4.9559,10.3134,9.6412
E0054,2026-03-18T00:00:00Z,3.2299,1.368,4.3512,5.6768,10.9113,10.4541
E0055,2026-03-18T00:00:00Z,3.2221,0.1639,-0.033,5.9106,11.1029,7.7292
E0056,2026-03-18T00:00:00Z,3.4853,2.4213,2.3565,6.7102,11.8686,8.946
E0057,2026-03-18T00:00:00Z,3.4695,0.2818,4.9227,5.4549,11.8641,8.632
E0058,2026-03-18T00:00:00Z,2.2264,1.4752,6.4391,4.6512,12.0982,9.9077
E0059,2026-03-18T00:00:00Z,3.6246,0.2379,2.1411,5.3435,10.3098,9.4203
E0060,2026-03-18T00:00:00Z,3.0271,-0.5953,7.792,5.2341,9.1286,9.1626
E0061,2026-03-18T00:00:00Z,3.021,0.8204,5.2458,5.6223,11.3859,9.4888
E0062,2026-03-18T00:00:00Z,2.456,-2.4037,2.6619,5.7324,12.007,9.1986
E0063,2026-03-18T00:00:00Z,2.6954,3.955,0.2822,6.398,10.1317,10.1033
E0064,2026-03-18T00:00:00Z,2.7887,-0.9666,4.1668,5.2949,13.8519,9.0296
E0065,2026-03-18T00:00:00Z,2.3564,0.6031,3.2193,4.4075,9.6785,10.0518
E0066,2026-03-18T00:00:00Z,3.1601,-2.3838,3.6986,5.3469,12.0016,10.8688
E0067,2026-03-18T00:00:00Z,3.6523,4.0141,5.6178,4.751,12.423,9.6014
E0068,2026-03-18T00:00:00Z,1.8444,2.4493,4.2663,5.3339,10.2899,8.7765
E0069,2026-03-18T00:00:00Z,3.3588,1.9951,1.8922,6.2866,10.9144,9.0888
E0070,2026-03-18T00:00:00Z,3.2038,-0.4868,4.4505,5.6496,10.786,9.3731
E0071,2026-03-18T00:00:00Z,3.4705,0.709,4.1474,5.2693,11.0569,10.0252
E0072,2026-03-18T00:00:00Z,1.8346,2.812,3.5002,6.3107,10.562,10.1695
E0073,2026-03-18T00:00:00Z,2.3447,1.439,0.4961,5.9702,9.4449,9.0685
E0074,2026-03-18T00:00:00Z,2.9566,2.4227,1.2772,6.888,11.0626,9.2389
E0075,2026-03-18T00:00:00Z,2.3863,2.1619,3.8165,6.1191,11.0046,9.9456
E0076,2026-03-18T00:00:00Z,3.101,1.995,3.9293,6.0848,11.3587,9.4654
E0077,2026-03-18T00:00:00Z,3.7085,0.4804,3.6362,6.4864,11.2948,9.7676
E0078,2026-03-18T00:00:00Z,2.2231,1.9183,3.8536,6.2801,12.3019,8.167
E0079,2026-03-18T00:00:00Z,2.787,1.7675,4.0643,5.127,10.0377,11.2657
E0080,2026-03-18T00:00:00Z,2.713,-1.1102,5.3793,5.5502,10.0995,9.9016
E0081,2026-03-18T00:00:00Z,3.9359,0.5555,2.6932,5.3597,12.5638,10.201
E0082,2026-03-18T00:00:00Z,2.5422,-0.6194,2.4012,4.0812,10.564,10.4547
E0083,2026-03-18T00:00:00Z,2.6693,3.2767,3.4072,6.0946,11.0089,10.9549
E0084,2026-03-18T00:00:00Z,3.9139,2.6613,2.7705,5.3913,12.303,8.7137
E0085,2026-03-18T00:00:00Z,3.9008,2.2269,1.2163,5.1037,10.4228,9.7752
E0086,2026-03-18T00:00:00Z,2.7871,1.0121,2.1391,6.2879,11.698,10.4806
E0087,2026-03-18T00:00:00Z,3.4602,-0.7932,5.6024,6.5472,11.0659,9.1486
E0088,2026-03-18T00:00:00Z,3.0504,-0.6551,3.6268,5.8766,9.5898,9.4703
E0089,2026-03-18T00:00:00Z,3.8173,0.3608,3.0303,6.4187,10.8754,11.5318
E0090,2026-03-18T00:00:00Z,3.0717,1.6423,2.3215,5.6895,10.2894,9.8099
E0091,2026-03-18T00:00:00Z,3.8531,1.9879,2.7287,6.3038,12.0994,10.6326
E0092,2026-03-18T00:00:00Z,2.2237,1.4197,3.0969,6.069,10.6349,9.3329
E0093,2026-03-18T00:00:00Z,2.7306,2.0021,3.7022,4.5959,12.6996,8.6806
E0094,2026-03-18T00:00:00Z,3.932,-0.4448,5.0534,5.9966,12.3986,10.0432
E0095,2026-03-18T00:00:00Z,3.2923,1.0054,2.637,4.8074,12.2088,10.2969
E0096,2026-03-18T00:00:00Z,3.4729,1.6409,3.5691,5.3663,13.2675,9.8083
E0097,2026-03-18T00:00:00Z,2.7383,1.9052,3.9492,5.4688,11.0259,11.2151
E0098,2026-03-18T00:00:00Z,3.0871,-1.4539,4.6167,5.7399,12.4224,9.7926
E0099,2026-03-18T00:00:00Z,3.0601,-1.9899,3.1024,5.6561,12.1415,9.2528
E0100,2026-03-18T00:00:00Z,3.0281,-1.706,4.1164,3.9073,10.7798,9.6552
E0101,2026-03-18T00:00:00Z,2.4374,2.1027,2.1924,6.1575,12.4888,10.1294
E0102,2026-03-18T00:00:00Z,2.4048,1.8429,5.3882,5.7303,10.5442,10.0674
E0103,2026-03-18T00:00:00Z,1.5724,1.4895,4.7737,5.3338,11.6413,9.9752
E0104,2026-03-18T00:00:00Z,3.7382,4.0715,3.6421,5.0449,9.4917,10.2041
E0105,2026-03-18T00:00:00Z,2.673,1.6129,5.1611,5.784,10.4572,10.4466
E0106,2026-03-18T00:00:00Z,3.5255,1.0593,3.9048,6.0881,11.5878,9.6803
E0107,2026-03-18T00:00:00Z,2.1997,-0.2729,3.9093,5.793,11.3409,10.677
E0108,2026-03-18T00:00:00Z,2.7782,-0.6748,2.3957,4.3941,10.8653,10.0192
E0109,2026-03-18T00:00:00Z,2.1865,2.3175,3.0647,6.4512,13.1255,10.2988
E0110,2026-03-18T00:00:00Z,4.3291,-2.2309,4.989,5.1569,12.6715,9.8363
E0111,2026-03-18T00:00:00Z,2.6496,-2.8932,4.1543,5.2354,11.2217,8.6866
E0112,2026-03-18T00:00:00Z,3.2326,0.7992,4.6496,4.6876,11.3156,10.4272
E0113,2026-03-18T00:00:00Z,3.6976,4.1036,2.9511,5.1124,11.3641,9.4751
E0114,2026-03-18T00:00:00Z,2.8516,-0.2394,4.1972,5.5178,11.5521,8.2153
E0115,2026-03-18T00:00:00Z,3.864,-1.5468,4.3562,5.5473,10.8122,9.8436
E0116,2026-03-18T00:00:00Z,2.1243,1.8367,3.6537,5.2302,10.5742,9.8618
E0117,2026-03-18T00:00:00Z,2.7921,-0.2683,4.4113,5.7781,11.4552,10.5003
E0118,2026-03-18T00:00:00Z,2.6256,-0.4994,6.3165,4.8736,11.3564,9.8077
E0119,2026-03-18T00:00:00Z,3.1954,-2.4045,0.8407,6.7386,10.783,9.2249
E0120,2026-03-18T00:00:00Z,2.1231,0.3962,3.1133,5.3229,12.4508,10.4853
E0121,2026-03-18T00:00:00Z,3.413,1.5992,4.6952,6.196,11.7452,10.4692
E0122,2026-03-18T00:00:00Z,2.4252,-2.5183,2.1596,6.5062,11.6645,9.9263
E0123,2026-03-18T00:00:00Z,2.6008,-0.039,3.3377,4.8847,9.6574,10.7913
E0124,2026-03-18T00:00:00Z,3.739,-0.3483,2.5315,6.3288,10.2649,8.3673
E0125,2026-03-18T00:00:00Z,3.6894,5.0156,5.5772,5.8294,11.084,9.7885
E0126,2026-03-18T00:00:00Z,3.506,0.6062,1.4942,6.061,11.1158,9.4048
E0127,2026-03-18T00:00:00Z,3.0864,1.6177,3.1046,5.5373,10.5206,9.1248
E0128,2026-03-18T00:00:00Z,3.7044,2.0988,3.1473,5.5863,12.0118,8.9919
E0129,2026-03-18T00:00:00Z,2.5069,-1.7639,5.2245,5.9992,11.6367,7.573
E0130,2026-03-18T00:00:00Z,3.0585,-0.5264,1.9819,6.2401,10.7946,8.7256
E0131,2026-03-18T00:00:00Z,4.1278,-0.322,3.729,5.8544,11.8229,9.6659
E0132,2026-03-18T00:00:00Z,3.336,1.1518,3.135,5.3658,10.6392,9.5554
E0133,2026-03-18T00:00:00Z,3.1347,-1.6198,4.8485,5.3128,10.7106,10.1244
E0134,2026-03-18T00:00:00Z,2.5767,2.9817,5.0856,6.1805,11.3507,10.0354
E0135,2026-03-18T00:00:00Z,3.05,-2.3322,3.0608,4.7836,10.9234,9.1269
E0136,2026-03-18T00:00:00Z,3.5615,4.2487,3.0783,4.7925,11.982,7.7532
E0137,2026-03-18T00:00:00Z,3.331,3.6863,3.9244,6.1031,11.9485,10.9729
E0138,2026-03-18T00:00:00Z,2.7679,3.5769,3.3979,5.7219,12.8376,9.7168
E0139,2026-03-18T00:00:00Z,2.6919,0.1383,4.9637,5.8863,11.1434,8.7347
E0140,2026-03-18T00:00:00Z,3.8195,2.852,1.766,4.8027,10.6626,8.9711
E0141,2026-03-18T00:00:00Z,3.1842,4.0314,5.1459,5.8576,10.5161,9.0383
E0142,2026-03-18T00:00:00Z,3.0472,1.552,5.5918,5.299,11.4239,9.3554
E0143,2026-03-18T00:00:00Z,2.4425,0.8096,4.0153,6.1004,10.3804,10.3734
E0144,2026-03-18T00:00:00Z,2.7511,3.5452,3.654,5.1946,10.694,11.5946
E0145,2026-03-18T00:00:00Z,3.0082,1.8071,3.8637,5.6875,11.6084,10.838
E0146,2026-03-18T00:00:00Z,3.3811,1.927,2.1116,5.9849,11.729,9.299
E0147,2026-03-18T00:00:00Z,3.0492,-0.2873,3.8133,4.7312,10.2432,7.9792
E0148,2026-03-18T00:00:00Z,2.1958,0.3548,2.3884,5.458,12.6832,8.4149
E0149,2026-03-18T00:00:00Z,1.9673,0.0416,3.3541,5.5725,12.0964,10.2629
E0000,2026-03-19T00:00:00Z,2.9409,2.1704,3.269,5.4216,12.7699,8.4709
E0001,2026-03-19T00:00:00Z,2.0557,5.8674,3.1882,5.4437,11.3752,9.0338
E0002,2026-03-19T00:00:00Z,2.3433,2.1618,3.0561,5.4585,12.0287,7.9382
E0003,2026-03-19T00:00:00Z,2.9964,5.2292,4.9614,5.3319,11.1962,10.4818
E0004,2026-03-19T00:00:00Z,3.5342,0.7765,4.1812,4.5955,9.7027,8.5885
E0005,2026-03-19T00:00:00Z,2.2417,1.3027,4.631,4.8569,10.6975,11.3096
E0006,2026-03-19T00:00:00Z,3.1365,2.871,4.4142,6.1172,11.4816,10.2654
E0007,2026-03-19T00:00:00Z,3.1964,0.7352,3.2647,5.8625,10.709,8.3112
E0008,2026-03-19T00:00:00Z,3.5129,0.3978,3.9931,5.471,11.4062,11.6289
E0009,2026-03-19T00:00:00Z,3.8382,1.4653,3.8061,6.4685,11.3758,8.3877
E0010,2026-03-19T00:00:00Z,2.0207,2.5723,3.578,4.9715,12.1618,10.4233
E0011,2026-03-19T00:00:00Z,2.7406,-0.612,3.7863,5.7046,9.8539,9.3658
E0012,2026-03-19T00:00:00Z,1.8598,-0.4183,4.8904,3.8754,13.702,8.5281
E0013,2026-03-19T00:00:00Z,2.1763,-1.5419,3.9256,5.1657,12.0697,8.7388
E0014,2026-03-19T00:00:00Z,3.1055,2.3333,4.3108,6.1885,9.6591,10.7723
E0015,2026-03-19T00:00:00Z,2.7784,0.1528,1.6594,4.0457,12.2395,7.6938
E0016,2026-03-19T00:00:00Z,2.194,-1.4403,5.6849,5.7494,10.3749,10.6234
E0017,2026-03-19T00:00:00Z,2.9445,1.2145,2.7498,5.7992,9.4038,11.0205
E0018,2026-03-19T00:00:00Z,3.6908,-3.5982,1.9894,5.4862,11.0733,9.9767
E0019,2026-03-19T00:00:00Z,2.0918,1.4921,4.1783,4.6253,10.856,10.3299
E0020,2026-03-19T00:00:00Z,1.9043,0.848,2.0828,5.5725,11.2195,11.6966
E0021,2026-03-19T00:00:00Z,4.7646,0.0931,1.7031,5.5984,9.3812,9.6119
E0022,2026-03-19T00:00:00Z,2.8884,0.2085,3.9017,6.0529,12.3104,9.1065
E0023,2026-03-19T00:00:00Z,2.3869,1.8244,3.4415,4.9834,10.2039,11.4964
E0024,2026-03-19T00:00:00Z,2.413,0.7327,2.8969,6.0498,10.9972,9.2763
E0025,2026-03-19T00:00:00Z,1.7457,1.6971,5.4973,4.1337,11.5017,7.9058
E0026,2026-03-19T00:00:00Z,3.7574,3.3959,4.1287,3.9602,10.0702,8.8068
E0027,2026-03-19T00:00:00Z,3.5521,-1.6743,4.6244,5.8426,11.5735,9.5481
E0028,2026-03-19T00:00:00Z,1.9861,0.2401,3.2331,5.9172,11.2642,9.3366
E0029,2026-03-19T00:00:00Z,4.4116,1.0216,4.6399,5.5349,10.1923,9.0214
E0030,2026-03-19T00:00:00Z,3.9155,2.5303,3.6687,5.0558,10.4422,10.3188
E0031,2026-03-19T00:00:00Z,1.8123,3.364,4.4585,5.3362,11.4916,9.8849
E0032,2026-03-19T00:00:00Z,3.6227,3.144,4.8856,5.1682,11.4792,9.8985
E0033,2026-03-19T00:00:00Z,2.0964,3.7419,4.8224,5.8378,11.493,8.9296
E0034,2026-03-19T00:00:00Z,3.1649,-1.2884,3.5375,5.1048,11.9872,9.848
E0035,2026-03-19T00:00:00Z,2.8697,-0.4169,3.6464,6.0641,10.6705,10.5384
E0036,2026-03-19T00:00:00Z,2.1575,2.0166,3.9603,5.1273,10.5343,9.2424
E0037,2026-03-19T00:00:00Z,4.0698,2.5134,3.4228,4.8188,12.0553,9.8424
E0038,2026-03-19T00:00:00Z,2.6842,1.7717,2.9877,6.1383,11.4558,10.4215
E0039,2026-03-19T00:00:00Z,3.241,2.9472,6.0555,6.2324,11.7115,10.1947
E0040,2026-03-19T00:00:00Z,2.5,1.8526,5.4688,5.0519,12.7621,10.1916
E0041,2026-03-19T00:00:00Z,2.8613,2.2441,3.6249,5.3282,11.7905,11.5208
E0042,2026-03-19T00:00:00Z,2.6428,1.2068,2.3363,5.5748,9.4225,8.3348
E0043,2026-03-19T00:00:00Z,1.8758,-1.4904,4.0207,4.2421,12.061,10.5394
E0044,2026-03-19T00:00:00Z,3.264,-0.6556,6.0499,6.1461,8.6283,8.7298
E0045,2026-03-19T00:00:00Z,1.6597,-0.0738,5.2278,5.0936,10.1555,10.2901
E0046,2026-03-19T00:00:00Z,3.1715,0.9682,2.6992,5.1426,11.5767,10.0639
E0047,2026-03-19T00:00:00Z,2.178,0.0043,2.4212,4.9356,9.1865,8.2551
E0048,2026-03-19T00:00:00Z,3.5402,0.5989,4.5315,5.4991,9.9658,10.7907
E0049,2026-03-19T00:00:00Z,3.1274,2.9984,5.9178,5.8718,11.0722,10.5331
E0050,2026-03-19T00:00:00Z,2.7573,0.9991,3.5411,4.4313,11.2534,10.3427
E0051,2026-03-19T00:00:00Z,3.6441,1.1653,2.4353,5.9486,10.4108,8.0091
E0052,2026-03-19T00:00:00Z,3.3314,2.0238,3.8614,4.9197,9.1584,10.3225
E0053,2026-03-19T00:00:00Z,4.0062,0.8361,3.3855,6.0094,10.5547,10.6581
E0054,2026-03-19T00:00:00Z,3.9733,2.4103,2.5416,5.5133,11.4952,10.05
E0055,2026-03-19T00:00:00Z,3.9113,-1.0186,5.1357,6.6254,9.9798,9.7965
E0056,2026-03-19T00:00:00Z,3.846,0.3292,4.5089,5.1167,11.6083,9.0036
E0057,2026-03-19T00:00:00Z,2.6774,1.8418,5.4165,5.1589,10.4075,9.222
E0058,2026-03-19T00:00:00Z,3.7257,2.1187,3.2962,4.1331,11.5383,12.0048
E0059,2026-03-19T00:00:00Z,3.0828,-2.2043,3.4123,5.0589,10.1628,9.004
E0060,2026-03-19T00:00:00Z,3.3807,-1.1933,5.3118,5.5127,11.8834,8.7307
E0061,2026-03-19T00:00:00Z,1.8233,-0.0608,4.9786,6.1747,12.5413,8.161
E0062,2026-03-19T00:00:00Z,4.0046,-0.2542,3.1309,6.2288,11.9278,8.5124
E0063,2026-03-19T00:00:00Z,3.375,-0.1994,1.6684,6.1671,12.6306,9.0699
E0064,2026-03-19T00:00:00Z,2.6807,-2.321,3.1042,5.7192,11.1496,9.7835
E0065,2026-03-19T00:00:00Z,2.261,-1.0798,5.1004,5.0906,10.6327,10.6787
E0066,2026-03-19T00:00:00Z,2.6645,1.8123,3.6121,6.0323,9.6725,8.7711
E0067,2026-03-19T00:00:00Z,1.816,2.0364,5.4705,5.9314,10.8159,9.4855
E0068,2026-03-19T00:00:00Z,4.0761,-0.2949,3.7676,5.7676,9.4439,9.4842
E0069,2026-03-19T00:00:00Z,3.341,0.9146,2.5846,5.0749,10.8388,9.8279
E0070,2026-03-19T00:00:00Z,3.7339,-1.1857,3.0369,5.6277,9.4473,10.335
E0071,2026-03-19T00:00:00Z,3.7647,1.4345,4.1848,5.9828,11.522,9.1929
E0072,2026-03-19T00:00:00Z,3.1625,1.3318,3.3921,4.3255,10.8451,8.0868
E0073,2026-03-19T00:00:00Z,3.69,0.7958,4.6188,5.2975,11.524,9.7246
E0074,2026-03-19T00:00:00Z,3.1686,-2.2516,2.3141,4.3964,11.4613,10.571
E0075,2026-03-19T00:00:00Z,2.271,3.4694,2.0546,5.4176,10.8016,9.4994
E0076,2026-03-19T00:00:00Z,3.3308,4.2446,4.5769,5.4921,12.214,9.013
E0077,2026-03-19T00:00:00Z,2.6156,0.4949,4.2905,5.8128,9.425,7.26
E0078,2026-03-19T00:00:00Z,2.3376,1.3003,4.847,5.8846,10.0094,9.489
E0079,2026-03-19T00:00:00Z,3.4411,0.1863,4.7113,4.8361,10.9995,10.6917
E0080,2026-03-19T00:00:00Z,2.8285,2.4239,3.6463,5.5527,10.8632,9.2775
E0081,2026-03-19T00:00:00Z,3.6701,6.4716,3.8993,5.5283,11.8422,9.5795
E0082,2026-03-19T00:00:00Z,2.5617,1.0541,4.7328,5.6895,12.298,9.1481
E0083,2026-03-19T00:00:00Z,2.3666,0.1955,3.6977,5.3212,10.8003,9.476
E0084,2026-03-19T00:00:00Z,3.7301,-1.4547,2.441,5.1008,12.9825,10.2589
E0085,2026-03-19T00:00:00Z,3.3362,0.9035,1.8932,6.7672,12.0799,10.0486
E0086,2026-03-19T00:00:00Z,2.8032,3.3349,2.9902,5.2011,11.8495,9.8336
E0087,2026-03-19T00:00:00Z,2.1829,4.4572,4.6096,5.767,11.5561,9.8164
E0088,2026-03-19T00:00:00Z,3.2378,1.6141,3.8791,5.8198,10.9797,9.7835
E0089,2026-03-19T00:00:00Z,3.3951,1.9311,1.7055,5.8567,11.209,8.6552
E0090,2026-03-19T00:00:00Z,2.4084,1.0688,3.9683,5.995,10.3304,8.659
E0091,2026-03-19T00:00:00Z,2.9124,4.5358,2.9644,5.5396,11.4506,10.3932
E0092,2026-03-19T00:00:00Z,3.3496,-0.2447,5.4127,5.6535,11.1107,9.3779
E0093,2026-03-19T00:00:00Z,1.2637,0.0985,4.5762,6.2649,12.6438,10.9798
E0094,2026-03-19T00:00:00Z,2.8762,-2.9191,3.4277,5.9739,12.2764,9.5285
E0095,2026-03-19T00:00:00Z,3.8411,3.9287,3.931,6.5057,12.1262,10.0495
E0096,2026-03-19T00:00:00Z,4.3062,1.8219,4.1495,5.1919,8.7968,11.5137
E0097,2026-03-19T00:00:00Z,3.239,2.1986,5.4009,4.393,9.6884,8.931
E0098,2026-03-19T00:00:00Z,3.1496,-0.0543,1.1322,5.415,8.8753,10.2357
E0099,2026-03-19T00:00:00Z,3.1787,0.7847,2.8535,5.8672,11.3728,7.4553
E0100,2026-03-19T00:00:00Z,2.8177,2.152,2.5417,5.3964,11.5953,9.2474
E0101,2026-03-19T00:00:00Z,3.704,3.4847,4.5435,5.0947,11.8303,8.8186
E0102,2026-03-19T00:00:00Z,2.8846,2.1302,3.8713,5.688,10.8125,9.0278
E0103,2026-03-19T00:00:00Z,2.844,2.0218,4.2816,5.8715,10.4477,9.5422
E0104,2026-03-19T00:00:00Z,3.0721,0.3124,4.2879,5.0186,10.3897,9.2407
E0105,2026-03-19T00:00:00Z,2.6586,0.1495,4.439,6.48,11.5229,8.6446
E0106,2026-03-19T00:00:00Z,2.5413,2.1503,5.913,5.1261,11.3132,9.8786
E0107,2026-03-19T00:00:00Z,3.4048,1.4469,3.0762,5.2185,10.4853,10.4858
E0108,2026-03-19T00:00:00Z,3.8432,1.0921,4.8867,4.8494,9.4296,8.799
E0109,2026-03-19T00:00:00Z,3.6641,2.8309,5.1329,6.8948,11.4227,11.1023
E0110,2026-03-19T00:00:00Z,2.751,0.3068,2.9148,4.783,11.958,9.2532
E0111,2026-03-19T00:00:00Z,2.1811,4.2673,2.1421,5.2365,10.524,10.4744
E0112,2026-03-19T00:00:00Z,3.1805,1.9271,5.6679,4.9826,10.4167,9.7532
E0113,2026-03-19T00:00:00Z,2.1623,-0.1881,5.1127,4.6165,11.5072,8.6576
E0114,2026-03-19T00:00:00Z,1.0956,-0.554,-0.1136,5.2887,11.567,9.5283
E0115,2026-03-19T00:00:00Z,3.8535,-1.5403,1.9573,5.4478,9.8769,10.2479
E0116,2026-03-19T00:00:00Z,2.9051,2.1843,6.4174,4.9685,10.5537,11.2276
E0117,2026-03-19T00:00:00Z,2.7221,0.3064,3.543,5.1184,11.4229,9.6584
E0118,2026-03-19T00:00:00Z,1.7473,0.2252,2.8196,4.2675,11.6165,8.5015
E0119,2026-03-19T00:00:00Z,2.6035,0.8576,2.2436,5.97,10.7661,9.4726
E0120,2026-03-19T00:00:00Z,2.4477,0.9837,2.3746,5.9816,12.3997,10.2214
E0121,2026-03-19T00:00:00Z,3.6194,1.5047,2.6653,5.3843,12.6815,9.1627
E0122,2026-03-19T00:00:00Z,3.0369,-0.1278,5.3504,4.669,10.6499,9.8892
E0123,2026-03-19T00:00:00Z,3.0188,1.375,3.7228,5.1118,11.0955,10.1658
E0124,2026-03-19T00:00:00Z,3.6119,0.0859,5.3172,6.1942,10.824,9.5192
E0125,2026-03-19T00:00:00Z,2.3217,-1.2481,4.5504,5.4957,11.0942,9.8224
E0126,2026-03-19T00:00:00Z,2.0857,2.6909,3.2664,5.4602,10.4875,9.759
E0127,2026-03-19T00:00:00Z,3.0422,1.8116,2.9945,6.3244,10.2015,11.9241
E0128,2026-03-19T00:00:00Z,1.5134,0.1587,3.9859,5.0798,11.2386,11.6343
E0129,2026-03-19T00:00:00Z,4.6485,0.1991,4.4468,5.7927,10.3788,10.2501
E0130,2026-03-19T00:00:00Z,2.9329,-0.4971,3.8296,4.8611,10.625,8.542
E0131,2026-03-19T00:00:00Z,2.3323,3.5229,5.0747,5.4729,11.5216,12.253
E0132,2026-03-19T00:00:00Z,3.2249,0.0844,3.7132,5.8112,11.7143,9.4027
E0133,2026-03-19T00:00:00Z,2.8727,0.9197,1.5022,5.2824,11.0553,8.6996
E0134,2026-03-19T00:00:00Z,2.7493,0.0495,0.8685,4.3642,12.5684,10.6276
E0135,2026-03-19T00:00:00Z,3.3027,1.6202,3.3342,5.2384,10.2215,10.25
E0136,2026-03-19T00:00:00Z,1.829,0.0557,2.1819,6.0068,11.1813,9.4605
E0137,2026-03-19T00:00:00Z,3.7107,1.0692,2.1576,5.5201,11.5679,9.1463
E0138,2026-03-19T00:00:00Z,2.1715,2.6585,5.8608,4.7103,11.2291,11.2887
E0139,2026-03-19T00:00:00Z,2.6621,0.6138,1.4428,5.2216,9.6974,9.0793
E0140,2026-03-19T00:00:00Z,4.6323,0.8563,6.239,6.4432,10.0952,10.5781
E0141,2026-03-19T00:00:00Z,1.5208,2.1902,4.1813,5.972,11.1756,7.4629
E0142,2026-03-19T00:00:00Z,4.05,0.7048,3.5681,4.7943,12.0328,10.4594
E0143,2026-03-19T00:00:00Z,2.1245,0.5169,3.2535,5.2916,10.4812,9.6469
E0144,2026-03-19T00:00:00Z,2.6409,0.3347,3.4213,6.2328,12.7446,10.4185
E0145,2026-03-19T00:00:00Z,4.1281,2.8908,4.2737,4.9399,11.487,9.83
E0146,2026-03-19T00:00:00Z,3.9536,0.4009,3.4259,6.1912,9.7141,8.6446
E0147,2026-03-19T00:00:00Z,1.8326,4.8582,4.4694,5.0903,11.6827,9.1335
E0148,2026-03-19T00:00:00Z,3.619,0.8768,1.6188,6.0957,11.685,8.6324
E0149,2026-03-19T00:00:00Z,2.9737,1.4649,2.6984,4.8071,11.6413,9.1267
E0000,2026-03-20T00:00:00Z,2.8236,-1.0754,2.4593,4.9854,10.435,10.4954
E0001,2026-03-20T00:00:00Z,2.7707,1.2912,4.1208,5.1595,11.304,9.6713
E0002,2026-03-20T00:00:00Z,3.2935,-0.3185,6.0112,5.042,11.8119,10.9182
E0003,2026-03-20T00:00:00Z,3.3409,0.3459,3.4557,5.8936,10.2504,9.6597
E0004,2026-03-20T00:00:00Z,3.8805,1.6195,4.2043,5.2704,11.4334,10.4656
E0005,2026-03-20T00:00:00Z,2.5693,-0.4194,4.7452,6.0675,11.967,8.9277
E0006,2026-03-20T00:00:00Z,2.1136,1.8493,3.8274,5.5794,11.2318,9.5446
E0007,2026-03-20T00:00:00Z,2.905,2.3627,1.9748,5.1829,12.9969,10.7366
E0008,2026-03-20T00:00:00Z,2.5629,3.729,3.645,4.418,13.3731,9.7508
E0009,2026-03-20T00:00:00Z,2.711,0.0554,3.1029,5.1179,9.7654,10.7373
E0010,2026-03-20T00:00:00Z,2.4618,0.6419,1.589,5.8084,11.4802,9.5003
E0011,2026-03-20T00:00:00Z,3.7646,1.149,1.2293,5.9574,10.8444,9.9261
E0012,2026-03-20T00:00:00Z,3.0629,0.4667,2.9935,5.4766,11.6432,10.1484
E0013,2026-03-20T00:00:00Z,3.1329,-1.5632,2.2583,5.4603,10.3449,9.1235
E0014,2026-03-20T00:00:00Z,1.3712,0.3266,1.6803,5.4573,11.9202,8.1898
E0015,2026-03-20T00:00:00Z,2.4396,-0.2788,3.0051,5.1978,11.1777,8.7034
E0016,2026-03-20T00:00:00Z,4.1185,0.5667,3.6498,5.916,12.1949,10.601
E0017,2026-03-20T00:00:00Z,2.6258,3.1008,2.8572,6.0314,12.2956,9.8915
E0018,2026-03-20T00:00:00Z,3.0613,2.3167,4.7487,4.6062,12.1776,7.7532
E0019,2026-03-20T00:00:00Z,3.1026,1.6625,3.5258,6.159,12.4483,8.2186
E0020,2026-03-20T00:00:00Z,2.6043,2.7501,3.9035,5.8209,9.665,8.6577
E0021,2026-03-20T00:00:00Z,1.9096,4.1218,2.4971,5.4296,11.154,8.1373
E0022,2026-03-20T00:00:00Z,3.5809,0.7098,5.156,5.2324,10.5875,8.9075
E0023,2026-03-20T00:00:00Z,3.2498,1.2409,3.3644,5.3803,12.1312,8.1333
E0024,2026-03-20T00:00:00Z,1.7467,1.6455,5.371,5.6475,12.2237,10.6643
E0025,2026-03-20T00:00:00Z,2.4529,0.056,4.1039,3.8991,10.5901,8.8537
E0026,2026-03-20T00:00:00Z,1.9724,1.0738,1.8554,4.9812,12.0997,8.8483
E0027,2026-03-20T00:00:00Z,3.3775,2.3009,3.9849,4.8884,9.881,9.6326
E0028,2026-03-20T00:00:00Z,4.2992,2.4026,2.4411,4.8988,11.8676,9.058
E0029,2026-03-20T00:00:00Z,3.3658,0.4596,2.9631,5.1464,11.6199,10.2326
E0030,2026-03-20T00:00:00Z,3.3349,1.4272,4.6543,5.115,10.7703,8.2164
E0031,2026-03-20T00:00:00Z,2.6971,0.8961,4.1418,6.0841,13.511,9.0441
E0032,2026-03-20T00:00:00Z,2.3931,-0.473,4.2302,5.1111,11.3535,10.0627
E0033,2026-03-20T00:00:00Z,2.0065,3.2544,5.7369,6.2263,13.9237,7.1727
E0034,2026-03-20T00:00:00Z,4.1284,0.6587,3.5509,6.0628,12.3459,8.5429
E0035,2026-03-20T00:00:00Z,3.1609,-1.48,3.1814,5.3398,12.421,9.1959
E0036,2026-03-20T00:00:00Z,2.4782,0.3516,2.6928,6.2662,11.108,11.0057
E0037,2026-03-20T00:00:00Z,3.1119,2.4428,6.1275,5.2944,11.67,10.0001
E0038,2026-03-20T00:00:00Z,3.1329,0.6526,2.7287,5.1862,11.9301,9.6027
E0039,2026-03-20T00:00:00Z,2.5871,0.402,4.3301,6.1939,11.2994,9.534
E0040,2026-03-20T00:00:00Z,3.252,-0.5482,3.4196,5.456,11.3651,8.2757
E0041,2026-03-20T00:00:00Z,2.3598,0.4202,3.9117,5.7676,11.4603,9.643
E0042,2026-03-20T00:00:00Z,2.7801,2.9124,1.5871,5.8613,12.5827,9.5922
E0043,2026-03-20T00:00:00Z,2.798,-0.1258,4.62,6.4197,11.9649,11.1497
E0044,2026-03-20T00:00:00Z,3.3012,-3.4829,4.8691,3.8278,12.4,9.7932
E0045,2026-03-20T00:00:00Z,3.1873,2.9305,2.4861,5.2921,10.6467,7.9182
E0046,2026-03-20T00:00:00Z,2.3584,0.6692,2.3723,4.542,10.8854,8.9953
E0047,2026-03-20T00:00:00Z,3.447,0.2685,4.0259,5.636,12.1685,9.6311
E0048,2026-03-20T00:00:00Z,3.6018,-0.3934,4.3234,5.4899,11.8425,9.2176
E0049,2026-03-20T00:00:00Z,3.0702,2.3644,2.2938,5.3211,10.9234,9.3069
E0050,2026-03-20T00:00:00Z,2.8183,1.3273,3.106,5.7815,10.8431,10.9909
E0051,2026-03-20T00:00:00Z,3.5817,-0.1647,2.9451,6.0785,10.2791,9.4462
E0052,2026-03-20T00:00:00Z,2.4756,0.9141,2.9228,6.1854,10.9243,11.3615
E0053,2026-03-20T00:00:00Z,3.4839,-2.8713,3.7689,6.2743,10.9004,7.8361
E0054,2026-03-20T00:00:00Z,1.2468,1.1385,3.7038,5.5236,12.9716,10.9861
E0055,2026-03-20T00:00:00Z,2.5292,0.6639,2.7774,4.8486,12.0925,9.7844
E0056,2026-03-20T00:00:00Z,2.7043,3.6326,5.2528,5.5206,12.5203,8.2892
E0057,2026-03-20T00:00:00Z,2.769,2.6354,2.9143,5.998,11.9005,10.6417
E0058,2026-03-20T00:00:00Z,3.4509,0.6447,4.0803,5.8393,11.2386,11.354
E0059,2026-03-20T00:00:00Z,3.095,2.4811,4.9886,5.7531,10.7706,9.6936
E0060,2026-03-20T00:00:00Z,3.5624,2.2104,3.0807,5.729,12.2755,9.8201
E0061,2026-03-20T00:00:00Z,3.4098,1.9489,4.3562,4.7023,11.9546,10.317
E0062,2026-03-20T00:00:00Z,3.5784,2.27,3.902,5.9372,10.8548,9.8
E0063,2026-03-20T00:00:00Z,3.4208,0.3408,2.7681,5.1504,14.1502,10.2262
E0064,2026-03-20T00:00:00Z,3.5093,1.6959,1.5335,5.0119,12.3278,8.0739
E0065,2026-03-20T00:00:00Z,3.3592,2.4054,4.0305,5.659,9.8512,9.6831
E0066,2026-03-20T00:00:00Z,2.7301,1.2496,5.5037,5.2154,10.9706,10.4581
E0067,2026-03-20T00:00:00Z,2.8124,2.7479,5.1733,6.3872,12.3384,8.1473
E0068,2026-03-20T00:00:00Z,2.9859,0.5712,6.2063,5.0205,13.5611,8.0107
E0069,2026-03-20T00:00:00Z,3.5282,-1.0949,3.3588,5.1208,12.8934,10.6092
E0070,2026-03-20T00:00:00Z,2.4921,0.662,4.0897,5.6996,10.6564,10.0003
E0071,2026-03-20T00:00:00Z,3.5815,1.4856,2.4523,6.2834,10.407,9.8639
E0072,2026-03-20T00:00:00Z,2.8665,1.7247,2.8082,5.6797,12.8392,10.1215
E0073,2026-03-20T00:00:00Z,2.9267,-1.51,5.0895,6.4165,11.0045,10.0047
E0074,2026-03-20T00:00:00Z,3.3765,-1.5624,3.2361,7.2638,12.1698,8.6349
E0075,2026-03-20T00:00:00Z,2.9783,2.5946,4.4191,4.3324,10.5065,9.1779
E0076,2026-03-20T00:00:00Z,2.7589,0.5222,2.7811,5.2506,11.5648,11.1587
E0077,2026-03-20T00:00:00Z,2.733,2.3629,1.6036,5.4945,11.1827,7.7785
E0078,2026-03-20T00:00:00Z,2.5071,1.2734,3.8807,6.629,10.3963,10.0816
E0079,2026-03-20T00:00:00Z,3.0173,1.6014,3.948,5.1087,12.5977,9.721
E0080,2026-03-20T00:00:00Z,4.0946,-1.9208,6.0139,5.9282,11.0703,8.4777
E0081,2026-03-20T00:00:00Z,3.6663,0.2409,4.7301,5.9017,12.1398,9.6145
E0082,2026-03-20T00:00:00Z,2.745,2.1799,3.2957,4.9751,10.5873,8.5808
E0083,2026-03-20T00:00:00Z,3.2509,-0.4006,4.0309,5.4742,12.0805,8.6742
E0084,2026-03-20T00:00:00Z,3.5234,-0.1284,2.5122,5.7838,9.8417,9.0083
E0085,2026-03-20T00:00:00Z,2.6617,-1.2485,3.5299,5.3466,11.5797,10.522
E0086,2026-03-20T00:00:00Z,1.787,-0.1513,2.3594,5.2871,11.4984,10.2352
E0087,2026-03-20T00:00:00Z,3.8822,1.4057,4.6017,5.2205,10.0327,10.128
E0088,2026-03-20T00:00:00Z,2.1039,-0.8259,2.9836,5.38,12.5873,9.2801
E0089,2026-03-20T00:00:00Z,2.6712,2.0255,2.2855,5.7756,10.5821,10.8523
E0090,2026-03-20T00:00:00Z,1.9208,-1.5765,3.3402,6.5678,11.4784,8.6523
E0091,2026-03-20T00:00:00Z,3.5113,1.8353,0.8493,5.3029,10.7246,8.7684
E0092,2026-03-20T00:00:00Z,2.4083,0.0868,4.7392,4.3108,12.0778,9.5596
E0093,2026-03-20T00:00:00Z,2.4073,3.5499,3.7003,5.6276,11.6356,12.2054
E0094,2026-03-20T00:00:00Z,2.4174,3.04,4.6008,6.1786,13.1911,9.7477
E0095,2026-03-20T00:00:00Z,2.0823,-2.0835,2.3881,5.272,10.2954,10.3962
E0096,2026-03-20T00:00:00Z,4.2149,0.6636,2.3037,6.3527,10.4962,10.0141
E0097,2026-03-20T00:00:00Z,2.8957,-0.2226,4.4549,5.6025,10.4786,8.2401
E0098,2026-03-20T00:00:00Z,1.5078,-1.485,4.1136,5.5052,10.2172,9.9073
E0099,2026-03-20T00:00:00Z,3.2763,2.594,2.7445,5.7554,11.3277,8.9474
E0100,2026-03-20T00:00:00Z,3.9027,-0.8128,2.9042,4.9302,9.9894,9.0197
E0101,2026-03-20T00:00:00Z,1.9573,-0.102,3.7417,6.3575,11.5978,10.3182
E0102,2026-03-20T00:00:00Z,4.0884,1.0059,5.7254,6.1993,12.6049,10.3184
E0103,2026-03-20T00:00:00Z,2.7734,-0.2677,4.0765,5.3469,10.4304,9.4826
E0104,2026-03-20T00:00:00Z,1.9385,1.2757,2.9771,5.9237,9.5104,10.0537
E0105,2026-03-20T00:00:00Z,2.5536,0.2779,4.3288,5.1734,11.4603,9.4348
E0106,2026-03-20T00:00:00Z,3.3357,0.3939,3.4828,5.6282,10.2875,8.7111
E0107,2026-03-20T00:00:00Z,3.1946,0.3966,3.9139,5.6081,12.5313,9.2235
E0108,2026-03-20T00:00:00Z,2.1499,2.6047,4.754,4.7405,11.6193,8.6584
E0109,2026-03-20T00:00:00Z,3.8254,2.8683,4.6661,6.1495,10.1023,10.4107
E0110,2026-03-20T00:00:00Z,1.7691,-1.0387,2.0579,4.5707,12.1016,10.7026
E0111,2026-03-20T00:00:00Z,2.004,1.0644,2.3421,6.0379,11.2175,9.1546
E0112,2026-03-20T00:00:00Z,3.6415,1.7708,6.6094,5.9443,10.3695,9.17
E0113,2026-03-20T00:00:00Z,2.7067,1.9242,2.3026,6.0275,10.7543,11.1427
E0114,2026-03-20T00:00:00Z,3.255,-1.9808,4.3369,6.4846,10.7161,9.0373
E0115,2026-03-20T00:00:00Z,3.5696,0.6052,4.5952,5.0218,10.4361,11.1112
E0116,2026-03-20T00:00:00Z,3.914,2.1705,2.2099,6.1071,12.6604,10.0403
E0117,2026-03-20T00:00:00Z,2.5315,1.474,4.666,5.879,10.9554,7.9829
E0118,2026-03-20T00:00:00Z,4.2127,2.1202,4.7345,5.7894,11.898,8.5831
E0119,2026-03-20T00:00:00Z,2.3828,-0.5777,3.3949,5.8846,9.3376,10.6117
E0120,2026-03-20T00:00:00Z,1.7701,-1.5036,2.9719,4.9524,9.631,10.1145
E0121,2026-03-20T00:00:00Z,2.4542,2.834,2.0895,4.9808,12.4087,11.5412
E0122,2026-03-20T00:00:00Z,3.0119,0.5723,4.9304,4.7507,11.792,8.6993
E0123,2026-03-20T00:00:00Z,3.062,-1.5763,2.9021,5.1638,11.9836,8.4028
E0124,2026-03-20T00:00:00Z,2.2694,0.9561,4.8942,6.1303,12.13,10.0949
E0125,2026-03-20T00:00:00Z,2.9653,-0.5001,3.4951,5.9045,11.591,9.0345
E0126,2026-03-20T00:00:00Z,2.7756,1.5131,4.5075,6.2465,10.9518,9.2567
E0127,2026-03-20T00:00:00Z,3.1386,1.171,0.8968,5.6582,11.5052,8.6326
E0128,2026-03-20T00:00:00Z,3.3251,-0.6741,5.3981,4.3638,10.1433,9.7444
E0129,2026-03-20T00:00:00Z,2.3964,0.2959,4.7286,6.0839,12.198,9.865
E0130,2026-03-20T00:00:00Z,3.0913,-0.6295,4.0061,5.1113,10.9443,9.406
E0131,2026-03-20T00:00:00Z,3.3721,0.0187,1.8127,5.5676,9.2129,10.2648
E0132,2026-03-20T00:00:00Z,2.6564,-0.4914,5.9971,5.3642,11.2413,9.8593
E0133,2026-03-20T00:00:00Z,3.8937,1.6221,3.0624,4.8414,11.0939,9.3358
E0134,2026-03-20T00:00:00Z,2.9081,-0.2124,2.6073,5.1839,10.1137,8.6593
E0135,2026-03-20T00:00:00Z,1.7574,1.424,3.3124,5.4343,10.3239,9.5284
E0136,2026-03-20T00:00:00Z,2.2747,0.9156,2.3326,5.9838,11.6978,8.4105
E0137,2026-03-20T00:00:00Z,3.1778,2.1227,4.7371,5.1026,11.3898,10.9713
E0138,2026-03-20T00:00:00Z,2.2417,-0.6217,2.2176,5.1615,11.9606,9.9319
E0139,2026-03-20T00:00:00Z,4.0643,1.7653,2.016,5.0086,11.5278,9.2756
E0140,2026-03-20T00:00:00Z,2.6785,0.8434,5.7862,5.5116,10.0204,10.8316
E0141,2026-03-20T00:00:00Z,2.2951,2.4926,5.0416,5.0987,11.8286,10.9548
E0142,2026-03-20T00:00:00Z,3.576,0.5089,3.4264,5.6911,11.3725,9.03
E0143,2026-03-20T00:00:00Z,2.7576,1.8668,4.8212,4.8628,11.8545,8.0816
E0144,2026-03-20T00:00:00Z,3.2009,2.9369,3.3314,4.7074,9.8116,11.058
E0145,2026-03-20T00:00:00Z,1.9499,0.6606,5.0422,5.5596,11.1326,9.6183
E0146,2026-03-20T00:00:00Z,2.8958,3.1095,2.4783,5.1798,10.6594,10.3982
E0147,2026-03-20T00:00:00Z,2.3756,3.9755,3.7702,5.4828,11.7607,8.7038
E0148,2026-03-20T00:00:00Z,3.0345,0.3081,2.7567,5.8517,12.461,11.1388
E0149,2026-03-20T00:00:00Z,2.384,-0.3978,2.3067,5.3146,12.7027,9.4127
E0000,2026-03-21T00:00:00Z,3.1735,1.4337,0.1946,5.6744,12.1592,7.6626
E0001,2026-03-21T00:00:00Z,3.3743,1.5178,4.3574,5.5268,11.9486,10.2928
E0002,2026-03-21T00:00:00Z,2.8761,-0.1012,4.936,5.0486,11.1086,10.3439
E0003,2026-03-21T00:00:00Z,3.3051,3.4743,2.8531,6.0053,9.7651,9.5957
E0004,2026-03-21T00:00:00Z,2.7558,-0.4678,3.7625,5.2236,11.211,9.3607
E0005,2026-03-21T00:00:00Z,3.4492,0.1709,0.3331,5.4134,11.2827,8.2472
E0006,2026-03-21T00:00:00Z,3.5739,-1.0308,3.4006,5.1527,12.2399,9.0565
E0007,2026-03-21T00:00:00Z,2.8001,1.8338,5.5836,5.9223,11.0344,9.5523
E0008,2026-03-21T00:00:00Z,3.4361,1.4295,3.9049,5.5838,10.8472,9.1929
E0009,2026-03-21T00:00:00Z,2.0961,0.6805,1.863,5.4735,9.9396,8.7547
E0010,2026-03-21T00:00:00Z,2.0012,0.7676,3.8417,5.709,11.7387,12.6261
E0011,2026-03-21T00:00:00Z,3.9393,2.5037,3.4114,5.1747,10.8894,8.5085
E0012,2026-03-21T00:00:00Z,1.8435,1.1286,4.2226,5.4161,10.7532,8.6216
E0013,2026-03-21T00:00:00Z,3.6299,3.1387,4.7734,5.7326,12.3021,8.7925
E0014,2026-03-21T00:00:00Z,2.9742,0.1769,3.621,5.5167,11.261,9.8185
E0015,2026-03-21T00:00:00Z,3.4227,0.0501,5.7405,5.3468,9.5892,10.0178
E0016,2026-03-21T00:00:00Z,1.4176,1.8917,5.7672,6.3925,10.1405,8.9027
E0017,2026-03-21T00:00:00Z,2.5245,3.625,4.873,5.4342,11.03,10.7123
E0018,2026-03-21T00:00:00Z,2.5388,2.3032,4.0018,5.4094,11.4487,9.0867
E0019,2026-03-21T00:00:00Z,2.4317,-0.4838,3.873,4.4935,11.5398,10.7067
E0020,2026-03-21T00:00:00Z,3.6714,-1.1021,5.3491,5.0316,10.0685,9.5959
E0021,2026-03-21T00:00:00Z,2.4507,0.0689,4.774,4.5816,10.9352,8.9154
E0022,2026-03-21T00:00:00Z,2.7272,0.5329,5.4141,5.7165,11.1146,9.68
E0023,2026-03-21T00:00:00Z,3.1905,1.9258,-0.2094,5.6215,11.1278,8.0042
E0024,2026-03-21T00:00:00Z,2.0739,1.7734,1.9948,4.8944,10.6802,8.608
E0025,2026-03-21T00:00:00Z,3.1584,0.7843,4.6046,5.5708,9.5046,9.4835
E0026,2026-03-21T00:00:00Z,2.5532,0.9123,4.1275,5.2158,9.5147,8.8485
E0027,2026-03-21T00:00:00Z,2.0793,-2.5751,2.707,5.4782,9.4885,9.9088
E0028,2026-03-21T00:00:00Z,3.2855,-0.8944,4.9707,6.3423,11.3163,8.9438
E0029,2026-03-21T00:00:00Z,2.9108,-0.1757,4.6971,5.1714,11.1846,8.5632
E0030,2026-03-21T00:00:00Z,2.6098,-2.4123,3.6625,5.0713,11.6487,10.4731
E0031,2026-03-21T00:00:00Z,2.9559,3.3817,4.1353,5.921,11.8109,8.123
E0032,2026-03-21T00:00:00Z,2.7126,-0.0259,3.3165,5.5077,11.5664,9.0322
E0033,2026-03-21T00:00:00Z,3.14,1.282,5.1836,6.0613,12.3714,9.751
E0034,2026-03-21T00:00:00Z,2.8772,-1.0184,4.6993,5.7839,12.1489,8.2009
E0035,2026-03-21T00:00:00Z,1.8796,-1.6241,4.8121,5.6222,10.8296,10.2765
E0036,2026-03-21T00:00:00Z,1.8604,0.7989,5.7887,5.1603,10.2102,9.6704
E0037,2026-03-21T00:00:00Z,2.5654,4.1711,4.7723,5.3363,11.5159,10.196
E0038,2026-03-21T00:00:00Z,4.1577,2.2139,3.5047,4.5982,11.155,8.8016
E0039,2026-03-21T00:00:00Z,3.1588,-0.2782,5.463,6.271,10.2954,9.7282
E0040,2026-03-21T00:00:00Z,2.0503,1.1777,4.7079,4.8686,13.3023,8.9455
E0041,2026-03-21T00:00:00Z,2.8961,2.7308,4.4604,4.7898,11.0524,7.6758
E0042,2026-03-21T00:00:00Z,1.7306,1.3377,2.5308,5.5331,12.3467,9.4282
E0043,2026-03-21T00:00:00Z,2.7379,1.2233,4.4792,4.8543,12.478,7.9887
E0044,2026-03-21T00:00:00Z,2.5196,1.1702,4.5503,4.8682,11.2134,8.2026
E0045,2026-03-21T00:00:00Z,3.8309,1.5022,5.4762,5.5946,11.4285,9.7312
E0046,2026-03-21T00:00:00Z,3.3137,2.7677,4.6152,5.9914,11.2524,8.2327
E0047,2026-03-21T00:00:00Z,2.2751,1.06,5.1036,4.6582,12.8307,8.4788
E0048,2026-03-21T00:00:00Z,3.5841,-0.7513,1.9047,4.4449,11.1177,8.9231
E0049,2026-03-21T00:00:00Z,2.9174,0.6482,4.6535,5.3454,10.2406,9.0688
E0050,2026-03-21T00:00:00Z,2.7464,0.0316,3.256,4.5601,12.6458,9.5475
E0051,2026-03-21T00:00:00Z,2.2621,0.4265,3.1923,4.5461,11.6143,9.9401
E0052,2026-03-21T00:00:00Z,3.6902,1.4124,3.9814,4.5725,12.3534,9.1905
E0053,2026-03-21T00:00:00Z,3.5339,1.1384,3.4901,5.3174,12.3618,8.2738
E0054,2026-03-21T00:00:00Z,5.495,-2.098,3.3291,4.8595,12.3521,10.4019
E0055,2026-03-21T00:00:00Z,2.0843,-0.0939,5.0774,5.1646,11.3257,11.0307
E0056,2026-03-21T00:00:00Z,3.2613,3.1843,4.4684,6.0686,9.2178,10.2323
E0057,2026-03-21T00:00:00Z,3.0665,2.8226,5.5199,5.4816,11.1396,8.999
E0058,2026-03-21T00:00:00Z,2.1706,0.8647,7.1795,5.6913,10.511,8.7642
E0059,2026-03-21T00:00:00Z,3.2411,2.0,4.1506,5.7522,11.4394,9.7301
E0060,2026-03-21T00:00:00Z,3.0352,2.8293,5.2497,4.3855,10.6007,9.9068
E0061,2026-03-21T00:00:00Z,4.1887,0.5866,4.9403,6.0637,12.018,8.3652
E0062,2026-03-21T00:00:00Z,2.7116,-0.2956,5.9151,5.1454,9.8996,8.6346
E0063,2026-03-21T00:00:00Z,3.2148,1.3162,3.5016,5.1306,10.5424,10.298
E0064,2026-03-21T00:00:00Z,4.0701,1.9129,3.9477,5.8423,9.5432,8.4802
E0065,2026-03-21T00:00:00Z,3.3183,2.4133,5.2322,4.6558,11.9736,9.7987
E0066,2026-03-21T00:00:00Z,2.9583,1.3558,5.724,5.17,11.0904,11.2147
E0067,2026-03-21T00:00:00Z,2.651,1.0904,4.4745,5.5389,11.4198,7.8154
E0068,2026-03-21T00:00:00Z,3.1964,3.3825,5.4968,5.5805,11.7333,11.2079
E0069,2026-03-21T00:00:00Z,2.3992,0.425,4.4921,5.4595,11.7228,10.205
E0070,2026-03-21T00:00:00Z,1.813,5.5377,3.2966,5.8226,12.096,9.7941
E0071,2026-03-21T00:00:00Z,3.8161,3.1519,4.4745,5.3363,12.2305,10.723
E0072,2026-03-21T00:00:00Z,3.9048,1.2996,3.6192,6.0686,10.7607,8.9545
E0073,2026-03-21T00:00:00Z,3.4823,-1.8308,2.2025,6.4489,10.3781,10.0156
E0074,2026-03-21T00:00:00Z,2.5687,1.7177,3.0789,6.0283,10.1647,10.7153
E0075,2026-03-21T00:00:00Z,3.1612,0.6617,3.8686,6.2083,10.3758,11.6231
E0076,2026-03-21T00:00:00Z,1.3648,2.7016,1.2378,5.7937,11.5753,9.0925
E0077,2026-03-21T00:00:00Z,2.4853,-0.3298,2.8503,6.1699,11.2332,9.1156
E0078,2026-03-21T00:00:00Z,3.6904,0.9692,4.8966,5.5037,11.0816,9.7521
E0079,2026-03-21T00:00:00Z,2.69,0.7994,3.6115,4.7924,9.7345,8.824
E0080,2026-03-21T00:00:00Z,2.2794,2.9562,4.5596,6.1465,10.4551,10.2597
E0081,2026-03-21T00:00:00Z,2.8642,2.075,2.846,5.4124,10.7526,9.4056
E0082,2026-03-21T00:00:00Z,2.7414,2.3953,3.3275,4.7068,11.2914,8.5761
E0083,2026-03-21T00:00:00Z,3.875,1.891,4.0225,4.4744,10.5084,8.3771
E0084,2026-03-21T00:00:00Z,2.9267,-1.9272,4.7646,5.4385,11.7702,9.6647
E0085,2026-03-21T00:00:00Z,2.6347,1.9019,5.3382,5.8536,10.4572,7.5593
E0086,2026-03-21T00:00:00Z,2.2845,0.4208,4.2087,5.832,11.8869,9.8948
E0087,2026-03-21T00:00:00Z,2.2561,3.7909,3.5217,4.6954,10.4339,10.9692
E0088,2026-03-21T00:00:00Z,2.8948,2.1092,3.5175,5.0614,11.3963,11.7343
E0089,2026-03-21T00:00:00Z,2.5057,1.9947,5.3176,6.2266,11.4606,10.4495
E0090,2026-03-21T00:00:00Z,2.7287,1.6672,5.5885,6.8972,13.167,11.4208
E0091,2026-03-21T00:00:00Z,3.0894,3.2765,4.2391,5.7849,12.2317,8.6953
E0092,2026-03-21T00:00:00Z,2.8935,-0.1169,3.7718,5.6998,12.445,9.4818
E0093,2026-03-21T00:00:00Z,3.1743,1.417,3.8077,5.6119,10.6909,9.3599
E0094,2026-03-21T00:00:00Z,2.5639,1.8356,1.8476,6.0377,11.6359,9.6563
E0095,2026-03-21T00:00:00Z,1.6206,0.5477,2.6403,4.8769,10.7112,9.3281
E0096,2026-03-21T00:00:00Z,3.4009,1.1262,6.0151,6.3272,10.583,9.0581
E0097,2026-03-21T00:00:00Z,4.1958,0.3246,3.474,4.8397,12.7171,9.9338
E0098,2026-03-21T00:00:00Z,3.7736,-0.0406,0.4464,6.8567,9.7807,11.1302
E0099,2026-03-21T00:00:00Z,2.4348,0.3833,3.1327,6.0197,12.7416,9.9876
E0100,2026-03-21T00:00:00Z,2.9006,-0.0688,4.1387,6.0477,13.0126,9.0384
E0101,2026-03-21T00:00:00Z,3.7806,1.0675,2.2063,5.8798,11.602,7.8709
E0102,2026-03-21T00:00:00Z,2.5808,1.2096,3.7452,5.6923,10.9616,10.1553
E0103,2026-03-21T00:00:00Z,2.2083,-1.0288,3.0916,6.4983,9.5725,11.0508
E0104,2026-03-21T00:00:00Z,3.0337,1.0992,2.2303,4.9873,11.967,9.5739
E0105,2026-03-21T00:00:00Z,2.5997,2.6056,2.2172,5.2485,9.6734,8.5933
E0106,2026-03-21T00:00:00Z,2.9498,0.6746,4.5063,4.792,11.7486,9.3871
E0107,2026-03-21T00:00:00Z,3.074,2.5212,4.8293,5.6608,11.9905,9.2156
E0108,2026-03-21T00:00:00Z,3.5024,2.4715,3.7555,5.6519,12.4111,9.6299
E0109,2026-03-21T00:00:00Z,2.356,0.9798,1.4242,4.3542,11.6395,8.3308
E0110,2026-03-21T00:00:00Z,3.0937,0.2429,4.1517,5.8979,9.0942,11.0219
E0111,2026-03-21T00:00:00Z,3.5564,1.9598,3.9704,5.3611,10.3088,9.4751
E0112,2026-03-21T00:00:00Z,2.8917,0.6361,3.1378,6.249,11.1448,9.5836
E0113,2026-03-21T00:00:00Z,3.5482,2.9505,4.1279,5.4631,11.5594,9.6325
E0114,2026-03-21T00:00:00Z,1.8398,2.3899,3.769,5.4116,10.7047,10.5883
E0115,2026-03-21T00:00:00Z,3.581,4.3273,3.0666,5.3855,9.0527,10.1577
E0116,2026-03-21T00:00:00Z,2.9019,2.3058,4.1818,6.1567,10.9913,10.411
E0117,2026-03-21T00:00:00Z,2.284,0.3497,5.3597,5.885,10.4064,8.7314
E0118,2026-03-21T00:00:00Z,3.7311,2.6725,0.4466,6.1947,10.5319,10.2851
E0119,2026-03-21T00:00:00Z,3.4818,0.4657,4.1705,5.6311,11.4914,11.2366
E0120,2026-03-21T00:00:00Z,2.3388,2.226,4.8428,4.8581,10.6963,8.796
E0121,2026-03-21T00:00:00Z,4.5433,1.5367,3.5532,6.2077,11.3816,8.5526
E0122,2026-03-21T00:00:00Z,3.6805,2.0346,1.8932,5.95,10.6887,10.5372
E0123,2026-03-21T00:00:00Z,3.3074,-0.7434,3.4241,6.3872,11.0055,8.7617
E0124,2026-03-21T00:00:00Z,1.5648,2.1136,2.9249,5.7064,11.6477,9.4834
E0125,2026-03-21T00:00:00Z,1.2723,-0.769,2.9969,5.82,9.2141,8.4114
E0126,2026-03-21T00:00:00Z,4.0122,2.4792,5.0693,5.6704,10.891,8.2074
E0127,2026-03-21T00:00:00Z,4.0033,1.0355,1.4386,5.5415,11.5073,10.279
E0128,2026-03-21T00:00:00Z,3.255,2.288,5.6116,5.5708,11.7123,9.7262
E0129,2026-03-21T00:00:00Z,2.489,2.9339,4.2055,5.7048,11.1926,9.2153
E0130,2026-03-21T00:00:00Z,3.8356,0.8282,4.9255,4.8431,12.2549,9.2304
E0131,2026-03-21T00:00:00Z,3.12,0.0841,1.8526,4.804,11.3277,10.9325
E0132,2026-03-21T00:00:00Z,2.8218,-0.2716,3.1438,6.3298,11.1039,7.799
E0133,2026-03-21T00:00:00Z,1.6081,-0.8381,3.9389,6.0288,10.485,11.4131
E0134,2026-03-21T00:00:00Z,2.6185,0.363,2.4166,5.503,11.716,8.7138
E0135,2026-03-21T00:00:00Z,2.8407,-0.5925,2.1462,6.0864,12.115,8.9947
E0136,2026-03-21T00:00:00Z,3.7981,-1.8881,4.3069,6.081,10.8084,9.7949
E0137,2026-03-21T00:00:00Z,2.8466,0.1153,3.6721,6.1557,10.9313,9.9156
E0138,2026-03-21T00:00:00Z,3.9546,1.1402,4.4814,5.2686,12.4528,9.642
E0139,2026-03-21T00:00:00Z,2.1342,2.7444,3.2751,5.7784,11.2323,10.3445
E0140,2026-03-21T00:00:00Z,3.0861,3.1996,4.6242,5.5838,13.8427,8.954
E0141,2026-03-21T00:00:00Z,3.3169,1.8757,3.4788,5.0545,11.7659,8.2235
E0142,2026-03-21T00:00:00Z,2.8737,1.9836,1.0751,5.3312,10.9919,9.076
E0143,2026-03-21T00:00:00Z,2.9742,0.5373,4.1006,5.9608,11.4333,9.1402
E0144,2026-03-21T00:00:00Z,1.9652,3.1969,4.5434,4.7268,12.9738,10.6402
E0145,2026-03-21T00:00:00Z,1.8679,1.4467,2.2253,5.0525,10.9523,8.4621
E0146,2026-03-21T00:00:00Z,2.4353,-1.6512,6.4652,5.7318,11.2852,9.9593
E0147,2026-03-21T00:00:00Z,2.4377,-0.1078,2.8666,5.2826,10.7668,8.0021
E0148,2026-03-21T00:00:00Z,3.7958,1.3111,1.1836,4.4583,11.4955,9.5974
E0149,2026-03-21T00:00:00Z,2.4611,-0.7271,5.5003,5.7152,11.4845,9.947
E0000,2026-03-22T00:00:00Z,3.3504,0.0046,5.1421,4.7858,10.5807,9.6474
E0001,2026-03-22T00:00:00Z,2.2893,1.0045,3.1718,5.6936,12.1301,9.5794
E0002,2026-03-22T00:00:00Z,2.3889,0.5507,2.9158,5.298,10.2202,8.8457
E0003,2026-03-22T00:00:00Z,2.6689,-0.9485,2.6385,5.4992,10.7504,10.5389
E0004,2026-03-22T00:00:00Z,3.6689,2.2104,5.8299,5.741,12.6032,9.4012
E0005,2026-03-22T00:00:00Z,1.5614,2.437,3.3045,5.7317,10.2945,10.0231
E0006,2026-03-22T00:00:00Z,2.833,0.5951,3.6439,6.1256,11.6839,10.8732
E0007,2026-03-22T00:00:00Z,3.4013,1.1575,4.5342,5.8815,11.8251,8.782
E0008,2026-03-22T00:00:00Z,4.408,0.081,4.5009,6.6108,13.2885,10.5533
E0009,2026-03-22T00:00:00Z,2.9637,-1.8121,2.1615,5.3959,12.4194,9.7299
E0010,2026-03-22T00:00:00Z,2.9187,0.6552,4.0091,5.8692,11.326,9.3026
E0011,2026-03-22T00:00:00Z,2.5089,2.0544,3.2895,5.2659,12.9895,9.2725
E0012,2026-03-22T00:00:00Z,2.6913,0.57,3.4081,6.0251,11.1342,8.8224
E0013,2026-03-22T00:00:00Z,3.435,-2.6225,4.3277,5.1983,11.0754,8.3398
E0014,2026-03-22T00:00:00Z,2.3117,0.737,2.0127,5.9409,9.9364,8.9232
E0015,2026-03-22T00:00:00Z,2.7227,-0.1269,2.8703,4.8613,12.7989,8.9161
E0016,2026-03-22T00:00:00Z,3.2436,-1.2396,2.0025,5.5072,10.6784,9.2923
E0017,2026-03-22T00:00:00Z,2.8095,-1.8207,3.5601,4.8426,10.5747,10.1439
E0018,2026-03-22T00:00:00Z,3.0045,-5.4138,2.4169,4.9081,11.5077,8.8305
E0019,2026-03-22T00:00:00Z,2.5074,4.5629,3.8406,6.456,12.1192,8.796
E0020,2026-03-22T00:00:00Z,3.6244,0.1792,3.0278,5.1929,10.0043,10.3374
E0021,2026-03-22T00:00:00Z,2.1649,1.9417,5.2322,4.7616,11.5057,10.3753
E0022,2026-03-22T00:00:00Z,3.1804,-0.9859,5.8481,5.1114,10.5016,10.5589
E0023,2026-03-22T00:00:00Z,4.2487,-2.0577,0.7845,5.6509,11.2606,10.1048
E0024,2026-03-22T00:00:00Z,2.3743,1.2636,4.8038,5.7898,10.7779,8.7795
E0025,2026-03-22T00:00:00Z,2.5297,-0.7021,3.7041,6.0732,11.8487,11.357
E0026,2026-03-22T00:00:00Z,2.853,-2.2342,5.4197,6.0597,11.735,10.9076
E0027,2026-03-22T00:00:00Z,2.3959,2.3615,4.5594,4.6612,10.8192,9.3407
E0028,2026-03-22T00:00:00Z,1.6871,-0.8137,6.1718,6.2648,10.8842,10.9179
E0029,2026-03-22T00:00:00Z,3.6381,-0.4083,4.8287,5.4331,10.8675,8.1982
E0030,2026-03-22T00:00:00Z,3.1303,2.9916,0.8133,4.6579,11.5665,9.6887
E0031,2026-03-22T00:00:00Z,3.5192,1.1846,3.9044,6.2046,11.1812,10.3729
E0032,2026-03-22T00:00:00Z,3.0181,1.0364,3.6752,5.8524,12.6735,8.43
E0033,2026-03-22T00:00:00Z,2.6687,3.9849,6.073,5.7586,11.1606,7.4268
E0034,2026-03-22T00:00:00Z,2.4566,0.9782,1.421,5.2275,10.6269,8.675
E0035,2026-03-22T00:00:00Z,3.0384,-0.7069,0.4598,6.3042,12.8154,9.9947
E0036,2026-03-22T00:00:00Z,1.9795,0.6978,5.1717,6.4628,11.2367,9.1867
E0037,2026-03-22T00:00:00Z,2.5084,-2.1161,3.6604,3.8821,12.6372,9.6312
E0038,2026-03-22T00:00:00Z,3.5138,0.8101,4.0411,5.775,11.3056,9.9577
E0039,2026-03-22T00:00:00Z,3.247,-0.3161,3.138,4.7429,11.633,10.7252
E0040,2026-03-22T00:00:00Z,2.8567,1.6709,5.2318,5.5687,11.9401,11.6516
E0041,2026-03-22T00:00:00Z,2.9316,-0.3531,3.7862,5.1725,11.9362,8.8209
E0042,2026-03-22T00:00:00Z,2.0992,3.0225,3.6738,5.3785,11.4659,8.8644
E0043,2026-03-22T00:00:00Z,2.9302,-0.3584,3.6453,5.6142,11.4927,9.9054
E0044,2026-03-22T00:00:00Z,2.8532,-0.6837,1.9165,5.1459,12.9335,10.0006
E0045,2026-03-22T00:00:00Z,2.2035,2.8331,3.3159,5.7887,12.3256,9.4737
E0046,2026-03-22T00:00:00Z,2.8852,2.8856,4.7649,6.9858,12.9757,8.8558
E0047,2026-03-22T00:00:00Z,3.3641,2.7942,2.92,4.3484,12.2426,11.6136
E0048,2026-03-22T00:00:00Z,3.2846,-2.2812,1.316,5.446,10.8549,8.1083
E0049,2026-03-22T00:00:00Z,3.0109,1.4598,3.8694,5.2541,10.3609,8.5603
E0050,2026-03-22T00:00:00Z,3.1601,0.4556,4.0076,5.5381,10.2772,10.5773
E0051,2026-03-22T00:00:00Z,2.7229,-0.8039,4.7091,4.3541,10.3505,9.7856
E0052,2026-03-22T00:00:00Z,3.1384,0.9428,3.826,4.8224,12.0803,10.0792
E0053,2026-03-22T00:00:00Z,2.4932,1.8207,4.6277,5.6899,11.2404,9.3138
E0054,2026-03-22T00:00:00Z,3.5291,0.3581,2.1261,5.1702,10.8236,8.664
E0055,2026-03-22T00:00:00Z,2.2356,1.3693,4.0609,5.5083,9.5591,8.2313
E0056,2026-03-22T00:00:00Z,2.9114,1.7343,1.9574,6.0148,11.9652,9.3348
E0057,2026-03-22T00:00:00Z,3.3893,0.7502,5.1698,5.0188,11.3166,9.8769
E0058,2026-03-22T00:00:00Z,2.9184,1.4311,3.8537,5.7198,13.108,10.0716
E0059,2026-03-22T00:00:00Z,3.3208,0.8659,4.0353,5.7385,9.8043,10.3303
E0060,2026-03-22T00:00:00Z,3.2491,0.5139,3.637,5.3495,12.1655,8.56
E0061,2026-03-22T00:00:00Z,2.0981,2.0336,1.0041,5.1261,11.7173,11.3332
E0062,2026-03-22T00:00:00Z,2.8122,-1.053,6.2339,5.5568,11.4431,8.8977
E0063,2026-03-22T00:00:00Z,2.1939,1.3383,2.9133,5.3953,9.7903,8.9325
E0064,2026-03-22T00:00:00Z,3.3147,-0.9514,4.5847,6.5956,11.4674,9.4913
E0065,2026-03-22T00:00:00Z,2.2354,-2.3515,3.0596,6.1702,10.8381,9.0538
E0066,2026-03-22T00:00:00Z,3.444,1.1637,3.3652,5.9097,9.6554,9.0009
E0067,2026-03-22T00:00:00Z,2.4358,0.2443,0.929,5.4037,10.5622,11.4433
E0068,2026-03-22T00:00:00Z,0.8262,0.5786,3.3071,5.1166,11.1913,8.8504
E0069,2026-03-22T00:00:00Z,3.0653,3.0499,3.3865,6.2464,10.0035,9.2542
E0070,2026-03-22T00:00:00Z,2.2622,2.8523,4.171,6.0654,11.4966,8.5817
E0071,2026-03-22T00:00:00Z,3.6932,1.1211,3.1549,6.0904,11.3537,9.5082
E0072,2026-03-22T00:00:00Z,2.1842,3.8984,3.3308,5.4724,11.6398,9.5913
E0073,2026-03-22T00:00:00Z,2.7673,2.1008,0.8417,5.3538,9.6771,8.1072
E0074,2026-03-22T00:00:00Z,3.8751,2.1591,3.9675,4.8652,11.4187,8.5082
E0075,2026-03-22T00:00:00Z,3.2367,0.1736,2.5241,4.779,12.448,9.0985
E0076,2026-03-22T00:00:00Z,3.9233,0.9533,2.3428,6.0346,12.8116,10.3386
E0077,2026-03-22T00:00:00Z,2.7255,4.0471,5.8714,5.3552,11.1912,11.6441
E0078,2026-03-22T00:00:00Z,2.1894,1.0625,4.7088,4.7009,10.7441,10.208
E0079,2026-03-22T00:00:00Z,2.5897,-0.6128,2.3196,6.1311,10.7318,8.3891
E0080,2026-03-22T00:00:00Z,3.6163,5.3172,1.9538,5.082,11.224,9.6839
E0081,2026-03-22T00:00:00Z,2.4171,1.4535,5.7183,4.4129,12.2111,8.3925
E0082,2026-03-22T00:00:00Z,1.4552,2.7094,5.0787,4.9594,11.2252,10.7676
E0083,2026-03-22T00:00:00Z,3.699,0.7933,4.4083,5.9171,11.4466,8.632
E0084,2026-03-22T00:00:00Z,2.1519,0.2988,4.6467,5.8333,12.388,9.2673
E0085,2026-03-22T00:00:00Z,3.0138,1.3209,2.7165,4.5075,10.6795,8.5377
E0086,2026-03-22T00:00:00Z,2.6817,-1.5673,2.8219,5.3436,11.2216,10.4509
E0087,2026-03-22T00:00:00Z,4.6907,1.6477,3.3039,6.1894,10.0724,8.6429
E0088,2026-03-22T00:00:00Z,3.4535,0.4237,1.8099,6.1622,11.6122,8.7353
E0089,2026-03-22T00:00:00Z,2.5913,1.2161,3.921,5.6732,10.6214,10.3989
E0090,2026-03-22T00:00:00Z,2.8369,3.4209,4.5082,5.6369,10.3409,8.7303
E0091,2026-03-22T00:00:00Z,4.151,3.2257,4.3257,5.8614,10.1431,8.21
E0092,2026-03-22T00:00:00Z,3.7846,-0.9172,3.6722,5.6598,11.8988,8.3663
E0093,2026-03-22T00:00:00Z,2.381,-1.3547,5.416,5.7992,10.6861,9.7231
E0094,2026-03-22T00:00:00Z,3.626,3.3404,3.8022,5.4489,10.5478,9.72
E0095,2026-03-22T00:00:00Z,3.927,2.3995,4.4918,5.4766,11.5699,10.8164
E0096,2026-03-22T00:00:00Z,3.0798,-0.3913,4.8327,6.0379,12.6046,10.2702
E0097,2026-03-22T00:00:00Z,2.7275,5.211,4.188,4.4942,11.7652,9.3725
E0098,2026-03-22T00:00:00Z,3.0007,1.0081,4.6548,5.4736,11.1505,9.2902
E0099,2026-03-22T00:00:00Z,2.3548,-1.2354,4.8161,5.5933,11.791,10.0684
E0100,2026-03-22T00:00:00Z,2.8191,-0.0887,1.3605,6.0298,10.9609,9.1776
E0101,2026-03-22T00:00:00Z,3.4147,-0.267,4.7751,4.9959,12.2004,9.9352
E0102,2026-03-22T00:00:00Z,2.9237,1.9108,5.5518,6.1228,10.9841,10.3879
E0103,2026-03-22T00:00:00Z,3.402,0.2109,1.7324,5.6229,11.1363,10.5044
E0104,2026-03-22T00:00:00Z,3.1535,1.8002,2.1359,6.261,12.6198,11.0333
E0105,2026-03-22T00:00:00Z,1.8704,0.3604,2.8034,6.4078,11.0559,7.3074
E0106,2026-03-22T00:00:00Z,3.2019,2.9197,5.929,5.0228,10.2658,9.5923
E0107,2026-03-22T00:00:00Z,2.3735,2.4337,3.6835,5.9067,12.3526,9.7415
E0108,2026-03-22T00:00:00Z,4.6616,1.3437,6.2642,6.7061,11.394,11.0546
E0109,2026-03-22T00:00:00Z,2.7293,0.3533,2.2734,4.4732,10.9537,11.5094
E0110,2026-03-22T00:00:00Z,3.9223,-1.2809,3.5966,4.7099,10.688,10.0355
E0111,2026-03-22T00:00:00Z,2.7719,-1.0292,3.8475,5.2254,10.6524,10.3119
E0112,2026-03-22T00:00:00Z,3.1677,3.6867,4.144,5.3486,10.439,10.0686
E0113,2026-03-22T00:00:00Z,1.7897,-0.4014,4.4316,6.3442,12.4227,8.9363
E0114,2026-03-22T00:00:00Z,2.7776,-1.1779,4.498,6.4024,11.3901,11.0171
E0115,2026-03-22T00:00:00Z,3.1981,1.4595,4.5743,5.3629,9.5954,10.6683
E0116,2026-03-22T00:00:00Z,3.369,0.6533,4.2066,5.4775,12.218,8.3952
E0117,2026-03-22T00:00:00Z,1.2498,1.1427,3.3174,5.5687,12.8873,9.5635
E0118,2026-03-22T00:00:00Z,3.5477,1.282,4.6401,5.8262,11.3711,8.9377
E0119,2026-03-22T00:00:00Z,2.0431,1.1062,2.4843,6.0521,12.254,9.7131
E0120,2026-03-22T00:00:00Z,2.8789,1.62,2.1536,6.8811,11.1996,9.3553
E0121,2026-03-22T00:00:00Z,3.4293,-1.1968,6.134,6.2322,10.0747,9.7031
E0122,2026-03-22T00:00:00Z,2.063,2.5273,3.7479,5.9834,10.0799,9.5555
E0123,2026-03-22T00:00:00Z,2.9697,2.2591,2.8396,5.6383,10.6523,9.6021
E0124,2026-03-22T00:00:00Z,3.1565,0.557,2.276,5.1345,10.8798,8.851
E0125,2026-03-22T00:00:00Z,2.2494,-1.2983,2.6318,5.2225,12.1427,9.8958
E0126,2026-03-22T00:00:00Z,2.8752,-0.5843,3.9964,5.1966,10.9061,10.6644
E0127,2026-03-22T00:00:00Z,4.4732,0.5607,5.7017,5.3171,10.6547,10.5507
E0128,2026-03-22T00:00:00Z,2.9378,0.1332,5.0826,4.998,12.1683,8.565
E0129,2026-03-22T00:00:00Z,3.9673,-0.2737,2.3297,5.1859,12.1376,11.1402
E0130,2026-03-22T00:00:00Z,3.1111,0.4818,4.5322,5.3538,11.7773,9.4956
E0131,2026-03-22T00:00:00Z,3.9617,0.0844,2.0972,5.6966,13.7054,10.6394
E0132,2026-03-22T00:00:00Z,3.4746,1.8616,5.01,5.4598,11.9819,8.9922
E0133,2026-03-22T00:00:00Z,2.146,0.3968,4.4481,4.5761,11.1771,9.6798
E0134,2026-03-22T00:00:00Z,3.0227,-0.4793,3.8791,4.9257,10.6755,7.5732
E0135,2026-03-22T00:00:00Z,3.4698,1.7139,3.6049,4.8897,10.9498,9.6197
E0136,2026-03-22T00:00:00Z,2.1933,2.2704,4.4838,5.4801,11.9036,11.7029
E0137,2026-03-22T00:00:00Z,3.4508,2.6886,2.1541,5.3149,10.3577,10.2668
E0138,2026-03-22T00:00:00Z,3.0497,0.9982,3.8516,5.493,10.6754,9.0082
E0139,2026-03-22T00:00:00Z,3.0253,-3.4661,3.6526,6.2476,10.7003,9.3299
E0140,2026-03-22T00:00:00Z,1.8806,-0.0485,4.0277,5.6717,11.0123,9.8561
E0141,2026-03-22T00:00:00Z,3.0279,0.3014,1.6414,5.1363,11.4826,10.0398
E0142,2026-03-22T00:00:00Z,3.1482,1.2948,2.8808,5.0303,13.2731,7.7624
E0143,2026-03-22T00:00:00Z,2.8639,2.8836,4.177,5.0147,10.3186,10.7609
E0144,2026-03-22T00:00:00Z,4.0964,1.1295,3.9963,5.4098,12.5434,9.8609
E0145,2026-03-22T00:00:00Z,3.9819,-0.4201,4.2134,5.5709,11.8601,9.6616
E0146,2026-03-22T00:00:00Z,2.2218,1.3675,3.6656,5.6629,10.3061,9.1514
E0147,2026-03-22T00:00:00Z,3.6761,0.9952,1.9458,6.0357,11.2039,8.9424
E0148,2026-03-22T00:00:00Z,3.0903,2.9839,0.6524,5.7786,11.6573,7.9109
E0149,2026-03-22T00:00:00Z,3.2394,0.5301,2.8293,5.7874,10.8221,8.4909
E0000,2026-03-23T00:00:00Z,2.3969,0.4605,3.3942,6.5171,10.1772,9.3939
E0001,2026-03-23T00:00:00Z,3.1699,2.2934,3.0709,6.2548,10.5926,10.2921
E0002,2026-03-23T00:00:00Z,1.9563,-0.1525,3.9131,5.284,11.042,9.0273
E0003,2026-03-23T00:00:00Z,4.0648,0.4255,4.6761,6.0253,10.0408,11.9242
E0004,2026-03-23T00:00:00Z,3.2945,2.9545,1.8483,4.9975,10.2695,9.9442
E0005,2026-03-23T00:00:00Z,2.2238,-1.5579,4.1127,6.7658,12.394,11.1504
E0006,2026-03-23T00:00:00Z,2.1233,1.645,4.205,5.9279,12.1314,9.0115
E0007,2026-03-23T00:00:00Z,2.3984,1.9977,4.202,6.7532,12.1417,7.7803
E0008,2026-03-23T00:00:00Z,2.8091,3.1936,4.7856,6.0946,10.2297,8.4379
E0009,2026-03-23T00:00:00Z,2.3101,-0.3783,4.984,7.9589,11.7829,9.6685
E0010,2026-03-23T00:00:00Z,2.4278,5.1577,3.0964,5.6088,11.3207,9.7015
E0011,2026-03-23T00:00:00Z,3.1092,-0.931,3.1531,6.2621,11.9304,9.0248
E0012,2026-03-23T00:00:00Z,2.7842,0.3923,2.054,6.3799,12.7053,9.5868
E0013,2026-03-23T00:00:00Z,2.1989,0.9585,3.2726,5.8723,10.6168,8.9019
E0014,2026-03-23T00:00:00Z,3.4527,0.115,3.8845,4.9279,10.1627,9.9151
E0015,2026-03-23T00:00:00Z,3.3794,-0.717,4.9175,6.3775,11.3148,8.9728
E0016,2026-03-23T00:00:00Z,2.95,1.7924,3.771,6.054,9.8763,11.7642
E0017,2026-03-23T00:00:00Z,2.1898,0.4209,3.5209,5.815,12.0871,9.8427
E0018,2026-03-23T00:00:00Z,3.2496,1.2309,2.3824,4.2906,12.9211,9.5136
E0019,2026-03-23T00:00:00Z,3.2911,1.0957,2.9889,5.1828,10.037,10.878
E0020,2026-03-23T00:00:00Z,2.6154,2.0738,4.3949,5.749,10.4985,7.3423
E0021,2026-03-23T00:00:00Z,3.2031,2.72,3.0957,6.8277,11.6108,8.3251
E0022,2026-03-23T00:00:00Z,3.4445,-1.096,1.2261,5.1341,10.5174,11.3222
E0023,2026-03-23T00:00:00Z,4.316,0.4875,3.9509,5.8178,9.4447,8.3207
E0024,2026-03-23T00:00:00Z,4.1978,1.0391,3.812,6.3476,10.9811,10.3307
E0025,2026-03-23T00:00:00Z,2.0169,-0.3807,3.8776,5.6129,10.8831,8.3384
E0026,2026-03-23T00:00:00Z,2.8688,-1.4167,3.3927,4.9055,12.1218,8.0899
E0027,2026-03-23T00:00:00Z,3.9366,-0.2257,3.7214,4.79,11.5915,10.5235
E0028,2026-03-23T00:00:00Z,3.1674,0.1602,3.9356,4.4791,10.2071,9.7147
E0029,2026-03-23T00:00:00Z,3.1117,1.9026,3.7834,5.7347,10.5215,8.9512
E0030,2026-03-23T00:00:00Z,3.0427,-0.5772,3.6349,6.115,10.4336,8.5908
E0031,2026-03-23T00:00:00Z,3.9003,0.8842,4.7529,5.8298,10.0914,10.4124
E0032,2026-03-23T00:00:00Z,3.6475,0.5407,3.6039,5.9907,10.8326,9.9165
E0033,2026-03-23T00:00:00Z,3.5023,1.3843,4.2249,5.2733,10.3021,10.2123
E0034,2026-03-23T00:00:00Z,2.5572,1.51,4.0897,4.8347,11.1432,8.4855
E0035,2026-03-23T00:00:00Z,2.5489,0.7747,3.269,6.1746,11.8114,10.1634
E0036,2026-03-23T00:00:00Z,2.2397,3.2615,4.1766,5.1914,11.3473,9.1245
E0037,2026-03-23T00:00:00Z,2.0881,1.1349,5.3383,5.8917,11.7321,8.6553
E0038,2026-03-23T00:00:00Z,2.894,-0.4287,-0.4015,4.9336,10.9084,9.2591
E0039,2026-03-23T00:00:00Z,3.2223,0.7745,2.5753,4.9329,11.2278,7.609
E0040,2026-03-23T00:00:00Z,3.2359,1.7777,2.0204,6.6113,12.2323,9.2066
E0041,2026-03-23T00:00:00Z,2.5916,1.0434,2.5102,4.6995,11.3999,10.4908
E0042,2026-03-23T00:00:00Z,2.7653,3.5192,3.8331,6.8829,10.942,10.2027
E0043,2026-03-23T00:00:00Z,2.4488,-0.6369,3.5359,5.9144,9.4972,10.2731
E0044,2026-03-23T00:00:00Z,1.7595,0.6254,2.7573,4.5702,11.2469,10.0591
E0045,2026-03-23T00:00:00Z,2.8783,-1.045,5.0769,6.0031,11.8828,11.0794
E0046,2026-03-23T00:00:00Z,3.6828,-0.3391,4.2495,6.5169,11.716,8.3801
E0047,2026-03-23T00:00:00Z,2.9549,1.2915,4.3688,4.6259,12.6769,10.5526
E0048,2026-03-23T00:00:00Z,2.5161,1.8007,3.6508,6.4863,10.4809,8.6273
E0049,2026-03-23T00:00:00Z,3.0154,1.4932,2.6242,6.1786,10.6233,9.9322
E0050,2026-03-23T00:00:00Z,3.3053,-0.778,6.3169,5.1213,11.1085,7.1976
E0051,2026-03-23T00:00:00Z,2.9959,0.404,4.4604,4.8704,10.5376,10.0729
E0052,2026-03-23T00:00:00Z,2.1379,1.304,3.2543,6.0501,12.854,8.0152
E0053,2026-03-23T00:00:00Z,3.0,-0.3665,4.5915,5.7616,9.4564,9.4859
E0054,2026-03-23T00:00:00Z,3.0009,0.649,2.6583,5.8442,11.3422,8.7124
E0055,2026-03-23T00:00:00Z,0.9515,2.2459,3.8575,4.778,11.0843,9.1383
E0056,2026-03-23T00:00:00Z,4.2438,1.5922,5.437,4.7228,12.284,9.7859
E0057,2026-03-23T00:00:00Z,2.4171,0.2689,2.9573,5.8401,10.6758,10.0411
E0058,2026-03-23T00:00:00Z,3.097,-1.6712,3.4241,4.3722,10.9759,10.5655
E0059,2026-03-23T00:00:00Z,3.669,0.8055,5.7101,6.3826,14.8383,10.9275
E0060,2026-03-23T00:00:00Z,3.1386,0.6572,3.7599,5.1228,11.115,8.8666
E0061,2026-03-23T00:00:00Z,3.3262,3.8869,3.8026,5.4186,13.475,8.6597
E0062,2026-03-23T00:00:00Z,4.3021,0.4206,4.1231,5.7678,9.5159,9.8151
E0063,2026-03-23T00:00:00Z,3.3559,0.6219,1.9564,5.8632,10.1828,9.9432
E0064,2026-03-23T00:00:00Z,2.1361,0.9119,3.0609,5.282,11.9984,9.5469
E0065,2026-03-23T00:00:00Z,3.6572,2.6906,2.2676,4.7812,10.595,9.7392
E0066,2026-03-23T00:00:00Z,2.4945,-0.4846,3.899,4.2429,12.2985,8.1002
E0067,2026-03-23T00:00:00Z,2.0756,-1.6166,3.2895,5.1114,10.0254,9.461
E0068,2026-03-23T00:00:00Z,3.6917,1.0315,1.6594,5.1879,10.3773,11.4906
E0069,2026-03-23T00:00:00Z,2.9516,-1.4859,4.476,4.9896,11.0829,9.2783
E0070,2026-03-23T00:00:00Z,1.9788,2.3043,4.2321,5.9899,9.4241,9.3761
E0071,2026-03-23T00:00:00Z,4.3947,0.7636,3.7425,5.4669,11.6232,8.6066
E0072,2026-03-23T00:00:00Z,2.3983,-1.8438,3.9543,4.7647,11.9526,8.6663
E0073,2026-03-23T00:00:00Z,2.2146,2.42,6.2277,6.4533,10.3928,10.1501
E0074,2026-03-23T00:00:00Z,1.8424,0.5074,3.7106,6.0344,10.0605,9.8274
E0075,2026-03-23T00:00:00Z,3.0999,1.6862,4.7355,5.554,10.8956,9.2168
E0076,2026-03-23T00:00:00Z,1.9494,-1.7823,2.6914,6.0949,11.0864,10.221
E0077,2026-03-23T00:00:00Z,3.3673,-0.212,3.2511,5.1451,11.0784,9.1331
E0078,2026-03-23T00:00:00Z,2.753,-0.5518,4.4982,5.0362,11.4726,7.1267
E0079,2026-03-23T00:00:00Z,3.2101,0.0916,1.8429,5.375,11.0256,8.6434
E0080,2026-03-23T00:00:00Z,2.6892,1.9056,4.2307,4.5873,12.0897,8.5709
E0081,2026-03-23T00:00:00Z,2.8737,0.6175,5.0821,5.379,10.5518,9.7024
E0082,2026-03-23T00:00:00Z,3.0971,0.9258,2.5028,5.3463,12.5328,9.2274
E0083,2026-03-23T00:00:00Z,2.2305,-1.398,2.322,5.4764,10.1954,8.7026
E0084,2026-03-23T00:00:00Z,3.6003,0.4351,4.3237,4.4787,11.4435,10.2651
E0085,2026-03-23T00:00:00Z,1.0553,0.5198,5.8488,6.1145,11.2138,9.6643
E0086,2026-03-23T00:00:00Z,2.8487,-0.1882,5.7612,4.7084,12.9421,8.3358
E0087,2026-03-23T00:00:00Z,1.0544,0.9925,5.2117,6.1135,9.9771,9.4383
E0088,2026-03-23T00:00:00Z,3.2303,0.4789,4.7584,4.9801,10.442,9.9812
E0089,2026-03-23T00:00:00Z,2.9307,2.1595,3.8286,5.7561,9.8078,9.3399
E0090,2026-03-23T00:00:00Z,2.8547,0.711,2.4747,5.8762,11.8728,8.961
E0091,2026-03-23T00:00:00Z,2.9864,-1.2293,4.0012,4.8348,11.6328,9.1248
E0092,2026-03-23T00:00:00Z,3.5224,5.6708,3.0849,5.7782,11.0753,7.0827
E0093,2026-03-23T00:00:00Z,3.8453,-0.3939,2.5387,6.0673,12.5545,9.5292
E0094,2026-03-23T00:00:00Z,3.2747,-2.4111,3.0938,5.2982,11.4853,8.4941
E0095,2026-03-23T00:00:00Z,2.975,-0.7647,4.0549,5.4126,10.9305,9.1896
E0096,2026-03-23T00:00:00Z,3.3865,0.6267,2.1335,5.0001,11.4853,8.9099
E0097,2026-03-23T00:00:00Z,2.5726,1.3302,1.9071,5.9007,9.6806,8.0665
E0098,2026-03-23T00:00:00Z,2.1459,-0.4135,2.9335,5.2623,11.7483,11.6531
E0099,2026-03-23T00:00:00Z,3.2047,0.7464,5.0031,5.9928,13.2838,10.351
E0100,2026-03-23T00:00:00Z,3.172,1.4394,3.3849,5.4009,9.3025,8.0261
E0101,2026-03-23T00:00:00Z,2.6848,3.5447,3.0433,6.4771,10.2395,10.4432
E0102,2026-03-23T00:00:00Z,2.74,0.3793,4.0606,5.8479,11.9858,9.0176
E0103,2026-03-23T00:00:00Z,2.7097,0.1193,3.2356,6.3874,10.1774,8.7041
E0104,2026-03-23T00:00:00Z,3.069,-1.013,3.7777,5.8219,13.2403,9.414
E0105,2026-03-23T00:00:00Z,3.2785,3.879,3.7068,5.9888,11.6549,8.3784
E0106,2026-03-23T00:00:00Z,3.6748,1.006,6.6551,6.8105,11.3738,9.8012
E0107,2026-03-23T00:00:00Z,4.8116,-2.7708,2.7365,6.6743,11.2656,8.833
E0108,2026-03-23T00:00:00Z,1.7252,0.1761,3.4417,5.4818,10.1433,9.3257
E0109,2026-03-23T00:00:00Z,3.9138,0.3146,1.817,5.5494,12.5949,9.8967
E0110,2026-03-23T00:00:00Z,2.7619,1.6693,0.8828,5.5056,11.3965,9.717
E0111,2026-03-23T00:00:00Z,3.4845,1.4401,2.519,5.9588,10.8622,8.8988
E0112,2026-03-23T00:00:00Z,3.4105,3.9822,2.2153,5.5257,12.3924,9.4383
E0113,2026-03-23T00:00:00Z,2.391,2.4564,4.2541,4.7743,10.2286,10.7705
E0114,2026-03-23T00:00:00Z,1.5799,2.2304,4.5544,5.5844,10.6311,7.5675
E0115,2026-03-23T00:00:00Z,3.409,-1.0988,4.3466,5.7765,12.0068,11.2403
E0116,2026-03-23T00:00:00Z,2.5535,-0.5099,5.0953,5.6184,10.9609,7.2607
E0117,2026-03-23T00:00:00Z,3.488,-0.0741,3.9014,5.4597,11.0831,10.081
E0118,2026-03-23T00:00:00Z,3.598,2.1562,4.876,5.0376,10.6963,8.5265
E0119,2026-03-23T00:00:00Z,2.6519,-0.2344,3.3622,4.815,11.2793,9.3422
E0120,2026-03-23T00:00:00Z,2.8422,0.6981,4.4252,5.6969,11.0361,10.4008
E0121,2026-03-23T00:00:00Z,2.3219,5.1985,4.7361,4.657,11.7147,8.0675
E0122,2026-03-23T00:00:00Z,2.6303,1.3189,0.9943,6.0695,11.8435,10.39
E0123,2026-03-23T00:00:00Z,3.9316,2.5627,3.0378,5.3571,10.9869,11.1275
E0124,2026-03-23T00:00:00Z,3.4336,0.9172,5.4587,5.7409,11.2708,8.1965
E0125,2026-03-23T00:00:00Z,3.6857,0.0955,4.4827,4.9617,12.7551,9.6142
E0126,2026-03-23T00:00:00Z,3.2685,1.9883,4.0783,6.2282,12.0052,9.4489
E0127,2026-03-23T00:00:00Z,1.8229,0.4649,3.3974,5.8989,13.1082,9.7373
E0128,2026-03-23T00:00:00Z,2.995,1.0583,3.9406,5.9938,10.1273,10.6057
E0129,2026-03-23T00:00:00Z,2.9298,0.1585,4.5035,5.6857,10.3759,8.5303
E0130,2026-03-23T00:00:00Z,2.0231,1.2476,4.3228,5.3875,9.5493,10.4367
E0131,2026-03-23T00:00:00Z,3.4132,-1.2955,3.9764,4.7069,12.2184,10.2948
E0132,2026-03-23T00:00:00Z,3.129,4.7302,7.1465,5.6024,10.8908,10.351
E0133,2026-03-23T00:00:00Z,2.7882,2.1378,2.2627,5.9198,9.6774,9.4501
E0134,2026-03-23T00:00:00Z,3.0517,0.7022,4.8508,5.4416,11.8771,10.8315
E0135,2026-03-23T00:00:00Z,3.0806,-0.4717,4.9452,5.8415,11.6593,10.6508
E0136,2026-03-23T00:00:00Z,3.7543,1.0313,4.7278,6.5417,13.584,8.5869
E0137,2026-03-23T00:00:00Z,1.9177,2.6862,2.7253,5.4037,9.7694,8.7936
E0138,2026-03-23T00:00:00Z,2.7889,0.9995,4.3752,5.715,11.2632,10.1772
E0139,2026-03-23T00:00:00Z,2.9268,1.511,4.0196,5.1626,11.263,9.6204
E0140,2026-03-23T00:00:00Z,2.8091,2.0166,3.9028,5.0799,12.0222,10.385
E0141,2026-03-23T00:00:00Z,2.8144,1.1096,4.6976,5.5838,12.2704,9.0293
E0142,2026-03-23T00:00:00Z,3.6218,1.417,3.4541,5.626,9.2038,9.776
E0143,2026-03-23T00:00:00Z,3.0796,2.435,4.8364,4.6475,10.8066,10.9069
E0144,2026-03-23T00:00:00Z,3.0899,1.0076,3.4137,5.5408,11.705,10.1554
E0145,2026-03-23T00:00:00Z,1.7695,2.6329,3.5454,5.7065,11.793,9.0374
E0146,2026-03-23T00:00:00Z,2.5006,0.4232,1.8324,5.9831,14.985,10.1575
E0147,2026-03-23T00:00:00Z,2.1237,1.0628,4.9111,5.9653,10.1774,9.9854
E0148,2026-03-23T00:00:00Z,3.1764,6.2722,1.1377,4.8367,11.6681,10.2806
E0149,2026-03-23T00:00:00Z,3.8249,0.9392,2.3704,5.8608,11.0728,10.5062
E0000,2026-03-24T00:00:00Z,1.5477,2.0915,2.2905,5.6931,9.8082,9.4294
E0001,2026-03-24T00:00:00Z,3.0177,1.6321,5.1754,5.4567,12.1141,9.4233
E0002,2026-03-24T00:00:00Z,3.1316,1.9263,3.4511,5.5303,12.5032,9.1691
E0003,2026-03-24T00:00:00Z,3.0053,3.2448,2.0601,5.8213,10.5421,10.8748
E0004,2026-03-24T00:00:00Z,2.9274,1.6817,3.7694,5.5588,9.8835,9.785
E0005,2026-03-24T00:00:00Z,2.1521,0.2693,3.2247,4.6528,11.2542,8.968
E0006,2026-03-24T00:00:00Z,3.2396,-1.7492,5.1236,6.0543,11.5415,8.6126
E0007,2026-03-24T00:00:00Z,2.9124,1.2676,3.0893,5.3483,9.9701,8.63
E0008,2026-03-24T00:00:00Z,2.3754,1.5692,1.8993,4.6863,11.3834,8.6683
E0009,2026-03-24T00:00:00Z,2.8543,1.7743,3.1502,5.623,11.2947,9.0019
E0010,2026-03-24T00:00:00Z,2.905,0.7357,2.3239,4.2304,10.6793,8.7572
E0011,2026-03-24T00:00:00Z,3.6846,0.4364,4.5092,6.4617,10.3142,9.7579
E0012,2026-03-24T00:00:00Z,3.4309,3.3193,4.9112,5.7539,12.3235,7.7776
E0013,2026-03-24T00:00:00Z,1.8549,0.6846,3.2073,4.1157,12.9398,8.84
E0014,2026-03-24T00:00:00Z,3.3462,2.4668,5.4119,4.9248,10.2212,8.7038
E0015,2026-03-24T00:00:00Z,3.5936,-0.9951,2.9725,5.7986,11.8261,8.4257
E0016,2026-03-24T00:00:00Z,2.4614,2.2793,3.8016,4.4722,10.5383,8.2369
E0017,2026-03-24T00:00:00Z,3.726,-0.0914,3.5107,5.5461,10.3751,9.5199
E0018,2026-03-24T00:00:00Z,3.851,1.6111,2.2725,5.8091,13.2815,10.6896
E0019,2026-03-24T00:00:00Z,3.1113,-0.2948,6.0391,5.535,10.4063,8.681
E0020,2026-03-24T00:00:00Z,3.0196,1.943,0.9156,5.7101,12.1976,9.5671
E0021,2026-03-24T00:00:00Z,3.01,2.0557,5.5366,5.8605,10.923,9.6221
E0022,2026-03-24T00:00:00Z,2.6219,2.6398,2.2494,4.5789,10.268,10.1491
E0023,2026-03-24T00:00:00Z,2.9575,2.2111,5.1512,6.3279,13.1877,9.6433
E0024,2026-03-24T00:00:00Z,2.5666,0.2913,5.0507,5.2885,11.0924,9.8162
E0025,2026-03-24T00:00:00Z,2.3152,4.1046,2.3728,6.2408,11.8868,9.9497
E0026,2026-03-24T00:00:00Z,3.5331,-0.2611,2.8467,4.5743,10.529,11.4736
E0027,2026-03-24T00:00:00Z,2.4222,-0.5964,4.377,4.7632,12.7004,10.9962
E0028,2026-03-24T00:00:00Z,3.4518,0.6008,2.9805,6.0987,12.2488,7.9472
E0029,2026-03-24T00:00:00Z,2.0396,-1.391,5.5553,5.4368,10.3407,8.7585
E0030,2026-03-24T00:00:00Z,2.331,0.3942,3.9176,5.5058,11.4796,10.1475
E0031,2026-03-24T00:00:00Z,2.473,-0.6118,2.8598,5.6928,11.7122,8.7761
E0032,2026-03-24T00:00:00Z,3.3815,0.966,2.9487,5.0963,11.3472,9.0822
E0033,2026-03-24T00:00:00Z,3.793,-0.7405,2.268,4.9895,10.9999,11.1245
E0034,2026-03-24T00:00:00Z,3.6118,-0.1805,4.0524,4.6955,11.6404,8.1766
E0035,2026-03-24T00:00:00Z,2.8144,-0.0037,3.4312,5.6935,10.6972,9.235
E0036,2026-03-24T00:00:00Z,3.1145,0.3312,2.9205,5.9146,11.1409,10.1025
E0037,2026-03-24T00:00:00Z,3.6603,1.3408,2.8073,4.7637,11.9298,10.3605
E0038,2026-03-24T00:00:00Z,2.1359,1.6058,4.509,5.6141,9.3623,9.7845
E0039,2026-03-24T00:00:00Z,1.8295,2.0535,4.6133,5.9348,11.6859,10.3518
E0040,2026-03-24T00:00:00Z,2.0118,0.9949,3.6917,4.674,10.722,10.6348
E0041,2026-03-24T00:00:00Z,1.769,-0.9491,3.1105,5.357,11.4019,9.2266
E0042,2026-03-24T00:00:00Z,2.9307,0.3451,0.6743,5.7548,11.7658,8.5897
E0043,2026-03-24T00:00:00Z,2.6801,1.5896,3.7026,4.3956,10.4226,9.8855
E0044,2026-03-24T00:00:00Z,2.8012,-0.2194,4.8788,5.2477,11.1416,9.1923
E0045,2026-03-24T00:00:00Z,2.559,-0.2923,1.5642,5.7077,11.627,7.2561
E0046,2026-03-24T00:00:00Z,2.0286,-0.1803,5.5376,5.5317,10.6939,8.832
E0047,2026-03-24T00:00:00Z,3.865,-0.6442,3.8068,5.2888,11.7335,9.7989
E0048,2026-03-24T00:00:00Z,3.16,-1.0199,3.7744,4.8059,11.3331,9.8876
E0049,2026-03-24T00:00:00Z,3.1382,2.1952,2.8646,4.8617,10.4028,11.246
E0050,2026-03-24T00:00:00Z,2.5518,1.4606,2.868,4.8686,10.7664,8.2041
E0051,2026-03-24T00:00:00Z,2.7438,-0.2769,4.9009,6.2696,10.8763,8.3657
E0052,2026-03-24T00:00:00Z,2.4382,-1.243,3.8011,5.1746,11.6535,9.6099
E0053,2026-03-24T00:00:00Z,3.4487,1.1267,5.6099,6.1374,10.1084,10.5546
E0054,2026-03-24T00:00:00Z,3.276,0.015,4.7794,5.2124,10.5871,8.975
E0055,2026-03-24T00:00:00Z,2.5598,1.2079,3.2121,5.367,10.104,9.3348
E0056,2026-03-24T00:00:00Z,2.6677,2.4267,3.7935,5.7364,9.7539,9.6109
E0057,2026-03-24T00:00:00Z,4.1409,0.1599,3.3494,4.4439,13.1586,9.9447
E0058,2026-03-24T00:00:00Z,2.727,-0.0051,1.4778,5.8748,11.9356,7.274
E0059,2026-03-24T00:00:00Z,3.6836,-0.8237,5.3817,5.5071,10.8791,9.3822
E0060,2026-03-24T00:00:00Z,2.3263,1.944,3.9338,4.6419,10.8427,11.0815
E0061,2026-03-24T00:00:00Z,2.7212,-1.0379,2.6516,6.605,10.0648,8.9764
E0062,2026-03-24T00:00:00Z,2.9252,1.3786,4.8676,4.9763,10.7552,10.745
E0063,2026-03-24T00:00:00Z,1.6418,2.0137,4.0102,5.4234,11.0316,10.3241
E0064,2026-03-24T00:00:00Z,3.0133,2.5683,3.4287,5.4776,10.8651,8.4793
E0065,2026-03-24T00:00:00Z,2.2168,1.7269,1.818,5.3035,12.2401,8.2413
E0066,2026-03-24T00:00:00Z,2.2257,3.078,4.6909,5.4734,11.2045,9.0165
E0067,2026-03-24T00:00:00Z,3.7997,6.0306,2.5792,5.5255,10.8552,10.293
E0068,2026-03-24T00:00:00Z,4.0061,-0.0464,3.4973,5.1802,11.5008,10.2667
E0069,2026-03-24T00:00:00Z,3.4491,-0.6645,1.6567,4.7342,10.0658,10.2129
E0070,2026-03-24T00:00:00Z,3.1153,0.3749,2.6498,4.7504,10.5868,9.1043
E0071,2026-03-24T00:00:00Z,1.6482,2.5575,2.8181,5.4165,11.5172,9.1097
E0072,2026-03-24T00:00:00Z,2.4816,0.9935,3.2624,5.4272,10.2004,8.7235
E0073,2026-03-24T00:00:00Z,2.759,1.3409,4.7557,6.1658,11.7397,10.0652
E0074,2026-03-24T00:00:00Z,3.4851,-0.2398,4.6524,6.8157,9.9462,9.0537
E0075,2026-03-24T00:00:00Z,2.7869,-1.1078,4.1785,4.5714,10.742,10.3777
E0076,2026-03-24T00:00:00Z,3.4285,1.1683,4.1988,5.821,11.8391,10.8799
E0077,2026-03-24T00:00:00Z,2.1353,1.0519,5.8066,6.1949,12.8215,10.9959
E0078,2026-03-24T00:00:00Z,2.4775,0.424,2.5863,4.2726,10.34,9.8082
E0079,2026-03-24T00:00:00Z,3.242,-1.5431,3.7294,5.4224,12.9682,10.5824
E0080,2026-03-24T00:00:00Z,3.0015,2.5986,2.0723,5.7743,11.3086,8.3169
E0081,2026-03-24T00:00:00Z,3.5212,2.4874,3.6754,4.7339,10.8023,9.1008
E0082,2026-03-24T00:00:00Z,3.9051,0.8554,3.968,5.2451,12.947,10.9441
E0083,2026-03-24T00:00:00Z,3.4228,0.1218,2.9931,5.5088,11.174,8.5244
E0084,2026-03-24T00:00:00Z,3.0618,-1.3764,3.5252,5.7732,12.1661,9.6985
E0085,2026-03-24T00:00:00Z,2.9278,-0.3981,5.3028,5.6547,11.0108,9.5421
E0086,2026-03-24T00:00:00Z,3.3444,0.9704,2.1507,5.6277,10.5198,9.3682
E0087,2026-03-24T00:00:00Z,3.3612,2.4534,3.4895,5.2821,9.4497,10.4472
E0088,2026-03-24T00:00:00Z,3.4929,1.3454,3.2026,4.3435,11.1112,8.5434
E0089,2026-03-24T00:00:00Z,3.1199,-0.0197,3.6917,5.3201,10.8921,8.8838
E0090,2026-03-24T00:00:00Z,2.7673,1.546,3.6221,5.5218,8.9697,9.4259
E0091,2026-03-24T00:00:00Z,2.2294,2.0725,5.0106,5.192,11.3592,8.861
E0092,2026-03-24T00:00:00Z,2.2,0.2024,2.2622,4.6252,10.6824,9.8029
E0093,2026-03-24T00:00:00Z,3.1805,1.5685,4.498,4.5451,11.6062,8.5137
E0094,2026-03-24T00:00:00Z,3.5871,1.9974,1.8862,5.019,9.9036,9.7915
E0095,2026-03-24T00:00:00Z,3.4298,0.822,3.9095,5.6572,10.5486,9.1538
E0096,2026-03-24T00:00:00Z,3.5432,4.2293,4.1662,5.5797,11.3259,10.3679
E0097,2026-03-24T00:00:00Z,2.3252,-3.1166,4.3882,5.1003,10.7136,10.3434
E0098,2026-03-24T00:00:00Z,1.8434,-0.6435,4.1528,5.4043,11.5198,9.1671
E0099,2026-03-24T00:00:00Z,2.4172,1.9374,3.673,5.0219,11.0886,8.3446
E0100,2026-03-24T00:00:00Z,3.7509,3.3571,2.8917,5.4182,10.8611,10.8198
E0101,2026-03-24T00:00:00Z,3.531,-2.2437,4.3369,5.558,10.8914,9.4545
E0102,2026-03-24T00:00:00Z,2.8024,-0.1312,6.0341,5.3654,10.7941,9.3244
E0103,2026-03-24T00:00:00Z,3.1055,1.0322,-0.2029,6.5536,10.605,9.0902
E0104,2026-03-24T00:00:00Z,3.412,0.367,5.0632,4.9507,11.0578,10.1136
E0105,2026-03-24T00:00:00Z,2.5196,2.0042,5.0414,5.6567,10.377,9.598
E0106,2026-03-24T00:00:00Z,3.8084,1.4354,3.9178,4.6746,11.2449,8.825
E0107,2026-03-24T00:00:00Z,2.9995,1.1303,2.6316,4.7563,10.8237,10.9387
E0108,2026-03-24T00:00:00Z,2.6276,3.8206,5.2844,5.8155,11.5829,10.3582
E0109,2026-03-24T00:00:00Z,4.29,0.2428,3.9901,5.2088,10.7328,8.0653
E0110,2026-03-24T00:00:00Z,3.0605,-0.5082,4.1123,5.3132,10.9371,8.6493
E0111,2026-03-24T00:00:00Z,2.0309,-1.3732,4.2727,4.6154,11.3191,7.912
E0112,2026-03-24T00:00:00Z,2.5417,1.0162,1.9334,5.1306,11.8309,9.2834
E0113,2026-03-24T00:00:00Z,3.0786,3.5491,2.4037,5.9663,11.2443,9.3251
E0114,2026-03-24T00:00:00Z,1.4507,0.5076,6.6149,5.0823,12.0148,10.2366
E0115,2026-03-24T00:00:00Z,2.34,1.001,3.0466,4.836,12.0407,9.9749
E0116,2026-03-24T00:00:00Z,4.1906,-2.1675,2.5671,6.1191,11.3906,9.0718
E0117,2026-03-24T00:00:00Z,1.4592,-1.4789,4.5503,6.4712,9.6067,10.471
E0118,2026-03-24T00:00:00Z,3.2826,0.3936,4.4495,5.1923,10.3485,8.3491
E0119,2026-03-24T00:00:00Z,4.0298,0.8022,3.3628,5.6617,11.2282,8.6721
E0120,2026-03-24T00:00:00Z,2.7954,0.1798,4.0944,6.2432,11.0175,9.9972
E0121,2026-03-24T00:00:00Z,3.9302,0.8565,3.5979,5.7867,11.6936,10.5444
E0122,2026-03-24T00:00:00Z,1.7439,0.8774,4.7634,5.4843,12.0769,9.8916
E0123,2026-03-24T00:00:00Z,3.7171,-0.545,3.4367,5.6797,10.2174,9.4498
E0124,2026-03-24T00:00:00Z,2.396,2.7975,4.7416,5.1458,12.3293,10.5354
E0125,2026-03-24T00:00:00Z,2.3903,-0.1958,3.8683,5.8543,12.1252,10.4861
E0126,2026-03-24T00:00:00Z,4.1379,-1.2783,3.2202,5.3067,11.0115,10.1534
E0127,2026-03-24T00:00:00Z,2.1865,0.9089,4.3874,5.6844,11.6824,10.3503
E0128,2026-03-24T00:00:00Z,3.2906,0.2891,1.9364,5.7154,11.7492,9.0529
E0129,2026-03-24T00:00:00Z,2.7364,1.1435,4.1517,6.4131,10.2344,9.4602
E0130,2026-03-24T00:00:00Z,2.4426,1.9764,2.7573,5.7635,11.6352,9.2596
E0131,2026-03-24T00:00:00Z,2.9061,2.6594,4.1465,5.5834,10.9749,9.5225
E0132,2026-03-24T00:00:00Z,3.083,2.2579,1.9746,5.8408,10.3797,10.3676
E0133,2026-03-24T00:00:00Z,3.05,0.2209,1.6023,5.1492,13.1728,7.7242
E0134,2026-03-24T00:00:00Z,2.7641,0.0205,7.0053,5.9989,11.2973,8.3366
E0135,2026-03-24T00:00:00Z,2.255,2.4894,3.6848,5.4255,12.1233,9.972
E0136,2026-03-24T00:00:00Z,2.0396,0.9859,3.8959,5.7372,11.733,8.1619
E0137,2026-03-24T00:00:00Z,2.0864,1.7059,5.9804,6.2979,11.825,11.0195
E0138,2026-03-24T00:00:00Z,3.3898,-0.0702,5.0461,5.8544,12.1869,9.2614
E0139,2026-03-24T00:00:00Z,2.764,-1.6019,3.0243,5.8944,11.5293,9.2651
E0140,2026-03-24T00:00:00Z,4.1195,1.0727,3.7545,5.4142,11.061,8.8638
E0141,2026-03-24T00:00:00Z,2.9353,-0.6148,4.3603,5.3293,10.3048,6.9976
E0142,2026-03-24T00:00:00Z,1.8837,1.9779,4.4768,5.0546,13.5904,11.0425
E0143,2026-03-24T00:00:00Z,2.1724,2.0854,1.8765,5.3061,10.4397,8.5052
E0144,2026-03-24T00:00:00Z,2.5839,2.115,3.3414,5.3879,10.8331,8.6261
E0145,2026-03-24T00:00:00Z,4.7774,-2.8092,2.729,4.6266,10.5724,8.3537
E0146,2026-03-24T00:00:00Z,2.1841,0.3977,2.5043,5.3637,12.092,9.3672
E0147,2026-03-24T00:00:00Z,2.0614,1.0677,5.2482,5.7454,11.7662,9.1874
E0148,2026-03-24T00:00:00Z,3.2817,0.8282,5.0251,5.5055,12.7587,10.344
E0149,2026-03-24T00:00:00Z,4.0288,1.3773,1.0108,5.5252,10.4076,9.0204
E0000,2026-03-25T00:00:00Z,3.3246,-0.2962,3.7732,5.6941,11.7505,10.1149
E0001,2026-03-25T00:00:00Z,3.3883,2.9928,7.4369,4.6753,12.3667,10.3206
E0002,2026-03-25T00:00:00Z,2.63,0.2955,1.2851,5.3353,10.4005,8.8006
E0003,2026-03-25T00:00:00Z,2.3708,2.1652,1.795,4.9714,13.3996,10.6611
E0004,2026-03-25T00:00:00Z,1.8625,0.9637,2.755,4.5369,11.7031,9.8881
E0005,2026-03-25T00:00:00Z,2.8561,1.1884,3.9939,4.4942,9.9475,8.2058
E0006,2026-03-25T00:00:00Z,2.5433,-3.4165,5.5066,5.6537,11.8168,10.6809
E0007,2026-03-25T00:00:00Z,2.9217,0.2697,2.6609,5.8631,12.622,9.4546
E0008,2026-03-25T00:00:00Z,3.2404,0.3932,1.9507,6.1241,10.8778,8.9688
E0009,2026-03-25T00:00:00Z,3.3027,2.2608,4.0099,5.3145,11.4764,9.3216
E0010,2026-03-25T00:00:00Z,1.705,2.8326,2.7051,5.7877,11.5773,10.1683
E0011,2026-03-25T00:00:00Z,4.0343,2.8692,3.1614,5.3895,9.122,9.6519
E0012,2026-03-25T00:00:00Z,3.0402,0.5729,4.643,6.1866,9.6966,11.3867
E0013,2026-03-25T00:00:00Z,2.4987,-0.5665,2.5539,6.3586,12.3002,10.438
E0014,2026-03-25T00:00:00Z,3.4984,2.6908,3.9836,5.3657,10.4872,8.4403
E0015,2026-03-25T00:00:00Z,2.5825,-0.0198,4.4495,6.7634,11.519,10.3433
E0016,2026-03-25T00:00:00Z,3.1639,2.5908,4.6737,5.3838,10.0795,9.8158
E0017,2026-03-25T00:00:00Z,3.4164,2.1938,2.7657,6.766,11.8929,8.9964
E0018,2026-03-25T00:00:00Z,3.0402,0.3602,2.0747,4.649,10.657,9.3032
E0019,2026-03-25T00:00:00Z,3.6941,-0.2598,4.0387,5.6661,9.8195,9.0158
E0020,2026-03-25T00:00:00Z,2.2597,-0.7938,3.6682,5.1763,9.43,8.6093
E0021,2026-03-25T00:00:00Z,4.1131,2.7673,0.8299,5.9898,10.4016,8.2433
E0022,2026-03-25T00:00:00Z,2.2947,2.8416,5.0442,5.5252,10.2642,9.6385
E0023,2026-03-25T00:00:00Z,2.6818,-1.3279,3.8543,4.8667,11.9567,11.5317
E0024,2026-03-25T00:00:00Z,1.7701,-0.1347,4.7355,5.8539,12.6648,10.7014
E0025,2026-03-25T00:00:00Z,3.6403,2.5544,3.846,4.7103,12.1289,10.5374
E0026,2026-03-25T00:00:00Z,2.5562,0.0196,5.7663,6.1236,12.1534,9.8611
E0027,2026-03-25T00:00:00Z,3.788,-0.0607,2.8348,5.1784,11.1955,8.6554
E0028,2026-03-25T00:00:00Z,1.6872,1.3947,2.9212,5.9405,12.6078,10.0439
E0029,2026-03-25T00:00:00Z,2.8579,0.5444,4.9542,4.9006,11.6533,8.5506
E0030,2026-03-25T00:00:00Z,2.8939,0.0001,6.3919,6.2296,11.6738,10.9131
E0031,2026-03-25T00:00:00Z,2.8209,-1.1212,2.4265,5.5852,12.9427,9.2058
E0032,2026-03-25T00:00:00Z,1.8623,0.3297,6.384,5.0055,12.2479,9.5151
E0033,2026-03-25T00:00:00Z,2.9398,3.5075,6.0333,5.4789,11.346,9.5891
E0034,2026-03-25T00:00:00Z,2.5804,2.1253,2.4369,6.28,11.1384,8.2258
E0035,2026-03-25T00:00:00Z,2.2597,2.7989,5.0787,4.4515,11.2172,10.6367
E0036,2026-03-25T00:00:00Z,3.4858,2.1091,2.6492,6.0915,11.7069,8.989
E0037,2026-03-25T00:00:00Z,1.5315,0.6064,4.1124,4.8291,10.5716,8.357
E0038,2026-03-25T00:00:00Z,3.7869,3.3933,2.4293,5.7622,10.5655,10.8948
E0039,2026-03-25T00:00:00Z,1.8987,0.8737,3.3458,6.4166,11.0742,8.452
E0040,2026-03-25T00:00:00Z,2.8765,-0.3027,5.0961,4.7375,12.1998,9.7289
E0041,2026-03-25T00:00:00Z,1.5682,0.7965,2.4773,6.3875,12.0622,8.4412
E0042,2026-03-25T00:00:00Z,3.3994,1.1567,3.5291,5.1597,10.8284,10.0432
E0043,2026-03-25T00:00:00Z,2.5047,2.9044,2.4682,5.6911,11.6075,9.9473
E0044,2026-03-25T00:00:00Z,3.4732,-0.2553,3.8894,4.9035,11.617,10.1693
E0045,2026-03-25T00:00:00Z,3.2598,4.1759,1.3052,5.1358,13.0445,8.8288
E0046,2026-03-25T00:00:00Z,2.7923,2.6007,5.6348,6.0564,11.6902,9.2487
E0047,2026-03-25T00:00:00Z,3.4459,-0.9351,3.8644,4.0375,10.7718,8.893
E0048,2026-03-25T00:00:00Z,5.2886,2.8826,1.2501,5.9803,11.9728,10.4095
E0049,2026-03-25T00:00:00Z,2.76,3.0594,-0.0881,5.0854,11.3666,9.7978
E0050,2026-03-25T00:00:00Z,3.1209,-2.083,4.484,5.4736,11.6215,8.9081
E0051,2026-03-25T00:00:00Z,2.3153,1.9604,1.159,5.7653,12.4071,10.6987
E0052,2026-03-25T00:00:00Z,2.8167,-1.964,4.4206,5.6423,11.1101,8.4252
E0053,2026-03-25T00:00:00Z,1.7413,1.2462,4.6131,6.0782,10.6608,10.4675
E0054,2026-03-25T00:00:00Z,3.2156,0.8463,4.6798,6.0576,11.0227,9.6436
E0055,2026-03-25T00:00:00Z,2.7882,-2.4091,4.9455,5.4332,13.1133,10.1355
E0056,2026-03-25T00:00:00Z,3.5195,-0.2239,2.9275,4.8249,10.79,11.3282
E0057,2026-03-25T00:00:00Z,2.7596,2.6148,3.1483,4.35,11.2794,8.1124
E0058,2026-03-25T00:00:00Z,2.8054,3.5436,3.829,3.6244,12.2477,8.8159
E0059,2026-03-25T00:00:00Z,2.896,0.9517,3.4058,4.5116,10.8276,9.8482
E0060,2026-03-25T00:00:00Z,3.0564,0.5787,4.9172,4.6407,10.513,10.083
E0061,2026-03-25T00:00:00Z,3.862,-0.3152,2.603,4.722,11.7368,11.7894
E0062,2026-03-25T00:00:00Z,3.4268,0.7472,2.0116,4.9598,10.5104,9.4562
E0063,2026-03-25T00:00:00Z,3.6092,2.0952,4.5526,5.8017,12.5247,9.1588
E0064,2026-03-25T00:00:00Z,2.3994,4.7193,3.7778,5.4203,11.7412,9.9546
E0065,2026-03-25T00:00:00Z,4.4452,0.9317,4.0268,5.4992,11.0458,7.3336
E0066,2026-03-25T00:00:00Z,3.2289,-1.2742,3.3273,5.8164,11.9242,10.8872
E0067,2026-03-25T00:00:00Z,3.5266,0.9522,4.8406,6.0671,11.9653,7.9863
E0068,2026-03-25T00:00:00Z,4.2953,4.186,2.407,5.3049,9.5198,9.9466
E0069,2026-03-25T00:00:00Z,1.3626,-0.1079,3.181,4.7436,11.8323,10.9762
E0070,2026-03-25T00:00:00Z,3.3678,3.4175,2.7245,5.9568,11.5658,10.0844
E0071,2026-03-25T00:00:00Z,3.5897,0.954,3.8707,5.1897,12.1543,8.0259
E0072,2026-03-25T00:00:00Z,3.1069,0.9298,2.5493,5.835,11.6424,9.7318
E0073,2026-03-25T00:00:00Z,2.6451,0.7077,4.2433,4.7138,10.2041,9.2629
E0074,2026-03-25T00:00:00Z,2.4952,0.5562,2.0577,5.8744,11.7122,9.6003
E0075,2026-03-25T00:00:00Z,2.8809,-0.1812,3.7105,5.7029,10.4281,9.9029
E0076,2026-03-25T00:00:00Z,3.6458,-1.5097,2.8715,4.9593,11.7403,9.992
E0077,2026-03-25T00:00:00Z,3.4823,2.9826,3.1595,5.1357,10.9902,10.2387
E0078,2026-03-25T00:00:00Z,3.0789,-1.3909,3.5669,4.5511,12.5464,9.7347
E0079,2026-03-25T00:00:00Z,2.9906,0.7572,5.134,5.6931,11.5859,9.5116
E0080,2026-03-25T00:00:00Z,2.8497,1.0897,4.3383,5.6831,11.7534,8.8332
E0081,2026-03-25T00:00:00Z,2.6238,2.6091,3.9799,4.6376,11.0536,10.1505
E0082,2026-03-25T00:00:00Z,3.9583,1.0511,3.8867,5.7883,12.4109,9.0254
E0083,2026-03-25T00:00:00Z,2.0766,-0.2292,3.2427,5.473,12.5047,8.3538
E0084,2026-03-25T00:00:00Z,1.5997,0.1909,2.8738,5.6845,10.9845,8.3412
E0085,2026-03-25T00:00:00Z,2.8885,1.5216,2.9707,5.3964,11.3329,10.2991
E0086,2026-03-25T00:00:00Z,2.3501,-0.3761,6.7762,6.1761,11.6137,9.7545
E0087,2026-03-25T00:00:00Z,2.514,1.5686,2.8588,5.4556,13.7261,10.7281
E0088,2026-03-25T00:00:00Z,2.9794,-0.3691,0.7519,4.8553,12.2412,8.8431
E0089,2026-03-25T00:00:00Z,3.0515,3.3769,4.4071,4.4471,11.7965,7.8005
E0090,2026-03-25T00:00:00Z,2.6118,1.0493,1.9877,5.8852,11.7885,10.8287
E0091,2026-03-25T00:00:00Z,4.2985,0.1917,5.5087,4.9639,11.3907,11.4079
E0092,2026-03-25T00:00:00Z,3.1436,-0.3557,2.7698,5.0479,10.1148,8.2927
E0093,2026-03-25T00:00:00Z,2.7164,-3.3838,3.4886,4.9945,11.7435,11.1323
E0094,2026-03-25T00:00:00Z,3.9445,1.3269,5.9698,5.829,10.591,9.9588
E0095,2026-03-25T00:00:00Z,3.8391,-1.3107,2.773,5.5843,10.8974,9.8132
E0096,2026-03-25T00:00:00Z,2.339,-0.2481,4.4625,4.8244,11.7541,10.1158
E0097,2026-03-25T00:00:00Z,2.4177,-0.5479,4.7202,5.5089,10.4451,10.4203
E0098,2026-03-25T00:00:00Z,2.6255,0.4474,3.7525,4.7646,10.0578,11.2303
E0099,2026-03-25T00:00:00Z,3.589,-0.5861,5.0215,6.7171,11.2186,8.4536
E0100,2026-03-25T00:00:00Z,3.2627,2.6495,2.5551,6.0178,10.8045,12.3223
E0101,2026-03-25T00:00:00Z,3.37,0.6549,7.0382,5.5279,10.314,10.3822
E0102,2026-03-25T00:00:00Z,3.0937,0.2854,3.6821,4.9295,12.2287,9.6472
E0103,2026-03-25T00:00:00Z,1.8474,-0.2659,3.2946,6.3157,9.9621,10.1401
E0104,2026-03-25T00:00:00Z,3.3052,1.245,2.1114,5.7111,11.5782,8.7611
E0105,2026-03-25T00:00:00Z,1.8636,-0.4986,2.5347,4.2621,9.0859,8.9726
E0106,2026-03-25T00:00:00Z,2.9181,0.1392,3.339,5.9061,9.891,10.3811
E0107,2026-03-25T00:00:00Z,4.0829,1.1136,2.2909,5.1477,9.3022,9.7251
E0108,2026-03-25T00:00:00Z,2.2858,-0.6026,5.602,5.7577,10.9823,8.1354
E0109,2026-03-25T00:00:00Z,2.99,-0.5367,5.4202,5.2229,12.5111,11.8367
E0110,2026-03-25T00:00:00Z,2.8715,0.9491,4.3547,5.8644,10.0952,9.7652
E0111,2026-03-25T00:00:00Z,2.139,0.6164,3.1472,5.0831,10.3367,10.7791
E0112,2026-03-25T00:00:00Z,3.4082,-1.3391,4.1348,5.9812,13.2669,9.6276
E0113,2026-03-25T00:00:00Z,1.9677,0.6668,2.5547,5.9613,10.6918,8.5676
E0114,2026-03-25T00:00:00Z,2.3232,4.4974,2.5262,6.7301,11.5444,9.0815
E0115,2026-03-25T00:00:00Z,3.4221,0.7901,1.8884,5.4325,11.0672,8.7689
E0116,2026-03-25T00:00:00Z,2.9641,0.2118,3.2031,5.4986,9.9073,9.1892
E0117,2026-03-25T00:00:00Z,3.8815,-0.4192,3.2836,5.6609,11.328,7.9384
E0118,2026-03-25T00:00:00Z,3.1681,-2.1643,4.5742,5.2796,11.548,8.8231
E0119,2026-03-25T00:00:00Z,2.9595,0.9888,2.8551,5.4773,11.4632,9.4173
E0120,2026-03-25T00:00:00Z,2.82,-2.3589,3.9915,5.601,9.5208,9.0121
E0121,2026-03-25T00:00:00Z,2.469,1.562,5.4705,5.239,10.7134,9.8761
E0122,2026-03-25T00:00:00Z,3.4753,2.9788,2.7045,4.46,10.6439,9.3702
E0123,2026-03-25T00:00:00Z,2.7272,5.0549,2.1609,5.2039,12.2838,9.6811
E0124,2026-03-25T00:00:00Z,2.5269,1.454,3.6007,5.7127,10.5331,8.3565
E0125,2026-03-25T00:00:00Z,4.0983,-1.7943,3.3662,5.0824,11.2397,10.4577
E0126,2026-03-25T00:00:00Z,3.4157,0.7035,5.6995,6.0048,11.1557,10.9385
E0127,2026-03-25T00:00:00Z,2.0921,2.558,5.5114,4.9141,12.0692,10.1747
E0128,2026-03-25T00:00:00Z,2.8206,1.0203,3.8002,6.1125,12.2186,11.2583
E0129,2026-03-25T00:00:00Z,2.1481,1.0038,3.2694,4.9356,10.1931,10.3471
E0130,2026-03-25T00:00:00Z,4.2808,4.0622,4.7218,6.6543,12.1285,9.4224
E0131,2026-03-25T00:00:00Z,3.4444,0.0774,3.9526,6.6492,10.2924,9.5733
E0132,2026-03-25T00:00:00Z,2.7271,0.7843,4.293,6.8905,10.3783,10.8298
E0133,2026-03-25T00:00:00Z,2.4328,0.5252,3.4152,5.7903,12.0605,10.8846
E0134,2026-03-25T00:00:00Z,3.4968,0.4032,4.1455,5.1917,10.678,7.7509
E0135,2026-03-25T00:00:00Z,2.2969,0.7644,1.8588,6.0489,11.9422,10.3096
E0136,2026-03-25T00:00:00Z,2.5428,3.9519,3.4733,5.5177,11.7815,11.2238
E0137,2026-03-25T00:00:00Z,2.1598,2.162,2.567,5.8458,12.1477,10.1808
E0138,2026-03-25T00:00:00Z,2.7348,-0.4035,2.427,5.08,11.0894,9.6176
E0139,2026-03-25T00:00:00Z,2.9732,1.6845,4.2096,6.0379,11.6251,9.4465
E0140,2026-03-25T00:00:00Z,3.1294,2.2498,1.9993,5.9608,12.4036,8.9032
E0141,2026-03-25T00:00:00Z,2.9434,1.4661,4.8105,6.5612,11.7463,8.9849
E0142,2026-03-25T00:00:00Z,4.0886,0.4575,3.8451,5.366,9.8851,10.1414
E0143,2026-03-25T00:00:00Z,2.573,2.4541,4.3497,5.2058,11.0226,8.313
E0144,2026-03-25T00:00:00Z,2.6323,1.5127,1.9814,5.9998,12.2781,10.4611
E0145,2026-03-25T00:00:00Z,3.701,0.6475,3.0058,6.264,10.2717,9.5055
E0146,2026-03-25T00:00:00Z,2.0633,1.2432,2.6239,5.0864,10.8474,8.2126
E0147,2026-03-25T00:00:00Z,3.477,-2.4977,3.7905,5.8333,11.6711,9.2787
E0148,2026-03-25T00:00:00Z,4.0637,-0.4244,4.0493,5.8999,11.7698,9.8392
E0149,2026-03-25T00:00:00Z,4.0834,-1.5264,5.2723,4.3651,10.3806,9.3233
E0000,2026-03-26T00:00:00Z,3.9009,0.3549,4.1103,6.8055,11.2166,9.2548
E0001,2026-03-26T00:00:00Z,3.7915,2.17,3.1203,5.0815,11.5241,9.4854
E0002,2026-03-26T00:00:00Z,1.8987,2.3038,2.8947,5.3433,10.8244,10.3399
E0003,2026-03-26T00:00:00Z,1.8412,1.323,1.8775,5.3172,11.109,7.9439
E0004,2026-03-26T00:00:00Z,2.4254,2.369,4.8946,5.5187,11.8591,8.9644
E0005,2026-03-26T00:00:00Z,3.2583,0.7168,4.0257,5.5391,10.1382,9.9021
E0006,2026-03-26T00:00:00Z,2.2132,0.8021,2.7199,5.3438,11.2446,10.0429
E0007,2026-03-26T00:00:00Z,1.9035,0.5533,3.1472,5.1765,9.9976,10.6279
E0008,2026-03-26T00:00:00Z,3.4066,1.3361,4.5015,5.8178,9.837,12.0291
E0009,2026-03-26T00:00:00Z,3.6572,3.2138,3.287,5.3592,11.4838,11.0727
E0010,2026-03-26T00:00:00Z,3.8367,2.5366,3.686,5.3717,9.9612,9.0215
E0011,2026-03-26T00:00:00Z,2.3167,3.7064,1.0591,5.9744,11.2806,9.0528
E0012,2026-03-26T00:00:00Z,2.9851,1.0477,7.2183,5.6214,11.4427,7.7086
E0013,2026-03-26T00:00:00Z,3.3108,1.1587,2.2388,5.0978,10.2388,9.9399
E0014,2026-03-26T00:00:00Z,2.2885,0.5792,2.8121,5.4797,10.733,7.1044
E0015,2026-03-26T00:00:00Z,3.4446,-0.0797,5.0834,5.4834,11.5471,9.3314
E0016,2026-03-26T00:00:00Z,2.8617,1.0662,0.7881,4.8032,10.5021,8.6003
E0017,2026-03-26T00:00:00Z,3.2088,-0.1812,4.0926,5.6269,12.2136,9.3119
E0018,2026-03-26T00:00:00Z,2.0612,1.0305,2.6868,5.5172,11.7195,9.0389
E0019,2026-03-26T00:00:00Z,2.5408,1.3846,4.9165,4.2525,10.512,10.8638
E0020,2026-03-26T00:00:00Z,1.9015,2.078,4.5666,5.3625,12.0468,10.7854
E0021,2026-03-26T00:00:00Z,2.434,-0.9612,3.9122,5.4364,11.0335,10.5476
E0022,2026-03-26T00:00:00Z,2.7851,0.4426,3.9137,5.0758,13.902,8.1745
E0023,2026-03-26T00:00:00Z,2.9437,-1.0093,4.3197,4.8651,11.3683,8.0711
E0024,2026-03-26T00:00:00Z,3.1041,1.6991,3.3279,5.139,12.0586,8.8491
E0025,2026-03-26T00:00:00Z,2.629,1.5112,5.8432,4.6235,11.4796,8.6149
E0026,2026-03-26T00:00:00Z,1.473,3.0892,4.6861,5.2415,11.6555,9.9156
E0027,2026-03-26T00:00:00Z,1.8928,1.8456,3.0892,5.3137,11.2779,9.0581
E0028,2026-03-26T00:00:00Z,2.7961,-1.3268,2.6858,4.8981,12.6528,8.7648
E0029,2026-03-26T00:00:00Z,3.5236,1.2898,1.8338,6.0922,10.7659,8.6628
E0030,2026-03-26T00:00:00Z,3.1158,2.094,3.3693,4.9635,9.2734,8.8811
E0031,2026-03-26T00:00:00Z,1.6623,0.7642,4.824,5.7331,9.9338,9.0267
E0032,2026-03-26T00:00:00Z,4.3229,0.4737,5.0894,5.6559,11.3477,7.9885
E0033,2026-03-26T00:00:00Z,3.2234,2.1994,4.5015,5.8671,10.9526,10.0541
E0034,2026-03-26T00:00:00Z,3.0988,-1.4408,4.2394,6.0117,11.772,10.8528
E0035,2026-03-26T00:00:00Z,3.1135,3.6399,3.9243,4.5531,13.1066,9.4626
E0036,2026-03-26T00:00:00Z,1.3531,2.0856,4.154,5.4784,10.5476,8.263
E0037,2026-03-26T00:00:00Z,2.513,1.0272,3.9652,6.6503,12.6294,9.684
E0038,2026-03-26T00:00:00Z,2.9982,2.317,1.6626,4.5165,10.259,9.1208
E0039,2026-03-26T00:00:00Z,2.7928,0.7754,2.1717,6.3215,9.825,10.1047
E0040,2026-03-26T00:00:00Z,3.3691,-0.7967,3.2024,5.126,11.4967,8.4189
E0041,2026-03-26T00:00:00Z,2.8581,-1.2142,5.6615,4.6109,10.6811,11.381
E0042,2026-03-26T00:00:00Z,2.9816,2.891,4.3154,6.0834,10.2411,8.7525
E0043,2026-03-26T00:00:00Z,2.4543,3.6658,2.8502,5.8293,11.2157,10.6342
E0044,2026-03-26T00:00:00Z,2.4036,1.5003,1.282,5.5312,10.8809,8.1826
E0045,2026-03-26T00:00:00Z,2.7637,-1.483,1.9637,5.4855,11.5818,9.7481
E0046,2026-03-26T00:00:00Z,2.966,-0.0408,3.3762,5.364,10.9359,7.5647
E0047,2026-03-26T00:00:00Z,2.8806,-0.1752,2.8405,5.4148,11.5839,7.1199
E0048,2026-03-26T00:00:00Z,3.4034,0.0082,3.3342,6.2752,11.4737,9.0945
E0049,2026-03-26T00:00:00Z,2.6646,-0.9402,6.4104,6.9074,12.2243,10.3597
E0050,2026-03-26T00:00:00Z,3.2008,1.6259,1.6053,5.9984,13.1202,9.7252
E0051,2026-03-26T00:00:00Z,3.7826,4.4146,1.7806,5.3553,11.9143,12.2415
E0052,2026-03-26T00:00:00Z,2.3799,2.5466,5.3117,5.6943,11.9205,8.1205
E0053,2026-03-26T00:00:00Z,2.7068,-0.3095,2.1598,5.473,11.4155,9.3034
E0054,2026-03-26T00:00:00Z,2.248,-0.2411,5.4718,5.0682,10.1518,8.7788
E0055,2026-03-26T00:00:00Z,2.5769,-0.1267,5.3702,5.0385,11.7931,10.8173
E0056,2026-03-26T00:00:00Z,2.6209,0.9872,4.7963,5.1608,10.0528,8.4315
E0057,2026-03-26T00:00:00Z,2.9637,-0.3162,5.3264,6.0083,11.1039,11.1685
E0058,2026-03-26T00:00:00Z,1.906,2.2249,4.5548,6.2806,10.755,10.2201
E0059,2026-03-26T00:00:00Z,2.892,0.5961,4.8394,5.3676,12.2843,10.7488
E0060,2026-03-26T00:00:00Z,3.9017,2.4483,3.4988,5.6651,10.2654,7.4965
E0061,2026-03-26T00:00:00Z,2.4473,1.7214,3.5771,5.5448,10.2511,9.7904
E0062,2026-03-26T00:00:00Z,3.3323,2.149,3.7641,6.3586,11.7402,9.4986
E0063,2026-03-26T00:00:00Z,2.3214,-0.1241,2.358,5.6827,12.6256,8.7652
E0064,2026-03-26T00:00:00Z,2.298,1.5609,3.9639,4.982,10.6682,8.3933
E0065,2026-03-26T00:00:00Z,3.7433,0.8119,1.1352,6.014,10.2057,10.1449
E0066,2026-03-26T00:00:00Z,2.7544,2.8775,3.6785,5.6336,12.407,7.9491
E0067,2026-03-26T00:00:00Z,3.6385,1.5521,4.1482,5.5121,10.16,9.158
E0068,2026-03-26T00:00:00Z,2.6644,0.6618,4.7498,5.2916,11.1503,8.7104
E0069,2026-03-26T00:00:00Z,3.1555,2.5168,4.4591,6.0083,10.671,8.7888
E0070,2026-03-26T00:00:00Z,2.9499,0.0563,2.9755,5.0294,9.5913,10.1578
E0071,2026-03-26T00:00:00Z,2.6493,2.3822,4.4196,5.6063,12.2535,11.9464
E0072,2026-03-26T00:00:00Z,2.2954,1.7764,6.6038,5.8212,11.6646,9.5978
E0073,2026-03-26T00:00:00Z,3.8917,0.158,2.0564,5.3735,12.0979,11.4802
E0074,2026-03-26T00:00:00Z,2.3784,-1.4806,1.9191,5.1785,10.8506,10.9415
E0075,2026-03-26T00:00:00Z,2.8696,2.944,4.7247,5.7808,12.1061,11.0704
E0076,2026-03-26T00:00:00Z,2.1203,1.9018,5.8584,5.6083,9.579,8.3168
E0077,2026-03-26T00:00:00Z,3.2589,0.5124,3.3238,6.0101,12.3814,8.5725
E0078,2026-03-26T00:00:00Z,2.857,0.6523,3.2259,6.0369,12.22,9.6936
E0079,2026-03-26T00:00:00Z,2.1217,3.1653,3.2625,5.9558,12.2843,10.3828
E0080,2026-03-26T00:00:00Z,3.2292,-0.0568,2.1305,5.9856,12.6646,10.0733
E0081,2026-03-26T00:00:00Z,4.203,0.1651,4.4667,5.0064,10.9849,8.6333
E0082,2026-03-26T00:00:00Z,3.6062,-0.2086,2.2194,4.929,10.1947,12.3241
E0083,2026-03-26T00:00:00Z,2.338,1.5821,3.5891,4.5544,10.5921,9.7198
E0084,2026-03-26T00:00:00Z,4.0689,-1.7053,4.1869,5.7328,11.7722,7.9464
E0085,2026-03-26T00:00:00Z,1.9869,-3.2295,3.631,5.6945,9.8969,8.8535
E0086,2026-03-26T00:00:00Z,2.5297,2.0638,6.2524,6.2504,12.2316,8.0727
E0087,2026-03-26T00:00:00Z,2.7732,1.0571,3.6885,6.2166,11.7399,9.0404
E0088,2026-03-26T00:00:00Z,3.2079,0.9396,-0.3327,5.943,9.6826,10.5943
E0089,2026-03-26T00:00:00Z,3.4622,1.4672,4.9578,6.966,8.8221,9.5907
E0090,2026-03-26T00:00:00Z,2.2968,2.4602,3.1918,5.9275,10.8308,8.8359
E0091,2026-03-26T00:00:00Z,2.0069,0.7012,2.9106,5.5579,11.2122,9.1679
E0092,2026-03-26T00:00:00Z,3.5059,0.9741,4.1563,5.0019,12.7674,9.7051
E0093,2026-03-26T00:00:00Z,2.7489,2.1284,5.1867,5.1355,9.3425,9.1259
E0094,2026-03-26T00:00:00Z,2.2561,3.223,3.4216,4.9453,12.9077,10.7546
E0095,2026-03-26T00:00:00Z,3.5728,-0.5108,5.2766,5.8048,11.1367,9.0357
E0096,2026-03-26T00:00:00Z,1.5778,-0.2158,2.9623,5.7471,11.388,8.3148
E0097,2026-03-26T00:00:00Z,3.4985,1.6356,5.4168,5.996,8.1318,9.0231
E0098,2026-03-26T00:00:00Z,2.9442,-0.1092,4.3704,5.1864,11.9602,11.2109
E0099,2026-03-26T00:00:00Z,4.6428,1.3856,3.4023,5.6692,13.8849,9.8976
E0100,2026-03-26T00:00:00Z,2.3557,1.3879,4.0141,5.4495,10.3977,10.9762
E0101,2026-03-26T00:00:00Z,2.1227,0.4651,2.7911,6.2291,11.1888,9.3084
E0102,2026-03-26T00:00:00Z,4.0547,0.7869,3.727,6.123,12.8638,8.166
E0103,2026-03-26T00:00:00Z,2.3709,0.8879,1.4379,5.1157,11.3878,10.7757
E0104,2026-03-26T00:00:00Z,2.5688,-1.4694,4.648,4.8959,11.0492,8.5439
E0105,2026-03-26T00:00:00Z,3.0194,0.3292,4.1919,4.1082,11.5996,7.8035
E0106,2026-03-26T00:00:00Z,2.6458,1.5836,4.7824,5.8897,10.0392,9.5239
E0107,2026-03-26T00:00:00Z,3.722,3.1061,7.536,6.3361,11.9812,10.6041
E0108,2026-03-26T00:00:00Z,2.8489,-1.1732,3.4527,5.236,11.7923,9.9558
E0109,2026-03-26T00:00:00Z,3.063,-0.8391,2.6993,4.9379,9.8279,9.5054
E0110,2026-03-26T00:00:00Z,3.4643,0.8258,5.2498,4.5611,10.5933,9.6384
E0111,2026-03-26T00:00:00Z,3.502,0.826,4.3027,5.7162,11.3028,8.4564
E0112,2026-03-26T00:00:00Z,2.2482,-1.2883,3.5785,5.603,12.0837,10.1289
E0113,2026-03-26T00:00:00Z,3.0786,-1.7436,4.4628,5.5073,11.686,9.1408
E0114,2026-03-26T00:00:00Z,2.6516,0.7959,3.0758,6.2019,10.2476,11.5358
E0115,2026-03-26T00:00:00Z,2.6565,1.7185,2.1518,4.8649,11.2758,9.597
E0116,2026-03-26T00:00:00Z,2.3037,0.2581,1.5904,4.9609,10.0692,9.8534
E0117,2026-03-26T00:00:00Z,4.0406,-1.067,6.1301,4.9366,10.8454,8.1851
E0118,2026-03-26T00:00:00Z,2.5458,-2.051,1.9415,5.2568,11.1969,9.8604
E0119,2026-03-26T00:00:00Z,1.8347,2.0947,4.8457,4.6997,11.4288,8.4759
E0120,2026-03-26T00:00:00Z,4.0172,1.5919,5.2129,4.9542,11.802,9.2275
E0121,2026-03-26T00:00:00Z,4.122,1.2245,2.062,6.8545,13.166,9.7806
E0122,2026-03-26T00:00:00Z,2.8889,-0.1673,2.2299,5.0064,11.5961,9.8555
E0123,2026-03-26T00:00:00Z,3.2363,-0.4179,3.5248,5.2149,9.8616,7.8914
E0124,2026-03-26T00:00:00Z,2.5051,2.7238,4.8211,6.6297,11.7899,10.3262
E0125,2026-03-26T00:00:00Z,2.2657,1.3276,3.8801,5.6749,11.4831,10.1652
E0126,2026-03-26T00:00:00Z,3.2523,-0.7478,2.8573,5.953,10.3717,9.7354
E0127,2026-03-26T00:00:00Z,3.6659,1.1743,2.7792,6.2074,11.1301,10.9499
E0128,2026-03-26T00:00:00Z,2.4185,1.1027,4.2556,4.764,10.5756,8.8431
E0129,2026-03-26T00:00:00Z,2.8987,-0.1079,4.4966,5.8069,9.5702,10.6566
E0130,2026-03-26T00:00:00Z,3.0766,-0.352,7.6998,5.8337,11.1805,9.7709
E0131,2026-03-26T00:00:00Z,3.4484,2.4315,4.8599,4.42,10.7013,7.8344
E0132,2026-03-26T00:00:00Z,3.4284,-0.397,2.6102,5.2776,12.1556,9.2088
E0133,2026-03-26T00:00:00Z,2.7155,0.2944,1.9828,6.021,12.4343,9.1246
E0134,2026-03-26T00:00:00Z,2.611,1.2403,4.1888,5.1896,13.3924,8.9852
E0135,2026-03-26T00:00:00Z,3.2426,4.2258,2.4181,4.3904,11.5595,8.0248
E0136,2026-03-26T00:00:00Z,3.069,1.083,2.7662,6.0591,12.1651,9.4346
E0137,2026-03-26T00:00:00Z,2.9995,-0.8802,4.2149,5.2251,11.4857,11.746
E0138,2026-03-26T00:00:00Z,3.1987,0.0895,2.6845,5.6353,12.0624,8.771
E0139,2026-03-26T00:00:00Z,2.4085,0.1782,4.3102,4.7291,10.7475,10.4901
E0140,2026-03-26T00:00:00Z,3.165,1.2568,3.141,5.7246,11.2478,10.6885
E0141,2026-03-26T00:00:00Z,3.546,-0.1697,2.9164,6.0239,10.1304,9.9627
E0142,2026-03-26T00:00:00Z,3.6946,-0.3017,3.6596,5.2943,9.5304,9.0249
E0143,2026-03-26T00:00:00Z,3.2582,1.7764,4.9425,6.203,10.9167,9.6851
E0144,2026-03-26T00:00:00Z,2.9536,-0.9746,5.93,5.9761,10.8366,9.3616
E0145,2026-03-26T00:00:00Z,2.773,0.7507,4.2884,5.6465,10.8751,9.783
E0146,2026-03-26T00:00:00Z,3.0339,1.1429,4.3523,5.8522,10.285,8.6259
E0147,2026-03-26T00:00:00Z,2.442,0.9037,2.9689,5.8297,10.8692,8.8048
E0148,2026-03-26T00:00:00Z,3.4986,1.1169,4.8551,5.2791,10.6937,9.9413
E0149,2026-03-26T00:00:00Z,3.3475,2.684,2.3048,5.6908,11.3301,8.2817
E0000,2026-03-27T00:00:00Z,2.1667,3.4213,1.3335,6.5173,10.1606,8.9357
E0001,2026-03-27T00:00:00Z,2.9843,2.1369,2.9726,5.8368,10.8013,9.8748
E0002,2026-03-27T00:00:00Z,2.0447,-0.8305,4.68,5.9482,10.5367,10.074
E0003,2026-03-27T00:00:00Z,3.5835,1.13,5.8651,5.0493,11.0153,10.3436
E0004,2026-03-27T00:00:00Z,3.6078,0.403,2.1398,5.119,9.6649,9.7462
E0005,2026-03-27T00:00:00Z,3.2507,0.0243,3.7265,6.107,12.2292,9.271
E0006,2026-03-27T00:00:00Z,1.8778,0.2932,3.0006,5.5116,11.0358,8.5296
E0007,2026-03-27T00:00:00Z,3.3076,-0.2824,3.8767,4.6804,10.0142,8.692
E0008,2026-03-27T00:00:00Z,3.1562,-2.1863,5.1395,5.8339,8.7542,9.5791
E0009,2026-03-27T00:00:00Z,4.1898,0.2646,6.2781,5.7308,12.0744,8.9028
E0010,2026-03-27T00:00:00Z,3.7203,0.5995,3.4628,5.1168,12.1908,9.1071
E0011,2026-03-27T00:00:00Z,2.2076,3.2136,2.0568,5.6576,12.4701,8.7548
E0012,2026-03-27T00:00:00Z,1.5175,0.7137,3.1935,6.4465,10.9717,9.222
E0013,2026-03-27T00:00:00Z,1.8624,-2.6315,2.1004,4.8741,12.689,9.1591
E0014,2026-03-27T00:00:00Z,2.9676,1.7863,5.1524,5.3958,11.5899,6.5754
E0015,2026-03-27T00:00:00Z,3.213,1.0209,3.3254,5.1991,11.5027,10.9038
E0016,2026-03-27T00:00:00Z,3.1704,-0.2054,6.4082,3.9237,8.9557,9.0773
E0017,2026-03-27T00:00:00Z,2.0822,0.6239,4.0565,6.0522,10.3554,8.2983
E0018,2026-03-27T00:00:00Z,4.2191,4.4105,4.4707,4.3922,11.6264,9.2974
E0019,2026-03-27T00:00:00Z,3.3682,1.5242,3.083,5.1922,10.6503,10.5509
E0020,2026-03-27T00:00:00Z,3.8219,1.2517,2.6638,5.2506,11.8052,8.064
E0021,2026-03-27T00:00:00Z,3.2947,1.173,4.1115,5.8183,11.996,9.4477
E0022,2026-03-27T00:00:00Z,2.4157,1.407,3.2331,6.2475,12.6622,10.1175
E0023,2026-03-27T00:00:00Z,2.5938,-0.0975,3.6228,5.8129,13.3532,9.4014
E0024,2026-03-27T00:00:00Z,3.3496,0.2225,4.6131,4.8588,9.0026,10.7679
E0025,2026-03-27T00:00:00Z,3.7712,2.207,4.2645,3.6028,10.9913,9.7092
E0026,2026-03-27T00:00:00Z,3.3653,1.897,3.3863,5.4916,10.1407,7.9916
E0027,2026-03-27T00:00:00Z,1.9171,1.6168,3.364,6.757,12.2396,10.3072
E0028,2026-03-27T00:00:00Z,4.0671,-0.714,5.256,5.5087,11.0485,9.1725
E0029,2026-03-27T00:00:00Z,2.0916,-0.7832,3.0157,6.2037,9.8174,9.6989
E0030,2026-03-27T00:00:00Z,2.818,2.3179,5.4562,4.8067,11.9581,7.1152
E0031,2026-03-27T00:00:00Z,2.3712,1.7998,4.9762,5.3929,9.0725,9.1171
E0032,2026-03-27T00:00:00Z,2.9818,0.9031,1.9248,5.4066,9.7735,10.1749
E0033,2026-03-27T00:00:00Z,3.4218,-1.764,3.3229,5.8734,11.8329,9.6864
E0034,2026-03-27T00:00:00Z,3.7927,1.7034,3.0953,6.2934,11.9431,10.522
E0035,2026-03-27T00:00:00Z,3.257,1.0893,1.6743,5.6174,10.8209,7.8946
E0036,2026-03-27T00:00:00Z,2.7636,-0.3916,2.5653,5.7317,14.1108,9.5675
E0037,2026-03-27T00:00:00Z,2.6097,-1.0729,3.4291,5.1855,9.9768,9.0636
E0038,2026-03-27T00:00:00Z,3.9816,0.4738,1.1318,6.5749,10.3939,9.8457
E0039,2026-03-27T00:00:00Z,2.6787,0.0172,3.6354,6.6595,10.883,10.7641
E0040,2026-03-27T00:00:00Z,2.7176,1.6555,3.54,4.5718,11.7286,10.3603
E0041,2026-03-27T00:00:00Z,3.5452,2.3482,2.328,6.6289,11.5977,8.348
E0042,2026-03-27T00:00:00Z,2.97,1.4187,4.3272,6.7057,13.3164,10.6194
E0043,2026-03-27T00:00:00Z,2.6999,2.0341,2.5904,5.9599,10.7846,10.5005
E0044,2026-03-27T00:00:00Z,2.7979,2.1284,4.9808,5.8623,11.874,9.1994
E0045,2026-03-27T00:00:00Z,3.3507,0.0534,2.3924,6.6127,10.2326,8.0023
E0046,2026-03-27T00:00:00Z,3.3961,0.7663,5.0678,5.6628,11.6001,10.206
E0047,2026-03-27T00:00:00Z,2.6071,-0.2379,4.9909,5.65,10.2479,8.6091
E0048,2026-03-27T00:00:00Z,3.6531,1.2784,4.9615,5.5513,10.0799,8.3514
E0049,2026-03-27T00:00:00Z,3.1349,2.7731,5.7316,6.0817,11.0981,8.6723
E0050,2026-03-27T00:00:00Z,3.0585,0.7779,1.9178,5.2891,9.4144,8.3607
E0051,2026-03-27T00:00:00Z,2.9711,1.1471,2.5424,6.3667,11.4464,7.9304
E0052,2026-03-27T00:00:00Z,1.8537,1.0025,1.2851,5.9683,10.7134,9.0126
E0053,2026-03-27T00:00:00Z,2.3365,-0.5914,4.1764,6.3912,10.5922,10.3106
E0054,2026-03-27T00:00:00Z,4.1118,0.5262,4.9904,6.1985,12.7708,8.982
E0055,2026-03-27T00:00:00Z,2.1564,0.2928,3.5465,4.9682,13.3884,7.8178
E0056,2026-03-27T00:00:00Z,3.1574,2.2579,3.2784,6.5704,11.119,7.3816
E0057,2026-03-27T00:00:00Z,2.9125,-0.1939,3.4462,5.061,12.4292,9.7721
E0058,2026-03-27T00:00:00Z,4.0932,1.2123,4.7223,6.7013,10.1778,9.9728
E0059,2026-03-27T00:00:00Z,2.9593,2.9944,4.9775,6.1075,10.3219,10.1994
E0060,2026-03-27T00:00:00Z,3.5114,-0.0127,3.9586,4.9125,10.4209,10.9441
E0061,2026-03-27T00:00:00Z,1.9897,0.6208,2.5829,5.8906,10.7806,11.0016
E0062,2026-03-27T00:00:00Z,3.9116,0.4785,4.1152,5.1384,11.3694,9.9536
E0063,2026-03-27T00:00:00Z,3.9673,-1.4716,4.9879,5.9065,11.3068,10.6647
E0064,2026-03-27T00:00:00Z,3.5593,-1.4875,1.777,6.1347,11.8694,10.8661
E0065,2026-03-27T00:00:00Z,2.5229,-1.4148,3.2307,5.7578,12.0974,8.6929
E0066,2026-03-27T00:00:00Z,3.4695,1.2662,1.3321,6.2253,10.2438,11.016
E0067,2026-03-27T00:00:00Z,2.6468,1.867,5.3898,5.7684,9.3142,10.1339
E0068,2026-03-27T00:00:00Z,3.8662,0.6774,3.7695,4.2762,13.1811,9.91
E0069,2026-03-27T00:00:00Z,2.0637,-2.124,4.042,4.9414,12.0226,9.0243
E0070,2026-03-27T00:00:00Z,2.582,-0.0588,3.5772,4.6569,12.406,7.5377
E0071,2026-03-27T00:00:00Z,2.5324,-0.1294,3.0043,5.2814,11.9297,9.1956
E0072,2026-03-27T00:00:00Z,3.1501,1.1343,5.1375,5.4746,10.7476,8.3841
E0073,2026-03-27T00:00:00Z,3.1621,0.221,4.1384,5.8621,9.5387,8.4911
E0074,2026-03-27T00:00:00Z,1.7502,-1.1593,7.0825,5.0968,10.6054,8.8125
E0075,2026-03-27T00:00:00Z,3.0814,0.614,3.224,6.4368,11.773,8.7514
E0076,2026-03-27T00:00:00Z,2.9136,0.788,4.9362,5.8507,11.5448,9.8548
E0077,2026-03-27T00:00:00Z,2.6323,1.2799,4.3411,5.1949,10.1467,9.3593
E0078,2026-03-27T00:00:00Z,2.7566,1.48,6.6422,5.6773,9.1926,9.8822
E0079,2026-03-27T00:00:00Z,2.3065,1.0587,5.7533,6.004,11.6721,9.0739
E0080,2026-03-27T00:00:00Z,3.5097,3.7007,5.8154,5.8489,12.424,8.8538
E0081,2026-03-27T00:00:00Z,2.4485,2.0638,6.4843,5.6987,11.5927,9.6739
E0082,2026-03-27T00:00:00Z,3.8079,4.2959,3.5678,5.5541,11.9891,9.5864
E0083,2026-03-27T00:00:00Z,2.2077,1.8245,6.2997,5.3641,11.4672,7.0848
E0084,2026-03-27T00:00:00Z,2.6713,1.2358,3.1288,4.7393,11.6381,8.7766
E0085,2026-03-27T00:00:00Z,3.1444,-1.0761,2.6566,5.5231,11.5366,8.2684
E0086,2026-03-27T00:00:00Z,3.5158,-0.4214,1.7585,5.5075,11.3738,8.2826
E0087,2026-03-27T00:00:00Z,2.8789,3.7404,3.3599,5.118,11.0669,10.977
E0088,2026-03-27T00:00:00Z,3.4255,1.2156,3.4321,5.753,10.6995,9.6883
E0089,2026-03-27T00:00:00Z,3.9227,-0.5228,3.0463,5.0704,12.1732,9.1966
E0090,2026-03-27T00:00:00Z,3.2815,-0.2183,3.4828,5.4439,13.421,8.9077
E0091,2026-03-27T00:00:00Z,2.3408,0.3378,3.6337,4.8903,11.8747,9.648
E0092,2026-03-27T00:00:00Z,2.697,0.9358,3.9697,5.7152,10.4522,8.967
E0093,2026-03-27T00:00:00Z,3.1381,3.4901,4.365,5.7988,12.3008,12.0219
E0094,2026-03-27T00:00:00Z,2.6702,2.4203,3.3499,6.2281,10.4261,7.0499
E0095,2026-03-27T00:00:00Z,2.8143,2.4371,3.2491,6.4131,11.4659,10.11
E0096,2026-03-27T00:00:00Z,2.3106,2.5802,2.6513,5.6987,12.1484,8.1644
E0097,2026-03-27T00:00:00Z,4.3768,1.2693,5.337,5.0563,13.853,10.2812
E0098,2026-03-27T00:00:00Z,1.3973,4.5771,3.613,6.1227,9.8294,10.7839
E0099,2026-03-27T00:00:00Z,1.9,2.5746,4.6218,5.8672,9.8725,9.7076
E0100,2026-03-27T00:00:00Z,3.0124,3.4288,3.4105,5.4057,12.1108,9.7796
E0101,2026-03-27T00:00:00Z,2.4118,0.3585,1.8002,6.0062,12.6445,9.0879
E0102,2026-03-27T00:00:00Z,2.9285,-0.4523,3.9666,4.7247,9.9191,9.0964
E0103,2026-03-27T00:00:00Z,2.1189,0.4036,4.4844,6.8501,11.0212,10.1954
E0104,2026-03-27T00:00:00Z,3.0466,-1.5867,7.5251,5.3471,11.0893,10.3651
E0105,2026-03-27T00:00:00Z,2.8046,3.9081,2.381,6.0776,9.6234,9.6535
E0106,2026-03-27T00:00:00Z,2.1705,2.0971,0.2862,5.2872,10.673,10.9151
E0107,2026-03-27T00:00:00Z,2.0889,0.2493,4.5428,5.11,14.0472,9.1802
E0108,2026-03-27T00:00:00Z,2.4574,2.1752,1.5715,5.3756,11.4905,10.2023
E0109,2026-03-27T00:00:00Z,2.7962,1.7294,6.4573,6.3646,11.0479,10.9156
E0110,2026-03-27T00:00:00Z,4.4015,-0.9087,3.7446,5.1443,10.7331,7.524
E0111,2026-03-27T00:00:00Z,2.3722,0.9083,5.1785,5.2776,12.5593,8.8712
E0112,2026-03-27T00:00:00Z,2.8525,2.0844,4.1298,4.9046,9.5593,9.6403
E0113,2026-03-27T00:00:00Z,2.7578,1.859,5.2317,5.0472,11.2908,10.0177
E0114,2026-03-27T00:00:00Z,3.2889,2.3051,2.2015,5.4033,11.6092,9.2336
E0115,2026-03-27T00:00:00Z,3.0493,0.1868,6.5088,5.0934,11.4107,8.1324
E0116,2026-03-27T00:00:00Z,3.7465,0.5282,2.4211,4.9268,11.5919,8.0879
E0117,2026-03-27T00:00:00Z,2.5106,-0.2052,2.572,6.2013,12.4846,9.8315
E0118,2026-03-27T00:00:00Z,2.6181,2.2497,2.6976,5.3264,10.6277,10.1816
E0119,2026-03-27T00:00:00Z,2.3805,1.868,3.1459,4.4676,11.4465,10.109
E0120,2026-03-27T00:00:00Z,0.9464,1.4581,4.5458,4.5811,11.1128,9.936
E0121,2026-03-27T00:00:00Z,2.3262,1.8262,2.9987,5.3411,12.336,8.1061
E0122,2026-03-27T00:00:00Z,2.1313,1.8321,3.0102,4.9991,11.5507,9.434
E0123,2026-03-27T00:00:00Z,3.4265,-0.1017,2.6361,5.7778,12.398,9.0218
E0124,2026-03-27T00:00:00Z,3.2371,-0.0045,1.9488,5.6263,12.0815,9.4224
E0125,2026-03-27T00:00:00Z,3.1881,1.0878,4.8498,4.6216,12.1316,10.6992
E0126,2026-03-27T00:00:00Z,2.9113,2.4446,3.2229,5.8391,10.9616,11.1452
E0127,2026-03-27T00:00:00Z,1.4854,3.0321,3.1281,5.1004,12.9917,10.4361
E0128,2026-03-27T00:00:00Z,3.0045,2.0939,3.7895,4.6362,11.2975,9.9607
E0129,2026-03-27T00:00:00Z,2.2491,1.0717,2.7777,4.7946,11.6608,8.2154
E0130,2026-03-27T00:00:00Z,2.0647,1.5812,2.1376,5.5234,11.5228,10.8915
E0131,2026-03-27T00:00:00Z,3.8219,1.0353,2.1393,5.779,12.0648,8.6419
E0132,2026-03-27T00:00:00Z,3.0354,1.5215,5.1131,4.9039,9.91,10.32
E0133,2026-03-27T00:00:00Z,4.6738,2.1194,3.6483,6.6452,13.1448,7.5541
E0134,2026-03-27T00:00:00Z,2.6704,3.0319,3.565,5.0911,10.323,8.8424
E0135,2026-03-27T00:00:00Z,3.3038,0.5826,4.1704,6.3128,11.7749,10.2696
E0136,2026-03-27T00:00:00Z,3.7122,0.6296,4.0165,5.7246,11.6666,10.6348
E0137,2026-03-27T00:00:00Z,2.1448,1.4632,4.0369,5.4643,10.6822,9.1629
E0138,2026-03-27T00:00:00Z,2.4557,4.0773,4.831,5.1229,11.9026,10.355
E0139,2026-03-27T00:00:00Z,4.1662,-1.451,3.0634,4.7907,11.0713,9.8908
E0140,2026-03-27T00:00:00Z,4.2286,0.5007,3.7301,5.2422,11.5048,10.188
E0141,2026-03-27T00:00:00Z,2.0429,-1.0595,2.8324,6.04,12.0471,9.4956
E0142,2026-03-27T00:00:00Z,3.0467,0.8393,6.0853,5.966,11.7482,8.9572
E0143,2026-03-27T00:00:00Z,3.1924,0.2411,2.9895,5.3716,10.8734,9.8244
E0144,2026-03-27T00:00:00Z,3.3827,2.4544,6.4161,5.2938,10.6789,8.5199
E0145,2026-03-27T00:00:00Z,2.9881,1.3725,3.477,5.1186,12.526,10.4573
E0146,2026-03-27T00:00:00Z,1.495,-0.7807,3.6345,5.5489,11.4112,10.28
E0147,2026-03-27T00:00:00Z,3.0576,2.1194,1.3615,4.8365,12.5436,7.5995
E0148,2026-03-27T00:00:00Z,2.266,-1.1326,3.1779,5.2019,11.6799,11.0071
E0149,2026-03-27T00:00:00Z,1.7921,3.3601,4.2266,5.5585,12.3858,8.1391
E0000,2026-03-28T00:00:00Z,3.617,0.4051,2.7426,6.1272,11.6217,10.3
E0001,2026-03-28T00:00:00Z,3.0323,0.639,4.2306,5.8813,8.7771,9.8186
E0002,2026-03-28T00:00:00Z,3.6408,0.5545,4.7227,5.0065,12.1987,8.6731
E0003,2026-03-28T00:00:00Z,3.0696,-0.2449,6.5321,4.5958,12.0245,9.0201
E0004,2026-03-28T00:00:00Z,3.2858,-0.2837,1.3586,5.0657,10.3933,9.2178
E0005,2026-03-28T00:00:00Z,2.2113,-0.7377,4.0757,6.2409,10.6167,9.8772
E0006,2026-03-28T00:00:00Z,3.6401,2.6508,1.8269,6.4118,10.0126,7.7947
E0007,2026-03-28T00:00:00Z,2.5093,1.5055,1.9788,5.2716,10.6783,9.2676
E0008,2026-03-28T00:00:00Z,3.1942,-0.4126,4.5721,5.7554,11.6304,9.6818
E0009,2026-03-28T00:00:00Z,3.0155,4.1598,2.1509,6.0289,8.9611,8.9558
E0010,2026-03-28T00:00:00Z,2.2074,0.5143,2.1536,5.4452,9.4153,8.5471
E0011,2026-03-28T00:00:00Z,2.9933,3.4701,2.6279,4.5266,9.5242,8.7572
E0012,2026-03-28T00:00:00Z,3.8377,-0.8084,4.5142,5.7912,11.0445,7.545
E0013,2026-03-28T00:00:00Z,2.4082,-0.1051,2.0775,6.2997,11.8561,9.3648
E0014,2026-03-28T00:00:00Z,3.6133,-0.097,4.3109,5.3043,12.3533,10.684
E0015,2026-03-28T00:00:00Z,1.1467,-0.3004,3.1307,4.5555,12.2567,9.4773
E0016,2026-03-28T00:00:00Z,3.4835,4.6198,3.5977,5.5035,10.2485,8.5157
E0017,2026-03-28T00:00:00Z,2.6384,2.023,1.6959,6.0574,11.9988,7.8105
E0018,2026-03-28T00:00:00Z,2.1798,2.7424,1.2916,5.6638,10.4,10.3471
E0019,2026-03-28T00:00:00Z,2.8401,-1.0458,2.976,5.5675,10.6142,10.6225
E0020,2026-03-28T00:00:00Z,3.4283,0.6966,3.6887,5.1344,11.4722,9.0643
E0021,2026-03-28T00:00:00Z,2.7671,-0.2208,4.9813,5.7237,10.8118,9.0621
E0022,2026-03-28T00:00:00Z,3.2722,-0.065,5.0669,6.0597,11.4375,10.1812
E0023,2026-03-28T00:00:00Z,3.345,3.8401,4.6045,5.4253,10.7823,10.4616
E0024,2026-03-28T00:00:00Z,2.2316,0.1834,5.2268,5.5311,9.9595,8.3534
E0025,2026-03-28T00:00:00Z,3.0253,0.0038,2.2691,6.3943,11.778,9.0002
E0026,2026-03-28T00:00:00Z,2.5287,1.1729,4.0976,6.4798,12.2899,8.8962
E0027,2026-03-28T00:00:00Z,3.6501,0.9327,1.6599,5.6984,13.0872,8.2425
E0028,2026-03-28T00:00:00Z,3.5101,1.4366,3.8684,4.0808,12.348,8.6176
E0029,2026-03-28T00:00:00Z,3.1632,-0.7947,3.438,6.4555,11.9757,8.3056
E0030,2026-03-28T00:00:00Z,2.3668,1.2724,5.9828,5.0032,11.2354,8.5674
E0031,2026-03-28T00:00:00Z,2.5439,-0.241,3.8014,6.1565,10.9053,12.2712
E0032,2026-03-28T00:00:00Z,2.3396,0.4664,4.0439,6.8421,10.809,7.9036
E0033,2026-03-28T00:00:00Z,1.586,0.7862,4.7494,5.0466,10.9439,9.7412
E0034,2026-03-28T00:00:00Z,3.259,-0.6014,4.6771,4.748,11.6419,10.1473
E0035,2026-03-28T00:00:00Z,2.5945,2.4805,1.6965,5.2274,12.1086,8.9393
E0036,2026-03-28T00:00:00Z,2.8151,3.2204,3.9353,6.0365,11.8492,8.7168
E0037,2026-03-28T00:00:00Z,3.4588,1.5827,2.9355,5.2283,11.3112,9.7781
E0038,2026-03-28T00:00:00Z,2.2047,1.4407,3.6903,5.3208,10.5934,8.038
E0039,2026-03-28T00:00:00Z,2.6035,0.8936,3.3337,4.542,10.6321,8.5958
E0040,2026-03-28T00:00:00Z,3.2366,1.1212,3.6466,5.6109,11.1657,8.6059
E0041,2026-03-28T00:00:00Z,3.5223,-2.6206,2.5513,4.8977,12.7668,10.191
E0042,2026-03-28T00:00:00Z,2.7885,2.3646,3.707,5.8515,11.9558,10.8856
E0043,2026-03-28T00:00:00Z,2.889,2.2316,5.1703,5.3326,11.7163,10.2535
E0044,2026-03-28T00:00:00Z,3.803,-0.6972,1.9345,4.6157,11.2151,10.8216
E0045,2026-03-28T00:00:00Z,3.1552,2.1781,4.1216,4.926,11.0641,9.6768
E0046,2026-03-28T00:00:00Z,2.7721,-0.3464,6.4689,4.9422,11.3816,9.7022
E0047,2026-03-28T00:00:00Z,3.6831,0.4142,1.7644,5.6137,11.0186,10.0744
E0048,2026-03-28T00:00:00Z,3.13,4.2563,2.882,5.3423,11.3376,10.7295
E0049,2026-03-28T00:00:00Z,3.4492,-1.1976,2.8058,5.8293,10.3012,9.234
E0050,2026-03-28T00:00:00Z,2.9067,1.2418,2.8544,6.1239,9.4511,9.7774
E0051,2026-03-28T00:00:00Z,3.0855,1.2038,3.473,5.1266,10.3873,9.7831
E0052,2026-03-28T00:00:00Z,2.446,-0.9246,6.1641,4.6139,12.7281,8.9475
E0053,2026-03-28T00:00:00Z,2.7618,1.4064,3.3737,4.9539,11.0457,8.9875
E0054,2026-03-28T00:00:00Z,3.8153,1.369,2.8942,4.5958,11.3683,9.4939
E0055,2026-03-28T00:00:00Z,2.048,-2.1846,5.0715,5.9332,10.9992,8.9922
E0056,2026-03-28T00:00:00Z,3.1423,1.5448,2.5634,5.996,10.9866,10.4446
E0057,2026-03-28T00:00:00Z,3.028,0.54,4.8509,4.987,11.6323,7.6114
E0058,2026-03-28T00:00:00Z,3.5922,4.3706,3.9766,5.4068,10.3015,8.8843
E0059,2026-03-28T00:00:00Z,2.546,-0.4936,3.4343,6.1573,11.8864,11.067
E0060,2026-03-28T00:00:00Z,3.9823,0.4289,3.3933,6.0872,11.9076,9.5754
E0061,2026-03-28T00:00:00Z,2.7628,2.5007,4.4894,5.2894,9.5793,9.9865
E0062,2026-03-28T00:00:00Z,3.3345,-0.1281,5.0321,4.7661,10.7577,10.2869
E0063,2026-03-28T00:00:00Z,4.0431,0.1119,3.369,5.1379,9.6065,9.824
E0064,2026-03-28T00:00:00Z,3.0695,1.7595,4.1642,4.9888,12.0429,8.6596
E0065,2026-03-28T00:00:00Z,2.6922,2.8086,5.8235,5.5406,10.8568,8.825
E0066,2026-03-28T00:00:00Z,4.0901,1.8992,4.1456,5.5751,12.8589,7.9078
E0067,2026-03-28T00:00:00Z,1.7096,0.6046,3.4608,6.4064,11.9729,9.1062
E0068,2026-03-28T00:00:00Z,2.0553,0.9911,2.2187,5.9666,11.0721,8.4657
E0069,2026-03-28T00:00:00Z,2.8804,-1.5257,5.8475,6.2519,10.9096,9.961
E0070,2026-03-28T00:00:00Z,2.0335,-0.7661,6.0965,4.9521,10.2957,10.181
E0071,2026-03-28T00:00:00Z,3.2545,0.3033,4.4259,4.1672,10.658,10.3412
E0072,2026-03-28T00:00:00Z,3.1602,1.0221,6.0135,4.5535,11.5863,7.4198
E0073,2026-03-28T00:00:00Z,1.5923,0.2596,3.5238,5.9756,12.8169,9.2184
E0074,2026-03-28T00:00:00Z,2.0595,0.9061,3.0745,6.0597,9.2976,9.8735
E0075,2026-03-28T00:00:00Z,2.9943,0.8401,4.451,6.2998,11.5219,8.1744
E0076,2026-03-28T00:00:00Z,3.4413,-1.3832,3.5066,5.7732,12.0928,8.7543
E0077,2026-03-28T00:00:00Z,2.4121,0.0962,2.8469,5.1672,10.6112,7.3005
E0078,2026-03-28T00:00:00Z,2.0752,1.6687,5.0743,5.1823,10.9191,8.6702
E0079,2026-03-28T00:00:00Z,4.2955,1.46,6.2974,5.0432,10.142,8.959
E0080,2026-03-28T00:00:00Z,3.1091,-0.6241,4.6134,5.9051,11.2541,10.0833
E0081,2026-03-28T00:00:00Z,3.5388,0.9303,2.8592,5.9672,11.0079,9.2187
E0082,2026-03-28T00:00:00Z,3.0577,2.1255,1.9127,5.9683,11.1111,10.1328
E0083,2026-03-28T00:00:00Z,1.84,2.1114,4.0791,5.9237,9.5457,9.8158
E0084,2026-03-28T00:00:00Z,3.2331,1.7091,2.509,5.0497,12.1477,10.2963
E0085,2026-03-28T00:00:00Z,3.1912,0.9043,2.8406,5.2374,12.3378,10.6828
E0086,2026-03-28T00:00:00Z,2.7889,2.6405,3.7238,5.9096,10.9283,10.8171
E0087,2026-03-28T00:00:00Z,3.6472,-0.5423,4.7839,4.8499,10.6428,9.1085
E0088,2026-03-28T00:00:00Z,3.0079,-1.5529,1.5852,4.3511,9.403,8.956
E0089,2026-03-28T00:00:00Z,2.5392,2.3604,4.6761,6.1658,10.0336,11.9342
E0090,2026-03-28T00:00:00Z,3.2954,1.5305,1.8184,5.7707,10.0467,7.951
E0091,2026-03-28T00:00:00Z,3.9465,-3.8837,1.2282,5.7515,10.8498,10.1555
E0092,2026-03-28T00:00:00Z,2.9779,1.2056,5.1979,5.6472,12.7633,10.0405
E0093,2026-03-28T00:00:00Z,3.1533,1.3668,5.4734,6.0595,10.8804,10.1533
E0094,2026-03-28T00:00:00Z,3.7382,-1.3424,5.3502,5.4955,10.7135,11.1031
E0095,2026-03-28T00:00:00Z,3.9349,1.4382,3.7318,4.8761,12.5363,11.5103
E0096,2026-03-28T00:00:00Z,3.4312,2.9178,2.4214,4.5061,11.5304,11.2929
E0097,2026-03-28T00:00:00Z,1.8483,-1.3555,3.6143,5.3737,11.3859,8.8945
E0098,2026-03-28T00:00:00Z,3.6524,0.8613,3.7648,5.134,11.4017,10.3489
E0099,2026-03-28T00:00:00Z,2.5228,1.0288,3.2843,6.0612,12.9179,8.5723
E0100,2026-03-28T00:00:00Z,3.27,-3.9861,3.5156,5.5188,12.4354,10.1447
E0101,2026-03-28T00:00:00Z,2.5178,-0.056,3.8053,5.6408,11.3544,9.478
E0102,2026-03-28T00:00:00Z,1.5551,1.5417,2.5615,6.214,12.4638,10.5784
E0103,2026-03-28T00:00:00Z,3.7285,-1.6672,6.3504,5.0523,12.9845,8.1102
E0104,2026-03-28T00:00:00Z,1.6585,0.1608,3.5069,6.0793,12.1038,10.3778
E0105,2026-03-28T00:00:00Z,2.6647,1.0392,4.7485,5.3454,11.0807,10.855
E0106,2026-03-28T00:00:00Z,3.475,-0.2689,5.3239,5.1952,12.0587,9.2
E0107,2026-03-28T00:00:00Z,2.4049,0.8926,2.4133,4.8155,10.1327,9.9065
E0108,2026-03-28T00:00:00Z,3.3648,-1.0592,3.7087,4.68,10.3839,10.3462
E0109,2026-03-28T00:00:00Z,3.262,1.2799,1.8656,5.2849,11.7663,10.5934
E0110,2026-03-28T00:00:00Z,3.2511,0.7206,3.6126,6.1489,12.6225,8.3544
E0111,2026-03-28T00:00:00Z,3.9303,-0.4394,4.9056,5.8924,12.1921,10.0241
E0112,2026-03-28T00:00:00Z,2.4121,0.7679,1.0054,5.9079,10.9853,7.5326
E0113,2026-03-28T00:00:00Z,2.9072,4.8496,6.2735,4.5218,10.4114,7.5838
E0114,2026-03-28T00:00:00Z,1.2691,3.1132,5.5661,6.2432,11.3259,7.6615
E0115,2026-03-28T00:00:00Z,1.6453,-0.3711,4.6598,5.7822,10.157,9.242
E0116,2026-03-28T00:00:00Z,3.5304,-1.2111,2.6318,5.7173,10.8196,9.148
E0117,2026-03-28T00:00:00Z,3.8479,1.4765,5.335,5.2327,11.7863,8.8219
E0118,2026-03-28T00:00:00Z,3.0417,2.4136,5.5787,5.1393,11.9941,9.4112
E0119,2026-03-28T00:00:00Z,3.9398,-0.1481,5.0574,6.0115,11.1145,10.2092
E0120,2026-03-28T00:00:00Z,2.5516,0.1783,0.6358,6.6085,10.0337,11.1408
E0121,2026-03-28T00:00:00Z,2.4789,-1.8277,2.8015,5.7392,12.4146,9.0769
E0122,2026-03-28T00:00:00Z,3.6401,3.3749,3.7919,5.4392,10.6682,8.382
E0123,2026-03-28T00:00:00Z,2.1153,0.4276,2.6328,5.2513,11.6588,8.5838
E0124,2026-03-28T00:00:00Z,3.645,-1.5467,2.1996,5.7102,9.8123,9.5656
E0125,2026-03-28T00:00:00Z,3.3584,1.2596,3.4238,5.286,11.7357,10.3838
E0126,2026-03-28T00:00:00Z,2.4517,-0.5224,3.1766,4.6045,10.4718,11.1202
E0127,2026-03-28T00:00:00Z,2.7372,2.5995,4.6754,5.028,10.5296,6.6889
E0128,2026-03-28T00:00:00Z,2.4971,1.4263,4.5176,5.6292,11.3541,10.0117
E0129,2026-03-28T00:00:00Z,4.0451,2.55,4.977,5.032,8.9458,8.8725
E0130,2026-03-28T00:00:00Z,3.4665,0.6958,4.9338,5.7458,12.123,8.7187
E0131,2026-03-28T00:00:00Z,2.3668,3.1018,4.0307,6.2982,11.7452,9.5469
E0132,2026-03-28T00:00:00Z,2.3869,0.7089,4.3489,6.3605,10.8208,9.2113
E0133,2026-03-28T00:00:00Z,2.4604,-0.0513,3.9572,4.9165,10.2514,10.3442
E0134,2026-03-28T00:00:00Z,2.1776,2.0071,2.1761,4.5525,11.9358,9.1418
E0135,2026-03-28T00:00:00Z,3.2744,0.2368,3.4637,5.5739,12.6813,10.849
E0136,2026-03-28T00:00:00Z,3.1609,-1.8814,2.1735,4.7466,11.5228,9.2389
E0137,2026-03-28T00:00:00Z,3.4759,0.5155,3.2948,5.3784,11.5009,10.7955
E0138,2026-03-28T00:00:00Z,2.4368,0.1174,3.1806,5.6426,9.5915,9.4353
E0139,2026-03-28T00:00:00Z,3.1463,3.5136,2.5442,6.0047,11.198,10.2929
E0140,2026-03-28T00:00:00Z,2.9232,2.8739,1.0036,5.4111,9.8585,9.9347
E0141,2026-03-28T00:00:00Z,1.5712,3.3675,5.471,5.7483,12.7787,8.6531
E0142,2026-03-28T00:00:00Z,3.921,0.6304,4.5537,5.8149,10.4708,8.6827
E0143,2026-03-28T00:00:00Z,2.2501,-0.4513,4.968,5.1683,9.5968,11.3973
E0144,2026-03-28T00:00:00Z,2.1761,-0.845,4.9619,5.9013,11.4405,11.2772
E0145,2026-03-28T00:00:00Z,2.9524,0.6796,2.9959,5.9465,11.3059,8.172
E0146,2026-03-28T00:00:00Z,2.5464,2.1928,3.9488,5.4992,11.7541,8.6738
E0147,2026-03-28T00:00:00Z,2.3461,2.4774,3.1413,4.3286,12.7019,9.9306
E0148,2026-03-28T00:00:00Z,2.0814,3.0677,4.1211,5.7096,8.5927,9.4119
E0149,2026-03-28T00:00:00Z,2.0762,0.2225,4.9394,6.495,11.4293,11.2065
E0000,2026-03-29T00:00:00Z,2.661,-2.0743,3.1221,6.1649,11.8703,10.0941
E0001,2026-03-29T00:00:00Z,3.7608,-0.5163,3.2819,5.2668,10.6546,8.8508
E0002,2026-03-29T00:00:00Z,2.4856,1.6476,1.5889,5.6232,10.1168,8.4874
E0003,2026-03-29T00:00:00Z,2.5074,-1.8476,1.4869,5.0686,12.6281,8.9425
E0004,2026-03-29T00:00:00Z,2.5419,1.1346,3.4869,5.2951,9.8645,9.0353
E0005,2026-03-29T00:00:00Z,3.6222,-1.707,2.6266,5.3846,10.7539,9.3949
E0006,2026-03-29T00:00:00Z,2.9593,-0.2755,1.6797,4.8191,10.5134,8.776
E0007,2026-03-29T00:00:00Z,3.0059,1.7755,3.2718,6.0864,11.2229,9.0497
E0008,2026-03-29T00:00:00Z,2.9909,1.5453,5.2608,5.0892,10.6828,9.846
E0009,2026-03-29T00:00:00Z,2.4884,-1.7759,1.9592,6.3203,11.6858,10.7327
E0010,2026-03-29T00:00:00Z,2.3158,2.1689,1.005,5.4009,10.9272,8.2449
E0011,2026-03-29T00:00:00Z,2.8085,1.4277,3.5338,5.6086,11.2012,9.9279
E0012,2026-03-29T00:00:00Z,2.9972,-0.3006,5.464,5.9032,10.8361,9.7958
E0013,2026-03-29T00:00:00Z,2.7871,0.3738,3.9183,6.3368,12.2567,9.5418
E0014,2026-03-29T00:00:00Z,2.4799,-0.5527,0.7981,6.2251,13.2325,9.6783
E0015,2026-03-29T00:00:00Z,3.0989,2.5854,4.3159,5.8444,11.8728,9.4448
E0016,2026-03-29T00:00:00Z,2.8173,1.381,3.2839,5.0747,10.069,9.9065
E0017,2026-03-29T00:00:00Z,2.336,2.5242,2.7982,6.3288,11.8954,10.1881
E0018,2026-03-29T00:00:00Z,1.9107,2.6133,2.8881,5.7801,10.5756,11.4829
E0019,2026-03-29T00:00:00Z,1.9427,-0.311,5.1281,5.0578,12.4787,9.4583
E0020,2026-03-29T00:00:00Z,3.1846,1.4404,4.2024,6.7445,11.2487,10.1248
E0021,2026-03-29T00:00:00Z,2.6516,2.616,2.3765,5.7482,10.9008,9.6419
E0022,2026-03-29T00:00:00Z,4.4319,0.9758,1.5522,5.9726,12.9642,7.7918
E0023,2026-03-29T00:00:00Z,4.4359,0.2275,3.779,6.9138,9.6043,10.8328
E0024,2026-03-29T00:00:00Z,2.6216,0.6269,3.4928,6.1487,11.472,9.9971
E0025,2026-03-29T00:00:00Z,3.4099,2.5952,3.39,5.0234,12.5737,8.8594
E0026,2026-03-29T00:00:00Z,3.7479,-0.207,1.6679,5.3538,12.4833,7.885
E0027,2026-03-29T00:00:00Z,2.4252,0.1004,2.6334,4.5114,12.1507,8.4648
E0028,2026-03-29T00:00:00Z,2.2734,2.8304,2.62,4.4057,10.9232,8.9328
E0029,2026-03-29T00:00:00Z,3.3914,2.0851,2.1747,5.6796,10.0966,8.1859
E0030,2026-03-29T00:00:00Z,1.4784,0.1216,6.0009,5.6725,9.6879,8.3546
E0031,2026-03-29T00:00:00Z,3.3115,0.2725,2.1958,6.118,9.354,8.7032
E0032,2026-03-29T00:00:00Z,1.8277,1.3407,2.7958,4.5906,11.259,9.0594
E0033,2026-03-29T00:00:00Z,2.8242,1.6048,3.8731,5.2473,11.0005,6.5385
E0034,2026-03-29T00:00:00Z,2.9833,2.2091,4.7916,5.6254,11.8825,8.8801
E0035,2026-03-29T00:00:00Z,4.6006,1.6711,2.9337,4.7814,8.8614,9.8022
E0036,2026-03-29T00:00:00Z,1.9412,1.3599,6.3856,5.5393,11.7476,8.9276
E0037,2026-03-29T00:00:00Z,2.4009,0.0679,4.7351,6.0631,11.4213,9.7476
E0038,2026-03-29T00:00:00Z,2.425,1.167,4.4455,5.2893,12.0971,7.8525
E0039,2026-03-29T00:00:00Z,2.606,-0.0927,1.7282,5.2171,10.5811,9.3864
E0040,2026-03-29T00:00:00Z,3.0571,0.1992,3.2592,4.4971,12.8238,8.4487
E0041,2026-03-29T00:00:00Z,3.1302,0.4026,4.4339,5.2862,10.2653,10.4403
E0042,2026-03-29T00:00:00Z,3.8158,0.1265,4.7452,5.2399,11.0948,11.0605
E0043,2026-03-29T00:00:00Z,3.1042,1.6993,4.1936,5.6574,10.537,9.1215
E0044,2026-03-29T00:00:00Z,3.5379,3.3775,6.1133,5.9441,11.8189,9.6672
E0045,2026-03-29T00:00:00Z,2.6788,3.7872,3.1224,5.0857,12.2064,8.1442
E0046,2026-03-29T00:00:00Z,2.7128,-0.7439,4.5314,5.6085,10.3046,10.2011
E0047,2026-03-29T00:00:00Z,1.9502,0.4794,4.2436,4.7724,12.5037,8.7816
E0048,2026-03-29T00:00:00Z,1.9285,0.9558,3.6972,5.6926,11.641,10.4093
E0049,2026-03-29T00:00:00Z,1.9712,-0.3503,4.5109,5.5868,11.5504,8.3069
E0050,2026-03-29T00:00:00Z,2.6207,3.1756,2.3786,5.1131,10.1357,10.0383
E0051,2026-03-29T00:00:00Z,1.7942,-0.4064,4.0919,4.9568,10.2385,9.6271
E0052,2026-03-29T00:00:00Z,2.6944,-0.9555,3.7979,6.2201,11.5986,10.0722
E0053,2026-03-29T00:00:00Z,2.995,0.1467,3.6563,6.0492,12.9421,9.4394
E0054,2026-03-29T00:00:00Z,2.0257,0.7628,3.9094,6.0621,11.7675,10.2084
E0055,2026-03-29T00:00:00Z,1.536,1.8115,3.7045,5.0232,11.4708,8.972
E0056,2026-03-29T00:00:00Z,3.2135,2.4433,2.8244,6.2907,12.0549,11.7337
E0057,2026-03-29T00:00:00Z,4.1059,3.2539,1.8585,5.7105,10.6381,8.468
E0058,2026-03-29T00:00:00Z,3.6096,2.2096,2.3894,5.7483,11.2482,9.226
E0059,2026-03-29T00:00:00Z,2.1587,1.6745,3.5841,6.0157,11.6641,7.6277
E0060,2026-03-29T00:00:00Z,2.8447,-0.3952,4.8961,4.6485,12.0478,10.5665
E0061,2026-03-29T00:00:00Z,3.0305,0.546,2.8761,4.7444,11.0906,9.8674
E0062,2026-03-29T00:00:00Z,3.2673,1.0913,1.9074,5.8837,10.9269,8.9938
E0063,2026-03-29T00:00:00Z,2.2626,2.7555,2.007,5.3188,10.3695,8.2042
E0064,2026-03-29T00:00:00Z,3.8769,1.8395,3.6682,5.2673,9.7885,9.3398
E0065,2026-03-29T00:00:00Z,3.8575,3.4295,3.3932,5.6138,12.3894,8.9851
E0066,2026-03-29T00:00:00Z,1.1451,1.3092,4.0201,5.3428,10.4513,8.5215
E0067,2026-03-29T00:00:00Z,3.3536,2.4504,5.5862,5.8334,11.2592,10.3295
E0068,2026-03-29T00:00:00Z,3.6214,0.8917,4.918,6.0447,13.7637,8.5579
E0069,2026-03-29T00:00:00Z,3.4349,1.9258,3.5361,5.3139,11.0353,8.8903
E0070,2026-03-29T00:00:00Z,3.7337,1.6437,0.7194,5.3699,12.4233,9.3387
E0071,2026-03-29T00:00:00Z,2.3575,1.7121,0.7682,5.8781,12.987,9.748
E0072,2026-03-29T00:00:00Z,3.4699,0.6792,3.117,5.4239,11.5649,9.715
E0073,2026-03-29T00:00:00Z,3.4147,0.0667,4.3788,6.6712,11.1643,9.1963
E0074,2026-03-29T00:00:00Z,2.8997,-0.0831,5.6462,5.8051,11.398,8.5317
E0075,2026-03-29T00:00:00Z,3.0262,0.3946,3.0346,6.1261,10.0658,9.1325
E0076,2026-03-29T00:00:00Z,3.1322,1.1639,3.0793,4.9478,11.2972,10.0712
E0077,2026-03-29T00:00:00Z,4.4962,1.2716,6.4626,6.555,10.9311,10.2362
E0078,2026-03-29T00:00:00Z,2.9726,2.2316,2.2432,5.7965,11.3143,7.5991
E0079,2026-03-29T00:00:00Z,4.4267,2.5818,6.7,4.6046,10.3644,9.8441
E0080,2026-03-29T00:00:00Z,3.8168,2.5085,3.0388,4.5432,13.2863,9.4893
E0081,2026-03-29T00:00:00Z,2.8375,2.227,8.1338,6.6486,10.1708,10.9379
E0082,2026-03-29T00:00:00Z,3.9717,1.8642,1.8153,5.4482,9.713,8.0013
E0083,2026-03-29T00:00:00Z,2.747,-1.0884,3.504,5.6529,11.3408,9.9744
E0084,2026-03-29T00:00:00Z,3.5484,0.776,3.4483,5.8561,11.5644,9.0696
E0085,2026-03-29T00:00:00Z,3.6482,-1.2082,5.3143,5.7197,11.0325,9.6479
E0086,2026-03-29T00:00:00Z,4.078,1.2424,2.6659,4.8734,11.7901,9.9765
E0087,2026-03-29T00:00:00Z,2.4195,3.6961,4.2492,4.7463,9.1083,10.0658
E0088,2026-03-29T00:00:00Z,2.2338,-0.9868,3.7255,4.7256,11.9663,11.9523
E0089,2026-03-29T00:00:00Z,2.7872,3.6813,3.3103,5.8778,11.015,11.4303
E0090,2026-03-29T00:00:00Z,2.214,0.4171,2.8907,4.8695,11.1966,9.2357
E0091,2026-03-29T00:00:00Z,2.2027,1.1413,5.3013,5.051,12.3689,9.8951
E0092,2026-03-29T00:00:00Z,2.3389,0.9045,2.4519,5.2538,11.0031,9.1807
E0093,2026-03-29T00:00:00Z,2.6426,1.3641,5.9465,5.6477,11.7049,10.1049
E0094,2026-03-29T00:00:00Z,2.5524,1.1492,1.5842,5.799,9.6732,8.2
E0095,2026-03-29T00:00:00Z,3.4476,2.7031,4.2344,5.6515,11.2202,9.4451
E0096,2026-03-29T00:00:00Z,3.4367,3.0262,4.8429,4.3802,11.5197,8.4925
E0097,2026-03-29T00:00:00Z,3.9064,0.7167,3.7391,5.5038,12.3047,9.9017
E0098,2026-03-29T00:00:00Z,3.2765,1.0124,3.4578,4.3122,10.5845,8.625
E0099,2026-03-29T00:00:00Z,3.151,0.4121,3.9451,4.3456,11.2863,10.4251
E0100,2026-03-29T00:00:00Z,2.8557,2.013,2.7844,5.853,10.2593,11.4364
E0101,2026-03-29T00:00:00Z,2.3083,1.4859,3.4806,5.3801,11.05,9.2763
E0102,2026-03-29T00:00:00Z,2.8299,1.5168,2.4243,5.8625,13.0581,9.0784
E0103,2026-03-29T00:00:00Z,2.8878,0.7646,4.9267,5.6517,10.2997,10.1634
E0104,2026-03-29T00:00:00Z,2.5289,0.3379,4.937,5.1332,11.1408,10.4689
E0105,2026-03-29T00:00:00Z,2.4585,0.9024,3.228,5.2608,12.5058,10.4884
E0106,2026-03-29T00:00:00Z,3.3376,-1.257,5.5076,5.1141,10.9201,9.4953
E0107,2026-03-29T00:00:00Z,2.2427,0.4817,3.5535,5.4481,11.0913,8.3861
E0108,2026-03-29T00:00:00Z,4.3011,2.9274,4.4143,3.9798,11.627,10.4559
E0109,2026-03-29T00:00:00Z,1.4504,-1.0351,2.4241,5.5765,9.8823,9.1739
E0110,2026-03-29T00:00:00Z,2.8009,-0.6984,3.6168,4.3372,10.114,8.24
E0111,2026-03-29T00:00:00Z,2.4987,0.9501,3.3487,5.2562,11.5111,7.6361
E0112,2026-03-29T00:00:00Z,3.58,1.0212,3.0785,5.7603,11.9675,10.6156
E0113,2026-03-29T00:00:00Z,3.6909,3.9182,5.3064,4.9476,11.1664,8.8138
E0114,2026-03-29T00:00:00Z,3.4711,-0.9935,3.132,5.7661,10.2417,8.0937
E0115,2026-03-29T00:00:00Z,2.9488,1.1817,4.4644,6.0802,12.8303,8.24
E0116,2026-03-29T00:00:00Z,2.2364,3.663,3.0869,5.9973,9.7862,9.4849
E0117,2026-03-29T00:00:00Z,2.0281,1.1688,3.9198,5.5522,11.2513,9.8063
E0118,2026-03-29T00:00:00Z,2.4348,-0.1975,3.3675,6.3134,10.2301,7.2675
E0119,2026-03-29T00:00:00Z,2.2264,1.912,3.6636,5.4164,10.3107,9.1353
E0120,2026-03-29T00:00:00Z,2.5776,-1.4995,2.189,5.2105,10.9548,9.6829
E0121,2026-03-29T00:00:00Z,4.3376,0.2931,4.6594,5.832,11.471,9.8734
E0122,2026-03-29T00:00:00Z,2.9992,0.8916,2.6202,6.137,13.7056,10.7823
E0123,2026-03-29T00:00:00Z,2.3993,0.5583,5.4894,5.0081,10.7869,9.7895
E0124,2026-03-29T00:00:00Z,1.6882,0.6581,2.4864,5.2712,10.039,8.7512
E0125,2026-03-29T00:00:00Z,3.0016,-0.7803,4.7035,5.4315,11.3457,8.5642
E0126,2026-03-29T00:00:00Z,3.7977,3.2212,5.5424,5.658,11.6566,9.4391
E0127,2026-03-29T00:00:00Z,2.5995,2.2449,4.7085,4.9273,12.2087,9.3425
E0128,2026-03-29T00:00:00Z,3.6033,2.1149,5.8296,5.219,11.3105,9.1251
E0129,2026-03-29T00:00:00Z,2.4925,0.69,2.9681,5.2716,10.7867,10.0451
E0130,2026-03-29T00:00:00Z,2.6041,3.4266,4.2276,6.3699,12.4066,9.2627
E0131,2026-03-29T00:00:00Z,2.0896,1.5121,5.2314,6.2007,11.6782,9.4379
E0132,2026-03-29T00:00:00Z,2.5317,0.1093,3.0411,5.6676,11.4598,11.4176
E0133,2026-03-29T00:00:00Z,2.7717,0.3449,4.9261,4.7837,11.7809,8.2845
E0134,2026-03-29T00:00:00Z,2.7595,0.7378,4.5452,5.797,11.7574,10.7516
E0135,2026-03-29T00:00:00Z,3.4755,4.998,2.2536,5.403,10.5174,10.7967
E0136,2026-03-29T00:00:00Z,3.9868,0.6413,3.3242,6.2681,10.6231,7.6215
E0137,2026-03-29T00:00:00Z,2.4275,0.8161,2.0992,5.2387,11.9204,8.796
E0138,2026-03-29T00:00:00Z,3.4933,0.4479,5.2883,5.4304,10.3052,10.14
E0139,2026-03-29T00:00:00Z,2.7254,1.0864,2.9753,5.291,9.7679,10.615
E0140,2026-03-29T00:00:00Z,3.1076,1.6212,5.3285,4.7762,10.295,9.0437
E0141,2026-03-29T00:00:00Z,3.0893,2.5454,4.2943,6.6986,13.2614,8.6004
E0142,2026-03-29T00:00:00Z,3.1027,0.7221,4.965,5.729,11.031,11.1959
E0143,2026-03-29T00:00:00Z,3.6605,2.2944,1.9653,4.9394,12.7913,9.7584
E0144,2026-03-29T00:00:00Z,2.0892,2.0717,3.2024,3.6456,10.9605,10.8859
E0145,2026-03-29T00:00:00Z,3.1843,0.1854,4.0984,5.0709,10.7376,9.4021
E0146,2026-03-29T00:00:00Z,2.1644,0.4784,4.6666,4.4617,12.0238,9.9288
E0147,2026-03-29T00:00:00Z,2.3427,-0.6752,2.3695,5.5251,11.4803,9.5096
E0148,2026-03-29T00:00:00Z,1.8405,2.1719,5.3934,5.5294,10.8509,9.0773
E0149,2026-03-29T00:00:00Z,3.0715,-0.0619,4.0916,6.6187,10.1117,10.6527
E0000,2026-03-30T00:00:00Z,1.7817,2.5744,4.3723,5.4776,13.2497,8.7678
E0001,2026-03-30T00:00:00Z,2.463,-0.2581,3.8228,5.6486,10.2895,10.1009
E0002,2026-03-30T00:00:00Z,3.1238,-1.729,2.307,4.5061,10.9266,9.9777
E0003,2026-03-30T00:00:00Z,3.6369,1.5747,3.8696,5.4126,9.8673,9.6902
E0004,2026-03-30T00:00:00Z,2.7389,-1.1391,3.6499,5.5523,10.1038,8.8908
E0005,2026-03-30T00:00:00Z,3.5912,-1.1223,3.291,5.2741,11.0188,10.6618
E0006,2026-03-30T00:00:00Z,2.0368,1.6178,5.1093,4.3426,12.0381,7.8027
E0007,2026-03-30T00:00:00Z,2.567,0.1504,5.4398,5.5026,12.0623,10.1852
E0008,2026-03-30T00:00:00Z,3.565,-0.4738,2.6497,6.0967,10.7884,9.631
E0009,2026-03-30T00:00:00Z,3.4051,2.7152,1.7467,4.8452,12.265,9.7463
E0010,2026-03-30T00:00:00Z,3.4314,-0.0464,2.118,5.5299,11.672,9.2566
E0011,2026-03-30T00:00:00Z,3.3444,2.5314,2.4674,6.0003,9.4869,8.5337
E0012,2026-03-30T00:00:00Z,2.6317,3.9183,4.8939,6.1492,11.4235,9.5157
E0013,2026-03-30T00:00:00Z,2.935,-2.7211,4.5024,5.119,10.2025,9.2166
E0014,2026-03-30T00:00:00Z,1.9682,0.4384,3.8302,5.8796,10.0275,8.7385
E0015,2026-03-30T00:00:00Z,3.0176,0.6879,4.0307,5.1186,12.4995,10.2407
E0016,2026-03-30T00:00:00Z,2.809,0.6982,3.1453,5.0235,11.046,9.859
E0017,2026-03-30T00:00:00Z,1.5654,-1.2468,2.6681,5.5073,12.2805,8.9756
E0018,2026-03-30T00:00:00Z,3.366,1.89,4.1102,4.8188,12.8162,9.2672
E0019,2026-03-30T00:00:00Z,3.7187,2.4367,3.7223,6.2936,13.5428,10.545
E0020,2026-03-30T00:00:00Z,3.238,2.3637,4.4441,4.933,11.5195,10.4245
E0021,2026-03-30T00:00:00Z,2.7987,1.4768,2.2575,3.6048,10.2188,10.0405
E0022,2026-03-30T00:00:00Z,2.7012,1.1196,5.7205,5.7751,10.9597,9.7294
E0023,2026-03-30T00:00:00Z,4.5704,-0.6371,4.3139,5.2842,11.7562,9.7407
E0024,2026-03-30T00:00:00Z,1.3269,1.0755,6.2088,4.4417,12.076,9.3409
E0025,2026-03-30T00:00:00Z,2.4302,-1.3951,1.4632,5.5172,11.8466,10.1214
E0026,2026-03-30T00:00:00Z,2.4339,-0.642,3.5306,6.8698,12.0075,9.0616
E0027,2026-03-30T00:00:00Z,1.9373,-2.8647,3.1873,5.1901,10.1854,7.5697
E0028,2026-03-30T00:00:00Z,1.8877,0.4187,4.1954,4.7752,11.3433,8.2778
E0029,2026-03-30T00:00:00Z,3.3472,-0.0031,4.7159,5.1502,10.8774,8.4124
E0030,2026-03-30T00:00:00Z,3.0481,1.8453,5.2125,4.883,10.2566,10.4295
E0031,2026-03-30T00:00:00Z,3.3819,1.4409,3.3071,5.8951,10.5368,9.3586
E0032,2026-03-30T00:00:00Z,2.0528,2.3978,3.5761,5.581,12.9316,9.4686
E0033,2026-03-30T00:00:00Z,2.7365,3.3427,2.0951,6.34,10.3546,8.7963
E0034,2026-03-30T00:00:00Z,3.9501,0.4154,3.6488,5.8247,12.4782,10.2568
E0035,2026-03-30T00:00:00Z,2.7632,-0.6754,3.7838,4.782,9.9855,8.9142
E0036,2026-03-30T00:00:00Z,2.9101,2.0611,2.7855,5.6181,10.8299,9.5107
E0037,2026-03-30T00:00:00Z,2.4696,1.6134,4.4894,5.2779,11.9149,10.8651
E0038,2026-03-30T00:00:00Z,3.3298,-0.2205,4.7825,4.8314,10.5506,8.8747
E0039,2026-03-30T00:00:00Z,3.4104,2.6372,4.1794,6.1621,11.5637,9.2285
E0040,2026-03-30T00:00:00Z,2.4605,1.6212,1.7317,4.6038,10.5216,8.5595
E0041,2026-03-30T00:00:00Z,1.5019,1.0812,1.8862,6.7112,10.0395,10.6488
E0042,2026-03-30T00:00:00Z,2.6961,2.3138,1.9908,5.5351,10.0677,9.6377
E0043,2026-03-30T00:00:00Z,3.5626,0.3225,4.1304,5.2163,9.309,10.3273
E0044,2026-03-30T00:00:00Z,2.8903,0.1164,5.0467,5.3608,11.7949,9.8454
E0045,2026-03-30T00:00:00Z,2.7983,2.066,4.2105,5.8297,11.2322,10.2066
E0046,2026-03-30T00:00:00Z,3.1059,0.6173,3.9181,5.1915,11.0878,8.3514
E0047,2026-03-30T00:00:00Z,2.8807,0.9016,4.9079,5.6376,11.8643,9.0543
E0048,2026-03-30T00:00:00Z,2.0675,-3.3444,3.5277,6.0616,11.5668,9.6565
E0049,2026-03-30T00:00:00Z,2.4174,-0.4581,0.8393,5.5683,11.6928,8.6127
E0050,2026-03-30T00:00:00Z,2.0099,2.5892,1.6153,5.4883,11.7464,9.7849
E0051,2026-03-30T00:00:00Z,3.0664,-0.5914,4.6154,5.3756,10.1742,10.4478
E0052,2026-03-30T00:00:00Z,2.2519,-0.8283,3.5427,5.1942,11.3024,10.4316
E0053,2026-03-30T00:00:00Z,3.8674,0.9628,4.9937,5.6753,12.3287,10.0076
E0054,2026-03-30T00:00:00Z,3.296,-1.5733,3.1862,4.7602,12.2825,11.6272
E0055,2026-03-30T00:00:00Z,2.6343,0.8349,4.4787,5.7241,11.4469,8.6152
E0056,2026-03-30T00:00:00Z,3.0424,2.9861,2.8519,4.0012,10.635,9.3951
E0057,2026-03-30T00:00:00Z,3.0738,1.0705,3.7185,6.7315,11.459,9.6782
E0058,2026-03-30T00:00:00Z,1.7052,0.7138,4.3233,5.7729,11.4196,9.7422
E0059,2026-03-30T00:00:00Z,3.6134,1.7621,4.3873,4.6466,11.3901,9.434
E0060,2026-03-30T00:00:00Z,3.2387,3.258,5.8803,5.0748,9.8943,9.0075
E0061,2026-03-30T00:00:00Z,1.7534,3.3753,4.5768,5.6005,11.1255,8.6384
E0062,2026-03-30T00:00:00Z,2.798,0.8368,3.622,5.8906,10.3595,9.885
E0063,2026-03-30T00:00:00Z,2.5666,1.5333,4.4265,5.6016,12.4944,8.7187
E0064,2026-03-30T00:00:00Z,1.419,0.5081,3.7732,6.0688,12.3771,8.6303
E0065,2026-03-30T00:00:00Z,3.9496,-2.2771,5.2849,4.9323,11.2514,10.1774
E0066,2026-03-30T00:00:00Z,2.4733,1.9709,3.2124,6.1717,11.9283,10.0889
E0067,2026-03-30T00:00:00Z,2.9613,-1.9149,2.9708,4.843,11.0127,8.3546
E0068,2026-03-30T00:00:00Z,3.0476,1.6555,4.4302,5.7128,12.5241,9.7688
E0069,2026-03-30T00:00:00Z,2.7374,2.3717,3.6502,4.2905,10.8587,10.0701
E0070,2026-03-30T00:00:00Z,2.4633,2.2676,1.9842,5.8245,12.5101,10.6406
E0071,2026-03-30T00:00:00Z,2.3253,-1.3545,2.9506,5.8412,11.4475,11.6387
E0072,2026-03-30T00:00:00Z,3.2465,0.6022,3.8992,5.3722,12.8361,9.1366
E0073,2026-03-30T00:00:00Z,3.5517,3.4598,2.073,4.8252,13.5231,8.429
E0074,2026-03-30T00:00:00Z,2.7458,2.3079,5.3089,4.7485,10.8734,7.1939
E0075,2026-03-30T00:00:00Z,3.0003,0.9007,2.8439,5.3184,12.3443,9.6736
E0076,2026-03-30T00:00:00Z,3.815,1.2038,6.2042,6.1552,11.4281,10.5843
E0077,2026-03-30T00:00:00Z,2.6128,-1.1544,2.0694,5.7106,10.4235,9.5931
E0078,2026-03-30T00:00:00Z,3.2629,1.5699,5.4422,5.033,11.8091,9.7608
E0079,2026-03-30T00:00:00Z,2.4611,-0.495,2.5422,5.6616,10.9745,10.4439
E0080,2026-03-30T00:00:00Z,3.8986,-0.0892,3.6133,5.2236,9.8006,9.1262
E0081,2026-03-30T00:00:00Z,2.183,-0.9906,2.8082,5.641,11.0346,9.6755
E0082,2026-03-30T00:00:00Z,2.9716,-0.288,4.4724,5.9518,10.3685,9.0506
E0083,2026-03-30T00:00:00Z,2.1987,2.8507,4.0882,5.1528,10.6748,10.7625
E0084,2026-03-30T00:00:00Z,1.7166,1.641,4.9315,5.7259,10.7683,9.9578
E0085,2026-03-30T00:00:00Z,3.0398,-1.5587,4.2243,4.4952,10.4714,9.9885
E0086,2026-03-30T00:00:00Z,3.4314,1.3331,2.1822,6.1041,9.9319,9.804
E0087,2026-03-30T00:00:00Z,3.0332,3.7166,2.5935,5.8931,10.2687,10.3952
E0088,2026-03-30T00:00:00Z,1.4399,0.5188,3.0595,5.0131,11.5257,9.4167
E0089,2026-03-30T00:00:00Z,2.492,0.0515,3.363,6.5303,10.6408,9.8438
E0090,2026-03-30T00:00:00Z,4.5333,0.722,2.143,5.538,12.5403,10.7068
E0091,2026-03-30T00:00:00Z,4.2378,0.9839,2.5176,5.7699,10.3728,10.5592
E0092,2026-03-30T00:00:00Z,1.5214,1.3765,4.2421,5.8121,11.7493,8.5295
E0093,2026-03-30T00:00:00Z,3.3445,-1.1487,3.7952,5.3175,13.3192,8.4257
E0094,2026-03-30T00:00:00Z,3.5286,-0.4498,3.0306,5.2801,10.7911,9.1135
E0095,2026-03-30T00:00:00Z,2.4051,1.232,2.0326,6.2495,10.6141,7.8565
E0096,2026-03-30T00:00:00Z,3.5863,-0.7262,3.6405,5.3625,11.7686,8.9451
E0097,2026-03-30T00:00:00Z,3.4056,1.1284,4.131,5.7197,9.8871,10.8212
E0098,2026-03-30T00:00:00Z,2.9104,2.3065,4.4891,5.0644,11.7667,7.8357
E0099,2026-03-30T00:00:00Z,4.0744,3.508,0.9032,5.4361,12.185,9.3385
E0100,2026-03-30T00:00:00Z,3.3313,1.9519,4.5084,5.2898,11.3155,8.2917
E0101,2026-03-30T00:00:00Z,1.9086,0.3136,4.027,3.9559,11.9402,9.8823
E0102,2026-03-30T00:00:00Z,4.1421,-0.9169,3.6024,6.2123,9.3875,9.9053
E0103,2026-03-30T00:00:00Z,3.3804,-2.5489,5.3133,4.9046,10.5431,7.9488
E0104,2026-03-30T00:00:00Z,3.595,-0.3362,5.1334,6.0791,12.2013,8.0306
E0105,2026-03-30T00:00:00Z,1.8245,0.3845,4.8835,4.7229,10.913,9.8335
E0106,2026-03-30T00:00:00Z,3.0102,1.2519,1.8904,6.0612,10.3356,9.3685
E0107,2026-03-30T00:00:00Z,3.7429,1.1262,3.8361,5.8121,12.612,9.254
E0108,2026-03-30T00:00:00Z,3.5838,3.7325,2.8272,5.843,10.9028,10.351
E0109,2026-03-30T00:00:00Z,1.9354,-0.0582,4.5364,5.562,11.1235,9.9043
E0110,2026-03-30T00:00:00Z,2.6916,1.8756,3.8141,5.3844,11.377,9.8289
E0111,2026-03-30T00:00:00Z,2.6576,3.5204,2.9242,5.9666,11.8218,10.2594
E0112,2026-03-30T00:00:00Z,3.2512,2.8593,5.835,4.6127,12.0372,8.5755
E0113,2026-03-30T00:00:00Z,2.9155,2.1416,5.7507,5.2711,12.1024,9.0564
E0114,2026-03-30T00:00:00Z,2.3193,2.8931,3.9634,5.2917,11.4469,11.0825
E0115,2026-03-30T00:00:00Z,3.39,-0.3578,4.8506,4.8454,10.5622,9.6804
E0116,2026-03-30T00:00:00Z,3.9731,1.888,4.5564,5.0385,10.7385,9.1695
E0117,2026-03-30T00:00:00Z,3.1128,-0.3007,3.259,5.4283,10.4785,8.9906
E0118,2026-03-30T00:00:00Z,2.3475,1.3477,4.8065,5.062,10.7634,10.2111
E0119,2026-03-30T00:00:00Z,2.8275,-0.6996,2.9791,4.6725,10.8583,9.3752
E0120,2026-03-30T00:00:00Z,1.338,1.0364,4.6909,6.0643,11.4438,9.388
E0121,2026-03-30T00:00:00Z,2.9705,-1.3502,3.7991,5.4927,11.4656,11.3571
E0122,2026-03-30T00:00:00Z,2.8702,0.8973,4.4045,5.9683,9.3904,7.9419
E0123,2026-03-30T00:00:00Z,3.0775,2.4482,5.0586,6.0896,10.9766,9.1628
E0124,2026-03-30T00:00:00Z,2.1472,-1.4114,2.6086,4.9432,11.0452,9.7142
E0125,2026-03-30T00:00:00Z,2.5849,0.4976,3.8689,6.0185,12.687,9.2453
E0126,2026-03-30T00:00:00Z,2.7432,0.712,5.8343,5.3957,11.0285,10.6731
E0127,2026-03-30T00:00:00Z,3.3728,2.7447,1.6254,4.2076,11.4496,8.5222
E0128,2026-03-30T00:00:00Z,3.226,1.8051,3.36,5.3928,8.5729,11.7963
E0129,2026-03-30T00:00:00Z,3.1973,0.3993,3.2649,5.216,11.3414,9.6809
E0130,2026-03-30T00:00:00Z,3.3647,2.9527,3.9481,4.7882,12.5598,9.6461
E0131,2026-03-30T00:00:00Z,2.3454,2.8477,5.0074,5.1577,11.8745,10.3449
E0132,2026-03-30T00:00:00Z,3.0729,1.7004,4.6314,5.3619,11.8171,10.5771
E0133,2026-03-30T00:00:00Z,0.9236,-1.6669,3.7099,4.8852,11.2773,9.4768
E0134,2026-03-30T00:00:00Z,3.4798,-0.7144,3.0421,5.4443,11.976,11.0378
E0135,2026-03-30T00:00:00Z,2.8491,-0.4366,3.2925,5.5343,12.1699,9.4018
E0136,2026-03-30T00:00:00Z,2.1979,-0.0002,-0.2114,5.2963,11.7995,8.1439
E0137,2026-03-30T00:00:00Z,3.2609,2.4304,4.9928,6.188,10.2928,10.7739
E0138,2026-03-30T00:00:00Z,2.6728,3.455,3.9733,5.1302,11.5343,9.146
E0139,2026-03-30T00:00:00Z,3.691,1.6167,4.7901,4.9842,10.9269,10.7655
E0140,2026-03-30T00:00:00Z,2.6585,3.5814,5.719,6.7001,11.111,10.4624
E0141,2026-03-30T00:00:00Z,3.2028,3.0058,3.4096,6.5154,9.2103,9.2466
E0142,2026-03-30T00:00:00Z,3.7165,2.5853,3.3931,5.5665,11.0644,10.5844
E0143,2026-03-30T00:00:00Z,2.9173,0.8973,3.3909,5.8673,11.4564,10.2758
E0144,2026-03-30T00:00:00Z,3.3868,-0.5225,5.9111,4.9122,11.461,9.7878
E0145,2026-03-30T00:00:00Z,3.6402,-0.0671,2.5929,5.05,11.6385,10.2794
E0146,2026-03-30T00:00:00Z,2.6976,0.0229,4.9987,5.684,10.2775,7.6921
E0147,2026-03-30T00:00:00Z,3.3783,3.7307,3.7859,5.173,12.9438,10.0718
E0148,2026-03-30T00:00:00Z,2.1232,1.6726,3.6483,4.2183,11.6294,10.5033
E0149,2026-03-30T00:00:00Z,2.1808,-0.4481,1.6333,4.7714,9.9653,10.7183
E0000,2026-03-31T00:00:00Z,2.3377,-1.341,3.7852,5.6768,11.2083,11.0666
E0001,2026-03-31T00:00:00Z,2.9653,0.764,5.1768,5.3386,11.4709,9.0163
E0002,2026-03-31T00:00:00Z,2.6587,0.948,4.1594,5.8259,11.2408,10.5481
E0003,2026-03-31T00:00:00Z,2.8235,5.5552,3.208,5.5131,10.1593,9.3119
E0004,2026-03-31T00:00:00Z,3.6681,-0.3978,2.9221,5.8111,10.8005,8.4208
E0005,2026-03-31T00:00:00Z,2.8721,0.3709,2.2642,6.2453,11.1724,8.9559
E0006,2026-03-31T00:00:00Z,3.3405,0.8779,1.2173,5.5308,10.6933,8.9405
E0007,2026-03-31T00:00:00Z,3.3354,0.9515,2.3395,5.0839,11.4231,9.6441
E0008,2026-03-31T00:00:00Z,3.5504,0.2728,4.5628,5.1982,11.2885,9.4692
E0009,2026-03-31T00:00:00Z,2.2872,2.4449,1.99,7.0137,11.5716,10.4245
E0010,2026-03-31T00:00:00Z,3.0083,0.4095,4.2201,4.9469,10.3266,9.1174
E0011,2026-03-31T00:00:00Z,3.221,1.1541,5.3486,5.7114,12.3586,10.0058
E0012,2026-03-31T00:00:00Z,2.4446,0.8259,3.1887,4.7905,12.4381,10.7653
E0013,2026-03-31T00:00:00Z,3.392,0.3347,2.4062,5.0287,14.2477,9.3343
E0014,2026-03-31T00:00:00Z,3.2555,0.4875,3.6016,5.5696,11.8294,10.0998
E0015,2026-03-31T00:00:00Z,3.7511,0.645,3.0925,5.8893,10.2365,9.8403
E0016,2026-03-31T00:00:00Z,3.8068,-1.1185,3.006,5.9525,12.462,11.15
E0017,2026-03-31T00:00:00Z,3.6678,3.3031,1.7705,5.1266,12.4433,8.9534
E0018,2026-03-31T00:00:00Z,3.1636,-0.0048,4.5389,5.0183,10.5309,9.678
E0019,2026-03-31T00:00:00Z,2.8278,1.105,5.5664,4.9299,10.619,10.8816
E0020,2026-03-31T00:00:00Z,2.4828,1.4755,1.9833,3.936,10.2904,9.0984
E0021,2026-03-31T00:00:00Z,3.1697,0.5112,5.5405,5.5968,10.2532,9.0872
E0022,2026-03-31T00:00:00Z,2.3371,0.2067,4.6487,4.7072,9.484,10.3738
E0023,2026-03-31T00:00:00Z,2.533,1.6533,4.6086,5.3537,11.6784,10.0158
E0024,2026-03-31T00:00:00Z,3.497,0.7886,4.9239,5.7619,10.0451,10.0192
E0025,2026-03-31T00:00:00Z,3.092,0.6128,3.196,4.8694,10.3593,7.8594
E0026,2026-03-31T00:00:00Z,4.4138,1.8666,0.6026,4.6332,11.0288,11.4225
E0027,2026-03-31T00:00:00Z,3.0314,2.157,4.5553,5.7284,10.2717,9.4534
E0028,2026-03-31T00:00:00Z,3.1598,1.3966,3.9483,4.4037,12.4621,8.9934
E0029,2026-03-31T00:00:00Z,2.9844,0.3955,3.876,4.9995,10.8881,10.3653
E0030,2026-03-31T00:00:00Z,3.4283,2.5413,3.28,5.5653,11.7556,9.5018
E0031,2026-03-31T00:00:00Z,2.9572,-0.5049,3.5194,6.5852,10.759,8.2918
E0032,2026-03-31T00:00:00Z,1.8699,-0.585,4.0364,4.6889,9.866,9.0118
E0033,2026-03-31T00:00:00Z,2.4991,3.3748,7.5172,4.7307,9.9258,9.1997
E0034,2026-03-31T00:00:00Z,3.5126,-1.2103,5.0838,5.1758,12.5245,9.9082
E0035,2026-03-31T00:00:00Z,2.2643,1.6443,2.9008,4.8396,13.1113,7.9846
E0036,2026-03-31T00:00:00Z,2.6799,-1.3906,3.0158,6.6385,10.0144,9.7261
E0037,2026-03-31T00:00:00Z,1.9875,1.1906,4.6283,5.5952,11.9238,9.274
E0038,2026-03-31T00:00:00Z,3.1597,0.7795,5.3023,5.1604,10.4906,8.8971
E0039,2026-03-31T00:00:00Z,1.8915,-0.5182,3.3619,5.0233,11.1438,10.7596
E0040,2026-03-31T00:00:00Z,2.0938,0.2193,3.6511,5.0601,13.0996,9.4438
E0041,2026-03-31T00:00:00Z,2.6395,2.7124,5.3587,5.9975,13.6072,8.4375
E0042,2026-03-31T00:00:00Z,2.4559,1.692,2.6763,5.5805,12.9204,11.5216
E0043,2026-03-31T00:00:00Z,2.9438,-0.2581,3.8574,6.209,13.0649,11.4818
E0044,2026-03-31T00:00:00Z,3.5428,0.8877,5.3617,5.1547,10.7441,8.9014
E0045,2026-03-31T00:00:00Z,3.5017,-0.2847,3.1928,4.498,10.5345,10.1203
E0046,2026-03-31T00:00:00Z,3.9498,2.0218,3.732,4.8624,11.0149,7.8733
E0047,2026-03-31T00:00:00Z,2.2297,2.0272,2.5727,4.6615,10.9303,10.5265
E0048,2026-03-31T00:00:00Z,4.701,-1.1442,3.59,5.7655,11.1927,10.2218
E0049,2026-03-31T00:00:00Z,2.7277,2.9809,3.5878,4.794,11.3346,10.4203
E0050,2026-03-31T00:00:00Z,3.2883,2.396,1.3002,6.1564,10.704,9.667
E0051,2026-03-31T00:00:00Z,3.7254,-1.0184,2.8837,5.7249,10.3044,9.7756
E0052,2026-03-31T00:00:00Z,2.8263,1.9473,3.3395,6.7756,10.3414,7.7107
E0053,2026-03-31T00:00:00Z,3.3497,-0.4903,3.765,5.6,12.1084,9.137
E0054,2026-03-31T00:00:00Z,3.5065,1.9449,1.1445,6.4163,9.3463,8.485
E0055,2026-03-31T00:00:00Z,2.3786,3.5883,4.8128,5.2566,10.8363,8.8352
E0056,2026-03-31T00:00:00Z,3.3654,0.8784,1.9872,4.7006,10.7018,8.5533
E0057,2026-03-31T00:00:00Z,3.0837,1.4818,6.1423,5.726,11.3425,9.706
E0058,2026-03-31T00:00:00Z,3.4429,0.2625,4.5038,5.5724,12.6007,8.8355
E0059,2026-03-31T00:00:00Z,2.7605,0.0841,4.0558,6.0686,9.9939,8.7199
E0060,2026-03-31T00:00:00Z,2.183,1.1681,2.5575,5.6986,10.8232,10.3486
E0061,2026-03-31T00:00:00Z,3.1725,2.0034,4.776,5.1949,11.0177,10.2406
E0062,2026-03-31T00:00:00Z,3.0899,-2.0705,3.3948,4.9211,11.6297,9.2287
E0063,2026-03-31T00:00:00Z,3.3496,-3.1627,4.0448,5.4709,11.6139,8.1494
E0064,2026-03-31T00:00:00Z,2.5053,0.3715,3.1143,5.1583,11.2558,9.0657
E0065,2026-03-31T00:00:00Z,2.8882,2.0961,3.9159,4.6784,12.3736,5.9113
E0066,2026-03-31T00:00:00Z,3.8768,2.3114,2.6181,5.3036,10.1169,10.7833
E0067,2026-03-31T00:00:00Z,2.9916,2.7428,3.5348,5.5684,10.5048,9.1006
E0068,2026-03-31T00:00:00Z,2.7856,-0.0551,1.8349,6.2372,9.2593,7.1109
E0069,2026-03-31T00:00:00Z,2.7476,3.139,4.1545,6.1996,10.173,9.1462
E0070,2026-03-31T00:00:00Z,3.3936,-0.6611,4.6389,5.7599,12.6251,8.4839
E0071,2026-03-31T00:00:00Z,1.831,0.8923,5.0167,5.9694,10.8338,9.3812
E0072,2026-03-31T00:00:00Z,1.8344,1.5561,2.9962,6.3015,10.2083,9.7292
E0073,2026-03-31T00:00:00Z,3.5787,2.0247,3.7755,5.791,11.3171,9.1572
E0074,2026-03-31T00:00:00Z,3.6413,1.0181,4.6707,6.9156,11.535,10.3537
E0075,2026-03-31T00:00:00Z,3.01,1.0805,2.8827,5.2047,11.3075,9.2438
E0076,2026-03-31T00:00:00Z,4.6203,2.6641,6.0859,4.4212,10.858,10.7517
E0077,2026-03-31T00:00:00Z,2.5758,2.2396,5.059,5.4334,10.3739,10.2235
E0078,2026-03-31T00:00:00Z,4.018,0.8155,3.0559,4.5915,11.1806,8.0903
E0079,2026-03-31T00:00:00Z,3.3281,0.8061,4.1921,4.5836,10.315,8.6788
E0080,2026-03-31T00:00:00Z,2.6072,1.8622,3.5866,5.3303,10.4108,6.9534
E0081,2026-03-31T00:00:00Z,2.8074,2.0557,2.7701,6.3296,10.6337,9.4707
E0082,2026-03-31T00:00:00Z,2.4222,2.1065,3.3872,6.0371,12.1694,9.189
E0083,2026-03-31T00:00:00Z,2.7204,-0.2387,2.0151,4.5089,10.5997,11.4543
E0084,2026-03-31T00:00:00Z,2.8668,-0.4842,3.9074,4.7559,12.3456,10.4692
E0085,2026-03-31T00:00:00Z,2.5321,0.8777,5.3082,5.61,11.9327,9.0096
E0086,2026-03-31T00:00:00Z,2.7428,0.5116,1.9864,5.3224,10.7559,6.9412
E0087,2026-03-31T00:00:00Z,2.6206,-1.2658,3.7382,4.4756,11.1996,11.1418
E0088,2026-03-31T00:00:00Z,2.123,3.9051,1.3575,5.7749,11.1174,10.3092
E0089,2026-03-31T00:00:00Z,1.3244,-0.4718,3.1159,4.7206,10.6473,10.9233
E0090,2026-03-31T00:00:00Z,2.8888,2.141,2.834,5.8179,10.9122,10.1764
E0091,2026-03-31T00:00:00Z,2.887,-0.3255,4.0599,5.3489,12.9816,9.8931
E0092,2026-03-31T00:00:00Z,2.3131,0.9045,2.656,5.639,12.6276,10.0893
E0093,2026-03-31T00:00:00Z,1.6609,0.7551,5.8126,6.8498,11.248,6.876
E0094,2026-03-31T00:00:00Z,3.1095,-0.6101,3.8069,5.1057,12.5623,9.3449
E0095,2026-03-31T00:00:00Z,3.4842,0.5583,1.1328,6.0893,12.6348,8.8841
E0096,2026-03-31T00:00:00Z,3.0712,2.5496,2.9412,4.3952,10.8245,10.9058
E0097,2026-03-31T00:00:00Z,2.6109,0.9283,4.1197,5.7278,9.6504,11.4559
E0098,2026-03-31T00:00:00Z,3.2387,1.5289,4.6346,5.0498,13.364,8.7864
E0099,2026-03-31T00:00:00Z,2.2066,0.9334,5.343,6.0963,12.0246,10.4954
E0100,2026-03-31T00:00:00Z,3.7374,1.5765,4.1549,4.976,11.122,10.0851
E0101,2026-03-31T00:00:00Z,1.8832,0.141,3.9336,5.894,10.7987,7.2407
E0102,2026-03-31T00:00:00Z,3.734,4.5857,3.3544,5.1895,10.51,9.7055
E0103,2026-03-31T00:00:00Z,1.9964,0.8342,3.8724,5.9298,10.6299,11.8231
E0104,2026-03-31T00:00:00Z,3.0232,2.4384,0.2587,5.4861,11.2334,11.8112
E0105,2026-03-31T00:00:00Z,3.0356,2.2013,4.8755,5.7434,14.1445,10.5508
E0106,2026-03-31T00:00:00Z,3.1161,-1.0797,2.6029,5.7742,11.7043,11.433
E0107,2026-03-31T00:00:00Z,2.1371,0.7566,5.0047,6.0277,11.8494,7.3759
E0108,2026-03-31T00:00:00Z,3.9884,0.623,3.375,5.4452,12.5299,7.8888
E0109,2026-03-31T00:00:00Z,0.8325,2.6677,3.7343,6.0375,9.6356,8.9638
E0110,2026-03-31T00:00:00Z,2.2018,0.3265,5.5046,5.2733,12.787,7.6002
E0111,2026-03-31T00:00:00Z,2.4138,3.3091,3.4022,5.1564,9.6748,10.1341
E0112,2026-03-31T00:00:00Z,2.5384,-0.2521,4.8018,4.7611,9.6053,8.1532
E0113,2026-03-31T00:00:00Z,4.2713,1.195,3.8094,5.9307,12.2255,9.237
E0114,2026-03-31T00:00:00Z,2.3288,-0.6024,4.0674,5.3978,11.1172,8.0775
E0115,2026-03-31T00:00:00Z,2.1371,1.4705,2.3231,5.5498,11.6225,9.7219
E0116,2026-03-31T00:00:00Z,2.4772,-1.617,3.9954,6.0413,9.3015,7.9902
E0117,2026-03-31T00:00:00Z,3.3008,0.2058,3.7634,4.0775,12.7471,10.344
E0118,2026-03-31T00:00:00Z,3.8552,-0.0089,4.8814,4.955,11.9408,9.113
E0119,2026-03-31T00:00:00Z,3.2011,2.8788,5.6233,4.4419,11.7167,9.3218
E0120,2026-03-31T00:00:00Z,4.2386,0.3683,0.2696,5.4815,10.9066,8.9732
E0121,2026-03-31T00:00:00Z,2.9398,-0.4341,4.6256,5.9595,11.1182,7.8618
E0122,2026-03-31T00:00:00Z,2.087,1.0877,3.8119,4.1545,11.9294,11.2938
E0123,2026-03-31T00:00:00Z,3.4948,1.2803,2.9478,5.9286,10.1496,8.7876
E0124,2026-03-31T00:00:00Z,2.5341,3.9258,6.69,5.1193,12.7285,9.9376
E0125,2026-03-31T00:00:00Z,2.5809,2.9812,3.2433,5.006,11.2265,9.2045
E0126,2026-03-31T00:00:00Z,2.7522,4.2987,3.8085,4.3077,11.0042,9.3076
E0127,2026-03-31T00:00:00Z,2.3442,1.6159,2.8733,5.4411,11.5534,11.4142
E0128,2026-03-31T00:00:00Z,2.9813,1.2813,3.5718,4.3031,11.673,10.9361
E0129,2026-03-31T00:00:00Z,2.8696,2.133,6.3756,5.2373,9.505,8.3392
E0130,2026-03-31T00:00:00Z,2.9051,-0.2751,6.0249,4.8467,11.775,8.8047
E0131,2026-03-31T00:00:00Z,3.4229,-1.0284,3.3003,5.7224,11.7127,9.7451
E0132,2026-03-31T00:00:00Z,2.9875,2.3483,4.4659,6.2157,10.7429,10.151
E0133,2026-03-31T00:00:00Z,2.1482,0.9992,4.599,4.8452,10.6232,9.0801
E0134,2026-03-31T00:00:00Z,3.5125,-0.1562,0.7515,5.2958,10.2309,8.783
E0135,2026-03-31T00:00:00Z,3.2757,0.0798,3.9959,5.4225,12.5745,10.0986
E0136,2026-03-31T00:00:00Z,1.155,-0.8619,6.3156,4.8817,11.9497,9.5092
E0137,2026-03-31T00:00:00Z,3.0908,0.6349,3.4863,6.0104,10.6646,9.1023
E0138,2026-03-31T00:00:00Z,2.6975,2.5761,1.8814,5.199,10.2964,8.8143
E0139,2026-03-31T00:00:00Z,4.1268,-1.3074,4.0751,5.2149,10.8941,9.4157
E0140,2026-03-31T00:00:00Z,2.4094,0.5463,1.5326,5.9727,12.5746,9.5472
E0141,2026-03-31T00:00:00Z,3.761,-0.2917,4.2486,5.0665,12.6859,9.2299
E0142,2026-03-31T00:00:00Z,1.9333,0.0448,3.9445,4.8746,10.846,8.8027
E0143,2026-03-31T00:00:00Z,2.4829,0.9037,5.2274,5.8995,10.7896,10.488
E0144,2026-03-31T00:00:00Z,2.5694,4.8208,2.0785,4.5829,10.4611,10.653
E0145,2026-03-31T00:00:00Z,2.3262,-1.2615,4.1361,4.7721,11.693,8.384
E0146,2026-03-31T00:00:00Z,3.6257,2.0954,5.9322,6.5729,10.8488,9.7075
E0147,2026-03-31T00:00:00Z,2.7182,-0.2673,4.4588,5.6946,12.4251,9.5017
E0148,2026-03-31T00:00:00Z,2.611,1.1625,4.7858,5.5708,12.4957,10.2039
E0149,2026-03-31T00:00:00Z,3.1004,1.0403,4.6795,5.6401,12.2725,10.5604
