ts,prediction
2026-01-01T00:09:57Z,3.4828
2026-01-01T00:12:41Z,3.418
2026-01-01T00:13:58Z,2.104
2026-01-01T00:15:16Z,3.9275
2026-01-01T00:23:28Z,1.7333
2026-01-01T00:27:11Z,3.2209
2026-01-01T00:34:34Z,3.5995
2026-01-01T00:56:02Z,3.3381
2026-01-01T01:01:03Z,2.9261
2026-01-01T01:04:21Z,3.6559
2026-01-01T01:08:59Z,3.5826
2026-01-01T01:11:58Z,2.7233
2026-01-01T01:17:09Z,4.0837
2026-01-01T02:07:50Z,3.4908
2026-01-01T02:10:43Z,2.4866
2026-01-01T02:18:51Z,3.8253
2026-01-01T02:21:01Z,2.497
2026-01-01T02:49:20Z,3.6517
2026-01-01T02:49:32Z,1.4618
2026-01-01T02:50:58Z,3.777
2026-01-01T02:57:51Z,3.7615
2026-01-01T03:09:47Z,4.3177
2026-01-01T03:17:23Z,3.2651
2026-01-01T03:18:22Z,2.8677
2026-01-01T03:18:29Z,3.3724
2026-01-01T03:33:56Z,3.7787
2026-01-01T03:38:41Z,3.9165
2026-01-01T03:54:10Z,3.0522
2026-01-01T04:06:34Z,3.0498
2026-01-01T04:23:23Z,3.9431
2026-01-01T04:51:46Z,4.5739
2026-01-01T05:05:57Z,3.1323
2026-01-01T05:17:08Z,3.544
2026-01-01T05:21:14Z,4.1952
2026-01-01T05:30:39Z,3.3637
2026-01-01T05:40:45Z,2.9223
2026-01-01T05:42:50Z,3.1724
2026-01-01T05:52:19Z,3.7084
2026-01-01T05:55:22Z,4.3265
2026-01-01T06:05:18Z,2.8899
2026-01-01T06:25:59Z,2.7842
2026-01-01T06:28:40Z,4.2137
2026-01-01T06:38:55Z,4.465
2026-01-01T06:48:39Z,2.2548
2026-01-01T06:55:31Z,4.0019
2026-01-01T07:15:38Z,2.32
2026-01-01T07:36:49Z,3.6957
2026-01-01T07:43:25Z,2.6013
2026-01-01T07:54:01Z,4.1065
2026-01-01T07:55:10Z,3.8554
2026-01-01T07:58:07Z,2.6457
2026-01-01T08:02:42Z,3.2839
2026-01-01T08:03:03Z,4.1446
2026-01-01T08:20:37Z,3.6833
2026-01-01T08:32:32Z,2.6079
2026-01-01T09:17:46Z,3.151
2026-01-01T09:18:13Z,3.0953
2026-01-01T09:20:14Z,4.5237
2026-01-01T09:20:58Z,3.2315
2026-01-01T09:39:01Z,3.3752
2026-01-01T09:40:38Z,3.0906
2026-01-01T09:42:15Z,3.8849
2026-01-01T09:43:37Z,2.7089
2026-01-01T09:52:47Z,3.0738
2026-01-01T10:02:30Z,2.2396
2026-01-01T10:21:22Z,2.4255
2026-01-01T10:24:50Z,2.3759
2026-01-01T10:56:19Z,3.8222
2026-01-01T11:43:35Z,2.4345
2026-01-01T11:49:01Z,2.0393
2026-01-01T12:04:41Z,4.1884
2026-01-01T12:08:40Z,4.0007
2026-01-01T12:15:27Z,2.2713
2026-01-01T12:18:11Z,4.1953
2026-01-01T12:26:07Z,2.8486
2026-01-01T12:44:07Z,3.2314
2026-01-01T12:47:11Z,3.5584
2026-01-01T13:18:35Z,3.0806
2026-01-01T13:26:20Z,2.8028
2026-01-01T14:08:37Z,3.6741
2026-01-01T14:24:59Z,2.6302
2026-01-01T14:28:04Z,2.868
2026-01-01T14:35:20Z,3.7399
2026-01-01T14:35:52Z,4.0212
2026-01-01T14:42:50Z,3.1532
2026-01-01T15:01:35Z,2.7458
2026-01-01T15:09:01Z,4.0268
2026-01-01T15:20:15Z,5.4126
2026-01-01T15:29:31Z,2.2195
2026-01-01T15:34:40Z,3.5992
2026-01-01T15:34:56Z,2.8514
2026-01-01T16:03:30Z,3.4109
2026-01-01T16:35:53Z,4.5723
2026-01-01T16:38:55Z,2.7231
2026-01-01T16:45:42Z,2.4656
2026-01-01T17:11:25Z,1.4803
2026-01-01T17:35:02Z,2.7312
2026-01-01T17:45:11Z,2.9986
2026-01-01T18:07:32Z,3.7604
2026-01-01T18:13:26Z,2.8319
2026-01-01T18:15:10Z,2.2153
2026-01-01T18:20:27Z,2.5849
2026-01-01T18:25:49Z,2.5812
2026-01-01T18:26:35Z,2.8505
2026-01-01T18:48:32Z,4.2287
2026-01-01T19:02:47Z,3.4876
2026-01-01T19:16:22Z,4.6971
2026-01-01T19:24:10Z,4.1346
2026-01-01T19:31:31Z,4.1075
2026-01-01T19:37:56Z,3.1713
2026-01-01T19:41:59Z,3.3264
2026-01-01T19:47:03Z,3.1501
2026-01-01T19:54:03Z,3.1207
2026-01-01T19:57:51Z,3.3513
2026-01-01T20:54:19Z,2.1923
2026-01-01T21:04:37Z,2.7816
2026-01-01T21:07:24Z,2.8166
2026-01-01T21:12:12Z,3.2048
2026-01-01T21:33:39Z,4.7784
2026-01-01T21:53:24Z,4.1782
2026-01-01T21:56:14Z,2.7676
2026-01-01T22:00:41Z,2.931
2026-01-01T22:05:56Z,2.043
2026-01-01T22:30:58Z,3.0028
2026-01-01T22:49:01Z,3.8703
2026-01-01T22:58:06Z,3.569
2026-01-01T23:08:40Z,1.8086
2026-01-01T23:15:54Z,3.6189
2026-01-01T23:27:26Z,3.58
2026-01-01T23:30:40Z,3.7935
2026-01-01T23:36:57Z,2.547
2026-01-01T23:37:59Z,2.3342
2026-01-01T23:43:59Z,2.6637
2026-01-01T23:44:15Z,4.6971
2026-01-01T23:57:02Z,3.0209
2026-01-01T23:57:33Z,3.1796
2026-01-02T00:07:15Z,3.268
2026-01-02T00:27:18Z,4.2012
2026-01-02T00:33:20Z,4.128
2026-01-02T00:33:23Z,3.4931
2026-01-02T00:37:50Z,2.6964
2026-01-02T00:42:59Z,3.6574
2026-01-02T01:03:05Z,2.5916
2026-01-02T01:07:20Z,2.9319
2026-01-02T01:13:43Z,2.9785
2026-01-02T01:21:54Z,3.521
2026-01-02T01:51:51Z,2.9382
2026-01-02T02:11:56Z,4.0366
2026-01-02T02:24:54Z,3.158
2026-01-02T02:33:00Z,4.3583
2026-01-02T02:43:03Z,2.3416
2026-01-02T02:46:35Z,3.4169
2026-01-02T02:47:36Z,2.6992
2026-01-02T02:56:51Z,3.6183
2026-01-02T03:16:21Z,3.4702
2026-01-02T03:28:41Z,2.2961
2026-01-02T03:29:42Z,2.5735
2026-01-02T03:36:39Z,2.7619
2026-01-02T03:40:08Z,3.3375
2026-01-02T03:41:44Z,4.164
2026-01-02T03:43:35Z,3.3538
2026-01-02T03:46:48Z,4.2852
2026-01-02T04:07:49Z,2.4517
2026-01-02T04:09:55Z,3.0387
2026-01-02T04:33:57Z,2.4819
2026-01-02T04:36:17Z,2.3072
2026-01-02T04:38:52Z,3.0038
2026-01-02T04:40:04Z,2.9087
2026-01-02T04:42:25Z,2.5003
2026-01-02T04:58:41Z,4.2277
2026-01-02T05:01:28Z,2.2164
2026-01-02T05:15:35Z,3.281
2026-01-02T05:18:26Z,3.7976
2026-01-02T05:29:44Z,4.3646
2026-01-02T05:59:14Z,3.7484
2026-01-02T06:22:55Z,4.4015
2026-01-02T06:36:02Z,3.3554
2026-01-02T06:40:48Z,4.2189
2026-01-02T06:48:33Z,1.7006
2026-01-02T06:52:27Z,3.1095
2026-01-02T07:04:07Z,3.4514
2026-01-02T07:10:31Z,3.173
2026-01-02T07:25:45Z,2.6592
2026-01-02T07:38:15Z,3.4999
2026-01-02T07:39:22Z,3.425
2026-01-02T07:44:54Z,3.7519
2026-01-02T08:02:43Z,2.7311
2026-01-02T08:06:31Z,3.9151
2026-01-02T08:13:26Z,3.6932
2026-01-02T08:16:13Z,3.2448
2026-01-02T08:35:30Z,2.992
2026-01-02T08:45:36Z,3.5716
2026-01-02T08:50:34Z,2.2933
2026-01-02T09:05:48Z,3.125
2026-01-02T09:07:01Z,3.1112
2026-01-02T09:29:41Z,2.3689
2026-01-02T09:32:52Z,4.5789
2026-01-02T09:49:07Z,1.8294
2026-01-02T10:12:14Z,3.0592
2026-01-02T10:23:49Z,2.614
2026-01-02T10:45:51Z,3.0303
2026-01-02T10:46:07Z,4.2588
2026-01-02T10:57:24Z,3.8378
2026-01-02T11:02:48Z,3.4889
2026-01-02T11:04:21Z,2.4736
2026-01-02T11:15:51Z,2.8888
2026-01-02T11:21:21Z,2.4144
2026-01-02T11:24:00Z,2.9492
2026-01-02T11:49:53Z,3.101
2026-01-02T12:04:08Z,3.0898
2026-01-02T12:10:45Z,2.7275
2026-01-02T12:32:45Z,2.8402
2026-01-02T12:35:24Z,2.8057
2026-01-02T12:37:40Z,3.8268
2026-01-02T12:41:42Z,3.5011
2026-01-02T12:41:44Z,4.066
2026-01-02T12:58:28Z,3.3172
2026-01-02T13:08:12Z,3.3394
2026-01-02T13:19:56Z,4.2648
2026-01-02T13:33:52Z,2.8547
2026-01-02T13:39:07Z,3.0904
2026-01-02T13:48:55Z,2.158
2026-01-02T14:02:11Z,2.5691
2026-01-02T14:09:55Z,3.0754
2026-01-02T14:21:40Z,3.4379
2026-01-02T14:24:22Z,2.5211
2026-01-02T14:35:35Z,3.2662
2026-01-02T14:43:13Z,4.3571
2026-01-02T14:44:34Z,3.8237
2026-01-02T14:53:14Z,3.1232
2026-01-02T14:58:52Z,3.884
2026-01-02T15:17:37Z,3.6845
2026-01-02T15:23:06Z,3.5198
2026-01-02T15:23:58Z,4.1486
2026-01-02T15:39:57Z,2.3436
2026-01-02T15:44:18Z,3.1457
2026-01-02T16:01:08Z,3.3456
2026-01-02T16:02:49Z,4.7574
2026-01-02T16:03:46Z,3.5009
2026-01-02T16:08:02Z,3.6904
2026-01-02T16:16:18Z,3.2345
2026-01-02T16:16:57Z,4.0185
2026-01-02T16:17:36Z,3.4924
2026-01-02T16:18:32Z,3.5849
2026-01-02T16:27:56Z,3.415
2026-01-02T16:36:40Z,3.8747
2026-01-02T16:43:31Z,3.1669
2026-01-02T16:56:18Z,3.5117
2026-01-02T17:00:42Z,3.5858
2026-01-02T17:05:04Z,3.552
2026-01-02T17:33:49Z,4.2269
2026-01-02T17:38:22Z,3.8804
2026-01-02T17:42:00Z,3.2588
2026-01-02T17:51:13Z,1.9503
2026-01-02T17:55:33Z,2.8378
2026-01-02T18:00:54Z,3.5139
2026-01-02T18:08:28Z,3.1058
2026-01-02T18:20:21Z,3.5373
2026-01-02T18:27:42Z,3.4604
2026-01-02T18:32:20Z,1.9599
2026-01-02T18:41:47Z,4.1449
2026-01-02T18:55:19Z,2.6966
2026-01-02T19:11:27Z,2.9411
2026-01-02T19:22:15Z,2.0655
2026-01-02T19:33:03Z,4.2807
2026-01-02T19:33:46Z,2.829
2026-01-02T19:50:25Z,4.0113
2026-01-02T19:59:28Z,3.1621
2026-01-02T20:14:57Z,3.0105
2026-01-02T20:35:16Z,3.321
2026-01-02T20:50:37Z,4.4449
2026-01-02T21:17:01Z,3.012
2026-01-02T21:24:53Z,2.9161
2026-01-02T21:44:44Z,3.4897
2026-01-02T22:01:28Z,3.5693
2026-01-02T22:07:29Z,3.3848
2026-01-02T22:11:24Z,2.2662
2026-01-02T22:15:33Z,3.3841
2026-01-02T22:22:48Z,2.6109
2026-01-02T22:25:07Z,3.9561
2026-01-02T22:37:19Z,2.9963
2026-01-02T22:39:41Z,3.0834
2026-01-02T22:45:00Z,2.7553
2026-01-02T22:53:18Z,3.393
2026-01-02T23:00:53Z,3.4279
2026-01-02T23:02:53Z,4.9032
2026-01-02T23:27:28Z,3.4397
2026-01-02T23:35:20Z,3.5429
2026-01-02T23:36:48Z,3.7398
2026-01-02T23:38:27Z,3.1268
2026-01-02T23:48:30Z,3.2711
2026-01-02T23:59:50Z,2.9215
2026-01-03T00:06:03Z,3.2343
2026-01-03T00:14:01Z,3.449
2026-01-03T00:20:31Z,3.0979
2026-01-03T00:26:20Z,3.2552
2026-01-03T00:29:54Z,3.4179
2026-01-03T00:29:59Z,3.11
2026-01-03T00:43:29Z,4.1015
2026-01-03T00:48:23Z,2.6076
2026-01-03T00:48:38Z,2.7259
2026-01-03T01:01:42Z,3.4834
2026-01-03T02:17:30Z,4.0159
2026-01-03T02:25:43Z,3.8546
2026-01-03T02:29:27Z,3.0331
2026-01-03T02:43:03Z,4.012
2026-01-03T02:44:21Z,2.221
2026-01-03T02:50:12Z,2.8163
2026-01-03T02:52:26Z,3.7816
2026-01-03T02:57:45Z,2.577
2026-01-03T03:14:27Z,4.0407
2026-01-03T03:32:00Z,3.6976
2026-01-03T03:38:12Z,3.7377
2026-01-03T03:39:41Z,3.0267
2026-01-03T03:51:15Z,1.8845
2026-01-03T03:53:13Z,3.2961
2026-01-03T04:00:39Z,2.8371
2026-01-03T04:08:33Z,3.4009
2026-01-03T04:16:35Z,3.8471
2026-01-03T04:22:08Z,3.579
2026-01-03T04:23:06Z,2.9294
2026-01-03T04:24:18Z,2.9821
2026-01-03T04:24:20Z,2.6006
2026-01-03T04:26:49Z,2.7945
2026-01-03T04:37:26Z,3.0478
2026-01-03T04:39:26Z,3.2354
2026-01-03T04:43:10Z,3.8693
2026-01-03T04:44:11Z,3.2249
2026-01-03T04:51:41Z,3.3029
2026-01-03T05:11:08Z,3.2151
2026-01-03T05:15:28Z,3.4239
2026-01-03T05:31:48Z,2.7304
2026-01-03T05:55:54Z,3.3408
2026-01-03T06:00:34Z,3.2825
2026-01-03T06:02:20Z,4.2365
2026-01-03T06:03:02Z,4.1504
2026-01-03T06:18:03Z,2.6802
2026-01-03T07:00:35Z,3.6742
2026-01-03T07:02:24Z,4.4047
2026-01-03T07:21:56Z,3.6919
2026-01-03T07:22:17Z,3.5125
2026-01-03T07:22:49Z,3.6136
2026-01-03T07:28:10Z,3.5733
2026-01-03T07:33:45Z,2.3841
2026-01-03T07:47:25Z,2.9088
2026-01-03T07:56:13Z,3.1873
2026-01-03T08:00:30Z,2.441
2026-01-03T08:39:45Z,1.9276
2026-01-03T08:49:58Z,3.5918
2026-01-03T09:10:46Z,2.6999
2026-01-03T09:25:04Z,3.4577
2026-01-03T09:36:16Z,3.183
2026-01-03T09:39:49Z,2.3644
2026-01-03T09:58:26Z,2.0738
2026-01-03T10:02:19Z,3.206
2026-01-03T10:21:38Z,1.9425
2026-01-03T10:40:46Z,3.9687
2026-01-03T10:44:08Z,2.8554
2026-01-03T10:59:50Z,4.0022
2026-01-03T11:01:59Z,3.7224
2026-01-03T11:04:45Z,3.6443
2026-01-03T11:22:26Z,3.2078
2026-01-03T11:27:08Z,2.8775
2026-01-03T11:27:19Z,3.6119
2026-01-03T11:32:16Z,4.2833
2026-01-03T11:34:55Z,2.5325
2026-01-03T11:54:30Z,4.2965
2026-01-03T11:59:26Z,4.1213
2026-01-03T12:02:56Z,3.076
2026-01-03T12:05:32Z,3.8598
2026-01-03T12:23:45Z,3.3836
2026-01-03T12:23:48Z,2.9531
2026-01-03T12:37:57Z,3.6457
2026-01-03T12:41:35Z,2.3917
2026-01-03T12:47:26Z,3.6752
2026-01-03T13:20:24Z,3.8332
2026-01-03T13:23:08Z,2.9501
2026-01-03T13:25:01Z,3.9592
2026-01-03T13:30:26Z,3.5682
2026-01-03T13:40:15Z,3.2526
2026-01-03T14:13:14Z,3.0833
2026-01-03T14:24:59Z,1.6448
2026-01-03T14:44:10Z,3.8364
2026-01-03T14:52:33Z,3.8559
2026-01-03T14:55:16Z,2.236
2026-01-03T15:09:50Z,3.3066
2026-01-03T15:10:08Z,3.3142
2026-01-03T15:10:32Z,2.8522
2026-01-03T15:11:26Z,3.3839
2026-01-03T15:15:44Z,3.0209
2026-01-03T15:18:54Z,3.1139
2026-01-03T15:27:42Z,3.2545
2026-01-03T15:30:22Z,2.5282
2026-01-03T15:40:25Z,3.3892
2026-01-03T15:43:24Z,4.6791
2026-01-03T15:48:12Z,4.0978
2026-01-03T15:57:34Z,3.5759
2026-01-03T15:58:43Z,2.6448
2026-01-03T16:09:50Z,4.5969
2026-01-03T16:32:56Z,2.3056
2026-01-03T16:39:19Z,4.0283
2026-01-03T16:41:28Z,2.5726
2026-01-03T16:42:23Z,4.6061
2026-01-03T16:48:27Z,2.9628
2026-01-03T16:52:56Z,3.8833
2026-01-03T16:52:58Z,3.4586
2026-01-03T17:14:45Z,3.719
2026-01-03T17:25:55Z,4.0283
2026-01-03T17:26:34Z,2.6924
2026-01-03T17:39:46Z,4.5749
2026-01-03T17:40:39Z,3.0081
2026-01-03T17:44:15Z,3.155
2026-01-03T18:00:58Z,2.8843
2026-01-03T18:03:23Z,3.0896
2026-01-03T18:10:35Z,3.1616
2026-01-03T18:15:42Z,2.923
2026-01-03T18:25:36Z,2.9274
2026-01-03T18:35:32Z,4.1807
2026-01-03T19:00:00Z,4.0929
2026-01-03T19:14:16Z,3.5448
2026-01-03T19:16:14Z,3.2554
2026-01-03T19:35:35Z,3.8316
2026-01-03T19:48:12Z,3.488
2026-01-03T19:56:21Z,2.6177
2026-01-03T20:17:22Z,4.0137
2026-01-03T20:19:35Z,3.3261
2026-01-03T20:35:27Z,2.6573
2026-01-03T20:48:50Z,3.3124
2026-01-03T20:49:55Z,3.2576
2026-01-03T21:01:28Z,3.142
2026-01-03T21:08:55Z,4.0214
2026-01-03T21:18:18Z,3.306
2026-01-03T21:30:06Z,3.472
2026-01-03T21:32:25Z,2.0755
2026-01-03T21:32:37Z,4.5412
2026-01-03T21:46:43Z,3.5663
2026-01-03T21:47:32Z,3.1051
2026-01-03T21:48:21Z,2.4666
2026-01-03T21:55:48Z,3.6676
2026-01-03T21:56:08Z,3.0218
2026-01-03T21:59:41Z,2.9799
2026-01-03T22:00:42Z,3.3016
2026-01-03T22:02:17Z,2.699
2026-01-03T22:05:54Z,3.2029
2026-01-03T22:10:03Z,3.6306
2026-01-03T22:13:11Z,3.0961
2026-01-03T22:18:22Z,4.2601
2026-01-03T22:23:14Z,3.0623
2026-01-03T22:42:10Z,2.6956
2026-01-03T22:43:19Z,2.8338
2026-01-03T22:56:05Z,2.5001
2026-01-03T22:59:57Z,2.6219
2026-01-03T23:01:47Z,2.8142
2026-01-03T23:04:27Z,2.6124
2026-01-03T23:21:21Z,3.3719
2026-01-03T23:24:12Z,1.9342
2026-01-03T23:26:23Z,1.6038
2026-01-03T23:34:06Z,2.339
2026-01-03T23:40:38Z,3.2702
2026-01-03T23:43:16Z,2.3548
2026-01-03T23:54:48Z,4.246
2026-01-04T00:00:42Z,2.7128
2026-01-04T00:02:18Z,3.4384
2026-01-04T00:19:10Z,3.0004
2026-01-04T00:35:15Z,4.3453
2026-01-04T00:46:41Z,1.7718
2026-01-04T00:56:20Z,3.0911
2026-01-04T01:02:37Z,2.144
2026-01-04T01:11:14Z,2.897
2026-01-04T01:30:37Z,3.494
2026-01-04T01:31:06Z,3.9774
2026-01-04T01:34:46Z,2.7505
2026-01-04T01:46:49Z,2.891
2026-01-04T01:49:47Z,4.127
2026-01-04T02:06:09Z,2.3691
2026-01-04T02:14:19Z,3.5673
2026-01-04T02:14:52Z,4.4521
2026-01-04T02:18:53Z,3.8206
2026-01-04T02:33:10Z,3.8277
2026-01-04T02:40:30Z,4.192
2026-01-04T02:45:50Z,3.2776
2026-01-04T02:48:41Z,4.4836
2026-01-04T02:59:29Z,4.1401
2026-01-04T03:10:30Z,3.529
2026-01-04T03:25:35Z,4.0528
2026-01-04T03:32:43Z,2.8919
2026-01-04T03:35:40Z,3.3838
2026-01-04T03:40:56Z,3.736
2026-01-04T03:57:43Z,3.0869
2026-01-04T04:09:55Z,2.6007
2026-01-04T04:26:29Z,2.4949
2026-01-04T04:39:11Z,2.6652
2026-01-04T04:43:05Z,3.0225
2026-01-04T04:45:26Z,3.6486
2026-01-04T04:47:29Z,3.0018
2026-01-04T05:03:19Z,2.0359
2026-01-04T05:08:58Z,3.2877
2026-01-04T05:09:10Z,3.9669
2026-01-04T05:14:36Z,2.8547
2026-01-04T05:14:43Z,3.614
2026-01-04T05:32:47Z,1.7857
2026-01-04T05:45:42Z,2.6228
2026-01-04T05:51:35Z,3.3105
2026-01-04T06:03:50Z,2.1831
2026-01-04T06:16:16Z,4.7745
2026-01-04T06:17:05Z,3.0681
2026-01-04T06:25:50Z,3.6717
2026-01-04T06:33:32Z,3.0041
2026-01-04T06:37:03Z,2.2249
2026-01-04T06:56:01Z,3.6666
2026-01-04T06:56:38Z,3.1567
2026-01-04T07:01:33Z,3.0584
2026-01-04T07:08:06Z,3.9291
2026-01-04T07:13:32Z,3.7073
2026-01-04T07:18:16Z,3.979
2026-01-04T07:26:19Z,2.7151
2026-01-04T07:29:07Z,3.94
2026-01-04T08:02:32Z,4.5203
2026-01-04T08:27:03Z,3.3544
2026-01-04T08:48:09Z,3.1034
2026-01-04T08:55:22Z,2.5988
2026-01-04T08:57:38Z,3.6349
2026-01-04T09:01:42Z,3.9111
2026-01-04T09:17:47Z,2.0941
2026-01-04T09:31:18Z,3.7706
2026-01-04T09:54:05Z,3.1443
2026-01-04T09:57:45Z,4.131
2026-01-04T10:02:01Z,3.2785
2026-01-04T10:02:15Z,2.9295
2026-01-04T10:06:22Z,3.7209
2026-01-04T10:15:18Z,3.3236
2026-01-04T10:41:38Z,3.9264
2026-01-04T10:44:01Z,3.0373
2026-01-04T11:00:16Z,3.0959
2026-01-04T11:12:40Z,3.432
2026-01-04T11:18:16Z,3.9842
2026-01-04T11:22:53Z,3.3565
2026-01-04T11:34:31Z,3.9756
2026-01-04T11:37:29Z,2.8292
2026-01-04T11:44:00Z,3.1904
2026-01-04T11:51:21Z,3.7961
2026-01-04T11:58:48Z,3.3921
2026-01-04T12:24:42Z,3.3643
2026-01-04T12:34:28Z,3.5434
2026-01-04T12:39:13Z,3.5507
2026-01-04T12:46:36Z,3.3285
2026-01-04T13:03:47Z,3.4901
2026-01-04T13:15:46Z,4.4982
2026-01-04T13:18:55Z,3.0097
2026-01-04T13:29:05Z,3.4122
2026-01-04T13:33:07Z,3.0091
2026-01-04T13:42:28Z,3.6849
2026-01-04T13:57:16Z,3.8329
2026-01-04T14:00:19Z,2.99
2026-01-04T14:23:02Z,4.0182
2026-01-04T14:32:21Z,3.0985
2026-01-04T14:38:16Z,2.8523
2026-01-04T14:51:58Z,2.6016
2026-01-04T14:52:03Z,3.648
2026-01-04T15:02:41Z,3.5357
2026-01-04T15:24:24Z,2.328
2026-01-04T15:36:30Z,2.9316
2026-01-04T15:38:54Z,1.8574
2026-01-04T15:52:41Z,3.4393
2026-01-04T15:55:51Z,3.2805
2026-01-04T16:17:00Z,3.1251
2026-01-04T16:31:45Z,3.0593
2026-01-04T16:34:30Z,3.3153
2026-01-04T16:39:16Z,3.0608
2026-01-04T16:40:12Z,3.9115
2026-01-04T16:46:07Z,2.6635
2026-01-04T17:00:49Z,4.0052
2026-01-04T17:10:05Z,3.1763
2026-01-04T17:27:16Z,3.7367
2026-01-04T17:46:03Z,2.3488
2026-01-04T17:48:51Z,2.7755
2026-01-04T17:56:58Z,2.4595
2026-01-04T17:58:50Z,4.5406
2026-01-04T18:02:27Z,3.763
2026-01-04T18:20:50Z,2.9622
2026-01-04T18:27:51Z,4.4642
2026-01-04T18:29:29Z,2.5002
2026-01-04T18:33:35Z,3.3683
2026-01-04T18:42:02Z,4.1606
2026-01-04T18:58:09Z,3.3356
2026-01-04T18:59:02Z,3.2139
2026-01-04T19:09:22Z,2.2526
2026-01-04T19:09:32Z,3.9379
2026-01-04T19:23:42Z,4.1734
2026-01-04T19:41:29Z,3.0872
2026-01-04T19:48:43Z,3.6359
2026-01-04T20:00:15Z,3.1621
2026-01-04T20:01:25Z,3.851
2026-01-04T20:10:29Z,1.4014
2026-01-04T20:16:07Z,2.4917
2026-01-04T20:21:28Z,3.8889
2026-01-04T20:28:46Z,3.3483
2026-01-04T20:33:42Z,3.8741
2026-01-04T20:39:42Z,3.7681
2026-01-04T21:21:14Z,5.0946
2026-01-04T21:30:57Z,4.1413
2026-01-04T21:45:28Z,3.5469
2026-01-04T21:59:13Z,3.9828
2026-01-04T22:13:33Z,3.564
2026-01-04T22:24:55Z,3.357
2026-01-04T22:30:07Z,2.7524
2026-01-04T22:39:51Z,3.5646
2026-01-04T22:42:31Z,3.6684
2026-01-04T22:47:48Z,3.7972
2026-01-04T22:48:30Z,3.6641
2026-01-04T22:52:57Z,3.2421
2026-01-04T22:59:59Z,4.6585
2026-01-04T23:08:52Z,2.9359
2026-01-04T23:15:21Z,3.3771
2026-01-04T23:16:40Z,1.9884
2026-01-04T23:20:02Z,2.1326
2026-01-04T23:20:32Z,3.4189
2026-01-04T23:25:25Z,2.0167
2026-01-04T23:25:34Z,2.5989
2026-01-04T23:31:32Z,2.9569
2026-01-04T23:44:21Z,3.551
2026-01-04T23:44:47Z,4.2128
2026-01-04T23:46:01Z,2.9655
2026-01-04T23:48:07Z,3.2816
2026-01-04T23:48:19Z,3.9598
2026-01-04T23:53:55Z,3.6322
2026-01-04T23:54:21Z,2.582
2026-01-05T00:09:56Z,3.4817
2026-01-05T00:13:39Z,3.2891
2026-01-05T00:17:13Z,2.6932
2026-01-05T00:30:07Z,3.2753
2026-01-05T00:45:47Z,2.9486
2026-01-05T01:00:35Z,3.2242
2026-01-05T01:06:53Z,3.3113
2026-01-05T01:11:23Z,3.2443
2026-01-05T01:16:39Z,3.7709
2026-01-05T01:21:22Z,2.4428
2026-01-05T01:24:32Z,3.4622
2026-01-05T01:46:23Z,3.3414
2026-01-05T01:46:35Z,4.2203
2026-01-05T01:46:53Z,4.2609
2026-01-05T01:51:23Z,2.9325
2026-01-05T01:52:22Z,2.7981
2026-01-05T01:58:55Z,4.0362
2026-01-05T01:59:09Z,2.803
2026-01-05T02:21:20Z,2.6141
2026-01-05T02:24:32Z,3.4061
2026-01-05T02:38:46Z,4.486
2026-01-05T02:45:53Z,2.8616
2026-01-05T02:47:33Z,3.474
2026-01-05T02:50:48Z,2.9401
2026-01-05T02:56:30Z,3.4752
2026-01-05T03:26:04Z,3.3356
2026-01-05T03:46:13Z,3.0416
2026-01-05T03:49:00Z,4.0327
2026-01-05T04:26:04Z,3.87
2026-01-05T04:28:04Z,2.8192
2026-01-05T05:01:47Z,3.5589
2026-01-05T05:12:34Z,4.4212
2026-01-05T05:31:53Z,3.7849
2026-01-05T05:40:52Z,3.5238
2026-01-05T06:00:46Z,2.9439
2026-01-05T06:15:56Z,4.2231
2026-01-05T06:17:19Z,2.8064
2026-01-05T06:50:25Z,3.4262
2026-01-05T06:57:00Z,3.102
2026-01-05T07:01:28Z,4.2548
2026-01-05T07:02:52Z,2.7719
2026-01-05T07:10:36Z,4.122
2026-01-05T07:13:00Z,1.9295
2026-01-05T07:27:41Z,3.4887
2026-01-05T07:34:43Z,3.4303
2026-01-05T07:41:32Z,2.5033
2026-01-05T07:56:37Z,3.3075
2026-01-05T07:57:58Z,2.8433
2026-01-05T07:58:32Z,3.5271
2026-01-05T08:14:00Z,3.8251
2026-01-05T08:52:37Z,2.7959
2026-01-05T08:55:14Z,3.7069
2026-01-05T09:03:32Z,2.5983
2026-01-05T09:23:49Z,4.344
2026-01-05T09:32:27Z,2.8644
2026-01-05T09:47:50Z,3.1143
2026-01-05T09:49:02Z,3.69
2026-01-05T09:50:42Z,2.5914
2026-01-05T09:57:13Z,2.8341
2026-01-05T10:12:51Z,3.8219
2026-01-05T10:21:43Z,2.6003
2026-01-05T10:49:45Z,3.866
2026-01-05T11:31:49Z,3.7131
2026-01-05T11:33:29Z,3.9702
2026-01-05T12:12:00Z,3.0627
2026-01-05T12:12:30Z,4.3673
2026-01-05T12:27:22Z,4.1884
2026-01-05T12:30:56Z,3.239
2026-01-05T12:45:27Z,2.7001
2026-01-05T12:48:29Z,2.9718
2026-01-05T13:16:48Z,3.0363
2026-01-05T13:29:27Z,4.091
2026-01-05T13:37:12Z,4.0625
2026-01-05T14:18:56Z,2.88
2026-01-05T14:36:31Z,3.7445
2026-01-05T14:39:59Z,3.5567
2026-01-05T14:44:05Z,2.877
2026-01-05T14:46:10Z,3.3618
2026-01-05T14:56:12Z,4.393
2026-01-05T14:56:36Z,2.9416
2026-01-05T15:07:23Z,3.1682
2026-01-05T15:16:55Z,3.0885
2026-01-05T15:29:26Z,2.6186
2026-01-05T15:35:22Z,2.8317
2026-01-05T15:51:27Z,2.9306
2026-01-05T16:03:32Z,3.1302
2026-01-05T16:47:12Z,3.1706
2026-01-05T17:34:22Z,4.0205
2026-01-05T17:45:55Z,2.8228
2026-01-05T17:45:58Z,3.7696
2026-01-05T17:46:26Z,3.1719
2026-01-05T17:50:01Z,3.5282
2026-01-05T17:51:01Z,1.787
2026-01-05T18:27:37Z,3.0799
2026-01-05T18:37:53Z,3.3846
2026-01-05T18:54:01Z,3.0941
2026-01-05T19:00:31Z,4.1977
2026-01-05T19:06:25Z,3.2828
2026-01-05T19:08:25Z,2.471
2026-01-05T19:15:30Z,3.0426
2026-01-05T19:44:04Z,2.2108
2026-01-05T20:03:03Z,2.7855
2026-01-05T20:06:10Z,4.0344
2026-01-05T20:19:58Z,2.356
2026-01-05T20:41:16Z,2.7949
2026-01-05T20:45:04Z,3.7544
2026-01-05T20:51:07Z,3.4694
2026-01-05T20:53:07Z,3.0132
2026-01-05T20:57:46Z,3.9574
2026-01-05T21:07:57Z,3.9017
2026-01-05T21:11:24Z,3.0635
2026-01-05T21:13:59Z,3.2313
2026-01-05T21:14:03Z,2.958
2026-01-05T21:35:58Z,3.9048
2026-01-05T21:41:39Z,3.6228
2026-01-05T21:49:12Z,5.0659
2026-01-05T22:01:29Z,3.4297
2026-01-05T22:02:42Z,2.7667
2026-01-05T22:16:44Z,2.4565
2026-01-05T22:21:56Z,4.0043
2026-01-05T22:31:55Z,3.5848
2026-01-05T22:37:51Z,2.3672
2026-01-05T22:39:22Z,4.696
2026-01-05T22:39:35Z,3.36
2026-01-05T23:02:19Z,3.4015
2026-01-05T23:25:20Z,3.258
2026-01-05T23:27:27Z,3.7912
2026-01-05T23:28:23Z,3.2299
2026-01-05T23:30:23Z,2.3121
2026-01-05T23:41:39Z,2.9602
2026-01-05T23:43:30Z,3.0941
2026-01-06T00:10:28Z,3.133
2026-01-06T00:25:08Z,3.6122
2026-01-06T00:52:04Z,3.3268
2026-01-06T01:04:11Z,3.2582
2026-01-06T01:14:05Z,3.0511
2026-01-06T01:16:24Z,2.69
2026-01-06T01:16:33Z,4.2127
2026-01-06T01:39:30Z,4.093
2026-01-06T01:48:17Z,3.4825
2026-01-06T01:49:41Z,4.0161
2026-01-06T01:59:29Z,2.6753
2026-01-06T02:00:32Z,4.0068
2026-01-06T02:13:59Z,3.1823
2026-01-06T02:22:30Z,3.3868
2026-01-06T02:28:57Z,4.1367
2026-01-06T02:43:49Z,2.2533
2026-01-06T02:49:38Z,2.8262
2026-01-06T03:32:06Z,2.747
2026-01-06T03:47:22Z,3.9899
2026-01-06T03:54:53Z,3.0169
2026-01-06T04:03:14Z,2.3744
2026-01-06T04:12:27Z,3.0889
2026-01-06T04:15:40Z,3.6497
2026-01-06T04:16:37Z,3.0791
2026-01-06T04:39:45Z,4.5818
2026-01-06T04:48:09Z,4.2804
2026-01-06T05:17:08Z,2.3525
2026-01-06T05:26:53Z,2.7646
2026-01-06T05:28:40Z,3.4234
2026-01-06T05:58:53Z,2.8193
2026-01-06T06:01:34Z,2.9218
2026-01-06T06:44:37Z,3.2346
2026-01-06T06:52:18Z,3.3596
2026-01-06T06:56:45Z,4.2893
2026-01-06T07:18:52Z,3.3011
2026-01-06T07:28:40Z,3.5914
2026-01-06T07:43:36Z,2.2388
2026-01-06T08:04:18Z,1.979
2026-01-06T08:10:16Z,2.6606
2026-01-06T08:16:14Z,3.0543
2026-01-06T08:17:42Z,2.7683
2026-01-06T08:29:04Z,3.3331
2026-01-06T08:38:09Z,3.1431
2026-01-06T08:49:07Z,4.6612
2026-01-06T08:55:16Z,4.2922
2026-01-06T09:03:01Z,4.5012
2026-01-06T09:04:06Z,3.0052
2026-01-06T09:05:45Z,3.0831
2026-01-06T09:18:46Z,3.8336
2026-01-06T09:25:29Z,3.8614
2026-01-06T09:39:33Z,3.2045
2026-01-06T09:45:03Z,3.6638
2026-01-06T09:54:45Z,3.7825
2026-01-06T10:04:58Z,1.9911
2026-01-06T10:22:13Z,3.3599
2026-01-06T10:25:59Z,3.1907
2026-01-06T10:30:39Z,3.0633
2026-01-06T10:34:38Z,3.5868
2026-01-06T10:45:03Z,3.086
2026-01-06T10:48:07Z,2.6518
2026-01-06T10:50:51Z,3.5983
2026-01-06T11:01:24Z,2.7659
2026-01-06T11:05:09Z,3.833
2026-01-06T11:08:59Z,2.6235
2026-01-06T11:13:41Z,2.5853
2026-01-06T11:34:30Z,2.3332
2026-01-06T11:36:24Z,3.0962
2026-01-06T11:37:18Z,4.0028
2026-01-06T12:12:57Z,2.7205
2026-01-06T12:18:00Z,3.732
2026-01-06T12:19:42Z,2.8635
2026-01-06T12:24:06Z,2.0791
2026-01-06T12:28:06Z,4.237
2026-01-06T12:33:09Z,3.379
2026-01-06T12:37:03Z,3.0892
2026-01-06T12:45:03Z,2.0327
2026-01-06T13:12:16Z,3.3278
2026-01-06T13:25:04Z,4.0072
2026-01-06T13:32:58Z,3.021
2026-01-06T13:40:51Z,2.3634
2026-01-06T13:40:55Z,3.3215
2026-01-06T13:46:09Z,3.4687
2026-01-06T14:08:46Z,2.6276
2026-01-06T14:08:48Z,3.9005
2026-01-06T14:11:46Z,5.3985
2026-01-06T14:18:58Z,3.6352
2026-01-06T14:21:24Z,4.2127
2026-01-06T14:32:23Z,3.36
2026-01-06T14:32:38Z,3.3481
2026-01-06T14:41:22Z,4.0024
2026-01-06T14:43:32Z,2.9412
2026-01-06T14:49:47Z,4.1268
2026-01-06T15:01:53Z,2.37
2026-01-06T15:05:48Z,3.8007
2026-01-06T15:06:24Z,3.7418
2026-01-06T15:06:29Z,3.9344
2026-01-06T15:49:02Z,3.0565
2026-01-06T16:01:38Z,4.307
2026-01-06T16:03:44Z,3.3344
2026-01-06T16:21:48Z,3.2237
2026-01-06T16:23:24Z,3.1815
2026-01-06T16:53:28Z,4.1701
2026-01-06T16:58:17Z,3.5778
2026-01-06T17:00:12Z,4.1773
2026-01-06T17:01:51Z,4.0866
2026-01-06T17:04:40Z,4.1782
2026-01-06T17:06:42Z,4.1502
2026-01-06T17:08:52Z,2.2477
2026-01-06T17:22:07Z,2.7249
2026-01-06T17:25:16Z,3.6687
2026-01-06T18:07:28Z,3.5149
2026-01-06T18:18:36Z,2.7394
2026-01-06T18:20:34Z,2.1605
2026-01-06T18:25:14Z,3.465
2026-01-06T18:40:05Z,3.2441
2026-01-06T18:43:07Z,2.6133
2026-01-06T19:01:52Z,3.0797
2026-01-06T19:06:14Z,2.7446
2026-01-06T19:22:05Z,2.9349
2026-01-06T19:24:43Z,3.1227
2026-01-06T19:33:11Z,2.6683
2026-01-06T19:46:57Z,4.1415
2026-01-06T19:55:44Z,3.888
2026-01-06T20:15:06Z,3.8455
2026-01-06T20:45:55Z,2.2248
2026-01-06T20:49:50Z,3.7369
2026-01-06T21:01:34Z,2.3241
2026-01-06T21:02:00Z,3.1698
2026-01-06T21:07:55Z,3.3205
2026-01-06T21:26:35Z,4.0837
2026-01-06T21:31:35Z,4.246
2026-01-06T22:03:20Z,3.2966
2026-01-06T22:51:36Z,3.7987
2026-01-06T23:32:02Z,3.4003
2026-01-06T23:38:11Z,2.4096
2026-01-06T23:40:49Z,4.5033
2026-01-06T23:40:58Z,2.6898
2026-01-06T23:41:59Z,3.8621
2026-01-06T23:49:01Z,2.4167
2026-01-07T00:32:38Z,4.1369
2026-01-07T00:40:38Z,3.9686
2026-01-07T00:42:03Z,2.7571
2026-01-07T00:59:56Z,3.5191
2026-01-07T01:14:55Z,3.7686
2026-01-07T01:39:14Z,2.8014
2026-01-07T01:46:53Z,3.0652
2026-01-07T01:48:09Z,3.1332
2026-01-07T01:56:18Z,3.376
2026-01-07T02:03:34Z,2.3701
2026-01-07T02:17:40Z,3.7419
2026-01-07T02:23:57Z,3.5705
2026-01-07T02:24:49Z,3.8917
2026-01-07T02:42:08Z,3.6089
2026-01-07T02:44:39Z,2.3948
2026-01-07T02:57:47Z,1.8204
2026-01-07T03:06:07Z,3.2904
2026-01-07T03:20:09Z,3.371
2026-01-07T03:21:27Z,3.2411
2026-01-07T03:34:58Z,2.5298
2026-01-07T03:51:32Z,3.0215
2026-01-07T03:58:28Z,2.3085
2026-01-07T04:03:25Z,3.0741
2026-01-07T04:07:04Z,3.4789
2026-01-07T04:08:24Z,2.8572
2026-01-07T04:11:09Z,4.5738
2026-01-07T04:11:30Z,4.6034
2026-01-07T04:20:53Z,2.5692
2026-01-07T04:23:29Z,3.5839
2026-01-07T04:47:55Z,2.6032
2026-01-07T04:53:31Z,3.6894
2026-01-07T05:11:39Z,2.9386
2026-01-07T05:52:22Z,3.1537
2026-01-07T05:59:08Z,3.0072
2026-01-07T06:11:25Z,3.9604
2026-01-07T06:27:20Z,3.6302
2026-01-07T06:38:35Z,2.1529
2026-01-07T06:54:57Z,3.3911
2026-01-07T06:55:59Z,2.3857
2026-01-07T06:58:39Z,3.3506
2026-01-07T07:07:13Z,4.1055
2026-01-07T07:54:47Z,3.1742
2026-01-07T08:09:45Z,2.9786
2026-01-07T08:12:11Z,3.5878
2026-01-07T08:20:00Z,3.2055
2026-01-07T08:27:49Z,2.8203
2026-01-07T08:28:43Z,2.8629
2026-01-07T08:31:55Z,2.537
2026-01-07T08:42:09Z,2.3143
2026-01-07T09:12:29Z,3.4221
2026-01-07T09:41:34Z,3.1809
2026-01-07T09:54:35Z,3.8656
2026-01-07T09:54:43Z,3.2194
2026-01-07T09:56:55Z,3.8153
2026-01-07T10:06:31Z,1.9454
2026-01-07T10:07:30Z,2.9838
2026-01-07T10:47:52Z,3.877
2026-01-07T11:03:06Z,3.118
2026-01-07T11:08:28Z,3.9407
2026-01-07T11:10:12Z,3.022
2026-01-07T11:13:04Z,3.4239
2026-01-07T11:13:05Z,3.535
2026-01-07T11:15:33Z,3.6809
2026-01-07T11:19:24Z,3.9829
2026-01-07T11:20:16Z,3.2308
2026-01-07T11:46:37Z,3.575
2026-01-07T11:48:38Z,3.017
2026-01-07T11:59:49Z,3.1584
2026-01-07T11:59:51Z,3.3372
2026-01-07T12:11:25Z,3.5623
2026-01-07T12:21:31Z,5.0845
2026-01-07T12:35:50Z,2.4496
2026-01-07T12:38:01Z,3.0438
2026-01-07T13:04:50Z,4.3875
2026-01-07T13:13:31Z,3.0145
2026-01-07T13:16:38Z,3.4731
2026-01-07T13:21:20Z,2.0255
2026-01-07T13:24:14Z,3.6085
2026-01-07T13:27:34Z,3.3793
2026-01-07T13:32:01Z,2.2918
2026-01-07T13:33:26Z,2.9815
2026-01-07T13:47:07Z,2.2794
2026-01-07T14:05:24Z,3.3786
2026-01-07T14:14:24Z,2.7035
2026-01-07T14:43:51Z,3.7192
2026-01-07T14:51:50Z,3.0884
2026-01-07T15:03:53Z,2.1496
2026-01-07T15:09:33Z,3.2197
2026-01-07T15:16:19Z,2.9763
2026-01-07T15:16:30Z,2.9762
2026-01-07T15:36:19Z,3.0454
2026-01-07T16:00:14Z,3.9313
2026-01-07T16:08:15Z,3.9593
2026-01-07T16:25:26Z,2.8375
2026-01-07T17:00:28Z,2.8306
2026-01-07T17:03:24Z,3.1183
2026-01-07T17:23:03Z,2.6412
2026-01-07T17:28:28Z,4.6647
2026-01-07T17:53:05Z,2.8435
2026-01-07T18:01:44Z,3.5995
2026-01-07T18:03:00Z,1.8165
2026-01-07T18:06:00Z,2.9592
2026-01-07T18:16:30Z,2.863
2026-01-07T18:24:29Z,3.6525
2026-01-07T18:30:51Z,3.0004
2026-01-07T18:33:21Z,2.9979
2026-01-07T18:49:59Z,3.439
2026-01-07T18:50:18Z,3.0705
2026-01-07T18:50:28Z,3.7376
2026-01-07T19:14:41Z,3.1794
2026-01-07T19:33:07Z,3.6724
2026-01-07T19:33:47Z,2.4629
2026-01-07T19:41:08Z,2.6633
2026-01-07T19:51:08Z,3.3147
2026-01-07T19:56:46Z,2.7068
2026-01-07T20:03:42Z,3.7568
2026-01-07T20:31:32Z,3.0589
2026-01-07T21:04:15Z,3.383
2026-01-07T21:07:03Z,2.855
2026-01-07T21:08:15Z,2.1871
2026-01-07T21:21:34Z,2.7385
2026-01-07T21:22:31Z,3.4659
2026-01-07T21:36:08Z,2.6474
2026-01-07T21:52:49Z,3.3781
2026-01-07T21:54:20Z,3.3779
2026-01-07T22:04:10Z,3.296
2026-01-07T22:14:52Z,1.9737
2026-01-07T22:19:24Z,4.7869
2026-01-07T22:23:44Z,2.5666
2026-01-07T22:27:43Z,3.6068
2026-01-07T22:33:45Z,2.9987
2026-01-07T22:36:04Z,2.5077
2026-01-07T22:48:14Z,2.5651
2026-01-07T22:52:39Z,4.4739
2026-01-07T23:15:07Z,3.0412
2026-01-07T23:26:23Z,2.8125
2026-01-07T23:52:27Z,3.2825
2026-01-08T00:21:18Z,3.7207
2026-01-08T00:33:31Z,2.8601
2026-01-08T00:39:57Z,4.5045
2026-01-08T00:42:22Z,3.6118
2026-01-08T00:55:19Z,1.6541
2026-01-08T00:58:38Z,3.0787
2026-01-08T01:06:20Z,3.2944
2026-01-08T01:13:21Z,3.554
2026-01-08T01:18:58Z,4.0713
2026-01-08T01:29:54Z,3.4675
2026-01-08T01:29:57Z,3.6781
2026-01-08T01:36:48Z,3.317
2026-01-08T01:43:23Z,3.9513
2026-01-08T01:43:26Z,3.6178
2026-01-08T01:48:37Z,2.9683
2026-01-08T01:55:24Z,3.8302
2026-01-08T02:00:38Z,4.0051
2026-01-08T02:06:18Z,3.661
2026-01-08T02:18:46Z,3.8401
2026-01-08T02:19:15Z,2.311
2026-01-08T02:34:03Z,3.6144
2026-01-08T02:45:42Z,2.4769
2026-01-08T02:54:36Z,4.7064
2026-01-08T03:03:44Z,3.2604
2026-01-08T03:04:28Z,4.3296
2026-01-08T03:11:56Z,3.5768
2026-01-08T03:20:56Z,2.7165
2026-01-08T03:29:41Z,4.5231
2026-01-08T03:36:27Z,4.788
2026-01-08T03:46:02Z,3.342
2026-01-08T04:02:49Z,2.7264
2026-01-08T04:18:38Z,2.9668
2026-01-08T04:51:35Z,3.0202
2026-01-08T04:53:47Z,4.1563
2026-01-08T05:47:15Z,3.5653
2026-01-08T05:49:36Z,3.8601
2026-01-08T05:51:05Z,3.3126
2026-01-08T05:57:58Z,2.4516
2026-01-08T06:04:12Z,4.0829
2026-01-08T06:11:51Z,3.7124
2026-01-08T06:36:39Z,2.5916
2026-01-08T06:54:14Z,1.8679
2026-01-08T06:59:42Z,3.868
2026-01-08T07:02:29Z,3.6037
2026-01-08T07:02:36Z,3.6482
2026-01-08T07:12:02Z,4.3132
2026-01-08T07:13:10Z,3.0903
2026-01-08T07:29:00Z,4.1777
2026-01-08T07:29:40Z,4.0805
2026-01-08T07:35:32Z,3.1437
2026-01-08T07:35:57Z,3.3945
2026-01-08T07:36:59Z,2.9724
2026-01-08T07:43:08Z,2.5713
2026-01-08T07:54:43Z,2.6615
2026-01-08T08:17:57Z,2.8879
2026-01-08T08:32:39Z,3.9495
2026-01-08T08:44:17Z,3.2183
2026-01-08T08:46:36Z,3.5031
2026-01-08T08:53:45Z,3.8614
2026-01-08T09:31:45Z,3.9202
2026-01-08T09:37:29Z,3.6896
2026-01-08T09:44:19Z,3.7188
2026-01-08T09:49:04Z,3.2708
2026-01-08T09:59:13Z,3.6983
2026-01-08T10:09:53Z,3.4019
2026-01-08T10:14:38Z,3.7645
2026-01-08T10:17:08Z,3.916
2026-01-08T10:34:41Z,3.2787
2026-01-08T10:40:52Z,1.3856
2026-01-08T11:09:34Z,2.82
2026-01-08T11:10:31Z,2.6959
2026-01-08T11:18:50Z,2.76
2026-01-08T11:21:33Z,3.0577
2026-01-08T11:26:00Z,2.4966
2026-01-08T11:43:50Z,4.7034
2026-01-08T11:44:25Z,3.7582
2026-01-08T12:02:41Z,2.8011
2026-01-08T12:06:33Z,3.421
2026-01-08T12:09:21Z,2.7379
2026-01-08T12:20:26Z,3.3423
2026-01-08T12:39:17Z,3.2149
2026-01-08T12:40:44Z,2.921
2026-01-08T12:46:07Z,1.8574
2026-01-08T12:52:07Z,3.3202
2026-01-08T13:12:45Z,3.1485
2026-01-08T13:18:20Z,2.9034
2026-01-08T13:29:23Z,2.3529
2026-01-08T13:31:16Z,2.8694
2026-01-08T13:41:19Z,3.0431
2026-01-08T13:55:15Z,2.3881
2026-01-08T13:58:02Z,2.4561
2026-01-08T14:11:23Z,2.3076
2026-01-08T14:26:08Z,4.42
2026-01-08T14:46:04Z,4.2791
2026-01-08T14:46:05Z,3.4007
2026-01-08T15:00:26Z,3.154
2026-01-08T15:16:39Z,1.8801
2026-01-08T15:20:29Z,2.6018
2026-01-08T15:21:14Z,3.1968
2026-01-08T15:57:42Z,3.3885
2026-01-08T16:20:55Z,3.7993
2026-01-08T16:27:51Z,1.8484
2026-01-08T16:28:05Z,2.922
2026-01-08T16:40:48Z,2.6111
2026-01-08T16:45:21Z,3.2674
2026-01-08T17:02:57Z,3.4442
2026-01-08T17:08:12Z,2.0449
2026-01-08T17:12:02Z,2.8391
2026-01-08T17:13:09Z,3.1737
2026-01-08T17:45:29Z,3.4994
2026-01-08T17:49:31Z,3.5207
2026-01-08T17:54:34Z,3.6212
2026-01-08T17:57:29Z,3.9737
2026-01-08T18:10:27Z,2.3052
2026-01-08T18:15:59Z,2.86
2026-01-08T18:50:59Z,2.1597
2026-01-08T18:53:47Z,3.5902
2026-01-08T19:02:43Z,3.951
2026-01-08T19:16:29Z,2.8345
2026-01-08T19:28:09Z,3.9837
2026-01-08T19:34:41Z,3.3117
2026-01-08T19:37:32Z,3.316
2026-01-08T19:59:30Z,1.7875
2026-01-08T20:00:17Z,4.9507
2026-01-08T20:05:10Z,3.6488
2026-01-08T20:16:49Z,3.3021
2026-01-08T20:58:35Z,3.2055
2026-01-08T21:04:51Z,2.8059
2026-01-08T21:26:10Z,3.2773
2026-01-08T21:32:56Z,4.2522
2026-01-08T22:07:48Z,3.6036
2026-01-08T22:16:24Z,2.8214
2026-01-08T22:24:51Z,2.3889
2026-01-08T22:29:56Z,3.9905
2026-01-08T22:43:30Z,4.5736
2026-01-08T22:43:34Z,2.6008
2026-01-08T22:45:47Z,2.9368
2026-01-08T22:51:43Z,3.3086
2026-01-08T23:01:05Z,3.2936
2026-01-08T23:06:32Z,3.8424
2026-01-08T23:15:53Z,3.3456
2026-01-08T23:39:46Z,3.5379
2026-01-08T23:43:34Z,3.0597
2026-01-08T23:43:36Z,2.7234
2026-01-08T23:47:32Z,3.0482
2026-01-08T23:55:58Z,4.9691
2026-01-08T23:57:56Z,1.6009
2026-01-09T00:15:40Z,2.5232
2026-01-09T00:36:13Z,3.5759
2026-01-09T00:40:38Z,2.9841
2026-01-09T00:55:49Z,2.3954
2026-01-09T00:57:49Z,2.8016
2026-01-09T01:00:08Z,3.4161
2026-01-09T01:02:35Z,2.3979
2026-01-09T01:07:56Z,3.0599
2026-01-09T01:14:21Z,3.4025
2026-01-09T01:57:09Z,2.579
2026-01-09T01:59:01Z,2.8103
2026-01-09T02:41:03Z,3.0782
2026-01-09T02:49:06Z,3.5204
2026-01-09T02:54:29Z,2.8333
2026-01-09T02:54:29Z,3.4999
2026-01-09T03:00:12Z,4.0188
2026-01-09T03:03:28Z,2.015
2026-01-09T03:03:54Z,3.2161
2026-01-09T03:26:57Z,3.4141
2026-01-09T03:31:29Z,3.3857
2026-01-09T03:43:51Z,2.3253
2026-01-09T03:47:34Z,3.0284
2026-01-09T03:59:34Z,3.6884
2026-01-09T04:02:04Z,3.2868
2026-01-09T04:15:45Z,1.8195
2026-01-09T04:16:36Z,3.0764
2026-01-09T04:18:27Z,3.23
2026-01-09T04:20:04Z,3.6673
2026-01-09T04:21:36Z,2.5569
2026-01-09T04:39:19Z,3.3669
2026-01-09T04:44:45Z,3.7358
2026-01-09T04:57:56Z,3.217
2026-01-09T05:07:25Z,3.084
2026-01-09T05:11:36Z,2.7719
2026-01-09T05:12:52Z,2.3904
2026-01-09T05:14:43Z,3.3867
2026-01-09T05:16:29Z,4.5703
2026-01-09T05:23:49Z,3.1229
2026-01-09T05:26:37Z,2.4293
2026-01-09T06:00:51Z,3.3515
2026-01-09T06:05:01Z,2.6485
2026-01-09T06:06:54Z,3.5109
2026-01-09T06:11:34Z,3.9582
2026-01-09T06:15:50Z,2.8328
2026-01-09T06:20:01Z,2.8235
2026-01-09T06:39:00Z,4.3222
2026-01-09T06:40:02Z,2.8386
2026-01-09T06:41:06Z,3.6573
2026-01-09T06:46:41Z,2.696
2026-01-09T06:46:55Z,4.0265
2026-01-09T06:52:12Z,3.554
2026-01-09T06:53:41Z,4.6478
2026-01-09T07:05:47Z,3.4466
2026-01-09T07:13:39Z,2.7255
2026-01-09T07:36:09Z,3.3857
2026-01-09T07:44:51Z,3.6065
2026-01-09T07:48:04Z,3.4398
2026-01-09T07:57:06Z,3.0272
2026-01-09T08:03:37Z,2.7775
2026-01-09T08:24:22Z,3.439
2026-01-09T08:42:48Z,3.1224
2026-01-09T08:47:30Z,3.4352
2026-01-09T08:47:34Z,3.4347
2026-01-09T08:48:40Z,2.7306
2026-01-09T08:49:57Z,1.7697
2026-01-09T08:58:00Z,2.4929
2026-01-09T08:59:06Z,3.2475
2026-01-09T09:04:26Z,2.916
2026-01-09T09:10:00Z,4.5749
2026-01-09T09:23:09Z,4.4776
2026-01-09T09:24:24Z,3.5121
2026-01-09T09:29:31Z,3.6542
2026-01-09T09:36:12Z,3.1702
2026-01-09T09:40:37Z,2.9707
2026-01-09T09:44:31Z,2.3935
2026-01-09T10:15:25Z,3.6497
2026-01-09T10:15:44Z,3.1413
2026-01-09T10:22:03Z,2.7728
2026-01-09T10:23:35Z,3.3416
2026-01-09T10:34:26Z,2.5749
2026-01-09T10:35:40Z,1.8743
2026-01-09T10:36:36Z,3.3147
2026-01-09T10:39:14Z,3.7552
2026-01-09T10:45:51Z,2.5491
2026-01-09T10:54:41Z,2.7827
2026-01-09T10:58:01Z,3.4266
2026-01-09T11:06:14Z,2.9328
2026-01-09T11:14:20Z,3.2904
2026-01-09T11:17:29Z,4.0362
2026-01-09T11:21:15Z,2.8027
2026-01-09T11:33:20Z,3.3615
2026-01-09T11:47:24Z,3.5797
2026-01-09T11:49:41Z,4.491
2026-01-09T12:13:29Z,3.2374
2026-01-09T12:28:14Z,3.263
2026-01-09T12:48:37Z,4.5485
2026-01-09T12:56:09Z,3.9136
2026-01-09T12:56:20Z,3.3826
2026-01-09T13:10:59Z,1.9353
2026-01-09T13:16:08Z,3.9776
2026-01-09T13:48:05Z,4.0909
2026-01-09T14:16:09Z,2.5659
2026-01-09T14:20:11Z,2.7812
2026-01-09T14:38:51Z,3.8981
2026-01-09T14:52:25Z,3.45
2026-01-09T14:53:03Z,3.2927
2026-01-09T15:06:19Z,3.8291
2026-01-09T15:07:17Z,2.335
2026-01-09T15:52:59Z,3.7364
2026-01-09T15:55:55Z,3.4644
2026-01-09T16:12:05Z,4.2849
2026-01-09T16:16:05Z,2.3589
2026-01-09T16:17:55Z,4.0053
2026-01-09T16:25:23Z,3.5083
2026-01-09T16:37:37Z,1.4205
2026-01-09T16:44:42Z,4.2363
2026-01-09T16:50:49Z,4.0562
2026-01-09T16:53:29Z,2.3417
2026-01-09T17:00:16Z,2.3168
2026-01-09T17:11:36Z,3.583
2026-01-09T17:14:49Z,3.0528
2026-01-09T17:17:18Z,3.1555
2026-01-09T17:18:38Z,3.7611
2026-01-09T17:27:29Z,3.4095
2026-01-09T17:50:22Z,4.7141
2026-01-09T17:52:01Z,3.3043
2026-01-09T17:52:55Z,4.1872
2026-01-09T18:07:56Z,3.6346
2026-01-09T18:09:21Z,2.7038
2026-01-09T18:16:24Z,2.4295
2026-01-09T18:23:41Z,3.3809
2026-01-09T18:28:27Z,2.6704
2026-01-09T18:29:57Z,3.9091
2026-01-09T18:36:07Z,4.0546
2026-01-09T18:45:50Z,3.3
2026-01-09T18:59:39Z,2.5661
2026-01-09T19:08:01Z,4.0254
2026-01-09T19:10:55Z,4.1038
2026-01-09T19:14:06Z,4.2145
2026-01-09T19:35:13Z,2.2079
2026-01-09T19:39:38Z,3.1406
2026-01-09T19:50:04Z,4.0958
2026-01-09T19:57:00Z,3.6441
2026-01-09T20:17:23Z,3.133
2026-01-09T20:19:25Z,4.4811
2026-01-09T20:20:23Z,3.5266
2026-01-09T20:24:22Z,3.6423
2026-01-09T20:48:09Z,3.0434
2026-01-09T20:48:11Z,3.0492
2026-01-09T21:03:07Z,3.2849
2026-01-09T21:06:33Z,3.5518
2026-01-09T21:29:11Z,3.7592
2026-01-09T21:39:26Z,1.7273
2026-01-09T21:48:40Z,2.809
2026-01-09T21:53:01Z,3.3492
2026-01-09T21:53:56Z,4.3319
2026-01-09T21:53:56Z,3.3263
2026-01-09T21:58:02Z,3.1745
2026-01-09T21:58:57Z,3.3363
2026-01-09T22:14:39Z,2.6961
2026-01-09T22:14:42Z,4.3138
2026-01-09T22:18:07Z,3.1182
2026-01-09T22:25:55Z,5.1523
2026-01-09T22:35:07Z,3.0184
2026-01-09T22:46:01Z,3.7848
2026-01-09T22:48:12Z,4.1348
2026-01-09T23:22:12Z,3.7348
2026-01-09T23:35:14Z,3.4232
2026-01-09T23:40:50Z,3.9352
2026-01-09T23:50:59Z,3.3113
2026-01-10T00:01:03Z,3.5958
2026-01-10T00:01:35Z,3.0478
2026-01-10T00:20:36Z,3.6859
2026-01-10T00:26:04Z,3.9801
2026-01-10T00:34:10Z,2.6483
2026-01-10T00:34:37Z,3.4592
2026-01-10T00:46:10Z,4.5214
2026-01-10T00:46:16Z,1.9455
2026-01-10T00:47:33Z,2.7559
2026-01-10T00:53:09Z,4.4258
2026-01-10T00:57:23Z,4.1319
2026-01-10T01:00:38Z,2.8267
2026-01-10T01:07:43Z,1.7726
2026-01-10T01:13:11Z,4.5913
2026-01-10T01:31:39Z,1.577
2026-01-10T01:33:52Z,2.8723
2026-01-10T01:36:50Z,3.4929
2026-01-10T01:41:41Z,4.4795
2026-01-10T01:59:07Z,4.8619
2026-01-10T02:05:06Z,3.5294
2026-01-10T02:11:29Z,3.6753
2026-01-10T02:44:05Z,4.2878
2026-01-10T02:45:25Z,3.9782
2026-01-10T03:25:31Z,3.3725
2026-01-10T03:34:33Z,3.3571
2026-01-10T03:39:00Z,3.0011
2026-01-10T03:42:47Z,3.8785
2026-01-10T03:50:15Z,3.711
2026-01-10T03:57:20Z,2.7634
2026-01-10T04:16:34Z,4.1376
2026-01-10T04:27:41Z,3.9698
2026-01-10T04:39:04Z,2.4256
2026-01-10T04:45:59Z,2.5978
2026-01-10T04:50:20Z,3.4518
2026-01-10T04:58:38Z,3.1065
2026-01-10T04:59:08Z,2.9228
2026-01-10T05:01:24Z,1.9662
2026-01-10T05:13:13Z,2.3676
2026-01-10T05:14:53Z,4.0555
2026-01-10T05:19:34Z,2.7777
2026-01-10T05:20:17Z,3.4746
2026-01-10T05:40:31Z,5.0887
2026-01-10T05:45:32Z,3.179
2026-01-10T06:14:37Z,2.9518
2026-01-10T06:21:41Z,2.0965
2026-01-10T06:27:30Z,3.4847
2026-01-10T06:33:52Z,2.9806
2026-01-10T06:36:03Z,3.8048
2026-01-10T07:02:34Z,3.0795
2026-01-10T07:07:23Z,3.2489
2026-01-10T07:21:10Z,4.0878
2026-01-10T07:37:35Z,4.7013
2026-01-10T08:14:25Z,2.9732
2026-01-10T08:16:21Z,2.809
2026-01-10T08:18:17Z,3.2019
2026-01-10T08:18:24Z,4.3223
2026-01-10T08:21:04Z,3.2923
2026-01-10T08:55:48Z,4.6735
2026-01-10T09:12:58Z,2.8129
2026-01-10T09:39:27Z,3.2915
2026-01-10T09:50:46Z,2.8134
2026-01-10T09:56:28Z,3.5963
2026-01-10T09:56:54Z,3.3298
2026-01-10T10:02:58Z,4.051
2026-01-10T10:04:29Z,3.6316
2026-01-10T10:15:45Z,3.1426
2026-01-10T10:21:03Z,3.5386
2026-01-10T10:21:03Z,3.89
2026-01-10T10:22:53Z,2.9246
2026-01-10T10:48:03Z,3.2773
2026-01-10T10:49:17Z,2.4014
2026-01-10T10:58:02Z,4.6565
2026-01-10T11:12:59Z,3.1229
2026-01-10T11:13:12Z,3.2825
2026-01-10T11:21:43Z,2.461
2026-01-10T11:34:23Z,4.3587
2026-01-10T11:48:08Z,2.8664
2026-01-10T11:49:36Z,3.4363
2026-01-10T11:53:22Z,4.5178
2026-01-10T12:09:18Z,3.8868
2026-01-10T12:14:15Z,3.7492
2026-01-10T12:15:34Z,4.728
2026-01-10T12:16:03Z,3.569
2026-01-10T12:23:27Z,4.1987
2026-01-10T12:32:27Z,4.1914
2026-01-10T12:38:24Z,1.7301
2026-01-10T12:42:19Z,4.4517
2026-01-10T12:49:01Z,3.6595
2026-01-10T12:49:06Z,3.1503
2026-01-10T13:07:05Z,3.9753
2026-01-10T13:20:51Z,4.3609
2026-01-10T13:22:08Z,3.4013
2026-01-10T13:37:31Z,2.4714
2026-01-10T13:42:09Z,2.5084
2026-01-10T13:55:23Z,3.6854
2026-01-10T13:57:38Z,3.6347
2026-01-10T13:59:07Z,3.2198
2026-01-10T14:19:20Z,3.7513
2026-01-10T14:24:31Z,2.6016
2026-01-10T14:29:34Z,4.3529
2026-01-10T14:31:45Z,3.9588
2026-01-10T14:44:30Z,3.3819
2026-01-10T14:48:43Z,3.6005
2026-01-10T14:50:47Z,3.7666
2026-01-10T14:52:42Z,3.3919
2026-01-10T15:18:29Z,4.6719
2026-01-10T15:32:30Z,3.2032
2026-01-10T15:35:25Z,3.7545
2026-01-10T15:40:15Z,3.7515
2026-01-10T15:41:12Z,2.9784
2026-01-10T15:46:27Z,3.7087
2026-01-10T15:53:16Z,3.4547
2026-01-10T15:54:56Z,3.5147
2026-01-10T16:10:29Z,3.3921
2026-01-10T16:12:33Z,3.1147
2026-01-10T16:23:52Z,4.4988
2026-01-10T16:25:32Z,2.7751
2026-01-10T16:50:03Z,2.6911
2026-01-10T16:57:27Z,2.6854
2026-01-10T17:08:44Z,3.6076
2026-01-10T17:21:49Z,3.5579
2026-01-10T17:22:24Z,3.0612
2026-01-10T17:23:35Z,4.8655
2026-01-10T17:34:10Z,3.8881
2026-01-10T17:37:10Z,2.4704
2026-01-10T17:40:55Z,4.1991
2026-01-10T17:49:46Z,4.0531
2026-01-10T18:02:32Z,3.6199
2026-01-10T18:19:14Z,2.7364
2026-01-10T18:27:57Z,2.7213
2026-01-10T18:56:21Z,2.6776
2026-01-10T19:05:50Z,3.5924
2026-01-10T19:26:01Z,3.0577
2026-01-10T19:35:33Z,2.5289
2026-01-10T19:41:03Z,3.8376
2026-01-10T19:42:32Z,3.7328
2026-01-10T19:43:22Z,2.8738
2026-01-10T19:57:08Z,3.7818
2026-01-10T20:40:54Z,3.0388
2026-01-10T20:58:44Z,3.4519
2026-01-10T21:11:25Z,3.1759
2026-01-10T21:26:28Z,2.9549
2026-01-10T21:38:40Z,4.5447
2026-01-10T21:43:20Z,4.1518
2026-01-10T21:55:31Z,3.5472
2026-01-10T22:04:35Z,3.482
2026-01-10T22:25:51Z,2.8196
2026-01-10T22:33:10Z,4.0364
2026-01-10T22:41:28Z,4.616
2026-01-10T22:44:05Z,3.4532
2026-01-10T23:00:59Z,3.7762
2026-01-10T23:01:35Z,2.8857
2026-01-10T23:21:58Z,2.7675
2026-01-10T23:25:04Z,3.0291
2026-01-10T23:46:27Z,2.3761
2026-01-10T23:48:44Z,3.7553
2026-01-10T23:54:50Z,2.9102
2026-01-11T00:10:05Z,2.018
2026-01-11T00:11:26Z,2.6047
2026-01-11T00:17:19Z,3.0992
2026-01-11T00:17:34Z,3.3015
2026-01-11T00:27:47Z,3.4053
2026-01-11T00:36:31Z,3.779
2026-01-11T00:41:48Z,2.9838
2026-01-11T00:44:13Z,3.6525
2026-01-11T00:53:02Z,3.603
2026-01-11T01:03:48Z,3.0182
2026-01-11T01:19:09Z,2.8027
2026-01-11T01:19:18Z,3.7113
2026-01-11T01:36:09Z,3.5806
2026-01-11T01:38:04Z,3.888
2026-01-11T01:52:25Z,3.0079
2026-01-11T01:53:07Z,3.4049
2026-01-11T01:53:32Z,3.7802
2026-01-11T01:59:32Z,4.3683
2026-01-11T02:10:36Z,3.9356
2026-01-11T02:12:37Z,3.5045
2026-01-11T02:14:26Z,4.2343
2026-01-11T02:21:19Z,3.8532
2026-01-11T02:25:48Z,3.6408
2026-01-11T02:32:54Z,3.2307
2026-01-11T02:36:11Z,3.5073
2026-01-11T02:42:54Z,3.2172
2026-01-11T03:02:49Z,2.7796
2026-01-11T03:05:27Z,3.7026
2026-01-11T03:28:40Z,2.4285
2026-01-11T03:46:11Z,3.5848
2026-01-11T03:52:47Z,1.4429
2026-01-11T03:58:43Z,4.3027
2026-01-11T04:04:57Z,3.9037
2026-01-11T04:15:41Z,2.9253
2026-01-11T04:23:33Z,3.2026
2026-01-11T04:46:57Z,2.4701
2026-01-11T04:57:59Z,3.1344
2026-01-11T05:04:11Z,3.3156
2026-01-11T05:13:03Z,4.014
2026-01-11T05:20:15Z,3.0452
2026-01-11T05:21:49Z,2.9518
2026-01-11T05:21:53Z,3.4665
2026-01-11T05:23:04Z,2.373
2026-01-11T05:32:24Z,2.5785
2026-01-11T05:32:59Z,2.5838
2026-01-11T05:34:51Z,3.1572
2026-01-11T06:10:29Z,3.1847
2026-01-11T06:15:19Z,2.8117
2026-01-11T06:20:48Z,2.5104
2026-01-11T06:33:58Z,2.0248
2026-01-11T06:54:12Z,3.6894
2026-01-11T07:03:43Z,1.1951
2026-01-11T07:07:21Z,3.0067
2026-01-11T07:12:01Z,4.2973
2026-01-11T07:16:15Z,3.3755
2026-01-11T07:38:25Z,4.2899
2026-01-11T07:46:16Z,2.2837
2026-01-11T07:51:44Z,3.8272
2026-01-11T07:53:34Z,3.1464
2026-01-11T07:53:41Z,2.627
2026-01-11T07:54:32Z,2.1097
2026-01-11T08:01:49Z,3.0208
2026-01-11T08:04:11Z,2.9589
2026-01-11T08:22:27Z,3.1638
2026-01-11T08:33:54Z,3.351
2026-01-11T08:41:29Z,2.8706
2026-01-11T08:45:11Z,3.0829
2026-01-11T08:58:40Z,2.4693
2026-01-11T09:12:00Z,3.8398
2026-01-11T09:14:29Z,3.2089
2026-01-11T09:19:59Z,2.7212
2026-01-11T09:39:29Z,3.5792
2026-01-11T10:04:38Z,3.8001
2026-01-11T10:11:41Z,2.731
2026-01-11T10:19:18Z,3.3438
2026-01-11T10:23:12Z,3.0415
2026-01-11T10:23:16Z,3.3249
2026-01-11T10:27:42Z,2.9942
2026-01-11T10:39:10Z,2.6667
2026-01-11T10:43:31Z,3.521
2026-01-11T10:48:17Z,2.36
2026-01-11T10:50:09Z,4.0179
2026-01-11T10:54:37Z,4.2011
2026-01-11T10:56:13Z,3.8149
2026-01-11T11:14:30Z,3.1677
2026-01-11T11:27:22Z,3.1511
2026-01-11T11:38:37Z,2.5664
2026-01-11T11:45:06Z,3.3937
2026-01-11T12:05:34Z,3.4441
2026-01-11T12:13:36Z,4.2154
2026-01-11T12:21:37Z,2.1386
2026-01-11T12:45:37Z,3.8438
2026-01-11T12:49:36Z,4.6935
2026-01-11T12:57:39Z,3.1303
2026-01-11T13:00:03Z,3.4279
2026-01-11T13:05:54Z,3.222
2026-01-11T13:11:15Z,2.8932
2026-01-11T13:29:08Z,4.4109
2026-01-11T13:34:04Z,3.5008
2026-01-11T14:08:27Z,3.104
2026-01-11T14:13:50Z,2.2149
2026-01-11T14:48:14Z,5.1523
2026-01-11T15:02:54Z,2.7491
2026-01-11T15:16:23Z,2.9046
2026-01-11T15:18:56Z,2.6859
2026-01-11T15:38:19Z,2.4797
2026-01-11T15:40:11Z,2.6893
2026-01-11T16:08:54Z,3.9172
2026-01-11T16:45:33Z,3.7839
2026-01-11T17:06:26Z,2.8781
2026-01-11T17:07:21Z,3.9856
2026-01-11T17:08:55Z,3.803
2026-01-11T17:09:37Z,2.4097
2026-01-11T17:23:14Z,4.4604
2026-01-11T17:45:46Z,2.5596
2026-01-11T17:48:25Z,2.3753
2026-01-11T17:59:44Z,2.4707
2026-01-11T18:56:23Z,2.8078
2026-01-11T18:56:59Z,3.1053
2026-01-11T19:03:45Z,2.6511
2026-01-11T19:07:16Z,3.7042
2026-01-11T19:34:34Z,3.3177
2026-01-11T19:42:36Z,2.9152
2026-01-11T19:51:13Z,4.0331
2026-01-11T19:57:23Z,4.192
2026-01-11T20:14:32Z,3.1392
2026-01-11T20:16:32Z,2.7624
2026-01-11T20:18:22Z,3.8755
2026-01-11T20:21:43Z,4.1623
2026-01-11T20:25:38Z,3.0512
2026-01-11T20:26:22Z,2.9092
2026-01-11T20:27:21Z,3.2147
2026-01-11T20:34:02Z,4.268
2026-01-11T20:48:07Z,3.4712
2026-01-11T21:08:09Z,3.187
2026-01-11T21:13:29Z,2.7499
2026-01-11T21:19:45Z,2.9079
2026-01-11T21:20:59Z,3.9079
2026-01-11T21:25:28Z,3.3271
2026-01-11T21:39:34Z,4.0258
2026-01-11T21:42:31Z,3.6945
2026-01-11T21:54:03Z,3.9878
2026-01-11T21:58:08Z,3.6666
2026-01-11T21:59:25Z,3.2902
2026-01-11T22:04:19Z,3.3049
2026-01-11T22:21:00Z,3.6232
2026-01-11T22:27:16Z,2.9121
2026-01-11T22:27:19Z,3.8053
2026-01-11T22:32:10Z,2.7961
2026-01-11T22:32:57Z,3.3817
2026-01-11T22:40:24Z,3.5417
2026-01-11T22:48:44Z,3.5045
2026-01-11T22:51:06Z,2.9656
2026-01-11T22:51:29Z,3.3155
2026-01-11T23:06:14Z,4.2526
2026-01-11T23:08:19Z,3.3842
2026-01-11T23:21:42Z,4.0929
2026-01-11T23:27:12Z,2.8967
2026-01-11T23:34:02Z,3.2277
2026-01-11T23:35:00Z,4.064
2026-01-11T23:36:47Z,3.7032
2026-01-11T23:37:21Z,2.8924
2026-01-11T23:53:15Z,3.3893
2026-01-12T00:19:55Z,2.3212
2026-01-12T00:37:17Z,4.4692
2026-01-12T00:53:51Z,4.0641
2026-01-12T00:57:34Z,3.4286
2026-01-12T01:11:55Z,3.1095
2026-01-12T01:23:41Z,4.52
2026-01-12T01:39:22Z,3.892
2026-01-12T01:55:23Z,3.6118
2026-01-12T02:06:41Z,2.2048
2026-01-12T02:09:54Z,3.2798
2026-01-12T02:18:56Z,3.2677
2026-01-12T02:40:57Z,3.9953
2026-01-12T03:04:34Z,2.6404
2026-01-12T03:05:27Z,4.7388
2026-01-12T03:06:37Z,2.6074
2026-01-12T03:14:37Z,3.3472
2026-01-12T03:25:01Z,3.2124
2026-01-12T03:26:58Z,3.0006
2026-01-12T03:41:25Z,3.0883
2026-01-12T03:44:05Z,3.9983
2026-01-12T03:47:09Z,2.4772
2026-01-12T04:07:40Z,2.4805
2026-01-12T04:14:44Z,4.5189
2026-01-12T04:28:19Z,4.7243
2026-01-12T04:29:54Z,2.7672
2026-01-12T04:43:02Z,3.2329
2026-01-12T05:09:14Z,2.4279
2026-01-12T05:23:39Z,4.1725
2026-01-12T05:23:56Z,2.9221
2026-01-12T05:24:19Z,3.1278
2026-01-12T05:25:30Z,3.1728
2026-01-12T05:27:35Z,3.4138
2026-01-12T05:29:20Z,3.2197
2026-01-12T05:29:25Z,3.2028
2026-01-12T05:50:32Z,3.0912
2026-01-12T06:06:43Z,2.8413
2026-01-12T06:09:39Z,3.9387
2026-01-12T06:14:05Z,3.1257
2026-01-12T06:23:03Z,3.3007
2026-01-12T06:34:17Z,3.2158
2026-01-12T06:37:56Z,3.594
2026-01-12T06:45:06Z,2.5347
2026-01-12T06:48:09Z,2.7515
2026-01-12T06:48:20Z,4.034
2026-01-12T06:50:33Z,3.4022
2026-01-12T06:53:37Z,1.6368
2026-01-12T06:59:25Z,2.7289
2026-01-12T07:00:55Z,2.887
2026-01-12T07:06:54Z,2.5022
2026-01-12T07:07:00Z,3.3538
2026-01-12T07:07:27Z,3.3655
2026-01-12T07:22:48Z,2.7965
2026-01-12T07:34:16Z,3.8774
2026-01-12T07:35:31Z,2.829
2026-01-12T07:39:16Z,2.7985
2026-01-12T07:39:50Z,2.4048
2026-01-12T07:48:52Z,4.0449
2026-01-12T07:54:46Z,3.6699
2026-01-12T08:01:16Z,4.1912
2026-01-12T08:21:48Z,3.0974
2026-01-12T08:24:37Z,3.2731
2026-01-12T08:30:17Z,2.5353
2026-01-12T08:35:35Z,2.9434
2026-01-12T08:36:06Z,3.6307
2026-01-12T08:43:24Z,4.3493
2026-01-12T08:43:43Z,2.2567
2026-01-12T08:55:15Z,2.5358
2026-01-12T08:55:20Z,2.9648
2026-01-12T08:59:59Z,2.6257
2026-01-12T09:08:43Z,2.9555
2026-01-12T09:21:56Z,2.3213
2026-01-12T09:35:12Z,2.4212
2026-01-12T09:52:45Z,3.6213
2026-01-12T10:01:14Z,2.2825
2026-01-12T10:02:23Z,3.3987
2026-01-12T10:20:13Z,3.6317
2026-01-12T10:28:24Z,3.3029
2026-01-12T10:29:51Z,2.7041
2026-01-12T10:45:37Z,3.3122
2026-01-12T10:55:50Z,3.0123
2026-01-12T11:16:44Z,4.5786
2026-01-12T11:17:10Z,3.2369
2026-01-12T11:22:24Z,2.9623
2026-01-12T11:24:46Z,2.1919
2026-01-12T12:03:14Z,2.8536
2026-01-12T12:05:38Z,2.8297
2026-01-12T12:06:27Z,2.2036
2026-01-12T12:14:42Z,4.1096
2026-01-12T12:55:35Z,4.5036
2026-01-12T12:57:26Z,2.6728
2026-01-12T13:20:26Z,4.3103
2026-01-12T13:27:37Z,3.1971
2026-01-12T13:27:46Z,3.455
2026-01-12T13:28:26Z,2.7926
2026-01-12T14:14:56Z,3.0073
2026-01-12T14:37:42Z,3.9866
2026-01-12T14:45:56Z,3.6971
2026-01-12T14:47:29Z,3.4454
2026-01-12T15:06:45Z,4.1108
2026-01-12T15:20:40Z,2.9684
2026-01-12T15:26:31Z,4.4447
2026-01-12T15:43:09Z,3.5853
2026-01-12T15:54:35Z,2.9919
2026-01-12T16:21:56Z,2.7905
2026-01-12T16:26:34Z,1.5685
2026-01-12T16:40:13Z,3.879
2026-01-12T16:45:16Z,3.4243
2026-01-12T16:48:33Z,2.5619
2026-01-12T16:52:33Z,3.853
2026-01-12T16:52:37Z,1.8479
2026-01-12T17:11:13Z,2.6624
2026-01-12T17:25:50Z,3.0051
2026-01-12T17:29:03Z,2.9772
2026-01-12T17:41:38Z,3.1126
2026-01-12T17:45:15Z,3.1832
2026-01-12T17:47:16Z,3.2146
2026-01-12T17:51:06Z,2.3685
2026-01-12T17:51:19Z,2.9779
2026-01-12T18:00:27Z,2.1092
2026-01-12T18:01:01Z,3.2122
2026-01-12T18:21:55Z,5.004
2026-01-12T18:48:32Z,3.6758
2026-01-12T18:54:02Z,3.8486
2026-01-12T18:55:00Z,3.473
2026-01-12T19:20:56Z,3.987
2026-01-12T19:34:51Z,3.0841
2026-01-12T19:53:56Z,3.9529
2026-01-12T19:58:08Z,2.734
2026-01-12T19:58:26Z,4.41
2026-01-12T20:32:53Z,3.7828
2026-01-12T20:38:50Z,3.0713
2026-01-12T21:01:49Z,3.2162
2026-01-12T21:12:27Z,3.8284
2026-01-12T21:17:48Z,3.18
2026-01-12T21:23:10Z,3.8893
2026-01-12T21:42:43Z,4.5721
2026-01-12T21:49:52Z,2.7998
2026-01-12T21:53:14Z,3.1079
2026-01-12T21:57:46Z,3.321
2026-01-12T22:03:06Z,3.3302
2026-01-12T22:07:38Z,4.2691
2026-01-12T22:22:32Z,4.1034
2026-01-12T22:23:07Z,2.4434
2026-01-12T22:23:27Z,3.569
2026-01-12T22:29:56Z,2.9042
2026-01-12T22:36:48Z,3.0646
2026-01-12T22:37:34Z,4.0611
2026-01-12T22:41:55Z,2.4436
2026-01-12T22:44:04Z,3.3547
2026-01-12T22:53:07Z,2.3957
2026-01-12T22:54:02Z,3.3034
2026-01-12T22:56:24Z,4.4166
2026-01-12T23:08:43Z,3.5428
2026-01-12T23:12:41Z,3.095
2026-01-12T23:13:08Z,3.9577
2026-01-12T23:27:29Z,3.0682
2026-01-12T23:27:46Z,3.937
2026-01-12T23:49:59Z,3.5727
2026-01-12T23:53:48Z,2.814
2026-01-12T23:59:59Z,4.0129
2026-01-13T00:09:25Z,3.3822
2026-01-13T00:19:20Z,3.4658
2026-01-13T00:31:00Z,2.4352
2026-01-13T00:40:25Z,2.9129
2026-01-13T00:43:25Z,3.1855
2026-01-13T00:43:30Z,3.4771
2026-01-13T00:47:18Z,2.8734
2026-01-13T00:47:45Z,3.0985
2026-01-13T01:24:32Z,4.6297
2026-01-13T01:28:25Z,2.5489
2026-01-13T01:41:42Z,3.2831
2026-01-13T01:57:53Z,3.1559
2026-01-13T02:03:38Z,3.4972
2026-01-13T02:15:14Z,3.4528
2026-01-13T02:17:32Z,3.4687
2026-01-13T02:21:20Z,3.9967
2026-01-13T02:21:42Z,3.7175
2026-01-13T02:22:01Z,3.2335
2026-01-13T02:38:08Z,2.4802
2026-01-13T02:38:28Z,3.8797
2026-01-13T02:44:32Z,2.54
2026-01-13T02:48:17Z,4.0327
2026-01-13T03:05:03Z,2.3303
2026-01-13T03:14:02Z,2.7808
2026-01-13T03:18:06Z,3.2757
2026-01-13T03:25:39Z,3.3865
2026-01-13T03:29:10Z,3.6734
2026-01-13T03:38:06Z,3.3728
2026-01-13T03:56:53Z,2.6184
2026-01-13T04:12:34Z,3.1218
2026-01-13T04:28:57Z,3.7897
2026-01-13T04:42:57Z,2.4458
2026-01-13T04:44:14Z,3.8708
2026-01-13T04:49:47Z,3.5908
2026-01-13T04:53:01Z,3.1294
2026-01-13T04:55:08Z,4.0495
2026-01-13T05:03:12Z,3.9212
2026-01-13T05:07:28Z,3.1285
2026-01-13T05:10:30Z,2.2519
2026-01-13T05:22:13Z,1.8944
2026-01-13T05:28:18Z,3.9175
2026-01-13T05:28:21Z,3.6823
2026-01-13T05:45:30Z,1.8084
2026-01-13T05:48:10Z,3.2581
2026-01-13T06:14:03Z,3.1875
2026-01-13T06:14:44Z,2.2446
2026-01-13T06:16:41Z,3.9529
2026-01-13T06:17:03Z,2.9778
2026-01-13T06:29:00Z,3.951
2026-01-13T06:38:31Z,2.6176
2026-01-13T06:47:41Z,4.06
2026-01-13T06:52:19Z,3.5231
2026-01-13T07:04:23Z,2.2144
2026-01-13T07:04:36Z,2.1955
2026-01-13T07:06:41Z,3.6424
2026-01-13T07:14:27Z,2.4365
2026-01-13T07:25:02Z,2.9943
2026-01-13T07:28:19Z,3.1797
2026-01-13T07:32:56Z,4.0566
2026-01-13T07:51:34Z,3.1663
2026-01-13T07:58:57Z,4.1651
2026-01-13T08:06:32Z,3.6605
2026-01-13T08:18:37Z,4.639
2026-01-13T08:27:04Z,3.4448
2026-01-13T08:34:14Z,3.6013
2026-01-13T08:35:02Z,3.1532
2026-01-13T08:36:58Z,2.8254
2026-01-13T08:40:58Z,2.6038
2026-01-13T09:29:07Z,3.9184
2026-01-13T09:30:07Z,3.0716
2026-01-13T09:51:24Z,3.3537
2026-01-13T10:00:45Z,3.5505
2026-01-13T10:51:30Z,2.4687
2026-01-13T11:00:10Z,4.0318
2026-01-13T11:00:39Z,1.8043
2026-01-13T11:17:44Z,3.7105
2026-01-13T11:28:15Z,2.0435
2026-01-13T11:32:53Z,2.766
2026-01-13T11:48:08Z,2.5688
2026-01-13T11:53:17Z,3.5471
2026-01-13T12:15:09Z,3.0983
2026-01-13T12:27:11Z,3.6445
2026-01-13T12:27:59Z,2.52
2026-01-13T12:33:35Z,2.703
2026-01-13T12:36:26Z,3.6333
2026-01-13T12:42:42Z,2.8607
2026-01-13T13:08:05Z,2.9713
2026-01-13T13:10:59Z,3.3446
2026-01-13T13:11:13Z,4.2584
2026-01-13T13:11:34Z,2.87
2026-01-13T13:17:51Z,4.1469
2026-01-13T13:21:14Z,3.0869
2026-01-13T13:42:09Z,4.1349
2026-01-13T13:56:39Z,2.9957
2026-01-13T13:59:36Z,2.3766
2026-01-13T14:02:16Z,3.7373
2026-01-13T14:38:58Z,3.1209
2026-01-13T14:39:47Z,4.2164
2026-01-13T14:57:37Z,2.9172
2026-01-13T15:03:12Z,3.4468
2026-01-13T15:09:55Z,2.4497
2026-01-13T15:18:54Z,4.5658
2026-01-13T15:43:03Z,3.1488
2026-01-13T15:44:46Z,2.1236
2026-01-13T15:46:59Z,2.4974
2026-01-13T16:07:25Z,3.4546
2026-01-13T16:10:57Z,2.3205
2026-01-13T16:13:37Z,3.738
2026-01-13T16:19:13Z,2.5999
2026-01-13T16:36:40Z,2.8425
2026-01-13T16:44:12Z,2.7788
2026-01-13T17:07:10Z,3.1504
2026-01-13T17:07:20Z,3.1654
2026-01-13T17:08:58Z,3.0455
2026-01-13T17:24:02Z,3.1332
2026-01-13T17:45:33Z,4.4066
2026-01-13T17:46:29Z,3.0551
2026-01-13T17:54:41Z,3.2377
2026-01-13T18:08:56Z,3.6411
2026-01-13T18:10:29Z,2.8847
2026-01-13T18:24:15Z,3.5183
2026-01-13T18:31:56Z,3.3332
2026-01-13T18:37:45Z,3.9415
2026-01-13T18:46:50Z,2.6613
2026-01-13T18:48:53Z,2.844
2026-01-13T18:50:24Z,3.8188
2026-01-13T18:54:55Z,2.6583
2026-01-13T18:55:21Z,3.409
2026-01-13T18:56:52Z,3.7012
2026-01-13T19:18:49Z,4.4668
2026-01-13T19:30:16Z,1.9112
2026-01-13T19:46:27Z,2.8146
2026-01-13T19:50:01Z,2.3024
2026-01-13T19:55:21Z,2.5122
2026-01-13T19:57:50Z,2.9255
2026-01-13T20:27:48Z,2.7571
2026-01-13T20:54:46Z,2.8231
2026-01-13T21:03:53Z,3.3723
2026-01-13T21:11:16Z,3.8632
2026-01-13T21:27:38Z,3.6081
2026-01-13T21:29:46Z,3.9759
2026-01-13T21:56:50Z,3.0457
2026-01-13T22:04:05Z,2.8367
2026-01-13T22:19:49Z,4.0591
2026-01-13T22:34:03Z,2.9288
2026-01-13T22:42:16Z,2.9752
2026-01-13T22:47:55Z,3.0345
2026-01-13T22:54:57Z,3.8128
2026-01-13T22:55:02Z,3.8383
2026-01-13T23:00:40Z,4.0087
2026-01-13T23:06:21Z,3.5748
2026-01-13T23:14:11Z,3.5084
2026-01-13T23:15:58Z,2.9917
2026-01-13T23:18:58Z,3.3612
2026-01-13T23:27:12Z,3.2463
2026-01-13T23:28:15Z,3.658
2026-01-13T23:38:53Z,2.9168
2026-01-14T00:10:31Z,4.346
2026-01-14T00:16:48Z,3.5979
2026-01-14T00:17:37Z,2.6968
2026-01-14T00:25:51Z,2.7883
2026-01-14T00:29:11Z,3.8971
2026-01-14T00:40:46Z,3.978
2026-01-14T00:42:42Z,3.3844
2026-01-14T00:46:03Z,4.4274
2026-01-14T00:49:46Z,3.2522
2026-01-14T00:51:00Z,3.6319
2026-01-14T00:56:45Z,3.9167
2026-01-14T01:23:49Z,4.1471
2026-01-14T01:25:39Z,4.2886
2026-01-14T01:28:04Z,1.2897
2026-01-14T01:41:24Z,2.6721
2026-01-14T02:05:02Z,2.9598
2026-01-14T02:06:26Z,4.3864
2026-01-14T02:08:00Z,4.4968
2026-01-14T02:08:36Z,3.9395
2026-01-14T02:16:30Z,3.0839
2026-01-14T02:30:59Z,2.9355
2026-01-14T02:53:24Z,3.9251
2026-01-14T03:13:56Z,2.3045
2026-01-14T03:40:54Z,3.3748
2026-01-14T03:43:19Z,4.0305
2026-01-14T03:45:11Z,3.2315
2026-01-14T03:50:58Z,3.7747
2026-01-14T04:35:47Z,3.9053
2026-01-14T04:38:27Z,3.0612
2026-01-14T04:57:51Z,3.2009
2026-01-14T05:01:58Z,2.9714
2026-01-14T05:18:59Z,3.0738
2026-01-14T05:21:21Z,2.7223
2026-01-14T05:29:33Z,3.4031
2026-01-14T05:52:26Z,3.5194
2026-01-14T06:22:50Z,2.7297
2026-01-14T06:23:10Z,3.5852
2026-01-14T06:29:08Z,3.516
2026-01-14T06:30:52Z,2.7767
2026-01-14T06:31:29Z,3.4343
2026-01-14T06:32:30Z,3.414
2026-01-14T06:47:33Z,2.0261
2026-01-14T06:57:44Z,3.1588
2026-01-14T07:06:13Z,2.3061
2026-01-14T07:07:02Z,2.169
2026-01-14T07:07:25Z,3.1829
2026-01-14T07:25:02Z,3.2954
2026-01-14T07:39:03Z,2.401
2026-01-14T08:07:59Z,2.9007
2026-01-14T08:22:18Z,3.6066
2026-01-14T08:44:45Z,3.1096
2026-01-14T08:57:28Z,2.4039
2026-01-14T09:30:58Z,3.7061
2026-01-14T09:52:56Z,2.6169
2026-01-14T10:11:13Z,2.4161
2026-01-14T10:15:07Z,2.0018
2026-01-14T10:28:12Z,2.866
2026-01-14T10:32:58Z,2.6798
2026-01-14T10:36:27Z,2.3882
2026-01-14T10:46:29Z,3.7081
2026-01-14T10:52:19Z,2.4766
2026-01-14T10:59:19Z,3.5177
2026-01-14T11:02:01Z,2.6992
2026-01-14T11:02:53Z,3.0305
2026-01-14T11:15:51Z,3.4632
2026-01-14T11:22:42Z,3.4009
2026-01-14T11:40:25Z,1.6808
2026-01-14T11:43:00Z,2.5072
2026-01-14T11:45:56Z,3.903
2026-01-14T12:06:35Z,3.6125
2026-01-14T12:08:53Z,3.9098
2026-01-14T12:17:00Z,2.2024
2026-01-14T12:21:54Z,3.8461
2026-01-14T12:22:38Z,2.9277
2026-01-14T12:25:19Z,3.3639
2026-01-14T12:47:32Z,3.8796
2026-01-14T12:53:04Z,3.6064
2026-01-14T12:55:24Z,3.5287
2026-01-14T13:03:16Z,4.0431
2026-01-14T13:32:30Z,2.3933
2026-01-14T13:39:48Z,3.3567
2026-01-14T13:40:06Z,3.563
2026-01-14T13:40:37Z,2.8309
2026-01-14T13:42:28Z,2.9034
2026-01-14T13:46:41Z,1.4441
2026-01-14T13:48:43Z,2.7736
2026-01-14T14:07:56Z,3.6738
2026-01-14T14:09:15Z,2.825
2026-01-14T14:13:00Z,2.645
2026-01-14T14:19:38Z,4.1409
2026-01-14T14:23:40Z,3.0583
2026-01-14T14:24:43Z,4.1345
2026-01-14T14:25:18Z,3.3731
2026-01-14T14:29:54Z,4.1059
2026-01-14T15:09:18Z,2.315
2026-01-14T15:09:44Z,3.3704
2026-01-14T15:11:51Z,3.4101
2026-01-14T15:14:52Z,3.1155
2026-01-14T15:24:16Z,2.1732
2026-01-14T15:42:46Z,3.3171
2026-01-14T15:55:02Z,3.9246
2026-01-14T16:00:25Z,3.843
2026-01-14T16:04:50Z,4.1293
2026-01-14T16:33:58Z,3.1116
2026-01-14T16:35:16Z,3.5873
2026-01-14T17:29:41Z,2.8282
2026-01-14T17:35:27Z,2.9813
2026-01-14T17:45:20Z,3.4558
2026-01-14T17:53:44Z,3.2356
2026-01-14T18:00:50Z,3.2017
2026-01-14T18:05:34Z,3.1736
2026-01-14T18:33:31Z,3.0881
2026-01-14T18:47:38Z,2.4626
2026-01-14T18:54:22Z,2.2246
2026-01-14T18:59:26Z,3.8319
2026-01-14T19:05:23Z,3.5146
2026-01-14T19:07:30Z,2.8926
2026-01-14T19:16:15Z,3.6417
2026-01-14T19:19:08Z,3.0883
2026-01-14T19:22:05Z,3.0459
2026-01-14T19:24:52Z,3.6707
2026-01-14T19:30:09Z,3.3105
2026-01-14T19:36:29Z,2.5099
2026-01-14T19:39:47Z,3.205
2026-01-14T19:46:06Z,2.8067
2026-01-14T19:48:53Z,3.7007
2026-01-14T19:51:38Z,3.0138
2026-01-14T20:00:05Z,1.7157
2026-01-14T20:05:01Z,3.5646
2026-01-14T20:10:56Z,2.4934
2026-01-14T20:46:15Z,3.6731
2026-01-14T20:55:01Z,2.4856
2026-01-14T21:05:40Z,2.9591
2026-01-14T21:08:17Z,2.2012
2026-01-14T21:18:21Z,2.6675
2026-01-14T21:19:50Z,3.7422
2026-01-14T21:25:00Z,2.8567
2026-01-14T21:26:18Z,3.8215
2026-01-14T21:44:07Z,2.8374
2026-01-14T21:47:23Z,3.6346
2026-01-14T21:49:13Z,2.2439
2026-01-14T22:10:06Z,3.0546
2026-01-14T22:11:48Z,4.4283
2026-01-14T22:17:07Z,4.0568
2026-01-14T22:18:03Z,3.2645
2026-01-14T22:28:37Z,4.1645
2026-01-14T22:34:01Z,3.8948
2026-01-14T22:37:56Z,3.6771
2026-01-14T22:50:35Z,2.8226
2026-01-14T22:53:59Z,3.1631
2026-01-14T23:04:30Z,4.1931
2026-01-14T23:52:05Z,2.7493
2026-01-14T23:59:07Z,4.9479
2026-01-15T00:06:25Z,3.215
2026-01-15T00:28:38Z,2.2795
2026-01-15T00:33:47Z,2.6401
2026-01-15T00:37:35Z,3.8918
2026-01-15T00:47:40Z,2.8229
2026-01-15T01:27:12Z,2.5265
2026-01-15T01:28:09Z,3.1921
2026-01-15T01:34:29Z,4.3276
2026-01-15T02:11:46Z,3.842
2026-01-15T02:35:04Z,3.0724
2026-01-15T02:48:18Z,4.0061
2026-01-15T02:52:09Z,3.3713
2026-01-15T02:53:38Z,3.3405
2026-01-15T02:57:56Z,4.0295
2026-01-15T03:02:11Z,2.9253
2026-01-15T03:37:52Z,3.1968
2026-01-15T03:51:19Z,2.7286
2026-01-15T04:04:13Z,2.1388
2026-01-15T04:07:07Z,2.3722
2026-01-15T04:17:26Z,2.852
2026-01-15T04:20:05Z,3.2395
2026-01-15T04:24:19Z,2.6808
2026-01-15T04:41:07Z,3.0706
2026-01-15T04:41:38Z,2.7621
2026-01-15T04:42:31Z,3.6822
2026-01-15T04:45:20Z,3.5499
2026-01-15T04:52:36Z,2.3925
2026-01-15T04:58:44Z,3.504
2026-01-15T05:24:31Z,2.1838
2026-01-15T05:48:49Z,2.7417
2026-01-15T05:54:24Z,4.0203
2026-01-15T05:55:47Z,2.9232
2026-01-15T05:59:02Z,3.0975
2026-01-15T06:03:40Z,3.7633
2026-01-15T06:08:05Z,3.3363
2026-01-15T06:12:54Z,3.7818
2026-01-15T06:18:48Z,3.5115
2026-01-15T06:28:35Z,1.9584
2026-01-15T06:38:27Z,1.892
2026-01-15T06:46:00Z,2.8631
2026-01-15T06:47:43Z,4.7305
2026-01-15T06:49:19Z,3.6998
2026-01-15T06:53:12Z,3.7296
2026-01-15T07:01:18Z,3.1659
2026-01-15T07:06:40Z,3.0585
2026-01-15T07:22:40Z,3.1006
2026-01-15T07:35:56Z,4.154
2026-01-15T07:36:01Z,2.8011
2026-01-15T07:37:13Z,3.0318
2026-01-15T07:40:48Z,4.2618
2026-01-15T07:49:42Z,4.1272
2026-01-15T07:53:38Z,3.6781
2026-01-15T08:12:17Z,3.9006
2026-01-15T08:17:17Z,3.9926
2026-01-15T08:23:45Z,3.5285
2026-01-15T08:25:09Z,4.1417
2026-01-15T08:26:10Z,4.7671
2026-01-15T08:35:43Z,2.8058
2026-01-15T08:36:30Z,2.9003
2026-01-15T08:47:54Z,3.1868
2026-01-15T08:50:32Z,2.2134
2026-01-15T09:23:35Z,3.9299
2026-01-15T09:24:59Z,1.6056
2026-01-15T09:25:40Z,3.22
2026-01-15T09:31:07Z,3.516
2026-01-15T09:32:05Z,3.0877
2026-01-15T09:32:41Z,3.4112
2026-01-15T09:34:45Z,4.1336
2026-01-15T09:36:42Z,3.1487
2026-01-15T09:50:54Z,3.4102
2026-01-15T09:51:24Z,2.6701
2026-01-15T09:57:21Z,5.473
2026-01-15T10:01:14Z,3.4733
2026-01-15T10:01:22Z,3.4744
2026-01-15T10:07:47Z,2.9315
2026-01-15T10:07:49Z,4.3242
2026-01-15T10:19:47Z,2.4972
2026-01-15T10:23:33Z,3.0133
2026-01-15T10:42:01Z,3.4199
2026-01-15T10:44:26Z,3.7695
2026-01-15T11:05:31Z,2.6709
2026-01-15T11:15:27Z,3.6622
2026-01-15T11:28:42Z,2.5532
2026-01-15T11:38:47Z,3.9788
2026-01-15T11:39:49Z,3.3922
2026-01-15T11:42:35Z,3.1073
2026-01-15T12:04:39Z,1.4352
2026-01-15T12:08:46Z,2.9303
2026-01-15T12:16:32Z,3.5515
2026-01-15T12:17:47Z,3.7803
2026-01-15T12:36:19Z,3.004
2026-01-15T12:42:11Z,4.2415
2026-01-15T12:52:49Z,4.0866
2026-01-15T12:54:27Z,2.0893
2026-01-15T12:58:28Z,3.1182
2026-01-15T13:23:06Z,2.2739
2026-01-15T13:44:29Z,3.751
2026-01-15T13:54:04Z,3.3618
2026-01-15T13:56:22Z,2.7756
2026-01-15T13:57:24Z,2.8655
2026-01-15T14:11:12Z,3.0286
2026-01-15T14:14:02Z,1.9207
2026-01-15T14:15:38Z,3.3187
2026-01-15T14:22:47Z,2.5927
2026-01-15T14:31:04Z,2.3485
2026-01-15T14:34:45Z,1.7488
2026-01-15T14:37:08Z,4.0137
2026-01-15T14:43:35Z,3.4268
2026-01-15T14:44:36Z,3.8145
2026-01-15T14:46:16Z,3.3404
2026-01-15T14:49:09Z,2.4697
2026-01-15T15:08:54Z,4.0454
2026-01-15T15:09:37Z,2.7627
2026-01-15T15:31:39Z,4.0389
2026-01-15T15:36:21Z,3.1288
2026-01-15T15:37:15Z,3.2868
2026-01-15T15:44:15Z,3.1805
2026-01-15T15:50:02Z,4.1521
2026-01-15T16:04:16Z,3.8286
2026-01-15T16:22:24Z,3.3518
2026-01-15T16:45:25Z,2.8687
2026-01-15T16:46:34Z,3.5444
2026-01-15T16:46:57Z,3.7629
2026-01-15T16:50:21Z,4.1683
2026-01-15T16:51:44Z,2.5913
2026-01-15T16:54:07Z,3.7713
2026-01-15T16:59:07Z,3.3974
2026-01-15T17:07:51Z,2.776
2026-01-15T17:36:10Z,3.9081
2026-01-15T17:48:23Z,2.7256
2026-01-15T18:09:37Z,2.7091
2026-01-15T18:12:09Z,3.02
2026-01-15T18:19:20Z,3.379
2026-01-15T18:54:08Z,3.0632
2026-01-15T18:56:16Z,2.8806
2026-01-15T19:07:14Z,4.9928
2026-01-15T19:14:17Z,4.1182
2026-01-15T19:29:03Z,1.4588
2026-01-15T19:42:27Z,2.0372
2026-01-15T20:03:54Z,4.172
2026-01-15T20:25:03Z,4.2576
2026-01-15T20:35:41Z,3.3681
2026-01-15T20:39:49Z,3.0124
2026-01-15T20:50:04Z,3.5749
2026-01-15T21:10:44Z,2.2506
2026-01-15T21:24:29Z,2.1901
2026-01-15T21:38:47Z,3.1757
2026-01-15T22:05:41Z,4.4619
2026-01-15T22:15:36Z,2.2941
2026-01-15T22:24:16Z,3.0444
2026-01-15T22:41:37Z,3.4088
2026-01-15T23:03:36Z,2.5155
2026-01-15T23:09:53Z,3.8903
2026-01-15T23:17:20Z,1.8747
2026-01-15T23:19:21Z,4.826
2026-01-15T23:32:27Z,5.7026
2026-01-15T23:32:41Z,1.9976
2026-01-15T23:35:00Z,4.2883
2026-01-15T23:39:36Z,2.2034
2026-01-15T23:56:08Z,3.973
2026-01-16T00:16:32Z,3.2163
2026-01-16T00:19:09Z,2.2163
2026-01-16T00:24:50Z,2.8662
2026-01-16T00:30:03Z,3.1284
2026-01-16T00:30:45Z,3.3611
2026-01-16T00:34:17Z,2.5863
2026-01-16T00:46:52Z,4.0619
2026-01-16T00:54:35Z,4.1587
2026-01-16T00:57:25Z,3.2827
2026-01-16T01:08:25Z,3.2221
2026-01-16T01:14:44Z,3.7374
2026-01-16T01:15:08Z,3.4672
2026-01-16T01:25:21Z,3.4773
2026-01-16T01:31:22Z,4.8245
2026-01-16T01:35:41Z,3.3536
2026-01-16T01:41:07Z,3.3794
2026-01-16T01:52:12Z,2.4001
2026-01-16T02:07:56Z,3.9571
2026-01-16T02:08:02Z,3.1844
2026-01-16T02:21:16Z,2.7137
2026-01-16T02:58:39Z,3.1919
2026-01-16T03:01:39Z,2.3573
2026-01-16T03:08:43Z,2.885
2026-01-16T03:16:41Z,4.0205
2026-01-16T03:19:44Z,2.523
2026-01-16T03:21:21Z,4.1767
2026-01-16T03:34:38Z,3.8485
2026-01-16T03:43:15Z,3.6787
2026-01-16T03:52:17Z,3.2951
2026-01-16T03:52:30Z,3.5424
2026-01-16T03:53:52Z,4.2457
2026-01-16T04:20:11Z,2.5769
2026-01-16T04:33:21Z,3.3827
2026-01-16T04:53:58Z,3.3009
2026-01-16T05:32:16Z,3.5663
2026-01-16T05:40:36Z,2.3047
2026-01-16T05:55:14Z,2.972
2026-01-16T05:59:13Z,2.9976
2026-01-16T06:00:51Z,3.536
2026-01-16T06:02:19Z,3.4718
2026-01-16T06:21:10Z,2.7813
2026-01-16T06:23:22Z,3.7155
2026-01-16T06:27:34Z,2.7823
2026-01-16T06:30:43Z,4.0008
2026-01-16T06:31:36Z,3.0674
2026-01-16T06:39:33Z,3.227
2026-01-16T06:46:11Z,2.3365
2026-01-16T07:09:54Z,3.3625
2026-01-16T07:16:23Z,4.6777
2026-01-16T07:20:53Z,3.1644
2026-01-16T07:26:11Z,4.0091
2026-01-16T07:29:40Z,4.2892
2026-01-16T07:31:03Z,2.8718
2026-01-16T07:32:00Z,2.992
2026-01-16T07:39:40Z,1.9818
2026-01-16T07:40:34Z,4.9656
2026-01-16T07:49:18Z,3.7045
2026-01-16T07:55:17Z,3.2352
2026-01-16T08:10:26Z,3.3131
2026-01-16T08:10:56Z,3.2374
2026-01-16T08:13:34Z,3.8464
2026-01-16T08:46:13Z,2.6341
2026-01-16T08:55:01Z,3.0668
2026-01-16T08:58:46Z,3.7571
2026-01-16T09:01:09Z,1.5948
2026-01-16T09:21:39Z,3.002
2026-01-16T09:26:34Z,3.4314
2026-01-16T09:34:45Z,4.436
2026-01-16T09:38:18Z,5.1278
2026-01-16T09:44:37Z,4.257
2026-01-16T09:56:42Z,3.009
2026-01-16T10:22:04Z,3.739
2026-01-16T10:26:16Z,3.7462
2026-01-16T11:07:07Z,2.3654
2026-01-16T11:32:06Z,2.9411
2026-01-16T11:41:02Z,4.5867
2026-01-16T11:59:45Z,2.6769
2026-01-16T12:07:36Z,3.2682
2026-01-16T12:12:07Z,2.5601
2026-01-16T12:17:00Z,3.7505
2026-01-16T12:20:36Z,2.322
2026-01-16T12:23:38Z,4.6128
2026-01-16T12:26:18Z,2.8109
2026-01-16T12:34:52Z,4.5977
2026-01-16T12:45:54Z,3.8469
2026-01-16T12:46:03Z,4.9139
2026-01-16T12:56:38Z,2.9264
2026-01-16T13:02:22Z,3.3828
2026-01-16T13:30:09Z,4.063
2026-01-16T13:31:39Z,4.644
2026-01-16T13:47:49Z,4.8063
2026-01-16T13:50:57Z,2.5594
2026-01-16T13:51:53Z,3.7178
2026-01-16T14:06:21Z,4.3658
2026-01-16T14:18:17Z,2.7393
2026-01-16T14:19:44Z,3.6935
2026-01-16T14:19:55Z,3.9191
2026-01-16T14:25:35Z,2.994
2026-01-16T14:49:07Z,3.8125
2026-01-16T15:08:53Z,2.4643
2026-01-16T15:13:16Z,3.0582
2026-01-16T15:18:58Z,4.1708
2026-01-16T15:23:29Z,2.9677
2026-01-16T15:29:04Z,3.6615
2026-01-16T16:19:52Z,3.0141
2026-01-16T16:23:03Z,3.4255
2026-01-16T16:31:00Z,3.7403
2026-01-16T16:31:38Z,4.7477
2026-01-16T16:33:02Z,2.7977
2026-01-16T16:36:41Z,2.8013
2026-01-16T16:53:23Z,2.8076
2026-01-16T17:27:35Z,3.4028
2026-01-16T17:35:57Z,3.6294
2026-01-16T17:36:02Z,2.1048
2026-01-16T17:59:57Z,3.2572
2026-01-16T18:01:36Z,2.995
2026-01-16T18:09:29Z,2.915
2026-01-16T18:24:12Z,2.1665
2026-01-16T18:27:28Z,3.4402
2026-01-16T18:37:48Z,4.2654
2026-01-16T18:41:25Z,3.7021
2026-01-16T18:43:08Z,3.526
2026-01-16T18:49:34Z,2.6968
2026-01-16T19:11:34Z,3.0027
2026-01-16T19:13:14Z,4.1737
2026-01-16T19:17:47Z,3.5038
2026-01-16T19:18:31Z,4.318
2026-01-16T19:29:15Z,2.3742
2026-01-16T19:39:58Z,3.0921
2026-01-16T19:42:30Z,4.2647
2026-01-16T19:48:39Z,3.7058
2026-01-16T19:53:52Z,3.3202
2026-01-16T19:58:07Z,3.1648
2026-01-16T20:16:17Z,3.4934
2026-01-16T20:21:49Z,2.9405
2026-01-16T20:27:10Z,4.7208
2026-01-16T20:35:07Z,3.2591
2026-01-16T21:04:46Z,2.6937
2026-01-16T21:08:50Z,2.2629
2026-01-16T21:24:03Z,2.6954
2026-01-16T21:34:49Z,2.8267
2026-01-16T21:55:13Z,3.6333
2026-01-16T21:57:14Z,3.2251
2026-01-16T22:07:59Z,3.8917
2026-01-16T22:12:19Z,4.6212
2026-01-16T22:13:03Z,1.9337
2026-01-16T22:17:01Z,4.2768
2026-01-16T22:39:53Z,3.5287
2026-01-16T22:47:33Z,2.6139
2026-01-16T22:58:50Z,2.9874
2026-01-16T23:12:38Z,4.2259
2026-01-16T23:12:51Z,4.1825
2026-01-16T23:40:50Z,2.7399
2026-01-16T23:50:35Z,3.3309
2026-01-17T00:12:07Z,3.3142
2026-01-17T00:13:07Z,2.4949
2026-01-17T00:15:37Z,1.9541
2026-01-17T00:16:15Z,2.4669
2026-01-17T00:49:25Z,1.8644
2026-01-17T01:15:12Z,3.3827
2026-01-17T01:20:20Z,3.0405
2026-01-17T01:20:33Z,2.9002
2026-01-17T01:30:26Z,3.1377
2026-01-17T01:34:40Z,4.4095
2026-01-17T01:57:39Z,2.7402
2026-01-17T02:13:02Z,1.9923
2026-01-17T02:32:05Z,2.2229
2026-01-17T02:32:42Z,2.2629
2026-01-17T02:45:57Z,3.103
2026-01-17T02:56:27Z,2.8655
2026-01-17T02:58:24Z,3.9368
2026-01-17T03:07:38Z,2.7661
2026-01-17T03:14:59Z,3.2148
2026-01-17T03:22:10Z,3.3468
2026-01-17T03:31:00Z,4.0485
2026-01-17T03:55:57Z,2.6363
2026-01-17T03:56:37Z,2.8681
2026-01-17T04:00:25Z,2.5208
2026-01-17T04:07:42Z,3.7615
2026-01-17T04:12:17Z,4.6467
2026-01-17T04:15:13Z,3.4002
2026-01-17T04:28:20Z,2.9339
2026-01-17T04:37:53Z,3.3566
2026-01-17T05:02:57Z,2.9308
2026-01-17T05:09:20Z,3.7143
2026-01-17T05:20:03Z,3.6173
2026-01-17T05:24:00Z,2.3542
2026-01-17T06:05:11Z,2.0598
2026-01-17T06:08:27Z,3.8146
2026-01-17T06:14:09Z,3.673
2026-01-17T06:18:33Z,3.2852
2026-01-17T06:26:04Z,5.0181
2026-01-17T06:31:16Z,4.2394
2026-01-17T06:41:15Z,2.989
2026-01-17T07:02:17Z,4.7086
2026-01-17T07:12:49Z,3.7328
2026-01-17T07:20:45Z,3.1579
2026-01-17T07:23:24Z,3.515
2026-01-17T07:28:58Z,3.2882
2026-01-17T07:31:24Z,2.9309
2026-01-17T07:46:20Z,3.766
2026-01-17T07:46:29Z,3.8879
2026-01-17T08:06:34Z,2.9074
2026-01-17T08:25:41Z,4.2606
2026-01-17T08:26:27Z,3.4182
2026-01-17T08:32:42Z,2.7098
2026-01-17T08:42:40Z,3.3489
2026-01-17T08:49:09Z,3.1757
2026-01-17T08:52:22Z,3.5802
2026-01-17T08:56:10Z,2.5978
2026-01-17T09:00:02Z,3.1131
2026-01-17T09:02:33Z,3.1646
2026-01-17T10:09:24Z,2.6138
2026-01-17T10:10:22Z,3.6182
2026-01-17T10:13:11Z,3.1752
2026-01-17T10:15:42Z,4.2206
2026-01-17T10:19:00Z,2.3507
2026-01-17T10:30:23Z,3.6083
2026-01-17T10:41:31Z,4.088
2026-01-17T10:44:14Z,2.8984
2026-01-17T10:46:07Z,2.7592
2026-01-17T10:48:51Z,2.7865
2026-01-17T10:54:35Z,2.8776
2026-01-17T10:58:02Z,3.4735
2026-01-17T11:05:17Z,2.6766
2026-01-17T11:09:18Z,3.4834
2026-01-17T11:09:43Z,3.7137
2026-01-17T11:13:03Z,2.4779
2026-01-17T11:32:52Z,3.1505
2026-01-17T11:35:59Z,2.9515
2026-01-17T11:36:31Z,4.2324
2026-01-17T11:36:47Z,3.5243
2026-01-17T11:44:06Z,3.9849
2026-01-17T11:50:39Z,2.7151
2026-01-17T12:02:56Z,3.6954
2026-01-17T12:17:36Z,1.4967
2026-01-17T12:20:16Z,2.9384
2026-01-17T12:25:03Z,3.0569
2026-01-17T12:27:38Z,2.3319
2026-01-17T12:33:25Z,3.6188
2026-01-17T12:46:01Z,2.9751
2026-01-17T12:48:33Z,1.9979
2026-01-17T12:55:08Z,2.7022
2026-01-17T13:31:01Z,4.8828
2026-01-17T13:33:15Z,1.5347
2026-01-17T13:34:36Z,2.5636
2026-01-17T13:44:15Z,3.7953
2026-01-17T13:51:49Z,4.5054
2026-01-17T13:55:32Z,2.7301
2026-01-17T14:16:09Z,2.8383
2026-01-17T14:18:30Z,2.4031
2026-01-17T14:20:16Z,2.7852
2026-01-17T14:37:11Z,2.9064
2026-01-17T14:47:20Z,3.8924
2026-01-17T14:47:51Z,3.6388
2026-01-17T14:53:15Z,2.5397
2026-01-17T14:53:43Z,1.507
2026-01-17T14:59:49Z,2.6756
2026-01-17T15:15:03Z,3.5497
2026-01-17T15:19:13Z,2.7655
2026-01-17T15:31:45Z,3.3164
2026-01-17T15:33:45Z,4.3375
2026-01-17T15:35:04Z,2.5613
2026-01-17T15:41:28Z,3.4809
2026-01-17T15:57:32Z,3.7127
2026-01-17T16:03:40Z,3.1507
2026-01-17T16:04:36Z,3.0425
2026-01-17T16:14:49Z,3.4768
2026-01-17T16:23:05Z,3.9608
2026-01-17T16:40:05Z,2.9946
2026-01-17T16:57:49Z,4.0815
2026-01-17T17:09:40Z,3.9269
2026-01-17T17:25:19Z,2.9522
2026-01-17T17:38:32Z,3.6943
2026-01-17T17:40:13Z,4.6953
2026-01-17T17:43:43Z,3.3747
2026-01-17T17:44:25Z,2.8056
2026-01-17T17:52:31Z,2.6648
2026-01-17T18:03:33Z,3.0122
2026-01-17T18:15:12Z,3.6875
2026-01-17T18:19:20Z,2.4516
2026-01-17T18:29:05Z,3.3011
2026-01-17T18:32:07Z,3.062
2026-01-17T18:35:14Z,2.3951
2026-01-17T18:40:17Z,3.2279
2026-01-17T18:40:38Z,2.2116
2026-01-17T18:45:52Z,1.7547
2026-01-17T18:49:04Z,3.8404
2026-01-17T18:53:54Z,3.7807
2026-01-17T18:58:13Z,2.8314
2026-01-17T18:59:36Z,3.2732
2026-01-17T19:18:39Z,4.3167
2026-01-17T19:18:49Z,2.3022
2026-01-17T19:22:28Z,1.9776
2026-01-17T19:48:00Z,4.1264
2026-01-17T20:02:20Z,3.7606
2026-01-17T20:02:46Z,3.4074
2026-01-17T20:08:25Z,3.9473
2026-01-17T20:08:53Z,2.4152
2026-01-17T20:43:15Z,2.8825
2026-01-17T21:02:25Z,3.3721
2026-01-17T21:22:13Z,3.7349
2026-01-17T21:33:38Z,2.4934
2026-01-17T21:39:00Z,3.3984
2026-01-17T21:40:44Z,4.9031
2026-01-17T21:46:52Z,4.3684
2026-01-17T22:05:52Z,3.2792
2026-01-17T22:11:32Z,3.0347
2026-01-17T22:17:36Z,3.5017
2026-01-17T22:23:48Z,2.9594
2026-01-17T22:37:36Z,4.085
2026-01-17T22:40:59Z,2.1818
2026-01-17T22:52:08Z,3.5082
2026-01-17T22:52:53Z,3.9823
2026-01-17T23:02:31Z,4.4528
2026-01-17T23:16:21Z,2.8518
2026-01-17T23:36:03Z,3.5761
2026-01-18T00:00:15Z,2.2057
2026-01-18T00:02:16Z,2.6029
2026-01-18T00:17:58Z,2.4812
2026-01-18T00:23:28Z,3.7631
2026-01-18T00:24:45Z,2.5298
2026-01-18T00:36:01Z,3.7855
2026-01-18T00:37:34Z,2.0402
2026-01-18T00:54:58Z,3.9747
2026-01-18T00:55:14Z,2.4707
2026-01-18T00:59:42Z,3.6329
2026-01-18T01:01:04Z,2.4634
2026-01-18T01:07:46Z,4.2205
2026-01-18T01:10:09Z,3.6457
2026-01-18T01:21:35Z,2.8536
2026-01-18T01:26:16Z,3.8865
2026-01-18T01:27:53Z,2.9718
2026-01-18T01:40:03Z,4.2085
2026-01-18T02:05:15Z,3.9576
2026-01-18T02:08:56Z,3.5533
2026-01-18T02:10:22Z,3.8557
2026-01-18T02:11:27Z,3.2661
2026-01-18T02:23:08Z,4.1072
2026-01-18T02:44:53Z,2.1968
2026-01-18T02:54:46Z,3.7913
2026-01-18T02:55:31Z,4.4669
2026-01-18T03:00:43Z,2.0075
2026-01-18T03:04:25Z,3.3981
2026-01-18T03:19:59Z,4.402
2026-01-18T03:33:44Z,2.6026
2026-01-18T03:38:39Z,2.5373
2026-01-18T03:43:02Z,2.5689
2026-01-18T04:02:30Z,3.5752
2026-01-18T04:23:46Z,3.1029
2026-01-18T04:35:00Z,3.8919
2026-01-18T04:37:33Z,2.9811
2026-01-18T04:45:05Z,3.0332
2026-01-18T05:08:09Z,3.232
2026-01-18T05:14:06Z,2.6939
2026-01-18T05:39:40Z,2.8578
2026-01-18T05:43:07Z,2.5578
2026-01-18T05:51:47Z,3.1337
2026-01-18T06:05:54Z,3.9701
2026-01-18T06:19:11Z,3.2163
2026-01-18T06:24:52Z,2.6029
2026-01-18T06:32:40Z,3.3189
2026-01-18T06:32:59Z,3.0118
2026-01-18T06:51:34Z,2.8267
2026-01-18T06:52:25Z,2.7696
2026-01-18T06:54:27Z,3.1897
2026-01-18T06:56:36Z,3.1833
2026-01-18T07:07:29Z,3.1753
2026-01-18T07:58:11Z,1.7549
2026-01-18T08:03:03Z,3.5986
2026-01-18T08:08:26Z,3.8019
2026-01-18T08:11:59Z,2.8162
2026-01-18T08:12:00Z,2.0138
2026-01-18T08:13:24Z,3.5858
2026-01-18T08:19:46Z,2.1643
2026-01-18T08:23:29Z,3.2172
2026-01-18T08:59:20Z,2.775
2026-01-18T09:04:30Z,3.7006
2026-01-18T09:09:20Z,3.5392
2026-01-18T09:10:51Z,3.7358
2026-01-18T09:13:09Z,2.2336
2026-01-18T09:22:48Z,3.0909
2026-01-18T09:31:35Z,2.5483
2026-01-18T09:47:34Z,2.673
2026-01-18T10:07:54Z,3.8182
2026-01-18T10:13:47Z,4.1496
2026-01-18T10:34:48Z,3.0494
2026-01-18T11:00:47Z,1.928
2026-01-18T11:07:11Z,2.4785
2026-01-18T11:47:30Z,3.7947
2026-01-18T11:49:28Z,3.2802
2026-01-18T12:07:45Z,2.7922
2026-01-18T12:12:08Z,2.8424
2026-01-18T12:18:28Z,4.0511
2026-01-18T12:20:54Z,3.4299
2026-01-18T12:24:29Z,3.2595
2026-01-18T12:30:46Z,4.8132
2026-01-18T12:31:07Z,3.6482
2026-01-18T12:32:49Z,3.0564
2026-01-18T12:34:29Z,3.7887
2026-01-18T12:37:07Z,2.9361
2026-01-18T12:40:40Z,3.7712
2026-01-18T12:54:58Z,2.9088
2026-01-18T13:43:52Z,3.8761
2026-01-18T13:44:29Z,3.5214
2026-01-18T13:50:49Z,3.124
2026-01-18T13:53:23Z,3.4462
2026-01-18T13:55:29Z,3.4019
2026-01-18T13:58:08Z,4.429
2026-01-18T14:01:08Z,3.3989
2026-01-18T14:13:55Z,4.4675
2026-01-18T14:22:22Z,3.9284
2026-01-18T14:23:43Z,3.6926
2026-01-18T14:35:33Z,2.4497
2026-01-18T14:52:49Z,4.6411
2026-01-18T14:53:51Z,2.3713
2026-01-18T15:16:04Z,3.5973
2026-01-18T15:17:53Z,3.7107
2026-01-18T15:20:52Z,1.9892
2026-01-18T15:23:09Z,3.9478
2026-01-18T15:33:16Z,3.2864
2026-01-18T15:56:00Z,4.011
2026-01-18T16:02:43Z,3.4831
2026-01-18T16:15:23Z,3.5244
2026-01-18T16:23:55Z,3.4793
2026-01-18T16:27:41Z,4.4124
2026-01-18T16:30:14Z,3.3173
2026-01-18T16:42:02Z,3.9985
2026-01-18T16:55:33Z,3.4055
2026-01-18T16:57:55Z,2.4529
2026-01-18T16:58:40Z,3.004
2026-01-18T17:02:46Z,3.8103
2026-01-18T17:20:55Z,3.1931
2026-01-18T17:21:09Z,2.9062
2026-01-18T17:31:12Z,4.5237
2026-01-18T17:36:14Z,3.3121
2026-01-18T17:54:17Z,3.402
2026-01-18T18:04:15Z,3.4533
2026-01-18T18:09:01Z,2.7096
2026-01-18T18:14:49Z,3.875
2026-01-18T18:25:01Z,3.4901
2026-01-18T18:44:27Z,3.2055
2026-01-18T18:50:24Z,3.0372
2026-01-18T18:54:14Z,2.6626
2026-01-18T18:54:15Z,3.7006
2026-01-18T19:02:15Z,3.4444
2026-01-18T19:05:26Z,2.5729
2026-01-18T19:08:59Z,4.093
2026-01-18T19:09:43Z,2.8198
2026-01-18T19:39:37Z,2.7439
2026-01-18T19:42:40Z,3.1353
2026-01-18T19:55:43Z,3.6439
2026-01-18T19:58:51Z,2.4101
2026-01-18T20:00:33Z,3.188
2026-01-18T20:03:25Z,4.31
2026-01-18T20:05:43Z,3.4628
2026-01-18T20:12:08Z,3.3189
2026-01-18T20:16:52Z,4.045
2026-01-18T20:51:49Z,4.131
2026-01-18T20:57:09Z,3.7202
2026-01-18T21:07:29Z,2.133
2026-01-18T21:16:08Z,3.09
2026-01-18T21:25:26Z,3.9138
2026-01-18T21:31:13Z,3.35
2026-01-18T21:40:42Z,2.0324
2026-01-18T21:43:08Z,2.7966
2026-01-18T21:56:58Z,4.2268
2026-01-18T22:00:29Z,2.6352
2026-01-18T22:06:27Z,3.997
2026-01-18T22:07:09Z,1.5982
2026-01-18T22:14:10Z,4.028
2026-01-18T22:17:18Z,3.7415
2026-01-18T22:27:34Z,4.7055
2026-01-18T22:38:27Z,3.6198
2026-01-18T22:44:26Z,3.7431
2026-01-18T23:10:24Z,3.9753
2026-01-18T23:17:29Z,2.3299
2026-01-18T23:18:50Z,3.3716
2026-01-18T23:21:06Z,3.5751
2026-01-18T23:29:22Z,3.7118
2026-01-18T23:30:12Z,3.5749
2026-01-18T23:36:32Z,3.9232
2026-01-18T23:48:12Z,2.8295
2026-01-18T23:58:57Z,3.0327
2026-01-18T23:59:09Z,4.0655
2026-01-19T00:08:06Z,3.367
2026-01-19T00:11:16Z,2.7201
2026-01-19T00:11:18Z,2.6213
2026-01-19T00:17:23Z,2.5398
2026-01-19T00:24:01Z,3.6643
2026-01-19T00:39:01Z,4.3787
2026-01-19T00:46:00Z,5.4565
2026-01-19T01:12:04Z,3.4541
2026-01-19T01:24:24Z,2.6174
2026-01-19T01:24:51Z,3.1405
2026-01-19T01:29:07Z,2.6242
2026-01-19T01:36:01Z,2.7871
2026-01-19T01:42:15Z,2.7702
2026-01-19T01:44:05Z,1.9776
2026-01-19T01:51:49Z,3.2997
2026-01-19T01:57:55Z,2.8579
2026-01-19T02:00:30Z,2.611
2026-01-19T02:01:21Z,2.8566
2026-01-19T02:08:09Z,2.3273
2026-01-19T02:35:32Z,4.0639
2026-01-19T02:35:38Z,2.8515
2026-01-19T02:49:59Z,3.6499
2026-01-19T03:00:25Z,1.6989
2026-01-19T03:07:57Z,3.5307
2026-01-19T03:09:35Z,3.2052
2026-01-19T03:42:15Z,3.5886
2026-01-19T03:43:54Z,3.731
2026-01-19T03:47:29Z,4.9464
2026-01-19T04:01:42Z,3.0646
2026-01-19T04:11:22Z,4.4828
2026-01-19T04:11:43Z,2.1134
2026-01-19T04:17:50Z,2.6787
2026-01-19T04:25:03Z,2.7218
2026-01-19T04:29:41Z,4.3972
2026-01-19T04:31:54Z,2.8163
2026-01-19T04:49:31Z,2.3262
2026-01-19T04:51:22Z,3.1059
2026-01-19T04:51:39Z,3.8341
2026-01-19T05:03:41Z,3.1029
2026-01-19T05:14:22Z,3.1631
2026-01-19T05:23:12Z,2.9745
2026-01-19T05:31:33Z,4.1286
2026-01-19T05:32:12Z,3.682
2026-01-19T05:48:39Z,3.2499
2026-01-19T05:57:27Z,2.7537
2026-01-19T06:19:08Z,2.3427
2026-01-19T06:19:42Z,2.6125
2026-01-19T06:19:56Z,3.5976
2026-01-19T06:21:54Z,2.9491
2026-01-19T06:33:12Z,3.4393
2026-01-19T07:02:12Z,3.7432
2026-01-19T07:05:15Z,3.3374
2026-01-19T07:13:59Z,3.2735
2026-01-19T07:16:06Z,3.199
2026-01-19T07:27:27Z,2.9001
2026-01-19T07:42:03Z,3.8571
2026-01-19T08:14:52Z,1.8254
2026-01-19T08:30:54Z,3.9292
2026-01-19T08:41:33Z,3.5064
2026-01-19T08:55:30Z,3.2153
2026-01-19T09:10:37Z,3.8749
2026-01-19T09:12:31Z,3.1795
2026-01-19T09:22:29Z,4.1825
2026-01-19T09:35:02Z,3.0131
2026-01-19T10:01:52Z,3.0211
2026-01-19T10:10:02Z,2.8156
2026-01-19T10:10:09Z,3.9322
2026-01-19T10:13:38Z,5.0435
2026-01-19T10:18:05Z,3.0642
2026-01-19T10:30:48Z,3.4664
2026-01-19T10:34:02Z,3.3504
2026-01-19T10:43:17Z,3.8953
2026-01-19T10:53:10Z,2.7074
2026-01-19T11:13:34Z,4.7312
2026-01-19T11:15:22Z,3.6492
2026-01-19T11:17:49Z,3.5045
2026-01-19T11:20:59Z,4.2932
2026-01-19T11:38:26Z,2.6557
2026-01-19T11:48:05Z,2.9608
2026-01-19T11:50:17Z,2.7966
2026-01-19T12:13:55Z,3.4078
2026-01-19T12:16:47Z,3.9264
2026-01-19T12:17:17Z,2.7389
2026-01-19T12:35:52Z,3.3251
2026-01-19T12:45:16Z,3.7966
2026-01-19T12:48:33Z,2.8423
2026-01-19T12:51:08Z,3.6984
2026-01-19T12:58:37Z,3.6499
2026-01-19T13:15:30Z,3.9751
2026-01-19T13:35:01Z,3.842
2026-01-19T13:45:20Z,3.521
2026-01-19T14:05:33Z,3.2081
2026-01-19T14:10:45Z,3.7604
2026-01-19T14:29:40Z,2.7999
2026-01-19T14:37:23Z,3.5874
2026-01-19T14:39:58Z,3.95
2026-01-19T14:55:09Z,3.1218
2026-01-19T14:55:17Z,3.5022
2026-01-19T14:56:16Z,3.736
2026-01-19T15:07:54Z,4.483
2026-01-19T15:18:21Z,3.3859
2026-01-19T15:28:40Z,2.2696
2026-01-19T15:32:37Z,2.8013
2026-01-19T15:39:23Z,2.626
2026-01-19T15:42:13Z,2.8803
2026-01-19T15:42:56Z,3.505
2026-01-19T15:44:33Z,3.521
2026-01-19T15:47:43Z,3.91
2026-01-19T16:23:46Z,3.4957
2026-01-19T16:46:17Z,2.2464
2026-01-19T16:57:12Z,2.6341
2026-01-19T17:08:18Z,3.0734
2026-01-19T17:18:52Z,3.241
2026-01-19T17:21:36Z,3.1016
2026-01-19T17:25:55Z,4.1037
2026-01-19T17:40:56Z,2.8189
2026-01-19T17:41:09Z,2.7423
2026-01-19T17:48:34Z,1.8925
2026-01-19T18:14:48Z,3.3474
2026-01-19T18:20:13Z,3.0507
2026-01-19T18:20:58Z,3.1201
2026-01-19T18:37:06Z,3.3683
2026-01-19T19:02:05Z,3.4684
2026-01-19T19:03:34Z,4.6286
2026-01-19T19:19:52Z,3.1972
2026-01-19T19:21:49Z,3.7864
2026-01-19T19:27:41Z,4.3743
2026-01-19T19:56:17Z,3.0441
2026-01-19T20:01:36Z,2.4803
2026-01-19T20:02:49Z,3.7873
2026-01-19T20:12:39Z,3.933
2026-01-19T20:38:26Z,3.316
2026-01-19T20:47:00Z,3.5566
2026-01-19T20:51:02Z,2.6865
2026-01-19T20:57:19Z,2.7653
2026-01-19T21:12:11Z,3.6901
2026-01-19T21:23:07Z,3.7678
2026-01-19T21:24:36Z,3.7264
2026-01-19T21:24:38Z,3.9001
2026-01-19T21:29:57Z,2.1742
2026-01-19T21:46:21Z,2.425
2026-01-19T22:32:44Z,2.1689
2026-01-19T22:55:22Z,3.7402
2026-01-19T22:58:37Z,1.5253
2026-01-19T23:03:45Z,4.5628
2026-01-19T23:15:18Z,3.5155
2026-01-19T23:31:05Z,1.7585
2026-01-19T23:36:40Z,1.8143
2026-01-19T23:42:48Z,3.9284
2026-01-19T23:45:40Z,2.9084
2026-01-20T00:02:56Z,2.7135
2026-01-20T00:07:20Z,3.7623
2026-01-20T00:18:07Z,3.9469
2026-01-20T00:21:42Z,3.688
2026-01-20T00:38:11Z,3.0154
2026-01-20T00:42:08Z,5.051
2026-01-20T00:48:25Z,3.1314
2026-01-20T00:49:19Z,3.4053
2026-01-20T01:01:29Z,3.1832
2026-01-20T01:02:31Z,3.058
2026-01-20T01:05:54Z,3.2985
2026-01-20T01:06:32Z,3.841
2026-01-20T02:07:42Z,4.2816
2026-01-20T02:13:19Z,2.6814
2026-01-20T02:24:58Z,2.9064
2026-01-20T02:37:24Z,3.7428
2026-01-20T02:55:23Z,3.6039
2026-01-20T02:57:46Z,1.9216
2026-01-20T03:10:11Z,4.4343
2026-01-20T03:20:20Z,3.1858
2026-01-20T03:21:39Z,3.6044
2026-01-20T03:39:44Z,4.112
2026-01-20T03:47:59Z,2.3799
2026-01-20T03:48:19Z,2.4854
2026-01-20T04:01:22Z,3.6192
2026-01-20T04:09:15Z,3.5647
2026-01-20T04:10:02Z,3.3318
2026-01-20T04:10:50Z,3.1497
2026-01-20T04:13:06Z,3.9219
2026-01-20T04:18:47Z,2.6039
2026-01-20T04:28:52Z,2.9294
2026-01-20T04:33:07Z,3.1198
2026-01-20T04:38:09Z,4.8031
2026-01-20T04:43:19Z,4.086
2026-01-20T04:59:58Z,3.4104
2026-01-20T05:12:09Z,1.9309
2026-01-20T05:39:35Z,2.4389
2026-01-20T05:45:03Z,3.7466
2026-01-20T05:51:30Z,2.2867
2026-01-20T06:13:34Z,3.5445
2026-01-20T06:16:34Z,3.5454
2026-01-20T06:23:07Z,3.4639
2026-01-20T06:25:30Z,3.1914
2026-01-20T06:25:43Z,4.3337
2026-01-20T06:57:01Z,3.8486
2026-01-20T07:16:29Z,3.5562
2026-01-20T07:55:26Z,3.24
2026-01-20T08:03:32Z,3.8789
2026-01-20T08:09:32Z,4.06
2026-01-20T08:14:08Z,2.8521
2026-01-20T08:26:07Z,3.4494
2026-01-20T08:41:18Z,2.8046
2026-01-20T08:49:30Z,3.495
2026-01-20T08:57:38Z,3.5652
2026-01-20T09:01:56Z,3.2348
2026-01-20T09:12:58Z,2.7033
2026-01-20T09:22:23Z,3.189
2026-01-20T09:27:30Z,4.1798
2026-01-20T09:36:50Z,3.5144
2026-01-20T09:50:13Z,3.2726
2026-01-20T09:50:48Z,4.2701
2026-01-20T10:16:19Z,3.2687
2026-01-20T10:16:52Z,3.4806
2026-01-20T10:25:11Z,3.4169
2026-01-20T10:29:25Z,3.7695
2026-01-20T10:52:33Z,3.0256
2026-01-20T10:52:38Z,4.2417
2026-01-20T11:08:48Z,3.9861
2026-01-20T11:21:53Z,3.1736
2026-01-20T11:37:00Z,3.9693
2026-01-20T11:42:03Z,3.4343
2026-01-20T12:00:08Z,3.6921
2026-01-20T12:09:18Z,3.7256
2026-01-20T12:22:14Z,4.1508
2026-01-20T12:36:02Z,1.6516
2026-01-20T12:44:00Z,2.7396
2026-01-20T12:58:36Z,3.2483
2026-01-20T12:59:48Z,3.3566
2026-01-20T13:13:22Z,3.1914
2026-01-20T13:23:27Z,3.163
2026-01-20T13:42:03Z,3.0396
2026-01-20T13:44:17Z,2.6191
2026-01-20T13:44:26Z,4.3582
2026-01-20T13:45:39Z,2.9977
2026-01-20T14:00:09Z,3.3373
2026-01-20T14:10:37Z,3.8134
2026-01-20T14:10:54Z,2.4638
2026-01-20T14:12:16Z,3.9857
2026-01-20T14:13:08Z,2.9868
2026-01-20T14:23:24Z,3.8354
2026-01-20T14:28:38Z,3.6212
2026-01-20T14:40:13Z,2.4277
2026-01-20T14:50:25Z,3.719
2026-01-20T15:01:34Z,2.4095
2026-01-20T15:17:07Z,4.4815
2026-01-20T15:45:41Z,3.0206
2026-01-20T16:01:25Z,3.1259
2026-01-20T16:10:12Z,2.5293
2026-01-20T16:12:42Z,2.6296
2026-01-20T16:25:48Z,2.2538
2026-01-20T16:33:46Z,3.6668
2026-01-20T16:49:52Z,3.4982
2026-01-20T16:52:40Z,1.8026
2026-01-20T16:56:48Z,2.9489
2026-01-20T17:10:26Z,3.8092
2026-01-20T17:24:42Z,3.2303
2026-01-20T17:25:25Z,3.2607
2026-01-20T17:26:21Z,3.1332
2026-01-20T17:27:19Z,1.8642
2026-01-20T17:33:02Z,4.1357
2026-01-20T17:42:27Z,4.1013
2026-01-20T17:46:33Z,3.7048
2026-01-20T18:04:35Z,1.8786
2026-01-20T18:26:58Z,2.8412
2026-01-20T18:34:34Z,3.2353
2026-01-20T18:46:55Z,2.1939
2026-01-20T18:49:49Z,4.8556
2026-01-20T18:59:40Z,2.6004
2026-01-20T19:27:36Z,3.5846
2026-01-20T19:33:21Z,3.3407
2026-01-20T19:45:52Z,2.0363
2026-01-20T19:51:01Z,3.2137
2026-01-20T20:05:36Z,4.5684
2026-01-20T20:08:28Z,2.7193
2026-01-20T20:09:06Z,3.8847
2026-01-20T20:09:25Z,3.4203
2026-01-20T20:22:17Z,4.2515
2026-01-20T20:25:14Z,3.9593
2026-01-20T20:36:43Z,4.1715
2026-01-20T20:38:49Z,3.3013
2026-01-20T20:50:58Z,3.5667
2026-01-20T21:06:29Z,2.954
2026-01-20T21:14:30Z,3.6184
2026-01-20T21:14:40Z,2.7671
2026-01-20T21:18:22Z,2.8416
2026-01-20T21:30:51Z,4.0746
2026-01-20T21:32:43Z,4.2628
2026-01-20T21:57:51Z,3.6768
2026-01-20T22:12:21Z,3.438
2026-01-20T22:15:54Z,3.2297
2026-01-20T22:21:08Z,4.1679
2026-01-20T22:26:57Z,3.035
2026-01-20T22:34:14Z,2.831
2026-01-20T22:47:09Z,2.6804
2026-01-20T23:08:19Z,2.8111
2026-01-20T23:09:10Z,2.0688
2026-01-20T23:21:06Z,2.8651
2026-01-20T23:22:18Z,3.5303
2026-01-20T23:24:10Z,2.5386
2026-01-20T23:30:14Z,3.6901
2026-01-21T00:10:02Z,2.842
2026-01-21T00:27:18Z,3.9556
2026-01-21T00:37:24Z,1.9653
2026-01-21T00:52:22Z,3.7233
2026-01-21T01:01:42Z,2.5946
2026-01-21T01:04:02Z,3.4817
2026-01-21T01:09:41Z,3.4514
2026-01-21T01:22:40Z,1.888
2026-01-21T01:46:15Z,3.2469
2026-01-21T01:48:32Z,3.0106
2026-01-21T01:58:52Z,3.3473
2026-01-21T02:03:44Z,2.9252
2026-01-21T02:04:35Z,2.4921
2026-01-21T02:04:47Z,3.366
2026-01-21T02:06:47Z,2.9746
2026-01-21T02:23:20Z,2.8096
2026-01-21T02:35:10Z,3.1627
2026-01-21T02:38:10Z,3.7039
2026-01-21T02:40:10Z,3.0314
2026-01-21T02:47:43Z,2.6982
2026-01-21T03:13:32Z,3.7248
2026-01-21T03:13:41Z,3.0121
2026-01-21T03:25:03Z,2.0809
2026-01-21T03:33:15Z,3.4665
2026-01-21T03:35:45Z,3.3585
2026-01-21T03:43:14Z,3.2682
2026-01-21T04:01:15Z,3.1378
2026-01-21T04:12:00Z,3.3304
2026-01-21T04:31:38Z,2.0989
2026-01-21T04:33:46Z,1.2642
2026-01-21T05:29:14Z,4.3994
2026-01-21T05:29:34Z,2.7621
2026-01-21T05:49:08Z,3.1438
2026-01-21T05:55:16Z,2.6292
2026-01-21T06:10:03Z,3.5871
2026-01-21T06:20:31Z,2.9622
2026-01-21T06:22:25Z,2.7443
2026-01-21T06:23:03Z,2.923
2026-01-21T06:31:36Z,3.0324
2026-01-21T06:34:33Z,4.9018
2026-01-21T06:36:24Z,3.4363
2026-01-21T06:41:31Z,3.331
2026-01-21T06:41:38Z,3.0703
2026-01-21T06:42:47Z,2.8895
2026-01-21T06:56:22Z,2.9517
2026-01-21T07:22:26Z,2.8953
2026-01-21T07:24:54Z,3.6642
2026-01-21T07:26:29Z,4.6549
2026-01-21T07:26:44Z,4.4606
2026-01-21T07:30:43Z,4.9037
2026-01-21T07:33:43Z,4.4517
2026-01-21T07:41:46Z,5.0261
2026-01-21T07:44:53Z,3.0623
2026-01-21T08:16:55Z,3.7626
2026-01-21T08:22:02Z,3.6278
2026-01-21T08:37:10Z,3.7545
2026-01-21T08:43:16Z,2.0944
2026-01-21T09:04:53Z,5.0778
2026-01-21T09:17:19Z,4.5111
2026-01-21T09:22:22Z,2.9178
2026-01-21T09:22:44Z,3.7756
2026-01-21T09:36:17Z,4.0435
2026-01-21T10:03:02Z,3.8749
2026-01-21T10:13:24Z,2.9526
2026-01-21T10:16:08Z,3.071
2026-01-21T10:26:28Z,3.5111
2026-01-21T10:27:28Z,3.1466
2026-01-21T10:27:31Z,3.1739
2026-01-21T10:35:27Z,2.3899
2026-01-21T10:43:17Z,3.2225
2026-01-21T10:49:24Z,3.7776
2026-01-21T10:57:11Z,2.6102
2026-01-21T10:58:28Z,3.0336
2026-01-21T11:01:22Z,3.0451
2026-01-21T11:01:55Z,3.2412
2026-01-21T11:04:01Z,3.3917
2026-01-21T11:05:39Z,3.127
2026-01-21T11:16:44Z,4.3634
2026-01-21T11:20:57Z,4.11
2026-01-21T11:21:04Z,3.2869
2026-01-21T11:48:23Z,3.4989
2026-01-21T11:54:56Z,2.5127
2026-01-21T11:55:09Z,4.66
2026-01-21T12:02:23Z,2.412
2026-01-21T12:18:08Z,2.6458
2026-01-21T12:19:46Z,3.4218
2026-01-21T12:25:49Z,4.3679
2026-01-21T12:39:23Z,2.7009
2026-01-21T12:53:04Z,3.5741
2026-01-21T13:17:17Z,4.7126
2026-01-21T13:17:37Z,4.8299
2026-01-21T13:24:31Z,2.7369
2026-01-21T13:43:55Z,5.0537
2026-01-21T13:49:05Z,3.9753
2026-01-21T13:54:25Z,3.8816
2026-01-21T13:54:26Z,4.5091
2026-01-21T13:57:57Z,4.2168
2026-01-21T14:00:20Z,3.7637
2026-01-21T14:40:06Z,3.9555
2026-01-21T14:57:24Z,2.5663
2026-01-21T15:25:06Z,2.338
2026-01-21T15:32:39Z,3.1448
2026-01-21T15:39:57Z,2.669
2026-01-21T15:40:08Z,3.3614
2026-01-21T15:55:02Z,3.745
2026-01-21T15:55:21Z,2.986
2026-01-21T16:17:14Z,2.6103
2026-01-21T16:31:58Z,2.5822
2026-01-21T16:45:23Z,2.9898
2026-01-21T17:07:22Z,1.4271
2026-01-21T17:27:12Z,2.2538
2026-01-21T17:28:48Z,3.4069
2026-01-21T17:31:04Z,2.2367
2026-01-21T17:54:04Z,3.4617
2026-01-21T18:04:09Z,3.1108
2026-01-21T18:08:48Z,3.9267
2026-01-21T18:13:51Z,3.4696
2026-01-21T18:24:16Z,4.1986
2026-01-21T18:25:52Z,2.8233
2026-01-21T18:36:20Z,3.1104
2026-01-21T18:43:35Z,3.5378
2026-01-21T18:50:59Z,3.6532
2026-01-21T18:52:59Z,3.0305
2026-01-21T19:02:49Z,4.8531
2026-01-21T19:22:40Z,3.9906
2026-01-21T19:25:38Z,4.794
2026-01-21T19:35:38Z,2.6215
2026-01-21T19:44:51Z,2.0475
2026-01-21T19:45:27Z,4.0442
2026-01-21T19:45:49Z,3.2148
2026-01-21T20:00:07Z,3.5099
2026-01-21T20:01:59Z,3.0462
2026-01-21T20:09:35Z,4.509
2026-01-21T20:13:30Z,3.5982
2026-01-21T20:29:27Z,3.1875
2026-01-21T20:47:29Z,4.8969
2026-01-21T20:56:05Z,2.2256
2026-01-21T21:06:39Z,3.9863
2026-01-21T21:19:08Z,3.0412
2026-01-21T21:22:47Z,2.8602
2026-01-21T21:23:43Z,2.4875
2026-01-21T21:31:01Z,3.7687
2026-01-21T21:40:41Z,2.1279
2026-01-21T21:42:47Z,4.6871
2026-01-21T21:54:00Z,3.8073
2026-01-21T21:56:05Z,2.8041
2026-01-21T21:56:23Z,4.3722
2026-01-21T22:06:13Z,3.6436
2026-01-21T22:25:20Z,4.645
2026-01-21T22:28:27Z,3.2378
2026-01-21T22:36:59Z,2.7715
2026-01-21T22:38:00Z,2.1294
2026-01-21T22:38:23Z,3.5943
2026-01-21T22:39:52Z,3.6851
2026-01-21T22:42:42Z,2.5933
2026-01-21T22:57:12Z,1.5695
2026-01-21T23:03:57Z,3.1297
2026-01-21T23:28:00Z,3.0446
2026-01-21T23:36:01Z,4.1018
2026-01-21T23:41:00Z,4.6638
2026-01-22T00:26:13Z,2.571
2026-01-22T00:29:19Z,4.2131
2026-01-22T00:38:23Z,3.1533
2026-01-22T00:56:52Z,5.3893
2026-01-22T01:04:08Z,3.567
2026-01-22T01:33:48Z,2.9351
2026-01-22T01:35:08Z,3.8268
2026-01-22T01:56:05Z,3.3322
2026-01-22T01:57:04Z,2.8896
2026-01-22T01:58:55Z,3.1542
2026-01-22T02:43:57Z,3.6763
2026-01-22T02:44:58Z,3.9544
2026-01-22T02:47:32Z,3.0382
2026-01-22T02:53:17Z,3.9469
2026-01-22T02:55:19Z,3.4421
2026-01-22T02:58:53Z,2.0506
2026-01-22T03:25:43Z,3.255
2026-01-22T03:39:33Z,3.0965
2026-01-22T03:40:43Z,3.1142
2026-01-22T03:48:17Z,2.7661
2026-01-22T04:27:23Z,4.5551
2026-01-22T04:55:01Z,2.1609
2026-01-22T04:56:11Z,3.1991
2026-01-22T05:23:51Z,3.841
2026-01-22T05:35:54Z,4.0313
2026-01-22T06:03:28Z,3.4712
2026-01-22T06:18:09Z,3.8825
2026-01-22T07:13:10Z,2.9118
2026-01-22T07:31:31Z,2.7374
2026-01-22T07:32:18Z,2.6832
2026-01-22T07:33:48Z,4.5242
2026-01-22T07:35:29Z,2.686
2026-01-22T07:40:35Z,3.0356
2026-01-22T07:47:02Z,3.2755
2026-01-22T08:04:52Z,3.0588
2026-01-22T08:15:47Z,2.5777
2026-01-22T08:37:45Z,1.8536
2026-01-22T08:41:38Z,3.22
2026-01-22T08:42:53Z,3.6857
2026-01-22T08:47:54Z,4.4543
2026-01-22T08:53:54Z,3.1346
2026-01-22T09:19:06Z,2.8619
2026-01-22T09:57:49Z,4.8583
2026-01-22T10:02:41Z,3.8284
2026-01-22T10:05:42Z,4.3201
2026-01-22T10:10:34Z,4.0592
2026-01-22T10:14:48Z,3.391
2026-01-22T11:04:43Z,3.3653
2026-01-22T11:07:05Z,3.9225
2026-01-22T11:08:52Z,3.208
2026-01-22T11:11:45Z,3.3796
2026-01-22T11:19:33Z,2.8717
2026-01-22T11:21:39Z,2.8262
2026-01-22T11:23:34Z,2.8803
2026-01-22T11:38:03Z,3.0974
2026-01-22T12:07:13Z,3.4907
2026-01-22T12:14:27Z,3.7482
2026-01-22T12:23:56Z,3.2505
2026-01-22T12:34:21Z,3.2385
2026-01-22T12:47:04Z,3.7048
2026-01-22T12:49:46Z,3.6616
2026-01-22T12:56:26Z,4.0748
2026-01-22T13:29:39Z,2.2828
2026-01-22T13:34:01Z,2.9674
2026-01-22T14:04:38Z,3.8681
2026-01-22T14:05:05Z,2.1093
2026-01-22T14:09:51Z,2.9686
2026-01-22T14:13:19Z,3.7008
2026-01-22T14:17:55Z,2.9504
2026-01-22T14:18:42Z,2.3963
2026-01-22T14:20:43Z,3.5625
2026-01-22T14:21:19Z,4.0798
2026-01-22T14:22:55Z,3.1371
2026-01-22T14:25:45Z,2.6462
2026-01-22T14:40:13Z,3.4069
2026-01-22T14:49:22Z,3.0667
2026-01-22T14:52:33Z,2.7046
2026-01-22T14:52:38Z,3.5198
2026-01-22T14:56:30Z,2.8335
2026-01-22T14:57:40Z,3.1023
2026-01-22T15:08:06Z,3.2227
2026-01-22T15:15:02Z,3.6666
2026-01-22T15:25:11Z,3.0861
2026-01-22T15:30:45Z,4.0524
2026-01-22T15:33:04Z,3.1349
2026-01-22T15:44:22Z,3.0662
2026-01-22T15:46:04Z,3.7103
2026-01-22T16:10:13Z,3.025
2026-01-22T16:27:26Z,4.0175
2026-01-22T16:29:48Z,3.4792
2026-01-22T16:33:58Z,3.5983
2026-01-22T16:54:08Z,3.858
2026-01-22T16:54:49Z,5.1671
2026-01-22T16:55:38Z,4.3918
2026-01-22T16:57:00Z,3.135
2026-01-22T16:57:02Z,3.7358
2026-01-22T16:58:26Z,3.3706
2026-01-22T17:02:04Z,2.7836
2026-01-22T17:02:18Z,3.6516
2026-01-22T17:19:34Z,2.4567
2026-01-22T17:20:53Z,3.086
2026-01-22T17:24:00Z,4.3154
2026-01-22T17:44:38Z,3.0681
2026-01-22T17:53:47Z,2.737
2026-01-22T18:01:52Z,3.9325
2026-01-22T18:19:59Z,4.0626
2026-01-22T18:20:01Z,4.1053
2026-01-22T18:22:23Z,3.5497
2026-01-22T18:25:36Z,3.8882
2026-01-22T18:28:59Z,5.2612
2026-01-22T18:38:33Z,2.947
2026-01-22T19:01:22Z,3.3942
2026-01-22T19:10:50Z,3.5775
2026-01-22T19:19:17Z,2.9648
2026-01-22T19:33:02Z,4.529
2026-01-22T19:52:19Z,3.8857
2026-01-22T19:56:42Z,3.6979
2026-01-22T20:10:00Z,3.7183
2026-01-22T20:13:49Z,3.1812
2026-01-22T20:31:40Z,3.9147
2026-01-22T20:33:28Z,3.4634
2026-01-22T20:46:42Z,3.0955
2026-01-22T20:48:43Z,2.7466
2026-01-22T20:55:19Z,2.5751
2026-01-22T20:56:20Z,2.1735
2026-01-22T21:04:48Z,3.6653
2026-01-22T21:08:23Z,3.0454
2026-01-22T21:12:24Z,4.6227
2026-01-22T21:36:00Z,4.2266
2026-01-22T21:36:33Z,4.3983
2026-01-22T21:38:15Z,2.8546
2026-01-22T21:51:16Z,2.4021
2026-01-22T21:56:34Z,3.71
2026-01-22T21:57:22Z,3.3355
2026-01-22T22:00:50Z,3.9911
2026-01-22T22:07:33Z,2.5837
2026-01-22T22:17:29Z,3.0237
2026-01-22T22:20:34Z,3.0349
2026-01-22T22:25:30Z,2.4095
2026-01-22T22:50:35Z,2.5595
2026-01-22T22:57:53Z,4.223
2026-01-22T23:24:50Z,1.6309
2026-01-22T23:25:41Z,2.808
2026-01-22T23:29:24Z,3.216
2026-01-22T23:30:03Z,4.0245
2026-01-22T23:34:18Z,3.0793
2026-01-22T23:37:46Z,3.9561
2026-01-22T23:38:12Z,3.1864
2026-01-22T23:40:52Z,1.9213
2026-01-22T23:43:34Z,2.7233
2026-01-23T00:03:11Z,3.1522
2026-01-23T00:12:04Z,4.0982
2026-01-23T00:24:41Z,3.6344
2026-01-23T00:42:25Z,3.9125
2026-01-23T01:10:09Z,2.9794
2026-01-23T01:14:21Z,3.185
2026-01-23T01:22:15Z,2.8679
2026-01-23T01:29:49Z,3.8926
2026-01-23T01:36:28Z,3.8679
2026-01-23T01:47:44Z,2.282
2026-01-23T02:01:29Z,4.6833
2026-01-23T02:14:48Z,2.9216
2026-01-23T02:16:08Z,3.5319
2026-01-23T02:16:26Z,3.8877
2026-01-23T02:27:07Z,4.1747
2026-01-23T02:34:54Z,4.5318
2026-01-23T02:40:58Z,3.8466
2026-01-23T02:44:38Z,3.4251
2026-01-23T02:52:38Z,4.5892
2026-01-23T03:04:05Z,3.9741
2026-01-23T03:11:19Z,3.4031
2026-01-23T03:20:12Z,3.4269
2026-01-23T03:28:03Z,3.5881
2026-01-23T03:36:02Z,3.2741
2026-01-23T04:01:27Z,3.5029
2026-01-23T04:03:01Z,3.596
2026-01-23T04:14:21Z,4.6059
2026-01-23T05:04:19Z,3.1802
2026-01-23T05:08:21Z,2.6182
2026-01-23T05:23:52Z,3.8343
2026-01-23T05:25:08Z,2.4618
2026-01-23T05:35:18Z,3.5151
2026-01-23T05:47:53Z,3.2947
2026-01-23T05:49:28Z,3.412
2026-01-23T05:53:59Z,3.1709
2026-01-23T06:02:55Z,3.6419
2026-01-23T06:10:22Z,2.5663
2026-01-23T06:20:52Z,3.9934
2026-01-23T06:37:03Z,4.3647
2026-01-23T06:40:14Z,3.1776
2026-01-23T06:48:34Z,3.8594
2026-01-23T07:17:11Z,2.4502
2026-01-23T07:39:34Z,2.5727
2026-01-23T07:43:00Z,3.4752
2026-01-23T07:47:45Z,3.4944
2026-01-23T08:05:37Z,3.3978
2026-01-23T08:39:22Z,2.1399
2026-01-23T08:46:43Z,3.6497
2026-01-23T08:50:37Z,4.0496
2026-01-23T09:11:54Z,2.543
2026-01-23T09:21:15Z,3.807
2026-01-23T09:51:42Z,4.0944
2026-01-23T10:04:51Z,2.8769
2026-01-23T10:07:29Z,2.8996
2026-01-23T10:17:39Z,2.8432
2026-01-23T10:30:45Z,3.9031
2026-01-23T10:39:58Z,3.1291
2026-01-23T10:42:58Z,4.5329
2026-01-23T10:47:08Z,3.7112
2026-01-23T10:58:24Z,3.827
2026-01-23T11:00:09Z,3.6074
2026-01-23T11:15:18Z,3.8859
2026-01-23T11:30:51Z,3.9545
2026-01-23T11:50:44Z,4.5058
2026-01-23T11:55:10Z,4.0755
2026-01-23T12:12:14Z,4.1823
2026-01-23T12:34:45Z,3.7239
2026-01-23T12:39:48Z,3.0451
2026-01-23T12:40:09Z,3.3705
2026-01-23T12:41:15Z,3.3669
2026-01-23T12:46:25Z,2.8546
2026-01-23T12:53:25Z,2.9577
2026-01-23T13:01:57Z,3.9748
2026-01-23T13:30:15Z,3.1506
2026-01-23T13:30:54Z,3.4556
2026-01-23T13:44:51Z,2.3394
2026-01-23T13:53:28Z,3.2203
2026-01-23T14:02:17Z,3.9188
2026-01-23T14:07:26Z,3.5821
2026-01-23T14:10:02Z,3.1828
2026-01-23T14:11:56Z,3.628
2026-01-23T14:16:07Z,4.1226
2026-01-23T14:18:59Z,3.3661
2026-01-23T14:25:19Z,1.4869
2026-01-23T15:04:25Z,3.5196
2026-01-23T15:04:38Z,3.0443
2026-01-23T15:08:18Z,3.4968
2026-01-23T15:18:23Z,4.0827
2026-01-23T15:27:35Z,2.2654
2026-01-23T15:32:49Z,3.6697
2026-01-23T15:43:53Z,2.332
2026-01-23T16:16:31Z,2.2989
2026-01-23T16:23:05Z,3.941
2026-01-23T16:23:58Z,3.9389
2026-01-23T16:31:11Z,2.5782
2026-01-23T16:31:48Z,3.3413
2026-01-23T16:35:31Z,2.705
2026-01-23T16:39:32Z,3.3225
2026-01-23T16:45:26Z,2.2535
2026-01-23T16:48:48Z,2.7768
2026-01-23T16:52:27Z,2.9179
2026-01-23T16:53:30Z,3.307
2026-01-23T17:10:39Z,3.8216
2026-01-23T17:11:23Z,4.2108
2026-01-23T17:30:21Z,3.2703
2026-01-23T17:47:13Z,4.2434
2026-01-23T17:48:56Z,3.4314
2026-01-23T17:54:59Z,2.4093
2026-01-23T17:56:54Z,2.2932
2026-01-23T18:11:55Z,3.6284
2026-01-23T18:36:57Z,3.1727
2026-01-23T18:39:31Z,3.9643
2026-01-23T19:13:20Z,4.5692
2026-01-23T19:14:21Z,2.7712
2026-01-23T19:23:59Z,3.1206
2026-01-23T20:06:38Z,1.8875
2026-01-23T20:10:01Z,2.9403
2026-01-23T20:25:09Z,2.9407
2026-01-23T20:34:14Z,2.9623
2026-01-23T21:04:37Z,3.1528
2026-01-23T21:08:09Z,3.0227
2026-01-23T21:08:25Z,2.8567
2026-01-23T21:10:23Z,2.7774
2026-01-23T21:14:44Z,4.1959
2026-01-23T21:28:00Z,3.3787
2026-01-23T21:29:33Z,3.68
2026-01-23T21:30:26Z,3.3221
2026-01-23T21:33:54Z,3.6116
2026-01-23T21:44:10Z,3.234
2026-01-23T21:56:45Z,2.7813
2026-01-23T22:11:55Z,2.688
2026-01-23T22:12:26Z,3.4473
2026-01-23T22:19:29Z,2.8889
2026-01-23T23:06:23Z,2.7253
2026-01-23T23:07:48Z,3.7299
2026-01-23T23:22:07Z,3.7751
2026-01-23T23:22:28Z,2.8515
2026-01-23T23:34:49Z,3.6283
2026-01-23T23:51:06Z,3.2968
2026-01-23T23:55:12Z,3.9907
2026-01-24T00:00:51Z,2.2066
2026-01-24T00:10:34Z,3.6123
2026-01-24T00:10:50Z,3.5941
2026-01-24T00:18:20Z,3.1185
2026-01-24T00:39:44Z,2.9029
2026-01-24T00:41:43Z,3.2908
2026-01-24T00:56:02Z,2.8702
2026-01-24T00:56:17Z,3.4424
2026-01-24T01:26:28Z,2.9459
2026-01-24T01:40:45Z,2.9708
2026-01-24T01:41:39Z,2.7936
2026-01-24T01:49:09Z,2.937
2026-01-24T01:49:10Z,3.4871
2026-01-24T01:54:47Z,4.0271
2026-01-24T02:02:44Z,3.5014
2026-01-24T02:06:42Z,3.4018
2026-01-24T02:15:30Z,4.2139
2026-01-24T02:15:40Z,3.0842
2026-01-24T02:25:20Z,3.6188
2026-01-24T02:32:28Z,2.9224
2026-01-24T02:33:26Z,3.0654
2026-01-24T02:42:43Z,3.1956
2026-01-24T02:56:03Z,3.2343
2026-01-24T03:02:03Z,3.0508
2026-01-24T03:03:18Z,2.9035
2026-01-24T03:20:05Z,4.7024
2026-01-24T03:32:26Z,3.6271
2026-01-24T03:49:29Z,2.9194
2026-01-24T03:55:33Z,3.4813
2026-01-24T03:58:38Z,3.2385
2026-01-24T03:59:29Z,2.8545
2026-01-24T04:01:32Z,3.9026
2026-01-24T04:08:21Z,4.5532
2026-01-24T04:27:55Z,2.0492
2026-01-24T04:42:16Z,4.1976
2026-01-24T04:45:50Z,2.3238
2026-01-24T04:47:55Z,3.2404
2026-01-24T05:12:50Z,5.8542
2026-01-24T05:21:00Z,2.3183
2026-01-24T05:22:23Z,3.2399
2026-01-24T06:23:41Z,4.2649
2026-01-24T06:32:52Z,2.8473
2026-01-24T06:43:10Z,2.5518
2026-01-24T07:06:16Z,4.3359
2026-01-24T07:08:33Z,2.7329
2026-01-24T07:19:55Z,3.216
2026-01-24T07:38:04Z,3.9066
2026-01-24T07:43:38Z,4.1745
2026-01-24T07:46:57Z,2.7738
2026-01-24T08:00:37Z,2.9969
2026-01-24T08:03:17Z,3.2657
2026-01-24T08:09:02Z,3.9978
2026-01-24T08:09:52Z,3.8117
2026-01-24T08:28:32Z,4.3499
2026-01-24T08:30:26Z,3.1894
2026-01-24T08:39:27Z,2.1239
2026-01-24T08:53:52Z,2.6652
2026-01-24T09:01:36Z,3.8083
2026-01-24T09:10:35Z,3.3004
2026-01-24T09:19:14Z,4.1493
2026-01-24T09:19:28Z,3.6754
2026-01-24T09:31:18Z,3.772
2026-01-24T09:35:52Z,3.0487
2026-01-24T09:36:41Z,3.2335
2026-01-24T09:36:52Z,2.2825
2026-01-24T09:37:03Z,2.7926
2026-01-24T10:00:17Z,2.7343
2026-01-24T10:16:35Z,3.2747
2026-01-24T10:18:19Z,2.6683
2026-01-24T10:35:47Z,3.2392
2026-01-24T10:42:34Z,3.7574
2026-01-24T10:43:07Z,2.8693
2026-01-24T10:47:54Z,3.2657
2026-01-24T10:49:06Z,2.8653
2026-01-24T11:01:25Z,2.6528
2026-01-24T11:03:49Z,3.6732
2026-01-24T11:18:29Z,3.8893
2026-01-24T11:44:12Z,3.7359
2026-01-24T11:44:57Z,4.3862
2026-01-24T11:50:08Z,3.7385
2026-01-24T11:55:55Z,3.7261
2026-01-24T12:00:34Z,3.0953
2026-01-24T12:08:59Z,2.9532
2026-01-24T12:20:35Z,2.1658
2026-01-24T12:28:05Z,4.2776
2026-01-24T12:28:34Z,2.1306
2026-01-24T12:32:06Z,3.431
2026-01-24T12:43:39Z,3.1058
2026-01-24T12:47:52Z,2.9599
2026-01-24T12:56:38Z,3.4919
2026-01-24T13:12:53Z,2.9228
2026-01-24T13:15:43Z,3.1407
2026-01-24T13:15:44Z,2.7583
2026-01-24T13:39:16Z,3.5271
2026-01-24T13:40:58Z,1.9782
2026-01-24T13:56:37Z,4.0093
2026-01-24T14:07:18Z,3.3273
2026-01-24T14:10:09Z,3.4954
2026-01-24T14:10:27Z,3.2374
2026-01-24T14:15:03Z,3.1632
2026-01-24T14:21:07Z,4.2178
2026-01-24T14:33:46Z,3.5915
2026-01-24T14:44:58Z,3.319
2026-01-24T14:46:17Z,3.2149
2026-01-24T15:18:08Z,2.4797
2026-01-24T15:24:13Z,3.3053
2026-01-24T15:24:55Z,3.8142
2026-01-24T15:31:05Z,2.9006
2026-01-24T15:47:03Z,3.6185
2026-01-24T15:49:31Z,3.8541
2026-01-24T15:56:11Z,2.7609
2026-01-24T15:58:49Z,2.7146
2026-01-24T15:59:09Z,2.8603
2026-01-24T16:23:00Z,3.7851
2026-01-24T16:23:32Z,4.4428
2026-01-24T16:42:13Z,3.1741
2026-01-24T16:53:42Z,2.9528
2026-01-24T16:58:05Z,3.6391
2026-01-24T17:03:58Z,4.6606
2026-01-24T17:17:24Z,3.015
2026-01-24T17:26:30Z,3.2389
2026-01-24T17:36:51Z,3.4572
2026-01-24T17:38:09Z,3.3604
2026-01-24T17:44:40Z,3.6398
2026-01-24T17:52:18Z,1.9211
2026-01-24T17:57:19Z,3.374
2026-01-24T18:26:53Z,3.7479
2026-01-24T18:27:57Z,3.7281
2026-01-24T18:38:57Z,4.3411
2026-01-24T19:00:05Z,4.2123
2026-01-24T19:10:23Z,3.0358
2026-01-24T19:19:26Z,3.8083
2026-01-24T19:43:58Z,2.4136
2026-01-24T19:45:34Z,3.0913
2026-01-24T20:02:40Z,2.9253
2026-01-24T20:11:51Z,4.2799
2026-01-24T20:18:45Z,2.8342
2026-01-24T20:40:11Z,2.7936
2026-01-24T20:44:08Z,3.3013
2026-01-24T20:57:14Z,3.707
2026-01-24T21:05:04Z,2.4486
2026-01-24T21:13:50Z,2.9681
2026-01-24T21:14:16Z,2.8528
2026-01-24T21:25:23Z,2.6131
2026-01-24T21:33:59Z,2.9262
2026-01-24T21:43:19Z,3.8358
2026-01-24T21:49:18Z,1.5197
2026-01-24T21:51:31Z,3.7514
2026-01-24T21:51:34Z,3.6627
2026-01-24T22:21:56Z,3.548
2026-01-24T22:29:49Z,2.6187
2026-01-24T22:35:31Z,2.806
2026-01-24T22:37:34Z,2.7556
2026-01-24T22:39:28Z,3.0021
2026-01-24T22:40:04Z,3.2863
2026-01-24T22:51:36Z,3.3341
2026-01-24T23:03:02Z,3.2423
2026-01-24T23:16:51Z,4.08
2026-01-24T23:26:07Z,2.1606
2026-01-24T23:29:11Z,2.9619
2026-01-24T23:29:28Z,3.4409
2026-01-24T23:54:49Z,4.2043
2026-01-25T00:11:14Z,5.2652
2026-01-25T00:21:37Z,4.4359
2026-01-25T00:45:09Z,3.202
2026-01-25T00:45:20Z,3.1149
2026-01-25T00:58:50Z,4.3063
2026-01-25T01:01:34Z,3.7188
2026-01-25T01:27:18Z,3.4229
2026-01-25T01:34:51Z,4.1825
2026-01-25T01:45:28Z,3.1846
2026-01-25T02:00:18Z,3.8341
2026-01-25T02:26:47Z,1.6551
2026-01-25T02:49:11Z,2.6893
2026-01-25T02:59:06Z,3.9688
2026-01-25T03:11:05Z,2.7643
2026-01-25T03:19:37Z,3.1584
2026-01-25T03:20:14Z,2.7332
2026-01-25T03:36:27Z,2.6497
2026-01-25T03:38:56Z,3.45
2026-01-25T03:55:42Z,3.2723
2026-01-25T04:03:32Z,3.5235
2026-01-25T04:15:05Z,3.3817
2026-01-25T04:23:22Z,3.5165
2026-01-25T04:27:37Z,4.2252
2026-01-25T04:36:09Z,3.272
2026-01-25T04:46:05Z,2.7365
2026-01-25T05:21:52Z,2.6042
2026-01-25T05:24:48Z,1.9935
2026-01-25T05:29:36Z,3.6034
2026-01-25T05:36:06Z,2.8525
2026-01-25T05:41:59Z,2.744
2026-01-25T05:48:06Z,3.1187
2026-01-25T05:51:19Z,3.1132
2026-01-25T05:51:26Z,3.2486
2026-01-25T05:58:51Z,4.1336
2026-01-25T06:13:11Z,3.3834
2026-01-25T06:17:36Z,2.6295
2026-01-25T06:19:51Z,3.1678
2026-01-25T06:26:26Z,4.1141
2026-01-25T06:34:51Z,4.6376
2026-01-25T06:47:02Z,3.1616
2026-01-25T07:13:17Z,3.3553
2026-01-25T07:29:35Z,3.0836
2026-01-25T07:33:59Z,3.4364
2026-01-25T07:37:50Z,1.8755
2026-01-25T08:02:04Z,3.0751
2026-01-25T08:03:55Z,3.1547
2026-01-25T08:27:50Z,2.661
2026-01-25T08:34:55Z,3.2582
2026-01-25T08:40:00Z,3.1811
2026-01-25T08:52:33Z,4.1052
2026-01-25T09:01:55Z,3.9385
2026-01-25T09:02:04Z,3.4093
2026-01-25T09:12:06Z,3.2093
2026-01-25T09:16:00Z,3.9884
2026-01-25T09:17:24Z,3.1885
2026-01-25T09:24:48Z,5.1752
2026-01-25T09:39:25Z,3.5643
2026-01-25T09:45:18Z,2.607
2026-01-25T09:59:53Z,3.6272
2026-01-25T10:04:24Z,4.6672
2026-01-25T10:18:37Z,2.1902
2026-01-25T10:30:29Z,2.8055
2026-01-25T10:33:58Z,3.0094
2026-01-25T10:54:12Z,4.3696
2026-01-25T10:55:23Z,3.5176
2026-01-25T10:59:51Z,3.057
2026-01-25T11:01:32Z,2.4565
2026-01-25T11:09:13Z,3.1205
2026-01-25T11:22:27Z,3.6478
2026-01-25T11:29:42Z,2.7474
2026-01-25T11:35:30Z,4.0525
2026-01-25T11:39:36Z,4.1488
2026-01-25T11:41:16Z,2.7714
2026-01-25T11:42:50Z,2.8682
2026-01-25T12:15:48Z,3.1022
2026-01-25T12:17:13Z,3.7025
2026-01-25T12:31:56Z,4.2256
2026-01-25T12:32:08Z,2.8255
2026-01-25T12:41:14Z,2.2444
2026-01-25T12:56:03Z,2.3956
2026-01-25T12:59:46Z,3.0995
2026-01-25T13:05:04Z,3.7017
2026-01-25T13:18:44Z,3.0454
2026-01-25T13:23:43Z,2.2641
2026-01-25T13:33:04Z,2.2444
2026-01-25T13:44:37Z,3.6761
2026-01-25T13:49:42Z,2.9007
2026-01-25T14:05:50Z,4.3628
2026-01-25T14:08:18Z,2.6913
2026-01-25T14:11:53Z,2.7635
2026-01-25T14:15:19Z,2.7713
2026-01-25T14:23:50Z,3.3408
2026-01-25T14:34:32Z,3.5262
2026-01-25T14:36:23Z,3.1191
2026-01-25T14:38:27Z,3.0192
2026-01-25T14:46:26Z,2.8541
2026-01-25T14:47:28Z,2.3559
2026-01-25T14:49:55Z,3.4535
2026-01-25T15:16:42Z,4.0643
2026-01-25T15:26:58Z,2.7626
2026-01-25T16:15:52Z,3.6032
2026-01-25T16:41:46Z,1.9618
2026-01-25T16:42:43Z,2.6114
2026-01-25T17:33:14Z,3.6588
2026-01-25T17:42:59Z,3.8986
2026-01-25T17:46:01Z,3.9109
2026-01-25T17:57:55Z,4.1865
2026-01-25T17:59:53Z,3.1728
2026-01-25T18:01:57Z,3.1143
2026-01-25T18:08:23Z,2.9078
2026-01-25T18:14:27Z,2.8082
2026-01-25T18:21:13Z,4.3764
2026-01-25T18:22:06Z,2.9092
2026-01-25T19:03:04Z,3.607
2026-01-25T19:03:35Z,3.1581
2026-01-25T19:18:15Z,3.1259
2026-01-25T19:20:10Z,3.4731
2026-01-25T19:35:25Z,2.9663
2026-01-25T19:43:23Z,3.8624
2026-01-25T19:51:49Z,3.9855
2026-01-25T20:15:32Z,2.5184
2026-01-25T20:15:56Z,3.4708
2026-01-25T20:16:14Z,2.6482
2026-01-25T20:20:53Z,2.0299
2026-01-25T20:29:33Z,2.4998
2026-01-25T20:37:55Z,2.6094
2026-01-25T20:40:25Z,4.2786
2026-01-25T20:44:04Z,4.3953
2026-01-25T20:46:49Z,3.3304
2026-01-25T20:48:55Z,3.3662
2026-01-25T20:52:33Z,2.0787
2026-01-25T21:05:07Z,4.7181
2026-01-25T21:11:06Z,3.4392
2026-01-25T21:13:13Z,2.1295
2026-01-25T21:26:55Z,2.9858
2026-01-25T21:38:13Z,3.141
2026-01-25T21:51:34Z,4.1695
2026-01-25T22:10:39Z,3.7054
2026-01-25T22:30:56Z,3.1198
2026-01-25T22:46:59Z,1.8129
2026-01-25T22:55:30Z,3.84
2026-01-25T22:57:59Z,2.7851
2026-01-25T23:00:49Z,3.1661
2026-01-25T23:07:02Z,3.5747
2026-01-25T23:23:03Z,3.5917
2026-01-25T23:45:59Z,3.4082
2026-01-25T23:58:40Z,2.7783
2026-01-26T00:06:21Z,3.5214
2026-01-26T00:33:31Z,3.4138
2026-01-26T00:47:04Z,3.3041
2026-01-26T00:48:37Z,3.2249
2026-01-26T00:54:10Z,2.1685
2026-01-26T00:56:05Z,2.3056
2026-01-26T00:58:05Z,2.9989
2026-01-26T01:08:54Z,3.7346
2026-01-26T01:10:47Z,3.0731
2026-01-26T01:10:59Z,3.1331
2026-01-26T01:20:13Z,2.3865
2026-01-26T01:23:14Z,4.2866
2026-01-26T01:26:49Z,3.8867
2026-01-26T01:52:38Z,3.2156
2026-01-26T02:00:38Z,2.5626
2026-01-26T02:05:01Z,2.0136
2026-01-26T02:11:48Z,3.0663
2026-01-26T02:26:49Z,4.1196
2026-01-26T02:38:29Z,3.3977
2026-01-26T02:46:03Z,3.2168
2026-01-26T03:08:30Z,2.5203
2026-01-26T03:11:00Z,2.1797
2026-01-26T03:15:58Z,3.4005
2026-01-26T03:24:30Z,4.1505
2026-01-26T03:30:05Z,4.6834
2026-01-26T03:48:04Z,3.3847
2026-01-26T03:49:06Z,4.7266
2026-01-26T03:54:38Z,2.764
2026-01-26T04:02:21Z,3.3151
2026-01-26T04:28:52Z,4.7967
2026-01-26T04:55:51Z,3.4285
2026-01-26T05:14:16Z,4.47
2026-01-26T05:18:17Z,5.8067
2026-01-26T05:21:03Z,2.7531
2026-01-26T05:21:46Z,2.8748
2026-01-26T05:22:55Z,2.4183
2026-01-26T05:24:02Z,4.8307
2026-01-26T05:25:16Z,3.919
2026-01-26T05:28:20Z,3.2985
2026-01-26T05:31:14Z,2.1564
2026-01-26T05:31:56Z,2.3151
2026-01-26T05:48:16Z,3.4621
2026-01-26T06:02:50Z,2.5432
2026-01-26T06:09:38Z,3.0663
2026-01-26T06:12:42Z,3.1721
2026-01-26T06:12:56Z,3.4649
2026-01-26T06:14:29Z,3.3106
2026-01-26T06:24:13Z,4.4214
2026-01-26T06:48:41Z,3.4382
2026-01-26T06:53:22Z,3.72
2026-01-26T07:14:23Z,3.6068
2026-01-26T07:29:48Z,4.152
2026-01-26T07:41:04Z,3.4456
2026-01-26T07:50:00Z,4.3214
2026-01-26T07:52:24Z,3.8466
2026-01-26T07:53:55Z,2.0677
2026-01-26T08:07:38Z,3.2614
2026-01-26T08:26:05Z,3.4484
2026-01-26T08:30:03Z,3.4652
2026-01-26T08:35:21Z,3.4097
2026-01-26T08:47:52Z,2.8379
2026-01-26T09:04:30Z,3.4927
2026-01-26T09:12:28Z,2.9265
2026-01-26T09:35:11Z,2.5018
2026-01-26T09:53:34Z,4.2901
2026-01-26T09:56:09Z,4.2163
2026-01-26T10:09:50Z,3.4594
2026-01-26T10:10:48Z,3.9403
2026-01-26T10:23:13Z,3.3877
2026-01-26T10:28:02Z,2.5846
2026-01-26T10:28:45Z,3.2338
2026-01-26T10:29:55Z,2.8197
2026-01-26T10:31:34Z,3.9269
2026-01-26T10:31:57Z,2.8294
2026-01-26T10:43:58Z,3.0111
2026-01-26T10:46:24Z,2.9477
2026-01-26T11:20:36Z,3.6163
2026-01-26T11:31:53Z,2.4171
2026-01-26T11:34:01Z,3.7275
2026-01-26T11:38:02Z,3.1228
2026-01-26T11:39:33Z,3.0354
2026-01-26T11:41:39Z,2.7735
2026-01-26T11:55:55Z,2.9222
2026-01-26T11:57:09Z,3.6454
2026-01-26T12:07:54Z,3.4088
2026-01-26T12:11:25Z,2.0187
2026-01-26T12:15:05Z,3.3059
2026-01-26T12:27:49Z,4.2217
2026-01-26T12:32:23Z,3.1358
2026-01-26T12:39:30Z,3.4869
2026-01-26T12:49:18Z,3.0318
2026-01-26T12:49:51Z,3.3678
2026-01-26T13:00:56Z,3.2918
2026-01-26T13:05:53Z,2.6661
2026-01-26T13:07:58Z,2.9959
2026-01-26T13:34:05Z,2.1745
2026-01-26T14:01:55Z,1.9176
2026-01-26T14:33:54Z,2.9113
2026-01-26T14:37:43Z,3.5503
2026-01-26T14:41:17Z,2.4398
2026-01-26T14:42:29Z,2.5987
2026-01-26T14:54:25Z,3.8047
2026-01-26T14:58:04Z,3.8522
2026-01-26T15:05:41Z,3.2374
2026-01-26T15:09:21Z,3.6748
2026-01-26T15:21:12Z,4.2904
2026-01-26T15:34:37Z,2.4059
2026-01-26T16:21:22Z,2.3437
2026-01-26T16:31:29Z,1.8371
2026-01-26T16:41:11Z,2.6893
2026-01-26T16:43:14Z,2.3995
2026-01-26T16:48:54Z,2.7043
2026-01-26T16:56:09Z,3.9082
2026-01-26T17:08:20Z,4.4011
2026-01-26T17:10:27Z,2.4928
2026-01-26T17:27:08Z,3.1865
2026-01-26T17:29:47Z,2.9227
2026-01-26T17:37:26Z,3.651
2026-01-26T17:38:08Z,3.5601
2026-01-26T17:50:39Z,2.7596
2026-01-26T18:00:33Z,4.3792
2026-01-26T18:26:26Z,4.0292
2026-01-26T18:30:52Z,2.388
2026-01-26T18:51:04Z,3.6876
2026-01-26T18:51:26Z,3.5484
2026-01-26T18:58:18Z,2.1216
2026-01-26T19:24:49Z,2.5241
2026-01-26T19:32:50Z,3.468
2026-01-26T19:41:04Z,1.7929
2026-01-26T20:22:20Z,3.6645
2026-01-26T20:29:54Z,2.2062
2026-01-26T20:30:30Z,3.0662
2026-01-26T20:52:00Z,3.3487
2026-01-26T20:52:51Z,2.5873
2026-01-26T20:53:33Z,2.677
2026-01-26T21:01:39Z,3.3235
2026-01-26T21:07:03Z,3.1597
2026-01-26T21:17:01Z,2.4156
2026-01-26T21:26:42Z,2.6871
2026-01-26T21:27:15Z,2.2454
2026-01-26T21:27:24Z,2.798
2026-01-26T21:39:43Z,3.274
2026-01-26T21:51:04Z,2.9679
2026-01-26T22:19:23Z,2.0961
2026-01-26T22:30:26Z,2.1768
2026-01-26T22:44:59Z,3.3785
2026-01-26T22:47:23Z,2.6876
2026-01-26T22:54:14Z,3.0021
2026-01-26T22:59:18Z,2.9113
2026-01-26T23:14:18Z,3.5913
2026-01-26T23:21:41Z,3.802
2026-01-26T23:33:56Z,2.7465
2026-01-26T23:44:37Z,3.9113
2026-01-27T00:35:54Z,4.3653
2026-01-27T00:51:51Z,2.7017
2026-01-27T01:05:54Z,3.1368
2026-01-27T01:25:22Z,2.602
2026-01-27T01:32:39Z,3.7443
2026-01-27T01:35:04Z,3.0259
2026-01-27T01:58:08Z,3.3632
2026-01-27T02:05:55Z,1.4808
2026-01-27T02:22:15Z,2.9187
2026-01-27T03:03:59Z,2.3773
2026-01-27T03:17:50Z,3.1782
2026-01-27T03:21:01Z,3.3739
2026-01-27T03:26:52Z,3.0225
2026-01-27T03:30:01Z,4.1383
2026-01-27T03:42:30Z,3.8628
2026-01-27T03:43:50Z,3.7108
2026-01-27T03:44:07Z,3.4738
2026-01-27T03:53:31Z,3.1779
2026-01-27T04:02:05Z,3.7482
2026-01-27T04:18:08Z,2.8406
2026-01-27T04:30:41Z,1.7732
2026-01-27T04:33:46Z,4.0025
2026-01-27T04:34:38Z,3.5607
2026-01-27T04:50:30Z,2.5077
2026-01-27T05:10:51Z,2.846
2026-01-27T05:11:40Z,4.0642
2026-01-27T05:14:00Z,3.6594
2026-01-27T05:19:53Z,1.7439
2026-01-27T05:29:56Z,3.0983
2026-01-27T05:35:54Z,2.239
2026-01-27T05:37:27Z,3.5969
2026-01-27T05:37:45Z,3.7132
2026-01-27T05:55:34Z,1.6188
2026-01-27T05:59:15Z,3.4749
2026-01-27T06:09:49Z,3.0137
2026-01-27T06:35:24Z,2.572
2026-01-27T06:44:28Z,4.4572
2026-01-27T07:00:00Z,3.4072
2026-01-27T07:16:09Z,4.0261
2026-01-27T07:48:38Z,4.7813
2026-01-27T07:58:05Z,2.5156
2026-01-27T07:58:46Z,3.2338
2026-01-27T08:12:41Z,3.397
2026-01-27T08:27:10Z,3.4133
2026-01-27T08:28:00Z,4.0639
2026-01-27T08:50:58Z,3.5539
2026-01-27T08:58:58Z,3.9282
2026-01-27T09:02:29Z,3.2037
2026-01-27T09:08:23Z,3.1613
2026-01-27T09:10:22Z,3.4272
2026-01-27T09:11:02Z,4.1176
2026-01-27T09:13:33Z,3.019
2026-01-27T09:13:49Z,2.4713
2026-01-27T09:15:35Z,3.9894
2026-01-27T09:18:19Z,3.4563
2026-01-27T09:41:48Z,1.5062
2026-01-27T10:19:26Z,3.2828
2026-01-27T10:25:11Z,2.6824
2026-01-27T10:38:07Z,2.8176
2026-01-27T10:45:35Z,3.3564
2026-01-27T10:54:49Z,4.1844
2026-01-27T11:00:42Z,3.0064
2026-01-27T11:03:08Z,4.3014
2026-01-27T11:10:20Z,2.6691
2026-01-27T11:23:15Z,3.4819
2026-01-27T11:33:14Z,4.4238
2026-01-27T11:34:57Z,2.6389
2026-01-27T11:36:00Z,3.9428
2026-01-27T11:38:33Z,3.107
2026-01-27T11:43:43Z,3.1915
2026-01-27T11:48:14Z,3.355
2026-01-27T11:50:48Z,3.4853
2026-01-27T11:51:17Z,2.1092
2026-01-27T11:54:24Z,2.0677
2026-01-27T12:00:46Z,2.9238
2026-01-27T12:04:03Z,3.0643
2026-01-27T12:10:22Z,2.3086
2026-01-27T12:11:22Z,2.9756
2026-01-27T12:14:29Z,3.0218
2026-01-27T12:20:44Z,2.4535
2026-01-27T12:22:14Z,3.5523
2026-01-27T12:31:11Z,3.3944
2026-01-27T12:34:14Z,2.8566
2026-01-27T13:13:37Z,2.9846
2026-01-27T13:27:19Z,4.2817
2026-01-27T13:33:16Z,3.7294
2026-01-27T13:36:21Z,3.1594
2026-01-27T13:37:27Z,4.5901
2026-01-27T14:04:40Z,1.9631
2026-01-27T14:05:12Z,2.2666
2026-01-27T14:09:20Z,2.6208
2026-01-27T14:42:50Z,3.4435
2026-01-27T14:51:32Z,3.4025
2026-01-27T14:53:45Z,2.6743
2026-01-27T14:59:57Z,2.1942
2026-01-27T15:04:24Z,3.3499
2026-01-27T15:04:25Z,3.1387
2026-01-27T15:09:19Z,3.1968
2026-01-27T15:14:54Z,3.7794
2026-01-27T15:20:22Z,3.4057
2026-01-27T15:24:41Z,3.3243
2026-01-27T15:34:51Z,4.4002
2026-01-27T15:38:51Z,3.559
2026-01-27T15:42:19Z,2.9757
2026-01-27T16:04:25Z,3.8532
2026-01-27T16:16:02Z,3.8332
2026-01-27T16:16:36Z,2.7765
2026-01-27T16:33:59Z,2.2976
2026-01-27T16:40:57Z,2.809
2026-01-27T16:46:59Z,3.7196
2026-01-27T16:48:55Z,2.7147
2026-01-27T16:50:18Z,3.0597
2026-01-27T17:02:26Z,2.1996
2026-01-27T17:29:32Z,3.3871
2026-01-27T17:51:47Z,3.4774
2026-01-27T18:12:31Z,2.8489
2026-01-27T18:14:28Z,2.8959
2026-01-27T18:17:47Z,5.1887
2026-01-27T18:21:40Z,2.3179
2026-01-27T18:22:34Z,4.0657
2026-01-27T18:30:27Z,3.4708
2026-01-27T18:33:02Z,2.7026
2026-01-27T18:35:09Z,3.2181
2026-01-27T18:35:21Z,2.9489
2026-01-27T18:35:44Z,2.1385
2026-01-27T18:40:20Z,3.0822
2026-01-27T18:54:02Z,3.1898
2026-01-27T19:05:23Z,3.7891
2026-01-27T19:14:18Z,3.7718
2026-01-27T19:34:32Z,3.8841
2026-01-27T19:38:16Z,2.9167
2026-01-27T19:55:38Z,3.0305
2026-01-27T20:04:17Z,3.0176
2026-01-27T20:24:55Z,2.5381
2026-01-27T20:37:13Z,4.7994
2026-01-27T20:37:42Z,1.9932
2026-01-27T20:43:52Z,3.5268
2026-01-27T21:06:45Z,2.9032
2026-01-27T21:17:15Z,3.3014
2026-01-27T21:32:33Z,2.6774
2026-01-27T21:34:47Z,4.1826
2026-01-27T21:38:07Z,1.8591
2026-01-27T22:11:07Z,1.8447
2026-01-27T22:18:18Z,3.9881
2026-01-27T22:19:26Z,2.7064
2026-01-27T22:36:29Z,4.4147
2026-01-27T22:59:54Z,3.0545
2026-01-27T23:00:44Z,3.3746
2026-01-27T23:11:43Z,3.4006
2026-01-27T23:18:43Z,3.2198
2026-01-27T23:38:17Z,2.7639
2026-01-27T23:42:54Z,3.3918
2026-01-28T00:01:58Z,5.2045
2026-01-28T00:05:42Z,2.2664
2026-01-28T00:16:11Z,4.0789
2026-01-28T00:25:08Z,2.9124
2026-01-28T00:40:26Z,3.1983
2026-01-28T00:50:27Z,3.9508
2026-01-28T00:58:21Z,3.4712
2026-01-28T01:04:11Z,2.7237
2026-01-28T01:06:24Z,4.1841
2026-01-28T01:14:58Z,2.9163
2026-01-28T01:19:26Z,3.3124
2026-01-28T01:24:48Z,2.9898
2026-01-28T01:24:56Z,2.8256
2026-01-28T01:43:39Z,3.5471
2026-01-28T01:55:41Z,3.3694
2026-01-28T02:02:01Z,4.0907
2026-01-28T02:15:07Z,3.8658
2026-01-28T02:16:17Z,4.3801
2026-01-28T02:30:54Z,3.4582
2026-01-28T02:32:25Z,2.8044
2026-01-28T02:44:01Z,3.0431
2026-01-28T02:48:44Z,1.7468
2026-01-28T02:51:05Z,2.5048
2026-01-28T02:59:27Z,3.5847
2026-01-28T03:02:30Z,2.436
2026-01-28T03:13:15Z,3.5582
2026-01-28T03:51:52Z,3.3422
2026-01-28T03:55:21Z,3.0664
2026-01-28T04:04:51Z,3.0622
2026-01-28T04:12:25Z,2.8445
2026-01-28T04:12:55Z,3.2717
2026-01-28T04:14:53Z,3.6923
2026-01-28T04:15:42Z,4.0414
2026-01-28T04:19:56Z,2.4843
2026-01-28T04:31:49Z,3.8804
2026-01-28T04:50:34Z,3.9291
2026-01-28T04:58:18Z,4.0142
2026-01-28T05:18:33Z,2.0582
2026-01-28T05:39:53Z,3.7055
2026-01-28T06:02:37Z,3.0582
2026-01-28T06:33:41Z,3.4262
2026-01-28T06:57:14Z,3.0293
2026-01-28T06:57:38Z,2.2656
2026-01-28T07:13:06Z,3.1284
2026-01-28T07:15:11Z,3.1896
2026-01-28T07:55:41Z,2.7714
2026-01-28T07:59:15Z,4.4348
2026-01-28T08:01:25Z,4.1672
2026-01-28T08:05:21Z,2.4497
2026-01-28T08:10:54Z,3.3883
2026-01-28T08:26:08Z,1.8946
2026-01-28T08:34:05Z,4.0987
2026-01-28T08:44:25Z,3.4008
2026-01-28T09:04:41Z,2.5761
2026-01-28T09:27:40Z,3.188
2026-01-28T09:28:25Z,2.9544
2026-01-28T09:35:58Z,3.0623
2026-01-28T09:37:23Z,2.8896
2026-01-28T09:37:51Z,2.7182
2026-01-28T09:43:21Z,3.1027
2026-01-28T09:44:23Z,2.9495
2026-01-28T09:45:44Z,4.5426
2026-01-28T09:51:27Z,2.7644
2026-01-28T10:06:43Z,3.0659
2026-01-28T10:11:29Z,3.7593
2026-01-28T10:24:51Z,2.9793
2026-01-28T11:00:22Z,2.729
2026-01-28T11:00:59Z,3.508
2026-01-28T11:04:07Z,3.5623
2026-01-28T11:18:45Z,2.8995
2026-01-28T11:36:46Z,4.1875
2026-01-28T11:41:58Z,2.8424
2026-01-28T11:46:25Z,3.5362
2026-01-28T11:55:25Z,2.5539
2026-01-28T12:00:50Z,2.503
2026-01-28T12:00:53Z,1.7742
2026-01-28T12:23:44Z,3.9731
2026-01-28T12:46:56Z,2.8101
2026-01-28T13:16:42Z,2.8338
2026-01-28T13:24:59Z,4.1608
2026-01-28T13:38:05Z,3.0905
2026-01-28T13:42:49Z,2.6578
2026-01-28T13:54:06Z,3.1956
2026-01-28T13:56:01Z,3.843
2026-01-28T14:09:26Z,4.3305
2026-01-28T14:18:01Z,2.9734
2026-01-28T14:18:59Z,3.3721
2026-01-28T14:22:37Z,3.3511
2026-01-28T14:30:52Z,3.1923
2026-01-28T14:33:11Z,2.3966
2026-01-28T14:36:52Z,3.5909
2026-01-28T14:47:49Z,3.4805
2026-01-28T14:56:40Z,3.8004
2026-01-28T14:59:33Z,3.9405
2026-01-28T15:00:52Z,2.6687
2026-01-28T15:11:41Z,2.6219
2026-01-28T15:27:59Z,2.7879
2026-01-28T15:42:56Z,3.0297
2026-01-28T15:43:27Z,2.2975
2026-01-28T16:00:15Z,3.8645
2026-01-28T16:04:03Z,2.5211
2026-01-28T16:22:21Z,1.4388
2026-01-28T16:24:43Z,3.2589
2026-01-28T16:37:43Z,3.6825
2026-01-28T17:04:47Z,2.348
2026-01-28T17:13:53Z,3.6576
2026-01-28T17:19:58Z,2.9108
2026-01-28T17:48:29Z,4.5957
2026-01-28T18:17:37Z,3.5868
2026-01-28T18:22:47Z,3.7672
2026-01-28T18:33:23Z,3.978
2026-01-28T18:34:08Z,4.1266
2026-01-28T18:37:22Z,3.1838
2026-01-28T18:47:20Z,5.0906
2026-01-28T19:11:14Z,2.8784
2026-01-28T19:13:04Z,3.3284
2026-01-28T19:44:01Z,3.5442
2026-01-28T19:46:04Z,4.3582
2026-01-28T19:48:58Z,2.3445
2026-01-28T19:57:17Z,3.38
2026-01-28T20:11:27Z,3.993
2026-01-28T20:26:00Z,3.715
2026-01-28T20:29:19Z,3.209
2026-01-28T20:29:57Z,4.0947
2026-01-28T20:32:17Z,2.3972
2026-01-28T20:50:17Z,2.215
2026-01-28T21:00:42Z,2.788
2026-01-28T21:03:51Z,3.9753
2026-01-28T21:05:33Z,3.3194
2026-01-28T21:06:38Z,2.7612
2026-01-28T21:12:00Z,3.4032
2026-01-28T21:27:23Z,3.7674
2026-01-28T21:28:07Z,2.8661
2026-01-28T21:35:34Z,3.6044
2026-01-28T21:48:00Z,4.2594
2026-01-28T21:50:06Z,2.7057
2026-01-28T21:54:25Z,3.2808
2026-01-28T22:04:19Z,3.1
2026-01-28T22:15:05Z,4.2752
2026-01-28T22:25:33Z,3.2321
2026-01-28T22:29:41Z,3.7441
2026-01-28T22:32:37Z,2.7794
2026-01-28T22:38:12Z,3.9438
2026-01-28T22:53:04Z,2.9052
2026-01-28T23:10:37Z,3.8739
2026-01-28T23:17:43Z,4.2465
2026-01-28T23:27:25Z,3.8956
2026-01-28T23:30:24Z,2.8401
2026-01-28T23:34:49Z,2.7859
2026-01-28T23:40:45Z,2.7918
2026-01-28T23:46:54Z,3.2885
2026-01-29T00:23:51Z,3.6259
2026-01-29T00:42:49Z,3.5057
2026-01-29T00:43:45Z,3.3543
2026-01-29T00:49:28Z,3.5734
2026-01-29T00:59:22Z,3.8339
2026-01-29T01:12:50Z,3.5811
2026-01-29T01:24:42Z,4.5953
2026-01-29T01:29:03Z,3.2706
2026-01-29T01:30:24Z,3.6602
2026-01-29T01:34:13Z,3.2464
2026-01-29T02:06:02Z,3.1451
2026-01-29T02:09:21Z,3.0213
2026-01-29T02:10:55Z,3.1572
2026-01-29T02:23:58Z,3.6909
2026-01-29T02:34:00Z,3.2997
2026-01-29T02:35:54Z,3.7417
2026-01-29T02:39:01Z,2.705
2026-01-29T02:44:10Z,2.8391
2026-01-29T02:53:43Z,2.7034
2026-01-29T03:19:47Z,3.379
2026-01-29T04:26:00Z,3.1133
2026-01-29T04:32:46Z,2.5835
2026-01-29T04:43:38Z,3.193
2026-01-29T04:50:58Z,3.6746
2026-01-29T04:51:15Z,2.9523
2026-01-29T04:57:19Z,3.9177
2026-01-29T04:58:45Z,2.6762
2026-01-29T05:16:44Z,4.201
2026-01-29T05:21:36Z,2.6999
2026-01-29T05:31:33Z,2.8914
2026-01-29T05:32:19Z,2.2071
2026-01-29T05:33:03Z,3.316
2026-01-29T05:36:40Z,3.2596
2026-01-29T05:38:11Z,4.5405
2026-01-29T05:41:35Z,4.3498
2026-01-29T05:43:42Z,4.0465
2026-01-29T05:46:33Z,4.3654
2026-01-29T05:57:30Z,2.2958
2026-01-29T05:57:56Z,3.4834
2026-01-29T05:59:39Z,2.5189
2026-01-29T06:14:14Z,2.4706
2026-01-29T06:41:35Z,4.5425
2026-01-29T06:57:39Z,2.2334
2026-01-29T07:18:31Z,2.1527
2026-01-29T07:19:14Z,4.837
2026-01-29T07:23:24Z,3.9104
2026-01-29T07:36:41Z,3.7275
2026-01-29T07:41:42Z,3.0151
2026-01-29T07:48:52Z,3.1358
2026-01-29T07:53:20Z,1.934
2026-01-29T08:01:44Z,4.0054
2026-01-29T08:09:54Z,2.9988
2026-01-29T08:38:02Z,3.3218
2026-01-29T08:50:23Z,3.9087
2026-01-29T08:51:01Z,3.3139
2026-01-29T09:28:15Z,2.8707
2026-01-29T09:46:11Z,3.1959
2026-01-29T09:55:01Z,2.9935
2026-01-29T09:55:35Z,3.0495
2026-01-29T10:00:40Z,3.1363
2026-01-29T10:04:42Z,4.9653
2026-01-29T10:18:39Z,3.826
2026-01-29T10:28:00Z,3.9111
2026-01-29T10:29:41Z,2.6079
2026-01-29T10:38:56Z,3.6344
2026-01-29T10:43:25Z,3.1671
2026-01-29T11:17:09Z,3.9919
2026-01-29T11:27:42Z,2.1293
2026-01-29T11:34:49Z,2.454
2026-01-29T11:53:47Z,3.5967
2026-01-29T12:05:02Z,4.1687
2026-01-29T12:10:19Z,3.07
2026-01-29T12:12:36Z,4.4461
2026-01-29T12:14:27Z,3.5198
2026-01-29T12:26:59Z,4.2882
2026-01-29T12:57:58Z,4.6622
2026-01-29T13:13:09Z,4.2757
2026-01-29T13:15:59Z,4.8519
2026-01-29T13:16:11Z,2.6537
2026-01-29T13:21:11Z,4.1299
2026-01-29T13:29:57Z,4.0116
2026-01-29T13:30:38Z,3.4006
2026-01-29T13:44:37Z,2.3066
2026-01-29T13:59:41Z,3.1401
2026-01-29T14:01:41Z,2.465
2026-01-29T14:04:19Z,3.1874
2026-01-29T14:11:17Z,3.0238
2026-01-29T14:11:26Z,3.9589
2026-01-29T14:14:30Z,2.4765
2026-01-29T14:16:39Z,3.3441
2026-01-29T14:18:29Z,2.9109
2026-01-29T14:42:04Z,3.0447
2026-01-29T15:02:33Z,3.8395
2026-01-29T15:11:19Z,1.4379
2026-01-29T15:13:00Z,2.9556
2026-01-29T15:39:03Z,3.4808
2026-01-29T15:39:52Z,3.7832
2026-01-29T16:03:33Z,2.6201
2026-01-29T16:06:29Z,3.3565
2026-01-29T16:12:06Z,4.0562
2026-01-29T16:26:15Z,3.0749
2026-01-29T16:49:15Z,3.4447
2026-01-29T16:53:49Z,3.7062
2026-01-29T17:10:46Z,4.2277
2026-01-29T17:12:36Z,2.784
2026-01-29T17:14:06Z,0.8064
2026-01-29T17:22:21Z,2.1139
2026-01-29T17:53:14Z,3.7014
2026-01-29T17:58:34Z,3.5892
2026-01-29T17:58:35Z,3.8057
2026-01-29T17:59:51Z,3.1293
2026-01-29T18:01:30Z,2.4681
2026-01-29T18:02:37Z,2.6201
2026-01-29T18:03:59Z,2.5206
2026-01-29T18:07:41Z,2.4643
2026-01-29T18:29:36Z,3.1942
2026-01-29T18:32:35Z,4.0469
2026-01-29T18:42:30Z,3.2226
2026-01-29T18:49:18Z,2.9821
2026-01-29T19:32:42Z,2.6583
2026-01-29T19:35:37Z,3.3901
2026-01-29T19:39:53Z,3.8819
2026-01-29T19:40:38Z,2.9982
2026-01-29T19:52:04Z,3.6201
2026-01-29T20:01:52Z,2.4852
2026-01-29T20:04:31Z,4.3237
2026-01-29T20:16:02Z,2.5874
2026-01-29T20:20:02Z,2.8137
2026-01-29T20:20:05Z,3.5889
2026-01-29T20:22:43Z,2.7911
2026-01-29T20:40:44Z,4.0624
2026-01-29T21:05:25Z,3.5942
2026-01-29T21:11:08Z,2.9418
2026-01-29T21:11:08Z,2.2017
2026-01-29T21:20:46Z,2.1046
2026-01-29T21:20:57Z,1.9245
2026-01-29T21:28:41Z,4.0948
2026-01-29T21:33:19Z,2.7159
2026-01-29T21:34:29Z,2.0491
2026-01-29T21:36:08Z,3.803
2026-01-29T21:40:36Z,3.6663
2026-01-29T21:46:24Z,3.5797
2026-01-29T21:51:53Z,2.4905
2026-01-29T21:56:46Z,1.9985
2026-01-29T22:09:16Z,4.1843
2026-01-29T22:20:43Z,3.8581
2026-01-29T22:31:06Z,3.043
2026-01-29T23:10:10Z,4.2454
2026-01-29T23:33:06Z,3.3189
2026-01-29T23:33:28Z,2.9007
2026-01-29T23:42:21Z,3.1418
2026-01-29T23:46:04Z,3.6483
2026-01-29T23:46:57Z,3.4844
2026-01-29T23:48:29Z,3.7798
2026-01-30T00:06:31Z,1.8522
2026-01-30T00:12:04Z,2.5829
2026-01-30T00:20:46Z,4.3824
2026-01-30T00:29:12Z,2.864
2026-01-30T01:03:14Z,2.344
2026-01-30T01:09:54Z,3.2525
2026-01-30T01:11:20Z,3.3156
2026-01-30T01:35:40Z,2.0707
2026-01-30T01:37:01Z,2.0473
2026-01-30T02:06:38Z,2.5148
2026-01-30T02:09:51Z,3.1418
2026-01-30T02:49:14Z,2.793
2026-01-30T02:52:21Z,3.7147
2026-01-30T02:53:28Z,2.5514
2026-01-30T02:54:15Z,3.3337
2026-01-30T03:53:01Z,3.0506
2026-01-30T04:01:48Z,3.1901
2026-01-30T04:12:21Z,3.4765
2026-01-30T04:25:33Z,3.7908
2026-01-30T04:29:04Z,2.9397
2026-01-30T04:31:50Z,3.4529
2026-01-30T04:32:19Z,3.1211
2026-01-30T04:36:36Z,3.5852
2026-01-30T04:41:14Z,1.9599
2026-01-30T05:02:59Z,2.5245
2026-01-30T05:33:52Z,3.7943
2026-01-30T05:50:25Z,2.8601
2026-01-30T05:56:44Z,2.4561
2026-01-30T06:08:39Z,3.6208
2026-01-30T06:10:03Z,4.4957
2026-01-30T06:25:26Z,2.9649
2026-01-30T06:30:19Z,3.3057
2026-01-30T06:56:10Z,3.6065
2026-01-30T07:00:34Z,2.7685
2026-01-30T07:02:35Z,1.6308
2026-01-30T07:04:14Z,3.2133
2026-01-30T07:08:11Z,2.4913
2026-01-30T07:08:56Z,3.6134
2026-01-30T07:27:30Z,4.3764
2026-01-30T07:29:21Z,1.64
2026-01-30T07:57:02Z,3.3002
2026-01-30T08:03:27Z,3.9027
2026-01-30T08:10:58Z,4.6202
2026-01-30T08:26:30Z,4.1779
2026-01-30T08:34:47Z,3.6337
2026-01-30T08:44:58Z,3.106
2026-01-30T08:48:07Z,3.7567
2026-01-30T08:49:52Z,4.7187
2026-01-30T08:58:15Z,3.0238
2026-01-30T09:07:26Z,3.1303
2026-01-30T09:08:41Z,3.3152
2026-01-30T09:08:47Z,3.334
2026-01-30T09:26:05Z,2.187
2026-01-30T09:33:37Z,3.6817
2026-01-30T09:37:25Z,3.3142
2026-01-30T10:09:21Z,2.6366
2026-01-30T10:16:57Z,2.3996
2026-01-30T10:20:48Z,4.3923
2026-01-30T10:24:13Z,3.7736
2026-01-30T10:26:17Z,3.1721
2026-01-30T10:29:59Z,1.3875
2026-01-30T10:31:53Z,1.7461
2026-01-30T10:37:17Z,2.3453
2026-01-30T10:54:53Z,2.9003
2026-01-30T11:06:22Z,2.9871
2026-01-30T11:11:26Z,3.8453
2026-01-30T11:20:46Z,3.1694
2026-01-30T11:26:50Z,3.3696
2026-01-30T11:27:17Z,2.9816
2026-01-30T11:37:49Z,3.2438
2026-01-30T11:41:43Z,3.8157
2026-01-30T11:44:10Z,2.6724
2026-01-30T11:49:03Z,2.7921
2026-01-30T11:49:43Z,3.4966
2026-01-30T12:01:19Z,3.0584
2026-01-30T12:11:37Z,2.8369
2026-01-30T12:26:03Z,3.1035
2026-01-30T12:26:44Z,3.2215
2026-01-30T12:46:01Z,3.2456
2026-01-30T12:46:16Z,4.7116
2026-01-30T12:49:33Z,3.3049
2026-01-30T13:01:53Z,3.6273
2026-01-30T13:04:43Z,2.3476
2026-01-30T13:12:16Z,2.6849
2026-01-30T13:14:34Z,2.809
2026-01-30T13:53:08Z,3.2694
2026-01-30T13:54:31Z,3.1325
2026-01-30T13:56:57Z,3.8917
2026-01-30T14:09:16Z,2.6688
2026-01-30T14:19:52Z,3.5646
2026-01-30T14:25:51Z,3.3191
2026-01-30T14:31:57Z,2.488
2026-01-30T14:35:55Z,4.8368
2026-01-30T14:53:11Z,3.1555
2026-01-30T15:13:40Z,2.6316
2026-01-30T15:23:58Z,2.1565
2026-01-30T15:25:02Z,3.3994
2026-01-30T15:25:53Z,4.1392
2026-01-30T15:30:56Z,3.6943
2026-01-30T15:30:58Z,3.896
2026-01-30T15:54:33Z,4.0343
2026-01-30T15:57:15Z,3.4829
2026-01-30T15:59:20Z,2.7983
2026-01-30T16:24:15Z,2.8
2026-01-30T16:41:58Z,2.4636
2026-01-30T16:42:20Z,3.6389
2026-01-30T17:19:05Z,3.1846
2026-01-30T17:28:37Z,2.5985
2026-01-30T18:03:40Z,3.4904
2026-01-30T18:35:48Z,3.6755
2026-01-30T18:36:57Z,1.9516
2026-01-30T18:43:31Z,2.4638
2026-01-30T18:45:46Z,2.9811
2026-01-30T18:57:26Z,3.0573
2026-01-30T19:03:38Z,2.7842
2026-01-30T19:06:24Z,3.8557
2026-01-30T19:12:21Z,3.3608
2026-01-30T19:33:08Z,4.4599
2026-01-30T19:34:47Z,3.8491
2026-01-30T19:39:57Z,3.6238
2026-01-30T19:55:23Z,2.9337
2026-01-30T19:58:10Z,3.0837
2026-01-30T20:05:38Z,3.3261
2026-01-30T20:23:02Z,3.0631
2026-01-30T20:36:55Z,2.5379
2026-01-30T20:46:55Z,2.9134
2026-01-30T21:42:24Z,1.9308
2026-01-30T21:58:15Z,2.7683
2026-01-30T22:04:20Z,3.763
2026-01-30T22:12:38Z,2.878
2026-01-30T22:15:07Z,2.7943
2026-01-30T22:22:55Z,2.5727
2026-01-30T22:57:12Z,4.0444
2026-01-30T22:59:22Z,3.5317
2026-01-30T23:02:18Z,4.1956
2026-01-30T23:05:16Z,4.1732
2026-01-30T23:06:02Z,3.8561
2026-01-30T23:11:50Z,2.9805
2026-01-30T23:21:53Z,3.4068
2026-01-30T23:27:35Z,2.8075
2026-01-30T23:28:07Z,3.2143
2026-01-30T23:30:07Z,3.4222
2026-01-30T23:35:55Z,3.5248
2026-01-30T23:39:56Z,3.4711
2026-01-30T23:46:51Z,2.9543
2026-01-31T00:05:46Z,3.6344
2026-01-31T00:10:53Z,3.9341
2026-01-31T00:23:39Z,2.7821
2026-01-31T00:25:32Z,2.5628
2026-01-31T00:27:44Z,4.086
2026-01-31T00:33:35Z,3.3961
2026-01-31T00:34:59Z,2.6924
2026-01-31T00:51:06Z,3.3541
2026-01-31T01:14:57Z,3.8339
2026-01-31T01:15:37Z,3.4762
2026-01-31T01:21:46Z,3.5291
2026-01-31T01:41:59Z,3.2775
2026-01-31T02:06:10Z,3.126
2026-01-31T03:19:29Z,3.6605
2026-01-31T03:26:31Z,4.2433
2026-01-31T03:35:04Z,4.1275
2026-01-31T03:46:12Z,3.1874
2026-01-31T03:47:59Z,2.5219
2026-01-31T03:59:13Z,2.7622
2026-01-31T04:15:30Z,4.6889
2026-01-31T04:33:31Z,3.4311
2026-01-31T04:35:10Z,3.9339
2026-01-31T04:37:32Z,3.4024
2026-01-31T04:40:28Z,3.5158
2026-01-31T05:04:27Z,3.0886
2026-01-31T05:04:31Z,4.6327
2026-01-31T05:09:40Z,3.0328
2026-01-31T05:35:56Z,2.7077
2026-01-31T05:37:39Z,3.3373
2026-01-31T05:41:04Z,3.4602
2026-01-31T06:16:18Z,2.5279
2026-01-31T06:22:11Z,3.4068
2026-01-31T06:29:03Z,2.8729
2026-01-31T06:41:18Z,4.0567
2026-01-31T06:45:42Z,2.6816
2026-01-31T06:59:54Z,3.3527
2026-01-31T07:00:03Z,3.1485
2026-01-31T07:02:17Z,2.809
2026-01-31T07:30:19Z,2.2411
2026-01-31T07:30:40Z,4.4634
2026-01-31T07:46:32Z,2.945
2026-01-31T07:53:49Z,2.328
2026-01-31T08:06:16Z,3.4424
2026-01-31T08:07:50Z,3.3531
2026-01-31T08:20:16Z,2.8613
2026-01-31T08:20:49Z,3.5508
2026-01-31T08:34:47Z,3.4358
2026-01-31T08:50:29Z,3.4168
2026-01-31T08:57:35Z,4.6164
2026-01-31T09:05:22Z,3.6732
2026-01-31T09:30:41Z,2.1104
2026-01-31T09:35:52Z,2.9707
2026-01-31T09:37:23Z,2.3174
2026-01-31T09:38:31Z,3.9254
2026-01-31T09:40:00Z,4.1182
2026-01-31T09:42:11Z,2.4679
2026-01-31T09:48:30Z,2.1806
2026-01-31T10:00:05Z,2.9542
2026-01-31T10:06:12Z,3.4243
2026-01-31T10:13:08Z,2.6354
2026-01-31T10:22:01Z,2.3041
2026-01-31T10:24:06Z,2.8946
2026-01-31T11:03:49Z,3.3656
2026-01-31T11:13:18Z,2.2645
2026-01-31T11:48:57Z,3.0377
2026-01-31T12:02:55Z,3.1816
2026-01-31T12:05:28Z,2.8111
2026-01-31T12:15:14Z,3.0196
2026-01-31T12:16:46Z,2.563
2026-01-31T12:30:02Z,2.6829
2026-01-31T12:45:31Z,3.0398
2026-01-31T13:23:12Z,2.9723
2026-01-31T13:39:26Z,4.0733
2026-01-31T13:52:20Z,3.916
2026-01-31T13:57:19Z,3.8563
2026-01-31T14:11:48Z,2.6192
2026-01-31T14:13:41Z,2.4119
2026-01-31T14:14:10Z,3.2919
2026-01-31T14:43:34Z,2.8079
2026-01-31T14:49:27Z,2.357
2026-01-31T14:57:17Z,4.0859
2026-01-31T15:00:34Z,3.8953
2026-01-31T15:05:40Z,3.8687
2026-01-31T15:15:57Z,3.5702
2026-01-31T15:17:12Z,2.9866
2026-01-31T15:25:18Z,3.7517
2026-01-31T15:26:59Z,2.91
2026-01-31T15:33:38Z,3.6409
2026-01-31T15:48:27Z,3.635
2026-01-31T15:56:12Z,2.3429
2026-01-31T16:03:15Z,3.4553
2026-01-31T16:16:01Z,3.9349
2026-01-31T16:31:58Z,3.6604
2026-01-31T16:43:16Z,1.876
2026-01-31T16:44:59Z,2.9104
2026-01-31T16:45:50Z,2.791
2026-01-31T16:49:25Z,2.798
2026-01-31T17:03:26Z,2.9916
2026-01-31T17:05:33Z,4.2398
2026-01-31T17:23:02Z,3.4501
2026-01-31T17:31:34Z,2.7721
2026-01-31T17:38:33Z,3.089
2026-01-31T17:48:24Z,2.9565
2026-01-31T17:58:15Z,2.6265
2026-01-31T17:59:20Z,3.0874
2026-01-31T18:04:44Z,2.9799
2026-01-31T18:21:33Z,2.6515
2026-01-31T18:26:10Z,4.8712
2026-01-31T18:35:18Z,2.9856
2026-01-31T18:48:43Z,4.1593
2026-01-31T18:50:17Z,3.7981
2026-01-31T19:04:34Z,3.7238
2026-01-31T19:21:02Z,2.0155
2026-01-31T19:22:18Z,3.8267
2026-01-31T19:33:54Z,4.352
2026-01-31T19:45:36Z,2.4266
2026-01-31T19:59:48Z,3.1338
2026-01-31T20:00:03Z,4.7072
2026-01-31T20:13:04Z,2.4151
2026-01-31T20:21:42Z,2.5565
2026-01-31T20:26:55Z,3.2435
2026-01-31T20:36:01Z,3.3724
2026-01-31T21:05:03Z,2.4226
2026-01-31T21:36:23Z,3.2315
2026-01-31T21:41:09Z,3.9396
2026-01-31T21:47:56Z,3.4693
2026-01-31T22:08:06Z,3.6062
2026-01-31T22:14:46Z,3.1962
2026-01-31T22:21:05Z,3.5066
2026-01-31T22:22:26Z,4.1791
2026-01-31T22:24:45Z,2.6404
2026-01-31T22:33:30Z,3.7837
2026-01-31T22:37:18Z,3.6469
2026-01-31T22:47:03Z,3.8078
2026-01-31T23:10:58Z,2.944
2026-01-31T23:23:01Z,4.3527
2026-01-31T23:28:24Z,2.9023
2026-01-31T23:33:01Z,2.2882
2026-02-01T00:05:33Z,2.864
2026-02-01T00:16:06Z,4.0207
2026-02-01T00:24:41Z,2.7377
2026-02-01T00:31:32Z,3.4689
2026-02-01T00:32:47Z,2.0461
2026-02-01T00:47:42Z,3.5686
2026-02-01T00:53:46Z,3.2862
2026-02-01T00:55:35Z,2.944
2026-02-01T00:59:07Z,4.9705
2026-02-01T01:06:11Z,3.823
2026-02-01T01:06:43Z,3.1745
2026-02-01T01:20:55Z,4.3881
2026-02-01T01:27:08Z,2.4653
2026-02-01T01:35:05Z,2.3414
2026-02-01T01:42:41Z,3.3907
2026-02-01T02:06:20Z,3.1026
2026-02-01T02:14:57Z,4.4434
2026-02-01T02:29:20Z,3.4858
2026-02-01T02:31:11Z,3.7464
2026-02-01T02:42:40Z,3.1508
2026-02-01T02:46:09Z,5.0223
2026-02-01T02:55:55Z,4.1365
2026-02-01T02:59:40Z,2.8199
2026-02-01T03:15:39Z,2.907
2026-02-01T03:16:02Z,2.5659
2026-02-01T03:25:12Z,2.6144
2026-02-01T03:29:03Z,2.5535
2026-02-01T03:49:34Z,4.0465
2026-02-01T03:57:01Z,3.6937
2026-02-01T04:05:42Z,2.6157
2026-02-01T04:21:26Z,3.4753
2026-02-01T04:40:21Z,3.5516
2026-02-01T04:47:45Z,3.9757
2026-02-01T04:54:27Z,3.3008
2026-02-01T04:59:27Z,4.2758
2026-02-01T05:36:24Z,3.0252
2026-02-01T05:45:01Z,2.8261
2026-02-01T06:11:52Z,3.1862
2026-02-01T06:27:04Z,2.8971
2026-02-01T06:30:41Z,2.1225
2026-02-01T06:31:23Z,4.3529
2026-02-01T06:47:21Z,3.654
2026-02-01T07:00:30Z,4.1011
2026-02-01T07:01:23Z,3.4685
2026-02-01T07:02:07Z,4.7808
2026-02-01T07:03:16Z,3.7564
2026-02-01T07:08:20Z,2.9622
2026-02-01T07:11:49Z,3.6281
2026-02-01T07:14:56Z,3.707
2026-02-01T07:19:40Z,2.2731
2026-02-01T07:26:51Z,3.8242
2026-02-01T07:40:51Z,3.4005
2026-02-01T07:41:33Z,2.1941
2026-02-01T07:48:56Z,3.7408
2026-02-01T07:49:53Z,3.659
2026-02-01T07:56:18Z,4.0868
2026-02-01T08:11:29Z,3.0857
2026-02-01T08:18:22Z,3.8699
2026-02-01T08:23:24Z,2.5812
2026-02-01T08:53:09Z,3.4498
2026-02-01T09:25:51Z,2.8518
2026-02-01T09:52:35Z,3.0655
2026-02-01T10:04:19Z,3.5227
2026-02-01T10:04:29Z,3.5447
2026-02-01T10:18:28Z,3.4132
2026-02-01T10:27:23Z,2.808
2026-02-01T10:30:05Z,2.4741
2026-02-01T10:48:44Z,3.3317
2026-02-01T10:56:16Z,2.9923
2026-02-01T11:14:44Z,2.4663
2026-02-01T11:16:39Z,3.5145
2026-02-01T11:23:57Z,3.825
2026-02-01T11:27:46Z,3.8385
2026-02-01T11:30:37Z,3.003
2026-02-01T11:36:22Z,3.7268
2026-02-01T11:40:40Z,2.3462
2026-02-01T12:04:51Z,2.7154
2026-02-01T12:08:09Z,2.8178
2026-02-01T12:08:53Z,2.3239
2026-02-01T12:26:06Z,3.7993
2026-02-01T12:38:44Z,3.1391
2026-02-01T12:58:59Z,4.2359
2026-02-01T12:59:14Z,3.2126
2026-02-01T13:00:17Z,2.9626
2026-02-01T13:06:02Z,2.6868
2026-02-01T13:11:12Z,2.3416
2026-02-01T13:18:54Z,3.9199
2026-02-01T13:35:38Z,3.7804
2026-02-01T13:47:54Z,4.4117
2026-02-01T13:50:02Z,2.1615
2026-02-01T14:07:27Z,3.6585
2026-02-01T14:11:54Z,2.6438
2026-02-01T14:16:25Z,2.2066
2026-02-01T14:17:41Z,2.7363
2026-02-01T14:48:23Z,4.0025
2026-02-01T15:03:58Z,2.4453
2026-02-01T15:28:26Z,3.3384
2026-02-01T15:30:12Z,2.4373
2026-02-01T15:31:59Z,4.0237
2026-02-01T15:34:11Z,4.8718
2026-02-01T15:40:20Z,2.4756
2026-02-01T15:43:47Z,3.5656
2026-02-01T16:05:11Z,3.5698
2026-02-01T16:05:28Z,2.8373
2026-02-01T16:06:27Z,2.5412
2026-02-01T16:20:39Z,3.5174
2026-02-01T16:23:38Z,3.2265
2026-02-01T16:34:21Z,3.2596
2026-02-01T16:38:55Z,3.764
2026-02-01T16:59:08Z,2.9522
2026-02-01T17:16:00Z,2.1822
2026-02-01T17:25:14Z,4.1363
2026-02-01T17:29:11Z,3.1515
2026-02-01T18:10:04Z,2.3979
2026-02-01T18:38:03Z,2.7632
2026-02-01T19:08:18Z,3.4204
2026-02-01T19:09:42Z,2.5164
2026-02-01T19:10:11Z,4.1824
2026-02-01T19:31:03Z,2.9942
2026-02-01T19:40:22Z,3.6432
2026-02-01T19:54:09Z,2.1071
2026-02-01T19:56:45Z,3.1299
2026-02-01T20:01:17Z,4.0817
2026-02-01T20:11:26Z,3.781
2026-02-01T20:20:55Z,3.7631
2026-02-01T20:35:42Z,3.4154
2026-02-01T21:13:35Z,3.6926
2026-02-01T21:30:53Z,2.546
2026-02-01T21:38:30Z,3.5847
2026-02-01T21:40:40Z,2.2235
2026-02-01T21:42:02Z,3.7465
2026-02-01T21:46:37Z,3.1571
2026-02-01T21:54:10Z,3.9709
2026-02-01T22:23:42Z,3.6462
2026-02-01T22:26:10Z,2.0185
2026-02-01T22:32:13Z,4.0138
2026-02-01T22:40:30Z,4.1448
2026-02-01T22:43:48Z,3.6076
2026-02-01T22:44:18Z,3.3406
2026-02-01T22:54:21Z,4.109
2026-02-01T23:08:55Z,3.3793
2026-02-01T23:46:59Z,3.649
2026-02-02T00:00:04Z,3.6107
2026-02-02T00:13:17Z,4.4097
2026-02-02T00:26:01Z,4.1112
2026-02-02T00:28:17Z,3.0128
2026-02-02T00:43:35Z,2.8274
2026-02-02T00:43:39Z,3.8808
2026-02-02T00:48:26Z,3.2792
2026-02-02T01:28:25Z,2.758
2026-02-02T01:33:29Z,3.3688
2026-02-02T01:47:32Z,3.1832
2026-02-02T02:00:46Z,2.6737
2026-02-02T02:10:46Z,3.0455
2026-02-02T02:14:11Z,2.5558
2026-02-02T02:19:15Z,4.0366
2026-02-02T02:31:07Z,3.4282
2026-02-02T02:37:27Z,3.6522
2026-02-02T02:39:28Z,4.1115
2026-02-02T02:46:35Z,3.1151
2026-02-02T02:50:31Z,3.7897
2026-02-02T03:06:42Z,3.2936
2026-02-02T03:12:07Z,2.8472
2026-02-02T03:16:21Z,2.9298
2026-02-02T03:25:49Z,3.4491
2026-02-02T03:36:16Z,2.6925
2026-02-02T03:42:36Z,3.6194
2026-02-02T03:42:56Z,3.5466
2026-02-02T04:03:51Z,3.1112
2026-02-02T04:08:40Z,4.1582
2026-02-02T04:15:56Z,2.9624
2026-02-02T04:19:55Z,3.2913
2026-02-02T04:27:29Z,3.4184
2026-02-02T04:33:20Z,3.413
2026-02-02T04:41:54Z,3.993
2026-02-02T04:53:31Z,3.5582
2026-02-02T05:03:24Z,2.2862
2026-02-02T05:14:46Z,4.0861
2026-02-02T05:14:49Z,2.7761
2026-02-02T05:16:27Z,4.1371
2026-02-02T05:24:15Z,3.7213
2026-02-02T05:25:56Z,2.7788
2026-02-02T05:30:23Z,2.9088
2026-02-02T05:31:52Z,1.5632
2026-02-02T05:43:55Z,2.2208
2026-02-02T05:51:56Z,2.2618
2026-02-02T05:56:43Z,2.9082
2026-02-02T05:57:37Z,2.7501
2026-02-02T06:03:28Z,4.056
2026-02-02T06:16:12Z,3.0881
2026-02-02T06:25:50Z,3.8955
2026-02-02T06:31:35Z,3.6871
2026-02-02T06:34:15Z,3.0258
2026-02-02T06:36:28Z,3.3639
2026-02-02T06:41:54Z,2.4654
2026-02-02T06:44:33Z,2.8858
2026-02-02T07:01:59Z,3.1316
2026-02-02T07:19:36Z,3.3183
2026-02-02T07:24:02Z,1.8882
2026-02-02T07:31:55Z,4.4663
2026-02-02T07:48:05Z,3.0914
2026-02-02T07:53:31Z,2.8625
2026-02-02T08:34:13Z,2.8887
2026-02-02T08:37:10Z,3.9723
2026-02-02T08:40:04Z,3.9636
2026-02-02T08:41:08Z,3.9439
2026-02-02T09:02:17Z,2.9767
2026-02-02T09:07:53Z,4.1612
2026-02-02T09:15:52Z,3.4949
2026-02-02T09:17:01Z,3.2115
2026-02-02T09:51:42Z,3.0615
2026-02-02T10:06:55Z,2.6384
2026-02-02T10:23:33Z,3.8711
2026-02-02T10:42:10Z,3.7142
2026-02-02T10:45:07Z,4.07
2026-02-02T11:08:22Z,3.267
2026-02-02T11:08:38Z,2.7313
2026-02-02T11:09:59Z,3.4905
2026-02-02T11:28:35Z,2.7152
2026-02-02T11:36:39Z,2.7606
2026-02-02T12:05:50Z,2.3654
2026-02-02T12:12:03Z,3.6695
2026-02-02T12:17:28Z,3.438
2026-02-02T12:40:30Z,3.4064
2026-02-02T12:58:00Z,3.2838
2026-02-02T13:14:52Z,2.8062
2026-02-02T13:31:41Z,3.0465
2026-02-02T13:34:32Z,4.2214
2026-02-02T13:47:09Z,3.7084
2026-02-02T13:50:08Z,2.5548
2026-02-02T13:50:53Z,2.2097
2026-02-02T14:02:38Z,2.8092
2026-02-02T14:18:34Z,3.201
2026-02-02T14:32:39Z,3.0263
2026-02-02T14:34:18Z,4.4444
2026-02-02T14:41:17Z,3.5257
2026-02-02T14:59:58Z,2.9151
2026-02-02T15:23:01Z,1.976
2026-02-02T15:38:03Z,2.9682
2026-02-02T15:41:21Z,3.1045
2026-02-02T15:56:12Z,3.2891
2026-02-02T16:00:08Z,2.8845
2026-02-02T16:03:09Z,2.8036
2026-02-02T16:04:40Z,3.8648
2026-02-02T16:31:21Z,3.2364
2026-02-02T16:34:39Z,2.7781
2026-02-02T16:40:00Z,4.2865
2026-02-02T16:48:13Z,4.9364
2026-02-02T16:50:19Z,3.0193
2026-02-02T16:58:14Z,2.8853
2026-02-02T17:14:37Z,3.8647
2026-02-02T17:34:38Z,2.4484
2026-02-02T17:48:38Z,3.9071
2026-02-02T17:49:29Z,2.6742
2026-02-02T17:54:14Z,4.0855
2026-02-02T17:58:23Z,2.6971
2026-02-02T18:08:57Z,3.1428
2026-02-02T18:13:16Z,2.9258
2026-02-02T18:25:45Z,2.8847
2026-02-02T18:28:59Z,3.6501
2026-02-02T18:36:45Z,2.854
2026-02-02T18:48:30Z,3.1283
2026-02-02T18:53:26Z,2.9999
2026-02-02T18:56:31Z,3.242
2026-02-02T18:59:03Z,2.6035
2026-02-02T19:09:52Z,3.5381
2026-02-02T19:11:12Z,3.0148
2026-02-02T19:20:22Z,3.1941
2026-02-02T19:36:40Z,1.3105
2026-02-02T19:37:34Z,3.8914
2026-02-02T19:42:28Z,3.5175
2026-02-02T19:56:25Z,3.7403
2026-02-02T19:57:26Z,2.8718
2026-02-02T20:09:12Z,3.2786
2026-02-02T20:14:20Z,3.668
2026-02-02T20:18:04Z,3.1991
2026-02-02T20:40:50Z,3.6337
2026-02-02T20:45:22Z,3.5358
2026-02-02T21:27:10Z,2.6807
2026-02-02T21:40:54Z,3.1743
2026-02-02T21:41:26Z,4.3501
2026-02-02T21:55:34Z,3.4693
2026-02-02T22:13:07Z,4.2363
2026-02-02T22:13:27Z,3.3956
2026-02-02T22:32:58Z,2.2046
2026-02-02T22:49:54Z,2.7591
2026-02-02T22:51:33Z,3.5987
2026-02-02T22:55:00Z,3.5136
2026-02-02T22:56:55Z,3.8523
2026-02-02T23:10:04Z,3.4579
2026-02-02T23:14:32Z,2.4968
2026-02-02T23:20:10Z,3.4217
2026-02-02T23:33:47Z,3.1622
2026-02-02T23:41:37Z,3.75
2026-02-02T23:45:23Z,2.7738
2026-02-02T23:54:35Z,3.4274
2026-02-02T23:56:10Z,3.3214
2026-02-03T00:21:56Z,4.3571
2026-02-03T00:30:55Z,3.3258
2026-02-03T00:41:36Z,3.2539
2026-02-03T00:46:13Z,4.6132
2026-02-03T00:55:16Z,3.5845
2026-02-03T01:06:41Z,2.2301
2026-02-03T01:23:57Z,3.212
2026-02-03T01:24:01Z,4.0195
2026-02-03T01:30:18Z,3.4227
2026-02-03T01:42:02Z,4.0491
2026-02-03T01:42:57Z,3.7994
2026-02-03T01:51:35Z,3.1021
2026-02-03T02:23:25Z,4.3491
2026-02-03T03:04:52Z,3.5685
2026-02-03T03:06:16Z,3.4997
2026-02-03T03:06:38Z,3.6799
2026-02-03T03:12:54Z,2.7134
2026-02-03T03:16:54Z,3.2517
2026-02-03T03:22:56Z,4.0344
2026-02-03T03:27:25Z,3.2718
2026-02-03T03:48:12Z,1.7869
2026-02-03T03:50:12Z,3.8038
2026-02-03T04:00:17Z,2.5917
2026-02-03T04:02:34Z,4.1742
2026-02-03T04:07:18Z,4.8165
2026-02-03T04:09:58Z,3.3556
2026-02-03T04:27:28Z,4.1226
2026-02-03T04:44:19Z,3.3877
2026-02-03T04:59:39Z,2.4434
2026-02-03T04:59:52Z,3.3276
2026-02-03T05:01:52Z,3.5627
2026-02-03T05:19:44Z,4.5423
2026-02-03T05:22:24Z,4.237
2026-02-03T05:32:18Z,3.0978
2026-02-03T05:54:00Z,3.9474
2026-02-03T06:06:57Z,2.3881
2026-02-03T06:39:07Z,1.81
2026-02-03T06:41:30Z,2.9316
2026-02-03T06:56:56Z,2.8659
2026-02-03T07:00:32Z,3.1015
2026-02-03T07:08:02Z,3.6555
2026-02-03T07:11:16Z,3.3252
2026-02-03T07:20:34Z,3.4495
2026-02-03T07:25:23Z,2.8288
2026-02-03T07:33:03Z,3.7894
2026-02-03T07:33:30Z,3.1149
2026-02-03T07:38:03Z,2.4425
2026-02-03T07:40:34Z,3.005
2026-02-03T07:48:34Z,2.993
2026-02-03T08:14:33Z,3.1486
2026-02-03T08:15:19Z,3.5431
2026-02-03T08:18:29Z,4.6764
2026-02-03T08:28:25Z,3.7986
2026-02-03T08:28:45Z,3.8504
2026-02-03T08:44:04Z,3.0575
2026-02-03T08:55:27Z,4.1712
2026-02-03T09:17:24Z,3.9589
2026-02-03T09:20:17Z,2.2901
2026-02-03T09:26:02Z,1.6062
2026-02-03T09:31:40Z,4.5747
2026-02-03T09:43:42Z,4.1707
2026-02-03T09:47:06Z,4.0729
2026-02-03T10:10:50Z,3.2976
2026-02-03T10:11:53Z,2.8955
2026-02-03T10:34:54Z,3.745
2026-02-03T10:40:12Z,2.2997
2026-02-03T10:51:34Z,3.3275
2026-02-03T10:54:47Z,2.8327
2026-02-03T10:56:34Z,3.7352
2026-02-03T11:01:08Z,2.7087
2026-02-03T11:04:55Z,4.1131
2026-02-03T11:12:50Z,3.3327
2026-02-03T11:30:03Z,2.6598
2026-02-03T11:56:41Z,3.8053
2026-02-03T12:30:42Z,2.2989
2026-02-03T12:43:44Z,3.7516
2026-02-03T12:54:10Z,4.2247
2026-02-03T13:01:18Z,3.8893
2026-02-03T13:19:49Z,3.0997
2026-02-03T13:19:57Z,3.2456
2026-02-03T13:20:03Z,2.2852
2026-02-03T13:24:46Z,3.5575
2026-02-03T13:25:59Z,1.544
2026-02-03T13:33:20Z,2.5864
2026-02-03T13:35:20Z,4.2074
2026-02-03T13:45:42Z,4.1768
2026-02-03T13:57:04Z,3.8273
2026-02-03T14:03:03Z,3.5187
2026-02-03T14:13:58Z,1.986
2026-02-03T14:16:19Z,4.1832
2026-02-03T14:32:47Z,3.8916
2026-02-03T14:37:25Z,3.1048
2026-02-03T14:38:59Z,3.6464
2026-02-03T14:43:12Z,3.1534
2026-02-03T14:59:23Z,3.0595
2026-02-03T14:59:47Z,2.9088
2026-02-03T15:04:47Z,2.828
2026-02-03T15:08:31Z,2.8477
2026-02-03T15:39:23Z,2.6782
2026-02-03T15:50:05Z,3.0418
2026-02-03T15:58:52Z,2.6572
2026-02-03T15:59:51Z,3.1099
2026-02-03T16:07:22Z,3.7496
2026-02-03T16:13:26Z,2.8138
2026-02-03T16:57:52Z,4.2591
2026-02-03T16:57:55Z,1.8558
2026-02-03T17:13:17Z,3.9209
2026-02-03T17:14:46Z,2.7328
2026-02-03T17:44:51Z,3.3612
2026-02-03T18:04:50Z,2.1564
2026-02-03T18:15:42Z,3.1362
2026-02-03T18:19:55Z,2.7242
2026-02-03T18:41:37Z,4.126
2026-02-03T18:55:02Z,2.8889
2026-02-03T19:02:23Z,2.9544
2026-02-03T19:04:06Z,3.7181
2026-02-03T19:04:19Z,3.9146
2026-02-03T19:04:46Z,3.4374
2026-02-03T19:05:17Z,3.3461
2026-02-03T19:17:15Z,2.8818
2026-02-03T19:42:03Z,2.2741
2026-02-03T20:00:13Z,4.0863
2026-02-03T20:03:33Z,3.8927
2026-02-03T20:09:53Z,3.1672
2026-02-03T20:29:04Z,3.5819
2026-02-03T20:40:43Z,2.7566
2026-02-03T20:52:01Z,2.9486
2026-02-03T20:55:52Z,3.178
2026-02-03T21:16:21Z,2.5798
2026-02-03T21:25:40Z,3.8801
2026-02-03T21:29:31Z,3.1724
2026-02-03T21:50:10Z,2.5934
2026-02-03T21:52:47Z,3.4612
2026-02-03T22:16:13Z,3.3159
2026-02-03T22:21:51Z,2.5698
2026-02-03T22:25:45Z,2.3625
2026-02-03T22:28:04Z,3.8283
2026-02-03T22:35:56Z,2.8756
2026-02-03T22:49:40Z,3.5504
2026-02-03T22:51:46Z,3.6113
2026-02-03T22:59:09Z,2.9861
2026-02-03T23:00:59Z,2.5122
2026-02-03T23:05:25Z,3.0457
2026-02-03T23:22:19Z,2.9137
2026-02-03T23:39:31Z,2.133
2026-02-03T23:44:25Z,3.0567
2026-02-03T23:54:58Z,2.7982
2026-02-04T00:25:55Z,3.2982
2026-02-04T00:38:15Z,2.4402
2026-02-04T00:39:58Z,3.2708
2026-02-04T00:45:29Z,3.826
2026-02-04T01:03:35Z,4.0483
2026-02-04T01:07:01Z,2.0567
2026-02-04T01:09:20Z,3.5658
2026-02-04T01:09:29Z,3.3319
2026-02-04T01:11:09Z,2.6181
2026-02-04T01:15:01Z,4.475
2026-02-04T01:16:58Z,4.1157
2026-02-04T01:18:38Z,3.6088
2026-02-04T01:19:12Z,3.6811
2026-02-04T01:19:50Z,3.258
2026-02-04T01:25:40Z,2.4397
2026-02-04T01:52:08Z,3.2741
2026-02-04T02:04:12Z,2.8749
2026-02-04T02:16:44Z,3.6886
2026-02-04T02:17:57Z,3.7651
2026-02-04T02:21:02Z,4.5492
2026-02-04T02:32:26Z,3.9864
2026-02-04T02:39:04Z,2.8939
2026-02-04T02:49:33Z,3.6026
2026-02-04T03:05:55Z,1.9618
2026-02-04T03:09:40Z,3.4672
2026-02-04T03:12:49Z,3.587
2026-02-04T03:16:12Z,2.8095
2026-02-04T03:41:03Z,3.3977
2026-02-04T03:52:22Z,3.6794
2026-02-04T03:54:35Z,2.6412
2026-02-04T04:21:22Z,4.0609
2026-02-04T04:28:16Z,3.4732
2026-02-04T04:45:26Z,3.6325
2026-02-04T04:59:26Z,4.1564
2026-02-04T04:59:55Z,4.2705
2026-02-04T05:10:18Z,3.2822
2026-02-04T05:31:02Z,3.2952
2026-02-04T05:44:25Z,3.3695
2026-02-04T05:52:29Z,4.2339
2026-02-04T05:58:11Z,2.9212
2026-02-04T06:04:01Z,2.9409
2026-02-04T06:05:47Z,4.4522
2026-02-04T06:06:14Z,2.9864
2026-02-04T06:08:00Z,3.0768
2026-02-04T06:10:43Z,3.4692
2026-02-04T06:20:51Z,4.6345
2026-02-04T06:29:25Z,4.0033
2026-02-04T06:29:41Z,3.5909
2026-02-04T06:32:52Z,2.8921
2026-02-04T06:36:28Z,4.0121
2026-02-04T06:36:49Z,4.0512
2026-02-04T06:41:59Z,2.4872
2026-02-04T06:46:32Z,3.8536
2026-02-04T06:57:46Z,3.8392
2026-02-04T07:09:20Z,3.7358
2026-02-04T07:11:59Z,2.6572
2026-02-04T07:35:09Z,4.1655
2026-02-04T07:35:24Z,3.6511
2026-02-04T07:48:24Z,2.1469
2026-02-04T08:06:24Z,3.651
2026-02-04T08:11:40Z,4.246
2026-02-04T08:23:08Z,2.6649
2026-02-04T08:42:11Z,3.3159
2026-02-04T08:43:03Z,4.0641
2026-02-04T08:54:59Z,3.7242
2026-02-04T08:55:08Z,3.0303
2026-02-04T08:56:15Z,3.798
2026-02-04T08:56:44Z,2.7359
2026-02-04T09:21:42Z,3.1269
2026-02-04T09:42:38Z,2.0501
2026-02-04T09:43:19Z,4.0725
2026-02-04T09:51:51Z,4.3157
2026-02-04T10:25:21Z,2.2618
2026-02-04T10:34:55Z,2.8866
2026-02-04T10:37:52Z,3.4573
2026-02-04T10:48:56Z,4.2641
2026-02-04T10:50:33Z,3.5854
2026-02-04T11:02:37Z,3.0171
2026-02-04T11:09:52Z,2.4744
2026-02-04T11:31:56Z,2.8759
2026-02-04T11:33:17Z,4.1075
2026-02-04T11:40:44Z,4.1392
2026-02-04T12:04:05Z,3.7941
2026-02-04T12:20:04Z,2.8982
2026-02-04T12:21:18Z,3.9728
2026-02-04T12:26:52Z,3.7301
2026-02-04T12:36:38Z,3.1818
2026-02-04T12:44:51Z,3.4718
2026-02-04T12:44:55Z,2.7418
2026-02-04T13:03:14Z,3.7248
2026-02-04T13:06:35Z,3.3669
2026-02-04T13:26:34Z,3.0974
2026-02-04T13:30:15Z,3.3381
2026-02-04T13:37:37Z,2.9087
2026-02-04T13:47:02Z,3.8522
2026-02-04T13:56:10Z,1.924
2026-02-04T14:12:45Z,2.8185
2026-02-04T14:22:32Z,3.8871
2026-02-04T14:26:16Z,4.1879
2026-02-04T14:26:22Z,3.5698
2026-02-04T14:36:17Z,2.1141
2026-02-04T14:52:38Z,4.3105
2026-02-04T15:16:10Z,2.488
2026-02-04T15:45:25Z,3.6127
2026-02-04T15:53:44Z,3.2798
2026-02-04T16:07:12Z,2.9595
2026-02-04T16:25:36Z,2.7702
2026-02-04T16:36:43Z,3.6635
2026-02-04T16:38:32Z,2.4372
2026-02-04T16:52:03Z,3.1176
2026-02-04T16:56:22Z,2.8511
2026-02-04T16:59:22Z,2.5776
2026-02-04T17:07:21Z,3.3295
2026-02-04T17:09:31Z,4.2182
2026-02-04T17:14:20Z,4.4095
2026-02-04T17:22:12Z,2.1691
2026-02-04T17:22:16Z,4.868
2026-02-04T17:31:43Z,4.2646
2026-02-04T18:06:20Z,2.5813
2026-02-04T18:19:00Z,2.2384
2026-02-04T18:22:35Z,2.1401
2026-02-04T18:36:05Z,4.1928
2026-02-04T18:37:49Z,3.2658
2026-02-04T18:38:03Z,3.8041
2026-02-04T18:41:13Z,2.4428
2026-02-04T18:54:22Z,3.9548
2026-02-04T18:56:05Z,2.7626
2026-02-04T19:03:57Z,3.4969
2026-02-04T19:07:53Z,2.7689
2026-02-04T19:28:09Z,3.1046
2026-02-04T19:55:19Z,2.1499
2026-02-04T19:57:04Z,3.1236
2026-02-04T20:05:08Z,3.4744
2026-02-04T20:05:14Z,3.7824
2026-02-04T20:14:45Z,2.6161
2026-02-04T20:32:02Z,1.7036
2026-02-04T20:32:16Z,3.5828
2026-02-04T20:33:06Z,4.7869
2026-02-04T20:37:18Z,3.8224
2026-02-04T20:41:32Z,3.8662
2026-02-04T20:44:11Z,1.7855
2026-02-04T21:08:23Z,3.6372
2026-02-04T21:10:51Z,2.4459
2026-02-04T21:16:05Z,3.7824
2026-02-04T21:18:01Z,2.6019
2026-02-04T21:34:21Z,3.3061
2026-02-04T21:59:13Z,3.0941
2026-02-04T22:17:07Z,3.6864
2026-02-04T22:21:48Z,2.8324
2026-02-04T22:36:35Z,3.7547
2026-02-04T22:38:32Z,3.7131
2026-02-04T22:39:58Z,3.1724
2026-02-04T22:47:19Z,3.0975
2026-02-04T22:48:59Z,2.8399
2026-02-04T22:51:27Z,5.1617
2026-02-04T23:12:37Z,2.9149
2026-02-04T23:13:25Z,3.4339
2026-02-04T23:13:59Z,3.6502
2026-02-04T23:33:27Z,2.5477
2026-02-04T23:50:21Z,3.6784
2026-02-04T23:52:08Z,3.4747
2026-02-05T00:12:01Z,3.5653
2026-02-05T00:25:31Z,3.0856
2026-02-05T00:25:36Z,2.6863
2026-02-05T00:51:19Z,2.7352
2026-02-05T00:58:47Z,3.0708
2026-02-05T01:05:07Z,2.5682
2026-02-05T01:18:38Z,2.6714
2026-02-05T01:58:53Z,3.4016
2026-02-05T02:00:34Z,4.0016
2026-02-05T02:19:00Z,3.808
2026-02-05T02:27:13Z,3.1576
2026-02-05T02:30:21Z,3.4616
2026-02-05T02:47:38Z,4.0643
2026-02-05T02:59:43Z,1.8973
2026-02-05T03:24:08Z,2.3158
2026-02-05T03:36:59Z,3.3318
2026-02-05T04:20:25Z,3.7534
2026-02-05T04:23:26Z,3.6839
2026-02-05T04:30:10Z,3.3734
2026-02-05T04:39:28Z,3.6893
2026-02-05T05:03:02Z,2.2269
2026-02-05T05:04:22Z,1.3837
2026-02-05T05:06:08Z,2.2152
2026-02-05T05:25:54Z,3.0053
2026-02-05T05:26:43Z,3.7331
2026-02-05T05:39:14Z,4.0251
2026-02-05T05:45:18Z,3.9538
2026-02-05T05:56:59Z,3.8671
2026-02-05T06:33:19Z,4.3422
2026-02-05T06:33:24Z,3.5133
2026-02-05T06:39:25Z,2.9017
2026-02-05T06:45:17Z,2.5873
2026-02-05T06:45:27Z,1.5219
2026-02-05T06:58:47Z,3.9983
2026-02-05T07:01:24Z,4.849
2026-02-05T07:32:47Z,1.9923
2026-02-05T07:40:35Z,3.0966
2026-02-05T07:49:02Z,4.298
2026-02-05T07:52:37Z,2.8432
2026-02-05T07:54:34Z,1.7723
2026-02-05T08:04:55Z,3.4
2026-02-05T08:06:12Z,3.3332
2026-02-05T08:07:58Z,2.8104
2026-02-05T08:15:47Z,3.8344
2026-02-05T08:16:49Z,2.5472
2026-02-05T08:18:05Z,3.3235
2026-02-05T08:45:54Z,3.7742
2026-02-05T08:46:54Z,2.9919
2026-02-05T08:55:06Z,4.2451
2026-02-05T09:00:38Z,3.4334
2026-02-05T09:07:25Z,3.5019
2026-02-05T09:35:40Z,3.0727
2026-02-05T09:56:41Z,2.7787
2026-02-05T10:06:39Z,3.7529
2026-02-05T10:06:56Z,2.7875
2026-02-05T10:23:05Z,3.7587
2026-02-05T10:24:04Z,3.906
2026-02-05T10:31:22Z,4.1488
2026-02-05T10:35:44Z,2.73
2026-02-05T10:55:02Z,3.3311
2026-02-05T10:55:56Z,4.3744
2026-02-05T10:56:36Z,3.5823
2026-02-05T11:06:09Z,3.4164
2026-02-05T11:38:49Z,4.675
2026-02-05T11:50:52Z,2.0246
2026-02-05T12:00:55Z,3.5159
2026-02-05T12:02:45Z,2.3386
2026-02-05T12:05:27Z,4.2019
2026-02-05T12:10:07Z,2.0439
2026-02-05T12:14:48Z,2.9947
2026-02-05T12:22:24Z,3.2626
2026-02-05T12:26:02Z,2.9608
2026-02-05T12:32:21Z,3.0762
2026-02-05T12:36:49Z,3.1422
2026-02-05T12:39:26Z,3.8889
2026-02-05T12:53:57Z,3.3183
2026-02-05T12:56:04Z,3.5871
2026-02-05T13:00:50Z,2.426
2026-02-05T13:05:33Z,4.1277
2026-02-05T13:06:14Z,4.4094
2026-02-05T13:50:33Z,2.8133
2026-02-05T14:00:19Z,3.71
2026-02-05T14:10:13Z,1.9153
2026-02-05T14:12:48Z,4.3279
2026-02-05T14:26:10Z,3.7191
2026-02-05T14:35:11Z,3.4357
2026-02-05T14:40:03Z,3.4011
2026-02-05T15:30:54Z,3.7692
2026-02-05T15:45:59Z,1.996
2026-02-05T15:57:54Z,2.3993
2026-02-05T15:58:17Z,3.736
2026-02-05T16:43:33Z,3.5959
2026-02-05T16:47:16Z,3.1907
2026-02-05T16:57:22Z,3.2526
2026-02-05T16:59:48Z,3.0319
2026-02-05T17:23:31Z,2.612
2026-02-05T17:37:54Z,4.1954
2026-02-05T17:50:19Z,2.2261
2026-02-05T18:11:42Z,3.1052
2026-02-05T18:13:11Z,4.3496
2026-02-05T18:13:23Z,3.7211
2026-02-05T18:20:50Z,2.3738
2026-02-05T18:23:31Z,3.4444
2026-02-05T18:26:38Z,4.1835
2026-02-05T18:28:57Z,4.1006
2026-02-05T18:39:09Z,4.0146
2026-02-05T18:46:04Z,3.3066
2026-02-05T18:59:31Z,3.7439
2026-02-05T19:09:53Z,2.4989
2026-02-05T19:14:49Z,2.8339
2026-02-05T19:38:40Z,1.8232
2026-02-05T19:43:03Z,4.3571
2026-02-05T19:47:07Z,2.2197
2026-02-05T19:52:53Z,4.1524
2026-02-05T20:05:55Z,2.4413
2026-02-05T20:41:15Z,3.2841
2026-02-05T20:44:01Z,3.3869
2026-02-05T21:08:00Z,2.6391
2026-02-05T21:08:47Z,3.4209
2026-02-05T21:21:18Z,3.0716
2026-02-05T21:26:32Z,3.1006
2026-02-05T21:32:18Z,4.3948
2026-02-05T21:40:17Z,3.4389
2026-02-05T22:08:30Z,2.469
2026-02-05T22:09:08Z,3.0898
2026-02-05T22:12:46Z,4.2295
2026-02-05T22:14:32Z,2.5878
2026-02-05T22:24:47Z,4.1067
2026-02-05T22:34:56Z,2.6659
2026-02-05T22:51:07Z,3.4125
2026-02-05T22:57:29Z,2.749
2026-02-05T23:00:26Z,3.5242
2026-02-05T23:13:11Z,3.2989
2026-02-05T23:44:42Z,3.5152
2026-02-05T23:57:47Z,2.6364
2026-02-06T00:02:20Z,3.242
2026-02-06T00:02:42Z,2.3479
2026-02-06T00:13:54Z,3.6217
2026-02-06T00:19:17Z,3.7223
2026-02-06T00:23:01Z,4.0038
2026-02-06T00:25:22Z,3.3996
2026-02-06T00:48:12Z,2.7603
2026-02-06T00:58:08Z,4.2616
2026-02-06T01:02:20Z,2.9459
2026-02-06T01:32:53Z,2.8266
2026-02-06T01:47:43Z,3.8544
2026-02-06T02:08:51Z,2.8141
2026-02-06T02:09:58Z,2.6226
2026-02-06T02:13:23Z,2.9844
2026-02-06T02:35:55Z,3.6402
2026-02-06T02:50:25Z,4.546
2026-02-06T02:52:09Z,3.9211
2026-02-06T03:09:30Z,2.8055
2026-02-06T03:11:08Z,3.0821
2026-02-06T03:13:29Z,2.6648
2026-02-06T03:16:33Z,3.1739
2026-02-06T03:17:05Z,3.2882
2026-02-06T03:44:44Z,4.2059
2026-02-06T03:56:35Z,2.8172
2026-02-06T03:57:50Z,4.3097
2026-02-06T04:06:18Z,3.9658
2026-02-06T04:10:34Z,2.1296
2026-02-06T04:10:43Z,4.2924
2026-02-06T04:11:57Z,4.1229
2026-02-06T04:25:38Z,3.4272
2026-02-06T04:26:35Z,3.795
2026-02-06T04:37:21Z,2.1863
2026-02-06T04:47:12Z,2.5109
2026-02-06T05:03:07Z,2.7973
2026-02-06T05:12:40Z,2.8496
2026-02-06T05:19:43Z,3.9665
2026-02-06T05:20:17Z,4.2824
2026-02-06T05:51:09Z,3.0852
2026-02-06T06:00:51Z,3.8645
2026-02-06T06:09:06Z,3.6606
2026-02-06T06:09:41Z,2.3391
2026-02-06T06:15:06Z,2.7032
2026-02-06T06:15:44Z,2.7761
2026-02-06T06:17:22Z,2.8324
2026-02-06T06:21:33Z,3.3276
2026-02-06T06:22:05Z,3.03
2026-02-06T07:00:40Z,3.4053
2026-02-06T07:04:25Z,3.8352
2026-02-06T07:16:20Z,4.2168
2026-02-06T07:16:24Z,4.4988
2026-02-06T07:24:28Z,3.2076
2026-02-06T07:26:04Z,4.587
2026-02-06T07:49:52Z,2.4041
2026-02-06T08:13:38Z,3.0445
2026-02-06T08:15:43Z,3.4885
2026-02-06T08:39:11Z,2.7118
2026-02-06T08:40:18Z,3.6218
2026-02-06T08:45:55Z,3.5894
2026-02-06T08:54:58Z,3.7107
2026-02-06T09:07:23Z,3.7547
2026-02-06T09:08:10Z,3.7307
2026-02-06T09:08:28Z,4.5099
2026-02-06T09:11:32Z,3.4627
2026-02-06T09:12:42Z,3.6928
2026-02-06T09:13:47Z,3.9934
2026-02-06T09:14:36Z,3.4249
2026-02-06T09:19:48Z,3.3003
2026-02-06T09:39:21Z,2.5305
2026-02-06T09:56:11Z,3.107
2026-02-06T10:04:28Z,3.2853
2026-02-06T10:15:20Z,2.7095
2026-02-06T10:23:11Z,3.4183
2026-02-06T10:24:59Z,4.1217
2026-02-06T10:30:49Z,4.0225
2026-02-06T10:46:52Z,4.0521
2026-02-06T10:49:02Z,2.6937
2026-02-06T10:56:16Z,1.896
2026-02-06T11:00:09Z,2.9241
2026-02-06T11:00:12Z,4.0464
2026-02-06T11:06:36Z,3.5102
2026-02-06T11:25:51Z,2.6013
2026-02-06T11:28:53Z,3.399
2026-02-06T11:49:01Z,3.3964
2026-02-06T11:58:30Z,3.8222
2026-02-06T12:06:01Z,2.4065
2026-02-06T12:08:53Z,3.1345
2026-02-06T12:18:02Z,3.4625
2026-02-06T12:22:58Z,2.7275
2026-02-06T12:32:34Z,3.8743
2026-02-06T12:34:03Z,3.4871
2026-02-06T12:48:28Z,3.9595
2026-02-06T13:05:13Z,4.479
2026-02-06T13:12:15Z,3.9353
2026-02-06T13:13:14Z,4.4951
2026-02-06T13:15:25Z,3.3066
2026-02-06T13:15:52Z,3.956
2026-02-06T13:21:31Z,3.5501
2026-02-06T13:36:40Z,3.9763
2026-02-06T14:05:32Z,2.2829
2026-02-06T14:08:16Z,3.6281
2026-02-06T14:11:23Z,4.2032
2026-02-06T14:11:58Z,3.4634
2026-02-06T14:12:40Z,2.7778
2026-02-06T14:25:55Z,3.1632
2026-02-06T14:29:15Z,2.7066
2026-02-06T14:48:05Z,3.1201
2026-02-06T14:48:34Z,3.9888
2026-02-06T15:04:21Z,3.9923
2026-02-06T15:06:51Z,2.5126
2026-02-06T15:17:35Z,2.5468
2026-02-06T15:26:33Z,2.666
2026-02-06T15:27:37Z,3.5379
2026-02-06T15:31:11Z,2.8544
2026-02-06T15:38:29Z,3.5233
2026-02-06T15:41:08Z,2.509
2026-02-06T15:55:46Z,3.3482
2026-02-06T16:02:43Z,2.6759
2026-02-06T16:09:47Z,4.4012
2026-02-06T16:17:20Z,3.1693
2026-02-06T16:19:23Z,2.6348
2026-02-06T16:20:04Z,2.4478
2026-02-06T16:20:11Z,3.1652
2026-02-06T16:22:35Z,3.9922
2026-02-06T16:26:27Z,4.2522
2026-02-06T16:41:18Z,4.1173
2026-02-06T16:41:50Z,3.4153
2026-02-06T16:43:16Z,3.473
2026-02-06T16:48:12Z,3.1578
2026-02-06T17:00:45Z,3.5404
2026-02-06T17:17:28Z,2.8992
2026-02-06T17:20:34Z,2.8326
2026-02-06T17:25:49Z,3.2865
2026-02-06T17:26:41Z,2.9569
2026-02-06T17:35:16Z,3.5383
2026-02-06T17:41:49Z,3.8619
2026-02-06T17:43:05Z,2.7934
2026-02-06T17:46:42Z,3.2262
2026-02-06T17:51:25Z,3.1103
2026-02-06T17:59:23Z,3.4898
2026-02-06T18:56:38Z,2.8196
2026-02-06T18:56:43Z,3.9053
2026-02-06T19:18:08Z,2.659
2026-02-06T19:27:45Z,3.6503
2026-02-06T19:30:50Z,3.8504
2026-02-06T19:32:26Z,3.3776
2026-02-06T19:45:08Z,2.2748
2026-02-06T19:59:14Z,3.2027
2026-02-06T20:28:37Z,3.9984
2026-02-06T20:48:11Z,3.6686
2026-02-06T21:03:36Z,3.2667
2026-02-06T21:37:12Z,3.6546
2026-02-06T22:02:49Z,4.0143
2026-02-06T22:08:47Z,3.7688
2026-02-06T22:18:20Z,2.2882
2026-02-06T22:18:45Z,2.7192
2026-02-06T22:19:01Z,2.1207
2026-02-06T22:56:20Z,3.9873
2026-02-06T22:58:29Z,3.6739
2026-02-06T23:11:12Z,3.2598
2026-02-06T23:18:49Z,4.3347
2026-02-06T23:32:22Z,3.3458
2026-02-06T23:39:38Z,3.5299
2026-02-06T23:49:03Z,4.0792
2026-02-07T00:00:21Z,2.1319
2026-02-07T00:05:34Z,3.1608
2026-02-07T00:06:27Z,3.563
2026-02-07T00:21:23Z,2.0508
2026-02-07T00:46:06Z,2.9356
2026-02-07T00:51:02Z,2.4068
2026-02-07T01:03:07Z,2.1925
2026-02-07T01:10:55Z,3.8069
2026-02-07T01:12:03Z,4.0603
2026-02-07T01:35:23Z,3.9651
2026-02-07T01:41:41Z,2.2466
2026-02-07T01:42:33Z,3.9923
2026-02-07T01:45:31Z,4.0874
2026-02-07T01:46:23Z,3.9732
2026-02-07T01:48:51Z,3.409
2026-02-07T02:06:10Z,3.1781
2026-02-07T02:07:57Z,3.1303
2026-02-07T02:19:26Z,4.5524
2026-02-07T02:23:49Z,2.2862
2026-02-07T02:31:35Z,3.5668
2026-02-07T02:35:29Z,3.811
2026-02-07T02:47:31Z,3.2959
2026-02-07T02:51:45Z,3.5275
2026-02-07T03:15:22Z,2.2967
2026-02-07T03:27:02Z,3.6451
2026-02-07T03:28:06Z,4.4001
2026-02-07T03:46:36Z,2.8831
2026-02-07T04:04:38Z,2.7969
2026-02-07T04:35:13Z,2.7197
2026-02-07T04:36:18Z,4.6361
2026-02-07T04:43:22Z,3.5329
2026-02-07T04:57:46Z,3.5994
2026-02-07T04:58:18Z,3.7002
2026-02-07T05:03:45Z,2.8188
2026-02-07T05:13:41Z,3.9284
2026-02-07T05:43:42Z,4.5834
2026-02-07T05:59:13Z,3.5757
2026-02-07T06:12:33Z,3.6717
2026-02-07T06:16:22Z,3.9162
2026-02-07T06:34:31Z,3.2709
2026-02-07T06:39:14Z,1.807
2026-02-07T06:53:55Z,3.5183
2026-02-07T06:55:04Z,4.541
2026-02-07T07:02:18Z,3.3336
2026-02-07T07:05:49Z,3.8402
2026-02-07T07:20:54Z,3.0142
2026-02-07T07:23:28Z,4.2675
2026-02-07T07:33:37Z,3.5316
2026-02-07T07:44:06Z,2.7945
2026-02-07T07:46:13Z,3.5962
2026-02-07T07:52:59Z,2.7597
2026-02-07T08:01:00Z,3.3578
2026-02-07T08:05:41Z,3.1548
2026-02-07T08:14:44Z,4.0698
2026-02-07T08:18:32Z,3.9266
2026-02-07T08:33:18Z,3.4014
2026-02-07T08:35:54Z,3.578
2026-02-07T08:40:34Z,3.2003
2026-02-07T08:52:32Z,3.1791
2026-02-07T08:55:37Z,4.5327
2026-02-07T09:06:30Z,3.5376
2026-02-07T09:11:11Z,3.0118
2026-02-07T09:13:21Z,3.011
2026-02-07T09:14:12Z,3.4199
2026-02-07T09:18:02Z,3.2435
2026-02-07T09:22:28Z,3.0468
2026-02-07T09:22:28Z,2.2419
2026-02-07T09:30:59Z,3.9148
2026-02-07T09:36:29Z,3.2515
2026-02-07T09:46:55Z,3.0956
2026-02-07T09:55:20Z,2.0907
2026-02-07T09:56:02Z,3.1187
2026-02-07T10:08:23Z,2.7287
2026-02-07T10:17:00Z,4.6648
2026-02-07T10:58:27Z,3.5673
2026-02-07T11:01:53Z,4.1681
2026-02-07T11:05:06Z,3.6507
2026-02-07T11:07:37Z,3.2063
2026-02-07T11:09:08Z,3.2083
2026-02-07T11:21:11Z,2.9951
2026-02-07T11:21:23Z,3.0847
2026-02-07T11:33:13Z,3.07
2026-02-07T11:35:40Z,4.9612
2026-02-07T11:39:26Z,3.843
2026-02-07T12:04:03Z,2.4717
2026-02-07T12:04:46Z,3.2274
2026-02-07T12:05:07Z,4.5488
2026-02-07T12:08:03Z,3.7672
2026-02-07T12:17:58Z,3.7483
2026-02-07T12:22:02Z,3.8669
2026-02-07T12:28:24Z,3.027
2026-02-07T12:28:56Z,3.4899
2026-02-07T12:31:31Z,3.3366
2026-02-07T12:36:09Z,3.5121
2026-02-07T12:58:16Z,3.2999
2026-02-07T13:12:27Z,3.9279
2026-02-07T13:30:56Z,4.0009
2026-02-07T13:36:46Z,4.0504
2026-02-07T13:48:19Z,3.0252
2026-02-07T13:52:00Z,2.7897
2026-02-07T14:14:43Z,3.4813
2026-02-07T14:16:40Z,2.8702
2026-02-07T14:26:33Z,3.6834
2026-02-07T14:31:14Z,3.497
2026-02-07T14:32:27Z,3.112
2026-02-07T14:33:29Z,3.075
2026-02-07T14:36:49Z,4.0587
2026-02-07T14:38:49Z,3.6452
2026-02-07T14:45:37Z,3.5703
2026-02-07T14:53:09Z,2.4258
2026-02-07T14:56:47Z,3.0837
2026-02-07T15:15:14Z,2.6979
2026-02-07T15:33:15Z,3.9382
2026-02-07T15:33:32Z,2.8405
2026-02-07T15:35:37Z,4.3643
2026-02-07T15:37:43Z,2.9848
2026-02-07T15:37:59Z,3.2497
2026-02-07T15:40:57Z,2.5157
2026-02-07T15:59:20Z,4.0777
2026-02-07T16:26:36Z,4.2797
2026-02-07T16:38:13Z,2.3518
2026-02-07T16:38:57Z,3.4105
2026-02-07T16:41:48Z,3.4887
2026-02-07T16:43:19Z,3.9457
2026-02-07T16:56:14Z,4.5083
2026-02-07T16:58:42Z,3.8922
2026-02-07T17:07:13Z,3.0853
2026-02-07T17:16:41Z,3.6488
2026-02-07T17:29:11Z,2.8282
2026-02-07T18:01:33Z,3.9737
2026-02-07T18:12:13Z,3.9712
2026-02-07T18:13:52Z,3.9999
2026-02-07T18:39:36Z,2.8743
2026-02-07T19:01:42Z,3.7406
2026-02-07T19:04:52Z,2.501
2026-02-07T19:18:49Z,3.8448
2026-02-07T19:20:43Z,3.5197
2026-02-07T19:30:26Z,4.625
2026-02-07T19:39:13Z,3.2182
2026-02-07T19:44:38Z,2.2872
2026-02-07T19:45:17Z,3.0477
2026-02-07T19:49:36Z,2.6888
2026-02-07T19:55:16Z,3.5031
2026-02-07T20:26:08Z,4.3707
2026-02-07T20:32:13Z,3.6267
2026-02-07T20:34:11Z,2.7943
2026-02-07T20:45:35Z,2.6362
2026-02-07T20:56:03Z,2.6684
2026-02-07T20:57:25Z,2.4145
2026-02-07T20:57:31Z,3.1988
2026-02-07T21:04:36Z,2.8724
2026-02-07T21:06:40Z,4.0575
2026-02-07T21:15:01Z,4.861
2026-02-07T21:16:16Z,3.2982
2026-02-07T21:38:04Z,3.0452
2026-02-07T22:15:57Z,4.4166
2026-02-07T22:19:26Z,3.1303
2026-02-07T22:55:08Z,3.1861
2026-02-07T22:59:02Z,4.0042
2026-02-07T23:01:57Z,3.6279
2026-02-07T23:26:53Z,1.9397
2026-02-07T23:34:47Z,3.0834
2026-02-07T23:35:06Z,3.0316
2026-02-07T23:44:56Z,2.7812
2026-02-07T23:48:53Z,4.0642
2026-02-07T23:55:14Z,2.959
2026-02-07T23:56:50Z,4.4201
2026-02-07T23:59:10Z,3.096
2026-02-08T00:23:35Z,3.7108
2026-02-08T00:23:59Z,3.2254
2026-02-08T00:28:40Z,3.5967
2026-02-08T00:44:31Z,3.0562
2026-02-08T01:00:25Z,4.2537
2026-02-08T01:06:45Z,4.5416
2026-02-08T01:22:44Z,3.3764
2026-02-08T01:26:09Z,2.6346
2026-02-08T01:30:25Z,3.3855
2026-02-08T01:32:31Z,2.5266
2026-02-08T01:39:00Z,3.3116
2026-02-08T01:41:51Z,3.5875
2026-02-08T01:47:13Z,1.9503
2026-02-08T01:54:49Z,2.5584
2026-02-08T01:58:26Z,3.1389
2026-02-08T02:06:39Z,3.4598
2026-02-08T02:09:28Z,2.9566
2026-02-08T02:13:06Z,3.7587
2026-02-08T02:13:47Z,5.0688
2026-02-08T02:21:16Z,3.595
2026-02-08T02:27:16Z,3.2855
2026-02-08T02:30:56Z,4.3013
2026-02-08T02:38:08Z,4.2306
2026-02-08T03:32:41Z,3.9831
2026-02-08T03:41:17Z,2.2392
2026-02-08T03:52:18Z,3.5286
2026-02-08T03:57:12Z,2.7291
2026-02-08T04:13:52Z,2.929
2026-02-08T04:32:42Z,2.6383
2026-02-08T04:33:42Z,3.0677
2026-02-08T05:05:51Z,3.5214
2026-02-08T05:08:45Z,3.0135
2026-02-08T05:12:08Z,3.3163
2026-02-08T05:21:54Z,4.418
2026-02-08T05:27:03Z,4.3926
2026-02-08T05:36:33Z,2.7913
2026-02-08T05:46:42Z,4.3806
2026-02-08T05:47:30Z,2.161
2026-02-08T06:22:58Z,4.0945
2026-02-08T06:33:54Z,3.0745
2026-02-08T06:39:51Z,4.381
2026-02-08T06:41:25Z,2.1783
2026-02-08T06:43:06Z,3.1894
2026-02-08T06:45:11Z,2.2743
2026-02-08T06:48:23Z,3.9952
2026-02-08T06:56:35Z,3.9028
2026-02-08T07:04:28Z,2.4704
2026-02-08T07:56:30Z,3.7284
2026-02-08T07:56:49Z,4.0063
2026-02-08T07:59:04Z,3.7368
2026-02-08T08:07:43Z,2.9485
2026-02-08T08:29:32Z,3.6035
2026-02-08T08:49:36Z,4.0027
2026-02-08T08:59:21Z,3.7634
2026-02-08T09:00:30Z,3.3922
2026-02-08T09:00:36Z,3.9926
2026-02-08T09:30:21Z,3.7531
2026-02-08T09:31:39Z,2.3949
2026-02-08T09:54:18Z,3.0079
2026-02-08T10:14:07Z,3.9289
2026-02-08T10:23:42Z,2.8137
2026-02-08T10:31:22Z,3.6679
2026-02-08T10:39:27Z,2.9605
2026-02-08T11:01:35Z,2.1465
2026-02-08T11:06:46Z,3.356
2026-02-08T11:08:24Z,3.8105
2026-02-08T11:09:06Z,3.1163
2026-02-08T11:12:20Z,3.1819
2026-02-08T11:13:35Z,3.8994
2026-02-08T11:27:54Z,2.9743
2026-02-08T11:55:45Z,3.7863
2026-02-08T11:56:08Z,2.6258
2026-02-08T12:14:36Z,3.076
2026-02-08T12:31:37Z,2.7103
2026-02-08T12:33:04Z,3.1536
2026-02-08T12:33:37Z,3.0096
2026-02-08T12:35:51Z,2.7812
2026-02-08T12:49:26Z,3.4357
2026-02-08T13:08:35Z,3.6439
2026-02-08T13:10:08Z,3.7436
2026-02-08T13:40:54Z,2.3396
2026-02-08T14:01:05Z,3.4618
2026-02-08T14:06:36Z,3.8266
2026-02-08T14:25:59Z,3.3941
2026-02-08T14:31:20Z,3.3776
2026-02-08T14:32:17Z,3.5971
2026-02-08T14:46:41Z,3.2812
2026-02-08T15:05:21Z,3.7676
2026-02-08T15:07:38Z,4.2471
2026-02-08T15:19:13Z,3.9971
2026-02-08T15:23:15Z,2.9937
2026-02-08T15:34:08Z,4.7149
2026-02-08T15:36:09Z,2.6332
2026-02-08T15:45:38Z,3.5456
2026-02-08T15:56:32Z,3.335
2026-02-08T15:56:39Z,3.707
2026-02-08T16:02:15Z,3.6225
2026-02-08T16:35:04Z,2.726
2026-02-08T16:46:45Z,3.9784
2026-02-08T16:58:30Z,2.9239
2026-02-08T17:10:55Z,3.6558
2026-02-08T17:29:25Z,2.0173
2026-02-08T17:45:32Z,2.8685
2026-02-08T17:50:09Z,2.5931
2026-02-08T18:12:06Z,2.1506
2026-02-08T18:16:08Z,3.9227
2026-02-08T18:18:22Z,4.4877
2026-02-08T18:22:22Z,4.4285
2026-02-08T18:29:46Z,2.8055
2026-02-08T18:39:03Z,3.3437
2026-02-08T18:54:56Z,4.3115
2026-02-08T18:56:01Z,2.4081
2026-02-08T18:57:02Z,3.7468
2026-02-08T19:15:50Z,3.2307
2026-02-08T19:33:38Z,3.9967
2026-02-08T19:34:59Z,3.0828
2026-02-08T19:45:49Z,2.3484
2026-02-08T19:52:19Z,2.6903
2026-02-08T19:54:51Z,2.9988
2026-02-08T20:02:08Z,4.2166
2026-02-08T20:25:18Z,2.2251
2026-02-08T20:44:11Z,2.7004
2026-02-08T20:52:24Z,4.0965
2026-02-08T20:57:49Z,2.4455
2026-02-08T21:11:40Z,2.9423
2026-02-08T21:23:11Z,3.9636
2026-02-08T21:35:29Z,2.4484
2026-02-08T21:52:34Z,3.4591
2026-02-08T22:01:36Z,2.7216
2026-02-08T22:09:22Z,2.8354
2026-02-08T22:15:35Z,3.355
2026-02-08T22:30:44Z,3.1762
2026-02-08T22:41:42Z,5.0086
2026-02-08T22:45:16Z,3.7915
2026-02-08T22:49:50Z,3.7028
2026-02-08T23:14:05Z,2.684
2026-02-08T23:16:17Z,3.0506
2026-02-08T23:28:52Z,3.4728
2026-02-08T23:29:10Z,3.1985
2026-02-08T23:33:05Z,2.9011
2026-02-08T23:38:07Z,4.0721
2026-02-08T23:40:59Z,3.6598
2026-02-08T23:41:50Z,3.7452
2026-02-08T23:43:22Z,3.8693
2026-02-08T23:47:53Z,2.772
2026-02-08T23:57:08Z,2.9138
2026-02-08T23:58:35Z,3.2316
2026-02-09T00:01:21Z,3.8493
2026-02-09T00:02:55Z,2.8532
2026-02-09T00:18:32Z,2.7043
2026-02-09T00:30:09Z,3.0707
2026-02-09T00:33:17Z,2.8533
2026-02-09T00:40:24Z,2.2934
2026-02-09T00:45:41Z,3.0923
2026-02-09T00:55:04Z,3.5673
2026-02-09T01:10:26Z,3.8327
2026-02-09T01:11:04Z,2.3226
2026-02-09T01:14:27Z,1.7146
2026-02-09T01:27:29Z,2.2194
2026-02-09T01:30:25Z,2.4092
2026-02-09T01:32:53Z,3.3921
2026-02-09T01:38:54Z,3.2199
2026-02-09T01:40:15Z,2.0488
2026-02-09T01:47:21Z,2.0213
2026-02-09T01:56:43Z,3.5421
2026-02-09T02:05:33Z,4.4985
2026-02-09T02:23:54Z,3.6384
2026-02-09T02:25:19Z,4.017
2026-02-09T03:01:04Z,3.7949
2026-02-09T03:08:20Z,3.007
2026-02-09T03:13:10Z,3.4169
2026-02-09T03:15:17Z,3.2375
2026-02-09T03:18:50Z,3.1612
2026-02-09T03:20:47Z,2.8552
2026-02-09T03:32:54Z,3.9012
2026-02-09T03:33:58Z,2.6712
2026-02-09T03:39:13Z,4.487
2026-02-09T03:46:55Z,3.4536
2026-02-09T03:50:05Z,2.7768
2026-02-09T03:56:58Z,2.6406
2026-02-09T03:58:57Z,3.9252
2026-02-09T03:59:16Z,4.0588
2026-02-09T03:59:16Z,3.2863
2026-02-09T04:02:44Z,3.4183
2026-02-09T04:09:22Z,2.6358
2026-02-09T04:09:38Z,3.4061
2026-02-09T04:19:30Z,2.2614
2026-02-09T04:22:31Z,2.6592
2026-02-09T04:33:16Z,2.8622
2026-02-09T04:33:37Z,3.0506
2026-02-09T04:35:04Z,3.3254
2026-02-09T04:45:21Z,1.7725
2026-02-09T04:55:33Z,3.0761
2026-02-09T04:59:23Z,3.6947
2026-02-09T05:01:15Z,2.6751
2026-02-09T05:15:41Z,3.5033
2026-02-09T05:35:42Z,2.8372
2026-02-09T05:42:09Z,3.5964
2026-02-09T05:51:40Z,2.8824
2026-02-09T06:03:01Z,4.4009
2026-02-09T06:24:22Z,2.9202
2026-02-09T06:28:25Z,4.0001
2026-02-09T06:47:06Z,2.3146
2026-02-09T07:03:10Z,3.3089
2026-02-09T07:03:50Z,3.4303
2026-02-09T07:04:31Z,3.7722
2026-02-09T07:24:11Z,3.9189
2026-02-09T07:52:39Z,3.3479
2026-02-09T07:59:56Z,3.4039
2026-02-09T08:14:46Z,2.8677
2026-02-09T08:45:33Z,2.9178
2026-02-09T08:47:17Z,2.842
2026-02-09T08:48:42Z,3.8754
2026-02-09T09:07:10Z,3.733
2026-02-09T09:12:03Z,3.041
2026-02-09T09:18:03Z,1.4471
2026-02-09T09:28:50Z,2.8522
2026-02-09T09:35:11Z,3.136
2026-02-09T09:36:34Z,2.9553
2026-02-09T09:38:37Z,4.6461
2026-02-09T09:45:40Z,3.4032
2026-02-09T09:57:28Z,2.8832
2026-02-09T10:21:53Z,2.2589
2026-02-09T10:22:57Z,2.3978
2026-02-09T10:50:06Z,3.3673
2026-02-09T10:52:59Z,2.6334
2026-02-09T11:02:58Z,2.4856
2026-02-09T11:19:22Z,3.9662
2026-02-09T11:25:11Z,3.3141
2026-02-09T11:33:46Z,4.0165
2026-02-09T11:41:50Z,2.9742
2026-02-09T11:48:02Z,3.2756
2026-02-09T12:05:38Z,2.8901
2026-02-09T12:14:50Z,3.8467
2026-02-09T12:29:29Z,4.6329
2026-02-09T12:34:32Z,3.2359
2026-02-09T12:37:33Z,3.8752
2026-02-09T12:50:59Z,2.3518
2026-02-09T12:51:05Z,4.0042
2026-02-09T12:51:25Z,2.4727
2026-02-09T13:29:34Z,2.9558
2026-02-09T13:34:16Z,3.8838
2026-02-09T13:35:52Z,3.6869
2026-02-09T13:45:27Z,1.3471
2026-02-09T13:50:53Z,4.2325
2026-02-09T14:13:00Z,2.6554
2026-02-09T14:23:28Z,4.568
2026-02-09T14:26:20Z,2.8456
2026-02-09T14:47:44Z,3.0563
2026-02-09T14:49:38Z,2.65
2026-02-09T15:00:18Z,2.9783
2026-02-09T15:06:40Z,4.5763
2026-02-09T15:09:19Z,3.5264
2026-02-09T15:13:07Z,3.1159
2026-02-09T15:20:29Z,4.1687
2026-02-09T16:00:11Z,4.7953
2026-02-09T16:01:33Z,3.8363
2026-02-09T16:05:38Z,3.5451
2026-02-09T16:20:26Z,3.1634
2026-02-09T16:25:08Z,3.9628
2026-02-09T16:28:28Z,3.0528
2026-02-09T16:42:17Z,3.9377
2026-02-09T16:43:23Z,2.3724
2026-02-09T16:56:53Z,3.6264
2026-02-09T17:00:17Z,4.1247
2026-02-09T17:10:26Z,2.0116
2026-02-09T17:18:45Z,4.8412
2026-02-09T17:27:24Z,3.0803
2026-02-09T17:34:41Z,2.8349
2026-02-09T17:40:28Z,2.4998
2026-02-09T17:46:18Z,3.8477
2026-02-09T18:02:39Z,4.3334
2026-02-09T18:03:42Z,4.49
2026-02-09T18:12:09Z,3.6911
2026-02-09T18:13:10Z,2.9334
2026-02-09T18:22:53Z,2.995
2026-02-09T18:29:15Z,2.5691
2026-02-09T18:40:41Z,3.1069
2026-02-09T18:42:38Z,2.0505
2026-02-09T18:47:05Z,2.8285
2026-02-09T18:54:03Z,3.6484
2026-02-09T18:56:05Z,2.0247
2026-02-09T19:06:19Z,3.4377
2026-02-09T19:17:47Z,2.8602
2026-02-09T19:28:38Z,3.3935
2026-02-09T19:31:45Z,3.7072
2026-02-09T19:40:31Z,2.7285
2026-02-09T20:14:16Z,3.5839
2026-02-09T20:14:32Z,3.1901
2026-02-09T20:27:19Z,3.3272
2026-02-09T20:37:17Z,2.6366
2026-02-09T20:38:57Z,2.6852
2026-02-09T20:40:17Z,2.2568
2026-02-09T20:41:17Z,2.1418
2026-02-09T20:50:58Z,3.7255
2026-02-09T20:55:02Z,3.6971
2026-02-09T20:59:36Z,2.8511
2026-02-09T21:05:41Z,3.0686
2026-02-09T21:07:46Z,2.5712
2026-02-09T21:08:41Z,4.296
2026-02-09T21:31:29Z,3.353
2026-02-09T21:35:29Z,3.8469
2026-02-09T22:01:29Z,3.3167
2026-02-09T22:05:44Z,3.5062
2026-02-09T22:07:44Z,3.9011
2026-02-09T22:13:28Z,4.1984
2026-02-09T23:05:41Z,2.6647
2026-02-09T23:07:37Z,4.0387
2026-02-09T23:08:13Z,3.0607
2026-02-09T23:26:09Z,3.5932
2026-02-09T23:48:49Z,3.5562
2026-02-09T23:57:08Z,2.2501
2026-02-10T00:42:33Z,3.402
2026-02-10T00:53:15Z,2.7587
2026-02-10T00:55:49Z,2.1194
2026-02-10T00:59:33Z,3.2955
2026-02-10T01:35:11Z,4.3511
2026-02-10T01:58:05Z,3.8459
2026-02-10T01:58:16Z,3.3822
2026-02-10T02:06:03Z,1.658
2026-02-10T02:12:49Z,3.7928
2026-02-10T02:21:49Z,3.0686
2026-02-10T02:29:17Z,3.3121
2026-02-10T02:30:12Z,3.4026
2026-02-10T02:41:18Z,3.6459
2026-02-10T02:47:48Z,4.4179
2026-02-10T03:12:29Z,3.908
2026-02-10T03:19:31Z,2.147
2026-02-10T03:24:16Z,3.0443
2026-02-10T03:28:18Z,2.9161
2026-02-10T03:34:01Z,3.7874
2026-02-10T04:09:24Z,4.176
2026-02-10T04:17:39Z,2.6862
2026-02-10T04:42:10Z,2.8393
2026-02-10T04:50:51Z,3.3116
2026-02-10T04:52:08Z,3.3709
2026-02-10T04:56:32Z,3.0835
2026-02-10T05:04:30Z,4.1889
2026-02-10T05:05:33Z,3.4381
2026-02-10T05:14:48Z,2.1015
2026-02-10T05:30:26Z,3.6281
2026-02-10T05:41:00Z,3.1375
2026-02-10T05:52:22Z,3.4326
2026-02-10T05:58:30Z,2.1201
2026-02-10T06:02:23Z,1.9087
2026-02-10T06:30:46Z,4.0982
2026-02-10T06:33:56Z,3.136
2026-02-10T06:35:31Z,3.1071
2026-02-10T06:49:13Z,4.1314
2026-02-10T06:58:11Z,3.9918
2026-02-10T07:08:54Z,1.998
2026-02-10T07:09:08Z,2.8572
2026-02-10T07:15:26Z,3.2919
2026-02-10T07:18:51Z,3.7672
2026-02-10T07:38:43Z,3.3058
2026-02-10T07:43:34Z,3.511
2026-02-10T07:44:57Z,2.9898
2026-02-10T07:45:52Z,3.2524
2026-02-10T08:05:08Z,3.4069
2026-02-10T08:06:29Z,3.5085
2026-02-10T08:08:01Z,3.277
2026-02-10T08:08:30Z,2.3919
2026-02-10T08:12:04Z,2.768
2026-02-10T08:16:06Z,2.9645
2026-02-10T08:38:17Z,2.8265
2026-02-10T08:57:25Z,3.8252
2026-02-10T09:05:30Z,2.6715
2026-02-10T09:13:49Z,4.3702
2026-02-10T09:21:54Z,2.592
2026-02-10T09:25:54Z,3.4263
2026-02-10T10:11:29Z,4.7716
2026-02-10T10:22:06Z,3.0083
2026-02-10T10:24:23Z,3.6042
2026-02-10T10:33:48Z,2.9778
2026-02-10T11:01:20Z,5.0916
2026-02-10T11:16:23Z,2.3844
2026-02-10T11:20:02Z,3.5239
2026-02-10T11:33:28Z,2.3605
2026-02-10T11:38:36Z,2.9161
2026-02-10T12:48:38Z,2.6895
2026-02-10T12:50:06Z,2.8858
2026-02-10T12:59:00Z,2.7382
2026-02-10T13:05:58Z,2.0345
2026-02-10T13:12:16Z,2.3892
2026-02-10T13:18:12Z,3.9483
2026-02-10T13:21:59Z,3.5439
2026-02-10T13:28:23Z,3.6473
2026-02-10T13:41:53Z,4.7348
2026-02-10T13:57:19Z,2.4453
2026-02-10T13:59:27Z,2.9829
2026-02-10T14:06:04Z,3.5268
2026-02-10T14:13:31Z,3.8792
2026-02-10T14:19:17Z,2.9962
2026-02-10T14:34:49Z,3.0438
2026-02-10T14:49:04Z,3.1418
2026-02-10T14:54:26Z,4.2918
2026-02-10T15:02:12Z,2.7171
2026-02-10T15:22:12Z,2.9244
2026-02-10T15:28:50Z,2.5335
2026-02-10T15:45:17Z,2.2873
2026-02-10T15:58:00Z,2.6885
2026-02-10T16:18:46Z,3.4444
2026-02-10T16:21:16Z,4.0025
2026-02-10T16:30:29Z,3.445
2026-02-10T16:42:08Z,3.4639
2026-02-10T17:33:41Z,3.6797
2026-02-10T17:37:15Z,3.187
2026-02-10T17:39:53Z,3.219
2026-02-10T18:04:17Z,3.7653
2026-02-10T18:05:42Z,3.1162
2026-02-10T18:33:11Z,3.4806
2026-02-10T18:34:53Z,3.8064
2026-02-10T18:37:55Z,2.7772
2026-02-10T18:37:58Z,4.1274
2026-02-10T18:49:26Z,3.5556
2026-02-10T18:49:33Z,2.3355
2026-02-10T18:57:08Z,3.5632
2026-02-10T19:04:00Z,3.6085
2026-02-10T19:05:31Z,4.2805
2026-02-10T19:06:32Z,2.9701
2026-02-10T19:10:39Z,3.3834
2026-02-10T19:14:59Z,3.0279
2026-02-10T19:15:12Z,3.622
2026-02-10T19:24:25Z,2.5382
2026-02-10T19:37:43Z,2.7408
2026-02-10T19:40:30Z,3.6652
2026-02-10T19:43:51Z,2.6217
2026-02-10T19:50:29Z,3.2804
2026-02-10T20:00:14Z,2.4042
2026-02-10T20:07:18Z,3.2802
2026-02-10T20:12:55Z,3.0107
2026-02-10T20:22:04Z,3.7855
2026-02-10T20:29:43Z,3.435
2026-02-10T20:36:28Z,3.2897
2026-02-10T20:56:59Z,4.4416
2026-02-10T20:57:31Z,2.1659
2026-02-10T21:00:37Z,3.8106
2026-02-10T21:01:31Z,3.1415
2026-02-10T21:09:37Z,4.4237
2026-02-10T21:21:00Z,3.3428
2026-02-10T21:26:50Z,3.4873
2026-02-10T21:27:58Z,3.3786
2026-02-10T21:32:01Z,2.7853
2026-02-10T21:40:25Z,3.5781
2026-02-10T21:42:02Z,3.065
2026-02-10T21:50:19Z,3.3138
2026-02-10T22:01:09Z,2.9924
2026-02-10T22:07:26Z,3.337
2026-02-10T22:10:36Z,4.0334
2026-02-10T22:30:15Z,3.8807
2026-02-10T22:48:33Z,3.054
2026-02-10T22:56:11Z,3.0927
2026-02-10T22:58:44Z,2.8831
2026-02-10T23:06:07Z,4.5291
2026-02-10T23:11:41Z,3.4413
2026-02-10T23:15:44Z,3.4067
2026-02-10T23:21:37Z,3.4736
2026-02-11T00:13:11Z,3.9399
2026-02-11T00:32:03Z,3.546
2026-02-11T00:35:00Z,3.6149
2026-02-11T00:43:58Z,3.4973
2026-02-11T00:44:06Z,2.9333
2026-02-11T00:54:35Z,2.9234
2026-02-11T01:08:07Z,2.7854
2026-02-11T01:27:07Z,2.7061
2026-02-11T01:33:20Z,3.905
2026-02-11T01:36:16Z,3.7059
2026-02-11T01:39:12Z,2.2637
2026-02-11T01:44:29Z,3.1416
2026-02-11T01:45:13Z,2.7751
2026-02-11T02:06:04Z,3.3884
2026-02-11T02:15:17Z,2.8905
2026-02-11T02:15:44Z,3.1388
2026-02-11T02:25:36Z,2.7912
2026-02-11T02:32:50Z,2.2203
2026-02-11T02:34:45Z,4.0213
2026-02-11T02:56:39Z,3.8949
2026-02-11T03:44:59Z,3.0561
2026-02-11T04:24:16Z,2.6729
2026-02-11T04:26:07Z,2.9778
2026-02-11T04:41:24Z,2.8391
2026-02-11T05:17:23Z,4.1269
2026-02-11T05:20:03Z,3.363
2026-02-11T05:34:41Z,3.0946
2026-02-11T05:53:44Z,3.8158
2026-02-11T06:08:14Z,2.8518
2026-02-11T06:18:36Z,1.8269
2026-02-11T07:04:06Z,2.706
2026-02-11T07:09:28Z,3.3068
2026-02-11T07:29:44Z,3.6465
2026-02-11T07:33:14Z,2.6115
2026-02-11T07:47:27Z,3.7195
2026-02-11T07:55:47Z,3.1987
2026-02-11T08:01:57Z,3.1752
2026-02-11T08:08:14Z,3.8056
2026-02-11T08:24:44Z,3.0409
2026-02-11T08:30:28Z,2.7732
2026-02-11T08:32:35Z,3.6158
2026-02-11T08:38:22Z,2.8274
2026-02-11T08:49:05Z,2.8552
2026-02-11T08:49:18Z,2.389
2026-02-11T08:54:48Z,3.3314
2026-02-11T08:59:37Z,2.8098
2026-02-11T09:07:22Z,2.4084
2026-02-11T09:10:45Z,3.0832
2026-02-11T09:27:55Z,2.9821
2026-02-11T09:34:04Z,4.0199
2026-02-11T09:37:52Z,3.1042
2026-02-11T09:40:46Z,2.731
2026-02-11T09:45:58Z,2.9562
2026-02-11T09:51:51Z,3.17
2026-02-11T09:55:31Z,3.5467
2026-02-11T10:18:43Z,2.9185
2026-02-11T10:19:43Z,4.2874
2026-02-11T10:45:32Z,3.8661
2026-02-11T11:11:01Z,2.6973
2026-02-11T11:15:15Z,3.3159
2026-02-11T11:29:12Z,2.3476
2026-02-11T11:40:06Z,3.3099
2026-02-11T11:46:32Z,2.4752
2026-02-11T12:03:07Z,3.1142
2026-02-11T12:13:51Z,1.6899
2026-02-11T12:16:47Z,3.6767
2026-02-11T12:28:01Z,3.5971
2026-02-11T12:34:38Z,2.9057
2026-02-11T12:43:17Z,4.1116
2026-02-11T12:54:22Z,2.6714
2026-02-11T12:55:24Z,3.0622
2026-02-11T12:59:01Z,3.2855
2026-02-11T13:02:30Z,3.1533
2026-02-11T13:21:04Z,2.5715
2026-02-11T13:44:24Z,4.7733
2026-02-11T13:50:50Z,2.7421
2026-02-11T14:15:25Z,3.303
2026-02-11T14:26:53Z,3.498
2026-02-11T14:27:49Z,3.7772
2026-02-11T14:52:00Z,2.2809
2026-02-11T15:01:30Z,2.8273
2026-02-11T15:14:24Z,2.2709
2026-02-11T15:15:59Z,2.7637
2026-02-11T15:49:16Z,4.0945
2026-02-11T16:14:31Z,3.9963
2026-02-11T16:19:59Z,3.3765
2026-02-11T16:21:32Z,3.2767
2026-02-11T17:02:03Z,3.5038
2026-02-11T17:15:14Z,2.8641
2026-02-11T17:18:48Z,3.5549
2026-02-11T17:34:25Z,3.8484
2026-02-11T17:34:57Z,2.2027
2026-02-11T17:43:19Z,3.8291
2026-02-11T17:54:00Z,3.7045
2026-02-11T18:07:48Z,3.7766
2026-02-11T18:34:27Z,3.0915
2026-02-11T18:41:36Z,3.3234
2026-02-11T18:45:49Z,2.5794
2026-02-11T18:46:26Z,2.6263
2026-02-11T18:53:49Z,3.4355
2026-02-11T18:59:10Z,2.9398
2026-02-11T19:05:30Z,4.0722
2026-02-11T19:17:19Z,3.7428
2026-02-11T19:17:27Z,3.5546
2026-02-11T19:50:03Z,3.3842
2026-02-11T19:53:21Z,2.1775
2026-02-11T20:02:36Z,2.7492
2026-02-11T20:03:54Z,2.6942
2026-02-11T20:20:23Z,1.5608
2026-02-11T20:26:07Z,2.8953
2026-02-11T20:43:37Z,3.0829
2026-02-11T20:43:48Z,4.1056
2026-02-11T20:46:43Z,2.8951
2026-02-11T21:21:57Z,2.9874
2026-02-11T21:33:05Z,3.2385
2026-02-11T21:33:06Z,3.8217
2026-02-11T21:57:53Z,2.6878
2026-02-11T22:04:13Z,3.1939
2026-02-11T22:07:03Z,2.6828
2026-02-11T22:13:22Z,1.9308
2026-02-11T22:41:59Z,3.8063
2026-02-11T22:56:40Z,3.484
2026-02-11T23:08:27Z,4.7567
2026-02-11T23:29:33Z,2.8608
2026-02-11T23:31:35Z,3.2724
2026-02-11T23:35:27Z,3.4093
2026-02-11T23:35:31Z,2.9894
2026-02-11T23:38:33Z,3.1757
2026-02-11T23:42:58Z,2.4617
2026-02-11T23:43:01Z,3.4487
2026-02-11T23:45:44Z,3.2031
2026-02-11T23:54:52Z,3.1664
2026-02-11T23:56:13Z,3.914
2026-02-12T00:04:14Z,3.978
2026-02-12T00:05:31Z,3.4043
2026-02-12T00:09:43Z,5.2287
2026-02-12T00:15:34Z,3.6827
2026-02-12T00:31:56Z,3.7773
2026-02-12T00:32:27Z,3.6052
2026-02-12T00:32:50Z,1.3299
2026-02-12T00:45:05Z,3.493
2026-02-12T00:57:49Z,3.6147
2026-02-12T01:07:29Z,2.5175
2026-02-12T01:12:11Z,3.1714
2026-02-12T01:36:29Z,1.5968
2026-02-12T01:41:54Z,3.8129
2026-02-12T02:08:37Z,4.1698
2026-02-12T02:09:10Z,4.1634
2026-02-12T02:17:09Z,3.0553
2026-02-12T02:24:24Z,2.5653
2026-02-12T02:30:29Z,3.3077
2026-02-12T02:38:30Z,2.5067
2026-02-12T02:38:38Z,1.7509
2026-02-12T02:46:28Z,2.707
2026-02-12T03:03:10Z,3.5218
2026-02-12T03:08:52Z,2.9991
2026-02-12T03:25:59Z,3.2587
2026-02-12T03:52:53Z,3.2722
2026-02-12T03:56:36Z,2.1959
2026-02-12T03:58:22Z,4.2143
2026-02-12T04:04:45Z,2.558
2026-02-12T04:11:20Z,3.2059
2026-02-12T04:13:02Z,3.2926
2026-02-12T04:22:34Z,2.8066
2026-02-12T04:27:45Z,3.9726
2026-02-12T04:32:41Z,3.3789
2026-02-12T04:37:54Z,2.2549
2026-02-12T04:48:59Z,4.2677
2026-02-12T04:51:38Z,3.1129
2026-02-12T04:55:04Z,3.4013
2026-02-12T04:58:32Z,3.2982
2026-02-12T05:13:11Z,3.1006
2026-02-12T05:22:05Z,3.091
2026-02-12T05:24:38Z,3.4361
2026-02-12T05:32:25Z,3.1975
2026-02-12T05:43:29Z,4.0527
2026-02-12T05:55:55Z,3.0922
2026-02-12T06:04:57Z,3.9579
2026-02-12T06:16:38Z,2.7774
2026-02-12T06:28:29Z,3.0555
2026-02-12T06:32:58Z,2.8988
2026-02-12T06:47:36Z,4.6436
2026-02-12T06:48:18Z,3.9488
2026-02-12T06:49:40Z,2.7167
2026-02-12T07:05:50Z,2.4582
2026-02-12T07:06:09Z,2.1415
2026-02-12T07:11:08Z,3.7579
2026-02-12T07:13:26Z,3.7286
2026-02-12T07:14:52Z,2.8405
2026-02-12T07:22:01Z,4.3634
2026-02-12T07:25:55Z,4.909
2026-02-12T07:32:58Z,2.9333
2026-02-12T07:39:36Z,3.4151
2026-02-12T07:46:13Z,3.1435
2026-02-12T08:05:32Z,3.7825
2026-02-12T08:16:25Z,3.5752
2026-02-12T08:16:44Z,3.4013
2026-02-12T08:49:30Z,2.8022
2026-02-12T08:53:01Z,2.7848
2026-02-12T08:56:05Z,3.8698
2026-02-12T08:58:50Z,2.4585
2026-02-12T09:02:29Z,2.3688
2026-02-12T09:02:50Z,4.7354
2026-02-12T09:06:28Z,3.1773
2026-02-12T09:16:19Z,3.3667
2026-02-12T09:34:21Z,3.6041
2026-02-12T09:34:46Z,2.1479
2026-02-12T09:37:24Z,3.6964
2026-02-12T09:51:04Z,3.1685
2026-02-12T09:57:44Z,3.5963
2026-02-12T10:09:04Z,3.7886
2026-02-12T10:20:04Z,2.6633
2026-02-12T10:25:34Z,4.252
2026-02-12T10:28:37Z,3.3913
2026-02-12T10:54:40Z,3.2498
2026-02-12T11:04:42Z,2.7416
2026-02-12T11:05:59Z,1.528
2026-02-12T11:12:35Z,3.4974
2026-02-12T11:16:18Z,2.2118
2026-02-12T11:41:07Z,2.9277
2026-02-12T11:49:47Z,4.2007
2026-02-12T12:12:46Z,1.9817
2026-02-12T12:16:55Z,3.7822
2026-02-12T12:33:03Z,3.817
2026-02-12T12:35:31Z,3.9328
2026-02-12T12:37:35Z,2.3305
2026-02-12T12:38:41Z,3.2552
2026-02-12T12:50:28Z,2.5644
2026-02-12T12:53:00Z,3.6439
2026-02-12T13:35:45Z,4.299
2026-02-12T13:43:59Z,3.4111
2026-02-12T13:47:20Z,2.4829
2026-02-12T14:09:33Z,4.075
2026-02-12T14:10:56Z,3.6483
2026-02-12T14:12:07Z,3.3637
2026-02-12T14:18:04Z,4.7291
2026-02-12T14:20:15Z,2.713
2026-02-12T14:23:27Z,3.264
2026-02-12T14:29:53Z,2.4133
2026-02-12T14:49:09Z,3.1003
2026-02-12T14:56:18Z,2.481
2026-02-12T15:33:08Z,3.254
2026-02-12T15:34:41Z,3.7481
2026-02-12T15:48:23Z,4.48
2026-02-12T15:54:04Z,4.5538
2026-02-12T16:09:39Z,3.6548
2026-02-12T16:38:55Z,3.2616
2026-02-12T16:39:52Z,4.0422
2026-02-12T16:40:41Z,3.3153
2026-02-12T17:07:53Z,1.8314
2026-02-12T17:24:47Z,2.87
2026-02-12T18:11:16Z,3.3363
2026-02-12T18:11:18Z,2.104
2026-02-12T18:40:56Z,3.8304
2026-02-12T18:40:58Z,3.0193
2026-02-12T18:50:03Z,2.3316
2026-02-12T18:51:06Z,3.4768
2026-02-12T18:52:48Z,3.0502
2026-02-12T18:56:31Z,2.9388
2026-02-12T19:01:39Z,2.4353
2026-02-12T19:22:28Z,3.4673
2026-02-12T19:29:54Z,2.4329
2026-02-12T19:46:33Z,3.3467
2026-02-12T19:50:43Z,3.6131
2026-02-12T19:53:54Z,3.0719
2026-02-12T20:00:19Z,2.8732
2026-02-12T20:01:31Z,2.5645
2026-02-12T20:04:01Z,2.6836
2026-02-12T20:05:19Z,2.9677
2026-02-12T20:17:36Z,3.6491
2026-02-12T20:19:04Z,3.1993
2026-02-12T20:22:15Z,3.3004
2026-02-12T20:22:57Z,3.2377
2026-02-12T20:40:18Z,3.3944
2026-02-12T20:52:26Z,3.1112
2026-02-12T20:58:37Z,1.658
2026-02-12T21:00:00Z,3.553
2026-02-12T21:02:38Z,3.1789
2026-02-12T21:18:56Z,2.7557
2026-02-12T21:20:09Z,2.4952
2026-02-12T21:23:09Z,3.5761
2026-02-12T21:25:38Z,3.9033
2026-02-12T21:48:41Z,3.5447
2026-02-12T21:58:14Z,3.768
2026-02-12T22:06:56Z,3.6016
2026-02-12T22:08:23Z,3.7271
2026-02-12T22:14:53Z,3.4059
2026-02-12T22:19:55Z,3.8054
2026-02-12T22:34:13Z,2.6371
2026-02-12T22:54:19Z,3.8157
2026-02-12T22:56:44Z,3.159
2026-02-12T23:08:56Z,3.6258
2026-02-12T23:24:30Z,4.2506
2026-02-12T23:25:51Z,4.8742
2026-02-12T23:26:59Z,2.7428
2026-02-12T23:39:18Z,2.9899
2026-02-12T23:52:51Z,2.8853
2026-02-13T00:01:20Z,2.6058
2026-02-13T00:09:21Z,2.8434
2026-02-13T00:12:22Z,3.4126
2026-02-13T00:25:02Z,4.1839
2026-02-13T00:42:44Z,3.5568
2026-02-13T00:45:19Z,3.6976
2026-02-13T00:49:40Z,3.8196
2026-02-13T00:53:53Z,2.583
2026-02-13T01:11:07Z,2.7489
2026-02-13T01:11:42Z,3.3917
2026-02-13T01:24:51Z,3.6009
2026-02-13T01:29:47Z,3.424
2026-02-13T01:33:53Z,4.2927
2026-02-13T01:36:36Z,3.4225
2026-02-13T01:46:47Z,3.565
2026-02-13T02:11:26Z,3.3482
2026-02-13T02:37:28Z,4.0963
2026-02-13T02:47:54Z,2.7265
2026-02-13T02:49:43Z,2.9091
2026-02-13T02:53:38Z,4.0461
2026-02-13T02:53:51Z,4.13
2026-02-13T03:06:50Z,3.2491
2026-02-13T03:06:53Z,3.3992
2026-02-13T03:07:46Z,1.7974
2026-02-13T03:07:53Z,4.0833
2026-02-13T03:39:45Z,3.2141
2026-02-13T03:51:46Z,3.4082
2026-02-13T03:53:22Z,2.6065
2026-02-13T04:18:21Z,2.7553
2026-02-13T04:21:21Z,3.4257
2026-02-13T04:26:30Z,3.1078
2026-02-13T04:28:44Z,3.7288
2026-02-13T04:42:59Z,3.5278
2026-02-13T04:45:45Z,3.2034
2026-02-13T04:45:46Z,3.7186
2026-02-13T05:12:22Z,2.9224
2026-02-13T05:16:20Z,3.6785
2026-02-13T05:20:08Z,3.2925
2026-02-13T05:25:36Z,3.1331
2026-02-13T05:46:52Z,2.8788
2026-02-13T05:49:53Z,3.1443
2026-02-13T06:15:29Z,3.4822
2026-02-13T06:58:06Z,3.1273
2026-02-13T07:04:13Z,2.7964
2026-02-13T07:08:47Z,4.2605
2026-02-13T07:09:05Z,3.0963
2026-02-13T07:10:59Z,2.9588
2026-02-13T07:39:54Z,2.7792
2026-02-13T08:13:04Z,3.4725
2026-02-13T08:15:49Z,4.3243
2026-02-13T08:18:16Z,2.3115
2026-02-13T08:49:51Z,3.1161
2026-02-13T08:50:17Z,3.4081
2026-02-13T08:55:27Z,3.261
2026-02-13T09:01:28Z,5.0975
2026-02-13T09:21:26Z,2.296
2026-02-13T09:28:47Z,2.9316
2026-02-13T09:36:54Z,4.0457
2026-02-13T09:40:18Z,4.2849
2026-02-13T09:45:24Z,3.3522
2026-02-13T09:53:39Z,3.6657
2026-02-13T10:01:27Z,1.8202
2026-02-13T10:12:01Z,2.2637
2026-02-13T10:18:24Z,4.4644
2026-02-13T10:24:06Z,4.1978
2026-02-13T10:50:57Z,2.7276
2026-02-13T10:51:19Z,3.1718
2026-02-13T10:53:47Z,3.0611
2026-02-13T11:01:30Z,4.3074
2026-02-13T11:03:50Z,3.2104
2026-02-13T11:04:58Z,2.938
2026-02-13T11:17:04Z,3.4915
2026-02-13T11:42:06Z,2.4882
2026-02-13T12:26:06Z,4.2125
2026-02-13T12:44:52Z,4.0254
2026-02-13T12:45:41Z,4.5114
2026-02-13T12:46:52Z,3.3222
2026-02-13T12:49:34Z,3.3171
2026-02-13T13:05:52Z,3.7098
2026-02-13T13:12:45Z,2.8424
2026-02-13T13:30:36Z,4.024
2026-02-13T13:47:55Z,2.3164
2026-02-13T14:24:27Z,3.3613
2026-02-13T14:30:51Z,3.529
2026-02-13T14:36:54Z,2.1358
2026-02-13T14:51:53Z,3.3132
2026-02-13T14:52:12Z,3.9272
2026-02-13T14:55:22Z,3.7342
2026-02-13T15:01:09Z,2.8843
2026-02-13T15:04:14Z,3.4575
2026-02-13T15:12:15Z,3.4632
2026-02-13T15:18:32Z,3.0502
2026-02-13T15:20:25Z,1.9725
2026-02-13T15:21:29Z,3.319
2026-02-13T15:37:18Z,2.77
2026-02-13T15:37:56Z,3.0642
2026-02-13T15:44:48Z,4.096
2026-02-13T15:51:13Z,4.3417
2026-02-13T16:11:17Z,2.7265
2026-02-13T16:21:59Z,4.4372
2026-02-13T16:45:54Z,3.7038
2026-02-13T16:46:38Z,2.9575
2026-02-13T16:58:00Z,3.5152
2026-02-13T16:59:28Z,3.4356
2026-02-13T17:07:30Z,2.8626
2026-02-13T17:21:06Z,3.0521
2026-02-13T17:25:28Z,3.1858
2026-02-13T17:32:06Z,2.9053
2026-02-13T17:55:51Z,3.2473
2026-02-13T18:13:52Z,4.1921
2026-02-13T18:21:49Z,3.6414
2026-02-13T18:23:07Z,2.6538
2026-02-13T18:30:57Z,3.141
2026-02-13T18:35:22Z,2.5936
2026-02-13T18:39:02Z,1.3728
2026-02-13T18:39:08Z,4.25
2026-02-13T18:48:59Z,3.5937
2026-02-13T19:12:29Z,3.2162
2026-02-13T19:24:36Z,3.7715
2026-02-13T19:30:25Z,2.626
2026-02-13T19:31:35Z,3.3611
2026-02-13T19:40:49Z,4.7005
2026-02-13T19:42:28Z,4.7787
2026-02-13T20:00:33Z,2.693
2026-02-13T20:01:35Z,3.5817
2026-02-13T20:06:50Z,3.4418
2026-02-13T20:16:28Z,2.5162
2026-02-13T20:23:12Z,2.4329
2026-02-13T20:26:22Z,3.1278
2026-02-13T20:36:21Z,2.4388
2026-02-13T20:36:28Z,3.3157
2026-02-13T20:39:08Z,2.5172
2026-02-13T20:44:46Z,3.5578
2026-02-13T20:48:09Z,3.4549
2026-02-13T20:54:47Z,3.3904
2026-02-13T20:57:38Z,3.2941
2026-02-13T21:11:31Z,3.9232
2026-02-13T21:22:55Z,3.7523
2026-02-13T21:28:55Z,2.9881
2026-02-13T21:30:33Z,3.7393
2026-02-13T21:34:29Z,2.8315
2026-02-13T22:02:13Z,2.6352
2026-02-13T22:14:16Z,2.7551
2026-02-13T22:39:29Z,4.1348
2026-02-13T23:03:10Z,3.8153
2026-02-13T23:19:56Z,3.1017
2026-02-13T23:20:50Z,3.3989
2026-02-13T23:21:12Z,3.1023
2026-02-13T23:22:10Z,3.0202
2026-02-13T23:30:11Z,2.2262
2026-02-13T23:32:33Z,2.488
2026-02-13T23:33:50Z,4.5472
2026-02-13T23:47:01Z,3.5424
2026-02-13T23:47:03Z,2.8489
2026-02-14T00:02:12Z,2.7273
2026-02-14T00:02:34Z,3.4437
2026-02-14T00:04:34Z,3.0871
2026-02-14T00:05:29Z,3.1146
2026-02-14T00:24:57Z,2.646
2026-02-14T00:27:49Z,4.0064
2026-02-14T00:33:54Z,3.2118
2026-02-14T00:40:53Z,3.2191
2026-02-14T00:42:02Z,4.1816
2026-02-14T00:45:45Z,1.7498
2026-02-14T00:53:31Z,2.3328
2026-02-14T01:04:35Z,3.9845
2026-02-14T01:14:30Z,2.4888
2026-02-14T01:22:52Z,3.5182
2026-02-14T01:38:15Z,3.9576
2026-02-14T01:44:33Z,2.8555
2026-02-14T02:13:43Z,1.4072
2026-02-14T02:31:42Z,3.1147
2026-02-14T02:37:17Z,2.3936
2026-02-14T02:52:47Z,3.7951
2026-02-14T02:54:07Z,4.2525
2026-02-14T03:05:13Z,3.5121
2026-02-14T03:12:59Z,2.7507
2026-02-14T03:45:02Z,3.7981
2026-02-14T03:47:51Z,3.4072
2026-02-14T03:49:59Z,3.8854
2026-02-14T03:52:18Z,3.5218
2026-02-14T04:01:12Z,2.9202
2026-02-14T04:15:31Z,2.9682
2026-02-14T04:18:15Z,4.2041
2026-02-14T04:18:37Z,3.1744
2026-02-14T04:28:21Z,2.9655
2026-02-14T04:31:58Z,3.8556
2026-02-14T04:32:45Z,4.4728
2026-02-14T04:46:53Z,1.9319
2026-02-14T04:55:51Z,4.2299
2026-02-14T05:01:45Z,4.2415
2026-02-14T05:01:47Z,3.0639
2026-02-14T05:04:25Z,2.8621
2026-02-14T05:24:29Z,3.7434
2026-02-14T05:30:49Z,2.7571
2026-02-14T05:31:16Z,2.9564
2026-02-14T05:33:55Z,3.1433
2026-02-14T05:43:54Z,4.1816
2026-02-14T06:23:33Z,3.0155
2026-02-14T06:26:55Z,3.7718
2026-02-14T06:39:43Z,3.3297
2026-02-14T06:54:58Z,3.4649
2026-02-14T06:56:44Z,1.6947
2026-02-14T07:03:36Z,3.9574
2026-02-14T07:31:27Z,3.7846
2026-02-14T07:35:23Z,3.5161
2026-02-14T07:39:38Z,3.3256
2026-02-14T07:46:52Z,3.5262
2026-02-14T07:49:22Z,3.3158
2026-02-14T07:53:59Z,3.3436
2026-02-14T08:21:49Z,4.2629
2026-02-14T08:28:13Z,3.3418
2026-02-14T08:37:20Z,3.0786
2026-02-14T08:44:13Z,2.6028
2026-02-14T08:56:53Z,2.1031
2026-02-14T08:57:01Z,3.4429
2026-02-14T08:58:23Z,3.3559
2026-02-14T09:06:06Z,2.9797
2026-02-14T09:26:58Z,2.6967
2026-02-14T09:43:30Z,1.4335
2026-02-14T09:47:17Z,3.6424
2026-02-14T09:56:56Z,2.6697
2026-02-14T10:05:09Z,5.0235
2026-02-14T10:17:59Z,3.8385
2026-02-14T10:19:43Z,2.3554
2026-02-14T10:22:05Z,2.6422
2026-02-14T10:27:17Z,3.7993
2026-02-14T10:28:28Z,3.8103
2026-02-14T10:29:35Z,2.9827
2026-02-14T10:32:27Z,2.1155
2026-02-14T10:38:54Z,4.2707
2026-02-14T10:45:39Z,4.0988
2026-02-14T10:46:20Z,3.9775
2026-02-14T10:47:38Z,4.0906
2026-02-14T10:51:42Z,2.9599
2026-02-14T10:55:25Z,3.3098
2026-02-14T10:58:00Z,2.9129
2026-02-14T11:00:06Z,3.919
2026-02-14T11:29:38Z,3.7796
2026-02-14T11:38:00Z,2.9908
2026-02-14T12:23:51Z,3.7343
2026-02-14T12:26:46Z,3.9235
2026-02-14T12:35:11Z,2.9753
2026-02-14T12:40:43Z,3.7799
2026-02-14T12:45:02Z,3.9721
2026-02-14T12:45:43Z,3.1494
2026-02-14T12:48:35Z,3.3101
2026-02-14T12:52:23Z,2.8968
2026-02-14T12:57:13Z,2.2101
2026-02-14T13:10:09Z,3.7638
2026-02-14T13:34:52Z,3.1334
2026-02-14T13:35:17Z,2.6115
2026-02-14T13:42:33Z,3.4209
2026-02-14T14:10:36Z,3.9244
2026-02-14T14:31:10Z,3.4229
2026-02-14T14:35:12Z,4.1213
2026-02-14T14:41:24Z,3.9785
2026-02-14T14:48:48Z,3.2614
2026-02-14T15:09:17Z,3.242
2026-02-14T15:13:58Z,2.8809
2026-02-14T15:26:33Z,3.5471
2026-02-14T15:27:52Z,4.9326
2026-02-14T15:44:40Z,4.2204
2026-02-14T15:45:38Z,3.3884
2026-02-14T15:50:06Z,2.8491
2026-02-14T16:02:57Z,2.916
2026-02-14T16:16:04Z,3.1354
2026-02-14T16:22:52Z,3.4924
2026-02-14T16:35:43Z,3.4425
2026-02-14T16:53:08Z,1.0575
2026-02-14T16:53:25Z,3.6466
2026-02-14T16:58:02Z,4.1351
2026-02-14T17:05:57Z,2.6401
2026-02-14T17:11:28Z,3.1735
2026-02-14T17:44:11Z,3.0453
2026-02-14T17:46:07Z,3.9248
2026-02-14T18:00:26Z,3.1347
2026-02-14T18:09:28Z,3.0795
2026-02-14T18:21:05Z,2.9741
2026-02-14T18:26:09Z,3.6723
2026-02-14T18:41:06Z,3.8937
2026-02-14T18:59:57Z,3.4658
2026-02-14T19:09:02Z,3.8546
2026-02-14T19:23:41Z,3.7239
2026-02-14T19:35:07Z,3.6331
2026-02-14T19:45:32Z,3.7563
2026-02-14T19:53:52Z,2.5888
2026-02-14T20:10:18Z,2.2233
2026-02-14T20:12:36Z,3.56
2026-02-14T20:22:46Z,2.4314
2026-02-14T20:27:27Z,3.8475
2026-02-14T20:49:06Z,3.6987
2026-02-14T21:10:23Z,4.5121
2026-02-14T21:16:03Z,3.3244
2026-02-14T21:41:26Z,4.2013
2026-02-14T21:47:00Z,4.6039
2026-02-14T21:59:37Z,2.0761
2026-02-14T22:01:37Z,3.6229
2026-02-14T22:08:20Z,3.6177
2026-02-14T22:10:39Z,3.8097
2026-02-14T23:01:45Z,3.1087
2026-02-14T23:27:15Z,2.6757
2026-02-14T23:32:10Z,3.9999
2026-02-14T23:35:55Z,2.6505
2026-02-14T23:38:23Z,3.4609
2026-02-14T23:39:43Z,4.1971
2026-02-14T23:40:53Z,3.4603
2026-02-14T23:55:19Z,2.7921
2026-02-15T00:14:05Z,3.805
2026-02-15T00:36:02Z,3.7767
2026-02-15T00:47:00Z,3.8543
2026-02-15T00:52:23Z,3.6091
2026-02-15T01:02:00Z,3.1596
2026-02-15T01:14:59Z,3.0472
2026-02-15T01:26:40Z,3.2923
2026-02-15T01:32:19Z,3.5882
2026-02-15T01:41:13Z,1.5102
2026-02-15T01:45:29Z,2.4853
2026-02-15T02:06:46Z,3.4928
2026-02-15T02:08:56Z,3.9505
2026-02-15T02:12:00Z,2.9252
2026-02-15T02:20:20Z,3.6744
2026-02-15T02:25:17Z,3.3974
2026-02-15T02:29:55Z,2.1756
2026-02-15T02:32:35Z,2.7684
2026-02-15T02:33:56Z,2.246
2026-02-15T02:35:28Z,3.623
2026-02-15T02:39:16Z,3.4893
2026-02-15T02:39:43Z,2.7471
2026-02-15T02:46:08Z,1.8171
2026-02-15T02:46:33Z,3.3441
2026-02-15T03:06:41Z,2.6982
2026-02-15T03:08:05Z,3.3541
2026-02-15T03:23:30Z,2.7159
2026-02-15T03:29:04Z,2.9393
2026-02-15T03:44:15Z,3.8068
2026-02-15T03:45:31Z,4.2204
2026-02-15T03:46:39Z,3.0626
2026-02-15T03:53:38Z,3.2134
2026-02-15T03:58:02Z,2.802
2026-02-15T04:08:50Z,2.6443
2026-02-15T04:11:28Z,1.9264
2026-02-15T04:13:10Z,3.7676
2026-02-15T04:42:21Z,2.3792
2026-02-15T05:00:53Z,2.3973
2026-02-15T05:13:39Z,3.8013
2026-02-15T05:37:58Z,3.2124
2026-02-15T05:46:38Z,3.8855
2026-02-15T06:08:28Z,4.076
2026-02-15T06:18:57Z,3.5252
2026-02-15T06:25:42Z,4.2661
2026-02-15T06:28:07Z,1.8008
2026-02-15T06:47:37Z,4.0189
2026-02-15T06:57:16Z,4.4675
2026-02-15T06:57:17Z,2.9378
2026-02-15T07:02:21Z,2.873
2026-02-15T07:14:07Z,3.7374
2026-02-15T07:30:24Z,3.4401
2026-02-15T07:36:20Z,4.1522
2026-02-15T07:38:37Z,2.6006
2026-02-15T07:42:17Z,3.758
2026-02-15T07:47:00Z,4.1016
2026-02-15T07:57:13Z,3.2616
2026-02-15T07:58:16Z,3.6978
2026-02-15T08:05:36Z,4.6599
2026-02-15T08:12:22Z,2.3825
2026-02-15T08:27:50Z,2.8039
2026-02-15T08:30:43Z,2.5028
2026-02-15T08:33:37Z,4.2105
2026-02-15T08:40:00Z,3.6627
2026-02-15T09:02:14Z,2.9002
2026-02-15T09:06:20Z,4.2326
2026-02-15T09:45:21Z,3.0717
2026-02-15T09:52:04Z,3.539
2026-02-15T10:01:20Z,3.7156
2026-02-15T10:06:19Z,3.3537
2026-02-15T10:38:49Z,3.4425
2026-02-15T10:39:19Z,3.0104
2026-02-15T10:46:22Z,2.8046
2026-02-15T10:54:09Z,3.7714
2026-02-15T11:15:36Z,2.7493
2026-02-15T11:27:42Z,4.0811
2026-02-15T11:35:02Z,3.6979
2026-02-15T11:40:33Z,3.4688
2026-02-15T11:57:05Z,4.354
2026-02-15T11:59:47Z,1.8626
2026-02-15T12:03:15Z,2.9985
2026-02-15T12:06:01Z,3.0223
2026-02-15T12:19:55Z,2.4137
2026-02-15T12:21:11Z,2.7394
2026-02-15T12:23:19Z,3.3493
2026-02-15T12:23:57Z,3.6751
2026-02-15T12:25:44Z,4.3479
2026-02-15T12:27:31Z,2.89
2026-02-15T12:33:35Z,3.2475
2026-02-15T12:50:55Z,2.1541
2026-02-15T12:57:39Z,2.6889
2026-02-15T13:14:43Z,3.2131
2026-02-15T13:19:35Z,3.2027
2026-02-15T13:33:50Z,3.4724
2026-02-15T13:54:04Z,3.8504
2026-02-15T13:55:58Z,3.5694
2026-02-15T14:01:15Z,3.4551
2026-02-15T14:04:04Z,2.4075
2026-02-15T14:07:21Z,3.734
2026-02-15T14:10:07Z,3.688
2026-02-15T14:12:33Z,3.0123
2026-02-15T14:28:36Z,4.1505
2026-02-15T15:02:08Z,3.3215
2026-02-15T15:05:41Z,3.5822
2026-02-15T15:16:41Z,3.6141
2026-02-15T15:18:44Z,3.1234
2026-02-15T15:21:47Z,3.4015
2026-02-15T15:23:07Z,3.0667
2026-02-15T15:26:09Z,2.5254
2026-02-15T15:32:59Z,2.6596
2026-02-15T15:57:31Z,2.8724
2026-02-15T16:16:20Z,3.5411
2026-02-15T16:18:13Z,3.5391
2026-02-15T16:25:18Z,3.9264
2026-02-15T16:26:59Z,2.5855
2026-02-15T16:34:47Z,3.5515
2026-02-15T16:43:44Z,4.5108
2026-02-15T16:55:13Z,3.5542
2026-02-15T16:57:34Z,2.9587
2026-02-15T16:58:55Z,2.9797
2026-02-15T17:07:53Z,4.0813
2026-02-15T17:35:24Z,2.7355
2026-02-15T17:36:26Z,4.1576
2026-02-15T17:44:15Z,2.862
2026-02-15T17:45:43Z,2.2888
2026-02-15T17:46:43Z,3.3611
2026-02-15T17:51:07Z,3.0219
2026-02-15T18:06:31Z,3.9228
2026-02-15T18:18:31Z,2.247
2026-02-15T18:23:36Z,3.884
2026-02-15T18:24:52Z,2.1364
2026-02-15T19:03:25Z,3.6754
2026-02-15T19:05:26Z,4.6717
2026-02-15T19:10:05Z,2.819
2026-02-15T19:10:43Z,4.6999
2026-02-15T19:18:42Z,3.5711
2026-02-15T19:30:57Z,4.2745
2026-02-15T19:42:02Z,3.7752
2026-02-15T19:42:34Z,3.3842
2026-02-15T19:47:04Z,3.5025
2026-02-15T19:56:57Z,3.4149
2026-02-15T19:57:06Z,3.4606
2026-02-15T20:08:56Z,3.6885
2026-02-15T20:18:09Z,3.0119
2026-02-15T20:18:16Z,4.1869
2026-02-15T20:46:42Z,3.4974
2026-02-15T20:53:17Z,2.8861
2026-02-15T21:01:03Z,4.2743
2026-02-15T21:02:29Z,3.9368
2026-02-15T21:12:13Z,2.7247
2026-02-15T21:46:36Z,2.8807
2026-02-15T22:28:32Z,3.506
2026-02-15T22:31:22Z,3.3043
2026-02-15T22:45:55Z,3.3545
2026-02-15T23:04:44Z,2.7722
2026-02-15T23:04:59Z,2.851
2026-02-15T23:19:28Z,2.2509
2026-02-15T23:30:20Z,3.2536
2026-02-15T23:35:25Z,3.0876
2026-02-15T23:37:53Z,3.4898
2026-02-15T23:39:40Z,3.3118
2026-02-15T23:40:07Z,3.725
2026-02-15T23:58:23Z,5.0393
2026-02-16T00:00:16Z,3.2445
2026-02-16T00:01:57Z,1.615
2026-02-16T00:07:16Z,3.7831
2026-02-16T00:13:36Z,3.4867
2026-02-16T00:17:26Z,2.6414
2026-02-16T00:17:37Z,2.9755
2026-02-16T00:32:28Z,1.8712
2026-02-16T00:37:30Z,3.1231
2026-02-16T00:48:10Z,4.4113
2026-02-16T01:22:58Z,2.1161
2026-02-16T01:23:03Z,3.6181
2026-02-16T01:24:25Z,2.8154
2026-02-16T02:06:46Z,2.7657
2026-02-16T02:07:04Z,2.2697
2026-02-16T02:26:13Z,2.9742
2026-02-16T02:28:45Z,3.2471
2026-02-16T02:30:06Z,3.6635
2026-02-16T02:32:37Z,3.1419
2026-02-16T02:35:33Z,3.2698
2026-02-16T02:44:22Z,3.8509
2026-02-16T02:50:43Z,2.7212
2026-02-16T03:36:39Z,3.9836
2026-02-16T04:18:52Z,2.7574
2026-02-16T04:30:01Z,2.7815
2026-02-16T04:38:30Z,3.0583
2026-02-16T05:09:00Z,3.0897
2026-02-16T05:26:15Z,4.2565
2026-02-16T05:30:29Z,3.7438
2026-02-16T05:50:47Z,4.4229
2026-02-16T06:05:55Z,3.8001
2026-02-16T06:08:51Z,3.5223
2026-02-16T06:08:55Z,2.7485
2026-02-16T06:29:23Z,3.3953
2026-02-16T06:31:19Z,4.1884
2026-02-16T06:31:21Z,3.4555
2026-02-16T06:33:46Z,4.0202
2026-02-16T06:57:59Z,3.0267
2026-02-16T07:04:36Z,2.0086
2026-02-16T07:40:14Z,4.283
2026-02-16T07:49:34Z,3.7423
2026-02-16T08:15:04Z,3.0209
2026-02-16T08:37:31Z,3.711
2026-02-16T08:57:58Z,4.1747
2026-02-16T08:58:56Z,2.4478
2026-02-16T09:06:08Z,3.1626
2026-02-16T09:15:10Z,3.9806
2026-02-16T09:35:48Z,2.8554
2026-02-16T09:40:37Z,2.3087
2026-02-16T09:46:11Z,3.2156
2026-02-16T09:53:26Z,3.9152
2026-02-16T09:56:04Z,3.7779
2026-02-16T09:57:38Z,3.9492
2026-02-16T10:14:40Z,5.3062
2026-02-16T10:26:47Z,3.7845
2026-02-16T10:36:19Z,3.8702
2026-02-16T11:00:12Z,3.7481
2026-02-16T11:11:18Z,3.1966
2026-02-16T11:13:59Z,3.3375
2026-02-16T11:15:08Z,3.0317
2026-02-16T11:24:52Z,3.1168
2026-02-16T11:24:57Z,3.4299
2026-02-16T11:25:01Z,2.8293
2026-02-16T11:31:45Z,3.259
2026-02-16T11:41:14Z,2.9256
2026-02-16T11:41:33Z,3.4758
2026-02-16T11:49:38Z,3.3813
2026-02-16T11:58:37Z,3.1403
2026-02-16T12:01:50Z,3.2617
2026-02-16T12:10:47Z,2.7282
2026-02-16T12:23:28Z,3.432
2026-02-16T12:23:44Z,3.1993
2026-02-16T12:32:48Z,2.7239
2026-02-16T12:38:11Z,2.4238
2026-02-16T12:49:47Z,3.3769
2026-02-16T13:06:04Z,2.7998
2026-02-16T13:17:22Z,3.0746
2026-02-16T13:56:10Z,4.5051
2026-02-16T14:10:18Z,2.9374
2026-02-16T14:16:33Z,2.9387
2026-02-16T14:21:57Z,2.9911
2026-02-16T14:29:17Z,2.5825
2026-02-16T14:35:50Z,3.001
2026-02-16T14:55:44Z,2.9217
2026-02-16T14:59:30Z,3.9848
2026-02-16T15:12:51Z,3.4108
2026-02-16T15:13:30Z,3.9291
2026-02-16T15:51:55Z,3.6853
2026-02-16T15:53:08Z,3.0635
2026-02-16T15:55:13Z,3.0996
2026-02-16T16:18:44Z,2.7393
2026-02-16T16:40:26Z,2.7632
2026-02-16T16:45:19Z,3.6485
2026-02-16T16:46:48Z,4.2579
2026-02-16T16:59:19Z,3.7419
2026-02-16T17:12:42Z,1.5749
2026-02-16T17:21:16Z,3.2284
2026-02-16T17:28:49Z,2.9295
2026-02-16T17:41:00Z,2.6882
2026-02-16T17:59:29Z,3.9886
2026-02-16T18:03:48Z,3.2349
2026-02-16T18:40:07Z,2.4378
2026-02-16T18:49:24Z,3.3988
2026-02-16T18:50:48Z,3.8417
2026-02-16T18:51:49Z,2.4809
2026-02-16T19:03:10Z,2.4223
2026-02-16T19:11:04Z,3.0201
2026-02-16T19:13:05Z,4.06
2026-02-16T19:24:22Z,4.3095
2026-02-16T19:33:10Z,3.2982
2026-02-16T19:39:53Z,2.8822
2026-02-16T19:46:36Z,3.0776
2026-02-16T19:52:46Z,2.7341
2026-02-16T20:00:15Z,2.9136
2026-02-16T20:05:29Z,3.5868
2026-02-16T20:19:50Z,4.0002
2026-02-16T20:24:15Z,3.9496
2026-02-16T20:29:19Z,3.4785
2026-02-16T21:03:26Z,3.5896
2026-02-16T21:10:47Z,3.0967
2026-02-16T21:29:06Z,3.3919
2026-02-16T21:31:35Z,3.9818
2026-02-16T21:38:33Z,4.0385
2026-02-16T21:47:23Z,3.4995
2026-02-16T22:26:44Z,1.9063
2026-02-16T22:34:58Z,3.1553
2026-02-16T22:43:41Z,2.0755
2026-02-16T22:49:04Z,2.6914
2026-02-16T22:54:24Z,3.1154
2026-02-16T23:06:55Z,3.0662
2026-02-16T23:10:20Z,2.6325
2026-02-16T23:14:03Z,2.5164
2026-02-16T23:51:05Z,2.9129
2026-02-17T00:05:05Z,3.8887
2026-02-17T00:09:14Z,3.9624
2026-02-17T00:11:34Z,2.038
2026-02-17T00:16:45Z,2.902
2026-02-17T00:27:54Z,2.8676
2026-02-17T00:29:42Z,2.1172
2026-02-17T00:46:25Z,3.0665
2026-02-17T00:46:54Z,3.1293
2026-02-17T01:25:53Z,2.9468
2026-02-17T01:35:56Z,4.0821
2026-02-17T01:37:38Z,2.9766
2026-02-17T01:38:16Z,3.8302
2026-02-17T01:53:13Z,3.8857
2026-02-17T01:57:19Z,4.5916
2026-02-17T02:37:16Z,3.125
2026-02-17T02:42:45Z,3.585
2026-02-17T02:50:12Z,3.8919
2026-02-17T02:54:48Z,4.3133
2026-02-17T02:55:43Z,2.9082
2026-02-17T02:59:36Z,3.7234
2026-02-17T03:05:54Z,1.9692
2026-02-17T03:10:29Z,3.9169
2026-02-17T03:49:38Z,3.4592
2026-02-17T03:50:22Z,2.9925
2026-02-17T03:57:44Z,2.8547
2026-02-17T03:57:51Z,2.4792
2026-02-17T04:05:17Z,1.6625
2026-02-17T04:09:09Z,2.2369
2026-02-17T04:10:32Z,4.8966
2026-02-17T04:24:05Z,3.9204
2026-02-17T04:24:13Z,3.347
2026-02-17T04:29:58Z,3.2259
2026-02-17T04:39:04Z,3.5566
2026-02-17T04:58:17Z,3.9223
2026-02-17T05:05:58Z,3.3389
2026-02-17T05:07:18Z,3.0601
2026-02-17T05:13:39Z,2.2499
2026-02-17T05:14:41Z,3.1886
2026-02-17T05:14:54Z,3.2992
2026-02-17T05:42:03Z,3.5491
2026-02-17T06:00:56Z,3.1643
2026-02-17T06:15:28Z,2.1436
2026-02-17T06:21:54Z,3.8501
2026-02-17T06:23:04Z,3.2528
2026-02-17T06:23:39Z,4.5335
2026-02-17T06:26:24Z,3.4767
2026-02-17T06:39:11Z,2.6774
2026-02-17T06:50:38Z,3.3986
2026-02-17T07:05:03Z,3.3086
2026-02-17T07:26:22Z,1.9164
2026-02-17T07:43:27Z,2.7952
2026-02-17T07:51:27Z,3.2896
2026-02-17T08:01:29Z,3.3146
2026-02-17T08:01:32Z,3.3631
2026-02-17T08:05:08Z,3.2576
2026-02-17T08:20:46Z,1.9021
2026-02-17T08:23:06Z,3.8731
2026-02-17T08:23:46Z,3.7446
2026-02-17T08:24:48Z,3.9677
2026-02-17T08:42:29Z,3.7883
2026-02-17T08:53:20Z,2.1247
2026-02-17T08:57:05Z,3.3814
2026-02-17T09:12:05Z,3.3449
2026-02-17T09:12:06Z,2.8047
2026-02-17T09:49:32Z,3.1205
2026-02-17T09:56:01Z,3.1266
2026-02-17T10:05:49Z,3.6054
2026-02-17T10:08:20Z,4.3395
2026-02-17T10:14:05Z,3.296
2026-02-17T10:19:30Z,3.706
2026-02-17T10:36:13Z,3.672
2026-02-17T10:41:54Z,3.5464
2026-02-17T10:49:58Z,3.0027
2026-02-17T10:51:45Z,3.1984
2026-02-17T10:52:12Z,2.734
2026-02-17T10:55:18Z,2.6593
2026-02-17T11:02:25Z,3.3251
2026-02-17T11:09:02Z,3.3471
2026-02-17T11:30:31Z,3.3038
2026-02-17T11:33:14Z,2.6566
2026-02-17T11:36:23Z,3.0082
2026-02-17T11:37:10Z,3.7758
2026-02-17T11:44:32Z,3.2976
2026-02-17T11:51:42Z,3.0895
2026-02-17T11:54:43Z,2.8603
2026-02-17T12:01:27Z,2.5463
2026-02-17T12:26:29Z,3.5259
2026-02-17T12:32:25Z,3.6639
2026-02-17T12:35:15Z,3.031
2026-02-17T12:36:34Z,4.2956
2026-02-17T12:39:12Z,2.5363
2026-02-17T13:10:09Z,3.3516
2026-02-17T13:16:51Z,2.9289
2026-02-17T13:17:58Z,3.5993
2026-02-17T13:18:02Z,3.5048
2026-02-17T13:41:29Z,3.9527
2026-02-17T13:42:57Z,3.9467
2026-02-17T13:55:45Z,2.2541
2026-02-17T13:57:15Z,2.8586
2026-02-17T14:00:43Z,2.8615
2026-02-17T14:10:12Z,2.8938
2026-02-17T14:14:39Z,2.6617
2026-02-17T14:17:43Z,2.9699
2026-02-17T14:23:49Z,3.4395
2026-02-17T14:23:56Z,3.3258
2026-02-17T14:25:26Z,4.9076
2026-02-17T14:33:05Z,2.5162
2026-02-17T15:00:21Z,2.9738
2026-02-17T15:06:00Z,2.7437
2026-02-17T15:06:47Z,4.1645
2026-02-17T15:07:42Z,3.3513
2026-02-17T15:11:55Z,3.1981
2026-02-17T15:27:34Z,2.0566
2026-02-17T15:28:10Z,4.0985
2026-02-17T15:28:48Z,2.98
2026-02-17T15:32:47Z,4.4764
2026-02-17T15:37:58Z,3.2766
2026-02-17T16:02:20Z,3.5098
2026-02-17T16:33:11Z,3.0072
2026-02-17T16:55:03Z,3.7369
2026-02-17T16:56:06Z,3.0444
2026-02-17T17:08:37Z,2.4667
2026-02-17T17:09:09Z,3.4074
2026-02-17T17:14:23Z,3.5001
2026-02-17T17:18:42Z,3.3236
2026-02-17T17:23:41Z,3.1018
2026-02-17T17:28:54Z,4.5968
2026-02-17T17:37:50Z,4.0088
2026-02-17T17:46:55Z,3.939
2026-02-17T17:52:17Z,2.8591
2026-02-17T18:20:46Z,4.2342
2026-02-17T18:25:51Z,2.4436
2026-02-17T19:01:12Z,4.0746
2026-02-17T19:10:55Z,3.579
2026-02-17T19:32:22Z,2.981
2026-02-17T19:34:37Z,2.2847
2026-02-17T19:42:06Z,4.6695
2026-02-17T19:43:17Z,3.1763
2026-02-17T19:49:43Z,3.2876
2026-02-17T20:02:56Z,3.2178
2026-02-17T20:09:01Z,3.9649
2026-02-17T20:10:51Z,2.3441
2026-02-17T20:12:02Z,3.3345
2026-02-17T20:39:14Z,2.7035
2026-02-17T20:39:56Z,4.0192
2026-02-17T20:51:15Z,3.5594
2026-02-17T20:58:16Z,4.4477
2026-02-17T21:08:05Z,4.0711
2026-02-17T21:12:04Z,3.9428
2026-02-17T21:12:50Z,3.1368
2026-02-17T21:20:11Z,4.5757
2026-02-17T21:21:24Z,3.8674
2026-02-17T21:46:16Z,2.7189
2026-02-17T22:12:24Z,2.899
2026-02-17T22:32:51Z,3.364
2026-02-17T23:08:26Z,3.1112
2026-02-17T23:08:36Z,2.3133
2026-02-17T23:20:09Z,3.5279
2026-02-17T23:20:10Z,1.9154
2026-02-17T23:27:34Z,3.9554
2026-02-17T23:35:11Z,4.579
2026-02-17T23:46:13Z,3.3214
2026-02-17T23:49:21Z,2.2179
2026-02-18T00:04:25Z,3.4813
2026-02-18T00:24:27Z,2.9721
2026-02-18T00:29:41Z,2.818
2026-02-18T00:38:46Z,2.2264
2026-02-18T00:40:22Z,2.9889
2026-02-18T00:42:36Z,4.1445
2026-02-18T00:50:47Z,3.3134
2026-02-18T01:07:53Z,4.209
2026-02-18T01:15:53Z,1.9669
2026-02-18T01:36:02Z,2.6909
2026-02-18T01:49:27Z,3.158
2026-02-18T02:09:29Z,3.4351
2026-02-18T02:18:32Z,4.7389
2026-02-18T02:35:58Z,2.9535
2026-02-18T02:36:57Z,3.6693
2026-02-18T02:37:22Z,2.6831
2026-02-18T02:40:24Z,3.8539
2026-02-18T02:44:28Z,3.8613
2026-02-18T03:24:08Z,3.3241
2026-02-18T03:50:52Z,3.6627
2026-02-18T03:53:42Z,2.3113
2026-02-18T03:59:01Z,3.7009
2026-02-18T04:16:12Z,3.992
2026-02-18T04:17:53Z,3.7098
2026-02-18T04:22:15Z,3.8097
2026-02-18T04:41:49Z,3.5026
2026-02-18T04:57:00Z,3.3251
2026-02-18T05:05:39Z,4.1362
2026-02-18T05:38:31Z,2.2819
2026-02-18T05:48:51Z,2.1918
2026-02-18T06:14:36Z,4.7357
2026-02-18T06:18:15Z,4.0712
2026-02-18T06:24:28Z,3.7883
2026-02-18T06:26:38Z,2.9729
2026-02-18T06:33:16Z,2.9744
2026-02-18T07:09:55Z,3.0178
2026-02-18T07:15:57Z,3.4382
2026-02-18T07:20:59Z,2.7235
2026-02-18T07:23:54Z,3.4243
2026-02-18T07:25:44Z,3.6976
2026-02-18T07:28:59Z,4.0682
2026-02-18T07:39:22Z,3.2444
2026-02-18T07:46:29Z,2.618
2026-02-18T07:53:30Z,4.8936
2026-02-18T07:59:58Z,2.9714
2026-02-18T08:01:05Z,4.4137
2026-02-18T08:18:08Z,1.9422
2026-02-18T08:20:16Z,2.9871
2026-02-18T08:22:15Z,4.1969
2026-02-18T08:28:53Z,3.3946
2026-02-18T08:35:07Z,3.7447
2026-02-18T08:43:08Z,2.196
2026-02-18T08:47:17Z,2.8404
2026-02-18T09:16:23Z,3.2375
2026-02-18T09:17:07Z,2.5661
2026-02-18T09:25:46Z,3.7171
2026-02-18T09:26:12Z,3.2007
2026-02-18T09:42:52Z,3.6869
2026-02-18T09:48:28Z,3.8875
2026-02-18T09:57:22Z,3.0438
2026-02-18T10:33:39Z,2.8648
2026-02-18T10:42:33Z,2.8616
2026-02-18T10:43:39Z,3.5557
2026-02-18T11:09:23Z,2.9159
2026-02-18T11:22:45Z,3.0027
2026-02-18T11:27:42Z,3.4824
2026-02-18T11:50:21Z,4.2472
2026-02-18T12:12:20Z,2.6981
2026-02-18T12:47:44Z,3.5268
2026-02-18T12:49:26Z,3.6965
2026-02-18T12:49:29Z,1.7122
2026-02-18T13:03:07Z,2.7124
2026-02-18T13:42:31Z,2.8243
2026-02-18T13:45:14Z,2.4286
2026-02-18T14:02:15Z,3.1135
2026-02-18T14:03:10Z,3.2275
2026-02-18T14:13:39Z,2.3347
2026-02-18T14:51:24Z,3.6607
2026-02-18T14:54:26Z,2.9947
2026-02-18T14:59:03Z,3.8084
2026-02-18T15:06:52Z,3.0768
2026-02-18T15:17:51Z,2.8565
2026-02-18T15:38:06Z,2.444
2026-02-18T16:13:18Z,3.3945
2026-02-18T16:15:01Z,3.5048
2026-02-18T16:16:13Z,3.7202
2026-02-18T16:31:56Z,2.6881
2026-02-18T16:34:53Z,3.2322
2026-02-18T16:35:43Z,3.6896
2026-02-18T16:44:53Z,3.2187
2026-02-18T16:50:46Z,2.6705
2026-02-18T17:20:50Z,4.6617
2026-02-18T17:21:30Z,3.073
2026-02-18T17:32:09Z,3.5628
2026-02-18T17:37:44Z,3.4789
2026-02-18T17:46:42Z,3.0027
2026-02-18T17:55:55Z,2.1376
2026-02-18T18:02:23Z,4.0033
2026-02-18T18:04:01Z,2.5194
2026-02-18T18:12:37Z,4.0037
2026-02-18T18:30:31Z,3.0892
2026-02-18T18:34:01Z,3.5232
2026-02-18T18:41:33Z,2.2158
2026-02-18T18:53:19Z,3.8676
2026-02-18T19:09:07Z,4.0569
2026-02-18T19:10:37Z,2.3993
2026-02-18T19:14:04Z,4.6683
2026-02-18T19:26:31Z,4.1373
2026-02-18T19:33:01Z,3.8918
2026-02-18T20:23:31Z,3.1079
2026-02-18T20:23:58Z,4.1822
2026-02-18T20:29:43Z,3.3435
2026-02-18T20:32:08Z,2.8738
2026-02-18T20:50:43Z,3.4376
2026-02-18T20:52:11Z,1.7081
2026-02-18T20:59:24Z,3.0267
2026-02-18T21:00:14Z,3.8
2026-02-18T21:05:32Z,2.6214
2026-02-18T21:09:55Z,3.8962
2026-02-18T21:12:55Z,3.4475
2026-02-18T21:45:00Z,4.4763
2026-02-18T21:57:59Z,3.0384
2026-02-18T21:58:34Z,2.8386
2026-02-18T22:44:34Z,3.9495
2026-02-18T22:56:00Z,2.2843
2026-02-18T23:02:16Z,3.6551
2026-02-18T23:03:55Z,2.4478
2026-02-18T23:10:04Z,3.2118
2026-02-18T23:21:30Z,2.94
2026-02-18T23:44:25Z,3.8512
2026-02-18T23:57:46Z,2.6403
2026-02-19T00:20:20Z,3.6648
2026-02-19T00:31:39Z,3.1031
2026-02-19T00:33:59Z,3.3903
2026-02-19T00:34:48Z,3.6078
2026-02-19T00:44:07Z,2.6696
2026-02-19T00:44:44Z,3.7936
2026-02-19T00:48:47Z,2.1143
2026-02-19T01:01:54Z,4.6335
2026-02-19T01:04:02Z,3.8522
2026-02-19T01:08:10Z,2.8261
2026-02-19T01:09:40Z,2.4359
2026-02-19T01:27:38Z,5.1447
2026-02-19T01:33:23Z,1.4996
2026-02-19T01:40:12Z,4.0622
2026-02-19T01:44:50Z,3.7457
2026-02-19T01:57:09Z,4.3439
2026-02-19T02:18:33Z,1.5454
2026-02-19T02:24:41Z,2.622
2026-02-19T02:25:06Z,2.9959
2026-02-19T02:36:20Z,3.7676
2026-02-19T02:58:18Z,2.3725
2026-02-19T03:07:04Z,2.48
2026-02-19T03:11:02Z,3.6272
2026-02-19T03:16:40Z,3.3249
2026-02-19T03:20:30Z,3.0406
2026-02-19T03:38:17Z,2.5174
2026-02-19T03:52:41Z,4.4012
2026-02-19T04:00:42Z,2.6686
2026-02-19T04:23:00Z,2.7849
2026-02-19T04:37:09Z,4.4095
2026-02-19T04:53:14Z,3.4792
2026-02-19T05:09:07Z,2.3429
2026-02-19T05:16:18Z,3.6476
2026-02-19T05:40:24Z,3.5757
2026-02-19T06:00:12Z,2.618
2026-02-19T06:05:59Z,3.3041
2026-02-19T06:19:42Z,2.5728
2026-02-19T06:35:31Z,2.9468
2026-02-19T06:54:58Z,2.808
2026-02-19T06:57:33Z,2.8688
2026-02-19T06:59:16Z,3.9721
2026-02-19T07:06:38Z,3.3593
2026-02-19T07:15:05Z,1.7888
2026-02-19T07:24:44Z,2.5581
2026-02-19T07:28:09Z,2.9264
2026-02-19T07:31:18Z,3.1122
2026-02-19T07:39:55Z,3.1666
2026-02-19T08:08:41Z,3.4957
2026-02-19T08:16:51Z,2.7665
2026-02-19T08:42:28Z,2.8253
2026-02-19T08:49:08Z,2.6437
2026-02-19T08:55:50Z,3.6842
2026-02-19T09:03:25Z,3.9308
2026-02-19T09:13:13Z,3.3692
2026-02-19T09:13:34Z,4.0792
2026-02-19T09:31:52Z,2.6777
2026-02-19T10:06:20Z,2.901
2026-02-19T10:06:24Z,3.4669
2026-02-19T10:08:37Z,2.718
2026-02-19T10:17:24Z,3.291
2026-02-19T10:43:49Z,2.0869
2026-02-19T10:44:38Z,4.2134
2026-02-19T10:53:17Z,3.5104
2026-02-19T11:11:02Z,2.2049
2026-02-19T11:35:49Z,3.8237
2026-02-19T11:35:51Z,2.5306
2026-02-19T11:42:17Z,3.5609
2026-02-19T12:07:16Z,5.1835
2026-02-19T12:07:41Z,2.8446
2026-02-19T12:28:30Z,3.8559
2026-02-19T12:29:28Z,4.2171
2026-02-19T12:31:10Z,3.632
2026-02-19T12:53:20Z,3.4766
2026-02-19T12:57:01Z,3.5198
2026-02-19T13:10:43Z,3.144
2026-02-19T13:45:14Z,3.6201
2026-02-19T13:55:40Z,2.3957
2026-02-19T14:03:32Z,3.2674
2026-02-19T14:18:56Z,3.5204
2026-02-19T14:23:47Z,3.3002
2026-02-19T14:25:17Z,1.704
2026-02-19T14:29:57Z,2.3943
2026-02-19T14:31:14Z,3.1894
2026-02-19T14:45:19Z,2.8084
2026-02-19T15:03:04Z,3.198
2026-02-19T15:12:36Z,3.0237
2026-02-19T15:13:46Z,3.3783
2026-02-19T15:17:45Z,3.1869
2026-02-19T15:18:42Z,3.2703
2026-02-19T15:20:17Z,3.2181
2026-02-19T15:32:33Z,2.7871
2026-02-19T15:38:13Z,2.8945
2026-02-19T15:56:18Z,3.4569
2026-02-19T15:56:43Z,3.5837
2026-02-19T16:00:58Z,3.2247
2026-02-19T16:05:47Z,4.1235
2026-02-19T16:15:28Z,3.0221
2026-02-19T16:17:15Z,2.0488
2026-02-19T16:22:32Z,2.4676
2026-02-19T16:25:47Z,2.287
2026-02-19T16:29:56Z,3.0183
2026-02-19T16:32:08Z,3.0042
2026-02-19T16:39:00Z,3.2783
2026-02-19T16:40:01Z,3.8331
2026-02-19T16:52:39Z,4.6156
2026-02-19T16:54:41Z,4.1866
2026-02-19T16:57:40Z,4.0484
2026-02-19T17:07:20Z,3.4799
2026-02-19T17:17:03Z,3.1574
2026-02-19T17:27:03Z,3.0954
2026-02-19T17:36:03Z,2.7386
2026-02-19T17:41:42Z,3.3385
2026-02-19T17:43:52Z,3.6252
2026-02-19T17:44:05Z,3.4761
2026-02-19T17:46:17Z,2.4412
2026-02-19T17:47:44Z,4.4703
2026-02-19T17:49:51Z,3.2785
2026-02-19T18:17:25Z,3.2145
2026-02-19T18:20:04Z,3.1897
2026-02-19T18:25:11Z,3.3238
2026-02-19T18:32:02Z,4.0549
2026-02-19T18:35:18Z,2.7135
2026-02-19T18:39:54Z,3.1757
2026-02-19T18:44:24Z,3.1479
2026-02-19T18:46:02Z,5.1565
2026-02-19T19:08:53Z,3.4919
2026-02-19T19:19:40Z,3.1719
2026-02-19T19:41:57Z,3.8145
2026-02-19T20:14:49Z,2.7226
2026-02-19T20:16:38Z,3.0297
2026-02-19T21:25:00Z,4.213
2026-02-19T21:37:31Z,3.4602
2026-02-19T21:41:50Z,4.491
2026-02-19T21:49:31Z,4.1392
2026-02-19T21:53:37Z,2.89
2026-02-19T21:54:42Z,2.7424
2026-02-19T21:59:38Z,2.9804
2026-02-19T22:05:51Z,2.3316
2026-02-19T22:15:40Z,3.0846
2026-02-19T22:22:24Z,3.2887
2026-02-19T22:28:55Z,2.7998
2026-02-19T22:41:46Z,3.66
2026-02-19T22:58:14Z,3.1497
2026-02-19T23:05:25Z,2.9957
2026-02-19T23:14:58Z,3.495
2026-02-19T23:35:55Z,3.7009
2026-02-19T23:52:29Z,3.1519
2026-02-19T23:59:43Z,3.3514
2026-02-20T00:14:21Z,3.6102
2026-02-20T00:20:16Z,3.809
2026-02-20T00:29:14Z,3.2043
2026-02-20T00:32:58Z,2.6594
2026-02-20T00:33:57Z,2.0457
2026-02-20T00:37:26Z,3.7178
2026-02-20T00:42:17Z,3.5267
2026-02-20T01:06:16Z,3.1202
2026-02-20T01:18:45Z,3.2895
2026-02-20T01:19:15Z,3.2962
2026-02-20T01:22:42Z,2.324
2026-02-20T01:27:39Z,3.8682
2026-02-20T01:32:41Z,4.0464
2026-02-20T01:44:19Z,3.0718
2026-02-20T01:46:52Z,2.9371
2026-02-20T02:20:11Z,2.866
2026-02-20T02:31:03Z,2.8551
2026-02-20T02:43:31Z,4.5506
2026-02-20T02:51:10Z,3.891
2026-02-20T02:57:42Z,2.4357
2026-02-20T03:02:31Z,3.3006
2026-02-20T03:14:08Z,3.6454
2026-02-20T03:20:23Z,2.8685
2026-02-20T03:47:12Z,4.7226
2026-02-20T04:03:23Z,3.032
2026-02-20T04:03:33Z,4.32
2026-02-20T04:04:01Z,3.2584
2026-02-20T04:05:26Z,3.735
2026-02-20T04:28:53Z,3.4639
2026-02-20T04:41:07Z,4.162
2026-02-20T04:43:17Z,3.1506
2026-02-20T04:44:34Z,3.1027
2026-02-20T04:53:41Z,4.5437
2026-02-20T04:57:59Z,3.9961
2026-02-20T05:00:15Z,3.2432
2026-02-20T05:02:18Z,3.0997
2026-02-20T05:07:47Z,2.1974
2026-02-20T05:35:34Z,3.4949
2026-02-20T05:39:27Z,3.4501
2026-02-20T05:43:57Z,4.0741
2026-02-20T05:46:26Z,2.3211
2026-02-20T05:58:37Z,4.2777
2026-02-20T06:09:27Z,3.88
2026-02-20T06:29:15Z,2.6201
2026-02-20T06:31:34Z,2.5405
2026-02-20T06:41:45Z,3.7327
2026-02-20T06:59:47Z,3.7465
2026-02-20T07:32:44Z,3.14
2026-02-20T07:56:37Z,1.9867
2026-02-20T08:02:39Z,3.5092
2026-02-20T08:05:47Z,3.2127
2026-02-20T08:07:58Z,4.2488
2026-02-20T08:20:59Z,4.5036
2026-02-20T08:27:34Z,3.9798
2026-02-20T08:39:52Z,3.6158
2026-02-20T08:42:44Z,4.0622
2026-02-20T08:54:16Z,3.2565
2026-02-20T09:26:14Z,3.0877
2026-02-20T09:39:05Z,3.6363
2026-02-20T09:58:13Z,3.1542
2026-02-20T10:15:32Z,2.8506
2026-02-20T10:33:35Z,2.9083
2026-02-20T10:36:15Z,3.5727
2026-02-20T10:39:00Z,3.5526
2026-02-20T10:42:01Z,3.4853
2026-02-20T10:46:38Z,3.0135
2026-02-20T11:14:59Z,2.7651
2026-02-20T11:16:41Z,3.1856
2026-02-20T11:27:21Z,3.9671
2026-02-20T11:28:03Z,3.4726
2026-02-20T11:30:36Z,3.1939
2026-02-20T11:41:00Z,2.5037
2026-02-20T11:55:50Z,3.0251
2026-02-20T12:02:08Z,2.9007
2026-02-20T12:04:28Z,2.2857
2026-02-20T12:15:20Z,4.3765
2026-02-20T12:17:52Z,4.1625
2026-02-20T13:15:17Z,3.3102
2026-02-20T13:18:33Z,2.1044
2026-02-20T13:43:58Z,2.9703
2026-02-20T13:54:12Z,2.8447
2026-02-20T14:05:50Z,4.0143
2026-02-20T14:10:09Z,3.1616
2026-02-20T14:13:57Z,2.7532
2026-02-20T14:20:54Z,4.2091
2026-02-20T14:30:29Z,4.297
2026-02-20T14:45:08Z,2.2449
2026-02-20T14:50:44Z,3.3886
2026-02-20T14:51:10Z,3.1052
2026-02-20T14:54:26Z,4.0449
2026-02-20T14:58:59Z,2.4428
2026-02-20T15:00:29Z,3.0706
2026-02-20T15:06:17Z,3.8903
2026-02-20T15:13:15Z,3.3189
2026-02-20T15:17:41Z,2.9625
2026-02-20T15:43:35Z,1.9715
2026-02-20T15:47:53Z,2.5222
2026-02-20T15:50:48Z,3.2187
2026-02-20T16:06:25Z,3.0718
2026-02-20T16:22:59Z,4.9799
2026-02-20T16:24:05Z,4.1614
2026-02-20T16:30:04Z,3.332
2026-02-20T16:48:02Z,3.493
2026-02-20T16:49:22Z,3.5122
2026-02-20T16:53:13Z,3.1065
2026-02-20T16:53:43Z,2.7741
2026-02-20T17:00:38Z,3.9684
2026-02-20T17:07:24Z,3.2616
2026-02-20T17:18:08Z,3.1918
2026-02-20T17:25:23Z,3.3307
2026-02-20T17:33:33Z,3.5808
2026-02-20T17:34:11Z,3.3119
2026-02-20T17:38:58Z,3.7128
2026-02-20T17:41:59Z,3.674
2026-02-20T17:49:34Z,3.7173
2026-02-20T17:51:12Z,4.3864
2026-02-20T17:54:36Z,3.5697
2026-02-20T18:05:16Z,4.7955
2026-02-20T18:18:43Z,4.0229
2026-02-20T18:31:24Z,3.2531
2026-02-20T18:39:00Z,3.8063
2026-02-20T19:02:33Z,2.7934
2026-02-20T19:15:53Z,3.2103
2026-02-20T19:18:50Z,2.9714
2026-02-20T19:25:24Z,2.2238
2026-02-20T19:27:01Z,3.9674
2026-02-20T19:30:19Z,3.2235
2026-02-20T19:38:11Z,3.9191
2026-02-20T20:07:41Z,3.2662
2026-02-20T20:08:27Z,3.0886
2026-02-20T20:11:18Z,3.1564
2026-02-20T20:11:48Z,3.9372
2026-02-20T20:12:43Z,2.6827
2026-02-20T20:20:36Z,3.5569
2026-02-20T20:24:45Z,3.4586
2026-02-20T20:29:56Z,3.1417
2026-02-20T20:30:36Z,2.9963
2026-02-20T20:59:42Z,2.9145
2026-02-20T21:11:44Z,3.6757
2026-02-20T21:46:13Z,3.0216
2026-02-20T22:09:42Z,2.8731
2026-02-20T22:10:13Z,3.595
2026-02-20T22:22:18Z,4.1993
2026-02-20T22:25:14Z,2.4879
2026-02-20T22:29:23Z,3.9672
2026-02-20T22:48:53Z,3.1318
2026-02-20T22:49:04Z,4.2334
2026-02-20T22:57:27Z,2.277
2026-02-20T22:59:56Z,2.001
2026-02-20T23:00:17Z,3.4552
2026-02-20T23:06:10Z,2.9387
2026-02-20T23:08:48Z,2.9912
2026-02-20T23:10:06Z,3.5861
2026-02-20T23:15:09Z,3.3471
2026-02-20T23:20:37Z,3.2496
2026-02-20T23:25:17Z,3.5925
2026-02-20T23:25:57Z,3.3687
2026-02-20T23:29:06Z,2.5155
2026-02-20T23:29:26Z,3.7824
2026-02-20T23:36:58Z,2.4465
2026-02-20T23:48:08Z,4.565
2026-02-21T00:11:48Z,4.2797
2026-02-21T00:17:05Z,3.0797
2026-02-21T00:25:18Z,3.3958
2026-02-21T00:28:52Z,2.8962
2026-02-21T00:33:20Z,3.9937
2026-02-21T00:39:49Z,3.243
2026-02-21T00:57:07Z,2.7152
2026-02-21T01:06:04Z,2.5673
2026-02-21T01:18:29Z,1.9298
2026-02-21T01:19:30Z,3.8443
2026-02-21T01:27:53Z,2.8317
2026-02-21T01:33:16Z,3.2533
2026-02-21T01:36:21Z,2.2866
2026-02-21T01:38:59Z,2.2633
2026-02-21T01:48:24Z,3.3317
2026-02-21T01:54:43Z,3.3556
2026-02-21T02:02:25Z,3.9226
2026-02-21T02:04:05Z,2.9777
2026-02-21T02:06:25Z,4.1887
2026-02-21T02:09:32Z,3.3152
2026-02-21T02:26:45Z,3.0607
2026-02-21T02:41:52Z,2.8568
2026-02-21T03:14:32Z,2.534
2026-02-21T03:21:46Z,4.1219
2026-02-21T03:34:59Z,2.3137
2026-02-21T03:40:00Z,2.899
2026-02-21T03:50:40Z,4.1261
2026-02-21T03:51:09Z,4.0117
2026-02-21T03:52:44Z,2.8996
2026-02-21T03:56:01Z,3.7612
2026-02-21T04:03:56Z,3.165
2026-02-21T04:18:41Z,3.6819
2026-02-21T04:19:14Z,4.2042
2026-02-21T04:37:17Z,2.7714
2026-02-21T04:47:53Z,3.5897
2026-02-21T05:08:21Z,3.9126
2026-02-21T05:17:34Z,4.665
2026-02-21T05:40:45Z,3.4658
2026-02-21T06:00:43Z,4.0855
2026-02-21T06:04:09Z,5.0462
2026-02-21T06:15:58Z,3.1605
2026-02-21T06:18:09Z,2.6524
2026-02-21T06:26:44Z,3.4649
2026-02-21T06:27:42Z,2.8237
2026-02-21T06:42:50Z,3.3269
2026-02-21T06:53:35Z,4.4647
2026-02-21T07:21:19Z,2.9666
2026-02-21T07:25:06Z,3.1326
2026-02-21T07:30:30Z,3.529
2026-02-21T07:32:01Z,2.2407
2026-02-21T07:36:16Z,3.1786
2026-02-21T07:53:32Z,4.0285
2026-02-21T08:00:56Z,2.9672
2026-02-21T08:09:40Z,3.0143
2026-02-21T08:22:16Z,4.4513
2026-02-21T08:24:41Z,2.2596
2026-02-21T08:26:28Z,4.4082
2026-02-21T08:27:08Z,4.0007
2026-02-21T08:46:33Z,2.8318
2026-02-21T09:01:56Z,2.9949
2026-02-21T09:12:43Z,3.303
2026-02-21T09:35:03Z,2.9115
2026-02-21T09:39:23Z,2.6891
2026-02-21T09:51:58Z,3.1296
2026-02-21T09:59:23Z,3.2019
2026-02-21T10:23:04Z,3.3971
2026-02-21T10:23:25Z,4.4239
2026-02-21T10:33:41Z,3.2293
2026-02-21T10:36:35Z,3.0975
2026-02-21T10:40:11Z,4.2866
2026-02-21T10:41:03Z,3.7222
2026-02-21T10:42:41Z,3.6861
2026-02-21T10:46:31Z,3.5604
2026-02-21T10:53:54Z,2.3891
2026-02-21T11:07:59Z,3.0617
2026-02-21T11:13:08Z,3.671
2026-02-21T11:17:04Z,3.2135
2026-02-21T11:27:11Z,1.765
2026-02-21T11:50:27Z,4.1406
2026-02-21T12:04:34Z,3.8566
2026-02-21T12:07:26Z,4.591
2026-02-21T12:07:56Z,3.0778
2026-02-21T12:21:02Z,3.849
2026-02-21T12:29:53Z,2.5854
2026-02-21T12:30:50Z,3.4437
2026-02-21T12:35:32Z,3.738
2026-02-21T12:43:22Z,2.835
2026-02-21T12:44:07Z,1.7624
2026-02-21T12:46:19Z,3.6774
2026-02-21T13:05:48Z,4.5493
2026-02-21T13:06:46Z,2.847
2026-02-21T13:10:43Z,3.6289
2026-02-21T13:14:37Z,3.8867
2026-02-21T13:24:03Z,2.1643
2026-02-21T13:31:27Z,2.9218
2026-02-21T13:50:42Z,3.7646
2026-02-21T13:58:29Z,3.7026
2026-02-21T14:00:43Z,3.3971
2026-02-21T14:18:40Z,4.1066
2026-02-21T14:21:44Z,3.5615
2026-02-21T14:48:02Z,3.5476
2026-02-21T14:51:25Z,3.5782
2026-02-21T14:52:06Z,3.3584
2026-02-21T15:10:04Z,3.746
2026-02-21T15:11:44Z,3.7001
2026-02-21T15:19:52Z,3.1253
2026-02-21T15:24:02Z,3.0111
2026-02-21T15:33:12Z,3.7289
2026-02-21T15:35:53Z,3.4642
2026-02-21T15:41:59Z,3.5933
2026-02-21T15:43:08Z,3.654
2026-02-21T15:45:13Z,3.2192
2026-02-21T15:45:43Z,4.3331
2026-02-21T15:51:14Z,3.3317
2026-02-21T16:04:25Z,2.5498
2026-02-21T16:20:58Z,2.2796
2026-02-21T16:21:16Z,2.3193
2026-02-21T16:26:46Z,2.4775
2026-02-21T16:29:37Z,3.3535
2026-02-21T16:29:45Z,2.9464
2026-02-21T16:32:39Z,4.2727
2026-02-21T16:32:54Z,3.6935
2026-02-21T16:40:58Z,2.904
2026-02-21T16:47:16Z,3.6493
2026-02-21T16:53:06Z,3.5209
2026-02-21T16:54:52Z,3.57
2026-02-21T17:01:09Z,3.2095
2026-02-21T17:36:31Z,3.3861
2026-02-21T17:38:21Z,3.2581
2026-02-21T17:44:33Z,3.221
2026-02-21T17:54:53Z,3.1066
2026-02-21T17:57:01Z,2.8407
2026-02-21T18:52:09Z,3.6875
2026-02-21T18:56:44Z,4.063
2026-02-21T19:08:56Z,3.4255
2026-02-21T19:41:55Z,3.8429
2026-02-21T19:42:35Z,3.7988
2026-02-21T19:44:43Z,3.7286
2026-02-21T19:44:58Z,2.6766
2026-02-21T19:56:34Z,3.5861
2026-02-21T20:24:04Z,3.381
2026-02-21T20:25:07Z,2.4316
2026-02-21T20:30:43Z,3.415
2026-02-21T20:55:10Z,2.6044
2026-02-21T20:57:44Z,4.1858
2026-02-21T21:02:03Z,3.8508
2026-02-21T21:22:52Z,3.2243
2026-02-21T21:25:50Z,2.8056
2026-02-21T21:53:11Z,4.1327
2026-02-21T22:34:06Z,3.3803
2026-02-21T22:38:44Z,3.3192
2026-02-21T22:43:09Z,1.7556
2026-02-21T22:45:20Z,2.4838
2026-02-21T23:26:33Z,3.3406
2026-02-21T23:31:22Z,3.2856
2026-02-21T23:46:17Z,2.7735
2026-02-21T23:46:41Z,2.6031
2026-02-21T23:46:51Z,4.2683
2026-02-21T23:50:54Z,2.6364
2026-02-22T00:07:52Z,3.6019
2026-02-22T00:11:59Z,2.4511
2026-02-22T00:20:00Z,3.7754
2026-02-22T00:24:48Z,4.0664
2026-02-22T00:30:49Z,2.7113
2026-02-22T00:40:17Z,3.4759
2026-02-22T00:42:32Z,3.5065
2026-02-22T00:48:06Z,1.7244
2026-02-22T00:59:07Z,2.7784
2026-02-22T01:06:26Z,3.8538
2026-02-22T01:10:53Z,3.2089
2026-02-22T01:15:50Z,3.4623
2026-02-22T01:17:30Z,3.7984
2026-02-22T01:37:36Z,3.4562
2026-02-22T01:38:31Z,3.2871
2026-02-22T01:40:06Z,3.5793
2026-02-22T01:45:27Z,2.4686
2026-02-22T01:52:19Z,3.43
2026-02-22T02:13:03Z,3.9227
2026-02-22T02:33:48Z,2.9183
2026-02-22T02:34:32Z,3.612
2026-02-22T02:40:05Z,2.5534
2026-02-22T02:47:43Z,3.1077
2026-02-22T03:01:55Z,3.817
2026-02-22T03:02:55Z,1.8759
2026-02-22T03:38:47Z,3.4215
2026-02-22T03:39:15Z,3.1283
2026-02-22T04:00:28Z,3.2055
2026-02-22T04:17:15Z,3.8897
2026-02-22T04:18:10Z,3.9571
2026-02-22T04:28:54Z,3.4389
2026-02-22T04:33:06Z,4.0491
2026-02-22T05:02:55Z,3.4338
2026-02-22T05:43:02Z,3.8715
2026-02-22T05:45:48Z,4.6471
2026-02-22T05:49:33Z,3.682
2026-02-22T06:06:40Z,4.1035
2026-02-22T06:12:51Z,3.1391
2026-02-22T06:20:16Z,3.8955
2026-02-22T06:36:28Z,3.2863
2026-02-22T06:52:19Z,3.9574
2026-02-22T07:08:46Z,2.8697
2026-02-22T07:28:07Z,3.0065
2026-02-22T08:04:35Z,3.6507
2026-02-22T08:06:42Z,3.0057
2026-02-22T08:10:19Z,4.0747
2026-02-22T08:10:55Z,2.804
2026-02-22T08:28:48Z,2.4504
2026-02-22T08:53:51Z,3.2248
2026-02-22T08:54:48Z,2.9891
2026-02-22T09:01:53Z,2.7478
2026-02-22T09:28:11Z,3.4362
2026-02-22T09:37:17Z,3.6403
2026-02-22T09:47:38Z,4.2471
2026-02-22T09:49:47Z,3.0147
2026-02-22T09:50:11Z,2.9833
2026-02-22T09:54:03Z,3.7408
2026-02-22T10:07:55Z,3.0022
2026-02-22T10:13:09Z,2.4688
2026-02-22T10:14:10Z,1.3542
2026-02-22T10:19:40Z,4.246
2026-02-22T10:23:38Z,3.0867
2026-02-22T10:31:18Z,4.813
2026-02-22T10:35:52Z,2.3887
2026-02-22T10:48:45Z,3.7058
2026-02-22T10:58:33Z,3.5102
2026-02-22T11:04:37Z,3.3517
2026-02-22T11:12:39Z,2.7151
2026-02-22T11:13:03Z,2.752
2026-02-22T11:23:46Z,3.3774
2026-02-22T11:49:48Z,3.367
2026-02-22T11:55:10Z,4.044
2026-02-22T11:56:41Z,3.961
2026-02-22T12:02:29Z,3.3138
2026-02-22T12:28:52Z,2.7658
2026-02-22T12:50:19Z,3.3175
2026-02-22T12:57:14Z,3.5334
2026-02-22T13:02:43Z,2.0771
2026-02-22T13:13:29Z,2.3112
2026-02-22T13:25:42Z,3.5054
2026-02-22T13:44:16Z,2.9274
2026-02-22T13:48:16Z,2.7447
2026-02-22T14:13:52Z,2.7214
2026-02-22T14:35:25Z,2.6821
2026-02-22T15:01:22Z,3.4039
2026-02-22T15:01:40Z,2.7783
2026-02-22T15:17:10Z,3.7464
2026-02-22T15:20:04Z,3.5493
2026-02-22T15:22:32Z,3.9244
2026-02-22T15:25:38Z,2.7714
2026-02-22T15:30:46Z,3.1359
2026-02-22T15:33:03Z,3.8054
2026-02-22T16:16:16Z,2.9321
2026-02-22T16:19:03Z,4.8869
2026-02-22T16:26:02Z,3.2776
2026-02-22T16:39:07Z,3.8964
2026-02-22T17:04:06Z,2.4854
2026-02-22T17:29:21Z,2.5625
2026-02-22T17:33:28Z,2.6676
2026-02-22T17:33:46Z,2.9256
2026-02-22T17:40:06Z,4.1662
2026-02-22T18:05:54Z,3.8631
2026-02-22T18:09:47Z,2.6794
2026-02-22T18:27:14Z,3.1475
2026-02-22T18:29:42Z,2.857
2026-02-22T18:44:55Z,4.0679
2026-02-22T18:45:10Z,2.8116
2026-02-22T18:49:18Z,4.3162
2026-02-22T18:54:07Z,3.0895
2026-02-22T19:03:41Z,3.2861
2026-02-22T19:08:25Z,3.498
2026-02-22T19:10:33Z,4.077
2026-02-22T19:14:21Z,3.5182
2026-02-22T19:25:43Z,3.4857
2026-02-22T19:34:46Z,2.6805
2026-02-22T19:37:00Z,2.3982
2026-02-22T19:39:09Z,2.8946
2026-02-22T19:40:32Z,2.405
2026-02-22T20:19:48Z,3.6624
2026-02-22T20:22:13Z,3.5267
2026-02-22T20:36:04Z,3.2186
2026-02-22T20:41:11Z,3.7553
2026-02-22T20:48:48Z,2.88
2026-02-22T20:52:49Z,3.859
2026-02-22T21:17:30Z,3.1266
2026-02-22T21:19:07Z,2.6585
2026-02-22T21:22:32Z,4.0458
2026-02-22T21:23:40Z,2.9928
2026-02-22T21:34:09Z,3.3906
2026-02-22T21:36:45Z,2.7789
2026-02-22T21:39:56Z,2.825
2026-02-22T21:42:08Z,3.5171
2026-02-22T21:42:50Z,4.2172
2026-02-22T21:43:32Z,3.972
2026-02-22T21:51:07Z,4.0818
2026-02-22T21:58:29Z,2.2704
2026-02-22T22:02:37Z,4.0519
2026-02-22T22:02:56Z,3.1097
2026-02-22T22:10:35Z,2.9454
2026-02-22T22:18:10Z,3.2422
2026-02-22T22:21:40Z,3.6446
2026-02-22T22:35:03Z,3.4697
2026-02-22T22:47:34Z,4.5704
2026-02-22T22:48:10Z,3.0904
2026-02-22T23:12:21Z,3.2117
2026-02-22T23:23:10Z,3.33
2026-02-22T23:36:19Z,3.9599
2026-02-22T23:54:32Z,3.265
2026-02-23T00:07:42Z,3.3263
2026-02-23T00:08:03Z,4.1566
2026-02-23T00:14:34Z,3.3253
2026-02-23T00:17:51Z,3.5077
2026-02-23T00:23:16Z,3.3562
2026-02-23T00:34:06Z,2.19
2026-02-23T00:37:40Z,2.4215
2026-02-23T01:00:33Z,3.3516
2026-02-23T01:08:21Z,3.443
2026-02-23T01:17:21Z,2.8483
2026-02-23T01:40:05Z,3.3202
2026-02-23T01:43:40Z,2.9022
2026-02-23T01:46:33Z,3.252
2026-02-23T02:04:40Z,2.4568
2026-02-23T02:05:38Z,3.8282
2026-02-23T02:07:40Z,2.7513
2026-02-23T02:10:13Z,2.8662
2026-02-23T02:13:50Z,3.09
2026-02-23T02:44:16Z,3.5679
2026-02-23T02:45:55Z,2.4799
2026-02-23T02:55:26Z,3.2763
2026-02-23T03:02:13Z,3.0918
2026-02-23T03:16:16Z,4.277
2026-02-23T03:16:38Z,2.9118
2026-02-23T03:17:49Z,2.5269
2026-02-23T03:18:55Z,2.9544
2026-02-23T03:49:00Z,3.5727
2026-02-23T03:58:26Z,2.828
2026-02-23T03:59:00Z,3.2927
2026-02-23T04:00:22Z,2.9212
2026-02-23T04:09:22Z,3.3116
2026-02-23T04:30:40Z,3.9638
2026-02-23T04:32:31Z,3.1813
2026-02-23T04:32:55Z,3.7119
2026-02-23T04:42:58Z,2.9397
2026-02-23T05:13:47Z,2.8655
2026-02-23T05:36:49Z,3.8873
2026-02-23T05:54:49Z,3.1076
2026-02-23T06:03:39Z,3.0204
2026-02-23T06:04:01Z,3.6119
2026-02-23T06:22:18Z,3.6354
2026-02-23T06:22:44Z,2.4533
2026-02-23T06:38:50Z,3.5406
2026-02-23T06:59:49Z,3.1193
2026-02-23T07:09:04Z,3.1435
2026-02-23T07:21:49Z,3.6133
2026-02-23T07:25:10Z,3.7898
2026-02-23T07:25:50Z,3.2079
2026-02-23T07:33:32Z,3.558
2026-02-23T07:40:47Z,2.9162
2026-02-23T07:56:00Z,4.0156
2026-02-23T07:59:58Z,2.6745
2026-02-23T08:21:40Z,3.1961
2026-02-23T08:26:59Z,2.9111
2026-02-23T08:34:07Z,3.3853
2026-02-23T08:39:47Z,3.3144
2026-02-23T08:49:55Z,4.7605
2026-02-23T08:53:04Z,3.5619
2026-02-23T08:56:44Z,4.4383
2026-02-23T09:24:09Z,4.5252
2026-02-23T09:30:15Z,2.9585
2026-02-23T09:39:06Z,3.72
2026-02-23T09:46:12Z,2.9339
2026-02-23T10:09:40Z,3.478
2026-02-23T10:13:12Z,3.9059
2026-02-23T10:15:11Z,3.1154
2026-02-23T10:18:25Z,2.836
2026-02-23T10:45:54Z,2.5695
2026-02-23T10:54:42Z,3.2062
2026-02-23T10:56:58Z,2.9231
2026-02-23T11:15:31Z,2.8925
2026-02-23T11:16:18Z,3.0469
2026-02-23T11:23:39Z,2.0968
2026-02-23T11:35:39Z,3.2466
2026-02-23T11:39:14Z,2.3819
2026-02-23T11:40:52Z,3.2474
2026-02-23T11:55:06Z,3.4126
2026-02-23T12:03:17Z,3.6492
2026-02-23T12:05:13Z,2.5765
2026-02-23T12:26:16Z,3.0952
2026-02-23T12:31:38Z,2.7877
2026-02-23T12:39:29Z,3.7525
2026-02-23T12:55:31Z,3.045
2026-02-23T13:38:31Z,4.3547
2026-02-23T14:14:34Z,3.9738
2026-02-23T14:21:54Z,4.175
2026-02-23T14:38:58Z,2.1054
2026-02-23T14:39:29Z,3.0867
2026-02-23T14:44:10Z,2.8954
2026-02-23T14:56:37Z,3.1833
2026-02-23T14:57:39Z,4.2226
2026-02-23T15:02:07Z,3.6953
2026-02-23T15:08:57Z,3.8132
2026-02-23T15:21:18Z,1.6302
2026-02-23T15:32:57Z,4.0038
2026-02-23T15:59:59Z,2.8814
2026-02-23T16:14:11Z,2.455
2026-02-23T16:32:09Z,2.245
2026-02-23T16:36:57Z,2.343
2026-02-23T16:45:43Z,3.8858
2026-02-23T16:51:09Z,3.829
2026-02-23T16:54:12Z,3.0893
2026-02-23T17:00:10Z,4.1734
2026-02-23T17:02:48Z,3.0885
2026-02-23T18:13:03Z,3.225
2026-02-23T18:22:53Z,3.658
2026-02-23T18:30:13Z,3.3699
2026-02-23T18:44:49Z,3.3721
2026-02-23T19:00:11Z,3.2647
2026-02-23T19:26:43Z,4.011
2026-02-23T19:38:09Z,3.2441
2026-02-23T19:38:46Z,2.8893
2026-02-23T19:48:52Z,2.9162
2026-02-23T19:50:06Z,3.8804
2026-02-23T19:54:26Z,3.6576
2026-02-23T20:15:39Z,4.0716
2026-02-23T20:19:44Z,2.7426
2026-02-23T20:24:15Z,2.4438
2026-02-23T20:34:43Z,2.7132
2026-02-23T20:35:41Z,2.8947
2026-02-23T20:45:31Z,2.5848
2026-02-23T20:47:52Z,3.6068
2026-02-23T21:03:02Z,4.1429
2026-02-23T21:03:47Z,3.7343
2026-02-23T21:04:03Z,3.0405
2026-02-23T21:10:09Z,2.8894
2026-02-23T21:12:13Z,1.9975
2026-02-23T21:25:32Z,2.0409
2026-02-23T21:25:40Z,3.1661
2026-02-23T21:35:06Z,4.1958
2026-02-23T21:44:23Z,3.8435
2026-02-23T21:47:56Z,3.2804
2026-02-23T21:57:33Z,4.0525
2026-02-23T21:59:55Z,2.9352
2026-02-23T22:19:43Z,3.1621
2026-02-23T22:45:42Z,3.799
2026-02-23T22:46:20Z,2.4247
2026-02-23T22:58:38Z,3.5349
2026-02-23T23:17:00Z,3.3332
2026-02-23T23:23:37Z,5.2359
2026-02-23T23:24:19Z,2.9575
2026-02-23T23:36:00Z,3.2199
2026-02-23T23:39:48Z,3.8231
2026-02-23T23:49:31Z,2.8346
2026-02-23T23:52:31Z,2.5531
2026-02-23T23:57:11Z,3.8577
2026-02-24T00:26:42Z,2.1859
2026-02-24T00:28:18Z,2.8002
2026-02-24T00:30:58Z,3.7894
2026-02-24T00:42:05Z,3.2509
2026-02-24T00:47:02Z,4.6125
2026-02-24T00:52:25Z,3.523
2026-02-24T01:07:47Z,2.923
2026-02-24T01:33:50Z,3.7889
2026-02-24T01:34:54Z,3.1185
2026-02-24T01:37:02Z,3.3024
2026-02-24T01:48:35Z,3.3242
2026-02-24T02:08:17Z,2.6597
2026-02-24T02:16:22Z,4.0063
2026-02-24T02:20:56Z,2.3519
2026-02-24T02:35:16Z,3.0832
2026-02-24T03:03:57Z,3.6452
2026-02-24T03:10:16Z,2.9393
2026-02-24T03:12:39Z,3.5276
2026-02-24T03:25:49Z,2.0374
2026-02-24T03:29:16Z,3.1068
2026-02-24T03:47:06Z,2.7012
2026-02-24T03:58:53Z,3.4914
2026-02-24T04:07:53Z,1.9028
2026-02-24T04:19:23Z,2.8435
2026-02-24T04:22:23Z,3.7048
2026-02-24T04:56:03Z,2.4823
2026-02-24T05:02:33Z,3.0124
2026-02-24T05:06:40Z,2.8805
2026-02-24T05:07:12Z,4.7169
2026-02-24T05:08:28Z,3.8393
2026-02-24T05:10:30Z,3.016
2026-02-24T05:13:19Z,3.0586
2026-02-24T05:14:54Z,3.4293
2026-02-24T05:16:17Z,2.5415
2026-02-24T05:18:10Z,3.7589
2026-02-24T05:32:27Z,3.0298
2026-02-24T06:04:27Z,3.2753
2026-02-24T06:04:49Z,3.0201
2026-02-24T06:26:37Z,3.4452
2026-02-24T06:35:14Z,2.2263
2026-02-24T06:36:00Z,4.0878
2026-02-24T06:50:01Z,4.4008
2026-02-24T06:50:10Z,2.5473
2026-02-24T06:52:56Z,1.5134
2026-02-24T06:54:54Z,3.1921
2026-02-24T07:00:22Z,1.9281
2026-02-24T07:35:23Z,3.5782
2026-02-24T07:37:11Z,3.1938
2026-02-24T07:39:32Z,1.9112
2026-02-24T07:50:15Z,2.72
2026-02-24T07:50:34Z,3.0836
2026-02-24T07:50:35Z,4.0383
2026-02-24T08:00:08Z,3.2019
2026-02-24T08:17:51Z,3.502
2026-02-24T08:20:18Z,4.4279
2026-02-24T08:26:55Z,3.106
2026-02-24T08:32:15Z,3.9808
2026-02-24T08:40:43Z,3.8195
2026-02-24T08:43:25Z,3.9983
2026-02-24T08:59:23Z,2.9565
2026-02-24T09:39:34Z,3.9019
2026-02-24T09:55:16Z,3.8082
2026-02-24T09:58:33Z,2.6637
2026-02-24T10:10:37Z,3.2526
2026-02-24T10:13:03Z,3.3338
2026-02-24T10:24:07Z,3.2223
2026-02-24T10:30:14Z,2.8289
2026-02-24T11:09:20Z,2.3713
2026-02-24T11:42:51Z,3.1159
2026-02-24T11:49:13Z,2.5127
2026-02-24T12:00:06Z,3.2318
2026-02-24T12:12:37Z,1.8521
2026-02-24T12:15:39Z,4.1617
2026-02-24T12:16:41Z,4.1713
2026-02-24T12:30:10Z,3.1606
2026-02-24T12:33:27Z,3.2511
2026-02-24T12:36:00Z,3.1983
2026-02-24T12:53:05Z,3.3888
2026-02-24T13:05:09Z,3.8939
2026-02-24T13:08:58Z,2.7249
2026-02-24T13:22:03Z,3.2575
2026-02-24T13:22:34Z,3.2095
2026-02-24T13:25:55Z,3.6455
2026-02-24T13:42:00Z,2.4364
2026-02-24T13:49:00Z,2.068
2026-02-24T13:56:54Z,3.3592
2026-02-24T14:01:33Z,3.6768
2026-02-24T14:23:09Z,3.0755
2026-02-24T14:26:04Z,3.6829
2026-02-24T14:34:43Z,3.5319
2026-02-24T14:56:44Z,3.1872
2026-02-24T15:06:00Z,4.5106
2026-02-24T15:19:58Z,4.026
2026-02-24T15:38:42Z,3.1351
2026-02-24T15:40:35Z,4.1481
2026-02-24T15:45:19Z,3.2619
2026-02-24T15:46:51Z,4.0185
2026-02-24T15:48:23Z,3.8356
2026-02-24T15:56:29Z,1.8279
2026-02-24T16:01:50Z,3.3175
2026-02-24T16:07:35Z,3.5289
2026-02-24T16:22:57Z,3.631
2026-02-24T16:25:11Z,2.6279
2026-02-24T16:28:58Z,2.92
2026-02-24T16:47:29Z,3.2565
2026-02-24T16:52:49Z,2.896
2026-02-24T16:57:12Z,4.2826
2026-02-24T17:13:38Z,2.2518
2026-02-24T17:13:49Z,2.9524
2026-02-24T17:31:06Z,2.059
2026-02-24T17:46:46Z,3.2761
2026-02-24T18:06:07Z,3.0306
2026-02-24T18:06:23Z,2.8904
2026-02-24T18:06:40Z,3.5491
2026-02-24T18:36:06Z,3.2917
2026-02-24T18:41:17Z,2.794
2026-02-24T18:47:47Z,3.8778
2026-02-24T18:57:05Z,3.9999
2026-02-24T19:13:15Z,3.0545
2026-02-24T19:23:35Z,3.7755
2026-02-24T19:25:45Z,2.3973
2026-02-24T19:46:12Z,3.1103
2026-02-24T19:52:03Z,2.8945
2026-02-24T19:55:17Z,3.1033
2026-02-24T19:56:20Z,3.8944
2026-02-24T20:07:41Z,3.9532
2026-02-24T20:10:22Z,4.6851
2026-02-24T20:10:47Z,3.2895
2026-02-24T20:10:57Z,3.6508
2026-02-24T20:33:37Z,3.0936
2026-02-24T20:56:17Z,4.4237
2026-02-24T21:14:09Z,3.0484
2026-02-24T21:17:25Z,2.9975
2026-02-24T21:18:06Z,2.5608
2026-02-24T21:21:07Z,4.7456
2026-02-24T21:32:44Z,3.1281
2026-02-24T21:46:42Z,2.9114
2026-02-24T22:08:29Z,3.7933
2026-02-24T22:17:33Z,2.6131
2026-02-24T22:17:59Z,2.8822
2026-02-24T22:33:04Z,2.8009
2026-02-24T22:44:16Z,3.0648
2026-02-24T22:44:48Z,2.9589
2026-02-24T22:50:53Z,3.9676
2026-02-24T22:53:31Z,3.428
2026-02-24T22:58:57Z,3.2705
2026-02-24T23:03:49Z,3.5228
2026-02-24T23:05:05Z,3.8686
2026-02-24T23:18:48Z,2.928
2026-02-24T23:19:30Z,3.3442
2026-02-24T23:23:23Z,3.0274
2026-02-24T23:36:51Z,2.3525
2026-02-25T00:04:14Z,2.7871
2026-02-25T00:14:11Z,3.245
2026-02-25T00:29:34Z,3.312
2026-02-25T00:59:31Z,3.2782
2026-02-25T01:00:32Z,2.6036
2026-02-25T01:11:31Z,3.7932
2026-02-25T01:13:43Z,4.1028
2026-02-25T01:22:57Z,2.67
2026-02-25T01:28:14Z,3.6697
2026-02-25T01:28:52Z,3.7758
2026-02-25T01:34:31Z,2.906
2026-02-25T01:38:21Z,4.1156
2026-02-25T02:04:01Z,3.2778
2026-02-25T02:11:31Z,2.5003
2026-02-25T02:16:06Z,3.3201
2026-02-25T02:31:23Z,3.9533
2026-02-25T02:37:30Z,3.107
2026-02-25T02:42:11Z,4.472
2026-02-25T02:46:34Z,3.4184
2026-02-25T02:48:30Z,2.744
2026-02-25T03:05:01Z,4.2703
2026-02-25T03:06:36Z,2.4746
2026-02-25T03:17:55Z,3.9987
2026-02-25T03:32:14Z,3.6508
2026-02-25T03:43:51Z,3.0979
2026-02-25T03:54:38Z,2.8858
2026-02-25T04:17:49Z,0.8942
2026-02-25T04:54:55Z,3.1293
2026-02-25T04:56:30Z,3.9029
2026-02-25T05:23:11Z,3.1565
2026-02-25T05:44:22Z,3.739
2026-02-25T05:58:20Z,3.6958
2026-02-25T06:36:52Z,3.3042
2026-02-25T06:48:39Z,3.2789
2026-02-25T06:52:35Z,3.4035
2026-02-25T07:16:57Z,3.5142
2026-02-25T07:29:41Z,3.3372
2026-02-25T07:40:02Z,3.728
2026-02-25T07:45:46Z,3.4239
2026-02-25T07:54:35Z,3.5483
2026-02-25T07:57:16Z,3.1267
2026-02-25T08:17:49Z,3.5296
2026-02-25T08:42:08Z,3.9695
2026-02-25T08:43:25Z,3.0102
2026-02-25T08:48:54Z,2.2708
2026-02-25T08:55:59Z,2.8951
2026-02-25T09:07:41Z,2.6609
2026-02-25T09:23:43Z,3.4798
2026-02-25T09:25:47Z,4.4807
2026-02-25T09:39:40Z,2.708
2026-02-25T09:49:56Z,2.673
2026-02-25T09:53:19Z,3.7893
2026-02-25T09:57:04Z,2.998
2026-02-25T09:58:58Z,3.0802
2026-02-25T10:00:59Z,2.5424
2026-02-25T10:10:27Z,3.4412
2026-02-25T10:15:46Z,3.4707
2026-02-25T10:21:04Z,4.5404
2026-02-25T10:23:20Z,3.3695
2026-02-25T10:28:07Z,3.8261
2026-02-25T10:31:38Z,3.7959
2026-02-25T11:09:32Z,2.8104
2026-02-25T11:10:50Z,4.4515
2026-02-25T11:16:56Z,3.0906
2026-02-25T11:29:15Z,2.2953
2026-02-25T11:30:43Z,4.4753
2026-02-25T11:40:25Z,2.7679
2026-02-25T11:44:00Z,3.2471
2026-02-25T11:44:22Z,2.4557
2026-02-25T12:04:36Z,2.7071
2026-02-25T12:13:17Z,3.7536
2026-02-25T12:15:47Z,4.2119
2026-02-25T12:19:30Z,1.903
2026-02-25T12:33:37Z,3.6465
2026-02-25T12:42:39Z,3.5798
2026-02-25T12:48:32Z,4.5203
2026-02-25T12:55:00Z,2.9735
2026-02-25T13:05:51Z,3.0654
2026-02-25T13:09:28Z,3.1946
2026-02-25T13:10:25Z,3.4677
2026-02-25T13:11:44Z,3.3732
2026-02-25T13:13:19Z,2.821
2026-02-25T13:14:04Z,2.7201
2026-02-25T13:30:52Z,2.9378
2026-02-25T13:50:02Z,2.8481
2026-02-25T13:55:10Z,2.7303
2026-02-25T13:58:23Z,2.3085
2026-02-25T13:59:55Z,2.8536
2026-02-25T14:25:18Z,2.1797
2026-02-25T14:37:55Z,3.92
2026-02-25T15:06:08Z,3.5941
2026-02-25T15:07:07Z,3.0539
2026-02-25T15:22:05Z,2.9231
2026-02-25T15:24:08Z,2.4915
2026-02-25T15:28:21Z,3.2788
2026-02-25T15:29:30Z,3.9179
2026-02-25T15:30:27Z,4.5774
2026-02-25T15:31:12Z,3.29
2026-02-25T15:38:29Z,3.4753
2026-02-25T15:54:40Z,2.3116
2026-02-25T16:00:40Z,3.8719
2026-02-25T16:03:44Z,3.0304
2026-02-25T16:07:01Z,3.3004
2026-02-25T16:11:04Z,2.8221
2026-02-25T16:27:12Z,2.7062
2026-02-25T16:35:25Z,2.1978
2026-02-25T16:51:55Z,2.5712
2026-02-25T17:01:50Z,2.9598
2026-02-25T17:08:08Z,2.7718
2026-02-25T17:11:15Z,2.8724
2026-02-25T17:11:58Z,1.9571
2026-02-25T17:17:43Z,2.6249
2026-02-25T17:22:25Z,3.356
2026-02-25T18:07:32Z,3.2725
2026-02-25T18:15:21Z,2.0923
2026-02-25T18:23:43Z,4.4326
2026-02-25T18:30:33Z,3.2231
2026-02-25T18:36:15Z,4.1409
2026-02-25T18:36:18Z,3.1523
2026-02-25T18:40:58Z,4.0552
2026-02-25T18:43:32Z,3.3589
2026-02-25T18:52:11Z,2.8253
2026-02-25T18:55:34Z,3.7556
2026-02-25T18:59:44Z,2.8649
2026-02-25T19:01:37Z,3.5997
2026-02-25T19:02:54Z,2.8601
2026-02-25T19:08:36Z,3.3527
2026-02-25T19:31:44Z,2.4635
2026-02-25T19:42:13Z,2.9477
2026-02-25T19:45:54Z,2.4769
2026-02-25T19:47:39Z,3.4106
2026-02-25T20:02:03Z,3.77
2026-02-25T20:04:43Z,3.365
2026-02-25T20:06:05Z,3.3816
2026-02-25T20:08:53Z,3.0325
2026-02-25T20:12:53Z,3.5781
2026-02-25T20:16:09Z,3.0338
2026-02-25T20:16:28Z,2.6838
2026-02-25T20:30:22Z,2.6887
2026-02-25T20:37:36Z,4.0232
2026-02-25T20:41:23Z,2.5418
2026-02-25T20:52:36Z,3.608
2026-02-25T20:53:30Z,4.7062
2026-02-25T20:55:36Z,4.513
2026-02-25T21:07:07Z,3.9972
2026-02-25T21:12:53Z,3.2382
2026-02-25T21:43:54Z,3.7898
2026-02-25T22:08:14Z,3.5906
2026-02-25T22:10:57Z,3.8771
2026-02-25T22:27:07Z,3.6171
2026-02-25T22:27:33Z,3.9402
2026-02-25T22:40:51Z,3.577
2026-02-25T22:43:25Z,1.0215
2026-02-25T22:46:06Z,3.8605
2026-02-25T22:49:47Z,3.6584
2026-02-25T22:53:36Z,3.6083
2026-02-25T23:12:31Z,3.745
2026-02-25T23:34:37Z,2.9848
2026-02-25T23:37:53Z,3.9085
2026-02-25T23:45:30Z,3.1793
2026-02-25T23:53:40Z,3.5381
2026-02-26T00:10:35Z,3.4842
2026-02-26T00:25:46Z,4.249
2026-02-26T00:34:16Z,3.4638
2026-02-26T00:36:58Z,3.2077
2026-02-26T00:39:52Z,4.5146
2026-02-26T00:49:06Z,4.3245
2026-02-26T00:49:56Z,4.5321
2026-02-26T00:50:42Z,3.9857
2026-02-26T00:53:35Z,2.4083
2026-02-26T01:00:54Z,1.9427
2026-02-26T01:28:57Z,4.4046
2026-02-26T01:31:29Z,2.0601
2026-02-26T01:32:54Z,2.4588
2026-02-26T01:35:34Z,2.8025
2026-02-26T01:35:37Z,5.0654
2026-02-26T01:37:55Z,3.1599
2026-02-26T01:51:27Z,4.166
2026-02-26T01:54:11Z,2.8165
2026-02-26T02:08:39Z,3.1959
2026-02-26T02:12:21Z,3.5438
2026-02-26T02:15:25Z,3.0714
2026-02-26T02:21:28Z,2.8516
2026-02-26T02:29:04Z,2.9287
2026-02-26T02:59:13Z,3.5572
2026-02-26T03:08:21Z,2.9161
2026-02-26T03:14:25Z,2.9011
2026-02-26T03:14:47Z,3.1107
2026-02-26T03:17:31Z,2.2435
2026-02-26T03:29:16Z,3.8387
2026-02-26T03:40:49Z,3.1979
2026-02-26T03:44:38Z,3.8719
2026-02-26T03:52:16Z,3.5579
2026-02-26T03:54:46Z,3.0173
2026-02-26T04:02:58Z,2.5504
2026-02-26T04:06:54Z,3.3265
2026-02-26T04:13:49Z,2.986
2026-02-26T04:16:20Z,4.6898
2026-02-26T04:22:07Z,3.5401
2026-02-26T05:06:28Z,3.4886
2026-02-26T05:17:37Z,3.9964
2026-02-26T05:17:48Z,4.0319
2026-02-26T05:35:15Z,3.0004
2026-02-26T05:40:07Z,3.4385
2026-02-26T05:57:23Z,3.8015
2026-02-26T06:09:56Z,3.3927
2026-02-26T06:14:48Z,3.7369
2026-02-26T06:18:57Z,3.8697
2026-02-26T06:35:42Z,3.1862
2026-02-26T06:58:08Z,2.1507
2026-02-26T07:04:06Z,3.7025
2026-02-26T07:04:20Z,3.3094
2026-02-26T07:31:45Z,3.0451
2026-02-26T07:36:08Z,2.9707
2026-02-26T07:40:02Z,3.2108
2026-02-26T07:43:34Z,3.5042
2026-02-26T07:45:40Z,3.1999
2026-02-26T07:53:31Z,3.2109
2026-02-26T08:03:50Z,3.6176
2026-02-26T08:06:06Z,3.8805
2026-02-26T08:08:28Z,3.5508
2026-02-26T08:12:58Z,4.1101
2026-02-26T08:22:57Z,3.1785
2026-02-26T08:30:44Z,3.579
2026-02-26T08:32:27Z,3.6584
2026-02-26T08:44:57Z,2.2733
2026-02-26T08:53:57Z,3.1853
2026-02-26T09:01:33Z,3.1125
2026-02-26T09:07:22Z,3.4457
2026-02-26T09:08:30Z,3.2741
2026-02-26T09:11:14Z,4.0831
2026-02-26T09:25:55Z,3.8916
2026-02-26T09:38:43Z,3.0284
2026-02-26T09:53:04Z,4.3079
2026-02-26T09:53:07Z,3.2883
2026-02-26T10:01:15Z,3.5655
2026-02-26T10:21:48Z,4.4658
2026-02-26T10:26:02Z,2.4036
2026-02-26T10:41:52Z,3.9762
2026-02-26T10:48:42Z,2.6118
2026-02-26T10:50:06Z,4.4766
2026-02-26T10:59:08Z,2.5853
2026-02-26T11:04:00Z,2.2466
2026-02-26T11:09:12Z,2.7731
2026-02-26T11:18:55Z,3.478
2026-02-26T11:35:31Z,2.9761
2026-02-26T11:45:58Z,3.0991
2026-02-26T11:48:28Z,3.2672
2026-02-26T12:13:51Z,3.6168
2026-02-26T12:18:23Z,2.9715
2026-02-26T12:23:22Z,3.8008
2026-02-26T12:28:27Z,3.1981
2026-02-26T12:35:28Z,3.5733
2026-02-26T12:35:41Z,4.1669
2026-02-26T12:37:33Z,2.7982
2026-02-26T12:45:57Z,3.1413
2026-02-26T12:57:55Z,2.4963
2026-02-26T13:14:23Z,2.9114
2026-02-26T13:14:45Z,3.8723
2026-02-26T13:26:31Z,3.3868
2026-02-26T13:43:50Z,3.8221
2026-02-26T13:50:58Z,4.4592
2026-02-26T14:10:41Z,2.6701
2026-02-26T14:33:05Z,3.9233
2026-02-26T14:38:55Z,2.8933
2026-02-26T14:44:10Z,3.7542
2026-02-26T14:44:26Z,3.7753
2026-02-26T14:45:28Z,2.4699
2026-02-26T14:46:00Z,3.5709
2026-02-26T14:47:53Z,3.628
2026-02-26T14:52:53Z,2.3239
2026-02-26T14:55:44Z,3.1321
2026-02-26T15:02:39Z,3.5494
2026-02-26T15:32:03Z,4.4526
2026-02-26T15:49:54Z,3.3202
2026-02-26T15:51:18Z,3.8349
2026-02-26T15:51:42Z,3.3459
2026-02-26T15:54:04Z,2.6032
2026-02-26T15:57:11Z,2.8876
2026-02-26T15:58:48Z,2.6283
2026-02-26T16:02:44Z,2.468
2026-02-26T16:15:22Z,3.5892
2026-02-26T16:15:54Z,4.2758
2026-02-26T16:27:01Z,3.7051
2026-02-26T16:34:01Z,2.9775
2026-02-26T16:34:27Z,3.5878
2026-02-26T16:35:16Z,2.7821
2026-02-26T16:49:17Z,3.7681
2026-02-26T17:40:30Z,2.0103
2026-02-26T17:40:40Z,3.0195
2026-02-26T18:12:30Z,3.2634
2026-02-26T18:17:59Z,3.5064
2026-02-26T18:18:20Z,2.9137
2026-02-26T18:37:09Z,3.6637
2026-02-26T18:40:12Z,2.5681
2026-02-26T18:40:40Z,3.375
2026-02-26T18:50:46Z,2.883
2026-02-26T18:58:05Z,3.2431
2026-02-26T19:07:57Z,2.95
2026-02-26T19:08:42Z,2.2107
2026-02-26T19:16:28Z,2.6065
2026-02-26T19:26:56Z,4.1991
2026-02-26T19:27:16Z,3.1089
2026-02-26T19:43:50Z,3.3705
2026-02-26T19:50:34Z,2.6239
2026-02-26T19:57:34Z,3.3811
2026-02-26T19:59:18Z,4.5162
2026-02-26T20:12:51Z,2.5142
2026-02-26T20:36:47Z,2.7484
2026-02-26T20:54:53Z,4.5602
2026-02-26T20:56:38Z,3.4289
2026-02-26T20:57:55Z,3.1143
2026-02-26T21:00:21Z,2.8148
2026-02-26T21:01:13Z,3.3672
2026-02-26T21:04:28Z,3.5763
2026-02-26T21:09:13Z,2.4754
2026-02-26T21:09:26Z,4.4546
2026-02-26T21:10:57Z,3.9559
2026-02-26T21:15:56Z,2.8783
2026-02-26T21:29:37Z,2.8813
2026-02-26T21:33:10Z,3.6442
2026-02-26T22:31:20Z,2.907
2026-02-26T22:42:34Z,3.1532
2026-02-26T22:52:33Z,2.1792
2026-02-26T23:09:53Z,2.6338
2026-02-26T23:12:23Z,2.3313
2026-02-26T23:33:05Z,3.1962
2026-02-26T23:43:39Z,2.9343
2026-02-26T23:46:43Z,2.8268
2026-02-27T00:04:54Z,5.0671
2026-02-27T00:07:15Z,5.4381
2026-02-27T00:17:00Z,5.9024
2026-02-27T00:18:09Z,5.2659
2026-02-27T00:28:28Z,6.3833
2026-02-27T00:42:20Z,5.0748
2026-02-27T00:57:46Z,4.8542
2026-02-27T00:59:06Z,5.3081
2026-02-27T01:00:40Z,5.9148
2026-02-27T01:05:46Z,5.4678
2026-02-27T01:06:13Z,4.9971
2026-02-27T01:55:14Z,6.5228
2026-02-27T02:05:05Z,6.1462
2026-02-27T02:12:18Z,5.15
2026-02-27T02:22:24Z,5.5746
2026-02-27T02:23:09Z,5.7389
2026-02-27T02:27:03Z,5.6778
2026-02-27T02:49:08Z,7.0258
2026-02-27T03:05:28Z,5.3819
2026-02-27T03:05:51Z,5.5441
2026-02-27T03:18:32Z,5.3986
2026-02-27T03:19:38Z,5.1956
2026-02-27T03:27:17Z,5.8598
2026-02-27T03:30:20Z,6.6637
2026-02-27T03:34:21Z,5.9146
2026-02-27T03:43:44Z,6.3265
2026-02-27T03:52:23Z,6.4104
2026-02-27T03:54:00Z,4.7843
2026-02-27T04:06:24Z,6.2037
2026-02-27T04:09:20Z,6.0666
2026-02-27T04:18:15Z,7.3176
2026-02-27T04:23:41Z,5.5956
2026-02-27T04:32:33Z,7.2823
2026-02-27T04:35:29Z,5.3405
2026-02-27T04:38:00Z,5.1795
2026-02-27T04:44:50Z,7.0685
2026-02-27T04:46:57Z,6.5245
2026-02-27T04:51:15Z,6.4779
2026-02-27T04:51:42Z,6.0667
2026-02-27T04:53:41Z,5.8259
2026-02-27T05:00:22Z,5.6054
2026-02-27T05:17:52Z,5.9009
2026-02-27T05:33:02Z,6.0356
2026-02-27T05:33:23Z,7.2674
2026-02-27T05:45:48Z,5.9067
2026-02-27T05:47:34Z,4.6754
2026-02-27T06:11:33Z,5.4134
2026-02-27T06:23:36Z,5.9363
2026-02-27T06:32:02Z,5.3379
2026-02-27T07:21:07Z,5.1555
2026-02-27T07:30:43Z,6.5661
2026-02-27T07:36:05Z,5.9795
2026-02-27T07:44:34Z,5.561
2026-02-27T07:45:56Z,6.6332
2026-02-27T07:57:11Z,4.6855
2026-02-27T08:02:38Z,5.7609
2026-02-27T08:10:14Z,6.1738
2026-02-27T08:13:22Z,5.1072
2026-02-27T08:15:02Z,4.912
2026-02-27T08:20:05Z,6.214
2026-02-27T08:29:28Z,6.5208
2026-02-27T08:35:08Z,6.5005
2026-02-27T08:35:56Z,6.4903
2026-02-27T08:40:12Z,6.0781
2026-02-27T08:43:08Z,6.6234
2026-02-27T08:47:02Z,5.6377
2026-02-27T08:57:47Z,5.0744
2026-02-27T09:00:20Z,6.422
2026-02-27T09:00:36Z,6.936
2026-02-27T09:29:48Z,5.5037
2026-02-27T09:45:36Z,5.3499
2026-02-27T09:52:04Z,6.1708
2026-02-27T09:53:51Z,5.5829
2026-02-27T10:11:56Z,5.8269
2026-02-27T10:38:13Z,6.0182
2026-02-27T10:50:53Z,4.8801
2026-02-27T11:04:57Z,5.8311
2026-02-27T11:07:01Z,5.8469
2026-02-27T11:09:06Z,6.019
2026-02-27T11:20:11Z,6.381
2026-02-27T11:42:40Z,5.1184
2026-02-27T11:53:51Z,5.125
2026-02-27T11:54:01Z,5.0544
2026-02-27T12:03:03Z,5.8763
2026-02-27T12:03:29Z,6.4788
2026-02-27T12:13:43Z,6.3603
2026-02-27T12:14:56Z,5.9032
2026-02-27T12:14:59Z,4.6144
2026-02-27T12:23:37Z,5.1814
2026-02-27T12:26:49Z,5.8526
2026-02-27T12:56:00Z,5.9892
2026-02-27T13:00:50Z,5.0306
2026-02-27T13:08:13Z,6.4816
2026-02-27T13:10:47Z,5.45
2026-02-27T13:23:32Z,6.2788
2026-02-27T13:25:44Z,6.1664
2026-02-27T13:49:26Z,6.571
2026-02-27T14:02:52Z,6.0055
2026-02-27T14:10:17Z,5.8472
2026-02-27T14:14:40Z,6.9301
2026-02-27T14:19:12Z,5.9433
2026-02-27T14:20:21Z,5.9187
2026-02-27T14:23:20Z,5.7858
2026-02-27T14:27:04Z,6.6475
2026-02-27T14:28:26Z,6.1042
2026-02-27T14:32:42Z,4.5862
2026-02-27T14:40:32Z,5.1777
2026-02-27T14:48:15Z,6.017
2026-02-27T14:50:13Z,5.7987
2026-02-27T14:51:22Z,6.9868
2026-02-27T15:20:58Z,5.5821
2026-02-27T15:21:47Z,5.6008
2026-02-27T15:25:10Z,4.8742
2026-02-27T15:39:23Z,5.1498
2026-02-27T15:57:39Z,5.0198
2026-02-27T16:08:33Z,5.6279
2026-02-27T16:18:27Z,4.7644
2026-02-27T16:25:04Z,5.4765
2026-02-27T16:35:54Z,5.2596
2026-02-27T16:45:07Z,6.235
2026-02-27T16:54:39Z,4.7399
2026-02-27T17:14:35Z,6.1581
2026-02-27T17:19:05Z,4.9531
2026-02-27T17:29:27Z,5.4673
2026-02-27T17:31:50Z,7.5147
2026-02-27T17:32:30Z,6.3702
2026-02-27T17:45:12Z,5.4402
2026-02-27T18:13:14Z,7.5584
2026-02-27T18:23:43Z,5.4114
2026-02-27T18:27:16Z,5.9745
2026-02-27T18:40:58Z,5.0897
2026-02-27T18:44:06Z,5.5924
2026-02-27T18:52:16Z,5.0789
2026-02-27T18:53:14Z,5.3354
2026-02-27T19:51:01Z,6.0581
2026-02-27T20:03:26Z,5.575
2026-02-27T20:08:13Z,5.2204
2026-02-27T20:09:39Z,5.5551
2026-02-27T20:11:31Z,5.8597
2026-02-27T20:19:20Z,6.5778
2026-02-27T20:23:11Z,5.3069
2026-02-27T20:24:58Z,6.7264
2026-02-27T20:55:14Z,5.6268
2026-02-27T21:02:06Z,5.4867
2026-02-27T21:09:14Z,5.6749
2026-02-27T21:13:45Z,5.3007
2026-02-27T21:15:54Z,5.5336
2026-02-27T21:19:28Z,6.4593
2026-02-27T21:33:55Z,7.1628
2026-02-27T21:39:34Z,6.6896
2026-02-27T21:52:53Z,5.605
2026-02-27T22:28:15Z,5.4382
2026-02-27T22:32:17Z,5.7887
2026-02-27T22:35:00Z,5.3982
2026-02-27T22:35:12Z,6.1043
2026-02-27T22:50:03Z,7.9467
2026-02-27T23:00:27Z,5.1275
2026-02-27T23:01:05Z,7.139
2026-02-27T23:02:03Z,6.1797
2026-02-27T23:09:51Z,5.9694
2026-02-27T23:21:51Z,6.2253
2026-02-27T23:22:30Z,3.9125
2026-02-27T23:29:48Z,6.8858
2026-02-27T23:33:41Z,5.7309
2026-02-27T23:37:11Z,5.9993
2026-02-27T23:42:04Z,5.0886
2026-02-27T23:44:22Z,5.6154
2026-02-27T23:45:26Z,6.2241
2026-02-27T23:50:47Z,6.3161
2026-02-27T23:55:41Z,5.8404
2026-02-28T00:02:03Z,4.7805
2026-02-28T00:05:46Z,5.7047
2026-02-28T00:09:46Z,6.5452
2026-02-28T00:18:25Z,5.7031
2026-02-28T01:03:17Z,4.8427
2026-02-28T01:26:33Z,5.892
2026-02-28T02:09:14Z,5.0994
2026-02-28T02:38:06Z,5.1862
2026-02-28T02:42:28Z,6.5115
2026-02-28T02:58:29Z,5.1802
2026-02-28T03:13:34Z,5.0597
2026-02-28T03:14:48Z,5.5285
2026-02-28T03:14:54Z,5.4312
2026-02-28T03:41:58Z,4.8338
2026-02-28T03:43:29Z,5.776
2026-02-28T03:56:12Z,5.5915
2026-02-28T03:56:22Z,5.8338
2026-02-28T03:58:29Z,6.4515
2026-02-28T04:00:34Z,6.9256
2026-02-28T04:10:48Z,7.0283
2026-02-28T04:18:43Z,4.4129
2026-02-28T04:40:15Z,5.9292
2026-02-28T04:50:25Z,6.2194
2026-02-28T04:50:54Z,6.8093
2026-02-28T04:52:54Z,6.2269
2026-02-28T04:59:48Z,5.4991
2026-02-28T05:02:26Z,5.5122
2026-02-28T05:08:52Z,5.9424
2026-02-28T05:13:32Z,5.0864
2026-02-28T05:14:28Z,6.4195
2026-02-28T05:27:17Z,7.036
2026-02-28T05:56:14Z,5.3148
2026-02-28T06:00:38Z,6.132
2026-02-28T06:31:48Z,6.9394
2026-02-28T06:35:52Z,5.5129
2026-02-28T06:36:01Z,6.2347
2026-02-28T06:45:24Z,5.6195
2026-02-28T07:30:17Z,6.3804
2026-02-28T07:38:34Z,6.0176
2026-02-28T07:40:04Z,5.7673
2026-02-28T07:40:10Z,5.1855
2026-02-28T07:47:00Z,5.8117
2026-02-28T07:49:42Z,6.3442
2026-02-28T07:54:10Z,6.4587
2026-02-28T07:55:02Z,5.1893
2026-02-28T08:01:00Z,5.7022
2026-02-28T08:45:57Z,5.7706
2026-02-28T08:51:13Z,6.667
2026-02-28T09:08:36Z,5.8465
2026-02-28T09:13:53Z,5.5832
2026-02-28T09:15:58Z,7.3427
2026-02-28T09:19:41Z,4.7605
2026-02-28T09:19:56Z,5.0926
2026-02-28T09:32:27Z,5.1166
2026-02-28T10:02:50Z,6.1906
2026-02-28T10:10:45Z,5.8247
2026-02-28T10:28:19Z,6.6552
2026-02-28T10:40:32Z,5.2472
2026-02-28T10:43:21Z,5.5335
2026-02-28T10:52:01Z,5.0587
2026-02-28T10:56:59Z,5.3006
2026-02-28T10:58:00Z,6.0149
2026-02-28T11:04:00Z,6.3095
2026-02-28T11:27:14Z,5.9083
2026-02-28T11:34:32Z,6.4389
2026-02-28T11:36:48Z,5.2078
2026-02-28T11:41:19Z,6.4592
2026-02-28T11:43:31Z,6.2674
2026-02-28T12:01:58Z,5.9846
2026-02-28T12:10:06Z,5.5023
2026-02-28T12:18:30Z,5.7172
2026-02-28T12:48:54Z,6.7134
2026-02-28T12:49:35Z,5.3109
2026-02-28T12:51:17Z,6.0995
2026-02-28T12:55:11Z,5.9503
2026-02-28T13:06:36Z,4.843
2026-02-28T13:07:22Z,6.2317
2026-02-28T13:09:40Z,6.0144
2026-02-28T13:15:25Z,6.7134
2026-02-28T13:36:46Z,6.5433
2026-02-28T13:38:34Z,5.2707
2026-02-28T13:46:04Z,5.6243
2026-02-28T13:55:21Z,5.2125
2026-02-28T14:03:04Z,5.5138
2026-02-28T14:09:14Z,5.6739
2026-02-28T14:54:19Z,5.9009
2026-02-28T15:10:19Z,4.9814
2026-02-28T15:10:28Z,6.7992
2026-02-28T15:49:20Z,5.6162
2026-02-28T15:56:35Z,7.1256
2026-02-28T16:18:46Z,7.287
2026-02-28T16:35:31Z,5.8391
2026-02-28T16:36:36Z,6.1077
2026-02-28T16:45:01Z,4.5969
2026-02-28T17:04:14Z,4.7913
2026-02-28T17:15:52Z,7.2119
2026-02-28T17:17:53Z,5.0964
2026-02-28T17:38:37Z,5.7868
2026-02-28T17:55:02Z,5.263
2026-02-28T18:04:29Z,5.6842
2026-02-28T18:06:02Z,5.546
2026-02-28T18:08:47Z,6.4922
2026-02-28T18:10:27Z,6.9569
2026-02-28T18:17:32Z,5.833
2026-02-28T18:27:04Z,5.1945
2026-02-28T18:40:09Z,6.3855
2026-02-28T18:46:30Z,5.6849
2026-02-28T19:00:27Z,4.7658
2026-02-28T19:01:49Z,5.2551
2026-02-28T19:06:58Z,6.8503
2026-02-28T19:08:52Z,6.2896
2026-02-28T19:10:27Z,7.0073
2026-02-28T19:17:51Z,4.8605
2026-02-28T19:58:04Z,6.1949
2026-02-28T20:04:23Z,4.9106
2026-02-28T20:04:25Z,6.4923
2026-02-28T20:20:57Z,5.5685
2026-02-28T20:21:34Z,5.389
2026-02-28T20:38:12Z,5.9263
2026-02-28T20:40:07Z,6.3764
2026-02-28T20:47:07Z,6.1357
2026-02-28T20:50:49Z,6.213
2026-02-28T20:52:27Z,5.5071
2026-02-28T21:03:17Z,6.0696
2026-02-28T21:12:58Z,6.2197
2026-02-28T21:13:51Z,5.9779
2026-02-28T21:24:00Z,6.0328
2026-02-28T21:24:57Z,5.7502
2026-02-28T21:34:00Z,6.3816
2026-02-28T21:43:32Z,6.0149
2026-02-28T21:47:19Z,6.2428
2026-02-28T21:54:09Z,6.9736
2026-02-28T22:14:35Z,5.5538
2026-02-28T22:53:47Z,5.7069
2026-02-28T22:54:05Z,6.4887
2026-02-28T23:03:36Z,4.9173
2026-02-28T23:16:00Z,5.7863
2026-02-28T23:22:06Z,5.6768
2026-02-28T23:27:23Z,6.2038
2026-02-28T23:31:07Z,6.4457
2026-02-28T23:42:37Z,6.4219
2026-02-28T23:42:53Z,7.0563
2026-02-28T23:56:39Z,5.7915
2026-02-28T23:57:02Z,6.2398
2026-03-01T00:06:59Z,5.2619
2026-03-01T00:12:27Z,6.0901
2026-03-01T00:12:53Z,5.6746
2026-03-01T00:34:50Z,5.8925
2026-03-01T00:53:47Z,6.819
2026-03-01T01:27:16Z,5.518
2026-03-01T01:32:00Z,5.7022
2026-03-01T01:35:55Z,7.0435
2026-03-01T01:43:09Z,5.9656
2026-03-01T01:56:04Z,6.4266
2026-03-01T01:56:48Z,5.7485
2026-03-01T02:12:19Z,6.3084
2026-03-01T02:14:26Z,6.1787
2026-03-01T02:28:32Z,5.7068
2026-03-01T02:29:38Z,7.0455
2026-03-01T02:47:18Z,5.3889
2026-03-01T02:55:54Z,6.4587
2026-03-01T03:06:10Z,5.6626
2026-03-01T03:09:55Z,5.8724
2026-03-01T03:11:00Z,5.7059
2026-03-01T03:12:54Z,5.2321
2026-03-01T03:19:42Z,6.7219
2026-03-01T04:07:16Z,5.6871
2026-03-01T04:21:38Z,5.8548
2026-03-01T04:30:20Z,6.3655
2026-03-01T04:45:47Z,5.641
2026-03-01T05:06:27Z,5.2135
2026-03-01T05:21:12Z,6.3421
2026-03-01T05:25:05Z,4.7501
2026-03-01T05:44:15Z,5.8923
2026-03-01T06:14:29Z,4.8647
2026-03-01T06:27:15Z,5.18
2026-03-01T06:44:25Z,5.7348
2026-03-01T06:48:33Z,5.0316
2026-03-01T06:48:42Z,6.8443
2026-03-01T07:00:28Z,5.069
2026-03-01T07:06:03Z,6.8138
2026-03-01T07:14:31Z,4.6821
2026-03-01T07:22:58Z,5.3264
2026-03-01T07:54:46Z,5.4754
2026-03-01T08:14:50Z,5.3152
2026-03-01T08:19:05Z,4.931
2026-03-01T08:26:07Z,6.1189
2026-03-01T08:45:23Z,5.4816
2026-03-01T09:09:38Z,4.8243
2026-03-01T09:12:07Z,6.4007
2026-03-01T09:35:50Z,5.5262
2026-03-01T09:38:06Z,5.792
2026-03-01T09:48:55Z,6.4362
2026-03-01T09:54:24Z,6.1914
2026-03-01T09:56:45Z,5.6821
2026-03-01T10:02:33Z,4.9247
2026-03-01T10:07:17Z,6.1351
2026-03-01T10:17:37Z,5.86
2026-03-01T10:18:55Z,4.7206
2026-03-01T10:41:01Z,5.9114
2026-03-01T10:48:18Z,4.5674
2026-03-01T11:21:54Z,5.9367
2026-03-01T11:39:50Z,5.8218
2026-03-01T11:45:44Z,4.2077
2026-03-01T11:47:38Z,6.7465
2026-03-01T11:51:21Z,5.495
2026-03-01T12:01:02Z,6.6012
2026-03-01T12:10:19Z,6.6345
2026-03-01T12:20:07Z,5.5917
2026-03-01T12:36:30Z,6.104
2026-03-01T12:57:23Z,6.1783
2026-03-01T12:57:59Z,6.4745
2026-03-01T13:14:04Z,6.1208
2026-03-01T13:14:14Z,5.8478
2026-03-01T13:16:53Z,5.6455
2026-03-01T13:20:55Z,5.579
2026-03-01T13:32:45Z,6.3125
2026-03-01T13:39:15Z,6.1293
2026-03-01T13:39:43Z,6.4536
2026-03-01T13:59:46Z,5.7404
2026-03-01T14:16:32Z,6.7099
2026-03-01T14:19:28Z,5.8133
2026-03-01T14:24:35Z,6.0237
2026-03-01T14:29:13Z,6.6253
2026-03-01T14:37:08Z,5.7482
2026-03-01T14:49:52Z,6.309
2026-03-01T14:51:04Z,5.6538
2026-03-01T14:54:14Z,6.8686
2026-03-01T14:57:04Z,5.4353
2026-03-01T15:08:06Z,7.0482
2026-03-01T15:27:35Z,5.3671
2026-03-01T15:31:30Z,6.1566
2026-03-01T15:34:55Z,5.0058
2026-03-01T16:03:06Z,6.9544
2026-03-01T16:04:35Z,7.5928
2026-03-01T16:07:50Z,4.9048
2026-03-01T16:31:56Z,5.9659
2026-03-01T16:35:32Z,6.0963
2026-03-01T16:44:50Z,5.447
2026-03-01T16:59:58Z,5.6709
2026-03-01T17:19:48Z,5.344
2026-03-01T17:30:22Z,6.3095
2026-03-01T17:43:25Z,6.1
2026-03-01T17:46:08Z,5.5351
2026-03-01T17:54:58Z,6.8744
2026-03-01T18:05:48Z,5.3551
2026-03-01T18:25:18Z,6.919
2026-03-01T18:43:13Z,5.2914
2026-03-01T18:48:55Z,6.0319
2026-03-01T18:57:25Z,6.7064
2026-03-01T19:01:02Z,6.4058
2026-03-01T19:22:55Z,5.3346
2026-03-01T19:23:12Z,5.47
2026-03-01T19:44:35Z,5.2807
2026-03-01T19:45:39Z,6.4512
2026-03-01T19:48:17Z,5.1251
2026-03-01T19:55:27Z,5.7297
2026-03-01T20:01:50Z,6.6263
2026-03-01T20:20:07Z,6.5197
2026-03-01T20:21:47Z,6.5488
2026-03-01T20:30:15Z,5.5286
2026-03-01T20:38:48Z,6.4753
2026-03-01T20:43:09Z,5.4027
2026-03-01T20:49:42Z,6.5969
2026-03-01T21:03:22Z,5.0786
2026-03-01T21:10:09Z,6.3459
2026-03-01T21:41:34Z,5.2954
2026-03-01T21:44:20Z,5.8079
2026-03-01T21:44:25Z,6.9537
2026-03-01T21:47:07Z,5.275
2026-03-01T22:28:19Z,5.5053
2026-03-01T22:39:44Z,5.0686
2026-03-01T22:43:48Z,5.884
2026-03-01T23:05:42Z,4.7547
2026-03-01T23:14:43Z,5.6787
2026-03-01T23:20:03Z,6.728
2026-03-01T23:41:27Z,6.402
2026-03-01T23:49:37Z,5.8871
2026-03-01T23:52:45Z,5.7965
2026-03-01T23:59:24Z,5.3447
2026-03-02T00:07:56Z,6.3352
2026-03-02T00:15:25Z,6.1255
2026-03-02T00:31:38Z,6.1154
2026-03-02T00:51:45Z,4.8803
2026-03-02T00:51:52Z,6.3696
2026-03-02T01:00:26Z,5.7966
2026-03-02T01:06:28Z,6.2964
2026-03-02T01:06:30Z,5.0012
2026-03-02T01:08:00Z,5.2556
2026-03-02T01:18:00Z,6.4509
2026-03-02T01:33:47Z,5.9224
2026-03-02T01:41:43Z,4.5898
2026-03-02T01:42:41Z,6.3455
2026-03-02T01:50:22Z,6.2361
2026-03-02T01:50:44Z,5.4252
2026-03-02T02:00:23Z,6.3199
2026-03-02T02:08:32Z,6.0324
2026-03-02T02:09:43Z,6.6327
2026-03-02T02:10:50Z,6.3885
2026-03-02T02:18:31Z,6.4835
2026-03-02T02:19:35Z,5.6501
2026-03-02T02:21:18Z,6.5737
2026-03-02T02:23:33Z,6.1527
2026-03-02T02:29:47Z,6.1094
2026-03-02T02:29:58Z,5.4858
2026-03-02T03:06:52Z,4.0146
2026-03-02T03:14:44Z,6.4598
2026-03-02T03:21:02Z,6.8658
2026-03-02T03:53:56Z,6.5745
2026-03-02T04:10:19Z,7.8099
2026-03-02T04:15:41Z,6.4176
2026-03-02T04:16:11Z,5.8114
2026-03-02T04:21:40Z,5.9893
2026-03-02T04:26:39Z,6.3563
2026-03-02T04:44:00Z,6.3026
2026-03-02T04:48:38Z,6.9846
2026-03-02T04:49:56Z,6.017
2026-03-02T04:51:09Z,5.3438
2026-03-02T04:56:36Z,5.4451
2026-03-02T05:04:06Z,5.7377
2026-03-02T05:13:18Z,6.0125
2026-03-02T05:27:06Z,5.7989
2026-03-02T05:32:29Z,4.7013
2026-03-02T05:35:01Z,5.9164
2026-03-02T05:40:36Z,5.6368
2026-03-02T05:45:17Z,5.6512
2026-03-02T05:52:52Z,4.7653
2026-03-02T06:03:31Z,6.6357
2026-03-02T06:10:26Z,6.1925
2026-03-02T06:12:05Z,6.2123
2026-03-02T06:12:39Z,6.412
2026-03-02T06:15:57Z,4.7934
2026-03-02T06:16:17Z,6.5585
2026-03-02T06:16:34Z,4.8685
2026-03-02T06:26:41Z,4.9825
2026-03-02T06:33:06Z,5.9978
2026-03-02T06:56:54Z,5.7738
2026-03-02T06:59:42Z,6.6617
2026-03-02T07:11:31Z,6.4977
2026-03-02T07:16:06Z,6.0452
2026-03-02T07:28:13Z,6.3467
2026-03-02T07:46:18Z,5.0137
2026-03-02T07:53:44Z,5.7968
2026-03-02T08:35:43Z,6.6844
2026-03-02T08:38:41Z,6.4296
2026-03-02T08:44:42Z,5.5836
2026-03-02T09:18:29Z,5.6345
2026-03-02T09:24:17Z,5.872
2026-03-02T09:26:50Z,5.6442
2026-03-02T09:43:38Z,7.015
2026-03-02T09:48:16Z,5.9985
2026-03-02T09:56:55Z,5.5305
2026-03-02T10:03:39Z,5.3544
2026-03-02T10:35:39Z,5.0898
2026-03-02T10:39:51Z,5.523
2026-03-02T10:40:11Z,5.9223
2026-03-02T10:47:01Z,4.9567
2026-03-02T10:56:56Z,6.425
2026-03-02T11:24:26Z,6.9957
2026-03-02T11:29:03Z,6.1051
2026-03-02T11:29:57Z,6.6429
2026-03-02T11:31:46Z,5.3504
2026-03-02T11:54:44Z,6.3794
2026-03-02T12:03:01Z,6.134
2026-03-02T12:14:57Z,6.5498
2026-03-02T12:16:45Z,7.0545
2026-03-02T12:23:54Z,5.9477
2026-03-02T12:32:41Z,5.8614
2026-03-02T12:42:19Z,4.5003
2026-03-02T12:59:24Z,5.8947
2026-03-02T13:14:05Z,6.0203
2026-03-02T13:18:41Z,6.3017
2026-03-02T13:37:34Z,6.4913
2026-03-02T13:44:18Z,6.1727
2026-03-02T13:52:35Z,5.7786
2026-03-02T14:03:17Z,5.8553
2026-03-02T14:03:48Z,5.6927
2026-03-02T14:21:48Z,6.7761
2026-03-02T14:22:28Z,6.0513
2026-03-02T14:40:24Z,5.4177
2026-03-02T14:48:05Z,6.1688
2026-03-02T14:52:42Z,6.2596
2026-03-02T14:53:25Z,5.1244
2026-03-02T15:18:31Z,4.9831
2026-03-02T15:22:20Z,6.7534
2026-03-02T15:24:48Z,6.2241
2026-03-02T15:25:33Z,6.9126
2026-03-02T15:42:08Z,5.8476
2026-03-02T15:46:08Z,5.1303
2026-03-02T15:55:38Z,5.3837
2026-03-02T16:05:22Z,5.4833
2026-03-02T16:13:44Z,4.8289
2026-03-02T16:14:06Z,6.4002
2026-03-02T16:30:34Z,5.825
2026-03-02T16:54:42Z,5.3245
2026-03-02T16:58:29Z,6.3043
2026-03-02T17:00:40Z,5.1803
2026-03-02T17:01:48Z,4.9413
2026-03-02T17:05:43Z,4.8485
2026-03-02T17:06:21Z,5.6315
2026-03-02T17:20:00Z,4.128
2026-03-02T17:24:21Z,7.0212
2026-03-02T17:29:19Z,5.6804
2026-03-02T17:31:30Z,6.3479
2026-03-02T17:35:04Z,6.3083
2026-03-02T17:39:48Z,5.3486
2026-03-02T17:40:57Z,6.775
2026-03-02T17:42:11Z,6.4354
2026-03-02T17:48:18Z,5.9125
2026-03-02T18:01:10Z,5.4065
2026-03-02T18:28:44Z,5.3829
2026-03-02T18:31:16Z,6.929
2026-03-02T18:58:29Z,5.0704
2026-03-02T19:14:31Z,6.0857
2026-03-02T19:32:43Z,6.1833
2026-03-02T19:35:15Z,6.1613
2026-03-02T19:49:14Z,7.3872
2026-03-02T20:02:54Z,6.429
2026-03-02T20:04:27Z,5.0615
2026-03-02T20:30:11Z,4.5534
2026-03-02T20:43:58Z,6.8437
2026-03-02T20:50:57Z,5.34
2026-03-02T20:58:13Z,5.1783
2026-03-02T21:03:41Z,5.666
2026-03-02T21:31:59Z,6.7652
2026-03-02T21:40:25Z,6.2194
2026-03-02T21:46:36Z,5.1741
2026-03-02T21:50:50Z,5.7133
2026-03-02T21:51:34Z,7.0527
2026-03-02T21:53:43Z,5.299
2026-03-02T22:09:48Z,5.0458
2026-03-02T22:18:24Z,6.2965
2026-03-02T22:46:18Z,3.9624
2026-03-02T23:18:24Z,7.4341
2026-03-02T23:22:37Z,6.697
2026-03-02T23:32:17Z,6.7246
2026-03-02T23:40:08Z,5.6352
2026-03-02T23:54:45Z,6.1363
2026-03-03T00:02:38Z,5.3558
2026-03-03T00:04:29Z,6.309
2026-03-03T00:06:01Z,6.7812
2026-03-03T00:14:35Z,6.1792
2026-03-03T00:21:54Z,7.2084
2026-03-03T00:26:16Z,5.1027
2026-03-03T00:34:07Z,5.3674
2026-03-03T00:35:53Z,6.0421
2026-03-03T00:37:51Z,5.2934
2026-03-03T01:15:25Z,4.6042
2026-03-03T01:27:56Z,5.0861
2026-03-03T01:39:56Z,6.3615
2026-03-03T01:44:25Z,5.9025
2026-03-03T01:47:47Z,5.4074
2026-03-03T02:02:54Z,5.1038
2026-03-03T02:04:57Z,6.0627
2026-03-03T02:35:04Z,5.7042
2026-03-03T02:41:00Z,6.4235
2026-03-03T02:46:25Z,5.9008
2026-03-03T02:50:03Z,6.1691
2026-03-03T02:56:55Z,6.3011
2026-03-03T03:07:13Z,6.7879
2026-03-03T03:34:44Z,5.7217
2026-03-03T03:38:05Z,5.4243
2026-03-03T03:52:13Z,5.6097
2026-03-03T04:00:24Z,6.0975
2026-03-03T04:07:58Z,6.1824
2026-03-03T04:22:09Z,6.0929
2026-03-03T04:29:56Z,6.9477
2026-03-03T04:31:45Z,5.6697
2026-03-03T04:33:25Z,4.7767
2026-03-03T04:37:45Z,5.8334
2026-03-03T04:39:14Z,6.9217
2026-03-03T04:41:44Z,6.9855
2026-03-03T04:46:02Z,5.9024
2026-03-03T04:50:14Z,5.4612
2026-03-03T05:05:01Z,5.7709
2026-03-03T05:06:32Z,5.8358
2026-03-03T05:17:17Z,5.9629
2026-03-03T05:24:40Z,7.5455
2026-03-03T05:27:44Z,5.7753
2026-03-03T05:35:45Z,5.3948
2026-03-03T05:38:08Z,6.5794
2026-03-03T05:47:00Z,6.0631
2026-03-03T05:47:53Z,6.5362
2026-03-03T05:56:27Z,5.5652
2026-03-03T06:04:22Z,6.6475
2026-03-03T06:09:10Z,5.3644
2026-03-03T06:21:23Z,7.1999
2026-03-03T06:21:44Z,5.5021
2026-03-03T06:25:00Z,5.8539
2026-03-03T06:35:24Z,6.516
2026-03-03T06:39:58Z,6.6455
2026-03-03T06:43:09Z,6.2222
2026-03-03T07:08:14Z,6.1335
2026-03-03T07:18:49Z,6.7704
2026-03-03T07:26:24Z,4.1197
2026-03-03T07:28:37Z,5.9632
2026-03-03T07:52:29Z,7.0875
2026-03-03T07:59:13Z,6.0097
2026-03-03T08:19:11Z,6.3446
2026-03-03T08:22:29Z,6.8136
2026-03-03T09:31:00Z,5.1806
2026-03-03T09:37:53Z,6.6226
2026-03-03T09:42:23Z,5.1684
2026-03-03T10:03:39Z,5.2162
2026-03-03T10:05:36Z,6.4961
2026-03-03T10:14:36Z,5.851
2026-03-03T10:15:03Z,6.064
2026-03-03T10:17:47Z,6.5682
2026-03-03T10:23:32Z,6.192
2026-03-03T10:24:07Z,6.6376
2026-03-03T10:26:01Z,5.7454
2026-03-03T10:34:05Z,5.0305
2026-03-03T10:36:26Z,5.5829
2026-03-03T10:37:26Z,6.7733
2026-03-03T10:43:08Z,6.0752
2026-03-03T10:43:37Z,5.1769
2026-03-03T10:43:51Z,6.5504
2026-03-03T10:52:27Z,5.695
2026-03-03T11:06:51Z,6.7967
2026-03-03T11:15:38Z,5.5166
2026-03-03T11:17:14Z,6.6509
2026-03-03T11:18:05Z,5.7223
2026-03-03T11:22:01Z,7.5059
2026-03-03T11:32:10Z,5.405
2026-03-03T11:37:34Z,7.1483
2026-03-03T11:55:19Z,4.798
2026-03-03T12:09:39Z,5.1748
2026-03-03T12:24:09Z,5.767
2026-03-03T12:26:31Z,5.5847
2026-03-03T12:34:58Z,5.4708
2026-03-03T12:54:18Z,5.4634
2026-03-03T12:58:15Z,6.5168
2026-03-03T13:05:00Z,6.7243
2026-03-03T13:08:01Z,5.402
2026-03-03T13:19:35Z,6.1512
2026-03-03T13:20:12Z,7.0672
2026-03-03T13:23:16Z,7.3178
2026-03-03T13:27:39Z,5.4536
2026-03-03T13:40:25Z,5.9911
2026-03-03T13:56:26Z,5.3752
2026-03-03T13:58:03Z,5.824
2026-03-03T14:15:19Z,5.92
2026-03-03T14:17:23Z,6.0375
2026-03-03T14:19:32Z,5.4839
2026-03-03T14:23:49Z,7.2105
2026-03-03T14:36:42Z,5.7457
2026-03-03T14:39:45Z,5.0443
2026-03-03T14:42:07Z,5.6302
2026-03-03T14:48:16Z,5.6081
2026-03-03T14:55:10Z,5.6926
2026-03-03T15:22:46Z,6.0264
2026-03-03T15:26:31Z,6.9456
2026-03-03T15:56:39Z,6.4577
2026-03-03T16:00:38Z,5.5615
2026-03-03T16:02:37Z,4.2883
2026-03-03T16:11:25Z,5.281
2026-03-03T16:15:21Z,6.8431
2026-03-03T17:02:31Z,5.4577
2026-03-03T17:10:06Z,7.2484
2026-03-03T17:39:10Z,6.6269
2026-03-03T17:40:04Z,5.8224
2026-03-03T17:58:11Z,6.4637
2026-03-03T18:00:17Z,5.4506
2026-03-03T18:10:01Z,5.8985
2026-03-03T18:14:42Z,5.8417
2026-03-03T18:17:17Z,5.4813
2026-03-03T18:31:57Z,4.8581
2026-03-03T18:33:59Z,5.3415
2026-03-03T18:39:32Z,6.1185
2026-03-03T18:41:57Z,6.8228
2026-03-03T18:47:21Z,5.8788
2026-03-03T18:47:33Z,5.8483
2026-03-03T18:50:57Z,6.1893
2026-03-03T18:57:54Z,6.4027
2026-03-03T19:00:12Z,5.0769
2026-03-03T19:11:26Z,5.4855
2026-03-03T19:18:19Z,5.1944
2026-03-03T19:21:14Z,5.6776
2026-03-03T19:26:08Z,5.8687
2026-03-03T19:28:02Z,5.2074
2026-03-03T19:35:48Z,5.8349
2026-03-03T19:44:12Z,5.9505
2026-03-03T20:14:16Z,6.0831
2026-03-03T20:26:14Z,4.3046
2026-03-03T20:29:41Z,5.7356
2026-03-03T20:37:42Z,6.2268
2026-03-03T20:42:49Z,6.2743
2026-03-03T21:23:57Z,6.6835
2026-03-03T21:27:34Z,5.7957
2026-03-03T21:32:01Z,5.9765
2026-03-03T21:41:17Z,5.0989
2026-03-03T21:41:50Z,6.3461
2026-03-03T21:53:36Z,6.0152
2026-03-03T21:56:26Z,6.4121
2026-03-03T22:24:26Z,5.8086
2026-03-03T23:07:35Z,5.712
2026-03-03T23:08:56Z,6.934
2026-03-03T23:10:48Z,4.9378
2026-03-03T23:26:14Z,5.4252
2026-03-03T23:47:20Z,7.0018
2026-03-03T23:57:23Z,5.362
2026-03-04T00:10:13Z,6.5912
2026-03-04T00:17:56Z,5.6944
2026-03-04T00:25:45Z,6.2953
2026-03-04T00:27:51Z,5.9864
2026-03-04T00:32:04Z,3.8977
2026-03-04T00:40:00Z,5.5851
2026-03-04T00:46:19Z,6.027
2026-03-04T01:01:52Z,7.496
2026-03-04T01:06:20Z,5.0377
2026-03-04T01:10:39Z,6.9112
2026-03-04T01:15:02Z,6.6345
2026-03-04T01:18:22Z,5.4352
2026-03-04T01:23:28Z,4.3522
2026-03-04T01:33:18Z,5.8577
2026-03-04T01:34:04Z,5.8918
2026-03-04T01:34:47Z,5.9121
2026-03-04T01:51:25Z,5.7564
2026-03-04T02:08:20Z,6.7578
2026-03-04T02:09:18Z,6.4381
2026-03-04T02:22:39Z,5.4611
2026-03-04T02:28:39Z,6.4276
2026-03-04T02:33:38Z,5.7684
2026-03-04T02:33:45Z,5.594
2026-03-04T02:37:56Z,6.4808
2026-03-04T02:52:15Z,6.9792
2026-03-04T02:52:53Z,5.3636
2026-03-04T02:58:19Z,5.5098
2026-03-04T03:09:37Z,5.8535
2026-03-04T03:25:27Z,5.1255
2026-03-04T03:27:22Z,6.0556
2026-03-04T03:29:30Z,5.081
2026-03-04T03:50:29Z,7.1517
2026-03-04T04:04:13Z,6.0121
2026-03-04T04:29:39Z,4.9268
2026-03-04T04:36:15Z,5.6981
2026-03-04T04:44:26Z,4.067
2026-03-04T04:51:23Z,4.9304
2026-03-04T05:01:48Z,7.2063
2026-03-04T05:27:43Z,5.3634
2026-03-04T05:28:19Z,5.4764
2026-03-04T05:31:23Z,3.9784
2026-03-04T05:34:06Z,5.3306
2026-03-04T05:42:44Z,5.9659
2026-03-04T06:12:20Z,6.5278
2026-03-04T06:16:25Z,5.3429
2026-03-04T06:30:31Z,6.1146
2026-03-04T06:33:58Z,6.8539
2026-03-04T06:34:38Z,5.5564
2026-03-04T06:50:08Z,4.4171
2026-03-04T06:51:22Z,5.852
2026-03-04T06:56:15Z,5.4334
2026-03-04T07:23:21Z,5.6176
2026-03-04T07:23:54Z,6.3229
2026-03-04T07:30:28Z,5.7519
2026-03-04T07:36:47Z,5.7783
2026-03-04T07:41:55Z,6.7336
2026-03-04T07:48:28Z,6.4215
2026-03-04T07:52:03Z,4.5746
2026-03-04T07:53:49Z,5.8772
2026-03-04T08:21:16Z,6.412
2026-03-04T08:45:32Z,6.5271
2026-03-04T09:18:35Z,6.0488
2026-03-04T09:18:57Z,6.9363
2026-03-04T09:21:47Z,6.637
2026-03-04T09:22:46Z,5.7761
2026-03-04T09:41:11Z,7.0026
2026-03-04T09:53:39Z,6.1231
2026-03-04T10:04:51Z,5.3931
2026-03-04T10:10:31Z,6.7946
2026-03-04T10:11:30Z,5.4126
2026-03-04T10:17:54Z,4.1112
2026-03-04T10:27:22Z,6.3725
2026-03-04T10:29:03Z,6.0361
2026-03-04T10:33:49Z,7.4712
2026-03-04T10:35:15Z,5.6919
2026-03-04T10:35:34Z,5.5619
2026-03-04T10:49:36Z,5.8707
2026-03-04T10:50:55Z,6.1686
2026-03-04T11:18:55Z,8.128
2026-03-04T11:36:38Z,5.9602
2026-03-04T11:43:03Z,6.3328
2026-03-04T11:45:17Z,5.9884
2026-03-04T11:50:22Z,5.3611
2026-03-04T11:56:15Z,5.7062
2026-03-04T12:01:41Z,6.0312
2026-03-04T12:09:24Z,6.6442
2026-03-04T12:44:44Z,5.6151
2026-03-04T12:53:26Z,6.783
2026-03-04T12:59:57Z,7.1906
2026-03-04T13:10:22Z,3.9713
2026-03-04T13:26:01Z,6.3702
2026-03-04T13:56:54Z,6.586
2026-03-04T14:17:49Z,6.2229
2026-03-04T14:22:58Z,6.7297
2026-03-04T14:28:54Z,5.7239
2026-03-04T14:32:15Z,5.6719
2026-03-04T14:37:11Z,6.23
2026-03-04T14:42:44Z,6.2457
2026-03-04T14:44:22Z,6.6919
2026-03-04T14:58:12Z,6.278
2026-03-04T15:01:40Z,6.5203
2026-03-04T15:13:45Z,7.0926
2026-03-04T15:14:24Z,6.8401
2026-03-04T15:15:52Z,6.7428
2026-03-04T15:22:25Z,5.8112
2026-03-04T15:26:20Z,5.9215
2026-03-04T15:28:26Z,6.1926
2026-03-04T15:58:22Z,6.91
2026-03-04T16:06:57Z,6.4115
2026-03-04T16:15:55Z,4.5069
2026-03-04T16:37:34Z,6.1759
2026-03-04T17:01:30Z,5.5991
2026-03-04T17:16:41Z,5.1523
2026-03-04T17:21:38Z,6.6242
2026-03-04T17:34:12Z,7.3209
2026-03-04T17:41:36Z,6.1681
2026-03-04T17:47:19Z,5.4508
2026-03-04T17:52:17Z,5.7997
2026-03-04T18:09:01Z,5.9513
2026-03-04T18:14:15Z,6.0851
2026-03-04T18:31:28Z,6.6503
2026-03-04T18:32:04Z,6.4665
2026-03-04T18:38:53Z,5.9019
2026-03-04T18:52:18Z,5.216
2026-03-04T18:53:35Z,6.4113
2026-03-04T19:02:27Z,5.9332
2026-03-04T19:03:56Z,5.9539
2026-03-04T19:11:30Z,6.2014
2026-03-04T19:18:56Z,4.9491
2026-03-04T19:21:09Z,5.2799
2026-03-04T19:27:12Z,5.563
2026-03-04T19:37:26Z,6.2372
2026-03-04T19:42:14Z,6.2771
2026-03-04T19:42:42Z,6.1007
2026-03-04T20:10:56Z,5.1289
2026-03-04T20:18:03Z,5.626
2026-03-04T20:24:40Z,5.5444
2026-03-04T20:28:48Z,7.0711
2026-03-04T20:35:31Z,5.3281
2026-03-04T20:39:17Z,5.1415
2026-03-04T20:44:24Z,6.9403
2026-03-04T20:50:49Z,6.2745
2026-03-04T21:35:54Z,6.407
2026-03-04T21:40:32Z,5.1482
2026-03-04T21:55:19Z,4.851
2026-03-04T22:00:33Z,5.8176
2026-03-04T22:09:06Z,5.4158
2026-03-04T22:11:03Z,5.9353
2026-03-04T22:20:06Z,6.1367
2026-03-04T22:29:54Z,5.3582
2026-03-04T22:35:53Z,5.2482
2026-03-04T22:39:27Z,6.5634
2026-03-04T22:50:55Z,4.6994
2026-03-04T23:06:10Z,7.1537
2026-03-04T23:18:39Z,5.1137
2026-03-04T23:32:11Z,6.2641
2026-03-04T23:34:45Z,6.2705
2026-03-04T23:39:11Z,5.6942
2026-03-04T23:49:47Z,6.1816
2026-03-04T23:57:19Z,6.4232
2026-03-05T00:05:31Z,5.6988
2026-03-05T00:33:33Z,6.2589
2026-03-05T00:38:40Z,5.6866
2026-03-05T00:39:54Z,5.4373
2026-03-05T00:51:37Z,5.5147
2026-03-05T00:52:54Z,5.8483
2026-03-05T00:58:16Z,5.9458
2026-03-05T01:20:51Z,5.2131
2026-03-05T01:29:10Z,5.3491
2026-03-05T01:52:52Z,5.2109
2026-03-05T02:16:13Z,7.2836
2026-03-05T02:22:34Z,6.0581
2026-03-05T02:28:36Z,5.5218
2026-03-05T02:30:06Z,6.8389
2026-03-05T02:33:07Z,6.356
2026-03-05T02:37:20Z,6.7888
2026-03-05T02:46:21Z,6.8118
2026-03-05T02:50:48Z,5.4371
2026-03-05T02:55:56Z,4.4957
2026-03-05T03:05:37Z,6.5215
2026-03-05T03:07:45Z,4.6596
2026-03-05T03:22:12Z,5.2336
2026-03-05T03:25:58Z,6.2106
2026-03-05T03:35:07Z,6.3078
2026-03-05T03:37:37Z,5.6834
2026-03-05T03:47:58Z,7.0414
2026-03-05T03:54:22Z,4.3429
2026-03-05T03:59:47Z,5.76
2026-03-05T04:00:03Z,6.2777
2026-03-05T04:04:27Z,5.8211
2026-03-05T04:06:32Z,5.4875
2026-03-05T04:10:02Z,7.114
2026-03-05T04:18:34Z,7.106
2026-03-05T04:24:28Z,4.5104
2026-03-05T04:30:01Z,7.3207
2026-03-05T04:31:48Z,6.164
2026-03-05T05:22:13Z,5.7417
2026-03-05T05:36:54Z,4.4688
2026-03-05T05:46:13Z,5.9288
2026-03-05T05:58:01Z,6.2134
2026-03-05T06:04:04Z,4.9499
2026-03-05T06:09:42Z,5.205
2026-03-05T06:20:38Z,5.6485
2026-03-05T06:24:40Z,5.5719
2026-03-05T07:07:08Z,4.95
2026-03-05T07:24:39Z,5.8584
2026-03-05T07:29:07Z,5.2324
2026-03-05T07:29:18Z,5.3713
2026-03-05T07:32:50Z,6.5603
2026-03-05T07:33:02Z,5.275
2026-03-05T07:42:45Z,5.8827
2026-03-05T08:13:15Z,5.7766
2026-03-05T08:21:35Z,5.7921
2026-03-05T08:39:13Z,6.2685
2026-03-05T08:48:30Z,6.4523
2026-03-05T08:50:01Z,4.7257
2026-03-05T08:57:44Z,6.0423
2026-03-05T08:59:21Z,6.6451
2026-03-05T09:01:16Z,5.8115
2026-03-05T09:07:12Z,6.9217
2026-03-05T09:26:28Z,5.3629
2026-03-05T09:29:14Z,5.9103
2026-03-05T09:32:16Z,6.4624
2026-03-05T09:39:06Z,5.1597
2026-03-05T09:56:18Z,5.5034
2026-03-05T10:11:25Z,6.6188
2026-03-05T10:18:00Z,6.8171
2026-03-05T10:25:06Z,6.0955
2026-03-05T10:50:40Z,6.0199
2026-03-05T10:57:06Z,6.1908
2026-03-05T11:16:46Z,6.4288
2026-03-05T11:21:24Z,5.4333
2026-03-05T11:21:41Z,6.3354
2026-03-05T11:27:50Z,5.4104
2026-03-05T11:33:50Z,6.7626
2026-03-05T11:38:14Z,7.4536
2026-03-05T11:39:20Z,6.8113
2026-03-05T11:44:08Z,7.1694
2026-03-05T11:47:08Z,5.347
2026-03-05T11:58:47Z,7.0225
2026-03-05T11:58:56Z,5.1046
2026-03-05T12:10:08Z,6.351
2026-03-05T12:22:13Z,6.7031
2026-03-05T12:24:11Z,5.8277
2026-03-05T12:24:53Z,6.5699
2026-03-05T12:34:57Z,4.9867
2026-03-05T12:36:25Z,6.6544
2026-03-05T12:47:40Z,5.9875
2026-03-05T13:10:05Z,6.1192
2026-03-05T13:15:40Z,5.7991
2026-03-05T13:39:37Z,7.2907
2026-03-05T14:13:31Z,5.0468
2026-03-05T14:50:30Z,6.1276
2026-03-05T14:51:31Z,4.9923
2026-03-05T15:01:26Z,6.7146
2026-03-05T15:24:36Z,7.2799
2026-03-05T15:46:18Z,5.1414
2026-03-05T16:00:39Z,6.155
2026-03-05T16:01:16Z,6.5514
2026-03-05T16:03:59Z,4.2152
2026-03-05T16:05:49Z,6.4211
2026-03-05T16:28:49Z,5.7584
2026-03-05T16:31:59Z,5.6097
2026-03-05T16:52:15Z,6.2628
2026-03-05T17:01:54Z,6.0385
2026-03-05T17:10:33Z,5.4434
2026-03-05T17:15:05Z,6.4141
2026-03-05T17:26:54Z,6.2891
2026-03-05T17:27:47Z,5.9706
2026-03-05T17:33:01Z,5.8505
2026-03-05T17:33:14Z,5.1278
2026-03-05T17:39:53Z,6.8286
2026-03-05T17:43:57Z,5.9302
2026-03-05T18:08:06Z,6.0298
2026-03-05T18:11:25Z,5.9711
2026-03-05T18:20:20Z,5.1283
2026-03-05T18:25:49Z,6.4419
2026-03-05T18:54:36Z,6.2438
2026-03-05T19:12:41Z,6.399
2026-03-05T19:19:18Z,5.4284
2026-03-05T19:52:54Z,6.2601
2026-03-05T20:08:24Z,6.5502
2026-03-05T20:11:33Z,6.2903
2026-03-05T20:14:34Z,5.8706
2026-03-05T20:20:12Z,5.6017
2026-03-05T20:22:09Z,4.8841
2026-03-05T20:24:37Z,6.0818
2026-03-05T20:27:57Z,5.7455
2026-03-05T20:55:22Z,6.1481
2026-03-05T21:07:03Z,5.8355
2026-03-05T21:08:21Z,5.7059
2026-03-05T21:37:24Z,5.363
2026-03-05T22:23:52Z,5.7544
2026-03-05T22:29:38Z,6.7228
2026-03-05T22:31:10Z,6.1894
2026-03-05T22:52:20Z,5.6373
2026-03-05T23:05:17Z,6.8316
2026-03-05T23:16:09Z,6.38
2026-03-05T23:21:49Z,5.4274
2026-03-05T23:24:37Z,6.5011
2026-03-05T23:26:03Z,6.7277
2026-03-05T23:31:40Z,6.3595
2026-03-05T23:38:04Z,6.0652
2026-03-05T23:40:37Z,4.4194
2026-03-05T23:53:07Z,5.9581
2026-03-06T00:01:33Z,5.4128
2026-03-06T00:05:54Z,5.6042
2026-03-06T00:13:16Z,5.7406
2026-03-06T00:18:54Z,5.0012
2026-03-06T00:26:02Z,6.4058
2026-03-06T00:29:13Z,5.5548
2026-03-06T00:38:20Z,4.5573
2026-03-06T00:50:22Z,5.0587
2026-03-06T00:51:05Z,5.899
2026-03-06T00:53:57Z,5.4233
2026-03-06T01:01:44Z,5.8486
2026-03-06T01:23:21Z,5.4009
2026-03-06T01:32:34Z,5.4897
2026-03-06T01:43:10Z,6.2333
2026-03-06T01:53:03Z,5.4261
2026-03-06T01:55:23Z,6.3872
2026-03-06T02:04:18Z,4.8664
2026-03-06T02:18:32Z,6.7126
2026-03-06T02:39:29Z,5.8625
2026-03-06T02:42:36Z,5.2471
2026-03-06T02:45:25Z,6.1467
2026-03-06T03:11:37Z,6.3696
2026-03-06T03:12:38Z,5.4629
2026-03-06T03:19:08Z,7.1186
2026-03-06T03:20:43Z,5.1002
2026-03-06T03:25:49Z,5.8743
2026-03-06T03:32:32Z,4.8063
2026-03-06T03:35:19Z,5.5701
2026-03-06T03:41:30Z,6.6014
2026-03-06T03:44:25Z,5.8711
2026-03-06T03:50:39Z,5.7213
2026-03-06T03:58:52Z,5.4097
2026-03-06T04:04:08Z,5.9279
2026-03-06T04:15:36Z,6.5163
2026-03-06T04:18:08Z,5.6198
2026-03-06T04:31:47Z,5.9277
2026-03-06T04:44:04Z,6.4358
2026-03-06T05:02:54Z,6.9971
2026-03-06T05:03:54Z,5.9538
2026-03-06T05:05:05Z,6.5829
2026-03-06T05:06:18Z,6.1991
2026-03-06T05:20:20Z,5.91
2026-03-06T05:22:19Z,5.8495
2026-03-06T06:02:41Z,6.684
2026-03-06T06:15:03Z,6.5347
2026-03-06T06:26:06Z,6.0318
2026-03-06T06:35:20Z,5.6615
2026-03-06T06:39:18Z,5.5812
2026-03-06T06:56:11Z,5.8819
2026-03-06T06:56:51Z,5.328
2026-03-06T07:00:44Z,6.335
2026-03-06T07:03:09Z,5.9765
2026-03-06T07:12:44Z,5.83
2026-03-06T08:06:09Z,5.3782
2026-03-06T08:11:36Z,5.8829
2026-03-06T08:15:48Z,5.8846
2026-03-06T08:22:17Z,5.1749
2026-03-06T08:39:56Z,5.9917
2026-03-06T08:51:30Z,5.3098
2026-03-06T08:55:55Z,6.2541
2026-03-06T08:57:40Z,4.9988
2026-03-06T09:05:54Z,5.1928
2026-03-06T09:35:53Z,6.1568
2026-03-06T09:39:03Z,5.9914
2026-03-06T09:44:33Z,6.1479
2026-03-06T09:49:17Z,5.0289
2026-03-06T10:02:16Z,5.0733
2026-03-06T10:11:09Z,6.0903
2026-03-06T10:12:28Z,5.8683
2026-03-06T10:20:17Z,6.0401
2026-03-06T10:20:25Z,5.8784
2026-03-06T10:27:50Z,6.5121
2026-03-06T10:28:24Z,6.3567
2026-03-06T10:51:53Z,5.2026
2026-03-06T11:01:33Z,6.4329
2026-03-06T11:06:12Z,6.8759
2026-03-06T11:10:09Z,6.022
2026-03-06T11:11:46Z,5.6893
2026-03-06T11:16:34Z,5.6222
2026-03-06T11:52:57Z,7.3258
2026-03-06T12:29:13Z,5.3842
2026-03-06T12:33:13Z,5.6253
2026-03-06T12:35:28Z,6.8469
2026-03-06T12:50:32Z,6.6519
2026-03-06T12:52:48Z,5.9333
2026-03-06T13:04:07Z,5.2036
2026-03-06T13:06:39Z,5.6429
2026-03-06T13:06:51Z,5.3041
2026-03-06T13:13:44Z,6.3808
2026-03-06T13:20:28Z,6.031
2026-03-06T13:36:50Z,5.8212
2026-03-06T13:44:59Z,5.5325
2026-03-06T13:45:59Z,6.2606
2026-03-06T13:52:26Z,6.9205
2026-03-06T14:01:14Z,5.0955
2026-03-06T14:39:32Z,5.7155
2026-03-06T14:59:05Z,5.7409
2026-03-06T15:00:53Z,5.2229
2026-03-06T15:16:00Z,6.2271
2026-03-06T15:54:25Z,5.3478
2026-03-06T16:03:10Z,5.9627
2026-03-06T16:08:05Z,4.6053
2026-03-06T16:14:19Z,4.7297
2026-03-06T16:20:28Z,5.9062
2026-03-06T16:20:55Z,7.0585
2026-03-06T16:31:18Z,5.9069
2026-03-06T16:32:30Z,5.3878
2026-03-06T16:33:33Z,5.7049
2026-03-06T16:39:27Z,6.5183
2026-03-06T16:40:38Z,4.26
2026-03-06T16:42:00Z,5.6625
2026-03-06T16:43:25Z,7.4423
2026-03-06T16:44:04Z,5.924
2026-03-06T16:53:40Z,6.6888
2026-03-06T17:20:07Z,6.6366
2026-03-06T17:29:06Z,5.9153
2026-03-06T17:30:52Z,7.1215
2026-03-06T17:43:56Z,6.1675
2026-03-06T17:56:25Z,6.1499
2026-03-06T17:58:58Z,5.636
2026-03-06T18:03:51Z,4.7628
2026-03-06T18:15:09Z,7.8583
2026-03-06T18:24:51Z,4.9868
2026-03-06T18:27:45Z,6.2876
2026-03-06T18:45:15Z,6.032
2026-03-06T18:48:14Z,5.7863
2026-03-06T18:49:56Z,5.9597
2026-03-06T19:22:36Z,4.0715
2026-03-06T19:25:02Z,6.3707
2026-03-06T19:36:12Z,5.796
2026-03-06T19:42:06Z,5.2781
2026-03-06T19:44:00Z,6.2167
2026-03-06T19:57:02Z,5.7035
2026-03-06T20:04:17Z,5.6532
2026-03-06T20:15:42Z,5.517
2026-03-06T20:37:24Z,5.3068
2026-03-06T20:43:00Z,6.672
2026-03-06T20:53:37Z,6.5114
2026-03-06T21:07:08Z,5.6518
2026-03-06T21:07:58Z,6.0902
2026-03-06T21:11:01Z,6.1868
2026-03-06T21:25:20Z,5.68
2026-03-06T21:33:58Z,6.0581
2026-03-06T21:39:37Z,5.7799
2026-03-06T21:42:30Z,5.8904
2026-03-06T21:53:00Z,6.411
2026-03-06T22:04:47Z,6.6186
2026-03-06T22:10:37Z,5.8131
2026-03-06T22:16:09Z,5.5171
2026-03-06T22:20:59Z,5.068
2026-03-06T22:23:44Z,6.3521
2026-03-06T22:24:01Z,5.6571
2026-03-06T22:26:56Z,4.6459
2026-03-06T22:32:58Z,5.1493
2026-03-06T22:41:08Z,7.1993
2026-03-06T22:47:48Z,5.6943
2026-03-06T23:02:58Z,5.63
2026-03-06T23:09:19Z,6.9284
2026-03-06T23:17:07Z,5.1738
2026-03-06T23:18:12Z,5.5052
2026-03-06T23:29:18Z,5.9519
2026-03-06T23:37:11Z,5.2632
2026-03-06T23:42:37Z,6.0683
2026-03-06T23:48:19Z,6.1378
2026-03-07T00:22:22Z,5.4881
2026-03-07T00:22:47Z,6.0286
2026-03-07T00:24:19Z,7.0341
2026-03-07T00:58:31Z,6.9601
2026-03-07T01:04:10Z,5.845
2026-03-07T01:10:45Z,6.5637
2026-03-07T01:14:38Z,5.5847
2026-03-07T01:21:52Z,5.4009
2026-03-07T01:26:15Z,5.7078
2026-03-07T01:56:43Z,7.1166
2026-03-07T02:03:39Z,5.1218
2026-03-07T02:11:18Z,5.8492
2026-03-07T03:17:22Z,5.4835
2026-03-07T03:30:03Z,6.1743
2026-03-07T03:35:13Z,6.6766
2026-03-07T03:57:57Z,4.1687
2026-03-07T04:03:10Z,5.7849
2026-03-07T04:04:00Z,6.2432
2026-03-07T04:04:11Z,5.6675
2026-03-07T04:07:58Z,6.5618
2026-03-07T04:09:04Z,6.8476
2026-03-07T04:13:52Z,5.9228
2026-03-07T04:18:01Z,7.0516
2026-03-07T04:23:41Z,5.7708
2026-03-07T04:28:15Z,6.1727
2026-03-07T05:02:02Z,5.5007
2026-03-07T05:03:34Z,5.8073
2026-03-07T05:15:09Z,6.8873
2026-03-07T05:24:12Z,5.9769
2026-03-07T05:44:17Z,6.4024
2026-03-07T05:51:21Z,4.3904
2026-03-07T06:01:29Z,5.3125
2026-03-07T06:08:11Z,5.1834
2026-03-07T06:09:10Z,6.5591
2026-03-07T06:16:11Z,6.2228
2026-03-07T06:19:13Z,6.5373
2026-03-07T06:19:28Z,6.6478
2026-03-07T06:20:49Z,5.329
2026-03-07T06:53:51Z,5.869
2026-03-07T06:56:01Z,5.9473
2026-03-07T07:00:50Z,4.7695
2026-03-07T07:16:23Z,5.1519
2026-03-07T07:35:16Z,5.6584
2026-03-07T07:35:49Z,6.4101
2026-03-07T07:36:14Z,5.9236
2026-03-07T07:41:32Z,5.9227
2026-03-07T07:43:57Z,5.4279
2026-03-07T07:53:12Z,6.1857
2026-03-07T07:54:36Z,5.5703
2026-03-07T08:01:34Z,5.7234
2026-03-07T08:10:52Z,6.508
2026-03-07T08:22:04Z,5.2788
2026-03-07T08:28:43Z,7.3401
2026-03-07T08:47:08Z,6.2635
2026-03-07T08:50:14Z,6.0119
2026-03-07T08:59:43Z,5.7701
2026-03-07T09:02:32Z,6.7681
2026-03-07T09:04:52Z,5.6269
2026-03-07T09:17:36Z,6.0263
2026-03-07T09:22:46Z,4.9933
2026-03-07T09:49:19Z,5.9033
2026-03-07T09:49:48Z,7.4141
2026-03-07T10:14:29Z,6.2124
2026-03-07T10:17:02Z,5.8193
2026-03-07T10:28:21Z,6.4974
2026-03-07T10:43:52Z,6.3186
2026-03-07T10:44:22Z,5.293
2026-03-07T10:58:26Z,5.7406
2026-03-07T11:09:28Z,5.5377
2026-03-07T11:37:36Z,5.5112
2026-03-07T11:42:22Z,4.6956
2026-03-07T12:29:13Z,6.0913
2026-03-07T12:48:11Z,5.7808
2026-03-07T12:56:13Z,6.6247
2026-03-07T13:04:48Z,6.1721
2026-03-07T13:05:21Z,5.358
2026-03-07T13:05:26Z,5.3675
2026-03-07T13:38:14Z,6.2055
2026-03-07T13:59:06Z,5.7365
2026-03-07T14:01:03Z,5.1097
2026-03-07T14:02:15Z,6.2956
2026-03-07T14:40:50Z,6.8194
2026-03-07T15:02:46Z,6.4898
2026-03-07T15:04:44Z,5.4276
2026-03-07T15:14:23Z,5.6446
2026-03-07T15:21:07Z,5.6593
2026-03-07T15:21:53Z,6.5448
2026-03-07T15:46:59Z,6.0168
2026-03-07T15:48:05Z,5.8997
2026-03-07T15:51:54Z,7.5834
2026-03-07T16:04:30Z,6.0821
2026-03-07T16:06:30Z,5.7767
2026-03-07T16:10:51Z,5.5192
2026-03-07T16:18:25Z,5.6207
2026-03-07T16:44:43Z,5.3615
2026-03-07T17:02:45Z,6.0499
2026-03-07T17:09:16Z,6.4613
2026-03-07T17:12:31Z,6.9684
2026-03-07T17:20:01Z,6.408
2026-03-07T17:32:39Z,5.8274
2026-03-07T17:32:53Z,6.5688
2026-03-07T17:36:24Z,7.2899
2026-03-07T17:36:29Z,5.7488
2026-03-07T17:43:25Z,6.4945
2026-03-07T17:51:21Z,5.6809
2026-03-07T18:07:07Z,5.6086
2026-03-07T18:11:40Z,7.1843
2026-03-07T18:15:36Z,6.1839
2026-03-07T18:15:59Z,5.7067
2026-03-07T18:21:48Z,6.462
2026-03-07T18:30:12Z,5.2652
2026-03-07T18:51:53Z,6.7091
2026-03-07T19:32:55Z,4.6546
2026-03-07T19:35:54Z,5.4383
2026-03-07T19:40:28Z,5.0147
2026-03-07T19:46:23Z,5.8662
2026-03-07T19:50:25Z,6.7991
2026-03-07T19:56:53Z,6.0336
2026-03-07T19:59:43Z,6.1141
2026-03-07T20:07:42Z,5.0031
2026-03-07T20:08:28Z,5.4243
2026-03-07T20:33:23Z,6.2575
2026-03-07T20:45:55Z,6.8379
2026-03-07T20:47:20Z,6.2358
2026-03-07T21:24:35Z,5.1055
2026-03-07T21:35:45Z,5.9161
2026-03-07T21:36:52Z,5.5336
2026-03-07T21:41:00Z,6.8633
2026-03-07T21:47:44Z,5.9017
2026-03-07T21:54:36Z,6.7094
2026-03-07T22:00:02Z,6.1316
2026-03-07T22:36:38Z,5.8627
2026-03-07T22:39:24Z,6.706
2026-03-07T22:56:17Z,6.2707
2026-03-07T23:16:18Z,5.9855
2026-03-07T23:17:44Z,4.9482
2026-03-07T23:18:43Z,6.1416
2026-03-07T23:36:41Z,6.7051
2026-03-07T23:37:00Z,5.5267
2026-03-07T23:46:30Z,6.249
2026-03-08T00:00:15Z,5.0166
2026-03-08T00:01:07Z,6.9462
2026-03-08T00:01:13Z,5.6728
2026-03-08T00:12:13Z,6.1413
2026-03-08T00:26:38Z,5.6718
2026-03-08T00:28:57Z,4.6275
2026-03-08T00:29:01Z,5.3425
2026-03-08T00:31:49Z,5.0603
2026-03-08T00:48:10Z,5.3814
2026-03-08T01:05:24Z,6.5038
2026-03-08T01:22:19Z,5.2724
2026-03-08T01:26:07Z,6.2711
2026-03-08T01:43:27Z,5.8383
2026-03-08T02:21:09Z,6.2008
2026-03-08T02:21:26Z,5.1353
2026-03-08T02:55:00Z,5.1983
2026-03-08T03:00:05Z,5.6503
2026-03-08T03:05:05Z,6.5425
2026-03-08T03:08:09Z,5.1879
2026-03-08T03:11:34Z,6.5149
2026-03-08T03:16:21Z,6.2243
2026-03-08T03:21:03Z,6.0552
2026-03-08T03:30:39Z,6.2112
2026-03-08T03:33:06Z,6.5018
2026-03-08T03:59:34Z,6.0169
2026-03-08T04:23:24Z,5.232
2026-03-08T04:35:01Z,5.9479
2026-03-08T04:46:08Z,6.011
2026-03-08T04:46:39Z,5.8902
2026-03-08T04:49:35Z,7.1251
2026-03-08T04:53:03Z,6.1765
2026-03-08T05:18:45Z,6.1455
2026-03-08T05:25:57Z,5.5841
2026-03-08T06:06:38Z,6.0906
2026-03-08T06:17:02Z,6.271
2026-03-08T06:21:27Z,6.7262
2026-03-08T07:01:49Z,4.6405
2026-03-08T07:20:33Z,5.8043
2026-03-08T07:26:29Z,6.9443
2026-03-08T07:27:36Z,6.3735
2026-03-08T07:31:10Z,6.0179
2026-03-08T07:45:40Z,7.0349
2026-03-08T07:57:36Z,5.3438
2026-03-08T08:13:22Z,6.2296
2026-03-08T08:30:47Z,5.2909
2026-03-08T08:35:37Z,6.7945
2026-03-08T08:46:01Z,6.5207
2026-03-08T09:05:00Z,5.2483
2026-03-08T09:08:24Z,6.5706
2026-03-08T09:11:46Z,5.3037
2026-03-08T09:27:10Z,6.5211
2026-03-08T09:46:04Z,5.8138
2026-03-08T09:50:13Z,5.1851
2026-03-08T10:04:21Z,5.3999
2026-03-08T10:42:20Z,5.4309
2026-03-08T10:45:04Z,5.536
2026-03-08T10:52:50Z,6.2197
2026-03-08T10:57:06Z,6.3409
2026-03-08T11:24:50Z,5.2895
2026-03-08T11:28:32Z,6.3394
2026-03-08T11:30:50Z,6.7304
2026-03-08T11:36:49Z,6.4384
2026-03-08T11:47:35Z,5.9984
2026-03-08T11:58:11Z,6.814
2026-03-08T12:01:58Z,5.9063
2026-03-08T12:09:33Z,5.0301
2026-03-08T12:13:27Z,5.3323
2026-03-08T12:13:35Z,5.2905
2026-03-08T12:15:58Z,5.3038
2026-03-08T12:31:56Z,6.1573
2026-03-08T12:40:55Z,6.5587
2026-03-08T12:51:11Z,6.5468
2026-03-08T12:52:34Z,7.2218
2026-03-08T12:52:38Z,7.2752
2026-03-08T12:56:21Z,5.9546
2026-03-08T13:18:58Z,5.6918
2026-03-08T14:04:41Z,4.9651
2026-03-08T14:13:40Z,5.8533
2026-03-08T14:33:18Z,5.8418
2026-03-08T14:47:27Z,4.6495
2026-03-08T14:56:01Z,5.2668
2026-03-08T15:16:18Z,5.0753
2026-03-08T15:17:28Z,6.9316
2026-03-08T15:43:26Z,6.7021
2026-03-08T15:59:52Z,4.9602
2026-03-08T16:04:34Z,7.4072
2026-03-08T16:28:50Z,5.6523
2026-03-08T16:39:05Z,5.0537
2026-03-08T16:48:13Z,5.404
2026-03-08T16:49:11Z,6.8168
2026-03-08T17:05:50Z,6.8111
2026-03-08T17:37:39Z,4.9789
2026-03-08T17:46:54Z,5.5101
2026-03-08T17:54:22Z,5.7532
2026-03-08T17:58:43Z,7.0777
2026-03-08T17:59:06Z,5.9405
2026-03-08T18:25:55Z,5.7184
2026-03-08T18:28:54Z,5.6737
2026-03-08T18:41:23Z,5.0531
2026-03-08T18:53:32Z,5.1404
2026-03-08T18:53:57Z,5.3796
2026-03-08T19:46:26Z,6.9077
2026-03-08T19:47:30Z,4.6164
2026-03-08T19:55:17Z,6.5071
2026-03-08T20:21:56Z,5.5944
2026-03-08T20:25:59Z,7.2196
2026-03-08T20:27:44Z,6.3724
2026-03-08T20:31:41Z,6.8136
2026-03-08T20:57:15Z,5.8821
2026-03-08T20:58:23Z,6.1668
2026-03-08T21:11:24Z,5.1605
2026-03-08T21:16:45Z,5.2391
2026-03-08T21:29:40Z,6.6575
2026-03-08T21:30:18Z,5.7277
2026-03-08T21:35:47Z,5.5059
2026-03-08T21:39:51Z,6.0315
2026-03-08T21:46:05Z,6.1124
2026-03-08T21:47:21Z,6.5192
2026-03-08T21:51:14Z,5.7084
2026-03-08T21:55:23Z,5.6088
2026-03-08T21:55:27Z,5.8804
2026-03-08T22:01:11Z,5.4406
2026-03-08T22:13:27Z,6.1916
2026-03-08T22:16:35Z,6.6784
2026-03-08T22:29:59Z,7.3928
2026-03-08T22:50:18Z,6.0182
2026-03-08T22:59:48Z,5.0044
2026-03-08T23:18:53Z,7.2681
2026-03-08T23:26:22Z,6.2859
2026-03-08T23:34:38Z,7.102
2026-03-08T23:38:28Z,6.9845
2026-03-08T23:50:22Z,6.4884
2026-03-08T23:51:35Z,5.7559
2026-03-08T23:53:09Z,6.1275
2026-03-08T23:57:59Z,5.3092
2026-03-09T00:12:42Z,6.4658
2026-03-09T00:18:55Z,5.6595
2026-03-09T00:28:32Z,6.1081
2026-03-09T00:30:57Z,5.5583
2026-03-09T00:36:25Z,6.3467
2026-03-09T00:37:38Z,6.1575
2026-03-09T00:41:28Z,5.545
2026-03-09T00:44:28Z,6.634
2026-03-09T00:53:21Z,6.2669
2026-03-09T01:08:02Z,5.9653
2026-03-09T01:11:54Z,6.1042
2026-03-09T01:17:18Z,6.1033
2026-03-09T01:20:49Z,5.2152
2026-03-09T01:34:56Z,5.2719
2026-03-09T01:53:37Z,5.5412
2026-03-09T02:00:20Z,6.936
2026-03-09T02:02:11Z,5.3371
2026-03-09T02:13:16Z,5.6129
2026-03-09T02:31:05Z,5.9838
2026-03-09T02:44:23Z,4.307
2026-03-09T02:50:43Z,6.7866
2026-03-09T02:58:41Z,6.6039
2026-03-09T03:05:45Z,6.4693
2026-03-09T03:07:51Z,6.4411
2026-03-09T03:09:41Z,5.2721
2026-03-09T03:11:03Z,7.4853
2026-03-09T03:41:41Z,6.8376
2026-03-09T03:42:27Z,5.3836
2026-03-09T03:44:07Z,6.3524
2026-03-09T03:57:26Z,5.6613
2026-03-09T04:06:37Z,6.0083
2026-03-09T04:22:40Z,6.0691
2026-03-09T04:23:59Z,6.0347
2026-03-09T04:51:21Z,6.8501
2026-03-09T04:55:22Z,4.4178
2026-03-09T04:58:46Z,5.9249
2026-03-09T04:58:54Z,5.9509
2026-03-09T05:15:03Z,4.9476
2026-03-09T05:30:30Z,6.3816
2026-03-09T05:42:30Z,6.7191
2026-03-09T05:46:48Z,5.4907
2026-03-09T05:52:23Z,6.1701
2026-03-09T05:54:06Z,4.9366
2026-03-09T06:02:08Z,6.1605
2026-03-09T06:06:13Z,6.5946
2026-03-09T06:07:43Z,5.3522
2026-03-09T06:13:02Z,4.5776
2026-03-09T06:17:40Z,5.7313
2026-03-09T06:40:23Z,6.1155
2026-03-09T06:43:27Z,5.6166
2026-03-09T06:51:17Z,6.4625
2026-03-09T06:51:52Z,5.9772
2026-03-09T07:00:53Z,5.4442
2026-03-09T07:05:52Z,6.1949
2026-03-09T07:12:17Z,5.0344
2026-03-09T07:21:03Z,5.7172
2026-03-09T07:22:48Z,6.0224
2026-03-09T07:56:25Z,4.9144
2026-03-09T07:59:35Z,5.0162
2026-03-09T08:09:56Z,6.0114
2026-03-09T08:25:10Z,6.3723
2026-03-09T08:27:51Z,5.5085
2026-03-09T08:33:10Z,5.8207
2026-03-09T08:33:28Z,6.1545
2026-03-09T08:37:12Z,7.3636
2026-03-09T08:48:14Z,6.2134
2026-03-09T09:02:50Z,5.3531
2026-03-09T09:03:31Z,7.4805
2026-03-09T09:04:36Z,5.3771
2026-03-09T09:10:01Z,6.1288
2026-03-09T09:13:53Z,7.9362
2026-03-09T09:14:17Z,7.4594
2026-03-09T09:30:35Z,5.6173
2026-03-09T09:34:18Z,6.3088
2026-03-09T09:35:40Z,6.749
2026-03-09T09:49:31Z,5.6281
2026-03-09T10:29:47Z,7.0356
2026-03-09T10:56:43Z,5.3233
2026-03-09T11:41:37Z,6.402
2026-03-09T11:45:57Z,5.6334
2026-03-09T12:01:54Z,4.5909
2026-03-09T12:18:33Z,5.3206
2026-03-09T12:27:44Z,5.7087
2026-03-09T12:59:52Z,5.6005
2026-03-09T13:05:32Z,5.2804
2026-03-09T13:33:06Z,6.7439
2026-03-09T13:35:26Z,6.0208
2026-03-09T13:35:30Z,5.4004
2026-03-09T13:46:40Z,6.2736
2026-03-09T13:52:29Z,5.7018
2026-03-09T14:00:22Z,5.9093
2026-03-09T14:00:44Z,6.9827
2026-03-09T14:05:32Z,5.1374
2026-03-09T14:19:14Z,5.946
2026-03-09T14:20:33Z,6.5465
2026-03-09T14:42:20Z,4.7931
2026-03-09T14:45:24Z,6.2323
2026-03-09T14:47:07Z,7.3731
2026-03-09T14:57:48Z,6.7403
2026-03-09T15:12:24Z,6.3211
2026-03-09T15:40:41Z,5.5846
2026-03-09T16:03:48Z,6.4361
2026-03-09T16:04:05Z,4.8984
2026-03-09T16:11:43Z,5.6202
2026-03-09T16:22:53Z,5.2499
2026-03-09T16:43:17Z,4.3353
2026-03-09T16:48:34Z,5.3776
2026-03-09T17:01:50Z,5.825
2026-03-09T17:22:41Z,5.6243
2026-03-09T17:26:05Z,7.016
2026-03-09T17:29:37Z,6.4686
2026-03-09T17:46:19Z,6.5619
2026-03-09T18:01:56Z,5.5034
2026-03-09T18:34:03Z,6.9293
2026-03-09T18:34:27Z,6.3656
2026-03-09T18:35:31Z,6.0908
2026-03-09T18:47:07Z,7.0381
2026-03-09T18:49:42Z,4.5929
2026-03-09T18:52:56Z,6.6696
2026-03-09T18:57:55Z,6.0111
2026-03-09T19:08:10Z,5.9307
2026-03-09T19:22:16Z,6.1265
2026-03-09T19:36:48Z,7.0055
2026-03-09T19:53:09Z,7.1739
2026-03-09T20:00:28Z,6.7764
2026-03-09T20:05:33Z,6.8153
2026-03-09T20:12:08Z,6.0707
2026-03-09T20:13:32Z,5.1614
2026-03-09T20:23:14Z,6.1933
2026-03-09T20:27:44Z,6.6607
2026-03-09T20:29:33Z,5.1415
2026-03-09T20:32:22Z,5.1281
2026-03-09T20:34:46Z,6.797
2026-03-09T21:00:52Z,5.4223
2026-03-09T21:08:48Z,6.1538
2026-03-09T21:19:37Z,5.574
2026-03-09T21:34:51Z,6.1461
2026-03-09T21:36:29Z,5.3003
2026-03-09T21:36:45Z,5.9816
2026-03-09T21:41:26Z,6.2529
2026-03-09T21:42:18Z,6.0463
2026-03-09T21:51:16Z,5.8647
2026-03-09T21:55:35Z,5.8029
2026-03-09T21:55:52Z,5.9132
2026-03-09T22:14:28Z,5.2315
2026-03-09T22:18:20Z,6.7259
2026-03-09T22:28:16Z,5.4114
2026-03-09T22:41:03Z,5.1745
2026-03-09T22:42:20Z,5.8916
2026-03-09T22:45:35Z,5.4362
2026-03-09T22:53:53Z,6.5894
2026-03-09T22:56:51Z,7.4881
2026-03-09T23:02:48Z,6.1086
2026-03-09T23:03:19Z,4.8824
2026-03-09T23:29:13Z,6.2845
2026-03-09T23:30:17Z,6.0987
2026-03-09T23:40:50Z,6.3395
2026-03-09T23:51:28Z,5.5833
2026-03-10T00:04:30Z,6.2875
2026-03-10T00:04:37Z,5.9406
2026-03-10T00:06:06Z,6.3416
2026-03-10T00:10:18Z,5.3783
2026-03-10T00:22:07Z,5.4097
2026-03-10T00:23:22Z,6.5875
2026-03-10T00:49:59Z,6.9439
2026-03-10T00:55:02Z,5.4093
2026-03-10T01:37:08Z,5.8353
2026-03-10T02:07:55Z,5.1373
2026-03-10T02:11:59Z,5.653
2026-03-10T02:12:02Z,5.9511
2026-03-10T02:19:18Z,5.9621
2026-03-10T02:20:53Z,6.3545
2026-03-10T02:24:39Z,6.0529
2026-03-10T02:26:18Z,6.1515
2026-03-10T02:30:17Z,5.7277
2026-03-10T02:33:44Z,7.0615
2026-03-10T02:44:33Z,5.1172
2026-03-10T02:57:25Z,5.276
2026-03-10T03:00:18Z,6.1112
2026-03-10T03:01:09Z,6.1817
2026-03-10T03:01:23Z,5.9351
2026-03-10T03:05:46Z,5.7988
2026-03-10T03:06:10Z,5.0045
2026-03-10T03:38:10Z,5.9753
2026-03-10T03:39:27Z,5.7642
2026-03-10T03:41:07Z,5.7275
2026-03-10T03:41:55Z,6.6011
2026-03-10T03:42:40Z,4.6966
2026-03-10T03:46:25Z,6.2635
2026-03-10T04:01:47Z,7.6221
2026-03-10T04:06:27Z,4.9419
2026-03-10T04:14:15Z,6.059
2026-03-10T04:43:05Z,6.3452
2026-03-10T04:45:18Z,5.4792
2026-03-10T04:53:50Z,5.0095
2026-03-10T04:54:28Z,5.6118
2026-03-10T05:13:21Z,5.3158
2026-03-10T05:17:29Z,5.9943
2026-03-10T05:26:22Z,5.6337
2026-03-10T05:33:38Z,5.9324
2026-03-10T05:34:41Z,5.7656
2026-03-10T05:55:35Z,6.0005
2026-03-10T06:04:17Z,5.9018
2026-03-10T06:04:48Z,6.2135
2026-03-10T06:28:56Z,6.2945
2026-03-10T06:40:03Z,6.3851
2026-03-10T07:02:37Z,6.5213
2026-03-10T07:28:33Z,4.8411
2026-03-10T07:34:46Z,5.3781
2026-03-10T07:42:29Z,4.6119
2026-03-10T07:50:25Z,6.4276
2026-03-10T07:50:31Z,5.6366
2026-03-10T07:55:54Z,5.5002
2026-03-10T07:55:57Z,6.3307
2026-03-10T07:57:58Z,6.6653
2026-03-10T08:01:00Z,5.0143
2026-03-10T08:06:08Z,6.2802
2026-03-10T08:18:18Z,7.0869
2026-03-10T08:24:55Z,6.336
2026-03-10T08:47:26Z,6.1543
2026-03-10T08:53:25Z,5.8468
2026-03-10T09:08:41Z,6.3336
2026-03-10T09:09:21Z,6.1774
2026-03-10T09:12:35Z,5.9201
2026-03-10T09:20:40Z,4.7204
2026-03-10T09:26:56Z,6.9556
2026-03-10T09:37:49Z,5.7076
2026-03-10T09:42:10Z,6.1991
2026-03-10T10:05:43Z,5.7566
2026-03-10T10:07:54Z,6.3633
2026-03-10T10:50:56Z,6.0294
2026-03-10T10:52:03Z,6.3461
2026-03-10T11:04:05Z,4.6718
2026-03-10T11:08:56Z,5.5939
2026-03-10T11:22:19Z,7.6583
2026-03-10T11:23:06Z,6.0825
2026-03-10T11:28:15Z,6.2228
2026-03-10T11:31:02Z,6.9073
2026-03-10T11:36:45Z,6.2009
2026-03-10T12:14:11Z,5.8725
2026-03-10T12:15:47Z,4.8788
2026-03-10T12:22:57Z,4.6448
2026-03-10T12:30:33Z,6.4253
2026-03-10T12:42:44Z,5.5673
2026-03-10T12:47:29Z,5.4925
2026-03-10T13:15:11Z,5.6069
2026-03-10T13:16:11Z,5.2901
2026-03-10T13:22:30Z,4.4616
2026-03-10T13:24:27Z,6.8034
2026-03-10T13:25:11Z,6.1175
2026-03-10T13:28:14Z,6.269
2026-03-10T14:34:39Z,5.8686
2026-03-10T14:44:45Z,6.3785
2026-03-10T15:11:10Z,5.0115
2026-03-10T15:17:39Z,7.2229
2026-03-10T15:23:56Z,6.062
2026-03-10T15:29:25Z,5.1672
2026-03-10T15:52:08Z,6.0899
2026-03-10T15:52:48Z,6.3136
2026-03-10T16:13:56Z,7.0878
2026-03-10T16:33:31Z,5.6976
2026-03-10T16:53:48Z,6.3808
2026-03-10T16:56:02Z,6.8062
2026-03-10T16:56:19Z,6.2385
2026-03-10T17:18:52Z,6.5888
2026-03-10T17:21:05Z,6.0937
2026-03-10T17:25:16Z,5.8415
2026-03-10T17:28:33Z,6.3196
2026-03-10T17:38:40Z,5.2197
2026-03-10T18:10:38Z,6.4216
2026-03-10T18:21:10Z,6.1344
2026-03-10T18:33:33Z,6.0506
2026-03-10T18:48:43Z,5.8815
2026-03-10T18:57:25Z,6.017
2026-03-10T19:06:51Z,5.1666
2026-03-10T19:11:57Z,6.0227
2026-03-10T19:37:03Z,6.3428
2026-03-10T19:50:50Z,7.2794
2026-03-10T19:57:40Z,5.847
2026-03-10T20:03:49Z,4.6243
2026-03-10T20:09:02Z,5.8597
2026-03-10T20:50:15Z,5.4912
2026-03-10T20:53:07Z,4.2674
2026-03-10T20:58:06Z,6.3984
2026-03-10T21:22:28Z,5.5581
2026-03-10T21:25:42Z,5.4038
2026-03-10T21:44:22Z,5.8651
2026-03-10T22:12:41Z,6.3059
2026-03-10T22:21:30Z,5.4245
2026-03-10T22:37:33Z,6.3263
2026-03-10T22:47:26Z,5.7646
2026-03-10T22:52:38Z,5.09
2026-03-10T23:17:33Z,5.5358
2026-03-10T23:31:29Z,7.4082
2026-03-10T23:48:05Z,5.0346
2026-03-10T23:51:09Z,6.4896
2026-03-11T00:00:35Z,4.6631
2026-03-11T00:05:06Z,6.5208
2026-03-11T00:15:42Z,6.1563
2026-03-11T00:21:59Z,6.2098
2026-03-11T00:41:06Z,5.2647
2026-03-11T00:43:53Z,6.924
2026-03-11T00:52:31Z,5.3386
2026-03-11T01:00:06Z,6.1174
2026-03-11T01:03:40Z,4.57
2026-03-11T01:12:35Z,6.3941
2026-03-11T01:17:57Z,6.9011
2026-03-11T01:39:01Z,6.5368
2026-03-11T01:41:45Z,6.0558
2026-03-11T01:47:27Z,5.9594
2026-03-11T01:50:12Z,5.0566
2026-03-11T02:22:46Z,5.7031
2026-03-11T02:29:48Z,5.6194
2026-03-11T02:35:57Z,6.21
2026-03-11T02:37:17Z,4.8744
2026-03-11T02:42:46Z,4.1019
2026-03-11T02:55:40Z,6.2375
2026-03-11T03:02:23Z,5.3412
2026-03-11T03:23:12Z,6.574
2026-03-11T03:34:40Z,5.1116
2026-03-11T03:37:39Z,6.8424
2026-03-11T03:59:20Z,7.5629
2026-03-11T04:10:05Z,6.6923
2026-03-11T04:24:07Z,4.5185
2026-03-11T04:36:02Z,5.2883
2026-03-11T04:40:30Z,5.9194
2026-03-11T04:46:03Z,5.7462
2026-03-11T05:07:25Z,5.6249
2026-03-11T05:14:35Z,5.8095
2026-03-11T05:17:05Z,5.4876
2026-03-11T05:30:12Z,5.2598
2026-03-11T05:31:09Z,6.3851
2026-03-11T05:34:56Z,5.8955
2026-03-11T05:46:09Z,6.9249
2026-03-11T06:00:34Z,5.8578
2026-03-11T06:12:09Z,6.4803
2026-03-11T06:31:32Z,5.6625
2026-03-11T06:40:28Z,5.7432
2026-03-11T07:26:13Z,6.075
2026-03-11T07:28:42Z,5.7596
2026-03-11T07:41:40Z,6.0651
2026-03-11T07:43:56Z,6.1026
2026-03-11T07:45:45Z,6.748
2026-03-11T08:03:00Z,6.6689
2026-03-11T08:04:50Z,5.8208
2026-03-11T08:26:01Z,4.9714
2026-03-11T09:02:10Z,5.2946
2026-03-11T09:02:29Z,6.9928
2026-03-11T09:03:15Z,5.7744
2026-03-11T09:05:14Z,7.2753
2026-03-11T09:12:03Z,5.5265
2026-03-11T09:12:36Z,6.3366
2026-03-11T09:13:25Z,6.5159
2026-03-11T09:32:30Z,4.8283
2026-03-11T10:18:09Z,5.6814
2026-03-11T10:18:59Z,5.1375
2026-03-11T10:23:13Z,5.6996
2026-03-11T10:31:02Z,6.5683
2026-03-11T10:46:22Z,5.3529
2026-03-11T10:47:10Z,5.5627
2026-03-11T10:56:51Z,6.6673
2026-03-11T11:09:38Z,5.6752
2026-03-11T11:11:04Z,5.4716
2026-03-11T11:13:08Z,4.6292
2026-03-11T11:24:14Z,5.0817
2026-03-11T11:28:19Z,6.2826
2026-03-11T11:28:19Z,4.7359
2026-03-11T11:36:53Z,5.9695
2026-03-11T11:51:19Z,5.5065
2026-03-11T11:53:26Z,5.9209
2026-03-11T11:54:55Z,6.5212
2026-03-11T12:05:28Z,5.0694
2026-03-11T12:23:52Z,7.959
2026-03-11T12:25:09Z,5.6883
2026-03-11T12:41:30Z,5.8216
2026-03-11T12:44:45Z,6.1069
2026-03-11T13:04:35Z,6.6342
2026-03-11T13:09:50Z,5.9629
2026-03-11T13:11:33Z,6.229
2026-03-11T13:19:50Z,5.7481
2026-03-11T13:22:38Z,6.0064
2026-03-11T13:29:09Z,6.14
2026-03-11T13:45:59Z,5.9103
2026-03-11T13:50:46Z,6.3173
2026-03-11T14:02:33Z,5.8715
2026-03-11T14:04:14Z,6.7935
2026-03-11T14:21:31Z,5.6631
2026-03-11T14:38:56Z,7.2707
2026-03-11T14:51:56Z,6.1804
2026-03-11T14:55:34Z,6.379
2026-03-11T15:29:12Z,5.5416
2026-03-11T15:33:30Z,5.9912
2026-03-11T15:48:49Z,5.3423
2026-03-11T16:01:13Z,5.4431
2026-03-11T16:01:27Z,6.4101
2026-03-11T16:02:10Z,6.4221
2026-03-11T16:02:19Z,5.2955
2026-03-11T16:03:26Z,6.9921
2026-03-11T16:14:47Z,6.7546
2026-03-11T16:30:23Z,6.1642
2026-03-11T16:43:04Z,6.2491
2026-03-11T16:48:31Z,5.9634
2026-03-11T16:53:31Z,6.9201
2026-03-11T17:13:11Z,4.9302
2026-03-11T17:19:00Z,4.8253
2026-03-11T17:25:22Z,5.9848
2026-03-11T17:34:28Z,6.4324
2026-03-11T19:02:21Z,6.235
2026-03-11T19:08:03Z,5.8183
2026-03-11T19:23:39Z,6.2538
2026-03-11T19:31:30Z,5.0297
2026-03-11T19:31:44Z,6.6266
2026-03-11T19:44:39Z,6.0825
2026-03-11T19:49:45Z,6.2374
2026-03-11T19:53:45Z,6.4314
2026-03-11T20:30:24Z,6.7324
2026-03-11T20:34:27Z,6.0972
2026-03-11T20:36:58Z,6.8214
2026-03-11T20:40:54Z,5.7652
2026-03-11T21:20:15Z,6.7726
2026-03-11T22:17:14Z,5.3089
2026-03-11T22:30:24Z,5.6757
2026-03-11T22:36:52Z,4.8766
2026-03-11T22:41:11Z,5.7708
2026-03-11T22:43:42Z,6.3985
2026-03-11T22:44:14Z,4.5035
2026-03-11T22:44:28Z,5.593
2026-03-11T22:51:19Z,6.2667
2026-03-11T22:51:40Z,6.0816
2026-03-11T22:52:21Z,5.9603
2026-03-11T23:08:32Z,6.2174
2026-03-11T23:40:23Z,5.0601
2026-03-11T23:47:55Z,5.6369
2026-03-11T23:53:42Z,7.2517
2026-03-12T00:03:26Z,6.3796
2026-03-12T00:03:52Z,4.0785
2026-03-12T00:06:36Z,5.6925
2026-03-12T00:06:37Z,6.2023
2026-03-12T00:19:15Z,6.8785
2026-03-12T00:30:36Z,7.065
2026-03-12T00:39:28Z,5.948
2026-03-12T00:42:57Z,6.3641
2026-03-12T00:47:45Z,5.9206
2026-03-12T00:49:17Z,5.7142
2026-03-12T00:57:55Z,5.4064
2026-03-12T01:00:57Z,5.8957
2026-03-12T01:10:06Z,6.4247
2026-03-12T01:12:05Z,7.1962
2026-03-12T01:17:52Z,6.9765
2026-03-12T01:26:11Z,7.0779
2026-03-12T01:26:38Z,5.2619
2026-03-12T01:32:24Z,6.1713
2026-03-12T01:42:37Z,7.0663
2026-03-12T01:43:43Z,4.9196
2026-03-12T01:57:30Z,5.8889
2026-03-12T01:59:05Z,6.8055
2026-03-12T01:59:51Z,6.9519
2026-03-12T02:02:33Z,5.3228
2026-03-12T02:12:14Z,5.5283
2026-03-12T02:14:40Z,5.0466
2026-03-12T02:21:56Z,5.1729
2026-03-12T02:24:40Z,5.6914
2026-03-12T02:40:33Z,6.8835
2026-03-12T03:08:05Z,5.8233
2026-03-12T03:13:29Z,5.6806
2026-03-12T03:26:09Z,6.0263
2026-03-12T03:44:40Z,6.1735
2026-03-12T03:45:43Z,7.5957
2026-03-12T04:07:19Z,6.6436
2026-03-12T04:08:35Z,6.7993
2026-03-12T04:18:55Z,6.5941
2026-03-12T04:26:52Z,5.0607
2026-03-12T04:45:12Z,5.8391
2026-03-12T04:55:04Z,5.7663
2026-03-12T05:24:13Z,5.2847
2026-03-12T05:28:42Z,5.586
2026-03-12T05:30:52Z,6.3388
2026-03-12T05:43:00Z,6.5712
2026-03-12T05:55:22Z,6.2576
2026-03-12T05:59:31Z,5.273
2026-03-12T06:25:58Z,6.2786
2026-03-12T06:39:50Z,6.5282
2026-03-12T06:40:34Z,5.0258
2026-03-12T06:59:45Z,6.7138
2026-03-12T07:31:22Z,5.6861
2026-03-12T07:42:29Z,5.0834
2026-03-12T07:46:49Z,6.4116
2026-03-12T07:54:20Z,6.9118
2026-03-12T07:56:41Z,5.1171
2026-03-12T08:05:49Z,6.1729
2026-03-12T08:06:55Z,6.6408
2026-03-12T08:10:01Z,6.2403
2026-03-12T08:14:29Z,4.9772
2026-03-12T08:35:13Z,4.9088
2026-03-12T08:36:46Z,6.1121
2026-03-12T08:59:32Z,6.3625
2026-03-12T09:04:28Z,4.3138
2026-03-12T09:14:40Z,5.2488
2026-03-12T09:16:06Z,6.5271
2026-03-12T09:23:53Z,6.5513
2026-03-12T09:30:52Z,5.3851
2026-03-12T09:33:27Z,6.0386
2026-03-12T09:35:45Z,6.0774
2026-03-12T10:21:19Z,6.3464
2026-03-12T10:24:26Z,7.2536
2026-03-12T10:28:30Z,5.9541
2026-03-12T10:34:32Z,5.6955
2026-03-12T11:00:20Z,6.3078
2026-03-12T11:05:47Z,4.0536
2026-03-12T11:06:30Z,5.5637
2026-03-12T11:07:54Z,5.1056
2026-03-12T11:12:34Z,6.0472
2026-03-12T11:19:53Z,6.126
2026-03-12T11:24:20Z,6.5249
2026-03-12T11:25:25Z,5.9515
2026-03-12T11:30:49Z,5.7067
2026-03-12T11:32:16Z,5.0265
2026-03-12T12:22:39Z,5.4178
2026-03-12T12:24:24Z,5.7905
2026-03-12T12:36:35Z,5.8442
2026-03-12T12:38:01Z,5.7539
2026-03-12T12:43:05Z,7.4377
2026-03-12T12:54:40Z,5.6138
2026-03-12T13:15:03Z,5.3466
2026-03-12T13:16:38Z,6.8967
2026-03-12T13:37:51Z,4.3717
2026-03-12T14:07:42Z,5.6171
2026-03-12T14:34:54Z,5.6667
2026-03-12T14:36:15Z,5.7131
2026-03-12T14:39:31Z,5.9145
2026-03-12T14:53:45Z,5.1393
2026-03-12T14:55:15Z,6.075
2026-03-12T14:56:18Z,6.5664
2026-03-12T15:00:36Z,6.1415
2026-03-12T15:08:44Z,5.1986
2026-03-12T15:09:48Z,6.0236
2026-03-12T15:30:03Z,6.1088
2026-03-12T15:33:20Z,4.669
2026-03-12T15:39:52Z,5.6171
2026-03-12T15:40:01Z,4.3872
2026-03-12T15:56:04Z,6.5263
2026-03-12T16:03:19Z,5.9126
2026-03-12T16:08:51Z,6.4923
2026-03-12T16:11:16Z,5.7557
2026-03-12T16:23:46Z,7.084
2026-03-12T16:47:23Z,6.116
2026-03-12T16:51:10Z,5.9831
2026-03-12T17:16:32Z,5.2852
2026-03-12T17:16:35Z,5.5545
2026-03-12T17:26:54Z,5.7965
2026-03-12T17:32:35Z,5.8893
2026-03-12T17:44:57Z,6.1036
2026-03-12T17:48:02Z,6.4567
2026-03-12T17:51:34Z,6.4991
2026-03-12T17:57:55Z,4.7094
2026-03-12T18:10:52Z,4.588
2026-03-12T18:11:28Z,4.8611
2026-03-12T18:15:57Z,6.4639
2026-03-12T18:17:03Z,5.078
2026-03-12T18:22:35Z,6.5453
2026-03-12T18:25:42Z,5.2941
2026-03-12T18:28:04Z,5.6026
2026-03-12T18:31:45Z,6.0641
2026-03-12T18:36:47Z,5.7695
2026-03-12T18:45:20Z,6.4492
2026-03-12T18:47:51Z,5.5876
2026-03-12T18:53:37Z,4.8416
2026-03-12T18:56:11Z,5.4029
2026-03-12T19:11:51Z,5.7112
2026-03-12T19:25:17Z,5.7359
2026-03-12T19:35:49Z,6.2754
2026-03-12T19:40:19Z,5.7103
2026-03-12T19:44:35Z,6.7911
2026-03-12T19:56:31Z,6.6359
2026-03-12T20:00:28Z,5.7548
2026-03-12T20:10:32Z,6.6397
2026-03-12T20:14:21Z,5.9666
2026-03-12T20:25:31Z,6.343
2026-03-12T20:27:16Z,5.4115
2026-03-12T20:50:59Z,5.5512
2026-03-12T21:05:54Z,5.7927
2026-03-12T21:15:26Z,5.4102
2026-03-12T21:22:24Z,6.9772
2026-03-12T21:31:43Z,6.4723
2026-03-12T21:34:51Z,5.5406
2026-03-12T21:40:58Z,6.2217
2026-03-12T21:48:42Z,5.5341
2026-03-12T21:55:57Z,5.5518
2026-03-12T21:56:31Z,6.5476
2026-03-12T21:57:41Z,6.0008
2026-03-12T22:07:58Z,6.7734
2026-03-12T22:11:08Z,5.1953
2026-03-12T22:26:27Z,5.4815
2026-03-12T22:59:50Z,4.8637
2026-03-12T23:08:08Z,6.1047
2026-03-12T23:08:11Z,5.7826
2026-03-12T23:11:18Z,6.1467
2026-03-12T23:25:39Z,6.76
2026-03-12T23:31:16Z,6.557
2026-03-12T23:32:42Z,5.5307
2026-03-12T23:52:13Z,5.6062
2026-03-12T23:56:15Z,4.9967
2026-03-12T23:58:34Z,5.4464
2026-03-13T00:02:42Z,5.8935
2026-03-13T00:30:49Z,4.3573
2026-03-13T00:59:38Z,6.3345
2026-03-13T01:11:47Z,6.4687
2026-03-13T01:17:43Z,6.0966
2026-03-13T01:33:03Z,7.6654
2026-03-13T01:43:38Z,6.5362
2026-03-13T02:08:46Z,6.2338
2026-03-13T02:12:07Z,6.31
2026-03-13T02:14:08Z,6.0813
2026-03-13T02:20:21Z,5.9751
2026-03-13T02:20:24Z,5.07
2026-03-13T02:35:43Z,4.4878
2026-03-13T02:37:46Z,4.7298
2026-03-13T02:41:31Z,5.9661
2026-03-13T02:58:37Z,5.898
2026-03-13T02:59:47Z,5.3236
2026-03-13T03:00:03Z,5.9804
2026-03-13T03:06:42Z,4.2911
2026-03-13T03:09:09Z,6.4815
2026-03-13T03:13:40Z,6.6864
2026-03-13T03:18:47Z,6.494
2026-03-13T03:28:18Z,6.5701
2026-03-13T03:30:07Z,6.1029
2026-03-13T03:34:59Z,6.028
2026-03-13T03:47:12Z,5.3017
2026-03-13T03:55:43Z,6.2269
2026-03-13T03:57:29Z,5.9046
2026-03-13T04:06:41Z,5.6339
2026-03-13T04:12:11Z,6.3375
2026-03-13T04:13:20Z,6.5055
2026-03-13T04:14:26Z,6.4214
2026-03-13T04:16:34Z,6.41
2026-03-13T04:25:48Z,5.9931
2026-03-13T04:44:29Z,6.0195
2026-03-13T04:54:37Z,6.4672
2026-03-13T05:09:11Z,5.4843
2026-03-13T05:22:10Z,5.5571
2026-03-13T05:27:20Z,5.8013
2026-03-13T05:34:25Z,6.2847
2026-03-13T05:40:21Z,5.9211
2026-03-13T05:44:08Z,5.2644
2026-03-13T05:52:25Z,4.767
2026-03-13T05:54:15Z,5.4558
2026-03-13T05:54:58Z,6.2283
2026-03-13T06:07:14Z,6.3817
2026-03-13T06:16:47Z,6.6291
2026-03-13T06:19:20Z,5.3684
2026-03-13T06:25:57Z,5.7904
2026-03-13T06:26:04Z,6.1346
2026-03-13T06:27:24Z,4.7025
2026-03-13T06:31:57Z,5.4044
2026-03-13T06:35:03Z,5.8019
2026-03-13T06:35:58Z,6.3385
2026-03-13T06:48:22Z,4.9391
2026-03-13T07:09:45Z,5.2784
2026-03-13T07:12:36Z,7.6889
2026-03-13T07:33:56Z,6.9986
2026-03-13T07:45:52Z,5.9702
2026-03-13T07:52:09Z,3.9778
2026-03-13T07:53:37Z,5.1461
2026-03-13T08:03:05Z,6.3862
2026-03-13T08:18:14Z,5.2523
2026-03-13T08:26:27Z,6.3002
2026-03-13T09:02:09Z,6.1402
2026-03-13T09:12:45Z,5.6916
2026-03-13T09:27:13Z,6.2427
2026-03-13T09:29:49Z,5.985
2026-03-13T09:37:03Z,5.0197
2026-03-13T09:52:43Z,5.6828
2026-03-13T10:07:49Z,7.2973
2026-03-13T10:18:23Z,6.24
2026-03-13T10:39:16Z,5.1575
2026-03-13T10:39:53Z,6.7225
2026-03-13T10:58:27Z,6.2563
2026-03-13T11:01:17Z,5.4383
2026-03-13T11:09:01Z,6.2454
2026-03-13T11:13:31Z,4.9711
2026-03-13T11:18:04Z,6.2068
2026-03-13T11:20:37Z,5.9665
2026-03-13T11:25:56Z,6.6812
2026-03-13T11:56:35Z,4.5669
2026-03-13T12:11:22Z,5.2138
2026-03-13T12:13:09Z,5.9306
2026-03-13T12:29:48Z,5.5266
2026-03-13T12:34:37Z,5.597
2026-03-13T12:50:38Z,5.6069
2026-03-13T12:58:05Z,6.3153
2026-03-13T13:11:40Z,5.0303
2026-03-13T13:18:50Z,5.5969
2026-03-13T13:21:50Z,7.0859
2026-03-13T13:28:16Z,6.4131
2026-03-13T13:49:50Z,5.7109
2026-03-13T14:06:40Z,5.712
2026-03-13T14:16:01Z,6.1731
2026-03-13T14:36:49Z,5.3692
2026-03-13T14:42:20Z,5.979
2026-03-13T14:53:30Z,6.2989
2026-03-13T15:04:16Z,7.1243
2026-03-13T15:04:53Z,5.1791
2026-03-13T15:21:55Z,7.6532
2026-03-13T15:45:26Z,4.9614
2026-03-13T15:51:42Z,6.6825
2026-03-13T15:54:28Z,5.0463
2026-03-13T16:04:55Z,5.1308
2026-03-13T16:28:09Z,4.8141
2026-03-13T16:29:03Z,5.7541
2026-03-13T16:34:43Z,6.4201
2026-03-13T16:37:32Z,6.8232
2026-03-13T17:01:42Z,6.0291
2026-03-13T17:01:49Z,6.8407
2026-03-13T17:07:44Z,6.5575
2026-03-13T18:07:27Z,7.0143
2026-03-13T18:31:28Z,4.9852
2026-03-13T18:36:56Z,6.1109
2026-03-13T19:01:53Z,6.5926
2026-03-13T19:04:15Z,5.9576
2026-03-13T19:05:26Z,6.6022
2026-03-13T19:17:07Z,6.7504
2026-03-13T19:24:09Z,6.5361
2026-03-13T19:35:35Z,4.5351
2026-03-13T19:37:43Z,6.6265
2026-03-13T19:43:04Z,6.2183
2026-03-13T19:45:57Z,6.1234
2026-03-13T20:00:02Z,6.655
2026-03-13T20:21:41Z,6.882
2026-03-13T20:25:01Z,6.1469
2026-03-13T20:25:20Z,5.7225
2026-03-13T20:54:36Z,4.9478
2026-03-13T20:56:53Z,6.211
2026-03-13T21:00:41Z,6.9761
2026-03-13T21:16:17Z,5.4914
2026-03-13T21:25:06Z,5.5984
2026-03-13T21:30:06Z,6.4986
2026-03-13T21:43:28Z,5.5042
2026-03-13T21:44:29Z,5.4037
2026-03-13T22:07:04Z,6.2349
2026-03-13T22:12:34Z,6.2458
2026-03-13T22:32:00Z,6.1488
2026-03-13T23:29:19Z,6.0034
2026-03-13T23:32:12Z,6.1273
2026-03-13T23:32:12Z,7.3989
2026-03-13T23:41:47Z,8.3772
2026-03-13T23:48:26Z,6.715
2026-03-14T00:52:59Z,6.4049
2026-03-14T01:01:46Z,5.6085
2026-03-14T01:02:35Z,6.259
2026-03-14T01:03:10Z,6.3235
2026-03-14T01:12:44Z,5.6191
2026-03-14T01:17:06Z,6.0553
2026-03-14T01:25:02Z,6.5843
2026-03-14T01:26:58Z,6.3501
2026-03-14T01:46:50Z,6.3686
2026-03-14T02:03:40Z,6.1289
2026-03-14T02:11:28Z,4.6907
2026-03-14T02:40:15Z,5.9047
2026-03-14T02:47:00Z,5.7408
2026-03-14T02:55:44Z,6.5108
2026-03-14T02:57:53Z,5.676
2026-03-14T03:06:42Z,5.9151
2026-03-14T03:11:16Z,6.0982
2026-03-14T03:31:43Z,6.2485
2026-03-14T03:33:28Z,5.9193
2026-03-14T03:47:05Z,5.6205
2026-03-14T03:48:09Z,5.5927
2026-03-14T04:18:46Z,6.0057
2026-03-14T04:24:28Z,6.0646
2026-03-14T04:45:40Z,6.3283
2026-03-14T04:50:53Z,6.4023
2026-03-14T04:55:28Z,5.193
2026-03-14T04:59:30Z,7.0776
2026-03-14T05:29:24Z,5.3255
2026-03-14T05:29:45Z,7.4823
2026-03-14T05:30:38Z,6.9915
2026-03-14T05:31:52Z,7.1717
2026-03-14T05:33:01Z,5.3342
2026-03-14T05:41:37Z,6.8391
2026-03-14T05:45:03Z,3.9362
2026-03-14T05:48:28Z,6.2682
2026-03-14T06:09:00Z,5.1591
2026-03-14T06:19:07Z,6.3438
2026-03-14T06:24:55Z,5.8399
2026-03-14T06:34:57Z,5.3154
2026-03-14T06:43:51Z,6.0051
2026-03-14T06:58:40Z,4.6892
2026-03-14T07:01:41Z,6.3448
2026-03-14T07:16:55Z,5.6691
2026-03-14T07:58:27Z,5.5165
2026-03-14T08:04:49Z,6.4182
2026-03-14T08:05:50Z,5.9582
2026-03-14T08:21:32Z,6.435
2026-03-14T08:28:12Z,6.2867
2026-03-14T08:33:39Z,5.2297
2026-03-14T08:45:20Z,5.7884
2026-03-14T09:03:04Z,7.1765
2026-03-14T09:06:29Z,5.2943
2026-03-14T09:06:50Z,6.0319
2026-03-14T09:14:34Z,5.0864
2026-03-14T09:33:32Z,6.8403
2026-03-14T09:43:15Z,4.9938
2026-03-14T09:58:21Z,5.9928
2026-03-14T10:22:23Z,5.9944
2026-03-14T10:34:34Z,5.6461
2026-03-14T10:39:29Z,6.1074
2026-03-14T10:42:00Z,6.029
2026-03-14T10:56:53Z,4.7806
2026-03-14T10:58:19Z,5.6708
2026-03-14T11:10:15Z,5.212
2026-03-14T11:18:40Z,5.5757
2026-03-14T11:37:08Z,6.6705
2026-03-14T11:53:13Z,5.8454
2026-03-14T11:57:01Z,6.456
2026-03-14T12:04:08Z,6.0744
2026-03-14T12:28:01Z,5.2726
2026-03-14T12:35:40Z,5.7529
2026-03-14T12:38:29Z,6.0536
2026-03-14T12:39:12Z,5.7505
2026-03-14T12:45:31Z,6.0573
2026-03-14T12:52:55Z,6.2733
2026-03-14T13:04:06Z,6.0164
2026-03-14T13:11:00Z,5.4933
2026-03-14T13:25:38Z,6.8397
2026-03-14T13:38:57Z,5.9786
2026-03-14T13:46:36Z,6.1824
2026-03-14T14:04:55Z,5.6246
2026-03-14T14:17:18Z,5.6275
2026-03-14T14:20:37Z,5.1883
2026-03-14T14:47:03Z,5.3958
2026-03-14T14:47:17Z,5.0115
2026-03-14T14:54:44Z,5.4478
2026-03-14T15:02:11Z,6.4976
2026-03-14T15:06:37Z,5.3605
2026-03-14T15:17:10Z,5.9175
2026-03-14T15:30:30Z,6.3193
2026-03-14T15:39:12Z,5.2042
2026-03-14T15:40:44Z,4.4563
2026-03-14T15:50:06Z,6.9025
2026-03-14T15:53:30Z,4.8162
2026-03-14T16:23:47Z,5.7363
2026-03-14T16:24:40Z,5.5848
2026-03-14T16:35:34Z,5.742
2026-03-14T16:37:15Z,6.2733
2026-03-14T17:06:16Z,5.3533
2026-03-14T17:07:35Z,5.5263
2026-03-14T17:14:59Z,5.8438
2026-03-14T17:20:22Z,4.9426
2026-03-14T17:23:42Z,5.7959
2026-03-14T17:34:37Z,5.8769
2026-03-14T17:36:26Z,5.8558
2026-03-14T17:48:17Z,5.6247
2026-03-14T18:01:38Z,5.9979
2026-03-14T18:01:47Z,6.1122
2026-03-14T18:03:03Z,5.7665
2026-03-14T18:04:50Z,5.3982
2026-03-14T18:13:43Z,6.0064
2026-03-14T18:33:32Z,5.0813
2026-03-14T19:08:17Z,7.0103
2026-03-14T19:09:33Z,6.0962
2026-03-14T19:13:05Z,6.7532
2026-03-14T19:17:59Z,4.9627
2026-03-14T19:23:00Z,6.6071
2026-03-14T19:26:58Z,5.4347
2026-03-14T19:33:58Z,6.791
2026-03-14T19:38:54Z,6.2346
2026-03-14T19:39:35Z,5.1387
2026-03-14T19:43:26Z,5.6994
2026-03-14T19:56:03Z,5.8975
2026-03-14T20:27:09Z,6.5016
2026-03-14T20:27:38Z,5.8494
2026-03-14T20:30:20Z,5.6442
2026-03-14T20:31:46Z,5.2572
2026-03-14T20:34:38Z,6.1611
2026-03-14T20:35:42Z,5.8911
2026-03-14T20:57:53Z,4.9521
2026-03-14T20:59:52Z,5.9151
2026-03-14T22:22:34Z,5.2338
2026-03-14T22:29:54Z,6.9141
2026-03-14T22:34:34Z,5.2375
2026-03-14T22:41:45Z,7.5591
2026-03-14T22:45:09Z,5.3888
2026-03-14T22:46:18Z,6.2725
2026-03-14T22:59:23Z,6.0278
2026-03-14T23:05:41Z,6.4395
2026-03-14T23:12:21Z,6.1804
2026-03-14T23:20:47Z,6.2077
2026-03-14T23:27:12Z,6.2652
2026-03-14T23:31:23Z,6.256
2026-03-14T23:44:42Z,6.5637
2026-03-14T23:58:34Z,5.0024
2026-03-15T00:31:56Z,5.4938
2026-03-15T00:42:52Z,6.2206
2026-03-15T01:02:04Z,5.4368
2026-03-15T01:03:10Z,5.7026
2026-03-15T01:10:40Z,5.8176
2026-03-15T01:39:00Z,6.8642
2026-03-15T01:41:48Z,5.7138
2026-03-15T01:43:50Z,5.2171
2026-03-15T01:44:03Z,6.8456
2026-03-15T01:51:26Z,5.1225
2026-03-15T01:59:18Z,6.0708
2026-03-15T02:15:25Z,4.9319
2026-03-15T02:34:59Z,5.1957
2026-03-15T02:44:26Z,6.1073
2026-03-15T03:00:03Z,5.807
2026-03-15T03:14:38Z,6.435
2026-03-15T03:23:07Z,5.0333
2026-03-15T03:31:35Z,6.1686
2026-03-15T03:48:40Z,5.5152
2026-03-15T03:54:09Z,5.7831
2026-03-15T03:55:22Z,5.0401
2026-03-15T04:01:23Z,6.4446
2026-03-15T04:16:59Z,5.8508
2026-03-15T04:17:59Z,5.8706
2026-03-15T04:34:42Z,6.0361
2026-03-15T04:36:59Z,5.8933
2026-03-15T04:52:30Z,6.6127
2026-03-15T04:57:35Z,6.1872
2026-03-15T05:08:30Z,5.1984
2026-03-15T05:16:00Z,5.8319
2026-03-15T05:17:32Z,5.5091
2026-03-15T05:49:03Z,6.2485
2026-03-15T06:15:16Z,4.6442
2026-03-15T06:19:03Z,5.3929
2026-03-15T06:23:29Z,5.1328
2026-03-15T06:30:38Z,6.0746
2026-03-15T06:46:18Z,5.7444
2026-03-15T07:10:32Z,5.4994
2026-03-15T07:17:11Z,7.3442
2026-03-15T07:22:10Z,5.1174
2026-03-15T07:23:42Z,6.5179
2026-03-15T07:26:09Z,6.6605
2026-03-15T07:33:41Z,7.3364
2026-03-15T07:43:57Z,6.5662
2026-03-15T07:56:24Z,6.1913
2026-03-15T07:58:09Z,5.3641
2026-03-15T08:13:07Z,5.9747
2026-03-15T08:46:45Z,6.6826
2026-03-15T08:47:33Z,5.6339
2026-03-15T09:04:22Z,5.7031
2026-03-15T09:23:07Z,6.2985
2026-03-15T09:31:26Z,5.6954
2026-03-15T09:35:00Z,6.6652
2026-03-15T09:40:10Z,4.9216
2026-03-15T09:40:18Z,6.5111
2026-03-15T09:46:48Z,7.4928
2026-03-15T09:52:32Z,7.1834
2026-03-15T10:02:15Z,6.5345
2026-03-15T10:07:00Z,4.8101
2026-03-15T10:11:00Z,6.0819
2026-03-15T10:13:22Z,7.3683
2026-03-15T10:26:36Z,7.0013
2026-03-15T10:31:02Z,6.3686
2026-03-15T10:47:01Z,6.2315
2026-03-15T10:48:55Z,5.9419
2026-03-15T11:28:52Z,6.2464
2026-03-15T11:46:20Z,4.5153
2026-03-15T11:51:11Z,5.8741
2026-03-15T12:10:40Z,5.5336
2026-03-15T12:13:39Z,5.7855
2026-03-15T12:13:40Z,5.7701
2026-03-15T12:51:32Z,7.1055
2026-03-15T12:53:33Z,5.4758
2026-03-15T13:26:58Z,6.1731
2026-03-15T13:28:05Z,5.3257
2026-03-15T13:29:32Z,5.4475
2026-03-15T13:38:59Z,5.6983
2026-03-15T13:47:44Z,5.4623
2026-03-15T14:00:17Z,5.1831
2026-03-15T14:21:31Z,6.4672
2026-03-15T14:36:06Z,5.2273
2026-03-15T14:36:53Z,5.2783
2026-03-15T14:51:55Z,6.6574
2026-03-15T14:53:21Z,5.9285
2026-03-15T15:24:22Z,6.9658
2026-03-15T15:28:55Z,5.1368
2026-03-15T15:40:07Z,6.5014
2026-03-15T15:47:27Z,5.9647
2026-03-15T15:49:53Z,4.3975
2026-03-15T15:58:30Z,5.7371
2026-03-15T16:12:17Z,4.8115
2026-03-15T16:12:37Z,6.4559
2026-03-15T16:18:25Z,6.5013
2026-03-15T16:44:53Z,6.1471
2026-03-15T16:56:17Z,5.96
2026-03-15T17:01:01Z,5.3512
2026-03-15T17:01:01Z,6.6184
2026-03-15T17:03:46Z,5.843
2026-03-15T17:07:45Z,4.984
2026-03-15T17:33:06Z,5.772
2026-03-15T17:34:57Z,4.4695
2026-03-15T17:35:26Z,6.3108
2026-03-15T17:39:46Z,5.7315
2026-03-15T17:56:54Z,5.7677
2026-03-15T18:16:00Z,5.7868
2026-03-15T18:24:57Z,5.9927
2026-03-15T18:48:31Z,7.0369
2026-03-15T19:08:10Z,5.541
2026-03-15T19:19:28Z,5.7512
2026-03-15T19:26:13Z,5.9812
2026-03-15T19:46:56Z,6.4213
2026-03-15T20:02:38Z,5.8244
2026-03-15T20:07:50Z,6.7726
2026-03-15T20:15:46Z,6.008
2026-03-15T20:27:01Z,5.9395
2026-03-15T20:30:31Z,6.2618
2026-03-15T20:46:37Z,5.4599
2026-03-15T20:47:11Z,5.1983
2026-03-15T21:21:06Z,6.9331
2026-03-15T21:22:14Z,6.0126
2026-03-15T21:44:30Z,6.0826
2026-03-15T21:50:37Z,5.759
2026-03-15T21:51:26Z,5.3991
2026-03-15T21:54:13Z,6.0393
2026-03-15T22:00:36Z,5.8795
2026-03-15T22:17:22Z,4.8048
2026-03-15T22:19:43Z,6.3793
2026-03-15T22:27:14Z,6.161
2026-03-15T22:29:37Z,6.1308
2026-03-15T22:41:25Z,6.4031
2026-03-15T22:43:27Z,4.9123
2026-03-15T22:46:55Z,5.8274
2026-03-15T23:01:15Z,6.1231
2026-03-15T23:03:21Z,4.9657
2026-03-15T23:45:42Z,6.3598
2026-03-15T23:47:12Z,5.2786
2026-03-15T23:47:34Z,6.7103
2026-03-15T23:49:33Z,5.5677
2026-03-15T23:52:40Z,5.8004
2026-03-16T00:12:19Z,6.0961
2026-03-16T00:13:24Z,5.8419
2026-03-16T00:24:35Z,5.3369
2026-03-16T00:25:31Z,5.9875
2026-03-16T00:39:22Z,5.9597
2026-03-16T00:46:29Z,6.5302
2026-03-16T01:09:45Z,5.2698
2026-03-16T01:15:41Z,5.2714
2026-03-16T01:18:24Z,5.8936
2026-03-16T01:29:35Z,4.7926
2026-03-16T01:32:14Z,5.9307
2026-03-16T01:33:12Z,5.0927
2026-03-16T01:34:52Z,6.0273
2026-03-16T01:38:37Z,6.2983
2026-03-16T01:39:34Z,5.9548
2026-03-16T01:41:07Z,6.0356
2026-03-16T01:45:00Z,5.49
2026-03-16T01:48:32Z,7.0837
2026-03-16T02:12:08Z,5.7672
2026-03-16T02:14:45Z,7.0223
2026-03-16T02:30:15Z,6.1433
2026-03-16T02:49:38Z,6.4795
2026-03-16T02:56:58Z,6.3319
2026-03-16T03:15:46Z,6.7096
2026-03-16T03:23:27Z,6.0894
2026-03-16T03:27:33Z,6.031
2026-03-16T03:30:02Z,5.7169
2026-03-16T03:31:18Z,5.8276
2026-03-16T03:36:09Z,6.4368
2026-03-16T03:52:47Z,6.4051
2026-03-16T03:58:15Z,5.7447
2026-03-16T04:38:19Z,7.1166
2026-03-16T04:39:11Z,5.501
2026-03-16T04:45:04Z,5.6756
2026-03-16T04:46:42Z,5.1297
2026-03-16T05:08:18Z,6.2785
2026-03-16T05:15:28Z,6.572
2026-03-16T05:23:58Z,6.2108
2026-03-16T05:29:26Z,7.0335
2026-03-16T05:33:40Z,5.0829
2026-03-16T05:36:18Z,6.2405
2026-03-16T05:37:00Z,6.2802
2026-03-16T05:39:24Z,6.2886
2026-03-16T05:49:20Z,5.4014
2026-03-16T06:15:45Z,6.1638
2026-03-16T06:19:56Z,6.5178
2026-03-16T06:28:15Z,5.8311
2026-03-16T06:36:10Z,5.6442
2026-03-16T06:43:06Z,5.496
2026-03-16T06:43:43Z,5.4209
2026-03-16T06:47:30Z,6.933
2026-03-16T06:48:21Z,6.5756
2026-03-16T06:50:36Z,5.3635
2026-03-16T06:53:50Z,6.3407
2026-03-16T06:55:16Z,5.669
2026-03-16T07:01:43Z,6.2411
2026-03-16T07:06:39Z,6.9423
2026-03-16T07:10:28Z,6.811
2026-03-16T07:45:42Z,5.3937
2026-03-16T07:58:01Z,4.8168
2026-03-16T08:05:48Z,4.7325
2026-03-16T08:06:05Z,4.622
2026-03-16T08:47:02Z,6.9403
2026-03-16T08:59:33Z,4.8006
2026-03-16T09:09:46Z,6.2548
2026-03-16T09:09:46Z,6.4967
2026-03-16T09:24:50Z,6.7578
2026-03-16T09:26:27Z,5.6318
2026-03-16T09:50:37Z,5.6591
2026-03-16T10:01:38Z,5.9034
2026-03-16T10:06:33Z,5.888
2026-03-16T10:15:30Z,5.5438
2026-03-16T10:38:51Z,6.7491
2026-03-16T10:43:24Z,5.178
2026-03-16T11:09:51Z,5.2232
2026-03-16T11:17:07Z,6.314
2026-03-16T11:51:42Z,5.2308
2026-03-16T12:15:03Z,6.852
2026-03-16T12:19:11Z,6.0033
2026-03-16T12:21:19Z,6.7012
2026-03-16T12:42:39Z,6.3785
2026-03-16T12:43:18Z,6.405
2026-03-16T12:50:31Z,6.0236
2026-03-16T12:53:10Z,6.3118
2026-03-16T13:12:06Z,6.6267
2026-03-16T13:18:01Z,6.508
2026-03-16T13:24:00Z,6.0197
2026-03-16T13:29:03Z,6.1676
2026-03-16T13:42:26Z,4.9055
2026-03-16T13:52:09Z,5.2332
2026-03-16T13:56:51Z,6.1051
2026-03-16T14:10:39Z,6.5845
2026-03-16T14:22:10Z,6.5701
2026-03-16T14:34:29Z,6.5119
2026-03-16T14:51:04Z,5.6843
2026-03-16T14:54:03Z,5.9494
2026-03-16T14:55:43Z,6.4559
2026-03-16T14:57:23Z,6.4909
2026-03-16T15:00:02Z,6.4652
2026-03-16T15:09:15Z,6.6443
2026-03-16T15:12:31Z,5.4069
2026-03-16T15:33:24Z,6.6329
2026-03-16T15:40:58Z,5.3812
2026-03-16T15:52:13Z,5.8342
2026-03-16T15:53:51Z,5.9386
2026-03-16T15:57:04Z,5.8595
2026-03-16T16:45:44Z,6.1702
2026-03-16T16:50:35Z,6.4858
2026-03-16T16:56:53Z,6.3669
2026-03-16T16:59:08Z,6.1019
2026-03-16T17:02:43Z,5.8781
2026-03-16T17:04:39Z,6.5454
2026-03-16T17:05:08Z,6.5587
2026-03-16T17:11:22Z,6.6923
2026-03-16T17:31:00Z,6.3203
2026-03-16T17:37:29Z,5.2424
2026-03-16T18:05:10Z,5.4488
2026-03-16T18:15:07Z,7.2706
2026-03-16T18:17:26Z,6.4482
2026-03-16T18:26:30Z,6.8102
2026-03-16T18:28:42Z,4.6715
2026-03-16T18:51:45Z,4.9975
2026-03-16T19:06:07Z,4.7963
2026-03-16T19:16:03Z,6.614
2026-03-16T19:16:17Z,5.5287
2026-03-16T19:19:00Z,6.2272
2026-03-16T19:23:56Z,5.383
2026-03-16T19:36:06Z,6.4756
2026-03-16T19:45:20Z,7.1123
2026-03-16T19:52:23Z,5.9609
2026-03-16T20:01:23Z,6.0299
2026-03-16T20:02:34Z,6.355
2026-03-16T20:55:47Z,5.2588
2026-03-16T21:03:44Z,6.6231
2026-03-16T21:06:34Z,6.5959
2026-03-16T21:21:59Z,5.7104
2026-03-16T21:26:38Z,6.5735
2026-03-16T21:35:24Z,5.5699
2026-03-16T21:41:34Z,5.5614
2026-03-16T21:43:07Z,6.8016
2026-03-16T21:53:57Z,4.7717
2026-03-16T21:57:42Z,6.0287
2026-03-16T22:06:10Z,6.0426
2026-03-16T22:34:32Z,4.6665
2026-03-16T22:35:04Z,5.5919
2026-03-16T22:37:37Z,5.8814
2026-03-16T22:50:57Z,5.1504
2026-03-16T22:54:11Z,5.7046
2026-03-16T23:03:48Z,5.4798
2026-03-16T23:03:52Z,3.8904
2026-03-16T23:11:46Z,7.1454
2026-03-16T23:15:58Z,6.1186
2026-03-16T23:16:59Z,4.7531
2026-03-16T23:21:24Z,6.3996
2026-03-16T23:37:53Z,7.0271
2026-03-16T23:40:24Z,6.0795
2026-03-16T23:45:34Z,4.5131
2026-03-16T23:56:34Z,5.698
2026-03-17T00:01:59Z,5.5892
2026-03-17T00:25:58Z,6.1868
2026-03-17T00:29:38Z,6.6576
2026-03-17T00:51:17Z,5.9653
2026-03-17T00:53:55Z,7.4286
2026-03-17T01:18:04Z,5.7863
2026-03-17T01:31:38Z,6.1145
2026-03-17T01:33:14Z,5.7387
2026-03-17T01:35:54Z,5.1324
2026-03-17T01:56:17Z,7.0731
2026-03-17T01:58:48Z,6.1213
2026-03-17T02:06:38Z,6.0884
2026-03-17T02:16:31Z,6.5899
2026-03-17T02:20:33Z,6.1122
2026-03-17T02:22:49Z,5.7047
2026-03-17T02:23:43Z,5.2483
2026-03-17T02:25:03Z,5.5022
2026-03-17T02:37:23Z,5.5123
2026-03-17T02:40:15Z,6.3468
2026-03-17T02:46:29Z,5.8896
2026-03-17T03:10:05Z,5.4229
2026-03-17T03:13:43Z,6.9782
2026-03-17T03:19:46Z,6.0784
2026-03-17T03:29:40Z,6.7936
2026-03-17T03:36:48Z,5.5312
2026-03-17T03:41:58Z,5.4216
2026-03-17T03:44:41Z,5.3436
2026-03-17T04:13:21Z,4.9079
2026-03-17T04:20:32Z,4.7702
2026-03-17T04:24:16Z,5.3739
2026-03-17T04:31:18Z,5.581
2026-03-17T04:42:16Z,5.5226
2026-03-17T04:47:46Z,6.038
2026-03-17T04:53:03Z,6.3042
2026-03-17T05:07:36Z,5.2731
2026-03-17T05:10:37Z,5.9759
2026-03-17T05:15:31Z,6.5941
2026-03-17T05:28:33Z,6.7036
2026-03-17T06:17:46Z,5.511
2026-03-17T06:28:16Z,6.8983
2026-03-17T06:43:16Z,5.0107
2026-03-17T07:00:47Z,5.9874
2026-03-17T07:08:42Z,6.8513
2026-03-17T07:28:08Z,5.3473
2026-03-17T07:30:39Z,7.2443
2026-03-17T07:35:36Z,5.7559
2026-03-17T07:39:08Z,6.1257
2026-03-17T07:41:11Z,5.2355
2026-03-17T07:44:04Z,6.4752
2026-03-17T07:47:52Z,6.5971
2026-03-17T07:57:25Z,6.193
2026-03-17T07:57:58Z,6.5574
2026-03-17T08:01:32Z,6.412
2026-03-17T08:12:00Z,5.9775
2026-03-17T08:35:08Z,4.4164
2026-03-17T08:40:44Z,6.0855
2026-03-17T09:09:23Z,5.4595
2026-03-17T09:09:46Z,6.1762
2026-03-17T09:19:03Z,4.7436
2026-03-17T09:21:15Z,7.7343
2026-03-17T09:36:38Z,6.5271
2026-03-17T09:49:38Z,4.9878
2026-03-17T09:51:57Z,5.7741
2026-03-17T10:03:41Z,5.5613
2026-03-17T10:27:01Z,5.8925
2026-03-17T10:52:59Z,6.5668
2026-03-17T11:23:05Z,6.4961
2026-03-17T11:34:14Z,6.2796
2026-03-17T11:35:58Z,6.1761
2026-03-17T11:42:18Z,6.7866
2026-03-17T12:26:22Z,7.5432
2026-03-17T12:32:33Z,6.5892
2026-03-17T12:35:26Z,5.9122
2026-03-17T12:42:31Z,5.7384
2026-03-17T13:08:37Z,6.1914
2026-03-17T13:09:13Z,5.022
2026-03-17T13:14:04Z,6.1329
2026-03-17T13:33:11Z,5.8864
2026-03-17T13:41:41Z,7.0097
2026-03-17T13:46:12Z,6.0008
2026-03-17T13:49:29Z,6.5132
2026-03-17T13:50:37Z,6.275
2026-03-17T14:15:16Z,5.5983
2026-03-17T14:26:15Z,6.7303
2026-03-17T14:30:59Z,5.2311
2026-03-17T14:43:20Z,4.9584
2026-03-17T14:46:43Z,6.3679
2026-03-17T15:15:51Z,6.1573
2026-03-17T15:19:32Z,6.8529
2026-03-17T15:27:05Z,6.966
2026-03-17T15:40:17Z,5.1864
2026-03-17T15:48:15Z,5.6837
2026-03-17T15:51:26Z,7.9128
2026-03-17T15:52:55Z,5.7238
2026-03-17T16:00:48Z,5.3533
2026-03-17T16:12:32Z,5.5881
2026-03-17T16:26:39Z,6.7335
2026-03-17T16:28:39Z,6.0136
2026-03-17T16:29:38Z,4.6713
2026-03-17T16:30:17Z,6.4161
2026-03-17T16:31:40Z,4.508
2026-03-17T16:46:58Z,6.295
2026-03-17T16:48:57Z,6.0689
2026-03-17T17:07:52Z,6.6955
2026-03-17T17:15:53Z,5.8668
2026-03-17T17:34:15Z,6.5746
2026-03-17T17:44:36Z,6.902
2026-03-17T17:45:56Z,5.6237
2026-03-17T17:55:00Z,6.1845
2026-03-17T17:59:20Z,6.4151
2026-03-17T18:11:59Z,6.3109
2026-03-17T18:23:32Z,6.5771
2026-03-17T18:54:40Z,5.6114
2026-03-17T19:00:50Z,7.3637
2026-03-17T19:23:07Z,6.1479
2026-03-17T19:26:42Z,6.1418
2026-03-17T19:43:14Z,5.3399
2026-03-17T19:48:36Z,6.4613
2026-03-17T19:54:08Z,7.0767
2026-03-17T20:00:05Z,5.898
2026-03-17T20:27:39Z,5.5062
2026-03-17T20:27:58Z,5.1038
2026-03-17T20:35:55Z,4.6913
2026-03-17T20:46:18Z,5.151
2026-03-17T20:57:56Z,6.1719
2026-03-17T20:59:14Z,6.386
2026-03-17T21:15:37Z,6.092
2026-03-17T21:37:24Z,5.1385
2026-03-17T21:38:36Z,6.3465
2026-03-17T21:53:07Z,6.287
2026-03-17T21:56:50Z,5.8876
2026-03-17T21:59:50Z,6.0606
2026-03-17T22:03:26Z,5.8265
2026-03-17T22:19:19Z,5.1796
2026-03-17T22:19:48Z,5.7167
2026-03-17T22:26:05Z,6.5377
2026-03-17T22:38:39Z,6.6169
2026-03-17T22:46:03Z,6.6162
2026-03-17T22:46:34Z,6.6876
2026-03-17T22:48:50Z,6.6227
2026-03-17T23:00:49Z,7.2365
2026-03-17T23:17:32Z,5.589
2026-03-17T23:36:08Z,6.8721
2026-03-17T23:46:38Z,5.3682
2026-03-17T23:47:02Z,6.0093
2026-03-18T00:11:25Z,5.763
2026-03-18T00:25:25Z,6.2829
2026-03-18T00:40:04Z,7.0473
2026-03-18T00:46:46Z,5.2167
2026-03-18T00:47:14Z,6.5949
2026-03-18T01:04:27Z,5.3959
2026-03-18T01:23:35Z,6.4834
2026-03-18T01:31:17Z,5.8884
2026-03-18T01:48:43Z,6.2836
2026-03-18T01:56:36Z,6.2756
2026-03-18T02:05:02Z,6.4328
2026-03-18T02:22:19Z,6.0207
2026-03-18T02:29:30Z,6.0104
2026-03-18T02:34:11Z,6.1231
2026-03-18T02:41:47Z,4.6873
2026-03-18T03:49:09Z,7.2811
2026-03-18T03:50:15Z,4.9813
2026-03-18T04:04:06Z,6.342
2026-03-18T04:07:05Z,5.5932
2026-03-18T04:22:38Z,6.0695
2026-03-18T04:38:13Z,6.4065
2026-03-18T04:42:00Z,5.5205
2026-03-18T04:49:01Z,5.0239
2026-03-18T04:52:57Z,7.2316
2026-03-18T04:57:20Z,5.8176
2026-03-18T05:05:59Z,7.8842
2026-03-18T05:09:43Z,5.2836
2026-03-18T05:19:27Z,6.1865
2026-03-18T05:33:29Z,5.077
2026-03-18T05:35:04Z,6.0006
2026-03-18T05:40:12Z,6.3774
2026-03-18T05:41:51Z,5.3061
2026-03-18T05:48:16Z,6.2264
2026-03-18T05:51:43Z,5.736
2026-03-18T05:55:37Z,6.4152
2026-03-18T06:03:11Z,5.6845
2026-03-18T06:27:43Z,5.7743
2026-03-18T06:35:19Z,5.5549
2026-03-18T06:42:18Z,5.6971
2026-03-18T06:42:58Z,5.8244
2026-03-18T06:45:05Z,7.2836
2026-03-18T06:50:24Z,5.9893
2026-03-18T07:05:43Z,6.7134
2026-03-18T07:18:50Z,7.7906
2026-03-18T07:21:12Z,5.6064
2026-03-18T07:38:12Z,5.9457
2026-03-18T07:38:42Z,5.5514
2026-03-18T07:47:34Z,6.0982
2026-03-18T07:49:08Z,6.7972
2026-03-18T07:54:06Z,5.6694
2026-03-18T07:55:42Z,5.7085
2026-03-18T08:04:18Z,6.3845
2026-03-18T08:11:52Z,6.6882
2026-03-18T08:12:32Z,7.2079
2026-03-18T08:19:15Z,6.1182
2026-03-18T08:21:06Z,5.71
2026-03-18T08:26:29Z,6.2393
2026-03-18T08:30:58Z,5.3772
2026-03-18T08:36:18Z,5.7492
2026-03-18T08:37:30Z,5.3159
2026-03-18T08:52:54Z,6.1665
2026-03-18T09:04:02Z,6.3198
2026-03-18T09:33:32Z,5.9437
2026-03-18T09:40:22Z,6.1071
2026-03-18T09:57:45Z,5.3026
2026-03-18T10:02:35Z,6.7775
2026-03-18T10:05:41Z,6.9006
2026-03-18T10:06:20Z,5.6193
2026-03-18T10:26:58Z,6.91
2026-03-18T10:28:09Z,5.007
2026-03-18T10:42:53Z,6.2942
2026-03-18T10:54:20Z,6.0947
2026-03-18T11:32:56Z,5.4402
2026-03-18T11:43:20Z,5.7026
2026-03-18T11:43:25Z,6.4974
2026-03-18T12:00:35Z,5.7961
2026-03-18T12:12:41Z,6.0192
2026-03-18T12:54:16Z,5.9708
2026-03-18T13:02:47Z,5.1438
2026-03-18T13:07:07Z,6.0529
2026-03-18T13:09:42Z,6.1035
2026-03-18T13:20:24Z,4.7917
2026-03-18T13:24:07Z,5.8785
2026-03-18T13:31:38Z,6.7453
2026-03-18T13:37:45Z,6.8811
2026-03-18T13:40:08Z,6.27
2026-03-18T13:40:39Z,5.7236
2026-03-18T13:48:01Z,6.3433
2026-03-18T14:08:37Z,5.8096
2026-03-18T14:18:13Z,5.5349
2026-03-18T14:26:30Z,6.4966
2026-03-18T14:31:43Z,5.8341
2026-03-18T14:42:39Z,5.2878
2026-03-18T14:52:18Z,5.4341
2026-03-18T14:57:29Z,6.0813
2026-03-18T15:07:21Z,7.4003
2026-03-18T15:18:48Z,6.3153
2026-03-18T15:33:14Z,5.1006
2026-03-18T15:58:31Z,5.6459
2026-03-18T16:01:12Z,6.367
2026-03-18T16:04:47Z,6.621
2026-03-18T16:07:14Z,5.9996
2026-03-18T16:08:00Z,5.7543
2026-03-18T16:14:46Z,7.4709
2026-03-18T16:18:13Z,5.4303
2026-03-18T16:21:16Z,6.3041
2026-03-18T16:30:08Z,7.1514
2026-03-18T16:44:00Z,6.7654
2026-03-18T16:55:10Z,5.1765
2026-03-18T16:58:34Z,6.2544
2026-03-18T16:59:20Z,6.2071
2026-03-18T17:06:22Z,5.9605
2026-03-18T17:07:07Z,6.0724
2026-03-18T17:07:42Z,7.4778
2026-03-18T17:07:45Z,5.435
2026-03-18T17:20:55Z,5.3647
2026-03-18T17:23:50Z,6.3095
2026-03-18T17:49:17Z,5.2481
2026-03-18T17:51:40Z,5.7359
2026-03-18T17:51:44Z,5.7632
2026-03-18T18:00:58Z,5.86
2026-03-18T18:11:25Z,6.4697
2026-03-18T18:17:34Z,5.4044
2026-03-18T18:25:51Z,5.9213
2026-03-18T18:32:53Z,6.9999
2026-03-18T18:36:28Z,5.804
2026-03-18T18:45:37Z,6.3708
2026-03-18T18:58:51Z,5.0634
2026-03-18T19:02:52Z,5.9924
2026-03-18T19:03:14Z,5.4789
2026-03-18T19:15:27Z,6.4648
2026-03-18T19:22:16Z,5.9617
2026-03-18T19:39:33Z,6.3841
2026-03-18T19:43:55Z,5.4548
2026-03-18T19:49:23Z,6.1467
2026-03-18T19:51:28Z,6.7025
2026-03-18T20:03:00Z,4.6415
2026-03-18T20:08:08Z,5.7158
2026-03-18T20:20:26Z,5.6312
2026-03-18T20:20:29Z,5.5652
2026-03-18T20:25:23Z,6.2385
2026-03-18T20:31:55Z,5.458
2026-03-18T20:39:07Z,4.5681
2026-03-18T20:44:47Z,4.7731
2026-03-18T20:44:53Z,6.796
2026-03-18T20:49:50Z,6.3682
2026-03-18T20:58:32Z,6.8636
2026-03-18T21:13:11Z,5.3816
2026-03-18T21:23:21Z,5.2153
2026-03-18T21:31:43Z,6.4624
2026-03-18T21:33:31Z,5.3595
2026-03-18T21:38:20Z,6.7601
2026-03-18T21:39:54Z,5.7965
2026-03-18T21:50:39Z,6.048
2026-03-18T22:40:19Z,5.4594
2026-03-18T22:42:51Z,5.8602
2026-03-18T22:50:08Z,5.1138
2026-03-18T22:56:12Z,5.9367
2026-03-18T22:58:11Z,6.9392
2026-03-18T23:09:08Z,4.9007
2026-03-18T23:18:09Z,5.2386
2026-03-18T23:22:33Z,5.6928
2026-03-18T23:25:15Z,7.4082
2026-03-18T23:40:31Z,5.5276
2026-03-18T23:41:27Z,5.5146
2026-03-18T23:55:33Z,5.4936
2026-03-19T00:11:23Z,5.57
2026-03-19T00:20:41Z,4.2231
2026-03-19T00:20:48Z,6.4192
2026-03-19T00:37:33Z,5.9971
2026-03-19T00:37:49Z,6.19
2026-03-19T00:40:41Z,6.3775
2026-03-19T00:45:48Z,6.228
2026-03-19T00:50:07Z,5.3629
2026-03-19T00:53:13Z,5.7121
2026-03-19T00:57:35Z,6.1358
2026-03-19T01:03:57Z,6.8477
2026-03-19T01:07:41Z,4.0043
2026-03-19T01:20:21Z,6.519
2026-03-19T01:25:49Z,6.2166
2026-03-19T01:33:40Z,6.9328
2026-03-19T01:37:32Z,4.7081
2026-03-19T01:41:13Z,5.9232
2026-03-19T01:41:26Z,6.4166
2026-03-19T01:52:02Z,6.1119
2026-03-19T02:24:47Z,6.327
2026-03-19T02:28:07Z,6.5358
2026-03-19T02:40:04Z,6.2413
2026-03-19T02:47:24Z,5.2136
2026-03-19T02:55:11Z,5.7667
2026-03-19T03:09:24Z,5.2202
2026-03-19T03:16:20Z,4.8241
2026-03-19T03:17:41Z,4.8428
2026-03-19T03:20:05Z,5.5131
2026-03-19T03:21:51Z,5.2219
2026-03-19T03:23:15Z,6.0204
2026-03-19T03:26:09Z,6.2494
2026-03-19T03:45:32Z,6.7407
2026-03-19T03:52:09Z,6.2859
2026-03-19T04:03:01Z,5.0729
2026-03-19T04:11:34Z,5.6326
2026-03-19T04:25:54Z,6.1107
2026-03-19T04:33:01Z,6.622
2026-03-19T04:50:06Z,5.6572
2026-03-19T04:50:48Z,4.8607
2026-03-19T04:52:13Z,6.0129
2026-03-19T05:02:30Z,6.8878
2026-03-19T05:11:25Z,6.0094
2026-03-19T05:13:18Z,4.1881
2026-03-19T05:22:01Z,3.7167
2026-03-19T05:30:52Z,5.6631
2026-03-19T05:40:06Z,6.6441
2026-03-19T05:41:09Z,5.7394
2026-03-19T05:58:12Z,6.3162
2026-03-19T06:10:03Z,6.5924
2026-03-19T06:10:41Z,6.9177
2026-03-19T06:10:49Z,5.9804
2026-03-19T06:15:53Z,6.2477
2026-03-19T06:20:55Z,5.851
2026-03-19T06:24:29Z,6.8514
2026-03-19T06:34:16Z,6.4288
2026-03-19T06:43:20Z,6.3705
2026-03-19T07:07:59Z,6.2858
2026-03-19T07:18:19Z,6.7024
2026-03-19T08:16:20Z,6.16
2026-03-19T08:42:50Z,6.781
2026-03-19T08:43:36Z,5.1467
2026-03-19T08:49:29Z,5.6124
2026-03-19T09:10:17Z,5.4574
2026-03-19T09:11:22Z,5.6945
2026-03-19T09:20:00Z,4.554
2026-03-19T09:21:40Z,6.3984
2026-03-19T09:31:06Z,5.0803
2026-03-19T09:34:06Z,5.9573
2026-03-19T10:13:02Z,5.2618
2026-03-19T10:33:19Z,5.3663
2026-03-19T10:40:18Z,6.3949
2026-03-19T10:51:35Z,6.7547
2026-03-19T10:53:49Z,6.2007
2026-03-19T11:56:24Z,6.1871
2026-03-19T11:57:44Z,6.4844
2026-03-19T11:59:25Z,6.5681
2026-03-19T12:02:39Z,6.8031
2026-03-19T12:11:21Z,7.6504
2026-03-19T12:12:55Z,5.6594
2026-03-19T12:16:47Z,4.9235
2026-03-19T12:24:45Z,5.4826
2026-03-19T12:26:13Z,5.3058
2026-03-19T12:27:18Z,6.2798
2026-03-19T12:32:18Z,6.3542
2026-03-19T12:33:18Z,6.2759
2026-03-19T12:33:46Z,6.2687
2026-03-19T12:34:03Z,6.3319
2026-03-19T13:13:23Z,6.1867
2026-03-19T13:47:28Z,7.4709
2026-03-19T13:55:25Z,5.4691
2026-03-19T13:57:09Z,5.2121
2026-03-19T14:07:17Z,4.9232
2026-03-19T14:32:52Z,6.116
2026-03-19T14:37:44Z,5.988
2026-03-19T14:53:25Z,5.5512
2026-03-19T15:09:04Z,4.9847
2026-03-19T15:11:53Z,5.7358
2026-03-19T15:13:12Z,6.8
2026-03-19T15:18:11Z,6.4531
2026-03-19T15:22:00Z,6.9933
2026-03-19T15:41:51Z,4.6043
2026-03-19T15:44:17Z,6.4422
2026-03-19T15:46:17Z,7.2351
2026-03-19T16:00:56Z,5.9166
2026-03-19T16:13:08Z,5.7922
2026-03-19T16:47:08Z,5.296
2026-03-19T16:49:16Z,5.8677
2026-03-19T16:57:06Z,6.365
2026-03-19T16:58:47Z,6.4857
2026-03-19T16:59:15Z,6.482
2026-03-19T17:05:55Z,5.9105
2026-03-19T17:09:43Z,6.5578
2026-03-19T17:12:17Z,6.6654
2026-03-19T17:17:52Z,6.278
2026-03-19T17:28:05Z,6.0976
2026-03-19T17:31:44Z,6.0576
2026-03-19T17:48:42Z,6.8044
2026-03-19T17:52:45Z,6.9183
2026-03-19T18:03:04Z,5.5918
2026-03-19T18:09:50Z,6.4953
2026-03-19T18:13:36Z,6.8058
2026-03-19T18:28:35Z,6.6813
2026-03-19T18:30:38Z,6.5235
2026-03-19T18:35:00Z,6.3531
2026-03-19T18:44:02Z,6.5629
2026-03-19T19:02:09Z,5.9432
2026-03-19T19:19:59Z,4.8882
2026-03-19T19:26:23Z,5.8328
2026-03-19T20:37:42Z,7.5726
2026-03-19T20:52:11Z,6.0255
2026-03-19T20:57:58Z,5.9279
2026-03-19T21:05:09Z,5.5732
2026-03-19T21:19:11Z,5.4085
2026-03-19T21:25:52Z,5.8861
2026-03-19T21:28:32Z,5.7513
2026-03-19T21:44:24Z,5.4874
2026-03-19T21:48:13Z,6.6658
2026-03-19T21:53:44Z,5.3432
2026-03-19T21:53:53Z,5.7214
2026-03-19T21:56:29Z,6.3982
2026-03-19T22:01:51Z,5.1541
2026-03-19T22:02:20Z,7.1982
2026-03-19T22:03:42Z,5.5466
2026-03-19T22:04:24Z,5.713
2026-03-19T22:05:57Z,5.362
2026-03-19T22:13:12Z,5.4955
2026-03-19T22:23:30Z,6.1745
2026-03-19T22:32:11Z,6.0181
2026-03-19T22:38:35Z,5.7896
2026-03-19T22:51:46Z,6.3565
2026-03-19T23:01:08Z,5.3324
2026-03-19T23:01:09Z,6.0175
2026-03-19T23:04:03Z,5.4951
2026-03-19T23:15:15Z,5.2164
2026-03-19T23:18:30Z,6.8372
2026-03-19T23:19:05Z,5.6133
2026-03-19T23:37:42Z,6.5558
2026-03-19T23:39:36Z,4.2954
2026-03-19T23:43:34Z,6.6719
2026-03-19T23:56:11Z,5.8506
2026-03-19T23:57:44Z,5.5934
2026-03-19T23:58:45Z,6.6385
2026-03-20T00:06:43Z,5.6308
2026-03-20T00:14:31Z,6.1088
2026-03-20T00:27:03Z,5.658
2026-03-20T00:35:58Z,6.615
2026-03-20T00:57:30Z,6.2623
2026-03-20T00:58:18Z,7.6395
2026-03-20T01:03:40Z,5.5073
2026-03-20T01:13:51Z,5.1577
2026-03-20T01:21:53Z,5.5792
2026-03-20T01:31:54Z,6.0351
2026-03-20T02:16:32Z,5.4669
2026-03-20T02:16:35Z,6.4649
2026-03-20T02:28:06Z,5.0466
2026-03-20T03:00:02Z,6.0589
2026-03-20T03:08:33Z,5.1484
2026-03-20T03:34:44Z,5.6466
2026-03-20T03:58:24Z,5.5095
2026-03-20T04:12:33Z,7.1162
2026-03-20T04:12:51Z,5.9126
2026-03-20T04:14:28Z,5.4964
2026-03-20T04:34:52Z,6.4648
2026-03-20T04:43:15Z,5.7677
2026-03-20T05:38:06Z,6.3975
2026-03-20T05:42:40Z,4.9905
2026-03-20T05:45:08Z,6.2771
2026-03-20T05:52:13Z,6.9471
2026-03-20T05:57:20Z,5.4235
2026-03-20T06:29:35Z,5.4005
2026-03-20T06:35:36Z,6.5871
2026-03-20T06:50:19Z,6.549
2026-03-20T06:59:22Z,7.0646
2026-03-20T07:07:52Z,5.2807
2026-03-20T07:22:52Z,7.1778
2026-03-20T07:24:24Z,4.6442
2026-03-20T07:27:15Z,6.33
2026-03-20T07:30:26Z,5.989
2026-03-20T07:30:41Z,6.4055
2026-03-20T07:31:29Z,6.9364
2026-03-20T07:32:08Z,6.7926
2026-03-20T07:38:06Z,6.6117
2026-03-20T07:41:26Z,6.8787
2026-03-20T07:47:35Z,6.0073
2026-03-20T07:50:08Z,6.2786
2026-03-20T07:56:22Z,5.4811
2026-03-20T07:57:38Z,5.8988
2026-03-20T08:14:59Z,5.6664
2026-03-20T08:22:28Z,5.8618
2026-03-20T08:28:35Z,4.202
2026-03-20T08:29:58Z,6.9331
2026-03-20T08:38:17Z,5.7892
2026-03-20T08:45:41Z,5.4845
2026-03-20T08:51:21Z,4.8995
2026-03-20T08:56:14Z,6.1061
2026-03-20T09:34:49Z,6.3318
2026-03-20T09:35:56Z,5.7443
2026-03-20T09:43:06Z,6.2821
2026-03-20T09:49:12Z,5.6852
2026-03-20T10:07:04Z,5.6591
2026-03-20T10:10:46Z,5.1224
2026-03-20T10:40:58Z,5.5433
2026-03-20T11:05:51Z,6.447
2026-03-20T11:20:49Z,6.4987
2026-03-20T11:22:44Z,6.0399
2026-03-20T11:30:39Z,7.0347
2026-03-20T11:30:43Z,6.9067
2026-03-20T11:35:44Z,6.0924
2026-03-20T12:00:26Z,7.1251
2026-03-20T12:05:45Z,5.0771
2026-03-20T12:32:10Z,6.7205
2026-03-20T12:36:19Z,6.5169
2026-03-20T12:55:15Z,6.447
2026-03-20T13:02:08Z,6.0505
2026-03-20T13:04:01Z,6.2532
2026-03-20T13:25:00Z,6.7802
2026-03-20T13:39:22Z,5.3585
2026-03-20T13:41:38Z,5.6681
2026-03-20T13:48:07Z,6.446
2026-03-20T13:58:37Z,5.3306
2026-03-20T14:12:54Z,6.1194
2026-03-20T14:14:00Z,5.8223
2026-03-20T14:19:56Z,4.9971
2026-03-20T14:23:07Z,5.9885
2026-03-20T14:27:38Z,5.9483
2026-03-20T14:29:28Z,5.4344
2026-03-20T14:48:00Z,6.945
2026-03-20T14:57:56Z,5.8988
2026-03-20T15:22:32Z,5.5695
2026-03-20T15:33:34Z,4.532
2026-03-20T15:33:41Z,7.1375
2026-03-20T15:49:33Z,5.9029
2026-03-20T15:57:19Z,5.4284
2026-03-20T16:01:39Z,5.9026
2026-03-20T16:08:14Z,7.1212
2026-03-20T16:09:46Z,5.6528
2026-03-20T16:32:40Z,7.3269
2026-03-20T16:56:02Z,5.693
2026-03-20T17:00:05Z,6.9815
2026-03-20T17:02:38Z,5.5756
2026-03-20T17:20:35Z,6.1546
2026-03-20T17:29:56Z,5.8448
2026-03-20T17:39:30Z,6.6876
2026-03-20T17:43:20Z,5.9496
2026-03-20T18:04:45Z,6.7858
2026-03-20T18:17:36Z,6.4433
2026-03-20T18:25:14Z,6.8584
2026-03-20T18:37:14Z,5.3376
2026-03-20T18:57:28Z,6.1683
2026-03-20T19:19:46Z,5.1766
2026-03-20T19:20:27Z,5.759
2026-03-20T19:28:18Z,5.3072
2026-03-20T19:32:31Z,6.1415
2026-03-20T19:36:38Z,6.2027
2026-03-20T20:22:49Z,6.7542
2026-03-20T20:32:49Z,5.3951
2026-03-20T20:55:26Z,5.3711
2026-03-20T21:02:16Z,5.5976
2026-03-20T21:04:35Z,5.485
2026-03-20T21:06:06Z,7.0557
2026-03-20T21:14:51Z,5.7283
2026-03-20T21:42:11Z,7.0648
2026-03-20T21:55:14Z,7.4417
2026-03-20T21:55:28Z,5.9968
2026-03-20T22:05:42Z,6.4108
2026-03-20T22:06:13Z,4.4878
2026-03-20T22:07:37Z,5.4652
2026-03-20T22:11:03Z,5.8125
2026-03-20T22:13:08Z,6.324
2026-03-20T22:43:28Z,5.5984
2026-03-20T22:47:32Z,5.9889
2026-03-20T22:51:02Z,6.2433
2026-03-20T22:53:04Z,5.0017
2026-03-20T22:59:11Z,6.2964
2026-03-20T23:09:06Z,6.455
2026-03-20T23:14:42Z,5.8684
2026-03-20T23:23:26Z,6.2254
2026-03-20T23:24:34Z,6.1875
2026-03-20T23:54:10Z,5.5674
2026-03-21T00:48:52Z,4.3118
2026-03-21T00:50:22Z,5.4691
2026-03-21T00:50:25Z,5.7617
2026-03-21T01:04:43Z,5.4292
2026-03-21T01:16:47Z,6.0237
2026-03-21T01:19:15Z,5.736
2026-03-21T01:25:30Z,6.2034
2026-03-21T01:50:50Z,6.5349
2026-03-21T02:08:38Z,5.5666
2026-03-21T02:14:01Z,6.1033
2026-03-21T02:14:49Z,6.0094
2026-03-21T02:28:39Z,5.5363
2026-03-21T02:46:55Z,6.4155
2026-03-21T02:48:29Z,5.5619
2026-03-21T03:02:53Z,6.0658
2026-03-21T03:05:01Z,4.8103
2026-03-21T03:09:48Z,6.1597
2026-03-21T03:10:01Z,6.6656
2026-03-21T03:11:18Z,5.3115
2026-03-21T03:19:05Z,4.742
2026-03-21T04:12:11Z,5.2351
2026-03-21T04:44:07Z,6.3107
2026-03-21T04:50:53Z,5.1213
2026-03-21T04:59:05Z,6.3018
2026-03-21T05:18:49Z,5.8192
2026-03-21T05:35:58Z,5.5734
2026-03-21T05:47:07Z,5.4087
2026-03-21T05:48:12Z,6.1708
2026-03-21T05:52:48Z,5.8915
2026-03-21T05:59:00Z,5.14
2026-03-21T06:05:53Z,6.1718
2026-03-21T06:10:17Z,6.5953
2026-03-21T06:11:38Z,5.5756
2026-03-21T06:12:28Z,6.2308
2026-03-21T06:18:41Z,5.5363
2026-03-21T06:28:13Z,5.2748
2026-03-21T06:28:21Z,6.7825
2026-03-21T06:35:52Z,6.3288
2026-03-21T06:38:48Z,5.8553
2026-03-21T06:49:25Z,6.2006
2026-03-21T06:51:52Z,5.7519
2026-03-21T06:55:59Z,7.7524
2026-03-21T06:57:46Z,5.7716
2026-03-21T07:02:57Z,6.1557
2026-03-21T07:37:18Z,7.1907
2026-03-21T08:14:02Z,4.8365
2026-03-21T08:14:41Z,6.0611
2026-03-21T08:40:16Z,7.7731
2026-03-21T09:09:02Z,7.0168
2026-03-21T09:19:23Z,5.534
2026-03-21T09:20:25Z,6.4662
2026-03-21T09:22:26Z,4.8145
2026-03-21T09:28:25Z,6.1431
2026-03-21T09:32:10Z,5.3831
2026-03-21T09:41:37Z,5.2342
2026-03-21T09:43:32Z,7.2068
2026-03-21T10:00:22Z,5.7061
2026-03-21T10:08:49Z,6.2841
2026-03-21T10:17:21Z,6.1008
2026-03-21T10:32:29Z,5.8601
2026-03-21T10:32:52Z,5.7463
2026-03-21T10:42:49Z,6.6614
2026-03-21T10:47:47Z,5.4393
2026-03-21T11:41:31Z,6.7656
2026-03-21T11:46:06Z,6.1107
2026-03-21T11:59:41Z,6.1457
2026-03-21T12:00:45Z,5.8709
2026-03-21T12:02:55Z,5.7572
2026-03-21T12:11:22Z,5.7449
2026-03-21T12:31:20Z,5.4413
2026-03-21T12:40:28Z,4.8971
2026-03-21T13:03:16Z,6.5086
2026-03-21T13:14:11Z,4.9304
2026-03-21T14:12:46Z,5.9282
2026-03-21T14:15:55Z,6.3063
2026-03-21T14:22:14Z,6.5786
2026-03-21T14:22:44Z,5.2472
2026-03-21T14:28:21Z,5.908
2026-03-21T14:34:36Z,4.145
2026-03-21T14:47:26Z,5.9796
2026-03-21T15:00:31Z,5.3151
2026-03-21T15:19:43Z,5.6497
2026-03-21T15:25:41Z,6.6676
2026-03-21T15:36:14Z,5.8556
2026-03-21T15:38:10Z,6.2159
2026-03-21T15:42:36Z,6.3681
2026-03-21T16:08:32Z,5.5983
2026-03-21T16:09:38Z,5.9096
2026-03-21T16:13:18Z,6.9795
2026-03-21T16:33:11Z,6.3309
2026-03-21T16:42:49Z,6.0778
2026-03-21T16:44:56Z,6.4087
2026-03-21T16:46:45Z,5.6889
2026-03-21T17:01:02Z,4.9835
2026-03-21T17:07:56Z,6.6209
2026-03-21T17:59:30Z,6.0181
2026-03-21T18:02:56Z,5.7448
2026-03-21T18:08:29Z,6.8567
2026-03-21T18:16:32Z,5.3461
2026-03-21T18:23:16Z,5.7358
2026-03-21T18:23:41Z,6.9517
2026-03-21T18:26:51Z,6.9067
2026-03-21T18:30:46Z,4.5412
2026-03-21T18:40:23Z,6.2893
2026-03-21T19:02:47Z,6.0269
2026-03-21T19:15:54Z,6.2203
2026-03-21T19:20:35Z,5.0265
2026-03-21T19:53:35Z,6.3184
2026-03-21T20:18:20Z,6.3791
2026-03-21T20:18:45Z,6.8065
2026-03-21T20:25:48Z,6.3463
2026-03-21T20:36:27Z,4.7622
2026-03-21T20:38:49Z,5.6866
2026-03-21T20:41:49Z,5.8962
2026-03-21T21:07:01Z,5.1744
2026-03-21T21:31:59Z,5.9776
2026-03-21T21:32:13Z,5.2205
2026-03-21T21:37:36Z,5.2538
2026-03-21T21:45:34Z,6.3313
2026-03-21T21:45:55Z,4.6902
2026-03-21T22:17:17Z,6.9082
2026-03-21T22:34:53Z,5.1008
2026-03-21T22:41:48Z,7.4276
2026-03-21T22:55:04Z,5.2081
2026-03-21T22:58:03Z,6.2947
2026-03-21T23:07:56Z,6.6204
2026-03-21T23:12:19Z,6.589
2026-03-21T23:23:14Z,5.1279
2026-03-21T23:39:08Z,5.8233
2026-03-21T23:48:33Z,6.332
2026-03-21T23:54:35Z,5.6456
2026-03-22T00:06:39Z,5.8587
2026-03-22T00:06:46Z,7.7932
2026-03-22T00:12:57Z,5.2323
2026-03-22T00:16:27Z,6.4489
2026-03-22T00:20:34Z,5.7392
2026-03-22T00:42:27Z,5.6486
2026-03-22T00:48:16Z,6.4578
2026-03-22T01:01:20Z,6.6321
2026-03-22T01:15:55Z,7.4099
2026-03-22T01:18:10Z,6.5905
2026-03-22T01:47:10Z,6.3663
2026-03-22T01:58:45Z,6.5798
2026-03-22T02:01:24Z,6.4005
2026-03-22T02:10:49Z,5.3857
2026-03-22T02:11:15Z,6.0929
2026-03-22T02:39:24Z,4.8969
2026-03-22T03:18:50Z,6.1928
2026-03-22T03:21:52Z,6.8422
2026-03-22T03:34:47Z,6.471
2026-03-22T03:41:44Z,6.6127
2026-03-22T04:00:53Z,5.9315
2026-03-22T04:14:11Z,5.4998
2026-03-22T04:25:15Z,4.8793
2026-03-22T04:30:24Z,6.2504
2026-03-22T04:32:34Z,6.2032
2026-03-22T04:49:20Z,6.1007
2026-03-22T04:57:53Z,6.0126
2026-03-22T04:59:42Z,6.8953
2026-03-22T05:27:40Z,6.699
2026-03-22T06:04:13Z,5.2357
2026-03-22T06:04:44Z,6.7477
2026-03-22T06:13:28Z,6.5654
2026-03-22T06:28:11Z,4.4354
2026-03-22T06:48:53Z,5.2809
2026-03-22T06:50:39Z,5.4134
2026-03-22T06:50:47Z,6.7775
2026-03-22T06:52:23Z,5.7128
2026-03-22T06:54:53Z,6.0755
2026-03-22T07:26:42Z,6.2212
2026-03-22T07:42:36Z,5.1395
2026-03-22T08:15:33Z,4.9944
2026-03-22T08:46:48Z,6.4642
2026-03-22T08:55:09Z,6.7264
2026-03-22T08:59:54Z,5.1389
2026-03-22T09:33:39Z,6.8011
2026-03-22T09:36:11Z,5.7654
2026-03-22T09:39:33Z,5.3674
2026-03-22T09:46:55Z,6.2362
2026-03-22T09:51:38Z,6.9243
2026-03-22T09:52:36Z,4.5115
2026-03-22T09:55:17Z,6.1462
2026-03-22T09:57:56Z,6.9338
2026-03-22T10:12:11Z,5.3108
2026-03-22T10:21:04Z,6.5262
2026-03-22T10:46:02Z,5.067
2026-03-22T10:48:35Z,6.1165
2026-03-22T10:51:55Z,5.4491
2026-03-22T11:08:28Z,5.3371
2026-03-22T11:23:28Z,7.2851
2026-03-22T11:23:56Z,5.9775
2026-03-22T11:38:20Z,5.774
2026-03-22T11:50:41Z,6.871
2026-03-22T11:57:31Z,5.1856
2026-03-22T11:58:04Z,7.3638
2026-03-22T12:03:36Z,6.4381
2026-03-22T12:10:03Z,5.9474
2026-03-22T12:24:50Z,6.2658
2026-03-22T12:30:02Z,5.2027
2026-03-22T12:30:08Z,6.0096
2026-03-22T12:40:45Z,6.8028
2026-03-22T12:49:37Z,6.3601
2026-03-22T13:24:11Z,6.5167
2026-03-22T13:42:14Z,6.1798
2026-03-22T13:48:55Z,5.7647
2026-03-22T14:10:12Z,5.9018
2026-03-22T14:18:49Z,5.5205
2026-03-22T14:26:44Z,5.7663
2026-03-22T14:28:29Z,7.1076
2026-03-22T14:31:55Z,6.6842
2026-03-22T14:33:17Z,4.921
2026-03-22T14:41:27Z,6.2939
2026-03-22T14:43:24Z,5.628
2026-03-22T14:45:50Z,5.8609
2026-03-22T14:51:19Z,5.6206
2026-03-22T14:54:52Z,6.591
2026-03-22T15:00:02Z,6.5214
2026-03-22T15:06:49Z,6.6815
2026-03-22T15:43:10Z,6.1968
2026-03-22T16:00:59Z,5.7634
2026-03-22T16:02:27Z,6.0155
2026-03-22T16:08:06Z,5.6871
2026-03-22T16:12:27Z,5.1828
2026-03-22T16:38:09Z,6.0174
2026-03-22T16:39:33Z,6.6873
2026-03-22T16:42:35Z,6.3509
2026-03-22T16:49:37Z,5.9039
2026-03-22T16:49:38Z,6.4113
2026-03-22T16:54:05Z,6.2756
2026-03-22T17:04:42Z,5.6638
2026-03-22T17:05:19Z,5.9694
2026-03-22T18:06:41Z,4.3213
2026-03-22T18:08:51Z,6.4586
2026-03-22T18:23:57Z,6.4774
2026-03-22T18:31:36Z,6.5585
2026-03-22T18:50:32Z,6.0992
2026-03-22T18:56:19Z,6.6324
2026-03-22T18:57:47Z,6.3333
2026-03-22T19:01:42Z,5.1269
2026-03-22T19:17:26Z,6.5184
2026-03-22T19:37:57Z,5.0188
2026-03-22T19:46:40Z,5.9541
2026-03-22T19:54:35Z,5.2289
2026-03-22T20:05:52Z,4.4089
2026-03-22T20:11:36Z,5.7342
2026-03-22T20:40:16Z,4.681
2026-03-22T20:46:17Z,7.18
2026-03-22T21:05:55Z,4.8564
2026-03-22T21:16:20Z,5.654
2026-03-22T21:19:57Z,4.539
2026-03-22T21:29:12Z,6.3791
2026-03-22T21:47:29Z,5.7036
2026-03-22T22:02:39Z,6.333
2026-03-22T22:19:58Z,6.1688
2026-03-22T22:39:40Z,5.643
2026-03-22T23:15:02Z,5.3337
2026-03-22T23:19:44Z,6.1107
2026-03-22T23:23:40Z,5.4066
2026-03-22T23:24:24Z,5.0931
2026-03-22T23:32:43Z,6.5669
2026-03-22T23:35:28Z,6.9448
2026-03-22T23:50:38Z,6.2049
2026-03-22T23:51:29Z,5.1697
2026-03-22T23:53:25Z,5.9991
2026-03-23T00:07:12Z,5.651
2026-03-23T00:23:08Z,6.4667
2026-03-23T00:33:46Z,5.6898
2026-03-23T00:44:13Z,5.5158
2026-03-23T00:58:43Z,6.1372
2026-03-23T01:22:00Z,4.7538
2026-03-23T01:36:42Z,5.6597
2026-03-23T01:38:59Z,5.256
2026-03-23T01:42:42Z,4.9743
2026-03-23T01:59:31Z,7.3579
2026-03-23T02:16:49Z,4.629
2026-03-23T02:52:53Z,6.6341
2026-03-23T03:14:35Z,6.6764
2026-03-23T03:39:50Z,5.6792
2026-03-23T03:48:12Z,6.1692
2026-03-23T03:52:52Z,4.9773
2026-03-23T03:59:32Z,6.5525
2026-03-23T04:09:28Z,5.2119
2026-03-23T04:20:48Z,5.7888
2026-03-23T04:25:35Z,5.374
2026-03-23T04:29:04Z,6.1607
2026-03-23T04:38:37Z,6.4763
2026-03-23T04:46:37Z,5.1259
2026-03-23T04:49:23Z,6.7031
2026-03-23T05:00:01Z,4.3992
2026-03-23T05:02:18Z,7.4332
2026-03-23T05:04:06Z,4.852
2026-03-23T05:12:04Z,6.9782
2026-03-23T05:22:04Z,8.0107
2026-03-23T05:34:03Z,5.8769
2026-03-23T05:48:57Z,5.1909
2026-03-23T05:54:28Z,5.798
2026-03-23T05:58:36Z,6.3492
2026-03-23T06:05:18Z,6.4982
2026-03-23T06:20:18Z,5.8725
2026-03-23T06:27:20Z,5.6542
2026-03-23T06:47:26Z,5.1231
2026-03-23T06:54:48Z,5.4086
2026-03-23T07:07:56Z,6.2169
2026-03-23T07:12:13Z,5.6522
2026-03-23T07:19:33Z,5.1503
2026-03-23T07:29:08Z,5.6219
2026-03-23T07:48:23Z,7.3531
2026-03-23T07:49:36Z,5.9014
2026-03-23T07:49:42Z,5.9232
2026-03-23T08:01:28Z,5.9443
2026-03-23T08:12:05Z,5.3182
2026-03-23T08:14:35Z,4.9395
2026-03-23T08:16:26Z,6.6825
2026-03-23T08:32:17Z,6.5595
2026-03-23T08:33:18Z,6.775
2026-03-23T08:36:34Z,5.8865
2026-03-23T08:39:36Z,5.3101
2026-03-23T09:01:40Z,6.029
2026-03-23T09:07:14Z,6.0079
2026-03-23T09:16:36Z,5.0132
2026-03-23T09:26:11Z,6.4077
2026-03-23T09:30:15Z,4.9509
2026-03-23T09:44:21Z,4.8005
2026-03-23T09:46:36Z,5.3306
2026-03-23T10:07:53Z,4.9483
2026-03-23T10:13:20Z,6.3496
2026-03-23T10:19:03Z,5.7709
2026-03-23T10:25:11Z,6.132
2026-03-23T10:32:04Z,5.8279
2026-03-23T10:43:21Z,6.8065
2026-03-23T10:47:36Z,5.511
2026-03-23T10:53:31Z,6.0425
2026-03-23T10:57:22Z,6.6101
2026-03-23T11:02:56Z,5.9829
2026-03-23T11:06:13Z,5.8035
2026-03-23T11:06:23Z,5.2135
2026-03-23T11:14:41Z,5.4124
2026-03-23T11:45:10Z,6.0352
2026-03-23T11:57:09Z,4.4375
2026-03-23T11:57:44Z,5.67
2026-03-23T12:07:20Z,5.8102
2026-03-23T12:31:10Z,5.1839
2026-03-23T12:41:19Z,5.8781
2026-03-23T12:50:10Z,6.6155
2026-03-23T12:54:05Z,4.4198
2026-03-23T12:57:14Z,4.6114
2026-03-23T13:02:06Z,5.5747
2026-03-23T13:07:45Z,6.5315
2026-03-23T13:14:22Z,5.7162
2026-03-23T13:14:51Z,6.925
2026-03-23T13:17:44Z,5.1834
2026-03-23T13:20:14Z,6.1469
2026-03-23T13:26:32Z,7.0576
2026-03-23T13:36:27Z,6.1942
2026-03-23T13:38:31Z,5.8121
2026-03-23T13:42:33Z,6.197
2026-03-23T13:48:03Z,5.876
2026-03-23T14:20:46Z,6.5992
2026-03-23T14:23:10Z,5.6802
2026-03-23T14:23:16Z,6.4819
2026-03-23T14:35:09Z,5.5237
2026-03-23T14:50:57Z,4.7176
2026-03-23T14:57:13Z,6.0638
2026-03-23T14:58:54Z,6.3408
2026-03-23T15:19:27Z,7.4898
2026-03-23T15:22:07Z,6.2284
2026-03-23T15:23:07Z,6.7334
2026-03-23T15:31:34Z,5.7669
2026-03-23T15:32:13Z,6.6218
2026-03-23T15:46:59Z,5.0831
2026-03-23T15:48:07Z,5.9886
2026-03-23T15:51:06Z,5.1277
2026-03-23T16:24:53Z,5.3364
2026-03-23T16:33:44Z,5.2309
2026-03-23T16:33:52Z,6.1251
2026-03-23T16:41:26Z,6.9927
2026-03-23T16:46:57Z,5.7226
2026-03-23T16:52:01Z,5.4929
2026-03-23T17:05:14Z,4.7922
2026-03-23T17:14:26Z,5.588
2026-03-23T17:17:57Z,6.8991
2026-03-23T17:20:39Z,6.4328
2026-03-23T17:23:39Z,6.3868
2026-03-23T17:26:07Z,5.8809
2026-03-23T17:33:10Z,6.2284
2026-03-23T17:39:15Z,7.0009
2026-03-23T17:56:04Z,6.1147
2026-03-23T18:03:49Z,5.2308
2026-03-23T18:17:27Z,7.0297
2026-03-23T18:32:09Z,5.0714
2026-03-23T18:42:03Z,5.922
2026-03-23T18:52:20Z,5.9118
2026-03-23T18:52:42Z,6.5122
2026-03-23T19:00:21Z,6.8909
2026-03-23T19:10:19Z,6.3324
2026-03-23T19:26:36Z,6.4626
2026-03-23T19:49:50Z,5.2067
2026-03-23T20:14:31Z,6.8967
2026-03-23T20:30:45Z,6.4839
2026-03-23T20:31:27Z,5.5418
2026-03-23T20:52:20Z,5.4972
2026-03-23T21:04:57Z,6.3254
2026-03-23T21:05:09Z,5.157
2026-03-23T21:06:07Z,6.3718
2026-03-23T21:10:58Z,7.0897
2026-03-23T21:13:36Z,6.3704
2026-03-23T21:20:13Z,6.4345
2026-03-23T21:20:57Z,5.2078
2026-03-23T21:27:03Z,5.6013
2026-03-23T21:27:51Z,6.2725
2026-03-23T21:37:50Z,5.4434
2026-03-23T22:11:11Z,5.2853
2026-03-23T22:12:30Z,4.8313
2026-03-23T22:54:06Z,6.0548
2026-03-23T22:58:25Z,5.2679
2026-03-23T23:00:31Z,5.9339
2026-03-23T23:04:44Z,5.595
2026-03-23T23:18:03Z,5.8785
2026-03-23T23:29:19Z,4.9502
2026-03-24T00:00:03Z,6.9422
2026-03-24T00:06:47Z,5.8975
2026-03-24T00:07:43Z,6.4752
2026-03-24T00:10:07Z,7.1161
2026-03-24T00:23:33Z,6.3269
2026-03-24T00:25:50Z,5.7054
2026-03-24T00:42:08Z,5.9422
2026-03-24T00:44:51Z,6.5723
2026-03-24T00:54:49Z,5.2111
2026-03-24T00:57:32Z,6.3223
2026-03-24T00:58:41Z,6.1653
2026-03-24T01:18:34Z,5.991
2026-03-24T01:24:17Z,4.9587
2026-03-24T01:29:49Z,5.8946
2026-03-24T01:38:14Z,5.8677
2026-03-24T01:39:28Z,5.7288
2026-03-24T01:53:53Z,5.7263
2026-03-24T02:09:22Z,5.6371
2026-03-24T02:09:33Z,6.7203
2026-03-24T02:31:37Z,6.0432
2026-03-24T02:52:41Z,6.8218
2026-03-24T02:54:17Z,5.0876
2026-03-24T02:56:58Z,5.145
2026-03-24T02:57:22Z,7.4622
2026-03-24T03:01:21Z,5.1144
2026-03-24T03:06:29Z,6.109
2026-03-24T03:24:35Z,5.7642
2026-03-24T03:34:25Z,5.356
2026-03-24T03:38:42Z,6.3249
2026-03-24T03:41:56Z,7.0713
2026-03-24T03:53:07Z,6.1462
2026-03-24T04:15:45Z,5.0591
2026-03-24T04:50:06Z,5.7165
2026-03-24T05:01:00Z,7.009
2026-03-24T05:12:10Z,5.6711
2026-03-24T05:13:15Z,5.9165
2026-03-24T05:17:13Z,5.2022
2026-03-24T05:18:15Z,5.5442
2026-03-24T05:26:01Z,7.1363
2026-03-24T05:38:12Z,5.744
2026-03-24T05:41:31Z,6.0335
2026-03-24T05:48:32Z,6.0334
2026-03-24T05:52:36Z,5.7026
2026-03-24T06:03:36Z,6.0191
2026-03-24T06:03:45Z,5.6047
2026-03-24T06:17:52Z,5.2009
2026-03-24T06:20:59Z,5.316
2026-03-24T06:47:23Z,6.906
2026-03-24T06:53:46Z,6.5524
2026-03-24T07:00:56Z,6.5961
2026-03-24T07:04:36Z,6.9049
2026-03-24T07:05:04Z,6.6087
2026-03-24T07:10:40Z,5.2192
2026-03-24T07:20:51Z,5.7757
2026-03-24T07:23:30Z,6.3525
2026-03-24T07:27:46Z,5.1092
2026-03-24T07:36:07Z,6.111
2026-03-24T07:54:16Z,6.0921
2026-03-24T08:05:06Z,5.3138
2026-03-24T08:22:15Z,6.3941
2026-03-24T08:32:00Z,5.8023
2026-03-24T08:42:05Z,4.736
2026-03-24T09:03:27Z,5.3513
2026-03-24T09:15:15Z,6.0877
2026-03-24T09:26:22Z,6.6824
2026-03-24T10:03:08Z,5.6587
2026-03-24T10:11:39Z,5.1835
2026-03-24T10:15:36Z,6.6742
2026-03-24T10:28:30Z,5.4862
2026-03-24T10:43:04Z,6.0648
2026-03-24T10:44:57Z,6.2085
2026-03-24T11:42:14Z,6.627
2026-03-24T11:44:10Z,6.1419
2026-03-24T11:48:09Z,6.2373
2026-03-24T11:50:33Z,6.4863
2026-03-24T12:12:06Z,4.1024
2026-03-24T12:28:31Z,7.0312
2026-03-24T12:43:17Z,4.9852
2026-03-24T12:48:22Z,6.1353
2026-03-24T12:48:29Z,6.6166
2026-03-24T12:55:07Z,4.8652
2026-03-24T13:12:14Z,6.0696
2026-03-24T13:16:20Z,5.5785
2026-03-24T13:24:44Z,6.3493
2026-03-24T13:32:23Z,6.5907
2026-03-24T13:37:06Z,7.3472
2026-03-24T14:25:11Z,6.4189
2026-03-24T14:58:48Z,5.4423
2026-03-24T15:00:22Z,5.8695
2026-03-24T15:02:23Z,6.0188
2026-03-24T15:05:20Z,5.2369
2026-03-24T15:05:30Z,5.8912
2026-03-24T15:12:45Z,5.428
2026-03-24T15:35:44Z,6.2071
2026-03-24T15:42:52Z,5.2627
2026-03-24T15:46:32Z,5.8857
2026-03-24T15:49:51Z,6.6585
2026-03-24T16:15:19Z,4.236
2026-03-24T16:30:57Z,6.8654
2026-03-24T16:35:49Z,5.9342
2026-03-24T16:38:59Z,6.0251
2026-03-24T16:49:54Z,5.9159
2026-03-24T17:03:12Z,6.3832
2026-03-24T17:05:19Z,6.6329
2026-03-24T17:06:27Z,6.4871
2026-03-24T17:10:31Z,5.7568
2026-03-24T17:12:37Z,5.5305
2026-03-24T17:14:01Z,5.5369
2026-03-24T17:17:26Z,6.3716
2026-03-24T17:22:04Z,5.5714
2026-03-24T17:41:10Z,5.9542
2026-03-24T17:59:01Z,7.1723
2026-03-24T18:11:04Z,5.9833
2026-03-24T18:15:52Z,5.8642
2026-03-24T18:25:20Z,5.2738
2026-03-24T18:26:42Z,5.2968
2026-03-24T18:33:24Z,5.4711
2026-03-24T18:34:08Z,4.438
2026-03-24T18:37:26Z,5.4928
2026-03-24T19:01:26Z,6.0193
2026-03-24T19:07:19Z,6.5737
2026-03-24T19:35:00Z,6.7639
2026-03-24T19:41:09Z,6.1805
2026-03-24T19:43:42Z,4.8721
2026-03-24T20:03:11Z,5.7456
2026-03-24T20:27:16Z,5.8771
2026-03-24T20:40:14Z,6.3306
2026-03-24T20:52:11Z,5.7201
2026-03-24T20:52:30Z,6.023
2026-03-24T21:17:11Z,5.6135
2026-03-24T21:30:04Z,6.1376
2026-03-24T21:30:21Z,5.8891
2026-03-24T21:38:44Z,6.7898
2026-03-24T21:39:38Z,5.7252
2026-03-24T21:42:29Z,5.0795
2026-03-24T21:47:05Z,6.1911
2026-03-24T21:51:41Z,6.5434
2026-03-24T21:54:54Z,5.4605
2026-03-24T22:01:32Z,6.2354
2026-03-24T22:06:00Z,5.8479
2026-03-24T22:08:15Z,5.7793
2026-03-24T22:09:29Z,5.461
2026-03-24T22:17:24Z,5.4148
2026-03-24T22:18:38Z,5.8379
2026-03-24T22:32:03Z,6.2755
2026-03-24T22:35:11Z,6.9609
2026-03-24T22:40:56Z,6.5201
2026-03-24T22:52:02Z,5.1397
2026-03-24T22:58:56Z,5.9321
2026-03-24T23:05:12Z,6.9382
2026-03-24T23:11:02Z,5.3333
2026-03-24T23:18:49Z,5.2461
2026-03-24T23:20:47Z,5.4193
2026-03-24T23:25:34Z,5.4949
2026-03-24T23:44:07Z,5.7171
2026-03-24T23:45:19Z,5.5825
2026-03-24T23:48:52Z,6.7814
2026-03-24T23:55:19Z,6.3885
2026-03-25T00:05:46Z,4.475
2026-03-25T00:22:22Z,5.59
2026-03-25T00:25:17Z,5.4168
2026-03-25T00:27:40Z,5.6218
2026-03-25T00:29:58Z,5.4761
2026-03-25T00:33:04Z,5.8897
2026-03-25T00:33:17Z,5.914
2026-03-25T00:34:26Z,7.1477
2026-03-25T00:38:16Z,5.7223
2026-03-25T01:01:52Z,5.8261
2026-03-25T01:02:38Z,6.8941
2026-03-25T01:02:59Z,5.0003
2026-03-25T01:21:14Z,5.2453
2026-03-25T01:36:08Z,5.9788
2026-03-25T01:41:03Z,6.3417
2026-03-25T01:51:00Z,6.0158
2026-03-25T02:08:33Z,6.3091
2026-03-25T02:19:00Z,5.6297
2026-03-25T02:27:41Z,6.194
2026-03-25T02:33:28Z,6.2112
2026-03-25T02:37:28Z,5.9102
2026-03-25T02:49:33Z,5.6436
2026-03-25T03:00:29Z,7.0335
2026-03-25T03:05:19Z,5.8818
2026-03-25T03:40:00Z,5.2896
2026-03-25T03:50:36Z,6.6766
2026-03-25T03:56:56Z,5.6254
2026-03-25T03:57:54Z,5.2781
2026-03-25T03:58:30Z,6.0707
2026-03-25T04:25:21Z,6.0888
2026-03-25T04:25:31Z,6.1971
2026-03-25T04:55:03Z,6.1032
2026-03-25T04:55:48Z,5.046
2026-03-25T05:04:34Z,5.126
2026-03-25T05:06:43Z,5.6745
2026-03-25T05:07:54Z,5.5498
2026-03-25T05:08:29Z,6.8465
2026-03-25T05:33:19Z,5.1787
2026-03-25T05:38:35Z,6.1074
2026-03-25T05:56:03Z,6.1127
2026-03-25T06:15:04Z,5.6645
2026-03-25T06:15:22Z,5.6986
2026-03-25T07:20:59Z,5.0879
2026-03-25T07:23:52Z,4.6342
2026-03-25T07:24:33Z,5.5201
2026-03-25T07:30:08Z,6.8361
2026-03-25T08:08:31Z,5.8179
2026-03-25T08:25:50Z,7.3109
2026-03-25T08:28:06Z,6.7119
2026-03-25T08:30:18Z,7.0005
2026-03-25T08:54:48Z,5.9501
2026-03-25T08:56:22Z,6.1012
2026-03-25T09:01:20Z,5.6001
2026-03-25T09:26:31Z,5.323
2026-03-25T09:33:02Z,6.4216
2026-03-25T09:42:38Z,6.1425
2026-03-25T09:51:33Z,5.2325
2026-03-25T09:56:00Z,7.1766
2026-03-25T09:58:21Z,5.7816
2026-03-25T10:18:26Z,6.154
2026-03-25T10:27:36Z,5.2193
2026-03-25T10:42:23Z,6.7551
2026-03-25T10:46:45Z,6.0473
2026-03-25T10:53:51Z,6.3025
2026-03-25T11:07:19Z,6.255
2026-03-25T11:07:26Z,6.4897
2026-03-25T11:10:11Z,6.433
2026-03-25T11:15:56Z,5.9563
2026-03-25T11:32:54Z,5.6578
2026-03-25T11:39:32Z,4.9575
2026-03-25T11:51:15Z,6.2471
2026-03-25T11:56:56Z,6.3318
2026-03-25T12:22:27Z,5.4653
2026-03-25T12:25:12Z,6.4294
2026-03-25T12:39:41Z,6.6399
2026-03-25T12:40:55Z,6.4628
2026-03-25T12:55:00Z,4.962
2026-03-25T13:01:06Z,5.9494
2026-03-25T13:08:21Z,5.4169
2026-03-25T13:29:02Z,5.8785
2026-03-25T13:33:52Z,4.3774
2026-03-25T13:42:02Z,5.747
2026-03-25T13:43:14Z,6.3267
2026-03-25T13:48:06Z,6.1501
2026-03-25T14:04:28Z,5.292
2026-03-25T14:13:13Z,5.4273
2026-03-25T14:13:24Z,6.2345
2026-03-25T14:13:56Z,5.6278
2026-03-25T14:14:54Z,6.2618
2026-03-25T14:25:07Z,5.6399
2026-03-25T14:30:02Z,7.0981
2026-03-25T14:36:39Z,6.5362
2026-03-25T14:40:07Z,6.66
2026-03-25T14:41:04Z,5.7792
2026-03-25T15:20:52Z,5.8244
2026-03-25T15:42:53Z,5.8589
2026-03-25T15:50:01Z,5.6674
2026-03-25T15:56:29Z,5.1267
2026-03-25T15:59:55Z,6.1394
2026-03-25T16:14:51Z,6.1179
2026-03-25T16:24:35Z,5.7103
2026-03-25T16:36:33Z,6.7176
2026-03-25T16:50:25Z,5.6895
2026-03-25T17:12:19Z,6.3086
2026-03-25T17:12:41Z,6.2534
2026-03-25T17:21:15Z,5.4498
2026-03-25T18:05:09Z,4.7508
2026-03-25T18:18:09Z,5.6473
2026-03-25T18:38:37Z,5.9032
2026-03-25T18:51:32Z,7.0794
2026-03-25T18:55:27Z,5.54
2026-03-25T19:10:26Z,5.5315
2026-03-25T19:17:12Z,5.3303
2026-03-25T19:24:58Z,6.4963
2026-03-25T19:36:02Z,5.0254
2026-03-25T19:39:53Z,6.3122
2026-03-25T20:12:18Z,7.3726
2026-03-25T20:18:27Z,6.3262
2026-03-25T20:33:06Z,5.7451
2026-03-25T20:42:06Z,6.2838
2026-03-25T20:58:44Z,6.0609
2026-03-25T20:59:06Z,5.2809
2026-03-25T21:00:34Z,5.8001
2026-03-25T21:03:24Z,6.1688
2026-03-25T21:13:14Z,6.4602
2026-03-25T21:18:32Z,6.4479
2026-03-25T21:21:24Z,5.3739
2026-03-25T21:25:25Z,6.5007
2026-03-25T22:01:29Z,6.684
2026-03-25T22:05:35Z,6.6372
2026-03-25T22:06:17Z,6.6859
2026-03-25T22:18:12Z,5.2442
2026-03-25T22:24:05Z,5.646
2026-03-25T22:47:06Z,5.492
2026-03-25T22:56:29Z,5.9072
2026-03-25T22:58:29Z,6.862
2026-03-25T23:00:04Z,5.3786
2026-03-25T23:10:05Z,4.6612
2026-03-25T23:16:19Z,5.8628
2026-03-25T23:25:10Z,6.2518
2026-03-25T23:28:39Z,5.4586
2026-03-25T23:30:00Z,7.3231
2026-03-25T23:41:33Z,6.8698
2026-03-25T23:48:16Z,6.2525
2026-03-25T23:52:30Z,5.9561
2026-03-26T00:11:47Z,6.3164
2026-03-26T01:02:25Z,6.0791
2026-03-26T01:05:06Z,5.8032
2026-03-26T01:05:50Z,5.7961
2026-03-26T01:11:44Z,4.7609
2026-03-26T01:13:30Z,5.8327
2026-03-26T01:19:12Z,6.0818
2026-03-26T01:33:22Z,6.7051
2026-03-26T01:36:13Z,5.8412
2026-03-26T01:46:47Z,6.3083
2026-03-26T02:09:38Z,6.4642
2026-03-26T02:23:50Z,5.6053
2026-03-26T02:32:56Z,6.6483
2026-03-26T02:35:45Z,6.7681
2026-03-26T02:48:40Z,6.2626
2026-03-26T02:53:11Z,5.5406
2026-03-26T03:15:22Z,5.299
2026-03-26T03:40:37Z,5.6448
2026-03-26T03:49:47Z,6.8477
2026-03-26T03:59:06Z,5.8463
2026-03-26T04:30:27Z,5.2285
2026-03-26T04:40:30Z,6.1209
2026-03-26T04:43:42Z,5.3891
2026-03-26T05:00:23Z,5.2821
2026-03-26T05:19:14Z,6.5029
2026-03-26T05:22:19Z,6.8013
2026-03-26T05:49:15Z,5.1991
2026-03-26T05:53:07Z,6.5062
2026-03-26T05:53:42Z,6.3232
2026-03-26T06:03:15Z,6.3304
2026-03-26T06:08:29Z,6.4219
2026-03-26T06:12:51Z,6.9483
2026-03-26T06:17:15Z,5.4659
2026-03-26T06:23:34Z,6.016
2026-03-26T06:25:26Z,6.3816
2026-03-26T06:28:02Z,5.2942
2026-03-26T06:30:02Z,5.4534
2026-03-26T06:32:49Z,6.5868
2026-03-26T06:37:25Z,5.8691
2026-03-26T06:46:50Z,5.142
2026-03-26T06:52:57Z,6.7357
2026-03-26T07:00:37Z,6.1263
2026-03-26T07:22:50Z,7.3043
2026-03-26T07:31:48Z,5.4199
2026-03-26T07:33:13Z,5.5377
2026-03-26T07:34:49Z,5.2042
2026-03-26T07:59:06Z,6.0732
2026-03-26T08:00:17Z,6.1455
2026-03-26T08:04:30Z,5.2621
2026-03-26T08:09:58Z,5.9424
2026-03-26T08:19:06Z,6.4747
2026-03-26T08:20:22Z,6.7538
2026-03-26T08:38:49Z,6.0637
2026-03-26T08:47:40Z,5.0111
2026-03-26T09:08:43Z,6.4349
2026-03-26T09:15:56Z,5.8996
2026-03-26T09:54:35Z,5.353
2026-03-26T09:57:33Z,6.4582
2026-03-26T10:07:08Z,5.7482
2026-03-26T10:21:13Z,7.0475
2026-03-26T10:34:54Z,5.596
2026-03-26T10:38:03Z,5.9369
2026-03-26T10:59:26Z,5.6205
2026-03-26T11:12:18Z,6.7598
2026-03-26T11:15:16Z,7.0272
2026-03-26T11:27:16Z,4.6099
2026-03-26T11:46:23Z,5.6451
2026-03-26T11:56:57Z,6.19
2026-03-26T11:58:23Z,7.2559
2026-03-26T12:14:13Z,6.3141
2026-03-26T12:29:50Z,5.6047
2026-03-26T12:39:16Z,6.8364
2026-03-26T12:46:29Z,4.9836
2026-03-26T12:58:38Z,4.9148
2026-03-26T12:58:49Z,6.677
2026-03-26T13:14:19Z,6.2575
2026-03-26T14:03:03Z,5.5797
2026-03-26T14:34:36Z,6.7089
2026-03-26T14:41:27Z,5.5006
2026-03-26T14:53:49Z,5.366
2026-03-26T15:02:28Z,4.6357
2026-03-26T15:06:20Z,6.3608
2026-03-26T15:24:06Z,5.6371
2026-03-26T15:28:04Z,6.6187
2026-03-26T15:28:34Z,6.6973
2026-03-26T15:41:27Z,5.1832
2026-03-26T16:17:22Z,4.7286
2026-03-26T16:25:04Z,6.2365
2026-03-26T16:32:34Z,6.0849
2026-03-26T16:42:19Z,6.2445
2026-03-26T16:43:10Z,6.4525
2026-03-26T16:50:28Z,5.0095
2026-03-26T16:57:01Z,6.3646
2026-03-26T16:58:50Z,5.8377
2026-03-26T17:07:49Z,6.8523
2026-03-26T17:21:34Z,4.9052
2026-03-26T17:52:40Z,5.495
2026-03-26T18:12:04Z,5.9224
2026-03-26T18:21:19Z,6.0626
2026-03-26T18:21:39Z,4.7894
2026-03-26T18:21:50Z,5.4401
2026-03-26T18:24:25Z,6.1573
2026-03-26T18:35:56Z,4.9576
2026-03-26T18:41:04Z,4.807
2026-03-26T18:51:43Z,6.4687
2026-03-26T18:54:06Z,6.0056
2026-03-26T18:57:34Z,5.7613
2026-03-26T19:05:29Z,7.0528
2026-03-26T19:05:51Z,6.1204
2026-03-26T19:08:34Z,5.8986
2026-03-26T19:25:49Z,5.6481
2026-03-26T19:30:17Z,4.437
2026-03-26T19:32:45Z,5.8641
2026-03-26T19:32:59Z,5.2027
2026-03-26T19:54:20Z,5.4948
2026-03-26T20:14:56Z,5.7673
2026-03-26T20:16:46Z,5.3722
2026-03-26T20:18:04Z,5.4016
2026-03-26T20:18:53Z,6.4841
2026-03-26T20:41:31Z,6.2782
2026-03-26T20:42:07Z,6.0604
2026-03-26T20:58:44Z,6.5617
2026-03-26T21:04:44Z,5.8118
2026-03-26T21:19:31Z,6.9832
2026-03-26T21:33:14Z,6.5372
2026-03-26T21:33:36Z,6.5842
2026-03-26T21:51:22Z,6.2333
2026-03-26T21:52:16Z,6.1031
2026-03-26T21:59:20Z,6.7809
2026-03-26T22:07:55Z,4.9759
2026-03-26T22:19:48Z,5.8499
2026-03-26T22:22:15Z,6.9646
2026-03-26T22:29:50Z,6.9622
2026-03-26T22:37:03Z,5.1874
2026-03-26T22:39:18Z,6.4074
2026-03-26T23:17:44Z,5.762
2026-03-26T23:21:12Z,5.3024
2026-03-26T23:28:51Z,6.8079
2026-03-26T23:30:48Z,5.963
2026-03-27T00:01:35Z,4.5333
2026-03-27T00:12:25Z,6.1309
2026-03-27T00:13:02Z,6.3544
2026-03-27T00:21:52Z,5.9795
2026-03-27T00:26:03Z,5.1682
2026-03-27T00:27:51Z,6.3872
2026-03-27T00:30:53Z,6.0443
2026-03-27T00:37:43Z,5.9304
2026-03-27T00:39:30Z,4.9269
2026-03-27T00:45:40Z,4.9711
2026-03-27T00:48:20Z,6.0682
2026-03-27T00:59:01Z,6.1762
2026-03-27T01:01:11Z,5.3529
2026-03-27T01:04:56Z,4.6889
2026-03-27T01:10:22Z,6.6241
2026-03-27T01:16:38Z,5.8863
2026-03-27T01:21:03Z,6.6382
2026-03-27T01:24:46Z,5.3832
2026-03-27T01:36:37Z,5.8545
2026-03-27T01:45:50Z,4.7479
2026-03-27T01:47:43Z,5.526
2026-03-27T02:02:19Z,6.3277
2026-03-27T02:04:52Z,4.4023
2026-03-27T02:12:22Z,5.0849
2026-03-27T02:14:47Z,5.6225
2026-03-27T02:24:28Z,6.1426
2026-03-27T02:29:27Z,4.9077
2026-03-27T02:38:17Z,5.8106
2026-03-27T02:39:21Z,6.2647
2026-03-27T02:46:40Z,6.0338
2026-03-27T03:01:25Z,8.3454
2026-03-27T03:19:56Z,6.3093
2026-03-27T03:24:47Z,5.7457
2026-03-27T03:36:36Z,6.674
2026-03-27T04:09:38Z,5.9813
2026-03-27T04:17:08Z,6.3537
2026-03-27T04:39:48Z,5.3967
2026-03-27T05:11:22Z,6.4434
2026-03-27T05:55:56Z,5.0928
2026-03-27T06:00:26Z,6.3724
2026-03-27T06:03:30Z,6.2452
2026-03-27T06:09:02Z,5.6283
2026-03-27T06:10:03Z,4.6484
2026-03-27T06:32:54Z,5.6109
2026-03-27T06:51:40Z,5.2597
2026-03-27T06:53:57Z,7.2039
2026-03-27T06:58:15Z,5.314
2026-03-27T07:04:47Z,6.2965
2026-03-27T07:06:06Z,5.8884
2026-03-27T07:08:57Z,5.4032
2026-03-27T07:20:21Z,5.9871
2026-03-27T07:26:22Z,6.6729
2026-03-27T07:27:04Z,6.1584
2026-03-27T07:32:45Z,6.0485
2026-03-27T07:42:16Z,6.8459
2026-03-27T08:00:06Z,5.1484
2026-03-27T08:13:21Z,7.0877
2026-03-27T08:22:20Z,6.1551
2026-03-27T08:27:45Z,7.1618
2026-03-27T08:37:52Z,5.3951
2026-03-27T08:40:02Z,4.9998
2026-03-27T08:48:19Z,5.8891
2026-03-27T09:14:58Z,5.6664
2026-03-27T09:33:59Z,6.6888
2026-03-27T09:37:34Z,5.5668
2026-03-27T10:08:55Z,5.9372
2026-03-27T10:10:22Z,4.8536
2026-03-27T10:14:04Z,5.4899
2026-03-27T10:22:59Z,5.8602
2026-03-27T10:24:55Z,4.7032
2026-03-27T10:25:42Z,4.8752
2026-03-27T10:26:41Z,6.0713
2026-03-27T10:27:49Z,5.5137
2026-03-27T10:30:08Z,5.9208
2026-03-27T10:33:00Z,6.7729
2026-03-27T10:42:54Z,5.7495
2026-03-27T10:54:29Z,5.2782
2026-03-27T10:57:47Z,6.0637
2026-03-27T11:10:12Z,7.3825
2026-03-27T11:17:42Z,5.4507
2026-03-27T11:18:06Z,5.7723
2026-03-27T11:29:07Z,5.886
2026-03-27T11:44:02Z,4.8961
2026-03-27T11:54:28Z,6.1221
2026-03-27T12:51:39Z,5.5224
2026-03-27T12:56:00Z,4.959
2026-03-27T13:08:33Z,5.0693
2026-03-27T13:09:35Z,7.9233
2026-03-27T13:10:19Z,3.9692
2026-03-27T13:28:18Z,5.7639
2026-03-27T13:39:53Z,5.3399
2026-03-27T13:46:24Z,5.2971
2026-03-27T13:50:43Z,5.9932
2026-03-27T14:09:15Z,6.5052
2026-03-27T14:14:19Z,7.4241
2026-03-27T14:15:40Z,5.9658
2026-03-27T14:18:30Z,5.5084
2026-03-27T14:19:01Z,6.2338
2026-03-27T14:23:49Z,6.8177
2026-03-27T14:25:56Z,6.4955
2026-03-27T14:30:05Z,6.7384
2026-03-27T14:38:05Z,6.4895
2026-03-27T15:42:03Z,5.9689
2026-03-27T15:50:41Z,5.8445
2026-03-27T15:50:42Z,6.3094
2026-03-27T15:59:26Z,6.1959
2026-03-27T16:09:43Z,5.4864
2026-03-27T16:20:55Z,5.4808
2026-03-27T16:28:26Z,6.8692
2026-03-27T16:49:22Z,6.2995
2026-03-27T16:53:11Z,6.0033
2026-03-27T17:25:13Z,6.0311
2026-03-27T17:35:22Z,5.6239
2026-03-27T17:39:25Z,5.535
2026-03-27T17:43:20Z,5.2852
2026-03-27T17:47:13Z,7.1845
2026-03-27T17:49:29Z,5.5761
2026-03-27T17:52:52Z,6.5974
2026-03-27T17:56:29Z,5.7284
2026-03-27T18:17:34Z,5.202
2026-03-27T18:30:19Z,5.5902
2026-03-27T18:35:45Z,7.3223
2026-03-27T18:46:48Z,4.6732
2026-03-27T18:47:19Z,6.8063
2026-03-27T18:58:45Z,6.2829
2026-03-27T19:27:53Z,5.1383
2026-03-27T19:38:25Z,5.3383
2026-03-27T19:40:54Z,5.5203
2026-03-27T20:23:42Z,5.7703
2026-03-27T20:25:48Z,5.8409
2026-03-27T20:39:25Z,5.4943
2026-03-27T21:05:37Z,5.7028
2026-03-27T21:17:03Z,5.932
2026-03-27T21:34:51Z,5.5393
2026-03-27T22:17:34Z,5.2247
2026-03-27T22:30:00Z,6.2046
2026-03-27T22:32:39Z,5.3659
2026-03-27T23:07:44Z,6.5622
2026-03-27T23:30:33Z,5.8689
2026-03-27T23:36:32Z,6.56
2026-03-27T23:57:47Z,6.8843
2026-03-28T00:04:41Z,6.7004
2026-03-28T00:21:57Z,5.3199
2026-03-28T00:31:58Z,6.6267
2026-03-28T00:43:21Z,6.1638
2026-03-28T00:47:50Z,5.0869
2026-03-28T00:51:48Z,6.6219
2026-03-28T01:02:48Z,5.3526
2026-03-28T01:02:51Z,4.8942
2026-03-28T01:08:58Z,6.2752
2026-03-28T01:10:17Z,6.1707
2026-03-28T01:32:51Z,5.406
2026-03-28T01:33:16Z,4.6006
2026-03-28T01:35:48Z,6.6138
2026-03-28T01:37:10Z,6.0616
2026-03-28T02:07:15Z,5.254
2026-03-28T02:13:02Z,6.0573
2026-03-28T02:27:01Z,6.3959
2026-03-28T02:41:38Z,5.8131
2026-03-28T03:04:34Z,6.3187
2026-03-28T03:12:04Z,6.4415
2026-03-28T03:12:35Z,6.6552
2026-03-28T03:15:49Z,4.5336
2026-03-28T03:20:05Z,6.0218
2026-03-28T03:21:13Z,5.6953
2026-03-28T03:26:11Z,6.1886
2026-03-28T03:32:27Z,6.6006
2026-03-28T03:34:17Z,5.4706
2026-03-28T04:05:25Z,5.6775
2026-03-28T04:07:03Z,6.5915
2026-03-28T04:10:28Z,6.4499
2026-03-28T04:12:06Z,6.0195
2026-03-28T04:27:47Z,5.9416
2026-03-28T04:47:06Z,5.4401
2026-03-28T05:54:31Z,6.637
2026-03-28T05:56:31Z,5.0598
2026-03-28T06:02:22Z,5.5036
2026-03-28T06:14:49Z,7.0016
2026-03-28T06:35:38Z,6.1244
2026-03-28T06:38:17Z,6.4222
2026-03-28T06:46:44Z,5.9571
2026-03-28T06:56:44Z,5.4018
2026-03-28T07:02:32Z,5.0192
2026-03-28T07:02:43Z,6.0043
2026-03-28T07:26:58Z,5.5597
2026-03-28T07:40:01Z,5.8766
2026-03-28T07:43:45Z,6.2924
2026-03-28T07:56:49Z,5.1415
2026-03-28T07:59:40Z,4.3575
2026-03-28T08:07:43Z,5.7234
2026-03-28T08:21:34Z,5.6726
2026-03-28T08:45:52Z,5.6449
2026-03-28T09:20:20Z,7.4558
2026-03-28T09:21:03Z,6.5884
2026-03-28T10:04:04Z,5.8937
2026-03-28T10:10:21Z,6.6282
2026-03-28T10:12:58Z,5.6228
2026-03-28T10:13:55Z,6.9472
2026-03-28T10:14:15Z,6.238
2026-03-28T11:05:02Z,5.1872
2026-03-28T11:19:22Z,6.5168
2026-03-28T11:23:18Z,5.996
2026-03-28T11:36:16Z,4.4607
2026-03-28T11:50:04Z,6.257
2026-03-28T12:10:33Z,5.3195
2026-03-28T12:21:42Z,6.0107
2026-03-28T12:24:23Z,4.5005
2026-03-28T12:25:41Z,5.1447
2026-03-28T12:29:18Z,4.5909
2026-03-28T12:40:19Z,6.2948
2026-03-28T12:52:12Z,6.6498
2026-03-28T13:00:04Z,5.8172
2026-03-28T13:03:56Z,5.9869
2026-03-28T13:13:20Z,6.0157
2026-03-28T13:20:41Z,5.8208
2026-03-28T13:46:35Z,5.8884
2026-03-28T13:59:41Z,5.5485
2026-03-28T14:01:01Z,6.0293
2026-03-28T14:01:38Z,4.9704
2026-03-28T14:04:33Z,6.3062
2026-03-28T14:15:04Z,5.5565
2026-03-28T14:23:30Z,5.0049
2026-03-28T14:30:15Z,5.8777
2026-03-28T14:43:56Z,5.3715
2026-03-28T14:53:39Z,5.7715
2026-03-28T15:15:34Z,6.5027
2026-03-28T15:47:30Z,6.6832
2026-03-28T15:49:21Z,4.9669
2026-03-28T15:50:51Z,5.395
2026-03-28T15:57:44Z,6.3829
2026-03-28T16:01:43Z,6.1666
2026-03-28T16:03:04Z,5.7228
2026-03-28T16:14:29Z,6.4302
2026-03-28T16:17:19Z,6.2435
2026-03-28T16:22:11Z,5.6278
2026-03-28T16:30:46Z,5.3106
2026-03-28T16:31:59Z,5.4641
2026-03-28T16:58:50Z,6.2261
2026-03-28T17:29:43Z,5.59
2026-03-28T17:34:27Z,5.0035
2026-03-28T17:45:00Z,6.2659
2026-03-28T18:12:59Z,5.7465
2026-03-28T18:18:34Z,6.7379
2026-03-28T18:25:25Z,6.7883
2026-03-28T18:45:56Z,6.0124
2026-03-28T18:55:15Z,5.5043
2026-03-28T19:02:24Z,5.1473
2026-03-28T19:04:15Z,5.7007
2026-03-28T19:06:28Z,6.2244
2026-03-28T19:24:53Z,4.7094
2026-03-28T19:26:06Z,6.5152
2026-03-28T19:35:13Z,5.9749
2026-03-28T19:42:10Z,6.4509
2026-03-28T19:49:18Z,5.9674
2026-03-28T19:49:51Z,7.0279
2026-03-28T19:50:36Z,6.0861
2026-03-28T19:59:00Z,7.6473
2026-03-28T20:02:07Z,6.1066
2026-03-28T20:09:06Z,5.6356
2026-03-28T20:14:03Z,7.3198
2026-03-28T20:18:25Z,6.729
2026-03-28T20:21:42Z,5.6959
2026-03-28T20:24:45Z,5.0065
2026-03-28T20:28:29Z,5.3766
2026-03-28T20:34:00Z,5.7237
2026-03-28T20:44:42Z,6.4488
2026-03-28T20:57:20Z,4.6968
2026-03-28T21:06:04Z,6.3631
2026-03-28T21:19:36Z,5.4589
2026-03-28T21:21:13Z,5.472
2026-03-28T21:28:46Z,5.2505
2026-03-28T21:34:41Z,5.9873
2026-03-28T21:37:07Z,5.5256
2026-03-28T21:38:48Z,5.2681
2026-03-28T21:39:36Z,5.4141
2026-03-28T21:40:49Z,6.4137
2026-03-28T21:40:53Z,5.7239
2026-03-28T21:50:18Z,5.9653
2026-03-28T21:56:01Z,7.0469
2026-03-28T22:01:47Z,6.3487
2026-03-28T22:05:39Z,6.5216
2026-03-28T22:28:45Z,5.6919
2026-03-28T22:32:13Z,4.8582
2026-03-28T22:53:06Z,5.3424
2026-03-28T22:58:34Z,5.983
2026-03-28T23:19:34Z,6.5652
2026-03-28T23:28:17Z,6.7173
2026-03-28T23:56:44Z,5.884
2026-03-28T23:58:45Z,5.0027
2026-03-29T00:00:35Z,6.5525
2026-03-29T00:01:08Z,6.7448
2026-03-29T00:06:18Z,4.4521
2026-03-29T00:07:22Z,4.7893
2026-03-29T00:08:13Z,5.1129
2026-03-29T00:10:38Z,5.7203
2026-03-29T00:23:14Z,6.535
2026-03-29T00:40:08Z,5.6227
2026-03-29T00:47:15Z,6.0722
2026-03-29T00:56:33Z,5.6682
2026-03-29T01:07:08Z,6.8977
2026-03-29T01:29:02Z,6.644
2026-03-29T01:29:16Z,7.2466
2026-03-29T01:29:34Z,6.6078
2026-03-29T01:48:48Z,6.0322
2026-03-29T01:49:04Z,6.3497
2026-03-29T02:06:48Z,7.2257
2026-03-29T02:16:33Z,5.1896
2026-03-29T02:19:18Z,5.5786
2026-03-29T02:24:51Z,5.6209
2026-03-29T02:33:01Z,5.5828
2026-03-29T02:40:00Z,6.259
2026-03-29T02:45:40Z,6.2675
2026-03-29T02:47:17Z,5.5524
2026-03-29T02:55:49Z,7.7748
2026-03-29T03:23:40Z,4.2397
2026-03-29T04:06:37Z,6.5548
2026-03-29T04:21:57Z,6.0791
2026-03-29T04:26:22Z,6.357
2026-03-29T04:31:03Z,5.2312
2026-03-29T04:33:53Z,5.3399
2026-03-29T04:38:08Z,5.8192
2026-03-29T05:39:09Z,7.7047
2026-03-29T05:42:14Z,5.2173
2026-03-29T05:44:02Z,6.019
2026-03-29T05:48:55Z,7.3544
2026-03-29T05:49:35Z,6.9043
2026-03-29T06:14:35Z,5.7329
2026-03-29T06:24:34Z,6.6456
2026-03-29T06:26:23Z,6.8199
2026-03-29T06:41:57Z,6.9209
2026-03-29T06:42:36Z,5.901
2026-03-29T07:02:26Z,7.3496
2026-03-29T07:06:45Z,6.5384
2026-03-29T07:12:30Z,6.0425
2026-03-29T07:15:38Z,4.8236
2026-03-29T07:18:24Z,4.9962
2026-03-29T07:30:32Z,4.3492
2026-03-29T07:42:29Z,5.9535
2026-03-29T07:43:40Z,5.7838
2026-03-29T07:46:38Z,4.7514
2026-03-29T07:58:08Z,6.5519
2026-03-29T08:02:07Z,6.0865
2026-03-29T08:43:25Z,6.4629
2026-03-29T08:59:02Z,5.8653
2026-03-29T09:13:34Z,5.9771
2026-03-29T09:14:02Z,6.7236
2026-03-29T09:14:55Z,5.9793
2026-03-29T09:35:57Z,6.3278
2026-03-29T09:37:21Z,6.1745
2026-03-29T09:44:31Z,5.8613
2026-03-29T09:45:47Z,5.9693
2026-03-29T09:50:30Z,6.0373
2026-03-29T09:52:25Z,7.3834
2026-03-29T10:08:06Z,6.2693
2026-03-29T10:18:03Z,4.8644
2026-03-29T10:54:52Z,6.7676
2026-03-29T10:58:23Z,5.2375
2026-03-29T11:11:37Z,6.9408
2026-03-29T11:39:13Z,5.1636
2026-03-29T11:50:49Z,6.2539
2026-03-29T11:51:27Z,4.9057
2026-03-29T12:43:39Z,5.0592
2026-03-29T12:54:48Z,5.1056
2026-03-29T13:04:26Z,5.464
2026-03-29T13:04:37Z,5.7207
2026-03-29T13:12:47Z,6.6613
2026-03-29T13:15:26Z,5.6981
2026-03-29T13:33:15Z,6.0874
2026-03-29T13:42:46Z,4.1781
2026-03-29T13:55:59Z,6.148
2026-03-29T14:12:52Z,5.702
2026-03-29T14:25:02Z,6.5111
2026-03-29T14:46:37Z,5.6304
2026-03-29T15:01:55Z,5.7983
2026-03-29T15:15:28Z,7.2774
2026-03-29T15:16:03Z,6.4989
2026-03-29T15:20:19Z,6.4293
2026-03-29T15:28:55Z,5.3931
2026-03-29T16:00:15Z,5.239
2026-03-29T16:04:07Z,6.2417
2026-03-29T16:05:35Z,5.9715
2026-03-29T16:15:42Z,6.0496
2026-03-29T16:25:28Z,6.5005
2026-03-29T16:37:47Z,5.5764
2026-03-29T16:55:28Z,5.2366
2026-03-29T16:59:56Z,6.383
2026-03-29T16:59:58Z,6.0401
2026-03-29T17:12:24Z,5.6271
2026-03-29T17:25:33Z,4.656
2026-03-29T17:42:32Z,5.6634
2026-03-29T17:50:38Z,5.7982
2026-03-29T18:07:48Z,6.2421
2026-03-29T18:21:17Z,5.6966
2026-03-29T18:22:07Z,6.6425
2026-03-29T18:22:23Z,5.1381
2026-03-29T18:25:43Z,6.3462
2026-03-29T18:25:50Z,4.9062
2026-03-29T18:46:06Z,4.7475
2026-03-29T18:50:55Z,5.7528
2026-03-29T19:00:01Z,6.7173
2026-03-29T19:25:29Z,5.4896
2026-03-29T19:50:32Z,5.9866
2026-03-29T20:10:02Z,5.1985
2026-03-29T20:12:52Z,7.6732
2026-03-29T20:20:10Z,7.8818
2026-03-29T20:21:38Z,6.0176
2026-03-29T20:39:17Z,7.0344
2026-03-29T20:51:00Z,5.5297
2026-03-29T20:53:56Z,6.0295
2026-03-29T20:54:23Z,6.1642
2026-03-29T20:58:14Z,5.8471
2026-03-29T21:02:31Z,5.5438
2026-03-29T21:17:23Z,6.3188
2026-03-29T21:27:51Z,5.5415
2026-03-29T21:31:37Z,6.219
2026-03-29T21:48:54Z,7.154
2026-03-29T21:53:42Z,6.4353
2026-03-29T22:09:59Z,5.0104
2026-03-29T22:10:30Z,6.6789
2026-03-29T22:15:26Z,4.9414
2026-03-29T22:20:23Z,5.9999
2026-03-29T22:29:12Z,5.7434
2026-03-29T22:32:42Z,4.9185
2026-03-29T22:37:16Z,5.9722
2026-03-29T22:39:13Z,5.9666
2026-03-29T22:50:48Z,6.2782
2026-03-29T22:51:09Z,5.6895
2026-03-29T22:52:36Z,5.5309
2026-03-29T22:59:51Z,5.2264
2026-03-29T23:21:36Z,5.7478
2026-03-29T23:37:12Z,6.4906
2026-03-29T23:45:38Z,6.3668
2026-03-29T23:56:33Z,5.5013
2026-03-30T00:02:35Z,6.2418
2026-03-30T00:18:57Z,5.6009
2026-03-30T00:26:35Z,5.9488
2026-03-30T00:26:51Z,5.0285
2026-03-30T00:27:40Z,6.2945
2026-03-30T00:28:19Z,6.2168
2026-03-30T00:39:04Z,6.6466
2026-03-30T00:44:44Z,5.6039
2026-03-30T00:50:42Z,4.645
2026-03-30T00:55:08Z,4.9204
2026-03-30T01:12:54Z,5.8489
2026-03-30T01:17:23Z,4.9322
2026-03-30T01:22:41Z,6.0923
2026-03-30T01:48:41Z,6.4202
2026-03-30T02:02:09Z,6.1078
2026-03-30T02:04:41Z,4.4931
2026-03-30T02:05:36Z,5.5547
2026-03-30T02:22:59Z,5.5652
2026-03-30T02:28:32Z,6.2429
2026-03-30T02:28:56Z,5.1483
2026-03-30T03:05:41Z,6.0969
2026-03-30T03:06:53Z,5.1342
2026-03-30T03:09:52Z,4.7071
2026-03-30T03:33:22Z,5.7615
2026-03-30T03:53:59Z,6.6096
2026-03-30T04:02:19Z,4.6574
2026-03-30T04:04:54Z,6.1794
2026-03-30T04:10:50Z,5.2989
2026-03-30T04:15:52Z,4.8514
2026-03-30T04:16:33Z,6.0782
2026-03-30T04:21:38Z,6.4099
2026-03-30T04:24:59Z,5.6728
2026-03-30T05:01:52Z,6.0977
2026-03-30T05:02:26Z,5.4192
2026-03-30T05:05:26Z,6.8601
2026-03-30T05:16:53Z,5.2655
2026-03-30T05:35:16Z,6.2399
2026-03-30T05:43:13Z,5.7072
2026-03-30T05:45:15Z,5.1669
2026-03-30T05:48:25Z,6.2465
2026-03-30T06:07:14Z,5.3681
2026-03-30T06:15:15Z,6.236
2026-03-30T06:20:57Z,5.4352
2026-03-30T06:31:06Z,5.1434
2026-03-30T06:31:09Z,6.3537
2026-03-30T06:49:13Z,5.2805
2026-03-30T07:00:04Z,6.9482
2026-03-30T07:12:33Z,5.9414
2026-03-30T07:13:14Z,6.2648
2026-03-30T07:29:04Z,5.8554
2026-03-30T07:31:02Z,5.4001
2026-03-30T07:32:19Z,4.9324
2026-03-30T07:48:10Z,6.5685
2026-03-30T08:03:17Z,6.7568
2026-03-30T08:04:23Z,6.2716
2026-03-30T08:11:09Z,6.3489
2026-03-30T08:20:01Z,7.497
2026-03-30T08:48:21Z,5.9936
2026-03-30T08:49:21Z,7.003
2026-03-30T09:06:19Z,6.9302
2026-03-30T09:18:47Z,5.8234
2026-03-30T09:39:24Z,5.6684
2026-03-30T09:44:50Z,6.0398
2026-03-30T09:53:28Z,5.9926
2026-03-30T09:55:26Z,5.3658
2026-03-30T10:11:23Z,5.7561
2026-03-30T10:11:42Z,5.9912
2026-03-30T10:12:37Z,4.5071
2026-03-30T10:12:56Z,6.7933
2026-03-30T10:25:51Z,5.923
2026-03-30T10:26:32Z,6.8409
2026-03-30T10:26:50Z,7.7273
2026-03-30T10:34:58Z,5.761
2026-03-30T10:37:07Z,5.4414
2026-03-30T10:48:55Z,6.4817
2026-03-30T10:50:18Z,5.7048
2026-03-30T11:09:46Z,6.0345
2026-03-30T11:56:15Z,7.2043
2026-03-30T12:01:20Z,6.5793
2026-03-30T12:17:03Z,6.0198
2026-03-30T12:39:03Z,6.0849
2026-03-30T12:42:42Z,7.1445
2026-03-30T13:02:02Z,6.8815
2026-03-30T13:02:34Z,5.1707
2026-03-30T13:13:53Z,5.5977
2026-03-30T13:25:22Z,5.739
2026-03-30T13:29:43Z,6.71
2026-03-30T13:30:34Z,5.6367
2026-03-30T13:33:06Z,5.1978
2026-03-30T13:45:52Z,6.7113
2026-03-30T13:48:58Z,5.6607
2026-03-30T14:50:24Z,5.4489
2026-03-30T15:10:21Z,6.2218
2026-03-30T15:12:53Z,6.3641
2026-03-30T15:22:52Z,5.7926
2026-03-30T15:26:39Z,5.5486
2026-03-30T15:27:15Z,5.1021
2026-03-30T15:38:46Z,5.5477
2026-03-30T15:47:36Z,5.3936
2026-03-30T15:55:58Z,6.7541
2026-03-30T15:59:09Z,6.0157
2026-03-30T16:02:10Z,4.8416
2026-03-30T16:04:34Z,6.0543
2026-03-30T16:14:02Z,5.326
2026-03-30T16:16:43Z,6.2183
2026-03-30T16:30:06Z,6.4782
2026-03-30T16:43:56Z,6.9644
2026-03-30T16:48:35Z,4.4298
2026-03-30T16:56:37Z,5.7348
2026-03-30T17:08:55Z,5.6517
2026-03-30T17:13:13Z,6.9121
2026-03-30T17:19:20Z,6.0437
2026-03-30T17:34:13Z,6.2723
2026-03-30T17:39:46Z,6.1637
2026-03-30T17:51:45Z,7.0385
2026-03-30T17:58:03Z,5.6668
2026-03-30T18:01:08Z,6.7505
2026-03-30T18:18:07Z,6.0355
2026-03-30T18:18:54Z,6.2185
2026-03-30T18:32:47Z,4.9317
2026-03-30T18:47:55Z,5.2817
2026-03-30T19:09:47Z,5.1677
2026-03-30T19:29:40Z,5.6187
2026-03-30T19:40:57Z,6.8467
2026-03-30T19:56:05Z,5.8679
2026-03-30T20:02:01Z,5.456
2026-03-30T20:20:11Z,6.7545
2026-03-30T20:28:25Z,5.5728
2026-03-30T20:42:26Z,5.3521
2026-03-30T20:46:42Z,6.5198
2026-03-30T21:03:51Z,6.8385
2026-03-30T21:08:34Z,6.3608
2026-03-30T21:09:35Z,4.8628
2026-03-30T21:09:44Z,5.6429
2026-03-30T21:34:43Z,5.207
2026-03-30T21:35:48Z,6.9096
2026-03-30T21:47:16Z,6.7975
2026-03-30T21:47:57Z,6.8924
2026-03-30T21:52:29Z,6.8269
2026-03-30T22:05:13Z,5.7563
2026-03-30T22:07:50Z,4.8754
2026-03-30T22:28:34Z,5.5648
2026-03-30T22:33:06Z,6.5267
2026-03-30T22:34:15Z,5.9969
2026-03-30T23:00:18Z,6.7106
2026-03-30T23:11:45Z,6.1335
2026-03-30T23:17:40Z,6.0213
2026-03-30T23:18:21Z,5.9942
2026-03-30T23:31:24Z,5.5434
2026-03-30T23:47:48Z,4.5812
2026-03-31T00:01:49Z,6.3527
2026-03-31T00:07:27Z,6.7026
2026-03-31T00:32:27Z,5.2725
2026-03-31T00:50:16Z,6.1172
2026-03-31T00:59:07Z,6.1471
2026-03-31T01:07:31Z,6.5858
2026-03-31T01:16:38Z,6.8832
2026-03-31T01:18:51Z,6.1997
2026-03-31T01:32:59Z,6.9145
2026-03-31T01:35:26Z,6.3878
2026-03-31T01:43:32Z,6.6969
2026-03-31T01:58:59Z,5.1107
2026-03-31T02:02:00Z,5.6898
2026-03-31T02:03:36Z,5.8786
2026-03-31T02:12:47Z,5.6098
2026-03-31T02:27:24Z,5.4992
2026-03-31T02:42:20Z,6.2969
2026-03-31T03:10:31Z,6.4354
2026-03-31T03:12:52Z,5.5365
2026-03-31T03:13:12Z,5.523
2026-03-31T03:14:33Z,5.6748
2026-03-31T03:15:03Z,4.9058
2026-03-31T03:27:17Z,5.6912
2026-03-31T03:43:26Z,6.2386
2026-03-31T03:55:47Z,6.4043
2026-03-31T04:06:03Z,6.6385
2026-03-31T04:07:41Z,6.2038
2026-03-31T04:13:46Z,6.596
2026-03-31T04:30:02Z,6.0706
2026-03-31T04:37:15Z,6.1172
2026-03-31T04:44:08Z,6.7316
2026-03-31T04:52:25Z,5.7781
2026-03-31T05:12:05Z,6.6841
2026-03-31T05:28:21Z,5.2079
2026-03-31T05:37:45Z,6.2279
2026-03-31T05:41:51Z,6.3541
2026-03-31T06:09:05Z,5.2789
2026-03-31T06:11:52Z,4.6546
2026-03-31T06:53:19Z,6.9029
2026-03-31T07:01:41Z,6.9319
2026-03-31T07:03:57Z,5.3605
2026-03-31T07:11:44Z,6.0031
2026-03-31T07:12:33Z,5.8577
2026-03-31T07:14:47Z,5.2557
2026-03-31T07:20:53Z,6.1705
2026-03-31T07:26:23Z,5.3409
2026-03-31T07:29:44Z,5.9363
2026-03-31T07:33:34Z,5.7451
2026-03-31T07:41:11Z,4.8039
2026-03-31T07:50:14Z,5.5366
2026-03-31T07:57:36Z,4.7531
2026-03-31T08:15:04Z,5.8789
2026-03-31T08:26:28Z,5.6161
2026-03-31T08:28:12Z,6.2714
2026-03-31T08:32:28Z,6.4319
2026-03-31T08:37:03Z,4.8773
2026-03-31T08:51:32Z,6.7322
2026-03-31T09:04:33Z,6.341
2026-03-31T09:08:45Z,5.8868
2026-03-31T09:13:11Z,6.0126
2026-03-31T09:15:18Z,6.0014
2026-03-31T09:15:47Z,5.009
2026-03-31T09:22:01Z,5.6689
2026-03-31T09:28:11Z,6.2143
2026-03-31T09:28:42Z,6.4115
2026-03-31T09:35:37Z,5.7135
2026-03-31T09:44:52Z,6.1821
2026-03-31T10:14:57Z,5.5493
2026-03-31T10:26:40Z,4.5335
2026-03-31T10:33:50Z,5.7286
2026-03-31T12:13:53Z,5.7139
2026-03-31T12:14:19Z,6.8275
2026-03-31T12:15:04Z,5.748
2026-03-31T12:21:39Z,5.9631
2026-03-31T12:34:11Z,5.9024
2026-03-31T13:41:11Z,6.6954
2026-03-31T13:43:13Z,5.3464
2026-03-31T13:53:09Z,6.8557
2026-03-31T14:19:50Z,6.7603
2026-03-31T14:37:42Z,6.9986
2026-03-31T14:46:04Z,5.6463
2026-03-31T14:47:42Z,5.3674
2026-03-31T15:20:42Z,6.0079
2026-03-31T15:28:00Z,5.2686
2026-03-31T15:44:20Z,6.0948
2026-03-31T15:58:46Z,6.1982
2026-03-31T16:10:13Z,6.492
2026-03-31T16:12:56Z,5.4279
2026-03-31T16:20:58Z,6.0395
2026-03-31T16:32:33Z,5.1378
2026-03-31T16:35:17Z,6.0082
2026-03-31T16:35:36Z,4.6228
2026-03-31T16:36:45Z,5.6536
2026-03-31T16:55:13Z,5.3013
2026-03-31T17:00:16Z,6.3069
2026-03-31T17:01:45Z,5.475
2026-03-31T17:02:01Z,6.3423
2026-03-31T17:14:11Z,5.5866
2026-03-31T17:26:16Z,6.5659
2026-03-31T17:31:02Z,6.5411
2026-03-31T17:34:29Z,5.9418
2026-03-31T17:39:02Z,6.1812
2026-03-31T17:41:14Z,6.3362
2026-03-31T17:43:37Z,5.889
2026-03-31T18:19:52Z,6.0579
2026-03-31T19:05:10Z,7.2801
2026-03-31T19:11:31Z,6.2265
2026-03-31T19:11:51Z,6.8386
2026-03-31T19:12:41Z,5.6804
2026-03-31T19:30:04Z,5.7185
2026-03-31T19:31:48Z,6.2607
2026-03-31T19:33:22Z,6.4276
2026-03-31T19:39:05Z,5.5291
2026-03-31T19:42:22Z,5.1699
2026-03-31T20:01:18Z,6.2269
2026-03-31T20:01:21Z,5.4556
2026-03-31T20:12:03Z,5.0552
2026-03-31T20:29:21Z,7.0875
2026-03-31T20:30:29Z,5.8916
2026-03-31T20:31:57Z,5.1011
2026-03-31T20:36:14Z,4.8193
2026-03-31T20:47:12Z,5.5713
2026-03-31T21:13:15Z,6.8218
2026-03-31T21:22:06Z,5.9973
2026-03-31T21:36:39Z,6.3496
2026-03-31T21:39:13Z,6.4548
2026-03-31T22:31:35Z,5.4159
2026-03-31T22:35:26Z,4.6577
2026-03-31T22:43:44Z,5.3084
2026-03-31T22:45:49Z,4.9814
2026-03-31T22:50:49Z,7.2373
2026-03-31T22:51:28Z,7.3716
2026-03-31T22:55:06Z,6.134
2026-03-31T22:59:37Z,5.8275
2026-03-31T23:01:22Z,6.1767
2026-03-31T23:14:50Z,5.6758
2026-03-31T23:16:12Z,6.1207
2026-03-31T23:17:23Z,4.7887
2026-03-31T23:47:08Z,5.1338
2026-03-31T23:52:45Z,5.3992
