transaction_id,cc_num,datetime,amount,merchant,category,lat,long
T000032707,421500000087,2025-12-07T19:13:00Z,14.05,m_182,health,45.8434,-100.4253
T000032708,480500000027,2025-12-07T19:17:00Z,11.33,m_688,electronics,37.9524,-106.9937
T000032709,432400000114,2025-12-07T19:18:00Z,22.38,m_125,entertainment,41.9963,-74.0626
T000032711,455200000029,2025-12-07T19:18:00Z,13.08,m_253,health,45.3262,-73.5099
T000032712,474300000084,2025-12-07T19:18:00Z,101.75,m_114,travel,27.8835,-93.2499
T000032713,416600000244,2025-12-07T19:18:00Z,149.21,m_468,restaurant,38.2784,-73.2114
T000032714,413300000230,2025-12-07T19:22:00Z,18.67,m_586,grocery,42.2791,-71.795
T000032715,414100000007,2025-12-07T19:22:00Z,15.94,m_470,fuel,35.6079,-113.9241
T000032716,413500000264,2025-12-07T19:30:00Z,37.22,m_085,electronics,39.002,-119.2727
T000032718,492900000273,2025-12-07T19:33:00Z,30.16,m_441,online,33.0001,-117.7818
T000032719,430000000162,2025-12-07T19:35:00Z,6.48,m_344,cash_advance,45.2851,-91.1257
T000032720,420400000060,2025-12-07T19:36:00Z,20.22,m_497,entertainment,32.2225,-72.6141
T000032721,400000000251,2025-12-07T19:37:00Z,18.81,m_466,clothing,37.5002,-97.452
T000032722,490400000207,2025-12-07T19:39:00Z,2.82,m_470,cash_advance,38.6732,-120.7294
T000032723,456300000265,2025-12-07T19:40:00Z,54.05,m_462,online,34.1477,-122.8782
T000032724,432500000036,2025-12-07T19:41:00Z,4.61,m_787,cash_advance,40.1734,-118.9221
T000032725,400000000251,2025-12-07T19:42:00Z,5.55,m_541,entertainment,38.135,-97.8708
T000032726,408800000280,2025-12-07T19:44:00Z,29.57,m_335,clothing,45.8996,-113.2495
T000032727,488600000295,2025-12-07T19:46:00Z,36.3,m_141,clothing,43.7378,-99.703
T000032729,457400000208,2025-12-07T19:51:00Z,63.83,m_541,grocery,47.5653,-108.7774
T000032730,453500000052,2025-12-07T19:52:00Z,19.24,m_049,clothing,43.8476,-122.1511
T000032731,489800000203,2025-12-07T19:55:00Z,13.23,m_129,travel,43.5376,-103.1011
T000032734,436500000043,2025-12-07T20:00:00Z,27.94,m_328,fuel,35.4359,-110.1817
T000032738,454900000187,2025-12-07T20:23:00Z,24.83,m_478,health,41.4117,-111.3147
T000032739,493800000213,2025-12-07T20:23:00Z,24.54,m_142,health,35.587,-74.1292
T000032740,403900000062,2025-12-07T20:25:00Z,10.56,m_774,cash_advance,36.8389,-108.8506
T000032741,453500000052,2025-12-07T20:32:00Z,15.89,m_702,online,43.9311,-122.108
T000032742,425600000170,2025-12-07T20:33:00Z,48.03,m_618,fuel,27.3557,-83.6004
T000032744,444500000160,2025-12-07T20:36:00Z,52.85,m_225,electronics,28.4394,-81.527
T000032746,482600000050,2025-12-07T20:39:00Z,11.46,m_231,restaurant,38.3331,-77.6358
T000032747,490400000207,2025-12-07T20:40:00Z,5.2,m_514,travel,38.0183,-120.7676
T000032748,488800000242,2025-12-07T20:40:00Z,4.14,m_232,travel,33.532,-100.3624
T000032749,486600000046,2025-12-07T20:43:00Z,43.21,m_510,electronics,40.5121,-96.6197
T000032750,433100000271,2025-12-07T20:45:00Z,12.37,m_067,cash_advance,41.4685,-78.0828
T000032751,408700000002,2025-12-07T20:45:00Z,27.92,m_451,electronics,37.2965,-94.7538
T000032752,473800000088,2025-12-07T20:47:00Z,18.97,m_446,entertainment,48.61,-98.9467
T000032753,427100000293,2025-12-07T21:04:00Z,37.08,m_199,entertainment,29.9053,-113.3124
T000032754,455200000029,2025-12-07T21:26:00Z,31.37,m_277,clothing,44.5909,-74.3513
T000032755,468600000099,2025-12-07T21:29:00Z,20.48,m_018,travel,36.5396,-74.1615
T000032756,409000000198,2025-12-07T21:51:00Z,11.27,m_388,clothing,47.8017,-80.8796
T000032757,425300000079,2025-12-07T21:57:00Z,9.19,m_043,health,35.5467,-75.4383
T000032759,401300000033,2025-12-07T22:17:00Z,41.84,m_575,fuel,38.0646,-113.9303
T000032760,499500000281,2025-12-07T22:51:00Z,22.29,m_233,grocery,47.6285,-75.9818
T000032761,467400000299,2025-12-07T22:56:00Z,31.79,m_308,travel,26.5399,-109.1668
T000032763,494800000019,2025-12-07T23:29:00Z,13.16,m_359,restaurant,25.6442,-102.6111
T000032764,489100000057,2025-12-08T00:03:00Z,25.29,m_459,fuel,46.0392,-73.4594
T000032765,400100000173,2025-12-08T00:10:00Z,24.39,m_125,clothing,47.5139,-83.096
T000032766,486500000234,2025-12-08T00:12:00Z,16.09,m_216,clothing,38.6017,-107.9238
T000032767,459100000090,2025-12-08T00:57:00Z,26.47,m_252,entertainment,40.6565,-82.9276
T000032768,431300000248,2025-12-08T00:59:00Z,55.72,m_142,travel,26.391,-86.4938
T000032769,400900000156,2025-12-08T01:07:00Z,51.19,m_188,cash_advance,40.3018,-106.8756
T000032770,470100000147,2025-12-08T01:20:00Z,23.52,m_314,health,29.5138,-83.0061
T000032771,403400000178,2025-12-08T01:34:00Z,24.52,m_507,health,26.6514,-113.74
T000032773,490100000041,2025-12-08T02:13:00Z,18.22,m_771,electronics,34.8102,-90.8497
T000032774,444500000160,2025-12-08T02:18:00Z,36.79,m_101,fuel,28.2862,-81.7642
T000032775,416600000244,2025-12-08T02:23:00Z,32.2,m_599,clothing,39.4969,-73.6258
T000032777,426900000083,2025-12-08T02:47:00Z,24.83,m_625,restaurant,47.0552,-82.9179
T000032779,438100000157,2025-12-08T03:30:00Z,23.03,m_296,entertainment,28.8853,-98.4885
T000032780,422200000028,2025-12-08T03:36:00Z,57.85,m_371,restaurant,28.0974,-122.409
T000032781,418600000223,2025-12-08T03:49:00Z,26.18,m_669,entertainment,48.4068,-78.2138
T000032784,493900000290,2025-12-08T04:09:00Z,56.48,m_326,restaurant,34.5726,-74.3335
T000032785,414100000007,2025-12-08T04:19:00Z,15.86,m_124,grocery,34.7013,-114.5066
T000032786,481700000044,2025-12-08T04:19:00Z,14.47,m_396,grocery,41.9077,-89.2456
T000032787,478500000258,2025-12-08T04:29:00Z,212.06,m_537,online,40.0855,-88.7713
T000032790,434500000161,2025-12-08T05:14:00Z,16.13,m_693,electronics,36.6837,-88.6509
T000032791,492800000125,2025-12-08T05:20:00Z,18.24,m_536,online,45.5661,-89.8697
T000032792,404300000189,2025-12-08T05:34:00Z,20.63,m_554,clothing,26.7548,-117.067
T000032794,454900000187,2025-12-08T06:15:00Z,11.88,m_798,health,41.6505,-111.6612
T000032795,468200000221,2025-12-08T06:22:00Z,55.92,m_230,restaurant,40.698,-72.2668
T000032796,483600000122,2025-12-08T06:43:00Z,8.0,m_607,online,30.2144,-90.0452
T000032798,420200000231,2025-12-08T07:31:00Z,10.92,m_628,fuel,28.0743,-114.8077
T000032799,452600000257,2025-12-08T07:35:00Z,17.65,m_085,health,29.1708,-106.2614
T000032800,421500000087,2025-12-08T08:02:00Z,20.62,m_063,grocery,46.851,-100.3628
T000032801,492900000273,2025-12-08T08:04:00Z,37.51,m_544,grocery,32.8597,-118.3407
T000032802,466900000159,2025-12-08T08:08:00Z,16.71,m_322,grocery,43.1304,-99.283
T000032803,442200000037,2025-12-08T08:10:00Z,79.68,m_728,travel,33.2647,-106.2696
T000032805,489100000057,2025-12-08T08:19:00Z,20.24,m_432,cash_advance,45.8064,-74.091
T000032806,454400000155,2025-12-08T08:19:00Z,74.28,m_613,restaurant,33.5349,-92.9267
T000032807,478800000015,2025-12-08T08:23:00Z,56.67,m_128,restaurant,29.8602,-113.0942
T000032811,472500000070,2025-12-08T08:32:00Z,47.86,m_411,travel,38.1894,-101.5916
T000032812,440200000212,2025-12-08T08:35:00Z,44.07,m_277,restaurant,45.8713,-102.7597
T000032813,486600000215,2025-12-08T08:36:00Z,16.15,m_677,travel,31.6076,-102.1386
T000032814,413700000232,2025-12-08T08:37:00Z,112.62,m_535,restaurant,42.6446,-105.975
T000032815,400000000251,2025-12-08T08:46:00Z,10.64,m_524,electronics,38.3178,-97.4792
T000032816,454400000155,2025-12-08T08:46:00Z,48.92,m_403,grocery,33.0141,-92.89
T000032817,421700000058,2025-12-08T08:48:00Z,23.12,m_477,grocery,43.3783,-83.601
T000032819,414100000007,2025-12-08T08:52:00Z,21.23,m_307,restaurant,35.8462,-113.1691
T000032820,431600000056,2025-12-08T08:56:00Z,13.38,m_314,restaurant,44.6265,-84.1332
T000032821,460200000201,2025-12-08T08:58:00Z,61.19,m_471,electronics,44.4913,-78.0214
T000032823,472200000195,2025-12-08T09:05:00Z,24.76,m_774,clothing,35.2609,-80.8642
T000032824,423900000113,2025-12-08T09:07:00Z,26.34,m_108,entertainment,31.7606,-90.959
T000032825,460200000124,2025-12-08T09:09:00Z,33.64,m_189,travel,47.3097,-74.8604
T000032826,470100000147,2025-12-08T09:09:00Z,18.04,m_212,fuel,30.3458,-83.7656
T000032828,475100000009,2025-12-08T09:13:00Z,36.99,m_091,online,32.9752,-78.409
T000032830,486600000215,2025-12-08T09:15:00Z,8.96,m_011,clothing,32.3002,-102.0556
T000032833,489100000057,2025-12-08T09:24:00Z,8.64,m_617,cash_advance,46.3686,-73.8241
T000032835,427100000293,2025-12-08T09:29:00Z,30.48,m_552,electronics,30.1736,-113.3807
T000032836,484400000030,2025-12-08T09:29:00Z,35.4,m_764,grocery,29.888,-72.9377
T000032837,493900000199,2025-12-08T09:31:00Z,21.0,m_628,grocery,41.6934,-90.3424
T000032840,448600000179,2025-12-08T09:35:00Z,14.05,m_030,health,30.6239,-109.0951
T000032844,463700000291,2025-12-08T09:47:00Z,20.05,m_508,entertainment,38.0682,-84.6654
T000032845,478700000011,2025-12-08T09:52:00Z,50.49,m_490,grocery,45.5731,-93.1793
T000032847,425300000079,2025-12-08T09:53:00Z,18.09,m_147,cash_advance,36.0126,-75.4672
T000032848,418600000223,2025-12-08T09:55:00Z,6.47,m_565,health,48.7734,-78.0047
T000032849,466900000159,2025-12-08T09:57:00Z,8.54,m_430,electronics,43.167,-99.4957
T000032850,461500000245,2025-12-08T10:01:00Z,26.38,m_495,restaurant,37.9872,-119.8732
T000032851,439700000263,2025-12-08T10:05:00Z,29.35,m_783,travel,46.8853,-93.6596
T000032852,473300000089,2025-12-08T10:08:00Z,5.83,m_241,entertainment,39.1131,-74.2801
T000032858,452600000257,2025-12-08T10:22:00Z,55.79,m_090,grocery,28.3945,-105.2731
T000032860,426800000149,2025-12-08T10:30:00Z,39.01,m_239,travel,30.8238,-118.5045
T000032861,414100000007,2025-12-08T10:32:00Z,10.12,m_790,restaurant,36.3571,-114.6316
T000032863,475100000009,2025-12-08T10:35:00Z,15.05,m_126,entertainment,32.7382,-78.1966
T000032864,456300000265,2025-12-08T10:38:00Z,28.61,m_600,cash_advance,35.5548,-122.9711
T000032865,487500000214,2025-12-08T10:38:00Z,17.61,m_686,electronics,46.6355,-94.9639
T000032869,434800000074,2025-12-08T10:47:00Z,14.24,m_024,health,34.9444,-110.2451
T000032872,452800000233,2025-12-08T10:57:00Z,10.32,m_253,fuel,35.2956,-73.55
T000032874,423900000113,2025-12-08T11:04:00Z,30.03,m_786,health,31.5757,-90.0019
T000032875,481700000044,2025-12-08T11:04:00Z,14.26,m_119,health,42.2264,-88.4382
T000032876,413700000266,2025-12-08T11:11:00Z,21.32,m_539,cash_advance,29.8356,-117.3676
T000032877,459200000077,2025-12-08T11:13:00Z,19.58,m_321,restaurant,34.8913,-105.5882
T000032879,436500000043,2025-12-08T11:18:00Z,55.87,m_298,entertainment,35.4104,-109.9216
T000032880,423900000113,2025-12-08T11:22:00Z,35.11,m_514,fuel,32.0221,-90.5306
T000032881,412900000224,2025-12-08T11:31:00Z,17.13,m_749,restaurant,29.0356,-120.3622
T000032882,446100000021,2025-12-08T11:32:00Z,44.28,m_491,grocery,45.9919,-83.6557
T000032883,425100000250,2025-12-08T11:36:00Z,12.05,m_495,electronics,32.7033,-98.9304
T000032884,431300000248,2025-12-08T11:40:00Z,35.59,m_191,clothing,27.3141,-86.6861
T000032885,456300000265,2025-12-08T11:41:00Z,66.95,m_591,entertainment,34.5659,-122.9738
T000032886,426900000083,2025-12-08T11:42:00Z,17.98,m_420,electronics,48.0767,-81.6641
T000032888,471100000081,2025-12-08T11:44:00Z,22.95,m_136,cash_advance,39.5384,-112.9841
T000032890,493800000213,2025-12-08T11:50:00Z,81.43,m_457,grocery,36.0292,-74.4547
T000032892,443000000144,2025-12-08T11:59:00Z,57.46,m_050,online,29.8693,-78.8521
T000032893,470900000176,2025-12-08T11:59:00Z,11.51,m_545,clothing,46.6443,-81.0165
T000032895,415300000108,2025-12-08T12:02:00Z,21.04,m_554,clothing,42.1914,-111.6639
T000032896,489200000253,2025-12-08T12:08:00Z,34.66,m_039,grocery,37.7591,-89.1914
T000032897,487500000214,2025-12-08T12:09:00Z,8.55,m_678,clothing,47.6828,-95.6222
T000032898,422500000202,2025-12-08T12:10:00Z,14.01,m_520,entertainment,27.9081,-87.7841
T000032899,480500000027,2025-12-08T12:12:00Z,7.62,m_075,clothing,37.1472,-106.7294
T000032900,443900000180,2025-12-08T12:12:00Z,16.55,m_641,health,45.6771,-75.9107
T000032901,460200000201,2025-12-08T12:13:00Z,48.03,m_489,restaurant,44.373,-77.6339
T000032902,497600000197,2025-12-08T12:14:00Z,19.66,m_442,cash_advance,45.2083,-116.9151
T000032904,413300000230,2025-12-08T12:15:00Z,23.19,m_367,restaurant,43.0178,-71.9475
T000032905,400900000156,2025-12-08T12:18:00Z,14.3,m_228,clothing,42.693,-106.6185
T000032906,419200000035,2025-12-08T12:19:00Z,22.48,m_732,grocery,29.5697,-91.4867
T000032908,462600000282,2025-12-08T12:22:00Z,2.7,m_492,restaurant,45.6661,-89.2004
T000032909,494800000019,2025-12-08T12:24:00Z,9.11,m_165,fuel,25.3838,-102.8487
T000032910,431600000056,2025-12-08T12:28:00Z,55.74,m_665,travel,45.4319,-83.8752
T000032911,406800000116,2025-12-08T12:29:00Z,13.14,m_048,restaurant,44.4892,-85.618
T000032912,468600000099,2025-12-08T12:32:00Z,9.13,m_156,travel,37.8545,-73.4098
T000032913,438100000157,2025-12-08T12:34:00Z,74.89,m_034,grocery,28.0158,-97.5997
T000032914,482600000050,2025-12-08T12:37:00Z,9.78,m_584,health,37.9306,-77.7487
T000032915,449400000093,2025-12-08T13:02:00Z,17.35,m_396,clothing,46.7216,-103.7932
T000032916,490700000167,2025-12-08T13:05:00Z,15.13,m_776,restaurant,31.2923,-99.0687
T000032917,421700000058,2025-12-08T13:17:00Z,23.39,m_590,travel,42.8715,-83.1291
T000032921,473800000088,2025-12-08T13:29:00Z,31.85,m_411,restaurant,48.4867,-99.7262
T000032922,440800000163,2025-12-08T13:29:00Z,10.11,m_004,restaurant,27.4414,-117.3461
T000032925,472100000092,2025-12-08T13:43:00Z,6.35,m_665,electronics,41.7863,-80.0988
T000032926,400000000251,2025-12-08T13:43:00Z,23.13,m_510,restaurant,38.1691,-97.6786
T000032927,425300000079,2025-12-08T13:44:00Z,17.11,m_428,online,36.0616,-75.965
T000032928,442200000037,2025-12-08T13:45:00Z,24.81,m_585,cash_advance,33.6886,-107.7998
T000032930,498000000209,2025-12-08T13:52:00Z,47.13,m_579,entertainment,43.7906,-88.406
T000032931,456600000153,2025-12-08T14:00:00Z,57.32,m_173,cash_advance,36.7336,-111.2825
T000032934,462500000168,2025-12-08T14:05:00Z,10.38,m_427,restaurant,30.2453,-71.6802
T000032935,412700000272,2025-12-08T14:09:00Z,33.32,m_672,electronics,35.209,-107.8014
T000032937,489200000253,2025-12-08T14:12:00Z,67.86,m_493,entertainment,36.4758,-88.8124
T000032939,487500000214,2025-12-08T14:19:00Z,7.42,m_065,entertainment,47.1012,-95.5747
T000032940,408300000014,2025-12-08T14:23:00Z,9.34,m_717,clothing,39.7559,-88.8762
T000032941,443000000144,2025-12-08T14:25:00Z,27.52,m_027,restaurant,30.3469,-78.4982
T000032943,463700000291,2025-12-08T14:31:00Z,9.38,m_094,restaurant,36.6801,-84.7546
T000032944,436500000043,2025-12-08T14:33:00Z,26.17,m_125,travel,34.799,-109.9765
T000032945,400900000156,2025-12-08T14:36:00Z,18.53,m_571,clothing,43.6792,-105.9201
T000032946,478500000258,2025-12-08T14:36:00Z,13.07,m_795,health,46.6439,-84.3887
T000032947,473800000088,2025-12-08T14:45:00Z,8.11,m_731,entertainment,48.8543,-100.2556
T000032948,452800000233,2025-12-08T14:53:00Z,23.67,m_342,restaurant,35.1642,-72.3568
T000032949,431600000056,2025-12-08T14:54:00Z,15.61,m_110,travel,45.8213,-84.0942
T000032950,483600000122,2025-12-08T15:01:00Z,13.08,m_361,health,30.1197,-89.1989
T000032952,491000000038,2025-12-08T15:08:00Z,67.51,m_021,cash_advance,26.5855,-92.8883
T000032954,404400000000,2025-12-08T15:15:00Z,38.26,m_779,electronics,45.5833,-74.0803
T000032955,427100000293,2025-12-08T15:17:00Z,112.19,m_246,grocery,29.7653,-113.1604
T000032956,420200000231,2025-12-08T15:18:00Z,9.51,m_080,travel,28.4115,-115.4218
T000032957,427100000293,2025-12-08T15:19:00Z,24.08,m_781,fuel,30.5523,-112.8697
T000032958,454400000155,2025-12-08T15:24:00Z,52.2,m_645,online,33.7653,-94.0457
T000032959,466900000159,2025-12-08T15:25:00Z,13.97,m_765,fuel,43.828,-99.7512
T000032960,432000000185,2025-12-08T15:33:00Z,42.45,m_551,travel,40.9009,-83.3873
T000032961,484400000030,2025-12-08T15:37:00Z,23.65,m_193,grocery,29.3442,-73.2911
T000032962,457900000211,2025-12-08T15:39:00Z,15.28,m_281,clothing,30.4234,-106.2249
T000032963,420400000060,2025-12-08T15:45:00Z,13.15,m_232,restaurant,32.5939,-72.311
T000032964,429100000136,2025-12-08T15:48:00Z,25.89,m_754,health,48.1278,-79.3586
T000032965,413700000240,2025-12-08T15:48:00Z,22.38,m_174,cash_advance,30.4656,-117.1577
T000032966,425600000170,2025-12-08T15:48:00Z,18.01,m_682,clothing,27.3678,-83.1098
T000032968,473500000012,2025-12-08T16:03:00Z,17.71,m_036,fuel,45.0895,-121.7391
T000032969,480100000110,2025-12-08T16:10:00Z,10.96,m_752,entertainment,44.155,-78.8072
T000032971,432500000036,2025-12-08T16:12:00Z,13.46,m_039,cash_advance,39.6112,-118.8407
T000032972,408800000280,2025-12-08T16:14:00Z,87.0,m_446,fuel,45.5942,-114.0195
T000032973,431800000140,2025-12-08T16:15:00Z,28.87,m_385,cash_advance,47.917,-96.3458
T000032975,470900000176,2025-12-08T16:16:00Z,13.76,m_368,restaurant,46.3851,-80.679
T000032976,482600000050,2025-12-08T16:19:00Z,23.89,m_356,travel,37.8791,-76.7833
T000032977,497300000184,2025-12-08T16:19:00Z,15.91,m_789,cash_advance,35.0521,-89.5226
T000032978,404300000189,2025-12-08T16:27:00Z,21.81,m_146,online,25.9394,-117.6895
T000032979,420300000182,2025-12-08T16:31:00Z,24.19,m_334,health,31.0497,-97.0786
T000032980,492900000273,2025-12-08T16:36:00Z,31.04,m_006,entertainment,32.5077,-117.9802
T000032981,425600000170,2025-12-08T16:37:00Z,14.45,m_365,fuel,27.8695,-83.5321
T000032982,488800000242,2025-12-08T16:37:00Z,22.12,m_502,restaurant,34.1203,-100.2197
T000032983,467400000299,2025-12-08T16:39:00Z,64.32,m_747,online,27.0048,-109.2268
T000032985,488200000133,2025-12-08T16:43:00Z,7.97,m_310,cash_advance,46.7701,-88.0647
T000032986,485700000008,2025-12-08T16:43:00Z,63.34,m_755,entertainment,38.7184,-98.0695
T000032987,421400000107,2025-12-08T16:43:00Z,14.81,m_503,grocery,40.0155,-112.4471
T000032989,419200000035,2025-12-08T16:51:00Z,39.43,m_410,restaurant,30.2975,-91.9416
T000032990,434500000161,2025-12-08T16:51:00Z,31.62,m_037,fuel,35.8693,-88.7231
T000032993,427000000130,2025-12-08T17:07:00Z,32.43,m_767,travel,40.8667,-100.5161
T000032994,478200000065,2025-12-08T17:07:00Z,22.02,m_353,restaurant,34.2942,-89.6288
T000032996,425600000170,2025-12-08T17:09:00Z,13.99,m_531,cash_advance,28.0637,-83.4496
T000032997,401300000033,2025-12-08T17:12:00Z,38.51,m_008,fuel,38.9469,-113.7311
T000032999,426900000083,2025-12-08T17:16:00Z,119.17,m_641,entertainment,48.1127,-83.5312
T000033000,423800000109,2025-12-08T17:19:00Z,11.37,m_412,entertainment,37.2912,-97.9803
T000033001,408700000002,2025-12-08T17:22:00Z,34.3,m_403,clothing,36.9495,-95.0576
T000033002,429100000136,2025-12-08T17:23:00Z,51.62,m_324,grocery,48.8324,-78.2441
T000033003,401300000033,2025-12-08T17:23:00Z,30.53,m_347,online,37.6428,-114.5573
T000033004,483600000122,2025-12-08T17:27:00Z,9.14,m_330,restaurant,29.3577,-89.6349
T000033005,434500000161,2025-12-08T17:34:00Z,12.61,m_368,health,36.5354,-87.771
T000033006,458800000284,2025-12-08T17:41:00Z,18.18,m_390,fuel,39.9778,-96.2116
T000033007,488200000133,2025-12-08T17:41:00Z,14.96,m_691,clothing,47.6536,-87.6784
T000033008,491300000082,2025-12-08T17:53:00Z,46.48,m_289,grocery,40.5553,-105.892
T000033012,412900000224,2025-12-08T18:04:00Z,29.9,m_425,restaurant,29.6411,-119.8186
T000033013,403300000018,2025-12-08T18:07:00Z,29.5,m_743,electronics,29.8209,-78.4913
T000033014,427000000130,2025-12-08T18:10:00Z,22.34,m_630,entertainment,40.7075,-100.3587
T000033015,480100000110,2025-12-08T18:11:00Z,14.76,m_404,electronics,43.8281,-79.118
T000033016,468200000221,2025-12-08T18:12:00Z,13.41,m_448,entertainment,40.9518,-71.4436
T000033017,489800000203,2025-12-08T18:12:00Z,12.96,m_200,entertainment,42.7744,-102.6677
T000033018,483600000122,2025-12-08T18:13:00Z,14.77,m_296,cash_advance,29.5602,-88.9266
T000033019,443300000192,2025-12-08T18:16:00Z,21.68,m_217,electronics,31.9163,-119.1611
T000033020,489200000253,2025-12-08T18:19:00Z,30.32,m_668,travel,37.2191,-89.3528
T000033022,496700000238,2025-12-08T18:21:00Z,6.34,m_121,cash_advance,25.5685,-102.8369
T000033023,443900000180,2025-12-08T18:22:00Z,15.76,m_368,online,45.5874,-76.4846
T000033029,483100000286,2025-12-08T18:34:00Z,30.74,m_176,online,36.0002,-75.112
T000033027,426800000149,2025-12-08T18:34:00Z,72.21,m_341,electronics,29.239,-118.0412
T000033028,489100000057,2025-12-08T18:34:00Z,25.75,m_526,fuel,45.647,-73.8071
T000033030,489100000057,2025-12-08T18:36:00Z,27.43,m_578,travel,46.0646,-73.6408
T000033031,499000000220,2025-12-08T18:38:00Z,28.01,m_568,cash_advance,27.0147,-107.5583
T000033032,423900000113,2025-12-08T18:40:00Z,24.7,m_211,restaurant,31.6626,-90.5186
T000033033,408800000280,2025-12-08T18:40:00Z,47.37,m_318,clothing,45.3042,-114.2221
T000033034,403700000193,2025-12-08T18:41:00Z,55.66,m_140,travel,30.9162,-104.5377
T000033035,489800000203,2025-12-08T18:59:00Z,17.76,m_521,cash_advance,42.7311,-103.3788
T000033037,453500000052,2025-12-08T19:05:00Z,17.88,m_351,restaurant,43.4494,-123.0619
T000033038,480500000222,2025-12-08T19:06:00Z,64.4,m_400,clothing,28.4724,-122.6856
T000033039,497600000197,2025-12-08T19:07:00Z,164.01,m_012,cash_advance,49.5567,-123.655
T000033040,405200000054,2025-12-08T19:16:00Z,59.25,m_438,entertainment,30.9184,-88.7316
T000033041,427500000040,2025-12-08T19:24:00Z,631.68,m_403,travel,28.5085,-93.1653
T000033044,497300000184,2025-12-08T19:31:00Z,22.58,m_233,fuel,35.4811,-89.1608
T000033046,431600000056,2025-12-08T19:41:00Z,30.25,m_574,cash_advance,45.1606,-84.4065
T000033047,457900000211,2025-12-08T19:42:00Z,10.39,m_196,fuel,31.8066,-106.0203
T000033049,463700000006,2025-12-08T19:51:00Z,17.39,m_023,cash_advance,29.4138,-123.2393
T000033050,412900000224,2025-12-08T19:59:00Z,25.67,m_458,online,30.1065,-119.9349
T000033053,497000000034,2025-12-08T20:05:00Z,15.91,m_682,electronics,36.6963,-121.777
T000033054,490700000167,2025-12-08T20:09:00Z,35.85,m_585,clothing,30.9173,-99.8523
T000033055,432400000114,2025-12-08T20:09:00Z,20.68,m_505,online,42.3608,-74.7516
T000033056,480500000222,2025-12-08T20:12:00Z,44.5,m_544,cash_advance,29.071,-123.1513
T000033059,493100000068,2025-12-08T20:18:00Z,14.34,m_455,cash_advance,34.4042,-91.4163
T000033062,446100000021,2025-12-08T20:29:00Z,48.52,m_584,clothing,46.0763,-83.8272
T000033064,440000000190,2025-12-08T20:39:00Z,8.29,m_682,clothing,41.1355,-77.5387
T000033065,419500000045,2025-12-08T20:42:00Z,41.02,m_156,entertainment,27.6511,-77.5449
T000033066,444500000160,2025-12-08T20:45:00Z,8.69,m_030,travel,28.1627,-81.5025
T000033067,494800000228,2025-12-08T20:46:00Z,35.85,m_743,restaurant,25.5482,-86.3726
T000033068,498000000026,2025-12-08T20:49:00Z,122.5,m_310,clothing,26.7285,-90.0972
T000033069,466900000159,2025-12-08T20:49:00Z,5.88,m_643,health,43.248,-100.2968
T000033071,413700000240,2025-12-08T20:51:00Z,10.38,m_756,fuel,30.1262,-117.2425
T000033072,485500000183,2025-12-08T20:51:00Z,26.35,m_307,clothing,33.8978,-73.7083
T000033074,418600000223,2025-12-08T20:55:00Z,9.33,m_585,fuel,49.2237,-78.4116
T000033075,492900000216,2025-12-08T20:55:00Z,10.22,m_765,health,35.6188,-71.1631
T000033076,412500000217,2025-12-08T20:56:00Z,24.8,m_558,fuel,26.2208,-112.8704
T000033079,488800000117,2025-12-08T21:16:00Z,16.05,m_708,online,35.4541,-105.2814
T000033080,473700000249,2025-12-08T21:29:00Z,28.38,m_202,electronics,36.1353,-83.1729
T000033081,494000000016,2025-12-08T21:30:00Z,81.71,m_290,entertainment,39.5116,-112.6126
T000033082,423800000109,2025-12-08T21:36:00Z,11.34,m_009,grocery,37.7125,-98.9799
T000033085,491700000032,2025-12-08T21:47:00Z,11.06,m_655,electronics,34.8618,-116.4921
T000033086,427500000040,2025-12-08T21:53:00Z,33.78,m_047,health,26.6067,-87.2999
T000033087,478800000067,2025-12-08T21:56:00Z,9.61,m_533,clothing,46.3414,-73.5344
T000033088,455700000103,2025-12-08T22:04:00Z,9.61,m_168,online,25.7948,-90.4052
T000033089,420200000231,2025-12-08T22:28:00Z,13.66,m_362,electronics,28.3637,-115.7064
T000033090,404400000000,2025-12-08T22:38:00Z,107.78,m_056,grocery,45.7852,-74.7797
T000033091,436500000043,2025-12-08T22:41:00Z,27.82,m_782,travel,35.8947,-109.8441
T000033092,483100000286,2025-12-08T22:54:00Z,41.73,m_047,restaurant,35.7911,-75.4083
T000033093,463700000291,2025-12-08T23:13:00Z,44.9,m_191,entertainment,38.0057,-84.9884
T000033094,485300000175,2025-12-08T23:49:00Z,4.13,m_417,clothing,36.7348,-92.4768
T000033096,427100000293,2025-12-09T00:04:00Z,127.74,m_409,travel,29.9364,-113.195
T000033097,427000000130,2025-12-09T00:19:00Z,16.48,m_715,grocery,39.9992,-100.0911
T000033098,454600000047,2025-12-09T00:22:00Z,25.1,m_682,restaurant,42.662,-97.27
T000033099,455200000029,2025-12-09T00:23:00Z,20.72,m_509,fuel,45.5261,-74.6693
T000033100,419500000045,2025-12-09T00:36:00Z,33.5,m_220,restaurant,27.4792,-77.6102
T000033101,488600000295,2025-12-09T00:37:00Z,83.24,m_566,travel,38.0164,-99.2439
T000033102,455200000029,2025-12-09T00:45:00Z,7.88,m_449,entertainment,44.2635,-74.3121
T000033105,412900000224,2025-12-09T01:12:00Z,12.25,m_524,fuel,29.4138,-119.3233
T000033106,408300000014,2025-12-09T01:54:00Z,14.58,m_778,electronics,39.4172,-89.0225
T000033107,449400000093,2025-12-09T02:00:00Z,10.33,m_480,grocery,47.0598,-103.716
T000033108,497000000034,2025-12-09T02:08:00Z,29.99,m_430,electronics,39.0262,-123.3182
T000033110,497600000197,2025-12-09T02:42:00Z,196.85,m_430,electronics,46.9802,-118.3319
T000033112,473800000088,2025-12-09T02:59:00Z,9.48,m_421,travel,49.7036,-99.8601
T000033113,413700000240,2025-12-09T03:20:00Z,70.01,m_215,electronics,29.5227,-118.0867
T000033114,489100000057,2025-12-09T03:21:00Z,22.22,m_384,clothing,46.2945,-73.9444
T000033115,413700000266,2025-12-09T03:38:00Z,56.23,m_369,travel,29.7994,-116.6281
T000033116,400100000173,2025-12-09T03:39:00Z,35.24,m_496,clothing,47.5733,-83.2583
T000033119,478800000067,2025-12-09T04:22:00Z,4.26,m_787,cash_advance,47.2859,-73.4208
T000033120,427500000040,2025-12-09T04:25:00Z,12.45,m_305,entertainment,25.8327,-86.9395
T000033121,421400000107,2025-12-09T04:30:00Z,41.34,m_394,fuel,39.6978,-112.3436
T000033122,400900000156,2025-12-09T05:06:00Z,25.81,m_301,entertainment,43.4951,-106.797
T000033123,432500000036,2025-12-09T05:12:00Z,4.24,m_356,restaurant,39.812,-119.4168
T000033124,443000000144,2025-12-09T05:13:00Z,15.87,m_330,electronics,30.3034,-78.9951
T000033125,408300000014,2025-12-09T05:36:00Z,5.25,m_630,fuel,39.0102,-88.7798
T000033126,460200000124,2025-12-09T05:39:00Z,20.71,m_198,cash_advance,48.0606,-74.8937
T000033128,460200000124,2025-12-09T05:52:00Z,22.95,m_370,restaurant,48.3258,-74.0702
T000033129,486600000215,2025-12-09T06:02:00Z,22.19,m_174,travel,31.7264,-101.8733
T000033130,442200000037,2025-12-09T06:44:00Z,45.75,m_175,entertainment,33.6301,-107.1822
T000033131,425100000126,2025-12-09T06:55:00Z,54.82,m_203,electronics,45.9855,-107.5452
T000033132,434500000161,2025-12-09T07:01:00Z,42.47,m_267,clothing,37.1207,-88.5797
T000033134,414100000007,2025-12-09T07:26:00Z,36.46,m_043,entertainment,35.2814,-114.4617
T000033135,435100000025,2025-12-09T07:35:00Z,9.31,m_700,online,34.3347,-101.2664
T000033136,413700000240,2025-12-09T08:01:00Z,44.01,m_373,travel,30.0175,-118.5257
T000033137,472500000070,2025-12-09T08:03:00Z,29.15,m_488,restaurant,38.337,-101.5212
T000033138,499000000220,2025-12-09T08:03:00Z,23.12,m_520,grocery,27.2958,-106.6118
T000033140,460200000201,2025-12-09T08:09:00Z,26.32,m_103,grocery,44.9037,-77.6961
T000033141,490700000167,2025-12-09T08:09:00Z,39.95,m_691,cash_advance,30.7628,-99.2846
T000033144,413300000230,2025-12-09T08:18:00Z,19.59,m_075,fuel,42.8211,-71.9098
T000033145,498000000026,2025-12-09T08:19:00Z,41.08,m_131,fuel,26.8419,-90.0926
T000033146,444500000160,2025-12-09T08:20:00Z,21.54,m_301,clothing,28.2524,-81.8311
T000033147,472200000195,2025-12-09T08:20:00Z,26.99,m_145,restaurant,35.1295,-81.2811
T000033151,400000000251,2025-12-09T08:38:00Z,6.6,m_243,restaurant,37.6894,-98.2408
T000033152,427100000293,2025-12-09T08:41:00Z,33.01,m_573,health,29.7647,-112.7181
T000033154,413700000240,2025-12-09T08:42:00Z,19.22,m_110,restaurant,29.7679,-117.8572
T000033155,466900000159,2025-12-09T08:48:00Z,4.14,m_064,cash_advance,43.5012,-99.822
T000033156,498300000111,2025-12-09T08:49:00Z,12.56,m_206,entertainment,25.8341,-117.4899
T000033159,443300000192,2025-12-09T08:52:00Z,41.58,m_164,travel,31.8889,-119.1134
T000033161,478800000015,2025-12-09T08:55:00Z,58.72,m_048,clothing,29.9206,-113.5908
T000033162,438100000157,2025-12-09T08:55:00Z,31.55,m_189,clothing,28.6201,-97.9356
T000033163,485100000229,2025-12-09T08:56:00Z,44.23,m_120,restaurant,30.1133,-96.7571
T000033164,445900000135,2025-12-09T08:59:00Z,63.44,m_041,electronics,32.4944,-105.1616
T000033165,440800000163,2025-12-09T09:00:00Z,6.46,m_460,entertainment,28.0982,-117.782
T000033166,431800000140,2025-12-09T09:02:00Z,83.24,m_458,cash_advance,47.2459,-96.558
T000033167,491600000072,2025-12-09T09:05:00Z,22.64,m_685,grocery,35.5908,-113.3136
T000033168,490700000167,2025-12-09T09:11:00Z,43.71,m_393,clothing,31.2614,-100.1053
T000033169,415300000108,2025-12-09T09:19:00Z,20.1,m_554,travel,42.0063,-111.6913
T000033170,452100000297,2025-12-09T09:23:00Z,13.7,m_105,online,25.3116,-84.3905
T000033171,422200000028,2025-12-09T09:24:00Z,25.92,m_721,health,29.3768,-122.2061
T000033173,484400000030,2025-12-09T09:31:00Z,55.85,m_494,clothing,29.9359,-73.4057
T000033176,455200000029,2025-12-09T09:39:00Z,18.49,m_120,restaurant,45.694,-74.0571
T000033177,449300000066,2025-12-09T09:43:00Z,15.74,m_254,health,34.1808,-91.9552
T000033179,483600000069,2025-12-09T09:44:00Z,21.27,m_428,restaurant,28.1969,-111.975
T000033180,404300000189,2025-12-09T09:45:00Z,14.38,m_053,grocery,26.3601,-117.3191
T000033181,492900000216,2025-12-09T09:45:00Z,3.72,m_701,health,34.8117,-71.1163
T000033182,406800000116,2025-12-09T09:48:00Z,36.49,m_123,cash_advance,45.1508,-85.3295
T000033185,480500000222,2025-12-09T09:51:00Z,27.78,m_187,electronics,29.0211,-122.9726
T000033187,467700000148,2025-12-09T09:53:00Z,32.7,m_418,restaurant,33.6206,-72.5504
T000033188,419200000035,2025-12-09T09:58:00Z,76.9,m_397,fuel,29.9557,-91.2068
T000033191,456300000265,2025-12-09T10:10:00Z,24.48,m_326,entertainment,34.1014,-122.518
T000033198,432500000036,2025-12-09T10:31:00Z,8.91,m_648,clothing,39.4415,-120.1806
T000033199,471100000081,2025-12-09T10:36:00Z,2.17,m_478,travel,40.0126,-114.0334
T000033200,438100000157,2025-12-09T10:38:00Z,30.35,m_113,restaurant,27.1501,-97.6292
T000033201,442200000037,2025-12-09T10:39:00Z,33.82,m_234,restaurant,33.3045,-107.0105
T000033203,434500000161,2025-12-09T10:52:00Z,9.91,m_290,cash_advance,36.1628,-88.1715
T000033205,413700000266,2025-12-09T10:55:00Z,35.58,m_601,restaurant,30.686,-116.2809
T000033207,402500000268,2025-12-09T11:08:00Z,7.85,m_518,electronics,44.3219,-118.221
T000033208,463700000006,2025-12-09T11:11:00Z,5.48,m_788,entertainment,29.5814,-123.0232
T000033209,456300000265,2025-12-09T11:18:00Z,47.85,m_333,restaurant,34.1882,-122.5379
T000033210,422200000028,2025-12-09T11:23:00Z,168.26,m_330,fuel,28.413,-122.1348
T000033211,451600000095,2025-12-09T11:23:00Z,14.06,m_070,cash_advance,41.1827,-102.8746
T000033212,485300000175,2025-12-09T11:27:00Z,15.04,m_188,entertainment,37.2876,-92.894
T000033213,475100000009,2025-12-09T11:27:00Z,25.92,m_601,entertainment,33.05,-77.7056
T000033214,408300000014,2025-12-09T11:29:00Z,7.22,m_340,travel,39.6424,-88.3545
T000033215,471700000259,2025-12-09T11:29:00Z,82.85,m_350,travel,26.8967,-117.8106
T000033216,434500000161,2025-12-09T11:30:00Z,7.73,m_337,restaurant,36.365,-88.25
T000033218,488800000242,2025-12-09T11:39:00Z,22.72,m_315,grocery,33.4751,-100.7066
T000033220,436500000043,2025-12-09T11:44:00Z,12.74,m_043,online,35.9465,-110.3581
T000033221,455200000029,2025-12-09T11:45:00Z,60.94,m_063,entertainment,45.3179,-74.1427
T000033222,459900000181,2025-12-09T11:53:00Z,8.26,m_159,grocery,27.7153,-115.5805
T000033223,433100000271,2025-12-09T11:54:00Z,15.71,m_676,electronics,42.1248,-78.8347
T000033224,420200000231,2025-12-09T11:54:00Z,15.66,m_656,electronics,28.4375,-115.5356
T000033225,459900000181,2025-12-09T11:55:00Z,9.07,m_722,health,28.1211,-115.4924
T000033227,493900000199,2025-12-09T12:01:00Z,8.49,m_738,grocery,40.8756,-90.6071
T000033228,420200000231,2025-12-09T12:03:00Z,12.13,m_514,electronics,28.2611,-116.7447
T000033229,443900000180,2025-12-09T12:04:00Z,15.88,m_174,grocery,44.9999,-76.2128
T000033230,425100000250,2025-12-09T12:06:00Z,10.91,m_329,fuel,33.3393,-98.1381
T000033231,418600000223,2025-12-09T12:08:00Z,26.41,m_723,health,49.0362,-78.5953
T000033232,490100000041,2025-12-09T12:10:00Z,18.2,m_234,entertainment,36.1477,-89.8595
T000033233,426900000083,2025-12-09T12:11:00Z,11.98,m_704,health,47.9094,-83.1489
T000033234,403900000062,2025-12-09T12:15:00Z,36.14,m_269,travel,36.3843,-108.1082
T000033235,462600000282,2025-12-09T12:15:00Z,5.39,m_782,electronics,46.1397,-88.5014
T000033236,421500000098,2025-12-09T12:18:00Z,14.2,m_249,cash_advance,32.4009,-121.2506
T000033237,495400000142,2025-12-09T12:21:00Z,3.99,m_613,entertainment,39.9376,-116.9984
T000033241,490700000167,2025-12-09T12:31:00Z,37.79,m_392,health,31.0462,-99.1755
T000033244,404300000189,2025-12-09T12:41:00Z,23.39,m_315,electronics,27.0998,-117.6285
T000033245,442200000287,2025-12-09T12:44:00Z,19.26,m_351,entertainment,32.5343,-121.2602
T000033246,491700000032,2025-12-09T12:46:00Z,23.99,m_037,health,35.256,-116.0857
T000033248,431300000248,2025-12-09T12:53:00Z,16.36,m_402,health,26.5067,-86.5881
T000033250,421500000087,2025-12-09T12:56:00Z,12.63,m_009,entertainment,46.1146,-101.4137
T000033251,490100000041,2025-12-09T13:06:00Z,26.11,m_491,clothing,35.1717,-89.9604
T000033252,474000000094,2025-12-09T13:11:00Z,6.61,m_637,clothing,47.0552,-116.6893
T000033253,408300000014,2025-12-09T13:12:00Z,10.13,m_400,online,39.8037,-87.8356
T000033255,454900000187,2025-12-09T13:17:00Z,3.92,m_758,travel,42.0033,-110.6774
T000033256,415300000108,2025-12-09T13:20:00Z,32.55,m_669,cash_advance,42.0091,-111.0133
T000033258,472500000070,2025-12-09T13:33:00Z,16.97,m_059,restaurant,37.6792,-101.123
T000033259,418900000158,2025-12-09T13:34:00Z,10.37,m_328,clothing,31.2135,-107.6468
T000033260,419200000035,2025-12-09T13:41:00Z,39.19,m_491,electronics,29.813,-92.4387
T000033261,432500000036,2025-12-09T13:44:00Z,11.97,m_681,cash_advance,40.3297,-119.4512
T000033262,434800000074,2025-12-09T13:47:00Z,17.07,m_325,travel,34.6486,-110.7835
T000033267,483600000122,2025-12-09T14:01:00Z,6.93,m_380,entertainment,29.1269,-89.65
T000033268,453500000052,2025-12-09T14:04:00Z,25.47,m_568,travel,43.9413,-122.8271
T000033270,474000000094,2025-12-09T14:05:00Z,11.11,m_689,clothing,47.0551,-116.4566
T000033271,416600000244,2025-12-09T14:05:00Z,30.6,m_587,health,38.2037,-73.5056
T000033272,480500000027,2025-12-09T14:07:00Z,32.99,m_055,cash_advance,37.6207,-107.6364
T000033274,421400000107,2025-12-09T14:13:00Z,29.86,m_200,entertainment,40.4218,-112.6852
T000033275,492900000273,2025-12-09T14:15:00Z,44.63,m_587,grocery,32.2793,-117.9734
T000033276,423800000109,2025-12-09T14:17:00Z,4.98,m_167,clothing,37.483,-98.423
T000033277,405200000054,2025-12-09T14:20:00Z,12.59,m_657,clothing,31.0305,-89.2981
T000033278,480500000222,2025-12-09T14:23:00Z,99.47,m_267,entertainment,28.7679,-122.7418
T000033281,400900000156,2025-12-09T14:28:00Z,18.73,m_711,restaurant,42.694,-106.071
T000033283,494800000019,2025-12-09T14:30:00Z,36.45,m_358,clothing,25.0148,-102.8971
T000033284,489100000057,2025-12-09T14:30:00Z,10.29,m_391,clothing,46.788,-73.579
T000033285,480500000222,2025-12-09T14:32:00Z,26.76,m_340,health,28.9016,-122.9589
T000033286,454700000001,2025-12-09T14:35:00Z,73.98,m_246,electronics,24.9253,-129.1298
T000033287,443900000180,2025-12-09T14:35:00Z,12.52,m_086,electronics,45.6637,-76.8833
T000033288,432000000185,2025-12-09T14:40:00Z,12.69,m_464,clothing,41.4373,-82.9989
T000033290,488800000242,2025-12-09T14:46:00Z,9.72,m_660,health,33.8232,-100.2317
T000033291,449400000063,2025-12-09T14:49:00Z,40.32,m_349,health,41.4389,-74.1834
T000033292,492900000216,2025-12-09T14:53:00Z,5.69,m_108,clothing,36.0428,-71.3058
T000033293,413300000061,2025-12-09T14:55:00Z,10.41,m_088,health,34.5576,-81.2479
T000033294,432500000036,2025-12-09T14:59:00Z,6.62,m_023,health,39.7297,-119.9078
T000033295,439700000263,2025-12-09T15:00:00Z,49.29,m_268,travel,46.74,-93.9197
T000033296,425600000170,2025-12-09T15:00:00Z,17.0,m_256,entertainment,27.7007,-83.195
T000033297,435100000025,2025-12-09T15:01:00Z,7.8,m_005,restaurant,34.2661,-101.6436
T000033299,400000000251,2025-12-09T15:03:00Z,8.31,m_052,electronics,38.4224,-98.5262
T000033300,493900000199,2025-12-09T15:06:00Z,15.4,m_176,entertainment,41.3251,-90.376
T000033301,454400000155,2025-12-09T15:11:00Z,35.45,m_622,grocery,34.0312,-92.9597
T000033302,468600000099,2025-12-09T15:17:00Z,7.04,m_307,grocery,38.0235,-74.1866
T000033303,493600000274,2025-12-09T15:21:00Z,14.08,m_682,entertainment,26.9245,-72.0626
T000033304,440800000163,2025-12-09T15:27:00Z,17.68,m_087,entertainment,27.6128,-117.9088
T000033306,471100000081,2025-12-09T15:37:00Z,8.95,m_644,health,39.1671,-112.9028
T000033307,440000000190,2025-12-09T15:41:00Z,2.21,m_703,travel,40.6053,-77.9761
T000033309,472500000070,2025-12-09T15:47:00Z,22.57,m_227,fuel,38.4588,-100.2872
T000033310,423300000143,2025-12-09T15:53:00Z,20.21,m_171,online,42.0903,-108.3447
T000033311,478700000237,2025-12-09T15:59:00Z,27.98,m_626,grocery,26.3637,-77.937
T000033312,430300000145,2025-12-09T16:03:00Z,10.54,m_460,online,25.9391,-103.397
T000033313,443800000013,2025-12-09T16:04:00Z,14.01,m_733,entertainment,28.6564,-83.2519
T000033314,419200000035,2025-12-09T16:11:00Z,38.74,m_630,electronics,29.3301,-91.8817
T000033315,438100000157,2025-12-09T16:12:00Z,13.23,m_687,fuel,28.1403,-97.1279
T000033316,478700000237,2025-12-09T16:14:00Z,64.03,m_237,grocery,26.9475,-78.1178
T000033317,425600000170,2025-12-09T16:21:00Z,31.25,m_298,clothing,27.8285,-83.5303
T000033320,429200000004,2025-12-09T16:23:00Z,42.57,m_062,electronics,25.6361,-95.9703
T000033318,458800000284,2025-12-09T16:23:00Z,17.4,m_369,travel,38.81,-96.7208
T000033319,470100000147,2025-12-09T16:23:00Z,14.05,m_408,cash_advance,30.6242,-83.4821
T000033321,493900000290,2025-12-09T16:24:00Z,9.06,m_723,travel,34.8623,-73.5885
T000033324,490700000167,2025-12-09T16:30:00Z,39.59,m_647,travel,31.3797,-99.8655
T000033325,420200000231,2025-12-09T16:33:00Z,12.54,m_587,health,27.5757,-115.3182
T000033327,439700000263,2025-12-09T16:36:00Z,18.06,m_615,online,46.7244,-94.4328
T000033328,413500000264,2025-12-09T16:36:00Z,38.02,m_488,clothing,38.5829,-119.0541
T000033329,422200000028,2025-12-09T16:36:00Z,275.32,m_012,cash_advance,23.6443,-123.6973
T000033331,484400000030,2025-12-09T16:37:00Z,13.54,m_200,clothing,28.9625,-73.1832
T000033334,413700000240,2025-12-09T16:43:00Z,13.21,m_470,electronics,29.6335,-117.9468
T000033335,478700000237,2025-12-09T16:49:00Z,24.03,m_231,fuel,26.4553,-77.599
T000033337,460200000124,2025-12-09T16:53:00Z,30.56,m_521,health,47.5995,-74.989
T000033338,421700000058,2025-12-09T17:03:00Z,54.49,m_012,clothing,43.4442,-83.3427
T000033339,440000000190,2025-12-09T17:11:00Z,5.71,m_443,grocery,41.0068,-77.0894
T000033340,486600000215,2025-12-09T17:12:00Z,12.69,m_667,health,31.8146,-102.3886
T000033341,479800000106,2025-12-09T17:15:00Z,47.28,m_418,electronics,28.6399,-71.5934
T000033343,462500000168,2025-12-09T17:16:00Z,8.66,m_416,cash_advance,30.9298,-71.4918
T000033344,474000000094,2025-12-09T17:17:00Z,2.12,m_071,fuel,48.1138,-115.7004
T000033346,404400000000,2025-12-09T17:23:00Z,43.82,m_495,online,45.8483,-75.4456
T000033347,441700000121,2025-12-09T17:27:00Z,13.7,m_395,restaurant,26.1028,-106.2925
T000033348,499500000281,2025-12-09T17:28:00Z,14.17,m_624,travel,47.1246,-74.7995
T000033350,497600000197,2025-12-09T17:36:00Z,11.47,m_012,restaurant,45.0054,-116.6393
T000033351,483100000286,2025-12-09T17:39:00Z,18.82,m_313,electronics,35.406,-74.6841
T000033352,492900000273,2025-12-09T17:39:00Z,79.36,m_418,entertainment,31.7488,-118.1487
T000033353,452500000236,2025-12-09T17:40:00Z,9.21,m_557,restaurant,26.0055,-115.8605
T000033355,427100000293,2025-12-09T17:43:00Z,34.6,m_228,restaurant,30.8357,-112.4814
T000033356,493900000290,2025-12-09T17:46:00Z,59.59,m_042,entertainment,34.9462,-73.7056
T000033357,485700000008,2025-12-09T17:50:00Z,27.02,m_796,fuel,38.7851,-97.452
T000033360,457900000211,2025-12-09T17:51:00Z,12.23,m_311,restaurant,31.4697,-105.4463
T000033361,461500000245,2025-12-09T17:54:00Z,61.61,m_576,grocery,38.0288,-120.8363
T000033362,492900000216,2025-12-09T17:59:00Z,6.03,m_657,cash_advance,35.5839,-71.2047
T000033363,478700000237,2025-12-09T18:00:00Z,25.6,m_488,fuel,26.7489,-77.2834
T000033364,486600000215,2025-12-09T18:02:00Z,48.57,m_777,health,31.8848,-102.1626
T000033366,432500000036,2025-12-09T18:04:00Z,12.97,m_455,online,39.7826,-119.4747
T000033367,443300000192,2025-12-09T18:09:00Z,158.38,m_240,grocery,31.7822,-119.1868
T000033368,429100000136,2025-12-09T18:11:00Z,44.19,m_386,health,48.6439,-79.0857
T000033370,408700000002,2025-12-09T18:16:00Z,83.52,m_657,cash_advance,36.8104,-95.2689
T000033371,466900000159,2025-12-09T18:17:00Z,6.84,m_532,grocery,43.5813,-99.6807
T000033373,492300000134,2025-12-09T18:19:00Z,15.27,m_088,electronics,25.5948,-102.1578
T000033374,453000000151,2025-12-09T18:19:00Z,17.4,m_425,cash_advance,38.0475,-103.2531
T000033375,426900000083,2025-12-09T18:21:00Z,18.16,m_633,entertainment,47.1063,-82.3178
T000033376,498300000111,2025-12-09T18:22:00Z,25.63,m_585,health,25.7574,-118.2663
T000033377,459900000181,2025-12-09T18:23:00Z,5.35,m_067,online,28.7983,-115.4024
T000033378,471100000298,2025-12-09T18:29:00Z,6.92,m_414,travel,45.4086,-86.3986
T000033379,488600000295,2025-12-09T18:30:00Z,40.3,m_790,grocery,43.7317,-99.504
T000033380,479800000106,2025-12-09T18:34:00Z,13.53,m_437,restaurant,28.0185,-71.6259
T000033381,442200000287,2025-12-09T18:36:00Z,33.15,m_112,fuel,32.7588,-120.926
T000033382,440200000212,2025-12-09T18:36:00Z,28.11,m_171,clothing,44.6944,-103.8313
T000033383,408700000002,2025-12-09T18:39:00Z,39.3,m_314,cash_advance,36.9829,-95.0995
T000033384,435100000025,2025-12-09T18:43:00Z,4.0,m_163,health,33.3613,-101.8291
T000033385,473700000249,2025-12-09T18:45:00Z,13.08,m_079,restaurant,36.8921,-83.3588
T000033386,493900000290,2025-12-09T18:48:00Z,12.0,m_633,clothing,34.7785,-74.4211
T000033387,413700000232,2025-12-09T18:53:00Z,42.37,m_195,electronics,43.2106,-106.3586
T000033388,408700000002,2025-12-09T18:55:00Z,20.75,m_656,restaurant,37.1654,-94.9737
T000033389,408800000280,2025-12-09T19:00:00Z,35.02,m_010,electronics,46.1533,-113.4566
T000033390,471100000081,2025-12-09T19:02:00Z,12.07,m_550,travel,39.8159,-112.5825
T000033393,416600000244,2025-12-09T19:18:00Z,32.97,m_338,fuel,38.3485,-73.9299
T000033395,438100000157,2025-12-09T19:19:00Z,42.3,m_156,fuel,27.799,-97.3339
T000033397,420200000231,2025-12-09T19:20:00Z,13.49,m_668,grocery,27.93,-114.5888
T000033398,468200000221,2025-12-09T19:23:00Z,14.98,m_782,restaurant,40.6326,-71.9884
T000033399,497000000034,2025-12-09T19:24:00Z,10.88,m_222,clothing,36.9041,-122.6865
T000033400,496700000238,2025-12-09T19:29:00Z,12.14,m_014,online,26.0738,-103.1677
T000033401,446100000021,2025-12-09T19:44:00Z,21.88,m_544,travel,46.0943,-84.9712
T000033402,484400000030,2025-12-09T19:45:00Z,39.64,m_556,electronics,28.4202,-73.1427
T000033403,438100000157,2025-12-09T19:45:00Z,12.76,m_165,health,28.2671,-97.4546
T000033405,480500000222,2025-12-09T19:54:00Z,74.8,m_333,cash_advance,28.8401,-123.5634
T000033406,454400000155,2025-12-09T19:56:00Z,48.71,m_610,grocery,33.3455,-92.6809
T000033407,430300000145,2025-12-09T20:01:00Z,9.64,m_722,restaurant,25.9643,-103.166
T000033408,436700000039,2025-12-09T20:05:00Z,23.45,m_756,fuel,42.0631,-77.9584
T000033409,413800000254,2025-12-09T20:13:00Z,37.92,m_567,entertainment,40.2568,-83.2215
T000033410,495400000142,2025-12-09T20:13:00Z,3.8,m_173,restaurant,40.0634,-117.102
T000033412,492900000273,2025-12-09T20:18:00Z,36.04,m_778,restaurant,32.2477,-117.5195
T000033413,418600000223,2025-12-09T20:19:00Z,9.13,m_777,fuel,49.5458,-78.285
T000033416,473800000088,2025-12-09T20:22:00Z,5.18,m_784,health,49.2742,-99.9936
T000033417,482300000206,2025-12-09T20:24:00Z,14.42,m_673,travel,38.3752,-79.8396
T000033418,443000000144,2025-12-09T20:25:00Z,71.27,m_021,clothing,30.2295,-78.3602
T000033419,494800000228,2025-12-09T20:35:00Z,42.43,m_562,clothing,25.8556,-86.5004
T000033420,493900000290,2025-12-09T20:41:00Z,57.19,m_284,grocery,34.7073,-74.0218
T000033422,472200000195,2025-12-09T20:41:00Z,33.04,m_610,fuel,35.3921,-80.7481
T000033423,429100000136,2025-12-09T20:47:00Z,40.29,m_211,entertainment,48.6713,-78.2146
T000033424,452100000297,2025-12-09T20:57:00Z,53.75,m_221,clothing,25.4393,-84.3681
T000033425,416600000244,2025-12-09T20:59:00Z,52.97,m_754,health,38.2604,-74.2884
T000033426,433100000271,2025-12-09T21:36:00Z,20.18,m_644,online,42.7355,-78.5727
T000033427,483600000069,2025-12-09T21:45:00Z,47.44,m_643,electronics,27.5098,-111.6122
T000033428,403400000178,2025-12-09T21:47:00Z,5.83,m_035,fuel,26.7259,-113.5985
T000033430,443900000180,2025-12-09T22:16:00Z,6.9,m_212,entertainment,45.2842,-76.9933
T000033432,489200000253,2025-12-09T22:39:00Z,41.03,m_075,fuel,37.4269,-89.256
T000033434,423800000109,2025-12-09T22:48:00Z,6.04,m_108,online,37.4789,-98.1781
T000033435,486600000215,2025-12-09T23:08:00Z,11.47,m_797,entertainment,32.3287,-102.1456
T000033437,499500000281,2025-12-09T23:34:00Z,26.04,m_146,travel,47.4694,-74.5664
T000033438,478800000015,2025-12-10T00:08:00Z,555.52,m_502,electronics,22.0476,-116.4641
T000033439,441700000121,2025-12-10T00:40:00Z,28.53,m_607,health,27.0583,-106.0948
T000033441,412700000272,2025-12-10T01:21:00Z,44.68,m_354,entertainment,35.0065,-107.1347
T000033442,451600000095,2025-12-10T01:38:00Z,24.11,m_492,electronics,41.1484,-102.8972
T000033444,474300000084,2025-12-10T01:43:00Z,151.1,m_662,travel,13.6429,-91.9756
T000033445,420400000060,2025-12-10T01:54:00Z,24.15,m_769,restaurant,32.7246,-72.2486
T000033446,443000000144,2025-12-10T01:58:00Z,33.63,m_092,grocery,30.6311,-78.6288
T000033447,483100000286,2025-12-10T02:07:00Z,16.41,m_419,fuel,35.4618,-74.7491
T000033448,426900000083,2025-12-10T02:36:00Z,42.47,m_184,health,47.2179,-83.1667
T000033449,467400000299,2025-12-10T02:44:00Z,45.33,m_020,entertainment,26.1265,-109.4926
T000033450,427100000293,2025-12-10T02:50:00Z,49.55,m_245,cash_advance,30.5438,-112.9652
T000033451,459900000181,2025-12-10T02:51:00Z,5.85,m_248,health,27.6091,-115.554
T000033452,414100000007,2025-12-10T03:18:00Z,23.19,m_684,clothing,35.2016,-114.1008
T000033453,468600000099,2025-12-10T03:19:00Z,9.09,m_464,health,36.9011,-73.6945
T000033455,493100000068,2025-12-10T03:40:00Z,93.37,m_026,cash_advance,36.0385,-85.2717
T000033456,453000000151,2025-12-10T04:09:00Z,3.31,m_041,entertainment,38.472,-104.3477
T000033459,449400000093,2025-12-10T04:22:00Z,23.19,m_221,electronics,46.8358,-103.2763
T000033460,453000000151,2025-12-10T04:44:00Z,84.51,m_433,cash_advance,44.9857,-105.2443
T000033462,429200000138,2025-12-10T04:51:00Z,21.23,m_603,travel,40.1622,-86.2284
T000033464,455200000174,2025-12-10T05:06:00Z,71.83,m_281,entertainment,43.3675,-109.3731
T000033465,461900000132,2025-12-10T05:06:00Z,6.75,m_362,cash_advance,39.3082,-96.1688
T000033466,404300000189,2025-12-10T05:22:00Z,10.53,m_673,entertainment,25.2957,-117.8747
T000033467,471700000259,2025-12-10T05:23:00Z,101.04,m_315,grocery,26.7024,-118.9343
T000033469,454900000187,2025-12-10T05:29:00Z,16.14,m_487,fuel,41.2596,-111.5788
T000033470,458800000284,2025-12-10T05:36:00Z,19.85,m_150,entertainment,38.9104,-96.3111
T000033472,403400000178,2025-12-10T05:42:00Z,10.58,m_425,grocery,26.8323,-113.8657
T000033473,473300000089,2025-12-10T05:43:00Z,42.66,m_371,cash_advance,38.3077,-74.3285
T000033475,413500000264,2025-12-10T06:17:00Z,92.99,m_736,fuel,39.1393,-119.0736
T000033477,430000000162,2025-12-10T06:38:00Z,8.06,m_254,entertainment,44.8051,-90.7074
T000033479,480100000110,2025-12-10T07:10:00Z,12.92,m_581,health,43.1672,-79.003
T000033480,494800000228,2025-12-10T07:22:00Z,33.73,m_774,electronics,25.2942,-86.6814
T000033481,423900000113,2025-12-10T07:23:00Z,47.12,m_042,entertainment,31.9716,-90.515
T000033482,456300000265,2025-12-10T07:42:00Z,415.82,m_548,cash_advance,36.6124,-135.196
T000033483,467700000148,2025-12-10T07:42:00Z,10.72,m_580,electronics,34.544,-73.2336
T000033484,412500000217,2025-12-10T07:52:00Z,120.39,m_122,electronics,23.8219,-116.9838
T000033486,443000000144,2025-12-10T08:02:00Z,29.98,m_498,clothing,30.2993,-79.2525
T000033487,441700000276,2025-12-10T08:11:00Z,18.36,m_150,electronics,40.7204,-104.6239
T000033488,497000000034,2025-12-10T08:14:00Z,17.61,m_045,clothing,37.7513,-121.6438
T000033490,478700000237,2025-12-10T08:31:00Z,54.85,m_230,fuel,26.541,-77.3341
T000033491,443000000144,2025-12-10T08:31:00Z,106.15,m_688,restaurant,29.799,-79.0562
T000033492,463700000006,2025-12-10T08:41:00Z,5.53,m_241,electronics,29.2229,-122.194
T000033493,449300000066,2025-12-10T08:43:00Z,10.37,m_389,online,34.5884,-91.7174
T000033494,493100000068,2025-12-10T08:45:00Z,30.6,m_091,online,34.4538,-91.7225
T000033495,480100000110,2025-12-10T08:45:00Z,7.38,m_046,entertainment,43.7084,-79.1155
T000033496,489800000203,2025-12-10T08:46:00Z,7.06,m_223,health,43.2996,-102.511
T000033497,454900000187,2025-12-10T08:46:00Z,9.32,m_770,online,41.9023,-110.992
T000033498,484400000030,2025-12-10T08:49:00Z,21.48,m_217,grocery,28.7541,-73.3582
T000033500,480500000027,2025-12-10T08:55:00Z,13.57,m_757,grocery,36.763,-107.2507
T000033502,483600000122,2025-12-10T09:01:00Z,13.2,m_172,entertainment,29.3553,-88.9512
T000033503,478800000015,2025-12-10T09:04:00Z,46.52,m_261,clothing,29.7854,-113.3776
T000033504,491700000032,2025-12-10T09:05:00Z,15.1,m_727,entertainment,35.1268,-116.1643
T000033505,457400000208,2025-12-10T09:07:00Z,41.15,m_635,cash_advance,47.995,-108.6852
T000033506,421500000087,2025-12-10T09:11:00Z,22.51,m_794,online,46.3667,-100.8933
T000033510,413700000266,2025-12-10T09:37:00Z,50.7,m_112,entertainment,30.7188,-115.9507
T000033511,459900000181,2025-12-10T09:42:00Z,4.58,m_626,travel,28.5483,-115.3489
T000033514,460200000201,2025-12-10T09:47:00Z,12.79,m_362,electronics,45.3585,-77.7687
T000033516,444500000160,2025-12-10T09:53:00Z,10.22,m_278,grocery,28.9791,-81.8816
T000033517,459900000181,2025-12-10T09:56:00Z,16.5,m_402,restaurant,28.0685,-116.311
T000033518,498000000026,2025-12-10T10:00:00Z,46.56,m_325,travel,26.3428,-90.4923
T000033519,459900000181,2025-12-10T10:04:00Z,31.06,m_495,cash_advance,28.315,-115.4333
T000033520,493800000213,2025-12-10T10:11:00Z,40.38,m_791,electronics,34.4615,-73.8705
T000033521,406800000116,2025-12-10T10:11:00Z,34.09,m_163,entertainment,44.0719,-86.2686
T000033522,494000000016,2025-12-10T10:15:00Z,12.73,m_712,cash_advance,39.035,-112.3864
T000033524,461500000245,2025-12-10T10:16:00Z,26.23,m_234,online,36.9751,-119.4567
T000033526,425600000170,2025-12-10T10:31:00Z,20.11,m_534,cash_advance,28.0676,-83.2753
T000033528,402500000268,2025-12-10T10:36:00Z,8.31,m_707,electronics,44.2857,-117.1323
T000033529,401300000033,2025-12-10T10:37:00Z,106.43,m_207,fuel,38.0342,-113.9125
T000033531,478200000065,2025-12-10T10:39:00Z,104.23,m_355,entertainment,33.8976,-89.0432
T000033532,461500000245,2025-12-10T10:41:00Z,12.07,m_308,cash_advance,37.919,-120.0894
T000033537,492300000241,2025-12-10T10:49:00Z,30.21,m_513,cash_advance,29.0929,-78.0156
T000033539,431600000056,2025-12-10T10:51:00Z,15.12,m_751,cash_advance,45.6357,-84.4228
T000033541,459200000077,2025-12-10T11:01:00Z,18.42,m_602,travel,35.105,-106.265
T000033542,423900000113,2025-12-10T11:04:00Z,19.89,m_402,electronics,31.0657,-90.7477
T000033543,413300000061,2025-12-10T11:08:00Z,6.39,m_045,clothing,34.5454,-81.6024
T000033545,452500000236,2025-12-10T11:15:00Z,18.5,m_477,online,25.7949,-115.7583
T000033546,432500000036,2025-12-10T11:15:00Z,9.26,m_739,restaurant,40.4927,-118.6406
T000033547,480100000110,2025-12-10T11:17:00Z,9.67,m_242,online,42.714,-79.5127
T000033548,499500000281,2025-12-10T11:20:00Z,15.87,m_476,clothing,47.5566,-74.7452
T000033550,446100000021,2025-12-10T11:26:00Z,15.9,m_128,clothing,45.2916,-83.652
T000033552,474300000084,2025-12-10T11:31:00Z,63.27,m_370,cash_advance,27.4741,-91.6338
T000033553,467700000148,2025-12-10T11:36:00Z,24.21,m_681,cash_advance,34.1317,-72.6115
T000033555,492300000134,2025-12-10T11:46:00Z,127.66,m_661,cash_advance,26.4818,-102.0755
T000033557,499500000281,2025-12-10T11:56:00Z,9.47,m_362,restaurant,47.723,-75.256
T000033558,470900000176,2025-12-10T11:56:00Z,15.58,m_683,fuel,46.3901,-80.1233
T000033559,481700000044,2025-12-10T11:57:00Z,11.71,m_136,cash_advance,41.9315,-88.8097
T000033561,427100000293,2025-12-10T12:08:00Z,38.25,m_085,electronics,30.6341,-112.8797
T000033562,449400000093,2025-12-10T12:09:00Z,22.41,m_574,electronics,46.5953,-103.1884
T000033563,456600000153,2025-12-10T12:12:00Z,77.68,m_780,cash_advance,37.2109,-111.4216
T000033565,478500000258,2025-12-10T12:15:00Z,54.1,m_448,entertainment,46.7144,-84.709
T000033567,412900000224,2025-12-10T12:21:00Z,15.8,m_557,entertainment,29.6121,-119.7875
T000033568,483100000286,2025-12-10T12:22:00Z,29.4,m_717,grocery,35.1156,-75.1888
T000033569,490700000167,2025-12-10T12:29:00Z,37.43,m_507,fuel,30.5724,-99.5362
T000033570,471700000259,2025-12-10T12:34:00Z,18.53,m_290,fuel,26.5816,-118.276
T000033571,415300000169,2025-12-10T12:38:00Z,15.04,m_392,clothing,36.1046,-116.4527
T000033573,421700000058,2025-12-10T12:46:00Z,40.86,m_788,electronics,43.0691,-82.9047
T000033574,423300000143,2025-12-10T12:52:00Z,17.74,m_449,electronics,41.7587,-108.7488
T000033575,413300000061,2025-12-10T12:54:00Z,3.77,m_260,restaurant,34.7274,-80.7633
T000033576,445900000135,2025-12-10T12:56:00Z,34.75,m_740,restaurant,32.1426,-105.6066
T000033577,425100000126,2025-12-10T12:56:00Z,38.1,m_258,cash_advance,46.0155,-107.7166
T000033580,400000000251,2025-12-10T13:04:00Z,9.17,m_603,travel,37.8003,-97.4422
T000033581,432400000114,2025-12-10T13:05:00Z,23.07,m_492,restaurant,42.6589,-74.1965
T000033583,497300000184,2025-12-10T13:07:00Z,10.36,m_533,fuel,36.032,-90.0054
T000033584,432500000036,2025-12-10T13:08:00Z,6.75,m_703,cash_advance,40.0469,-119.582
T000033585,493900000290,2025-12-10T13:12:00Z,79.66,m_471,health,34.7868,-74.0544
T000033586,493100000068,2025-12-10T13:16:00Z,20.82,m_638,entertainment,34.6142,-91.3855
T000033587,474000000094,2025-12-10T13:17:00Z,11.65,m_492,fuel,47.7771,-116.693
T000033588,478500000258,2025-12-10T13:18:00Z,77.89,m_025,restaurant,46.9359,-83.997
T000033589,489800000203,2025-12-10T13:21:00Z,5.68,m_080,health,43.491,-102.8314
T000033590,418600000223,2025-12-10T13:31:00Z,7.26,m_785,restaurant,49.3072,-78.473
T000033591,468600000099,2025-12-10T13:31:00Z,6.54,m_502,fuel,37.051,-74.0016
T000033592,400900000156,2025-12-10T13:33:00Z,23.66,m_605,restaurant,43.1544,-106.3706
T000033593,498300000111,2025-12-10T13:38:00Z,6.11,m_386,fuel,25.3105,-117.7655
T000033594,400900000156,2025-12-10T13:38:00Z,41.93,m_170,health,43.9097,-106.1519
T000033597,427500000040,2025-12-10T13:44:00Z,31.07,m_665,entertainment,25.7637,-86.6207
T000033599,422200000028,2025-12-10T13:49:00Z,116.71,m_243,grocery,28.8151,-122.0669
T000033600,473700000249,2025-12-10T13:53:00Z,38.67,m_362,travel,35.9925,-83.8493
T000033601,452600000257,2025-12-10T13:55:00Z,19.1,m_202,entertainment,28.9392,-105.8424
T000033602,491300000082,2025-12-10T13:59:00Z,29.33,m_697,electronics,40.337,-106.1063
T000033603,431300000248,2025-12-10T13:59:00Z,17.44,m_554,online,27.11,-86.0079
T000033604,441700000121,2025-12-10T14:02:00Z,15.4,m_143,online,26.9508,-105.9866
T000033606,471100000081,2025-12-10T14:08:00Z,38.7,m_227,online,35.9071,-109.9872
T000033608,463700000006,2025-12-10T14:16:00Z,8.92,m_658,travel,29.2213,-122.8293
T000033610,401300000033,2025-12-10T14:21:00Z,232.91,m_504,online,45.9554,-118.4739
T000033611,415300000108,2025-12-10T14:30:00Z,22.18,m_578,clothing,43.1601,-111.259
T000033612,443800000013,2025-12-10T14:31:00Z,13.87,m_079,cash_advance,28.0873,-83.4324
T000033613,440800000163,2025-12-10T14:35:00Z,16.91,m_790,cash_advance,27.3088,-117.7786
T000033614,494000000016,2025-12-10T14:36:00Z,65.74,m_763,online,39.8197,-112.7274
T000033615,420300000182,2025-12-10T14:44:00Z,23.32,m_473,cash_advance,30.4879,-97.894
T000033616,434500000161,2025-12-10T14:47:00Z,18.51,m_341,grocery,35.9216,-87.6579
T000033617,493900000290,2025-12-10T14:49:00Z,24.78,m_313,fuel,34.5599,-74.2616
T000033619,420400000060,2025-12-10T14:51:00Z,12.47,m_641,electronics,33.1087,-72.4648
T000033620,463700000291,2025-12-10T14:52:00Z,10.08,m_189,clothing,37.4876,-83.4272
T000033627,470500000205,2025-12-10T15:23:00Z,9.47,m_073,clothing,44.1876,-119.4125
T000033628,413500000264,2025-12-10T15:26:00Z,64.75,m_334,electronics,38.9828,-119.2593
T000033630,452100000297,2025-12-10T15:40:00Z,30.75,m_558,health,25.7466,-84.4918
T000033631,473800000088,2025-12-10T15:40:00Z,15.84,m_688,entertainment,48.9223,-99.6317
T000033632,463700000006,2025-12-10T15:43:00Z,20.3,m_006,grocery,30.0796,-123.5609
T000033633,463700000291,2025-12-10T15:44:00Z,7.59,m_446,grocery,37.4971,-85.0095
T000033634,488600000295,2025-12-10T15:45:00Z,20.49,m_250,entertainment,43.1841,-100.1704
T000033635,488800000117,2025-12-10T15:48:00Z,20.66,m_108,fuel,34.8907,-104.7835
T000033636,497600000197,2025-12-10T15:48:00Z,15.05,m_685,health,45.3208,-116.5169
T000033637,442200000287,2025-12-10T15:50:00Z,27.01,m_258,cash_advance,32.9288,-121.4574
T000033638,413300000061,2025-12-10T15:52:00Z,10.92,m_574,travel,34.3849,-80.6404
T000033641,403400000178,2025-12-10T16:01:00Z,22.35,m_738,entertainment,26.851,-113.2471
T000033642,489200000253,2025-12-10T16:07:00Z,45.72,m_610,health,37.1989,-89.7951
T000033643,441700000121,2025-12-10T16:10:00Z,9.36,m_431,grocery,27.4251,-106.6519
T000033645,429100000136,2025-12-10T16:13:00Z,54.88,m_650,restaurant,48.1901,-78.735
T000033646,485300000175,2025-12-10T16:16:00Z,11.83,m_703,electronics,36.7656,-92.9062
T000033647,471100000298,2025-12-10T16:17:00Z,8.09,m_794,electronics,46.0359,-85.9512
T000033648,438100000157,2025-12-10T16:23:00Z,75.73,m_633,health,27.7856,-98.6101
T000033649,458800000284,2025-12-10T16:24:00Z,45.68,m_678,electronics,39.2536,-95.63
T000033650,494800000246,2025-12-10T16:28:00Z,30.03,m_142,cash_advance,42.6042,-106.8227
T000033651,426800000149,2025-12-10T16:31:00Z,24.5,m_413,entertainment,30.0067,-118.4699
T000033652,455200000174,2025-12-10T16:39:00Z,35.26,m_044,clothing,43.7481,-108.0206
T000033653,423900000113,2025-12-10T16:40:00Z,11.76,m_392,fuel,30.5762,-90.9386
T000033654,488600000295,2025-12-10T16:41:00Z,14.14,m_208,grocery,43.4792,-100.9378
T000033656,408700000002,2025-12-10T16:43:00Z,36.9,m_227,online,36.6712,-95.6172
T000033657,414100000007,2025-12-10T16:44:00Z,16.42,m_576,health,36.0481,-113.6359
T000033660,457400000208,2025-12-10T16:51:00Z,66.99,m_091,restaurant,47.8622,-108.0773
T000033661,438100000157,2025-12-10T16:52:00Z,11.75,m_393,health,28.5003,-97.4559
T000033662,475100000009,2025-12-10T16:52:00Z,60.18,m_711,health,32.9153,-78.5434
T000033663,429200000138,2025-12-10T16:56:00Z,32.68,m_196,electronics,40.6745,-86.1146
T000033664,486500000234,2025-12-10T17:03:00Z,15.18,m_011,cash_advance,37.742,-107.0631
T000033665,400900000156,2025-12-10T17:04:00Z,18.57,m_408,cash_advance,43.5207,-106.0408
T000033666,483100000286,2025-12-10T17:06:00Z,40.51,m_108,electronics,35.236,-74.4026
T000033667,421500000087,2025-12-10T17:10:00Z,12.09,m_127,online,46.6086,-100.6799
T000033668,454400000155,2025-12-10T17:15:00Z,84.31,m_183,grocery,34.1752,-92.9958
T000033669,492300000241,2025-12-10T17:16:00Z,21.12,m_061,cash_advance,29.5702,-77.5633
T000033670,420400000060,2025-12-10T17:17:00Z,20.99,m_797,fuel,32.5085,-72.3016
T000033671,423300000143,2025-12-10T17:20:00Z,22.59,m_470,fuel,42.2776,-108.5815
T000033674,472500000070,2025-12-10T17:23:00Z,29.56,m_337,fuel,38.1746,-101.0287
T000033676,429100000136,2025-12-10T17:29:00Z,14.06,m_024,online,48.5073,-79.2733
T000033677,497000000034,2025-12-10T17:31:00Z,17.6,m_028,restaurant,36.5769,-122.426
T000033678,420900000275,2025-12-10T17:32:00Z,48.07,m_252,restaurant,29.5726,-72.6869
T000033679,445900000135,2025-12-10T17:39:00Z,29.36,m_438,restaurant,32.5088,-104.7945
T000033680,499500000281,2025-12-10T17:43:00Z,6.73,m_696,grocery,47.5319,-75.1148
T000033682,423300000143,2025-12-10T17:57:00Z,13.72,m_565,entertainment,41.8545,-108.0953
T000033683,445900000135,2025-12-10T17:59:00Z,105.29,m_231,grocery,32.7798,-105.3216
T000033684,412500000217,2025-12-10T18:01:00Z,12.21,m_380,clothing,25.9423,-113.2221
T000033685,456600000153,2025-12-10T18:02:00Z,53.81,m_426,entertainment,37.2128,-110.7299
T000033686,455700000103,2025-12-10T18:03:00Z,3.98,m_164,restaurant,26.0217,-90.7401
T000033687,482000000288,2025-12-10T18:09:00Z,41.58,m_186,grocery,37.1813,-106.8902
T000033688,499500000281,2025-12-10T18:09:00Z,11.07,m_157,electronics,47.4015,-73.9879
T000033690,401300000033,2025-12-10T18:19:00Z,28.58,m_778,clothing,38.2738,-113.4815
T000033692,454900000187,2025-12-10T18:29:00Z,10.83,m_682,fuel,42.1318,-111.1472
T000033693,411600000017,2025-12-10T18:32:00Z,74.47,m_475,restaurant,38.1112,-87.3338
T000033695,443900000180,2025-12-10T18:33:00Z,5.11,m_247,restaurant,45.6843,-76.7073
T000033696,423300000143,2025-12-10T18:36:00Z,46.98,m_694,entertainment,42.3626,-107.7673
T000033698,490700000167,2025-12-10T18:49:00Z,49.0,m_432,clothing,30.6501,-99.7617
T000033699,473800000088,2025-12-10T18:51:00Z,10.63,m_185,grocery,49.5909,-99.1994
T000033702,413700000232,2025-12-10T18:56:00Z,19.29,m_669,health,42.8434,-106.3173
T000033703,477200000076,2025-12-10T18:56:00Z,126.9,m_502,clothing,42.618,-77.8174
T000033704,413300000061,2025-12-10T19:01:00Z,3.78,m_366,cash_advance,34.2524,-81.0735
T000033705,402500000268,2025-12-10T19:03:00Z,7.27,m_488,fuel,44.8769,-118.2713
T000033706,444500000160,2025-12-10T19:04:00Z,23.6,m_776,fuel,28.2454,-81.1728
T000033708,478800000067,2025-12-10T19:05:00Z,7.31,m_107,restaurant,47.5326,-74.5126
T000033709,400000000251,2025-12-10T19:07:00Z,4.22,m_743,health,38.4201,-97.6412
T000033710,454600000047,2025-12-10T19:10:00Z,20.12,m_710,travel,42.1835,-96.7666
T000033711,443800000013,2025-12-10T19:18:00Z,14.89,m_710,health,28.5723,-83.581
T000033712,420300000182,2025-12-10T19:19:00Z,14.14,m_465,entertainment,31.2706,-98.1953
T000033714,478500000258,2025-12-10T19:23:00Z,38.93,m_089,health,47.298,-84.038
T000033715,493300000296,2025-12-10T19:25:00Z,30.35,m_180,electronics,47.8534,-106.4947
T000033717,493800000213,2025-12-10T19:36:00Z,108.15,m_205,entertainment,34.9167,-74.7028
T000033718,423300000143,2025-12-10T19:41:00Z,10.68,m_201,entertainment,42.2689,-108.4312
T000033719,421700000058,2025-12-10T19:42:00Z,43.47,m_297,entertainment,43.0394,-83.208
T000033720,497000000034,2025-12-10T19:42:00Z,9.77,m_686,grocery,36.9479,-122.1603
T000033721,440800000163,2025-12-10T19:48:00Z,9.68,m_786,travel,27.9877,-118.1766
T000033722,453000000151,2025-12-10T19:48:00Z,17.45,m_256,fuel,38.3222,-102.9978
T000033723,473500000012,2025-12-10T19:55:00Z,9.09,m_161,online,45.2479,-121.5171
T000033724,480100000110,2025-12-10T19:55:00Z,6.55,m_577,restaurant,42.9107,-79.252
T000033727,443900000180,2025-12-10T20:06:00Z,12.78,m_333,cash_advance,45.6226,-76.9087
T000033728,472200000195,2025-12-10T20:13:00Z,49.66,m_397,clothing,35.0209,-81.2344
T000033729,427000000130,2025-12-10T20:13:00Z,20.81,m_719,fuel,40.7574,-100.6688
T000033730,443900000180,2025-12-10T20:16:00Z,16.19,m_005,health,45.6638,-75.9679
T000033732,425100000250,2025-12-10T20:23:00Z,10.11,m_086,entertainment,32.8287,-99.0319
T000033734,438100000157,2025-12-10T20:29:00Z,32.44,m_399,cash_advance,27.7106,-97.4335
T000033735,440000000190,2025-12-10T20:30:00Z,9.48,m_321,grocery,40.1617,-77.3465
T000033736,420400000060,2025-12-10T20:32:00Z,11.63,m_004,online,32.2067,-72.1645
T000033737,414100000007,2025-12-10T20:32:00Z,20.95,m_795,grocery,35.6623,-113.1262
T000033738,436700000039,2025-12-10T20:41:00Z,10.23,m_764,fuel,42.5817,-78.4701
T000033740,472100000092,2025-12-10T20:46:00Z,10.02,m_403,clothing,41.6759,-80.8258
T000033741,442200000037,2025-12-10T20:48:00Z,36.1,m_549,electronics,33.8435,-106.7172
T000033744,467400000299,2025-12-10T20:55:00Z,123.58,m_044,clothing,26.1147,-108.2949
T000033745,434800000074,2025-12-10T20:58:00Z,11.35,m_689,cash_advance,34.9884,-109.8124
T000033747,455200000174,2025-12-10T21:19:00Z,19.86,m_593,clothing,43.2061,-108.6354
T000033749,436500000043,2025-12-10T21:36:00Z,16.48,m_205,online,35.8946,-110.9409
T000033752,498300000111,2025-12-10T21:44:00Z,7.61,m_740,clothing,25.673,-117.4899
T000033753,414100000007,2025-12-10T21:58:00Z,78.57,m_222,travel,36.077,-118.3405
T000033754,496700000238,2025-12-10T21:58:00Z,18.97,m_161,travel,25.4498,-103.8663
T000033755,415300000169,2025-12-10T22:06:00Z,18.63,m_527,health,35.5147,-117.3478
T000033756,414100000007,2025-12-10T22:19:00Z,27.7,m_129,grocery,34.8037,-113.9515
T000033757,460200000201,2025-12-10T22:19:00Z,45.96,m_015,grocery,45.2669,-77.4269
T000033758,492300000241,2025-12-10T22:24:00Z,20.24,m_015,cash_advance,29.1578,-76.7507
T000033759,455700000103,2025-12-10T22:48:00Z,7.3,m_011,health,25.4831,-90.539
T000033760,431300000248,2025-12-10T22:56:00Z,39.07,m_399,restaurant,27.1572,-86.2886
T000033761,413500000264,2025-12-10T22:56:00Z,31.24,m_737,cash_advance,38.7701,-118.8497
T000033763,449300000066,2025-12-10T23:17:00Z,5.11,m_386,grocery,34.9414,-91.6869
T000033765,497300000184,2025-12-11T00:21:00Z,30.52,m_375,restaurant,35.0073,-89.5843
T000033770,404400000000,2025-12-11T00:52:00Z,45.07,m_333,grocery,45.9301,-75.0699
T000033771,436700000039,2025-12-11T00:52:00Z,15.97,m_549,clothing,42.1947,-77.229
T000033772,493600000274,2025-12-11T01:14:00Z,19.53,m_758,travel,26.1999,-73.0452
T000033774,492300000241,2025-12-11T01:32:00Z,24.15,m_504,grocery,29.2524,-77.7422
T000033775,418600000223,2025-12-11T01:34:00Z,4.62,m_030,grocery,49.333,-78.355
T000033777,427700000051,2025-12-11T01:41:00Z,44.43,m_342,travel,34.3491,-94.1001
T000033778,427700000051,2025-12-11T01:45:00Z,13.84,m_609,health,29.4482,-92.6052
T000033780,434500000161,2025-12-11T01:59:00Z,16.88,m_480,electronics,35.8672,-88.7368
T000033781,473500000012,2025-12-11T02:02:00Z,5.26,m_187,electronics,46.2,-122.4028
T000033782,419200000035,2025-12-11T02:04:00Z,27.2,m_222,clothing,30.7346,-91.7063
T000033783,492300000241,2025-12-11T02:21:00Z,10.42,m_552,entertainment,28.9053,-77.3098
T000033784,462500000168,2025-12-11T02:36:00Z,8.86,m_081,fuel,30.0693,-71.4272
T000033785,419500000045,2025-12-11T02:37:00Z,180.29,m_103,electronics,12.5064,-66.8209
T000033786,459100000090,2025-12-11T02:37:00Z,22.79,m_517,clothing,40.6267,-82.5026
T000033787,413700000240,2025-12-11T02:53:00Z,22.54,m_312,online,29.7655,-117.969
T000033788,427000000130,2025-12-11T02:57:00Z,9.03,m_432,travel,40.16,-100.1216
T000033789,421400000107,2025-12-11T02:58:00Z,36.82,m_552,grocery,40.117,-113.1562
T000033790,467700000148,2025-12-11T03:04:00Z,11.06,m_743,health,34.0241,-72.717
T000033791,498000000026,2025-12-11T03:09:00Z,40.65,m_577,entertainment,26.4269,-90.2358
T000033792,484400000030,2025-12-11T03:29:00Z,938.62,m_411,online,27.3825,-77.1723
T000033794,497600000197,2025-12-11T03:31:00Z,9.71,m_207,health,44.9626,-117.2415
T000033795,456600000153,2025-12-11T03:46:00Z,56.01,m_151,grocery,36.7353,-111.0258
T000033797,457400000208,2025-12-11T04:48:00Z,33.95,m_538,grocery,47.5436,-109.4703
T000033798,412500000217,2025-12-11T05:12:00Z,31.95,m_647,cash_advance,25.6574,-113.8986
T000033799,416600000244,2025-12-11T05:26:00Z,54.66,m_734,entertainment,37.9792,-73.0522
T000033800,497000000034,2025-12-11T05:30:00Z,6.78,m_491,fuel,37.035,-122.2598
T000033801,418600000223,2025-12-11T05:54:00Z,61.44,m_588,cash_advance,52.3956,-71.1804
T000033803,475100000009,2025-12-11T06:35:00Z,14.13,m_394,cash_advance,33.2794,-77.325
T000033805,429100000136,2025-12-11T06:48:00Z,14.41,m_428,restaurant,48.9435,-78.5629
T000033806,467700000148,2025-12-11T07:27:00Z,10.64,m_359,fuel,33.3826,-72.5998
T000033808,487500000214,2025-12-11T07:46:00Z,12.03,m_639,entertainment,46.6866,-95.1839
T000033809,421500000087,2025-12-11T07:59:00Z,37.16,m_103,entertainment,46.6839,-100.8285
T000033810,488800000242,2025-12-11T08:02:00Z,8.1,m_083,online,33.734,-100.7735
T000033812,413700000266,2025-12-11T08:03:00Z,35.01,m_450,grocery,29.4434,-116.6495
T000033813,472500000070,2025-12-11T08:07:00Z,23.09,m_020,grocery,38.7543,-100.8231
T000033814,449400000093,2025-12-11T08:08:00Z,19.37,m_143,fuel,47.2665,-103.2808
T000033815,411600000017,2025-12-11T08:09:00Z,53.88,m_374,travel,37.9302,-87.4521
T000033816,499000000220,2025-12-11T08:15:00Z,29.26,m_038,grocery,27.5996,-108.1262
T000033818,425600000170,2025-12-11T08:26:00Z,31.83,m_490,fuel,27.7885,-83.9812
T000033819,490700000167,2025-12-11T08:31:00Z,16.64,m_127,travel,30.4723,-99.5444
T000033821,496700000238,2025-12-11T08:38:00Z,16.06,m_246,online,24.8678,-103.7767
T000033822,462600000282,2025-12-11T08:43:00Z,6.96,m_087,fuel,45.5813,-87.3109
T000033823,413800000254,2025-12-11T08:50:00Z,11.53,m_259,restaurant,40.5985,-82.8834
T000033824,404300000189,2025-12-11T08:54:00Z,34.39,m_621,online,27.0237,-117.6414
T000033826,484400000030,2025-12-11T08:56:00Z,27.15,m_347,travel,28.5992,-73.3508
T000033827,454900000187,2025-12-11T09:00:00Z,7.43,m_177,restaurant,41.6783,-110.4393
T000033828,494800000019,2025-12-11T09:02:00Z,23.24,m_595,restaurant,24.7276,-102.7736
T000033830,496700000238,2025-12-11T09:07:00Z,21.05,m_600,grocery,25.098,-104.1153
T000033831,400100000173,2025-12-11T09:09:00Z,31.43,m_078,restaurant,46.992,-83.5388
T000033832,453500000052,2025-12-11T09:15:00Z,16.49,m_448,electronics,43.7363,-122.1165
T000033834,403900000062,2025-12-11T09:36:00Z,37.66,m_252,entertainment,35.8752,-108.6781
T000033835,482300000206,2025-12-11T09:37:00Z,16.47,m_381,electronics,38.1295,-79.3272
T000033836,452500000236,2025-12-11T09:38:00Z,6.25,m_107,restaurant,25.8409,-116.1481
T000033837,492900000216,2025-12-11T09:38:00Z,8.02,m_657,clothing,35.5299,-71.6467
T000033838,453000000151,2025-12-11T09:40:00Z,9.34,m_482,fuel,37.6103,-103.3309
T000033839,482300000206,2025-12-11T09:41:00Z,45.32,m_592,travel,38.4044,-79.2561
T000033840,408700000002,2025-12-11T09:43:00Z,128.28,m_556,electronics,37.1417,-95.6074
T000033843,487500000214,2025-12-11T09:51:00Z,11.23,m_741,cash_advance,47.0985,-96.3476
T000033845,480500000027,2025-12-11T09:53:00Z,16.83,m_321,fuel,36.8145,-106.1946
T000033846,405200000054,2025-12-11T09:55:00Z,43.51,m_025,clothing,30.0718,-88.2685
T000033847,405200000054,2025-12-11T09:56:00Z,22.24,m_769,clothing,31.7959,-88.7276
T000033849,458800000284,2025-12-11T10:05:00Z,17.26,m_483,restaurant,39.3095,-96.6012
T000033851,423800000109,2025-12-11T10:09:00Z,12.24,m_644,fuel,37.6639,-98.2443
T000033853,413500000264,2025-12-11T10:18:00Z,46.69,m_050,clothing,38.5385,-119.6525
T000033856,492900000273,2025-12-11T10:21:00Z,17.27,m_375,travel,31.9637,-118.3785
T000033857,492300000241,2025-12-11T10:23:00Z,33.91,m_771,clothing,28.389,-76.7354
T000033860,443800000013,2025-12-11T10:33:00Z,21.43,m_202,entertainment,28.4576,-83.8302
T000033861,488800000117,2025-12-11T10:38:00Z,40.11,m_539,entertainment,36.2708,-106.2646
T000033862,492900000273,2025-12-11T10:39:00Z,26.36,m_236,health,32.6246,-117.4626
T000033863,498000000026,2025-12-11T10:46:00Z,37.47,m_721,restaurant,26.0783,-90.5644
T000033864,443800000013,2025-12-11T10:53:00Z,5.99,m_318,fuel,28.7908,-83.3721
T000033866,426900000083,2025-12-11T10:58:00Z,14.76,m_692,fuel,47.3056,-83.012
T000033867,492300000241,2025-12-11T11:03:00Z,16.28,m_590,health,29.3781,-76.3261
T000033869,462600000282,2025-12-11T11:04:00Z,11.41,m_343,restaurant,45.5679,-88.1339
T000033870,449400000093,2025-12-11T11:05:00Z,13.49,m_458,electronics,46.3764,-104.3284
T000033873,415300000108,2025-12-11T11:18:00Z,9.24,m_179,clothing,42.1493,-111.5235
T000033875,490700000167,2025-12-11T11:26:00Z,50.77,m_106,grocery,31.1772,-99.4797
T000033877,452800000233,2025-12-11T11:36:00Z,20.68,m_053,fuel,34.9782,-73.3626
T000033878,491600000072,2025-12-11T11:37:00Z,20.14,m_701,electronics,34.4221,-113.1467
T000033880,427700000051,2025-12-11T11:42:00Z,34.36,m_581,clothing,28.651,-92.6446
T000033881,440000000190,2025-12-11T11:45:00Z,7.76,m_277,online,40.6099,-77.0581
T000033882,448700000123,2025-12-11T11:45:00Z,49.21,m_143,electronics,41.9467,-98.5156
T000033883,492800000125,2025-12-11T11:49:00Z,18.35,m_396,cash_advance,45.1236,-89.7951
T000033884,488200000133,2025-12-11T11:51:00Z,12.29,m_436,electronics,46.7627,-88.5913
T000033885,485100000229,2025-12-11T11:54:00Z,21.3,m_194,grocery,30.1975,-97.1385
T000033886,485500000183,2025-12-11T11:58:00Z,20.11,m_689,grocery,34.5102,-73.2954
T000033887,473500000012,2025-12-11T12:00:00Z,7.94,m_043,entertainment,45.061,-121.844
T000033888,452600000257,2025-12-11T12:00:00Z,8.61,m_041,travel,28.4912,-106.2319
T000033889,485300000175,2025-12-11T12:01:00Z,8.83,m_326,entertainment,36.5755,-93.1795
T000033890,446100000021,2025-12-11T12:16:00Z,15.77,m_660,entertainment,46.3576,-84.4335
T000033891,444500000160,2025-12-11T12:16:00Z,18.75,m_260,fuel,29.391,-81.8896
T000033892,420400000060,2025-12-11T12:18:00Z,34.36,m_558,restaurant,32.523,-71.9883
T000033895,425400000252,2025-12-11T12:21:00Z,9.08,m_031,clothing,25.398,-123.2186
T000033896,430300000145,2025-12-11T12:22:00Z,13.35,m_205,online,25.7432,-102.8309
T000033897,421500000098,2025-12-11T12:23:00Z,10.25,m_721,grocery,32.2283,-122.1179
T000033899,415300000108,2025-12-11T12:27:00Z,16.85,m_544,entertainment,42.1795,-111.1698
T000033902,485700000008,2025-12-11T12:31:00Z,56.33,m_496,fuel,38.6943,-97.8423
T000033903,429100000136,2025-12-11T12:33:00Z,59.32,m_681,online,48.0928,-79.1013
T000033904,471700000259,2025-12-11T12:35:00Z,40.75,m_288,electronics,26.6948,-117.5396
T000033905,452500000236,2025-12-11T12:35:00Z,4.21,m_287,entertainment,25.4005,-116.029
T000033906,425600000170,2025-12-11T12:40:00Z,17.21,m_735,fuel,27.2701,-83.2852
T000033907,413700000240,2025-12-11T12:41:00Z,24.56,m_396,health,29.9104,-118.1113
T000033908,400900000156,2025-12-11T12:44:00Z,35.26,m_708,health,43.8105,-106.5605
T000033909,475100000009,2025-12-11T12:44:00Z,26.21,m_790,health,32.9057,-78.332
T000033910,454600000047,2025-12-11T12:46:00Z,13.52,m_439,online,43.3924,-97.0834
T000033911,404300000189,2025-12-11T12:55:00Z,14.99,m_631,travel,26.6381,-117.3349
T000033912,488800000117,2025-12-11T12:55:00Z,33.37,m_194,grocery,35.4318,-105.0487
T000033913,423900000113,2025-12-11T13:07:00Z,57.79,m_683,cash_advance,31.1508,-90.737
T000033914,482000000288,2025-12-11T13:11:00Z,62.38,m_523,travel,36.6533,-107.0067
T000033915,452600000257,2025-12-11T13:16:00Z,16.5,m_072,travel,28.9828,-106.05
T000033916,403700000193,2025-12-11T13:19:00Z,30.86,m_264,electronics,32.1344,-103.465
T000033917,486600000046,2025-12-11T13:19:00Z,20.06,m_553,electronics,41.0987,-96.2251
T000033918,458800000284,2025-12-11T13:26:00Z,27.75,m_686,clothing,38.4441,-95.53
T000033919,405200000054,2025-12-11T13:27:00Z,57.25,m_692,online,31.2053,-88.3462
T000033920,403700000193,2025-12-11T13:28:00Z,43.27,m_230,entertainment,32.4002,-103.9024
T000033922,481700000044,2025-12-11T13:34:00Z,6.33,m_355,clothing,42.348,-88.0022
T000033923,425400000252,2025-12-11T13:38:00Z,9.25,m_781,restaurant,25.1929,-122.5243
T000033924,430000000162,2025-12-11T13:38:00Z,9.09,m_747,restaurant,45.3268,-90.8755
T000033925,491700000032,2025-12-11T13:39:00Z,29.79,m_285,cash_advance,34.0748,-116.1427
T000033926,413700000266,2025-12-11T13:49:00Z,23.33,m_244,grocery,30.1801,-116.4771
T000033927,462500000168,2025-12-11T13:58:00Z,4.28,m_336,health,30.5633,-72.1486
T000033928,489200000253,2025-12-11T14:01:00Z,55.37,m_391,electronics,36.6751,-89.0505
T000033929,404300000189,2025-12-11T14:02:00Z,75.71,m_370,travel,26.0911,-116.8512
T000033930,483600000122,2025-12-11T14:08:00Z,25.74,m_658,fuel,29.6855,-88.9137
T000033931,402500000268,2025-12-11T14:18:00Z,12.69,m_190,entertainment,44.028,-117.1032
T000033932,460200000201,2025-12-11T14:19:00Z,31.5,m_617,health,44.6654,-77.8527
T000033933,478200000065,2025-12-11T14:19:00Z,46.88,m_663,entertainment,33.9848,-88.9659
T000033935,454600000047,2025-12-11T14:28:00Z,34.02,m_174,online,42.2894,-96.9623
T000033937,446600000289,2025-12-11T14:30:00Z,16.45,m_521,health,38.1086,-71.8698
T000033938,454600000047,2025-12-11T14:31:00Z,9.44,m_452,restaurant,42.5247,-96.4922
T000033939,455700000103,2025-12-11T14:32:00Z,24.44,m_638,restaurant,25.204,-90.2355
T000033940,425100000126,2025-12-11T14:42:00Z,33.93,m_554,fuel,46.3333,-108.4676
T000033941,493800000213,2025-12-11T14:45:00Z,81.83,m_132,electronics,35.3655,-74.3016
T000033942,499000000220,2025-12-11T14:46:00Z,228.19,m_595,online,29.9984,-108.0277
T000033943,485300000175,2025-12-11T14:46:00Z,10.14,m_208,electronics,37.1604,-93.1842
T000033945,478700000011,2025-12-11T14:59:00Z,83.59,m_683,travel,45.0596,-93.6204
T000033946,475100000009,2025-12-11T15:01:00Z,14.0,m_645,cash_advance,33.2052,-78.1216
T000033947,499500000281,2025-12-11T15:03:00Z,8.04,m_534,cash_advance,48.2118,-74.7408
T000033949,423300000143,2025-12-11T15:05:00Z,32.14,m_740,travel,42.2799,-108.4216
T000033951,460200000201,2025-12-11T15:07:00Z,65.07,m_295,restaurant,45.6443,-78.7926
T000033953,409000000198,2025-12-11T15:11:00Z,11.81,m_539,electronics,47.4376,-80.8941
T000033954,403300000018,2025-12-11T15:18:00Z,45.09,m_256,travel,30.2143,-79.5653
T000033955,494800000246,2025-12-11T15:18:00Z,28.63,m_788,cash_advance,42.2805,-106.1313
T000033956,443300000192,2025-12-11T15:20:00Z,108.19,m_139,health,32.2011,-119.2772
T000033957,473700000249,2025-12-11T15:23:00Z,41.79,m_322,health,36.5005,-83.7982
T000033958,408800000280,2025-12-11T15:34:00Z,56.97,m_119,entertainment,46.1926,-114.0815
T000033959,459100000090,2025-12-11T15:36:00Z,28.49,m_402,restaurant,41.0936,-82.3884
T000033960,420900000275,2025-12-11T15:38:00Z,80.7,m_261,online,29.6946,-72.7306
T000033962,457400000208,2025-12-11T15:47:00Z,40.71,m_535,entertainment,47.0343,-108.7328
T000033963,406800000116,2025-12-11T15:48:00Z,36.2,m_259,online,45.1992,-86.5295
T000033965,452600000257,2025-12-11T15:52:00Z,27.31,m_007,travel,28.4194,-104.6242
T000033966,431800000140,2025-12-11T15:53:00Z,12.69,m_651,cash_advance,47.182,-97.3091
T000033967,491600000072,2025-12-11T15:59:00Z,21.36,m_360,restaurant,34.9021,-113.5252
T000033968,423300000143,2025-12-11T16:02:00Z,44.46,m_778,grocery,41.9162,-108.3177
T000033969,494800000019,2025-12-11T16:11:00Z,38.33,m_560,fuel,24.685,-103.2208
T000033970,425100000250,2025-12-11T16:23:00Z,6.62,m_284,electronics,32.6853,-99.1676
T000033971,409000000198,2025-12-11T16:25:00Z,16.75,m_012,travel,47.4255,-81.6008
T000033972,420400000060,2025-12-11T16:27:00Z,21.34,m_363,clothing,32.3965,-71.8539
T000033973,443300000192,2025-12-11T16:28:00Z,23.39,m_476,electronics,31.574,-119.4668
T000033974,452500000236,2025-12-11T16:28:00Z,24.88,m_690,entertainment,25.7681,-115.4931
T000033976,452800000233,2025-12-11T16:31:00Z,25.34,m_658,restaurant,34.9731,-72.7007
T000033977,425400000252,2025-12-11T16:35:00Z,12.35,m_779,health,25.067,-122.6009
T000033978,472500000070,2025-12-11T16:35:00Z,12.58,m_493,travel,38.2549,-100.5972
T000033980,403300000018,2025-12-11T16:37:00Z,87.06,m_477,health,30.4463,-79.0252
T000033981,423800000109,2025-12-11T16:40:00Z,11.77,m_119,restaurant,37.5889,-97.936
T000033982,478500000258,2025-12-11T16:40:00Z,39.88,m_674,online,46.8393,-84.5142
T000033983,422200000028,2025-12-11T16:51:00Z,142.6,m_443,cash_advance,28.6635,-121.7344
T000033985,484400000030,2025-12-11T16:58:00Z,18.66,m_414,health,29.6664,-73.1132
T000033986,406800000116,2025-12-11T17:02:00Z,45.24,m_692,restaurant,44.9026,-85.9852
T000033988,419200000035,2025-12-11T17:06:00Z,22.0,m_741,electronics,30.0262,-91.8336
T000033990,426900000083,2025-12-11T17:09:00Z,19.59,m_703,entertainment,47.6007,-82.3686
T000033991,413300000061,2025-12-11T17:18:00Z,8.75,m_743,online,34.6256,-80.8944
T000033992,430300000145,2025-12-11T17:21:00Z,10.88,m_369,online,26.1434,-102.5329
T000033993,415300000169,2025-12-11T17:22:00Z,42.19,m_588,restaurant,36.095,-117.5965
T000033995,484400000030,2025-12-11T17:26:00Z,29.46,m_747,entertainment,29.4765,-73.6527
T000033997,421500000087,2025-12-11T17:29:00Z,37.91,m_687,electronics,47.1806,-100.1008
T000033998,419200000035,2025-12-11T17:31:00Z,141.18,m_027,online,29.3666,-81.3913
T000033999,466900000159,2025-12-11T17:35:00Z,6.0,m_459,online,43.4132,-99.6081
T000034000,427500000040,2025-12-11T17:38:00Z,47.87,m_388,restaurant,26.1332,-86.2682
T000034002,454900000187,2025-12-11T17:42:00Z,7.69,m_792,clothing,41.4906,-111.2366
T000034003,446600000289,2025-12-11T17:46:00Z,26.62,m_185,health,38.3238,-72.9531
T000034004,468200000221,2025-12-11T17:47:00Z,13.0,m_788,electronics,39.8281,-71.908
T000034005,419200000035,2025-12-11T17:48:00Z,122.22,m_310,electronics,30.1938,-91.7936
T000034006,478800000067,2025-12-11T17:50:00Z,13.74,m_575,cash_advance,46.9867,-74.1947
T000034007,492900000273,2025-12-11T17:59:00Z,22.43,m_344,entertainment,31.7254,-118.8918
T000034010,478700000011,2025-12-11T18:10:00Z,93.34,m_029,health,46.0093,-93.3291
T000034011,495400000142,2025-12-11T18:10:00Z,5.86,m_466,restaurant,40.1875,-117.0014
T000034012,442200000287,2025-12-11T18:10:00Z,14.51,m_114,online,32.7358,-120.4887
T000034014,408300000014,2025-12-11T18:13:00Z,13.13,m_063,grocery,40.1474,-89.1825
T000034015,482600000050,2025-12-11T18:16:00Z,15.53,m_233,health,38.2132,-76.5558
T000034016,483600000122,2025-12-11T18:18:00Z,14.5,m_353,clothing,29.4956,-89.6087
T000034018,474000000094,2025-12-11T18:26:00Z,8.66,m_137,entertainment,47.1572,-116.4121
T000034019,448700000123,2025-12-11T18:26:00Z,181.61,m_371,cash_advance,40.9614,-98.2328
T000034026,471700000259,2025-12-11T18:55:00Z,50.67,m_080,online,27.3297,-118.5904
T000034028,441700000276,2025-12-11T19:00:00Z,39.01,m_119,health,41.1168,-104.3931
T000034029,419900000096,2025-12-11T19:00:00Z,58.58,m_067,entertainment,46.6172,-94.9496
T000034031,490700000167,2025-12-11T19:02:00Z,25.4,m_156,fuel,31.3118,-99.7559
T000034032,402500000268,2025-12-11T19:05:00Z,11.28,m_743,cash_advance,43.7457,-117.8333
T000034033,474300000084,2025-12-11T19:09:00Z,168.42,m_633,online,42.4436,-94.9196
T000034035,433100000271,2025-12-11T19:12:00Z,14.86,m_374,cash_advance,43.0327,-78.4926
T000034036,461900000132,2025-12-11T19:17:00Z,4.82,m_409,cash_advance,39.4256,-95.6891
T000034037,425300000079,2025-12-11T19:17:00Z,19.26,m_510,health,35.9539,-76.0714
T000034041,491600000072,2025-12-11T19:24:00Z,46.94,m_430,clothing,35.3031,-112.5896
T000034042,403900000062,2025-12-11T19:26:00Z,59.48,m_729,health,35.8413,-108.6212
T000034043,491000000038,2025-12-11T19:27:00Z,239.55,m_126,cash_advance,20.0672,-93.1113
T000034044,418900000158,2025-12-11T19:28:00Z,15.52,m_715,fuel,30.7454,-108.2121
T000034045,473500000012,2025-12-11T19:37:00Z,9.15,m_450,grocery,45.0138,-121.6959
T000034046,486500000234,2025-12-11T19:40:00Z,15.65,m_357,fuel,38.3435,-107.4751
T000034047,473500000012,2025-12-11T19:42:00Z,23.3,m_404,travel,45.4577,-121.7001
T000034049,494800000246,2025-12-11T19:51:00Z,17.64,m_736,fuel,42.3867,-107.3301
T000034050,403900000062,2025-12-11T19:52:00Z,28.17,m_147,cash_advance,37.1827,-108.0989
T000034051,433100000271,2025-12-11T19:54:00Z,21.47,m_345,electronics,42.9082,-79.0488
T000034054,491000000038,2025-12-11T20:01:00Z,31.89,m_782,entertainment,27.262,-92.4257
T000034055,452100000297,2025-12-11T20:04:00Z,58.85,m_780,grocery,25.5015,-84.3762
T000034057,443900000180,2025-12-11T20:06:00Z,9.01,m_372,electronics,45.3452,-76.2779
T000034058,444500000160,2025-12-11T20:08:00Z,11.63,m_626,online,28.4474,-81.8365
T000034059,472100000092,2025-12-11T20:09:00Z,4.6,m_619,grocery,42.1991,-79.6186
T000034060,497300000184,2025-12-11T20:10:00Z,66.16,m_252,clothing,35.1255,-89.7262
T000034061,434500000161,2025-12-11T20:10:00Z,11.27,m_612,online,36.0291,-88.4729
T000034062,429200000004,2025-12-11T20:11:00Z,36.27,m_324,grocery,26.1082,-95.3621
T000034064,408700000002,2025-12-11T20:17:00Z,68.46,m_054,fuel,37.9647,-95.0993
T000034065,432500000036,2025-12-11T20:20:00Z,30.01,m_558,cash_advance,39.8565,-119.8327
T000034066,442200000287,2025-12-11T20:20:00Z,8.31,m_031,electronics,32.9632,-120.5844
T000034067,446600000289,2025-12-11T20:21:00Z,32.29,m_333,grocery,38.0622,-72.1774
T000034069,443000000144,2025-12-11T20:25:00Z,26.86,m_699,cash_advance,30.6506,-77.9311
T000034070,412700000272,2025-12-11T20:26:00Z,36.71,m_158,cash_advance,35.2582,-107.9543
T000034071,467700000148,2025-12-11T20:27:00Z,13.25,m_042,grocery,33.9021,-72.2053
T000034072,467700000148,2025-12-11T20:29:00Z,11.29,m_472,restaurant,33.9568,-72.3896
T000034073,423800000109,2025-12-11T20:31:00Z,8.04,m_170,entertainment,36.9812,-97.961
T000034074,491000000038,2025-12-11T20:34:00Z,25.89,m_611,cash_advance,26.3737,-92.7631
T000034076,473800000088,2025-12-11T20:37:00Z,32.38,m_613,grocery,48.7721,-99.0616
T000034077,478200000065,2025-12-11T20:39:00Z,42.43,m_403,fuel,34.8782,-89.3785
T000034078,432400000114,2025-12-11T20:41:00Z,14.39,m_038,grocery,41.9513,-73.9603
T000034080,492300000241,2025-12-11T20:51:00Z,15.98,m_424,grocery,29.3063,-77.3451
T000034081,454400000155,2025-12-11T20:54:00Z,46.49,m_606,travel,33.0488,-92.9495
T000034082,435100000025,2025-12-11T20:56:00Z,9.29,m_713,health,33.796,-100.8213
T000034083,478700000011,2025-12-11T20:58:00Z,75.6,m_732,health,45.1298,-93.435
T000034084,494000000016,2025-12-11T21:01:00Z,30.25,m_607,electronics,39.5447,-112.9257
T000034085,420200000231,2025-12-11T21:43:00Z,20.6,m_791,restaurant,28.2724,-115.8575
T000034086,457400000208,2025-12-11T22:22:00Z,23.38,m_459,health,46.9553,-108.8552
T000034088,449400000093,2025-12-11T23:04:00Z,22.04,m_426,health,47.1255,-104.1518
T000034089,442200000037,2025-12-11T23:56:00Z,26.59,m_444,health,34.0425,-107.0073
T000034090,419500000045,2025-12-11T23:58:00Z,18.76,m_296,cash_advance,27.9181,-78.166
T000034092,490100000041,2025-12-12T00:12:00Z,15.57,m_742,cash_advance,35.8486,-90.761
T000034093,441700000121,2025-12-12T00:31:00Z,20.03,m_591,fuel,27.2263,-106.1556
T000034096,491300000082,2025-12-12T01:39:00Z,39.56,m_621,cash_advance,40.4864,-105.4381
T000034097,443900000180,2025-12-12T02:10:00Z,18.04,m_248,clothing,45.701,-76.1241
T000034098,425100000126,2025-12-12T02:27:00Z,22.13,m_240,cash_advance,45.035,-107.1175
T000034100,494800000228,2025-12-12T02:37:00Z,32.3,m_491,cash_advance,24.9853,-86.461
T000034102,491300000082,2025-12-12T02:48:00Z,18.06,m_745,online,40.5228,-106.0354
T000034103,497600000197,2025-12-12T03:03:00Z,161.19,m_720,travel,47.7616,-119.2829
T000034106,452100000297,2025-12-12T03:55:00Z,18.28,m_390,online,25.6033,-84.301
T000034109,498000000026,2025-12-12T04:03:00Z,72.28,m_781,grocery,26.3648,-90.689
T000034110,441700000121,2025-12-12T04:11:00Z,22.67,m_596,entertainment,26.6058,-106.1076
T000034111,400900000156,2025-12-12T04:20:00Z,44.64,m_414,fuel,43.4032,-106.8759
T000034113,456600000153,2025-12-12T04:56:00Z,346.28,m_187,cash_advance,47.9537,-114.0396
T000034114,473300000089,2025-12-12T04:56:00Z,9.72,m_772,clothing,38.2385,-74.0584
T000034115,400100000173,2025-12-12T04:58:00Z,14.66,m_305,entertainment,47.6298,-83.6782
T000034116,482300000206,2025-12-12T05:00:00Z,65.96,m_319,online,37.5556,-78.8035
T000034117,493900000290,2025-12-12T05:10:00Z,38.66,m_421,clothing,34.7947,-73.9076
T000034118,462600000282,2025-12-12T05:13:00Z,17.86,m_799,entertainment,45.1144,-88.3638
T000034120,481700000044,2025-12-12T05:37:00Z,22.2,m_760,electronics,42.0284,-88.8856
T000034122,416600000244,2025-12-12T06:35:00Z,43.36,m_706,electronics,37.4052,-73.773
T000034126,478700000237,2025-12-12T07:15:00Z,12.79,m_521,health,25.9537,-77.9624
T000034127,449400000093,2025-12-12T07:30:00Z,11.72,m_647,travel,46.5353,-103.7085
T000034130,467700000148,2025-12-12T08:00:00Z,28.12,m_524,fuel,34.3694,-73.0089
T000034131,480500000027,2025-12-12T08:01:00Z,13.1,m_002,restaurant,37.6121,-106.6623
T000034133,494000000016,2025-12-12T08:06:00Z,111.4,m_446,cash_advance,39.8885,-112.5288
T000034134,408700000002,2025-12-12T08:07:00Z,34.67,m_401,grocery,36.8614,-95.5372
T000034135,463700000291,2025-12-12T08:09:00Z,7.71,m_184,fuel,37.8358,-85.067
T000034136,453500000052,2025-12-12T08:15:00Z,28.28,m_083,grocery,43.0636,-122.5468
T000034137,472200000195,2025-12-12T08:17:00Z,15.41,m_578,health,34.1994,-80.215
T000034138,489200000253,2025-12-12T08:17:00Z,47.91,m_641,health,36.7893,-89.6472
T000034139,443300000192,2025-12-12T08:17:00Z,26.07,m_444,cash_advance,32.9455,-118.7728
T000034140,485300000175,2025-12-12T08:22:00Z,4.61,m_670,health,37.1383,-92.6436
T000034141,490100000041,2025-12-12T08:23:00Z,58.67,m_373,cash_advance,37.5947,-81.8398
T000034142,480500000222,2025-12-12T08:28:00Z,27.16,m_715,grocery,28.5337,-123.1776
T000034147,427000000130,2025-12-12T08:36:00Z,9.88,m_404,restaurant,40.5264,-100.793
T000034148,482000000288,2025-12-12T08:37:00Z,29.41,m_727,online,36.6941,-107.0522
T000034149,425100000126,2025-12-12T08:37:00Z,36.68,m_303,clothing,45.9834,-107.8751
T000034150,427500000040,2025-12-12T08:39:00Z,45.71,m_173,clothing,26.1094,-87.0014
T000034153,409000000198,2025-12-12T08:41:00Z,11.75,m_500,grocery,46.3809,-80.7781
T000034154,420300000182,2025-12-12T08:41:00Z,34.74,m_606,fuel,31.1171,-97.3468
T000034157,403700000193,2025-12-12T08:46:00Z,22.01,m_066,clothing,32.5775,-103.6752
T000034159,459900000181,2025-12-12T08:48:00Z,29.05,m_761,fuel,27.7234,-115.7936
T000034160,473700000249,2025-12-12T08:50:00Z,21.32,m_697,online,36.6696,-84.1878
T000034162,452500000236,2025-12-12T09:02:00Z,27.13,m_427,clothing,25.6569,-115.9992
T000034163,413700000232,2025-12-12T09:04:00Z,31.66,m_681,clothing,43.2182,-106.1161
T000034164,486500000234,2025-12-12T09:09:00Z,11.51,m_359,health,37.5944,-107.4033
T000034165,478200000065,2025-12-12T09:11:00Z,28.44,m_082,restaurant,34.5701,-89.8143
T000034166,459200000077,2025-12-12T09:13:00Z,33.7,m_402,electronics,34.7272,-106.0051
T000034167,460200000124,2025-12-12T09:20:00Z,28.52,m_747,restaurant,48.5691,-75.513
T000034168,425600000170,2025-12-12T09:21:00Z,40.43,m_631,health,26.6248,-83.1837
T000034170,482300000206,2025-12-12T09:32:00Z,33.64,m_422,grocery,37.3493,-79.0037
T000034171,486600000215,2025-12-12T09:34:00Z,49.83,m_745,grocery,31.4182,-102.3748
T000034172,446100000021,2025-12-12T09:36:00Z,25.76,m_382,fuel,45.9551,-84.0753
T000034173,480100000110,2025-12-12T09:46:00Z,7.66,m_626,restaurant,44.0682,-79.0189
T000034174,426900000083,2025-12-12T09:49:00Z,27.01,m_552,grocery,47.8554,-82.6085
T000034178,478200000065,2025-12-12T09:56:00Z,72.92,m_192,fuel,34.8636,-88.9677
T000034179,446100000021,2025-12-12T09:57:00Z,18.11,m_184,grocery,45.6716,-83.6531
T000034180,461500000245,2025-12-12T10:00:00Z,18.46,m_141,entertainment,36.8582,-120.4035
T000034181,425600000170,2025-12-12T10:05:00Z,20.41,m_051,health,27.4634,-83.611
T000034182,473700000249,2025-12-12T10:06:00Z,14.02,m_708,travel,36.5684,-83.0493
T000034183,498000000209,2025-12-12T10:07:00Z,16.64,m_531,online,42.8003,-89.554
T000034184,454400000155,2025-12-12T10:10:00Z,38.98,m_572,fuel,33.4926,-93.0593
T000034185,421700000058,2025-12-12T10:15:00Z,84.66,m_592,entertainment,43.9244,-82.7752
T000034186,443300000192,2025-12-12T10:19:00Z,52.64,m_058,grocery,32.2407,-118.9497
T000034188,457900000211,2025-12-12T10:24:00Z,16.94,m_193,clothing,31.3731,-105.666
T000034189,440000000190,2025-12-12T10:24:00Z,15.15,m_055,restaurant,40.1482,-78.1265
T000034190,413700000232,2025-12-12T10:25:00Z,42.79,m_095,online,42.7475,-106.4957
T000034192,418600000223,2025-12-12T10:40:00Z,30.06,m_276,clothing,49.0489,-79.0478
T000034194,472500000070,2025-12-12T10:49:00Z,19.51,m_529,fuel,38.1727,-101.4935
T000034195,490400000207,2025-12-12T10:52:00Z,15.74,m_071,clothing,39.2563,-121.2425
T000034196,481700000044,2025-12-12T10:59:00Z,23.76,m_283,entertainment,42.1676,-87.9288
T000034197,419500000045,2025-12-12T11:00:00Z,23.36,m_592,electronics,27.4369,-76.9713
T000034200,494800000228,2025-12-12T11:06:00Z,102.23,m_797,entertainment,26.0174,-87.0315
T000034201,489800000203,2025-12-12T11:07:00Z,16.92,m_712,clothing,42.8599,-103.7803
T000034203,414100000007,2025-12-12T11:10:00Z,13.9,m_137,electronics,35.5498,-113.8761
T000034205,492900000273,2025-12-12T11:18:00Z,30.52,m_048,travel,32.7906,-118.1749
T000034206,489200000253,2025-12-12T11:24:00Z,23.27,m_441,entertainment,37.3453,-89.0407
T000034208,448700000123,2025-12-12T11:28:00Z,61.45,m_010,travel,41.7122,-98.477
T000034209,472200000195,2025-12-12T11:30:00Z,53.4,m_044,clothing,34.6002,-80.3114
T000034211,413700000232,2025-12-12T11:32:00Z,19.96,m_162,health,43.4776,-106.6279
T000034213,478700000011,2025-12-12T11:34:00Z,111.46,m_467,cash_advance,45.3576,-93.2864
T000034214,455200000029,2025-12-12T11:35:00Z,28.4,m_689,grocery,44.5559,-73.9994
T000034215,421400000107,2025-12-12T11:42:00Z,41.67,m_767,restaurant,39.9401,-112.9336
T000034217,488200000133,2025-12-12T11:53:00Z,12.78,m_285,health,46.6831,-88.1473
T000034218,489100000057,2025-12-12T12:00:00Z,9.81,m_364,travel,46.3434,-73.5103
T000034219,427500000040,2025-12-12T12:07:00Z,18.2,m_526,grocery,25.6344,-87.0015
T000034220,400000000251,2025-12-12T12:07:00Z,22.62,m_255,health,38.2036,-97.5577
T000034221,425100000250,2025-12-12T12:08:00Z,8.22,m_293,cash_advance,32.7178,-97.6797
T000034223,493600000274,2025-12-12T12:19:00Z,36.94,m_743,restaurant,27.2617,-73.6721
T000034224,430000000162,2025-12-12T12:22:00Z,111.6,m_106,travel,45.3065,-71.4698
T000034225,425100000250,2025-12-12T12:31:00Z,10.51,m_607,clothing,33.4179,-98.3517
T000034226,478700000011,2025-12-12T12:32:00Z,30.35,m_084,online,46.063,-93.321
T000034227,481700000044,2025-12-12T12:35:00Z,7.88,m_632,restaurant,41.161,-88.4773
T000034228,461900000132,2025-12-12T12:37:00Z,7.86,m_599,restaurant,39.6621,-96.6784
T000034229,435100000025,2025-12-12T12:38:00Z,8.19,m_709,health,33.9058,-101.2797
T000034230,442200000037,2025-12-12T12:40:00Z,28.27,m_005,travel,34.2134,-107.0274
T000034231,491300000082,2025-12-12T12:44:00Z,27.11,m_338,travel,40.3284,-105.8443
T000034232,493900000290,2025-12-12T12:46:00Z,30.02,m_646,travel,34.4086,-74.342
T000034233,482000000288,2025-12-12T12:47:00Z,29.61,m_460,restaurant,36.8071,-107.1258
T000034236,427000000130,2025-12-12T12:49:00Z,10.64,m_155,clothing,41.2868,-100.0705
T000034238,431300000248,2025-12-12T12:53:00Z,22.11,m_108,travel,26.5245,-86.5412
T000034239,448700000123,2025-12-12T12:55:00Z,134.68,m_676,electronics,40.8694,-97.8954
T000034240,425600000170,2025-12-12T12:57:00Z,15.43,m_160,grocery,27.6335,-83.788
T000034241,481700000044,2025-12-12T13:05:00Z,15.63,m_553,entertainment,42.4521,-88.7449
T000034242,453500000052,2025-12-12T13:09:00Z,8.81,m_660,travel,43.5813,-123.3383
T000034244,444500000160,2025-12-12T13:15:00Z,8.39,m_047,health,28.6783,-81.6663
T000034245,460200000124,2025-12-12T13:17:00Z,34.18,m_408,restaurant,48.5424,-74.5271
T000034246,448700000123,2025-12-12T13:22:00Z,53.39,m_324,electronics,41.426,-97.8637
T000034248,427000000130,2025-12-12T13:23:00Z,10.24,m_788,cash_advance,40.5852,-100.856
T000034249,413800000254,2025-12-12T13:27:00Z,16.33,m_512,entertainment,40.154,-83.6089
T000034250,468200000221,2025-12-12T13:29:00Z,14.33,m_116,travel,40.7457,-72.6058
T000034252,485300000175,2025-12-12T13:30:00Z,10.61,m_431,travel,37.5003,-92.8141
T000034253,448600000179,2025-12-12T13:31:00Z,14.81,m_129,online,30.4422,-109.2873
T000034254,420200000231,2025-12-12T13:33:00Z,17.31,m_758,restaurant,28.0235,-115.377
T000034256,413700000266,2025-12-12T13:47:00Z,33.42,m_484,clothing,30.4504,-116.0813
T000034258,400000000251,2025-12-12T13:49:00Z,5.49,m_326,health,37.9416,-98.0778
T000034259,493900000199,2025-12-12T13:55:00Z,6.62,m_300,fuel,41.6056,-90.9373
T000034260,471700000259,2025-12-12T13:58:00Z,28.57,m_676,health,26.8834,-117.862
T000034261,491300000082,2025-12-12T14:03:00Z,33.92,m_060,entertainment,40.8823,-105.543
T000034262,400000000251,2025-12-12T14:04:00Z,13.13,m_196,restaurant,38.3775,-97.0785
T000034263,421400000107,2025-12-12T14:06:00Z,17.34,m_364,health,40.0976,-112.6158
T000034265,461500000245,2025-12-12T14:12:00Z,35.24,m_172,health,37.3766,-120.3002
T000034266,411600000017,2025-12-12T14:17:00Z,23.03,m_014,travel,38.6123,-86.3755
T000034267,443900000180,2025-12-12T14:17:00Z,27.87,m_055,electronics,45.6887,-76.1215
T000034268,489800000203,2025-12-12T14:17:00Z,23.57,m_635,grocery,42.2611,-102.2839
T000034271,460200000124,2025-12-12T14:27:00Z,31.77,m_119,grocery,48.2416,-74.5374
T000034273,489100000057,2025-12-12T14:33:00Z,8.44,m_782,grocery,46.1716,-74.3524
T000034274,460200000124,2025-12-12T14:36:00Z,23.01,m_113,fuel,48.5832,-75.0334
T000034275,461900000132,2025-12-12T14:36:00Z,19.97,m_155,fuel,39.7656,-96.5192
T000034276,488600000295,2025-12-12T14:42:00Z,9.19,m_388,clothing,43.3836,-99.6161
T000034278,479800000106,2025-12-12T14:52:00Z,8.53,m_605,grocery,28.0623,-72.58
T000034279,421700000058,2025-12-12T14:53:00Z,71.48,m_717,online,43.3131,-82.8913
T000034281,461900000132,2025-12-12T14:59:00Z,11.35,m_687,travel,39.3189,-96.7377
T000034282,493300000296,2025-12-12T15:00:00Z,17.74,m_289,electronics,47.9209,-106.6667
T000034284,481700000044,2025-12-12T15:03:00Z,20.39,m_122,health,42.7321,-88.3856
T000034285,419500000045,2025-12-12T15:10:00Z,36.53,m_453,electronics,27.7608,-77.845
T000034286,429100000136,2025-12-12T15:18:00Z,34.4,m_610,restaurant,48.2154,-78.4547
T000034287,478800000067,2025-12-12T15:21:00Z,7.9,m_209,restaurant,47.6389,-73.3285
T000034288,482000000288,2025-12-12T15:23:00Z,21.46,m_214,electronics,36.5113,-107.1028
T000034289,444500000160,2025-12-12T15:31:00Z,9.89,m_123,travel,28.3927,-81.781
T000034290,412900000224,2025-12-12T15:32:00Z,12.3,m_159,restaurant,28.9366,-119.8922
T000034291,491300000082,2025-12-12T15:35:00Z,25.3,m_765,restaurant,40.7807,-105.2828
T000034292,449400000063,2025-12-12T15:39:00Z,59.14,m_622,clothing,41.3802,-74.1135
T000034293,400900000156,2025-12-12T15:39:00Z,9.85,m_107,travel,43.2844,-105.5654
T000034294,473300000089,2025-12-12T15:39:00Z,11.29,m_567,online,39.1313,-74.6453
T000034296,462600000282,2025-12-12T15:48:00Z,12.89,m_396,electronics,45.3645,-89.3528
T000034298,421500000087,2025-12-12T15:49:00Z,28.07,m_097,health,46.4223,-100.4847
T000034299,482600000050,2025-12-12T15:53:00Z,10.67,m_652,health,37.9039,-77.5509
T000034300,446100000021,2025-12-12T16:04:00Z,31.5,m_333,health,45.9532,-84.2462
T000034301,463300000003,2025-12-12T16:11:00Z,12.35,m_487,fuel,28.4924,-71.1846
T000034302,448700000123,2025-12-12T16:18:00Z,31.27,m_722,health,41.2271,-98.1615
T000034303,483600000122,2025-12-12T16:19:00Z,12.82,m_054,grocery,29.114,-89.4083
T000034304,471700000259,2025-12-12T16:26:00Z,98.9,m_055,travel,26.5334,-117.826
T000034305,415300000108,2025-12-12T16:27:00Z,11.27,m_564,cash_advance,42.95,-111.7624
T000034306,432500000036,2025-12-12T16:28:00Z,20.47,m_368,cash_advance,39.6005,-119.4219
T000034307,456300000265,2025-12-12T16:29:00Z,67.67,m_072,clothing,34.6405,-122.6624
T000034308,405200000054,2025-12-12T16:32:00Z,13.78,m_053,travel,31.1729,-88.7197
T000034309,492900000216,2025-12-12T16:34:00Z,12.71,m_316,travel,35.1553,-71.2186
T000034310,482300000206,2025-12-12T16:38:00Z,28.81,m_392,grocery,37.5146,-79.7077
T000034311,498000000209,2025-12-12T16:39:00Z,11.18,m_129,online,43.4749,-89.2667
T000034313,403900000062,2025-12-12T16:43:00Z,20.63,m_322,electronics,36.1132,-109.3463
T000034315,494000000016,2025-12-12T16:51:00Z,57.6,m_247,health,39.2025,-112.4696
T000034316,430000000162,2025-12-12T16:55:00Z,5.2,m_400,grocery,45.5577,-90.9317
T000034318,474000000094,2025-12-12T17:02:00Z,9.8,m_705,entertainment,48.5273,-115.8383
T000034320,494800000246,2025-12-12T17:04:00Z,34.12,m_093,electronics,42.7636,-107.464
T000034321,411600000017,2025-12-12T17:04:00Z,57.57,m_673,health,37.9479,-87.5271
T000034322,491000000038,2025-12-12T17:06:00Z,33.78,m_646,grocery,26.5327,-92.6355
T000034323,455700000103,2025-12-12T17:08:00Z,10.8,m_340,cash_advance,25.7006,-89.6506
T000034324,493800000213,2025-12-12T17:13:00Z,27.0,m_172,grocery,35.4768,-73.8111
T000034327,418900000158,2025-12-12T17:19:00Z,10.12,m_624,cash_advance,30.2363,-107.9571
T000034328,431300000248,2025-12-12T17:30:00Z,24.68,m_077,electronics,27.4918,-86.1393
T000034329,458800000284,2025-12-12T17:34:00Z,24.99,m_623,fuel,38.8841,-96.1523
T000034330,421700000058,2025-12-12T17:39:00Z,65.93,m_284,fuel,43.8213,-83.3662
T000034331,431800000140,2025-12-12T17:39:00Z,74.7,m_738,entertainment,47.5616,-97.0555
T000034332,480500000027,2025-12-12T17:42:00Z,14.41,m_260,clothing,37.1385,-106.2711
T000034333,420900000275,2025-12-12T17:44:00Z,66.27,m_701,online,29.5465,-73.7185
T000034334,430000000162,2025-12-12T17:46:00Z,10.18,m_665,electronics,45.9651,-91.0582
T000034335,461500000245,2025-12-12T17:53:00Z,43.55,m_730,electronics,37.676,-120.3679
T000034336,478200000065,2025-12-12T17:53:00Z,41.49,m_134,entertainment,34.6806,-89.2698
T000034337,429200000138,2025-12-12T17:54:00Z,10.03,m_102,grocery,40.3891,-86.4987
T000034339,485500000183,2025-12-12T17:57:00Z,12.5,m_763,entertainment,34.0234,-72.9574
T000034340,413800000254,2025-12-12T17:59:00Z,42.22,m_083,electronics,40.4125,-82.4008
T000034341,498300000111,2025-12-12T18:02:00Z,7.49,m_183,cash_advance,26.1677,-117.7562
T000034342,497300000184,2025-12-12T18:04:00Z,22.92,m_281,clothing,35.1992,-89.6001
T000034343,486500000234,2025-12-12T18:05:00Z,32.81,m_218,electronics,37.8669,-106.8584
T000034347,473500000012,2025-12-12T18:15:00Z,5.44,m_297,online,44.971,-121.5999
T000034349,478800000067,2025-12-12T18:16:00Z,9.21,m_753,restaurant,47.4087,-73.6484
T000034350,446100000021,2025-12-12T18:16:00Z,47.13,m_703,clothing,45.8344,-84.1052
T000034348,459100000090,2025-12-12T18:16:00Z,55.23,m_132,online,40.716,-82.5191
T000034352,494800000228,2025-12-12T18:20:00Z,31.26,m_244,fuel,25.3286,-86.3742
T000034354,446100000021,2025-12-12T18:22:00Z,7.74,m_622,grocery,45.9173,-83.8044
T000034355,432400000114,2025-12-12T18:22:00Z,15.96,m_500,entertainment,42.1753,-73.5586
T000034357,404300000189,2025-12-12T18:24:00Z,61.15,m_202,travel,27.1284,-117.3424
T000034358,477200000076,2025-12-12T18:26:00Z,86.77,m_176,clothing,43.3007,-77.5758
T000034360,455200000174,2025-12-12T18:37:00Z,56.36,m_133,online,43.2581,-108.4517
T000034361,462600000282,2025-12-12T18:38:00Z,8.98,m_099,travel,45.6729,-88.3727
T000034364,423900000113,2025-12-12T18:56:00Z,9.61,m_388,entertainment,31.1527,-90.3338
T000034366,461500000245,2025-12-12T18:58:00Z,36.91,m_487,grocery,37.5392,-120.2512
T000034367,457400000208,2025-12-12T19:04:00Z,29.21,m_159,entertainment,47.127,-108.058
T000034368,420300000182,2025-12-12T19:05:00Z,38.14,m_040,grocery,30.9159,-96.761
T000034369,440800000163,2025-12-12T19:06:00Z,8.8,m_534,electronics,28.437,-117.8181
T000034370,412700000272,2025-12-12T19:22:00Z,43.04,m_774,fuel,36.0627,-107.868
T000034371,488800000117,2025-12-12T19:25:00Z,14.47,m_154,grocery,36.5344,-105.2599
T000034372,440800000163,2025-12-12T19:26:00Z,5.92,m_653,electronics,27.6068,-117.9887
T000034374,414100000007,2025-12-12T19:35:00Z,21.56,m_192,fuel,35.4518,-113.9197
T000034375,420300000182,2025-12-12T19:37:00Z,74.65,m_625,online,30.4019,-97.353
T000034377,401300000033,2025-12-12T19:42:00Z,37.32,m_014,entertainment,38.4882,-114.654
T000034378,492300000241,2025-12-12T19:43:00Z,20.99,m_265,grocery,29.1312,-77.3151
T000034381,420900000275,2025-12-12T19:48:00Z,62.23,m_093,cash_advance,29.3486,-73.0698
T000034382,427700000051,2025-12-12T19:51:00Z,7.64,m_353,entertainment,29.7545,-92.5949
T000034386,423800000109,2025-12-12T19:59:00Z,6.37,m_603,electronics,37.9447,-98.9607
T000034387,413300000230,2025-12-12T20:00:00Z,14.89,m_732,restaurant,41.7093,-71.7934
T000034388,459200000077,2025-12-12T20:02:00Z,40.68,m_003,clothing,35.0075,-106.504
T000034390,449400000063,2025-12-12T20:16:00Z,64.41,m_422,cash_advance,41.249,-74.6754
T000034391,487500000214,2025-12-12T20:31:00Z,24.38,m_612,clothing,47.4455,-95.0865
T000034392,483600000122,2025-12-12T20:32:00Z,11.46,m_532,online,29.6268,-89.223
T000034393,497300000184,2025-12-12T20:33:00Z,15.22,m_754,restaurant,35.1511,-89.7919
T000034394,455200000174,2025-12-12T20:34:00Z,36.9,m_333,travel,42.9391,-108.201
T000034395,466900000159,2025-12-12T20:44:00Z,9.76,m_591,electronics,43.2587,-99.5536
T000034396,472500000070,2025-12-12T20:48:00Z,6.05,m_531,clothing,38.2017,-100.4878
T000034398,454900000187,2025-12-12T20:51:00Z,9.31,m_159,fuel,40.9182,-111.1649
T000034399,429100000136,2025-12-12T20:52:00Z,14.81,m_320,restaurant,48.0057,-78.9752
T000034400,455200000029,2025-12-12T20:56:00Z,26.78,m_782,electronics,45.045,-75.1214
T000034403,413700000266,2025-12-12T21:13:00Z,29.52,m_523,grocery,30.179,-117.3688
T000034404,483600000069,2025-12-12T21:26:00Z,84.38,m_123,clothing,28.3195,-111.9387
T000034407,471100000081,2025-12-12T22:04:00Z,6.22,m_701,grocery,39.4847,-113.1054
T000034408,411600000017,2025-12-12T22:07:00Z,87.41,m_109,clothing,37.4532,-87.0922
T000034409,489200000253,2025-12-12T22:50:00Z,46.91,m_681,cash_advance,37.4583,-89.1099
T000034410,401300000033,2025-12-12T22:54:00Z,50.52,m_031,restaurant,38.0595,-113.6207
T000034411,461500000245,2025-12-12T23:33:00Z,24.22,m_238,clothing,37.4807,-120.4608
T000034413,487500000214,2025-12-12T23:37:00Z,24.08,m_047,electronics,46.1897,-95.5402
T000034414,400900000156,2025-12-12T23:43:00Z,7.39,m_002,fuel,43.4375,-106.0878
T000034415,491600000072,2025-12-12T23:43:00Z,17.55,m_447,electronics,34.4704,-113.6794
T000034416,472100000092,2025-12-13T00:08:00Z,4.27,m_526,fuel,41.5847,-80.8388
T000034417,430300000145,2025-12-13T00:09:00Z,8.17,m_059,grocery,26.6802,-103.0114
T000034418,455200000174,2025-12-13T00:18:00Z,43.43,m_176,online,43.2456,-108.6425
T000034419,413700000266,2025-12-13T00:22:00Z,9.85,m_614,entertainment,29.5663,-115.9972
T000034420,421500000098,2025-12-13T00:31:00Z,8.28,m_626,clothing,32.6064,-122.037
T000034421,463300000003,2025-12-13T00:51:00Z,7.33,m_096,online,28.3936,-71.2601
T000034422,432000000185,2025-12-13T00:54:00Z,50.59,m_572,travel,38.9222,-83.1741
T000034424,454400000155,2025-12-13T01:12:00Z,53.39,m_300,electronics,33.7595,-92.7587
T000034425,413700000266,2025-12-13T01:20:00Z,23.31,m_159,health,30.4029,-116.577
T000034426,413700000240,2025-12-13T01:22:00Z,371.09,m_016,electronics,34.0538,-116.2133
T000034428,490400000207,2025-12-13T02:03:00Z,7.71,m_799,online,37.7626,-120.8098
T000034429,412700000272,2025-12-13T03:01:00Z,45.34,m_109,fuel,35.51,-107.8456
T000034432,443300000192,2025-12-13T03:23:00Z,158.81,m_545,entertainment,31.8578,-119.2872
T000034434,484400000030,2025-12-13T03:40:00Z,26.19,m_358,cash_advance,29.7545,-74.5084
T000034435,416600000244,2025-12-13T04:05:00Z,34.66,m_113,restaurant,38.0759,-73.3066
T000034437,471100000298,2025-12-13T04:28:00Z,55.28,m_508,travel,54.2709,-88.2358
T000034438,429200000004,2025-12-13T04:36:00Z,130.76,m_628,health,27.1827,-95.8202
T000034443,425100000126,2025-12-13T06:30:00Z,46.72,m_228,fuel,46.2221,-107.9612
T000034444,479800000106,2025-12-13T06:32:00Z,41.35,m_718,clothing,28.0378,-72.4066
T000034445,435100000025,2025-12-13T06:33:00Z,14.69,m_722,electronics,33.3639,-100.7705
T000034446,453000000151,2025-12-13T06:40:00Z,5.58,m_752,health,38.2023,-104.0134
T000034447,483600000122,2025-12-13T06:40:00Z,17.6,m_326,electronics,28.474,-89.1469
T000034451,413800000254,2025-12-13T07:00:00Z,12.44,m_068,grocery,40.3682,-83.2107
T000034452,463300000003,2025-12-13T07:15:00Z,6.85,m_335,online,28.2787,-71.4057
T000034453,462500000168,2025-12-13T07:15:00Z,4.3,m_623,clothing,30.575,-71.9811
T000034454,442200000287,2025-12-13T07:29:00Z,22.7,m_462,health,32.048,-120.7869
T000034455,419200000035,2025-12-13T07:51:00Z,36.42,m_483,online,30.0789,-91.9655
T000034456,419900000096,2025-12-13T07:59:00Z,36.07,m_190,health,45.5378,-95.4055
T000034457,490400000207,2025-12-13T08:00:00Z,6.7,m_486,clothing,38.6954,-121.3066
T000034458,452600000257,2025-12-13T08:03:00Z,38.91,m_651,cash_advance,29.0078,-106.0118
T000034459,485300000175,2025-12-13T08:04:00Z,19.72,m_625,grocery,36.9697,-93.1321
T000034460,467700000148,2025-12-13T08:10:00Z,19.95,m_183,cash_advance,34.0155,-73.3484
T000034462,470900000176,2025-12-13T08:23:00Z,8.0,m_580,entertainment,45.9399,-80.306
T000034463,418600000223,2025-12-13T08:24:00Z,10.58,m_303,cash_advance,49.1016,-78.3608
T000034464,491600000072,2025-12-13T08:24:00Z,13.19,m_419,health,34.4173,-113.4059
T000034465,420400000060,2025-12-13T08:25:00Z,23.38,m_394,restaurant,31.8625,-72.2927
T000034466,436500000043,2025-12-13T08:29:00Z,37.73,m_140,fuel,34.8964,-109.4391
T000034467,402500000268,2025-12-13T08:30:00Z,6.42,m_548,cash_advance,43.7179,-117.9571
T000034468,412700000272,2025-12-13T08:30:00Z,68.96,m_241,electronics,34.7242,-107.6402
T000034469,448600000179,2025-12-13T08:36:00Z,15.11,m_332,cash_advance,30.2164,-109.2724
T000034470,486600000046,2025-12-13T08:36:00Z,21.85,m_583,cash_advance,40.378,-96.2934
T000034471,426900000083,2025-12-13T08:37:00Z,13.18,m_581,online,47.8119,-83.0199
T000034472,443000000144,2025-12-13T08:37:00Z,53.71,m_002,grocery,30.7013,-79.2023
T000034473,433100000271,2025-12-13T08:38:00Z,39.5,m_208,entertainment,42.0383,-78.9705
T000034474,411600000017,2025-12-13T08:46:00Z,28.46,m_275,fuel,38.1381,-86.8845
T000034475,478200000065,2025-12-13T08:52:00Z,42.69,m_494,online,34.002,-89.2556
T000034477,497000000034,2025-12-13T08:57:00Z,11.73,m_334,cash_advance,36.8807,-122.4645
T000034478,449300000066,2025-12-13T08:59:00Z,10.12,m_026,fuel,34.3414,-92.1286
T000034479,466900000159,2025-12-13T09:05:00Z,16.59,m_405,health,44.2504,-99.1552
T000034480,494800000246,2025-12-13T09:11:00Z,35.36,m_463,travel,41.973,-106.7474
T000034483,426800000149,2025-12-13T09:19:00Z,57.68,m_388,cash_advance,30.0144,-118.156
T000034484,429200000004,2025-12-13T09:27:00Z,47.41,m_512,health,25.8526,-95.6836
T000034485,402500000268,2025-12-13T09:32:00Z,7.4,m_305,entertainment,43.8984,-117.7847
T000034486,435100000025,2025-12-13T09:34:00Z,10.75,m_595,online,34.0921,-101.5731
T000034487,497300000184,2025-12-13T09:38:00Z,36.63,m_722,entertainment,34.9473,-89.7895
T000034488,420900000275,2025-12-13T09:45:00Z,88.32,m_236,clothing,30.0778,-73.3907
T000034491,493900000199,2025-12-13T09:49:00Z,12.12,m_338,fuel,40.4385,-90.7197
T000034492,492800000125,2025-12-13T09:50:00Z,22.26,m_255,electronics,45.078,-88.9728
T000034495,455200000174,2025-12-13T09:57:00Z,35.83,m_292,online,42.8053,-107.7024
T000034496,473700000249,2025-12-13T09:58:00Z,26.43,m_112,health,36.3772,-83.924
T000034497,408700000002,2025-12-13T09:59:00Z,27.43,m_055,travel,37.9457,-94.9826
T000034498,478800000015,2025-12-13T10:01:00Z,27.15,m_155,travel,29.8523,-113.3872
T000034499,426900000083,2025-12-13T10:03:00Z,74.91,m_721,cash_advance,47.732,-82.5111
T000034500,480500000222,2025-12-13T10:03:00Z,60.37,m_392,travel,29.0491,-123.1733
T000034501,425600000170,2025-12-13T10:06:00Z,12.36,m_640,health,27.0743,-83.7755
T000034502,454600000047,2025-12-13T10:07:00Z,10.24,m_148,electronics,42.5074,-97.0291
T000034503,460200000201,2025-12-13T10:12:00Z,43.73,m_517,clothing,44.3126,-78.3552
T000034504,493800000213,2025-12-13T10:15:00Z,40.91,m_606,grocery,35.6224,-73.7993
T000034506,490400000207,2025-12-13T10:19:00Z,11.22,m_429,travel,37.7664,-121.4734
T000034507,457900000211,2025-12-13T10:19:00Z,37.61,m_649,restaurant,31.6754,-105.6796
T000034508,420400000060,2025-12-13T10:19:00Z,16.92,m_048,travel,32.7315,-72.0469
T000034509,463700000291,2025-12-13T10:20:00Z,4.52,m_254,grocery,38.3864,-84.8767
T000034510,497000000034,2025-12-13T10:23:00Z,8.14,m_500,cash_advance,37.1517,-121.9533
T000034511,494800000246,2025-12-13T10:23:00Z,44.02,m_718,cash_advance,42.5785,-107.2231
T000034512,480100000110,2025-12-13T10:28:00Z,4.87,m_104,health,44.8586,-79.4039
T000034513,472500000070,2025-12-13T10:30:00Z,3.74,m_783,online,38.4222,-101.1532
T000034516,435100000025,2025-12-13T10:40:00Z,25.4,m_657,electronics,33.8893,-101.5351
T000034517,411600000017,2025-12-13T10:42:00Z,133.52,m_524,cash_advance,37.5423,-87.0698
T000034518,431800000140,2025-12-13T10:44:00Z,27.6,m_102,entertainment,46.747,-96.6222
T000034519,425400000252,2025-12-13T10:45:00Z,11.88,m_127,clothing,25.4718,-123.2542
T000034521,452500000236,2025-12-13T10:54:00Z,3.37,m_226,grocery,25.3835,-116.2942
T000034522,448700000123,2025-12-13T10:57:00Z,35.95,m_504,restaurant,40.9219,-98.3813
T000034523,498000000026,2025-12-13T10:57:00Z,83.41,m_569,electronics,26.3568,-90.6896
T000034524,416600000244,2025-12-13T11:01:00Z,26.18,m_326,restaurant,37.9564,-74.2459
T000034525,457900000211,2025-12-13T11:02:00Z,6.1,m_121,entertainment,31.7303,-105.698
T000034526,436500000043,2025-12-13T11:05:00Z,18.78,m_486,electronics,35.9983,-110.2554
T000034527,498000000209,2025-12-13T11:05:00Z,10.33,m_655,travel,43.505,-89.6071
T000034529,415300000169,2025-12-13T11:08:00Z,21.25,m_213,health,35.4953,-116.2561
T000034530,431300000248,2025-12-13T11:09:00Z,22.31,m_453,travel,27.7214,-86.5226
T000034531,475100000009,2025-12-13T11:12:00Z,15.41,m_723,online,32.5587,-78.0314
T000034534,463300000003,2025-12-13T11:21:00Z,9.22,m_366,clothing,28.5496,-72.3137
T000034535,440200000212,2025-12-13T11:21:00Z,75.72,m_739,clothing,45.2107,-102.7483
T000034536,486600000046,2025-12-13T11:23:00Z,19.34,m_502,online,41.782,-96.4352
T000034537,492800000125,2025-12-13T11:23:00Z,27.86,m_353,cash_advance,45.6197,-89.0835
T000034538,443800000013,2025-12-13T11:24:00Z,45.02,m_374,travel,29.1806,-82.8359
T000034539,436500000043,2025-12-13T11:26:00Z,26.33,m_093,travel,36.018,-111.4122
T000034540,457400000208,2025-12-13T11:28:00Z,22.51,m_488,restaurant,47.0996,-109.0612
T000034541,459200000077,2025-12-13T11:29:00Z,48.68,m_429,health,35.232,-106.0407
T000034543,486500000234,2025-12-13T11:30:00Z,27.48,m_017,online,38.641,-107.3322
T000034544,497000000034,2025-12-13T11:32:00Z,22.43,m_041,online,36.4691,-122.4829
T000034545,492900000273,2025-12-13T11:39:00Z,52.72,m_058,grocery,32.1826,-117.453
T000034546,482000000288,2025-12-13T11:41:00Z,35.7,m_312,entertainment,37.5021,-106.3884
T000034547,494800000246,2025-12-13T11:43:00Z,48.24,m_448,entertainment,41.575,-106.959
T000034548,462500000168,2025-12-13T11:45:00Z,7.11,m_682,travel,30.0642,-70.8331
T000034549,449400000093,2025-12-13T11:46:00Z,20.61,m_662,cash_advance,46.3237,-103.2674
T000034550,499000000220,2025-12-13T11:49:00Z,16.38,m_341,fuel,27.0375,-107.051
T000034551,471700000259,2025-12-13T11:52:00Z,42.22,m_779,travel,26.7526,-118.5498
T000034553,404300000189,2025-12-13T11:59:00Z,42.51,m_438,online,25.6703,-118.0521
T000034554,423900000113,2025-12-13T12:03:00Z,42.15,m_530,grocery,31.0243,-90.6938
T000034555,482000000288,2025-12-13T12:05:00Z,14.99,m_587,fuel,38.6261,-107.2889
T000034556,494800000246,2025-12-13T12:05:00Z,31.21,m_206,entertainment,42.1988,-107.2755
T000034557,478800000015,2025-12-13T12:08:00Z,77.82,m_215,clothing,30.0542,-113.2595
T000034558,471100000298,2025-12-13T12:10:00Z,10.89,m_190,online,46.5296,-85.9046
T000034560,462600000282,2025-12-13T12:16:00Z,8.43,m_446,electronics,44.969,-88.4591
T000034561,423300000143,2025-12-13T12:18:00Z,54.73,m_281,electronics,41.4903,-107.8281
T000034563,493900000199,2025-12-13T12:27:00Z,6.98,m_044,cash_advance,40.7389,-90.095
T000034564,432000000185,2025-12-13T12:27:00Z,22.63,m_597,travel,41.0216,-82.937
T000034565,483100000286,2025-12-13T12:29:00Z,66.27,m_422,entertainment,35.4905,-74.8471
T000034566,497000000034,2025-12-13T12:32:00Z,15.1,m_451,fuel,36.7632,-122.2519
T000034568,415300000169,2025-12-13T12:41:00Z,10.55,m_726,cash_advance,35.6954,-116.0584
T000034570,488800000117,2025-12-13T12:44:00Z,18.41,m_580,fuel,35.806,-105.3923
T000034571,498000000026,2025-12-13T12:44:00Z,57.93,m_082,clothing,26.5246,-89.1282
T000034572,422200000028,2025-12-13T12:45:00Z,17.91,m_268,electronics,28.7791,-122.181
T000034573,491300000082,2025-12-13T12:46:00Z,21.57,m_609,health,40.6884,-105.4097
T000034574,455200000174,2025-12-13T13:00:00Z,29.12,m_032,grocery,43.5599,-109.4855
T000034576,485700000008,2025-12-13T13:05:00Z,47.0,m_654,clothing,38.0403,-97.547
T000034578,494800000246,2025-12-13T13:22:00Z,86.24,m_176,grocery,41.9288,-106.8044
T000034580,462500000168,2025-12-13T13:31:00Z,4.65,m_064,online,29.8626,-71.502
T000034582,456300000265,2025-12-13T13:32:00Z,38.67,m_033,restaurant,33.7554,-121.9101
T000034584,488800000117,2025-12-13T13:36:00Z,26.95,m_070,entertainment,35.8761,-104.7757
T000034585,455200000029,2025-12-13T13:36:00Z,8.98,m_432,entertainment,44.6544,-73.4475
T000034586,418900000158,2025-12-13T13:39:00Z,18.65,m_781,travel,30.9162,-108.18
T000034587,472100000092,2025-12-13T13:40:00Z,5.8,m_657,travel,42.5002,-80.0321
T000034589,425100000250,2025-12-13T13:48:00Z,11.78,m_179,restaurant,33.1909,-99.2853
T000034590,444500000160,2025-12-13T13:49:00Z,34.57,m_757,restaurant,28.6334,-81.9035
T000034591,429100000136,2025-12-13T13:50:00Z,50.72,m_675,travel,47.9319,-78.3845
T000034592,473800000088,2025-12-13T13:50:00Z,6.63,m_473,cash_advance,49.2428,-99.6015
T000034594,420300000182,2025-12-13T13:58:00Z,16.26,m_725,cash_advance,30.3165,-96.8314
T000034595,485500000183,2025-12-13T14:19:00Z,17.7,m_692,cash_advance,34.6841,-73.0509
T000034596,471100000298,2025-12-13T14:20:00Z,44.58,m_479,cash_advance,45.4976,-85.7658
T000034597,483100000286,2025-12-13T14:35:00Z,22.37,m_686,health,35.7514,-75.7273
T000034598,492300000134,2025-12-13T14:41:00Z,25.1,m_607,grocery,25.4487,-101.9161
T000034599,443800000013,2025-12-13T14:50:00Z,11.02,m_146,fuel,29.0055,-83.1001
T000034600,498300000111,2025-12-13T14:52:00Z,9.34,m_051,travel,25.6436,-117.2636
T000034602,432000000185,2025-12-13T14:55:00Z,36.26,m_543,cash_advance,40.3751,-82.8323
T000034604,463300000003,2025-12-13T15:02:00Z,10.74,m_129,entertainment,28.2595,-70.8064
T000034605,484400000030,2025-12-13T15:04:00Z,9.37,m_600,grocery,29.3717,-73.7869
T000034606,490400000207,2025-12-13T15:04:00Z,4.9,m_326,clothing,38.2071,-121.4476
T000034607,492800000125,2025-12-13T15:04:00Z,17.93,m_700,health,45.2168,-89.3123
T000034608,493100000068,2025-12-13T15:05:00Z,30.45,m_199,grocery,34.6505,-91.5512
T000034609,442200000037,2025-12-13T15:06:00Z,56.53,m_064,health,33.5495,-107.0366
T000034610,497600000197,2025-12-13T15:13:00Z,10.84,m_512,health,45.3019,-116.927
T000034611,492900000216,2025-12-13T15:14:00Z,6.0,m_597,grocery,35.0874,-71.2766
T000034613,463300000003,2025-12-13T15:22:00Z,16.9,m_075,online,28.5576,-71.6066
T000034614,473700000249,2025-12-13T15:26:00Z,16.11,m_270,entertainment,36.7224,-83.5013
T000034615,477200000076,2025-12-13T15:27:00Z,16.68,m_268,entertainment,43.5733,-78.3606
T000034616,412500000217,2025-12-13T15:30:00Z,40.69,m_315,grocery,25.7875,-113.1946
T000034617,472200000195,2025-12-13T15:34:00Z,25.07,m_735,cash_advance,33.981,-80.4095
T000034619,478200000065,2025-12-13T15:38:00Z,36.84,m_018,grocery,34.2828,-89.1618
T000034620,457400000208,2025-12-13T15:38:00Z,15.33,m_671,travel,47.6022,-108.339
T000034621,489800000203,2025-12-13T15:45:00Z,12.45,m_128,entertainment,42.1918,-102.4352
T000034622,470900000176,2025-12-13T15:46:00Z,11.51,m_164,entertainment,46.2985,-81.0474
T000034623,438100000157,2025-12-13T15:46:00Z,25.08,m_309,fuel,28.5634,-97.6284
T000034624,492800000125,2025-12-13T15:50:00Z,22.26,m_499,clothing,45.0064,-89.3866
T000034625,440000000190,2025-12-13T15:52:00Z,5.44,m_492,cash_advance,40.6264,-78.2289
T000034626,493900000199,2025-12-13T15:56:00Z,15.53,m_323,entertainment,41.1882,-90.0199
T000034627,418600000223,2025-12-13T16:02:00Z,5.9,m_016,fuel,48.9917,-77.3516
T000034628,490400000207,2025-12-13T16:04:00Z,4.47,m_727,electronics,38.3099,-121.4216
T000034629,403700000193,2025-12-13T16:04:00Z,44.09,m_385,grocery,31.9427,-104.2481
T000034630,405200000054,2025-12-13T16:08:00Z,26.82,m_185,cash_advance,31.7633,-88.7186
T000034631,431300000248,2025-12-13T16:16:00Z,25.07,m_214,fuel,26.5896,-85.7438
T000034633,493800000213,2025-12-13T16:20:00Z,26.82,m_068,online,34.7852,-74.0177
T000034637,441600000097,2025-12-13T16:30:00Z,10.31,m_425,health,26.715,-116.3508
T000034638,452100000297,2025-12-13T16:31:00Z,31.27,m_372,entertainment,26.4438,-84.3509
T000034643,463700000006,2025-12-13T17:05:00Z,7.2,m_409,cash_advance,30.0366,-122.2535
T000034644,456600000153,2025-12-13T17:10:00Z,80.51,m_424,electronics,37.4395,-110.9253
T000034646,444500000160,2025-12-13T17:12:00Z,33.14,m_015,grocery,28.3409,-81.6142
T000034647,427100000293,2025-12-13T17:14:00Z,115.82,m_045,health,29.5371,-113.2976
T000034648,462600000282,2025-12-13T17:22:00Z,12.99,m_392,cash_advance,45.3197,-88.2625
T000034649,439700000263,2025-12-13T17:27:00Z,28.94,m_342,cash_advance,47.4562,-94.1617
T000034651,492900000216,2025-12-13T17:28:00Z,13.83,m_740,cash_advance,35.8083,-71.5706
T000034652,483600000069,2025-12-13T17:29:00Z,33.73,m_080,travel,28.4118,-112.7259
T000034653,472200000195,2025-12-13T17:38:00Z,38.73,m_084,entertainment,35.6318,-81.2955
T000034654,420900000275,2025-12-13T17:39:00Z,43.44,m_762,electronics,29.2741,-73.2268
T000034655,491300000082,2025-12-13T17:39:00Z,17.84,m_191,fuel,39.9046,-104.9216
T000034657,446100000021,2025-12-13T17:45:00Z,14.73,m_371,restaurant,45.5741,-83.4613
T000034658,470500000205,2025-12-13T17:46:00Z,18.35,m_455,travel,44.6773,-119.4
T000034659,425300000079,2025-12-13T17:47:00Z,8.43,m_243,health,35.9177,-75.2704
T000034661,474300000084,2025-12-13T17:51:00Z,24.13,m_660,electronics,27.4302,-92.4885
T000034662,420200000231,2025-12-13T17:53:00Z,10.31,m_279,entertainment,27.9876,-115.2106
T000034664,442200000287,2025-12-13T18:00:00Z,20.39,m_449,restaurant,32.8825,-120.3606
T000034666,408800000280,2025-12-13T18:07:00Z,53.01,m_351,grocery,46.1359,-113.7906
T000034667,458800000284,2025-12-13T18:21:00Z,13.36,m_765,online,39.0818,-96.2611
T000034668,463300000003,2025-12-13T18:25:00Z,7.08,m_797,electronics,29.0236,-71.5856
T000034669,491700000032,2025-12-13T18:33:00Z,9.26,m_264,fuel,34.4685,-116.4794
T000034670,419200000035,2025-12-13T18:35:00Z,35.7,m_008,online,29.3238,-91.736
T000034671,411600000017,2025-12-13T18:35:00Z,56.22,m_792,online,37.8612,-87.4379
T000034673,446600000289,2025-12-13T18:42:00Z,13.3,m_249,online,38.1544,-72.7792
T000034675,492900000216,2025-12-13T18:48:00Z,4.29,m_483,health,35.4817,-71.2204
T000034676,498000000209,2025-12-13T18:51:00Z,25.47,m_791,online,43.5679,-88.9877
T000034677,433100000271,2025-12-13T19:00:00Z,17.91,m_125,restaurant,42.6305,-78.6053
T000034679,436700000039,2025-12-13T19:01:00Z,9.95,m_178,online,43.1862,-78.1672
T000034680,443300000192,2025-12-13T19:02:00Z,46.02,m_489,grocery,32.6559,-118.6679
T000034683,420400000060,2025-12-13T19:03:00Z,43.14,m_323,grocery,32.6609,-71.8518
T000034684,490400000207,2025-12-13T19:04:00Z,6.87,m_062,online,38.5733,-121.3177
T000034686,440800000163,2025-12-13T19:06:00Z,7.03,m_447,travel,28.4382,-117.8484
T000034687,415300000169,2025-12-13T19:08:00Z,40.64,m_176,grocery,36.1595,-117.041
T000034688,440800000163,2025-12-13T19:09:00Z,14.54,m_333,online,27.6123,-118.0163
T000034689,425100000126,2025-12-13T19:09:00Z,70.79,m_319,online,46.0114,-107.0465
T000034691,494800000228,2025-12-13T19:15:00Z,25.49,m_603,cash_advance,25.4578,-86.768
T000034692,421700000058,2025-12-13T19:18:00Z,99.13,m_537,fuel,43.6361,-83.0894
T000034693,452600000257,2025-12-13T19:20:00Z,19.04,m_198,clothing,28.4733,-105.6254
T000034695,441700000276,2025-12-13T19:27:00Z,19.92,m_146,travel,41.5786,-104.9022
T000034697,443900000180,2025-12-13T19:31:00Z,11.98,m_165,electronics,45.3591,-75.9171
T000034698,400100000173,2025-12-13T19:31:00Z,39.52,m_759,fuel,47.0568,-83.8326
T000034699,484400000030,2025-12-13T19:35:00Z,34.07,m_754,health,28.4256,-72.8825
T000034702,406800000116,2025-12-13T19:46:00Z,48.68,m_646,health,44.803,-86.5449
T000034703,431300000248,2025-12-13T19:49:00Z,44.33,m_327,clothing,26.952,-86.0157
T000034704,498000000209,2025-12-13T19:52:00Z,24.13,m_217,restaurant,43.868,-89.3424
T000034705,429200000004,2025-12-13T19:53:00Z,53.86,m_698,entertainment,26.808,-95.5391
T000034710,499500000281,2025-12-13T20:03:00Z,8.71,m_006,online,47.8826,-75.3161
T000034714,494800000246,2025-12-13T20:21:00Z,29.35,m_090,grocery,41.89,-106.594
T000034715,427700000051,2025-12-13T20:23:00Z,21.45,m_645,grocery,30.5766,-92.5223
T000034716,455200000174,2025-12-13T20:45:00Z,39.16,m_499,health,42.9693,-108.1762
T000034717,446100000021,2025-12-13T20:49:00Z,50.21,m_513,health,45.7586,-83.4938
T000034718,497300000184,2025-12-13T20:50:00Z,33.62,m_723,entertainment,34.8484,-89.6433
T000034721,471100000081,2025-12-13T20:52:00Z,11.02,m_110,online,39.1732,-113.6979
T000034724,454900000187,2025-12-13T20:59:00Z,20.22,m_525,electronics,41.085,-111.2639
T000034725,421700000058,2025-12-13T21:00:00Z,36.13,m_082,restaurant,43.7804,-83.0858
T000034727,432000000185,2025-12-13T21:17:00Z,123.81,m_142,travel,36.1064,-75.045
T000034728,454600000047,2025-12-13T21:17:00Z,22.03,m_263,grocery,43.177,-96.8935
T000034729,419900000096,2025-12-13T21:22:00Z,43.12,m_788,restaurant,46.124,-94.8993
T000034730,462600000282,2025-12-13T21:22:00Z,10.87,m_774,electronics,45.5183,-89.0549
T000034731,499000000220,2025-12-13T21:25:00Z,20.36,m_733,entertainment,27.457,-107.571
T000034732,442200000287,2025-12-13T21:51:00Z,27.39,m_731,online,33.0299,-121.5636
T000034733,489200000253,2025-12-13T22:01:00Z,21.73,m_698,cash_advance,36.9947,-89.8358
T000034735,486500000234,2025-12-13T22:05:00Z,14.99,m_271,cash_advance,38.431,-107.4751
T000034737,478700000237,2025-12-13T22:27:00Z,16.56,m_411,online,26.0854,-77.7247
T000034738,491000000038,2025-12-13T22:35:00Z,37.52,m_600,health,27.3789,-91.9722
T000034739,461900000132,2025-12-13T22:38:00Z,3.88,m_391,health,39.3759,-96.8969
T000034742,492900000216,2025-12-13T23:33:00Z,6.47,m_572,entertainment,35.2218,-71.3234
T000034743,425100000126,2025-12-13T23:35:00Z,55.05,m_311,online,46.1899,-108.4685
T000034745,444500000160,2025-12-13T23:53:00Z,12.27,m_067,grocery,27.9555,-81.6432
T000034746,412900000224,2025-12-13T23:54:00Z,51.6,m_398,entertainment,29.5004,-119.6779
T000034747,431800000140,2025-12-14T00:05:00Z,932.32,m_637,online,56.1811,-87.2091
T000034748,413800000254,2025-12-14T00:23:00Z,107.91,m_603,travel,43.5369,-85.7008
T000034749,489100000057,2025-12-14T00:38:00Z,15.11,m_565,travel,45.8578,-74.5688
T000034751,488200000133,2025-12-14T00:45:00Z,99.58,m_002,travel,46.7996,-84.5974
T000034752,454600000047,2025-12-14T00:48:00Z,54.67,m_458,electronics,40.5751,-93.4584
T000034753,486600000046,2025-12-14T01:12:00Z,29.89,m_718,online,41.575,-96.1249
T000034754,473700000249,2025-12-14T01:12:00Z,30.24,m_307,health,36.3528,-83.7158
T000034755,403300000018,2025-12-14T01:12:00Z,147.16,m_129,electronics,36.6914,-77.9861
T000034757,467400000299,2025-12-14T01:34:00Z,32.76,m_221,entertainment,26.7818,-109.0966
T000034760,402500000268,2025-12-14T01:52:00Z,5.23,m_669,grocery,44.2884,-117.0694
T000034762,412500000217,2025-12-14T02:03:00Z,15.75,m_603,clothing,25.3616,-112.7375
T000034763,467400000299,2025-12-14T02:21:00Z,475.58,m_702,travel,22.0224,-113.8628
T000034766,436500000043,2025-12-14T02:45:00Z,19.96,m_271,fuel,35.2387,-110.249
T000034767,494000000016,2025-12-14T02:49:00Z,18.32,m_482,entertainment,39.2007,-113.0109
T000034769,413700000240,2025-12-14T03:14:00Z,12.11,m_693,online,30.8379,-117.3052
T000034770,456600000153,2025-12-14T03:38:00Z,60.25,m_116,electronics,36.1855,-111.4903
T000034773,497000000034,2025-12-14T03:46:00Z,73.42,m_351,cash_advance,37.7097,-118.3548
T000034774,404300000189,2025-12-14T03:51:00Z,25.49,m_605,clothing,26.7241,-117.0727
T000034775,471100000298,2025-12-14T04:12:00Z,63.82,m_490,clothing,45.801,-85.8453
T000034776,462500000168,2025-12-14T04:25:00Z,10.28,m_252,grocery,30.4114,-70.7961
T000034777,493600000274,2025-12-14T04:38:00Z,16.79,m_400,fuel,26.7573,-73.0332
T000034780,434800000074,2025-12-14T05:28:00Z,16.09,m_487,health,35.4818,-110.7336
T000034781,487500000214,2025-12-14T05:42:00Z,7.0,m_674,fuel,47.3609,-95.1127
T000034783,494800000228,2025-12-14T06:02:00Z,56.01,m_613,grocery,24.9767,-86.4436
T000034786,413300000061,2025-12-14T06:35:00Z,2.34,m_094,entertainment,34.6067,-80.1455
T000034788,470500000205,2025-12-14T07:00:00Z,6.8,m_488,electronics,44.9159,-119.7104
T000034789,432400000114,2025-12-14T07:05:00Z,19.45,m_548,cash_advance,42.0996,-73.4173
T000034791,425100000250,2025-12-14T07:24:00Z,8.36,m_682,fuel,33.3131,-98.6554
T000034793,452500000236,2025-12-14T07:49:00Z,13.12,m_554,clothing,25.4991,-115.7513
T000034794,440000000190,2025-12-14T08:00:00Z,3.62,m_455,restaurant,40.7029,-77.4428
T000034797,434500000161,2025-12-14T08:04:00Z,14.54,m_640,grocery,36.8396,-88.8362
T000034798,452800000233,2025-12-14T08:06:00Z,116.34,m_535,cash_advance,35.0428,-73.2821
T000034799,442200000287,2025-12-14T08:06:00Z,53.83,m_763,online,32.4864,-120.8095
T000034801,470100000147,2025-12-14T08:08:00Z,5.48,m_276,health,30.307,-83.4841
T000034802,421700000058,2025-12-14T08:10:00Z,36.14,m_719,clothing,43.2904,-83.076
T000034803,498000000209,2025-12-14T08:12:00Z,9.89,m_640,online,43.7,-89.4292
T000034805,413300000061,2025-12-14T08:20:00Z,8.82,m_496,electronics,33.7915,-80.6875
T000034810,467400000299,2025-12-14T08:32:00Z,53.7,m_415,online,26.7175,-110.3401
T000034811,488800000117,2025-12-14T08:38:00Z,33.51,m_732,electronics,36.8046,-105.0659
T000034812,494800000246,2025-12-14T08:41:00Z,37.47,m_197,health,41.9809,-106.8772
T000034814,404300000189,2025-12-14T08:45:00Z,30.18,m_641,health,26.1712,-117.3313
T000034819,472200000195,2025-12-14T08:56:00Z,52.29,m_368,fuel,34.8334,-80.6542
T000034820,411600000017,2025-12-14T08:56:00Z,153.84,m_690,travel,37.7453,-87.6592
T000034822,468600000099,2025-12-14T09:00:00Z,10.81,m_630,health,37.0337,-74.0041
T000034823,400900000156,2025-12-14T09:01:00Z,9.23,m_048,fuel,43.8291,-106.0603
T000034825,482300000206,2025-12-14T09:02:00Z,41.22,m_153,travel,37.689,-79.5884
T000034826,418900000158,2025-12-14T09:04:00Z,21.83,m_745,restaurant,30.5556,-107.5585
T000034827,488600000295,2025-12-14T09:13:00Z,35.14,m_517,grocery,44.039,-99.6892
T000034829,420300000182,2025-12-14T09:16:00Z,9.47,m_300,entertainment,30.7341,-97.7732
T000034830,480100000110,2025-12-14T09:16:00Z,19.76,m_608,grocery,43.5984,-78.8557
T000034831,443000000144,2025-12-14T09:22:00Z,36.89,m_764,cash_advance,30.6936,-78.7229
T000034832,442200000287,2025-12-14T09:24:00Z,33.27,m_536,entertainment,31.6933,-120.8418
T000034833,412900000224,2025-12-14T09:26:00Z,26.15,m_683,grocery,29.3978,-120.0489
T000034834,485700000008,2025-12-14T09:33:00Z,53.48,m_436,electronics,38.3056,-97.1496
T000034835,483100000286,2025-12-14T09:34:00Z,67.72,m_446,health,35.9132,-74.8141
T000034836,492900000216,2025-12-14T09:38:00Z,2.22,m_462,travel,35.7758,-71.1198
T000034837,479800000106,2025-12-14T09:40:00Z,12.03,m_086,health,28.0765,-71.5389
T000034838,490400000207,2025-12-14T09:44:00Z,5.51,m_646,health,38.6215,-121.271
T000034839,492900000273,2025-12-14T09:45:00Z,27.2,m_170,entertainment,32.4076,-118.1541
T000034840,482000000288,2025-12-14T09:46:00Z,23.6,m_527,health,37.133,-106.403
T000034841,463300000003,2025-12-14T09:47:00Z,5.04,m_479,online,28.8985,-71.746
T000034842,481700000044,2025-12-14T09:55:00Z,22.4,m_732,grocery,42.9138,-88.9873
T000034843,472500000070,2025-12-14T09:57:00Z,5.08,m_095,online,37.8252,-101.9062
T000034844,454900000187,2025-12-14T09:58:00Z,3.18,m_410,cash_advance,41.6123,-111.1495
T000034846,445900000135,2025-12-14T10:05:00Z,31.4,m_333,entertainment,32.0859,-105.9387
T000034847,445900000135,2025-12-14T10:08:00Z,36.77,m_117,online,32.9068,-105.5292
T000034848,442200000037,2025-12-14T10:26:00Z,37.49,m_248,clothing,34.1535,-106.3225
T000034850,413700000232,2025-12-14T10:29:00Z,41.71,m_058,online,43.883,-106.4116
T000034852,409000000198,2025-12-14T10:36:00Z,12.67,m_048,cash_advance,47.4357,-80.9843
T000034853,448600000179,2025-12-14T10:36:00Z,8.31,m_192,grocery,30.5994,-109.2798
T000034854,412500000217,2025-12-14T10:42:00Z,10.77,m_283,restaurant,26.1085,-113.6361
T000034856,421700000058,2025-12-14T10:42:00Z,82.82,m_401,health,42.7124,-83.3453
T000034857,429100000136,2025-12-14T10:43:00Z,32.96,m_425,electronics,48.0064,-79.1897
T000034859,486500000234,2025-12-14T10:47:00Z,5.61,m_176,online,38.3916,-107.5934
T000034860,419200000035,2025-12-14T10:56:00Z,63.69,m_492,travel,30.1216,-91.2964
T000034861,439700000263,2025-12-14T10:59:00Z,30.63,m_696,grocery,47.1141,-94.0999
T000034863,472100000092,2025-12-14T11:03:00Z,5.07,m_071,restaurant,41.954,-79.9352
T000034865,462600000282,2025-12-14T11:03:00Z,10.24,m_234,restaurant,45.4808,-88.2035
T000034867,478200000065,2025-12-14T11:08:00Z,43.46,m_292,online,34.4207,-90.176
T000034870,431600000056,2025-12-14T11:20:00Z,18.14,m_686,entertainment,44.6996,-84.4265
T000034871,468200000221,2025-12-14T11:22:00Z,20.41,m_037,restaurant,39.5634,-71.7394
T000034874,452600000257,2025-12-14T11:24:00Z,50.5,m_244,grocery,27.7522,-105.0117
T000034876,489800000203,2025-12-14T11:31:00Z,21.59,m_005,electronics,42.972,-102.7286
T000034878,455200000174,2025-12-14T11:38:00Z,105.09,m_138,fuel,43.1718,-108.5883
T000034880,420900000275,2025-12-14T11:39:00Z,30.42,m_256,travel,29.3892,-73.4091
T000034882,493900000290,2025-12-14T11:44:00Z,33.48,m_325,travel,34.6237,-74.09
T000034884,485100000229,2025-12-14T11:48:00Z,33.25,m_399,travel,30.5315,-96.5153
T000034885,473800000088,2025-12-14T11:48:00Z,6.83,m_420,online,48.8226,-99.441
T000034887,480500000027,2025-12-14T11:48:00Z,23.2,m_322,travel,36.82,-106.8012
T000034888,472500000128,2025-12-14T11:53:00Z,7.64,m_226,entertainment,30.2445,-120.5197
T000034889,497000000034,2025-12-14T11:55:00Z,11.36,m_178,travel,37.021,-122.0997
T000034890,415300000108,2025-12-14T11:57:00Z,20.1,m_396,clothing,42.5753,-112.0257
T000034892,425600000170,2025-12-14T12:04:00Z,5.76,m_679,travel,28.1971,-83.1901
T000034893,496700000238,2025-12-14T12:22:00Z,7.77,m_532,travel,25.64,-103.8874
T000034894,492900000273,2025-12-14T12:23:00Z,32.15,m_779,restaurant,32.3128,-117.9677
T000034895,444500000160,2025-12-14T12:26:00Z,27.26,m_528,health,28.6774,-82.0819
T000034897,482000000288,2025-12-14T12:29:00Z,46.04,m_535,online,36.6226,-106.657
T000034898,433100000271,2025-12-14T12:32:00Z,33.75,m_448,online,41.8424,-78.7973
T000034899,472500000070,2025-12-14T12:44:00Z,46.15,m_003,grocery,38.1556,-101.0989
T000034902,456600000153,2025-12-14T12:51:00Z,25.6,m_369,restaurant,37.1516,-112.0257
T000034903,472200000195,2025-12-14T12:56:00Z,28.51,m_521,cash_advance,34.7576,-80.8559
T000034904,457400000208,2025-12-14T12:56:00Z,17.9,m_075,entertainment,47.4704,-109.3769
T000034906,412500000217,2025-12-14T12:59:00Z,23.38,m_385,travel,25.3622,-113.067
T000034907,472500000128,2025-12-14T13:03:00Z,2.51,m_060,cash_advance,30.6267,-119.3327
T000034908,429200000004,2025-12-14T13:06:00Z,32.33,m_321,electronics,25.5699,-95.4648
T000034909,432400000114,2025-12-14T13:10:00Z,20.18,m_363,entertainment,42.3242,-73.9551
T000034910,413500000264,2025-12-14T13:11:00Z,82.04,m_174,cash_advance,38.6521,-118.6524
T000034911,413800000254,2025-12-14T13:12:00Z,20.21,m_475,online,40.9507,-83.622
T000034912,443800000013,2025-12-14T13:17:00Z,26.08,m_073,travel,28.2613,-83.1198
T000034913,484400000030,2025-12-14T13:18:00Z,25.74,m_011,travel,29.0736,-73.2955
T000034914,418900000158,2025-12-14T13:19:00Z,19.94,m_640,restaurant,30.2559,-108.0916
T000034916,423800000109,2025-12-14T13:22:00Z,10.25,m_617,entertainment,37.6682,-98.6695
T000034917,452100000297,2025-12-14T13:23:00Z,38.41,m_011,travel,25.7515,-84.3845
T000034920,429100000136,2025-12-14T13:31:00Z,20.01,m_096,clothing,48.0668,-78.9108
T000034921,427500000040,2025-12-14T13:36:00Z,23.76,m_720,travel,25.9054,-86.947
T000034922,441700000276,2025-12-14T13:40:00Z,60.59,m_683,health,40.9788,-104.5635
T000034923,454700000001,2025-12-14T13:42:00Z,3.98,m_170,entertainment,27.9237,-117.2857
T000034924,482600000050,2025-12-14T13:47:00Z,25.99,m_035,travel,38.2744,-77.5154
T000034925,456300000265,2025-12-14T13:49:00Z,56.18,m_254,travel,34.1148,-122.6608
T000034926,499000000220,2025-12-14T13:50:00Z,13.03,m_158,clothing,27.663,-106.7931
T000034927,421500000087,2025-12-14T13:52:00Z,22.11,m_720,restaurant,46.0704,-100.5337
T000034929,436700000039,2025-12-14T13:57:00Z,13.38,m_083,grocery,42.6943,-77.3575
T000034930,408800000280,2025-12-14T13:59:00Z,59.15,m_703,fuel,45.7323,-113.6893
T000034931,403300000018,2025-12-14T14:06:00Z,78.96,m_394,restaurant,30.4739,-79.674
T000034932,491600000072,2025-12-14T14:19:00Z,33.49,m_287,restaurant,34.1734,-113.2937
T000034933,413700000266,2025-12-14T14:21:00Z,15.9,m_033,grocery,29.4616,-116.835
T000034934,401300000033,2025-12-14T14:23:00Z,24.43,m_266,health,37.998,-113.6996
T000034937,478800000067,2025-12-14T14:29:00Z,10.14,m_562,clothing,46.6692,-73.8152
T000034938,412500000217,2025-12-14T14:32:00Z,21.28,m_444,grocery,25.3744,-113.1523
T000034940,416600000244,2025-12-14T14:46:00Z,71.41,m_323,health,38.3066,-73.7444
T000034941,425400000252,2025-12-14T14:50:00Z,8.14,m_035,grocery,24.7697,-123.5224
T000034942,432000000185,2025-12-14T14:51:00Z,7.07,m_206,grocery,41.0036,-82.7136
T000034943,413800000254,2025-12-14T14:57:00Z,29.51,m_779,entertainment,40.3924,-82.7997
T000034944,456600000153,2025-12-14T14:59:00Z,86.62,m_268,electronics,37.6234,-111.1643
T000034945,486500000234,2025-12-14T15:00:00Z,6.51,m_107,electronics,37.9381,-108.4177
T000034948,472500000128,2025-12-14T15:08:00Z,8.76,m_795,health,30.3213,-120.2071
T000034949,453000000151,2025-12-14T15:17:00Z,11.87,m_271,health,37.6371,-103.7412
T000034950,458800000284,2025-12-14T15:19:00Z,23.14,m_187,online,39.6933,-96.5652
T000034951,488800000242,2025-12-14T15:28:00Z,3.49,m_085,grocery,34.2967,-100.3418
T000034952,463700000006,2025-12-14T15:29:00Z,5.12,m_122,grocery,29.5942,-122.208
T000034953,482300000206,2025-12-14T15:31:00Z,60.1,m_760,restaurant,37.779,-79.0939
T000034954,400000000251,2025-12-14T15:32:00Z,22.49,m_126,clothing,38.0093,-98.6236
T000034955,478700000011,2025-12-14T15:38:00Z,87.08,m_254,fuel,45.7765,-93.7918
T000034956,482600000050,2025-12-14T15:40:00Z,12.37,m_787,travel,38.0453,-77.2532
T000034957,433100000271,2025-12-14T15:41:00Z,18.53,m_260,entertainment,42.8383,-78.2567
T000034958,445900000135,2025-12-14T15:44:00Z,42.83,m_215,travel,32.2124,-105.2535
T000034959,444500000160,2025-12-14T15:45:00Z,15.56,m_388,health,29.1946,-81.7385
T000034960,416600000244,2025-12-14T15:46:00Z,45.28,m_186,entertainment,38.1794,-73.6498
T000034961,413700000232,2025-12-14T15:49:00Z,61.0,m_569,travel,44.3637,-106.3339
T000034962,468200000221,2025-12-14T15:50:00Z,9.11,m_537,cash_advance,40.0034,-72.0305
T000034963,494800000246,2025-12-14T15:51:00Z,23.24,m_503,health,41.973,-106.7236
T000034965,461500000245,2025-12-14T15:53:00Z,23.09,m_437,restaurant,37.6911,-120.5747
T000034966,483600000122,2025-12-14T15:54:00Z,9.07,m_364,restaurant,29.1988,-88.5405
T000034967,489800000203,2025-12-14T15:55:00Z,13.71,m_292,health,43.2583,-103.5402
T000034968,420400000060,2025-12-14T15:58:00Z,12.22,m_214,restaurant,32.7106,-72.4786
T000034969,460200000201,2025-12-14T15:58:00Z,47.48,m_174,clothing,44.6811,-77.294
T000034970,493300000296,2025-12-14T16:00:00Z,8.39,m_556,health,47.9362,-105.954
T000034971,492900000216,2025-12-14T16:01:00Z,14.16,m_714,cash_advance,35.9518,-70.8177
T000034973,412500000217,2025-12-14T16:06:00Z,24.67,m_680,online,25.8014,-114.1707
T000034974,431600000056,2025-12-14T16:07:00Z,9.77,m_103,health,44.8927,-84.7608
T000034976,454900000187,2025-12-14T16:08:00Z,10.08,m_787,travel,41.4613,-110.8144
T000034978,452500000236,2025-12-14T16:12:00Z,6.54,m_601,fuel,25.2468,-116.7679
T000034979,461900000132,2025-12-14T16:21:00Z,14.81,m_338,health,39.707,-96.5276
T000034980,433100000271,2025-12-14T16:23:00Z,11.82,m_406,online,42.5593,-78.9899
T000034981,414100000007,2025-12-14T16:30:00Z,17.34,m_151,entertainment,34.8966,-114.1873
T000034983,478800000015,2025-12-14T16:41:00Z,37.69,m_766,clothing,29.9019,-113.4234
T000034984,483600000069,2025-12-14T16:44:00Z,26.54,m_138,clothing,29.193,-111.5374
T000034985,498000000209,2025-12-14T16:48:00Z,12.4,m_737,cash_advance,43.4614,-88.2089
T000034986,431600000056,2025-12-14T16:59:00Z,15.44,m_043,fuel,44.5242,-84.7694
T000034987,462600000282,2025-12-14T16:59:00Z,4.55,m_104,online,45.7658,-88.2448
T000034989,480100000110,2025-12-14T17:09:00Z,7.35,m_075,cash_advance,44.1287,-79.0444
T000034990,492900000216,2025-12-14T17:09:00Z,9.22,m_755,travel,34.9312,-70.7382
T000034991,479800000106,2025-12-14T17:10:00Z,26.45,m_422,online,28.6041,-71.9741
T000034993,436500000043,2025-12-14T17:14:00Z,35.58,m_160,cash_advance,34.5526,-110.7502
T000034994,431600000056,2025-12-14T17:16:00Z,6.7,m_738,clothing,44.8764,-84.4801
T000034996,455200000029,2025-12-14T17:22:00Z,11.87,m_006,restaurant,45.0143,-74.7116
T000034997,485700000008,2025-12-14T17:24:00Z,103.97,m_626,clothing,39.1638,-97.0733
T000034998,440800000163,2025-12-14T17:25:00Z,5.56,m_388,online,27.6914,-117.1249
T000034999,471100000298,2025-12-14T17:31:00Z,19.81,m_265,health,45.9592,-86.4101
T000035000,485300000175,2025-12-14T17:36:00Z,12.32,m_286,entertainment,36.8705,-92.4671
T000035001,488600000295,2025-12-14T17:36:00Z,26.67,m_176,grocery,42.9754,-100.899
T000035002,449400000093,2025-12-14T17:43:00Z,18.39,m_203,health,46.2906,-103.1491
T000035003,403900000062,2025-12-14T17:44:00Z,41.06,m_766,clothing,36.471,-108.7253
T000035005,413700000240,2025-12-14T17:53:00Z,48.34,m_251,grocery,30.0024,-117.5053
T000035007,423800000109,2025-12-14T17:58:00Z,8.73,m_316,clothing,37.4885,-98.6279
T000035008,497000000034,2025-12-14T18:03:00Z,19.73,m_581,electronics,36.9854,-122.4729
T000035009,493900000199,2025-12-14T18:06:00Z,31.65,m_723,restaurant,42.0499,-90.4256
T000035011,403700000193,2025-12-14T18:15:00Z,30.18,m_524,online,31.7672,-104.7466
T000035012,419900000096,2025-12-14T18:19:00Z,14.19,m_160,online,46.4285,-95.6103
T000035013,485700000008,2025-12-14T18:21:00Z,36.91,m_697,cash_advance,38.6622,-97.5485
T000035014,423900000113,2025-12-14T18:22:00Z,33.99,m_387,electronics,30.9648,-90.5202
T000035017,486600000046,2025-12-14T18:35:00Z,21.72,m_662,restaurant,42.0527,-96.7864
T000035018,451600000095,2025-12-14T18:36:00Z,11.47,m_009,health,41.0915,-102.5335
T000035020,436500000043,2025-12-14T18:43:00Z,11.96,m_096,travel,35.285,-111.3211
T000035022,431800000140,2025-12-14T18:45:00Z,109.06,m_043,grocery,47.6468,-96.7924
T000035024,484400000030,2025-12-14T18:57:00Z,32.21,m_434,fuel,29.6374,-73.2392
T000035025,475100000009,2025-12-14T18:58:00Z,26.21,m_761,clothing,33.158,-77.9731
T000035026,482000000288,2025-12-14T19:01:00Z,32.19,m_450,fuel,36.8581,-107.4752
T000035027,421400000107,2025-12-14T19:03:00Z,18.4,m_645,health,40.5831,-113.0058
T000035028,400000000251,2025-12-14T19:05:00Z,5.97,m_334,grocery,37.6613,-98.5192
T000035030,478700000237,2025-12-14T19:06:00Z,85.18,m_636,travel,26.4103,-77.2342
T000035031,408700000002,2025-12-14T19:07:00Z,24.9,m_307,cash_advance,36.5704,-95.7524
T000035034,443300000192,2025-12-14T19:22:00Z,62.51,m_321,health,31.8848,-119.1667
T000035035,493900000199,2025-12-14T19:23:00Z,7.68,m_513,travel,40.8102,-89.9645
T000035036,452600000257,2025-12-14T19:23:00Z,37.86,m_174,restaurant,28.9045,-105.4238
T000035038,480100000110,2025-12-14T19:26:00Z,7.3,m_613,electronics,43.3138,-78.5802
T000035040,480500000027,2025-12-14T19:28:00Z,10.57,m_168,electronics,37.7959,-107.168
T000035042,462600000282,2025-12-14T19:32:00Z,7.47,m_745,cash_advance,46.5405,-87.9913
T000035043,495400000142,2025-12-14T19:34:00Z,10.51,m_687,online,40.095,-117.9329
T000035044,423900000113,2025-12-14T19:38:00Z,25.77,m_167,entertainment,31.1586,-90.2001
T000035045,441700000276,2025-12-14T19:43:00Z,23.07,m_432,electronics,41.0568,-104.1584
T000035047,413300000230,2025-12-14T19:52:00Z,12.3,m_732,restaurant,42.5085,-72.2185
T000035048,488200000133,2025-12-14T19:54:00Z,7.96,m_751,travel,47.1231,-88.3115
T000035049,494800000019,2025-12-14T19:57:00Z,15.02,m_441,travel,25.3462,-103.2277
T000035052,480100000110,2025-12-14T20:09:00Z,10.83,m_593,grocery,43.3887,-78.5902
T000035053,488200000133,2025-12-14T20:13:00Z,8.42,m_672,health,46.5177,-87.2445
T000035054,434500000161,2025-12-14T20:20:00Z,6.02,m_220,restaurant,35.8903,-88.1322
T000035055,487500000214,2025-12-14T20:22:00Z,12.29,m_181,clothing,46.8292,-94.7645
T000035057,468600000099,2025-12-14T20:25:00Z,7.34,m_041,travel,37.9487,-73.4007
T000035059,429100000136,2025-12-14T20:35:00Z,82.13,m_118,fuel,48.4189,-79.4121
T000035060,487500000214,2025-12-14T20:38:00Z,9.27,m_673,health,46.9314,-95.0905
T000035062,420900000275,2025-12-14T20:45:00Z,28.72,m_736,restaurant,28.6454,-73.1575
T000035064,429200000004,2025-12-14T20:50:00Z,21.52,m_687,cash_advance,26.632,-94.9908
T000035066,491300000082,2025-12-14T21:33:00Z,18.08,m_524,entertainment,40.1641,-105.9543
T000035068,420300000182,2025-12-14T21:51:00Z,336.3,m_627,cash_advance,17.5831,-94.9908
T000035069,432000000185,2025-12-14T22:02:00Z,17.11,m_763,cash_advance,41.0688,-82.8505
T000035071,485300000175,2025-12-14T22:10:00Z,16.36,m_344,clothing,36.6866,-92.8158
T000035072,413700000240,2025-12-14T22:33:00Z,24.01,m_069,entertainment,29.8169,-118.0556
T000035073,443800000013,2025-12-14T22:39:00Z,18.93,m_550,health,28.216,-83.155
T000035074,491600000072,2025-12-14T22:51:00Z,39.96,m_574,fuel,35.0529,-114.3205
T000035076,419500000045,2025-12-15T00:01:00Z,33.81,m_410,health,27.4587,-77.2279
T000035077,480100000110,2025-12-15T00:23:00Z,9.16,m_532,health,43.0011,-79.2268
T000035078,489200000253,2025-12-15T00:29:00Z,68.23,m_775,cash_advance,36.975,-88.6228
T000035079,408300000014,2025-12-15T00:32:00Z,12.73,m_680,travel,39.5748,-88.7784
T000035081,443900000180,2025-12-15T00:38:00Z,27.22,m_062,health,45.9582,-76.0772
T000035085,463700000291,2025-12-15T01:34:00Z,7.56,m_616,restaurant,37.6828,-84.285
T000035086,452600000257,2025-12-15T01:36:00Z,19.53,m_578,health,28.9648,-106.1547
T000035087,422200000028,2025-12-15T01:53:00Z,37.5,m_267,grocery,29.26,-122.3041
T000035088,435100000025,2025-12-15T01:54:00Z,9.13,m_244,clothing,33.6564,-101.9034
T000035089,441700000121,2025-12-15T02:04:00Z,30.24,m_306,travel,24.3626,-107.4959
T000035090,483100000286,2025-12-15T02:05:00Z,21.44,m_753,grocery,35.23,-75.0955
T000035091,492300000241,2025-12-15T02:09:00Z,24.33,m_163,online,29.3354,-77.4335
T000035092,455200000174,2025-12-15T02:12:00Z,120.03,m_617,electronics,45.9011,-109.7516
T000035094,453500000052,2025-12-15T02:15:00Z,5.06,m_407,cash_advance,43.5646,-122.8857
T000035095,498000000026,2025-12-15T02:24:00Z,466.01,m_051,electronics,28.4534,-103.2383
T000035096,421500000087,2025-12-15T02:47:00Z,279.64,m_255,electronics,50.5546,-95.4949
T000035097,486500000234,2025-12-15T03:01:00Z,10.12,m_530,clothing,38.6874,-107.628
T000035100,472500000070,2025-12-15T03:34:00Z,34.48,m_788,fuel,38.653,-100.7605
T000035101,474000000094,2025-12-15T04:07:00Z,6.36,m_663,electronics,46.7536,-117.0662
T000035102,493100000068,2025-12-15T04:43:00Z,16.8,m_262,online,34.212,-91.1606
T000035103,492900000273,2025-12-15T04:43:00Z,88.14,m_736,travel,32.1895,-117.8638
T000035104,491000000038,2025-12-15T04:44:00Z,40.58,m_465,fuel,27.5533,-92.749
T000035105,452500000236,2025-12-15T04:51:00Z,7.69,m_510,grocery,25.1457,-115.7801
T000035106,403900000062,2025-12-15T04:59:00Z,411.98,m_789,electronics,39.7073,-101.9267
T000035109,421700000058,2025-12-15T05:28:00Z,32.8,m_242,clothing,42.8949,-82.4962
T000035110,492900000216,2025-12-15T05:53:00Z,9.88,m_211,fuel,35.2562,-71.2069
T000035111,415300000108,2025-12-15T06:00:00Z,8.4,m_517,entertainment,42.2805,-111.4252
T000035112,482600000050,2025-12-15T06:11:00Z,17.3,m_466,cash_advance,37.8484,-77.312
T000035113,446600000289,2025-12-15T06:42:00Z,19.62,m_708,travel,38.0023,-72.407
T000035114,409000000198,2025-12-15T06:51:00Z,10.42,m_221,health,47.7251,-81.8534
T000035115,459100000090,2025-12-15T07:05:00Z,12.3,m_099,travel,41.4007,-82.6536
T000035116,492800000125,2025-12-15T07:06:00Z,35.74,m_065,cash_advance,45.5292,-89.1862
T000035118,482000000288,2025-12-15T07:30:00Z,27.39,m_264,grocery,37.2275,-107.1359
T000035120,400000000251,2025-12-15T07:59:00Z,13.08,m_285,cash_advance,38.112,-98.0819
T000035121,460200000124,2025-12-15T08:00:00Z,47.24,m_500,cash_advance,48.9844,-74.9983
T000035122,462600000282,2025-12-15T08:02:00Z,12.44,m_262,electronics,46.0145,-87.5407
T000035123,449400000063,2025-12-15T08:07:00Z,21.65,m_013,grocery,41.4606,-74.1827
T000035124,401300000033,2025-12-15T08:12:00Z,14.21,m_095,cash_advance,38.7865,-113.5616
T000035125,406800000116,2025-12-15T08:13:00Z,54.46,m_336,cash_advance,44.8597,-85.7206
T000035126,498000000026,2025-12-15T08:13:00Z,46.81,m_673,restaurant,26.5705,-90.6976
T000035127,473300000089,2025-12-15T08:15:00Z,11.8,m_602,online,39.2589,-74.3544
T000035128,490400000207,2025-12-15T08:29:00Z,12.75,m_494,entertainment,38.6415,-121.3224
T000035129,489200000253,2025-12-15T08:32:00Z,70.56,m_533,entertainment,36.9648,-88.8683
T000035131,493300000296,2025-12-15T08:42:00Z,21.16,m_649,online,47.4688,-106.4868
T000035132,425100000250,2025-12-15T08:51:00Z,7.16,m_003,travel,32.7524,-98.9036
T000035134,436700000039,2025-12-15T08:55:00Z,4.97,m_753,electronics,42.0615,-77.5306
T000035137,411600000017,2025-12-15T08:58:00Z,42.38,m_164,travel,37.3547,-86.2686
T000035138,463300000003,2025-12-15T09:01:00Z,7.4,m_313,entertainment,28.3969,-71.4581
T000035139,443000000144,2025-12-15T09:01:00Z,50.33,m_455,entertainment,30.9833,-78.7353
T000035140,444500000160,2025-12-15T09:03:00Z,21.52,m_246,travel,28.2484,-81.3752
T000035141,491600000072,2025-12-15T09:04:00Z,13.42,m_308,entertainment,34.7525,-112.9534
T000035142,440200000212,2025-12-15T09:04:00Z,29.12,m_525,fuel,44.6487,-102.9964
T000035143,432500000036,2025-12-15T09:04:00Z,8.58,m_783,restaurant,39.2836,-120.0501
T000035144,421700000058,2025-12-15T09:06:00Z,22.21,m_353,entertainment,43.6766,-82.8781
T000035145,419900000096,2025-12-15T09:09:00Z,27.71,m_755,restaurant,46.3194,-95.588
T000035146,436700000039,2025-12-15T09:18:00Z,10.08,m_726,restaurant,42.1518,-77.1234
T000035148,414100000007,2025-12-15T09:23:00Z,20.48,m_553,grocery,35.1006,-113.7271
T000035151,438100000157,2025-12-15T09:35:00Z,19.3,m_020,health,28.0117,-98.2491
T000035152,427100000293,2025-12-15T09:36:00Z,42.97,m_532,restaurant,30.5178,-112.5971
T000035153,473700000249,2025-12-15T09:37:00Z,20.84,m_780,health,36.0586,-84.0544
T000035154,453500000052,2025-12-15T09:37:00Z,14.96,m_007,restaurant,43.3157,-123.1219
T000035155,455200000174,2025-12-15T09:39:00Z,26.79,m_456,electronics,43.9654,-108.9376
T000035156,489100000057,2025-12-15T09:40:00Z,23.38,m_669,grocery,46.2474,-73.4227
T000035157,440800000163,2025-12-15T09:40:00Z,15.38,m_461,entertainment,28.2873,-118.1524
T000035159,470500000205,2025-12-15T09:45:00Z,7.11,m_422,cash_advance,44.3989,-119.3022
T000035160,471100000298,2025-12-15T09:45:00Z,18.12,m_269,travel,46.219,-85.5719
T000035162,418900000158,2025-12-15T09:46:00Z,8.09,m_285,entertainment,30.537,-107.3463
T000035163,413500000264,2025-12-15T09:47:00Z,69.66,m_784,cash_advance,39.0976,-119.3502
T000035164,486600000215,2025-12-15T09:51:00Z,22.88,m_028,grocery,32.5256,-101.9475
T000035165,459200000077,2025-12-15T09:51:00Z,19.26,m_314,restaurant,35.5539,-105.6022
T000035166,425100000250,2025-12-15T09:58:00Z,30.68,m_414,grocery,33.1374,-99.2033
T000035167,400100000173,2025-12-15T09:58:00Z,11.48,m_605,entertainment,47.4718,-83.37
T000035168,472200000195,2025-12-15T10:00:00Z,163.92,m_159,fuel,34.4164,-80.6472
T000035169,401300000033,2025-12-15T10:02:00Z,44.46,m_359,cash_advance,38.3254,-113.9612
T000035171,403900000062,2025-12-15T10:04:00Z,36.02,m_527,electronics,35.4867,-109.5404
T000035172,470100000147,2025-12-15T10:11:00Z,12.15,m_693,cash_advance,29.9806,-83.3443
T000035173,491300000082,2025-12-15T10:11:00Z,22.42,m_762,health,39.9554,-105.0708
T000035174,490100000041,2025-12-15T10:16:00Z,38.6,m_713,clothing,34.9976,-90.6617
T000035177,427500000040,2025-12-15T10:32:00Z,77.75,m_144,fuel,26.754,-86.8245
T000035178,473700000249,2025-12-15T10:32:00Z,13.09,m_673,fuel,35.7208,-83.9879
T000035179,412900000224,2025-12-15T10:33:00Z,21.75,m_528,clothing,28.8768,-120.1699
T000035180,429200000138,2025-12-15T10:33:00Z,46.69,m_275,online,40.3811,-86.2458
T000035181,493900000199,2025-12-15T10:37:00Z,20.97,m_336,health,40.7723,-90.4771
T000035182,420400000060,2025-12-15T10:39:00Z,32.61,m_629,electronics,32.5774,-72.56
T000035183,430300000145,2025-12-15T10:40:00Z,6.34,m_769,online,26.9832,-103.7393
T000035184,412700000272,2025-12-15T10:40:00Z,51.78,m_169,grocery,35.5801,-107.9414
T000035185,478700000011,2025-12-15T10:40:00Z,65.61,m_241,restaurant,45.351,-93.7769
T000035187,415300000169,2025-12-15T10:49:00Z,20.78,m_321,entertainment,36.0843,-117.3973
T000035188,473700000249,2025-12-15T10:50:00Z,40.27,m_137,online,36.4376,-83.6527
T000035189,425100000126,2025-12-15T10:50:00Z,42.0,m_201,travel,45.623,-107.892
T000035190,403400000178,2025-12-15T10:51:00Z,26.53,m_031,grocery,26.5129,-113.7926
T000035192,427700000051,2025-12-15T10:53:00Z,9.19,m_647,grocery,30.052,-91.8961
T000035193,416600000244,2025-12-15T10:53:00Z,48.05,m_353,cash_advance,38.1195,-73.9732
T000035196,485700000008,2025-12-15T10:58:00Z,48.76,m_074,cash_advance,38.0399,-97.4133
T000035197,422200000028,2025-12-15T11:00:00Z,36.75,m_430,clothing,28.8137,-122.77
T000035198,448600000179,2025-12-15T11:01:00Z,9.34,m_311,electronics,30.7394,-109.3056
T000035200,435100000025,2025-12-15T11:01:00Z,13.91,m_368,entertainment,33.8379,-101.4859
T000035201,472500000070,2025-12-15T11:08:00Z,22.05,m_017,clothing,38.3213,-101.2548
T000035202,472100000092,2025-12-15T11:12:00Z,24.82,m_202,electronics,42.0093,-79.3907
T000035203,449400000093,2025-12-15T11:12:00Z,19.27,m_140,grocery,46.7855,-103.5189
T000035205,492800000125,2025-12-15T11:16:00Z,24.97,m_543,grocery,45.3894,-89.3577
T000035206,427100000293,2025-12-15T11:18:00Z,36.08,m_182,online,29.995,-113.5594
T000035207,426900000083,2025-12-15T11:20:00Z,34.86,m_540,cash_advance,48.1182,-82.9957
T000035208,488800000242,2025-12-15T11:29:00Z,15.23,m_666,health,33.2179,-100.9746
T000035209,466900000159,2025-12-15T11:31:00Z,22.01,m_141,clothing,43.2436,-99.4408
T000035210,454600000047,2025-12-15T11:32:00Z,18.71,m_501,grocery,42.4039,-96.4229
T000035211,473500000012,2025-12-15T11:32:00Z,10.48,m_458,clothing,45.9341,-121.3299
T000035212,446600000289,2025-12-15T11:34:00Z,25.98,m_382,online,37.9837,-72.3348
T000035213,449400000093,2025-12-15T11:41:00Z,24.58,m_093,entertainment,46.6593,-103.6844
T000035214,493900000199,2025-12-15T11:42:00Z,21.54,m_011,cash_advance,41.8606,-90.0254
T000035215,470100000147,2025-12-15T11:52:00Z,8.57,m_359,health,29.6481,-83.8432
T000035216,425100000250,2025-12-15T11:56:00Z,9.41,m_011,travel,33.8893,-99.3224
T000035217,452500000236,2025-12-15T12:00:00Z,8.88,m_781,grocery,25.3321,-116.0465
T000035219,489200000253,2025-12-15T12:00:00Z,20.09,m_464,cash_advance,37.4326,-89.2342
T000035220,490700000167,2025-12-15T12:03:00Z,41.09,m_254,cash_advance,31.423,-99.2859
T000035222,493900000199,2025-12-15T12:08:00Z,13.48,m_759,entertainment,41.5708,-90.0349
T000035228,413500000264,2025-12-15T12:29:00Z,59.51,m_010,electronics,38.9298,-118.7016
T000035230,405200000054,2025-12-15T12:34:00Z,67.54,m_345,electronics,30.5379,-89.1249
T000035232,422500000202,2025-12-15T12:40:00Z,13.02,m_473,clothing,28.5633,-88.1805
T000035233,496700000238,2025-12-15T12:47:00Z,14.14,m_537,entertainment,25.1757,-103.4868
T000035236,459200000077,2025-12-15T13:10:00Z,110.29,m_741,grocery,34.7652,-107.0828
T000035237,420300000182,2025-12-15T13:11:00Z,31.8,m_532,clothing,31.0155,-97.3792
T000035238,411600000017,2025-12-15T13:15:00Z,132.17,m_315,fuel,37.3049,-86.9608
T000035240,416600000244,2025-12-15T13:20:00Z,21.92,m_249,fuel,38.0574,-73.3265
T000035241,494800000246,2025-12-15T13:20:00Z,57.01,m_654,entertainment,42.7159,-107.2287
T000035242,439700000263,2025-12-15T13:23:00Z,23.23,m_151,grocery,47.2937,-93.5657
T000035243,454700000001,2025-12-15T13:23:00Z,8.12,m_144,restaurant,28.7372,-117.6789
T000035244,488800000117,2025-12-15T13:26:00Z,31.53,m_530,clothing,35.8237,-104.7724
T000035245,419200000035,2025-12-15T13:28:00Z,28.57,m_107,clothing,29.7339,-91.9052
T000035246,440800000163,2025-12-15T13:29:00Z,16.42,m_738,health,28.1299,-117.9597
T000035247,492300000134,2025-12-15T13:31:00Z,19.47,m_724,grocery,26.0033,-101.6529
T000035248,474000000094,2025-12-15T13:41:00Z,6.58,m_271,cash_advance,47.4683,-116.4781
T000035251,427000000130,2025-12-15T13:49:00Z,45.43,m_199,cash_advance,40.3425,-100.8868
T000035252,454600000047,2025-12-15T13:49:00Z,9.49,m_259,cash_advance,43.3661,-96.7959
T000035253,488200000133,2025-12-15T13:52:00Z,18.15,m_061,clothing,45.9251,-88.1914
T000035254,470100000147,2025-12-15T13:53:00Z,18.25,m_711,grocery,30.3768,-83.7631
T000035255,432400000114,2025-12-15T13:54:00Z,14.01,m_572,cash_advance,41.4489,-73.618
T000035256,438100000157,2025-12-15T13:56:00Z,55.16,m_697,restaurant,28.2835,-98.2563
T000035257,472100000092,2025-12-15T14:00:00Z,8.87,m_044,grocery,42.0399,-79.6726
T000035258,455200000174,2025-12-15T14:01:00Z,24.52,m_448,entertainment,44.1261,-108.6526
T000035259,449300000066,2025-12-15T14:02:00Z,32.98,m_576,fuel,34.2756,-92.0441
T000035260,433100000271,2025-12-15T14:02:00Z,21.25,m_705,entertainment,41.6175,-78.3437
T000035261,425600000170,2025-12-15T14:09:00Z,18.34,m_352,electronics,27.5778,-82.9871
T000035262,409000000198,2025-12-15T14:10:00Z,27.23,m_798,entertainment,47.4111,-81.5575
T000035265,459200000077,2025-12-15T14:18:00Z,25.9,m_291,online,35.0244,-105.9342
T000035266,413300000061,2025-12-15T14:27:00Z,13.33,m_721,cash_advance,34.7321,-80.6967
T000035267,420300000182,2025-12-15T14:28:00Z,27.62,m_757,travel,30.2919,-97.4286
T000035268,406800000116,2025-12-15T14:29:00Z,29.32,m_282,grocery,45.1236,-85.8626
T000035269,472200000195,2025-12-15T14:32:00Z,68.49,m_571,online,35.4234,-80.527
T000035270,479800000106,2025-12-15T14:32:00Z,17.01,m_755,online,28.1871,-71.0864
T000035273,408800000280,2025-12-15T14:46:00Z,70.16,m_248,electronics,45.6045,-113.531
T000035275,468200000221,2025-12-15T14:59:00Z,26.02,m_652,restaurant,40.1339,-72.3203
T000035277,488200000133,2025-12-15T15:05:00Z,18.29,m_058,grocery,46.4618,-88.0447
T000035279,458800000284,2025-12-15T15:28:00Z,30.06,m_132,electronics,39.1469,-96.8418
T000035280,431300000248,2025-12-15T15:31:00Z,27.12,m_391,restaurant,27.6391,-86.1853
T000035281,454600000047,2025-12-15T15:32:00Z,13.04,m_294,cash_advance,43.3331,-97.1811
T000035282,477200000076,2025-12-15T15:33:00Z,25.0,m_212,online,42.8591,-78.0684
T000035283,435100000025,2025-12-15T15:34:00Z,6.14,m_260,electronics,33.9563,-101.3176
T000035284,423900000113,2025-12-15T15:43:00Z,56.71,m_312,grocery,31.6775,-90.5334
T000035286,494800000246,2025-12-15T15:44:00Z,39.66,m_561,clothing,41.7138,-107.1204
T000035287,472500000070,2025-12-15T15:44:00Z,18.91,m_039,travel,38.5601,-101.07
T000035289,466900000159,2025-12-15T15:45:00Z,17.23,m_437,health,43.5755,-99.5201
T000035291,426800000149,2025-12-15T15:46:00Z,62.87,m_188,clothing,29.7478,-117.8065
T000035297,483600000069,2025-12-15T16:10:00Z,68.76,m_047,cash_advance,28.6438,-112.2791
T000035298,419200000035,2025-12-15T16:10:00Z,81.27,m_241,travel,29.6331,-92.3859
T000035299,499000000220,2025-12-15T16:11:00Z,16.27,m_514,health,27.2796,-106.3151
T000035300,423300000143,2025-12-15T16:11:00Z,37.19,m_093,travel,41.3499,-108.4064
T000035301,463300000003,2025-12-15T16:13:00Z,13.3,m_700,online,27.2893,-71.8814
T000035302,475100000009,2025-12-15T16:13:00Z,11.46,m_480,online,33.6848,-78.2012
T000035303,413700000266,2025-12-15T16:15:00Z,30.75,m_565,entertainment,30.8306,-116.8628
T000035304,478800000067,2025-12-15T16:17:00Z,13.62,m_626,clothing,46.7319,-72.9908
T000035305,490700000167,2025-12-15T16:22:00Z,16.86,m_773,restaurant,31.5484,-99.4875
T000035306,489200000253,2025-12-15T16:25:00Z,70.21,m_780,electronics,36.7497,-88.8685
T000035309,473500000012,2025-12-15T16:30:00Z,3.55,m_279,online,45.6703,-122.189
T000035310,460200000201,2025-12-15T16:36:00Z,45.07,m_041,online,45.1229,-77.8397
T000035311,472100000092,2025-12-15T16:37:00Z,9.13,m_544,electronics,41.0178,-80.1374
T000035312,499500000281,2025-12-15T16:40:00Z,17.62,m_160,grocery,47.5665,-75.5788
T000035314,472200000195,2025-12-15T16:47:00Z,45.82,m_126,travel,34.3686,-81.1362
T000035315,425100000126,2025-12-15T16:47:00Z,62.38,m_454,fuel,46.169,-107.4408
T000035316,434500000161,2025-12-15T16:49:00Z,13.87,m_554,electronics,36.2576,-88.3729
T000035318,498000000026,2025-12-15T16:53:00Z,61.29,m_795,electronics,26.5801,-91.1415
T000035319,466900000159,2025-12-15T16:54:00Z,7.98,m_691,health,43.7067,-99.8755
T000035321,418900000158,2025-12-15T16:58:00Z,12.48,m_649,grocery,29.9579,-107.6224
T000035322,432400000114,2025-12-15T17:08:00Z,32.98,m_288,grocery,42.6638,-74.1315
T000035323,449400000063,2025-12-15T17:09:00Z,23.8,m_603,grocery,41.6568,-74.4005
T000035324,489100000057,2025-12-15T17:11:00Z,8.35,m_346,cash_advance,46.6128,-74.1872
T000035326,471700000259,2025-12-15T17:18:00Z,31.87,m_250,fuel,26.4993,-117.7535
T000035327,454900000187,2025-12-15T17:20:00Z,10.74,m_474,entertainment,41.7784,-111.6339
T000035329,478500000258,2025-12-15T17:29:00Z,14.62,m_090,cash_advance,47.0777,-83.8803
T000035330,487500000214,2025-12-15T17:32:00Z,13.77,m_054,cash_advance,47.5912,-95.437
T000035331,445900000135,2025-12-15T17:35:00Z,21.99,m_228,online,32.7814,-105.6932
T000035332,425600000170,2025-12-15T17:35:00Z,16.87,m_032,electronics,27.6766,-83.0536
T000035333,472500000128,2025-12-15T17:37:00Z,23.03,m_621,grocery,30.472,-119.1318
T000035334,492300000134,2025-12-15T17:42:00Z,29.38,m_173,fuel,25.7793,-101.9605
T000035337,440800000163,2025-12-15T17:50:00Z,21.87,m_751,clothing,27.9302,-118.0668
T000035338,491600000072,2025-12-15T17:50:00Z,33.07,m_668,clothing,35.2259,-113.4776
T000035339,475100000009,2025-12-15T17:57:00Z,24.36,m_588,travel,33.1714,-78.6396
T000035341,443900000180,2025-12-15T18:02:00Z,8.08,m_289,travel,45.531,-76.3673
T000035343,461900000132,2025-12-15T18:06:00Z,7.66,m_764,health,39.3674,-96.2454
T000035344,403900000062,2025-12-15T18:08:00Z,28.7,m_299,grocery,36.5452,-108.2816
T000035347,485500000183,2025-12-15T18:11:00Z,18.43,m_430,online,33.6521,-73.3068
T000035349,413300000061,2025-12-15T18:21:00Z,10.01,m_653,fuel,34.1108,-80.8173
T000035350,494800000246,2025-12-15T18:22:00Z,27.16,m_161,electronics,41.4392,-107.1224
T000035351,401300000033,2025-12-15T18:22:00Z,17.68,m_613,grocery,38.0476,-113.6221
T000035353,488200000133,2025-12-15T18:28:00Z,32.32,m_652,clothing,46.7193,-87.966
T000035355,418600000223,2025-12-15T18:42:00Z,9.54,m_173,restaurant,48.6659,-78.0088
T000035356,492300000134,2025-12-15T18:42:00Z,22.47,m_769,travel,26.8284,-101.9347
T000035357,425300000079,2025-12-15T18:43:00Z,7.75,m_006,clothing,36.3413,-75.5276
T000035358,492300000134,2025-12-15T18:45:00Z,64.96,m_155,electronics,25.794,-102.68
T000035359,423900000113,2025-12-15T18:45:00Z,45.24,m_037,health,31.4132,-90.8084
T000035362,494000000016,2025-12-15T19:06:00Z,44.84,m_103,grocery,38.8196,-112.5209
T000035364,442200000287,2025-12-15T19:10:00Z,17.79,m_027,fuel,32.7878,-121.0082
T000035365,471100000298,2025-12-15T19:11:00Z,4.07,m_730,cash_advance,45.9611,-86.3062
T000035367,459900000181,2025-12-15T19:15:00Z,22.39,m_341,grocery,28.0314,-115.008
T000035368,457900000211,2025-12-15T19:15:00Z,11.77,m_719,health,31.0555,-105.328
T000035370,441700000121,2025-12-15T19:18:00Z,16.32,m_626,travel,27.0036,-105.8277
T000035372,497600000197,2025-12-15T19:22:00Z,14.33,m_532,travel,45.9822,-117.2387
T000035373,494800000019,2025-12-15T19:22:00Z,24.12,m_557,clothing,25.0088,-102.9762
T000035374,454600000047,2025-12-15T19:25:00Z,15.49,m_700,entertainment,42.6652,-97.1056
T000035376,478800000015,2025-12-15T19:28:00Z,38.92,m_490,electronics,30.8982,-113.849
T000035377,440000000190,2025-12-15T19:28:00Z,10.1,m_289,online,40.7422,-78.131
T000035375,498000000209,2025-12-15T19:28:00Z,19.92,m_244,grocery,43.4346,-88.6838
T000035378,402500000268,2025-12-15T19:37:00Z,3.17,m_430,entertainment,44.0572,-117.9295
T000035379,413500000264,2025-12-15T19:40:00Z,36.69,m_382,electronics,38.4791,-119.5815
T000035380,460200000201,2025-12-15T19:42:00Z,40.63,m_708,entertainment,45.4896,-77.7143
T000035381,473800000088,2025-12-15T19:44:00Z,12.95,m_410,health,48.8266,-99.1825
T000035382,493300000296,2025-12-15T19:47:00Z,12.02,m_209,clothing,48.2107,-106.3396
T000035385,425300000079,2025-12-15T19:51:00Z,18.92,m_121,clothing,36.4293,-75.8872
T000035387,434800000074,2025-12-15T19:56:00Z,11.04,m_088,health,35.5925,-110.3543
T000035388,479800000106,2025-12-15T19:59:00Z,20.37,m_506,health,28.3499,-71.1755
T000035390,408300000014,2025-12-15T20:08:00Z,7.83,m_076,cash_advance,39.7483,-89.0531
T000035391,400100000173,2025-12-15T20:08:00Z,9.9,m_374,clothing,47.6834,-83.684
T000035392,412700000272,2025-12-15T20:14:00Z,48.0,m_568,restaurant,35.1194,-107.5786
T000035393,475100000009,2025-12-15T20:14:00Z,295.06,m_070,electronics,41.7151,-74.8093
T000035395,420900000275,2025-12-15T20:25:00Z,59.75,m_770,restaurant,29.6673,-73.5644
T000035397,455700000103,2025-12-15T20:26:00Z,16.02,m_449,electronics,25.2924,-90.1252
T000035399,403400000178,2025-12-15T20:28:00Z,9.4,m_503,health,26.8014,-113.2587
T000035401,493600000274,2025-12-15T20:32:00Z,28.23,m_065,travel,27.274,-72.6203
T000035403,431800000140,2025-12-15T20:36:00Z,84.41,m_294,fuel,47.6191,-96.7055
T000035406,427100000293,2025-12-15T20:50:00Z,21.97,m_683,health,30.267,-113.2925
T000035407,427000000130,2025-12-15T20:52:00Z,28.57,m_350,clothing,40.9198,-100.3542
T000035408,492900000216,2025-12-15T20:54:00Z,6.65,m_549,restaurant,36.0415,-71.2945
T000035409,473800000088,2025-12-15T20:56:00Z,5.72,m_543,travel,48.7645,-99.1191
T000035410,453500000052,2025-12-15T20:56:00Z,21.58,m_290,restaurant,42.6821,-122.5149
T000035411,492900000216,2025-12-15T20:58:00Z,15.34,m_208,fuel,35.5427,-70.7464
T000035412,413700000240,2025-12-15T21:31:00Z,22.86,m_609,health,29.9517,-117.85
T000035415,442200000037,2025-12-15T21:47:00Z,38.01,m_331,electronics,33.33,-107.1865
T000035416,449300000066,2025-12-15T21:55:00Z,13.01,m_735,entertainment,34.41,-92.3249
T000035417,497300000184,2025-12-15T22:10:00Z,231.56,m_138,electronics,31.8608,-87.299
T000035419,442200000037,2025-12-15T22:16:00Z,36.5,m_154,electronics,33.1146,-106.9275
T000035420,459200000077,2025-12-15T22:22:00Z,19.29,m_162,entertainment,35.0997,-106.4158
T000035421,448700000123,2025-12-15T22:28:00Z,38.77,m_161,electronics,41.587,-97.5425
T000035422,467400000299,2025-12-15T22:30:00Z,63.01,m_778,entertainment,26.0638,-108.9974
T000035428,460200000201,2025-12-16T00:01:00Z,21.55,m_575,entertainment,44.795,-78.7967
T000035429,489800000203,2025-12-16T00:07:00Z,7.44,m_069,clothing,42.6159,-102.6203
T000035431,432000000185,2025-12-16T00:30:00Z,32.92,m_378,fuel,41.3293,-82.5138
T000035432,440200000212,2025-12-16T00:39:00Z,128.84,m_510,health,45.3955,-103.1888
T000035433,433100000271,2025-12-16T00:47:00Z,12.0,m_033,clothing,42.3259,-78.9083
T000035434,400100000173,2025-12-16T00:53:00Z,29.09,m_041,entertainment,47.9298,-83.288
T000035435,484400000030,2025-12-16T01:05:00Z,14.6,m_766,fuel,28.3271,-72.9094
T000035436,489800000203,2025-12-16T01:18:00Z,6.49,m_034,restaurant,43.4157,-103.4905
T000035438,495400000142,2025-12-16T01:31:00Z,6.74,m_512,clothing,40.7525,-117.435
T000035439,427700000051,2025-12-16T01:31:00Z,130.15,m_112,travel,33.1552,-88.6871
T000035440,454600000047,2025-12-16T01:37:00Z,16.48,m_305,travel,42.5036,-96.8111
T000035442,440200000212,2025-12-16T01:45:00Z,27.83,m_401,health,45.3219,-103.0066
T000035443,421700000058,2025-12-16T01:48:00Z,29.66,m_549,clothing,42.5961,-83.3769
T000035445,491700000032,2025-12-16T02:15:00Z,16.3,m_102,clothing,34.8929,-116.7094
T000035447,478700000237,2025-12-16T02:25:00Z,213.62,m_354,electronics,31.381,-85.9252
T000035448,458800000284,2025-12-16T02:59:00Z,16.68,m_451,fuel,39.1552,-95.9526
T000035449,443300000192,2025-12-16T03:06:00Z,21.65,m_707,health,31.6275,-118.9673
T000035450,449400000063,2025-12-16T03:10:00Z,47.61,m_411,electronics,41.7448,-73.9163
T000035452,459100000090,2025-12-16T03:13:00Z,7.34,m_209,restaurant,41.0031,-83.088
T000035454,434800000074,2025-12-16T04:03:00Z,19.53,m_304,health,34.365,-109.8392
T000035455,400000000251,2025-12-16T04:11:00Z,3.61,m_530,fuel,38.901,-97.5903
T000035456,418600000223,2025-12-16T04:20:00Z,13.33,m_734,fuel,48.8732,-78.1567
T000035457,498300000111,2025-12-16T04:35:00Z,13.74,m_663,electronics,25.6293,-118.2169
T000035459,460200000124,2025-12-16T05:49:00Z,12.21,m_021,clothing,47.6022,-74.7527
T000035460,462600000282,2025-12-16T05:50:00Z,11.68,m_360,travel,46.1231,-89.0215
T000035461,487500000214,2025-12-16T06:04:00Z,22.03,m_321,grocery,47.2902,-94.9396
T000035462,493600000274,2025-12-16T06:20:00Z,5.86,m_189,restaurant,26.8814,-72.8311
T000035464,452500000236,2025-12-16T06:25:00Z,5.61,m_244,fuel,25.6906,-115.9827
T000035468,473500000012,2025-12-16T07:11:00Z,12.32,m_288,restaurant,45.2269,-121.4971
T000035469,420900000275,2025-12-16T07:17:00Z,32.49,m_120,entertainment,28.6485,-74.249
T000035470,454600000047,2025-12-16T07:23:00Z,39.43,m_009,clothing,43.3405,-96.6924
T000035473,492300000241,2025-12-16T07:37:00Z,15.0,m_106,fuel,28.3365,-77.608
T000035475,486500000234,2025-12-16T07:55:00Z,13.92,m_087,health,37.8805,-107.5589
T000035476,400100000173,2025-12-16T08:00:00Z,22.63,m_008,grocery,47.7608,-84.2911
T000035477,497600000197,2025-12-16T08:05:00Z,29.24,m_280,electronics,44.5091,-117.0371
T000035478,463700000291,2025-12-16T08:06:00Z,4.81,m_024,travel,37.0085,-84.7233
T000035479,403400000178,2025-12-16T08:07:00Z,10.94,m_738,restaurant,26.6302,-114.1146
T000035480,420400000060,2025-12-16T08:11:00Z,23.79,m_179,entertainment,32.2319,-72.5778
T000035481,475100000009,2025-12-16T08:11:00Z,26.3,m_640,entertainment,32.8427,-78.1351
T000035482,485700000008,2025-12-16T08:12:00Z,22.12,m_419,online,38.8507,-97.3125
T000035483,472100000092,2025-12-16T08:17:00Z,5.8,m_392,cash_advance,41.7688,-80.228
T000035485,454600000047,2025-12-16T08:20:00Z,14.25,m_088,fuel,42.7504,-96.7525
T000035486,413300000230,2025-12-16T08:24:00Z,37.84,m_170,online,41.594,-71.7875
T000035487,414100000007,2025-12-16T08:24:00Z,11.52,m_420,entertainment,35.877,-114.5637
T000035489,488600000295,2025-12-16T08:29:00Z,8.46,m_214,restaurant,43.5071,-99.883
T000035491,488800000242,2025-12-16T08:32:00Z,10.69,m_616,grocery,33.414,-100.4605
T000035492,455700000103,2025-12-16T08:34:00Z,15.33,m_536,travel,26.0092,-90.5765
T000035494,449300000066,2025-12-16T08:38:00Z,4.01,m_651,grocery,34.1277,-91.1805
T000035495,461500000245,2025-12-16T08:39:00Z,44.14,m_055,cash_advance,37.4448,-120.1487
T000035497,497300000184,2025-12-16T08:44:00Z,39.71,m_519,travel,34.8083,-89.8087
T000035498,454900000187,2025-12-16T08:45:00Z,10.38,m_310,electronics,41.8941,-111.6833
T000035499,486600000215,2025-12-16T08:46:00Z,32.46,m_033,restaurant,31.8768,-102.3955
T000035500,486500000234,2025-12-16T08:47:00Z,9.84,m_353,entertainment,38.3377,-107.2376
T000035502,492800000125,2025-12-16T08:57:00Z,18.57,m_328,grocery,44.9401,-90.1552
T000035503,421500000098,2025-12-16T09:04:00Z,15.5,m_182,health,32.6898,-122.0794
T000035505,468600000099,2025-12-16T09:12:00Z,7.92,m_607,health,37.5816,-73.6815
T000035506,492900000216,2025-12-16T09:16:00Z,5.25,m_561,grocery,36.1876,-70.6664
T000035509,404400000000,2025-12-16T09:33:00Z,29.36,m_673,fuel,46.4104,-75.1928
T000035510,451600000095,2025-12-16T09:48:00Z,46.69,m_220,cash_advance,40.638,-103.0184
T000035511,480500000222,2025-12-16T09:48:00Z,65.7,m_759,fuel,28.5641,-121.9901
T000035512,427000000130,2025-12-16T09:54:00Z,42.81,m_523,fuel,40.5152,-101.763
T000035513,419900000096,2025-12-16T10:00:00Z,57.64,m_616,entertainment,46.7266,-95.6588
T000035514,433100000271,2025-12-16T10:00:00Z,11.75,m_280,clothing,42.3734,-78.8628
T000035515,403900000062,2025-12-16T10:02:00Z,33.98,m_107,fuel,35.6818,-108.2457
T000035516,427100000293,2025-12-16T10:02:00Z,92.03,m_218,online,29.962,-112.7064
T000035517,480500000222,2025-12-16T10:05:00Z,37.5,m_016,cash_advance,29.5692,-123.0712
T000035520,483100000286,2025-12-16T10:26:00Z,105.88,m_109,online,35.3251,-74.5279
T000035522,489100000057,2025-12-16T10:29:00Z,23.23,m_060,grocery,45.1607,-74.0259
T000035523,466900000159,2025-12-16T10:30:00Z,5.97,m_667,health,44.1419,-99.9966
T000035525,490100000041,2025-12-16T10:40:00Z,11.27,m_408,entertainment,35.9093,-91.1494
T000035526,491300000082,2025-12-16T10:56:00Z,45.0,m_316,entertainment,39.4772,-105.8219
T000035528,425400000252,2025-12-16T11:01:00Z,12.47,m_083,fuel,25.1597,-123.1268
T000035530,456600000153,2025-12-16T11:08:00Z,55.21,m_247,restaurant,37.5088,-111.2104
T000035533,400000000251,2025-12-16T11:10:00Z,4.1,m_039,grocery,38.7674,-97.8293
T000035534,457900000211,2025-12-16T11:17:00Z,25.94,m_684,cash_advance,31.7677,-105.7809
T000035535,497300000184,2025-12-16T11:19:00Z,29.05,m_410,travel,34.971,-89.2207
T000035536,436700000039,2025-12-16T11:24:00Z,9.15,m_397,entertainment,42.0719,-78.0318
T000035537,431800000140,2025-12-16T11:27:00Z,48.11,m_699,clothing,47.4657,-95.9911
T000035538,404300000189,2025-12-16T11:30:00Z,31.02,m_743,grocery,26.3012,-117.8711
T000035540,449400000093,2025-12-16T11:32:00Z,21.5,m_573,cash_advance,46.7139,-103.5534
T000035541,486600000215,2025-12-16T11:33:00Z,25.53,m_179,restaurant,31.3485,-102.0739
T000035542,456600000153,2025-12-16T11:33:00Z,51.07,m_421,fuel,37.2148,-111.1877
T000035543,496700000238,2025-12-16T11:34:00Z,25.18,m_470,health,25.7464,-103.8133
T000035546,443000000144,2025-12-16T11:44:00Z,78.56,m_423,travel,30.603,-78.6918
T000035547,425400000252,2025-12-16T11:47:00Z,12.36,m_159,fuel,25.4603,-122.9965
T000035548,409000000198,2025-12-16T11:55:00Z,19.04,m_634,fuel,47.4343,-80.6193
T000035549,463700000006,2025-12-16T11:55:00Z,10.81,m_208,cash_advance,30.1564,-122.7713
T000035550,473300000089,2025-12-16T11:58:00Z,22.96,m_235,restaurant,39.4936,-73.4608
T000035551,491300000082,2025-12-16T11:59:00Z,13.65,m_652,cash_advance,39.9226,-105.6085
T000035552,431600000056,2025-12-16T12:00:00Z,32.97,m_707,entertainment,45.2058,-84.0887
T000035555,493300000296,2025-12-16T12:18:00Z,17.55,m_167,electronics,47.6026,-106.2545
T000035556,468200000221,2025-12-16T12:21:00Z,17.84,m_261,electronics,40.7552,-72.3932
T000035557,480500000027,2025-12-16T12:21:00Z,27.41,m_072,fuel,37.5268,-107.8338
T000035558,490400000207,2025-12-16T12:36:00Z,11.78,m_710,clothing,39.2318,-121.4491
T000035559,498000000209,2025-12-16T12:38:00Z,6.09,m_545,cash_advance,44.483,-88.6596
T000035560,471100000081,2025-12-16T12:39:00Z,10.42,m_644,entertainment,40.8164,-113.3275
T000035561,492900000216,2025-12-16T12:40:00Z,8.08,m_329,entertainment,34.9713,-71.2298
T000035562,426800000149,2025-12-16T12:46:00Z,32.35,m_314,online,30.3479,-118.1127
T000035563,478700000237,2025-12-16T12:46:00Z,16.72,m_021,grocery,26.8276,-77.4983
T000035564,498300000111,2025-12-16T12:48:00Z,4.69,m_672,electronics,25.3707,-116.9569
T000035565,415300000169,2025-12-16T12:48:00Z,34.63,m_097,online,35.8479,-117.2928
T000035569,457900000211,2025-12-16T12:57:00Z,13.03,m_006,restaurant,31.3813,-106.2471
T000035570,471100000298,2025-12-16T12:57:00Z,15.13,m_635,travel,46.0211,-85.6382
T000035574,400000000251,2025-12-16T13:14:00Z,14.98,m_588,online,38.9997,-98.0569
T000035576,445900000135,2025-12-16T13:15:00Z,31.36,m_011,restaurant,32.4706,-105.4387
T000035577,421400000107,2025-12-16T13:15:00Z,37.25,m_152,online,39.8469,-111.8519
T000035578,472100000092,2025-12-16T13:17:00Z,8.4,m_749,online,42.485,-79.8374
T000035580,497000000034,2025-12-16T13:21:00Z,6.53,m_644,online,36.9854,-122.5101
T000035583,487500000214,2025-12-16T13:30:00Z,6.6,m_059,online,47.6551,-95.6988
T000035584,498300000111,2025-12-16T13:30:00Z,17.21,m_097,electronics,25.5402,-117.6393
T000035586,453500000052,2025-12-16T13:41:00Z,19.77,m_087,fuel,42.9163,-122.7023
T000035587,471100000081,2025-12-16T13:44:00Z,7.26,m_311,clothing,39.2256,-112.6949
T000035589,499000000220,2025-12-16T13:47:00Z,14.43,m_726,fuel,27.2835,-107.2384
T000035590,471100000081,2025-12-16T13:48:00Z,12.15,m_586,restaurant,39.4233,-113.4441
T000035591,463700000006,2025-12-16T13:48:00Z,7.99,m_591,grocery,29.0719,-123.2387
T000035592,485300000175,2025-12-16T13:49:00Z,15.35,m_426,grocery,37.7699,-93.4941
T000035593,482000000288,2025-12-16T13:53:00Z,40.98,m_171,health,37.1889,-106.8634
T000035595,490700000167,2025-12-16T13:57:00Z,19.47,m_718,cash_advance,31.4507,-99.1194
T000035596,422200000028,2025-12-16T13:58:00Z,63.54,m_609,cash_advance,28.743,-121.5911
T000035597,478800000067,2025-12-16T14:00:00Z,13.6,m_407,online,46.7279,-73.4137
T000035600,449400000063,2025-12-16T14:03:00Z,15.8,m_665,travel,41.5434,-74.3801
T000035602,491000000038,2025-12-16T14:09:00Z,29.2,m_757,cash_advance,26.7666,-92.8802
T000035603,473700000249,2025-12-16T14:12:00Z,18.77,m_733,fuel,36.1181,-83.7441
T000035604,473300000089,2025-12-16T14:18:00Z,7.87,m_454,grocery,39.1751,-73.8197
T000035605,408300000014,2025-12-16T14:20:00Z,7.12,m_046,entertainment,39.0153,-88.4056
T000035607,472500000128,2025-12-16T14:24:00Z,4.35,m_260,cash_advance,30.3385,-119.2199
T000035610,426900000083,2025-12-16T14:36:00Z,15.83,m_252,grocery,48.2358,-82.5443
T000035611,445900000135,2025-12-16T14:36:00Z,26.87,m_234,grocery,32.166,-104.8913
T000035612,419200000035,2025-12-16T14:37:00Z,25.47,m_630,cash_advance,30.1041,-91.8157
T000035613,403900000062,2025-12-16T14:38:00Z,42.46,m_101,grocery,36.3929,-108.5125
T000035615,440800000163,2025-12-16T14:41:00Z,11.23,m_604,fuel,27.5047,-117.0821
T000035616,422200000028,2025-12-16T14:44:00Z,22.58,m_068,online,29.106,-121.4016
T000035618,497300000184,2025-12-16T14:54:00Z,14.02,m_607,clothing,34.7508,-90.2395
T000035619,455200000029,2025-12-16T15:01:00Z,13.13,m_525,restaurant,45.0011,-73.5677
T000035620,444500000160,2025-12-16T15:08:00Z,24.66,m_497,grocery,28.7104,-82.145
T000035621,408700000002,2025-12-16T15:09:00Z,37.27,m_664,fuel,36.9319,-94.6921
T000035622,470900000176,2025-12-16T15:09:00Z,4.96,m_732,clothing,46.3968,-80.3984
T000035623,471100000298,2025-12-16T15:13:00Z,7.71,m_457,health,45.3075,-86.2637
T000035624,488200000133,2025-12-16T15:15:00Z,24.26,m_402,electronics,46.7988,-88.0861
T000035625,472100000092,2025-12-16T15:15:00Z,7.55,m_408,health,42.081,-79.6166
T000035626,440000000190,2025-12-16T15:16:00Z,6.85,m_320,fuel,40.8441,-77.2893
T000035627,478700000011,2025-12-16T15:18:00Z,31.94,m_389,entertainment,46.247,-93.5017
T000035629,478500000258,2025-12-16T15:23:00Z,37.85,m_619,restaurant,46.5508,-83.7755
T000035630,478200000065,2025-12-16T15:25:00Z,63.94,m_756,travel,34.403,-89.7536
T000035632,490100000041,2025-12-16T15:31:00Z,28.91,m_740,online,35.643,-90.8489
T000035633,442200000287,2025-12-16T15:35:00Z,39.62,m_248,fuel,32.6672,-121.0469
T000035635,463300000003,2025-12-16T15:50:00Z,6.38,m_099,restaurant,28.3235,-71.5457
T000035636,491300000082,2025-12-16T15:51:00Z,28.34,m_335,cash_advance,40.2414,-105.5444
T000035637,456300000265,2025-12-16T15:52:00Z,41.23,m_029,entertainment,34.5559,-122.5943
T000035638,494800000228,2025-12-16T15:53:00Z,47.44,m_536,fuel,25.5684,-86.9889
T000035639,451600000095,2025-12-16T16:02:00Z,11.06,m_453,online,41.6748,-103.2162
T000035641,494800000246,2025-12-16T16:05:00Z,34.39,m_462,entertainment,41.9729,-106.5415
T000035642,420400000060,2025-12-16T16:06:00Z,21.31,m_371,clothing,32.5204,-72.8445
T000035644,422500000202,2025-12-16T16:11:00Z,76.41,m_430,online,15.1099,-90.6155
T000035646,412500000217,2025-12-16T16:11:00Z,22.83,m_145,online,25.8302,-112.7218
T000035647,490100000041,2025-12-16T16:13:00Z,14.85,m_365,online,35.3101,-90.0762
T000035649,451600000095,2025-12-16T16:20:00Z,15.43,m_155,fuel,41.0815,-102.6102
T000035650,444500000160,2025-12-16T16:26:00Z,28.93,m_043,entertainment,28.6701,-81.6236
T000035653,412900000224,2025-12-16T16:32:00Z,24.94,m_516,fuel,29.2136,-120.5949
T000035654,499500000281,2025-12-16T16:34:00Z,35.58,m_234,clothing,47.4708,-75.6053
T000035657,477200000076,2025-12-16T16:43:00Z,60.02,m_529,restaurant,43.1991,-77.9459
T000035659,420200000231,2025-12-16T16:53:00Z,9.62,m_497,online,28.0362,-116.3132
T000035660,433100000271,2025-12-16T16:56:00Z,30.47,m_337,clothing,42.252,-78.7979
T000035661,472200000195,2025-12-16T16:56:00Z,41.3,m_617,online,34.6535,-80.9297
T000035662,473800000088,2025-12-16T16:57:00Z,11.18,m_037,online,48.6435,-99.6086
T000035664,489200000253,2025-12-16T17:04:00Z,101.14,m_199,cash_advance,37.3272,-89.2602
T000035665,488800000117,2025-12-16T17:09:00Z,46.01,m_426,clothing,35.5739,-106.2058
T000035667,406800000116,2025-12-16T17:11:00Z,36.48,m_116,clothing,44.87,-85.9588
T000035668,431300000248,2025-12-16T17:15:00Z,21.89,m_192,cash_advance,26.9385,-86.4464
T000035669,452800000233,2025-12-16T17:16:00Z,15.18,m_051,restaurant,35.0373,-72.1088
T000035670,486600000046,2025-12-16T17:17:00Z,53.83,m_500,electronics,41.5917,-97.0515
T000035671,473300000089,2025-12-16T17:18:00Z,18.98,m_489,electronics,39.406,-73.8037
T000035673,490100000041,2025-12-16T17:26:00Z,10.8,m_769,cash_advance,35.8219,-91.1715
T000035674,449300000066,2025-12-16T17:27:00Z,8.31,m_527,cash_advance,34.7148,-92.2446
T000035676,482000000288,2025-12-16T17:38:00Z,39.96,m_664,grocery,36.6828,-106.5771
T000035677,477200000076,2025-12-16T17:41:00Z,70.06,m_453,health,43.2283,-77.2598
T000035678,494800000228,2025-12-16T17:46:00Z,13.35,m_123,cash_advance,25.1435,-86.7283
T000035680,479800000106,2025-12-16T17:49:00Z,24.02,m_076,travel,28.92,-71.4891
T000035681,478700000011,2025-12-16T17:51:00Z,86.12,m_241,grocery,45.8927,-92.8962
T000035682,442200000037,2025-12-16T17:57:00Z,37.07,m_286,entertainment,33.8774,-106.6783
T000035684,441600000097,2025-12-16T18:01:00Z,9.12,m_408,electronics,27.4335,-117.249
T000035685,406800000116,2025-12-16T18:04:00Z,37.88,m_205,health,44.3836,-85.5532
T000035686,490100000041,2025-12-16T18:05:00Z,19.69,m_348,fuel,35.2559,-90.6543
T000035687,420200000231,2025-12-16T18:05:00Z,16.26,m_776,online,27.7664,-115.6278
T000035688,486600000215,2025-12-16T18:08:00Z,26.82,m_758,fuel,31.7639,-101.6881
T000035689,440800000163,2025-12-16T18:10:00Z,19.66,m_336,cash_advance,27.5176,-117.2731
T000035691,442200000287,2025-12-16T18:20:00Z,55.95,m_299,restaurant,32.9113,-120.5772
T000035693,425100000250,2025-12-16T18:26:00Z,11.39,m_095,health,33.6187,-98.9038
T000035694,413500000264,2025-12-16T18:27:00Z,53.55,m_087,clothing,39.2749,-119.5759
T000035696,481700000044,2025-12-16T18:28:00Z,13.19,m_239,grocery,42.2121,-88.2942
T000035698,482300000206,2025-12-16T18:32:00Z,39.4,m_285,electronics,37.2569,-78.639
T000035699,493900000290,2025-12-16T18:33:00Z,139.52,m_112,cash_advance,34.1412,-73.381
T000035702,434800000074,2025-12-16T18:41:00Z,28.44,m_723,clothing,35.2371,-109.8286
T000035703,427700000051,2025-12-16T18:52:00Z,11.11,m_616,online,29.0275,-92.9598
T000035704,412700000272,2025-12-16T18:52:00Z,53.04,m_241,grocery,34.8457,-107.8712
T000035705,470500000205,2025-12-16T18:53:00Z,5.82,m_620,fuel,44.6712,-119.4567
T000035706,413500000264,2025-12-16T18:57:00Z,40.61,m_342,grocery,39.447,-119.1789
T000035707,486600000215,2025-12-16T18:58:00Z,14.0,m_211,electronics,32.5372,-101.8234
T000035708,473700000249,2025-12-16T18:58:00Z,26.15,m_207,restaurant,36.1045,-83.7411
T000035709,478800000067,2025-12-16T19:01:00Z,23.47,m_511,cash_advance,47.2312,-73.2566
T000035710,481700000044,2025-12-16T19:05:00Z,44.97,m_054,travel,41.9818,-88.4626
T000035711,452600000257,2025-12-16T19:08:00Z,48.37,m_755,health,29.0164,-106.0068
T000035712,458800000284,2025-12-16T19:14:00Z,24.63,m_345,clothing,39.7798,-95.6309
T000035713,486600000215,2025-12-16T19:17:00Z,57.03,m_776,travel,31.4659,-102.2354
T000035714,411600000017,2025-12-16T19:23:00Z,64.95,m_363,health,37.9115,-86.7876
T000035715,482000000288,2025-12-16T19:23:00Z,20.78,m_662,fuel,36.4414,-106.6733
T000035717,478200000065,2025-12-16T19:30:00Z,54.33,m_385,grocery,34.783,-89.474
T000035721,451600000095,2025-12-16T19:57:00Z,7.31,m_093,travel,40.7438,-102.4538
T000035725,456600000153,2025-12-16T20:14:00Z,202.77,m_654,grocery,36.8084,-110.9079
T000035727,470900000176,2025-12-16T20:27:00Z,22.79,m_205,grocery,47.6079,-81.3781
T000035728,430000000162,2025-12-16T20:27:00Z,3.93,m_261,clothing,44.9744,-90.8388
T000035729,443800000013,2025-12-16T20:29:00Z,10.38,m_341,clothing,28.7375,-83.0342
T000035731,427500000040,2025-12-16T20:32:00Z,22.68,m_116,electronics,26.3247,-86.9035
T000035732,472100000092,2025-12-16T20:33:00Z,12.01,m_051,health,41.5422,-79.8944
T000035733,432500000036,2025-12-16T20:35:00Z,6.45,m_610,cash_advance,39.5993,-119.7866
T000035734,452600000257,2025-12-16T20:35:00Z,17.81,m_531,clothing,28.3371,-104.9469
T000035737,411600000017,2025-12-16T20:42:00Z,65.86,m_486,restaurant,37.3147,-87.3766
T000035738,483600000122,2025-12-16T20:43:00Z,18.03,m_370,entertainment,29.337,-89.7751
T000035739,412900000224,2025-12-16T20:46:00Z,27.54,m_302,grocery,29.036,-119.5792
T000035741,422200000028,2025-12-16T20:48:00Z,89.65,m_404,fuel,28.5718,-122.577
T000035742,457900000211,2025-12-16T20:56:00Z,101.2,m_716,travel,38.2337,-106.0226
T000035743,441600000097,2025-12-16T21:07:00Z,24.06,m_728,grocery,26.7801,-116.9639
T000035744,457900000211,2025-12-16T21:16:00Z,16.53,m_736,fuel,30.5722,-105.2574
T000035745,412900000224,2025-12-16T21:23:00Z,20.7,m_345,restaurant,29.6353,-119.6513
T000035746,487500000214,2025-12-16T21:32:00Z,11.96,m_396,entertainment,46.3669,-95.1459
T000035747,441600000097,2025-12-16T21:33:00Z,14.32,m_189,health,26.6157,-117.1876
T000035748,475100000009,2025-12-16T21:36:00Z,13.16,m_047,clothing,31.8838,-79.0508
T000035749,497000000034,2025-12-16T21:52:00Z,31.2,m_482,restaurant,37.0851,-121.79
T000035750,486500000234,2025-12-16T21:54:00Z,32.75,m_775,online,37.9265,-107.0594
T000035751,412500000217,2025-12-16T22:09:00Z,27.93,m_339,health,25.7388,-113.6108
T000035752,427500000040,2025-12-16T22:18:00Z,45.54,m_413,entertainment,25.2296,-86.6574
T000035753,420200000231,2025-12-16T23:02:00Z,8.26,m_203,cash_advance,28.4926,-115.495
T000035754,468600000099,2025-12-16T23:21:00Z,14.74,m_317,health,37.9805,-73.6213
T000035756,439700000263,2025-12-16T23:27:00Z,37.24,m_327,clothing,47.0651,-94.0264
T000035757,405200000054,2025-12-16T23:40:00Z,35.44,m_185,restaurant,31.2131,-87.7417
T000035758,491000000038,2025-12-16T23:53:00Z,15.1,m_025,health,25.9687,-92.6049
T000035759,400900000156,2025-12-16T23:56:00Z,13.59,m_185,cash_advance,43.8503,-106.0756
T000035760,486600000215,2025-12-16T23:59:00Z,10.49,m_718,electronics,32.9175,-101.7942
T000035761,452600000257,2025-12-17T00:10:00Z,15.13,m_208,fuel,29.0735,-105.1178
T000035762,443000000144,2025-12-17T00:12:00Z,46.47,m_214,online,30.3552,-78.7308
T000035763,403400000178,2025-12-17T00:25:00Z,12.26,m_700,electronics,27.0274,-113.1052
T000035764,413700000240,2025-12-17T00:36:00Z,16.54,m_218,travel,30.2448,-117.8158
T000035765,427000000130,2025-12-17T00:42:00Z,11.09,m_397,travel,40.9176,-100.6612
T000035767,420300000182,2025-12-17T01:15:00Z,152.57,m_256,travel,22.5101,-101.9526
T000035769,482300000206,2025-12-17T01:52:00Z,174.79,m_510,cash_advance,40.2051,-86.1989
T000035770,443900000180,2025-12-17T02:00:00Z,45.9,m_286,electronics,44.8813,-77.0881
T000035771,430000000162,2025-12-17T02:09:00Z,6.45,m_282,cash_advance,46.173,-91.3673
T000035772,498000000026,2025-12-17T02:31:00Z,72.63,m_757,clothing,26.4954,-90.817
T000035773,471100000298,2025-12-17T02:39:00Z,45.48,m_612,entertainment,46.039,-85.3669
T000035774,459100000090,2025-12-17T03:14:00Z,23.56,m_075,fuel,40.4951,-82.5768
T000035775,486600000215,2025-12-17T03:25:00Z,22.07,m_719,grocery,32.3986,-102.1616
T000035776,485700000008,2025-12-17T03:34:00Z,41.44,m_494,health,38.1541,-98.1916
T000035777,460200000124,2025-12-17T03:34:00Z,44.42,m_595,entertainment,48.0274,-74.4769
T000035778,472500000128,2025-12-17T03:40:00Z,6.03,m_648,entertainment,30.0521,-119.2322
T000035779,480500000027,2025-12-17T03:42:00Z,62.82,m_670,travel,41.3841,-102.8799
T000035780,413500000264,2025-12-17T03:55:00Z,61.66,m_680,online,39.0534,-119.3704
T000035781,456300000265,2025-12-17T03:59:00Z,28.2,m_665,electronics,34.0123,-121.9603
T000035784,495400000142,2025-12-17T04:31:00Z,12.19,m_561,entertainment,40.3902,-117.0093
T000035786,486500000234,2025-12-17T04:36:00Z,200.35,m_064,online,40.3491,-104.5897
T000035788,414100000007,2025-12-17T04:46:00Z,6.36,m_341,restaurant,36.0547,-113.7961
T000035789,479800000106,2025-12-17T04:46:00Z,53.77,m_542,health,28.5335,-71.6906
T000035791,452100000297,2025-12-17T05:09:00Z,64.51,m_033,restaurant,25.4404,-84.2785
T000035792,425100000126,2025-12-17T05:20:00Z,52.75,m_622,entertainment,45.4512,-108.0459
T000035795,426900000083,2025-12-17T06:17:00Z,31.1,m_122,restaurant,48.0299,-82.5258
T000035798,471100000081,2025-12-17T06:24:00Z,13.41,m_146,grocery,39.9649,-112.9792
T000035799,420300000182,2025-12-17T06:35:00Z,24.52,m_208,electronics,30.3854,-97.4712
T000035800,463700000006,2025-12-17T06:53:00Z,4.71,m_645,fuel,29.4595,-122.9201
T000035802,467700000148,2025-12-17T07:22:00Z,31.0,m_237,fuel,33.7719,-72.8631
T000035803,455200000029,2025-12-17T07:40:00Z,12.69,m_215,fuel,44.3283,-74.4705
T000035804,468600000099,2025-12-17T07:42:00Z,9.36,m_444,travel,36.7656,-73.5734
T000035805,483600000122,2025-12-17T07:43:00Z,2.97,m_381,electronics,28.8547,-89.3693
T000035806,470900000176,2025-12-17T07:55:00Z,22.06,m_549,entertainment,46.2981,-81.945
T000035807,439700000263,2025-12-17T08:01:00Z,60.27,m_768,fuel,46.3811,-93.7786
T000035808,473300000089,2025-12-17T08:03:00Z,11.15,m_413,restaurant,39.133,-74.5699
T000035809,420200000231,2025-12-17T08:03:00Z,13.58,m_234,online,28.9054,-115.8002
T000035810,474300000084,2025-12-17T08:08:00Z,21.52,m_614,fuel,27.3023,-92.8582
T000035812,454400000155,2025-12-17T08:17:00Z,51.36,m_685,grocery,32.9679,-93.1954
T000035813,458800000284,2025-12-17T08:19:00Z,34.98,m_574,clothing,39.4687,-95.8539
T000035814,436700000039,2025-12-17T08:23:00Z,6.57,m_404,electronics,42.445,-78.1979
T000035815,471700000259,2025-12-17T08:25:00Z,76.08,m_057,restaurant,27.1833,-118.778
T000035817,423300000143,2025-12-17T08:32:00Z,18.13,m_197,travel,42.0464,-107.5141
T000035818,490400000207,2025-12-17T08:33:00Z,10.37,m_770,health,38.6349,-121.5024
T000035820,415300000108,2025-12-17T08:38:00Z,26.95,m_680,grocery,42.3956,-111.3531
T000035823,403700000193,2025-12-17T08:48:00Z,16.15,m_461,clothing,31.9528,-104.0459
T000035824,471700000259,2025-12-17T08:49:00Z,27.73,m_389,restaurant,26.7693,-118.0211
T000035825,478700000237,2025-12-17T08:51:00Z,23.28,m_244,fuel,26.1242,-76.9859
T000035826,412900000224,2025-12-17T08:54:00Z,7.38,m_606,health,28.6638,-119.5873
T000035827,491000000038,2025-12-17T08:55:00Z,34.63,m_486,cash_advance,27.5384,-92.2549
T000035828,471700000259,2025-12-17T08:55:00Z,46.39,m_126,electronics,27.0559,-118.1919
T000035829,408700000002,2025-12-17T08:57:00Z,70.66,m_565,clothing,37.0316,-95.2918
T000035830,420400000060,2025-12-17T09:02:00Z,8.88,m_364,entertainment,32.973,-72.3287
T000035832,420900000275,2025-12-17T09:03:00Z,78.6,m_345,electronics,30.0082,-73.4649
T000035833,490100000041,2025-12-17T09:05:00Z,10.6,m_691,restaurant,35.3697,-91.1714
T000035834,453000000151,2025-12-17T09:10:00Z,11.14,m_163,clothing,38.6454,-103.971
T000035835,489200000253,2025-12-17T09:13:00Z,26.76,m_296,entertainment,36.9059,-89.1375
T000035836,444500000160,2025-12-17T09:16:00Z,7.57,m_342,entertainment,28.9798,-81.2651
T000035837,479800000106,2025-12-17T09:21:00Z,21.85,m_108,clothing,27.8271,-71.6778
T000035838,413800000254,2025-12-17T09:22:00Z,30.3,m_523,entertainment,40.5068,-83.6493
T000035839,456600000153,2025-12-17T09:34:00Z,23.03,m_534,health,37.1565,-111.016
T000035840,449400000063,2025-12-17T09:36:00Z,58.56,m_467,cash_advance,41.2174,-74.4907
T000035843,489200000253,2025-12-17T09:52:00Z,63.9,m_419,online,37.1123,-89.2072
T000035844,425400000252,2025-12-17T09:52:00Z,9.16,m_300,health,25.563,-123.5087
T000035849,487500000214,2025-12-17T10:08:00Z,11.15,m_679,electronics,46.8877,-95.4438
T000035851,497300000184,2025-12-17T10:17:00Z,52.77,m_727,travel,35.0805,-89.7562
T000035852,449400000093,2025-12-17T10:20:00Z,48.01,m_026,health,46.7436,-103.338
T000035853,400000000251,2025-12-17T10:22:00Z,15.15,m_047,restaurant,38.2459,-97.4756
T000035854,432000000185,2025-12-17T10:25:00Z,14.34,m_625,cash_advance,41.3347,-82.91
T000035856,442200000287,2025-12-17T10:28:00Z,39.58,m_707,clothing,32.3416,-120.9249
T000035857,471100000081,2025-12-17T10:30:00Z,8.69,m_496,grocery,39.9928,-112.8933
T000035859,426800000149,2025-12-17T10:37:00Z,36.27,m_544,cash_advance,30.0258,-118.5776
T000035860,493900000199,2025-12-17T10:38:00Z,15.12,m_749,fuel,41.292,-90.5835
T000035862,449300000066,2025-12-17T10:41:00Z,19.79,m_624,fuel,34.2246,-91.6267
T000035863,460200000201,2025-12-17T10:45:00Z,53.17,m_073,online,44.7853,-77.8078
T000035865,413300000230,2025-12-17T10:52:00Z,12.33,m_489,restaurant,42.8823,-71.5068
T000035866,483600000069,2025-12-17T10:53:00Z,29.24,m_030,restaurant,27.8906,-112.4537
T000035867,480100000110,2025-12-17T10:55:00Z,9.37,m_247,online,44.105,-79.2598
T000035869,485100000229,2025-12-17T11:01:00Z,31.44,m_150,entertainment,30.4153,-96.8732
T000035870,493900000290,2025-12-17T11:11:00Z,39.29,m_116,cash_advance,34.2633,-74.0391
T000035872,461500000245,2025-12-17T11:21:00Z,21.69,m_537,entertainment,37.295,-119.9921
T000035873,467400000299,2025-12-17T11:21:00Z,32.17,m_402,electronics,26.3288,-109.4488
T000035876,425600000170,2025-12-17T11:27:00Z,17.6,m_302,entertainment,28.2471,-82.8899
T000035877,412700000272,2025-12-17T11:28:00Z,41.06,m_013,fuel,35.2626,-108.4554
T000035878,412900000224,2025-12-17T11:28:00Z,25.19,m_663,restaurant,29.0682,-120.0844
T000035879,445900000135,2025-12-17T11:33:00Z,63.04,m_346,restaurant,33.2463,-105.6256
T000035880,462600000282,2025-12-17T11:33:00Z,13.04,m_687,restaurant,45.8119,-87.6094
T000035881,402500000268,2025-12-17T11:38:00Z,11.83,m_142,travel,44.9775,-117.4504
T000035882,466900000159,2025-12-17T11:39:00Z,16.3,m_563,travel,43.1109,-100.2595
T000035884,451600000095,2025-12-17T11:45:00Z,22.5,m_140,travel,41.6665,-102.3585
T000035885,435100000025,2025-12-17T11:48:00Z,21.25,m_667,grocery,33.5159,-101.5044
T000035886,498000000026,2025-12-17T11:49:00Z,100.49,m_669,electronics,27.0178,-90.1207
T000035888,456600000153,2025-12-17T11:55:00Z,24.23,m_379,electronics,36.5276,-111.3392
T000035889,441700000276,2025-12-17T11:56:00Z,15.24,m_455,fuel,41.532,-104.4958
T000035890,449300000066,2025-12-17T11:58:00Z,6.48,m_524,cash_advance,34.3222,-91.8229
T000035891,404300000189,2025-12-17T11:58:00Z,26.07,m_738,online,27.1765,-116.8553
T000035892,453000000151,2025-12-17T12:00:00Z,12.01,m_451,grocery,38.0752,-102.9619
T000035894,452800000233,2025-12-17T12:03:00Z,13.97,m_458,travel,35.497,-72.6794
T000035896,403400000178,2025-12-17T12:13:00Z,12.44,m_330,clothing,26.6535,-113.3598
T000035897,480500000027,2025-12-17T12:13:00Z,27.06,m_381,electronics,37.7858,-107.2351
T000035900,488200000133,2025-12-17T12:22:00Z,18.87,m_144,health,46.6531,-87.6427
T000035901,462500000168,2025-12-17T12:25:00Z,15.8,m_635,clothing,30.1455,-71.5693
T000035902,480500000027,2025-12-17T12:27:00Z,7.02,m_664,restaurant,37.7679,-107.5541
T000035903,441700000276,2025-12-17T12:29:00Z,26.79,m_199,grocery,41.6451,-103.9774
T000035905,408800000280,2025-12-17T12:45:00Z,63.23,m_259,travel,46.0219,-113.9584
T000035909,439700000263,2025-12-17T13:09:00Z,15.4,m_173,restaurant,46.7473,-94.2574
T000035910,461900000132,2025-12-17T13:14:00Z,9.66,m_466,grocery,39.5739,-97.1557
T000035911,446100000021,2025-12-17T13:15:00Z,22.22,m_683,cash_advance,45.7348,-83.7126
T000035913,403700000193,2025-12-17T13:16:00Z,32.87,m_756,health,33.0173,-103.7692
T000035914,440800000163,2025-12-17T13:17:00Z,12.75,m_354,grocery,27.7363,-117.5061
T000035915,459200000077,2025-12-17T13:21:00Z,35.87,m_732,electronics,35.0954,-106.2509
T000035917,494800000246,2025-12-17T13:35:00Z,43.02,m_027,grocery,41.7989,-107.2902
T000035920,489200000253,2025-12-17T13:38:00Z,71.02,m_586,restaurant,36.8074,-88.987
T000035922,481700000044,2025-12-17T13:52:00Z,11.1,m_364,clothing,42.4263,-88.4692
T000035923,420300000182,2025-12-17T13:55:00Z,48.18,m_315,fuel,30.3811,-97.8812
T000035925,475100000009,2025-12-17T14:04:00Z,18.68,m_141,electronics,32.5292,-78.5867
T000035926,442200000037,2025-12-17T14:05:00Z,50.77,m_235,grocery,33.9842,-107.0007
T000035927,452100000297,2025-12-17T14:06:00Z,77.49,m_377,clothing,25.5607,-84.4462
T000035928,412900000224,2025-12-17T14:11:00Z,22.3,m_275,travel,29.2613,-119.8277
T000035929,408800000280,2025-12-17T14:18:00Z,60.77,m_168,cash_advance,45.9166,-114.6739
T000035930,468200000221,2025-12-17T14:18:00Z,7.67,m_233,online,40.2014,-72.132
T000035931,421500000087,2025-12-17T14:19:00Z,20.95,m_078,travel,46.0194,-100.5301
T000035933,449400000063,2025-12-17T14:21:00Z,21.02,m_193,entertainment,41.3963,-74.6451
T000035934,491300000082,2025-12-17T14:27:00Z,12.84,m_565,fuel,40.4323,-105.869
T000035935,493800000213,2025-12-17T14:27:00Z,36.83,m_346,entertainment,35.5279,-73.8768
T000035937,443300000192,2025-12-17T14:33:00Z,72.56,m_316,entertainment,31.8285,-119.2001
T000035939,489800000203,2025-12-17T14:34:00Z,11.22,m_011,travel,42.2113,-103.6484
T000035940,443900000180,2025-12-17T14:34:00Z,10.73,m_006,electronics,45.2382,-76.3065
T000035942,486500000234,2025-12-17T14:40:00Z,23.05,m_409,restaurant,39.2837,-107.9841
T000035944,443800000013,2025-12-17T14:42:00Z,20.54,m_459,online,29.2751,-84.0598
T000035945,459200000077,2025-12-17T14:43:00Z,30.54,m_659,fuel,34.9144,-105.7949
T000035947,434800000074,2025-12-17T14:49:00Z,22.09,m_559,online,34.9528,-109.7248
T000035948,489100000057,2025-12-17T14:50:00Z,13.26,m_546,travel,45.5084,-73.1176
T000035949,403300000018,2025-12-17T14:55:00Z,35.03,m_211,online,29.3327,-79.2305
T000035950,498000000209,2025-12-17T14:55:00Z,21.85,m_494,travel,43.8142,-88.9838
T000035953,425400000252,2025-12-17T15:10:00Z,20.45,m_453,travel,24.8057,-122.8038
T000035958,434800000074,2025-12-17T15:20:00Z,18.63,m_755,fuel,34.9261,-109.8455
T000035959,478700000237,2025-12-17T15:23:00Z,26.31,m_216,entertainment,26.8964,-77.4075
T000035960,486600000215,2025-12-17T15:26:00Z,29.13,m_320,health,32.5904,-101.8189
T000035961,493900000199,2025-12-17T15:32:00Z,10.49,m_479,grocery,40.9735,-90.526
T000035962,459900000181,2025-12-17T15:32:00Z,11.66,m_227,travel,29.3902,-115.2242
T000035963,478500000258,2025-12-17T15:33:00Z,24.88,m_605,cash_advance,46.4605,-84.3708
T000035965,454900000187,2025-12-17T15:37:00Z,19.66,m_101,cash_advance,42.1295,-110.5689
T000035967,493900000290,2025-12-17T15:42:00Z,35.29,m_193,online,34.642,-73.4726
T000035970,426800000149,2025-12-17T16:07:00Z,29.12,m_259,health,30.2353,-117.2638
T000035971,474000000094,2025-12-17T16:13:00Z,19.67,m_135,travel,47.737,-116.7179
T000035973,425300000079,2025-12-17T16:21:00Z,33.64,m_585,health,36.1656,-75.6987
T000035975,446600000289,2025-12-17T16:21:00Z,61.83,m_091,entertainment,38.1397,-71.9369
T000035976,459100000090,2025-12-17T16:23:00Z,25.78,m_571,clothing,40.9353,-82.8736
T000035977,400000000251,2025-12-17T16:23:00Z,11.78,m_068,health,38.1392,-98.276
T000035980,473300000089,2025-12-17T16:24:00Z,12.2,m_593,clothing,39.0601,-74.6508
T000035981,489100000057,2025-12-17T16:29:00Z,43.09,m_517,cash_advance,46.8552,-78.4573
T000035982,470900000176,2025-12-17T16:30:00Z,11.94,m_634,online,46.5593,-80.9728
T000035983,490700000167,2025-12-17T16:30:00Z,16.37,m_318,online,31.3661,-99.6754
T000035985,488600000295,2025-12-17T16:37:00Z,16.5,m_536,clothing,42.9126,-99.5129
T000035986,442200000037,2025-12-17T16:41:00Z,36.93,m_752,grocery,33.3758,-106.5181
T000035987,495400000142,2025-12-17T16:42:00Z,4.87,m_644,health,40.524,-117.4339
T000035988,413800000254,2025-12-17T16:42:00Z,106.93,m_382,fuel,40.8733,-83.4585
T000035989,482300000206,2025-12-17T16:46:00Z,26.47,m_439,restaurant,37.1574,-78.9822
T000035990,430000000162,2025-12-17T16:46:00Z,3.26,m_219,health,45.2827,-90.2254
T000035991,443800000013,2025-12-17T16:46:00Z,16.7,m_504,grocery,28.189,-83.6239
T000035992,492300000134,2025-12-17T16:51:00Z,39.28,m_289,entertainment,26.2648,-102.5662
T000035993,498300000111,2025-12-17T16:55:00Z,16.66,m_055,clothing,26.3248,-118.0373
T000035994,452500000236,2025-12-17T16:57:00Z,13.21,m_640,entertainment,25.8632,-116.155
T000035995,404400000000,2025-12-17T16:59:00Z,41.89,m_613,grocery,46.414,-74.3596
T000035996,429100000136,2025-12-17T17:04:00Z,87.98,m_488,grocery,48.3111,-78.7359
T000035998,425100000126,2025-12-17T17:06:00Z,64.85,m_346,online,46.4177,-107.394
T000035999,440200000212,2025-12-17T17:07:00Z,17.36,m_000,travel,45.7831,-103.9312
T000036000,446600000289,2025-12-17T17:12:00Z,29.58,m_269,fuel,38.1939,-72.4036
T000036001,426900000083,2025-12-17T17:14:00Z,14.17,m_345,restaurant,47.5311,-82.5427
T000036002,443300000192,2025-12-17T17:18:00Z,88.38,m_405,restaurant,32.6171,-118.6869
T000036003,494000000016,2025-12-17T17:27:00Z,92.46,m_300,electronics,38.726,-112.8067
T000036004,454600000047,2025-12-17T17:28:00Z,18.7,m_430,travel,42.9245,-97.0768
T000036005,449400000093,2025-12-17T17:28:00Z,9.45,m_780,restaurant,46.164,-103.5493
T000036006,435100000025,2025-12-17T17:29:00Z,14.36,m_162,clothing,33.2055,-101.2208
T000036009,421500000087,2025-12-17T17:39:00Z,13.92,m_154,cash_advance,46.7733,-100.984
T000036010,420900000275,2025-12-17T17:40:00Z,29.73,m_080,electronics,29.9469,-72.9702
T000036012,403300000018,2025-12-17T17:51:00Z,25.55,m_112,fuel,30.6023,-78.3432
T000036014,416600000244,2025-12-17T17:56:00Z,40.98,m_295,travel,39.1649,-73.4155
T000036015,472200000195,2025-12-17T18:00:00Z,28.83,m_645,clothing,34.9463,-80.572
T000036016,477200000076,2025-12-17T18:01:00Z,5.83,m_198,cash_advance,42.3272,-77.9216
T000036017,499000000220,2025-12-17T18:01:00Z,15.33,m_419,online,27.0554,-107.0352
T000036019,492800000125,2025-12-17T18:10:00Z,15.12,m_087,entertainment,45.1461,-89.4124
T000036020,421700000058,2025-12-17T18:11:00Z,25.12,m_204,electronics,43.2995,-83.1618
T000036021,443800000013,2025-12-17T18:12:00Z,5.54,m_633,health,28.8313,-83.6779
T000036022,470100000147,2025-12-17T18:15:00Z,23.64,m_104,clothing,29.7737,-83.6258
T000036024,492800000125,2025-12-17T18:16:00Z,20.8,m_124,online,45.1448,-88.9148
T000036025,446100000021,2025-12-17T18:17:00Z,17.92,m_689,electronics,45.4568,-83.2536
T000036026,431600000056,2025-12-17T18:25:00Z,18.35,m_511,online,44.6174,-83.7962
T000036027,442200000287,2025-12-17T18:26:00Z,57.09,m_053,cash_advance,32.1494,-120.7987
T000036028,497000000034,2025-12-17T18:28:00Z,18.21,m_464,cash_advance,37.0672,-121.5042
T000036030,467700000148,2025-12-17T18:33:00Z,11.9,m_369,electronics,33.4471,-72.7259
T000036032,426800000149,2025-12-17T18:36:00Z,75.14,m_200,electronics,30.3268,-118.0824
T000036035,423800000109,2025-12-17T18:49:00Z,7.24,m_063,grocery,38.1333,-98.3432
T000036038,498000000209,2025-12-17T18:53:00Z,20.14,m_380,grocery,43.5239,-89.4821
T000036041,455200000174,2025-12-17T18:57:00Z,33.69,m_566,cash_advance,43.6951,-108.5484
T000036042,422200000028,2025-12-17T19:00:00Z,56.07,m_189,clothing,28.4174,-122.1893
T000036043,495400000142,2025-12-17T19:05:00Z,9.97,m_522,entertainment,40.267,-117.6195
T000036044,482600000050,2025-12-17T19:06:00Z,12.66,m_766,online,37.6835,-76.6093
T000036045,441600000097,2025-12-17T19:13:00Z,11.19,m_569,cash_advance,27.2507,-117.6132
T000036047,467700000148,2025-12-17T19:27:00Z,15.38,m_613,travel,33.9349,-72.3782
T000036048,429200000138,2025-12-17T19:28:00Z,13.83,m_512,entertainment,40.5262,-86.0918
T000036049,474300000084,2025-12-17T19:31:00Z,26.76,m_205,entertainment,27.9166,-92.9676
T000036050,427500000040,2025-12-17T19:32:00Z,28.8,m_280,travel,26.1914,-87.1842
T000036051,431300000248,2025-12-17T19:32:00Z,28.83,m_313,electronics,26.6275,-85.7665
T000036053,498000000209,2025-12-17T19:34:00Z,12.29,m_113,cash_advance,43.6587,-89.1233
T000036054,480100000110,2025-12-17T19:36:00Z,13.7,m_196,fuel,43.4026,-78.5454
T000036055,408300000014,2025-12-17T19:40:00Z,10.88,m_558,restaurant,39.2949,-89.463
T000036056,483600000122,2025-12-17T19:41:00Z,6.47,m_297,cash_advance,29.8735,-89.608
T000036057,421700000058,2025-12-17T19:43:00Z,72.4,m_671,cash_advance,43.8816,-83.5473
T000036058,482300000206,2025-12-17T19:44:00Z,22.35,m_709,restaurant,37.3362,-79.2524
T000036059,413700000266,2025-12-17T19:48:00Z,34.61,m_180,restaurant,29.7982,-115.8844
T000036060,454400000155,2025-12-17T19:55:00Z,30.94,m_619,entertainment,32.7889,-93.0045
T000036061,473500000012,2025-12-17T19:55:00Z,6.92,m_570,entertainment,45.5088,-121.4009
T000036062,455200000029,2025-12-17T19:59:00Z,10.07,m_342,health,44.9479,-74.71
T000036064,442200000037,2025-12-17T20:00:00Z,21.84,m_705,grocery,33.6962,-106.9097
T000036065,499000000220,2025-12-17T20:04:00Z,23.04,m_228,electronics,27.5044,-107.5652
T000036066,492900000216,2025-12-17T20:07:00Z,12.17,m_479,health,34.7707,-71.9435
T000036067,454900000187,2025-12-17T20:17:00Z,11.11,m_073,entertainment,41.481,-111.1279
T000036069,451600000095,2025-12-17T20:24:00Z,26.72,m_619,grocery,41.2022,-102.3347
T000036070,454700000001,2025-12-17T20:28:00Z,6.5,m_019,online,28.568,-117.7639
T000036071,455200000174,2025-12-17T20:31:00Z,36.56,m_271,grocery,43.0092,-108.3734
T000036072,467400000299,2025-12-17T20:32:00Z,35.04,m_621,grocery,26.2716,-109.0141
T000036073,498300000111,2025-12-17T20:44:00Z,22.17,m_389,travel,26.1728,-117.9909
T000036074,490700000167,2025-12-17T20:50:00Z,38.99,m_485,entertainment,30.9504,-100.2038
T000036077,488600000295,2025-12-17T21:01:00Z,9.56,m_725,health,42.991,-99.1818
T000036078,471700000259,2025-12-17T21:08:00Z,31.8,m_212,clothing,26.4927,-118.9913
T000036081,413700000232,2025-12-17T21:43:00Z,50.7,m_370,cash_advance,43.2345,-105.7811
T000036082,481700000044,2025-12-17T21:44:00Z,10.46,m_566,cash_advance,42.4972,-88.7892
T000036083,441600000097,2025-12-17T21:52:00Z,17.52,m_178,fuel,27.0,-117.0188
T000036084,489200000253,2025-12-17T22:00:00Z,59.02,m_451,cash_advance,37.4353,-89.091
T000036085,449400000093,2025-12-17T22:23:00Z,20.92,m_261,travel,46.1612,-104.2307
T000036086,491600000072,2025-12-17T22:34:00Z,18.0,m_622,online,34.9537,-113.2958
T000036087,493100000068,2025-12-17T22:53:00Z,6.57,m_609,electronics,34.2318,-92.1378
T000036088,456600000153,2025-12-17T23:07:00Z,114.68,m_060,electronics,36.7754,-111.2416
T000036090,478700000011,2025-12-17T23:19:00Z,27.38,m_331,grocery,45.9263,-92.6901
T000036091,480500000222,2025-12-17T23:25:00Z,37.98,m_267,fuel,29.616,-123.203
T000036092,441600000097,2025-12-17T23:28:00Z,44.69,m_071,travel,28.063,-117.0393
T000036094,449300000066,2025-12-17T23:52:00Z,16.62,m_243,health,34.4241,-92.0364
T000036095,493900000199,2025-12-18T00:05:00Z,8.93,m_223,health,40.672,-90.0411
T000036097,445900000135,2025-12-18T00:36:00Z,28.75,m_330,entertainment,32.0844,-105.4211
T000036098,435100000025,2025-12-18T00:37:00Z,5.36,m_020,grocery,33.308,-101.3616
T000036100,475100000009,2025-12-18T01:02:00Z,18.29,m_659,electronics,32.6452,-79.1386
T000036101,459200000077,2025-12-18T01:16:00Z,46.63,m_554,online,35.0702,-105.7695
T000036102,415300000169,2025-12-18T01:18:00Z,23.22,m_125,fuel,35.6989,-116.2346
T000036103,474300000084,2025-12-18T01:19:00Z,30.29,m_104,fuel,27.8253,-92.4389
T000036104,430300000145,2025-12-18T01:19:00Z,12.27,m_145,online,25.7751,-102.0415
T000036105,432500000036,2025-12-18T01:23:00Z,68.51,m_757,electronics,27.9119,-118.2581
T000036106,456600000153,2025-12-18T01:35:00Z,31.17,m_747,online,37.3121,-111.7124
T000036107,412500000217,2025-12-18T01:39:00Z,25.51,m_248,entertainment,26.6093,-113.5492
T000036108,420200000231,2025-12-18T01:55:00Z,7.07,m_597,grocery,28.5409,-115.5718
T000036110,454700000001,2025-12-18T02:10:00Z,21.78,m_397,travel,28.6543,-117.8795
T000036111,459200000077,2025-12-18T02:16:00Z,157.07,m_721,electronics,44.9364,-92.1311
T000036112,482300000206,2025-12-18T02:19:00Z,29.01,m_098,travel,37.3207,-79.552
T000036113,440200000212,2025-12-18T02:28:00Z,29.21,m_540,online,44.7576,-103.4854
T000036114,452800000233,2025-12-18T02:29:00Z,27.69,m_579,electronics,34.884,-72.5148
T000036115,480100000110,2025-12-18T02:32:00Z,15.42,m_136,cash_advance,43.1034,-78.7339
T000036116,408800000280,2025-12-18T02:43:00Z,139.8,m_735,restaurant,45.7552,-113.9728
T000036117,478700000237,2025-12-18T03:13:00Z,25.25,m_214,fuel,26.6546,-76.7368
T000036120,400000000251,2025-12-18T03:22:00Z,6.53,m_088,health,39.0158,-97.8095
T000036122,440200000212,2025-12-18T03:41:00Z,50.49,m_240,electronics,45.4617,-102.5899
T000036123,412700000272,2025-12-18T04:10:00Z,42.97,m_145,clothing,35.3019,-108.5063
T000036124,445900000135,2025-12-18T04:21:00Z,124.73,m_302,cash_advance,32.1769,-105.6065
T000036125,473800000088,2025-12-18T04:36:00Z,7.13,m_137,cash_advance,48.5387,-99.9065
T000036128,404300000189,2025-12-18T04:52:00Z,33.78,m_681,clothing,26.7106,-117.2505
T000036129,470900000176,2025-12-18T05:00:00Z,8.45,m_604,cash_advance,46.8695,-81.0113
T000036131,452500000236,2025-12-18T05:24:00Z,9.65,m_119,fuel,25.6997,-116.2564
T000036132,478700000011,2025-12-18T05:29:00Z,72.52,m_411,fuel,45.5983,-92.7961
T000036133,498000000026,2025-12-18T05:58:00Z,70.24,m_655,health,26.2415,-90.0819
T000036136,429200000004,2025-12-18T06:45:00Z,26.7,m_416,restaurant,26.5211,-96.4129
T000036137,459200000077,2025-12-18T06:49:00Z,23.38,m_548,travel,35.4832,-106.07
T000036138,443300000192,2025-12-18T06:52:00Z,47.97,m_761,health,31.8876,-119.5073
T000036139,419900000096,2025-12-18T06:57:00Z,32.28,m_231,restaurant,45.852,-95.0894
T000036140,463300000003,2025-12-18T07:04:00Z,11.66,m_354,fuel,28.5023,-71.7142
T000036141,415300000169,2025-12-18T07:06:00Z,90.55,m_257,fuel,34.9045,-116.7708
T000036142,403400000178,2025-12-18T07:10:00Z,14.5,m_483,travel,27.0465,-113.0963
T000036143,445900000135,2025-12-18T07:14:00Z,36.49,m_239,restaurant,32.2619,-105.7193
T000036144,449300000066,2025-12-18T07:33:00Z,15.38,m_411,fuel,34.8888,-91.4925
T000036145,415300000169,2025-12-18T07:38:00Z,19.7,m_618,electronics,36.0212,-116.916
T000036146,419900000096,2025-12-18T08:02:00Z,24.05,m_291,entertainment,45.9298,-95.359
T000036147,426800000149,2025-12-18T08:02:00Z,85.69,m_282,online,29.8879,-117.8521
T000036149,458800000284,2025-12-18T08:07:00Z,36.56,m_303,electronics,39.6026,-96.409
T000036150,468600000099,2025-12-18T08:11:00Z,8.63,m_430,travel,38.1123,-73.9182
T000036151,413500000264,2025-12-18T08:13:00Z,20.34,m_304,travel,39.2688,-119.7694
T000036153,444500000160,2025-12-18T08:15:00Z,48.08,m_445,entertainment,28.6915,-82.2402
T000036154,493300000296,2025-12-18T08:16:00Z,16.92,m_298,health,47.3877,-106.3215
T000036155,436700000039,2025-12-18T08:17:00Z,20.56,m_204,grocery,42.0529,-78.0164
T000036156,452800000233,2025-12-18T08:19:00Z,18.69,m_759,fuel,35.7422,-73.0838
T000036157,493900000290,2025-12-18T08:22:00Z,47.1,m_284,travel,34.8742,-73.9211
T000036158,453500000052,2025-12-18T08:25:00Z,13.78,m_637,health,43.7584,-122.2151
T000036159,499500000281,2025-12-18T08:27:00Z,8.45,m_519,cash_advance,47.3643,-75.5104
T000036160,443800000013,2025-12-18T08:30:00Z,38.71,m_000,fuel,28.5459,-83.6001
T000036161,430300000145,2025-12-18T08:36:00Z,7.67,m_583,cash_advance,26.0729,-103.0192
T000036162,489800000203,2025-12-18T08:38:00Z,4.32,m_432,entertainment,42.4487,-103.4165
T000036164,472500000128,2025-12-18T08:47:00Z,3.93,m_105,cash_advance,30.7135,-119.0899
T000036166,493100000068,2025-12-18T09:05:00Z,10.0,m_204,cash_advance,33.7705,-91.601
T000036167,480100000110,2025-12-18T09:07:00Z,19.26,m_682,travel,43.4576,-78.9228
T000036168,426800000149,2025-12-18T09:08:00Z,44.45,m_611,grocery,30.3843,-118.3225
T000036169,482300000206,2025-12-18T09:17:00Z,45.22,m_173,electronics,36.6419,-78.4874
T000036170,473700000249,2025-12-18T09:22:00Z,16.61,m_227,online,36.3072,-83.7642
T000036172,412900000224,2025-12-18T09:25:00Z,24.78,m_255,grocery,29.6941,-120.5871
T000036174,415300000169,2025-12-18T09:27:00Z,55.21,m_652,clothing,35.7838,-116.0785
T000036175,471100000081,2025-12-18T09:29:00Z,14.79,m_655,travel,39.4431,-113.3013
T000036177,423900000113,2025-12-18T09:35:00Z,34.72,m_293,cash_advance,31.933,-90.0014
T000036178,482000000288,2025-12-18T09:36:00Z,11.27,m_041,online,37.1795,-107.1682
T000036180,412700000272,2025-12-18T09:42:00Z,61.69,m_523,travel,35.669,-107.5291
T000036181,420900000275,2025-12-18T09:44:00Z,41.98,m_069,electronics,30.0472,-73.9175
T000036182,432500000036,2025-12-18T09:45:00Z,8.54,m_061,restaurant,38.8657,-119.6719
T000036183,442200000037,2025-12-18T09:48:00Z,73.18,m_636,health,34.0635,-106.7549
T000036184,461500000245,2025-12-18T09:49:00Z,27.36,m_032,grocery,37.7126,-120.4538
T000036185,478200000065,2025-12-18T09:50:00Z,89.2,m_276,clothing,34.1373,-89.0056
T000036186,471700000259,2025-12-18T09:52:00Z,45.99,m_422,travel,26.7088,-118.9126
T000036187,499000000220,2025-12-18T10:04:00Z,28.53,m_442,cash_advance,26.7733,-107.9961
T000036188,494000000016,2025-12-18T10:06:00Z,31.32,m_535,cash_advance,38.7957,-112.0528
T000036189,400100000173,2025-12-18T10:14:00Z,49.41,m_644,grocery,47.8402,-83.037
T000036190,415300000108,2025-12-18T10:20:00Z,11.9,m_253,online,42.313,-111.1904
T000036192,487500000214,2025-12-18T10:28:00Z,11.89,m_654,restaurant,47.8236,-95.3649
T000036193,421500000098,2025-12-18T10:29:00Z,8.63,m_384,cash_advance,32.9287,-122.3104
T000036195,494800000246,2025-12-18T10:31:00Z,82.75,m_272,grocery,42.3192,-107.2795
T000036196,443300000192,2025-12-18T10:31:00Z,30.43,m_004,fuel,32.1149,-119.5213
T000036198,423900000113,2025-12-18T10:34:00Z,18.51,m_305,travel,31.3284,-90.4427
T000036199,485300000175,2025-12-18T10:34:00Z,8.23,m_494,health,36.7079,-92.7826
T000036200,427000000130,2025-12-18T10:37:00Z,18.09,m_363,fuel,40.3865,-100.4961
T000036202,454400000155,2025-12-18T10:43:00Z,56.62,m_104,health,33.6434,-92.7589
T000036203,491600000072,2025-12-18T10:46:00Z,14.97,m_115,online,34.4348,-113.1724
T000036204,491700000032,2025-12-18T10:48:00Z,26.92,m_164,online,34.9224,-116.9658
T000036205,456300000265,2025-12-18T10:54:00Z,21.7,m_510,clothing,34.5688,-122.3303
T000036206,483600000069,2025-12-18T11:00:00Z,42.42,m_172,grocery,28.1973,-111.5999
T000036207,457400000208,2025-12-18T11:04:00Z,25.47,m_157,clothing,47.9498,-108.7742
T000036208,478200000065,2025-12-18T11:10:00Z,33.11,m_739,clothing,33.8866,-89.802
T000036209,443000000144,2025-12-18T11:11:00Z,111.18,m_639,entertainment,30.498,-79.6783
T000036210,494800000246,2025-12-18T11:12:00Z,52.49,m_417,grocery,42.0841,-107.3765
T000036211,456600000153,2025-12-18T11:19:00Z,26.6,m_243,grocery,36.8733,-110.9206
T000036212,448700000123,2025-12-18T11:21:00Z,154.77,m_764,online,40.8741,-97.8734
T000036213,463300000003,2025-12-18T11:21:00Z,6.18,m_274,travel,28.386,-71.6698
T000036214,463700000006,2025-12-18T11:22:00Z,5.23,m_008,clothing,29.8951,-122.732
T000036215,422200000028,2025-12-18T11:24:00Z,39.58,m_398,travel,28.7424,-122.7666
T000036216,430300000145,2025-12-18T11:28:00Z,10.59,m_548,grocery,26.5325,-103.312
T000036217,404300000189,2025-12-18T11:30:00Z,46.01,m_156,electronics,26.1183,-116.7166
T000036218,492900000273,2025-12-18T11:30:00Z,54.42,m_412,fuel,32.9526,-117.7206
T000036219,432000000185,2025-12-18T11:34:00Z,13.55,m_059,grocery,41.3995,-82.9664
T000036221,489800000203,2025-12-18T11:38:00Z,4.02,m_300,electronics,42.4091,-103.0364
T000036222,412900000224,2025-12-18T11:40:00Z,22.67,m_596,health,29.5228,-119.7392
T000036223,463700000291,2025-12-18T11:40:00Z,13.58,m_689,travel,37.6765,-84.2883
T000036224,413500000264,2025-12-18T11:44:00Z,30.72,m_738,cash_advance,39.2495,-119.3273
T000036225,427000000130,2025-12-18T11:54:00Z,14.11,m_430,cash_advance,40.6242,-100.894
T000036228,439700000263,2025-12-18T12:05:00Z,23.0,m_305,clothing,47.6627,-93.9234
T000036229,442200000037,2025-12-18T12:07:00Z,20.77,m_275,travel,33.4656,-106.6775
T000036230,493900000290,2025-12-18T12:10:00Z,93.33,m_406,entertainment,34.4501,-74.3558
T000036231,406800000116,2025-12-18T12:10:00Z,38.86,m_213,entertainment,44.6227,-85.6256
T000036232,420400000060,2025-12-18T12:14:00Z,12.8,m_089,travel,32.8653,-72.3216
T000036234,478800000067,2025-12-18T12:18:00Z,21.42,m_573,travel,47.4877,-73.9537
T000036235,416600000244,2025-12-18T12:21:00Z,41.8,m_620,online,37.7286,-73.5813
T000036236,485100000229,2025-12-18T12:21:00Z,38.33,m_033,restaurant,30.6952,-97.0457
T000036237,427100000293,2025-12-18T12:22:00Z,22.49,m_180,clothing,29.9708,-112.782
T000036238,418900000158,2025-12-18T12:26:00Z,7.92,m_772,electronics,31.1809,-107.3336
T000036239,405200000054,2025-12-18T12:27:00Z,45.93,m_631,cash_advance,31.0048,-88.485
T000036242,493900000290,2025-12-18T12:31:00Z,42.42,m_458,health,34.8166,-74.1427
T000036244,403400000178,2025-12-18T12:32:00Z,12.35,m_590,entertainment,27.2017,-112.9538
T000036245,429200000138,2025-12-18T12:41:00Z,17.48,m_361,cash_advance,40.9847,-85.8522
T000036246,425400000252,2025-12-18T12:45:00Z,7.82,m_059,travel,24.9244,-122.9749
T000036247,497000000034,2025-12-18T12:49:00Z,8.5,m_307,cash_advance,36.1171,-122.7248
T000036248,429200000138,2025-12-18T13:02:00Z,19.97,m_488,cash_advance,40.9641,-85.9246
T000036251,418600000223,2025-12-18T13:21:00Z,10.53,m_469,grocery,49.8109,-77.9332
T000036253,487500000214,2025-12-18T13:28:00Z,4.29,m_198,restaurant,47.2403,-94.6458
T000036254,488800000242,2025-12-18T13:31:00Z,8.04,m_362,cash_advance,33.0698,-100.4974
T000036255,440000000190,2025-12-18T13:37:00Z,11.65,m_086,online,40.3704,-77.9214
T000036258,461900000132,2025-12-18T13:46:00Z,8.46,m_192,fuel,39.6675,-95.7816
T000036260,489200000253,2025-12-18T13:59:00Z,93.67,m_370,health,37.2194,-88.5593
T000036262,495400000142,2025-12-18T14:06:00Z,10.94,m_793,online,40.0434,-117.5495
T000036263,430300000145,2025-12-18T14:09:00Z,12.41,m_352,entertainment,25.8203,-103.2979
T000036265,423300000143,2025-12-18T14:23:00Z,44.09,m_108,travel,41.7901,-108.1176
T000036266,421700000058,2025-12-18T14:23:00Z,54.97,m_237,restaurant,43.3192,-82.6804
T000036269,452600000257,2025-12-18T14:33:00Z,27.45,m_567,restaurant,29.0987,-105.8945
T000036270,472200000195,2025-12-18T14:36:00Z,63.38,m_016,health,35.0069,-80.5405
T000036271,467400000299,2025-12-18T14:38:00Z,10.37,m_436,entertainment,26.8431,-109.4287
T000036272,486500000234,2025-12-18T14:39:00Z,13.21,m_521,grocery,38.2744,-107.7406
T000036273,460200000124,2025-12-18T14:39:00Z,614.31,m_709,online,46.0827,-74.8278
T000036275,408300000014,2025-12-18T14:45:00Z,17.84,m_378,cash_advance,39.299,-88.6951
T000036277,434800000074,2025-12-18T14:49:00Z,19.72,m_699,cash_advance,35.6012,-110.7164
T000036278,461500000245,2025-12-18T14:52:00Z,63.54,m_320,clothing,36.5889,-120.2361
T000036279,454700000001,2025-12-18T14:54:00Z,10.07,m_138,grocery,28.2415,-118.0935
T000036280,408300000014,2025-12-18T14:56:00Z,6.32,m_458,restaurant,39.7861,-89.1143
T000036281,438100000157,2025-12-18T14:56:00Z,31.62,m_369,restaurant,28.1661,-97.6781
T000036282,404300000189,2025-12-18T14:57:00Z,36.51,m_330,electronics,26.1379,-117.8277
T000036283,488800000117,2025-12-18T15:02:00Z,24.58,m_535,cash_advance,36.4146,-105.2277
T000036285,460200000201,2025-12-18T15:14:00Z,15.96,m_033,travel,44.2082,-77.4676
T000036287,485300000175,2025-12-18T15:27:00Z,5.06,m_454,grocery,36.7863,-93.1236
T000036288,459100000090,2025-12-18T15:30:00Z,23.36,m_446,online,40.4195,-82.4415
T000036289,459200000077,2025-12-18T15:39:00Z,43.2,m_149,travel,34.717,-106.2046
T000036290,420300000182,2025-12-18T15:41:00Z,23.64,m_132,clothing,29.9152,-97.8693
T000036291,470900000176,2025-12-18T15:41:00Z,20.29,m_790,electronics,46.5332,-80.4973
T000036292,432400000114,2025-12-18T15:44:00Z,25.06,m_484,online,42.2256,-74.2067
T000036293,421400000107,2025-12-18T15:47:00Z,40.86,m_060,entertainment,39.7959,-112.7526
T000036294,427500000040,2025-12-18T15:47:00Z,34.44,m_511,entertainment,25.9019,-85.9334
T000036295,467700000148,2025-12-18T15:49:00Z,11.36,m_504,entertainment,33.0233,-73.2044
T000036296,491700000032,2025-12-18T15:52:00Z,25.16,m_556,electronics,35.3439,-116.3344
T000036298,491600000072,2025-12-18T15:58:00Z,17.93,m_155,entertainment,34.7793,-113.6745
T000036299,429200000138,2025-12-18T16:05:00Z,16.86,m_648,clothing,40.1648,-86.3591
T000036300,489100000057,2025-12-18T16:06:00Z,11.45,m_472,fuel,46.4346,-73.9019
T000036302,422500000202,2025-12-18T16:12:00Z,26.46,m_075,entertainment,27.4115,-88.4141
T000036303,421500000098,2025-12-18T16:12:00Z,11.63,m_075,entertainment,32.3098,-121.8935
T000036304,480500000027,2025-12-18T16:18:00Z,15.47,m_346,restaurant,37.2543,-107.4102
T000036306,449400000093,2025-12-18T16:22:00Z,14.72,m_607,restaurant,46.716,-103.0889
T000036307,400000000251,2025-12-18T16:31:00Z,8.4,m_736,online,38.1964,-97.5429
T000036308,420400000060,2025-12-18T16:33:00Z,20.05,m_543,cash_advance,32.5108,-71.9988
T000036309,463300000003,2025-12-18T16:36:00Z,7.17,m_297,grocery,28.4478,-71.1645
T000036311,412900000224,2025-12-18T16:39:00Z,33.25,m_201,travel,29.0415,-120.4791
T000036313,472100000092,2025-12-18T16:42:00Z,6.85,m_463,health,41.4152,-79.619
T000036316,445900000135,2025-12-18T16:48:00Z,27.73,m_620,entertainment,31.6603,-105.0208
T000036317,418600000223,2025-12-18T16:49:00Z,4.43,m_765,online,48.6676,-78.9534
T000036318,446100000021,2025-12-18T16:52:00Z,25.22,m_485,travel,45.7567,-83.4916
T000036319,490700000167,2025-12-18T16:54:00Z,23.61,m_532,fuel,31.2466,-99.0708
T000036320,480500000222,2025-12-18T16:58:00Z,27.45,m_255,electronics,29.0724,-123.2581
T000036323,403700000193,2025-12-18T17:05:00Z,16.41,m_646,clothing,32.2925,-103.6562
T000036324,497600000197,2025-12-18T17:19:00Z,27.71,m_490,electronics,45.1925,-116.718
T000036327,413500000264,2025-12-18T17:30:00Z,52.6,m_480,health,38.9608,-119.1123
T000036329,408700000002,2025-12-18T17:39:00Z,13.2,m_168,restaurant,37.3109,-95.1408
T000036330,479800000106,2025-12-18T17:42:00Z,9.33,m_434,online,27.9888,-71.6975
T000036332,436500000043,2025-12-18T17:48:00Z,20.8,m_511,electronics,35.7054,-110.0769
T000036333,462600000282,2025-12-18T17:51:00Z,13.22,m_606,electronics,45.3318,-88.3582
T000036334,477200000076,2025-12-18T17:55:00Z,95.42,m_489,electronics,42.5186,-78.0278
T000036337,403900000062,2025-12-18T18:05:00Z,31.89,m_282,online,36.1141,-109.2517
T000036338,455200000174,2025-12-18T18:06:00Z,68.5,m_185,grocery,43.1241,-108.3663
T000036339,474000000094,2025-12-18T18:08:00Z,12.07,m_047,clothing,47.7063,-116.4489
T000036340,454700000001,2025-12-18T18:10:00Z,6.2,m_245,travel,27.9411,-117.1633
T000036342,406800000116,2025-12-18T18:15:00Z,45.38,m_080,cash_advance,45.2771,-85.8647
T000036343,429200000004,2025-12-18T18:16:00Z,55.03,m_162,travel,25.7118,-95.2639
T000036345,483100000286,2025-12-18T18:29:00Z,26.99,m_281,cash_advance,36.0483,-74.6494
T000036346,456300000265,2025-12-18T18:36:00Z,84.61,m_100,restaurant,34.0155,-123.3617
T000036347,413700000266,2025-12-18T18:37:00Z,29.62,m_658,cash_advance,30.1182,-116.4132
T000036348,452100000297,2025-12-18T18:38:00Z,39.91,m_797,restaurant,25.7341,-84.9026
T000036349,459100000090,2025-12-18T18:50:00Z,12.29,m_319,cash_advance,40.9902,-82.8918
T000036350,439700000263,2025-12-18T18:51:00Z,69.15,m_088,online,46.262,-94.3639
T000036351,472200000195,2025-12-18T18:57:00Z,71.51,m_729,health,35.1686,-80.4738
T000036352,497600000197,2025-12-18T18:58:00Z,14.96,m_330,fuel,45.0938,-116.8306
T000036354,421400000107,2025-12-18T19:09:00Z,66.33,m_396,clothing,40.1344,-113.7717
T000036355,423800000109,2025-12-18T19:20:00Z,5.48,m_282,entertainment,37.5097,-98.5371
T000036357,489800000203,2025-12-18T19:23:00Z,7.67,m_129,online,41.835,-102.9778
T000036359,419500000045,2025-12-18T19:29:00Z,13.84,m_014,entertainment,27.671,-77.3642
T000036360,423800000109,2025-12-18T19:32:00Z,9.04,m_717,clothing,37.481,-99.2584
T000036362,430000000162,2025-12-18T19:34:00Z,10.9,m_221,restaurant,45.3335,-90.8566
T000036363,438100000157,2025-12-18T19:36:00Z,29.72,m_534,grocery,28.5062,-98.994
T000036364,497600000197,2025-12-18T19:42:00Z,17.49,m_249,travel,45.4282,-116.4122
T000036366,431300000248,2025-12-18T19:51:00Z,75.55,m_462,travel,27.0894,-86.326
T000036367,429200000004,2025-12-18T19:51:00Z,60.54,m_374,electronics,25.9165,-96.3775
T000036370,457900000211,2025-12-18T20:03:00Z,14.35,m_411,online,31.0653,-106.034
T000036371,472500000070,2025-12-18T20:03:00Z,12.23,m_247,online,38.0662,-101.2921
T000036375,493900000199,2025-12-18T20:26:00Z,24.64,m_553,clothing,41.6897,-90.6176
T000036376,493300000296,2025-12-18T20:33:00Z,43.23,m_482,restaurant,48.1587,-106.6985
T000036377,462600000282,2025-12-18T20:44:00Z,14.12,m_300,restaurant,45.9841,-88.9609
T000036378,443300000192,2025-12-18T20:50:00Z,64.33,m_538,clothing,32.0587,-118.9102
T000036379,457900000211,2025-12-18T20:52:00Z,25.58,m_372,fuel,31.2753,-105.1018
T000036382,421500000087,2025-12-18T20:55:00Z,12.86,m_016,entertainment,46.7448,-100.7013
T000036383,412500000217,2025-12-18T21:14:00Z,24.5,m_155,restaurant,25.6509,-113.4999
T000036384,494800000228,2025-12-18T21:22:00Z,31.94,m_315,cash_advance,25.7057,-86.8636
T000036385,440800000163,2025-12-18T21:38:00Z,8.93,m_484,electronics,27.0318,-117.7874
T000036386,488600000295,2025-12-18T21:43:00Z,21.82,m_248,grocery,43.3584,-100.4451
T000036388,488800000117,2025-12-18T22:08:00Z,27.47,m_262,fuel,35.512,-104.5639
T000036390,474300000084,2025-12-18T22:12:00Z,29.17,m_472,online,27.997,-92.1117
T000036391,493100000068,2025-12-18T22:27:00Z,17.12,m_043,travel,33.9728,-91.8898
T000036392,472500000128,2025-12-18T22:48:00Z,10.83,m_359,electronics,30.7196,-119.1631
T000036397,478800000015,2025-12-18T23:40:00Z,33.16,m_676,electronics,29.6677,-112.8457
T000036398,493800000213,2025-12-18T23:43:00Z,50.15,m_270,cash_advance,35.4687,-74.1252
T000036400,439700000263,2025-12-19T00:07:00Z,24.86,m_085,electronics,47.4071,-94.2025
T000036402,488200000133,2025-12-19T00:17:00Z,15.3,m_496,entertainment,47.0972,-87.9457
T000036403,494800000246,2025-12-19T00:36:00Z,42.58,m_603,electronics,42.7395,-105.9452
T000036404,452100000297,2025-12-19T00:59:00Z,52.31,m_036,health,26.0807,-83.8271
T000036405,483600000069,2025-12-19T01:06:00Z,27.59,m_213,restaurant,28.5463,-112.7036
T000036406,478500000258,2025-12-19T01:12:00Z,36.19,m_158,health,46.97,-83.6698
T000036408,412700000272,2025-12-19T01:42:00Z,42.77,m_386,travel,35.5316,-108.8485
T000036410,435100000025,2025-12-19T02:02:00Z,12.94,m_147,online,33.307,-101.5404
T000036412,480500000222,2025-12-19T02:19:00Z,29.27,m_618,restaurant,28.7303,-122.7817
T000036413,456600000153,2025-12-19T02:22:00Z,25.83,m_478,restaurant,36.5261,-111.0584
T000036414,429200000004,2025-12-19T02:25:00Z,181.74,m_046,electronics,16.2957,-85.1762
T000036415,498000000209,2025-12-19T02:38:00Z,76.75,m_101,cash_advance,33.159,-82.2262
T000036416,441600000097,2025-12-19T02:38:00Z,11.98,m_617,fuel,27.3112,-117.2369
T000036418,403900000062,2025-12-19T02:44:00Z,26.31,m_051,cash_advance,36.0419,-108.1217
T000036420,492300000241,2025-12-19T03:00:00Z,21.17,m_323,entertainment,29.1789,-77.1019
T000036422,443000000144,2025-12-19T03:23:00Z,18.36,m_234,entertainment,29.7419,-78.8638
T000036423,472200000195,2025-12-19T03:53:00Z,34.16,m_158,cash_advance,34.8253,-81.1673
T000036427,483600000069,2025-12-19T04:29:00Z,18.05,m_663,electronics,28.4951,-112.014
T000036430,466900000159,2025-12-19T04:52:00Z,12.46,m_572,fuel,43.4086,-99.2745
T000036431,444500000160,2025-12-19T05:12:00Z,26.75,m_252,online,29.0543,-80.8361
T000036432,479800000106,2025-12-19T05:25:00Z,24.84,m_298,health,27.8715,-71.1639
T000036433,432400000114,2025-12-19T05:29:00Z,14.43,m_334,electronics,42.4387,-73.3538
T000036434,415300000169,2025-12-19T05:36:00Z,32.57,m_245,restaurant,34.7787,-117.2378
T000036439,429100000136,2025-12-19T06:53:00Z,67.7,m_631,fuel,48.3948,-79.2925
T000036440,433100000271,2025-12-19T07:12:00Z,6.27,m_629,online,42.2792,-78.5875
T000036441,470900000176,2025-12-19T07:31:00Z,12.4,m_041,health,45.8837,-80.4683
T000036443,431800000140,2025-12-19T08:00:00Z,49.1,m_039,cash_advance,47.6542,-97.181
T000036444,429100000136,2025-12-19T08:12:00Z,37.06,m_198,cash_advance,48.554,-78.5532
T000036445,425600000170,2025-12-19T08:13:00Z,25.55,m_436,grocery,27.374,-83.4257
T000036446,427100000293,2025-12-19T08:15:00Z,90.02,m_693,entertainment,30.7922,-113.2469
T000036447,461500000245,2025-12-19T08:22:00Z,40.76,m_526,online,36.9594,-119.9264
T000036448,473500000012,2025-12-19T08:25:00Z,8.43,m_407,electronics,44.9516,-121.7657
T000036449,453000000151,2025-12-19T08:30:00Z,7.72,m_358,clothing,37.9357,-103.967
T000036450,429200000004,2025-12-19T08:31:00Z,49.06,m_154,clothing,26.1566,-96.1502
T000036451,413700000240,2025-12-19T08:32:00Z,21.29,m_693,entertainment,30.4525,-117.4855
T000036452,413300000061,2025-12-19T08:39:00Z,4.06,m_789,fuel,34.1804,-80.9001
T000036453,463700000291,2025-12-19T08:43:00Z,3.35,m_450,clothing,37.0045,-84.9745
T000036454,486500000234,2025-12-19T08:47:00Z,7.13,m_502,electronics,37.7641,-107.8008
T000036455,488600000295,2025-12-19T08:49:00Z,25.14,m_504,clothing,43.5893,-100.2075
T000036457,493800000213,2025-12-19T08:51:00Z,39.89,m_716,entertainment,35.1167,-73.9708
T000036458,421500000098,2025-12-19T08:52:00Z,5.61,m_539,grocery,32.8594,-122.0932
T000036460,489100000057,2025-12-19T09:06:00Z,11.59,m_508,health,45.3517,-73.5235
T000036467,413500000264,2025-12-19T09:22:00Z,54.49,m_200,travel,38.6735,-119.151
T000036468,471100000081,2025-12-19T09:24:00Z,8.83,m_659,clothing,38.2333,-112.9876
T000036469,441600000097,2025-12-19T09:27:00Z,9.73,m_531,electronics,27.1686,-116.9157
T000036470,454900000187,2025-12-19T09:29:00Z,14.46,m_498,travel,41.9977,-111.0118
T000036471,470900000176,2025-12-19T09:33:00Z,11.34,m_087,electronics,46.284,-80.8883
T000036472,413300000230,2025-12-19T09:35:00Z,7.39,m_791,online,42.6123,-72.8814
T000036474,488800000117,2025-12-19T09:42:00Z,14.84,m_299,restaurant,36.7337,-105.0678
T000036475,418600000223,2025-12-19T09:43:00Z,8.94,m_451,grocery,49.1589,-78.8038
T000036477,419900000096,2025-12-19T09:52:00Z,11.72,m_720,travel,45.9087,-95.5173
T000036478,442200000287,2025-12-19T09:53:00Z,27.34,m_070,fuel,33.2123,-120.5599
T000036481,446100000021,2025-12-19T09:59:00Z,22.11,m_520,online,46.5325,-83.6062
T000036482,440800000163,2025-12-19T10:02:00Z,21.93,m_340,restaurant,28.1197,-117.4016
T000036483,468200000221,2025-12-19T10:04:00Z,15.99,m_160,grocery,40.8729,-72.2586
T000036485,453500000052,2025-12-19T10:07:00Z,9.08,m_786,grocery,44.0031,-122.7139
T000036486,401300000033,2025-12-19T10:09:00Z,68.08,m_613,entertainment,37.5327,-114.3063
T000036487,452800000233,2025-12-19T10:30:00Z,25.55,m_523,cash_advance,34.7858,-72.1871
T000036491,432500000036,2025-12-19T10:37:00Z,12.4,m_498,clothing,39.5498,-119.9082
T000036492,478500000258,2025-12-19T10:47:00Z,35.63,m_355,clothing,47.1299,-84.5648
T000036493,443000000144,2025-12-19T10:51:00Z,37.9,m_435,fuel,31.0622,-78.6948
T000036494,462600000282,2025-12-19T10:52:00Z,7.73,m_585,entertainment,45.6769,-88.0032
T000036495,408300000014,2025-12-19T10:55:00Z,10.84,m_251,fuel,39.3976,-89.0416
T000036496,431600000056,2025-12-19T10:55:00Z,15.81,m_583,entertainment,45.4732,-84.3617
T000036497,406800000116,2025-12-19T10:58:00Z,19.9,m_715,fuel,45.283,-85.4055
T000036498,425400000252,2025-12-19T11:00:00Z,14.36,m_043,clothing,25.2449,-123.2818
T000036499,486600000215,2025-12-19T11:08:00Z,27.61,m_657,electronics,31.6364,-101.6701
T000036501,473800000088,2025-12-19T11:13:00Z,13.26,m_106,electronics,49.0131,-99.0267
T000036502,403300000018,2025-12-19T11:16:00Z,60.56,m_010,fuel,29.7903,-78.8762
T000036505,498300000111,2025-12-19T11:18:00Z,18.49,m_256,grocery,25.3953,-117.5169
T000036506,455200000174,2025-12-19T11:18:00Z,60.74,m_546,cash_advance,43.1389,-107.8743
T000036507,455700000103,2025-12-19T11:21:00Z,5.06,m_020,clothing,25.5058,-89.8483
T000036509,490700000167,2025-12-19T11:26:00Z,25.69,m_552,health,30.3521,-100.0836
T000036510,470900000176,2025-12-19T11:27:00Z,18.75,m_607,restaurant,46.4169,-81.42
T000036512,404300000189,2025-12-19T11:31:00Z,20.5,m_500,health,26.0598,-117.3146
T000036513,412500000217,2025-12-19T11:31:00Z,23.71,m_265,travel,26.3678,-113.7647
T000036514,413300000061,2025-12-19T11:31:00Z,5.22,m_656,restaurant,34.7239,-81.6595
T000036515,467700000148,2025-12-19T11:32:00Z,5.76,m_557,restaurant,33.9342,-72.5025
T000036517,489100000057,2025-12-19T11:35:00Z,18.16,m_585,entertainment,45.5151,-73.338
T000036518,493900000290,2025-12-19T11:37:00Z,25.9,m_137,travel,34.9087,-73.2815
T000036520,485700000008,2025-12-19T11:41:00Z,44.11,m_103,grocery,38.7528,-97.1356
T000036521,446600000289,2025-12-19T11:42:00Z,29.0,m_051,electronics,37.8967,-72.6714
T000036524,472100000092,2025-12-19T11:52:00Z,15.0,m_752,cash_advance,42.3133,-79.9876
T000036525,493600000274,2025-12-19T11:53:00Z,15.16,m_464,electronics,27.1719,-73.284
T000036526,421500000098,2025-12-19T11:57:00Z,9.73,m_588,entertainment,32.1011,-122.0684
T000036529,430300000145,2025-12-19T12:02:00Z,15.89,m_195,health,25.8978,-103.7045
T000036530,480100000110,2025-12-19T12:02:00Z,6.73,m_587,travel,43.459,-78.3427
T000036532,493300000296,2025-12-19T12:08:00Z,28.34,m_111,grocery,48.4773,-106.1919
T000036533,416600000244,2025-12-19T12:09:00Z,38.43,m_305,restaurant,38.3475,-73.5139
T000036534,412700000272,2025-12-19T12:10:00Z,60.01,m_424,cash_advance,35.4533,-108.7037
T000036536,420900000275,2025-12-19T12:16:00Z,47.54,m_694,restaurant,29.0445,-73.1994
T000036537,482300000206,2025-12-19T12:17:00Z,18.44,m_690,electronics,38.0714,-78.6702
T000036538,499500000281,2025-12-19T12:18:00Z,24.06,m_262,cash_advance,47.342,-75.7535
T000036540,434800000074,2025-12-19T12:23:00Z,14.85,m_066,online,34.8973,-110.3682
T000036541,415300000108,2025-12-19T12:24:00Z,12.12,m_794,online,41.8482,-111.5281
T000036543,463700000006,2025-12-19T12:26:00Z,5.91,m_429,grocery,29.3133,-122.6367
T000036544,430300000145,2025-12-19T12:31:00Z,9.3,m_064,travel,25.8373,-102.6205
T000036545,482600000050,2025-12-19T12:32:00Z,9.81,m_662,online,37.9928,-77.8436
T000036546,474300000084,2025-12-19T12:34:00Z,21.84,m_053,electronics,28.4766,-92.5705
T000036547,451600000095,2025-12-19T12:37:00Z,33.93,m_503,electronics,41.2607,-102.9979
T000036548,426900000083,2025-12-19T12:40:00Z,30.88,m_426,electronics,48.4161,-82.7184
T000036549,460200000201,2025-12-19T12:41:00Z,53.27,m_335,fuel,44.2951,-78.5289
T000036550,462600000282,2025-12-19T12:52:00Z,25.61,m_696,fuel,45.6802,-88.3023
T000036551,400900000156,2025-12-19T12:54:00Z,10.19,m_098,fuel,43.1436,-106.139
T000036552,473700000249,2025-12-19T12:54:00Z,20.02,m_163,grocery,36.6714,-83.9607
T000036554,455200000174,2025-12-19T13:04:00Z,25.12,m_271,health,43.7813,-108.7179
T000036555,400100000173,2025-12-19T13:06:00Z,16.46,m_286,grocery,48.0698,-83.443
T000036556,443000000144,2025-12-19T13:09:00Z,70.39,m_556,online,30.4943,-79.2299
T000036557,494800000246,2025-12-19T13:11:00Z,41.53,m_717,electronics,41.5386,-107.4302
T000036558,492900000216,2025-12-19T13:12:00Z,7.34,m_297,entertainment,35.8615,-71.0725
T000036559,470500000205,2025-12-19T13:13:00Z,10.59,m_301,cash_advance,44.521,-118.4288
T000036560,478500000258,2025-12-19T13:20:00Z,18.86,m_557,fuel,47.3552,-84.1179
T000036562,479800000106,2025-12-19T13:27:00Z,15.63,m_437,travel,28.5594,-71.614
T000036563,416600000244,2025-12-19T13:30:00Z,26.88,m_587,travel,37.9807,-73.0348
T000036564,452500000236,2025-12-19T13:30:00Z,7.31,m_698,health,26.1979,-116.3543
T000036565,404300000189,2025-12-19T13:32:00Z,42.87,m_109,cash_advance,26.622,-117.0312
T000036566,474000000094,2025-12-19T13:32:00Z,11.1,m_275,entertainment,47.2159,-116.1114
T000036567,494800000246,2025-12-19T13:35:00Z,82.65,m_612,clothing,41.6279,-106.6824
T000036569,432500000036,2025-12-19T13:39:00Z,31.48,m_551,restaurant,39.061,-120.0504
T000036570,488800000117,2025-12-19T13:39:00Z,12.95,m_080,restaurant,35.9347,-104.7113
T000036571,467400000299,2025-12-19T13:40:00Z,26.99,m_782,cash_advance,25.9838,-109.0766
T000036573,470100000147,2025-12-19T13:45:00Z,13.18,m_322,restaurant,30.3419,-82.8221
T000036574,463700000006,2025-12-19T13:46:00Z,17.25,m_248,fuel,29.5667,-122.4636
T000036575,442200000037,2025-12-19T13:46:00Z,44.55,m_575,restaurant,33.3196,-107.3679
T000036576,420400000060,2025-12-19T13:51:00Z,17.43,m_334,health,32.6231,-72.719
T000036577,427100000293,2025-12-19T13:55:00Z,16.34,m_600,restaurant,30.258,-113.213
T000036580,400100000173,2025-12-19T14:12:00Z,25.55,m_161,electronics,46.8885,-83.5736
T000036581,413300000230,2025-12-19T14:12:00Z,21.37,m_021,travel,42.7921,-72.8132
T000036584,478700000011,2025-12-19T14:20:00Z,43.06,m_167,online,46.603,-93.1897
T000036587,406800000116,2025-12-19T14:36:00Z,17.23,m_587,health,44.084,-85.2409
T000036588,457900000211,2025-12-19T14:45:00Z,7.75,m_578,electronics,31.2844,-106.1402
T000036593,467700000148,2025-12-19T15:15:00Z,19.18,m_635,health,33.2121,-72.689
T000036594,421400000107,2025-12-19T15:15:00Z,35.24,m_567,fuel,40.0527,-112.639
T000036596,496700000238,2025-12-19T15:22:00Z,14.96,m_295,online,25.601,-103.2115
T000036597,404300000189,2025-12-19T15:22:00Z,50.8,m_555,health,27.6878,-117.458
T000036598,484400000030,2025-12-19T15:25:00Z,39.79,m_081,restaurant,29.0943,-73.2112
T000036599,478800000067,2025-12-19T15:29:00Z,17.66,m_395,clothing,47.4045,-73.0943
T000036600,477200000076,2025-12-19T15:31:00Z,14.66,m_597,entertainment,42.7083,-77.4621
T000036601,460200000201,2025-12-19T15:33:00Z,15.35,m_682,electronics,44.718,-78.3253
T000036602,427500000040,2025-12-19T15:33:00Z,46.84,m_713,cash_advance,25.9248,-86.7953
T000036603,404300000189,2025-12-19T15:35:00Z,28.63,m_069,grocery,26.4326,-117.1326
T000036606,471100000298,2025-12-19T16:04:00Z,31.21,m_346,online,45.7235,-85.7784
T000036607,459200000077,2025-12-19T16:05:00Z,31.28,m_359,travel,35.4567,-106.5743
T000036608,414100000007,2025-12-19T16:05:00Z,12.57,m_615,restaurant,35.3966,-113.4942
T000036609,482300000206,2025-12-19T16:08:00Z,23.54,m_040,online,37.6515,-79.2924
T000036611,486600000046,2025-12-19T16:16:00Z,20.49,m_396,entertainment,41.3669,-96.8491
T000036613,486600000046,2025-12-19T16:18:00Z,40.78,m_479,cash_advance,41.2201,-96.5199
T000036615,442200000287,2025-12-19T16:20:00Z,33.28,m_405,cash_advance,32.4274,-120.7324
T000036616,454700000001,2025-12-19T16:20:00Z,24.41,m_033,entertainment,29.1648,-117.0489
T000036617,421700000058,2025-12-19T16:30:00Z,24.15,m_535,electronics,43.7998,-83.0128
T000036618,408300000014,2025-12-19T16:31:00Z,7.33,m_054,entertainment,39.711,-88.2741
T000036620,431300000248,2025-12-19T16:41:00Z,17.54,m_195,cash_advance,27.0756,-85.5967
T000036621,433100000271,2025-12-19T16:42:00Z,14.38,m_134,electronics,41.7875,-78.8445
T000036622,491000000038,2025-12-19T16:42:00Z,26.63,m_263,fuel,26.0894,-92.6656
T000036623,473700000249,2025-12-19T16:43:00Z,28.82,m_681,health,36.5412,-83.8482
T000036624,467400000299,2025-12-19T16:45:00Z,7.84,m_579,restaurant,26.1641,-109.6441
T000036625,413500000264,2025-12-19T16:46:00Z,74.65,m_183,electronics,38.8696,-119.0922
T000036626,422500000202,2025-12-19T16:48:00Z,22.77,m_018,fuel,27.8805,-88.0565
T000036628,431600000056,2025-12-19T16:58:00Z,9.2,m_452,electronics,44.7272,-83.7661
T000036629,492300000134,2025-12-19T17:04:00Z,51.42,m_366,health,25.5357,-102.0102
T000036630,404400000000,2025-12-19T17:05:00Z,50.16,m_775,restaurant,45.0979,-74.7683
T000036631,413800000254,2025-12-19T17:06:00Z,23.3,m_723,cash_advance,40.3416,-82.9183
T000036634,479800000106,2025-12-19T17:15:00Z,20.34,m_563,entertainment,27.9487,-71.0389
T000036636,446600000289,2025-12-19T17:17:00Z,20.82,m_112,clothing,38.3997,-72.7085
T000036637,457900000211,2025-12-19T17:20:00Z,30.91,m_027,electronics,31.3727,-105.5736
T000036638,452600000257,2025-12-19T17:20:00Z,21.23,m_481,electronics,29.072,-105.2168
T000036639,415300000108,2025-12-19T17:20:00Z,12.15,m_103,grocery,43.0697,-111.7387
T000036640,426900000083,2025-12-19T17:21:00Z,26.62,m_752,health,47.3455,-83.1249
T000036643,473300000089,2025-12-19T17:25:00Z,16.84,m_198,clothing,39.6548,-73.9863
T000036644,413800000254,2025-12-19T17:26:00Z,24.06,m_223,electronics,40.8944,-83.4967
T000036645,482300000206,2025-12-19T17:28:00Z,21.29,m_409,grocery,37.1333,-79.1363
T000036647,493800000213,2025-12-19T17:33:00Z,29.27,m_631,clothing,35.5666,-74.8116
T000036648,493800000213,2025-12-19T17:36:00Z,38.99,m_252,grocery,34.8245,-74.5894
T000036649,470500000205,2025-12-19T17:49:00Z,9.98,m_581,online,44.3323,-119.2597
T000036650,489200000253,2025-12-19T17:51:00Z,47.09,m_066,grocery,36.9121,-88.6038
T000036651,482300000206,2025-12-19T17:52:00Z,35.1,m_098,fuel,38.647,-78.6162
T000036652,494800000019,2025-12-19T17:53:00Z,19.24,m_371,health,25.2427,-102.9293
T000036654,421700000058,2025-12-19T17:59:00Z,81.15,m_559,grocery,42.625,-83.7067
T000036655,460200000201,2025-12-19T18:13:00Z,39.37,m_285,health,44.6112,-77.5835
T000036656,478800000067,2025-12-19T18:20:00Z,21.24,m_111,travel,47.2007,-73.6748
T000036658,480100000110,2025-12-19T18:22:00Z,9.84,m_468,entertainment,43.6528,-78.3529
T000036659,489100000057,2025-12-19T18:28:00Z,9.21,m_378,grocery,46.1742,-74.2745
T000036660,488800000242,2025-12-19T18:30:00Z,16.5,m_108,grocery,33.5583,-101.4566
T000036661,449300000066,2025-12-19T18:35:00Z,19.94,m_220,fuel,33.8942,-91.6235
T000036662,448700000123,2025-12-19T18:38:00Z,40.61,m_084,cash_advance,40.8163,-98.1921
T000036664,419200000035,2025-12-19T19:02:00Z,52.37,m_704,fuel,29.8216,-91.9684
T000036666,488600000295,2025-12-19T19:08:00Z,20.19,m_340,entertainment,43.0343,-99.1192
T000036669,431300000248,2025-12-19T19:13:00Z,42.72,m_029,online,26.8169,-86.2296
T000036672,478800000015,2025-12-19T19:26:00Z,70.24,m_433,grocery,29.9135,-112.9781
T000036673,455200000174,2025-12-19T19:26:00Z,38.31,m_084,restaurant,43.1127,-108.8401
T000036674,441700000121,2025-12-19T19:26:00Z,12.53,m_314,grocery,26.8335,-106.3346
T000036676,490700000167,2025-12-19T19:37:00Z,37.3,m_173,entertainment,30.7423,-99.7344
T000036677,432400000114,2025-12-19T19:42:00Z,31.92,m_168,clothing,42.08,-73.3764
T000036678,478700000011,2025-12-19T19:48:00Z,75.51,m_596,grocery,45.6556,-93.8294
T000036679,405200000054,2025-12-19T19:50:00Z,49.23,m_472,fuel,31.3568,-89.2208
T000036680,463300000003,2025-12-19T19:52:00Z,5.9,m_131,electronics,28.5685,-71.491
T000036682,454700000001,2025-12-19T20:08:00Z,19.69,m_180,entertainment,28.8219,-117.0455
T000036683,461900000132,2025-12-19T20:10:00Z,5.13,m_427,entertainment,39.4568,-96.2952
T000036684,436500000043,2025-12-19T20:11:00Z,48.2,m_367,grocery,34.9079,-110.6935
T000036686,452500000236,2025-12-19T20:14:00Z,13.0,m_654,electronics,25.3796,-116.2428
T000036689,414100000007,2025-12-19T20:29:00Z,14.69,m_247,health,35.3615,-115.0164
T000036690,426800000149,2025-12-19T20:30:00Z,33.9,m_646,clothing,30.5413,-118.3359
T000036691,468200000221,2025-12-19T20:33:00Z,17.03,m_077,electronics,40.2392,-72.3652
T000036692,492300000134,2025-12-19T20:35:00Z,31.56,m_406,clothing,26.0137,-102.5313
T000036693,472100000092,2025-12-19T20:37:00Z,4.44,m_136,health,41.8745,-79.9054
T000036694,473300000089,2025-12-19T20:37:00Z,13.61,m_386,health,39.0949,-74.0166
T000036695,494800000228,2025-12-19T20:39:00Z,59.41,m_486,cash_advance,25.2532,-86.273
T000036696,409000000198,2025-12-19T20:40:00Z,13.3,m_422,online,47.9541,-80.5437
T000036697,441700000276,2025-12-19T20:40:00Z,19.73,m_686,travel,40.8041,-104.4851
T000036698,485500000183,2025-12-19T20:42:00Z,35.29,m_492,online,34.7383,-73.8698
T000036699,449400000093,2025-12-19T20:48:00Z,18.8,m_623,travel,47.2704,-103.9083
T000036701,494800000228,2025-12-19T20:49:00Z,53.15,m_492,health,24.8444,-86.4219
T000036702,486500000234,2025-12-19T20:53:00Z,5.89,m_580,travel,38.7524,-107.6878
T000036705,400100000173,2025-12-19T22:00:00Z,7.4,m_574,travel,47.7823,-84.2374
T000036706,493600000274,2025-12-19T22:01:00Z,24.93,m_567,entertainment,27.1496,-73.2828
T000036708,463700000291,2025-12-19T22:48:00Z,10.0,m_572,fuel,37.6631,-85.3287
T000036709,488200000133,2025-12-19T22:51:00Z,19.73,m_099,restaurant,46.6118,-88.2686
T000036711,422500000202,2025-12-19T23:00:00Z,11.57,m_072,entertainment,28.331,-87.648
T000036712,478700000237,2025-12-19T23:02:00Z,30.39,m_710,online,26.2376,-77.3404
T000036714,491600000072,2025-12-19T23:08:00Z,14.59,m_355,online,34.5295,-112.9928
T000036715,449400000093,2025-12-19T23:11:00Z,4.38,m_790,cash_advance,46.3045,-103.5788
T000036717,444500000160,2025-12-19T23:47:00Z,17.7,m_634,travel,27.7932,-81.579
T000036720,446600000289,2025-12-20T00:52:00Z,19.02,m_151,travel,38.6811,-72.8687
T000036721,458800000284,2025-12-20T01:04:00Z,25.98,m_200,entertainment,39.0329,-96.1604
T000036722,419900000096,2025-12-20T01:11:00Z,25.76,m_181,fuel,45.4594,-95.3666
T000036725,412900000224,2025-12-20T01:21:00Z,20.21,m_582,fuel,29.1396,-119.7532
T000036726,400900000156,2025-12-20T01:36:00Z,8.2,m_539,cash_advance,42.7667,-106.3271
T000036728,485700000008,2025-12-20T01:38:00Z,13.16,m_646,grocery,38.7956,-97.7978
T000036730,419500000045,2025-12-20T02:11:00Z,20.78,m_763,cash_advance,27.4428,-77.2074
T000036731,448700000123,2025-12-20T02:36:00Z,171.35,m_074,electronics,41.0952,-98.0407
T000036732,486600000215,2025-12-20T02:39:00Z,17.97,m_610,fuel,31.8844,-102.2232
T000036733,403900000062,2025-12-20T02:40:00Z,21.47,m_223,restaurant,36.4711,-108.7973
T000036734,493900000290,2025-12-20T02:57:00Z,132.21,m_536,entertainment,34.1521,-74.4902
T000036736,492300000134,2025-12-20T03:12:00Z,46.84,m_752,fuel,25.2583,-101.1142
T000036737,455200000174,2025-12-20T03:33:00Z,281.99,m_140,travel,38.4963,-109.4314
T000036740,426800000149,2025-12-20T03:43:00Z,553.91,m_790,online,32.0358,-114.1401
T000036741,483100000286,2025-12-20T03:45:00Z,21.56,m_210,travel,35.6536,-74.3204
T000036743,463700000291,2025-12-20T03:59:00Z,10.57,m_094,electronics,36.8382,-84.9072
T000036744,458800000284,2025-12-20T04:09:00Z,135.08,m_117,online,44.3951,-91.2972
T000036745,425100000250,2025-12-20T04:26:00Z,15.15,m_773,fuel,32.8113,-99.269
T000036746,431300000248,2025-12-20T04:31:00Z,22.71,m_522,entertainment,26.2835,-85.198
T000036748,421700000058,2025-12-20T04:58:00Z,120.4,m_688,cash_advance,42.219,-83.2097
T000036749,419500000045,2025-12-20T05:11:00Z,181.62,m_258,cash_advance,25.9015,-74.8869
T000036750,475100000009,2025-12-20T05:18:00Z,31.26,m_160,health,32.9999,-78.3179
T000036751,421400000107,2025-12-20T05:20:00Z,22.87,m_788,electronics,39.824,-112.5234
T000036752,491300000082,2025-12-20T05:22:00Z,23.39,m_219,travel,40.6622,-106.3253
T000036753,488800000117,2025-12-20T05:26:00Z,22.12,m_794,online,35.3103,-104.9481
T000036754,488800000117,2025-12-20T05:36:00Z,25.51,m_788,grocery,36.2677,-104.5824
T000036755,478700000237,2025-12-20T05:47:00Z,52.02,m_049,grocery,26.4098,-77.7427
T000036757,429200000138,2025-12-20T06:24:00Z,23.11,m_592,online,40.7439,-86.3817
T000036758,489800000203,2025-12-20T06:28:00Z,11.79,m_443,clothing,43.215,-103.461
T000036759,423300000143,2025-12-20T06:32:00Z,28.31,m_404,clothing,41.6934,-108.0288
T000036764,489800000203,2025-12-20T08:03:00Z,48.19,m_071,travel,43.0305,-101.9522
T000036765,436500000043,2025-12-20T08:03:00Z,36.51,m_205,clothing,35.4293,-110.1541
T000036766,445900000135,2025-12-20T08:03:00Z,51.05,m_597,travel,31.9546,-105.0541
T000036767,413300000061,2025-12-20T08:03:00Z,7.57,m_102,entertainment,34.8696,-80.9019
T000036768,434500000161,2025-12-20T08:03:00Z,23.8,m_668,online,37.2069,-87.9868
T000036769,471700000259,2025-12-20T08:04:00Z,43.51,m_149,clothing,26.8751,-118.1074
T000036770,449400000093,2025-12-20T08:06:00Z,10.83,m_586,cash_advance,45.5625,-103.9927
T000036771,470100000147,2025-12-20T08:07:00Z,7.38,m_669,cash_advance,30.0811,-83.6839
T000036772,452500000236,2025-12-20T08:08:00Z,13.63,m_447,cash_advance,26.0909,-116.5566
T000036773,432000000185,2025-12-20T08:11:00Z,21.65,m_075,restaurant,40.9381,-83.0422
T000036774,493600000274,2025-12-20T08:11:00Z,12.44,m_182,electronics,27.0173,-72.7597
T000036775,423900000113,2025-12-20T08:15:00Z,42.57,m_527,online,31.7013,-89.8869
T000036776,438100000157,2025-12-20T08:17:00Z,24.86,m_430,online,28.6576,-97.7651
T000036780,471100000081,2025-12-20T08:32:00Z,16.73,m_098,travel,39.1138,-112.7573
T000036782,493900000199,2025-12-20T08:38:00Z,8.51,m_677,restaurant,41.4582,-90.1908
T000036783,413800000254,2025-12-20T08:40:00Z,29.55,m_007,clothing,40.4396,-83.7322
T000036784,495400000142,2025-12-20T08:41:00Z,23.56,m_276,entertainment,40.0453,-117.2628
T000036785,423300000143,2025-12-20T08:41:00Z,51.0,m_352,health,42.1429,-108.4831
T000036786,471100000298,2025-12-20T08:42:00Z,8.78,m_001,online,45.499,-86.0511
T000036787,463700000006,2025-12-20T08:42:00Z,13.21,m_142,entertainment,29.8891,-122.7675
T000036788,432500000036,2025-12-20T08:44:00Z,14.08,m_223,clothing,39.8216,-119.8504
T000036789,473800000088,2025-12-20T08:45:00Z,34.56,m_746,restaurant,49.1786,-99.5154
T000036790,452600000257,2025-12-20T08:46:00Z,40.92,m_631,electronics,28.7543,-105.9819
T000036794,473500000012,2025-12-20T09:05:00Z,4.02,m_048,clothing,45.7435,-121.8807
T000036795,495400000142,2025-12-20T09:09:00Z,9.71,m_791,electronics,40.7681,-117.7661
T000036796,422200000028,2025-12-20T09:11:00Z,33.57,m_618,cash_advance,28.5561,-122.656
T000036798,473500000012,2025-12-20T09:13:00Z,3.76,m_234,grocery,44.7691,-121.8008
T000036799,473800000088,2025-12-20T09:15:00Z,15.18,m_290,online,49.3089,-99.5613
T000036800,494800000019,2025-12-20T09:15:00Z,24.36,m_679,entertainment,24.8416,-102.959
T000036801,492300000134,2025-12-20T09:17:00Z,21.23,m_486,travel,25.273,-102.1373
T000036802,478200000065,2025-12-20T09:17:00Z,170.53,m_542,fuel,34.6115,-88.7724
T000036803,435100000025,2025-12-20T09:20:00Z,11.29,m_334,restaurant,33.3541,-101.6388
T000036804,405200000054,2025-12-20T09:22:00Z,58.6,m_288,clothing,31.6324,-89.1027
T000036805,446600000289,2025-12-20T09:26:00Z,39.45,m_127,grocery,38.4555,-72.8626
T000036808,405200000054,2025-12-20T09:27:00Z,71.24,m_328,cash_advance,31.2338,-88.7053
T000036806,492300000241,2025-12-20T09:27:00Z,19.95,m_288,cash_advance,28.5466,-77.2631
T000036807,454600000047,2025-12-20T09:27:00Z,25.19,m_382,clothing,43.3392,-96.7247
T000036809,459100000090,2025-12-20T09:31:00Z,21.16,m_522,travel,40.5318,-81.8862
T000036812,495400000142,2025-12-20T09:40:00Z,14.48,m_618,electronics,40.121,-117.052
T000036815,432000000185,2025-12-20T09:51:00Z,32.65,m_394,travel,42.1509,-82.9341
T000036819,472500000070,2025-12-20T10:02:00Z,17.68,m_454,electronics,38.0442,-101.5163
T000036820,431300000248,2025-12-20T10:02:00Z,55.42,m_213,cash_advance,26.9617,-85.8557
T000036821,432400000114,2025-12-20T10:03:00Z,14.48,m_021,restaurant,42.0895,-73.5912
T000036822,414100000007,2025-12-20T10:03:00Z,17.16,m_578,entertainment,35.8589,-113.7928
T000036826,452100000297,2025-12-20T10:21:00Z,60.6,m_407,clothing,25.8259,-84.5191
T000036828,442200000287,2025-12-20T10:25:00Z,8.62,m_239,electronics,32.4338,-120.7926
T000036829,478700000011,2025-12-20T10:29:00Z,176.95,m_747,restaurant,45.6431,-93.3715
T000036830,494000000016,2025-12-20T10:31:00Z,32.56,m_658,health,39.489,-112.7648
T000036832,499000000220,2025-12-20T10:39:00Z,10.95,m_723,cash_advance,27.0272,-106.9329
T000036834,453000000151,2025-12-20T10:41:00Z,13.5,m_577,cash_advance,38.771,-103.7505
T000036836,446600000289,2025-12-20T10:46:00Z,43.72,m_663,travel,37.9535,-73.535
T000036837,402500000268,2025-12-20T10:49:00Z,9.84,m_316,electronics,44.8335,-117.1928
T000036838,427700000051,2025-12-20T10:57:00Z,13.87,m_640,entertainment,29.7651,-92.4369
T000036839,413300000061,2025-12-20T10:58:00Z,4.48,m_222,health,34.7334,-81.1904
T000036841,422500000202,2025-12-20T11:02:00Z,7.6,m_157,fuel,27.537,-88.2156
T000036842,456300000265,2025-12-20T11:02:00Z,48.44,m_755,electronics,34.3856,-122.0941
T000036843,473500000012,2025-12-20T11:03:00Z,16.06,m_309,entertainment,45.1189,-120.948
T000036844,423300000143,2025-12-20T11:03:00Z,27.95,m_116,online,41.7938,-107.5236
T000036846,422200000028,2025-12-20T11:04:00Z,33.53,m_692,clothing,28.9818,-121.9873
T000036847,409000000198,2025-12-20T11:05:00Z,46.12,m_350,restaurant,47.4011,-81.6462
T000036848,440200000212,2025-12-20T11:05:00Z,37.22,m_532,grocery,45.5486,-103.0527
T000036853,415300000169,2025-12-20T11:28:00Z,20.79,m_312,clothing,35.6179,-117.0534
T000036854,489200000253,2025-12-20T11:31:00Z,27.74,m_584,entertainment,36.8908,-88.9509
T000036855,427100000293,2025-12-20T11:34:00Z,48.08,m_476,grocery,30.7958,-112.9774
T000036856,472500000070,2025-12-20T11:38:00Z,13.25,m_039,clothing,38.5635,-101.9251
T000036857,452600000257,2025-12-20T11:41:00Z,18.1,m_647,cash_advance,28.8635,-105.8123
T000036858,457900000211,2025-12-20T11:41:00Z,8.17,m_220,restaurant,31.9452,-105.628
T000036859,463300000003,2025-12-20T11:46:00Z,22.4,m_392,clothing,28.9985,-71.5281
T000036861,420200000231,2025-12-20T11:50:00Z,19.65,m_585,health,28.1019,-115.2399
T000036863,423300000143,2025-12-20T11:55:00Z,12.17,m_028,cash_advance,41.6434,-107.2913
T000036864,403900000062,2025-12-20T11:58:00Z,40.29,m_024,grocery,35.9993,-108.1459
T000036865,435100000025,2025-12-20T11:58:00Z,7.07,m_739,cash_advance,34.3769,-100.4092
T000036866,431300000248,2025-12-20T11:59:00Z,23.04,m_715,electronics,25.9509,-86.4984
T000036867,432400000114,2025-12-20T12:02:00Z,23.43,m_186,grocery,42.5143,-74.1924
T000036870,477200000076,2025-12-20T12:06:00Z,28.51,m_763,electronics,42.7465,-78.1881
T000036871,492900000273,2025-12-20T12:09:00Z,57.86,m_794,electronics,32.5478,-118.0138
T000036872,452600000257,2025-12-20T12:12:00Z,52.87,m_579,online,28.6227,-105.5038
T000036876,442200000287,2025-12-20T12:23:00Z,22.62,m_552,entertainment,32.8159,-120.6282
T000036878,471100000081,2025-12-20T12:31:00Z,11.13,m_510,travel,40.1093,-113.299
T000036879,441600000097,2025-12-20T12:34:00Z,15.87,m_173,clothing,26.7243,-116.8952
T000036880,419200000035,2025-12-20T12:36:00Z,42.8,m_726,online,30.5286,-92.1676
T000036881,478700000011,2025-12-20T12:36:00Z,82.42,m_344,entertainment,44.9472,-93.3653
T000036883,459100000090,2025-12-20T12:43:00Z,41.76,m_700,health,40.9751,-83.2908
T000036884,485100000229,2025-12-20T12:44:00Z,34.3,m_048,health,30.0919,-97.203
T000036885,472500000128,2025-12-20T12:46:00Z,9.47,m_432,travel,30.3572,-119.0626
T000036886,404300000189,2025-12-20T12:50:00Z,30.61,m_151,restaurant,25.5105,-117.7241
T000036887,471100000081,2025-12-20T12:51:00Z,7.6,m_444,health,39.3111,-112.8451
T000036888,420300000182,2025-12-20T12:51:00Z,44.55,m_571,restaurant,31.1103,-97.6242
T000036889,489800000203,2025-12-20T12:52:00Z,16.19,m_127,grocery,42.5107,-103.1176
T000036890,461900000132,2025-12-20T13:07:00Z,6.6,m_001,health,38.9008,-97.2515
T000036891,459900000181,2025-12-20T13:09:00Z,5.6,m_182,electronics,28.6857,-115.5391
T000036892,478700000011,2025-12-20T13:14:00Z,63.93,m_382,grocery,45.868,-93.3162
T000036894,466900000159,2025-12-20T13:18:00Z,9.94,m_596,cash_advance,43.0481,-99.5468
T000036895,459900000181,2025-12-20T13:23:00Z,13.54,m_365,travel,28.5243,-115.5499
T000036896,493100000068,2025-12-20T13:32:00Z,25.71,m_530,restaurant,34.5908,-91.2697
T000036898,473800000088,2025-12-20T13:39:00Z,14.07,m_742,travel,48.7662,-99.325
T000036900,408700000002,2025-12-20T13:49:00Z,63.23,m_502,electronics,36.4675,-94.6034
T000036901,483600000069,2025-12-20T13:51:00Z,27.6,m_345,fuel,28.4312,-112.3526
T000036904,421700000058,2025-12-20T13:59:00Z,61.52,m_674,travel,43.0459,-84.1344
T000036905,433100000271,2025-12-20T14:00:00Z,10.51,m_022,electronics,42.8264,-78.9099
T000036906,473500000012,2025-12-20T14:00:00Z,13.1,m_717,entertainment,45.8459,-121.4599
T000036907,491600000072,2025-12-20T14:01:00Z,13.1,m_320,restaurant,34.4886,-113.251
T000036908,443300000192,2025-12-20T14:03:00Z,36.8,m_787,online,32.2227,-118.9937
T000036909,488600000295,2025-12-20T14:05:00Z,13.27,m_339,restaurant,43.7127,-99.5828
T000036911,432400000114,2025-12-20T14:10:00Z,19.38,m_284,health,41.8664,-73.4873
T000036913,436500000043,2025-12-20T14:21:00Z,48.13,m_260,restaurant,34.8564,-110.3126
T000036914,441600000097,2025-12-20T14:23:00Z,21.89,m_275,travel,25.9181,-116.1165
T000036915,467400000299,2025-12-20T14:26:00Z,53.73,m_581,restaurant,26.156,-110.3832
T000036916,403900000062,2025-12-20T14:28:00Z,54.28,m_339,travel,36.0038,-108.3573
T000036918,452500000236,2025-12-20T14:40:00Z,16.31,m_799,online,25.8693,-116.006
T000036921,490700000167,2025-12-20T14:43:00Z,52.5,m_482,travel,29.9749,-99.7962
T000036922,415300000108,2025-12-20T14:43:00Z,22.69,m_695,grocery,42.4115,-110.9131
T000036923,493100000068,2025-12-20T14:44:00Z,12.93,m_497,online,34.5689,-92.1241
T000036924,490100000041,2025-12-20T14:45:00Z,28.83,m_294,entertainment,35.6138,-90.6767
T000036925,471100000298,2025-12-20T14:53:00Z,7.42,m_029,entertainment,46.136,-85.8209
T000036926,473700000249,2025-12-20T14:55:00Z,13.03,m_043,clothing,35.8672,-84.208
T000036928,403300000018,2025-12-20T15:02:00Z,14.37,m_473,entertainment,30.1677,-77.8111
T000036929,402500000268,2025-12-20T15:03:00Z,3.14,m_373,entertainment,45.0967,-118.1671
T000036931,452600000257,2025-12-20T15:13:00Z,32.9,m_478,online,28.6218,-106.069
T000036933,492900000216,2025-12-20T15:25:00Z,4.55,m_604,online,35.1354,-71.8452
T000036935,425100000250,2025-12-20T15:27:00Z,10.41,m_436,clothing,33.7378,-99.0008
T000036937,458800000284,2025-12-20T15:36:00Z,30.41,m_070,health,39.3686,-96.4035
T000036938,486500000234,2025-12-20T15:41:00Z,15.59,m_335,online,38.1196,-107.8012
T000036940,460200000201,2025-12-20T15:43:00Z,10.68,m_182,fuel,44.0564,-78.919
T000036941,483600000069,2025-12-20T15:44:00Z,39.58,m_307,electronics,28.2738,-112.0362
T000036943,444500000160,2025-12-20T15:47:00Z,25.94,m_786,electronics,28.7139,-82.3476
T000036944,474000000094,2025-12-20T15:50:00Z,12.83,m_459,cash_advance,47.3764,-116.3662
T000036945,494000000016,2025-12-20T15:51:00Z,60.07,m_146,online,38.8479,-112.8093
T000036946,413700000266,2025-12-20T15:51:00Z,11.41,m_457,electronics,29.8298,-116.7091
T000036947,489800000203,2025-12-20T15:53:00Z,10.09,m_483,restaurant,43.2468,-102.8315
T000036948,463700000291,2025-12-20T15:54:00Z,10.28,m_195,entertainment,37.376,-84.3429
T000036951,454900000187,2025-12-20T15:57:00Z,15.09,m_439,travel,42.538,-110.7674
T000036952,440000000190,2025-12-20T15:58:00Z,12.68,m_084,entertainment,41.0332,-77.6838
T000036953,413700000266,2025-12-20T16:04:00Z,30.07,m_722,online,30.3252,-116.041
T000036954,463300000003,2025-12-20T16:05:00Z,27.51,m_606,cash_advance,28.8161,-71.4646
T000036956,445900000135,2025-12-20T16:15:00Z,29.67,m_647,fuel,32.3007,-105.5326
T000036957,427500000040,2025-12-20T16:30:00Z,33.81,m_002,entertainment,25.5419,-86.0685
T000036958,472500000070,2025-12-20T16:31:00Z,10.22,m_310,restaurant,37.7457,-101.1061
T000036959,413500000264,2025-12-20T16:31:00Z,84.88,m_640,health,38.7686,-119.0781
T000036960,472500000128,2025-12-20T16:34:00Z,14.0,m_406,fuel,30.0031,-119.6748
T000036961,459900000181,2025-12-20T16:38:00Z,9.97,m_484,grocery,28.0698,-116.0473
T000036962,429200000004,2025-12-20T16:41:00Z,22.97,m_204,entertainment,26.1014,-95.8791
T000036964,457900000211,2025-12-20T16:47:00Z,21.53,m_150,online,31.2138,-105.7328
T000036965,498000000209,2025-12-20T16:49:00Z,6.78,m_433,grocery,43.6516,-89.1225
T000036967,413800000254,2025-12-20T16:52:00Z,38.16,m_245,restaurant,40.6956,-83.4072
T000036968,443300000192,2025-12-20T16:54:00Z,142.21,m_402,travel,32.5966,-119.1822
T000036970,426800000149,2025-12-20T16:58:00Z,60.74,m_780,clothing,29.9666,-118.1432
T000036971,471100000298,2025-12-20T16:58:00Z,20.47,m_259,entertainment,45.9155,-85.3878
T000036972,467700000148,2025-12-20T17:00:00Z,10.09,m_089,grocery,34.1412,-72.3734
T000036973,471100000298,2025-12-20T17:00:00Z,24.83,m_697,entertainment,45.6415,-86.4605
T000036974,461900000132,2025-12-20T17:02:00Z,21.32,m_293,grocery,38.5161,-95.6024
T000036975,488800000242,2025-12-20T17:05:00Z,16.8,m_067,fuel,34.3817,-100.3063
T000036976,492800000125,2025-12-20T17:11:00Z,13.75,m_239,online,45.1979,-88.5365
T000036977,490400000207,2025-12-20T17:13:00Z,12.43,m_235,online,38.5366,-121.1654
T000036978,470900000176,2025-12-20T17:13:00Z,37.46,m_544,electronics,46.6663,-80.7635
T000036980,498000000209,2025-12-20T17:19:00Z,5.23,m_392,travel,43.6774,-88.3679
T000036981,483100000286,2025-12-20T17:19:00Z,35.54,m_393,clothing,34.987,-75.0884
T000036985,482000000288,2025-12-20T17:27:00Z,64.37,m_344,restaurant,36.8064,-106.9594
T000036987,434800000074,2025-12-20T17:30:00Z,5.56,m_743,clothing,35.9321,-110.8226
T000036988,420900000275,2025-12-20T17:30:00Z,56.32,m_332,online,29.9591,-74.1476
T000036990,485500000183,2025-12-20T17:32:00Z,22.68,m_236,restaurant,34.33,-73.3449
T000036991,467700000148,2025-12-20T17:33:00Z,10.29,m_602,electronics,33.4589,-72.1114
T000036992,404400000000,2025-12-20T17:36:00Z,16.16,m_691,cash_advance,45.9615,-74.6533
T000036993,462500000168,2025-12-20T17:40:00Z,5.4,m_530,travel,30.5083,-71.6262
T000036995,419900000096,2025-12-20T17:44:00Z,24.95,m_703,health,45.5949,-96.065
T000036996,487500000214,2025-12-20T17:46:00Z,13.83,m_148,travel,47.0481,-95.2401
T000037000,483600000069,2025-12-20T17:57:00Z,43.97,m_183,online,28.1078,-111.6279
T000037001,468200000221,2025-12-20T18:01:00Z,15.39,m_435,cash_advance,40.8139,-72.0497
T000037002,421400000107,2025-12-20T18:06:00Z,22.42,m_157,online,40.4303,-112.6232
T000037003,416600000244,2025-12-20T18:06:00Z,64.79,m_621,entertainment,38.0371,-74.0192
T000037004,406800000116,2025-12-20T18:12:00Z,28.4,m_790,cash_advance,44.6146,-85.0752
T000037005,415300000169,2025-12-20T18:13:00Z,29.61,m_543,health,36.0463,-117.2548
T000037006,432500000036,2025-12-20T18:24:00Z,3.92,m_365,health,40.0975,-119.1845
T000037007,443800000013,2025-12-20T18:26:00Z,11.41,m_174,restaurant,29.2406,-83.6218
T000037009,435100000025,2025-12-20T18:36:00Z,8.21,m_799,electronics,33.581,-101.2145
T000037010,403400000178,2025-12-20T18:40:00Z,19.57,m_509,grocery,26.9471,-113.7359
T000037011,445900000135,2025-12-20T18:45:00Z,73.46,m_781,online,32.1269,-105.4734
T000037013,413500000264,2025-12-20T18:47:00Z,84.91,m_764,entertainment,39.0568,-120.2132
T000037014,432000000185,2025-12-20T18:57:00Z,11.53,m_595,restaurant,41.2301,-82.3809
T000037016,430000000162,2025-12-20T19:00:00Z,6.13,m_759,online,45.2939,-90.8764
T000037017,488800000242,2025-12-20T19:00:00Z,20.53,m_731,restaurant,33.7201,-101.202
T000037018,436700000039,2025-12-20T19:01:00Z,7.04,m_224,grocery,42.491,-78.3356
T000037019,435100000025,2025-12-20T19:01:00Z,5.48,m_313,health,33.5974,-101.7854
T000037020,425400000252,2025-12-20T19:02:00Z,10.03,m_398,clothing,25.0282,-122.8945
T000037021,494800000246,2025-12-20T19:04:00Z,31.2,m_776,health,42.0953,-107.5598
T000037022,485500000183,2025-12-20T19:05:00Z,28.0,m_193,entertainment,34.2436,-73.2173
T000037023,422200000028,2025-12-20T19:06:00Z,49.45,m_231,health,28.5261,-122.3763
T000037025,463700000006,2025-12-20T19:21:00Z,11.13,m_519,cash_advance,29.3513,-122.6388
T000037026,480500000222,2025-12-20T19:24:00Z,23.35,m_759,health,29.038,-122.2189
T000037027,491000000038,2025-12-20T19:33:00Z,30.06,m_327,online,26.1626,-92.0491
T000037028,420400000060,2025-12-20T19:34:00Z,14.21,m_387,fuel,32.2947,-73.0947
T000037030,457400000208,2025-12-20T19:37:00Z,63.35,m_235,clothing,47.1772,-109.4152
T000037032,426800000149,2025-12-20T19:39:00Z,84.96,m_025,grocery,30.4713,-118.5892
T000037033,482000000288,2025-12-20T19:40:00Z,14.15,m_639,grocery,36.9185,-105.8745
T000037036,432400000114,2025-12-20T19:47:00Z,15.87,m_708,cash_advance,42.2182,-73.9553
T000037037,429200000138,2025-12-20T19:48:00Z,15.02,m_479,health,40.7212,-85.7181
T000037038,456300000265,2025-12-20T19:51:00Z,23.06,m_307,health,34.5004,-123.2235
T000037039,474300000084,2025-12-20T19:52:00Z,30.71,m_126,grocery,27.3836,-93.1878
T000037040,422200000028,2025-12-20T20:01:00Z,30.96,m_224,entertainment,29.1527,-123.2738
T000037041,445900000135,2025-12-20T20:04:00Z,41.71,m_352,travel,32.0839,-105.6884
T000037042,482000000288,2025-12-20T20:05:00Z,23.34,m_320,cash_advance,36.8511,-107.6668
T000037043,414100000007,2025-12-20T20:15:00Z,41.62,m_016,electronics,34.702,-114.1374
T000037044,492300000134,2025-12-20T20:18:00Z,7.87,m_035,clothing,25.9036,-102.2138
T000037046,434800000074,2025-12-20T20:25:00Z,24.86,m_177,travel,34.1771,-109.6553
T000037047,471100000298,2025-12-20T20:26:00Z,21.06,m_234,restaurant,46.1522,-85.6529
T000037048,474000000094,2025-12-20T20:26:00Z,6.1,m_274,restaurant,47.808,-115.6923
T000037050,473800000088,2025-12-20T20:35:00Z,8.31,m_470,online,48.8176,-99.1219
T000037051,490700000167,2025-12-20T20:37:00Z,64.34,m_495,cash_advance,30.7246,-99.1578
T000037054,478700000237,2025-12-20T20:47:00Z,22.28,m_736,cash_advance,25.7653,-77.1916
T000037055,408300000014,2025-12-20T20:56:00Z,27.58,m_010,fuel,39.5973,-87.752
T000037056,405200000054,2025-12-20T20:58:00Z,28.83,m_610,restaurant,31.5674,-88.7981
T000037057,494800000246,2025-12-20T20:59:00Z,49.33,m_354,health,42.6172,-107.6424
T000037058,496700000238,2025-12-20T21:09:00Z,20.37,m_109,online,25.4585,-103.4385
T000037059,402500000268,2025-12-20T21:24:00Z,3.73,m_470,cash_advance,44.1894,-117.9847
T000037062,462600000282,2025-12-20T21:50:00Z,7.93,m_518,grocery,45.5402,-87.9086
T000037064,496700000238,2025-12-20T22:02:00Z,11.86,m_648,restaurant,25.9137,-103.0288
T000037065,438100000157,2025-12-20T22:11:00Z,12.85,m_284,entertainment,28.6375,-97.4044
T000037066,406800000116,2025-12-20T22:17:00Z,47.18,m_410,entertainment,44.7993,-86.6435
T000037068,485500000183,2025-12-20T23:07:00Z,8.04,m_705,cash_advance,34.3396,-73.5857
T000037069,449300000066,2025-12-20T23:09:00Z,10.76,m_733,entertainment,34.4564,-92.3338
T000037070,420900000275,2025-12-20T23:12:00Z,75.43,m_749,grocery,29.6237,-73.1199
T000037071,461900000132,2025-12-20T23:20:00Z,90.79,m_741,travel,33.378,-91.2196
T000037072,477200000076,2025-12-20T23:35:00Z,108.31,m_396,online,36.8668,-78.5781
T000037073,454600000047,2025-12-20T23:45:00Z,19.45,m_282,entertainment,43.3067,-97.1396
T000037074,471100000081,2025-12-20T23:53:00Z,8.22,m_251,clothing,39.9476,-113.5733
T000037075,454900000187,2025-12-21T00:32:00Z,13.09,m_459,restaurant,42.1021,-111.697
T000037077,436500000043,2025-12-21T00:40:00Z,18.07,m_506,fuel,35.3111,-110.2521
T000037078,404400000000,2025-12-21T01:03:00Z,21.06,m_559,cash_advance,45.8024,-76.0059
T000037079,401300000033,2025-12-21T01:10:00Z,27.44,m_690,entertainment,37.7914,-113.7723
T000037080,408800000280,2025-12-21T01:29:00Z,28.75,m_638,online,45.5463,-114.9301
T000037081,462500000168,2025-12-21T02:25:00Z,30.28,m_775,electronics,30.7192,-71.0104
T000037082,470500000205,2025-12-21T02:35:00Z,10.26,m_503,grocery,43.9506,-119.1272
T000037083,486600000215,2025-12-21T02:42:00Z,51.89,m_481,grocery,32.529,-101.5774
T000037085,493300000296,2025-12-21T03:05:00Z,106.17,m_404,electronics,46.5546,-113.3914
T000037086,443900000180,2025-12-21T03:12:00Z,10.2,m_438,online,45.0093,-76.3538
T000037087,434800000074,2025-12-21T03:20:00Z,169.83,m_443,electronics,41.4479,-107.3532
T000037088,479800000106,2025-12-21T03:45:00Z,24.93,m_326,electronics,28.7609,-71.8632
T000037089,488800000117,2025-12-21T03:49:00Z,42.29,m_627,grocery,36.2685,-104.9922
T000037090,471700000259,2025-12-21T03:55:00Z,190.59,m_640,electronics,17.7562,-119.1856
T000037091,409000000198,2025-12-21T03:56:00Z,51.68,m_638,grocery,48.5389,-81.2852
T000037092,402500000268,2025-12-21T03:59:00Z,4.99,m_335,entertainment,44.0465,-117.8737
T000037093,404400000000,2025-12-21T04:04:00Z,149.74,m_202,travel,38.852,-73.2067
T000037094,491000000038,2025-12-21T04:05:00Z,29.0,m_743,entertainment,27.5481,-92.7774
T000037095,492800000125,2025-12-21T04:13:00Z,32.41,m_796,clothing,45.0872,-88.7634
T000037096,427000000130,2025-12-21T04:17:00Z,20.69,m_239,fuel,41.2252,-99.6566
T000037097,499000000220,2025-12-21T04:24:00Z,21.47,m_763,electronics,26.8025,-107.2725
T000037098,467700000148,2025-12-21T04:54:00Z,9.59,m_425,grocery,33.1718,-72.7961
T000037099,498300000111,2025-12-21T05:11:00Z,14.3,m_704,entertainment,25.7541,-116.878
T000037102,429200000138,2025-12-21T05:24:00Z,22.52,m_438,electronics,40.3168,-86.2733
T000037103,440800000163,2025-12-21T05:27:00Z,7.13,m_279,clothing,27.6319,-118.0115
T000037104,432000000185,2025-12-21T05:37:00Z,18.68,m_652,restaurant,41.2228,-83.0686
T000037105,427000000130,2025-12-21T05:39:00Z,11.43,m_608,travel,41.0217,-100.6227
T000037106,472500000128,2025-12-21T05:55:00Z,14.3,m_003,electronics,29.814,-119.9275
T000037109,478800000067,2025-12-21T06:00:00Z,14.09,m_324,clothing,47.1381,-74.1921
T000037110,463700000006,2025-12-21T06:42:00Z,9.5,m_435,restaurant,29.8468,-123.5404
T000037111,493900000290,2025-12-21T06:51:00Z,29.89,m_261,cash_advance,34.8178,-74.3285
T000037112,425300000079,2025-12-21T07:00:00Z,16.81,m_472,clothing,36.0575,-75.1986
T000037114,446100000021,2025-12-21T07:15:00Z,65.17,m_605,entertainment,45.6092,-83.9198
T000037115,420300000182,2025-12-21T07:17:00Z,181.9,m_286,cash_advance,29.2795,-101.6047
T000037116,452800000233,2025-12-21T07:18:00Z,25.52,m_363,cash_advance,35.2125,-73.3699
T000037117,454700000001,2025-12-21T07:18:00Z,13.26,m_423,online,29.5739,-118.1567
T000037119,497000000034,2025-12-21T07:28:00Z,21.16,m_267,clothing,36.8492,-122.2971
T000037120,483600000069,2025-12-21T07:38:00Z,26.37,m_258,health,28.1962,-112.4274
T000037122,462600000282,2025-12-21T07:53:00Z,10.67,m_007,health,45.9513,-88.5122
T000037123,485700000008,2025-12-21T08:00:00Z,22.59,m_534,grocery,38.0906,-97.7952
T000037124,459900000181,2025-12-21T08:00:00Z,10.08,m_729,cash_advance,28.1851,-115.2893
T000037126,473800000088,2025-12-21T08:01:00Z,17.22,m_580,fuel,49.1162,-99.0768
T000037127,422200000028,2025-12-21T08:06:00Z,31.54,m_706,entertainment,28.6293,-121.3365
T000037128,486600000215,2025-12-21T08:06:00Z,37.43,m_285,clothing,32.1063,-101.8624
T000037129,408300000014,2025-12-21T08:06:00Z,8.77,m_134,online,38.4227,-88.8794
T000037130,486500000234,2025-12-21T08:09:00Z,7.73,m_762,electronics,38.4335,-108.2711
T000037131,423900000113,2025-12-21T08:17:00Z,76.0,m_241,clothing,31.3784,-90.5205
T000037133,455700000103,2025-12-21T08:20:00Z,18.01,m_564,electronics,26.2701,-90.3441
T000037134,420300000182,2025-12-21T08:23:00Z,41.79,m_077,electronics,30.1469,-97.5804
T000037136,480500000222,2025-12-21T08:27:00Z,43.97,m_255,grocery,29.3048,-123.1953
T000037138,412500000217,2025-12-21T08:32:00Z,28.82,m_225,health,26.2246,-113.2149
T000037139,440000000190,2025-12-21T08:34:00Z,5.34,m_302,clothing,40.4017,-77.7172
T000037140,421400000107,2025-12-21T08:35:00Z,20.67,m_697,online,40.0952,-112.6886
T000037141,497600000197,2025-12-21T08:38:00Z,18.58,m_576,health,45.2639,-116.8798
T000037142,489800000203,2025-12-21T08:41:00Z,6.6,m_181,grocery,43.1626,-103.0493
T000037143,488600000295,2025-12-21T08:42:00Z,123.95,m_647,fuel,42.8703,-99.97
T000037144,486600000215,2025-12-21T08:46:00Z,18.44,m_136,grocery,31.9191,-102.2146
T000037145,401300000033,2025-12-21T08:49:00Z,57.37,m_434,health,38.1243,-114.1401
T000037146,401300000033,2025-12-21T09:05:00Z,40.98,m_179,entertainment,38.3748,-114.1174
T000037147,455700000103,2025-12-21T09:06:00Z,15.8,m_008,grocery,26.0243,-90.2396
T000037148,492300000134,2025-12-21T09:10:00Z,25.73,m_374,entertainment,26.076,-102.6755
T000037149,426900000083,2025-12-21T09:11:00Z,32.49,m_122,health,48.3073,-83.4002
T000037153,488600000295,2025-12-21T09:17:00Z,23.93,m_712,entertainment,43.3998,-100.1241
T000037154,443300000192,2025-12-21T09:17:00Z,66.61,m_609,grocery,31.7448,-118.7013
T000037157,485500000183,2025-12-21T09:22:00Z,7.64,m_312,health,34.0146,-73.2742
T000037158,433100000271,2025-12-21T09:26:00Z,19.1,m_775,entertainment,42.5301,-78.9636
T000037161,495400000142,2025-12-21T09:36:00Z,6.33,m_250,cash_advance,40.4267,-117.5353
T000037162,493800000213,2025-12-21T09:39:00Z,42.68,m_628,entertainment,35.1873,-74.7634
T000037163,472500000070,2025-12-21T09:39:00Z,9.04,m_585,online,38.005,-100.848
T000037164,470900000176,2025-12-21T09:42:00Z,16.0,m_419,electronics,45.9876,-81.1034
T000037165,409000000198,2025-12-21T09:44:00Z,17.09,m_250,fuel,47.5457,-81.9219
T000037166,422500000202,2025-12-21T09:45:00Z,14.2,m_361,grocery,27.8235,-88.4728
T000037167,461900000132,2025-12-21T09:47:00Z,12.83,m_237,clothing,38.9587,-97.0477
T000037168,413300000061,2025-12-21T09:48:00Z,6.25,m_700,electronics,34.4076,-80.9989
T000037169,486500000234,2025-12-21T09:48:00Z,7.44,m_658,restaurant,38.6314,-107.2858
T000037170,489100000057,2025-12-21T09:49:00Z,23.84,m_586,electronics,46.1289,-73.5264
T000037172,426800000149,2025-12-21T09:51:00Z,13.55,m_372,entertainment,29.9046,-118.3205
T000037175,491600000072,2025-12-21T09:52:00Z,33.91,m_342,restaurant,34.7768,-113.8752
T000037176,457400000208,2025-12-21T09:52:00Z,29.37,m_223,restaurant,48.0089,-109.02
T000037181,405200000054,2025-12-21T10:05:00Z,42.03,m_519,travel,31.1549,-88.7241
T000037183,455200000174,2025-12-21T10:06:00Z,77.24,m_376,clothing,43.5956,-108.8316
T000037184,492300000241,2025-12-21T10:06:00Z,29.32,m_616,electronics,29.1105,-77.1559
T000037185,462600000282,2025-12-21T10:11:00Z,5.88,m_313,restaurant,45.9485,-88.1491
T000037186,449400000063,2025-12-21T10:12:00Z,29.78,m_436,cash_advance,41.2004,-74.4806
T000037187,421400000107,2025-12-21T10:13:00Z,37.36,m_763,travel,39.9215,-112.7085
T000037189,489800000203,2025-12-21T10:15:00Z,8.94,m_687,fuel,43.3283,-102.621
T000037190,422200000028,2025-12-21T10:17:00Z,39.41,m_172,entertainment,29.9384,-121.8308
T000037191,418600000223,2025-12-21T10:19:00Z,7.24,m_136,health,48.3977,-78.264
T000037192,453000000151,2025-12-21T10:20:00Z,7.88,m_367,fuel,38.6208,-102.6503
T000037195,493100000068,2025-12-21T10:29:00Z,15.47,m_561,cash_advance,33.8159,-91.6371
T000037197,461500000245,2025-12-21T10:39:00Z,19.07,m_156,cash_advance,37.6048,-120.03
T000037199,470900000176,2025-12-21T10:42:00Z,8.43,m_418,electronics,46.3999,-80.4753
T000037200,452800000233,2025-12-21T10:44:00Z,42.45,m_140,cash_advance,34.6368,-72.9528
T000037204,443000000144,2025-12-21T10:53:00Z,62.61,m_159,entertainment,30.2102,-78.4204
T000037206,491700000032,2025-12-21T11:01:00Z,21.72,m_661,restaurant,35.2808,-116.1774
T000037207,451600000095,2025-12-21T11:01:00Z,9.76,m_560,online,41.6511,-103.4829
T000037209,427700000051,2025-12-21T11:03:00Z,9.73,m_360,restaurant,30.1071,-92.4869
T000037211,408800000280,2025-12-21T11:07:00Z,62.21,m_143,cash_advance,45.495,-113.5352
T000037212,400000000251,2025-12-21T11:08:00Z,6.83,m_040,cash_advance,37.6915,-98.1918
T000037218,459100000090,2025-12-21T11:19:00Z,39.56,m_305,entertainment,40.5968,-81.989
T000037219,492300000134,2025-12-21T11:20:00Z,75.7,m_146,cash_advance,26.2234,-102.7596
T000037220,485100000229,2025-12-21T11:27:00Z,20.62,m_389,clothing,30.2335,-97.2928
T000037221,421500000087,2025-12-21T11:29:00Z,12.25,m_697,clothing,46.8049,-100.7375
T000037226,421500000087,2025-12-21T11:57:00Z,45.01,m_543,clothing,46.0786,-101.7669
T000037227,494800000019,2025-12-21T11:59:00Z,18.55,m_588,clothing,25.3044,-102.0085
T000037228,478700000237,2025-12-21T12:00:00Z,61.76,m_512,entertainment,26.7959,-77.0904
T000037229,413300000061,2025-12-21T12:03:00Z,5.52,m_728,travel,33.8413,-80.1959
T000037231,471700000259,2025-12-21T12:09:00Z,40.74,m_153,electronics,27.6082,-118.3227
T000037232,452500000236,2025-12-21T12:10:00Z,21.89,m_641,fuel,25.9104,-115.9677
T000037233,418600000223,2025-12-21T12:15:00Z,9.4,m_171,restaurant,48.2899,-78.5704
T000037234,493800000213,2025-12-21T12:24:00Z,59.17,m_265,fuel,34.9603,-73.8185
T000037236,413700000240,2025-12-21T12:29:00Z,36.52,m_717,electronics,30.0584,-117.145
T000037237,472500000128,2025-12-21T12:30:00Z,20.42,m_567,restaurant,30.1529,-119.6559
T000037238,434800000074,2025-12-21T12:36:00Z,22.42,m_615,travel,34.6502,-110.7624
T000037239,497300000184,2025-12-21T12:40:00Z,21.23,m_751,fuel,35.2224,-89.3087
T000037241,421500000098,2025-12-21T12:43:00Z,5.8,m_227,entertainment,32.8741,-122.0926
T000037242,483600000069,2025-12-21T12:44:00Z,129.04,m_562,cash_advance,28.2879,-112.7207
T000037244,402500000268,2025-12-21T12:47:00Z,14.97,m_558,clothing,45.1857,-118.415
T000037245,414100000007,2025-12-21T12:48:00Z,7.01,m_565,electronics,35.7216,-113.8787
T000037246,405200000054,2025-12-21T12:50:00Z,43.53,m_400,cash_advance,31.5889,-88.2155
T000037248,489200000253,2025-12-21T12:52:00Z,120.23,m_700,online,37.107,-89.336
T000037249,421500000087,2025-12-21T12:59:00Z,16.02,m_686,fuel,45.8357,-100.4195
T000037250,452100000297,2025-12-21T13:00:00Z,13.99,m_563,electronics,26.7279,-84.8888
T000037252,413800000254,2025-12-21T13:05:00Z,23.99,m_095,restaurant,40.0566,-83.3268
T000037254,454400000155,2025-12-21T13:14:00Z,37.0,m_604,fuel,32.4004,-92.0892
T000037255,449400000093,2025-12-21T13:15:00Z,12.73,m_708,fuel,46.3908,-103.3762
T000037256,422500000202,2025-12-21T13:17:00Z,6.1,m_372,cash_advance,28.4179,-88.2089
T000037257,477200000076,2025-12-21T13:25:00Z,18.55,m_704,entertainment,42.9435,-77.8045
T000037259,485100000229,2025-12-21T13:30:00Z,27.86,m_666,cash_advance,30.9417,-97.2529
T000037260,470100000147,2025-12-21T13:34:00Z,27.65,m_275,electronics,30.1435,-83.9724
T000037261,423900000113,2025-12-21T13:39:00Z,52.56,m_531,clothing,31.2899,-89.7552
T000037264,441600000097,2025-12-21T13:52:00Z,9.97,m_741,restaurant,28.3477,-116.5669
T000037265,412500000217,2025-12-21T13:53:00Z,27.49,m_521,electronics,26.0788,-113.2138
T000037266,484400000030,2025-12-21T13:55:00Z,38.66,m_267,entertainment,29.57,-73.0383
T000037267,475100000009,2025-12-21T13:56:00Z,12.05,m_540,restaurant,33.0025,-78.7064
T000037270,431600000056,2025-12-21T14:03:00Z,23.25,m_556,clothing,45.0788,-84.1384
T000037271,484400000030,2025-12-21T14:04:00Z,28.71,m_177,grocery,29.1364,-73.0772
T000037272,456300000265,2025-12-21T14:04:00Z,23.47,m_072,entertainment,33.9519,-122.2337
T000037273,429200000138,2025-12-21T14:06:00Z,33.18,m_631,cash_advance,41.109,-85.9205
T000037275,412700000272,2025-12-21T14:11:00Z,38.52,m_795,health,35.5211,-107.5692
T000037276,492300000241,2025-12-21T14:12:00Z,39.67,m_137,online,29.2933,-77.3266
T000037277,423300000143,2025-12-21T14:19:00Z,35.33,m_251,restaurant,41.2844,-107.5589
T000037278,473800000088,2025-12-21T14:21:00Z,10.18,m_480,cash_advance,48.2271,-98.8676
T000037279,480500000027,2025-12-21T14:22:00Z,44.87,m_601,electronics,37.6345,-107.0402
T000037281,425300000079,2025-12-21T14:27:00Z,11.24,m_064,electronics,35.9223,-75.9497
T000037282,429200000004,2025-12-21T14:27:00Z,56.15,m_557,electronics,26.2557,-96.5152
T000037283,452500000236,2025-12-21T14:28:00Z,20.53,m_143,clothing,25.3772,-116.449
T000037284,426900000083,2025-12-21T14:30:00Z,17.25,m_194,electronics,47.9087,-82.621
T000037285,412700000272,2025-12-21T14:34:00Z,18.03,m_459,grocery,35.2251,-108.394
T000037286,412700000272,2025-12-21T14:38:00Z,50.62,m_246,electronics,35.2916,-108.3551
T000037287,454700000001,2025-12-21T14:40:00Z,14.27,m_244,entertainment,28.3973,-117.8906
T000037288,419200000035,2025-12-21T14:41:00Z,28.28,m_755,cash_advance,29.9664,-91.7127
T000037289,457900000211,2025-12-21T14:41:00Z,4.85,m_632,clothing,31.4618,-105.9438
T000037290,481700000044,2025-12-21T14:42:00Z,16.79,m_105,restaurant,41.6985,-88.718
T000037291,472500000128,2025-12-21T14:43:00Z,18.64,m_350,travel,29.7997,-119.7619
T000037293,444500000160,2025-12-21T14:45:00Z,21.5,m_476,grocery,28.0498,-82.1534
T000037295,462500000168,2025-12-21T14:47:00Z,13.7,m_376,fuel,30.0869,-71.2586
T000037296,459200000077,2025-12-21T14:53:00Z,53.63,m_647,restaurant,34.5208,-106.48
T000037297,494800000246,2025-12-21T14:56:00Z,70.61,m_590,restaurant,42.9576,-106.8806
T000037299,493100000068,2025-12-21T14:57:00Z,29.65,m_019,fuel,34.1205,-91.3139
T000037301,448700000123,2025-12-21T15:11:00Z,41.51,m_150,entertainment,41.2554,-97.9849
T000037304,455200000174,2025-12-21T15:16:00Z,33.92,m_773,electronics,43.4378,-108.7235
T000037306,427500000040,2025-12-21T15:22:00Z,31.11,m_719,restaurant,26.3223,-87.4802
T000037308,466900000159,2025-12-21T15:26:00Z,6.44,m_184,fuel,42.7962,-100.5952
T000037309,490700000167,2025-12-21T15:28:00Z,47.19,m_038,travel,30.3545,-100.0807
T000037310,421700000058,2025-12-21T15:30:00Z,58.4,m_303,health,43.3506,-82.6811
T000037317,451600000095,2025-12-21T15:50:00Z,20.73,m_209,clothing,40.6283,-103.2529
T000037318,418600000223,2025-12-21T15:52:00Z,7.25,m_200,online,48.7102,-78.57
T000037319,498300000111,2025-12-21T16:04:00Z,17.16,m_674,electronics,25.4458,-117.7613
T000037321,462500000168,2025-12-21T16:09:00Z,15.56,m_504,online,30.6646,-71.721
T000037322,483600000069,2025-12-21T16:11:00Z,51.76,m_256,travel,28.0335,-112.204
T000037323,487500000214,2025-12-21T16:13:00Z,13.67,m_270,health,46.8854,-95.2673
T000037324,489200000253,2025-12-21T16:17:00Z,54.11,m_381,clothing,37.5014,-89.4909
T000037325,416600000244,2025-12-21T16:22:00Z,30.35,m_498,entertainment,38.1432,-74.0016
T000037326,485700000008,2025-12-21T16:22:00Z,56.97,m_129,health,38.7177,-97.979
T000037330,456600000153,2025-12-21T16:27:00Z,35.97,m_750,clothing,36.3622,-111.2504
T000037332,478800000067,2025-12-21T16:30:00Z,6.46,m_367,cash_advance,47.3378,-73.0502
T000037334,439700000263,2025-12-21T16:32:00Z,38.93,m_252,health,46.9722,-93.7783
T000037335,454600000047,2025-12-21T16:35:00Z,6.71,m_689,restaurant,42.6825,-97.0935
T000037336,492300000241,2025-12-21T16:36:00Z,25.7,m_112,travel,29.0112,-76.9835
T000037337,471100000081,2025-12-21T16:42:00Z,18.91,m_199,entertainment,39.669,-114.1976
T000037338,452100000297,2025-12-21T16:43:00Z,43.62,m_236,restaurant,26.1048,-84.3235
T000037339,448600000179,2025-12-21T16:44:00Z,6.12,m_538,cash_advance,30.3579,-109.6097
T000037340,455200000174,2025-12-21T16:47:00Z,31.61,m_266,fuel,44.2121,-108.1834
T000037341,462600000282,2025-12-21T16:47:00Z,14.48,m_215,electronics,45.4311,-88.8045
T000037342,449400000093,2025-12-21T16:55:00Z,9.36,m_611,electronics,46.5557,-103.4548
T000037343,422200000028,2025-12-21T16:59:00Z,50.66,m_729,entertainment,29.1306,-121.8928
T000037344,478700000011,2025-12-21T17:03:00Z,112.83,m_218,clothing,46.229,-93.398
T000037345,493800000213,2025-12-21T17:05:00Z,40.33,m_562,clothing,35.1703,-74.0093
T000037346,436700000039,2025-12-21T17:10:00Z,5.35,m_620,electronics,42.4927,-77.4708
T000037347,478200000065,2025-12-21T17:16:00Z,26.82,m_342,fuel,34.0135,-89.2267
T000037349,492900000216,2025-12-21T17:22:00Z,3.14,m_493,health,35.9513,-71.0471
T000037351,497600000197,2025-12-21T17:23:00Z,9.49,m_451,grocery,44.8729,-116.4127
T000037352,499500000281,2025-12-21T17:28:00Z,12.62,m_436,restaurant,47.8411,-74.9506
T000037353,443800000013,2025-12-21T17:30:00Z,23.06,m_362,fuel,28.8752,-83.2412
T000037354,426900000083,2025-12-21T17:34:00Z,32.53,m_054,health,47.7494,-82.547
T000037355,498000000026,2025-12-21T17:35:00Z,21.9,m_181,entertainment,25.8872,-90.8331
T000037356,493900000199,2025-12-21T17:35:00Z,8.22,m_480,restaurant,40.9246,-89.9826
T000037357,499500000281,2025-12-21T17:56:00Z,40.69,m_194,clothing,47.7228,-75.1381
T000037358,432000000185,2025-12-21T17:58:00Z,23.2,m_054,online,41.9397,-83.764
T000037360,423300000143,2025-12-21T18:05:00Z,135.35,m_476,electronics,44.8791,-110.3804
T000037361,467400000299,2025-12-21T18:05:00Z,19.01,m_297,fuel,25.9427,-108.9628
T000037362,426900000083,2025-12-21T18:05:00Z,23.64,m_383,travel,48.3195,-83.6641
T000037363,433100000271,2025-12-21T18:06:00Z,20.84,m_132,electronics,41.9104,-78.4823
T000037365,480100000110,2025-12-21T18:14:00Z,7.58,m_716,grocery,44.1859,-79.1974
T000037366,425100000126,2025-12-21T18:15:00Z,32.06,m_114,health,46.1885,-107.3635
T000037367,487500000214,2025-12-21T18:18:00Z,25.29,m_298,fuel,47.1321,-95.7448
T000037369,419900000096,2025-12-21T18:30:00Z,27.53,m_288,fuel,46.3547,-94.831
T000037370,478800000015,2025-12-21T18:33:00Z,26.46,m_452,travel,30.2585,-113.7219
T000037371,497000000034,2025-12-21T18:43:00Z,8.52,m_045,fuel,36.8461,-122.549
T000037372,421500000087,2025-12-21T18:46:00Z,21.91,m_441,fuel,46.4447,-101.3992
T000037373,497000000034,2025-12-21T18:49:00Z,9.58,m_678,cash_advance,36.9714,-121.874
T000037374,412700000272,2025-12-21T18:57:00Z,16.98,m_205,restaurant,35.7082,-107.8819
T000037376,488800000117,2025-12-21T19:00:00Z,38.51,m_300,grocery,35.6361,-104.5524
T000037378,455200000029,2025-12-21T19:03:00Z,17.12,m_649,health,45.2707,-73.7851
T000037379,448600000179,2025-12-21T19:05:00Z,10.44,m_456,fuel,30.4671,-109.9101
T000037380,406800000116,2025-12-21T19:05:00Z,47.05,m_764,grocery,44.7376,-85.9237
T000037381,481700000044,2025-12-21T19:09:00Z,18.35,m_121,clothing,41.9625,-88.8545
T000037383,400900000156,2025-12-21T19:13:00Z,5.61,m_613,fuel,43.116,-106.0407
T000037385,497000000034,2025-12-21T19:16:00Z,21.19,m_658,fuel,37.0691,-122.2344
T000037388,460200000124,2025-12-21T19:21:00Z,20.98,m_461,online,47.9768,-74.7706
T000037389,489200000253,2025-12-21T19:25:00Z,47.78,m_634,entertainment,36.5422,-88.8218
T000037390,457900000211,2025-12-21T19:27:00Z,6.99,m_529,restaurant,30.8594,-104.9438
T000037391,416600000244,2025-12-21T19:31:00Z,75.76,m_248,grocery,38.1534,-73.5224
T000037392,497600000197,2025-12-21T19:40:00Z,26.54,m_170,travel,45.8884,-116.5425
T000037395,420900000275,2025-12-21T20:09:00Z,26.42,m_232,online,28.9265,-73.5239
T000037396,411600000017,2025-12-21T20:09:00Z,51.6,m_086,cash_advance,38.2294,-86.5427
T000037401,427700000051,2025-12-21T20:31:00Z,9.15,m_507,clothing,29.4981,-92.1438
T000037402,493300000296,2025-12-21T20:32:00Z,24.8,m_528,clothing,47.7989,-106.2341
T000037403,491600000072,2025-12-21T20:34:00Z,23.37,m_653,electronics,35.167,-113.6352
T000037404,454700000001,2025-12-21T20:42:00Z,16.32,m_173,fuel,28.3691,-117.2437
T000037406,468200000221,2025-12-21T20:52:00Z,20.78,m_209,cash_advance,41.1881,-72.133
T000037407,412700000272,2025-12-21T21:04:00Z,84.07,m_688,fuel,34.9757,-107.8997
T000037408,455200000029,2025-12-21T21:05:00Z,18.75,m_411,clothing,46.0802,-74.598
T000037410,425100000250,2025-12-21T22:13:00Z,4.73,m_083,health,33.1284,-98.4758
T000037411,434800000074,2025-12-21T22:16:00Z,3.37,m_204,electronics,35.0983,-109.5398
T000037412,488600000295,2025-12-21T22:25:00Z,30.28,m_663,cash_advance,43.6416,-99.6482
T000037413,470500000205,2025-12-21T22:30:00Z,14.35,m_296,fuel,43.8709,-119.4204
T000037415,448700000123,2025-12-21T23:07:00Z,30.21,m_053,travel,40.9613,-98.6844
T000037416,493100000068,2025-12-21T23:35:00Z,23.77,m_333,clothing,34.8496,-90.8664
T000037417,421500000098,2025-12-21T23:40:00Z,11.33,m_711,online,31.7777,-121.6009
T000037419,494800000019,2025-12-21T23:53:00Z,18.2,m_675,electronics,25.2262,-103.0094
T000037420,455200000174,2025-12-22T00:16:00Z,46.87,m_507,health,43.135,-108.6954
T000037422,492300000241,2025-12-22T00:36:00Z,20.46,m_215,electronics,29.5011,-76.729
T000037423,451600000095,2025-12-22T00:38:00Z,5.82,m_572,travel,41.1231,-102.8173
T000037424,452500000236,2025-12-22T00:42:00Z,7.19,m_673,health,25.9423,-115.9232
T000037425,413300000230,2025-12-22T00:45:00Z,19.05,m_706,health,42.6192,-72.6352
T000037426,478700000237,2025-12-22T00:47:00Z,552.17,m_134,cash_advance,30.0255,-82.2739
T000037427,474000000094,2025-12-22T00:55:00Z,12.77,m_383,clothing,47.0733,-117.4276
T000037428,471700000259,2025-12-22T01:01:00Z,29.73,m_157,restaurant,26.001,-118.3614
T000037429,440200000212,2025-12-22T01:13:00Z,22.29,m_493,cash_advance,45.3192,-103.2585
T000037430,459900000181,2025-12-22T01:17:00Z,9.3,m_310,travel,28.0971,-114.3264
T000037431,454400000155,2025-12-22T01:30:00Z,22.99,m_640,restaurant,33.4791,-93.013
T000037433,440800000163,2025-12-22T01:49:00Z,8.64,m_756,travel,27.7911,-117.7567
T000037434,480500000027,2025-12-22T02:13:00Z,14.48,m_070,clothing,38.1779,-105.7675
T000037437,418600000223,2025-12-22T03:06:00Z,14.0,m_174,cash_advance,48.7572,-78.2196
T000037438,488200000133,2025-12-22T03:35:00Z,27.95,m_074,cash_advance,46.6601,-88.3484
T000037441,421500000098,2025-12-22T04:03:00Z,8.1,m_405,electronics,32.7773,-121.1811
T000037443,452800000233,2025-12-22T04:28:00Z,47.26,m_465,travel,35.1162,-72.4971
T000037444,479800000106,2025-12-22T04:31:00Z,6.22,m_047,cash_advance,27.3156,-71.9954
T000037446,463700000006,2025-12-22T04:53:00Z,14.0,m_022,online,29.7815,-122.6162
T000037447,468600000099,2025-12-22T04:55:00Z,5.13,m_486,electronics,37.6588,-73.9124
T000037449,455200000174,2025-12-22T05:14:00Z,76.04,m_759,fuel,43.4917,-108.2894
T000037450,426900000083,2025-12-22T05:20:00Z,19.54,m_725,travel,47.7126,-82.9554
T000037452,455200000174,2025-12-22T05:39:00Z,65.36,m_184,entertainment,43.3538,-107.6219
T000037453,413700000232,2025-12-22T05:46:00Z,72.84,m_157,travel,43.4394,-106.6776
T000037456,413700000240,2025-12-22T06:07:00Z,16.3,m_177,entertainment,30.3199,-117.4689
T000037457,457400000208,2025-12-22T06:10:00Z,44.8,m_113,entertainment,47.387,-108.6028
T000037458,412700000272,2025-12-22T06:17:00Z,54.57,m_284,health,35.2085,-107.5481
T000037460,473500000012,2025-12-22T06:25:00Z,11.74,m_071,clothing,45.3494,-121.2424
T000037461,449300000066,2025-12-22T06:37:00Z,12.46,m_397,fuel,33.8011,-91.3465
T000037462,486600000046,2025-12-22T06:42:00Z,33.2,m_196,online,42.0728,-97.1869
T000037463,412700000272,2025-12-22T06:45:00Z,42.01,m_743,cash_advance,35.1842,-108.58
T000037464,419900000096,2025-12-22T07:11:00Z,26.0,m_430,electronics,46.4439,-95.0189
T000037465,400900000156,2025-12-22T07:16:00Z,4.72,m_566,entertainment,42.7866,-106.331
T000037467,488800000117,2025-12-22T07:26:00Z,31.45,m_735,electronics,35.555,-105.0242
T000037468,418900000158,2025-12-22T07:35:00Z,16.45,m_404,restaurant,31.2604,-107.4531
T000037470,493900000199,2025-12-22T07:46:00Z,11.76,m_484,clothing,41.7747,-90.6974
T000037471,492300000134,2025-12-22T07:48:00Z,29.03,m_540,restaurant,26.1737,-103.2693
T000037472,471100000081,2025-12-22T08:09:00Z,9.85,m_274,cash_advance,39.4874,-113.5342
T000037473,430300000145,2025-12-22T08:11:00Z,7.43,m_385,grocery,26.2355,-103.6332
T000037475,412500000217,2025-12-22T08:18:00Z,19.82,m_375,health,26.6292,-113.2225
T000037477,467400000299,2025-12-22T08:23:00Z,57.35,m_718,restaurant,25.7102,-109.1856
T000037478,416600000244,2025-12-22T08:23:00Z,29.73,m_011,entertainment,37.724,-72.5021
T000037480,443900000180,2025-12-22T08:25:00Z,88.93,m_447,online,41.7497,-81.6231
T000037482,400900000156,2025-12-22T08:30:00Z,24.26,m_011,cash_advance,43.1736,-106.459
T000037483,419900000096,2025-12-22T08:40:00Z,14.96,m_623,clothing,46.0866,-95.7451
T000037485,483600000069,2025-12-22T08:43:00Z,14.49,m_580,electronics,28.1076,-112.247
T000037486,421500000087,2025-12-22T08:47:00Z,13.78,m_196,fuel,47.1986,-101.0519
T000037487,471700000259,2025-12-22T08:49:00Z,31.46,m_423,electronics,27.0545,-118.2274
T000037489,420300000182,2025-12-22T08:53:00Z,22.07,m_295,online,30.771,-97.1207
T000037491,494800000228,2025-12-22T08:55:00Z,38.72,m_158,fuel,26.014,-87.0942
T000037493,463700000291,2025-12-22T09:06:00Z,11.84,m_541,grocery,37.8544,-84.5029
T000037494,482600000050,2025-12-22T09:13:00Z,67.79,m_490,health,37.7548,-76.6928
T000037498,492800000125,2025-12-22T09:22:00Z,14.51,m_144,fuel,44.6778,-89.5759
T000037503,498000000026,2025-12-22T09:45:00Z,107.08,m_516,electronics,27.0693,-90.7318
T000037505,449300000066,2025-12-22T09:54:00Z,15.51,m_255,entertainment,34.8546,-92.3849
T000037506,499500000281,2025-12-22T10:02:00Z,9.11,m_118,fuel,47.5644,-75.2215
T000037507,493800000213,2025-12-22T10:09:00Z,13.62,m_013,electronics,34.8764,-74.7423
T000037509,458800000284,2025-12-22T10:11:00Z,29.51,m_498,electronics,39.4992,-96.154
T000037512,493900000290,2025-12-22T10:13:00Z,13.63,m_729,clothing,34.1598,-74.4186
T000037513,474000000094,2025-12-22T10:14:00Z,4.63,m_593,cash_advance,47.1209,-116.9504
T000037514,419900000096,2025-12-22T10:24:00Z,57.15,m_627,cash_advance,46.6226,-95.5121
T000037519,475100000009,2025-12-22T10:48:00Z,34.49,m_420,fuel,33.0188,-78.6987
T000037520,427000000130,2025-12-22T10:50:00Z,20.28,m_667,travel,40.4738,-100.8078
T000037522,449300000066,2025-12-22T10:52:00Z,17.89,m_485,entertainment,34.6074,-92.2362
T000037523,438100000157,2025-12-22T10:53:00Z,45.45,m_597,clothing,27.2085,-97.6406
T000037525,488600000295,2025-12-22T10:56:00Z,31.18,m_324,electronics,43.6822,-99.8036
T000037526,403900000062,2025-12-22T10:59:00Z,5.85,m_309,grocery,35.5871,-108.4546
T000037528,453500000052,2025-12-22T11:00:00Z,19.18,m_232,electronics,43.1925,-121.9436
T000037530,431600000056,2025-12-22T11:06:00Z,24.81,m_716,restaurant,45.3648,-83.6784
T000037533,497300000184,2025-12-22T11:11:00Z,54.04,m_349,online,35.1457,-89.8466
T000037535,460200000201,2025-12-22T11:21:00Z,55.17,m_043,restaurant,45.0024,-77.5376
T000037536,497600000197,2025-12-22T11:22:00Z,11.02,m_353,cash_advance,44.1009,-117.2837
T000037537,455200000029,2025-12-22T11:22:00Z,20.6,m_637,fuel,45.208,-74.5917
T000037538,421500000087,2025-12-22T11:23:00Z,65.19,m_575,health,45.9884,-100.8286
T000037539,421400000107,2025-12-22T11:27:00Z,34.36,m_321,travel,39.3716,-112.5584
T000037540,480100000110,2025-12-22T11:29:00Z,4.54,m_743,entertainment,43.7215,-79.1487
T000037542,494800000228,2025-12-22T11:36:00Z,48.88,m_600,fuel,25.2191,-86.9095
T000037543,463300000003,2025-12-22T11:39:00Z,22.77,m_031,fuel,28.48,-72.0531
T000037544,416600000244,2025-12-22T11:40:00Z,37.68,m_370,online,37.7231,-73.5948
T000037545,413500000264,2025-12-22T11:40:00Z,58.39,m_023,clothing,38.7176,-119.1841
T000037546,461900000132,2025-12-22T11:41:00Z,7.62,m_526,travel,39.5264,-96.5996
T000037548,455200000029,2025-12-22T11:44:00Z,18.85,m_189,fuel,44.8838,-73.7069
T000037550,440200000212,2025-12-22T11:48:00Z,37.58,m_573,entertainment,44.9174,-103.3508
T000037552,427500000040,2025-12-22T12:03:00Z,31.28,m_292,clothing,25.5128,-86.5851
T000037553,488600000295,2025-12-22T12:03:00Z,31.13,m_199,electronics,43.6616,-99.8303
T000037554,485300000175,2025-12-22T12:06:00Z,7.78,m_191,travel,37.3054,-92.1001
T000037555,463700000006,2025-12-22T12:09:00Z,11.94,m_509,restaurant,29.6928,-123.3308
T000037556,471100000298,2025-12-22T12:15:00Z,18.99,m_521,restaurant,46.0137,-86.2136
T000037557,431600000056,2025-12-22T12:17:00Z,11.15,m_275,entertainment,45.7832,-83.8743
T000037558,483600000069,2025-12-22T12:18:00Z,51.94,m_569,restaurant,27.9678,-111.7914
T000037559,426800000149,2025-12-22T12:20:00Z,62.14,m_021,entertainment,30.8615,-118.0635
T000037561,415300000108,2025-12-22T12:29:00Z,10.28,m_014,electronics,42.4385,-111.4274
T000037562,438100000157,2025-12-22T12:34:00Z,21.61,m_684,fuel,28.2657,-97.9953
T000037563,443800000013,2025-12-22T12:34:00Z,15.22,m_214,clothing,28.8057,-82.9502
T000037564,494800000246,2025-12-22T12:36:00Z,26.58,m_447,cash_advance,42.1909,-107.086
T000037565,432500000036,2025-12-22T12:46:00Z,4.93,m_604,electronics,39.2051,-119.364
T000037566,490100000041,2025-12-22T12:47:00Z,14.11,m_718,electronics,36.4971,-90.0979
T000037567,454700000001,2025-12-22T12:48:00Z,11.45,m_316,entertainment,28.6085,-118.1252
T000037569,472500000128,2025-12-22T13:06:00Z,9.16,m_652,clothing,30.7063,-118.9034
T000037570,497300000184,2025-12-22T13:09:00Z,18.62,m_424,grocery,34.6726,-90.0437
T000037571,422200000028,2025-12-22T13:18:00Z,28.64,m_136,online,28.8383,-121.8815
T000037573,423300000143,2025-12-22T13:19:00Z,24.13,m_498,clothing,41.7938,-108.2071
T000037574,427700000051,2025-12-22T13:19:00Z,30.99,m_059,entertainment,29.6166,-92.6407
T000037577,473800000088,2025-12-22T13:26:00Z,15.58,m_563,health,48.9797,-99.4877
T000037578,486600000046,2025-12-22T13:33:00Z,18.06,m_256,cash_advance,41.1299,-96.8531
T000037579,431800000140,2025-12-22T13:33:00Z,10.85,m_025,restaurant,47.5087,-96.5871
T000037580,485300000175,2025-12-22T13:33:00Z,8.99,m_732,fuel,36.7061,-93.0103
T000037581,442200000037,2025-12-22T13:33:00Z,13.77,m_241,grocery,33.8268,-106.7815
T000037583,400900000156,2025-12-22T13:38:00Z,16.01,m_091,grocery,42.9672,-106.3681
T000037585,441700000276,2025-12-22T13:41:00Z,20.59,m_104,grocery,41.2462,-104.4008
T000037586,497000000034,2025-12-22T13:52:00Z,12.06,m_038,fuel,37.1212,-122.309
T000037588,459100000090,2025-12-22T14:02:00Z,15.92,m_165,grocery,41.0076,-82.4792
T000037590,439700000263,2025-12-22T14:08:00Z,43.13,m_204,electronics,46.2356,-93.9827
T000037592,482000000288,2025-12-22T14:14:00Z,28.55,m_585,grocery,36.6492,-105.8591
T000037594,441600000097,2025-12-22T14:16:00Z,17.48,m_442,restaurant,27.4232,-117.2219
T000037595,457900000211,2025-12-22T14:16:00Z,32.75,m_741,health,31.927,-106.1415
T000037596,493600000274,2025-12-22T14:23:00Z,12.95,m_665,health,27.0119,-73.2175
T000037599,444500000160,2025-12-22T14:28:00Z,23.1,m_733,fuel,28.7318,-81.0112
T000037600,499500000281,2025-12-22T14:31:00Z,5.95,m_531,grocery,47.6019,-74.7185
T000037601,436700000039,2025-12-22T14:33:00Z,10.33,m_681,grocery,42.3604,-77.4848
T000037603,455200000174,2025-12-22T14:37:00Z,53.57,m_594,clothing,42.9901,-107.8302
T000037604,432000000185,2025-12-22T14:42:00Z,15.27,m_713,clothing,41.9222,-82.9739
T000037605,483100000286,2025-12-22T14:42:00Z,54.8,m_665,cash_advance,35.5106,-74.6577
T000037606,474000000094,2025-12-22T14:44:00Z,4.13,m_532,restaurant,47.8689,-116.3872
T000037608,413700000266,2025-12-22T14:52:00Z,45.06,m_354,travel,30.6448,-116.9861
T000037609,452100000297,2025-12-22T15:02:00Z,32.07,m_248,restaurant,26.2912,-84.3962
T000037610,409000000198,2025-12-22T15:04:00Z,13.65,m_162,clothing,47.6405,-80.997
T000037611,477200000076,2025-12-22T15:04:00Z,10.14,m_500,clothing,42.5097,-77.8484
T000037612,441700000276,2025-12-22T15:14:00Z,29.19,m_257,fuel,40.9767,-104.6511
T000037615,423900000113,2025-12-22T15:18:00Z,42.68,m_022,fuel,31.455,-91.4461
T000037619,492900000216,2025-12-22T15:33:00Z,12.53,m_118,grocery,35.0474,-71.2256
T000037621,493600000274,2025-12-22T15:34:00Z,21.13,m_416,grocery,26.2608,-73.3169
T000037622,471100000298,2025-12-22T15:49:00Z,14.54,m_093,fuel,46.2683,-85.4265
T000037623,496700000238,2025-12-22T15:52:00Z,15.6,m_250,cash_advance,25.5429,-103.8729
T000037624,451600000095,2025-12-22T15:54:00Z,9.42,m_314,grocery,41.3931,-102.1656
T000037625,420200000231,2025-12-22T15:59:00Z,12.08,m_249,health,27.7246,-115.4098
T000037628,419900000096,2025-12-22T16:10:00Z,34.74,m_795,entertainment,46.3069,-95.1279
T000037631,485700000008,2025-12-22T16:18:00Z,71.65,m_359,online,38.2788,-97.369
T000037633,480500000222,2025-12-22T16:29:00Z,76.77,m_050,health,28.6378,-122.6492
T000037634,443900000180,2025-12-22T16:30:00Z,8.13,m_711,grocery,45.5556,-76.5849
T000037635,432000000185,2025-12-22T16:31:00Z,22.9,m_401,travel,41.3892,-82.7702
T000037636,494800000019,2025-12-22T16:32:00Z,15.56,m_516,entertainment,25.76,-103.3172
T000037639,456300000265,2025-12-22T17:01:00Z,18.52,m_744,fuel,34.4766,-122.6652
T000037641,489200000253,2025-12-22T17:03:00Z,46.61,m_315,clothing,37.0783,-89.6505
T000037643,403300000018,2025-12-22T17:06:00Z,145.71,m_454,fuel,29.8424,-79.01
T000037645,455200000029,2025-12-22T17:32:00Z,7.25,m_710,online,45.2507,-73.4399
T000037647,488600000295,2025-12-22T17:38:00Z,38.16,m_489,cash_advance,43.1837,-99.7541
T000037648,486600000215,2025-12-22T17:43:00Z,24.59,m_152,cash_advance,31.7323,-101.7951
T000037650,457400000208,2025-12-22T17:46:00Z,37.62,m_518,online,47.8803,-107.9159
T000037653,422500000202,2025-12-22T18:00:00Z,14.62,m_745,travel,27.824,-88.1421
T000037654,499500000281,2025-12-22T18:01:00Z,8.57,m_119,fuel,46.6714,-75.2034
T000037655,497300000184,2025-12-22T18:02:00Z,27.49,m_759,online,35.363,-89.6824
T000037656,482300000206,2025-12-22T18:03:00Z,57.08,m_486,restaurant,38.2156,-78.9707
T000037658,418900000158,2025-12-22T18:13:00Z,12.64,m_139,grocery,31.2653,-108.1626
T000037659,490400000207,2025-12-22T18:15:00Z,8.96,m_165,online,38.9339,-121.9347
T000037660,426900000083,2025-12-22T18:15:00Z,39.35,m_682,grocery,47.9631,-82.5944
T000037662,497000000034,2025-12-22T18:31:00Z,15.85,m_504,entertainment,37.7176,-122.2691
T000037664,427500000040,2025-12-22T18:34:00Z,29.95,m_284,travel,26.5003,-86.39
T000037665,458800000284,2025-12-22T18:37:00Z,44.76,m_724,entertainment,38.6849,-95.7963
T000037666,400000000251,2025-12-22T18:41:00Z,89.38,m_559,online,35.416,-95.7877
T000037667,432500000036,2025-12-22T18:54:00Z,4.1,m_070,restaurant,39.4483,-119.9943
T000037668,413700000266,2025-12-22T18:54:00Z,17.61,m_435,online,30.8074,-116.5849
T000037669,488800000117,2025-12-22T18:59:00Z,46.26,m_720,restaurant,35.9165,-105.0087
T000037670,440800000163,2025-12-22T19:02:00Z,11.04,m_015,grocery,28.1713,-117.4296
T000037671,426900000083,2025-12-22T19:04:00Z,69.22,m_203,cash_advance,47.0809,-82.7581
T000037673,421500000098,2025-12-22T19:08:00Z,5.5,m_673,restaurant,32.8508,-121.4128
T000037676,448600000179,2025-12-22T19:15:00Z,18.71,m_220,health,31.7827,-109.1899
T000037677,448600000179,2025-12-22T19:24:00Z,24.69,m_063,entertainment,30.9324,-109.5533
T000037678,436500000043,2025-12-22T19:25:00Z,18.32,m_275,fuel,35.1157,-110.9316
T000037679,483600000122,2025-12-22T19:29:00Z,17.93,m_629,clothing,29.8,-88.9216
T000037680,498000000026,2025-12-22T19:33:00Z,50.99,m_302,electronics,26.7484,-90.4977
T000037681,432500000036,2025-12-22T19:34:00Z,11.26,m_540,electronics,39.3986,-119.6015
T000037682,413500000264,2025-12-22T19:42:00Z,31.04,m_642,restaurant,38.8162,-119.3423
T000037683,485100000229,2025-12-22T19:45:00Z,9.6,m_244,online,31.22,-97.0547
T000037684,479800000106,2025-12-22T19:49:00Z,28.24,m_676,online,27.6748,-71.1153
T000037685,488600000295,2025-12-22T19:50:00Z,57.34,m_295,restaurant,43.3214,-100.1014
T000037686,492800000125,2025-12-22T19:51:00Z,43.06,m_368,fuel,44.359,-88.9971
T000037688,496700000238,2025-12-22T20:02:00Z,5.08,m_318,travel,25.7834,-103.6962
T000037689,429200000138,2025-12-22T20:04:00Z,50.39,m_584,restaurant,40.0223,-86.516
T000037690,460200000124,2025-12-22T20:05:00Z,16.83,m_590,clothing,47.7275,-74.6389
T000037692,461500000245,2025-12-22T20:08:00Z,29.26,m_127,clothing,37.3621,-120.6985
T000037693,499500000281,2025-12-22T20:09:00Z,38.79,m_705,electronics,47.1044,-74.679
T000037694,477200000076,2025-12-22T20:12:00Z,49.39,m_058,electronics,43.6379,-77.6315
T000037695,485700000008,2025-12-22T20:14:00Z,60.64,m_634,cash_advance,38.6748,-98.2767
T000037696,463700000291,2025-12-22T20:17:00Z,29.48,m_239,cash_advance,37.9906,-84.998
T000037697,472200000195,2025-12-22T20:18:00Z,89.6,m_171,health,34.6695,-80.8588
T000037699,473500000012,2025-12-22T20:24:00Z,6.56,m_730,electronics,45.1171,-122.3508
T000037701,470100000147,2025-12-22T20:37:00Z,7.81,m_120,restaurant,29.9694,-83.4796
T000037702,404300000189,2025-12-22T20:40:00Z,22.45,m_316,fuel,25.9707,-117.196
T000037703,496700000238,2025-12-22T20:40:00Z,16.31,m_384,grocery,25.1279,-103.3085
T000037704,478500000258,2025-12-22T20:40:00Z,34.62,m_611,online,47.0199,-84.2895
T000037705,487500000214,2025-12-22T20:42:00Z,15.43,m_619,electronics,46.5857,-95.949
T000037706,489100000057,2025-12-22T20:42:00Z,20.12,m_756,clothing,45.9117,-73.967
T000037707,495400000142,2025-12-22T20:44:00Z,5.15,m_768,travel,39.9276,-116.7685
T000037708,403700000193,2025-12-22T20:49:00Z,26.5,m_195,clothing,32.0849,-104.5258
T000037710,491300000082,2025-12-22T20:54:00Z,30.83,m_278,restaurant,40.4972,-105.54
T000037713,436500000043,2025-12-22T21:08:00Z,52.29,m_044,online,35.291,-110.5671
T000037714,452800000233,2025-12-22T21:20:00Z,49.25,m_620,health,35.6801,-72.7581
T000037716,449300000066,2025-12-22T21:54:00Z,17.52,m_209,restaurant,35.0371,-92.1344
T000037717,427500000040,2025-12-22T22:01:00Z,22.23,m_168,cash_advance,26.0665,-85.1591
T000037719,446600000289,2025-12-22T22:18:00Z,61.01,m_729,health,37.8889,-72.4976
T000037721,449400000093,2025-12-22T22:22:00Z,14.74,m_487,entertainment,46.3876,-103.5315
T000037722,454900000187,2025-12-22T22:41:00Z,7.46,m_058,grocery,42.0748,-111.0352
T000037723,488800000117,2025-12-22T22:54:00Z,83.45,m_062,cash_advance,35.6961,-105.178
T000037726,477200000076,2025-12-22T23:25:00Z,35.83,m_233,clothing,42.6872,-77.6556
T000037727,406800000116,2025-12-22T23:59:00Z,65.91,m_356,health,44.91,-86.0881
T000037728,489800000203,2025-12-23T00:04:00Z,6.01,m_199,online,42.8618,-102.8997
T000037729,443800000013,2025-12-23T00:05:00Z,8.46,m_633,online,28.6936,-83.4169
T000037730,492900000273,2025-12-23T00:25:00Z,65.31,m_272,online,32.7739,-117.8019
T000037731,491600000072,2025-12-23T00:51:00Z,46.35,m_435,fuel,34.3911,-113.6659
T000037732,471100000081,2025-12-23T01:01:00Z,21.29,m_542,online,39.7847,-114.1494
T000037733,415300000169,2025-12-23T01:06:00Z,22.38,m_207,travel,36.1464,-116.8086
T000037735,421400000107,2025-12-23T01:49:00Z,39.53,m_393,fuel,40.0621,-112.9351
T000037739,415300000169,2025-12-23T02:10:00Z,18.35,m_032,online,35.4049,-116.0095
T000037741,496700000238,2025-12-23T02:21:00Z,15.15,m_651,health,25.1457,-103.4628
T000037742,461900000132,2025-12-23T02:21:00Z,14.1,m_773,travel,39.7569,-96.3598
T000037743,413700000232,2025-12-23T02:35:00Z,44.43,m_099,entertainment,42.8058,-106.5493
T000037744,487500000214,2025-12-23T02:51:00Z,14.16,m_027,fuel,47.3356,-96.0445
T000037745,470500000205,2025-12-23T03:11:00Z,9.54,m_637,fuel,44.0226,-119.4582
T000037748,459900000181,2025-12-23T03:23:00Z,11.29,m_693,online,28.6625,-114.7804
T000037749,492900000273,2025-12-23T03:45:00Z,41.48,m_591,health,32.773,-118.0482
T000037750,489200000253,2025-12-23T03:46:00Z,30.7,m_487,fuel,36.9515,-89.5048
T000037752,441700000121,2025-12-23T03:54:00Z,13.3,m_233,travel,26.7154,-106.561
T000037754,459200000077,2025-12-23T04:00:00Z,74.1,m_450,online,29.2239,-107.546
T000037755,403700000193,2025-12-23T04:40:00Z,6.55,m_095,restaurant,31.6457,-104.7053
T000037756,432400000114,2025-12-23T04:42:00Z,41.98,m_182,travel,42.1408,-73.9734
T000037757,419200000035,2025-12-23T04:46:00Z,32.52,m_174,clothing,29.9602,-91.6933
T000037758,440800000163,2025-12-23T05:09:00Z,13.87,m_677,cash_advance,27.2962,-117.8672
T000037759,425100000250,2025-12-23T05:10:00Z,19.46,m_500,restaurant,33.0049,-99.2883
T000037764,427000000130,2025-12-23T05:55:00Z,5.97,m_681,grocery,40.5075,-100.4287
T000037765,486600000046,2025-12-23T06:03:00Z,17.54,m_012,health,41.8178,-96.4668
T000037766,425400000252,2025-12-23T06:06:00Z,8.52,m_150,online,24.7793,-122.7147
T000037767,400900000156,2025-12-23T06:18:00Z,8.34,m_527,clothing,43.822,-106.3753
T000037769,486600000215,2025-12-23T07:04:00Z,48.89,m_295,entertainment,31.3675,-102.4594
T000037770,498000000209,2025-12-23T07:08:00Z,5.11,m_091,travel,43.3766,-88.6307
T000037771,404400000000,2025-12-23T07:09:00Z,47.57,m_027,cash_advance,45.9616,-74.9726
T000037772,411600000017,2025-12-23T07:16:00Z,45.57,m_213,electronics,38.0359,-86.8764
T000037773,492900000273,2025-12-23T07:16:00Z,32.13,m_481,clothing,32.3634,-117.1414
T000037774,438100000157,2025-12-23T07:30:00Z,71.36,m_155,fuel,27.7487,-97.0987
T000037775,484400000030,2025-12-23T07:33:00Z,25.04,m_599,entertainment,29.6688,-73.5654
T000037776,473800000088,2025-12-23T07:41:00Z,27.39,m_280,cash_advance,48.1191,-99.2587
T000037778,485500000183,2025-12-23T07:57:00Z,13.6,m_416,travel,34.0498,-73.2686
T000037779,435100000025,2025-12-23T08:02:00Z,6.25,m_423,cash_advance,33.7433,-101.515
T000037780,460200000124,2025-12-23T08:06:00Z,34.24,m_396,clothing,48.0506,-74.7942
T000037781,445900000135,2025-12-23T08:06:00Z,21.48,m_622,grocery,32.4633,-104.8088
T000037782,409000000198,2025-12-23T08:11:00Z,24.32,m_348,health,47.1573,-80.4947
T000037783,473300000089,2025-12-23T08:17:00Z,7.89,m_695,grocery,38.9927,-74.5705
T000037784,489800000203,2025-12-23T08:23:00Z,7.49,m_056,grocery,43.2924,-102.5469
T000037785,432500000036,2025-12-23T08:29:00Z,8.9,m_660,grocery,38.9695,-119.4216
T000037786,460200000124,2025-12-23T08:32:00Z,24.03,m_144,health,48.5627,-75.0997
T000037787,460200000124,2025-12-23T08:32:00Z,59.66,m_177,travel,47.6531,-75.253
T000037788,421500000098,2025-12-23T08:32:00Z,5.63,m_605,travel,32.047,-121.6189
T000037790,422200000028,2025-12-23T08:35:00Z,25.72,m_075,restaurant,28.3726,-121.7997
T000037791,408300000014,2025-12-23T08:46:00Z,6.44,m_578,online,38.9649,-88.4273
T000037792,429200000004,2025-12-23T08:49:00Z,109.48,m_782,cash_advance,25.9766,-95.4705
T000037793,434500000161,2025-12-23T08:49:00Z,5.83,m_042,entertainment,36.6221,-88.2747
T000037794,454400000155,2025-12-23T08:52:00Z,39.65,m_796,cash_advance,32.8203,-92.6651
T000037795,467700000148,2025-12-23T08:53:00Z,14.2,m_718,grocery,33.6853,-73.01
T000037797,440000000190,2025-12-23T08:55:00Z,7.12,m_777,electronics,40.3964,-76.9872
T000037799,430300000145,2025-12-23T08:58:00Z,10.8,m_578,restaurant,26.2577,-103.3492
T000037800,403300000018,2025-12-23T09:00:00Z,84.05,m_096,cash_advance,29.5847,-78.9114
T000037802,455700000103,2025-12-23T09:02:00Z,14.21,m_331,entertainment,25.9814,-90.0804
T000037803,420900000275,2025-12-23T09:03:00Z,42.26,m_068,grocery,28.9157,-73.5323
T000037805,461500000245,2025-12-23T09:09:00Z,33.06,m_147,clothing,37.5902,-120.1715
T000037809,421500000098,2025-12-23T09:16:00Z,4.59,m_656,electronics,32.0719,-122.87
T000037811,430300000145,2025-12-23T09:19:00Z,13.69,m_311,health,26.028,-103.0263
T000037813,495400000142,2025-12-23T09:24:00Z,11.33,m_432,travel,40.3109,-117.7819
T000037815,483600000069,2025-12-23T09:25:00Z,77.18,m_668,health,27.8276,-111.8539
T000037816,404400000000,2025-12-23T09:29:00Z,14.23,m_278,travel,46.0319,-75.6311
T000037818,455200000174,2025-12-23T09:36:00Z,52.7,m_036,cash_advance,43.2233,-108.4715
T000037819,494000000016,2025-12-23T09:39:00Z,57.5,m_478,travel,39.3865,-112.623
T000037820,468600000099,2025-12-23T09:44:00Z,5.45,m_656,entertainment,37.4503,-73.5449
T000037823,455200000174,2025-12-23T09:48:00Z,40.1,m_528,travel,43.0359,-108.408
T000037824,419200000035,2025-12-23T09:49:00Z,31.3,m_730,fuel,29.6441,-91.6762
T000037825,482300000206,2025-12-23T09:49:00Z,49.17,m_522,health,36.9565,-79.629
T000037826,483600000069,2025-12-23T09:50:00Z,24.39,m_606,fuel,28.3447,-111.5522
T000037827,460200000124,2025-12-23T09:54:00Z,35.11,m_168,travel,48.4152,-74.9983
T000037828,486500000234,2025-12-23T09:55:00Z,6.37,m_586,restaurant,38.5645,-107.035
T000037829,438100000157,2025-12-23T09:55:00Z,18.36,m_041,entertainment,28.0789,-98.3027
T000037830,431800000140,2025-12-23T09:57:00Z,39.34,m_197,travel,47.2898,-96.9046
T000037831,456300000265,2025-12-23T09:58:00Z,44.88,m_621,fuel,34.3244,-122.5377
T000037835,432400000114,2025-12-23T10:03:00Z,19.3,m_250,health,42.0488,-73.806
T000037836,441700000276,2025-12-23T10:04:00Z,24.5,m_526,entertainment,40.6106,-104.0848
T000037838,431800000140,2025-12-23T10:07:00Z,13.7,m_047,fuel,48.3614,-97.3846
T000037839,436500000043,2025-12-23T10:12:00Z,40.6,m_168,fuel,34.8978,-110.2145
T000037840,454400000155,2025-12-23T10:15:00Z,29.1,m_151,health,33.7067,-92.2423
T000037841,498300000111,2025-12-23T10:19:00Z,10.81,m_049,travel,26.1538,-117.4834
T000037842,493600000274,2025-12-23T10:25:00Z,5.09,m_594,cash_advance,26.3051,-73.4514
T000037843,403400000178,2025-12-23T10:26:00Z,12.81,m_295,health,26.627,-113.366
T000037844,418900000158,2025-12-23T10:27:00Z,20.5,m_220,restaurant,30.9821,-108.6495
T000037845,478800000015,2025-12-23T10:37:00Z,33.98,m_756,restaurant,29.7419,-112.6762
T000037846,489100000057,2025-12-23T10:43:00Z,12.91,m_336,clothing,45.8169,-73.9135
T000037848,455200000029,2025-12-23T10:55:00Z,17.35,m_034,cash_advance,44.7847,-75.5919
T000037849,488200000133,2025-12-23T11:00:00Z,9.55,m_249,health,46.0736,-88.1259
T000037850,480100000110,2025-12-23T11:04:00Z,3.89,m_051,restaurant,43.1886,-78.9701
T000037851,413300000061,2025-12-23T11:04:00Z,4.17,m_654,travel,34.3513,-80.636
T000037853,413800000254,2025-12-23T11:11:00Z,40.66,m_184,health,40.0645,-83.9369
T000037855,440800000163,2025-12-23T11:26:00Z,7.55,m_084,cash_advance,28.2042,-117.591
T000037858,441700000121,2025-12-23T11:38:00Z,31.46,m_472,cash_advance,26.6284,-105.9948
T000037859,477200000076,2025-12-23T11:39:00Z,61.71,m_549,health,43.1145,-77.6503
T000037861,430300000145,2025-12-23T11:44:00Z,19.78,m_798,electronics,26.4728,-103.2239
T000037862,460200000201,2025-12-23T11:46:00Z,29.49,m_583,travel,44.0794,-77.9263
T000037864,492900000216,2025-12-23T11:46:00Z,11.4,m_338,cash_advance,35.4661,-70.8066
T000037865,491000000038,2025-12-23T11:47:00Z,23.81,m_222,clothing,26.4203,-92.6537
T000037867,425300000079,2025-12-23T11:50:00Z,21.68,m_640,cash_advance,36.3194,-75.6052
T000037868,480100000110,2025-12-23T11:51:00Z,25.04,m_510,online,43.6378,-78.7878
T000037870,435100000025,2025-12-23T11:56:00Z,10.5,m_216,cash_advance,33.3457,-101.2863
T000037871,404300000189,2025-12-23T11:57:00Z,20.15,m_108,fuel,26.3295,-116.9954
T000037872,488600000295,2025-12-23T11:57:00Z,21.85,m_646,online,43.0389,-99.8135
T000037873,429200000138,2025-12-23T12:01:00Z,42.48,m_734,travel,40.4818,-86.4777
T000037875,457400000208,2025-12-23T12:05:00Z,65.36,m_214,online,46.9063,-107.919
T000037876,408700000002,2025-12-23T12:05:00Z,33.27,m_431,electronics,37.0886,-95.4127
T000037877,445900000135,2025-12-23T12:15:00Z,30.25,m_151,health,32.5291,-105.5367
T000037878,473500000012,2025-12-23T12:17:00Z,7.4,m_052,online,44.8962,-121.9801
T000037880,483100000286,2025-12-23T12:22:00Z,64.27,m_656,fuel,35.7718,-74.3795
T000037882,452600000257,2025-12-23T12:27:00Z,23.7,m_730,cash_advance,28.3834,-105.8794
T000037885,468200000221,2025-12-23T12:36:00Z,32.41,m_108,electronics,40.1694,-72.0249
T000037886,472500000128,2025-12-23T12:45:00Z,2.68,m_483,cash_advance,30.5953,-119.2854
T000037887,412900000224,2025-12-23T12:51:00Z,13.82,m_107,entertainment,29.5828,-120.5738
T000037888,431800000140,2025-12-23T12:54:00Z,49.68,m_669,restaurant,47.023,-96.4236
T000037889,408800000280,2025-12-23T12:55:00Z,754.37,m_503,online,45.8728,-112.7883
T000037890,470100000147,2025-12-23T13:07:00Z,32.56,m_528,online,30.2708,-83.5341
T000037891,413300000061,2025-12-23T13:07:00Z,9.61,m_619,travel,35.001,-80.8828
T000037892,493100000068,2025-12-23T13:12:00Z,41.29,m_063,cash_advance,34.5159,-90.4448
T000037894,430000000162,2025-12-23T13:15:00Z,2.7,m_601,electronics,44.9286,-91.4909
T000037896,413800000254,2025-12-23T13:16:00Z,42.19,m_021,health,40.8524,-84.3125
T000037898,483600000069,2025-12-23T13:28:00Z,59.57,m_499,entertainment,27.882,-112.3084
T000037899,483600000122,2025-12-23T13:28:00Z,17.31,m_210,entertainment,29.37,-89.9511
T000037900,409000000198,2025-12-23T13:34:00Z,34.54,m_671,clothing,47.7013,-81.3987
T000037902,402500000268,2025-12-23T13:42:00Z,5.37,m_427,clothing,44.2657,-117.7095
T000037903,488200000133,2025-12-23T13:44:00Z,6.29,m_627,online,46.9379,-88.139
T000037904,485300000175,2025-12-23T13:50:00Z,7.76,m_311,restaurant,36.8804,-92.8537
T000037905,480100000110,2025-12-23T13:53:00Z,4.36,m_422,online,43.2346,-79.3304
T000037906,489100000057,2025-12-23T13:53:00Z,8.69,m_560,health,46.5161,-74.5681
T000037907,429100000136,2025-12-23T13:57:00Z,17.01,m_047,cash_advance,48.698,-79.1785
T000037908,448700000123,2025-12-23T13:59:00Z,53.27,m_716,health,41.062,-97.6863
T000037910,430300000145,2025-12-23T14:02:00Z,22.6,m_703,fuel,25.8383,-102.2237
T000037911,494000000016,2025-12-23T14:07:00Z,95.53,m_170,entertainment,39.3097,-112.109
T000037913,489800000203,2025-12-23T14:09:00Z,5.43,m_665,online,43.1402,-102.9697
T000037914,478800000015,2025-12-23T14:09:00Z,42.08,m_047,electronics,29.3045,-113.5684
T000037915,421500000087,2025-12-23T14:10:00Z,88.79,m_580,online,46.3062,-100.5568
T000037916,400900000156,2025-12-23T14:11:00Z,25.99,m_055,online,43.4724,-106.5435
T000037917,419900000096,2025-12-23T14:14:00Z,51.95,m_036,travel,46.5968,-95.3365
T000037918,425400000252,2025-12-23T14:15:00Z,9.42,m_585,online,25.2787,-122.7599
T000037919,449300000066,2025-12-23T14:17:00Z,7.66,m_625,online,34.5076,-92.0871
T000037920,434500000161,2025-12-23T14:18:00Z,12.28,m_549,entertainment,36.155,-88.8473
T000037922,433100000271,2025-12-23T14:28:00Z,30.53,m_123,clothing,41.3354,-78.6738
T000037923,478700000011,2025-12-23T14:32:00Z,70.6,m_142,restaurant,45.9019,-93.535
T000037924,488800000117,2025-12-23T14:32:00Z,71.39,m_112,health,36.0631,-104.6957
T000037927,400100000173,2025-12-23T14:38:00Z,31.6,m_537,fuel,48.3322,-82.6385
T000037928,454900000187,2025-12-23T14:44:00Z,78.87,m_731,cash_advance,36.127,-118.4656
T000037931,457900000211,2025-12-23T14:56:00Z,38.17,m_655,fuel,31.5569,-105.1944
T000037932,414100000007,2025-12-23T14:57:00Z,33.13,m_401,restaurant,35.5073,-113.5346
T000037934,420300000182,2025-12-23T14:58:00Z,14.34,m_593,clothing,30.5253,-97.6441
T000037935,493900000199,2025-12-23T14:58:00Z,28.2,m_758,travel,41.0308,-90.9175
T000037938,495400000142,2025-12-23T15:02:00Z,8.84,m_743,restaurant,39.7302,-117.4471
T000037939,457400000208,2025-12-23T15:09:00Z,20.73,m_235,cash_advance,47.432,-108.7773
T000037940,446100000021,2025-12-23T15:16:00Z,24.1,m_745,fuel,46.3475,-84.2019
T000037941,471700000259,2025-12-23T15:16:00Z,73.06,m_092,grocery,26.326,-118.1809
T000037944,490400000207,2025-12-23T15:24:00Z,12.84,m_237,entertainment,38.9582,-121.9307
T000037946,420200000231,2025-12-23T15:27:00Z,5.26,m_291,online,28.5268,-115.227
T000037948,485100000229,2025-12-23T15:29:00Z,11.49,m_289,restaurant,30.7989,-96.7944
T000037949,462500000168,2025-12-23T15:29:00Z,5.62,m_795,cash_advance,30.3098,-71.5229
T000037954,436500000043,2025-12-23T15:48:00Z,12.76,m_487,online,35.3594,-111.3283
T000037955,411600000017,2025-12-23T15:49:00Z,79.75,m_421,grocery,37.8234,-87.0678
T000037956,404300000189,2025-12-23T15:50:00Z,34.27,m_222,electronics,26.695,-117.8045
T000037957,472500000070,2025-12-23T15:59:00Z,6.69,m_777,grocery,37.9877,-101.4698
T000037958,409000000198,2025-12-23T16:02:00Z,13.88,m_518,online,47.4195,-81.2687
T000037959,482600000050,2025-12-23T16:05:00Z,11.4,m_459,cash_advance,37.7795,-76.924
T000037961,491300000082,2025-12-23T16:13:00Z,11.17,m_022,electronics,40.2385,-105.9783
T000037962,442200000287,2025-12-23T16:17:00Z,69.96,m_478,online,33.4664,-120.3538
T000037963,472200000195,2025-12-23T16:19:00Z,71.14,m_076,health,34.6746,-80.4442
T000037964,443900000180,2025-12-23T16:20:00Z,11.96,m_587,travel,45.354,-76.8667
T000037965,486600000215,2025-12-23T16:26:00Z,17.92,m_678,travel,31.3359,-102.9859
T000037966,491300000082,2025-12-23T16:29:00Z,49.32,m_033,clothing,40.299,-105.8122
T000037967,449400000063,2025-12-23T16:32:00Z,29.94,m_774,cash_advance,40.747,-74.2205
T000037968,413700000266,2025-12-23T16:40:00Z,55.69,m_242,grocery,29.5599,-116.3164
T000037969,459200000077,2025-12-23T16:42:00Z,20.74,m_581,restaurant,35.1765,-106.1634
T000037972,467400000299,2025-12-23T16:54:00Z,41.39,m_411,fuel,26.1819,-110.041
T000037973,478200000065,2025-12-23T16:54:00Z,61.35,m_516,health,34.9594,-88.9351
T000037974,420300000182,2025-12-23T16:57:00Z,41.4,m_372,grocery,31.6227,-97.7429
T000037975,493600000274,2025-12-23T17:00:00Z,12.66,m_180,grocery,26.8577,-73.315
T000037977,426800000149,2025-12-23T17:13:00Z,48.85,m_656,fuel,30.6689,-118.0105
T000037978,485100000229,2025-12-23T17:18:00Z,22.47,m_225,clothing,30.0334,-97.0499
T000037980,441600000097,2025-12-23T17:19:00Z,7.78,m_492,clothing,27.5018,-116.8984
T000037981,404300000189,2025-12-23T17:19:00Z,11.0,m_160,electronics,26.3215,-117.443
T000037982,400000000251,2025-12-23T17:22:00Z,9.46,m_221,restaurant,38.1536,-97.5911
T000037984,483600000122,2025-12-23T17:24:00Z,9.83,m_344,health,29.4891,-88.7295
T000037986,467700000148,2025-12-23T17:28:00Z,16.62,m_326,online,33.6814,-73.5181
T000037988,454600000047,2025-12-23T17:33:00Z,16.81,m_794,cash_advance,43.0127,-97.2392
T000037989,433100000271,2025-12-23T17:38:00Z,18.7,m_149,clothing,42.1586,-79.369
T000037991,490400000207,2025-12-23T17:46:00Z,16.46,m_475,grocery,38.1496,-121.5245
T000037992,454600000047,2025-12-23T17:46:00Z,67.68,m_500,cash_advance,42.4437,-96.3864
T000037993,478700000237,2025-12-23T17:47:00Z,21.54,m_400,travel,26.4688,-77.4297
T000037994,413300000230,2025-12-23T17:50:00Z,14.88,m_128,travel,42.538,-71.7578
T000037997,497600000197,2025-12-23T18:01:00Z,8.48,m_522,travel,45.2933,-116.7787
T000037998,470900000176,2025-12-23T18:02:00Z,5.99,m_242,online,46.5439,-80.4392
T000037999,471100000298,2025-12-23T18:02:00Z,9.87,m_510,online,46.021,-86.149
T000038002,425100000250,2025-12-23T18:09:00Z,15.81,m_669,cash_advance,32.6128,-98.7587
T000038003,481700000044,2025-12-23T18:11:00Z,26.6,m_222,fuel,42.1974,-88.0607
T000038004,436500000043,2025-12-23T18:12:00Z,20.01,m_225,restaurant,35.6088,-110.7532
T000038005,400100000173,2025-12-23T18:12:00Z,26.49,m_004,health,46.8224,-83.4666
T000038006,455200000174,2025-12-23T18:14:00Z,29.17,m_781,restaurant,43.2125,-109.1922
T000038010,432500000036,2025-12-23T18:27:00Z,9.35,m_072,clothing,39.5346,-120.5352
T000038013,478700000011,2025-12-23T18:31:00Z,37.22,m_741,health,46.0113,-93.3569
T000038015,443800000013,2025-12-23T18:38:00Z,16.09,m_228,restaurant,28.6236,-83.4058
T000038016,491700000032,2025-12-23T18:40:00Z,15.46,m_083,fuel,34.6072,-116.276
T000038017,408700000002,2025-12-23T18:41:00Z,25.18,m_746,cash_advance,36.7186,-94.9638
T000038018,493800000213,2025-12-23T18:44:00Z,34.73,m_628,restaurant,33.9364,-73.8874
T000038019,421400000107,2025-12-23T18:45:00Z,24.78,m_380,restaurant,39.9401,-113.4849
T000038020,435100000025,2025-12-23T18:49:00Z,8.7,m_764,restaurant,34.1058,-101.7393
T000038021,454600000047,2025-12-23T18:55:00Z,44.16,m_203,travel,43.0753,-97.4168
T000038023,432400000114,2025-12-23T19:03:00Z,31.06,m_338,clothing,41.501,-74.1578
T000038024,427500000040,2025-12-23T19:05:00Z,32.16,m_594,grocery,25.709,-86.4681
T000038026,460200000124,2025-12-23T19:10:00Z,43.37,m_226,travel,47.6044,-74.5657
T000038027,468600000099,2025-12-23T19:24:00Z,14.23,m_082,grocery,37.4993,-73.3681
T000038028,497600000197,2025-12-23T19:24:00Z,20.28,m_192,health,45.4326,-116.5868
T000038030,449400000093,2025-12-23T19:31:00Z,12.25,m_099,clothing,45.3501,-103.4969
T000038031,488200000133,2025-12-23T19:32:00Z,6.11,m_106,clothing,46.3307,-88.163
T000038032,405200000054,2025-12-23T19:33:00Z,44.43,m_300,entertainment,32.143,-88.4857
T000038033,472200000195,2025-12-23T19:33:00Z,52.85,m_533,restaurant,35.6559,-81.1839
T000038035,412700000272,2025-12-23T19:34:00Z,51.68,m_771,health,35.7515,-108.361
T000038036,457900000211,2025-12-23T19:36:00Z,19.25,m_579,travel,31.5433,-105.8857
T000038038,455200000174,2025-12-23T19:42:00Z,45.73,m_347,online,43.3088,-109.1153
T000038039,487500000214,2025-12-23T19:42:00Z,12.63,m_165,grocery,46.9863,-95.2248
T000038040,443800000013,2025-12-23T19:43:00Z,21.47,m_108,cash_advance,28.861,-83.3318
T000038043,419200000035,2025-12-23T19:53:00Z,41.17,m_415,clothing,29.6767,-91.9507
T000038044,489800000203,2025-12-23T19:54:00Z,6.38,m_511,entertainment,42.6192,-102.9566
T000038046,474000000094,2025-12-23T20:03:00Z,7.33,m_154,travel,47.8421,-116.0053
T000038048,456600000153,2025-12-23T20:07:00Z,33.75,m_570,fuel,37.271,-111.7615
T000038049,493800000213,2025-12-23T20:11:00Z,92.22,m_586,cash_advance,34.6755,-74.2792
T000038050,495400000142,2025-12-23T20:16:00Z,7.23,m_345,restaurant,39.9669,-117.1902
T000038051,457400000208,2025-12-23T20:19:00Z,36.34,m_731,cash_advance,47.8284,-108.9244
T000038052,498000000026,2025-12-23T20:21:00Z,9.98,m_673,travel,26.8087,-90.0217
T000038053,408700000002,2025-12-23T20:24:00Z,44.62,m_412,restaurant,37.3653,-95.4327
T000038054,405200000054,2025-12-23T20:29:00Z,90.25,m_651,health,31.7692,-88.4723
T000038056,497300000184,2025-12-23T20:38:00Z,25.13,m_504,travel,34.7605,-89.651
T000038060,440800000163,2025-12-23T20:50:00Z,10.73,m_497,health,27.9645,-117.0335
T000038061,475100000009,2025-12-23T20:53:00Z,20.87,m_139,travel,33.054,-78.6161
T000038062,429200000004,2025-12-23T20:57:00Z,64.81,m_316,entertainment,26.0475,-95.3207
T000038063,471100000298,2025-12-23T20:59:00Z,20.66,m_683,fuel,45.836,-85.9673
T000038065,463700000006,2025-12-23T21:27:00Z,9.14,m_498,electronics,29.72,-122.9944
T000038066,472200000195,2025-12-23T21:31:00Z,50.6,m_782,clothing,35.1339,-80.689
T000038067,483600000122,2025-12-23T21:51:00Z,23.82,m_755,cash_advance,29.3396,-89.8319
T000038068,412900000224,2025-12-23T22:00:00Z,18.45,m_209,health,29.6856,-120.1628
T000038069,430000000162,2025-12-23T22:18:00Z,13.87,m_716,clothing,45.6042,-90.5382
T000038070,413300000061,2025-12-23T22:28:00Z,8.28,m_746,clothing,34.5513,-81.3312
T000038071,479800000106,2025-12-23T22:42:00Z,25.1,m_780,fuel,28.5922,-72.4089
T000038072,418900000158,2025-12-23T22:51:00Z,17.15,m_249,fuel,30.8009,-108.31
T000038073,449400000093,2025-12-23T22:56:00Z,17.79,m_797,restaurant,46.5355,-104.3525
T000038075,483100000286,2025-12-23T23:30:00Z,39.9,m_514,entertainment,34.6359,-74.0575
T000038080,462500000168,2025-12-24T00:01:00Z,6.4,m_641,fuel,30.4135,-70.4104
T000038081,423800000109,2025-12-24T00:15:00Z,11.61,m_406,travel,37.7862,-98.6108
T000038082,482600000050,2025-12-24T00:19:00Z,21.58,m_383,entertainment,37.6215,-77.0102
T000038083,474000000094,2025-12-24T00:39:00Z,8.8,m_122,cash_advance,47.8804,-115.8886
T000038084,474000000094,2025-12-24T00:39:00Z,11.77,m_758,clothing,47.4281,-116.1118
T000038085,488800000242,2025-12-24T00:46:00Z,10.04,m_723,entertainment,33.2757,-100.4612
T000038086,467700000148,2025-12-24T00:47:00Z,13.63,m_539,grocery,33.4173,-72.7147
T000038088,441700000121,2025-12-24T01:18:00Z,28.81,m_122,restaurant,26.0816,-105.5446
T000038089,470500000205,2025-12-24T01:20:00Z,97.95,m_753,cash_advance,40.2111,-118.8235
T000038090,412500000217,2025-12-24T01:49:00Z,128.52,m_033,online,31.1517,-114.6055
T000038091,472200000195,2025-12-24T01:57:00Z,75.89,m_015,clothing,35.3423,-80.2414
T000038092,473700000249,2025-12-24T02:06:00Z,24.55,m_082,restaurant,36.5039,-83.2308
T000038094,473700000249,2025-12-24T02:08:00Z,30.01,m_762,restaurant,36.7047,-82.6054
T000038096,457400000208,2025-12-24T02:26:00Z,53.07,m_369,electronics,47.1734,-108.6805
T000038100,400900000156,2025-12-24T03:20:00Z,28.19,m_701,travel,43.4859,-106.4276
T000038101,491300000082,2025-12-24T03:40:00Z,25.48,m_764,clothing,40.8974,-105.0933
T000038102,433100000271,2025-12-24T03:56:00Z,29.7,m_352,cash_advance,42.1024,-78.9009
T000038103,493900000290,2025-12-24T04:06:00Z,36.82,m_046,clothing,33.951,-74.5331
T000038104,425300000079,2025-12-24T04:10:00Z,8.15,m_379,cash_advance,36.7661,-75.4034
T000038106,474300000084,2025-12-24T04:35:00Z,23.43,m_592,online,27.3968,-92.4919
T000038109,446600000289,2025-12-24T04:59:00Z,42.59,m_153,restaurant,38.87,-72.4398
T000038110,463300000003,2025-12-24T05:04:00Z,5.19,m_326,entertainment,29.1065,-71.1281
T000038111,425300000079,2025-12-24T05:11:00Z,6.18,m_713,online,36.467,-75.513
T000038119,414100000007,2025-12-24T06:06:00Z,34.04,m_297,restaurant,35.5098,-113.9424
T000038122,489800000203,2025-12-24T06:25:00Z,12.5,m_263,grocery,43.1277,-102.7107
T000038123,451600000095,2025-12-24T06:43:00Z,20.48,m_520,travel,41.1825,-102.8257
T000038124,463300000003,2025-12-24T06:46:00Z,10.49,m_203,clothing,28.6236,-71.7139
T000038125,425100000126,2025-12-24T07:05:00Z,39.02,m_074,cash_advance,46.3329,-107.6573
T000038126,459900000181,2025-12-24T07:08:00Z,14.18,m_695,travel,27.8838,-115.2289
T000038128,493900000199,2025-12-24T07:27:00Z,16.68,m_599,fuel,40.9621,-90.1727
T000038129,486600000046,2025-12-24T07:28:00Z,315.82,m_544,travel,44.369,-99.3734
T000038130,479800000106,2025-12-24T07:45:00Z,18.28,m_679,cash_advance,28.2972,-71.4235
T000038131,471700000259,2025-12-24T07:51:00Z,14.94,m_326,online,26.5633,-119.0096
T000038133,497300000184,2025-12-24T08:00:00Z,56.18,m_517,entertainment,34.6169,-90.1415
T000038134,430000000162,2025-12-24T08:03:00Z,4.82,m_269,online,45.0581,-90.7162
T000038136,432500000036,2025-12-24T08:04:00Z,4.3,m_644,health,39.9245,-119.302
T000038137,477200000076,2025-12-24T08:06:00Z,54.0,m_170,cash_advance,42.9696,-78.2461
T000038140,499500000281,2025-12-24T08:11:00Z,5.57,m_413,fuel,47.7226,-75.0391
T000038141,480500000027,2025-12-24T08:15:00Z,15.47,m_644,online,37.2816,-106.8138
T000038142,483600000069,2025-12-24T08:18:00Z,54.39,m_460,cash_advance,28.2654,-111.9587
T000038144,425600000170,2025-12-24T08:26:00Z,28.79,m_791,electronics,27.7498,-83.7429
T000038145,468200000221,2025-12-24T08:27:00Z,18.02,m_167,health,40.7222,-72.4144
T000038146,471700000259,2025-12-24T08:34:00Z,61.73,m_115,electronics,27.5366,-118.4971
T000038147,483600000069,2025-12-24T08:35:00Z,38.2,m_635,entertainment,28.0798,-112.1355
T000038148,472100000092,2025-12-24T08:36:00Z,6.34,m_028,electronics,41.9515,-79.5796
T000038150,468200000221,2025-12-24T08:44:00Z,19.22,m_023,fuel,40.1076,-72.5325
T000038151,413300000061,2025-12-24T08:48:00Z,9.85,m_091,online,34.7196,-81.1754
T000038152,434500000161,2025-12-24T08:51:00Z,15.99,m_621,online,36.7628,-88.5449
T000038153,485300000175,2025-12-24T08:52:00Z,6.08,m_595,cash_advance,37.537,-93.0627
T000038154,481700000044,2025-12-24T08:52:00Z,15.31,m_492,electronics,41.7187,-88.9533
T000038156,420300000182,2025-12-24T09:03:00Z,30.01,m_641,clothing,30.795,-97.9329
T000038158,471100000081,2025-12-24T09:14:00Z,4.0,m_292,cash_advance,39.6067,-113.8436
T000038159,472100000092,2025-12-24T09:15:00Z,11.19,m_593,entertainment,41.6644,-79.5675
T000038160,460200000124,2025-12-24T09:17:00Z,25.66,m_789,fuel,47.7839,-75.8559
T000038161,481700000044,2025-12-24T09:17:00Z,9.82,m_361,entertainment,41.7715,-88.1614
T000038162,485700000008,2025-12-24T09:18:00Z,116.77,m_463,restaurant,38.1891,-97.5303
T000038164,459900000181,2025-12-24T09:26:00Z,18.53,m_673,fuel,28.2586,-115.2085
T000038165,497600000197,2025-12-24T09:31:00Z,7.85,m_730,clothing,45.5936,-117.3264
T000038166,489200000253,2025-12-24T09:32:00Z,48.09,m_309,clothing,36.9758,-88.4726
T000038167,461900000132,2025-12-24T09:34:00Z,12.93,m_167,electronics,39.5498,-97.2717
T000038168,413300000061,2025-12-24T09:37:00Z,18.19,m_173,fuel,34.4479,-80.7086
T000038169,494000000016,2025-12-24T09:38:00Z,64.02,m_614,restaurant,39.6147,-112.8586
T000038170,483100000286,2025-12-24T09:38:00Z,36.78,m_406,online,35.6081,-75.0835
T000038171,486500000234,2025-12-24T09:41:00Z,9.97,m_308,health,38.2922,-107.3374
T000038172,467700000148,2025-12-24T09:46:00Z,15.72,m_453,fuel,33.7772,-72.6214
T000038174,488600000295,2025-12-24T09:53:00Z,13.31,m_262,fuel,43.1457,-99.9051
T000038176,493800000213,2025-12-24T10:08:00Z,24.53,m_593,cash_advance,35.7264,-73.9554
T000038177,458800000284,2025-12-24T10:08:00Z,14.51,m_169,grocery,39.1049,-97.2171
T000038178,425100000250,2025-12-24T10:10:00Z,8.8,m_591,fuel,32.566,-98.9855
T000038179,459100000090,2025-12-24T10:11:00Z,32.72,m_485,electronics,40.4069,-82.6105
T000038180,443300000192,2025-12-24T10:13:00Z,58.38,m_495,grocery,32.4616,-119.0351
T000038181,435100000025,2025-12-24T10:13:00Z,9.93,m_673,cash_advance,33.4453,-101.0364
T000038182,427100000293,2025-12-24T10:14:00Z,27.86,m_594,electronics,30.0747,-112.6061
T000038183,421700000058,2025-12-24T10:23:00Z,33.73,m_652,entertainment,43.0022,-83.1304
T000038184,413700000240,2025-12-24T10:26:00Z,33.56,m_437,cash_advance,30.2916,-117.6284
T000038185,497000000034,2025-12-24T10:28:00Z,26.13,m_371,clothing,36.6604,-122.4339
T000038186,457900000211,2025-12-24T10:34:00Z,18.38,m_141,electronics,30.7706,-105.9639
T000038188,492300000241,2025-12-24T10:37:00Z,27.66,m_111,online,29.5008,-77.2578
T000038190,443800000013,2025-12-24T10:39:00Z,11.01,m_212,cash_advance,29.3563,-83.9471
T000038191,462600000282,2025-12-24T10:40:00Z,13.0,m_604,health,46.1084,-88.7512
T000038192,452600000257,2025-12-24T10:46:00Z,26.66,m_304,health,28.9637,-106.5136
T000038193,490400000207,2025-12-24T10:54:00Z,8.13,m_510,online,38.6095,-121.2202
T000038195,403900000062,2025-12-24T10:59:00Z,22.12,m_160,fuel,35.61,-107.9165
T000038196,494800000228,2025-12-24T11:02:00Z,31.18,m_239,travel,25.8584,-86.4687
T000038198,403400000178,2025-12-24T11:25:00Z,10.11,m_504,travel,27.0516,-114.0879
T000038199,492900000216,2025-12-24T11:25:00Z,10.67,m_529,fuel,34.8777,-70.5492
T000038200,446600000289,2025-12-24T11:33:00Z,23.56,m_111,grocery,37.9088,-72.4372
T000038201,499500000281,2025-12-24T11:36:00Z,21.94,m_494,online,47.2506,-74.8062
T000038202,470900000176,2025-12-24T11:42:00Z,11.21,m_288,cash_advance,46.9154,-80.2709
T000038203,494800000228,2025-12-24T11:43:00Z,29.93,m_183,health,25.955,-86.1122
T000038204,415300000169,2025-12-24T11:48:00Z,34.48,m_543,online,35.9924,-115.692
T000038205,422200000028,2025-12-24T11:49:00Z,24.96,m_011,online,29.6519,-121.5766
T000038206,452600000257,2025-12-24T11:52:00Z,31.09,m_456,clothing,28.6133,-105.5933
T000038207,431600000056,2025-12-24T11:53:00Z,11.62,m_467,restaurant,45.3188,-84.0682
T000038208,467400000299,2025-12-24T11:53:00Z,39.65,m_692,entertainment,26.3831,-109.1748
T000038209,439700000263,2025-12-24T11:54:00Z,53.47,m_142,health,46.62,-94.5994
T000038211,444500000160,2025-12-24T11:56:00Z,9.85,m_259,grocery,28.1659,-81.5589
T000038213,487500000214,2025-12-24T12:00:00Z,18.01,m_454,electronics,47.4946,-95.8273
T000038214,454600000047,2025-12-24T12:03:00Z,18.76,m_189,entertainment,43.1529,-97.2932
T000038215,483600000122,2025-12-24T12:04:00Z,6.68,m_475,restaurant,29.6878,-89.1213
T000038216,461900000132,2025-12-24T12:04:00Z,8.2,m_759,fuel,40.207,-96.7795
T000038217,400000000251,2025-12-24T12:05:00Z,13.21,m_208,cash_advance,37.3875,-97.8713
T000038218,448600000179,2025-12-24T12:09:00Z,9.8,m_052,online,30.6966,-109.0447
T000038219,412700000272,2025-12-24T12:20:00Z,95.0,m_543,fuel,35.3687,-107.4218
T000038221,413700000232,2025-12-24T12:29:00Z,42.03,m_379,health,43.7909,-105.983
T000038222,448700000123,2025-12-24T12:31:00Z,74.94,m_296,restaurant,41.7377,-97.8272
T000038223,411600000017,2025-12-24T12:31:00Z,78.23,m_001,fuel,38.464,-85.9313
T000038226,454400000155,2025-12-24T12:36:00Z,64.96,m_585,electronics,33.8085,-92.4122
T000038227,482600000050,2025-12-24T12:38:00Z,31.57,m_209,clothing,38.6653,-76.8713
T000038229,419200000035,2025-12-24T12:39:00Z,19.15,m_389,restaurant,29.8165,-91.607
T000038230,498300000111,2025-12-24T12:45:00Z,14.03,m_413,grocery,25.5,-116.915
T000038231,443000000144,2025-12-24T12:47:00Z,36.08,m_296,grocery,31.1689,-79.4017
T000038232,446100000021,2025-12-24T12:49:00Z,23.59,m_118,restaurant,45.285,-83.6276
T000038233,409000000198,2025-12-24T12:50:00Z,9.19,m_626,electronics,47.6414,-80.8461
T000038234,482300000206,2025-12-24T12:56:00Z,35.78,m_415,health,38.1182,-78.3141
T000038235,491000000038,2025-12-24T12:56:00Z,12.52,m_671,online,26.3798,-92.3487
T000038236,420200000231,2025-12-24T12:58:00Z,7.55,m_503,online,28.5305,-115.4994
T000038237,494800000246,2025-12-24T13:03:00Z,36.73,m_797,restaurant,42.486,-106.5612
T000038238,475100000009,2025-12-24T13:04:00Z,17.85,m_528,health,32.2174,-79.0392
T000038239,429200000138,2025-12-24T13:04:00Z,18.14,m_086,restaurant,40.2289,-86.1631
T000038240,427700000051,2025-12-24T13:06:00Z,9.13,m_705,cash_advance,29.857,-91.9553
T000038241,454600000047,2025-12-24T13:07:00Z,14.48,m_067,fuel,42.9287,-96.5414
T000038242,425300000079,2025-12-24T13:09:00Z,7.27,m_068,fuel,36.3552,-76.0271
T000038243,468600000099,2025-12-24T13:10:00Z,4.94,m_729,fuel,37.0469,-73.9914
T000038244,430000000162,2025-12-24T13:11:00Z,10.24,m_595,fuel,45.3556,-91.2928
T000038245,489200000253,2025-12-24T13:12:00Z,38.54,m_565,travel,36.8046,-89.1245
T000038246,400900000156,2025-12-24T13:12:00Z,8.69,m_230,clothing,43.2681,-106.4412
T000038247,494000000016,2025-12-24T13:19:00Z,61.75,m_327,health,39.4709,-112.8218
T000038248,483600000122,2025-12-24T13:20:00Z,39.57,m_695,cash_advance,30.1862,-89.7171
T000038250,463700000006,2025-12-24T13:25:00Z,14.81,m_659,health,29.2851,-122.8983
T000038252,480500000222,2025-12-24T13:29:00Z,50.9,m_584,online,28.4125,-123.1434
T000038255,403700000193,2025-12-24T13:37:00Z,8.86,m_701,grocery,31.7046,-103.9173
T000038257,413700000240,2025-12-24T13:44:00Z,37.94,m_721,electronics,30.4305,-117.9856
T000038259,438100000157,2025-12-24T13:45:00Z,27.38,m_693,clothing,28.0648,-97.1351
T000038260,443300000192,2025-12-24T13:47:00Z,79.03,m_153,entertainment,32.1608,-118.7646
T000038261,461900000132,2025-12-24T13:52:00Z,15.38,m_331,cash_advance,39.2621,-96.7338
T000038263,435100000025,2025-12-24T13:54:00Z,13.47,m_776,fuel,33.9858,-100.757
T000038264,490700000167,2025-12-24T14:01:00Z,26.63,m_260,travel,30.6899,-100.0889
T000038265,439700000263,2025-12-24T14:02:00Z,33.99,m_647,cash_advance,46.9079,-93.6447
T000038266,423900000113,2025-12-24T14:05:00Z,16.31,m_151,clothing,31.1466,-90.193
T000038267,466900000159,2025-12-24T14:05:00Z,4.56,m_061,travel,43.5775,-99.664
T000038268,427700000051,2025-12-24T14:05:00Z,11.9,m_093,health,30.0124,-93.0819
T000038269,441700000276,2025-12-24T14:06:00Z,42.02,m_507,health,40.6549,-104.6027
T000038270,413800000254,2025-12-24T14:08:00Z,68.38,m_416,travel,40.7676,-84.1876
T000038271,454900000187,2025-12-24T14:10:00Z,8.53,m_551,entertainment,41.6072,-110.9288
T000038272,430000000162,2025-12-24T14:11:00Z,9.79,m_116,restaurant,45.7045,-90.6217
T000038273,423900000113,2025-12-24T14:12:00Z,109.81,m_099,health,31.7843,-90.3809
T000038274,488800000242,2025-12-24T14:15:00Z,10.94,m_676,health,34.5377,-100.8984
T000038276,454700000001,2025-12-24T14:17:00Z,8.1,m_154,restaurant,28.8525,-117.5822
T000038279,442200000037,2025-12-24T14:22:00Z,72.68,m_569,electronics,33.3176,-106.7269
T000038282,429200000004,2025-12-24T14:29:00Z,56.61,m_084,entertainment,27.2844,-96.2696
T000038283,415300000169,2025-12-24T14:30:00Z,14.15,m_444,cash_advance,35.0363,-116.3656
T000038284,491700000032,2025-12-24T14:31:00Z,7.63,m_565,health,34.5813,-115.9543
T000038286,463700000006,2025-12-24T14:35:00Z,8.44,m_472,online,30.2071,-122.4647
T000038287,459200000077,2025-12-24T14:40:00Z,78.23,m_002,cash_advance,35.4348,-105.883
T000038289,429200000004,2025-12-24T14:45:00Z,69.13,m_402,electronics,26.3012,-96.1376
T000038293,421700000058,2025-12-24T14:53:00Z,127.09,m_329,online,43.2975,-83.4978
T000038294,497000000034,2025-12-24T14:53:00Z,23.2,m_722,restaurant,36.7012,-121.8552
T000038292,420400000060,2025-12-24T14:53:00Z,50.96,m_230,entertainment,32.2604,-72.0104
T000038297,498000000209,2025-12-24T15:01:00Z,10.26,m_494,online,43.61,-89.0608
T000038298,420900000275,2025-12-24T15:01:00Z,56.24,m_236,health,29.9832,-73.469
T000038299,413300000061,2025-12-24T15:03:00Z,3.3,m_257,restaurant,34.1153,-80.9925
T000038300,453000000151,2025-12-24T15:06:00Z,4.08,m_269,clothing,38.1018,-103.7086
T000038301,436500000043,2025-12-24T15:09:00Z,20.4,m_470,travel,34.9172,-110.6342
T000038302,446100000021,2025-12-24T15:10:00Z,16.51,m_378,travel,45.6871,-83.8536
T000038303,455700000103,2025-12-24T15:12:00Z,14.22,m_316,entertainment,26.1966,-90.4281
T000038304,421400000107,2025-12-24T15:13:00Z,16.76,m_625,fuel,39.5336,-112.6554
T000038305,434500000161,2025-12-24T15:16:00Z,8.9,m_318,electronics,35.9253,-88.2578
T000038306,413300000061,2025-12-24T15:20:00Z,5.11,m_622,cash_advance,34.2658,-81.238
T000038307,426800000149,2025-12-24T15:22:00Z,96.21,m_637,travel,30.8007,-118.1104
T000038308,493300000296,2025-12-24T15:24:00Z,12.2,m_469,cash_advance,47.7291,-105.8026
T000038309,421700000058,2025-12-24T15:30:00Z,23.31,m_420,online,42.5512,-82.9087
T000038311,492900000273,2025-12-24T15:36:00Z,35.67,m_184,entertainment,32.8748,-117.9915
T000038312,403700000193,2025-12-24T15:47:00Z,12.26,m_365,cash_advance,32.6043,-104.5521
T000038313,432400000114,2025-12-24T15:47:00Z,28.94,m_419,cash_advance,41.9411,-73.811
T000038316,473300000089,2025-12-24T15:56:00Z,9.42,m_159,cash_advance,38.5604,-73.4675
T000038318,411600000017,2025-12-24T16:10:00Z,28.52,m_787,clothing,37.8844,-86.6005
T000038320,415300000108,2025-12-24T16:17:00Z,14.68,m_064,electronics,41.7883,-111.4671
T000038321,470100000147,2025-12-24T16:20:00Z,15.15,m_652,travel,29.8572,-83.7794
T000038322,487500000214,2025-12-24T16:21:00Z,17.07,m_665,online,47.1565,-95.1749
T000038323,400100000173,2025-12-24T16:23:00Z,134.75,m_678,entertainment,47.1441,-83.9196
T000038324,498000000209,2025-12-24T16:24:00Z,21.83,m_310,health,43.8606,-89.0078
T000038325,486600000046,2025-12-24T16:26:00Z,43.05,m_564,health,41.4869,-96.8464
T000038327,418600000223,2025-12-24T16:32:00Z,3.62,m_379,clothing,49.3132,-78.3439
T000038328,413300000230,2025-12-24T16:33:00Z,7.27,m_221,clothing,42.51,-72.348
T000038329,429100000136,2025-12-24T16:34:00Z,38.95,m_741,online,48.2476,-78.0238
T000038330,425100000250,2025-12-24T16:38:00Z,25.63,m_602,restaurant,32.7659,-99.3636
T000038331,493800000213,2025-12-24T16:42:00Z,43.7,m_677,health,35.1296,-73.9191
T000038332,448700000123,2025-12-24T16:53:00Z,68.85,m_444,restaurant,42.0134,-98.1379
T000038334,408800000280,2025-12-24T17:01:00Z,21.23,m_543,restaurant,46.106,-114.2834
T000038335,446600000289,2025-12-24T17:02:00Z,33.86,m_495,electronics,38.7442,-72.6775
T000038336,471700000259,2025-12-24T17:03:00Z,45.45,m_091,online,26.2599,-118.0375
T000038337,448700000123,2025-12-24T17:05:00Z,118.66,m_292,fuel,41.1354,-98.2296
T000038339,446600000289,2025-12-24T17:06:00Z,33.97,m_686,electronics,38.2958,-72.6581
T000038341,481700000044,2025-12-24T17:11:00Z,9.41,m_322,travel,41.6053,-88.5985
T000038342,448700000123,2025-12-24T17:17:00Z,44.04,m_718,health,41.6841,-97.4083
T000038343,400100000173,2025-12-24T17:18:00Z,14.58,m_490,travel,46.977,-84.384
T000038344,478200000065,2025-12-24T17:19:00Z,36.81,m_292,grocery,33.9606,-89.3357
T000038345,455200000029,2025-12-24T17:22:00Z,19.15,m_317,health,45.0141,-73.9011
T000038346,470900000176,2025-12-24T17:23:00Z,13.71,m_201,entertainment,46.962,-80.7001
T000038347,498300000111,2025-12-24T17:24:00Z,10.17,m_268,electronics,26.3152,-118.0282
T000038348,426800000149,2025-12-24T17:24:00Z,86.12,m_102,cash_advance,30.9159,-118.5116
T000038349,470900000176,2025-12-24T17:35:00Z,7.09,m_415,online,46.7088,-80.9837
T000038350,497600000197,2025-12-24T17:38:00Z,19.0,m_048,restaurant,45.2852,-117.2151
T000038351,449400000063,2025-12-24T17:38:00Z,73.17,m_151,entertainment,41.9122,-74.7755
T000038352,419200000035,2025-12-24T17:43:00Z,33.05,m_222,fuel,30.2153,-91.1835
T000038353,413700000266,2025-12-24T17:44:00Z,38.68,m_378,online,31.3445,-116.2264
T000038354,423300000143,2025-12-24T17:44:00Z,26.52,m_721,cash_advance,42.4877,-108.2719
T000038355,460200000124,2025-12-24T17:55:00Z,19.72,m_064,grocery,47.7605,-74.9307
T000038356,462600000282,2025-12-24T17:56:00Z,13.44,m_543,clothing,45.5482,-87.9626
T000038357,466900000159,2025-12-24T18:01:00Z,23.01,m_715,electronics,43.7338,-100.4622
T000038358,446600000289,2025-12-24T18:06:00Z,6.95,m_669,health,37.9514,-72.3683
T000038359,492300000134,2025-12-24T18:09:00Z,41.11,m_104,health,25.43,-101.6197
T000038360,436500000043,2025-12-24T18:11:00Z,11.57,m_217,online,35.7585,-110.8705
T000038362,473300000089,2025-12-24T18:21:00Z,6.39,m_660,online,38.8651,-74.0006
T000038363,413800000254,2025-12-24T18:25:00Z,44.68,m_240,travel,40.0481,-82.7806
T000038364,473300000089,2025-12-24T18:26:00Z,12.57,m_017,electronics,38.4616,-74.1194
T000038365,432500000036,2025-12-24T18:36:00Z,6.93,m_263,health,39.9158,-119.1785
T000038366,400000000251,2025-12-24T18:40:00Z,12.48,m_737,cash_advance,37.367,-98.156
T000038371,413700000232,2025-12-24T19:14:00Z,38.43,m_158,cash_advance,43.8867,-106.3408
T000038372,461500000245,2025-12-24T19:16:00Z,21.42,m_437,entertainment,38.0396,-120.4079
T000038373,473700000249,2025-12-24T19:17:00Z,13.13,m_376,electronics,35.3857,-83.7444
T000038375,426900000083,2025-12-24T19:22:00Z,49.24,m_241,fuel,48.8661,-82.8319
T000038376,435100000025,2025-12-24T19:27:00Z,8.26,m_746,online,34.1888,-101.384
T000038377,421400000107,2025-12-24T19:28:00Z,28.06,m_258,clothing,39.2154,-112.8875
T000038378,491300000082,2025-12-24T19:32:00Z,24.35,m_477,grocery,40.6205,-105.3729
T000038379,418900000158,2025-12-24T19:33:00Z,11.26,m_787,electronics,30.2035,-106.7046
T000038380,440000000190,2025-12-24T19:35:00Z,8.77,m_432,cash_advance,40.541,-77.6717
T000038381,430300000145,2025-12-24T19:35:00Z,10.28,m_134,fuel,25.5572,-102.9627
T000038382,452800000233,2025-12-24T19:36:00Z,14.21,m_625,restaurant,35.1708,-72.8862
T000038389,430300000145,2025-12-24T20:06:00Z,9.43,m_412,health,26.1668,-103.3861
T000038390,456600000153,2025-12-24T20:11:00Z,35.89,m_475,online,36.453,-110.5293
T000038391,492300000134,2025-12-24T20:15:00Z,39.48,m_223,clothing,24.9597,-102.333
T000038392,493900000290,2025-12-24T20:17:00Z,35.9,m_065,restaurant,34.286,-73.9438
T000038393,430000000162,2025-12-24T20:19:00Z,8.88,m_760,health,44.9772,-91.0144
T000038394,489200000253,2025-12-24T20:20:00Z,57.98,m_167,restaurant,36.9412,-88.8916
T000038395,443300000192,2025-12-24T20:25:00Z,38.04,m_220,grocery,32.0319,-119.0189
T000038399,412700000272,2025-12-24T20:40:00Z,42.9,m_304,electronics,35.0088,-108.1538
T000038400,413700000266,2025-12-24T20:40:00Z,31.75,m_564,grocery,29.558,-116.9324
T000038402,418900000158,2025-12-24T20:44:00Z,12.91,m_042,cash_advance,30.7078,-106.6314
T000038403,458800000284,2025-12-24T20:50:00Z,25.99,m_397,restaurant,39.3701,-96.3278
T000038406,445900000135,2025-12-24T20:55:00Z,29.38,m_723,clothing,31.8522,-105.5522
T000038407,451600000095,2025-12-24T20:56:00Z,6.92,m_397,cash_advance,40.9026,-102.5155
T000038408,491300000082,2025-12-24T20:59:00Z,61.6,m_559,grocery,40.0984,-104.6357
T000038409,400100000173,2025-12-24T21:08:00Z,45.19,m_133,online,47.7478,-83.1731
T000038411,427500000040,2025-12-24T21:27:00Z,42.61,m_639,fuel,26.1122,-86.0829
T000038412,418900000158,2025-12-24T21:39:00Z,12.7,m_244,restaurant,30.3934,-107.7648
T000038413,498000000026,2025-12-24T21:51:00Z,45.68,m_476,online,26.4845,-91.0601
T000038415,486600000215,2025-12-24T22:55:00Z,18.86,m_052,health,31.8029,-102.9757
T000038417,434500000161,2025-12-24T23:11:00Z,11.39,m_276,grocery,36.0739,-88.4982
T000038418,494800000228,2025-12-24T23:16:00Z,30.84,m_581,clothing,25.4203,-86.7412
T000038420,440200000212,2025-12-24T23:21:00Z,30.9,m_114,grocery,45.3951,-103.6225
T000038421,492900000216,2025-12-24T23:28:00Z,8.7,m_670,health,35.3078,-71.2467
T000038422,470900000176,2025-12-24T23:35:00Z,8.77,m_175,electronics,46.9465,-80.3608
T000038423,425100000126,2025-12-24T23:44:00Z,82.37,m_049,fuel,46.5031,-107.0879
T000038424,478700000011,2025-12-25T00:12:00Z,480.21,m_602,cash_advance,49.429,-100.6948
T000038425,471100000298,2025-12-25T00:53:00Z,19.74,m_020,cash_advance,45.3177,-86.31
T000038426,494000000016,2025-12-25T01:05:00Z,156.91,m_394,electronics,44.4207,-105.5375
T000038427,423800000109,2025-12-25T01:08:00Z,61.08,m_778,cash_advance,34.6592,-100.2857
T000038429,422500000202,2025-12-25T01:30:00Z,18.21,m_518,restaurant,28.1044,-88.2936
T000038430,413700000266,2025-12-25T01:56:00Z,15.19,m_633,electronics,30.1708,-116.0147
T000038431,459900000181,2025-12-25T02:02:00Z,14.24,m_125,entertainment,28.8239,-115.6209
T000038432,429200000004,2025-12-25T02:15:00Z,590.52,m_128,travel,30.7242,-95.8103
T000038433,451600000095,2025-12-25T02:15:00Z,11.84,m_758,health,40.8365,-102.8308
T000038434,488200000133,2025-12-25T02:20:00Z,11.27,m_165,entertainment,46.863,-87.9074
T000038436,403900000062,2025-12-25T02:55:00Z,24.39,m_516,travel,36.4196,-107.9413
T000038437,418900000158,2025-12-25T03:02:00Z,19.0,m_096,electronics,30.34,-107.7369
T000038438,456300000265,2025-12-25T03:12:00Z,240.74,m_443,travel,25.561,-124.794
T000038439,462500000168,2025-12-25T03:21:00Z,8.56,m_487,entertainment,30.5433,-71.6697
T000038440,404400000000,2025-12-25T03:28:00Z,54.5,m_099,entertainment,45.9155,-75.4412
T000038441,493800000213,2025-12-25T03:30:00Z,100.47,m_500,electronics,34.2489,-78.9775
T000038442,423900000113,2025-12-25T03:34:00Z,31.06,m_546,health,31.1184,-90.4443
T000038443,497300000184,2025-12-25T04:02:00Z,34.4,m_121,online,34.6098,-89.6561
T000038444,413700000240,2025-12-25T04:23:00Z,17.56,m_218,health,29.6823,-117.5538
T000038445,474300000084,2025-12-25T04:24:00Z,21.59,m_075,online,27.7356,-92.9473
T000038446,452800000233,2025-12-25T04:27:00Z,30.66,m_550,electronics,35.4629,-73.1421
T000038447,470100000147,2025-12-25T04:35:00Z,4.54,m_206,electronics,30.2824,-83.2889
T000038448,493800000213,2025-12-25T04:48:00Z,56.04,m_405,health,35.1397,-73.8325
T000038450,443800000013,2025-12-25T05:25:00Z,27.25,m_152,clothing,28.9999,-83.3602
T000038451,490700000167,2025-12-25T05:58:00Z,18.54,m_587,clothing,31.4315,-99.5083
T000038453,456300000265,2025-12-25T06:01:00Z,114.84,m_154,restaurant,33.2707,-123.1231
T000038455,478700000237,2025-12-25T06:40:00Z,29.65,m_303,grocery,25.8638,-76.7622
T000038456,441700000276,2025-12-25T06:47:00Z,28.64,m_304,cash_advance,41.5756,-103.4927
T000038457,423300000143,2025-12-25T07:07:00Z,46.69,m_618,clothing,42.2265,-108.1684
T000038458,458800000284,2025-12-25T07:09:00Z,22.78,m_401,fuel,39.0754,-96.2272
T000038460,449400000093,2025-12-25T07:22:00Z,9.78,m_389,restaurant,46.5545,-104.51
T000038462,455200000174,2025-12-25T07:50:00Z,33.16,m_729,grocery,42.8319,-108.7139
T000038463,433100000271,2025-12-25T07:53:00Z,14.02,m_213,health,41.9726,-78.522
T000038466,454700000001,2025-12-25T08:10:00Z,5.51,m_410,clothing,29.2721,-117.1604
T000038468,467700000148,2025-12-25T08:25:00Z,19.49,m_587,entertainment,33.7308,-72.776
T000038471,474300000084,2025-12-25T08:35:00Z,32.6,m_536,grocery,28.1634,-92.4023
T000038472,471700000259,2025-12-25T08:38:00Z,34.83,m_113,clothing,26.5898,-117.5613
T000038473,408300000014,2025-12-25T08:39:00Z,19.51,m_037,clothing,39.217,-88.4344
T000038474,494000000016,2025-12-25T08:42:00Z,64.94,m_520,health,38.9772,-112.7602
T000038475,480500000027,2025-12-25T08:51:00Z,20.97,m_226,electronics,37.9987,-107.6683
T000038478,425400000252,2025-12-25T08:56:00Z,15.43,m_268,grocery,25.3128,-123.2609
T000038479,471100000298,2025-12-25T09:03:00Z,20.08,m_679,travel,46.2943,-85.396
T000038480,471700000259,2025-12-25T09:04:00Z,43.48,m_647,cash_advance,27.2356,-117.911
T000038481,493900000199,2025-12-25T09:14:00Z,15.16,m_774,clothing,41.5725,-90.3298
T000038482,463300000003,2025-12-25T09:15:00Z,3.64,m_705,clothing,28.9135,-72.064
T000038483,419200000035,2025-12-25T09:15:00Z,50.14,m_287,entertainment,30.0734,-91.5256
T000038485,435100000025,2025-12-25T09:26:00Z,10.47,m_066,entertainment,33.8764,-100.8324
T000038486,427500000040,2025-12-25T09:27:00Z,48.53,m_794,grocery,26.7606,-86.3683
T000038487,443900000180,2025-12-25T09:34:00Z,32.33,m_639,restaurant,45.4979,-76.0088
T000038488,463300000003,2025-12-25T09:37:00Z,18.73,m_361,electronics,29.146,-71.5757
T000038489,456600000153,2025-12-25T09:37:00Z,80.09,m_611,cash_advance,37.2727,-111.8426
T000038490,468600000099,2025-12-25T09:37:00Z,9.9,m_083,restaurant,36.7831,-72.667
T000038491,400000000251,2025-12-25T09:45:00Z,19.28,m_617,online,38.9163,-98.1128
T000038494,490400000207,2025-12-25T09:49:00Z,9.61,m_309,entertainment,38.0096,-121.5924
T000038495,402500000268,2025-12-25T09:52:00Z,10.19,m_312,entertainment,43.9127,-117.1615
T000038496,497300000184,2025-12-25T10:09:00Z,30.74,m_075,fuel,35.0459,-89.2371
T000038498,443300000192,2025-12-25T10:14:00Z,65.45,m_202,entertainment,31.7697,-119.6233
T000038499,425100000250,2025-12-25T10:16:00Z,4.32,m_298,restaurant,32.7748,-98.5576
T000038500,473700000249,2025-12-25T10:16:00Z,17.55,m_460,clothing,35.9223,-83.8881
T000038501,467400000299,2025-12-25T10:17:00Z,35.92,m_679,fuel,26.9446,-109.1735
T000038502,498300000111,2025-12-25T10:23:00Z,22.48,m_606,electronics,25.9103,-117.8349
T000038505,493800000213,2025-12-25T10:28:00Z,45.11,m_501,electronics,34.9724,-73.9029
T000038506,478700000237,2025-12-25T10:28:00Z,29.52,m_452,grocery,26.6197,-77.065
T000038508,498300000111,2025-12-25T10:32:00Z,15.61,m_160,fuel,25.8757,-117.3665
T000038509,460200000201,2025-12-25T10:32:00Z,31.71,m_660,electronics,44.556,-77.8299
T000038511,421500000098,2025-12-25T10:43:00Z,13.2,m_112,health,32.9134,-122.402
T000038513,418600000223,2025-12-25T10:47:00Z,6.44,m_733,entertainment,48.2774,-78.4156
T000038514,470100000147,2025-12-25T10:53:00Z,20.7,m_697,clothing,30.5107,-83.0061
T000038516,461500000245,2025-12-25T10:57:00Z,18.28,m_052,cash_advance,37.6324,-120.5713
T000038518,494800000246,2025-12-25T11:03:00Z,19.53,m_040,travel,42.1007,-106.7375
T000038519,454600000047,2025-12-25T11:03:00Z,27.79,m_616,online,42.9792,-97.0575
T000038521,440000000190,2025-12-25T11:05:00Z,15.16,m_688,electronics,40.7221,-77.8379
T000038522,418600000223,2025-12-25T11:05:00Z,10.91,m_073,health,48.6526,-78.2883
T000038523,489800000203,2025-12-25T11:07:00Z,27.12,m_553,travel,42.0702,-102.8834
T000038524,434500000161,2025-12-25T11:08:00Z,11.54,m_037,cash_advance,36.6958,-88.694
T000038525,454900000187,2025-12-25T11:22:00Z,11.51,m_362,restaurant,41.6056,-111.5819
T000038526,498000000209,2025-12-25T11:23:00Z,14.06,m_184,travel,43.3133,-89.0921
T000038527,425100000250,2025-12-25T11:33:00Z,12.61,m_436,fuel,32.9201,-98.8577
T000038528,400000000251,2025-12-25T11:36:00Z,11.28,m_673,online,38.4362,-97.6776
T000038529,490700000167,2025-12-25T11:44:00Z,20.3,m_299,cash_advance,31.2933,-99.5205
T000038531,430000000162,2025-12-25T11:51:00Z,6.82,m_616,electronics,45.6986,-91.0524
T000038532,473500000012,2025-12-25T11:54:00Z,27.98,m_457,restaurant,45.4583,-121.3904
T000038534,422500000202,2025-12-25T12:19:00Z,11.22,m_096,grocery,28.3035,-88.5269
T000038535,478700000011,2025-12-25T12:19:00Z,165.48,m_016,clothing,46.4369,-92.8623
T000038536,472500000128,2025-12-25T12:22:00Z,8.99,m_307,travel,30.7707,-119.3435
T000038537,420300000182,2025-12-25T12:28:00Z,15.3,m_742,online,30.5729,-97.0128
T000038538,427100000293,2025-12-25T12:29:00Z,23.33,m_645,entertainment,30.0757,-113.0115
T000038541,426800000149,2025-12-25T12:33:00Z,46.5,m_642,grocery,30.4117,-118.7378
T000038544,491700000032,2025-12-25T12:51:00Z,11.38,m_669,fuel,34.9854,-116.6761
T000038545,472100000092,2025-12-25T13:00:00Z,15.32,m_776,fuel,41.8256,-79.1281
T000038546,441700000121,2025-12-25T13:01:00Z,18.27,m_542,entertainment,27.1716,-106.3781
T000038547,478800000015,2025-12-25T13:03:00Z,71.77,m_145,clothing,29.4894,-113.594
T000038549,436500000043,2025-12-25T13:07:00Z,50.7,m_026,fuel,35.5697,-110.6551
T000038550,406800000116,2025-12-25T13:14:00Z,22.41,m_301,electronics,45.2739,-86.5509
T000038551,480500000027,2025-12-25T13:14:00Z,25.52,m_351,restaurant,37.1663,-107.249
T000038552,498300000111,2025-12-25T13:19:00Z,7.35,m_763,clothing,25.4736,-118.0259
T000038555,422500000202,2025-12-25T13:25:00Z,6.98,m_072,electronics,27.5449,-88.7374
T000038556,446600000289,2025-12-25T13:25:00Z,35.99,m_465,online,37.8924,-72.4241
T000038557,490100000041,2025-12-25T13:26:00Z,18.39,m_695,electronics,35.8843,-91.6429
T000038558,498300000111,2025-12-25T13:33:00Z,13.24,m_524,entertainment,26.7848,-117.8316
T000038559,429100000136,2025-12-25T13:35:00Z,40.8,m_260,online,48.2131,-78.7629
T000038561,409000000198,2025-12-25T13:37:00Z,25.72,m_740,health,47.5315,-81.6419
T000038562,478700000237,2025-12-25T13:37:00Z,44.43,m_458,travel,26.6471,-77.1844
T000038563,463700000006,2025-12-25T13:51:00Z,6.69,m_534,clothing,29.8515,-123.1378
T000038564,463300000003,2025-12-25T13:53:00Z,10.28,m_264,electronics,28.4196,-72.1716
T000038565,495400000142,2025-12-25T13:54:00Z,10.41,m_516,health,39.9431,-117.0295
T000038566,486500000234,2025-12-25T13:56:00Z,32.65,m_563,grocery,38.7584,-108.0266
T000038567,460200000201,2025-12-25T14:01:00Z,24.53,m_649,grocery,44.9868,-77.9553
T000038569,471100000081,2025-12-25T14:08:00Z,14.09,m_125,fuel,39.2913,-113.0634
T000038570,443000000144,2025-12-25T14:11:00Z,53.93,m_528,electronics,31.1266,-79.3176
T000038571,473500000012,2025-12-25T14:12:00Z,8.79,m_455,health,45.0637,-121.9426
T000038572,408700000002,2025-12-25T14:12:00Z,47.24,m_356,fuel,37.0363,-96.026
T000038573,432000000185,2025-12-25T14:15:00Z,16.28,m_087,health,41.6023,-83.1304
T000038574,479800000106,2025-12-25T14:23:00Z,9.1,m_664,clothing,27.8739,-71.665
T000038575,412900000224,2025-12-25T14:24:00Z,39.79,m_266,fuel,29.7908,-119.2362
T000038576,481700000044,2025-12-25T14:25:00Z,11.73,m_515,cash_advance,41.3809,-88.8488
T000038577,426900000083,2025-12-25T14:27:00Z,53.54,m_362,fuel,47.5665,-83.3678
T000038578,425400000252,2025-12-25T14:30:00Z,8.71,m_758,health,25.1754,-123.7806
T000038579,493800000213,2025-12-25T14:30:00Z,32.93,m_182,electronics,35.3138,-74.2282
T000038580,494800000228,2025-12-25T14:39:00Z,37.59,m_762,travel,24.8239,-86.685
T000038581,445900000135,2025-12-25T14:44:00Z,62.97,m_303,grocery,32.7285,-105.0074
T000038582,423300000143,2025-12-25T14:46:00Z,32.17,m_420,clothing,41.4975,-108.4173
T000038583,478500000258,2025-12-25T14:47:00Z,8.77,m_499,health,46.1389,-84.6744
T000038584,467700000148,2025-12-25T14:57:00Z,9.73,m_506,cash_advance,33.8135,-71.984
T000038585,408700000002,2025-12-25T14:59:00Z,29.5,m_775,fuel,37.8673,-95.01
T000038586,493600000274,2025-12-25T15:00:00Z,18.88,m_330,health,26.3432,-72.1988
T000038587,441700000276,2025-12-25T15:03:00Z,18.17,m_457,electronics,40.7798,-104.2594
T000038592,478700000011,2025-12-25T15:24:00Z,35.3,m_542,grocery,45.3747,-93.1517
T000038593,448700000123,2025-12-25T15:24:00Z,35.14,m_174,fuel,40.6677,-97.7703
T000038595,458800000284,2025-12-25T15:26:00Z,38.21,m_014,entertainment,39.0187,-96.0455
T000038596,455200000029,2025-12-25T15:31:00Z,11.82,m_627,online,45.6263,-73.9844
T000038598,448700000123,2025-12-25T15:32:00Z,76.87,m_556,entertainment,41.2677,-97.1626
T000038599,449400000093,2025-12-25T15:36:00Z,12.61,m_275,fuel,47.135,-103.6115
T000038600,432400000114,2025-12-25T15:38:00Z,32.04,m_457,cash_advance,42.1101,-73.3434
T000038601,408700000002,2025-12-25T15:38:00Z,26.8,m_375,health,37.3718,-94.6591
T000038603,436500000043,2025-12-25T15:41:00Z,35.42,m_661,health,35.7534,-110.7983
T000038604,490400000207,2025-12-25T15:41:00Z,10.12,m_604,health,38.3824,-120.9374
T000038608,421400000107,2025-12-25T15:46:00Z,23.97,m_138,clothing,40.9083,-112.6549
T000038609,482000000288,2025-12-25T15:50:00Z,38.29,m_376,entertainment,37.4522,-106.328
T000038611,493900000290,2025-12-25T15:55:00Z,44.15,m_789,grocery,34.6407,-73.6882
T000038612,408300000014,2025-12-25T16:02:00Z,9.97,m_785,cash_advance,38.6,-88.5227
T000038614,440000000190,2025-12-25T16:04:00Z,4.58,m_567,electronics,40.23,-77.4062
T000038615,482600000050,2025-12-25T16:05:00Z,16.47,m_209,travel,38.4833,-76.5577
T000038616,491300000082,2025-12-25T16:05:00Z,49.61,m_245,health,40.6035,-105.0728
T000038617,408300000014,2025-12-25T16:11:00Z,7.09,m_129,health,39.9833,-89.2779
T000038618,482600000050,2025-12-25T16:14:00Z,13.16,m_513,travel,37.7485,-77.4032
T000038621,498000000026,2025-12-25T16:16:00Z,68.08,m_428,fuel,26.8269,-90.3286
T000038622,415300000108,2025-12-25T16:18:00Z,7.43,m_138,cash_advance,42.6431,-111.845
T000038623,472500000070,2025-12-25T16:19:00Z,24.19,m_236,electronics,38.4041,-101.4866
T000038624,482000000288,2025-12-25T16:21:00Z,29.53,m_073,health,37.6307,-107.5522
T000038625,423900000113,2025-12-25T16:22:00Z,34.72,m_477,health,31.4712,-90.63
T000038626,423900000113,2025-12-25T16:23:00Z,71.17,m_344,cash_advance,31.2382,-90.7534
T000038627,431600000056,2025-12-25T16:28:00Z,15.73,m_799,entertainment,45.2007,-84.1161
T000038629,452800000233,2025-12-25T16:38:00Z,40.98,m_361,online,35.4788,-72.7171
T000038630,486500000234,2025-12-25T16:38:00Z,18.32,m_597,clothing,38.4737,-107.9851
T000038632,422200000028,2025-12-25T16:41:00Z,82.5,m_455,grocery,29.4054,-122.6802
T000038634,477200000076,2025-12-25T16:45:00Z,29.63,m_311,fuel,43.5395,-77.7514
T000038638,482000000288,2025-12-25T17:01:00Z,21.57,m_109,online,36.8226,-106.9105
T000038639,481700000044,2025-12-25T17:07:00Z,41.83,m_710,online,41.9434,-88.7806
T000038640,452100000297,2025-12-25T17:08:00Z,28.22,m_644,electronics,26.4509,-84.0034
T000038641,412700000272,2025-12-25T17:11:00Z,37.19,m_690,cash_advance,35.8768,-108.4216
T000038642,493900000290,2025-12-25T17:11:00Z,60.72,m_412,restaurant,33.8078,-73.9324
T000038643,473800000088,2025-12-25T17:12:00Z,15.56,m_742,travel,49.1886,-99.5139
T000038644,474000000094,2025-12-25T17:15:00Z,2.71,m_605,electronics,47.5217,-115.9436
T000038645,442200000287,2025-12-25T17:16:00Z,31.87,m_005,online,33.494,-120.6084
T000038646,413300000061,2025-12-25T17:22:00Z,6.54,m_559,cash_advance,34.3963,-80.571
T000038647,427700000051,2025-12-25T17:36:00Z,6.28,m_610,clothing,30.1598,-92.6639
T000038648,400000000251,2025-12-25T17:43:00Z,13.3,m_724,cash_advance,39.0287,-97.7168
T000038651,421400000107,2025-12-25T17:54:00Z,19.9,m_687,electronics,39.7924,-112.607
T000038654,457900000211,2025-12-25T18:01:00Z,4.81,m_288,restaurant,31.5457,-106.2308
T000038655,486500000234,2025-12-25T18:02:00Z,9.96,m_102,restaurant,38.3741,-107.5629
T000038656,413500000264,2025-12-25T18:02:00Z,99.93,m_701,online,39.2784,-118.7493
T000038658,493300000296,2025-12-25T18:06:00Z,16.29,m_061,cash_advance,47.5374,-106.5568
T000038659,405200000054,2025-12-25T18:06:00Z,23.68,m_526,fuel,30.7835,-88.0685
T000038657,492900000273,2025-12-25T18:06:00Z,42.18,m_317,clothing,33.4087,-118.2012
T000038664,489200000253,2025-12-25T18:16:00Z,42.7,m_007,restaurant,36.9826,-88.8674
T000038665,432400000114,2025-12-25T18:17:00Z,13.42,m_508,online,42.5457,-74.1864
T000038666,426900000083,2025-12-25T18:18:00Z,73.54,m_067,fuel,47.6914,-83.1396
T000038667,411600000017,2025-12-25T18:21:00Z,64.25,m_415,health,37.808,-87.0904
T000038668,430300000145,2025-12-25T18:27:00Z,10.27,m_540,clothing,26.3048,-103.0971
T000038669,497600000197,2025-12-25T18:28:00Z,16.22,m_138,fuel,45.1539,-116.2194
T000038671,491300000082,2025-12-25T18:29:00Z,43.63,m_664,grocery,40.019,-105.2217
T000038672,452500000236,2025-12-25T18:39:00Z,34.65,m_496,online,26.2939,-115.9897
T000038675,448600000179,2025-12-25T18:47:00Z,20.95,m_079,cash_advance,30.9457,-110.053
T000038676,452500000236,2025-12-25T18:49:00Z,17.09,m_089,travel,25.0515,-116.0827
T000038678,458800000284,2025-12-25T18:54:00Z,18.77,m_153,fuel,38.6173,-96.9462
T000038679,490100000041,2025-12-25T18:57:00Z,14.24,m_288,online,34.7696,-90.9465
T000038680,482300000206,2025-12-25T19:10:00Z,14.42,m_552,restaurant,37.2503,-79.1018
T000038682,440200000212,2025-12-25T19:14:00Z,38.5,m_538,cash_advance,45.3039,-103.7069
T000038685,429100000136,2025-12-25T19:33:00Z,22.53,m_264,travel,48.1121,-78.9024
T000038686,494000000016,2025-12-25T19:34:00Z,33.82,m_525,entertainment,38.9664,-111.749
T000038687,442200000287,2025-12-25T19:38:00Z,16.57,m_600,health,33.4295,-120.6448
T000038688,438100000157,2025-12-25T19:52:00Z,22.04,m_135,fuel,28.1013,-97.8497
T000038689,497000000034,2025-12-25T20:09:00Z,15.34,m_321,entertainment,36.4906,-122.385
T000038690,499000000220,2025-12-25T20:13:00Z,47.04,m_742,clothing,26.8229,-106.8742
T000038692,431800000140,2025-12-25T20:14:00Z,27.14,m_657,fuel,47.9874,-97.3264
T000038693,478200000065,2025-12-25T20:19:00Z,92.45,m_218,clothing,34.3409,-89.7602
T000038695,445900000135,2025-12-25T20:23:00Z,22.44,m_036,clothing,32.8005,-105.4846
T000038696,405200000054,2025-12-25T20:26:00Z,67.0,m_543,electronics,32.003,-88.7318
T000038697,492900000273,2025-12-25T20:28:00Z,47.61,m_349,grocery,32.1487,-118.2595
T000038698,473800000088,2025-12-25T20:29:00Z,18.3,m_231,online,48.9764,-99.6865
T000038700,454400000155,2025-12-25T20:35:00Z,38.74,m_030,entertainment,33.4659,-92.7847
T000038701,478500000258,2025-12-25T20:37:00Z,19.88,m_578,online,46.7259,-83.9875
T000038704,478800000015,2025-12-25T20:48:00Z,61.0,m_537,cash_advance,29.8959,-114.6291
T000038705,440800000163,2025-12-25T20:54:00Z,7.39,m_458,cash_advance,27.6056,-117.666
T000038706,405200000054,2025-12-25T20:54:00Z,50.53,m_711,online,30.4979,-88.4622
T000038708,456300000265,2025-12-25T20:57:00Z,25.64,m_420,cash_advance,33.6421,-122.1057
T000038709,418600000223,2025-12-25T21:14:00Z,67.26,m_156,electronics,50.6137,-78.0447
T000038710,453000000151,2025-12-25T21:29:00Z,24.4,m_718,travel,38.5902,-103.2923
T000038714,463300000003,2025-12-25T22:02:00Z,13.98,m_638,clothing,28.8823,-71.0962
T000038715,427500000040,2025-12-25T22:19:00Z,46.58,m_298,clothing,26.384,-86.4875
T000038716,458800000284,2025-12-25T22:32:00Z,22.73,m_138,travel,38.9266,-96.284
T000038717,421400000107,2025-12-25T22:33:00Z,31.69,m_342,clothing,39.5568,-112.9625
T000038719,443900000180,2025-12-25T23:18:00Z,11.48,m_132,cash_advance,45.5891,-76.6632
T000038721,455200000029,2025-12-26T00:30:00Z,18.81,m_714,electronics,44.1293,-74.2468
T000038723,494800000246,2025-12-26T00:42:00Z,61.03,m_184,travel,41.8774,-107.6725
T000038724,480100000110,2025-12-26T00:50:00Z,10.56,m_687,health,43.0291,-78.68
T000038725,402500000268,2025-12-26T01:32:00Z,8.9,m_627,restaurant,44.3551,-117.3028
T000038726,453000000151,2025-12-26T01:42:00Z,19.89,m_751,electronics,37.8452,-103.7076
T000038727,496700000238,2025-12-26T01:50:00Z,13.03,m_547,clothing,25.8743,-103.9636
T000038728,494800000019,2025-12-26T02:16:00Z,24.91,m_103,fuel,24.6771,-102.7209
T000038730,475100000009,2025-12-26T02:20:00Z,57.49,m_328,electronics,32.9328,-78.237
T000038731,468200000221,2025-12-26T02:30:00Z,7.24,m_592,health,39.6862,-72.3032
T000038732,471700000259,2025-12-26T02:36:00Z,78.73,m_185,entertainment,26.4752,-118.2118
T000038733,414100000007,2025-12-26T03:02:00Z,9.44,m_543,restaurant,35.1863,-114.0903
T000038735,453000000151,2025-12-26T03:40:00Z,7.86,m_552,grocery,37.9069,-103.1545
T000038736,470900000176,2025-12-26T03:45:00Z,28.25,m_094,entertainment,46.4093,-80.7881
T000038738,430000000162,2025-12-26T04:09:00Z,6.82,m_283,cash_advance,45.4934,-90.6661
T000038739,403900000062,2025-12-26T04:13:00Z,43.56,m_655,online,36.8578,-109.0741
T000038740,490100000041,2025-12-26T04:14:00Z,12.6,m_352,health,35.6826,-90.7645
T000038741,459100000090,2025-12-26T04:22:00Z,28.86,m_056,fuel,40.5821,-83.328
T000038742,425100000126,2025-12-26T04:39:00Z,89.09,m_053,travel,46.5805,-107.5152
T000038744,473300000089,2025-12-26T04:47:00Z,12.8,m_497,clothing,38.7816,-74.0706
T000038745,498000000026,2025-12-26T04:53:00Z,34.37,m_096,online,27.119,-90.4012
T000038746,456300000265,2025-12-26T05:11:00Z,61.06,m_552,online,33.229,-122.7449
T000038747,461900000132,2025-12-26T05:16:00Z,11.32,m_339,online,39.3038,-97.5773
T000038748,413300000061,2025-12-26T05:27:00Z,5.1,m_760,electronics,34.2708,-81.011
T000038749,434500000161,2025-12-26T05:41:00Z,11.03,m_444,electronics,36.3827,-89.3206
T000038750,436700000039,2025-12-26T05:41:00Z,15.97,m_418,cash_advance,41.8078,-77.0768
T000038753,473500000012,2025-12-26T06:24:00Z,14.41,m_447,fuel,45.7919,-121.0028
T000038754,462500000168,2025-12-26T06:27:00Z,17.02,m_656,clothing,30.8227,-71.7705
T000038756,466900000159,2025-12-26T06:33:00Z,8.05,m_179,grocery,43.4817,-100.4545
T000038757,448600000179,2025-12-26T06:36:00Z,11.05,m_688,entertainment,30.9199,-109.7556
T000038758,473300000089,2025-12-26T06:51:00Z,13.74,m_113,clothing,38.1652,-73.8932
T000038759,429200000004,2025-12-26T07:07:00Z,33.18,m_771,cash_advance,26.6788,-95.8028
T000038760,471700000259,2025-12-26T07:22:00Z,39.31,m_163,clothing,27.4653,-119.1114
T000038761,461500000245,2025-12-26T07:22:00Z,36.28,m_203,electronics,37.4554,-120.2776
T000038762,467400000299,2025-12-26T07:32:00Z,33.84,m_351,travel,27.0013,-109.8591
T000038763,470100000147,2025-12-26T07:38:00Z,7.62,m_380,fuel,29.7495,-83.1099
T000038764,488200000133,2025-12-26T07:52:00Z,14.89,m_614,health,46.8129,-88.0251
T000038765,471100000298,2025-12-26T07:52:00Z,11.99,m_672,grocery,46.0071,-86.0943
T000038767,462500000168,2025-12-26T08:02:00Z,11.16,m_221,electronics,30.6055,-71.2914
T000038769,474300000084,2025-12-26T08:06:00Z,9.55,m_498,entertainment,27.9356,-92.2577
T000038770,402500000268,2025-12-26T08:08:00Z,8.99,m_066,fuel,44.1337,-117.3331
T000038771,449400000063,2025-12-26T08:08:00Z,12.45,m_790,online,41.5572,-73.8398
T000038772,408800000280,2025-12-26T08:12:00Z,12.41,m_445,restaurant,44.8694,-114.016
T000038773,404300000189,2025-12-26T08:13:00Z,62.12,m_702,clothing,25.914,-117.6694
T000038774,439700000263,2025-12-26T08:18:00Z,32.81,m_435,restaurant,46.8785,-94.1406
T000038775,477200000076,2025-12-26T08:22:00Z,44.74,m_005,fuel,43.0734,-77.4388
T000038776,444500000160,2025-12-26T08:26:00Z,28.0,m_185,travel,28.7946,-81.5748
T000038777,413300000230,2025-12-26T08:29:00Z,24.84,m_106,health,42.7818,-71.5472
T000038778,495400000142,2025-12-26T08:30:00Z,5.33,m_107,clothing,39.7931,-117.4163
T000038780,438100000157,2025-12-26T08:33:00Z,18.38,m_614,travel,28.4557,-97.6752
T000038783,473300000089,2025-12-26T08:41:00Z,4.9,m_578,cash_advance,39.4727,-73.3287
T000038784,425600000170,2025-12-26T08:47:00Z,16.92,m_273,electronics,28.0335,-83.4189
T000038785,478700000237,2025-12-26T08:50:00Z,53.53,m_327,fuel,25.9998,-76.7118
T000038788,425400000252,2025-12-26T09:04:00Z,11.58,m_387,clothing,24.7976,-123.6026
T000038789,419500000045,2025-12-26T09:05:00Z,28.6,m_400,electronics,28.5196,-77.079
T000038790,493100000068,2025-12-26T09:06:00Z,15.36,m_372,clothing,34.6114,-91.6753
T000038792,472500000128,2025-12-26T09:10:00Z,24.11,m_385,cash_advance,30.2942,-119.4756
T000038794,462500000168,2025-12-26T09:19:00Z,4.1,m_207,electronics,30.1694,-71.9615
T000038795,492900000216,2025-12-26T09:23:00Z,4.47,m_106,online,36.2638,-70.7363
T000038796,412700000272,2025-12-26T09:24:00Z,42.97,m_318,restaurant,35.1556,-107.4418
T000038798,414100000007,2025-12-26T09:27:00Z,27.7,m_286,clothing,35.4182,-113.8914
T000038799,468600000099,2025-12-26T09:28:00Z,3.82,m_700,fuel,37.5193,-73.78
T000038800,490100000041,2025-12-26T09:38:00Z,14.34,m_071,travel,35.6187,-91.7749
T000038801,427000000130,2025-12-26T09:40:00Z,18.84,m_351,electronics,40.5649,-100.1106
T000038802,416600000244,2025-12-26T09:40:00Z,41.98,m_509,restaurant,38.5548,-73.0272
T000038803,458800000284,2025-12-26T09:44:00Z,13.76,m_189,online,38.4434,-96.1435
T000038805,451600000095,2025-12-26T09:46:00Z,24.85,m_251,travel,40.5292,-102.6953
T000038806,492900000273,2025-12-26T09:47:00Z,50.39,m_703,clothing,31.7773,-117.3554
T000038808,494800000019,2025-12-26T09:53:00Z,42.63,m_455,restaurant,25.9878,-103.4149
T000038809,432500000036,2025-12-26T09:55:00Z,8.62,m_435,clothing,39.6392,-119.9508
T000038810,482000000288,2025-12-26T09:56:00Z,33.32,m_652,clothing,37.5422,-106.4358
T000038811,473500000012,2025-12-26T09:59:00Z,7.69,m_650,restaurant,45.1465,-121.2311
T000038813,412500000217,2025-12-26T10:12:00Z,25.65,m_745,clothing,25.8027,-113.8863
T000038814,441600000097,2025-12-26T10:12:00Z,22.43,m_005,clothing,27.105,-116.8556
T000038816,491300000082,2025-12-26T10:17:00Z,48.11,m_376,fuel,41.0138,-105.8374
T000038819,425400000252,2025-12-26T10:26:00Z,10.05,m_626,travel,24.9575,-123.9998
T000038820,482600000050,2025-12-26T10:27:00Z,36.81,m_048,health,37.1976,-77.2312
T000038821,480500000222,2025-12-26T10:30:00Z,125.22,m_328,fuel,28.7237,-122.5375
T000038822,452500000236,2025-12-26T10:31:00Z,9.0,m_788,clothing,26.2424,-115.8661
T000038823,442200000037,2025-12-26T10:45:00Z,28.28,m_378,clothing,33.4904,-106.7751
T000038824,492900000273,2025-12-26T10:47:00Z,17.01,m_665,entertainment,31.8481,-118.0342
T000038825,442200000287,2025-12-26T10:48:00Z,33.56,m_315,entertainment,32.3137,-119.9825
T000038826,425300000079,2025-12-26T10:51:00Z,8.89,m_249,electronics,36.4967,-75.862
T000038827,440200000212,2025-12-26T10:56:00Z,41.78,m_697,cash_advance,45.2981,-103.3476
T000038828,494000000016,2025-12-26T10:57:00Z,94.01,m_339,cash_advance,40.0466,-112.6624
T000038829,470100000147,2025-12-26T10:58:00Z,20.58,m_469,entertainment,29.6643,-83.3994
T000038830,414100000007,2025-12-26T11:04:00Z,10.65,m_201,fuel,35.8482,-113.7721
T000038832,414100000007,2025-12-26T11:06:00Z,14.33,m_183,restaurant,35.6428,-114.1626
T000038833,434500000161,2025-12-26T11:07:00Z,41.09,m_046,online,36.1773,-88.5492
T000038834,489800000203,2025-12-26T11:08:00Z,5.45,m_300,cash_advance,43.1647,-102.5906
T000038835,453000000151,2025-12-26T11:08:00Z,15.51,m_317,entertainment,37.7413,-102.6133
T000038836,418600000223,2025-12-26T11:14:00Z,5.51,m_307,electronics,49.633,-78.6695
T000038837,474000000094,2025-12-26T11:14:00Z,5.11,m_233,grocery,47.2091,-115.8721
T000038839,408300000014,2025-12-26T11:18:00Z,4.6,m_240,restaurant,39.8725,-89.2372
T000038840,499500000281,2025-12-26T11:18:00Z,13.36,m_761,entertainment,47.2095,-75.3559
T000038841,448700000123,2025-12-26T11:20:00Z,44.51,m_149,health,40.7386,-97.6672
T000038845,429200000004,2025-12-26T11:30:00Z,22.28,m_718,travel,25.784,-96.1107
T000038846,441700000276,2025-12-26T11:34:00Z,22.48,m_283,cash_advance,41.206,-104.3641
T000038847,429200000004,2025-12-26T11:35:00Z,92.51,m_336,cash_advance,26.1706,-96.8047
T000038848,471100000081,2025-12-26T11:39:00Z,9.54,m_118,clothing,39.1685,-113.588
T000038851,474000000094,2025-12-26T11:56:00Z,10.59,m_202,entertainment,47.8692,-116.5701
T000038852,471100000081,2025-12-26T11:57:00Z,5.41,m_171,travel,40.0105,-113.8774
T000038853,468600000099,2025-12-26T12:00:00Z,7.92,m_186,cash_advance,37.5468,-74.013
T000038855,432000000185,2025-12-26T12:06:00Z,11.62,m_299,restaurant,41.3097,-81.9665
T000038856,429200000004,2025-12-26T12:07:00Z,59.2,m_612,electronics,25.5313,-96.141
T000038857,429200000004,2025-12-26T12:07:00Z,20.82,m_236,entertainment,26.3592,-95.7665
T000038858,423900000113,2025-12-26T12:09:00Z,26.97,m_745,cash_advance,31.4786,-90.6327
T000038859,460200000201,2025-12-26T12:10:00Z,24.15,m_398,entertainment,44.6694,-77.9431
T000038863,488200000133,2025-12-26T12:24:00Z,8.57,m_719,travel,46.5409,-87.9202
T000038864,480500000027,2025-12-26T12:27:00Z,13.12,m_776,electronics,37.7498,-106.8872
T000038865,432400000114,2025-12-26T12:27:00Z,15.62,m_523,travel,42.095,-73.5418
T000038867,493100000068,2025-12-26T12:34:00Z,17.98,m_077,travel,34.1545,-90.9319
T000038868,478200000065,2025-12-26T12:35:00Z,37.25,m_763,fuel,34.6816,-89.9014
T000038869,423800000109,2025-12-26T12:48:00Z,7.97,m_251,entertainment,37.3981,-98.4275
T000038871,490400000207,2025-12-26T12:54:00Z,7.64,m_404,entertainment,38.3149,-121.097
T000038874,456600000153,2025-12-26T13:08:00Z,49.9,m_646,health,37.1853,-111.5425
T000038875,471100000081,2025-12-26T13:12:00Z,4.14,m_421,grocery,39.6719,-113.7009
T000038876,403400000178,2025-12-26T13:13:00Z,8.69,m_597,electronics,26.8005,-113.6316
T000038877,459100000090,2025-12-26T13:15:00Z,45.16,m_000,cash_advance,40.2243,-82.1686
T000038878,431800000140,2025-12-26T13:15:00Z,73.42,m_704,clothing,48.0528,-96.8316
T000038879,443300000192,2025-12-26T13:17:00Z,91.85,m_514,online,31.474,-118.6979
T000038880,494800000228,2025-12-26T13:19:00Z,62.76,m_277,fuel,25.8464,-87.1994
T000038881,472500000070,2025-12-26T13:20:00Z,76.4,m_008,travel,45.1654,-103.1692
T000038882,418600000223,2025-12-26T13:21:00Z,12.46,m_270,fuel,49.0573,-78.566
T000038883,446100000021,2025-12-26T13:21:00Z,15.78,m_614,online,44.8702,-84.2016
T000038884,419200000035,2025-12-26T13:22:00Z,28.8,m_629,electronics,29.299,-91.465
T000038885,470500000205,2025-12-26T13:25:00Z,10.43,m_392,electronics,44.4864,-119.0494
T000038887,463700000291,2025-12-26T13:28:00Z,12.64,m_304,electronics,37.5428,-84.6678
T000038888,453500000052,2025-12-26T13:33:00Z,17.9,m_609,travel,43.6923,-123.1962
T000038889,492900000216,2025-12-26T13:33:00Z,4.04,m_163,travel,35.5767,-71.2946
T000038890,449400000063,2025-12-26T13:34:00Z,65.35,m_198,travel,41.4031,-73.8806
T000038891,461900000132,2025-12-26T13:34:00Z,5.1,m_058,clothing,39.6392,-97.3088
T000038892,453000000151,2025-12-26T13:35:00Z,3.53,m_748,restaurant,38.3385,-103.6081
T000038893,494800000019,2025-12-26T13:40:00Z,47.4,m_532,fuel,24.3102,-103.0342
T000038895,454700000001,2025-12-26T13:52:00Z,9.97,m_569,electronics,27.9184,-117.579
T000038896,412700000272,2025-12-26T13:58:00Z,42.45,m_510,entertainment,35.5581,-108.2114
T000038897,420900000275,2025-12-26T14:01:00Z,26.82,m_346,entertainment,29.1459,-73.6913
T000038898,414100000007,2025-12-26T14:02:00Z,11.49,m_411,travel,35.6785,-114.6752
T000038899,409000000198,2025-12-26T14:15:00Z,16.51,m_447,restaurant,47.265,-81.0767
T000038900,403300000018,2025-12-26T14:16:00Z,17.7,m_230,restaurant,30.5154,-79.2813
T000038901,412700000272,2025-12-26T14:19:00Z,80.94,m_496,clothing,35.5942,-108.1737
T000038902,448700000123,2025-12-26T14:21:00Z,57.86,m_052,cash_advance,41.3793,-97.6764
T000038905,459200000077,2025-12-26T14:36:00Z,31.62,m_419,clothing,34.872,-106.0394
T000038906,463300000003,2025-12-26T14:41:00Z,5.84,m_018,entertainment,28.3541,-71.7972
T000038909,413700000240,2025-12-26T14:52:00Z,10.77,m_106,restaurant,29.5918,-117.2511
T000038910,473500000012,2025-12-26T14:52:00Z,4.56,m_630,restaurant,45.0983,-121.7185
T000038911,468200000221,2025-12-26T14:53:00Z,20.86,m_435,clothing,40.2657,-72.2654
T000038912,477200000076,2025-12-26T14:55:00Z,48.56,m_411,grocery,43.6329,-78.2563
T000038913,411600000017,2025-12-26T14:55:00Z,59.69,m_353,entertainment,37.6653,-87.158
T000038914,432400000114,2025-12-26T15:16:00Z,16.87,m_431,fuel,41.0949,-73.7675
T000038916,487500000214,2025-12-26T15:24:00Z,6.55,m_626,online,46.4075,-95.6109
T000038918,457900000211,2025-12-26T15:36:00Z,20.75,m_748,online,31.1518,-105.9075
T000038919,492300000241,2025-12-26T15:39:00Z,6.86,m_488,health,29.7979,-77.0178
T000038920,413300000061,2025-12-26T15:41:00Z,7.13,m_057,online,34.8852,-80.6016
T000038921,480500000027,2025-12-26T15:43:00Z,21.91,m_183,cash_advance,38.0733,-106.9402
T000038922,442200000037,2025-12-26T15:45:00Z,104.72,m_150,restaurant,33.5335,-106.7602
T000038923,463700000006,2025-12-26T15:48:00Z,8.11,m_558,electronics,29.388,-122.7911
T000038924,413300000230,2025-12-26T15:54:00Z,13.52,m_172,restaurant,43.2798,-72.2192
T000038925,473800000088,2025-12-26T15:55:00Z,21.3,m_719,electronics,48.8123,-99.4007
T000038926,422200000028,2025-12-26T15:59:00Z,50.11,m_610,clothing,29.6331,-121.6442
T000038927,473700000249,2025-12-26T16:00:00Z,8.69,m_291,electronics,37.0176,-83.5452
T000038928,497000000034,2025-12-26T16:13:00Z,6.0,m_477,entertainment,36.2031,-122.5231
T000038929,454400000155,2025-12-26T16:22:00Z,39.84,m_194,cash_advance,33.1576,-92.6544
T000038930,400000000251,2025-12-26T16:23:00Z,4.49,m_736,electronics,38.3152,-98.3069
T000038931,449300000066,2025-12-26T16:30:00Z,6.6,m_587,clothing,34.7082,-91.8126
T000038933,448600000179,2025-12-26T16:38:00Z,18.66,m_513,travel,30.6057,-109.9839
T000038934,425400000252,2025-12-26T16:42:00Z,14.7,m_649,cash_advance,25.661,-123.2589
T000038935,497000000034,2025-12-26T16:42:00Z,9.59,m_352,cash_advance,37.3604,-122.6814
T000038937,425600000170,2025-12-26T16:48:00Z,9.06,m_572,electronics,27.0409,-84.0082
T000038938,495400000142,2025-12-26T16:49:00Z,3.3,m_582,restaurant,40.4512,-117.3373
T000038939,483100000286,2025-12-26T16:49:00Z,51.13,m_140,online,35.5036,-73.9189
T000038940,460200000124,2025-12-26T16:51:00Z,9.24,m_443,entertainment,48.197,-74.2372
T000038941,473300000089,2025-12-26T16:55:00Z,7.42,m_044,grocery,38.8331,-74.1312
T000038944,461900000132,2025-12-26T16:59:00Z,10.44,m_533,fuel,39.9003,-96.0968
T000038945,448700000123,2025-12-26T17:02:00Z,32.55,m_184,cash_advance,41.682,-98.5724
T000038946,441700000121,2025-12-26T17:04:00Z,7.92,m_271,clothing,27.0553,-106.4464
T000038947,491300000082,2025-12-26T17:05:00Z,45.64,m_304,health,40.4868,-105.7646
T000038948,483600000122,2025-12-26T17:07:00Z,15.01,m_027,electronics,29.6573,-89.4298
T000038949,454600000047,2025-12-26T17:09:00Z,14.77,m_349,electronics,42.5715,-97.2574
T000038950,427700000051,2025-12-26T17:11:00Z,13.8,m_142,clothing,29.9311,-92.044
T000038951,497600000197,2025-12-26T17:13:00Z,32.87,m_457,restaurant,45.1148,-117.3143
T000038952,419900000096,2025-12-26T17:14:00Z,18.15,m_518,online,46.2397,-94.87
T000038953,440200000212,2025-12-26T17:17:00Z,47.24,m_297,fuel,45.2552,-103.2763
T000038954,436500000043,2025-12-26T17:19:00Z,15.77,m_444,cash_advance,35.5806,-110.2583
T000038956,430300000145,2025-12-26T17:28:00Z,24.67,m_391,grocery,26.0878,-103.6298
T000038957,489800000203,2025-12-26T17:35:00Z,10.4,m_541,health,42.4989,-102.8994
T000038958,411600000017,2025-12-26T17:36:00Z,78.67,m_024,cash_advance,38.7198,-87.0421
T000038960,440800000163,2025-12-26T17:41:00Z,11.42,m_054,health,27.7706,-117.8195
T000038961,414100000007,2025-12-26T17:42:00Z,4.81,m_720,fuel,35.8674,-114.4223
T000038962,485100000229,2025-12-26T17:45:00Z,14.47,m_434,clothing,30.5275,-97.0343
T000038963,415300000108,2025-12-26T17:49:00Z,18.34,m_688,fuel,42.2315,-111.221
T000038964,482000000288,2025-12-26T17:50:00Z,15.13,m_537,electronics,36.8685,-106.6475
T000038965,432000000185,2025-12-26T17:52:00Z,19.97,m_678,fuel,41.6154,-82.6323
T000038967,478800000015,2025-12-26T18:00:00Z,53.89,m_490,health,30.2584,-113.6895
T000038968,455700000103,2025-12-26T18:04:00Z,14.98,m_387,health,25.1618,-89.966
T000038969,498000000026,2025-12-26T18:08:00Z,44.75,m_493,travel,26.1892,-90.2667
T000038970,423300000143,2025-12-26T18:11:00Z,19.94,m_536,entertainment,42.8394,-107.7751
T000038971,420400000060,2025-12-26T18:13:00Z,15.85,m_221,health,32.6015,-72.0996
T000038972,480100000110,2025-12-26T18:14:00Z,8.92,m_023,restaurant,43.6373,-78.6759
T000038974,432000000185,2025-12-26T18:22:00Z,62.41,m_527,electronics,41.8146,-83.234
T000038975,421500000098,2025-12-26T18:27:00Z,4.87,m_077,grocery,32.4975,-121.8684
T000038977,423800000109,2025-12-26T18:32:00Z,5.72,m_390,fuel,38.103,-98.4978
T000038978,444500000160,2025-12-26T18:39:00Z,14.48,m_680,fuel,27.5346,-81.7301
T000038979,492800000125,2025-12-26T18:51:00Z,27.13,m_295,restaurant,45.4336,-88.9739
T000038981,430000000162,2025-12-26T18:58:00Z,10.52,m_044,entertainment,45.3014,-91.0309
T000038983,427100000293,2025-12-26T19:01:00Z,36.89,m_607,restaurant,30.1385,-112.8489
T000038985,486600000046,2025-12-26T19:02:00Z,24.94,m_046,clothing,41.4578,-97.0049
T000038986,421500000098,2025-12-26T19:02:00Z,7.88,m_616,health,31.9736,-122.2586
T000038987,482300000206,2025-12-26T19:03:00Z,23.97,m_679,travel,37.9908,-78.8143
T000038989,491600000072,2025-12-26T19:10:00Z,19.51,m_764,travel,34.1192,-113.7872
T000038990,497000000034,2025-12-26T19:17:00Z,14.95,m_198,grocery,37.2945,-122.391
T000038992,452100000297,2025-12-26T19:20:00Z,44.34,m_321,clothing,26.1437,-84.5062
T000038993,415300000169,2025-12-26T19:24:00Z,9.67,m_224,online,35.9022,-116.8273
T000038995,463700000006,2025-12-26T19:26:00Z,7.54,m_232,cash_advance,30.3238,-122.2717
T000038996,468200000221,2025-12-26T19:30:00Z,8.93,m_764,fuel,40.6805,-72.7605
T000038997,411600000017,2025-12-26T19:30:00Z,68.12,m_313,grocery,37.9135,-86.8754
T000038998,467700000148,2025-12-26T19:34:00Z,25.51,m_243,health,33.7766,-73.2932
T000038999,460200000201,2025-12-26T19:43:00Z,22.9,m_457,entertainment,44.4723,-78.1649
T000039001,472200000195,2025-12-26T19:59:00Z,50.07,m_196,cash_advance,34.8297,-81.3007
T000039005,446600000289,2025-12-26T20:13:00Z,31.14,m_256,entertainment,38.3906,-73.0193
T000039007,494800000228,2025-12-26T20:15:00Z,27.52,m_258,electronics,25.6,-86.5411
T000039008,454600000047,2025-12-26T20:20:00Z,27.37,m_796,health,43.3009,-96.9501
T000039010,441600000097,2025-12-26T20:26:00Z,12.6,m_540,entertainment,28.1332,-116.7096
T000039011,460200000124,2025-12-26T20:37:00Z,5.0,m_269,restaurant,47.7796,-75.2894
T000039012,452500000236,2025-12-26T20:38:00Z,11.62,m_048,health,25.7475,-115.976
T000039014,400000000251,2025-12-26T20:43:00Z,13.41,m_347,fuel,37.9547,-97.6312
T000039015,454700000001,2025-12-26T20:44:00Z,8.76,m_024,cash_advance,28.1895,-117.5828
T000039016,432400000114,2025-12-26T20:48:00Z,39.84,m_170,entertainment,41.4902,-73.1314
T000039017,452500000236,2025-12-26T20:52:00Z,17.15,m_109,clothing,25.109,-115.2225
T000039018,490100000041,2025-12-26T21:04:00Z,38.51,m_563,entertainment,35.3635,-90.9897
T000039019,404400000000,2025-12-26T21:05:00Z,21.61,m_513,travel,45.4574,-75.2269
T000039020,485700000008,2025-12-26T21:07:00Z,45.24,m_683,travel,38.9045,-97.8473
T000039021,473500000012,2025-12-26T21:22:00Z,12.27,m_258,clothing,45.7132,-121.8207
T000039022,431300000248,2025-12-26T21:24:00Z,40.12,m_103,fuel,27.3082,-86.578
T000039023,440200000212,2025-12-26T21:27:00Z,31.48,m_332,entertainment,44.8864,-103.7199
T000039025,429100000136,2025-12-26T21:29:00Z,27.65,m_480,grocery,48.398,-78.9209
T000039027,432500000036,2025-12-26T21:51:00Z,34.58,m_017,online,39.6016,-119.8058
T000039028,432500000036,2025-12-26T22:27:00Z,8.9,m_729,electronics,39.737,-119.3532
T000039029,408800000280,2025-12-26T22:30:00Z,14.29,m_293,online,46.0312,-114.2567
T000039030,413500000264,2025-12-26T22:39:00Z,153.21,m_476,online,46.7927,-119.8582
T000039032,477200000076,2025-12-26T22:50:00Z,15.68,m_438,travel,43.0959,-77.3785
T000039033,482300000206,2025-12-26T22:56:00Z,15.39,m_393,clothing,37.7538,-79.2228
T000039034,494800000246,2025-12-26T22:56:00Z,60.18,m_475,clothing,42.3669,-107.3349
T000039035,430000000162,2025-12-26T23:10:00Z,15.21,m_638,cash_advance,45.7253,-91.173
T000039036,455200000029,2025-12-26T23:11:00Z,6.01,m_492,restaurant,44.6081,-74.1125
T000039037,441600000097,2025-12-26T23:17:00Z,12.46,m_678,health,26.6791,-117.6309
T000039039,405200000054,2025-12-27T00:03:00Z,50.77,m_035,cash_advance,30.9551,-87.7827
T000039040,408300000014,2025-12-27T00:09:00Z,4.39,m_316,online,38.522,-88.9935
T000039041,490400000207,2025-12-27T00:12:00Z,26.74,m_791,travel,45.993,-117.2493
T000039042,473800000088,2025-12-27T00:32:00Z,69.25,m_740,fuel,48.7912,-99.5614
T000039043,429200000138,2025-12-27T00:43:00Z,16.36,m_011,fuel,40.6191,-86.2765
T000039044,451600000095,2025-12-27T00:48:00Z,17.49,m_645,fuel,40.8691,-103.5304
T000039046,430000000162,2025-12-27T00:53:00Z,22.29,m_376,grocery,45.235,-91.2121
T000039047,442200000037,2025-12-27T01:04:00Z,14.25,m_089,cash_advance,33.3556,-106.2495
T000039051,453000000151,2025-12-27T01:32:00Z,9.1,m_347,electronics,38.0533,-104.5287
T000039052,486600000046,2025-12-27T01:33:00Z,59.52,m_435,cash_advance,41.3039,-95.8646
T000039053,493300000296,2025-12-27T01:47:00Z,18.87,m_268,cash_advance,47.2218,-106.7084
T000039055,420300000182,2025-12-27T02:09:00Z,21.46,m_204,health,30.714,-97.2666
T000039056,422200000028,2025-12-27T02:26:00Z,49.96,m_576,restaurant,27.6003,-122.7519
T000039058,440800000163,2025-12-27T02:53:00Z,2.62,m_415,electronics,27.5001,-117.6072
T000039059,432400000114,2025-12-27T02:55:00Z,21.95,m_633,cash_advance,42.0383,-74.2499
T000039060,486500000234,2025-12-27T02:58:00Z,27.28,m_444,travel,38.1489,-108.3578
T000039061,443300000192,2025-12-27T03:05:00Z,72.67,m_770,health,31.883,-118.8397
T000039062,446100000021,2025-12-27T03:13:00Z,40.17,m_666,fuel,45.6374,-84.164
T000039064,409000000198,2025-12-27T03:23:00Z,92.92,m_555,online,51.0783,-78.9975
T000039065,408300000014,2025-12-27T03:23:00Z,5.59,m_406,grocery,39.0162,-89.2252
T000039068,414100000007,2025-12-27T04:00:00Z,18.49,m_038,fuel,35.5217,-113.8779
T000039070,466900000159,2025-12-27T04:26:00Z,16.3,m_578,restaurant,43.5831,-99.7021
T000039072,421700000058,2025-12-27T04:46:00Z,67.44,m_175,entertainment,43.2653,-83.0605
T000039073,419900000096,2025-12-27T04:59:00Z,31.91,m_490,travel,46.151,-96.4832
T000039074,483600000069,2025-12-27T05:19:00Z,29.45,m_737,electronics,28.5794,-111.7211
T000039075,460200000201,2025-12-27T05:21:00Z,25.49,m_391,travel,44.5969,-78.3618
T000039076,403700000193,2025-12-27T05:36:00Z,11.44,m_330,fuel,31.7034,-104.8311
T000039077,427500000040,2025-12-27T05:43:00Z,42.65,m_207,entertainment,26.5377,-86.9
T000039082,449400000093,2025-12-27T06:30:00Z,35.09,m_412,grocery,46.8926,-103.8744
T000039083,453000000151,2025-12-27T06:36:00Z,8.49,m_308,health,38.7772,-102.9352
T000039084,426800000149,2025-12-27T06:37:00Z,46.86,m_016,grocery,30.441,-117.7078
T000039085,454600000047,2025-12-27T06:37:00Z,24.92,m_120,travel,42.6823,-96.7018
T000039087,499000000220,2025-12-27T07:36:00Z,44.19,m_761,health,27.5647,-106.7969
T000039088,458800000284,2025-12-27T07:40:00Z,28.11,m_592,health,39.3918,-95.8555
T000039089,400100000173,2025-12-27T07:53:00Z,39.3,m_117,travel,47.0963,-83.8303
T000039090,497000000034,2025-12-27T08:01:00Z,8.97,m_429,restaurant,37.3066,-121.9266
T000039093,433100000271,2025-12-27T08:06:00Z,22.25,m_500,health,42.7697,-78.0627
T000039095,421400000107,2025-12-27T08:14:00Z,19.45,m_080,restaurant,39.8774,-111.8623
T000039096,499000000220,2025-12-27T08:19:00Z,15.61,m_119,clothing,28.1541,-107.6199
T000039098,408300000014,2025-12-27T08:28:00Z,10.31,m_633,electronics,38.8285,-89.0891
T000039099,473300000089,2025-12-27T08:30:00Z,12.31,m_417,health,38.5717,-74.2353
T000039100,475100000009,2025-12-27T08:31:00Z,31.72,m_713,restaurant,32.8114,-78.6714
T000039102,454400000155,2025-12-27T08:33:00Z,16.81,m_135,fuel,32.626,-92.6237
T000039104,433100000271,2025-12-27T08:39:00Z,10.74,m_512,entertainment,42.0324,-79.3031
T000039105,486600000215,2025-12-27T08:41:00Z,8.4,m_722,fuel,32.2889,-102.5446
T000039109,483600000069,2025-12-27T08:53:00Z,29.16,m_370,clothing,27.1382,-112.0553
T000039111,413800000254,2025-12-27T08:55:00Z,19.71,m_481,fuel,40.3123,-83.8807
T000039112,400100000173,2025-12-27T08:57:00Z,17.02,m_623,online,48.1077,-83.8784
T000039113,493600000274,2025-12-27T08:58:00Z,14.82,m_171,clothing,27.1679,-73.0495
T000039115,463700000291,2025-12-27T09:12:00Z,10.28,m_422,electronics,37.1192,-84.456
T000039116,443900000180,2025-12-27T09:18:00Z,11.21,m_219,grocery,44.7979,-75.8178
T000039117,420200000231,2025-12-27T09:22:00Z,4.05,m_367,cash_advance,28.1529,-115.3062
T000039118,427700000051,2025-12-27T09:26:00Z,8.22,m_438,entertainment,29.5904,-91.9677
T000039119,485500000183,2025-12-27T09:29:00Z,27.49,m_294,health,34.1852,-73.6346
T000039120,485700000008,2025-12-27T09:30:00Z,105.04,m_250,restaurant,38.033,-97.0555
T000039122,492900000273,2025-12-27T09:39:00Z,26.47,m_452,clothing,32.1443,-117.8578
T000039123,492900000273,2025-12-27T09:39:00Z,15.57,m_322,online,32.3551,-118.6653
T000039124,490100000041,2025-12-27T09:40:00Z,13.54,m_400,electronics,35.3692,-91.407
T000039125,443900000180,2025-12-27T09:48:00Z,13.87,m_441,fuel,45.189,-76.808
T000039126,471100000081,2025-12-27T09:48:00Z,10.9,m_078,health,39.6414,-112.5404
T000039127,413300000061,2025-12-27T09:49:00Z,6.31,m_635,electronics,34.9618,-80.3547
T000039129,474300000084,2025-12-27T09:59:00Z,7.29,m_681,cash_advance,28.1541,-92.9565
T000039130,483600000122,2025-12-27T10:02:00Z,22.87,m_487,clothing,29.5967,-89.762
T000039132,472500000070,2025-12-27T10:03:00Z,12.35,m_207,health,38.6916,-101.3631
T000039135,409000000198,2025-12-27T10:10:00Z,24.87,m_409,entertainment,47.3175,-82.0574
T000039136,420400000060,2025-12-27T10:13:00Z,6.76,m_161,electronics,32.5728,-72.6886
T000039138,487500000214,2025-12-27T10:19:00Z,4.4,m_447,electronics,47.7688,-95.0188
T000039139,452100000297,2025-12-27T10:21:00Z,44.6,m_041,clothing,25.9269,-84.7175
T000039141,439700000263,2025-12-27T10:30:00Z,17.77,m_181,clothing,46.7482,-93.91
T000039143,402500000268,2025-12-27T10:33:00Z,6.47,m_073,travel,44.3499,-116.992
T000039144,485300000175,2025-12-27T10:35:00Z,5.57,m_555,travel,37.0839,-92.7247
T000039145,492300000241,2025-12-27T10:36:00Z,21.22,m_539,travel,29.0553,-76.8259
T000039146,404300000189,2025-12-27T10:41:00Z,14.04,m_746,fuel,26.7075,-117.3066
T000039148,470900000176,2025-12-27T10:46:00Z,10.43,m_216,clothing,46.7126,-80.3055
T000039149,404400000000,2025-12-27T10:47:00Z,35.27,m_292,travel,46.3329,-75.5123
T000039150,454900000187,2025-12-27T10:51:00Z,8.73,m_743,restaurant,41.3454,-110.8051
T000039152,480500000027,2025-12-27T10:55:00Z,16.61,m_751,online,37.6167,-106.3425
T000039154,423800000109,2025-12-27T11:00:00Z,12.5,m_445,travel,37.1849,-98.6569
T000039158,483600000069,2025-12-27T11:12:00Z,48.24,m_634,fuel,27.734,-112.1716
T000039160,433100000271,2025-12-27T11:14:00Z,25.39,m_740,grocery,41.9163,-79.2656
T000039161,478700000237,2025-12-27T11:18:00Z,32.92,m_340,entertainment,26.1502,-77.412
T000039163,432400000114,2025-12-27T11:26:00Z,16.95,m_733,health,42.1191,-74.5504
T000039165,463700000006,2025-12-27T11:28:00Z,13.8,m_689,online,29.5534,-122.7708
T000039166,470900000176,2025-12-27T11:30:00Z,8.9,m_411,online,46.508,-80.6947
T000039167,418900000158,2025-12-27T11:33:00Z,23.71,m_381,entertainment,30.6874,-107.8149
T000039168,482000000288,2025-12-27T11:34:00Z,38.66,m_155,entertainment,37.2016,-106.6129
T000039170,446600000289,2025-12-27T11:38:00Z,15.69,m_533,cash_advance,38.2886,-72.4036
T000039171,423800000109,2025-12-27T11:40:00Z,9.18,m_401,online,37.4627,-99.0142
T000039173,472200000195,2025-12-27T11:59:00Z,18.57,m_267,cash_advance,34.7898,-80.757
T000039174,493800000213,2025-12-27T12:00:00Z,40.82,m_263,electronics,35.137,-74.2174
T000039177,491300000082,2025-12-27T12:06:00Z,16.65,m_381,travel,39.4278,-105.6191
T000039178,423300000143,2025-12-27T12:09:00Z,19.6,m_252,restaurant,41.5778,-107.374
T000039179,413700000266,2025-12-27T12:17:00Z,42.92,m_554,grocery,30.2264,-116.911
T000039181,456300000265,2025-12-27T12:21:00Z,35.06,m_531,grocery,34.1967,-121.8753
T000039182,497600000197,2025-12-27T12:25:00Z,27.73,m_662,fuel,45.2272,-116.9479
T000039183,435100000025,2025-12-27T12:29:00Z,8.49,m_613,restaurant,33.7695,-101.0619
T000039184,486600000046,2025-12-27T12:32:00Z,27.97,m_081,cash_advance,40.994,-96.6656
T000039185,483100000286,2025-12-27T12:32:00Z,29.65,m_093,restaurant,35.5359,-74.6664
T000039186,468200000221,2025-12-27T12:35:00Z,19.11,m_553,cash_advance,39.8899,-72.8644
T000039187,426900000083,2025-12-27T12:38:00Z,49.65,m_404,cash_advance,48.3603,-82.3387
T000039188,457400000208,2025-12-27T12:45:00Z,37.42,m_079,travel,48.1749,-108.575
T000039190,456600000153,2025-12-27T12:47:00Z,81.45,m_790,restaurant,37.8257,-111.3891
T000039191,460200000124,2025-12-27T12:48:00Z,36.88,m_356,cash_advance,47.9381,-74.951
T000039192,420200000231,2025-12-27T12:49:00Z,5.13,m_495,online,28.3032,-115.409
T000039193,427100000293,2025-12-27T12:57:00Z,49.97,m_686,electronics,30.5215,-113.7263
T000039194,478700000011,2025-12-27T13:04:00Z,78.01,m_149,clothing,46.6054,-92.9381
T000039195,433100000271,2025-12-27T13:07:00Z,16.01,m_575,online,42.1329,-78.3258
T000039196,472500000070,2025-12-27T13:12:00Z,12.9,m_520,online,38.7757,-100.9842
T000039198,470100000147,2025-12-27T13:25:00Z,17.74,m_100,clothing,29.7739,-83.4066
T000039199,468600000099,2025-12-27T13:25:00Z,11.56,m_484,travel,37.5305,-73.3362
T000039201,484400000030,2025-12-27T13:31:00Z,11.97,m_792,restaurant,29.0378,-73.0331
T000039202,418600000223,2025-12-27T13:31:00Z,13.03,m_220,travel,48.9728,-78.8474
T000039203,400100000173,2025-12-27T13:38:00Z,36.92,m_631,restaurant,47.818,-84.1574
T000039205,493600000274,2025-12-27T13:39:00Z,7.21,m_358,health,26.7517,-72.492
T000039208,443000000144,2025-12-27T13:44:00Z,48.47,m_357,travel,30.4681,-78.4921
T000039209,494800000019,2025-12-27T13:49:00Z,23.53,m_148,cash_advance,24.8243,-102.3268
T000039210,412700000272,2025-12-27T13:50:00Z,28.48,m_029,grocery,35.2494,-107.075
T000039212,454900000187,2025-12-27T14:03:00Z,13.98,m_306,entertainment,41.1796,-110.712
T000039213,403300000018,2025-12-27T14:03:00Z,33.26,m_390,cash_advance,30.0191,-78.6534
T000039215,420900000275,2025-12-27T14:14:00Z,41.42,m_600,entertainment,29.5618,-73.7417
T000039216,403400000178,2025-12-27T14:17:00Z,15.45,m_415,health,26.2752,-112.9406
T000039217,420200000231,2025-12-27T14:21:00Z,20.65,m_299,clothing,27.5834,-114.7932
T000039220,430000000162,2025-12-27T14:37:00Z,7.87,m_678,entertainment,44.9217,-90.8747
T000039221,452800000233,2025-12-27T14:45:00Z,46.71,m_570,grocery,34.9108,-72.4933
T000039222,452100000297,2025-12-27T14:48:00Z,40.52,m_409,restaurant,25.6144,-84.4413
T000039225,434800000074,2025-12-27T15:02:00Z,11.14,m_262,electronics,34.411,-110.4019
T000039226,460200000124,2025-12-27T15:02:00Z,43.76,m_143,electronics,47.6043,-74.4955
T000039227,468200000221,2025-12-27T15:02:00Z,12.44,m_735,health,40.4395,-71.6233
T000039229,459100000090,2025-12-27T15:05:00Z,10.85,m_660,electronics,40.2977,-83.5031
T000039231,443900000180,2025-12-27T15:26:00Z,23.41,m_598,electronics,45.2729,-76.7961
T000039232,430000000162,2025-12-27T15:33:00Z,28.71,m_725,fuel,45.0646,-91.1375
T000039234,435100000025,2025-12-27T15:37:00Z,9.74,m_186,health,33.822,-101.7977
T000039235,459900000181,2025-12-27T15:39:00Z,15.04,m_504,electronics,27.6786,-115.4688
T000039236,480500000222,2025-12-27T15:42:00Z,21.99,m_643,restaurant,28.6404,-123.7298
T000039238,460200000124,2025-12-27T15:52:00Z,32.35,m_780,grocery,48.5395,-74.3239
T000039239,468600000099,2025-12-27T15:54:00Z,8.92,m_496,fuel,37.7975,-73.1243
T000039240,461900000132,2025-12-27T16:06:00Z,13.08,m_249,restaurant,39.4669,-96.2106
T000039242,459100000090,2025-12-27T16:11:00Z,20.12,m_664,travel,41.2371,-82.6311
T000039243,419900000096,2025-12-27T16:16:00Z,23.66,m_533,cash_advance,45.7257,-95.3335
T000039244,492300000134,2025-12-27T16:17:00Z,30.44,m_333,entertainment,26.1537,-102.0158
T000039246,429100000136,2025-12-27T16:20:00Z,20.35,m_320,health,49.0131,-78.4095
T000039247,478700000011,2025-12-27T16:20:00Z,95.09,m_326,grocery,45.2244,-93.2622
T000039248,490400000207,2025-12-27T16:21:00Z,14.06,m_137,entertainment,38.6142,-120.9013
T000039249,478800000067,2025-12-27T16:24:00Z,7.32,m_573,fuel,47.3675,-72.9491
T000039250,421400000107,2025-12-27T16:26:00Z,29.19,m_636,clothing,40.2873,-112.9508
T000039252,435100000025,2025-12-27T16:29:00Z,7.48,m_529,entertainment,34.1801,-101.2636
T000039253,455200000029,2025-12-27T16:30:00Z,29.85,m_146,cash_advance,44.4587,-73.7533
T000039254,489100000057,2025-12-27T16:31:00Z,5.12,m_266,online,46.9129,-73.5158
T000039255,420900000275,2025-12-27T16:34:00Z,85.56,m_254,restaurant,29.006,-72.8437
T000039257,404300000189,2025-12-27T16:36:00Z,46.51,m_393,electronics,26.5543,-117.8815
T000039258,474300000084,2025-12-27T16:42:00Z,24.02,m_284,electronics,27.4844,-92.6976
T000039260,409000000198,2025-12-27T16:53:00Z,13.22,m_177,restaurant,47.6033,-81.2483
T000039261,436500000043,2025-12-27T16:58:00Z,25.58,m_104,cash_advance,35.3268,-109.9747
T000039262,413700000266,2025-12-27T17:06:00Z,66.55,m_303,grocery,30.0067,-116.9201
T000039263,455200000029,2025-12-27T17:10:00Z,8.32,m_063,grocery,45.3336,-74.5114
T000039264,487500000214,2025-12-27T17:17:00Z,10.53,m_135,cash_advance,47.4411,-95.8148
T000039265,430300000145,2025-12-27T17:19:00Z,19.11,m_061,restaurant,26.8326,-103.0758
T000039266,478200000065,2025-12-27T17:31:00Z,49.77,m_604,fuel,34.3373,-89.976
T000039267,491600000072,2025-12-27T17:32:00Z,10.21,m_008,cash_advance,34.7104,-112.7359
T000039268,423900000113,2025-12-27T17:34:00Z,14.49,m_096,grocery,32.0048,-90.1666
T000039270,493900000290,2025-12-27T17:36:00Z,40.5,m_500,travel,34.6331,-74.2679
T000039271,498000000026,2025-12-27T17:39:00Z,59.69,m_500,restaurant,26.3167,-90.6847
T000039273,490100000041,2025-12-27T17:42:00Z,8.65,m_647,grocery,35.7618,-91.4578
T000039274,467400000299,2025-12-27T17:45:00Z,26.76,m_167,health,26.2522,-109.0562
T000039277,441700000276,2025-12-27T17:56:00Z,69.74,m_387,fuel,40.4543,-104.5009
T000039278,452800000233,2025-12-27T17:56:00Z,43.08,m_493,grocery,35.998,-72.2315
T000039279,403700000193,2025-12-27T17:58:00Z,28.38,m_256,grocery,31.5437,-104.2806
T000039280,472500000070,2025-12-27T18:00:00Z,13.88,m_073,cash_advance,38.536,-101.1352
T000039281,431600000056,2025-12-27T18:00:00Z,10.72,m_723,online,45.0268,-83.8804
T000039282,493300000296,2025-12-27T18:02:00Z,26.53,m_415,grocery,47.3187,-106.3741
T000039283,483600000069,2025-12-27T18:03:00Z,56.42,m_220,clothing,28.5676,-112.3584
T000039284,440000000190,2025-12-27T18:06:00Z,7.32,m_229,grocery,40.8066,-77.8617
T000039285,455200000029,2025-12-27T18:08:00Z,8.7,m_318,grocery,44.5918,-73.9493
T000039287,418900000158,2025-12-27T18:12:00Z,12.58,m_014,clothing,31.0515,-107.5936
T000039290,443900000180,2025-12-27T18:25:00Z,15.72,m_504,fuel,45.9109,-77.1468
T000039291,413300000061,2025-12-27T18:26:00Z,4.83,m_531,grocery,34.1815,-80.6204
T000039294,468600000099,2025-12-27T18:27:00Z,10.7,m_005,grocery,38.502,-73.5868
T000039295,411600000017,2025-12-27T18:31:00Z,16.85,m_206,health,38.0053,-87.21
T000039296,471700000259,2025-12-27T18:31:00Z,77.67,m_014,electronics,27.1966,-118.2456
T000039300,470900000176,2025-12-27T18:44:00Z,5.11,m_200,health,47.2598,-80.6953
T000039301,493600000274,2025-12-27T18:44:00Z,9.45,m_005,online,27.2015,-73.219
T000039302,432400000114,2025-12-27T18:46:00Z,32.53,m_443,entertainment,42.6384,-74.4649
T000039303,412700000272,2025-12-27T18:48:00Z,50.69,m_162,fuel,35.5449,-107.3646
T000039304,413800000254,2025-12-27T18:53:00Z,16.91,m_486,grocery,41.4256,-83.7026
T000039306,483100000286,2025-12-27T19:00:00Z,18.62,m_201,clothing,35.6036,-75.1622
T000039309,413500000264,2025-12-27T19:18:00Z,34.99,m_776,cash_advance,38.9456,-119.1499
T000039310,459100000090,2025-12-27T19:21:00Z,46.3,m_639,grocery,40.7855,-83.1774
T000039311,491600000072,2025-12-27T19:25:00Z,19.56,m_210,electronics,34.5275,-112.9673
T000039314,441700000121,2025-12-27T19:37:00Z,12.89,m_271,grocery,26.6179,-105.6421
T000039316,473700000249,2025-12-27T19:37:00Z,22.21,m_224,electronics,35.5949,-83.6653
T000039317,420200000231,2025-12-27T19:38:00Z,10.7,m_055,cash_advance,28.5117,-115.9288
T000039320,440200000212,2025-12-27T19:49:00Z,33.39,m_048,electronics,44.9711,-103.8547
T000039321,442200000037,2025-12-27T19:50:00Z,27.19,m_183,grocery,34.1661,-106.5237
T000039322,443800000013,2025-12-27T19:52:00Z,19.93,m_017,travel,28.9113,-82.7907
T000039323,459900000181,2025-12-27T19:52:00Z,33.46,m_336,cash_advance,28.9025,-115.2769
T000039326,474000000094,2025-12-27T20:06:00Z,7.26,m_203,health,47.3394,-115.9639
T000039327,480100000110,2025-12-27T20:06:00Z,3.47,m_736,entertainment,43.172,-79.0249
T000039329,431600000056,2025-12-27T20:17:00Z,15.6,m_570,fuel,46.1939,-84.7573
T000039330,439700000263,2025-12-27T20:25:00Z,60.82,m_030,fuel,47.2763,-93.9184
T000039331,490100000041,2025-12-27T20:33:00Z,15.51,m_626,health,35.8208,-91.1303
T000039332,438100000157,2025-12-27T20:36:00Z,38.66,m_539,grocery,28.6649,-97.6401
T000039333,462600000282,2025-12-27T20:37:00Z,14.03,m_776,entertainment,46.1802,-88.3259
T000039334,482000000288,2025-12-27T20:38:00Z,14.13,m_051,entertainment,37.0066,-107.0271
T000039336,432000000185,2025-12-27T20:48:00Z,22.28,m_106,online,41.4741,-83.4851
T000039337,432400000114,2025-12-27T20:51:00Z,18.88,m_000,fuel,42.303,-74.2531
T000039338,492900000216,2025-12-27T20:52:00Z,5.05,m_396,online,36.1116,-71.3704
T000039339,422500000202,2025-12-27T20:58:00Z,23.83,m_030,travel,27.748,-88.8211
T000039340,461900000132,2025-12-27T21:03:00Z,11.7,m_258,health,38.9365,-96.4287
T000039343,440200000212,2025-12-27T21:12:00Z,101.59,m_744,travel,44.7817,-103.3775
T000039344,434500000161,2025-12-27T21:32:00Z,31.88,m_031,travel,36.361,-87.7114
T000039345,478500000258,2025-12-27T21:46:00Z,15.96,m_526,cash_advance,46.2435,-84.2687
T000039348,418600000223,2025-12-27T22:00:00Z,6.43,m_057,clothing,49.6659,-77.4992
T000039350,448600000179,2025-12-27T22:21:00Z,16.46,m_091,cash_advance,30.2008,-109.7777
T000039351,458800000284,2025-12-27T23:20:00Z,33.66,m_156,clothing,38.9689,-96.3093
T000039352,441600000097,2025-12-27T23:24:00Z,30.25,m_580,online,26.6943,-117.7291
T000039355,462500000168,2025-12-27T23:58:00Z,6.14,m_531,entertainment,31.1832,-70.9047
T000039356,494000000016,2025-12-28T00:18:00Z,47.95,m_130,grocery,39.6514,-112.9808
T000039359,419500000045,2025-12-28T00:48:00Z,18.78,m_312,fuel,27.9285,-76.7404
T000039360,421400000107,2025-12-28T01:07:00Z,21.76,m_030,electronics,40.3164,-112.6332
T000039361,474300000084,2025-12-28T01:11:00Z,136.86,m_097,travel,34.0116,-88.6929
T000039363,463300000003,2025-12-28T01:43:00Z,13.22,m_178,restaurant,28.5915,-72.4518
T000039364,408800000280,2025-12-28T02:25:00Z,134.96,m_476,fuel,45.8099,-114.1842
T000039365,489100000057,2025-12-28T02:41:00Z,19.7,m_282,grocery,46.532,-74.7522
T000039367,426900000083,2025-12-28T03:26:00Z,30.41,m_452,cash_advance,48.2982,-82.7378
T000039368,491700000032,2025-12-28T03:27:00Z,16.45,m_145,fuel,35.1866,-116.3142
T000039369,489200000253,2025-12-28T03:31:00Z,25.78,m_472,fuel,37.0253,-89.0395
T000039370,420400000060,2025-12-28T03:52:00Z,8.22,m_303,clothing,32.8617,-72.5244
T000039372,427500000040,2025-12-28T04:23:00Z,45.84,m_105,travel,25.8778,-87.46
T000039373,452800000233,2025-12-28T04:39:00Z,65.41,m_297,restaurant,34.982,-72.6371
T000039374,440200000212,2025-12-28T04:56:00Z,21.52,m_704,restaurant,44.8836,-103.4698
T000039375,413700000232,2025-12-28T05:00:00Z,73.3,m_652,entertainment,42.8988,-105.9524
T000039376,474000000094,2025-12-28T05:02:00Z,11.34,m_201,cash_advance,47.1946,-116.1014
T000039378,425100000250,2025-12-28T05:13:00Z,7.14,m_094,restaurant,33.0944,-99.1419
T000039379,491000000038,2025-12-28T05:14:00Z,42.11,m_445,electronics,26.9109,-93.3561
T000039380,497600000197,2025-12-28T05:15:00Z,35.12,m_691,online,45.5032,-116.7717
T000039381,413700000232,2025-12-28T05:19:00Z,64.03,m_336,online,42.8922,-105.7092
T000039382,408800000280,2025-12-28T05:24:00Z,91.7,m_642,restaurant,45.5887,-113.7277
T000039385,454700000001,2025-12-28T05:54:00Z,4.42,m_073,fuel,29.4025,-117.1972
T000039386,429200000138,2025-12-28T06:03:00Z,16.64,m_073,restaurant,40.5521,-86.0692
T000039387,431600000056,2025-12-28T06:05:00Z,27.36,m_785,entertainment,45.2063,-84.2555
T000039389,470100000147,2025-12-28T06:47:00Z,19.09,m_252,travel,29.498,-84.2818
T000039390,490700000167,2025-12-28T06:48:00Z,30.34,m_560,cash_advance,30.9337,-99.3363
T000039392,462600000282,2025-12-28T07:14:00Z,6.99,m_146,cash_advance,45.5272,-88.4249
T000039393,441600000097,2025-12-28T07:34:00Z,40.08,m_199,online,27.2837,-117.4834
T000039394,403400000178,2025-12-28T07:35:00Z,9.35,m_012,cash_advance,26.5136,-113.0745
T000039395,478700000237,2025-12-28T07:39:00Z,49.69,m_795,entertainment,26.0289,-76.59
T000039396,416600000244,2025-12-28T07:48:00Z,30.84,m_747,electronics,38.2784,-74.3347
T000039397,497000000034,2025-12-28T08:03:00Z,15.94,m_210,fuel,36.3149,-121.9546
T000039398,427700000051,2025-12-28T08:04:00Z,18.64,m_534,entertainment,29.8887,-92.6191
T000039399,440000000190,2025-12-28T08:05:00Z,10.12,m_518,electronics,39.8547,-77.2699
T000039400,473800000088,2025-12-28T08:06:00Z,9.55,m_529,grocery,48.7263,-99.8765
T000039401,472200000195,2025-12-28T08:08:00Z,39.58,m_264,online,34.8851,-81.2065
T000039402,485300000175,2025-12-28T08:08:00Z,7.37,m_251,restaurant,36.9847,-93.0248
T000039403,430000000162,2025-12-28T08:11:00Z,14.14,m_518,restaurant,45.3859,-91.3828
T000039404,441600000097,2025-12-28T08:12:00Z,16.1,m_058,online,27.5228,-116.5477
T000039405,467400000299,2025-12-28T08:13:00Z,51.31,m_401,clothing,26.3977,-109.7879
T000039408,431800000140,2025-12-28T08:19:00Z,29.18,m_480,clothing,46.9935,-97.0729
T000039409,460200000201,2025-12-28T08:21:00Z,52.68,m_068,restaurant,44.9106,-78.1063
T000039412,486600000046,2025-12-28T08:31:00Z,19.97,m_425,health,42.2262,-96.6018
T000039414,440800000163,2025-12-28T08:35:00Z,9.53,m_055,entertainment,27.853,-117.5601
T000039415,425100000250,2025-12-28T08:35:00Z,9.6,m_221,cash_advance,32.477,-99.0847
T000039416,419900000096,2025-12-28T08:44:00Z,51.92,m_774,grocery,47.261,-95.244
T000039418,489800000203,2025-12-28T08:49:00Z,5.75,m_441,cash_advance,42.9667,-103.2389
T000039421,482000000288,2025-12-28T08:50:00Z,33.85,m_403,grocery,36.8397,-106.3805
T000039422,436500000043,2025-12-28T08:59:00Z,54.21,m_231,travel,36.1464,-110.0998
T000039423,413500000264,2025-12-28T09:04:00Z,99.79,m_021,electronics,38.4762,-119.4437
T000039426,487500000214,2025-12-28T09:14:00Z,6.04,m_234,electronics,47.3734,-95.7386
T000039427,427000000130,2025-12-28T09:19:00Z,49.38,m_377,grocery,41.0232,-100.5002
T000039428,485100000229,2025-12-28T09:19:00Z,42.85,m_024,grocery,30.5504,-97.0283
T000039429,415300000108,2025-12-28T09:19:00Z,17.12,m_153,electronics,42.2177,-111.0007
T000039431,425100000250,2025-12-28T09:21:00Z,13.02,m_638,electronics,34.1943,-99.1828
T000039433,425600000170,2025-12-28T09:23:00Z,5.35,m_651,entertainment,28.3187,-83.6814
T000039434,419200000035,2025-12-28T09:23:00Z,16.39,m_776,restaurant,29.6458,-92.3153
T000039435,463700000291,2025-12-28T09:24:00Z,9.46,m_632,cash_advance,37.4841,-85.3694
T000039438,431800000140,2025-12-28T09:38:00Z,22.56,m_027,cash_advance,47.2504,-96.7558
T000039440,490700000167,2025-12-28T09:46:00Z,98.5,m_533,health,31.1495,-99.251
T000039441,485500000183,2025-12-28T09:48:00Z,4.68,m_386,cash_advance,34.45,-73.5385
T000039443,459200000077,2025-12-28T09:50:00Z,51.27,m_102,travel,35.1055,-105.9565
T000039444,493600000274,2025-12-28T09:50:00Z,14.98,m_505,grocery,26.8816,-72.8483
T000039445,480500000027,2025-12-28T09:51:00Z,9.02,m_405,health,38.2414,-107.4585
T000039446,473700000249,2025-12-28T09:52:00Z,35.36,m_607,health,36.9478,-83.0966
T000039447,467700000148,2025-12-28T09:53:00Z,15.39,m_589,grocery,34.3565,-72.9713
T000039451,482300000206,2025-12-28T10:08:00Z,10.17,m_082,clothing,37.352,-78.9837
T000039452,400900000156,2025-12-28T10:08:00Z,11.97,m_554,electronics,43.0623,-106.5448
T000039453,463700000006,2025-12-28T10:10:00Z,4.34,m_763,restaurant,29.5461,-122.5992
T000039454,442200000287,2025-12-28T10:13:00Z,51.78,m_383,entertainment,33.2159,-120.2259
T000039455,470100000147,2025-12-28T10:21:00Z,32.69,m_758,travel,30.3364,-83.3845
T000039456,430300000145,2025-12-28T10:24:00Z,5.35,m_372,online,26.9868,-103.1758
T000039457,423300000143,2025-12-28T10:32:00Z,75.67,m_507,cash_advance,42.0628,-108.4295
T000039458,435100000025,2025-12-28T10:46:00Z,12.12,m_057,health,33.1589,-100.2384
T000039459,404300000189,2025-12-28T10:53:00Z,19.59,m_260,health,26.7138,-117.6992
T000039460,431600000056,2025-12-28T10:56:00Z,13.43,m_475,online,44.7583,-83.9315
T000039461,484400000030,2025-12-28T10:58:00Z,24.57,m_231,cash_advance,28.8159,-74.1404
T000039462,471700000259,2025-12-28T11:00:00Z,138.82,m_653,clothing,26.6272,-117.9924
T000039463,493800000213,2025-12-28T11:00:00Z,34.38,m_160,restaurant,34.8437,-74.5709
T000039464,495400000142,2025-12-28T11:07:00Z,4.85,m_700,electronics,40.295,-117.4563
T000039465,403300000018,2025-12-28T11:08:00Z,28.59,m_668,electronics,30.8108,-78.7607
T000039466,470100000147,2025-12-28T11:11:00Z,6.6,m_547,grocery,30.6842,-83.7253
T000039468,434800000074,2025-12-28T11:17:00Z,5.64,m_575,cash_advance,35.3097,-109.5994
T000039469,427500000040,2025-12-28T11:24:00Z,12.91,m_588,entertainment,25.9174,-86.8733
T000039470,434800000074,2025-12-28T11:25:00Z,14.46,m_177,online,34.9241,-110.1005
T000039471,483100000286,2025-12-28T11:31:00Z,22.4,m_346,fuel,35.1232,-74.9265
T000039472,483600000069,2025-12-28T11:32:00Z,20.46,m_024,electronics,27.7268,-111.8071
T000039475,478700000237,2025-12-28T11:37:00Z,56.95,m_602,online,26.2684,-77.0365
T000039476,452500000236,2025-12-28T11:47:00Z,12.06,m_372,entertainment,25.443,-115.2856
T000039477,435100000025,2025-12-28T11:52:00Z,5.34,m_180,health,34.3584,-101.9242
T000039480,493100000068,2025-12-28T12:05:00Z,11.88,m_542,grocery,34.7582,-91.1142
T000039482,430300000145,2025-12-28T12:14:00Z,19.07,m_424,electronics,27.2802,-102.5663
T000039485,471100000298,2025-12-28T12:25:00Z,19.31,m_208,grocery,45.3049,-85.6757
T000039486,427500000040,2025-12-28T12:35:00Z,97.17,m_437,restaurant,26.3269,-86.6691
T000039487,440000000190,2025-12-28T12:35:00Z,17.2,m_030,cash_advance,39.5376,-77.517
T000039488,435100000025,2025-12-28T12:41:00Z,16.18,m_516,entertainment,33.7264,-101.1489
T000039489,499500000281,2025-12-28T12:42:00Z,13.66,m_141,clothing,47.3867,-75.3511
T000039490,454700000001,2025-12-28T12:45:00Z,9.62,m_043,cash_advance,28.6072,-117.9112
T000039491,470500000205,2025-12-28T12:46:00Z,14.61,m_312,online,44.74,-120.087
T000039492,480100000110,2025-12-28T12:48:00Z,12.72,m_638,health,43.5498,-78.6421
T000039494,419900000096,2025-12-28T12:56:00Z,22.02,m_528,fuel,45.8757,-95.9578
T000039495,408300000014,2025-12-28T13:00:00Z,4.44,m_786,travel,38.9807,-89.5061
T000039497,493900000290,2025-12-28T13:00:00Z,33.6,m_515,cash_advance,34.7254,-73.9172
T000039498,412900000224,2025-12-28T13:09:00Z,52.01,m_204,grocery,28.9916,-119.5769
T000039499,495400000142,2025-12-28T13:11:00Z,13.97,m_573,health,40.0573,-116.9844
T000039501,491700000032,2025-12-28T13:13:00Z,41.25,m_403,entertainment,34.5903,-116.4498
T000039502,419200000035,2025-12-28T13:15:00Z,86.91,m_273,entertainment,30.671,-91.9538
T000039505,478200000065,2025-12-28T13:17:00Z,64.31,m_383,travel,33.9394,-89.6446
T000039503,455200000174,2025-12-28T13:17:00Z,49.86,m_652,entertainment,43.3795,-108.703
T000039504,443800000013,2025-12-28T13:17:00Z,23.28,m_440,online,29.101,-83.4592
T000039508,441600000097,2025-12-28T13:19:00Z,25.65,m_302,restaurant,26.8967,-117.3867
T000039509,481700000044,2025-12-28T13:20:00Z,26.94,m_428,cash_advance,42.2215,-88.2346
T000039510,461900000132,2025-12-28T13:21:00Z,10.16,m_479,grocery,39.6687,-96.3118
T000039511,494800000228,2025-12-28T13:22:00Z,23.68,m_115,grocery,25.2933,-87.0839
T000039512,497000000034,2025-12-28T13:22:00Z,9.75,m_536,clothing,36.981,-122.2686
T000039513,412500000217,2025-12-28T13:24:00Z,179.94,m_095,online,35.8357,-114.0008
T000039514,478700000237,2025-12-28T13:24:00Z,37.91,m_627,health,26.7843,-76.9097
T000039515,427500000040,2025-12-28T13:27:00Z,35.91,m_178,restaurant,26.6015,-86.4593
T000039516,453000000151,2025-12-28T13:30:00Z,4.97,m_559,entertainment,37.7902,-103.5765
T000039517,494000000016,2025-12-28T13:42:00Z,19.18,m_061,fuel,39.6355,-112.4909
T000039518,416600000244,2025-12-28T13:44:00Z,48.44,m_019,health,38.0687,-73.8067
T000039520,422200000028,2025-12-28T13:50:00Z,69.16,m_438,entertainment,28.7104,-121.9186
T000039523,452500000236,2025-12-28T13:53:00Z,21.34,m_588,fuel,25.0228,-116.029
T000039526,409000000198,2025-12-28T13:56:00Z,15.41,m_212,restaurant,47.5926,-81.0637
T000039527,425600000170,2025-12-28T13:57:00Z,12.68,m_011,travel,27.7519,-84.2027
T000039528,472100000092,2025-12-28T14:00:00Z,7.74,m_747,electronics,42.0624,-80.1018
T000039530,434500000161,2025-12-28T14:04:00Z,8.56,m_699,entertainment,35.7666,-88.0466
T000039531,486600000046,2025-12-28T14:08:00Z,12.63,m_781,cash_advance,41.2529,-96.6339
T000039533,446600000289,2025-12-28T14:37:00Z,26.53,m_119,travel,38.1743,-72.7161
T000039534,403900000062,2025-12-28T14:42:00Z,42.15,m_758,online,36.1081,-108.6697
T000039535,483100000286,2025-12-28T14:42:00Z,76.59,m_697,health,34.9381,-74.2416
T000039536,473500000012,2025-12-28T14:47:00Z,2.81,m_291,online,45.8041,-121.5516
T000039537,438100000157,2025-12-28T14:53:00Z,37.71,m_583,electronics,28.0918,-98.132
T000039538,480500000027,2025-12-28T14:56:00Z,24.13,m_488,entertainment,37.418,-107.3864
T000039540,498300000111,2025-12-28T15:02:00Z,6.72,m_189,travel,25.3667,-117.0367
T000039541,485300000175,2025-12-28T15:05:00Z,6.05,m_177,cash_advance,37.2031,-92.6044
T000039542,492300000241,2025-12-28T15:06:00Z,25.04,m_669,restaurant,29.3339,-77.6898
T000039544,473800000088,2025-12-28T15:07:00Z,12.96,m_031,entertainment,49.0364,-99.4539
T000039545,492300000134,2025-12-28T15:08:00Z,115.82,m_656,cash_advance,25.2415,-101.3104
T000039547,443900000180,2025-12-28T15:12:00Z,9.22,m_405,entertainment,45.6658,-76.0546
T000039548,426900000083,2025-12-28T15:16:00Z,57.08,m_526,grocery,47.9751,-82.9364
T000039549,492900000273,2025-12-28T15:24:00Z,75.46,m_679,clothing,32.1948,-117.5388
T000039551,415300000108,2025-12-28T15:38:00Z,12.67,m_719,entertainment,42.0844,-111.279
T000039552,453000000151,2025-12-28T15:39:00Z,9.11,m_467,cash_advance,38.0509,-103.7596
T000039554,478800000015,2025-12-28T15:43:00Z,32.14,m_397,cash_advance,30.3063,-113.3033
T000039555,440200000212,2025-12-28T15:43:00Z,54.12,m_098,electronics,44.6646,-102.8513
T000039557,451600000095,2025-12-28T15:52:00Z,15.33,m_472,health,41.3028,-102.9891
T000039559,400100000173,2025-12-28T15:58:00Z,25.29,m_656,travel,48.1554,-83.7445
T000039560,443800000013,2025-12-28T16:00:00Z,11.92,m_041,health,28.6091,-84.2232
T000039561,454600000047,2025-12-28T16:08:00Z,16.72,m_112,travel,43.3841,-97.0909
T000039562,449400000063,2025-12-28T16:09:00Z,41.62,m_623,online,41.6868,-74.4622
T000039563,473500000012,2025-12-28T16:09:00Z,16.74,m_131,travel,42.6294,-119.5966
T000039564,411600000017,2025-12-28T16:11:00Z,66.21,m_060,cash_advance,37.2117,-86.7269
T000039565,423300000143,2025-12-28T16:13:00Z,68.05,m_536,cash_advance,41.5744,-108.2457
T000039566,470100000147,2025-12-28T16:15:00Z,16.59,m_067,travel,29.6436,-83.3395
T000039568,499000000220,2025-12-28T16:22:00Z,19.15,m_468,travel,27.1848,-107.2313
T000039570,420200000231,2025-12-28T16:24:00Z,10.4,m_750,online,28.1168,-115.5209
T000039572,423300000143,2025-12-28T16:31:00Z,14.93,m_163,cash_advance,42.6463,-108.2695
T000039573,490700000167,2025-12-28T16:32:00Z,28.39,m_750,entertainment,30.6258,-99.7178
T000039574,491000000038,2025-12-28T16:33:00Z,31.95,m_440,travel,27.328,-93.1592
T000039575,442200000287,2025-12-28T16:34:00Z,28.83,m_532,fuel,32.4534,-121.1455
T000039577,493100000068,2025-12-28T16:44:00Z,32.65,m_083,clothing,34.7744,-91.6041
T000039578,413700000266,2025-12-28T16:44:00Z,18.75,m_566,restaurant,29.9804,-116.8702
T000039579,403700000193,2025-12-28T16:44:00Z,23.96,m_348,grocery,31.8123,-103.0343
T000039580,429200000004,2025-12-28T16:45:00Z,47.84,m_724,restaurant,26.0873,-95.9267
T000039581,429100000136,2025-12-28T16:47:00Z,40.48,m_279,health,48.0009,-78.6396
T000039582,436500000043,2025-12-28T16:52:00Z,12.29,m_497,online,35.1311,-110.6795
T000039583,492300000134,2025-12-28T16:55:00Z,21.26,m_576,fuel,25.4522,-102.5323
T000039584,418600000223,2025-12-28T16:59:00Z,5.35,m_351,cash_advance,49.1682,-78.0339
T000039586,420200000231,2025-12-28T17:02:00Z,6.69,m_256,entertainment,28.2222,-116.2212
T000039587,400900000156,2025-12-28T17:14:00Z,14.44,m_292,electronics,43.926,-106.5159
T000039588,414100000007,2025-12-28T17:16:00Z,18.61,m_687,travel,35.4383,-113.5954
T000039590,418600000223,2025-12-28T17:18:00Z,19.99,m_665,grocery,48.9787,-78.3172
T000039591,404400000000,2025-12-28T17:20:00Z,18.37,m_139,electronics,46.0733,-75.4068
T000039593,482300000206,2025-12-28T17:25:00Z,56.7,m_773,cash_advance,37.1932,-79.8189
T000039594,490100000041,2025-12-28T17:25:00Z,22.86,m_214,entertainment,35.7759,-90.6306
T000039595,425300000079,2025-12-28T17:27:00Z,24.9,m_306,travel,36.4723,-75.0548
T000039596,423800000109,2025-12-28T17:29:00Z,3.48,m_138,health,38.2408,-99.0082
T000039597,467700000148,2025-12-28T17:29:00Z,26.21,m_575,cash_advance,34.0188,-72.5053
T000039599,497000000034,2025-12-28T17:30:00Z,14.32,m_172,travel,36.9574,-121.9473
T000039601,422500000202,2025-12-28T17:32:00Z,16.35,m_537,travel,28.1929,-88.7486
T000039602,432000000185,2025-12-28T17:32:00Z,37.68,m_622,restaurant,41.8092,-82.7751
T000039600,452100000297,2025-12-28T17:32:00Z,27.31,m_247,health,26.2973,-84.2642
T000039603,459200000077,2025-12-28T17:34:00Z,131.94,m_448,clothing,34.5669,-106.522
T000039606,443300000192,2025-12-28T17:47:00Z,69.27,m_256,health,32.1571,-119.3276
T000039607,408300000014,2025-12-28T17:48:00Z,4.88,m_208,cash_advance,39.866,-89.0777
T000039608,485500000183,2025-12-28T17:53:00Z,30.55,m_584,online,34.524,-74.5422
T000039609,463700000006,2025-12-28T17:54:00Z,6.36,m_230,travel,29.8051,-123.2538
T000039610,473800000088,2025-12-28T17:59:00Z,18.52,m_154,health,49.3243,-99.3605
T000039611,498300000111,2025-12-28T18:00:00Z,9.11,m_246,grocery,26.0292,-117.7182
T000039612,473500000012,2025-12-28T18:01:00Z,8.82,m_792,fuel,45.3812,-121.4767
T000039613,456300000265,2025-12-28T18:07:00Z,229.89,m_463,clothing,33.4876,-122.7292
T000039614,448700000123,2025-12-28T18:11:00Z,67.84,m_645,fuel,41.1918,-97.6227
T000039615,455200000029,2025-12-28T18:11:00Z,21.56,m_261,fuel,44.3546,-74.5481
T000039616,485300000175,2025-12-28T18:15:00Z,3.76,m_540,clothing,36.7905,-92.371
T000039617,491000000038,2025-12-28T18:20:00Z,19.56,m_300,fuel,27.0948,-93.5321
T000039618,485300000175,2025-12-28T18:21:00Z,4.13,m_539,online,36.5484,-93.536
T000039621,400000000251,2025-12-28T18:30:00Z,12.33,m_267,online,37.8208,-97.5043
T000039622,474000000094,2025-12-28T18:37:00Z,11.65,m_368,grocery,47.7039,-116.8531
T000039623,436500000043,2025-12-28T18:37:00Z,31.06,m_370,fuel,35.2566,-111.4437
T000039624,472500000070,2025-12-28T18:39:00Z,13.83,m_765,travel,38.5201,-101.005
T000039625,483600000122,2025-12-28T18:43:00Z,9.22,m_200,cash_advance,29.7035,-89.1742
T000039627,456300000265,2025-12-28T18:58:00Z,104.1,m_344,travel,33.9825,-122.2726
T000039628,463700000291,2025-12-28T19:00:00Z,17.98,m_023,cash_advance,37.1162,-84.3844
T000039629,472100000092,2025-12-28T19:01:00Z,24.83,m_584,health,41.9447,-79.7354
T000039630,446600000289,2025-12-28T19:01:00Z,18.63,m_692,fuel,38.134,-72.4956
T000039631,477200000076,2025-12-28T19:02:00Z,64.78,m_305,cash_advance,43.1666,-78.4708
T000039632,498000000026,2025-12-28T19:04:00Z,61.77,m_404,electronics,26.6452,-89.9191
T000039633,425100000250,2025-12-28T19:07:00Z,6.8,m_115,fuel,32.6655,-99.1644
T000039634,401300000033,2025-12-28T19:12:00Z,146.2,m_640,travel,38.2431,-114.1422
T000039635,494000000016,2025-12-28T19:13:00Z,43.41,m_155,grocery,39.5128,-112.1149
T000039636,472500000128,2025-12-28T19:17:00Z,7.13,m_774,clothing,30.8617,-119.147
T000039637,499500000281,2025-12-28T19:22:00Z,18.81,m_616,online,48.0393,-75.4112
T000039638,463700000291,2025-12-28T19:22:00Z,6.69,m_352,grocery,37.2053,-85.136
T000039641,400900000156,2025-12-28T19:46:00Z,13.96,m_560,online,43.2622,-107.095
T000039643,404400000000,2025-12-28T19:56:00Z,15.73,m_526,health,46.3359,-76.3789
T000039645,423900000113,2025-12-28T19:57:00Z,29.07,m_775,entertainment,31.2885,-90.4739
T000039646,495400000142,2025-12-28T20:03:00Z,14.51,m_405,travel,40.4205,-117.5973
T000039648,442200000287,2025-12-28T20:09:00Z,59.1,m_541,clothing,32.3527,-120.6832
T000039650,492900000273,2025-12-28T20:16:00Z,19.3,m_531,restaurant,31.9213,-118.6602
T000039652,488800000242,2025-12-28T20:20:00Z,25.82,m_656,electronics,34.0594,-101.1766
T000039654,456300000265,2025-12-28T20:29:00Z,104.7,m_086,cash_advance,34.1289,-122.6104
T000039655,460200000201,2025-12-28T20:32:00Z,27.05,m_797,grocery,44.3803,-78.0397
T000039656,478700000011,2025-12-28T20:37:00Z,65.82,m_403,travel,46.101,-92.8984
T000039657,454900000187,2025-12-28T20:40:00Z,9.33,m_536,cash_advance,41.7789,-110.7311
T000039659,423900000113,2025-12-28T20:42:00Z,76.37,m_202,travel,31.5093,-90.8944
T000039660,404400000000,2025-12-28T20:43:00Z,24.88,m_389,clothing,46.4714,-75.6377
T000039662,470100000147,2025-12-28T20:45:00Z,10.37,m_518,cash_advance,30.2076,-84.0407
T000039663,455200000029,2025-12-28T20:45:00Z,26.82,m_788,grocery,45.8606,-74.1348
T000039665,413300000230,2025-12-28T20:55:00Z,10.53,m_077,fuel,42.0734,-71.9831
T000039666,415300000108,2025-12-28T20:57:00Z,25.17,m_471,fuel,42.605,-111.4278
T000039669,472100000092,2025-12-28T21:19:00Z,7.82,m_647,restaurant,40.8128,-79.5845
T000039670,434500000161,2025-12-28T21:20:00Z,10.92,m_419,grocery,36.3143,-88.2282
T000039671,421700000058,2025-12-28T22:06:00Z,36.46,m_333,cash_advance,43.3212,-83.4972
T000039673,403900000062,2025-12-28T22:27:00Z,50.41,m_281,online,35.5169,-108.6921
T000039675,433100000271,2025-12-28T22:43:00Z,19.57,m_426,restaurant,42.3636,-79.1238
T000039676,413300000230,2025-12-28T22:45:00Z,13.5,m_166,cash_advance,42.7364,-72.0045
T000039677,445900000135,2025-12-28T22:50:00Z,12.36,m_694,travel,32.2029,-104.921
T000039679,421500000098,2025-12-28T23:12:00Z,4.23,m_738,health,32.9835,-122.0252
T000039680,438100000157,2025-12-28T23:25:00Z,57.97,m_585,health,28.0252,-97.3739
T000039681,452600000257,2025-12-28T23:25:00Z,28.82,m_243,grocery,28.9125,-105.2306
T000039683,420200000231,2025-12-28T23:48:00Z,12.36,m_132,health,27.8006,-115.6407
T000039684,490700000167,2025-12-28T23:49:00Z,28.29,m_310,online,31.2631,-99.4708
T000039685,452500000236,2025-12-28T23:54:00Z,7.77,m_227,entertainment,25.721,-116.4446
T000039686,408800000280,2025-12-29T00:08:00Z,49.99,m_548,electronics,45.3128,-114.227
T000039688,472500000070,2025-12-29T00:36:00Z,30.78,m_001,cash_advance,38.4666,-101.0423
T000039689,452500000236,2025-12-29T00:45:00Z,5.96,m_064,entertainment,25.0102,-116.3523
T000039691,499000000220,2025-12-29T01:02:00Z,32.57,m_273,travel,26.4883,-107.8149
T000039692,413300000061,2025-12-29T01:08:00Z,10.15,m_128,restaurant,34.4417,-81.0845
T000039693,488200000133,2025-12-29T01:08:00Z,13.87,m_511,fuel,47.6,-87.6569
T000039694,415300000169,2025-12-29T01:15:00Z,37.3,m_512,online,35.4332,-116.3562
T000039695,499000000220,2025-12-29T01:22:00Z,23.55,m_022,grocery,26.4069,-107.5213
T000039696,477200000076,2025-12-29T01:27:00Z,46.79,m_407,health,43.7437,-77.8586
T000039698,463700000291,2025-12-29T01:31:00Z,9.47,m_404,electronics,37.5385,-84.5598
T000039699,420200000231,2025-12-29T01:31:00Z,4.3,m_446,health,28.4442,-115.35
T000039701,425100000250,2025-12-29T01:48:00Z,6.9,m_112,grocery,32.452,-99.0589
T000039702,487500000214,2025-12-29T01:56:00Z,6.56,m_283,clothing,46.8257,-94.113
T000039703,496700000238,2025-12-29T02:12:00Z,36.5,m_476,travel,31.3177,-104.6529
T000039705,403300000018,2025-12-29T03:03:00Z,69.35,m_314,restaurant,30.1996,-79.0704
T000039706,483100000286,2025-12-29T03:27:00Z,47.4,m_125,fuel,35.2319,-75.1111
T000039707,434800000074,2025-12-29T03:29:00Z,11.52,m_217,online,35.2141,-110.1691
T000039708,411600000017,2025-12-29T03:52:00Z,30.38,m_528,travel,38.1481,-86.5652
T000039710,413300000230,2025-12-29T03:59:00Z,13.38,m_332,travel,41.9926,-72.5627
T000039711,488800000242,2025-12-29T04:06:00Z,20.89,m_064,electronics,34.1738,-100.3032
T000039712,491000000038,2025-12-29T04:12:00Z,46.23,m_747,travel,26.2974,-92.3266
T000039713,485700000008,2025-12-29T04:43:00Z,87.71,m_321,online,38.4141,-97.3465
T000039715,421500000098,2025-12-29T04:52:00Z,7.04,m_732,health,32.8735,-122.1703
T000039716,426800000149,2025-12-29T05:16:00Z,65.5,m_070,clothing,30.5783,-119.0982
T000039717,408800000280,2025-12-29T05:25:00Z,93.9,m_745,electronics,45.9031,-113.754
T000039719,498000000209,2025-12-29T06:06:00Z,9.43,m_512,entertainment,43.4959,-89.3397
T000039721,446600000289,2025-12-29T06:25:00Z,20.99,m_087,cash_advance,38.6457,-72.2546
T000039722,458800000284,2025-12-29T06:29:00Z,12.33,m_762,restaurant,38.8184,-95.9806
T000039723,406800000116,2025-12-29T06:31:00Z,25.07,m_352,online,45.7652,-86.274
T000039725,442200000287,2025-12-29T06:54:00Z,26.65,m_170,electronics,32.9082,-119.9613
T000039726,425100000126,2025-12-29T07:01:00Z,50.93,m_080,entertainment,46.4009,-106.9716
T000039727,490100000041,2025-12-29T07:01:00Z,12.14,m_751,grocery,35.9517,-90.4468
T000039730,440800000163,2025-12-29T07:53:00Z,23.03,m_323,health,27.245,-116.8057
T000039731,463700000291,2025-12-29T08:00:00Z,107.28,m_241,travel,42.7861,-92.4222
T000039732,494800000246,2025-12-29T08:01:00Z,64.3,m_095,entertainment,41.5782,-107.1276
T000039733,493900000199,2025-12-29T08:06:00Z,7.44,m_327,grocery,40.4138,-90.1145
T000039734,425100000126,2025-12-29T08:10:00Z,35.66,m_014,travel,46.212,-107.4273
T000039735,479800000106,2025-12-29T08:16:00Z,46.69,m_239,restaurant,28.195,-71.378
T000039736,456300000265,2025-12-29T08:18:00Z,39.92,m_613,entertainment,34.3693,-123.0583
T000039737,478800000067,2025-12-29T08:18:00Z,16.2,m_258,entertainment,47.7064,-74.2569
T000039738,452100000297,2025-12-29T08:21:00Z,27.35,m_236,health,25.8136,-84.3169
T000039739,400900000156,2025-12-29T08:28:00Z,12.62,m_103,online,44.2001,-106.1126
T000039740,400000000251,2025-12-29T08:29:00Z,14.36,m_288,entertainment,38.2454,-97.5755
T000039742,406800000116,2025-12-29T08:32:00Z,35.51,m_071,electronics,44.419,-86.0246
T000039744,421400000107,2025-12-29T08:38:00Z,24.73,m_575,fuel,39.8543,-112.2245
T000039746,413700000240,2025-12-29T08:47:00Z,13.42,m_535,online,29.8851,-117.3708
T000039747,433100000271,2025-12-29T08:47:00Z,19.1,m_204,cash_advance,42.5,-78.6986
T000039749,463700000291,2025-12-29T09:02:00Z,2.58,m_251,health,38.1245,-84.636
T000039751,456600000153,2025-12-29T09:06:00Z,118.78,m_588,travel,36.9569,-111.5697
T000039752,413700000240,2025-12-29T09:06:00Z,21.52,m_323,clothing,30.4457,-117.403
T000039754,436700000039,2025-12-29T09:12:00Z,7.19,m_530,travel,42.2013,-77.7649
T000039755,427500000040,2025-12-29T09:14:00Z,29.95,m_566,health,25.9545,-87.14
T000039756,427700000051,2025-12-29T09:14:00Z,3.32,m_652,online,30.0846,-92.5606
T000039757,413700000266,2025-12-29T09:18:00Z,25.93,m_642,online,29.5701,-116.5109
T000039758,421500000098,2025-12-29T09:29:00Z,14.94,m_092,health,31.8128,-121.8248
T000039759,471100000081,2025-12-29T09:29:00Z,6.33,m_466,travel,39.5336,-113.4158
T000039760,489200000253,2025-12-29T09:30:00Z,72.62,m_686,electronics,36.9954,-89.0557
T000039761,495400000142,2025-12-29T09:31:00Z,10.59,m_728,clothing,40.5466,-117.579
T000039762,457900000211,2025-12-29T09:32:00Z,7.28,m_119,fuel,31.2842,-105.9531
T000039763,488600000295,2025-12-29T09:32:00Z,19.25,m_276,clothing,43.4366,-100.2573
T000039764,430000000162,2025-12-29T09:33:00Z,7.48,m_584,clothing,45.3643,-90.6067
T000039766,426800000149,2025-12-29T09:41:00Z,38.53,m_490,travel,30.5445,-118.31
T000039769,482600000050,2025-12-29T09:46:00Z,18.88,m_463,health,38.066,-77.6451
T000039771,425100000126,2025-12-29T09:55:00Z,90.63,m_683,fuel,46.4805,-107.5218
T000039772,457900000211,2025-12-29T10:01:00Z,9.91,m_596,travel,31.4385,-105.619
T000039773,494800000228,2025-12-29T10:12:00Z,14.27,m_680,clothing,26.4524,-86.9464
T000039774,459900000181,2025-12-29T10:13:00Z,32.31,m_376,entertainment,28.0027,-115.7213
T000039775,484400000030,2025-12-29T10:17:00Z,24.64,m_688,grocery,28.9653,-73.7335
T000039776,488800000242,2025-12-29T10:22:00Z,6.4,m_240,grocery,33.7451,-100.9839
T000039777,425100000126,2025-12-29T10:24:00Z,101.73,m_713,grocery,46.2819,-107.6672
T000039778,406800000116,2025-12-29T10:27:00Z,41.32,m_467,travel,44.7752,-85.2746
T000039780,441600000097,2025-12-29T10:31:00Z,5.8,m_245,cash_advance,26.8184,-116.9205
T000039781,493600000274,2025-12-29T10:32:00Z,8.5,m_715,health,27.1804,-73.1499
T000039782,422200000028,2025-12-29T10:33:00Z,81.21,m_436,online,29.5633,-121.652
T000039783,497600000197,2025-12-29T10:39:00Z,10.04,m_742,clothing,45.1285,-116.7162
T000039784,473300000089,2025-12-29T10:41:00Z,12.22,m_645,restaurant,39.1795,-73.7887
T000039786,474000000094,2025-12-29T10:45:00Z,6.77,m_312,cash_advance,47.4109,-116.1738
T000039787,420200000231,2025-12-29T10:51:00Z,6.28,m_627,grocery,28.1511,-115.1331
T000039790,460200000124,2025-12-29T10:57:00Z,20.22,m_521,grocery,48.5233,-74.0416
T000039793,440200000212,2025-12-29T11:03:00Z,18.35,m_602,cash_advance,44.5281,-102.7209
T000039794,493100000068,2025-12-29T11:10:00Z,6.64,m_033,fuel,34.0527,-91.7463
T000039796,492800000125,2025-12-29T11:14:00Z,51.83,m_723,electronics,45.5786,-89.126
T000039797,472500000070,2025-12-29T11:14:00Z,17.99,m_643,grocery,38.8074,-101.2452
T000039801,435100000025,2025-12-29T11:21:00Z,11.33,m_214,cash_advance,34.1927,-101.4233
T000039802,426900000083,2025-12-29T11:22:00Z,63.27,m_369,electronics,47.2705,-83.3768
T000039803,451600000095,2025-12-29T11:23:00Z,22.11,m_714,travel,41.5524,-102.158
T000039804,478200000065,2025-12-29T11:26:00Z,99.57,m_124,clothing,34.2365,-89.6655
T000039805,472100000092,2025-12-29T11:36:00Z,9.35,m_671,online,42.3175,-80.4165
T000039806,403700000193,2025-12-29T11:37:00Z,14.29,m_436,grocery,31.9402,-102.9837
T000039807,481700000044,2025-12-29T11:37:00Z,25.55,m_140,restaurant,41.8656,-89.0487
T000039808,425400000252,2025-12-29T11:41:00Z,9.13,m_762,travel,25.2407,-122.6251
T000039810,459200000077,2025-12-29T11:48:00Z,61.31,m_427,grocery,34.7486,-106.0074
T000039811,473700000249,2025-12-29T11:56:00Z,15.8,m_511,cash_advance,36.1205,-82.7743
T000039813,454600000047,2025-12-29T12:04:00Z,25.39,m_782,clothing,43.3192,-97.3215
T000039815,483600000069,2025-12-29T12:05:00Z,16.95,m_012,fuel,27.7715,-112.5251
T000039816,454900000187,2025-12-29T12:08:00Z,11.59,m_787,travel,41.566,-111.1807
T000039817,400000000251,2025-12-29T12:08:00Z,10.16,m_527,clothing,38.763,-97.2761
T000039818,455200000029,2025-12-29T12:14:00Z,17.58,m_313,restaurant,44.8638,-74.5729
T000039820,460200000201,2025-12-29T12:16:00Z,97.62,m_785,online,44.2242,-78.634
T000039821,430300000145,2025-12-29T12:16:00Z,17.08,m_017,fuel,25.2529,-102.7064
T000039822,423300000143,2025-12-29T12:22:00Z,45.41,m_442,health,41.9264,-108.1055
T000039823,440000000190,2025-12-29T12:25:00Z,18.64,m_694,clothing,40.1709,-77.3528
T000039824,403700000193,2025-12-29T12:26:00Z,18.87,m_419,grocery,32.7774,-103.5482
T000039826,467400000299,2025-12-29T12:36:00Z,35.69,m_034,clothing,26.2338,-109.5116
T000039827,497000000034,2025-12-29T12:36:00Z,9.36,m_160,entertainment,37.1403,-121.9945
T000039830,478500000258,2025-12-29T12:52:00Z,14.19,m_149,entertainment,47.0042,-83.7643
T000039831,423800000109,2025-12-29T12:53:00Z,5.7,m_498,fuel,37.1211,-98.9889
T000039832,441600000097,2025-12-29T12:54:00Z,6.9,m_065,fuel,26.814,-117.3395
T000039833,448700000123,2025-12-29T12:57:00Z,52.53,m_628,cash_advance,41.8828,-98.4572
T000039834,496700000238,2025-12-29T13:03:00Z,4.74,m_468,restaurant,25.7237,-103.0644
T000039835,489200000253,2025-12-29T13:03:00Z,25.97,m_054,fuel,36.7322,-88.879
T000039836,413700000240,2025-12-29T13:04:00Z,9.32,m_783,restaurant,29.7658,-117.418
T000039838,461900000132,2025-12-29T13:16:00Z,20.99,m_015,clothing,39.127,-96.2943
T000039839,474000000094,2025-12-29T13:18:00Z,11.17,m_347,online,47.8848,-116.3267
T000039840,455200000029,2025-12-29T13:26:00Z,24.45,m_733,health,45.046,-73.6916
T000039842,427000000130,2025-12-29T13:27:00Z,11.0,m_737,restaurant,40.9878,-101.2265
T000039844,436700000039,2025-12-29T13:40:00Z,9.35,m_217,restaurant,42.7011,-77.8921
T000039845,471100000298,2025-12-29T13:41:00Z,31.89,m_289,travel,46.1211,-86.0539
T000039846,419200000035,2025-12-29T13:42:00Z,20.48,m_598,health,30.5973,-92.0784
T000039849,470500000205,2025-12-29T13:54:00Z,10.15,m_450,restaurant,44.1989,-119.1045
T000039850,463300000003,2025-12-29T13:55:00Z,13.27,m_375,clothing,28.7696,-71.8794
T000039851,400000000251,2025-12-29T13:57:00Z,6.67,m_177,cash_advance,38.1194,-97.7962
T000039852,448700000123,2025-12-29T14:02:00Z,72.93,m_079,travel,40.9803,-97.9408
T000039853,421700000058,2025-12-29T14:05:00Z,26.56,m_121,electronics,44.4136,-82.5479
T000039855,472500000128,2025-12-29T14:12:00Z,3.67,m_044,travel,30.3032,-119.5542
T000039857,418600000223,2025-12-29T14:17:00Z,16.6,m_204,clothing,48.9014,-78.4519
T000039858,492800000125,2025-12-29T14:20:00Z,41.61,m_150,travel,45.0068,-89.2714
T000039859,497600000197,2025-12-29T14:23:00Z,4.12,m_048,clothing,45.4967,-117.1685
T000039860,425400000252,2025-12-29T14:24:00Z,19.53,m_208,electronics,24.07,-122.3076
T000039861,492900000216,2025-12-29T14:25:00Z,9.5,m_108,fuel,34.5449,-71.1942
T000039863,496700000238,2025-12-29T14:30:00Z,11.03,m_189,cash_advance,25.7843,-102.9371
T000039864,448600000179,2025-12-29T14:32:00Z,19.27,m_515,fuel,29.9736,-109.5386
T000039865,482600000050,2025-12-29T14:34:00Z,14.45,m_318,cash_advance,38.4454,-77.6647
T000039868,440200000212,2025-12-29T15:00:00Z,33.52,m_064,grocery,45.1925,-103.1539
T000039869,423300000143,2025-12-29T15:04:00Z,24.8,m_566,online,42.4119,-107.9849
T000039870,431600000056,2025-12-29T15:20:00Z,16.52,m_764,clothing,45.7,-84.4919
T000039871,420900000275,2025-12-29T15:31:00Z,19.28,m_163,travel,29.197,-74.2273
T000039873,400900000156,2025-12-29T15:36:00Z,12.75,m_790,grocery,43.7535,-106.6421
T000039875,416600000244,2025-12-29T15:37:00Z,34.07,m_601,fuel,38.1395,-73.3689
T000039878,494800000246,2025-12-29T15:46:00Z,129.03,m_548,health,42.9426,-107.3593
T000039879,462600000282,2025-12-29T15:47:00Z,10.98,m_390,fuel,45.0443,-88.4281
T000039880,460200000124,2025-12-29T15:49:00Z,42.75,m_188,cash_advance,47.9251,-74.9927
T000039881,492300000241,2025-12-29T15:51:00Z,13.04,m_118,cash_advance,29.8551,-76.9704
T000039882,414100000007,2025-12-29T15:52:00Z,5.36,m_488,electronics,35.4015,-113.8899
T000039884,471100000081,2025-12-29T16:02:00Z,21.66,m_267,cash_advance,39.7824,-112.8388
T000039885,493600000274,2025-12-29T16:04:00Z,40.32,m_302,grocery,26.5427,-72.7967
T000039887,471100000298,2025-12-29T16:21:00Z,27.13,m_297,grocery,45.4541,-86.1226
T000039888,478800000015,2025-12-29T16:26:00Z,70.99,m_190,fuel,30.3611,-114.326
T000039890,418900000158,2025-12-29T16:35:00Z,27.91,m_410,travel,31.8455,-107.842
T000039892,489100000057,2025-12-29T16:41:00Z,15.29,m_740,cash_advance,45.5789,-73.9097
T000039893,449400000063,2025-12-29T16:43:00Z,63.7,m_601,grocery,40.9239,-74.6094
T000039894,420400000060,2025-12-29T16:44:00Z,16.89,m_464,grocery,32.6058,-72.4764
T000039896,479800000106,2025-12-29T16:55:00Z,18.73,m_008,grocery,28.2501,-72.5087
T000039897,400100000173,2025-12-29T16:55:00Z,19.64,m_012,entertainment,46.5613,-83.5908
T000039898,490100000041,2025-12-29T16:56:00Z,17.5,m_331,cash_advance,36.181,-90.8401
T000039901,404400000000,2025-12-29T17:10:00Z,18.33,m_545,entertainment,45.7113,-75.2832
T000039902,479800000106,2025-12-29T17:11:00Z,12.09,m_644,entertainment,27.7466,-71.9107
T000039904,478700000011,2025-12-29T17:13:00Z,34.7,m_073,travel,45.1644,-93.8235
T000039905,425300000079,2025-12-29T17:16:00Z,11.97,m_059,travel,35.8791,-76.009
T000039906,498000000209,2025-12-29T17:19:00Z,9.16,m_388,restaurant,43.5953,-89.6489
T000039907,432400000114,2025-12-29T17:21:00Z,25.33,m_088,cash_advance,41.3776,-73.3248
T000039908,499500000281,2025-12-29T17:28:00Z,6.39,m_270,restaurant,47.3331,-75.8761
T000039909,461500000245,2025-12-29T17:29:00Z,20.06,m_025,travel,36.805,-119.8719
T000039910,462600000282,2025-12-29T17:29:00Z,32.4,m_709,cash_advance,45.5246,-87.9291
T000039911,478500000258,2025-12-29T17:32:00Z,12.43,m_161,entertainment,47.1889,-84.3685
T000039912,480500000222,2025-12-29T17:40:00Z,61.2,m_616,electronics,28.8263,-123.3195
T000039915,413700000240,2025-12-29T17:46:00Z,15.17,m_378,restaurant,30.076,-117.4779
T000039916,485100000229,2025-12-29T17:46:00Z,35.07,m_799,electronics,31.4694,-96.0742
T000039917,483600000069,2025-12-29T17:49:00Z,27.61,m_343,grocery,27.9686,-111.8985
T000039918,425300000079,2025-12-29T17:51:00Z,7.03,m_625,fuel,36.3369,-75.4955
T000039922,471700000259,2025-12-29T18:10:00Z,34.57,m_504,travel,26.4132,-117.7794
T000039924,490700000167,2025-12-29T18:19:00Z,73.5,m_791,fuel,31.2212,-99.5312
T000039926,467400000299,2025-12-29T18:22:00Z,36.89,m_416,electronics,25.9945,-110.519
T000039927,455200000174,2025-12-29T18:27:00Z,44.69,m_790,grocery,43.0076,-108.9152
T000039928,488200000133,2025-12-29T18:30:00Z,13.99,m_051,electronics,47.3217,-87.6255
T000039930,443300000192,2025-12-29T18:35:00Z,21.99,m_331,fuel,32.2683,-119.5109
T000039931,459100000090,2025-12-29T18:37:00Z,39.2,m_173,grocery,41.74,-82.5846
T000039932,461900000132,2025-12-29T18:42:00Z,8.7,m_707,fuel,39.5636,-96.2376
T000039934,483100000286,2025-12-29T18:50:00Z,31.62,m_444,grocery,35.7905,-74.6074
T000039935,485700000008,2025-12-29T18:53:00Z,39.33,m_666,cash_advance,37.8323,-97.8287
T000039936,434800000074,2025-12-29T18:55:00Z,13.49,m_363,cash_advance,35.2543,-110.2409
T000039938,493900000290,2025-12-29T18:59:00Z,31.99,m_412,entertainment,34.5287,-73.9243
T000039940,484400000030,2025-12-29T19:04:00Z,16.22,m_449,cash_advance,28.6053,-72.8239
T000039941,468600000099,2025-12-29T19:06:00Z,7.09,m_155,cash_advance,37.9301,-73.4665
T000039943,403400000178,2025-12-29T19:11:00Z,10.92,m_453,health,27.0708,-113.3098
T000039944,475100000009,2025-12-29T19:11:00Z,38.85,m_223,cash_advance,32.9018,-78.5109
T000039945,480100000110,2025-12-29T19:14:00Z,8.54,m_182,health,43.4385,-79.1626
T000039946,460200000124,2025-12-29T19:15:00Z,30.98,m_080,travel,47.9542,-74.7089
T000039947,479800000106,2025-12-29T19:18:00Z,15.22,m_473,fuel,28.1042,-71.8245
T000039948,459900000181,2025-12-29T19:20:00Z,21.47,m_201,fuel,28.1699,-115.8309
T000039949,455200000174,2025-12-29T19:23:00Z,62.12,m_218,clothing,43.4496,-108.4597
T000039950,488800000117,2025-12-29T19:27:00Z,26.35,m_171,electronics,35.6135,-104.778
T000039951,482000000288,2025-12-29T19:30:00Z,21.17,m_401,restaurant,37.3001,-107.0521
T000039952,429200000138,2025-12-29T19:36:00Z,26.97,m_377,travel,40.8373,-86.2274
T000039959,423300000143,2025-12-29T19:50:00Z,43.02,m_317,electronics,42.2832,-108.192
T000039961,474000000094,2025-12-29T19:55:00Z,6.25,m_628,electronics,47.7245,-116.9919
T000039962,411600000017,2025-12-29T19:56:00Z,39.22,m_176,online,38.2477,-86.9475
T000039964,486600000046,2025-12-29T19:57:00Z,22.23,m_217,travel,41.4531,-96.9236
T000039965,422200000028,2025-12-29T20:06:00Z,32.6,m_162,entertainment,28.7396,-122.2657
T000039967,413700000240,2025-12-29T20:08:00Z,23.91,m_565,fuel,30.2361,-117.6122
T000039968,413800000254,2025-12-29T20:10:00Z,38.11,m_177,online,40.0514,-83.8128
T000039969,455200000029,2025-12-29T20:14:00Z,14.78,m_479,travel,44.7691,-73.8392
T000039970,472200000195,2025-12-29T20:14:00Z,93.41,m_030,entertainment,34.8979,-81.011
T000039971,486500000234,2025-12-29T20:15:00Z,18.59,m_092,electronics,39.3449,-107.6236
T000039973,412700000272,2025-12-29T20:20:00Z,51.73,m_756,restaurant,35.231,-108.0484
T000039974,412500000217,2025-12-29T20:22:00Z,32.05,m_637,cash_advance,26.0682,-112.9276
T000039975,492900000216,2025-12-29T20:25:00Z,4.06,m_543,travel,35.9507,-71.3876
T000039976,435100000025,2025-12-29T20:27:00Z,9.25,m_188,entertainment,33.9812,-101.0417
T000039977,482000000288,2025-12-29T20:31:00Z,23.46,m_546,health,36.3609,-107.0449
T000039983,438100000157,2025-12-29T20:50:00Z,70.13,m_361,online,27.5164,-97.9276
T000039984,420400000060,2025-12-29T20:51:00Z,14.86,m_143,fuel,32.22,-72.0334
T000039985,448700000123,2025-12-29T20:57:00Z,138.97,m_270,travel,41.1403,-97.5541
T000039986,494800000246,2025-12-29T20:58:00Z,53.88,m_111,electronics,42.3608,-107.1666
T000039987,462500000168,2025-12-29T21:01:00Z,10.2,m_400,electronics,29.7099,-71.3228
T000039988,467400000299,2025-12-29T21:02:00Z,38.68,m_067,restaurant,26.3316,-108.9394
T000039989,434500000161,2025-12-29T21:16:00Z,18.35,m_602,restaurant,36.333,-88.8349
T000039990,448700000123,2025-12-29T21:50:00Z,47.97,m_329,electronics,41.5531,-98.6209
T000039991,419500000045,2025-12-29T22:04:00Z,46.56,m_510,restaurant,27.0129,-77.7749
T000039996,403400000178,2025-12-29T23:13:00Z,13.47,m_179,entertainment,25.9153,-113.4363
T000039998,472100000092,2025-12-29T23:37:00Z,9.69,m_746,travel,42.1308,-79.3468
T000039999,422200000028,2025-12-29T23:50:00Z,40.27,m_703,online,29.1352,-121.6269
