entity_id,event_time,f1,f2,f3,f4,f5,f6
E0000,2026-01-01T00:00:00Z,7.3951,9.1756,9.5749,9.6861,7.352,8.9503
E0001,2026-01-01T00:00:00Z,9.0167,8.161,5.5697,8.4888,8.3852,11.6782
E0002,2026-01-01T00:00:00Z,7.2659,8.7574,7.6072,6.2476,6.8399,9.2958
E0003,2026-01-01T00:00:00Z,8.1082,10.2364,8.3368,7.9734,4.4965,10.6474
E0004,2026-01-01T00:00:00Z,8.1223,7.7222,10.5811,5.5531,7.1871,8.1318
E0005,2026-01-01T00:00:00Z,7.9037,9.7418,8.4711,7.4657,6.2668,8.7781
E0006,2026-01-01T00:00:00Z,8.4802,10.0146,7.8707,8.7646,6.1479,9.8275
E0007,2026-01-01T00:00:00Z,7.3264,8.6037,8.2608,6.6012,7.1177,9.8456
E0008,2026-01-01T00:00:00Z,8.2309,8.9995,9.4845,8.0127,5.6513,9.8221
E0009,2026-01-01T00:00:00Z,8.1423,8.4966,9.0906,6.9556,4.7763,10.6018
E0010,2026-01-01T00:00:00Z,7.3588,10.3995,9.824,8.1659,6.3579,11.8587
E0011,2026-01-01T00:00:00Z,9.67,8.9765,9.1803,6.4578,6.4104,8.4765
E0012,2026-01-01T00:00:00Z,8.5948,8.9438,7.959,6.9062,8.2555,8.7189
E0013,2026-01-01T00:00:00Z,9.1367,8.5665,9.3882,7.9908,6.5777,9.2124
E0014,2026-01-01T00:00:00Z,9.3312,9.6101,7.7399,6.4933,5.9859,9.9073
E0015,2026-01-01T00:00:00Z,7.8747,8.47,7.0153,7.3172,6.4806,6.44
E0016,2026-01-01T00:00:00Z,9.0375,10.2314,8.0744,9.1056,7.1384,9.812
E0017,2026-01-01T00:00:00Z,7.6157,8.8309,8.471,6.2125,7.6375,9.9014
E0018,2026-01-01T00:00:00Z,9.3318,10.7971,9.1584,8.8866,6.6827,9.9809
E0019,2026-01-01T00:00:00Z,7.3138,9.5324,8.5832,8.1091,5.3535,11.3088
E0020,2026-01-01T00:00:00Z,8.8057,9.0835,8.6594,6.8751,5.0201,8.3951
E0021,2026-01-01T00:00:00Z,8.2735,8.8431,7.2667,7.9723,5.0945,9.9373
E0022,2026-01-01T00:00:00Z,7.8621,9.7486,7.2633,8.3295,6.2634,8.1943
E0023,2026-01-01T00:00:00Z,8.3935,8.789,7.8531,9.2943,7.1073,11.4413
E0024,2026-01-01T00:00:00Z,8.1675,9.8614,8.3371,9.2526,8.4484,9.427
E0025,2026-01-01T00:00:00Z,8.5155,10.0221,7.4777,7.8711,6.8732,11.578
E0026,2026-01-01T00:00:00Z,8.3841,9.8345,8.4592,7.1386,5.3694,9.5586
E0027,2026-01-01T00:00:00Z,8.521,8.5509,9.102,8.3528,7.2661,10.5597
E0028,2026-01-01T00:00:00Z,7.5721,8.8354,10.4367,6.7521,4.7794,8.8456
E0029,2026-01-01T00:00:00Z,9.1021,10.6473,7.5635,7.4754,7.4091,11.6255
E0030,2026-01-01T00:00:00Z,7.7184,9.2717,9.2641,7.2468,5.6994,10.3361
E0031,2026-01-01T00:00:00Z,8.224,10.0012,8.6316,7.4344,5.9279,9.9665
E0032,2026-01-01T00:00:00Z,9.1656,9.9384,7.9853,9.1892,5.3838,11.9514
E0033,2026-01-01T00:00:00Z,9.6535,8.0708,8.8566,6.0915,6.7546,7.4047
E0034,2026-01-01T00:00:00Z,7.2854,8.1166,7.9725,7.8722,4.7004,9.5883
E0035,2026-01-01T00:00:00Z,8.7375,9.0051,7.2908,7.1788,7.5856,8.5019
E0036,2026-01-01T00:00:00Z,7.9298,8.6166,8.6867,7.0483,6.2028,6.9898
E0037,2026-01-01T00:00:00Z,7.366,8.2207,8.4735,8.2295,5.7272,10.225
E0038,2026-01-01T00:00:00Z,8.4011,12.0054,7.5957,6.4142,5.474,8.7429
E0039,2026-01-01T00:00:00Z,7.5402,9.1539,8.7829,7.9175,4.4389,7.8876
E0040,2026-01-01T00:00:00Z,8.2461,9.3235,9.0368,7.6255,7.3039,10.8729
E0041,2026-01-01T00:00:00Z,8.0375,10.0681,7.629,8.664,7.6537,6.6089
E0042,2026-01-01T00:00:00Z,8.8836,10.4617,8.761,6.7073,8.1781,11.0407
E0043,2026-01-01T00:00:00Z,8.2617,9.9588,8.2558,6.2487,6.9621,11.1257
E0044,2026-01-01T00:00:00Z,7.7418,9.1298,4.8176,6.1166,4.435,9.1361
E0045,2026-01-01T00:00:00Z,7.192,8.9904,9.4746,7.4078,7.0261,7.6417
E0046,2026-01-01T00:00:00Z,9.2588,7.8587,8.8371,8.7059,6.05,9.6313
E0047,2026-01-01T00:00:00Z,8.3131,9.7939,9.06,8.9361,5.3111,10.0549
E0048,2026-01-01T00:00:00Z,8.4602,8.1257,6.9957,9.2355,6.624,9.6876
E0049,2026-01-01T00:00:00Z,8.3378,8.7499,8.1065,6.4219,8.0603,8.4881
E0050,2026-01-01T00:00:00Z,8.9818,11.9931,8.2308,7.0983,6.6044,11.9502
E0051,2026-01-01T00:00:00Z,7.7983,8.1214,7.9786,8.164,7.0939,7.8044
E0052,2026-01-01T00:00:00Z,9.4235,8.3904,7.553,6.8527,6.5526,9.4277
E0053,2026-01-01T00:00:00Z,8.8583,8.4054,8.0458,8.0269,5.7168,10.6255
E0054,2026-01-01T00:00:00Z,8.3025,7.7752,9.2063,7.5258,4.7949,11.3541
E0055,2026-01-01T00:00:00Z,8.3176,10.4202,8.2347,7.4039,7.818,8.2637
E0056,2026-01-01T00:00:00Z,8.8281,8.0784,7.174,7.8773,6.565,10.3284
E0057,2026-01-01T00:00:00Z,7.9355,11.7467,9.6293,6.4745,7.6887,7.9792
E0058,2026-01-01T00:00:00Z,8.5788,9.2705,9.2775,6.7353,6.3919,9.8987
E0059,2026-01-01T00:00:00Z,7.4321,10.7106,9.9864,5.5803,6.4137,6.493
E0060,2026-01-01T00:00:00Z,8.4731,9.7347,8.6488,9.0797,6.8654,8.0408
E0061,2026-01-01T00:00:00Z,8.3274,8.3062,6.6304,8.5932,6.7931,10.2003
E0062,2026-01-01T00:00:00Z,5.6116,6.8457,7.9528,8.4681,5.4908,11.3588
E0063,2026-01-01T00:00:00Z,8.2954,9.2438,10.2323,7.9881,5.6948,8.0109
E0064,2026-01-01T00:00:00Z,9.1501,9.6704,7.7538,5.8113,6.3534,9.3332
E0065,2026-01-01T00:00:00Z,7.9597,8.2056,6.0211,7.8791,6.0218,10.9831
E0066,2026-01-01T00:00:00Z,7.3072,9.0263,6.9283,5.3844,5.7704,8.3098
E0067,2026-01-01T00:00:00Z,8.526,8.5122,6.8634,9.1369,6.5832,12.6122
E0068,2026-01-01T00:00:00Z,7.4745,10.9555,9.0803,8.3906,6.1174,9.0136
E0069,2026-01-01T00:00:00Z,8.455,7.5781,7.7212,6.6112,5.9622,6.8195
E0070,2026-01-01T00:00:00Z,7.1708,9.0113,9.229,8.0801,6.5196,8.9349
E0071,2026-01-01T00:00:00Z,8.0143,8.6416,9.3596,6.978,5.0757,11.5556
E0072,2026-01-01T00:00:00Z,7.6265,10.0116,8.6213,7.504,5.5722,8.2758
E0073,2026-01-01T00:00:00Z,7.577,9.7443,7.8487,8.5462,5.7121,6.3865
E0074,2026-01-01T00:00:00Z,7.4814,9.6434,10.3157,6.4529,5.9842,10.5261
E0075,2026-01-01T00:00:00Z,8.4828,9.3247,7.784,6.3689,5.2524,9.8245
E0076,2026-01-01T00:00:00Z,8.9326,7.8718,9.1379,8.3735,7.4985,10.1195
E0077,2026-01-01T00:00:00Z,7.4596,9.1125,5.6151,7.974,6.6979,9.6119
E0078,2026-01-01T00:00:00Z,7.8042,9.1275,8.073,8.2928,6.4866,11.2479
E0079,2026-01-01T00:00:00Z,7.7698,10.2541,8.0458,8.7043,6.9844,8.6101
E0080,2026-01-01T00:00:00Z,8.7352,11.0107,7.238,7.1812,6.2282,9.0127
E0081,2026-01-01T00:00:00Z,8.5672,9.9902,9.3322,6.368,6.4178,12.5617
E0082,2026-01-01T00:00:00Z,7.4168,7.0349,7.5906,6.3312,5.4458,9.76
E0083,2026-01-01T00:00:00Z,9.2652,8.6118,8.0127,7.2985,6.6108,10.4948
E0084,2026-01-01T00:00:00Z,9.229,9.4999,8.1111,9.3163,5.8898,11.499
E0085,2026-01-01T00:00:00Z,7.1868,9.8722,8.9012,7.0495,5.4993,11.91
E0086,2026-01-01T00:00:00Z,6.3439,8.8783,8.9242,6.0696,6.2773,8.5666
E0087,2026-01-01T00:00:00Z,8.6281,9.3837,10.0881,9.5768,6.8752,9.4863
E0088,2026-01-01T00:00:00Z,8.9483,9.2994,7.7702,7.2351,6.7199,8.4214
E0089,2026-01-01T00:00:00Z,8.1184,10.4204,9.9392,5.6558,6.5761,8.98
E0090,2026-01-01T00:00:00Z,8.3952,7.7556,8.287,7.9912,7.5207,10.2388
E0091,2026-01-01T00:00:00Z,9.0642,9.8984,7.2846,7.5824,5.0316,7.3825
E0092,2026-01-01T00:00:00Z,9.1842,9.9195,6.8852,9.7997,6.3159,8.2189
E0093,2026-01-01T00:00:00Z,8.4891,9.4167,9.7724,7.6988,6.6221,10.2847
E0094,2026-01-01T00:00:00Z,8.1607,9.5489,8.4507,8.1352,6.1412,8.6359
E0095,2026-01-01T00:00:00Z,8.6261,9.4207,8.7313,8.7104,6.182,11.6363
E0096,2026-01-01T00:00:00Z,8.2957,8.2092,9.7749,6.1821,4.0923,11.7948
E0097,2026-01-01T00:00:00Z,6.5507,8.9351,8.1581,7.1202,7.1531,11.1327
E0098,2026-01-01T00:00:00Z,8.2396,9.3228,9.5605,7.4941,7.7976,8.7533
E0099,2026-01-01T00:00:00Z,10.1265,7.6936,8.4557,7.5498,6.3612,8.911
E0100,2026-01-01T00:00:00Z,7.5473,7.6472,8.4775,5.887,5.8817,8.1087
E0101,2026-01-01T00:00:00Z,8.2902,8.2864,6.5123,7.3379,7.0733,9.7199
E0102,2026-01-01T00:00:00Z,6.4111,9.5986,7.3091,7.3131,5.7711,7.3603
E0103,2026-01-01T00:00:00Z,7.7299,9.1314,8.6304,6.9183,5.518,9.428
E0104,2026-01-01T00:00:00Z,7.8621,7.6003,8.1753,7.615,5.1625,8.9362
E0105,2026-01-01T00:00:00Z,7.9531,8.4295,8.3636,7.6441,4.9279,10.7551
E0106,2026-01-01T00:00:00Z,7.553,9.0791,8.3088,7.7317,6.4146,9.1798
E0107,2026-01-01T00:00:00Z,7.0395,10.2629,7.1348,7.2683,6.4912,9.0722
E0108,2026-01-01T00:00:00Z,7.3698,7.6681,10.3093,9.6767,5.6376,9.8604
E0109,2026-01-01T00:00:00Z,8.1547,7.979,9.9708,6.9122,5.9536,9.3186
E0110,2026-01-01T00:00:00Z,8.3111,7.8184,7.1814,6.5106,5.4672,8.4921
E0111,2026-01-01T00:00:00Z,6.2769,8.2227,6.572,7.6771,5.5894,11.3182
E0112,2026-01-01T00:00:00Z,9.5397,7.95,8.4491,8.9559,6.678,12.1371
E0113,2026-01-01T00:00:00Z,8.2111,8.31,7.3157,7.6319,7.2629,9.7033
E0114,2026-01-01T00:00:00Z,8.5053,10.5556,10.2251,9.3931,6.0393,6.5728
E0115,2026-01-01T00:00:00Z,9.9626,9.1849,7.1014,8.5034,6.146,8.5738
E0116,2026-01-01T00:00:00Z,8.0512,10.7886,7.9576,7.5498,5.8581,9.2466
E0117,2026-01-01T00:00:00Z,7.7773,8.3847,10.8748,8.5601,8.1757,9.7854
E0118,2026-01-01T00:00:00Z,7.257,11.3875,8.4188,8.1003,5.9511,8.4128
E0119,2026-01-01T00:00:00Z,9.1885,8.6188,11.7754,6.2724,8.1097,7.6801
E0120,2026-01-01T00:00:00Z,8.2514,8.0634,7.1284,8.5267,7.3793,12.0436
E0121,2026-01-01T00:00:00Z,8.5593,9.0505,7.6018,6.83,6.1799,8.8452
E0122,2026-01-01T00:00:00Z,8.0699,9.4678,8.6854,6.3149,7.9482,9.4529
E0123,2026-01-01T00:00:00Z,7.1017,11.1718,9.354,8.7181,4.7939,11.8773
E0124,2026-01-01T00:00:00Z,7.7956,7.9755,7.4038,6.402,6.5486,7.4088
E0125,2026-01-01T00:00:00Z,9.4864,11.09,6.7643,7.1129,6.6122,12.6043
E0126,2026-01-01T00:00:00Z,8.6522,7.7186,6.7273,7.6032,6.4762,11.7052
E0127,2026-01-01T00:00:00Z,7.344,8.2682,9.3771,7.3649,5.7273,10.1148
E0128,2026-01-01T00:00:00Z,7.8825,8.3075,8.3848,6.0039,6.7294,8.9753
E0129,2026-01-01T00:00:00Z,8.867,8.3226,9.4945,7.6391,6.2271,9.2151
E0130,2026-01-01T00:00:00Z,7.0387,8.1042,8.5219,6.3122,5.2845,9.5403
E0131,2026-01-01T00:00:00Z,8.6091,11.1945,8.8918,8.8205,7.9332,9.6649
E0132,2026-01-01T00:00:00Z,8.5056,8.4502,8.8731,7.673,6.5431,9.4287
E0133,2026-01-01T00:00:00Z,8.0213,10.59,7.6023,8.6225,8.0905,12.0795
E0134,2026-01-01T00:00:00Z,7.4962,10.0504,7.2145,5.5083,6.351,6.9787
E0135,2026-01-01T00:00:00Z,7.3645,8.8789,8.0032,8.7011,6.2861,10.7066
E0136,2026-01-01T00:00:00Z,8.4074,7.3247,7.1155,8.2273,7.3787,12.1656
E0137,2026-01-01T00:00:00Z,7.2463,7.8005,7.7857,7.4057,7.3249,9.3176
E0138,2026-01-01T00:00:00Z,7.5023,8.5616,8.6686,8.1331,6.4772,10.0281
E0139,2026-01-01T00:00:00Z,7.8999,9.5593,9.8363,8.4323,4.8923,9.2829
E0140,2026-01-01T00:00:00Z,8.6571,10.8459,9.5656,7.5404,7.5167,10.0685
E0141,2026-01-01T00:00:00Z,7.7715,10.452,8.3162,7.4022,6.7348,9.471
E0142,2026-01-01T00:00:00Z,8.8075,8.2775,8.2363,8.1039,7.3685,10.0059
E0143,2026-01-01T00:00:00Z,8.6259,6.2206,9.9674,7.704,4.6271,10.4715
E0144,2026-01-01T00:00:00Z,8.1442,8.0999,8.7525,5.4033,7.2552,8.6119
E0145,2026-01-01T00:00:00Z,7.9137,9.1385,9.0231,6.3454,4.8288,10.3842
E0146,2026-01-01T00:00:00Z,8.3905,10.4623,7.7472,6.2908,6.7353,6.7468
E0147,2026-01-01T00:00:00Z,8.1974,9.3335,8.5667,6.6583,7.6613,10.9469
E0148,2026-01-01T00:00:00Z,8.6373,9.0121,7.2461,7.7048,7.7344,9.167
E0149,2026-01-01T00:00:00Z,7.6669,7.45,10.0542,6.782,7.2106,12.2062
E0000,2026-01-02T00:00:00Z,7.8451,10.2072,8.9186,6.4847,5.9945,11.3111
E0001,2026-01-02T00:00:00Z,7.9992,10.1435,9.1745,6.8792,5.7987,10.5438
E0002,2026-01-02T00:00:00Z,6.9142,8.4494,8.0887,8.1235,7.4644,11.7839
E0003,2026-01-02T00:00:00Z,8.0315,8.3894,8.5172,7.1575,5.418,12.6649
E0004,2026-01-02T00:00:00Z,8.6862,8.8682,6.4635,6.4722,6.9786,8.0788
E0005,2026-01-02T00:00:00Z,8.2128,8.7296,8.2361,7.0668,4.6475,6.6951
E0006,2026-01-02T00:00:00Z,6.7659,9.2129,10.1797,6.8549,6.7535,10.5304
E0007,2026-01-02T00:00:00Z,8.4199,7.9451,7.7749,6.5588,6.2516,7.3334
E0008,2026-01-02T00:00:00Z,8.7646,8.9921,6.2025,7.9192,7.8991,9.2732
E0009,2026-01-02T00:00:00Z,7.8596,9.0186,8.8445,7.1906,8.0178,9.9393
E0010,2026-01-02T00:00:00Z,8.945,7.8824,8.2683,7.3128,5.4648,9.0808
E0011,2026-01-02T00:00:00Z,6.9419,7.8513,8.7151,6.9184,5.9089,8.5844
E0012,2026-01-02T00:00:00Z,8.4109,8.0459,8.5944,7.8542,4.6438,9.7821
E0013,2026-01-02T00:00:00Z,8.0155,8.7178,8.0964,8.3998,4.3565,12.5071
E0014,2026-01-02T00:00:00Z,9.1078,7.2818,8.7619,7.3824,6.5442,7.6453
E0015,2026-01-02T00:00:00Z,8.6133,8.2999,9.734,6.1963,6.8082,11.7231
E0016,2026-01-02T00:00:00Z,8.1916,9.3429,8.3613,7.233,3.9426,10.5836
E0017,2026-01-02T00:00:00Z,8.5734,9.112,10.8193,7.362,7.012,8.147
E0018,2026-01-02T00:00:00Z,8.7535,11.0313,7.5642,8.722,5.4707,5.9922
E0019,2026-01-02T00:00:00Z,9.5532,9.5071,7.9825,8.5879,6.3415,8.3994
E0020,2026-01-02T00:00:00Z,10.309,9.2934,8.9371,7.3724,5.0927,8.4906
E0021,2026-01-02T00:00:00Z,8.4936,10.3565,10.6765,7.3072,7.8197,9.2258
E0022,2026-01-02T00:00:00Z,9.6492,9.874,8.5265,6.5043,6.9352,12.5326
E0023,2026-01-02T00:00:00Z,8.0619,9.4468,8.1905,7.0805,4.5962,12.0137
E0024,2026-01-02T00:00:00Z,8.7554,10.3103,6.9222,8.922,4.9872,8.7434
E0025,2026-01-02T00:00:00Z,8.0379,8.8019,9.0383,7.3164,5.5215,9.6717
E0026,2026-01-02T00:00:00Z,8.2785,9.1094,6.8661,7.5035,7.9266,12.5964
E0027,2026-01-02T00:00:00Z,9.2803,10.1837,8.9808,6.5714,5.894,7.9561
E0028,2026-01-02T00:00:00Z,8.6998,8.5306,10.2201,8.7194,4.7138,10.9261
E0029,2026-01-02T00:00:00Z,7.9138,9.2853,9.2425,7.4027,5.7446,9.8947
E0030,2026-01-02T00:00:00Z,8.5061,8.1865,7.782,6.4782,5.8283,12.4874
E0031,2026-01-02T00:00:00Z,9.1663,7.9215,7.993,7.7532,7.729,10.7431
E0032,2026-01-02T00:00:00Z,8.6307,9.0435,8.4429,7.1899,4.9847,11.2191
E0033,2026-01-02T00:00:00Z,6.8394,8.7605,8.6177,7.4485,6.2573,12.4632
E0034,2026-01-02T00:00:00Z,8.3568,9.3142,6.5182,6.4566,5.3314,9.409
E0035,2026-01-02T00:00:00Z,8.8107,11.3204,8.9405,8.4468,4.6399,12.3904
E0036,2026-01-02T00:00:00Z,8.6256,9.8815,9.1923,9.4248,7.002,10.0411
E0037,2026-01-02T00:00:00Z,7.9691,9.7322,8.2316,7.2908,6.56,13.596
E0038,2026-01-02T00:00:00Z,9.3817,9.405,7.9057,7.7222,7.5086,11.9387
E0039,2026-01-02T00:00:00Z,8.4945,9.1305,8.5459,6.5533,6.2349,6.1497
E0040,2026-01-02T00:00:00Z,7.8109,11.5637,8.3553,7.5451,7.8291,6.8766
E0041,2026-01-02T00:00:00Z,8.7522,10.3985,9.2627,7.6906,7.143,10.2183
E0042,2026-01-02T00:00:00Z,8.3595,9.8767,8.6254,8.2332,5.5912,11.3119
E0043,2026-01-02T00:00:00Z,7.8565,8.9724,7.6885,8.2607,7.293,8.6618
E0044,2026-01-02T00:00:00Z,8.3315,9.1087,9.8527,7.8768,8.2834,10.2202
E0045,2026-01-02T00:00:00Z,8.0205,8.5519,6.9536,8.3639,7.774,9.0886
E0046,2026-01-02T00:00:00Z,8.4071,11.4432,8.4307,7.3826,6.4974,9.6675
E0047,2026-01-02T00:00:00Z,8.9615,7.9859,9.7378,6.0073,6.3271,10.4079
E0048,2026-01-02T00:00:00Z,7.96,9.9368,7.597,7.8053,6.8916,11.5507
E0049,2026-01-02T00:00:00Z,6.9942,11.6405,7.1386,7.4132,5.6471,9.7424
E0050,2026-01-02T00:00:00Z,8.5051,9.8552,7.0236,7.1047,7.4086,10.9887
E0051,2026-01-02T00:00:00Z,9.5043,8.7372,9.3807,6.6378,6.7583,11.7563
E0052,2026-01-02T00:00:00Z,7.3974,8.4736,6.5349,6.4237,5.0733,9.0239
E0053,2026-01-02T00:00:00Z,8.6405,10.0977,9.169,7.0147,6.1486,7.7344
E0054,2026-01-02T00:00:00Z,8.7269,10.4977,10.4015,6.4562,7.1781,11.8186
E0055,2026-01-02T00:00:00Z,7.8704,9.3053,8.2129,6.4577,6.3423,10.8835
E0056,2026-01-02T00:00:00Z,9.1894,8.4452,6.7704,6.7088,6.7386,9.6655
E0057,2026-01-02T00:00:00Z,7.7396,8.4157,11.4086,7.9371,5.249,6.3732
E0058,2026-01-02T00:00:00Z,9.099,9.2636,8.606,7.3595,5.7606,9.1021
E0059,2026-01-02T00:00:00Z,8.0156,9.6833,7.5811,6.1079,6.2442,10.8423
E0060,2026-01-02T00:00:00Z,9.2718,8.9422,8.1753,7.6992,5.1612,9.9601
E0061,2026-01-02T00:00:00Z,9.2325,8.3307,8.5977,6.0224,7.6726,9.9884
E0062,2026-01-02T00:00:00Z,7.88,6.8549,6.3277,8.9605,7.1593,12.7733
E0063,2026-01-02T00:00:00Z,7.5851,7.9546,9.7534,8.758,7.0923,8.6934
E0064,2026-01-02T00:00:00Z,7.3759,8.1094,7.931,7.6992,6.2092,9.527
E0065,2026-01-02T00:00:00Z,8.5725,9.6499,9.6925,8.4537,7.7363,8.4649
E0066,2026-01-02T00:00:00Z,8.4328,8.2626,7.2345,8.422,6.8951,7.8541
E0067,2026-01-02T00:00:00Z,8.8727,8.0632,8.8407,8.435,4.2408,10.2874
E0068,2026-01-02T00:00:00Z,8.4401,9.1711,8.1984,7.5513,5.2896,10.0328
E0069,2026-01-02T00:00:00Z,8.9331,8.477,7.385,8.6892,4.5734,8.9496
E0070,2026-01-02T00:00:00Z,7.9188,8.3886,9.3044,8.3673,5.7548,10.0613
E0071,2026-01-02T00:00:00Z,7.6901,9.9589,9.0649,6.2357,6.2307,10.8891
E0072,2026-01-02T00:00:00Z,7.5505,9.266,7.4825,6.655,6.3589,8.9254
E0073,2026-01-02T00:00:00Z,7.6986,11.9869,7.192,7.9762,7.3339,11.5524
E0074,2026-01-02T00:00:00Z,8.2203,7.3483,9.7275,8.2658,5.6763,4.6182
E0075,2026-01-02T00:00:00Z,7.9718,8.8815,8.5075,8.047,5.9516,8.5205
E0076,2026-01-02T00:00:00Z,8.2943,7.5595,10.6382,7.2322,4.5197,8.948
E0077,2026-01-02T00:00:00Z,8.0323,9.7559,10.3805,8.2016,4.9551,12.0949
E0078,2026-01-02T00:00:00Z,7.8332,7.8525,9.584,8.5225,6.7881,9.3284
E0079,2026-01-02T00:00:00Z,9.1327,10.118,9.5031,7.7097,6.4524,14.3263
E0080,2026-01-02T00:00:00Z,9.9781,8.7211,8.4784,7.1584,6.7502,8.2738
E0081,2026-01-02T00:00:00Z,8.4937,8.9474,10.6687,8.8506,5.4617,13.288
E0082,2026-01-02T00:00:00Z,8.2092,9.062,9.5155,7.3121,6.5521,12.6935
E0083,2026-01-02T00:00:00Z,8.6046,10.0035,8.4402,7.8287,5.7587,8.8651
E0084,2026-01-02T00:00:00Z,7.2619,9.2629,11.272,8.2531,6.5383,9.196
E0085,2026-01-02T00:00:00Z,8.6442,10.0981,7.4986,7.8793,5.4198,12.6766
E0086,2026-01-02T00:00:00Z,8.0457,9.2242,8.9689,8.2304,5.6048,6.1076
E0087,2026-01-02T00:00:00Z,8.9144,9.0356,8.356,8.2385,4.5765,6.8986
E0088,2026-01-02T00:00:00Z,7.5897,9.3211,7.8462,6.1881,6.2979,7.3868
E0089,2026-01-02T00:00:00Z,8.5467,11.0199,8.2107,7.8511,5.5803,10.5198
E0090,2026-01-02T00:00:00Z,7.7021,8.8654,7.7265,7.8294,6.5763,8.3467
E0091,2026-01-02T00:00:00Z,8.418,9.859,8.4739,8.0472,4.982,10.053
E0092,2026-01-02T00:00:00Z,8.9138,9.4552,8.4496,6.3708,5.2069,9.1829
E0093,2026-01-02T00:00:00Z,7.1222,7.3875,7.768,6.0326,6.6994,6.7128
E0094,2026-01-02T00:00:00Z,8.3264,8.8702,7.7352,7.7031,7.4432,10.3042
E0095,2026-01-02T00:00:00Z,6.6409,8.6956,8.9504,6.5499,7.7462,8.3465
E0096,2026-01-02T00:00:00Z,7.6345,8.1525,8.493,8.4044,4.7039,9.9709
E0097,2026-01-02T00:00:00Z,8.5772,9.0815,8.1803,6.9555,6.9246,7.9552
E0098,2026-01-02T00:00:00Z,7.4583,10.3065,7.6753,7.9551,6.4266,9.0108
E0099,2026-01-02T00:00:00Z,7.2142,5.4329,8.4982,6.2403,7.7207,8.1147
E0100,2026-01-02T00:00:00Z,8.16,8.3835,8.5168,7.8792,8.0224,10.1486
E0101,2026-01-02T00:00:00Z,8.6781,8.7604,8.6465,6.4912,5.0109,11.5942
E0102,2026-01-02T00:00:00Z,7.7471,8.8359,6.4607,6.1226,7.2839,7.7884
E0103,2026-01-02T00:00:00Z,7.7576,7.1462,8.7289,5.445,6.295,10.1153
E0104,2026-01-02T00:00:00Z,8.0275,10.0173,7.8589,10.1744,5.444,8.1658
E0105,2026-01-02T00:00:00Z,7.328,8.616,8.2368,8.3406,6.4135,8.8518
E0106,2026-01-02T00:00:00Z,7.4929,10.4564,7.6019,8.3714,8.217,10.0583
E0107,2026-01-02T00:00:00Z,7.6886,8.9814,7.9198,7.2649,7.3628,9.5036
E0108,2026-01-02T00:00:00Z,8.7366,9.5094,10.1259,10.0599,6.5466,7.7023
E0109,2026-01-02T00:00:00Z,8.6769,10.8078,9.203,6.7848,4.9596,12.0147
E0110,2026-01-02T00:00:00Z,7.6413,9.3658,7.2389,8.5298,5.8242,11.1863
E0111,2026-01-02T00:00:00Z,8.2973,8.694,7.7861,8.1955,6.6019,8.6363
E0112,2026-01-02T00:00:00Z,9.3304,9.0269,6.2235,7.4902,7.2178,10.5192
E0113,2026-01-02T00:00:00Z,8.5744,9.9919,7.9896,7.359,6.796,10.452
E0114,2026-01-02T00:00:00Z,8.1147,8.7629,7.5816,9.0569,5.823,9.676
E0115,2026-01-02T00:00:00Z,8.0023,6.5372,8.6665,6.5425,6.3389,9.0983
E0116,2026-01-02T00:00:00Z,8.6657,9.6209,9.8039,9.2925,8.6469,9.2004
E0117,2026-01-02T00:00:00Z,7.7978,7.5766,8.231,7.992,5.7117,10.0486
E0118,2026-01-02T00:00:00Z,8.9543,9.2484,8.7264,7.0635,7.9088,8.152
E0119,2026-01-02T00:00:00Z,7.4096,10.4955,8.4985,8.9397,6.9606,9.4411
E0120,2026-01-02T00:00:00Z,6.9058,10.1144,8.5998,6.9603,6.6805,10.732
E0121,2026-01-02T00:00:00Z,8.4622,9.6733,9.3001,6.9088,6.8053,8.5617
E0122,2026-01-02T00:00:00Z,6.9351,9.6498,7.4988,6.953,5.6289,8.6183
E0123,2026-01-02T00:00:00Z,8.6123,7.7252,8.8016,7.4019,6.9994,9.231
E0124,2026-01-02T00:00:00Z,8.8385,9.0575,9.6801,5.5643,6.5487,10.7094
E0125,2026-01-02T00:00:00Z,9.0298,10.2983,8.8286,7.9514,5.7257,8.5071
E0126,2026-01-02T00:00:00Z,8.7402,7.4075,9.6463,9.5026,5.7853,9.2635
E0127,2026-01-02T00:00:00Z,8.7596,8.5526,8.8971,9.8755,5.8635,9.9795
E0128,2026-01-02T00:00:00Z,7.9733,8.403,7.7502,7.3837,6.563,10.5513
E0129,2026-01-02T00:00:00Z,9.2066,7.6449,7.5137,7.2737,7.2082,10.4379
E0130,2026-01-02T00:00:00Z,7.7639,7.0584,8.3222,8.8065,4.9319,9.8633
E0131,2026-01-02T00:00:00Z,8.1573,11.4163,8.8808,8.9829,7.7009,7.6471
E0132,2026-01-02T00:00:00Z,8.2914,10.2204,8.0426,7.0394,6.1422,8.5223
E0133,2026-01-02T00:00:00Z,8.8738,8.9908,7.0021,8.3512,6.4312,9.927
E0134,2026-01-02T00:00:00Z,7.9636,9.3608,10.5022,8.1038,8.2113,8.9936
E0135,2026-01-02T00:00:00Z,7.8491,7.8912,8.3878,7.2579,6.3563,11.8602
E0136,2026-01-02T00:00:00Z,8.1918,9.2617,9.5417,7.7777,7.9384,9.6665
E0137,2026-01-02T00:00:00Z,8.347,10.3195,7.9864,7.6589,6.3482,7.3061
E0138,2026-01-02T00:00:00Z,7.7036,10.0436,8.3223,8.5329,6.4394,12.3023
E0139,2026-01-02T00:00:00Z,8.7781,8.9155,6.3688,8.463,6.3457,11.2909
E0140,2026-01-02T00:00:00Z,7.8465,10.6911,10.4448,7.0457,6.8278,8.6423
E0141,2026-01-02T00:00:00Z,7.7736,7.2646,9.0361,7.944,4.8616,9.1726
E0142,2026-01-02T00:00:00Z,8.4601,11.4013,8.082,7.7973,6.0892,8.7084
E0143,2026-01-02T00:00:00Z,7.766,9.4389,5.0028,9.7173,6.8071,9.2943
E0144,2026-01-02T00:00:00Z,8.3559,8.195,6.8313,7.6624,6.217,11.3873
E0145,2026-01-02T00:00:00Z,8.5375,9.3297,8.8783,7.8066,5.1703,9.4437
E0146,2026-01-02T00:00:00Z,8.2829,8.6527,8.2808,7.7819,7.1132,10.0312
E0147,2026-01-02T00:00:00Z,7.4278,8.9653,7.4614,6.1858,5.782,10.5789
E0148,2026-01-02T00:00:00Z,8.1676,9.9784,8.4086,8.0274,6.2149,10.6969
E0149,2026-01-02T00:00:00Z,8.888,9.3471,8.3403,7.7044,6.6912,8.0598
E0000,2026-01-03T00:00:00Z,8.3413,10.4051,7.9711,6.3431,7.579,8.4555
E0001,2026-01-03T00:00:00Z,10.0286,7.4913,8.3009,6.6179,5.7145,8.5133
E0002,2026-01-03T00:00:00Z,9.5434,7.6845,8.9125,7.9629,6.6501,10.6567
E0003,2026-01-03T00:00:00Z,8.8959,6.8065,8.6676,6.8677,8.714,9.7101
E0004,2026-01-03T00:00:00Z,8.2231,9.6314,7.7104,8.5803,5.1943,7.3852
E0005,2026-01-03T00:00:00Z,8.1299,7.7038,8.5124,8.1853,6.3154,8.9492
E0006,2026-01-03T00:00:00Z,7.7728,8.5033,8.4241,8.5203,4.582,8.9122
E0007,2026-01-03T00:00:00Z,7.5458,10.24,8.1591,5.1332,6.6042,9.4307
E0008,2026-01-03T00:00:00Z,9.4201,6.0169,8.0991,7.9874,8.0773,12.1627
E0009,2026-01-03T00:00:00Z,7.2679,7.9394,8.4673,6.5601,6.8303,10.5796
E0010,2026-01-03T00:00:00Z,9.5239,8.5794,7.8737,8.4601,6.7904,9.3816
E0011,2026-01-03T00:00:00Z,8.3371,10.4776,8.8342,7.9464,6.7403,7.5657
E0012,2026-01-03T00:00:00Z,8.7993,8.1191,7.3385,8.7453,7.024,8.6219
E0013,2026-01-03T00:00:00Z,7.2725,9.7457,6.3942,7.6253,3.2499,9.8589
E0014,2026-01-03T00:00:00Z,8.3878,9.2638,7.0228,7.1349,6.8946,7.3436
E0015,2026-01-03T00:00:00Z,8.0405,8.8242,10.1183,6.2194,5.6934,7.9543
E0016,2026-01-03T00:00:00Z,6.7172,10.0444,6.8912,5.7315,5.5693,11.818
E0017,2026-01-03T00:00:00Z,9.2162,8.8903,9.9102,6.9129,6.3384,9.2316
E0018,2026-01-03T00:00:00Z,7.3301,11.4903,8.8688,7.0168,4.5375,9.6867
E0019,2026-01-03T00:00:00Z,8.5923,7.3526,6.4265,8.6551,6.5552,9.8553
E0020,2026-01-03T00:00:00Z,9.8181,9.0784,8.1365,7.572,6.8045,9.2765
E0021,2026-01-03T00:00:00Z,8.2942,8.7477,8.968,5.8861,5.1948,11.0949
E0022,2026-01-03T00:00:00Z,8.5182,8.4443,7.9407,6.6507,4.8132,9.9985
E0023,2026-01-03T00:00:00Z,8.4373,9.2662,10.3514,7.4932,4.5971,8.3052
E0024,2026-01-03T00:00:00Z,7.7826,8.6988,9.2136,8.4562,5.5982,8.5047
E0025,2026-01-03T00:00:00Z,9.294,9.0566,8.1973,7.8546,6.3035,8.8698
E0026,2026-01-03T00:00:00Z,9.0489,8.3326,10.239,8.4236,6.0988,7.9803
E0027,2026-01-03T00:00:00Z,8.3127,9.1306,9.4906,8.6442,7.2147,7.0865
E0028,2026-01-03T00:00:00Z,8.0731,9.2617,7.906,8.7615,5.3767,10.5033
E0029,2026-01-03T00:00:00Z,8.9764,9.3569,8.016,7.2921,5.5643,8.7274
E0030,2026-01-03T00:00:00Z,8.2729,9.354,8.1253,8.2262,6.4667,9.6145
E0031,2026-01-03T00:00:00Z,9.0564,9.5247,9.6601,7.9183,8.6706,13.1698
E0032,2026-01-03T00:00:00Z,8.8637,8.9159,6.5433,6.8486,6.264,11.042
E0033,2026-01-03T00:00:00Z,8.9032,7.7364,8.1215,7.6098,7.419,6.084
E0034,2026-01-03T00:00:00Z,7.7992,9.1331,8.6153,7.6583,6.2204,8.3115
E0035,2026-01-03T00:00:00Z,6.9406,6.4498,7.7435,7.7327,7.2333,10.8704
E0036,2026-01-03T00:00:00Z,8.4464,9.4948,7.7614,8.5125,6.2196,8.6271
E0037,2026-01-03T00:00:00Z,9.205,7.8706,8.1455,8.6191,7.5825,8.4726
E0038,2026-01-03T00:00:00Z,8.2918,9.6766,7.4751,8.339,6.8778,8.9387
E0039,2026-01-03T00:00:00Z,8.6287,6.7568,8.0766,6.5204,7.4479,9.9939
E0040,2026-01-03T00:00:00Z,7.0033,9.1699,9.9388,8.6705,6.4277,9.3508
E0041,2026-01-03T00:00:00Z,9.0999,10.5384,7.975,7.2945,5.5909,12.3135
E0042,2026-01-03T00:00:00Z,8.7181,8.9713,7.2804,8.469,6.299,12.2062
E0043,2026-01-03T00:00:00Z,7.0439,8.0141,8.7658,7.9957,6.9936,10.2745
E0044,2026-01-03T00:00:00Z,8.4508,9.2585,10.8902,7.3993,6.8061,11.8914
E0045,2026-01-03T00:00:00Z,8.1831,7.5302,7.3033,7.8684,5.2838,10.4291
E0046,2026-01-03T00:00:00Z,9.3111,9.3662,8.8101,8.3803,6.5573,9.7456
E0047,2026-01-03T00:00:00Z,9.3654,9.539,7.2295,6.6342,5.8614,6.0107
E0048,2026-01-03T00:00:00Z,7.8337,9.751,8.7886,8.1177,6.606,9.0475
E0049,2026-01-03T00:00:00Z,7.9875,7.6769,8.4004,7.2656,5.8664,11.007
E0050,2026-01-03T00:00:00Z,8.3529,10.7004,8.9498,8.1769,5.8953,12.4287
E0051,2026-01-03T00:00:00Z,7.3229,9.5148,8.398,8.4971,6.5079,10.0842
E0052,2026-01-03T00:00:00Z,7.7908,9.6535,9.3703,5.7303,5.4352,10.1488
E0053,2026-01-03T00:00:00Z,8.9371,7.9785,8.914,6.4964,5.4037,8.9888
E0054,2026-01-03T00:00:00Z,7.9064,8.9839,8.6376,7.6088,6.2167,9.5634
E0055,2026-01-03T00:00:00Z,8.4487,9.8614,9.5634,7.517,5.0504,8.788
E0056,2026-01-03T00:00:00Z,9.1177,9.5008,9.0718,6.1244,6.7158,8.9407
E0057,2026-01-03T00:00:00Z,7.1847,9.2372,8.5603,7.307,8.1351,7.4341
E0058,2026-01-03T00:00:00Z,8.028,10.0843,9.2895,7.8908,6.0619,10.9866
E0059,2026-01-03T00:00:00Z,8.5077,8.3728,7.9516,6.3043,6.6283,10.1939
E0060,2026-01-03T00:00:00Z,7.8741,9.0117,9.3303,6.7042,6.2819,8.8461
E0061,2026-01-03T00:00:00Z,7.4364,10.0032,8.2357,6.9575,6.0168,12.1736
E0062,2026-01-03T00:00:00Z,7.7437,9.3862,10.022,8.6942,4.9736,9.753
E0063,2026-01-03T00:00:00Z,8.7881,9.5822,8.2975,7.1802,6.2767,11.7353
E0064,2026-01-03T00:00:00Z,7.8939,10.1907,9.0536,7.5537,7.0483,9.2138
E0065,2026-01-03T00:00:00Z,8.0009,9.8353,9.6023,6.8744,5.6372,10.3695
E0066,2026-01-03T00:00:00Z,9.0499,8.7569,9.1853,4.6962,5.663,10.9505
E0067,2026-01-03T00:00:00Z,8.291,6.9072,8.8997,7.4043,6.6718,2.9995
E0068,2026-01-03T00:00:00Z,8.5364,9.5582,5.7636,5.534,5.4882,9.2829
E0069,2026-01-03T00:00:00Z,7.8753,9.4204,8.5962,8.0466,6.0355,10.5607
E0070,2026-01-03T00:00:00Z,7.8668,8.5487,9.0566,6.4343,5.8951,11.2372
E0071,2026-01-03T00:00:00Z,7.8828,9.1667,7.219,7.9819,5.7442,9.769
E0072,2026-01-03T00:00:00Z,9.6818,10.3925,7.2645,9.3038,5.9659,9.6775
E0073,2026-01-03T00:00:00Z,7.6194,8.1316,8.2565,8.8671,6.0814,8.1575
E0074,2026-01-03T00:00:00Z,8.1667,9.0772,8.9214,10.722,8.0884,10.5866
E0075,2026-01-03T00:00:00Z,7.6157,10.4178,8.8921,8.2266,5.7895,7.3337
E0076,2026-01-03T00:00:00Z,7.6316,6.8232,8.0494,7.517,6.0136,11.2717
E0077,2026-01-03T00:00:00Z,8.9063,11.7769,9.1147,7.3516,6.3808,11.347
E0078,2026-01-03T00:00:00Z,8.9528,10.3449,7.821,6.5613,7.4274,8.3411
E0079,2026-01-03T00:00:00Z,8.5058,8.1067,8.8781,6.7825,6.4242,10.9744
E0080,2026-01-03T00:00:00Z,9.6785,8.599,8.6284,6.659,5.5763,11.047
E0081,2026-01-03T00:00:00Z,8.9063,8.4086,8.0869,6.1079,5.6124,7.9917
E0082,2026-01-03T00:00:00Z,7.2927,9.2117,7.2411,6.0518,6.262,10.8942
E0083,2026-01-03T00:00:00Z,8.1178,9.0632,7.1879,7.7692,8.9471,7.5682
E0084,2026-01-03T00:00:00Z,8.2298,9.0017,8.2562,7.2793,6.4887,9.1401
E0085,2026-01-03T00:00:00Z,8.8135,10.8648,9.9545,8.3798,7.0342,9.6648
E0086,2026-01-03T00:00:00Z,8.4086,9.1926,7.1121,9.0347,5.7654,8.9763
E0087,2026-01-03T00:00:00Z,7.811,9.6983,9.4385,9.1532,5.5475,12.1243
E0088,2026-01-03T00:00:00Z,9.6994,6.821,6.5991,7.7465,7.083,10.0053
E0089,2026-01-03T00:00:00Z,9.1812,9.0061,7.7526,8.2646,5.6509,8.1572
E0090,2026-01-03T00:00:00Z,8.3746,9.4604,9.1793,7.0793,7.2227,9.6998
E0091,2026-01-03T00:00:00Z,8.2237,9.6706,8.8208,6.8674,7.0725,8.6302
E0092,2026-01-03T00:00:00Z,7.9261,9.3131,8.1206,7.0621,6.0337,9.6054
E0093,2026-01-03T00:00:00Z,7.8842,9.2622,9.7141,8.7961,7.4972,9.8794
E0094,2026-01-03T00:00:00Z,7.6402,11.8933,9.5559,6.9165,5.2425,10.7913
E0095,2026-01-03T00:00:00Z,7.509,9.8475,8.0506,8.1258,6.3119,13.348
E0096,2026-01-03T00:00:00Z,8.945,5.9007,9.8503,7.4191,6.353,9.6808
E0097,2026-01-03T00:00:00Z,7.5747,10.0416,9.5739,6.1891,6.6013,8.5656
E0098,2026-01-03T00:00:00Z,8.7648,10.2337,8.8871,7.7966,6.503,8.8693
E0099,2026-01-03T00:00:00Z,7.8817,9.7598,9.2546,7.179,6.2706,9.964
E0100,2026-01-03T00:00:00Z,8.1643,8.8578,7.397,7.6266,6.3575,10.7202
E0101,2026-01-03T00:00:00Z,7.9015,9.6112,9.451,7.9739,5.665,11.4963
E0102,2026-01-03T00:00:00Z,7.6052,8.4907,7.2647,8.7329,5.3663,10.3173
E0103,2026-01-03T00:00:00Z,9.4734,9.6448,7.1802,7.4659,7.4626,9.5587
E0104,2026-01-03T00:00:00Z,10.2747,8.2524,8.7303,8.3697,6.1261,10.2833
E0105,2026-01-03T00:00:00Z,7.9732,7.3472,6.7865,6.6108,5.2348,10.3327
E0106,2026-01-03T00:00:00Z,9.6417,8.4711,9.2594,7.6013,7.2422,5.7593
E0107,2026-01-03T00:00:00Z,8.9964,7.6909,7.8907,5.6134,7.4737,11.6617
E0108,2026-01-03T00:00:00Z,7.7448,8.789,7.8496,6.471,6.4613,10.6633
E0109,2026-01-03T00:00:00Z,7.9462,6.5928,9.1968,7.207,5.884,8.2558
E0110,2026-01-03T00:00:00Z,7.2466,7.866,7.4254,8.8908,5.0208,8.5946
E0111,2026-01-03T00:00:00Z,8.1472,8.8266,9.4203,7.4842,6.5964,8.883
E0112,2026-01-03T00:00:00Z,9.5865,8.2,7.0155,7.5529,7.4709,9.157
E0113,2026-01-03T00:00:00Z,8.6887,9.2302,8.0625,7.5198,4.6579,8.6887
E0114,2026-01-03T00:00:00Z,8.4865,9.8462,9.1172,7.4393,5.9579,9.8489
E0115,2026-01-03T00:00:00Z,8.8027,9.0124,8.8872,7.0302,5.4756,10.4905
E0116,2026-01-03T00:00:00Z,9.2095,6.8644,8.7123,7.3574,5.9981,7.5201
E0117,2026-01-03T00:00:00Z,8.1365,9.9463,8.7891,8.7044,7.1066,10.0919
E0118,2026-01-03T00:00:00Z,9.0935,7.6395,6.7335,6.6456,5.8793,10.0111
E0119,2026-01-03T00:00:00Z,8.7755,9.7311,8.2989,7.5044,5.113,10.3049
E0120,2026-01-03T00:00:00Z,7.7072,10.5832,7.4003,8.677,7.5529,10.7791
E0121,2026-01-03T00:00:00Z,9.0317,7.4871,9.0071,7.8084,5.3181,10.9714
E0122,2026-01-03T00:00:00Z,7.2525,8.2089,9.0161,6.8185,5.8389,10.133
E0123,2026-01-03T00:00:00Z,8.0243,7.9596,8.8829,9.1231,6.6537,10.795
E0124,2026-01-03T00:00:00Z,8.2573,8.637,8.0498,7.8088,6.803,9.8501
E0125,2026-01-03T00:00:00Z,7.9854,8.2558,7.532,9.8092,6.4573,6.5582
E0126,2026-01-03T00:00:00Z,8.6202,8.2157,6.1402,7.063,6.0767,10.8062
E0127,2026-01-03T00:00:00Z,7.9986,9.8911,8.5589,8.0505,5.8296,7.3612
E0128,2026-01-03T00:00:00Z,9.0596,10.6132,8.2058,8.09,4.9126,9.2783
E0129,2026-01-03T00:00:00Z,8.552,7.2413,7.4916,8.9359,6.65,8.0827
E0130,2026-01-03T00:00:00Z,8.3117,8.1572,8.4288,9.0881,6.1828,7.5565
E0131,2026-01-03T00:00:00Z,8.544,8.3497,7.6475,7.9381,6.2906,10.5448
E0132,2026-01-03T00:00:00Z,8.8447,9.3466,8.3032,7.8624,7.1513,10.9932
E0133,2026-01-03T00:00:00Z,7.6012,8.9275,11.0496,6.8897,4.6793,11.7532
E0134,2026-01-03T00:00:00Z,8.1368,10.862,8.107,9.2332,6.3646,8.1059
E0135,2026-01-03T00:00:00Z,8.7433,10.207,9.8457,7.8547,7.1464,7.9555
E0136,2026-01-03T00:00:00Z,9.3043,6.212,9.3911,6.7532,5.2933,10.8388
E0137,2026-01-03T00:00:00Z,8.1738,8.4696,8.5392,8.949,6.7628,11.9878
E0138,2026-01-03T00:00:00Z,7.5714,7.8897,9.5946,8.3431,5.5232,12.1197
E0139,2026-01-03T00:00:00Z,9.1361,8.9374,8.2751,7.9139,6.8879,8.8958
E0140,2026-01-03T00:00:00Z,8.5398,10.034,7.75,7.8769,5.3006,6.7759
E0141,2026-01-03T00:00:00Z,7.1404,7.9473,7.8053,7.5362,6.3157,9.7535
E0142,2026-01-03T00:00:00Z,8.306,9.3809,8.9066,6.8373,6.4115,9.9864
E0143,2026-01-03T00:00:00Z,9.6407,9.5553,10.443,9.4899,5.7588,8.4926
E0144,2026-01-03T00:00:00Z,8.3425,9.0785,7.7423,7.9765,5.8507,7.2968
E0145,2026-01-03T00:00:00Z,7.5407,7.8859,9.4848,5.6545,5.6002,11.1315
E0146,2026-01-03T00:00:00Z,7.9001,8.5272,7.0132,8.3786,6.723,10.1907
E0147,2026-01-03T00:00:00Z,8.7783,8.7379,6.6199,7.2641,6.849,10.8998
E0148,2026-01-03T00:00:00Z,8.4894,9.0011,9.7235,5.836,7.5874,9.6815
E0149,2026-01-03T00:00:00Z,8.7784,9.6834,10.2939,6.2194,5.8591,10.3856
E0000,2026-01-04T00:00:00Z,9.2073,9.0568,9.6448,7.1009,6.0661,10.0283
E0001,2026-01-04T00:00:00Z,8.192,7.8382,10.0638,7.4921,4.6726,8.1078
E0002,2026-01-04T00:00:00Z,8.9269,9.1225,11.0012,8.0573,5.4723,3.7654
E0003,2026-01-04T00:00:00Z,8.8378,9.0585,7.8873,6.3166,5.6824,8.5693
E0004,2026-01-04T00:00:00Z,9.051,9.8889,7.831,7.3724,5.1407,8.5162
E0005,2026-01-04T00:00:00Z,9.1882,8.6196,7.5036,7.0712,5.2853,7.5677
E0006,2026-01-04T00:00:00Z,8.9945,8.398,9.6208,7.8581,5.9529,9.3833
E0007,2026-01-04T00:00:00Z,8.7987,7.4793,10.1826,7.1105,5.4281,11.8512
E0008,2026-01-04T00:00:00Z,8.9839,8.2995,7.9493,6.6608,6.0167,8.2644
E0009,2026-01-04T00:00:00Z,7.7497,9.9758,9.9717,8.2893,7.7109,10.8378
E0010,2026-01-04T00:00:00Z,7.0736,9.551,7.9149,7.7813,7.8545,8.5187
E0011,2026-01-04T00:00:00Z,9.3723,8.3791,8.0022,9.2714,6.2483,10.5346
E0012,2026-01-04T00:00:00Z,8.4498,11.0161,8.8346,8.2586,5.2892,11.5439
E0013,2026-01-04T00:00:00Z,7.43,10.0034,8.9869,8.2903,6.5638,7.3343
E0014,2026-01-04T00:00:00Z,9.0039,7.842,9.0107,8.4479,6.2701,8.5652
E0015,2026-01-04T00:00:00Z,9.361,7.6555,8.6327,8.8983,6.8269,10.4886
E0016,2026-01-04T00:00:00Z,8.6378,7.6525,7.0366,8.2366,6.1792,9.8892
E0017,2026-01-04T00:00:00Z,7.8827,7.8933,7.9455,8.6981,6.1334,9.9287
E0018,2026-01-04T00:00:00Z,8.0218,8.9762,7.0123,7.3654,7.0167,10.0747
E0019,2026-01-04T00:00:00Z,9.6191,8.6317,8.1059,9.6221,5.0701,10.4466
E0020,2026-01-04T00:00:00Z,7.2743,10.0737,9.0478,6.1802,7.9289,11.5006
E0021,2026-01-04T00:00:00Z,8.5547,9.2287,8.4652,8.3178,7.706,11.1913
E0022,2026-01-04T00:00:00Z,8.4336,8.4084,7.5442,8.3424,7.2336,9.6012
E0023,2026-01-04T00:00:00Z,8.3662,8.5199,8.678,7.5414,6.5722,7.969
E0024,2026-01-04T00:00:00Z,8.8558,9.4012,6.9353,8.8161,7.7337,9.2314
E0025,2026-01-04T00:00:00Z,7.7883,9.8749,7.2784,8.3371,7.1462,10.7674
E0026,2026-01-04T00:00:00Z,7.491,7.9498,7.6625,7.0792,6.2235,11.4227
E0027,2026-01-04T00:00:00Z,8.8799,8.98,9.2062,7.4868,7.2189,10.3409
E0028,2026-01-04T00:00:00Z,7.6642,9.9566,10.3284,8.3794,5.4322,9.1968
E0029,2026-01-04T00:00:00Z,8.8633,9.599,9.8329,6.7019,6.7342,7.7683
E0030,2026-01-04T00:00:00Z,9.2646,10.5408,6.8337,7.7735,7.6323,8.4843
E0031,2026-01-04T00:00:00Z,6.5279,9.8829,9.1991,8.1907,5.8068,9.8992
E0032,2026-01-04T00:00:00Z,8.1613,8.8832,9.7651,7.4782,5.6651,9.7481
E0033,2026-01-04T00:00:00Z,7.8407,7.6365,8.7603,7.9357,7.3246,7.3289
E0034,2026-01-04T00:00:00Z,8.39,8.0576,9.6537,7.4546,6.7162,8.4267
E0035,2026-01-04T00:00:00Z,7.6766,9.983,7.6422,8.4536,7.0956,8.3429
E0036,2026-01-04T00:00:00Z,8.1963,10.0397,8.5012,8.6504,4.9991,11.7464
E0037,2026-01-04T00:00:00Z,8.32,8.7147,6.8365,8.2053,6.4913,7.6267
E0038,2026-01-04T00:00:00Z,8.5685,8.3015,9.9898,5.0955,7.0507,10.2842
E0039,2026-01-04T00:00:00Z,8.6102,9.3327,8.7915,8.3919,6.0034,8.7362
E0040,2026-01-04T00:00:00Z,8.3893,9.2914,7.6354,6.4199,6.409,5.5211
E0041,2026-01-04T00:00:00Z,7.8268,9.5137,7.5708,8.4007,5.1437,11.7577
E0042,2026-01-04T00:00:00Z,7.4955,9.1493,7.8065,8.8367,5.0859,6.9919
E0043,2026-01-04T00:00:00Z,9.176,7.4075,8.2149,5.1174,5.1785,8.5049
E0044,2026-01-04T00:00:00Z,7.0642,7.4607,9.2289,8.771,6.5882,8.9041
E0045,2026-01-04T00:00:00Z,7.975,10.1389,8.2694,7.3787,6.9348,8.7504
E0046,2026-01-04T00:00:00Z,7.6293,8.5817,9.2967,7.6465,8.1721,7.8299
E0047,2026-01-04T00:00:00Z,8.7113,8.1031,9.0829,6.2751,6.5916,8.0127
E0048,2026-01-04T00:00:00Z,9.3648,8.6788,9.3968,8.2627,7.0558,9.1512
E0049,2026-01-04T00:00:00Z,9.7184,10.1289,10.368,9.4881,6.0614,9.3019
E0050,2026-01-04T00:00:00Z,8.391,10.8888,8.7985,7.8441,7.6978,10.5076
E0051,2026-01-04T00:00:00Z,8.6145,8.3917,8.2586,7.6891,6.3397,8.9492
E0052,2026-01-04T00:00:00Z,8.3864,9.2577,9.7876,7.5468,7.0549,8.9672
E0053,2026-01-04T00:00:00Z,9.6855,9.9955,9.353,8.3313,6.2979,7.2624
E0054,2026-01-04T00:00:00Z,7.76,9.8285,9.3365,6.6549,6.9414,10.2754
E0055,2026-01-04T00:00:00Z,7.8069,7.5744,7.7162,6.7905,6.085,10.4961
E0056,2026-01-04T00:00:00Z,7.1393,10.0008,5.9581,7.9635,7.2574,7.3409
E0057,2026-01-04T00:00:00Z,8.0798,9.8645,11.73,6.4963,5.481,12.3706
E0058,2026-01-04T00:00:00Z,8.0335,8.4142,9.4024,9.8353,6.4491,11.4297
E0059,2026-01-04T00:00:00Z,8.8977,9.4582,7.5273,6.8801,5.6084,9.441
E0060,2026-01-04T00:00:00Z,8.8305,9.9187,8.5073,7.4884,4.8209,10.3571
E0061,2026-01-04T00:00:00Z,9.0296,9.3624,8.9693,7.5319,5.2053,7.8592
E0062,2026-01-04T00:00:00Z,9.4025,8.8875,7.9573,8.2871,6.3548,9.3781
E0063,2026-01-04T00:00:00Z,8.7423,8.3717,6.5078,8.5157,5.7747,9.5619
E0064,2026-01-04T00:00:00Z,9.228,10.3184,8.7082,6.9605,6.0949,11.5244
E0065,2026-01-04T00:00:00Z,8.3695,7.9513,7.4352,7.74,6.354,7.9903
E0066,2026-01-04T00:00:00Z,8.881,7.3905,8.7475,8.7861,5.0106,11.1937
E0067,2026-01-04T00:00:00Z,8.692,9.1117,8.6916,5.8432,7.8843,7.0838
E0068,2026-01-04T00:00:00Z,7.8998,8.3517,8.3393,7.3802,7.4047,11.224
E0069,2026-01-04T00:00:00Z,7.8509,7.9774,11.2057,7.6595,7.1496,10.7963
E0070,2026-01-04T00:00:00Z,8.0078,8.7319,9.3737,6.8003,4.9597,8.8558
E0071,2026-01-04T00:00:00Z,8.7362,9.0855,7.5232,6.4022,5.5791,10.0537
E0072,2026-01-04T00:00:00Z,8.0878,9.194,7.9535,6.766,6.7692,12.0034
E0073,2026-01-04T00:00:00Z,7.4502,8.8359,9.4965,8.0516,6.2285,10.1774
E0074,2026-01-04T00:00:00Z,8.7318,7.693,9.6626,6.5349,5.502,8.7952
E0075,2026-01-04T00:00:00Z,9.1587,8.5529,9.6891,7.827,7.0329,9.8263
E0076,2026-01-04T00:00:00Z,8.4445,8.7402,7.3935,6.7408,5.6668,10.7649
E0077,2026-01-04T00:00:00Z,9.274,8.8896,9.3644,7.3189,7.1951,6.3774
E0078,2026-01-04T00:00:00Z,7.3883,8.224,10.5505,7.4138,6.6072,10.1651
E0079,2026-01-04T00:00:00Z,7.9956,10.766,7.795,7.3953,6.1994,10.0515
E0080,2026-01-04T00:00:00Z,9.3799,10.8668,9.5434,6.1995,6.8794,8.4061
E0081,2026-01-04T00:00:00Z,7.3265,9.6346,8.7043,5.8987,4.7237,10.9276
E0082,2026-01-04T00:00:00Z,6.8407,6.8881,7.7542,7.9484,5.8917,11.0299
E0083,2026-01-04T00:00:00Z,7.5888,9.7284,10.0309,8.2265,5.371,9.4766
E0084,2026-01-04T00:00:00Z,8.1001,9.7364,9.0334,7.0125,5.6806,9.4795
E0085,2026-01-04T00:00:00Z,8.1038,9.0152,8.0171,7.1245,7.7717,9.4825
E0086,2026-01-04T00:00:00Z,9.5712,7.5027,8.9542,6.6735,6.1233,8.1472
E0087,2026-01-04T00:00:00Z,8.4258,9.3115,7.8121,6.9172,7.5162,12.5649
E0088,2026-01-04T00:00:00Z,7.8763,8.5215,7.2507,8.785,5.4847,8.9625
E0089,2026-01-04T00:00:00Z,9.1479,8.2026,8.7426,6.7624,7.2186,12.1826
E0090,2026-01-04T00:00:00Z,9.4082,9.9347,7.0947,7.8866,4.3579,9.0821
E0091,2026-01-04T00:00:00Z,7.6217,10.1495,8.2657,6.4251,6.4712,12.2633
E0092,2026-01-04T00:00:00Z,9.6552,9.5299,7.4287,6.4623,6.9654,7.4885
E0093,2026-01-04T00:00:00Z,8.6889,10.7029,8.2689,8.8487,4.8603,12.1773
E0094,2026-01-04T00:00:00Z,7.4401,7.3934,8.1218,9.1897,8.2605,11.7581
E0095,2026-01-04T00:00:00Z,8.5224,10.167,8.057,6.7873,6.544,9.5117
E0096,2026-01-04T00:00:00Z,8.0578,11.0847,8.5656,7.2744,5.7156,7.7867
E0097,2026-01-04T00:00:00Z,7.9517,8.881,8.114,7.4071,6.6189,9.4694
E0098,2026-01-04T00:00:00Z,8.6326,9.4028,7.5393,8.9071,7.0024,8.9801
E0099,2026-01-04T00:00:00Z,7.8366,9.3024,9.6379,7.3606,6.8213,11.5706
E0100,2026-01-04T00:00:00Z,7.3206,10.9953,8.3021,7.2758,7.1034,11.4746
E0101,2026-01-04T00:00:00Z,7.9767,7.6884,9.4857,6.543,7.2001,8.6712
E0102,2026-01-04T00:00:00Z,8.8862,8.5631,9.3774,7.8877,6.01,10.1005
E0103,2026-01-04T00:00:00Z,8.6808,8.1187,7.9944,7.2718,4.8541,10.5556
E0104,2026-01-04T00:00:00Z,7.81,7.9419,7.4345,8.4291,5.4634,8.1823
E0105,2026-01-04T00:00:00Z,8.816,9.5474,9.8351,7.9077,5.7444,10.3092
E0106,2026-01-04T00:00:00Z,6.9821,9.105,9.1425,6.9068,5.8327,9.9477
E0107,2026-01-04T00:00:00Z,8.2085,9.4081,8.4456,6.4967,6.1096,9.2804
E0108,2026-01-04T00:00:00Z,10.0326,10.9102,8.0075,6.3918,4.6057,11.421
E0109,2026-01-04T00:00:00Z,7.5872,9.0359,9.0293,8.6747,6.1236,10.0269
E0110,2026-01-04T00:00:00Z,8.9896,8.6091,8.4415,6.8268,7.1736,14.1981
E0111,2026-01-04T00:00:00Z,7.4547,7.9817,9.7422,7.4827,7.5319,9.7456
E0112,2026-01-04T00:00:00Z,7.9454,10.2179,8.7283,7.4974,7.0381,8.4628
E0113,2026-01-04T00:00:00Z,7.1938,9.3037,9.0337,7.8839,6.9205,11.9486
E0114,2026-01-04T00:00:00Z,7.4133,7.5411,7.0907,9.4715,5.1781,9.6714
E0115,2026-01-04T00:00:00Z,7.8781,7.8272,8.6388,7.2089,7.2457,12.6348
E0116,2026-01-04T00:00:00Z,8.9607,10.2823,10.7829,6.0952,5.2252,9.7574
E0117,2026-01-04T00:00:00Z,7.6544,10.3559,7.987,8.4687,6.3013,10.7792
E0118,2026-01-04T00:00:00Z,7.8475,9.0187,8.3236,8.0781,6.9477,8.1091
E0119,2026-01-04T00:00:00Z,9.3181,9.7454,8.3,8.0481,6.0683,7.7399
E0120,2026-01-04T00:00:00Z,9.116,8.9441,7.7356,8.0215,6.5015,9.7014
E0121,2026-01-04T00:00:00Z,7.909,8.5438,7.7232,7.7145,6.1803,8.5872
E0122,2026-01-04T00:00:00Z,8.1794,9.6821,7.7691,7.2978,7.9918,9.7043
E0123,2026-01-04T00:00:00Z,8.898,9.0361,8.2986,7.9037,7.7954,10.1424
E0124,2026-01-04T00:00:00Z,8.3792,8.8934,8.696,8.315,4.942,10.6202
E0125,2026-01-04T00:00:00Z,9.5805,10.5489,8.506,8.1674,6.4219,10.6208
E0126,2026-01-04T00:00:00Z,7.2164,9.1714,9.6332,7.0319,6.85,9.8234
E0127,2026-01-04T00:00:00Z,9.1944,8.6704,7.1824,5.8314,6.7377,11.2219
E0128,2026-01-04T00:00:00Z,8.4765,9.6259,5.2377,7.9986,6.6398,9.8582
E0129,2026-01-04T00:00:00Z,9.1954,10.1389,10.4816,7.3656,6.2267,8.8784
E0130,2026-01-04T00:00:00Z,7.3838,9.104,9.3386,8.6509,7.7146,6.9908
E0131,2026-01-04T00:00:00Z,7.9637,7.1727,8.7863,7.4347,6.9772,8.8548
E0132,2026-01-04T00:00:00Z,8.0049,9.5353,7.0045,7.5619,6.5775,9.3054
E0133,2026-01-04T00:00:00Z,8.7882,10.0954,7.0265,6.9951,7.7391,9.7383
E0134,2026-01-04T00:00:00Z,7.7138,10.7519,9.1859,7.2739,5.8536,10.8415
E0135,2026-01-04T00:00:00Z,8.5213,7.6595,7.3072,7.2594,5.138,10.5952
E0136,2026-01-04T00:00:00Z,8.6636,10.5917,6.6733,7.2101,5.9562,10.1472
E0137,2026-01-04T00:00:00Z,9.0258,9.1528,10.8361,6.5648,6.2998,8.9799
E0138,2026-01-04T00:00:00Z,6.4182,9.2486,10.0772,6.0358,7.0283,9.8768
E0139,2026-01-04T00:00:00Z,8.1928,10.5243,8.961,8.8414,4.8708,9.3491
E0140,2026-01-04T00:00:00Z,8.0595,8.6579,10.1328,5.7681,5.4092,11.5085
E0141,2026-01-04T00:00:00Z,8.3394,9.066,6.1311,7.2948,6.3424,7.5738
E0142,2026-01-04T00:00:00Z,7.9463,10.1423,8.2148,7.7133,5.202,10.0532
E0143,2026-01-04T00:00:00Z,9.5324,8.7064,8.1726,9.409,7.0027,9.8167
E0144,2026-01-04T00:00:00Z,8.8836,10.1077,8.7679,7.1046,6.0672,8.5602
E0145,2026-01-04T00:00:00Z,9.4743,9.6505,8.0026,8.676,6.4657,8.3877
E0146,2026-01-04T00:00:00Z,7.7785,8.144,8.7172,6.6854,6.6259,7.5286
E0147,2026-01-04T00:00:00Z,8.7332,7.463,7.8523,7.3967,6.6941,11.4005
E0148,2026-01-04T00:00:00Z,8.2158,7.7132,7.6787,8.1626,7.3902,8.8594
E0149,2026-01-04T00:00:00Z,9.8906,9.7975,9.8674,8.3443,7.1699,10.957
E0000,2026-01-05T00:00:00Z,9.3066,9.914,9.0274,6.5221,5.7852,10.1131
E0001,2026-01-05T00:00:00Z,8.8136,11.7197,10.637,8.6881,7.7233,10.9245
E0002,2026-01-05T00:00:00Z,7.4263,9.0557,8.3787,7.0048,6.6893,10.1678
E0003,2026-01-05T00:00:00Z,8.282,10.371,8.43,8.2003,6.9875,8.0813
E0004,2026-01-05T00:00:00Z,7.9646,9.5117,8.0382,6.418,6.1713,8.9043
E0005,2026-01-05T00:00:00Z,8.9134,8.9643,8.4629,8.1007,7.4472,10.1877
E0006,2026-01-05T00:00:00Z,8.8569,7.1439,8.8341,7.3776,4.9489,10.4782
E0007,2026-01-05T00:00:00Z,6.6442,10.1945,8.655,7.4093,5.8115,9.5279
E0008,2026-01-05T00:00:00Z,8.6992,8.7357,9.4032,7.9439,6.3242,10.0471
E0009,2026-01-05T00:00:00Z,8.8056,9.3855,8.6691,7.6385,5.2366,7.8028
E0010,2026-01-05T00:00:00Z,7.5383,9.457,9.4653,6.3469,7.6987,8.5084
E0011,2026-01-05T00:00:00Z,9.308,10.9363,9.8018,6.1899,5.6922,5.889
E0012,2026-01-05T00:00:00Z,7.5952,8.7395,8.6982,8.2622,7.7875,9.2041
E0013,2026-01-05T00:00:00Z,7.7332,7.2656,10.9287,6.1714,6.6846,9.5328
E0014,2026-01-05T00:00:00Z,8.3324,10.1714,7.8462,7.8281,4.7568,9.0575
E0015,2026-01-05T00:00:00Z,6.8974,8.8304,9.7762,8.2719,6.0781,8.5728
E0016,2026-01-05T00:00:00Z,8.2052,10.7086,9.5625,7.0402,6.2186,8.7512
E0017,2026-01-05T00:00:00Z,8.3028,11.2492,7.6851,6.9411,5.8736,11.5667
E0018,2026-01-05T00:00:00Z,8.9144,8.3553,9.1418,9.1877,7.4466,8.9638
E0019,2026-01-05T00:00:00Z,8.7779,10.0354,7.695,9.1479,5.171,10.6607
E0020,2026-01-05T00:00:00Z,8.1194,8.8018,8.2164,8.514,5.8854,8.8561
E0021,2026-01-05T00:00:00Z,8.8077,7.8542,10.6581,7.7897,5.8569,10.2656
E0022,2026-01-05T00:00:00Z,8.4554,8.6988,7.7013,7.4242,6.5813,10.2262
E0023,2026-01-05T00:00:00Z,7.5699,8.6933,7.9426,7.6179,6.7703,9.1087
E0024,2026-01-05T00:00:00Z,8.1007,9.7387,8.9747,7.3435,5.91,7.2675
E0025,2026-01-05T00:00:00Z,8.8677,10.0115,6.185,7.5021,6.7489,7.8702
E0026,2026-01-05T00:00:00Z,8.0822,8.5366,8.0407,6.6364,5.7235,9.6183
E0027,2026-01-05T00:00:00Z,7.6619,9.0125,10.5785,7.7627,5.429,7.7226
E0028,2026-01-05T00:00:00Z,7.5976,10.2976,6.7805,7.9929,5.2656,10.2772
E0029,2026-01-05T00:00:00Z,7.1981,7.7269,8.8123,7.4906,6.446,9.7251
E0030,2026-01-05T00:00:00Z,7.8912,7.4547,9.401,9.0471,5.4465,5.9956
E0031,2026-01-05T00:00:00Z,7.5528,10.8003,7.0233,6.9115,6.1456,9.7605
E0032,2026-01-05T00:00:00Z,6.5315,9.5696,8.7692,7.5271,6.8863,10.6155
E0033,2026-01-05T00:00:00Z,7.4342,9.1089,7.91,5.026,7.822,8.6361
E0034,2026-01-05T00:00:00Z,9.2375,9.5856,5.9556,8.192,5.6505,10.8243
E0035,2026-01-05T00:00:00Z,8.8405,8.4915,8.0807,5.8805,4.3325,9.0652
E0036,2026-01-05T00:00:00Z,7.6726,9.1291,8.8382,7.8172,5.5541,7.9353
E0037,2026-01-05T00:00:00Z,8.4951,7.865,9.4846,7.0262,6.9599,10.33
E0038,2026-01-05T00:00:00Z,8.2705,9.3408,9.2053,6.3822,7.5137,9.1698
E0039,2026-01-05T00:00:00Z,8.7811,9.0893,8.4161,7.3528,7.4051,10.4853
E0040,2026-01-05T00:00:00Z,9.4155,12.4176,8.2784,7.4874,4.7496,11.4026
E0041,2026-01-05T00:00:00Z,7.5616,9.4772,7.6237,6.1564,5.8057,9.8232
E0042,2026-01-05T00:00:00Z,9.2253,7.4029,10.4783,8.2042,6.3675,12.6251
E0043,2026-01-05T00:00:00Z,8.2167,8.6965,9.9471,7.3064,7.9692,11.0365
E0044,2026-01-05T00:00:00Z,8.1239,8.1093,7.304,7.972,6.8297,12.9273
E0045,2026-01-05T00:00:00Z,6.7551,9.0374,8.1078,8.0973,7.5457,8.3415
E0046,2026-01-05T00:00:00Z,9.2435,8.8197,7.787,7.0648,5.1772,10.0213
E0047,2026-01-05T00:00:00Z,8.6489,9.0072,9.8053,7.2428,5.8859,7.9592
E0048,2026-01-05T00:00:00Z,8.0471,8.1958,10.0123,7.9857,7.4133,12.4187
E0049,2026-01-05T00:00:00Z,8.2458,8.6289,8.8692,8.1754,7.7803,8.2686
E0050,2026-01-05T00:00:00Z,8.0551,9.2877,8.0042,7.2833,6.7922,11.8778
E0051,2026-01-05T00:00:00Z,8.7461,9.1195,10.2497,8.8883,6.7676,10.7406
E0052,2026-01-05T00:00:00Z,7.8283,9.4,8.7637,8.936,6.0215,9.3222
E0053,2026-01-05T00:00:00Z,8.6236,9.8297,7.9021,6.8673,8.7906,8.0463
E0054,2026-01-05T00:00:00Z,7.1412,10.6986,6.5532,7.5356,7.6509,9.5991
E0055,2026-01-05T00:00:00Z,7.345,8.9638,7.9702,7.2799,5.2132,13.1544
E0056,2026-01-05T00:00:00Z,8.9824,8.4785,10.5585,8.7952,7.4347,9.3121
E0057,2026-01-05T00:00:00Z,8.8053,9.297,6.555,7.6369,6.6283,10.8765
E0058,2026-01-05T00:00:00Z,7.9888,8.285,8.3836,6.5591,6.4441,8.273
E0059,2026-01-05T00:00:00Z,8.0338,9.2404,7.8264,8.4737,5.5908,10.1542
E0060,2026-01-05T00:00:00Z,7.2881,9.8683,8.9323,6.1253,4.7826,13.4767
E0061,2026-01-05T00:00:00Z,7.4461,7.3981,8.7337,7.1643,5.9178,7.043
E0062,2026-01-05T00:00:00Z,7.3794,8.3226,9.6905,7.3245,5.5869,13.0076
E0063,2026-01-05T00:00:00Z,7.3922,11.7211,8.0637,8.0093,6.7074,9.138
E0064,2026-01-05T00:00:00Z,9.2017,6.6555,7.5762,7.8682,7.0007,9.8265
E0065,2026-01-05T00:00:00Z,8.6038,9.8663,8.0429,6.3474,6.7082,10.851
E0066,2026-01-05T00:00:00Z,8.861,9.2763,9.3144,7.534,6.2335,9.7051
E0067,2026-01-05T00:00:00Z,7.3862,8.2084,7.7647,5.9427,5.9888,7.9589
E0068,2026-01-05T00:00:00Z,8.4966,9.6661,9.1292,8.9962,5.7362,7.3846
E0069,2026-01-05T00:00:00Z,7.4764,10.2064,7.1501,6.22,5.4564,8.9463
E0070,2026-01-05T00:00:00Z,8.944,8.8036,8.8124,6.4784,6.836,10.3843
E0071,2026-01-05T00:00:00Z,8.5578,10.2695,9.9811,9.8926,6.5817,11.7093
E0072,2026-01-05T00:00:00Z,7.6755,9.8963,9.6255,6.9732,5.5317,9.5967
E0073,2026-01-05T00:00:00Z,7.5701,9.2009,9.71,5.9652,6.2989,9.5686
E0074,2026-01-05T00:00:00Z,7.7663,10.3568,8.1902,9.5217,6.1028,8.0723
E0075,2026-01-05T00:00:00Z,7.6551,9.6378,8.9428,7.3778,5.9602,10.8192
E0076,2026-01-05T00:00:00Z,7.8948,7.9559,8.7759,6.2399,6.7532,9.5925
E0077,2026-01-05T00:00:00Z,6.7997,9.1261,8.0456,7.4329,3.8865,14.059
E0078,2026-01-05T00:00:00Z,8.2062,10.3264,6.7656,8.6439,6.5487,9.4138
E0079,2026-01-05T00:00:00Z,8.891,6.566,7.8895,7.7177,7.9363,8.7684
E0080,2026-01-05T00:00:00Z,8.6896,9.4272,6.2323,7.7347,7.4194,10.7106
E0081,2026-01-05T00:00:00Z,9.0356,11.3974,7.6079,8.6148,5.9111,9.1076
E0082,2026-01-05T00:00:00Z,8.391,9.6985,10.0492,8.337,7.2062,9.5894
E0083,2026-01-05T00:00:00Z,8.5175,9.6996,7.8551,8.1219,8.0343,10.8372
E0084,2026-01-05T00:00:00Z,8.8548,8.0433,7.0476,10.3311,4.7789,11.1694
E0085,2026-01-05T00:00:00Z,6.7405,9.5785,7.5727,7.2289,7.9133,12.2681
E0086,2026-01-05T00:00:00Z,7.6244,10.7107,7.8328,6.9337,5.76,9.147
E0087,2026-01-05T00:00:00Z,8.2924,8.9738,8.6861,8.2733,7.9422,10.6386
E0088,2026-01-05T00:00:00Z,8.8544,7.6321,8.6322,7.4169,7.2681,6.4997
E0089,2026-01-05T00:00:00Z,8.3094,9.169,6.8998,8.6502,6.6678,8.1638
E0090,2026-01-05T00:00:00Z,8.2832,9.8917,9.2062,7.8618,6.0655,6.3373
E0091,2026-01-05T00:00:00Z,8.6902,9.1263,9.237,8.099,5.6033,8.1915
E0092,2026-01-05T00:00:00Z,7.9821,9.5973,9.2155,7.8728,4.8924,9.191
E0093,2026-01-05T00:00:00Z,7.5499,9.0645,8.8013,8.2393,7.6525,11.4016
E0094,2026-01-05T00:00:00Z,8.6515,11.6459,10.1689,6.6446,5.0496,11.1947
E0095,2026-01-05T00:00:00Z,7.2203,9.6689,9.0333,6.7181,7.286,11.9126
E0096,2026-01-05T00:00:00Z,8.2213,9.095,7.916,6.6696,6.7865,6.8894
E0097,2026-01-05T00:00:00Z,9.2319,8.7208,7.4452,7.391,6.4925,8.1435
E0098,2026-01-05T00:00:00Z,9.6842,9.2477,8.5044,6.5002,6.408,8.4218
E0099,2026-01-05T00:00:00Z,7.9012,7.711,7.9266,5.7683,6.5428,9.0232
E0100,2026-01-05T00:00:00Z,7.2159,9.8356,8.6699,7.6618,5.901,9.644
E0101,2026-01-05T00:00:00Z,8.5051,11.0442,7.0489,9.0142,5.8594,9.9245
E0102,2026-01-05T00:00:00Z,8.2626,11.6412,8.6228,6.5525,5.7308,10.9787
E0103,2026-01-05T00:00:00Z,8.2482,9.2706,8.3638,5.7927,5.7657,8.8749
E0104,2026-01-05T00:00:00Z,9.1259,8.7915,10.5995,7.67,7.1547,9.3792
E0105,2026-01-05T00:00:00Z,9.4988,9.9663,6.2667,7.7545,6.5413,9.3652
E0106,2026-01-05T00:00:00Z,8.1245,9.909,8.3919,8.8226,7.2684,11.0198
E0107,2026-01-05T00:00:00Z,8.4486,9.6014,6.3311,6.3002,7.1634,9.3442
E0108,2026-01-05T00:00:00Z,8.7725,10.5609,10.2543,7.3688,4.7912,8.3702
E0109,2026-01-05T00:00:00Z,8.067,10.5131,7.6847,9.0608,6.9883,10.4797
E0110,2026-01-05T00:00:00Z,7.876,10.7676,9.2343,7.337,5.7425,10.305
E0111,2026-01-05T00:00:00Z,7.7616,9.9665,8.9841,7.2973,8.9346,9.3665
E0112,2026-01-05T00:00:00Z,9.4382,7.8742,8.1847,8.7929,7.1994,8.9605
E0113,2026-01-05T00:00:00Z,8.719,9.2225,7.7953,8.7202,7.2778,10.4868
E0114,2026-01-05T00:00:00Z,7.1877,8.4756,9.1816,7.4227,4.2263,9.7537
E0115,2026-01-05T00:00:00Z,7.385,7.8582,8.1922,8.1482,6.7566,9.2493
E0116,2026-01-05T00:00:00Z,8.7756,10.5207,6.6457,6.8851,8.0171,8.854
E0117,2026-01-05T00:00:00Z,8.0806,6.9649,10.9359,7.0933,6.2561,9.2005
E0118,2026-01-05T00:00:00Z,8.0129,8.317,6.8637,8.8446,6.2166,8.096
E0119,2026-01-05T00:00:00Z,8.1396,9.9516,6.9197,7.2741,6.8453,8.5782
E0120,2026-01-05T00:00:00Z,7.6165,9.6742,7.3648,7.5357,6.7563,8.7886
E0121,2026-01-05T00:00:00Z,8.3157,9.0166,10.3989,6.7998,5.1972,11.9357
E0122,2026-01-05T00:00:00Z,10.381,10.1453,7.7916,8.0098,5.9357,8.0136
E0123,2026-01-05T00:00:00Z,9.0975,8.2474,9.7644,8.813,5.5056,8.1142
E0124,2026-01-05T00:00:00Z,9.492,9.5884,6.9389,7.7919,6.6762,8.75
E0125,2026-01-05T00:00:00Z,8.7068,9.328,8.0088,8.1155,7.1692,12.4811
E0126,2026-01-05T00:00:00Z,8.8698,9.3133,8.7183,7.2841,5.9265,8.6403
E0127,2026-01-05T00:00:00Z,8.6106,7.81,7.8553,6.8612,6.3601,13.2756
E0128,2026-01-05T00:00:00Z,7.5933,8.5817,8.5554,6.7158,5.0343,7.4879
E0129,2026-01-05T00:00:00Z,7.2603,10.2618,7.9234,7.0662,7.3631,9.9544
E0130,2026-01-05T00:00:00Z,8.7726,9.4971,9.9024,9.6633,5.625,10.5932
E0131,2026-01-05T00:00:00Z,7.414,8.0333,8.2812,9.0976,7.1785,8.0394
E0132,2026-01-05T00:00:00Z,8.0571,9.9738,9.2058,5.6884,6.3796,11.6105
E0133,2026-01-05T00:00:00Z,8.7596,7.7326,8.4293,7.5411,5.5172,9.04
E0134,2026-01-05T00:00:00Z,8.5603,8.563,7.336,7.753,5.1238,6.6114
E0135,2026-01-05T00:00:00Z,8.3635,7.1135,9.9625,6.72,6.2182,8.698
E0136,2026-01-05T00:00:00Z,7.3265,9.161,7.72,8.5374,5.5453,9.2988
E0137,2026-01-05T00:00:00Z,7.3927,11.3725,7.3906,7.099,5.5379,10.6918
E0138,2026-01-05T00:00:00Z,8.1522,9.8196,8.4491,9.762,6.0576,11.2447
E0139,2026-01-05T00:00:00Z,8.3609,8.3356,7.945,9.1199,7.0101,8.0369
E0140,2026-01-05T00:00:00Z,9.405,10.8699,7.4039,5.9214,6.6096,8.9369
E0141,2026-01-05T00:00:00Z,7.9036,8.3748,10.4799,7.1187,5.9544,9.0684
E0142,2026-01-05T00:00:00Z,9.1627,10.6591,8.4597,6.8617,5.9146,7.6571
E0143,2026-01-05T00:00:00Z,6.7825,10.0007,8.8336,8.576,6.9621,6.5782
E0144,2026-01-05T00:00:00Z,7.3732,7.4115,7.9544,7.4792,7.8942,9.087
E0145,2026-01-05T00:00:00Z,9.4574,9.7959,8.843,9.2749,6.4082,8.2577
E0146,2026-01-05T00:00:00Z,9.177,8.9795,7.0063,7.3715,5.1672,8.8082
E0147,2026-01-05T00:00:00Z,7.6885,9.6475,7.0713,7.3663,7.2472,9.5377
E0148,2026-01-05T00:00:00Z,8.0095,7.7039,10.3465,8.6355,6.014,9.6183
E0149,2026-01-05T00:00:00Z,7.4224,8.5028,8.4999,8.4302,4.7533,9.6224
E0000,2026-01-06T00:00:00Z,8.0157,9.4564,8.4298,6.4121,6.4348,7.7443
E0001,2026-01-06T00:00:00Z,8.8689,9.1378,8.5509,8.101,4.9937,9.3176
E0002,2026-01-06T00:00:00Z,7.762,9.5818,7.2388,7.3369,4.3094,9.6665
E0003,2026-01-06T00:00:00Z,8.3917,9.8565,6.8899,6.4562,6.3192,12.5109
E0004,2026-01-06T00:00:00Z,8.8138,9.5609,8.3643,7.7141,5.0211,10.6708
E0005,2026-01-06T00:00:00Z,8.1748,7.9522,8.9164,8.4448,4.8562,10.1291
E0006,2026-01-06T00:00:00Z,8.0806,10.3494,5.7638,7.4868,5.8207,10.5794
E0007,2026-01-06T00:00:00Z,8.4898,9.463,7.1796,9.7346,6.4773,10.1313
E0008,2026-01-06T00:00:00Z,8.8468,10.3138,9.0607,7.2359,9.0089,9.7895
E0009,2026-01-06T00:00:00Z,7.8283,6.7123,7.1574,7.0642,6.0078,10.942
E0010,2026-01-06T00:00:00Z,8.1226,9.532,8.1349,6.6888,7.5753,10.2775
E0011,2026-01-06T00:00:00Z,8.9572,8.6433,9.4846,7.0315,5.859,11.0303
E0012,2026-01-06T00:00:00Z,8.4257,8.2563,7.8813,8.4111,6.4403,10.6515
E0013,2026-01-06T00:00:00Z,8.6642,9.1304,8.9479,9.3522,5.2672,9.1675
E0014,2026-01-06T00:00:00Z,7.3927,9.2414,9.3473,7.1915,5.1411,8.5995
E0015,2026-01-06T00:00:00Z,8.3859,7.6517,9.0507,5.7765,7.3321,9.6102
E0016,2026-01-06T00:00:00Z,8.377,7.9781,8.6545,7.2876,5.0033,8.0083
E0017,2026-01-06T00:00:00Z,8.9489,8.8955,6.2809,8.0386,6.0994,10.2005
E0018,2026-01-06T00:00:00Z,7.6034,7.804,10.5555,6.8871,5.2078,8.2001
E0019,2026-01-06T00:00:00Z,8.3411,9.2232,7.1122,6.003,5.2692,7.7362
E0020,2026-01-06T00:00:00Z,7.6509,9.6549,8.3653,8.1705,5.8532,12.1627
E0021,2026-01-06T00:00:00Z,8.8394,9.5843,8.0301,6.7288,5.3539,11.7717
E0022,2026-01-06T00:00:00Z,7.5487,8.744,7.5203,7.3286,5.1473,9.5433
E0023,2026-01-06T00:00:00Z,8.7294,8.6007,9.3653,5.6346,4.82,8.6198
E0024,2026-01-06T00:00:00Z,9.078,9.912,9.0776,8.4806,5.3707,9.2015
E0025,2026-01-06T00:00:00Z,7.0966,9.7361,8.3942,8.3189,6.5808,10.6293
E0026,2026-01-06T00:00:00Z,7.6847,10.1841,9.6786,6.0925,6.981,10.2632
E0027,2026-01-06T00:00:00Z,6.7803,8.488,8.9365,6.9525,5.6576,9.286
E0028,2026-01-06T00:00:00Z,8.8744,10.6568,9.15,6.806,7.7441,9.4699
E0029,2026-01-06T00:00:00Z,7.8025,6.885,8.6108,8.0591,6.8259,10.8073
E0030,2026-01-06T00:00:00Z,8.2008,10.2426,7.7616,5.5245,5.5341,12.6834
E0031,2026-01-06T00:00:00Z,7.6071,8.6354,8.2976,6.2135,5.6229,9.4985
E0032,2026-01-06T00:00:00Z,9.1271,9.0089,9.333,8.9108,6.0768,9.5373
E0033,2026-01-06T00:00:00Z,7.0758,7.9349,9.3275,7.3321,5.7889,7.135
E0034,2026-01-06T00:00:00Z,7.1167,10.1213,8.1267,7.9866,6.0793,9.8223
E0035,2026-01-06T00:00:00Z,8.3478,9.3998,8.3259,7.1589,5.1783,11.7385
E0036,2026-01-06T00:00:00Z,9.2074,8.3923,10.3923,6.0838,6.2182,7.6956
E0037,2026-01-06T00:00:00Z,7.4964,8.5267,10.149,8.0374,5.9318,11.2715
E0038,2026-01-06T00:00:00Z,7.9331,10.4286,7.7209,7.3595,6.0855,12.4856
E0039,2026-01-06T00:00:00Z,7.1809,8.0677,7.5833,7.4308,5.5554,8.5353
E0040,2026-01-06T00:00:00Z,8.5896,9.7766,9.18,8.2455,6.3935,11.0169
E0041,2026-01-06T00:00:00Z,8.0299,8.4272,9.3673,8.1181,5.4482,7.2508
E0042,2026-01-06T00:00:00Z,7.7283,8.8565,8.9724,7.465,7.7699,8.08
E0043,2026-01-06T00:00:00Z,8.5783,11.2825,9.85,6.9485,7.2606,10.8349
E0044,2026-01-06T00:00:00Z,8.0347,7.7108,8.253,7.4625,5.9517,8.9467
E0045,2026-01-06T00:00:00Z,8.7215,7.5304,8.0449,6.9457,6.119,11.3247
E0046,2026-01-06T00:00:00Z,8.4723,8.7121,9.6595,8.7033,6.8767,10.2053
E0047,2026-01-06T00:00:00Z,8.9182,7.7967,8.4588,7.9167,7.2704,10.4318
E0048,2026-01-06T00:00:00Z,8.9784,9.4324,8.2223,6.4214,6.2684,8.8276
E0049,2026-01-06T00:00:00Z,6.9335,9.9196,8.483,8.9086,5.2801,8.3231
E0050,2026-01-06T00:00:00Z,7.7874,7.8185,8.8035,7.5983,5.869,8.5575
E0051,2026-01-06T00:00:00Z,7.8951,9.0978,7.6119,9.2391,6.9742,8.8545
E0052,2026-01-06T00:00:00Z,8.2524,7.9468,8.7763,6.8219,4.1945,7.7231
E0053,2026-01-06T00:00:00Z,7.0847,7.0588,9.1305,6.4592,6.7378,9.4482
E0054,2026-01-06T00:00:00Z,8.6957,8.976,7.2198,6.8665,7.364,9.9514
E0055,2026-01-06T00:00:00Z,9.2301,13.4126,9.8475,6.2803,4.4668,10.9434
E0056,2026-01-06T00:00:00Z,7.6471,10.1442,8.8756,7.7299,5.4001,6.694
E0057,2026-01-06T00:00:00Z,7.4965,10.3058,8.7471,7.0397,6.7663,10.7029
E0058,2026-01-06T00:00:00Z,8.3497,9.284,8.2153,8.9392,6.9192,8.2517
E0059,2026-01-06T00:00:00Z,7.48,8.028,7.5606,7.7371,5.2011,9.7158
E0060,2026-01-06T00:00:00Z,7.2305,7.8372,8.6699,7.2635,5.2224,10.0707
E0061,2026-01-06T00:00:00Z,9.2374,9.3414,7.434,6.107,8.1599,7.9715
E0062,2026-01-06T00:00:00Z,7.9918,9.6782,8.8328,6.9159,7.3241,10.2323
E0063,2026-01-06T00:00:00Z,8.0325,8.4937,6.8441,7.852,5.6044,12.7503
E0064,2026-01-06T00:00:00Z,8.6825,9.0211,6.776,7.2965,8.0987,8.9413
E0065,2026-01-06T00:00:00Z,8.9222,9.4145,7.711,7.4232,9.1286,9.7392
E0066,2026-01-06T00:00:00Z,8.9509,9.8094,10.4214,8.3353,6.6127,5.1921
E0067,2026-01-06T00:00:00Z,8.2373,9.2099,9.9403,5.7615,5.5484,9.3434
E0068,2026-01-06T00:00:00Z,9.0065,9.2356,6.3371,6.7764,6.1229,8.5819
E0069,2026-01-06T00:00:00Z,8.7961,9.5862,6.5521,6.7039,6.0522,9.7863
E0070,2026-01-06T00:00:00Z,9.209,8.6081,8.6148,8.9083,6.3144,10.5566
E0071,2026-01-06T00:00:00Z,7.5543,8.8529,7.4719,8.5083,5.5462,9.1596
E0072,2026-01-06T00:00:00Z,8.4278,10.1238,7.8387,7.4411,6.3403,9.149
E0073,2026-01-06T00:00:00Z,6.7807,8.6399,7.8168,6.1665,6.6133,8.9337
E0074,2026-01-06T00:00:00Z,8.7411,8.7209,9.6604,9.2039,4.363,8.6895
E0075,2026-01-06T00:00:00Z,8.6267,8.0236,8.1088,6.7883,6.2959,8.1506
E0076,2026-01-06T00:00:00Z,8.5647,9.5369,8.2106,7.3329,6.0017,8.8362
E0077,2026-01-06T00:00:00Z,8.9953,10.7216,9.4698,7.1978,8.7892,8.1438
E0078,2026-01-06T00:00:00Z,7.5421,10.3136,10.3636,6.9548,3.3534,10.492
E0079,2026-01-06T00:00:00Z,8.8552,11.2373,9.6189,6.5704,7.0806,10.1024
E0080,2026-01-06T00:00:00Z,8.673,10.0363,6.7138,8.6042,6.1089,9.7488
E0081,2026-01-06T00:00:00Z,6.8941,6.977,8.9583,7.1309,6.6831,8.4198
E0082,2026-01-06T00:00:00Z,8.1239,9.34,9.5192,6.7955,5.6648,10.4949
E0083,2026-01-06T00:00:00Z,7.8092,8.0573,8.2138,8.1159,5.9114,11.0218
E0084,2026-01-06T00:00:00Z,7.9636,8.26,9.2354,9.281,7.1285,10.4461
E0085,2026-01-06T00:00:00Z,8.638,8.8437,9.1042,7.5152,6.4955,8.0697
E0086,2026-01-06T00:00:00Z,8.1573,10.2842,8.9415,6.1694,5.6564,9.3147
E0087,2026-01-06T00:00:00Z,9.3664,9.4452,8.2321,7.7384,6.471,9.9647
E0088,2026-01-06T00:00:00Z,7.951,7.8528,7.2508,7.1883,6.0338,10.0772
E0089,2026-01-06T00:00:00Z,8.2443,9.258,8.672,8.2387,6.0799,7.4454
E0090,2026-01-06T00:00:00Z,9.4856,8.9173,9.2971,8.6483,6.2423,8.4669
E0091,2026-01-06T00:00:00Z,8.5309,9.9019,7.6965,7.1391,6.8728,8.6239
E0092,2026-01-06T00:00:00Z,9.5476,8.1367,8.1097,8.1632,6.591,9.2556
E0093,2026-01-06T00:00:00Z,8.9263,10.4927,8.1497,7.5654,6.7505,11.4737
E0094,2026-01-06T00:00:00Z,7.9285,8.6177,9.703,6.9685,5.8259,11.5544
E0095,2026-01-06T00:00:00Z,8.6018,9.9396,6.9495,7.7815,7.1535,8.0271
E0096,2026-01-06T00:00:00Z,7.9932,9.3016,10.0916,8.0194,6.2101,7.1995
E0097,2026-01-06T00:00:00Z,7.8366,8.7727,9.1146,8.3719,7.3832,8.4066
E0098,2026-01-06T00:00:00Z,8.2115,10.1369,8.1768,6.7237,7.7364,10.1178
E0099,2026-01-06T00:00:00Z,7.7372,8.4379,9.8509,7.5453,7.2054,10.1371
E0100,2026-01-06T00:00:00Z,7.7056,9.9721,10.8872,8.7689,6.136,8.0599
E0101,2026-01-06T00:00:00Z,8.4785,10.4583,7.6621,6.8836,7.1465,7.9791
E0102,2026-01-06T00:00:00Z,9.8191,8.9601,7.1736,7.2343,5.341,13.7828
E0103,2026-01-06T00:00:00Z,7.7748,9.3662,9.2248,7.4562,4.6092,9.3709
E0104,2026-01-06T00:00:00Z,8.2343,9.1654,8.0785,8.4489,6.6795,8.7777
E0105,2026-01-06T00:00:00Z,6.8413,9.1405,9.2184,6.3325,5.9646,9.0579
E0106,2026-01-06T00:00:00Z,9.2442,9.9861,8.612,7.2947,6.8299,7.1591
E0107,2026-01-06T00:00:00Z,8.7067,8.0627,6.7848,6.4261,7.3609,9.8645
E0108,2026-01-06T00:00:00Z,8.146,10.8728,7.1649,6.6372,7.5853,10.1546
E0109,2026-01-06T00:00:00Z,8.1922,7.3294,8.5361,8.2227,6.8604,8.0717
E0110,2026-01-06T00:00:00Z,8.2617,9.6426,8.3756,7.3998,6.6163,9.1514
E0111,2026-01-06T00:00:00Z,8.6472,8.378,8.2296,7.1722,5.5275,8.5332
E0112,2026-01-06T00:00:00Z,10.4624,9.5949,8.2172,7.2198,5.2069,8.4707
E0113,2026-01-06T00:00:00Z,8.3815,8.2274,8.5226,9.2702,7.7158,12.2365
E0114,2026-01-06T00:00:00Z,7.685,10.1052,8.7593,7.4971,5.6274,9.8022
E0115,2026-01-06T00:00:00Z,8.034,9.1335,10.2959,9.1213,7.272,11.1034
E0116,2026-01-06T00:00:00Z,9.2885,9.2267,8.2146,9.5979,5.3337,6.941
E0117,2026-01-06T00:00:00Z,7.5745,9.3571,5.9446,8.1883,7.3291,10.729
E0118,2026-01-06T00:00:00Z,8.8838,9.5973,8.5788,7.2398,8.0317,8.8989
E0119,2026-01-06T00:00:00Z,8.133,10.1626,7.6486,8.5397,6.2808,7.368
E0120,2026-01-06T00:00:00Z,7.813,9.6929,10.2605,8.0839,6.7779,13.1275
E0121,2026-01-06T00:00:00Z,8.3025,7.6212,8.2138,8.0194,7.0932,9.9639
E0122,2026-01-06T00:00:00Z,7.7224,10.9846,8.1687,6.7508,7.7447,9.757
E0123,2026-01-06T00:00:00Z,7.8649,9.7768,9.1731,7.1165,7.1506,11.1666
E0124,2026-01-06T00:00:00Z,8.8132,9.3319,9.1038,6.5275,5.4776,11.0435
E0125,2026-01-06T00:00:00Z,8.691,8.1685,8.2111,6.8127,6.192,9.1094
E0126,2026-01-06T00:00:00Z,8.4792,8.077,10.1859,6.9591,5.8153,11.5739
E0127,2026-01-06T00:00:00Z,7.8845,8.9187,9.1979,7.6009,5.0146,8.141
E0128,2026-01-06T00:00:00Z,8.3338,10.8966,8.4376,7.7174,5.7703,7.5001
E0129,2026-01-06T00:00:00Z,7.7415,9.4214,8.9035,7.8423,6.3936,10.4077
E0130,2026-01-06T00:00:00Z,8.6353,10.1033,8.8824,8.8232,7.1518,8.5612
E0131,2026-01-06T00:00:00Z,8.7204,8.751,6.3409,7.9749,7.4565,9.7899
E0132,2026-01-06T00:00:00Z,9.4102,8.3498,7.5573,8.3685,5.8207,9.7756
E0133,2026-01-06T00:00:00Z,9.2329,10.5216,8.5561,7.9073,7.1354,11.2476
E0134,2026-01-06T00:00:00Z,9.1208,12.1259,8.2376,6.5416,5.8863,12.1403
E0135,2026-01-06T00:00:00Z,8.6146,8.638,7.3825,6.3246,5.1463,10.5031
E0136,2026-01-06T00:00:00Z,7.9908,9.7193,7.3885,7.5008,6.7164,13.3941
E0137,2026-01-06T00:00:00Z,6.6836,10.8567,9.4989,7.4304,6.3017,9.5182
E0138,2026-01-06T00:00:00Z,8.2854,8.4417,6.4888,8.0021,5.7056,9.8968
E0139,2026-01-06T00:00:00Z,8.8883,9.8338,7.7377,6.3137,7.9929,11.8019
E0140,2026-01-06T00:00:00Z,7.0567,8.5151,7.3032,8.1326,6.2976,8.7208
E0141,2026-01-06T00:00:00Z,7.9785,8.2668,8.7926,6.3858,4.0217,8.642
E0142,2026-01-06T00:00:00Z,9.9722,10.1537,6.2038,6.7605,5.4162,9.4636
E0143,2026-01-06T00:00:00Z,7.0091,10.2147,8.7056,6.1899,5.3057,9.0872
E0144,2026-01-06T00:00:00Z,9.1368,7.6555,7.5324,7.2709,5.2422,8.9835
E0145,2026-01-06T00:00:00Z,8.5204,9.2001,9.0501,7.5031,6.8651,6.6558
E0146,2026-01-06T00:00:00Z,9.7808,9.0853,9.2912,6.6348,6.3925,7.0972
E0147,2026-01-06T00:00:00Z,7.5559,9.8352,7.4441,8.7179,8.0504,8.0801
E0148,2026-01-06T00:00:00Z,9.4155,8.9735,8.5855,6.1866,3.8407,11.3059
E0149,2026-01-06T00:00:00Z,6.9203,7.7949,7.0623,7.7631,7.0725,9.3882
E0000,2026-01-07T00:00:00Z,7.1714,8.7422,8.5406,6.7812,6.014,7.7454
E0001,2026-01-07T00:00:00Z,8.4203,9.6752,9.3381,7.1985,7.7655,7.7804
E0002,2026-01-07T00:00:00Z,9.0353,8.8858,9.0325,6.8049,7.0997,7.0355
E0003,2026-01-07T00:00:00Z,8.1156,8.4364,7.7892,8.135,6.6776,10.9119
E0004,2026-01-07T00:00:00Z,7.3123,7.0904,9.6109,6.9793,5.8479,8.5248
E0005,2026-01-07T00:00:00Z,7.784,10.3241,7.9742,7.9507,4.7733,11.5583
E0006,2026-01-07T00:00:00Z,8.4022,8.9055,9.7985,8.436,7.9865,8.6305
E0007,2026-01-07T00:00:00Z,7.4135,9.7059,10.8478,7.8726,6.137,11.3077
E0008,2026-01-07T00:00:00Z,8.0869,9.1922,7.693,6.6554,5.7333,12.4747
E0009,2026-01-07T00:00:00Z,9.6348,8.4954,8.9557,7.3101,4.2447,8.0648
E0010,2026-01-07T00:00:00Z,6.5078,8.2499,8.3159,8.6829,7.5793,11.1546
E0011,2026-01-07T00:00:00Z,7.9739,9.5702,8.4933,7.6736,6.3691,11.7925
E0012,2026-01-07T00:00:00Z,8.1633,8.872,9.0994,7.4881,5.9863,9.0916
E0013,2026-01-07T00:00:00Z,7.9784,9.2719,9.6562,6.9151,5.6345,8.5071
E0014,2026-01-07T00:00:00Z,7.9993,8.5057,8.4639,5.9802,6.5157,11.5619
E0015,2026-01-07T00:00:00Z,7.1392,9.3559,7.6024,8.9858,6.1288,8.9572
E0016,2026-01-07T00:00:00Z,7.4668,9.8619,8.5331,7.455,6.2316,7.1243
E0017,2026-01-07T00:00:00Z,8.0721,11.3771,9.0459,6.6627,6.4588,10.4914
E0018,2026-01-07T00:00:00Z,9.1159,8.7764,8.8195,6.7806,6.1269,10.556
E0019,2026-01-07T00:00:00Z,7.6795,8.1248,8.8081,6.0359,6.9299,9.0429
E0020,2026-01-07T00:00:00Z,9.0444,10.4843,8.4125,7.2035,7.1282,7.6523
E0021,2026-01-07T00:00:00Z,9.017,9.519,8.7605,8.3176,5.2312,10.1665
E0022,2026-01-07T00:00:00Z,8.6941,11.4309,9.2771,7.2835,6.8718,12.8333
E0023,2026-01-07T00:00:00Z,9.6446,10.415,10.2886,6.436,6.3274,10.3237
E0024,2026-01-07T00:00:00Z,8.402,8.0013,7.6241,6.682,3.9678,11.3779
E0025,2026-01-07T00:00:00Z,9.909,10.6999,10.64,6.4963,5.0019,10.2847
E0026,2026-01-07T00:00:00Z,9.6678,7.2009,7.8872,5.4981,7.079,8.2923
E0027,2026-01-07T00:00:00Z,8.4558,9.7953,9.1507,8.2688,6.9112,8.927
E0028,2026-01-07T00:00:00Z,8.7551,10.8472,7.9535,8.5171,6.8169,10.9579
E0029,2026-01-07T00:00:00Z,7.6851,10.8174,9.3817,7.3459,6.1197,10.1715
E0030,2026-01-07T00:00:00Z,7.6513,10.0377,9.1754,7.8947,6.1768,11.1223
E0031,2026-01-07T00:00:00Z,8.4805,10.2367,9.0238,6.1984,6.2136,12.6986
E0032,2026-01-07T00:00:00Z,9.5257,10.355,8.5752,8.7684,5.9464,11.2693
E0033,2026-01-07T00:00:00Z,8.8448,8.7175,8.073,7.5016,6.1728,9.5159
E0034,2026-01-07T00:00:00Z,9.1773,10.2821,9.5675,8.2493,5.1147,9.5661
E0035,2026-01-07T00:00:00Z,6.9276,9.7134,9.0014,6.1869,6.6929,10.8146
E0036,2026-01-07T00:00:00Z,6.7483,9.8741,9.699,7.1652,7.5633,5.7684
E0037,2026-01-07T00:00:00Z,8.1991,9.3267,7.4234,8.2409,5.5019,7.3921
E0038,2026-01-07T00:00:00Z,8.7608,10.1762,9.5912,7.8625,7.6394,8.8969
E0039,2026-01-07T00:00:00Z,8.6106,7.2839,8.8738,8.1557,5.0998,7.1555
E0040,2026-01-07T00:00:00Z,8.0305,9.261,9.666,6.8072,4.148,8.7947
E0041,2026-01-07T00:00:00Z,8.6395,8.2131,8.8206,7.0779,5.7492,10.8015
E0042,2026-01-07T00:00:00Z,7.2537,9.0649,9.0089,7.216,4.7988,6.5376
E0043,2026-01-07T00:00:00Z,9.3014,8.229,7.3764,7.8692,6.6148,6.9016
E0044,2026-01-07T00:00:00Z,7.608,7.6607,8.7712,6.3772,6.1721,9.2013
E0045,2026-01-07T00:00:00Z,8.8588,9.2662,7.8278,6.2802,7.0433,8.7933
E0046,2026-01-07T00:00:00Z,9.0271,7.8306,9.0955,8.0672,6.2406,10.1059
E0047,2026-01-07T00:00:00Z,7.2672,7.0698,9.0563,7.281,5.147,12.2038
E0048,2026-01-07T00:00:00Z,9.591,9.1177,5.1464,8.0139,5.8209,9.5375
E0049,2026-01-07T00:00:00Z,8.563,8.3179,7.1449,8.3803,5.4613,8.5067
E0050,2026-01-07T00:00:00Z,7.5114,10.0999,9.9645,9.3664,6.2763,8.6856
E0051,2026-01-07T00:00:00Z,8.0846,6.8388,8.8597,8.5406,6.3755,8.6731
E0052,2026-01-07T00:00:00Z,9.4344,6.7461,7.3673,6.4718,6.8042,11.0832
E0053,2026-01-07T00:00:00Z,7.9182,8.15,8.2023,8.159,7.7242,10.9189
E0054,2026-01-07T00:00:00Z,8.2359,9.4628,9.6663,8.6516,4.3345,9.1618
E0055,2026-01-07T00:00:00Z,9.2447,8.3983,7.967,7.6115,5.433,11.4225
E0056,2026-01-07T00:00:00Z,8.925,10.0738,8.2964,6.9019,7.627,11.5079
E0057,2026-01-07T00:00:00Z,8.4571,10.5345,6.0062,6.6273,6.8673,13.0714
E0058,2026-01-07T00:00:00Z,7.4314,8.4286,7.3365,7.8317,5.9671,9.0681
E0059,2026-01-07T00:00:00Z,9.2976,9.9674,8.9456,7.3289,5.7494,10.3719
E0060,2026-01-07T00:00:00Z,8.6573,9.1629,8.5592,6.0797,5.0725,11.123
E0061,2026-01-07T00:00:00Z,7.3082,8.4847,7.6062,9.3215,5.5947,9.9166
E0062,2026-01-07T00:00:00Z,7.815,10.0511,10.0603,7.4042,6.761,11.1304
E0063,2026-01-07T00:00:00Z,8.1524,8.345,8.9369,8.7975,4.7129,9.3745
E0064,2026-01-07T00:00:00Z,7.1553,7.9459,9.453,6.0739,6.6727,8.2941
E0065,2026-01-07T00:00:00Z,8.482,10.606,8.2326,7.6242,4.5819,7.5438
E0066,2026-01-07T00:00:00Z,9.2844,9.8268,9.4257,7.0632,5.2846,8.3645
E0067,2026-01-07T00:00:00Z,9.3026,8.9724,6.1918,7.8222,7.3264,11.0951
E0068,2026-01-07T00:00:00Z,8.3018,9.6814,9.2841,7.6494,5.0981,9.7721
E0069,2026-01-07T00:00:00Z,9.0083,9.0667,9.4605,8.8701,4.6282,11.2679
E0070,2026-01-07T00:00:00Z,8.8494,8.5417,7.7513,7.4782,5.8675,9.2801
E0071,2026-01-07T00:00:00Z,8.4503,9.5521,8.859,9.4103,5.1703,9.4024
E0072,2026-01-07T00:00:00Z,8.5173,10.6938,8.8604,7.013,6.6688,9.7565
E0073,2026-01-07T00:00:00Z,8.0754,8.6159,7.9279,6.7418,5.4815,10.14
E0074,2026-01-07T00:00:00Z,8.0629,10.7626,9.1925,8.5957,8.8674,10.7556
E0075,2026-01-07T00:00:00Z,7.5747,9.7156,8.5313,5.2585,7.588,11.331
E0076,2026-01-07T00:00:00Z,8.8816,8.7428,9.4985,7.3022,6.222,13.0618
E0077,2026-01-07T00:00:00Z,8.4511,8.6707,9.1727,8.3079,7.0307,10.8343
E0078,2026-01-07T00:00:00Z,9.3132,9.4899,10.0943,7.8833,6.9469,8.8811
E0079,2026-01-07T00:00:00Z,9.0317,8.9204,7.4552,8.1073,7.7,8.9955
E0080,2026-01-07T00:00:00Z,8.2435,10.0261,7.9463,6.8281,5.279,12.7214
E0081,2026-01-07T00:00:00Z,8.2934,9.0649,9.3492,8.8043,4.7429,11.252
E0082,2026-01-07T00:00:00Z,9.3917,10.2245,6.9533,8.3468,7.4762,9.3565
E0083,2026-01-07T00:00:00Z,8.6783,9.4451,6.8743,7.1687,7.9472,7.7222
E0084,2026-01-07T00:00:00Z,7.3814,10.5267,7.018,5.6758,6.005,11.3817
E0085,2026-01-07T00:00:00Z,8.3087,12.8742,7.376,7.3513,6.3888,10.2527
E0086,2026-01-07T00:00:00Z,8.4653,7.9855,6.6801,7.6477,6.8921,8.6043
E0087,2026-01-07T00:00:00Z,7.909,9.1942,8.1497,7.6739,6.2437,12.9749
E0088,2026-01-07T00:00:00Z,7.9373,10.224,9.7393,8.6074,5.1616,7.2989
E0089,2026-01-07T00:00:00Z,7.5223,7.3939,9.9825,7.3003,4.8793,9.1015
E0090,2026-01-07T00:00:00Z,8.286,11.0865,7.2292,7.422,6.8349,8.5522
E0091,2026-01-07T00:00:00Z,8.591,8.7571,9.7785,8.3528,4.1333,10.6725
E0092,2026-01-07T00:00:00Z,7.82,8.8988,9.3709,7.917,8.2736,6.9262
E0093,2026-01-07T00:00:00Z,8.6176,7.7869,8.8221,7.2865,6.1496,11.0406
E0094,2026-01-07T00:00:00Z,8.8067,10.8891,6.7735,6.5312,5.6725,8.3562
E0095,2026-01-07T00:00:00Z,5.9955,8.8202,10.5816,7.9121,6.614,6.9041
E0096,2026-01-07T00:00:00Z,9.0755,9.0321,10.1117,7.9654,7.0945,8.655
E0097,2026-01-07T00:00:00Z,7.7076,8.2453,8.288,8.2547,5.4658,10.9598
E0098,2026-01-07T00:00:00Z,8.1003,10.9559,6.6822,7.8155,6.2226,11.5089
E0099,2026-01-07T00:00:00Z,7.6983,8.8962,5.6884,6.1043,6.1221,6.815
E0100,2026-01-07T00:00:00Z,9.2127,7.2359,8.2778,7.1769,5.9584,9.7352
E0101,2026-01-07T00:00:00Z,8.984,9.1081,7.9121,5.8955,5.985,8.884
E0102,2026-01-07T00:00:00Z,7.6517,9.2365,6.1323,9.0634,5.7969,11.6275
E0103,2026-01-07T00:00:00Z,8.7986,10.1625,8.3888,9.5264,6.1469,8.9405
E0104,2026-01-07T00:00:00Z,8.8952,10.0448,6.8625,6.8379,7.6937,9.8525
E0105,2026-01-07T00:00:00Z,8.6983,10.3062,9.2233,7.5962,6.1162,10.6963
E0106,2026-01-07T00:00:00Z,8.3293,8.0478,9.1732,5.5734,6.0585,9.4074
E0107,2026-01-07T00:00:00Z,8.7437,6.6596,9.4415,7.4658,6.9689,9.6354
E0108,2026-01-07T00:00:00Z,9.1797,9.7915,6.0661,7.4898,6.0121,9.5274
E0109,2026-01-07T00:00:00Z,8.2754,11.4395,7.4449,7.4434,7.4803,7.741
E0110,2026-01-07T00:00:00Z,7.3094,10.019,6.9533,7.044,5.365,6.6683
E0111,2026-01-07T00:00:00Z,7.9816,8.9148,9.8924,7.2003,7.7295,7.646
E0112,2026-01-07T00:00:00Z,7.7385,7.8742,9.3964,7.505,7.0202,7.478
E0113,2026-01-07T00:00:00Z,8.448,10.9829,8.6723,7.1172,4.8104,9.0778
E0114,2026-01-07T00:00:00Z,8.0678,9.112,8.763,6.0143,5.8543,10.6708
E0115,2026-01-07T00:00:00Z,8.8343,9.1513,9.5992,8.2265,7.3725,10.2186
E0116,2026-01-07T00:00:00Z,7.9131,8.9137,7.9813,6.0398,5.8776,7.8353
E0117,2026-01-07T00:00:00Z,8.9899,7.6229,8.3443,8.0183,6.0954,10.9128
E0118,2026-01-07T00:00:00Z,8.042,9.0139,6.4961,7.086,5.8674,10.9482
E0119,2026-01-07T00:00:00Z,8.8813,7.3983,10.4448,7.2606,7.4246,8.2889
E0120,2026-01-07T00:00:00Z,8.3237,9.4128,7.2971,8.5386,5.9069,7.8707
E0121,2026-01-07T00:00:00Z,8.5431,9.6495,8.4962,7.6967,6.2482,10.0954
E0122,2026-01-07T00:00:00Z,8.5342,9.9481,8.3543,7.6578,6.2841,12.483
E0123,2026-01-07T00:00:00Z,8.4723,9.9374,8.7494,8.1177,5.1334,8.0073
E0124,2026-01-07T00:00:00Z,8.7811,8.2173,8.1799,7.4601,6.6021,7.7389
E0125,2026-01-07T00:00:00Z,8.4533,11.5242,10.4753,8.0436,7.2252,10.2741
E0126,2026-01-07T00:00:00Z,8.6144,7.851,7.1781,7.7585,6.7492,9.0413
E0127,2026-01-07T00:00:00Z,8.4353,9.375,8.7328,7.0676,6.412,8.0871
E0128,2026-01-07T00:00:00Z,8.9208,8.4154,6.5596,8.344,6.1911,10.1651
E0129,2026-01-07T00:00:00Z,8.056,7.2039,7.3232,8.543,5.7451,8.9356
E0130,2026-01-07T00:00:00Z,9.0096,8.9851,7.9766,6.6676,7.4172,11.29
E0131,2026-01-07T00:00:00Z,7.2116,6.4045,7.5403,6.9524,6.69,9.5043
E0132,2026-01-07T00:00:00Z,8.4197,10.1149,7.1496,8.8575,5.942,13.3714
E0133,2026-01-07T00:00:00Z,8.4309,8.9281,8.0783,7.3442,6.7354,9.77
E0134,2026-01-07T00:00:00Z,9.8112,9.6146,8.561,6.9183,5.3856,10.9304
E0135,2026-01-07T00:00:00Z,7.1968,11.5477,7.618,7.7003,7.5076,9.7648
E0136,2026-01-07T00:00:00Z,8.576,8.6902,10.1821,7.9016,7.1006,7.7935
E0137,2026-01-07T00:00:00Z,8.3695,11.158,7.768,7.3075,5.2318,10.2912
E0138,2026-01-07T00:00:00Z,7.8314,7.4508,7.6301,7.8197,5.6679,9.1893
E0139,2026-01-07T00:00:00Z,8.5781,7.2033,9.4417,8.7012,6.7566,8.6864
E0140,2026-01-07T00:00:00Z,8.1331,9.4475,9.7664,7.4051,7.6896,10.5969
E0141,2026-01-07T00:00:00Z,8.425,9.868,10.4631,9.2367,5.3433,11.555
E0142,2026-01-07T00:00:00Z,8.729,10.4249,9.7322,8.171,4.6308,8.9906
E0143,2026-01-07T00:00:00Z,6.8414,11.6286,9.552,8.6323,4.5359,8.9817
E0144,2026-01-07T00:00:00Z,8.4302,6.4152,9.1026,5.004,6.5296,7.7935
E0145,2026-01-07T00:00:00Z,8.3104,8.2845,8.8797,6.6017,5.7662,8.49
E0146,2026-01-07T00:00:00Z,8.0751,8.5305,8.2425,6.7523,7.3753,8.4412
E0147,2026-01-07T00:00:00Z,10.4101,7.1565,10.6985,8.0379,6.6646,9.4734
E0148,2026-01-07T00:00:00Z,8.9144,8.1283,7.4864,7.3988,5.9602,7.7001
E0149,2026-01-07T00:00:00Z,8.0687,8.9451,8.1455,9.1849,5.0798,9.9978
E0000,2026-01-08T00:00:00Z,8.1907,9.6366,7.9774,8.1346,6.8972,8.6244
E0001,2026-01-08T00:00:00Z,8.1239,9.3801,6.5922,7.5961,6.9336,10.2663
E0002,2026-01-08T00:00:00Z,8.4248,8.1041,6.6315,9.5808,6.5763,10.0319
E0003,2026-01-08T00:00:00Z,9.0232,9.8384,8.1535,7.3373,5.6066,10.2146
E0004,2026-01-08T00:00:00Z,8.0378,12.2209,7.3033,7.6837,6.8111,9.746
E0005,2026-01-08T00:00:00Z,7.9645,9.0342,6.2125,7.973,5.7027,10.3759
E0006,2026-01-08T00:00:00Z,8.6475,8.4191,8.3203,6.2048,6.0919,10.4282
E0007,2026-01-08T00:00:00Z,8.4579,9.4397,8.9467,7.197,6.6035,8.29
E0008,2026-01-08T00:00:00Z,8.2668,9.6331,8.6722,8.6501,4.5588,6.6065
E0009,2026-01-08T00:00:00Z,7.4325,9.2582,10.4925,8.0598,7.3316,6.9877
E0010,2026-01-08T00:00:00Z,7.7537,7.7994,6.1323,7.1696,6.4096,9.2938
E0011,2026-01-08T00:00:00Z,7.0739,8.5363,10.318,8.3904,7.5827,8.9659
E0012,2026-01-08T00:00:00Z,8.3216,9.3473,8.5495,6.4231,7.8181,11.5908
E0013,2026-01-08T00:00:00Z,9.351,10.5888,10.5241,8.9209,5.6173,11.2439
E0014,2026-01-08T00:00:00Z,8.8308,9.2642,6.7059,8.2631,7.8248,10.353
E0015,2026-01-08T00:00:00Z,9.1152,9.55,9.6193,8.5365,5.4186,12.1915
E0016,2026-01-08T00:00:00Z,7.6117,8.3335,5.9046,7.3652,6.4946,9.4709
E0017,2026-01-08T00:00:00Z,8.7383,8.2257,9.5681,7.7325,7.0699,8.3817
E0018,2026-01-08T00:00:00Z,7.5114,9.2589,10.8282,7.2318,5.9639,10.9948
E0019,2026-01-08T00:00:00Z,8.0583,9.0767,8.6674,8.4998,5.0583,10.9085
E0020,2026-01-08T00:00:00Z,6.9075,9.6284,7.8941,6.3336,4.6942,9.1514
E0021,2026-01-08T00:00:00Z,8.0817,9.0782,7.7464,8.0512,6.1635,7.0358
E0022,2026-01-08T00:00:00Z,9.5969,8.8363,7.3881,7.4484,7.4459,6.9975
E0023,2026-01-08T00:00:00Z,8.2911,8.9453,9.0078,6.9502,5.5816,10.2762
E0024,2026-01-08T00:00:00Z,7.346,8.1721,8.7828,8.4059,6.4126,10.3182
E0025,2026-01-08T00:00:00Z,8.3754,9.4751,8.0603,6.9615,7.3368,11.9094
E0026,2026-01-08T00:00:00Z,8.3915,8.3965,10.5195,6.1841,7.0665,10.9316
E0027,2026-01-08T00:00:00Z,8.5265,8.4305,8.7978,7.0637,5.3433,7.4898
E0028,2026-01-08T00:00:00Z,7.281,10.8698,7.5583,8.8658,5.2577,10.4986
E0029,2026-01-08T00:00:00Z,8.1408,8.837,8.3929,8.1219,6.1706,7.9303
E0030,2026-01-08T00:00:00Z,8.4791,9.0379,7.813,6.2751,6.3713,10.7351
E0031,2026-01-08T00:00:00Z,7.9163,8.2287,7.9562,6.9551,6.5198,9.5567
E0032,2026-01-08T00:00:00Z,8.103,9.5279,7.6274,7.8525,6.5757,10.4777
E0033,2026-01-08T00:00:00Z,8.9794,8.4321,6.8507,7.3393,6.2142,7.1611
E0034,2026-01-08T00:00:00Z,8.8042,8.7733,8.4587,7.1873,5.647,10.0537
E0035,2026-01-08T00:00:00Z,7.6317,7.5617,10.6528,7.5858,6.3978,9.7813
E0036,2026-01-08T00:00:00Z,8.1855,11.6868,7.7251,5.7491,5.7368,8.8064
E0037,2026-01-08T00:00:00Z,8.7766,9.7378,9.7286,7.2171,7.2495,11.0062
E0038,2026-01-08T00:00:00Z,7.2631,7.4686,9.9451,8.4102,6.6323,7.3862
E0039,2026-01-08T00:00:00Z,8.8432,11.4245,9.5684,10.3721,7.5856,12.1831
E0040,2026-01-08T00:00:00Z,8.4009,7.2342,7.0782,7.7112,6.7841,9.9293
E0041,2026-01-08T00:00:00Z,8.1874,10.0595,9.3012,8.1318,6.169,8.3097
E0042,2026-01-08T00:00:00Z,7.932,8.6414,8.1778,8.0657,5.9488,8.3937
E0043,2026-01-08T00:00:00Z,8.044,9.6123,9.1381,8.5717,6.3512,9.568
E0044,2026-01-08T00:00:00Z,9.2078,8.4916,9.7398,8.7478,6.4892,7.2232
E0045,2026-01-08T00:00:00Z,7.7306,7.1648,9.6719,7.5845,7.4075,9.5304
E0046,2026-01-08T00:00:00Z,7.1738,7.0069,9.8269,7.171,5.4239,9.3204
E0047,2026-01-08T00:00:00Z,7.3225,8.2821,7.1063,8.7058,6.0806,12.6935
E0048,2026-01-08T00:00:00Z,7.7801,9.5112,10.1819,7.8005,6.1822,10.5436
E0049,2026-01-08T00:00:00Z,8.1246,10.6883,8.3255,6.8313,6.2133,8.0275
E0050,2026-01-08T00:00:00Z,8.0336,10.3543,10.7591,8.1424,5.5781,9.1322
E0051,2026-01-08T00:00:00Z,7.494,9.2611,6.6336,7.7077,7.2161,10.4373
E0052,2026-01-08T00:00:00Z,8.2545,8.1092,6.6222,6.1819,6.3115,8.9168
E0053,2026-01-08T00:00:00Z,8.9977,9.2143,8.9252,6.3797,6.8062,7.2067
E0054,2026-01-08T00:00:00Z,7.6117,9.2852,7.3858,7.7174,5.8496,7.6522
E0055,2026-01-08T00:00:00Z,8.7659,9.8354,9.1852,6.6626,5.6285,7.5673
E0056,2026-01-08T00:00:00Z,6.0492,7.8103,9.7982,6.8259,6.6487,9.4682
E0057,2026-01-08T00:00:00Z,7.709,8.2733,8.0078,7.1403,7.5357,10.4173
E0058,2026-01-08T00:00:00Z,8.09,10.5552,9.1593,9.6245,7.5659,8.1826
E0059,2026-01-08T00:00:00Z,9.1054,8.2994,8.7553,7.9927,7.2167,10.2008
E0060,2026-01-08T00:00:00Z,6.9783,9.3014,7.1103,7.1864,6.0196,12.1985
E0061,2026-01-08T00:00:00Z,8.0058,10.2871,9.1007,8.12,5.4933,6.2089
E0062,2026-01-08T00:00:00Z,7.8807,7.8268,8.341,8.2466,5.6327,7.1388
E0063,2026-01-08T00:00:00Z,8.2429,7.491,10.0365,6.5178,7.0609,10.7255
E0064,2026-01-08T00:00:00Z,8.3287,11.0921,9.7004,6.9153,6.2883,11.5933
E0065,2026-01-08T00:00:00Z,8.4349,10.3925,7.9885,7.6138,5.3225,8.5647
E0066,2026-01-08T00:00:00Z,7.5823,10.0564,8.7019,10.1373,6.7942,11.1531
E0067,2026-01-08T00:00:00Z,7.7523,10.1276,9.5005,6.1743,7.2815,8.1681
E0068,2026-01-08T00:00:00Z,8.8965,10.6455,7.804,7.0873,7.0787,6.0296
E0069,2026-01-08T00:00:00Z,8.4361,10.2132,8.4947,9.252,8.1109,6.6147
E0070,2026-01-08T00:00:00Z,6.9372,9.0303,9.4814,6.831,8.2375,9.3287
E0071,2026-01-08T00:00:00Z,8.2856,8.5757,9.5586,9.0867,6.3996,10.5717
E0072,2026-01-08T00:00:00Z,7.5893,11.9557,6.8276,9.3817,9.3807,9.8853
E0073,2026-01-08T00:00:00Z,10.0817,7.0484,7.6106,8.6342,7.9147,11.7978
E0074,2026-01-08T00:00:00Z,7.0474,9.4119,9.5675,6.5383,6.9599,11.3626
E0075,2026-01-08T00:00:00Z,8.1354,9.0051,6.124,7.7149,5.2904,10.1882
E0076,2026-01-08T00:00:00Z,8.5988,8.7238,9.0744,6.4028,6.4601,11.1777
E0077,2026-01-08T00:00:00Z,7.5838,9.4132,7.9363,7.3383,6.7808,10.2527
E0078,2026-01-08T00:00:00Z,7.7253,8.2997,9.3268,8.0445,6.1943,8.7206
E0079,2026-01-08T00:00:00Z,8.6545,9.454,7.972,7.6646,5.5565,10.8753
E0080,2026-01-08T00:00:00Z,7.2895,9.9988,8.8881,7.4369,6.8952,9.1666
E0081,2026-01-08T00:00:00Z,8.0461,8.658,8.6418,6.9012,7.0705,6.1539
E0082,2026-01-08T00:00:00Z,8.8175,9.0265,6.5746,7.4295,4.8905,6.5942
E0083,2026-01-08T00:00:00Z,7.9771,8.6864,6.1816,7.5349,4.9703,9.9939
E0084,2026-01-08T00:00:00Z,7.9713,9.2561,8.0125,7.7447,5.1851,9.3629
E0085,2026-01-08T00:00:00Z,7.3732,8.6533,8.7228,7.1845,7.6575,10.4185
E0086,2026-01-08T00:00:00Z,8.5672,7.7517,9.4778,8.7367,6.4222,8.1141
E0087,2026-01-08T00:00:00Z,7.9371,9.4824,9.4805,6.9374,5.6639,10.6814
E0088,2026-01-08T00:00:00Z,9.0332,8.589,7.248,7.7585,5.8511,9.6036
E0089,2026-01-08T00:00:00Z,8.0535,9.9765,8.7454,8.0753,8.0653,12.0961
E0090,2026-01-08T00:00:00Z,8.593,8.5901,7.7159,7.1277,5.6102,9.3588
E0091,2026-01-08T00:00:00Z,8.3714,10.3991,8.7372,6.6122,6.4856,7.2782
E0092,2026-01-08T00:00:00Z,8.6433,8.5806,8.4174,6.319,6.7552,10.6527
E0093,2026-01-08T00:00:00Z,7.9904,8.0593,9.3295,8.9972,7.0804,7.9112
E0094,2026-01-08T00:00:00Z,8.8729,10.0906,9.0493,8.5496,7.0562,10.1135
E0095,2026-01-08T00:00:00Z,7.3096,11.0506,9.1265,7.9668,8.585,11.5065
E0096,2026-01-08T00:00:00Z,8.6975,7.404,6.2856,7.312,6.4436,10.9525
E0097,2026-01-08T00:00:00Z,8.8629,8.2753,8.386,5.7977,6.3709,12.7864
E0098,2026-01-08T00:00:00Z,8.5329,7.3032,7.2937,7.6264,6.5623,8.963
E0099,2026-01-08T00:00:00Z,8.2839,8.4227,9.0813,6.7008,5.5393,7.4108
E0100,2026-01-08T00:00:00Z,9.5011,9.929,10.2188,8.6847,6.573,7.8415
E0101,2026-01-08T00:00:00Z,8.6687,8.3901,7.2503,7.6614,5.4366,5.9972
E0102,2026-01-08T00:00:00Z,8.4662,11.3159,7.2516,5.955,5.5396,9.4675
E0103,2026-01-08T00:00:00Z,8.2288,8.2251,8.3803,5.8591,7.2713,9.4458
E0104,2026-01-08T00:00:00Z,8.4069,8.0041,8.4895,7.1945,6.555,9.6088
E0105,2026-01-08T00:00:00Z,8.0967,10.5174,8.9995,7.4796,8.9152,9.6712
E0106,2026-01-08T00:00:00Z,9.5024,8.8244,7.3247,7.7407,6.724,8.7317
E0107,2026-01-08T00:00:00Z,8.8226,10.2193,8.5086,7.7709,4.4307,8.407
E0108,2026-01-08T00:00:00Z,8.7573,10.5196,8.4814,6.1527,6.4816,7.1622
E0109,2026-01-08T00:00:00Z,8.9626,9.3344,9.5909,7.6944,7.4313,10.4208
E0110,2026-01-08T00:00:00Z,8.2576,10.5329,7.7583,7.4923,6.9449,9.7419
E0111,2026-01-08T00:00:00Z,7.9628,9.9348,5.8821,7.8119,7.4488,7.8664
E0112,2026-01-08T00:00:00Z,8.6899,9.3713,8.9161,8.0794,4.7529,6.9822
E0113,2026-01-08T00:00:00Z,8.2599,8.8738,8.3967,8.3638,6.6153,8.9544
E0114,2026-01-08T00:00:00Z,8.0472,9.6337,9.3624,10.0127,7.6858,13.6233
E0115,2026-01-08T00:00:00Z,9.3752,9.5607,8.1043,5.1466,5.7748,9.3044
E0116,2026-01-08T00:00:00Z,9.5733,10.9755,10.0555,8.2404,5.8395,9.8246
E0117,2026-01-08T00:00:00Z,7.6323,9.3645,9.3214,7.6661,7.0187,10.4967
E0118,2026-01-08T00:00:00Z,9.0524,9.1544,7.2603,7.1509,5.4439,7.6038
E0119,2026-01-08T00:00:00Z,7.7352,8.8903,9.2355,6.7663,5.836,10.5722
E0120,2026-01-08T00:00:00Z,8.4541,9.4093,7.27,8.3444,7.2097,8.8159
E0121,2026-01-08T00:00:00Z,8.4584,9.9042,8.5741,9.4014,5.5837,8.9293
E0122,2026-01-08T00:00:00Z,8.2062,10.6663,9.1887,6.6954,7.5501,10.1711
E0123,2026-01-08T00:00:00Z,7.9538,8.9672,6.9326,6.7303,6.9014,11.0652
E0124,2026-01-08T00:00:00Z,7.654,9.2793,8.5569,6.2809,5.2867,6.8387
E0125,2026-01-08T00:00:00Z,8.4773,9.098,8.9223,6.6493,6.6163,8.9534
E0126,2026-01-08T00:00:00Z,7.5016,8.8241,8.5206,7.3358,6.2637,8.346
E0127,2026-01-08T00:00:00Z,7.77,11.1162,6.0468,8.0543,7.0264,11.581
E0128,2026-01-08T00:00:00Z,8.0722,9.0244,9.675,7.3097,6.6661,8.2932
E0129,2026-01-08T00:00:00Z,8.8992,10.0729,9.5468,7.1536,7.0903,6.6068
E0130,2026-01-08T00:00:00Z,9.2107,8.8215,6.6547,7.0355,5.51,8.5896
E0131,2026-01-08T00:00:00Z,8.3873,8.2834,10.2609,6.0151,5.8803,11.4612
E0132,2026-01-08T00:00:00Z,7.6148,9.6213,7.2529,8.5966,7.723,11.2204
E0133,2026-01-08T00:00:00Z,9.2433,10.911,8.8905,8.6629,7.3537,9.9234
E0134,2026-01-08T00:00:00Z,8.4249,9.7873,10.7284,7.4387,5.3388,6.4312
E0135,2026-01-08T00:00:00Z,9.158,9.0219,9.1468,7.3674,4.7697,6.8524
E0136,2026-01-08T00:00:00Z,8.1456,9.9131,9.0316,6.0597,5.2984,11.9073
E0137,2026-01-08T00:00:00Z,8.1405,8.562,8.2053,8.0435,7.1314,9.18
E0138,2026-01-08T00:00:00Z,7.2315,9.2308,6.8679,6.2405,7.4455,12.3206
E0139,2026-01-08T00:00:00Z,7.9213,9.1528,9.7055,8.0257,6.3922,8.1964
E0140,2026-01-08T00:00:00Z,7.8813,8.7467,9.4291,6.5085,7.0622,9.8596
E0141,2026-01-08T00:00:00Z,7.9301,9.3028,10.0169,9.2575,6.3475,11.6465
E0142,2026-01-08T00:00:00Z,9.1225,9.9451,8.5703,6.3279,6.646,11.4134
E0143,2026-01-08T00:00:00Z,7.9576,6.5896,10.6274,8.5242,5.5946,8.9741
E0144,2026-01-08T00:00:00Z,8.4732,7.4759,8.4404,9.6685,5.1932,9.4511
E0145,2026-01-08T00:00:00Z,8.4006,9.9105,10.2374,8.8409,4.6572,9.8331
E0146,2026-01-08T00:00:00Z,7.0276,9.4929,9.0588,7.166,6.7501,6.8615
E0147,2026-01-08T00:00:00Z,7.7413,8.6898,9.3981,6.9808,5.8595,10.9849
E0148,2026-01-08T00:00:00Z,6.8786,10.1362,8.4162,7.5207,4.9565,10.4807
E0149,2026-01-08T00:00:00Z,8.1896,10.4716,8.6939,8.6474,6.2956,10.0681
E0000,2026-01-09T00:00:00Z,9.6396,7.7275,9.6244,7.989,6.5494,8.6982
E0001,2026-01-09T00:00:00Z,8.597,8.5932,8.5144,10.1601,6.6987,6.7744
E0002,2026-01-09T00:00:00Z,8.35,8.9278,8.3155,6.4056,8.5985,8.5557
E0003,2026-01-09T00:00:00Z,8.7458,9.041,7.8601,7.6554,5.1971,9.5155
E0004,2026-01-09T00:00:00Z,8.4354,8.5178,8.3653,7.7057,6.3891,6.5312
E0005,2026-01-09T00:00:00Z,8.327,9.1571,8.2209,7.2648,7.2075,9.9168
E0006,2026-01-09T00:00:00Z,7.6788,9.0731,10.1395,7.7098,7.4313,11.0175
E0007,2026-01-09T00:00:00Z,7.3824,7.6213,7.4386,7.6135,6.6688,8.8161
E0008,2026-01-09T00:00:00Z,8.8541,10.9799,8.1459,8.6017,6.1139,10.0073
E0009,2026-01-09T00:00:00Z,8.1655,9.6849,9.2884,7.6548,6.0192,13.0258
E0010,2026-01-09T00:00:00Z,9.6553,8.9061,7.7451,7.8115,7.1603,10.1025
E0011,2026-01-09T00:00:00Z,7.2722,7.0441,7.1578,6.4535,6.2298,10.1085
E0012,2026-01-09T00:00:00Z,8.6855,9.8877,8.0503,9.0304,8.3741,10.4896
E0013,2026-01-09T00:00:00Z,8.128,7.4241,8.1169,7.4037,4.3848,9.6829
E0014,2026-01-09T00:00:00Z,8.9603,9.6821,8.2962,6.828,7.2699,9.726
E0015,2026-01-09T00:00:00Z,8.0111,8.8619,9.2705,8.0667,7.8249,10.7168
E0016,2026-01-09T00:00:00Z,8.655,9.4473,7.9322,6.7145,7.4136,12.6728
E0017,2026-01-09T00:00:00Z,7.8973,11.0151,5.8862,7.435,4.2516,12.4117
E0018,2026-01-09T00:00:00Z,8.4477,9.1687,8.4311,7.5658,5.9105,8.9294
E0019,2026-01-09T00:00:00Z,7.9004,9.0396,9.5503,6.9865,6.5628,10.9827
E0020,2026-01-09T00:00:00Z,9.3866,10.701,7.7051,7.8565,6.0504,10.9006
E0021,2026-01-09T00:00:00Z,8.5523,9.5815,8.441,7.1873,6.011,8.3224
E0022,2026-01-09T00:00:00Z,7.9068,10.3795,8.7976,7.5917,5.3561,8.2653
E0023,2026-01-09T00:00:00Z,8.2125,8.7796,8.0533,5.4376,6.2083,10.7235
E0024,2026-01-09T00:00:00Z,8.3108,9.7187,6.7348,8.018,8.0736,10.8499
E0025,2026-01-09T00:00:00Z,8.1395,11.347,7.2032,8.9952,7.0395,10.4632
E0026,2026-01-09T00:00:00Z,7.9266,8.3815,8.8109,7.1084,5.0036,7.1734
E0027,2026-01-09T00:00:00Z,8.7006,8.3269,8.2028,5.9578,6.4187,9.8293
E0028,2026-01-09T00:00:00Z,9.0263,6.6608,9.3749,5.8021,5.0512,12.747
E0029,2026-01-09T00:00:00Z,8.0427,8.8837,8.9808,9.1373,5.9196,10.4148
E0030,2026-01-09T00:00:00Z,8.6533,10.0078,8.1244,7.9547,4.6813,12.1098
E0031,2026-01-09T00:00:00Z,8.8108,11.1151,9.464,8.2929,6.4602,8.5583
E0032,2026-01-09T00:00:00Z,8.5031,9.2125,9.23,8.1346,5.5339,11.3532
E0033,2026-01-09T00:00:00Z,7.6799,9.5799,8.8346,6.1451,5.6845,8.6362
E0034,2026-01-09T00:00:00Z,8.1331,11.4345,9.3049,8.0669,7.0701,8.1573
E0035,2026-01-09T00:00:00Z,8.2122,9.9916,7.5504,8.1718,7.7561,8.9531
E0036,2026-01-09T00:00:00Z,8.5796,7.9981,9.1343,8.5685,7.4369,7.2136
E0037,2026-01-09T00:00:00Z,7.7013,8.2041,10.8793,7.9264,7.7589,7.8333
E0038,2026-01-09T00:00:00Z,7.5643,9.9551,6.9949,7.3041,5.3284,7.6337
E0039,2026-01-09T00:00:00Z,8.8826,8.7164,9.8713,7.1688,7.252,7.9698
E0040,2026-01-09T00:00:00Z,7.6734,9.2538,8.6038,8.027,6.3777,9.797
E0041,2026-01-09T00:00:00Z,7.584,7.2219,8.885,8.2431,6.2185,9.0297
E0042,2026-01-09T00:00:00Z,8.015,9.2106,9.5319,6.8063,6.1294,8.873
E0043,2026-01-09T00:00:00Z,8.4761,9.561,9.8035,6.2365,6.3866,10.0336
E0044,2026-01-09T00:00:00Z,8.2374,9.1389,5.8679,7.3815,7.5608,8.5774
E0045,2026-01-09T00:00:00Z,8.255,9.3237,10.0716,7.6624,5.8474,9.2969
E0046,2026-01-09T00:00:00Z,7.9793,8.6768,8.7274,7.0978,6.6471,10.7499
E0047,2026-01-09T00:00:00Z,7.4303,7.4794,8.9331,9.4392,6.7545,7.3586
E0048,2026-01-09T00:00:00Z,8.0477,10.2639,10.1896,7.0792,5.8856,7.379
E0049,2026-01-09T00:00:00Z,7.977,10.6873,9.1394,6.9171,6.7446,10.1627
E0050,2026-01-09T00:00:00Z,7.9521,9.3812,7.2227,8.2996,5.8842,7.3055
E0051,2026-01-09T00:00:00Z,8.8518,8.0045,9.2857,7.6673,5.3615,9.3941
E0052,2026-01-09T00:00:00Z,8.1765,7.9237,7.3044,7.8258,7.3304,9.8263
E0053,2026-01-09T00:00:00Z,7.3212,9.2263,9.3298,5.5223,7.9046,6.4964
E0054,2026-01-09T00:00:00Z,8.2995,7.2513,6.2782,7.5847,6.7452,9.9116
E0055,2026-01-09T00:00:00Z,8.1942,8.0898,7.9391,7.4865,6.3833,11.0614
E0056,2026-01-09T00:00:00Z,7.4979,7.9947,9.0622,6.383,7.0056,9.6025
E0057,2026-01-09T00:00:00Z,8.7265,10.1217,7.2272,8.5421,6.781,8.2888
E0058,2026-01-09T00:00:00Z,7.2305,8.5619,7.8356,6.9962,4.2267,7.1946
E0059,2026-01-09T00:00:00Z,9.181,8.5938,8.3009,8.925,7.1392,9.2365
E0060,2026-01-09T00:00:00Z,8.1249,10.4906,9.8917,7.9104,7.3909,8.4736
E0061,2026-01-09T00:00:00Z,7.3173,9.2789,7.0977,9.7831,6.5001,9.4287
E0062,2026-01-09T00:00:00Z,8.695,9.6101,10.0733,5.4893,6.1387,9.1561
E0063,2026-01-09T00:00:00Z,8.6464,9.8639,7.0859,6.9262,7.9244,8.9469
E0064,2026-01-09T00:00:00Z,7.7867,8.5302,7.3131,6.0946,5.8945,13.0803
E0065,2026-01-09T00:00:00Z,7.6113,7.2582,7.8483,7.408,6.2977,11.6923
E0066,2026-01-09T00:00:00Z,8.4476,8.8364,6.4367,7.8242,5.7297,8.8314
E0067,2026-01-09T00:00:00Z,9.0246,9.3907,7.9575,7.6448,6.8465,7.9611
E0068,2026-01-09T00:00:00Z,8.8245,10.2348,8.9778,7.8705,5.7588,10.2028
E0069,2026-01-09T00:00:00Z,7.9778,10.0152,8.9711,9.3851,5.5008,10.9565
E0070,2026-01-09T00:00:00Z,7.1558,9.6397,9.0829,6.2188,5.8681,8.8005
E0071,2026-01-09T00:00:00Z,8.6136,9.3637,6.1694,7.6077,7.7341,11.2802
E0072,2026-01-09T00:00:00Z,9.1171,9.0522,9.3743,6.4185,8.5794,9.623
E0073,2026-01-09T00:00:00Z,7.7771,10.9632,10.7104,6.4524,6.4558,7.5636
E0074,2026-01-09T00:00:00Z,7.9514,11.7526,6.5538,7.1356,6.0511,6.782
E0075,2026-01-09T00:00:00Z,7.3618,11.8213,8.1469,8.5529,7.9317,9.1754
E0076,2026-01-09T00:00:00Z,8.4417,9.1033,8.017,7.2927,6.484,8.5613
E0077,2026-01-09T00:00:00Z,8.256,9.4555,7.848,8.0325,6.4461,8.8166
E0078,2026-01-09T00:00:00Z,8.4042,9.9901,10.232,6.6031,7.3191,9.2393
E0079,2026-01-09T00:00:00Z,9.0879,10.3174,10.376,7.3214,6.474,10.0103
E0080,2026-01-09T00:00:00Z,8.3784,8.1171,8.3922,8.4218,5.4495,9.8684
E0081,2026-01-09T00:00:00Z,8.6917,8.923,7.6774,8.0358,6.7692,9.0374
E0082,2026-01-09T00:00:00Z,7.8504,9.6241,7.3856,8.7776,6.9033,10.9921
E0083,2026-01-09T00:00:00Z,8.2088,8.4062,7.3818,5.8399,6.176,9.399
E0084,2026-01-09T00:00:00Z,8.2722,8.0408,7.4251,8.2409,4.6815,10.7522
E0085,2026-01-09T00:00:00Z,7.4612,11.1806,8.9494,7.9369,7.662,9.8171
E0086,2026-01-09T00:00:00Z,8.3824,9.6805,8.0989,6.8714,7.1683,12.0089
E0087,2026-01-09T00:00:00Z,9.1166,9.0003,8.6575,6.2149,7.1603,6.3055
E0088,2026-01-09T00:00:00Z,7.8386,9.8901,8.8019,9.4306,4.8961,9.1399
E0089,2026-01-09T00:00:00Z,7.2531,11.2487,8.7975,6.7608,5.862,11.4602
E0090,2026-01-09T00:00:00Z,7.1042,9.6108,8.5491,7.4734,6.5512,9.0806
E0091,2026-01-09T00:00:00Z,7.8075,9.848,8.5583,9.4043,6.1086,10.4721
E0092,2026-01-09T00:00:00Z,7.8459,9.2942,9.8375,9.2104,5.1129,7.0667
E0093,2026-01-09T00:00:00Z,7.8378,8.8613,9.9309,8.1628,6.0379,10.9969
E0094,2026-01-09T00:00:00Z,8.2319,7.7698,8.4998,9.7306,6.6822,8.9721
E0095,2026-01-09T00:00:00Z,9.0306,9.1918,9.2418,6.93,4.8911,7.1988
E0096,2026-01-09T00:00:00Z,7.7991,9.6723,9.244,6.5559,6.5055,8.9952
E0097,2026-01-09T00:00:00Z,8.1057,8.3589,6.9023,6.7917,5.5787,8.3579
E0098,2026-01-09T00:00:00Z,9.4298,8.0739,8.4994,9.3352,6.1427,10.5728
E0099,2026-01-09T00:00:00Z,8.4799,8.3522,7.1551,8.2936,6.396,7.512
E0100,2026-01-09T00:00:00Z,7.9373,10.3233,8.9067,7.1734,6.1415,8.3256
E0101,2026-01-09T00:00:00Z,10.0061,8.6835,10.2113,7.704,6.4986,10.4029
E0102,2026-01-09T00:00:00Z,9.7718,6.9962,6.9637,7.9695,6.6192,7.9078
E0103,2026-01-09T00:00:00Z,7.4814,9.3542,10.6443,7.7828,7.2377,10.3511
E0104,2026-01-09T00:00:00Z,7.5478,11.23,9.989,7.5149,6.8622,9.7903
E0105,2026-01-09T00:00:00Z,9.0683,11.155,9.9413,4.9716,5.8907,7.2808
E0106,2026-01-09T00:00:00Z,9.3213,7.496,9.143,6.9977,5.2822,11.8393
E0107,2026-01-09T00:00:00Z,8.3514,8.7386,10.6072,7.0489,6.1396,12.1496
E0108,2026-01-09T00:00:00Z,7.6,7.419,8.0262,8.3311,5.6316,11.246
E0109,2026-01-09T00:00:00Z,7.7482,8.8272,8.7883,7.0779,8.0626,9.0577
E0110,2026-01-09T00:00:00Z,8.0016,6.8097,9.8211,7.6725,5.6448,8.8596
E0111,2026-01-09T00:00:00Z,8.1649,8.6211,10.2585,7.4146,7.7029,9.989
E0112,2026-01-09T00:00:00Z,7.5524,7.6462,7.7885,8.3433,4.7339,12.1486
E0113,2026-01-09T00:00:00Z,6.5466,8.4358,9.358,6.5245,6.9248,9.2111
E0114,2026-01-09T00:00:00Z,8.5882,7.4051,10.1963,8.2875,5.0983,7.6328
E0115,2026-01-09T00:00:00Z,8.779,9.1116,8.9907,5.8414,5.0046,9.0142
E0116,2026-01-09T00:00:00Z,8.9716,8.3979,9.1326,8.1518,5.7969,10.0508
E0117,2026-01-09T00:00:00Z,8.9667,8.2498,10.3249,5.8263,5.7023,7.7355
E0118,2026-01-09T00:00:00Z,8.3149,7.1405,7.3066,5.9797,4.2039,12.1141
E0119,2026-01-09T00:00:00Z,8.9154,11.7893,6.7286,6.7679,6.2731,8.8584
E0120,2026-01-09T00:00:00Z,7.0217,11.2701,9.3088,7.2502,6.8758,8.7508
E0121,2026-01-09T00:00:00Z,7.1232,9.3925,7.7459,7.7241,6.3111,11.8149
E0122,2026-01-09T00:00:00Z,7.6862,6.9983,7.461,8.6037,6.926,8.6295
E0123,2026-01-09T00:00:00Z,8.1047,8.8377,6.998,8.3931,7.5194,10.1082
E0124,2026-01-09T00:00:00Z,6.8781,9.1404,7.7647,8.031,6.1571,10.1603
E0125,2026-01-09T00:00:00Z,8.5695,8.9811,6.5944,6.5924,6.9228,10.4555
E0126,2026-01-09T00:00:00Z,7.37,9.0208,7.918,6.7217,5.2067,9.1679
E0127,2026-01-09T00:00:00Z,8.8411,8.9192,9.7467,7.0961,6.4297,9.6486
E0128,2026-01-09T00:00:00Z,7.6148,8.1189,6.5917,8.7052,5.8567,10.0694
E0129,2026-01-09T00:00:00Z,7.1817,8.0353,10.22,7.8367,6.2138,6.781
E0130,2026-01-09T00:00:00Z,8.9733,7.915,8.1942,8.6785,6.854,10.2778
E0131,2026-01-09T00:00:00Z,8.9174,10.0928,7.9117,8.0406,8.5274,10.6009
E0132,2026-01-09T00:00:00Z,7.1475,8.1746,7.7024,6.692,5.7597,9.4467
E0133,2026-01-09T00:00:00Z,7.7573,8.865,7.6347,9.1737,6.0079,9.157
E0134,2026-01-09T00:00:00Z,8.1873,10.7877,6.3863,8.4548,6.4029,9.3067
E0135,2026-01-09T00:00:00Z,8.2547,9.7533,6.8402,7.4843,4.4698,8.4321
E0136,2026-01-09T00:00:00Z,7.5041,8.6356,9.8316,7.6996,5.7132,11.5905
E0137,2026-01-09T00:00:00Z,7.5407,9.759,8.1314,7.9496,7.0594,8.5771
E0138,2026-01-09T00:00:00Z,8.1823,8.7314,8.4176,7.8337,5.6483,6.3458
E0139,2026-01-09T00:00:00Z,6.6192,9.8013,8.7018,7.493,6.0946,10.5595
E0140,2026-01-09T00:00:00Z,7.8117,9.6914,8.5349,6.2054,6.8075,9.4188
E0141,2026-01-09T00:00:00Z,8.4798,8.2626,10.4698,8.8342,6.4395,6.8435
E0142,2026-01-09T00:00:00Z,7.993,7.946,9.9412,7.256,7.3761,10.3431
E0143,2026-01-09T00:00:00Z,8.7178,7.2292,7.9007,7.9258,7.917,10.2024
E0144,2026-01-09T00:00:00Z,8.5604,10.3241,8.1932,4.945,6.1669,10.1662
E0145,2026-01-09T00:00:00Z,7.2217,7.5938,9.2093,6.9977,5.0752,10.6665
E0146,2026-01-09T00:00:00Z,8.2793,9.1139,9.3128,8.4671,7.2235,11.0206
E0147,2026-01-09T00:00:00Z,7.1654,9.1148,6.7557,6.7195,6.5687,11.4183
E0148,2026-01-09T00:00:00Z,8.4628,7.5249,8.6776,8.2294,5.4002,9.1414
E0149,2026-01-09T00:00:00Z,7.3291,8.3214,9.3629,7.5,6.6638,9.0968
E0000,2026-01-10T00:00:00Z,8.5511,9.8857,6.7476,6.1125,5.295,8.6548
E0001,2026-01-10T00:00:00Z,8.7537,10.3746,8.675,8.2139,5.9394,12.273
E0002,2026-01-10T00:00:00Z,8.7979,9.3361,8.5536,9.0713,7.278,8.6716
E0003,2026-01-10T00:00:00Z,8.6148,9.9378,7.8713,8.4439,4.7352,10.7304
E0004,2026-01-10T00:00:00Z,8.4614,8.3899,8.3521,8.7273,5.3689,10.3071
E0005,2026-01-10T00:00:00Z,9.4089,9.399,10.9906,6.4502,5.6653,7.7732
E0006,2026-01-10T00:00:00Z,7.2503,7.6415,8.209,6.9158,5.7221,7.443
E0007,2026-01-10T00:00:00Z,8.1644,10.1464,8.2436,7.3397,7.3519,9.8177
E0008,2026-01-10T00:00:00Z,7.874,9.2831,7.5675,7.2918,5.6828,11.4208
E0009,2026-01-10T00:00:00Z,8.2388,7.8153,9.3155,7.4019,7.2308,8.7771
E0010,2026-01-10T00:00:00Z,8.6296,9.3546,8.178,8.2235,6.5164,11.6045
E0011,2026-01-10T00:00:00Z,9.574,10.0235,7.6519,6.7098,7.6611,8.1539
E0012,2026-01-10T00:00:00Z,8.1713,8.9725,9.5567,7.5372,4.9985,9.021
E0013,2026-01-10T00:00:00Z,8.9931,9.2584,6.8979,7.7634,7.4132,7.9814
E0014,2026-01-10T00:00:00Z,7.9068,8.318,8.9431,7.413,7.2057,10.679
E0015,2026-01-10T00:00:00Z,9.0385,10.2864,9.8209,7.4023,6.41,8.3409
E0016,2026-01-10T00:00:00Z,7.9263,9.798,9.7769,7.6959,6.5259,10.7812
E0017,2026-01-10T00:00:00Z,7.1827,9.2814,8.3602,5.7468,6.8042,9.8206
E0018,2026-01-10T00:00:00Z,8.5052,9.0188,10.1149,8.9584,6.1663,9.8155
E0019,2026-01-10T00:00:00Z,8.6112,9.159,8.7717,7.3386,8.5244,9.8672
E0020,2026-01-10T00:00:00Z,7.7938,9.8104,8.1227,8.0852,6.2993,9.1199
E0021,2026-01-10T00:00:00Z,8.2244,8.8456,7.7513,6.7909,5.2614,9.9316
E0022,2026-01-10T00:00:00Z,8.59,12.7317,6.9486,8.1683,5.9587,8.7954
E0023,2026-01-10T00:00:00Z,8.3246,9.0967,9.3597,6.1865,6.6503,10.6036
E0024,2026-01-10T00:00:00Z,8.4779,11.9038,9.1445,8.2272,6.4939,10.1513
E0025,2026-01-10T00:00:00Z,8.0937,8.3248,8.7241,6.9,6.8752,9.8316
E0026,2026-01-10T00:00:00Z,9.0247,9.2352,7.3614,7.8911,6.2023,6.8473
E0027,2026-01-10T00:00:00Z,8.4903,8.9476,6.6008,7.6431,6.7809,11.4938
E0028,2026-01-10T00:00:00Z,8.8469,8.7131,8.5228,5.2597,7.8827,11.358
E0029,2026-01-10T00:00:00Z,8.5384,8.8092,8.1184,7.1771,6.2336,9.2186
E0030,2026-01-10T00:00:00Z,7.8682,9.1868,9.0669,7.1884,5.2112,10.0019
E0031,2026-01-10T00:00:00Z,8.2384,8.878,7.9322,8.0877,4.6891,11.1665
E0032,2026-01-10T00:00:00Z,8.1665,7.7575,9.21,8.8704,4.2822,9.6674
E0033,2026-01-10T00:00:00Z,7.7646,9.4675,9.3346,7.0931,6.7898,7.9852
E0034,2026-01-10T00:00:00Z,8.5838,9.6721,8.9842,8.4023,6.9757,10.2172
E0035,2026-01-10T00:00:00Z,8.7978,9.5864,8.38,7.4026,5.7616,11.227
E0036,2026-01-10T00:00:00Z,9.1558,7.708,9.4767,8.3346,7.9031,10.3024
E0037,2026-01-10T00:00:00Z,8.0122,8.2824,8.6104,6.5961,5.402,11.8404
E0038,2026-01-10T00:00:00Z,8.0978,9.0486,5.7371,7.4912,5.0278,12.2057
E0039,2026-01-10T00:00:00Z,7.9551,9.8478,10.2801,8.851,6.2039,11.4447
E0040,2026-01-10T00:00:00Z,7.6808,10.6109,9.0786,7.0991,6.0529,10.9559
E0041,2026-01-10T00:00:00Z,8.326,10.1024,7.8245,9.5045,7.8507,9.905
E0042,2026-01-10T00:00:00Z,8.8071,10.2417,7.3996,5.9931,6.9339,9.0401
E0043,2026-01-10T00:00:00Z,8.9879,10.176,7.7573,8.3415,6.322,10.4275
E0044,2026-01-10T00:00:00Z,8.9725,10.4356,7.7828,7.1882,5.9683,10.6405
E0045,2026-01-10T00:00:00Z,8.5776,9.5354,8.7051,6.6211,6.7765,10.1816
E0046,2026-01-10T00:00:00Z,9.1032,8.8295,6.8959,7.6034,7.206,7.9493
E0047,2026-01-10T00:00:00Z,7.2856,7.5598,9.6135,8.5453,5.2604,8.1429
E0048,2026-01-10T00:00:00Z,8.8906,9.646,9.7155,8.8926,6.5013,9.6431
E0049,2026-01-10T00:00:00Z,8.4871,9.3495,9.2261,8.6008,4.6975,9.5992
E0050,2026-01-10T00:00:00Z,9.0578,10.5745,9.5922,9.9164,6.7937,9.6943
E0051,2026-01-10T00:00:00Z,8.4475,8.4208,7.6233,7.9449,7.1222,11.9726
E0052,2026-01-10T00:00:00Z,8.6092,9.0363,9.0051,7.1239,6.6742,10.1317
E0053,2026-01-10T00:00:00Z,6.7321,9.8314,9.2981,7.3369,4.2339,9.8028
E0054,2026-01-10T00:00:00Z,7.2243,8.0496,7.4951,8.3597,6.2011,7.8842
E0055,2026-01-10T00:00:00Z,8.6007,10.0068,7.387,9.9333,6.6006,10.8842
E0056,2026-01-10T00:00:00Z,8.2855,7.0173,9.4663,7.8157,6.6785,9.7889
E0057,2026-01-10T00:00:00Z,9.6217,9.1565,8.1469,6.1655,7.2002,7.8532
E0058,2026-01-10T00:00:00Z,9.1038,10.6177,8.7849,7.5399,6.3465,5.2497
E0059,2026-01-10T00:00:00Z,7.8556,9.9268,8.0656,8.9454,5.1547,9.8219
E0060,2026-01-10T00:00:00Z,7.1693,9.9659,8.7909,8.2783,7.6134,9.6295
E0061,2026-01-10T00:00:00Z,9.2672,9.5717,9.9381,6.0299,4.9865,9.6776
E0062,2026-01-10T00:00:00Z,8.6467,8.4244,7.2886,6.9307,5.2166,8.8549
E0063,2026-01-10T00:00:00Z,6.8485,9.8393,8.4611,8.8742,7.3756,11.3213
E0064,2026-01-10T00:00:00Z,8.1364,9.1857,7.8301,7.5928,6.9613,7.6625
E0065,2026-01-10T00:00:00Z,8.5405,9.673,9.0783,7.3893,5.5179,10.9567
E0066,2026-01-10T00:00:00Z,8.4875,9.7089,8.4662,6.7175,6.294,8.2995
E0067,2026-01-10T00:00:00Z,8.9402,8.3721,7.5217,9.5865,6.9955,7.891
E0068,2026-01-10T00:00:00Z,5.7955,7.9019,6.7001,5.943,4.5522,12.094
E0069,2026-01-10T00:00:00Z,9.3794,8.8506,9.7231,6.7842,6.5899,8.95
E0070,2026-01-10T00:00:00Z,8.9414,10.2313,8.5362,8.4688,5.0457,9.9113
E0071,2026-01-10T00:00:00Z,8.6315,7.5635,8.3535,8.7986,8.1296,8.2529
E0072,2026-01-10T00:00:00Z,8.6622,7.8939,10.1687,8.2298,5.8828,12.1038
E0073,2026-01-10T00:00:00Z,8.3059,8.49,8.1406,8.7163,4.486,8.4541
E0074,2026-01-10T00:00:00Z,8.024,10.2172,6.7942,7.4078,7.1718,10.3069
E0075,2026-01-10T00:00:00Z,8.4787,11.4725,7.4141,6.8682,5.6584,8.5376
E0076,2026-01-10T00:00:00Z,8.2091,9.8405,8.9914,6.3947,6.3882,8.708
E0077,2026-01-10T00:00:00Z,8.9078,8.1365,8.7043,7.4093,6.1907,9.033
E0078,2026-01-10T00:00:00Z,8.9742,8.3379,9.7206,7.2093,6.002,9.5319
E0079,2026-01-10T00:00:00Z,9.4546,8.2805,8.5165,6.4566,5.8009,10.3691
E0080,2026-01-10T00:00:00Z,8.0504,8.7988,9.423,7.1795,6.5766,9.7999
E0081,2026-01-10T00:00:00Z,7.925,9.2636,8.6486,7.4092,5.7966,7.5726
E0082,2026-01-10T00:00:00Z,8.3781,8.5294,8.9302,7.6689,5.904,9.0832
E0083,2026-01-10T00:00:00Z,8.5425,10.4994,7.7912,8.2578,6.7199,7.2394
E0084,2026-01-10T00:00:00Z,8.8185,9.2826,7.526,7.984,5.517,8.4648
E0085,2026-01-10T00:00:00Z,9.013,7.7869,7.9665,6.7274,6.5006,8.3877
E0086,2026-01-10T00:00:00Z,7.9773,8.872,9.05,6.9101,4.8613,9.6712
E0087,2026-01-10T00:00:00Z,7.9534,9.4824,9.8497,6.8564,5.5682,8.9153
E0088,2026-01-10T00:00:00Z,7.3132,8.7204,7.3494,7.8116,7.8425,8.6599
E0089,2026-01-10T00:00:00Z,8.0976,9.3394,8.4646,8.4222,6.1389,10.7701
E0090,2026-01-10T00:00:00Z,9.0489,7.3464,9.1708,5.805,6.9514,10.4978
E0091,2026-01-10T00:00:00Z,8.1257,8.6563,7.8481,7.5654,4.7338,10.2574
E0092,2026-01-10T00:00:00Z,8.9314,11.3109,7.8159,8.9273,6.8132,10.051
E0093,2026-01-10T00:00:00Z,8.7458,9.6005,7.4299,8.4273,5.2526,8.5377
E0094,2026-01-10T00:00:00Z,8.7532,9.0557,6.2287,7.6595,6.1748,7.9591
E0095,2026-01-10T00:00:00Z,8.5676,10.8222,9.8903,8.2382,5.5693,11.694
E0096,2026-01-10T00:00:00Z,8.6345,10.6535,9.3729,7.6223,4.8501,9.7314
E0097,2026-01-10T00:00:00Z,8.4463,9.2884,9.2182,7.1487,5.9522,8.2362
E0098,2026-01-10T00:00:00Z,8.3604,8.9487,10.9219,8.178,6.0501,11.4983
E0099,2026-01-10T00:00:00Z,8.1263,9.3682,8.752,9.3498,6.7962,8.873
E0100,2026-01-10T00:00:00Z,7.2724,11.5081,10.1421,6.8105,6.7906,7.9942
E0101,2026-01-10T00:00:00Z,9.2693,10.3645,9.0609,6.0993,6.4564,8.2302
E0102,2026-01-10T00:00:00Z,6.9912,10.3367,7.2236,7.4025,6.0853,8.8413
E0103,2026-01-10T00:00:00Z,8.6095,9.5761,6.812,8.0836,7.5872,13.2314
E0104,2026-01-10T00:00:00Z,8.173,8.7582,8.8295,6.1207,6.7948,9.9064
E0105,2026-01-10T00:00:00Z,8.2931,7.9801,8.6935,6.1223,7.0134,10.5065
E0106,2026-01-10T00:00:00Z,7.7875,8.5972,9.7468,7.8307,5.6746,9.2013
E0107,2026-01-10T00:00:00Z,8.0554,10.2141,8.1155,10.3376,4.9089,9.3768
E0108,2026-01-10T00:00:00Z,8.4231,8.8725,9.2978,7.8275,7.5587,9.613
E0109,2026-01-10T00:00:00Z,8.3684,9.8359,8.7553,8.656,6.5486,10.7236
E0110,2026-01-10T00:00:00Z,7.3484,8.3155,8.5784,8.237,5.9727,11.0545
E0111,2026-01-10T00:00:00Z,7.8618,9.4117,8.3653,6.7083,5.5258,9.2618
E0112,2026-01-10T00:00:00Z,7.2985,8.6891,8.2751,6.3875,7.0524,8.031
E0113,2026-01-10T00:00:00Z,8.2241,10.2958,9.04,8.4365,6.2818,7.5289
E0114,2026-01-10T00:00:00Z,8.6708,10.6632,7.9979,8.8961,5.9236,9.4556
E0115,2026-01-10T00:00:00Z,8.671,9.1169,9.0601,8.4023,6.7302,10.5972
E0116,2026-01-10T00:00:00Z,9.4247,9.9179,7.9137,7.967,5.1859,9.8881
E0117,2026-01-10T00:00:00Z,8.0593,8.0784,7.8543,8.3007,7.0038,9.9672
E0118,2026-01-10T00:00:00Z,8.0295,8.5564,8.8663,8.1327,3.8721,8.8641
E0119,2026-01-10T00:00:00Z,8.0677,9.3682,6.4565,8.5326,7.0877,12.1405
E0120,2026-01-10T00:00:00Z,7.6964,8.6099,10.8144,6.0641,6.8657,10.5979
E0121,2026-01-10T00:00:00Z,9.6029,8.0616,7.3866,7.7536,6.3206,9.5017
E0122,2026-01-10T00:00:00Z,7.2179,9.3741,8.4911,7.821,7.0098,9.1306
E0123,2026-01-10T00:00:00Z,7.9641,12.0338,7.7485,8.1509,6.6542,9.3327
E0124,2026-01-10T00:00:00Z,8.1273,9.7368,6.7262,8.0376,6.9089,12.0987
E0125,2026-01-10T00:00:00Z,7.4796,7.9621,7.034,6.978,5.4282,10.0477
E0126,2026-01-10T00:00:00Z,8.1247,9.8389,8.645,7.1071,4.4201,9.5279
E0127,2026-01-10T00:00:00Z,8.3373,8.041,8.7444,6.6174,5.0521,12.639
E0128,2026-01-10T00:00:00Z,7.2772,9.4725,9.9584,6.5046,7.5046,7.1853
E0129,2026-01-10T00:00:00Z,8.4736,7.8466,7.1087,7.6659,5.6933,12.6654
E0130,2026-01-10T00:00:00Z,8.7403,9.4604,7.5329,9.6093,6.9461,8.7924
E0131,2026-01-10T00:00:00Z,9.5024,9.1505,7.8962,7.4452,7.2678,10.3141
E0132,2026-01-10T00:00:00Z,8.1225,10.9733,6.7914,6.8051,6.2312,12.3684
E0133,2026-01-10T00:00:00Z,6.9365,9.1511,7.8014,6.9886,6.0343,9.0569
E0134,2026-01-10T00:00:00Z,8.4996,9.8255,8.6322,9.4546,6.0982,10.6945
E0135,2026-01-10T00:00:00Z,8.0101,9.7916,8.7354,7.6399,5.2901,9.1442
E0136,2026-01-10T00:00:00Z,8.4734,8.4844,9.6845,8.2074,7.0199,9.524
E0137,2026-01-10T00:00:00Z,7.983,9.0996,7.5191,5.7602,7.6245,6.3305
E0138,2026-01-10T00:00:00Z,8.5064,9.7327,9.783,8.6233,8.3202,9.1206
E0139,2026-01-10T00:00:00Z,7.1193,8.701,8.2595,8.9609,6.628,10.9198
E0140,2026-01-10T00:00:00Z,7.0518,8.3678,7.4623,7.2274,7.9155,6.7722
E0141,2026-01-10T00:00:00Z,7.4361,7.7913,8.3513,7.351,8.331,9.1503
E0142,2026-01-10T00:00:00Z,8.0005,9.7217,9.9065,7.0802,5.6182,9.0769
E0143,2026-01-10T00:00:00Z,7.7961,8.1305,5.465,9.3667,6.5515,7.9897
E0144,2026-01-10T00:00:00Z,9.123,9.6736,7.9455,7.2939,3.7561,9.2638
E0145,2026-01-10T00:00:00Z,8.8514,7.9136,8.1416,7.9328,5.3678,9.3351
E0146,2026-01-10T00:00:00Z,8.7908,8.0749,8.2886,7.9996,6.6109,10.2861
E0147,2026-01-10T00:00:00Z,7.9973,9.5281,9.4594,9.2849,6.5614,8.4571
E0148,2026-01-10T00:00:00Z,7.7465,11.3871,7.7269,7.4525,6.7022,8.3241
E0149,2026-01-10T00:00:00Z,8.5555,7.3104,8.4436,7.7533,6.3711,13.0048
E0000,2026-01-11T00:00:00Z,8.7483,7.5827,8.3628,6.4237,5.7223,9.8245
E0001,2026-01-11T00:00:00Z,8.5315,8.98,7.9716,7.8924,6.2577,7.4195
E0002,2026-01-11T00:00:00Z,8.1543,10.4673,9.1119,6.0777,6.003,8.7934
E0003,2026-01-11T00:00:00Z,7.5402,9.4091,8.4101,8.4149,6.7206,10.8584
E0004,2026-01-11T00:00:00Z,8.7312,9.4327,8.4275,7.7227,6.5382,9.0731
E0005,2026-01-11T00:00:00Z,8.2742,8.4006,9.0335,8.6777,6.6162,11.9694
E0006,2026-01-11T00:00:00Z,7.8682,10.1137,8.0848,4.874,5.6115,10.0166
E0007,2026-01-11T00:00:00Z,7.6109,9.2811,9.1083,7.6699,5.8108,9.7993
E0008,2026-01-11T00:00:00Z,8.8392,9.3577,8.5026,7.583,7.5899,9.8988
E0009,2026-01-11T00:00:00Z,9.5343,8.5023,9.3111,7.0717,6.0074,10.6068
E0010,2026-01-11T00:00:00Z,7.0324,10.3109,8.6659,7.0584,6.5564,11.9759
E0011,2026-01-11T00:00:00Z,7.4701,9.0202,10.773,6.6109,6.8081,10.5077
E0012,2026-01-11T00:00:00Z,8.8921,8.4901,10.7516,6.7575,6.8743,11.1067
E0013,2026-01-11T00:00:00Z,9.0259,9.867,9.0227,5.9722,7.0811,8.9616
E0014,2026-01-11T00:00:00Z,7.9367,7.6128,9.4764,8.0389,5.6102,9.5031
E0015,2026-01-11T00:00:00Z,7.5614,6.8996,10.9377,9.2238,7.1684,10.172
E0016,2026-01-11T00:00:00Z,8.984,11.0131,10.0008,7.452,6.0445,8.6524
E0017,2026-01-11T00:00:00Z,9.1758,8.1358,7.3264,6.2022,6.6477,9.8399
E0018,2026-01-11T00:00:00Z,8.2242,10.1866,7.5356,7.6808,6.7036,9.2731
E0019,2026-01-11T00:00:00Z,7.9598,9.5294,8.6422,6.722,5.1531,8.9549
E0020,2026-01-11T00:00:00Z,9.2988,8.7784,8.6849,8.2188,5.3404,9.3796
E0021,2026-01-11T00:00:00Z,8.2148,9.8523,8.9147,7.5355,6.3655,6.5994
E0022,2026-01-11T00:00:00Z,6.7955,7.7202,7.8357,9.9864,7.1289,8.4369
E0023,2026-01-11T00:00:00Z,10.1971,8.8875,8.1862,6.2693,6.6362,8.5694
E0024,2026-01-11T00:00:00Z,8.972,7.8707,7.8674,6.4422,8.2388,8.0062
E0025,2026-01-11T00:00:00Z,7.9149,9.8863,9.6185,7.9354,6.3644,11.8447
E0026,2026-01-11T00:00:00Z,8.2124,9.0203,7.6114,6.9524,7.3432,10.2653
E0027,2026-01-11T00:00:00Z,7.4357,9.0107,8.6407,5.6473,5.8906,10.2935
E0028,2026-01-11T00:00:00Z,6.6519,10.0546,6.0405,8.657,4.8279,8.1111
E0029,2026-01-11T00:00:00Z,8.7344,8.4385,7.3421,7.5561,5.9071,10.7314
E0030,2026-01-11T00:00:00Z,7.3636,9.0082,8.9395,9.4311,5.2689,7.4268
E0031,2026-01-11T00:00:00Z,8.3323,9.6544,8.8665,7.4109,5.3496,8.9269
E0032,2026-01-11T00:00:00Z,8.8212,8.76,8.1024,8.0049,5.5649,9.6501
E0033,2026-01-11T00:00:00Z,7.8028,11.0004,7.2423,6.7355,8.3608,10.3137
E0034,2026-01-11T00:00:00Z,7.9626,9.3205,7.559,6.9783,5.9081,7.4973
E0035,2026-01-11T00:00:00Z,8.1021,9.5715,10.1818,7.7071,5.2137,11.205
E0036,2026-01-11T00:00:00Z,8.0889,11.6017,8.9689,8.8032,6.317,8.1325
E0037,2026-01-11T00:00:00Z,8.383,8.938,8.8883,9.1695,7.0321,12.2105
E0038,2026-01-11T00:00:00Z,7.9867,10.0173,8.3484,7.3244,7.0762,11.6132
E0039,2026-01-11T00:00:00Z,7.9302,10.8698,9.9142,7.6501,5.3258,10.7174
E0040,2026-01-11T00:00:00Z,9.286,7.8816,7.8388,8.2333,6.4687,10.2699
E0041,2026-01-11T00:00:00Z,10.2246,10.1415,5.5859,9.1633,4.7909,7.336
E0042,2026-01-11T00:00:00Z,8.434,9.5219,9.1243,7.3251,5.1103,12.1566
E0043,2026-01-11T00:00:00Z,8.3826,10.1461,9.6935,8.2151,4.7486,8.5614
E0044,2026-01-11T00:00:00Z,7.8085,9.425,7.6834,7.8403,6.2451,10.1312
E0045,2026-01-11T00:00:00Z,8.9452,10.7758,8.125,7.2389,6.4225,8.7588
E0046,2026-01-11T00:00:00Z,8.4175,7.493,8.5691,7.6998,6.6168,9.0542
E0047,2026-01-11T00:00:00Z,8.6192,8.7769,9.6112,6.9052,6.0799,9.7189
E0048,2026-01-11T00:00:00Z,8.45,9.0827,8.8918,8.9964,7.9959,8.0031
E0049,2026-01-11T00:00:00Z,7.5738,9.7132,6.7577,8.5077,6.2204,6.7784
E0050,2026-01-11T00:00:00Z,8.7501,9.0498,8.8091,6.113,5.5218,8.4273
E0051,2026-01-11T00:00:00Z,9.0867,8.5546,7.6921,7.7965,6.1422,9.3516
E0052,2026-01-11T00:00:00Z,8.562,8.5796,9.8036,6.9058,7.0045,8.657
E0053,2026-01-11T00:00:00Z,9.5184,10.2803,8.4575,8.1941,6.3863,11.0594
E0054,2026-01-11T00:00:00Z,6.6149,9.3846,8.4314,7.6679,6.7763,10.422
E0055,2026-01-11T00:00:00Z,8.0703,9.7189,7.6709,6.0423,7.4759,8.9415
E0056,2026-01-11T00:00:00Z,8.2151,8.6865,7.5525,7.4496,6.4261,8.4135
E0057,2026-01-11T00:00:00Z,9.4961,8.6678,7.6983,7.225,7.1365,6.1169
E0058,2026-01-11T00:00:00Z,7.672,9.4569,7.6352,6.4678,5.9865,9.7404
E0059,2026-01-11T00:00:00Z,8.3619,8.6122,6.7455,8.5157,6.0489,11.3377
E0060,2026-01-11T00:00:00Z,8.3014,10.6975,8.6316,7.2007,5.5734,12.1235
E0061,2026-01-11T00:00:00Z,7.384,9.2587,9.1011,7.024,7.4286,7.2295
E0062,2026-01-11T00:00:00Z,7.9989,7.2635,9.0993,8.893,7.4875,8.6227
E0063,2026-01-11T00:00:00Z,9.1966,9.7554,7.7337,8.652,5.817,8.8277
E0064,2026-01-11T00:00:00Z,7.769,7.4006,8.1688,8.1112,6.898,8.3966
E0065,2026-01-11T00:00:00Z,9.77,11.6442,10.8978,5.8561,9.0064,11.5226
E0066,2026-01-11T00:00:00Z,8.8976,11.0434,7.5047,7.0393,6.7124,10.6711
E0067,2026-01-11T00:00:00Z,8.738,10.7135,9.0528,7.7418,7.0875,8.9551
E0068,2026-01-11T00:00:00Z,8.7762,10.9262,6.9179,8.8771,6.6172,11.4105
E0069,2026-01-11T00:00:00Z,8.5144,10.8679,7.9215,7.5144,5.8952,8.8649
E0070,2026-01-11T00:00:00Z,9.3266,10.5348,7.4715,7.4037,5.5773,9.961
E0071,2026-01-11T00:00:00Z,7.2763,8.8489,7.0571,7.2243,6.6717,7.299
E0072,2026-01-11T00:00:00Z,8.7848,8.3364,10.0258,7.9,5.5566,10.0043
E0073,2026-01-11T00:00:00Z,9.2931,9.9421,7.0791,7.169,6.2421,10.6229
E0074,2026-01-11T00:00:00Z,7.7388,8.7535,6.9763,7.789,5.6406,9.1499
E0075,2026-01-11T00:00:00Z,7.8951,7.4424,8.7904,6.6675,6.8369,10.6998
E0076,2026-01-11T00:00:00Z,8.187,9.3135,7.8148,10.0857,7.6416,10.446
E0077,2026-01-11T00:00:00Z,6.4568,9.341,7.3837,7.7372,6.656,11.3612
E0078,2026-01-11T00:00:00Z,8.2039,8.8558,7.1763,6.9903,6.4993,11.8966
E0079,2026-01-11T00:00:00Z,8.5183,8.8508,8.383,5.6465,6.5572,10.2667
E0080,2026-01-11T00:00:00Z,7.543,8.8815,8.2157,9.3818,6.6557,11.927
E0081,2026-01-11T00:00:00Z,8.1018,10.6158,9.4587,6.6741,7.3901,9.0863
E0082,2026-01-11T00:00:00Z,8.5977,8.525,8.7327,7.4326,4.7062,12.5939
E0083,2026-01-11T00:00:00Z,8.7768,10.5175,7.5279,7.2697,6.1614,8.9816
E0084,2026-01-11T00:00:00Z,8.8801,10.31,8.229,7.6266,4.8827,9.3363
E0085,2026-01-11T00:00:00Z,9.0398,7.6737,9.1128,8.1998,5.8536,9.6037
E0086,2026-01-11T00:00:00Z,8.6947,8.511,8.3785,6.9202,5.7988,10.4407
E0087,2026-01-11T00:00:00Z,8.3374,10.1512,6.9856,8.4749,6.4402,8.984
E0088,2026-01-11T00:00:00Z,7.2771,9.3326,8.9281,8.1418,7.5262,8.7076
E0089,2026-01-11T00:00:00Z,7.8243,9.1508,10.7454,7.1953,5.5001,10.9638
E0090,2026-01-11T00:00:00Z,8.5578,8.1879,8.5313,7.1624,6.4898,9.5172
E0091,2026-01-11T00:00:00Z,8.8919,9.6568,8.3593,8.8561,6.8529,9.7868
E0092,2026-01-11T00:00:00Z,7.9563,10.4851,7.9804,7.3703,4.9191,8.9425
E0093,2026-01-11T00:00:00Z,8.3938,8.1807,8.5985,7.199,5.4027,9.1937
E0094,2026-01-11T00:00:00Z,8.1123,10.1943,6.6462,8.1152,5.8546,7.8057
E0095,2026-01-11T00:00:00Z,7.5345,10.4892,9.3879,8.1023,8.2375,8.1802
E0096,2026-01-11T00:00:00Z,7.9298,9.2349,7.7479,8.0691,6.0146,9.5995
E0097,2026-01-11T00:00:00Z,7.6778,8.4404,9.3894,7.6877,6.5294,8.828
E0098,2026-01-11T00:00:00Z,8.5313,9.8891,8.8308,8.4177,6.486,11.5923
E0099,2026-01-11T00:00:00Z,9.8871,8.7342,10.6697,6.8948,5.0489,12.6424
E0100,2026-01-11T00:00:00Z,7.8481,9.5448,8.4309,9.0833,5.9891,7.7589
E0101,2026-01-11T00:00:00Z,8.345,9.3113,6.8377,7.0349,6.5204,6.8075
E0102,2026-01-11T00:00:00Z,7.5902,7.6312,8.0726,6.6088,6.4685,9.7419
E0103,2026-01-11T00:00:00Z,8.2987,8.4623,8.0022,9.2086,7.0199,10.9894
E0104,2026-01-11T00:00:00Z,9.3104,9.5758,7.3392,8.5102,6.7647,7.9646
E0105,2026-01-11T00:00:00Z,8.3916,9.9951,7.2117,8.7633,6.1705,7.2671
E0106,2026-01-11T00:00:00Z,7.8909,7.8499,8.9143,4.6203,7.8405,9.0284
E0107,2026-01-11T00:00:00Z,8.3725,9.8873,8.4331,6.8363,5.1218,9.3049
E0108,2026-01-11T00:00:00Z,7.2779,8.817,8.0475,6.2842,7.3886,10.0432
E0109,2026-01-11T00:00:00Z,7.6451,8.4861,7.6714,7.8071,5.6925,11.1269
E0110,2026-01-11T00:00:00Z,8.4801,7.9091,9.3987,7.1903,4.7483,10.409
E0111,2026-01-11T00:00:00Z,8.4004,9.5986,9.9867,7.7165,5.3179,6.1425
E0112,2026-01-11T00:00:00Z,8.459,8.8175,8.8146,8.8716,7.149,9.4208
E0113,2026-01-11T00:00:00Z,7.4413,10.0964,8.9322,9.546,6.2149,9.4454
E0114,2026-01-11T00:00:00Z,9.0241,7.7406,9.6044,8.1835,6.3353,8.8988
E0115,2026-01-11T00:00:00Z,7.7617,8.8167,10.0978,5.8279,5.6178,7.5095
E0116,2026-01-11T00:00:00Z,8.0339,9.9237,6.4935,6.8351,8.2748,9.793
E0117,2026-01-11T00:00:00Z,8.4925,9.1903,8.6406,7.0032,4.491,11.9269
E0118,2026-01-11T00:00:00Z,9.4208,10.0131,8.5206,6.2175,6.2368,9.3916
E0119,2026-01-11T00:00:00Z,8.6244,8.0701,9.7748,8.4192,6.4526,9.7359
E0120,2026-01-11T00:00:00Z,8.1593,8.1687,9.4857,8.4796,8.5663,8.7883
E0121,2026-01-11T00:00:00Z,8.9108,8.4328,9.8233,7.0756,8.5188,8.3731
E0122,2026-01-11T00:00:00Z,8.5154,8.9434,8.0527,8.1678,6.8482,7.1236
E0123,2026-01-11T00:00:00Z,8.8046,9.557,7.8028,9.0715,5.7118,7.1713
E0124,2026-01-11T00:00:00Z,8.1876,8.2825,7.4036,6.9639,6.8378,11.0306
E0125,2026-01-11T00:00:00Z,8.8229,9.3475,7.2886,6.3462,5.0912,10.0971
E0126,2026-01-11T00:00:00Z,8.6959,11.1661,8.2186,8.3302,6.7868,10.7076
E0127,2026-01-11T00:00:00Z,8.0689,10.9255,10.8636,8.7223,7.0214,8.5733
E0128,2026-01-11T00:00:00Z,8.5035,8.9267,10.5648,7.0173,5.898,9.028
E0129,2026-01-11T00:00:00Z,8.3295,7.5967,9.1695,9.3441,7.7298,13.3412
E0130,2026-01-11T00:00:00Z,8.3728,10.9067,9.0482,8.2789,5.5279,11.0722
E0131,2026-01-11T00:00:00Z,8.3386,8.5177,7.6372,7.9239,6.5196,10.4704
E0132,2026-01-11T00:00:00Z,7.465,7.4147,9.6073,5.9928,5.8034,12.2821
E0133,2026-01-11T00:00:00Z,7.8553,9.1822,8.5958,6.3619,6.7718,12.4873
E0134,2026-01-11T00:00:00Z,8.5706,8.9467,8.8291,6.2579,5.2263,10.1263
E0135,2026-01-11T00:00:00Z,8.1006,9.3472,7.7417,6.7289,7.9432,6.9802
E0136,2026-01-11T00:00:00Z,8.3141,8.7607,7.4503,6.4813,7.6689,8.0497
E0137,2026-01-11T00:00:00Z,9.3704,9.5687,8.8757,7.2438,4.9542,8.6996
E0138,2026-01-11T00:00:00Z,7.657,7.1306,8.9856,5.9583,6.3246,9.975
E0139,2026-01-11T00:00:00Z,8.6979,8.4798,7.3472,8.2249,6.9125,12.8017
E0140,2026-01-11T00:00:00Z,8.8083,9.2632,5.9783,7.4615,5.8449,9.1035
E0141,2026-01-11T00:00:00Z,8.677,7.4873,7.2894,7.9918,6.2337,6.0396
E0142,2026-01-11T00:00:00Z,8.6848,10.1501,8.1126,7.8926,6.7944,7.5126
E0143,2026-01-11T00:00:00Z,6.772,6.7854,8.483,7.5548,6.1432,8.9497
E0144,2026-01-11T00:00:00Z,8.0167,8.4151,8.1633,6.9653,6.3567,11.4127
E0145,2026-01-11T00:00:00Z,7.6907,10.5446,9.6965,7.985,6.3379,9.5987
E0146,2026-01-11T00:00:00Z,8.8079,10.9698,8.8632,7.1911,4.5748,9.2481
E0147,2026-01-11T00:00:00Z,8.3536,10.1577,7.7118,8.6611,4.3903,9.0131
E0148,2026-01-11T00:00:00Z,8.2702,7.8498,9.8638,8.0952,6.1824,11.2915
E0149,2026-01-11T00:00:00Z,8.7212,8.7583,8.615,7.2558,6.6558,7.6717
E0000,2026-01-12T00:00:00Z,7.0755,9.2993,7.4787,6.8537,6.1611,8.0948
E0001,2026-01-12T00:00:00Z,7.8198,9.2729,6.6923,8.0083,7.9893,7.6293
E0002,2026-01-12T00:00:00Z,7.6146,7.8925,7.7906,8.6482,5.6568,10.8384
E0003,2026-01-12T00:00:00Z,10.3364,10.2651,8.4003,7.4458,4.9202,8.8151
E0004,2026-01-12T00:00:00Z,8.5141,7.978,7.2569,8.0289,5.2507,7.5148
E0005,2026-01-12T00:00:00Z,7.1834,8.3424,8.1007,8.0566,6.3959,8.7978
E0006,2026-01-12T00:00:00Z,8.3094,9.2145,8.8396,9.1974,6.1203,7.4367
E0007,2026-01-12T00:00:00Z,7.6428,9.6064,7.9509,7.5282,6.435,6.1702
E0008,2026-01-12T00:00:00Z,8.5772,7.9279,9.88,6.3943,6.2672,9.2845
E0009,2026-01-12T00:00:00Z,7.7303,8.6911,7.9793,6.3706,6.9664,9.4158
E0010,2026-01-12T00:00:00Z,7.4983,8.4203,8.1149,8.1287,6.9877,8.6443
E0011,2026-01-12T00:00:00Z,9.1284,9.7982,9.3015,7.4848,6.8507,10.574
E0012,2026-01-12T00:00:00Z,9.1215,9.6811,9.4864,6.7255,5.8975,12.4733
E0013,2026-01-12T00:00:00Z,8.6863,9.5171,9.319,7.797,6.2823,12.2409
E0014,2026-01-12T00:00:00Z,8.35,9.5105,8.5408,6.8597,4.477,9.5689
E0015,2026-01-12T00:00:00Z,8.9526,9.0873,7.5716,7.5707,5.33,12.6526
E0016,2026-01-12T00:00:00Z,9.35,9.7175,8.4942,7.9346,6.3183,9.1774
E0017,2026-01-12T00:00:00Z,7.8786,6.7618,6.6726,5.8043,6.2787,10.1372
E0018,2026-01-12T00:00:00Z,7.569,8.0886,7.032,8.6583,5.415,9.6087
E0019,2026-01-12T00:00:00Z,8.0774,8.3087,7.5891,6.3932,5.6597,10.1222
E0020,2026-01-12T00:00:00Z,6.8923,10.9791,9.4741,6.7516,6.365,8.9451
E0021,2026-01-12T00:00:00Z,8.7366,7.8899,8.3573,6.9683,8.2251,7.8345
E0022,2026-01-12T00:00:00Z,8.6914,9.3796,10.521,6.5195,6.5789,9.3559
E0023,2026-01-12T00:00:00Z,8.7302,8.0887,8.0205,7.529,4.6417,9.0673
E0024,2026-01-12T00:00:00Z,9.0404,8.9234,9.4025,8.5332,6.3989,9.854
E0025,2026-01-12T00:00:00Z,8.2651,8.5161,8.0016,7.689,5.2415,8.0314
E0026,2026-01-12T00:00:00Z,8.9197,9.7427,8.8175,6.7296,4.5413,11.5508
E0027,2026-01-12T00:00:00Z,7.4575,8.5978,8.8353,8.8182,7.0456,10.151
E0028,2026-01-12T00:00:00Z,8.8916,9.1422,9.1695,7.1988,7.2107,7.1023
E0029,2026-01-12T00:00:00Z,7.7841,8.3341,8.7509,8.7369,7.5031,8.0745
E0030,2026-01-12T00:00:00Z,8.1777,8.9384,9.3312,7.5367,6.4081,9.4115
E0031,2026-01-12T00:00:00Z,8.1939,9.6244,9.0807,8.7161,6.0703,10.6347
E0032,2026-01-12T00:00:00Z,8.6387,11.7995,9.5998,5.4482,6.129,8.8315
E0033,2026-01-12T00:00:00Z,8.5991,9.299,8.6401,5.9126,6.7556,11.5599
E0034,2026-01-12T00:00:00Z,7.064,11.1148,10.0052,8.2538,4.5658,6.4076
E0035,2026-01-12T00:00:00Z,8.9251,6.9193,9.1125,7.3274,7.5752,11.1665
E0036,2026-01-12T00:00:00Z,8.0484,8.2149,9.6,8.3946,5.9294,7.39
E0037,2026-01-12T00:00:00Z,8.9262,9.387,7.7351,9.3986,5.9913,9.5949
E0038,2026-01-12T00:00:00Z,7.5061,9.2237,9.9004,6.9679,8.4093,10.5516
E0039,2026-01-12T00:00:00Z,7.8922,10.3336,8.6713,8.4411,6.9382,11.2946
E0040,2026-01-12T00:00:00Z,7.6614,7.7024,8.5957,7.4028,8.4004,9.9426
E0041,2026-01-12T00:00:00Z,8.5851,8.6351,8.5703,7.3406,7.7196,9.9606
E0042,2026-01-12T00:00:00Z,8.404,9.1477,7.0084,8.1499,6.2531,8.6853
E0043,2026-01-12T00:00:00Z,8.2895,8.2632,5.981,6.7913,6.3752,11.7471
E0044,2026-01-12T00:00:00Z,9.0408,11.2873,10.5305,8.9104,7.5083,12.2808
E0045,2026-01-12T00:00:00Z,6.8191,9.9832,10.3468,5.8812,6.7613,10.7531
E0046,2026-01-12T00:00:00Z,7.886,9.9285,8.4291,7.6491,6.9783,12.3471
E0047,2026-01-12T00:00:00Z,8.2155,9.2445,10.1654,7.747,6.2475,7.1733
E0048,2026-01-12T00:00:00Z,8.1937,9.5174,10.9754,7.7562,6.9498,7.5912
E0049,2026-01-12T00:00:00Z,8.0272,9.0785,5.9633,8.3056,5.9245,11.8113
E0050,2026-01-12T00:00:00Z,8.8102,7.1007,8.4091,8.5803,6.6667,8.6681
E0051,2026-01-12T00:00:00Z,8.9507,9.8259,9.065,7.1954,5.5217,11.5325
E0052,2026-01-12T00:00:00Z,7.5474,8.2341,6.7774,6.0595,6.3339,11.3175
E0053,2026-01-12T00:00:00Z,7.2113,10.1909,6.5905,7.2745,5.2404,12.6123
E0054,2026-01-12T00:00:00Z,9.8075,9.8294,9.1594,6.8089,5.9783,11.2709
E0055,2026-01-12T00:00:00Z,7.8256,8.8114,11.1044,6.0353,5.512,9.7611
E0056,2026-01-12T00:00:00Z,7.7359,11.0521,7.3005,6.4197,7.0666,12.7888
E0057,2026-01-12T00:00:00Z,9.2674,8.3294,8.2496,8.3892,6.2394,10.8994
E0058,2026-01-12T00:00:00Z,8.373,8.8171,10.1069,5.9943,6.0749,8.1612
E0059,2026-01-12T00:00:00Z,7.219,9.7369,8.8771,7.7538,6.1642,9.4447
E0060,2026-01-12T00:00:00Z,7.108,7.0347,9.9912,7.0834,7.7945,11.1965
E0061,2026-01-12T00:00:00Z,6.6992,9.2122,9.5912,8.6268,5.8761,11.4752
E0062,2026-01-12T00:00:00Z,7.7886,9.1619,6.3243,7.6216,6.9877,7.1364
E0063,2026-01-12T00:00:00Z,8.8137,8.7313,7.3926,8.1663,6.1356,7.2733
E0064,2026-01-12T00:00:00Z,8.5425,10.1583,7.033,7.8167,5.7423,9.9582
E0065,2026-01-12T00:00:00Z,7.4891,8.8245,9.4201,7.8078,6.1995,7.5097
E0066,2026-01-12T00:00:00Z,8.2988,10.7301,8.0993,7.9908,7.0825,12.3372
E0067,2026-01-12T00:00:00Z,8.0154,9.9897,8.5995,7.7296,5.9731,10.7201
E0068,2026-01-12T00:00:00Z,8.5772,8.5738,10.0733,7.7213,6.8716,8.1042
E0069,2026-01-12T00:00:00Z,9.9746,9.2463,9.0102,8.2318,5.9498,8.057
E0070,2026-01-12T00:00:00Z,8.5592,8.8356,9.6458,8.0834,5.9287,9.9835
E0071,2026-01-12T00:00:00Z,7.8298,9.0369,9.1534,5.4921,6.0329,7.834
E0072,2026-01-12T00:00:00Z,8.975,9.8715,9.9068,6.6498,7.4788,7.683
E0073,2026-01-12T00:00:00Z,8.125,8.0687,8.4136,6.8093,6.559,10.0079
E0074,2026-01-12T00:00:00Z,7.8659,8.0759,10.2706,8.1844,6.7541,8.3877
E0075,2026-01-12T00:00:00Z,8.4214,8.5034,8.3229,7.6817,7.104,9.7345
E0076,2026-01-12T00:00:00Z,8.9148,9.8304,8.3441,8.0183,8.6797,11.3391
E0077,2026-01-12T00:00:00Z,9.773,10.1025,8.9236,8.0536,6.7047,11.5212
E0078,2026-01-12T00:00:00Z,8.4454,8.0848,9.5132,6.5583,6.6287,9.4722
E0079,2026-01-12T00:00:00Z,8.5188,10.0645,10.8403,9.1376,5.7611,9.9338
E0080,2026-01-12T00:00:00Z,8.4532,9.4102,7.9795,8.0707,6.0169,10.109
E0081,2026-01-12T00:00:00Z,8.724,9.0072,10.0866,6.78,5.0046,11.6179
E0082,2026-01-12T00:00:00Z,8.1961,9.3675,6.9581,7.4361,8.43,11.3788
E0083,2026-01-12T00:00:00Z,7.4027,9.0751,8.8665,7.6869,7.276,9.6721
E0084,2026-01-12T00:00:00Z,6.4929,8.2829,8.4853,7.4137,6.7954,10.6569
E0085,2026-01-12T00:00:00Z,8.7743,10.2652,8.137,5.8941,5.1846,10.3443
E0086,2026-01-12T00:00:00Z,7.3622,8.5888,10.1107,6.1833,5.9606,9.9735
E0087,2026-01-12T00:00:00Z,8.7806,7.2555,10.2891,8.0397,7.3568,8.956
E0088,2026-01-12T00:00:00Z,7.0183,9.3134,8.1557,8.3028,7.0597,11.5126
E0089,2026-01-12T00:00:00Z,8.4315,8.8332,7.3107,5.512,8.9882,8.0383
E0090,2026-01-12T00:00:00Z,9.0601,10.4452,9.2574,7.1989,5.3733,10.3069
E0091,2026-01-12T00:00:00Z,8.5335,9.2283,9.797,7.7457,4.5177,9.4414
E0092,2026-01-12T00:00:00Z,8.375,11.6252,7.4939,9.631,6.6137,9.663
E0093,2026-01-12T00:00:00Z,9.1323,9.8727,7.8999,7.275,5.3856,9.3964
E0094,2026-01-12T00:00:00Z,9.8988,8.1493,9.2054,8.053,7.2093,7.6936
E0095,2026-01-12T00:00:00Z,7.3342,8.4997,6.2102,9.1477,5.3029,8.5124
E0096,2026-01-12T00:00:00Z,8.5992,7.7719,9.5186,6.3785,8.1161,8.6868
E0097,2026-01-12T00:00:00Z,8.1197,8.4088,9.1921,7.5914,5.1163,9.0645
E0098,2026-01-12T00:00:00Z,8.5474,9.6465,8.4677,9.7048,6.2326,13.4099
E0099,2026-01-12T00:00:00Z,6.7397,7.5713,8.5455,7.6321,6.9312,8.4841
E0100,2026-01-12T00:00:00Z,8.978,8.3863,8.7852,8.2409,5.8674,13.5438
E0101,2026-01-12T00:00:00Z,8.4184,8.7482,11.2615,7.4358,7.3892,11.1791
E0102,2026-01-12T00:00:00Z,8.759,8.0656,9.2481,7.8912,4.3719,10.2006
E0103,2026-01-12T00:00:00Z,8.3295,10.0547,7.5317,7.3987,7.2302,10.8625
E0104,2026-01-12T00:00:00Z,8.062,9.1402,9.0084,6.0058,6.5477,9.9444
E0105,2026-01-12T00:00:00Z,7.8705,8.598,8.0225,5.4183,5.7189,10.2304
E0106,2026-01-12T00:00:00Z,8.2015,9.6213,7.2181,7.7177,7.145,10.4185
E0107,2026-01-12T00:00:00Z,8.1063,8.0929,9.1311,7.6568,7.5542,7.4693
E0108,2026-01-12T00:00:00Z,8.5349,10.5403,9.6871,6.0865,6.0057,9.5128
E0109,2026-01-12T00:00:00Z,8.6092,9.5013,10.1941,7.1472,8.011,8.8735
E0110,2026-01-12T00:00:00Z,8.8486,11.155,8.6386,7.8554,8.3591,9.327
E0111,2026-01-12T00:00:00Z,9.257,7.8543,8.929,6.5821,7.2778,12.7433
E0112,2026-01-12T00:00:00Z,7.3458,9.1126,8.839,8.0451,5.336,10.0695
E0113,2026-01-12T00:00:00Z,7.2818,10.2213,7.9196,6.7312,5.1915,7.9677
E0114,2026-01-12T00:00:00Z,8.4713,10.3412,8.6878,8.8469,5.852,8.8564
E0115,2026-01-12T00:00:00Z,8.4661,9.0352,6.698,9.103,5.7321,9.6161
E0116,2026-01-12T00:00:00Z,7.6639,9.8107,7.7811,7.5186,6.1135,10.2148
E0117,2026-01-12T00:00:00Z,8.5646,8.8212,9.0149,8.5717,6.2338,11.0272
E0118,2026-01-12T00:00:00Z,9.066,6.6928,7.0104,7.236,6.8843,5.8742
E0119,2026-01-12T00:00:00Z,7.3623,8.8533,9.2261,7.1588,6.6773,9.9767
E0120,2026-01-12T00:00:00Z,8.0822,9.4088,7.4954,8.3404,5.2424,8.154
E0121,2026-01-12T00:00:00Z,7.3323,7.1588,9.0386,5.6874,6.2167,9.1438
E0122,2026-01-12T00:00:00Z,8.3215,9.5466,7.9025,9.2511,6.4778,11.0608
E0123,2026-01-12T00:00:00Z,7.6021,10.1375,7.9448,6.7418,6.3294,10.6329
E0124,2026-01-12T00:00:00Z,8.5636,8.7871,8.3363,7.4485,4.7993,8.8054
E0125,2026-01-12T00:00:00Z,9.3275,10.2512,7.9198,8.5046,5.7593,8.4738
E0126,2026-01-12T00:00:00Z,6.0862,10.2597,10.7274,8.1873,5.9627,9.6099
E0127,2026-01-12T00:00:00Z,8.8796,10.1201,9.5271,6.2717,6.2674,8.643
E0128,2026-01-12T00:00:00Z,9.2829,9.3044,7.0619,8.1648,6.0761,9.7047
E0129,2026-01-12T00:00:00Z,7.6239,8.4,7.6384,7.9733,6.0271,9.28
E0130,2026-01-12T00:00:00Z,7.7479,9.3908,7.8062,8.0561,7.6672,11.6558
E0131,2026-01-12T00:00:00Z,7.4132,9.7935,10.0692,7.5446,7.9338,10.1386
E0132,2026-01-12T00:00:00Z,8.0326,9.5964,9.254,8.1011,6.2381,12.2375
E0133,2026-01-12T00:00:00Z,8.2806,8.3947,8.5158,7.7815,7.4232,11.2133
E0134,2026-01-12T00:00:00Z,7.9141,10.9895,7.77,8.8132,5.7972,11.8826
E0135,2026-01-12T00:00:00Z,8.4131,9.8452,8.643,8.7959,5.6538,10.6363
E0136,2026-01-12T00:00:00Z,9.5043,7.4936,8.714,7.7549,5.7912,9.9534
E0137,2026-01-12T00:00:00Z,8.9635,9.4083,8.9925,7.0675,6.957,9.2793
E0138,2026-01-12T00:00:00Z,8.6287,9.9147,6.6202,6.7824,8.3899,12.0747
E0139,2026-01-12T00:00:00Z,8.5331,9.6665,8.2106,5.168,5.3566,13.0864
E0140,2026-01-12T00:00:00Z,8.7361,8.403,8.9331,7.3988,6.376,8.1206
E0141,2026-01-12T00:00:00Z,9.9648,8.1174,12.447,7.8047,7.4418,11.6879
E0142,2026-01-12T00:00:00Z,8.0602,9.9191,8.9785,7.8493,6.8695,9.1727
E0143,2026-01-12T00:00:00Z,8.7708,10.0548,6.9212,7.434,5.5056,10.4935
E0144,2026-01-12T00:00:00Z,7.0436,8.2985,8.2442,8.1604,6.9814,8.2211
E0145,2026-01-12T00:00:00Z,8.015,9.6387,9.1277,6.7123,5.511,8.9641
E0146,2026-01-12T00:00:00Z,8.2208,9.0327,9.0519,7.2033,5.0031,12.4536
E0147,2026-01-12T00:00:00Z,8.3081,11.1787,7.3026,6.5676,6.6247,11.3124
E0148,2026-01-12T00:00:00Z,7.2403,9.8475,9.6179,7.8985,7.2311,8.706
E0149,2026-01-12T00:00:00Z,8.7501,10.0785,7.8376,7.0326,5.794,6.6981
E0000,2026-01-13T00:00:00Z,7.0687,8.089,8.0046,8.8412,7.4328,10.3678
E0001,2026-01-13T00:00:00Z,7.2456,10.1911,8.9696,6.5151,7.7825,6.4732
E0002,2026-01-13T00:00:00Z,7.7162,8.7446,8.3712,7.2901,6.98,11.9453
E0003,2026-01-13T00:00:00Z,8.6447,8.6976,7.8274,7.6549,7.0158,11.0809
E0004,2026-01-13T00:00:00Z,8.4926,8.9179,9.8921,8.7401,7.2892,12.245
E0005,2026-01-13T00:00:00Z,8.8446,10.1146,8.3796,7.1161,6.2659,9.9802
E0006,2026-01-13T00:00:00Z,7.3463,7.9958,7.9058,7.7834,7.0758,7.9083
E0007,2026-01-13T00:00:00Z,8.7496,10.1911,8.6195,9.4878,5.3681,8.7568
E0008,2026-01-13T00:00:00Z,9.3185,8.8174,9.378,8.5692,5.9843,7.682
E0009,2026-01-13T00:00:00Z,7.7759,9.1676,7.8638,7.7503,7.2878,10.2886
E0010,2026-01-13T00:00:00Z,8.0632,8.205,9.202,8.325,6.8034,8.7281
E0011,2026-01-13T00:00:00Z,8.2706,9.8234,9.7807,7.2986,5.7572,9.3667
E0012,2026-01-13T00:00:00Z,7.6846,9.3753,7.9987,7.4797,6.663,11.5523
E0013,2026-01-13T00:00:00Z,9.2816,9.7266,9.1299,7.1927,5.2857,9.1965
E0014,2026-01-13T00:00:00Z,8.1139,9.2442,8.4364,7.4404,7.6711,10.5968
E0015,2026-01-13T00:00:00Z,8.7357,9.2625,9.1951,7.9596,6.3863,11.4708
E0016,2026-01-13T00:00:00Z,7.5369,9.8806,9.182,7.4835,6.3748,10.3158
E0017,2026-01-13T00:00:00Z,9.8857,7.7045,9.152,7.6419,6.0051,11.6798
E0018,2026-01-13T00:00:00Z,8.2841,8.1308,8.1105,7.5466,7.4218,9.5727
E0019,2026-01-13T00:00:00Z,8.4011,9.2794,8.7256,8.2802,6.2031,9.6226
E0020,2026-01-13T00:00:00Z,8.5055,10.4151,9.0777,6.2778,6.3337,10.9695
E0021,2026-01-13T00:00:00Z,8.1549,7.6585,7.9386,6.8017,6.3681,10.101
E0022,2026-01-13T00:00:00Z,7.5823,8.3701,8.7014,6.7711,6.4452,10.1356
E0023,2026-01-13T00:00:00Z,8.3229,9.9594,7.2717,7.9673,4.646,10.2811
E0024,2026-01-13T00:00:00Z,7.1204,7.757,8.2975,7.386,7.2668,9.301
E0025,2026-01-13T00:00:00Z,8.1578,7.9976,6.8941,8.8167,5.7156,9.8138
E0026,2026-01-13T00:00:00Z,9.1703,9.6445,7.4394,6.3362,7.576,12.6874
E0027,2026-01-13T00:00:00Z,8.051,8.2763,8.909,6.6459,6.6648,11.2757
E0028,2026-01-13T00:00:00Z,9.1416,8.7181,9.5667,8.7147,8.1164,7.9384
E0029,2026-01-13T00:00:00Z,8.4637,8.3528,8.5552,6.6942,5.4045,7.3731
E0030,2026-01-13T00:00:00Z,9.6654,9.3029,9.5068,8.2341,7.2097,9.8817
E0031,2026-01-13T00:00:00Z,7.6393,10.1935,9.0626,6.6467,5.2779,9.2685
E0032,2026-01-13T00:00:00Z,8.505,8.2347,6.7844,7.3017,6.5966,10.3442
E0033,2026-01-13T00:00:00Z,7.4694,10.0342,7.916,7.1457,6.1828,9.6608
E0034,2026-01-13T00:00:00Z,7.8171,9.3376,7.1902,8.4537,6.5221,9.7751
E0035,2026-01-13T00:00:00Z,8.9576,9.4538,8.7056,7.6433,6.0152,8.8476
E0036,2026-01-13T00:00:00Z,7.6832,10.5633,6.0136,7.6765,6.7026,9.3407
E0037,2026-01-13T00:00:00Z,7.0554,7.2049,8.8816,8.5048,5.9341,8.6879
E0038,2026-01-13T00:00:00Z,8.578,9.5667,7.5767,7.8956,6.4643,8.9043
E0039,2026-01-13T00:00:00Z,9.3846,8.1984,7.9343,6.3436,5.9714,9.1105
E0040,2026-01-13T00:00:00Z,7.6288,8.1913,8.4788,7.1843,7.6778,5.7205
E0041,2026-01-13T00:00:00Z,6.2994,9.4911,8.1907,8.4038,6.0239,11.3163
E0042,2026-01-13T00:00:00Z,8.3028,9.8261,8.0844,7.7709,5.6018,9.9581
E0043,2026-01-13T00:00:00Z,8.8235,8.0362,7.8579,7.025,5.5161,8.2449
E0044,2026-01-13T00:00:00Z,7.099,9.4802,7.3627,6.7897,5.4075,9.3423
E0045,2026-01-13T00:00:00Z,7.9969,9.61,9.7232,7.4041,6.2513,9.4728
E0046,2026-01-13T00:00:00Z,8.8697,10.2208,8.9556,8.0489,6.2093,9.9357
E0047,2026-01-13T00:00:00Z,8.2782,8.5322,9.4336,6.8629,6.028,10.2962
E0048,2026-01-13T00:00:00Z,7.5669,8.9288,9.2568,6.6376,5.0041,7.9078
E0049,2026-01-13T00:00:00Z,8.2478,7.6122,8.1582,7.0167,6.9188,7.5961
E0050,2026-01-13T00:00:00Z,8.7919,8.5409,8.8885,6.8691,4.9913,10.1761
E0051,2026-01-13T00:00:00Z,8.3953,8.2667,7.9097,7.4688,5.9183,8.9128
E0052,2026-01-13T00:00:00Z,8.097,8.3556,9.047,7.8305,7.066,10.1903
E0053,2026-01-13T00:00:00Z,9.203,6.9888,8.2963,9.8105,6.4493,11.9308
E0054,2026-01-13T00:00:00Z,6.754,5.7987,5.9022,5.7793,7.3899,10.1421
E0055,2026-01-13T00:00:00Z,8.5899,10.0435,8.2185,7.6678,5.6523,10.3331
E0056,2026-01-13T00:00:00Z,8.634,11.0631,9.5682,7.3979,5.7279,9.7149
E0057,2026-01-13T00:00:00Z,8.5935,8.5544,10.557,7.9853,6.652,10.1109
E0058,2026-01-13T00:00:00Z,9.0493,9.3166,5.8475,8.868,5.5645,12.6268
E0059,2026-01-13T00:00:00Z,8.0216,9.2305,8.3483,6.1988,6.5193,10.0174
E0060,2026-01-13T00:00:00Z,8.4415,9.7573,6.2688,7.0403,6.2971,9.0477
E0061,2026-01-13T00:00:00Z,8.6264,7.8194,7.6615,6.9842,6.6533,10.2128
E0062,2026-01-13T00:00:00Z,7.4251,8.6056,8.0996,5.7802,5.6778,8.3055
E0063,2026-01-13T00:00:00Z,8.0706,10.231,8.5375,7.1983,5.5517,7.9923
E0064,2026-01-13T00:00:00Z,8.5612,9.8161,8.2198,8.0531,6.8551,9.9826
E0065,2026-01-13T00:00:00Z,8.5532,11.1362,9.0148,6.8483,5.5509,11.1669
E0066,2026-01-13T00:00:00Z,8.6239,10.3424,8.9258,6.3556,3.9658,7.2494
E0067,2026-01-13T00:00:00Z,8.5947,10.309,9.2009,7.1129,6.2268,10.1528
E0068,2026-01-13T00:00:00Z,8.5208,8.9894,9.6833,8.006,6.5617,7.431
E0069,2026-01-13T00:00:00Z,8.2003,10.3238,11.8966,6.9437,5.9427,8.1067
E0070,2026-01-13T00:00:00Z,9.0458,8.2865,10.5305,6.2654,6.9839,11.0574
E0071,2026-01-13T00:00:00Z,6.8319,8.887,9.3108,7.6289,6.7614,9.2592
E0072,2026-01-13T00:00:00Z,8.1001,7.6951,7.6781,7.5449,7.9895,6.6585
E0073,2026-01-13T00:00:00Z,9.2649,9.2925,8.5854,6.9427,6.556,7.6654
E0074,2026-01-13T00:00:00Z,8.2783,8.4739,7.4892,7.2685,6.5057,9.237
E0075,2026-01-13T00:00:00Z,7.5924,9.4111,8.1155,5.9804,6.8592,8.0687
E0076,2026-01-13T00:00:00Z,8.2753,8.2968,7.5525,5.7766,6.3303,9.6858
E0077,2026-01-13T00:00:00Z,8.235,7.0425,9.4807,8.2846,5.3388,8.3887
E0078,2026-01-13T00:00:00Z,8.2401,10.3418,9.5547,6.0805,6.7888,8.1026
E0079,2026-01-13T00:00:00Z,8.6047,8.9888,9.5077,7.8574,6.4594,10.7492
E0080,2026-01-13T00:00:00Z,8.0043,9.063,9.4652,7.2968,5.3534,8.7942
E0081,2026-01-13T00:00:00Z,8.5433,7.6761,9.7609,7.0638,6.5863,8.1731
E0082,2026-01-13T00:00:00Z,8.1486,9.5622,8.7573,7.1733,5.4265,9.6195
E0083,2026-01-13T00:00:00Z,7.4502,8.1779,9.8561,7.3168,6.4489,11.5809
E0084,2026-01-13T00:00:00Z,8.2888,9.9026,9.7665,7.4242,5.7198,12.2452
E0085,2026-01-13T00:00:00Z,7.2904,9.8256,8.835,8.2409,5.7081,11.4107
E0086,2026-01-13T00:00:00Z,7.8061,8.1395,8.7963,6.6365,7.2602,6.6951
E0087,2026-01-13T00:00:00Z,7.8379,9.2338,8.7189,8.2321,5.7019,7.9841
E0088,2026-01-13T00:00:00Z,8.7056,11.0192,7.1047,7.9441,5.0849,8.4794
E0089,2026-01-13T00:00:00Z,7.109,9.4107,9.2063,6.7853,5.9511,11.1567
E0090,2026-01-13T00:00:00Z,8.5152,9.2246,6.8892,7.0604,5.6427,12.63
E0091,2026-01-13T00:00:00Z,7.6327,11.4198,7.2452,6.5908,4.3164,9.1527
E0092,2026-01-13T00:00:00Z,8.348,7.302,8.3345,5.228,6.9073,7.5254
E0093,2026-01-13T00:00:00Z,8.6328,9.2975,8.6159,5.9525,6.9421,9.5952
E0094,2026-01-13T00:00:00Z,9.6157,10.0607,7.7247,7.1903,6.8539,9.8714
E0095,2026-01-13T00:00:00Z,7.7598,10.1266,9.3516,7.1511,6.5578,7.1684
E0096,2026-01-13T00:00:00Z,9.1792,9.6993,8.2867,7.3064,5.639,9.3021
E0097,2026-01-13T00:00:00Z,6.7017,10.1628,10.0324,6.2052,7.7059,8.9605
E0098,2026-01-13T00:00:00Z,8.2814,9.0922,5.8985,5.4681,6.2051,7.5804
E0099,2026-01-13T00:00:00Z,9.0724,9.3553,7.3704,6.4888,5.802,12.2883
E0100,2026-01-13T00:00:00Z,8.1349,10.4711,9.3234,9.0599,4.5187,10.6631
E0101,2026-01-13T00:00:00Z,8.5532,8.9026,9.5533,7.5324,6.5955,10.8418
E0102,2026-01-13T00:00:00Z,8.6276,7.4782,7.6394,8.5461,6.5343,5.9956
E0103,2026-01-13T00:00:00Z,8.7916,7.741,9.5976,6.8817,5.2174,8.3519
E0104,2026-01-13T00:00:00Z,7.8868,8.9965,11.1605,7.7705,5.7522,10.8695
E0105,2026-01-13T00:00:00Z,8.498,11.0431,6.8693,7.4496,5.5921,10.027
E0106,2026-01-13T00:00:00Z,9.3484,10.5175,8.2974,8.3355,5.9155,9.977
E0107,2026-01-13T00:00:00Z,8.7164,7.9699,9.1098,7.9276,4.4671,9.2982
E0108,2026-01-13T00:00:00Z,8.9787,9.4746,8.866,7.4454,5.2192,10.5177
E0109,2026-01-13T00:00:00Z,8.8204,10.8242,8.735,8.1646,6.0279,10.8306
E0110,2026-01-13T00:00:00Z,7.7981,10.813,9.1488,9.2595,7.4385,9.7287
E0111,2026-01-13T00:00:00Z,6.8685,7.6393,9.0457,7.7557,7.0206,9.6464
E0112,2026-01-13T00:00:00Z,9.1504,7.9642,9.2903,8.4081,8.341,11.4343
E0113,2026-01-13T00:00:00Z,8.7097,9.0903,8.7197,7.9155,5.9768,9.2258
E0114,2026-01-13T00:00:00Z,8.4114,8.6951,9.5034,6.874,6.3687,8.8703
E0115,2026-01-13T00:00:00Z,7.7302,9.9826,9.0283,7.1316,6.7998,9.1648
E0116,2026-01-13T00:00:00Z,9.2745,9.9759,8.4361,9.3512,6.6502,9.047
E0117,2026-01-13T00:00:00Z,7.508,7.7789,8.7829,5.2738,4.577,7.6169
E0118,2026-01-13T00:00:00Z,8.3456,7.6888,9.2104,8.0091,6.8999,11.3337
E0119,2026-01-13T00:00:00Z,8.0286,7.7526,8.6986,6.9012,5.4964,7.4566
E0120,2026-01-13T00:00:00Z,8.0813,9.7294,8.1768,6.1089,6.2044,11.6945
E0121,2026-01-13T00:00:00Z,7.658,8.098,7.085,6.4782,6.2322,8.7057
E0122,2026-01-13T00:00:00Z,9.3536,9.7548,10.2433,6.3906,7.122,8.8469
E0123,2026-01-13T00:00:00Z,7.2944,9.6717,7.5587,7.784,6.6329,9.2453
E0124,2026-01-13T00:00:00Z,8.9827,7.934,8.1236,7.9072,6.3706,11.9213
E0125,2026-01-13T00:00:00Z,8.3432,10.1193,8.5339,7.4562,5.1091,8.4363
E0126,2026-01-13T00:00:00Z,7.3221,6.3868,7.5654,7.8774,7.5476,9.3138
E0127,2026-01-13T00:00:00Z,8.7717,9.8096,9.9982,5.4355,6.1395,9.8913
E0128,2026-01-13T00:00:00Z,8.7538,9.2154,7.7183,6.643,8.3488,7.8336
E0129,2026-01-13T00:00:00Z,8.7414,8.1612,7.7981,7.2461,5.6735,8.3974
E0130,2026-01-13T00:00:00Z,9.2665,9.4163,7.5714,7.6211,5.8107,8.0331
E0131,2026-01-13T00:00:00Z,8.3319,9.4658,8.782,7.1704,5.3467,8.2608
E0132,2026-01-13T00:00:00Z,7.3471,9.7884,8.4839,6.5012,6.5116,12.1739
E0133,2026-01-13T00:00:00Z,7.8418,9.3712,8.4288,6.4113,6.0884,7.8248
E0134,2026-01-13T00:00:00Z,8.677,9.962,8.7809,8.1863,6.016,11.0839
E0135,2026-01-13T00:00:00Z,8.8299,8.5865,9.2255,7.9049,7.0035,8.5654
E0136,2026-01-13T00:00:00Z,9.4233,8.8775,7.6932,6.8853,5.9042,10.0796
E0137,2026-01-13T00:00:00Z,9.3006,7.5881,9.4717,9.3427,7.9742,10.3039
E0138,2026-01-13T00:00:00Z,9.5827,10.3277,8.7228,7.6654,5.0889,10.9436
E0139,2026-01-13T00:00:00Z,7.5261,7.6063,9.3396,6.5796,6.9956,7.9267
E0140,2026-01-13T00:00:00Z,8.0123,9.1671,7.8691,6.2087,7.0464,10.108
E0141,2026-01-13T00:00:00Z,9.0759,9.2925,8.2745,7.2582,7.1,9.8596
E0142,2026-01-13T00:00:00Z,8.0733,7.6656,8.9621,7.2472,5.0643,8.8917
E0143,2026-01-13T00:00:00Z,8.9026,8.4987,9.9525,7.5205,6.4565,11.0926
E0144,2026-01-13T00:00:00Z,7.6674,7.8719,7.9429,7.4653,5.2035,7.3994
E0145,2026-01-13T00:00:00Z,8.6707,11.1077,10.7688,9.06,6.1281,7.347
E0146,2026-01-13T00:00:00Z,8.1031,10.5615,8.646,7.0309,6.5177,10.5363
E0147,2026-01-13T00:00:00Z,7.8802,10.8734,7.9377,7.4625,6.6846,10.6554
E0148,2026-01-13T00:00:00Z,9.1362,7.6135,8.4924,7.446,6.2363,10.9129
E0149,2026-01-13T00:00:00Z,7.9865,7.4407,7.3994,9.2169,6.0638,7.7071
E0000,2026-01-14T00:00:00Z,7.0583,9.954,8.3776,7.5049,4.8029,8.0001
E0001,2026-01-14T00:00:00Z,8.6199,10.3391,8.6742,7.2235,6.8175,8.2882
E0002,2026-01-14T00:00:00Z,9.2249,8.9369,8.6503,8.2024,5.6998,10.9843
E0003,2026-01-14T00:00:00Z,8.173,8.6632,10.5311,6.5392,6.0548,9.2797
E0004,2026-01-14T00:00:00Z,6.7046,9.3742,7.9131,7.9012,5.9308,10.1996
E0005,2026-01-14T00:00:00Z,7.3765,10.5358,8.2479,8.9711,4.9284,8.9324
E0006,2026-01-14T00:00:00Z,8.4627,9.9507,8.8939,5.6984,5.5352,10.2341
E0007,2026-01-14T00:00:00Z,7.279,11.1031,9.9438,7.2377,8.3039,9.6503
E0008,2026-01-14T00:00:00Z,7.7173,9.6331,7.1257,7.9208,5.6933,10.2229
E0009,2026-01-14T00:00:00Z,6.808,10.1145,8.6585,7.9495,6.7101,9.4656
E0010,2026-01-14T00:00:00Z,7.397,9.0741,7.7302,7.9096,5.8451,9.7079
E0011,2026-01-14T00:00:00Z,8.2178,8.8465,10.7139,4.8085,7.2305,7.8715
E0012,2026-01-14T00:00:00Z,8.4434,9.6602,8.5348,10.1175,8.6107,10.9671
E0013,2026-01-14T00:00:00Z,8.5121,8.0571,9.7995,7.3863,8.7781,8.9768
E0014,2026-01-14T00:00:00Z,8.5114,8.8416,9.4492,6.0068,5.7678,5.0037
E0015,2026-01-14T00:00:00Z,7.5584,9.4349,8.8331,6.2566,5.685,10.86
E0016,2026-01-14T00:00:00Z,8.1183,8.8014,9.5103,7.8159,7.3943,8.6356
E0017,2026-01-14T00:00:00Z,8.9997,10.6116,7.6562,8.4525,9.573,12.0778
E0018,2026-01-14T00:00:00Z,8.8664,10.3757,6.6055,6.1893,6.6851,10.743
E0019,2026-01-14T00:00:00Z,7.3964,8.7697,8.9907,8.1303,5.8503,9.3724
E0020,2026-01-14T00:00:00Z,10.0275,7.4647,8.5791,8.5205,7.3468,9.9219
E0021,2026-01-14T00:00:00Z,8.8277,9.7769,6.6406,9.092,6.6461,11.154
E0022,2026-01-14T00:00:00Z,8.2398,10.0194,8.3825,5.3621,5.5043,6.1547
E0023,2026-01-14T00:00:00Z,8.0052,10.2655,10.1927,8.3718,8.3663,6.9253
E0024,2026-01-14T00:00:00Z,9.358,7.0446,7.3789,8.1236,7.0491,11.1843
E0025,2026-01-14T00:00:00Z,8.4929,10.5872,8.217,7.6673,7.2267,9.8092
E0026,2026-01-14T00:00:00Z,9.6456,8.9517,8.4,7.4018,6.9357,10.307
E0027,2026-01-14T00:00:00Z,8.4694,7.5495,8.2049,7.0412,5.5521,10.8845
E0028,2026-01-14T00:00:00Z,8.0726,8.6919,8.7115,8.4733,5.4572,10.1068
E0029,2026-01-14T00:00:00Z,7.7683,9.2932,9.4771,8.1587,6.4642,11.851
E0030,2026-01-14T00:00:00Z,6.782,10.2605,7.4521,9.7928,6.8872,7.7517
E0031,2026-01-14T00:00:00Z,8.474,8.4524,10.754,8.0013,6.1367,8.011
E0032,2026-01-14T00:00:00Z,8.2353,7.1636,10.6358,7.0109,6.1968,10.0657
E0033,2026-01-14T00:00:00Z,7.952,10.0157,6.9472,7.649,5.8705,8.7181
E0034,2026-01-14T00:00:00Z,7.7098,9.0444,10.2593,8.4232,6.6597,9.6576
E0035,2026-01-14T00:00:00Z,7.3188,10.001,8.5526,7.8359,6.2872,8.9913
E0036,2026-01-14T00:00:00Z,7.8511,9.918,9.0712,7.8071,5.8944,12.1035
E0037,2026-01-14T00:00:00Z,6.7285,7.8691,9.0807,8.1122,6.0889,11.0615
E0038,2026-01-14T00:00:00Z,7.6081,10.0548,8.5943,7.8795,8.5087,10.102
E0039,2026-01-14T00:00:00Z,7.7771,9.4659,7.6132,7.489,6.0514,10.2835
E0040,2026-01-14T00:00:00Z,7.6403,10.0009,8.2278,7.4159,4.9232,11.8764
E0041,2026-01-14T00:00:00Z,9.5018,10.3672,6.614,6.7694,5.6929,9.4431
E0042,2026-01-14T00:00:00Z,8.6312,10.6339,8.8529,7.9227,7.1951,6.9973
E0043,2026-01-14T00:00:00Z,7.1659,10.444,10.4881,6.4041,7.8352,7.6842
E0044,2026-01-14T00:00:00Z,8.0209,11.8761,7.8385,6.6989,6.8042,10.7676
E0045,2026-01-14T00:00:00Z,8.2092,9.3212,8.8011,8.7343,7.9497,10.3
E0046,2026-01-14T00:00:00Z,8.9819,8.5625,9.7491,7.0576,6.3927,10.9908
E0047,2026-01-14T00:00:00Z,7.1844,11.3133,8.5269,6.4876,5.0875,9.2098
E0048,2026-01-14T00:00:00Z,8.3266,9.1697,8.4331,7.2641,7.1977,7.9962
E0049,2026-01-14T00:00:00Z,7.9711,9.3245,8.4137,8.5303,5.8118,9.6428
E0050,2026-01-14T00:00:00Z,8.4647,7.9447,8.407,8.8889,4.626,10.8764
E0051,2026-01-14T00:00:00Z,8.3547,7.5616,8.028,7.0181,6.7033,10.8518
E0052,2026-01-14T00:00:00Z,7.8054,11.54,6.7844,8.2059,8.179,10.5407
E0053,2026-01-14T00:00:00Z,8.247,9.6872,8.8548,8.7706,5.8287,8.9891
E0054,2026-01-14T00:00:00Z,8.1826,7.8759,10.3784,7.6737,6.2615,7.8416
E0055,2026-01-14T00:00:00Z,8.426,10.3958,9.7561,8.8353,7.9535,12.6523
E0056,2026-01-14T00:00:00Z,8.0062,9.2955,8.6578,8.0482,7.205,9.2012
E0057,2026-01-14T00:00:00Z,9.1138,10.5699,8.2221,5.5946,5.9166,10.0945
E0058,2026-01-14T00:00:00Z,8.6845,9.9844,9.5237,7.2567,5.0089,9.5561
E0059,2026-01-14T00:00:00Z,7.4418,8.0034,8.2538,7.6753,4.9694,11.8569
E0060,2026-01-14T00:00:00Z,7.7673,8.9434,7.965,7.6091,5.8609,12.5873
E0061,2026-01-14T00:00:00Z,7.7374,9.989,8.8052,7.8107,5.6178,7.4582
E0062,2026-01-14T00:00:00Z,8.5092,10.2267,8.3501,9.4104,6.1629,9.9009
E0063,2026-01-14T00:00:00Z,8.9832,9.899,8.6076,8.7554,6.0642,7.2062
E0064,2026-01-14T00:00:00Z,8.2754,10.8351,9.2416,7.0303,6.7518,9.9481
E0065,2026-01-14T00:00:00Z,8.9662,7.794,7.6389,8.5628,7.1205,9.8908
E0066,2026-01-14T00:00:00Z,8.5066,9.2946,8.6792,8.0664,6.2215,10.1961
E0067,2026-01-14T00:00:00Z,8.1421,9.1615,10.0704,7.6185,5.4441,8.6218
E0068,2026-01-14T00:00:00Z,8.3378,11.839,9.485,7.9921,7.1507,11.6305
E0069,2026-01-14T00:00:00Z,8.0587,7.8659,7.7596,9.1914,5.0134,8.7752
E0070,2026-01-14T00:00:00Z,7.8916,8.3612,8.9716,7.1964,5.6038,10.5446
E0071,2026-01-14T00:00:00Z,8.3358,8.5654,9.9567,8.5619,6.3702,10.1406
E0072,2026-01-14T00:00:00Z,7.7165,8.7862,9.4423,6.4489,5.2592,10.6454
E0073,2026-01-14T00:00:00Z,8.4291,9.2024,9.0995,7.2759,5.8247,9.9539
E0074,2026-01-14T00:00:00Z,8.1304,10.6038,7.3174,8.2041,5.7915,12.0348
E0075,2026-01-14T00:00:00Z,5.9614,8.2067,6.9453,6.59,4.4054,11.6141
E0076,2026-01-14T00:00:00Z,8.3819,11.3313,9.2777,7.1853,6.266,8.4081
E0077,2026-01-14T00:00:00Z,9.1479,9.3409,8.8947,7.9162,5.8044,9.4161
E0078,2026-01-14T00:00:00Z,9.6787,7.8967,5.3917,7.7976,5.9885,9.7416
E0079,2026-01-14T00:00:00Z,7.414,8.5784,6.4596,7.06,6.3704,8.0687
E0080,2026-01-14T00:00:00Z,8.5453,8.5304,7.5718,6.7764,6.547,7.7776
E0081,2026-01-14T00:00:00Z,9.0288,7.8337,8.8041,7.4728,5.775,11.6741
E0082,2026-01-14T00:00:00Z,9.195,8.5972,9.5603,8.1743,6.2255,8.8558
E0083,2026-01-14T00:00:00Z,8.6596,8.8696,8.007,7.3227,5.7858,8.9049
E0084,2026-01-14T00:00:00Z,7.9332,7.5587,6.1151,7.3913,6.4938,12.5473
E0085,2026-01-14T00:00:00Z,7.909,9.626,8.7258,6.4583,6.6098,11.5172
E0086,2026-01-14T00:00:00Z,8.6867,9.8282,8.5156,8.0596,6.1066,8.8499
E0087,2026-01-14T00:00:00Z,8.5691,10.0569,9.6582,6.5959,5.9757,8.1814
E0088,2026-01-14T00:00:00Z,9.2093,10.7049,8.2499,7.1658,5.9297,12.4857
E0089,2026-01-14T00:00:00Z,7.6091,9.0383,8.6665,8.3889,6.9708,10.1871
E0090,2026-01-14T00:00:00Z,7.8555,8.9351,10.2474,6.6277,4.1435,9.5738
E0091,2026-01-14T00:00:00Z,8.4455,8.9797,8.3097,7.3115,5.3546,10.4158
E0092,2026-01-14T00:00:00Z,7.5041,9.8549,8.4014,7.5464,6.5778,10.2604
E0093,2026-01-14T00:00:00Z,9.0278,9.1754,8.2571,8.0151,6.7924,9.9748
E0094,2026-01-14T00:00:00Z,8.5019,8.3248,7.151,7.6241,6.0766,6.6978
E0095,2026-01-14T00:00:00Z,8.3903,9.3775,6.7302,7.4272,6.6691,9.5441
E0096,2026-01-14T00:00:00Z,8.2383,8.5268,9.6693,6.6427,5.9029,7.1512
E0097,2026-01-14T00:00:00Z,8.3668,11.0477,9.2003,7.9865,7.25,8.8453
E0098,2026-01-14T00:00:00Z,7.5516,8.9294,8.7484,7.13,5.8902,8.5291
E0099,2026-01-14T00:00:00Z,8.4549,9.4348,7.1482,7.5516,6.5718,10.5836
E0100,2026-01-14T00:00:00Z,9.6931,9.7765,7.2443,6.8897,7.2762,8.1312
E0101,2026-01-14T00:00:00Z,7.1994,8.1916,10.6173,9.4333,6.9881,11.9586
E0102,2026-01-14T00:00:00Z,7.9837,9.9494,10.3519,6.2551,7.2293,12.3687
E0103,2026-01-14T00:00:00Z,7.9247,10.9592,9.6559,7.7833,7.3603,10.3564
E0104,2026-01-14T00:00:00Z,7.8704,8.3927,9.9306,7.4577,7.5207,9.9327
E0105,2026-01-14T00:00:00Z,9.5125,9.2358,7.5021,7.5982,8.2128,8.9159
E0106,2026-01-14T00:00:00Z,7.7572,10.2773,8.0254,6.9152,6.7507,8.5327
E0107,2026-01-14T00:00:00Z,9.377,8.515,10.9163,7.6135,6.7362,11.726
E0108,2026-01-14T00:00:00Z,7.7653,10.046,8.0942,7.136,8.7414,11.4177
E0109,2026-01-14T00:00:00Z,8.4185,10.0879,9.695,7.7096,9.325,9.8721
E0110,2026-01-14T00:00:00Z,9.0438,8.6755,6.5786,8.3488,6.2197,10.1008
E0111,2026-01-14T00:00:00Z,7.8777,8.9051,7.9625,6.7584,6.1628,9.536
E0112,2026-01-14T00:00:00Z,8.6465,7.8032,9.7825,9.1132,7.3184,11.3511
E0113,2026-01-14T00:00:00Z,10.0585,8.3409,9.292,8.6477,6.4631,10.602
E0114,2026-01-14T00:00:00Z,8.9,9.4825,7.5073,6.4498,7.9648,9.6833
E0115,2026-01-14T00:00:00Z,8.2888,7.9445,6.8629,7.1604,6.5244,9.1679
E0116,2026-01-14T00:00:00Z,9.4293,7.8686,6.6545,9.0225,5.3088,9.8729
E0117,2026-01-14T00:00:00Z,7.5907,8.6847,6.1664,7.9563,6.1268,10.1794
E0118,2026-01-14T00:00:00Z,7.8842,8.3232,9.675,8.5758,6.6107,8.4483
E0119,2026-01-14T00:00:00Z,9.1182,8.3345,8.5102,7.4539,7.2445,12.0136
E0120,2026-01-14T00:00:00Z,8.2874,9.3852,9.4346,7.5208,5.1012,10.358
E0121,2026-01-14T00:00:00Z,8.1268,8.9106,5.6334,7.6991,5.9349,9.0775
E0122,2026-01-14T00:00:00Z,8.0191,9.4566,9.1043,5.8302,6.9478,11.5657
E0123,2026-01-14T00:00:00Z,8.5539,9.6346,7.954,7.6905,5.7824,9.5661
E0124,2026-01-14T00:00:00Z,7.7185,9.804,9.008,7.5374,5.9545,8.3925
E0125,2026-01-14T00:00:00Z,6.9786,9.344,9.3019,6.7482,6.272,11.0926
E0126,2026-01-14T00:00:00Z,7.7362,8.7558,8.4657,8.1256,6.1372,11.1336
E0127,2026-01-14T00:00:00Z,8.6651,7.9058,8.0511,7.7676,6.5745,10.018
E0128,2026-01-14T00:00:00Z,7.746,8.4332,7.4063,7.3414,5.7787,9.9584
E0129,2026-01-14T00:00:00Z,9.2244,8.6028,8.6368,5.6451,4.9468,9.5383
E0130,2026-01-14T00:00:00Z,8.134,9.2411,9.0533,7.7692,6.1678,7.2561
E0131,2026-01-14T00:00:00Z,8.3175,7.5267,8.036,8.4792,5.7782,11.0829
E0132,2026-01-14T00:00:00Z,8.0905,8.7583,7.8638,6.3862,6.0826,8.7318
E0133,2026-01-14T00:00:00Z,7.2172,9.8327,8.6299,7.3376,6.2568,6.664
E0134,2026-01-14T00:00:00Z,8.3687,7.4097,8.1908,7.0232,6.3659,6.1826
E0135,2026-01-14T00:00:00Z,9.3716,8.8582,8.2383,6.5502,7.242,6.9915
E0136,2026-01-14T00:00:00Z,7.8958,7.3217,8.1754,7.9004,5.9962,7.8549
E0137,2026-01-14T00:00:00Z,7.9097,8.1037,6.0639,7.684,8.1122,12.1526
E0138,2026-01-14T00:00:00Z,8.987,11.3504,8.6575,6.4868,7.0014,11.6568
E0139,2026-01-14T00:00:00Z,7.7983,10.4247,6.5461,7.7077,5.6661,6.725
E0140,2026-01-14T00:00:00Z,7.7864,8.2536,7.6494,7.6582,7.3412,11.2763
E0141,2026-01-14T00:00:00Z,9.0141,9.6927,8.2514,6.9435,5.4839,7.3368
E0142,2026-01-14T00:00:00Z,8.5989,9.7904,9.1173,7.428,5.5538,10.1402
E0143,2026-01-14T00:00:00Z,8.758,7.263,8.151,6.2535,4.5985,8.1967
E0144,2026-01-14T00:00:00Z,8.1172,9.6568,7.5195,6.3491,6.8399,9.2049
E0145,2026-01-14T00:00:00Z,7.4756,9.4469,9.2429,7.4109,4.5734,7.6974
E0146,2026-01-14T00:00:00Z,8.7371,10.25,9.3881,8.6806,7.4649,8.8897
E0147,2026-01-14T00:00:00Z,8.6021,9.4356,6.7274,4.0899,6.9381,9.5582
E0148,2026-01-14T00:00:00Z,9.6886,9.0972,7.6404,7.7357,6.9896,5.8316
E0149,2026-01-14T00:00:00Z,8.7817,8.6963,8.1909,7.8195,6.2116,10.7266
E0000,2026-01-15T00:00:00Z,8.6263,9.6456,6.445,7.5242,6.4993,8.79
E0001,2026-01-15T00:00:00Z,9.1945,10.8955,6.882,7.314,5.3853,11.9598
E0002,2026-01-15T00:00:00Z,7.2322,8.8987,7.2966,8.1452,7.0751,11.3971
E0003,2026-01-15T00:00:00Z,9.0761,8.9634,6.5764,7.1174,5.664,8.5356
E0004,2026-01-15T00:00:00Z,7.9405,7.897,8.0012,8.9463,7.1705,8.7808
E0005,2026-01-15T00:00:00Z,7.9402,8.4663,7.8731,7.8649,6.9226,9.746
E0006,2026-01-15T00:00:00Z,8.5627,8.4922,8.8819,8.6368,5.2116,8.4158
E0007,2026-01-15T00:00:00Z,6.8032,9.1026,8.2738,8.7618,5.7979,10.6834
E0008,2026-01-15T00:00:00Z,7.556,6.9522,8.5027,8.3913,5.705,8.0973
E0009,2026-01-15T00:00:00Z,8.3598,10.8353,6.4331,4.67,5.0827,8.057
E0010,2026-01-15T00:00:00Z,9.43,9.2356,9.6139,6.5879,6.9648,9.7773
E0011,2026-01-15T00:00:00Z,8.9442,9.2369,7.2859,8.8815,6.1954,11.5581
E0012,2026-01-15T00:00:00Z,7.9176,8.4416,7.566,6.4794,6.6731,11.2633
E0013,2026-01-15T00:00:00Z,8.0682,9.3408,8.4066,7.362,7.5506,11.3183
E0014,2026-01-15T00:00:00Z,8.1338,8.6762,8.6734,5.763,6.6128,10.4328
E0015,2026-01-15T00:00:00Z,8.7966,9.9401,8.5522,7.4222,6.9318,8.8465
E0016,2026-01-15T00:00:00Z,9.6001,8.2646,7.3268,8.9017,7.6097,10.6129
E0017,2026-01-15T00:00:00Z,9.9643,10.1691,7.4762,8.3987,6.2349,11.5437
E0018,2026-01-15T00:00:00Z,9.1654,10.0075,8.5319,8.1036,6.8585,11.5192
E0019,2026-01-15T00:00:00Z,8.1916,9.3794,9.5316,9.687,6.846,10.452
E0020,2026-01-15T00:00:00Z,6.9052,9.6379,8.0539,7.7527,6.6225,9.1372
E0021,2026-01-15T00:00:00Z,8.4748,10.0252,9.1957,8.5404,8.0091,11.4036
E0022,2026-01-15T00:00:00Z,7.4298,9.024,10.7527,8.3193,5.8404,8.158
E0023,2026-01-15T00:00:00Z,9.0564,8.8327,8.89,7.1408,5.8487,10.5045
E0024,2026-01-15T00:00:00Z,8.9517,9.1823,7.5485,6.759,7.3988,10.3053
E0025,2026-01-15T00:00:00Z,7.5198,11.8663,7.7497,7.5498,7.4758,8.6543
E0026,2026-01-15T00:00:00Z,7.9755,7.4454,8.2676,7.9092,4.9015,8.6674
E0027,2026-01-15T00:00:00Z,7.8816,8.4356,8.3125,7.303,3.7077,11.4693
E0028,2026-01-15T00:00:00Z,8.9393,10.2987,9.0567,6.9518,6.1046,10.5945
E0029,2026-01-15T00:00:00Z,8.8561,7.783,7.0251,6.2392,5.8165,11.2918
E0030,2026-01-15T00:00:00Z,7.5456,9.6188,6.555,7.9414,7.1839,11.2661
E0031,2026-01-15T00:00:00Z,8.0058,8.2185,6.4416,6.6834,7.4083,5.8928
E0032,2026-01-15T00:00:00Z,8.5741,7.97,10.6694,9.099,6.7317,9.9839
E0033,2026-01-15T00:00:00Z,7.291,8.7861,8.8894,8.0892,8.72,10.6932
E0034,2026-01-15T00:00:00Z,8.3207,9.6874,11.0302,9.1715,6.3177,9.1405
E0035,2026-01-15T00:00:00Z,7.6248,8.9203,8.4097,6.0467,6.2661,7.8561
E0036,2026-01-15T00:00:00Z,9.6526,8.5181,12.3323,6.1503,5.1495,12.0956
E0037,2026-01-15T00:00:00Z,9.5768,9.584,9.3379,8.897,5.2705,11.1722
E0038,2026-01-15T00:00:00Z,8.4737,7.7643,8.5048,7.0104,5.3732,9.6526
E0039,2026-01-15T00:00:00Z,8.0702,9.4595,7.9323,8.4208,7.5862,10.8474
E0040,2026-01-15T00:00:00Z,8.2936,6.8058,8.6452,6.1459,5.485,10.0773
E0041,2026-01-15T00:00:00Z,9.2248,8.1574,9.4383,7.6886,5.9399,8.4499
E0042,2026-01-15T00:00:00Z,8.7941,8.6853,9.2728,5.097,6.6741,10.9688
E0043,2026-01-15T00:00:00Z,7.901,8.9376,9.8968,7.8717,5.5189,10.5386
E0044,2026-01-15T00:00:00Z,7.8876,9.6455,8.0189,6.3693,6.1104,8.3765
E0045,2026-01-15T00:00:00Z,8.1031,10.8704,9.4083,7.7147,6.3739,9.9647
E0046,2026-01-15T00:00:00Z,8.0419,8.8635,6.9369,6.6127,5.7039,9.4834
E0047,2026-01-15T00:00:00Z,8.698,8.7895,8.1103,8.3542,5.9931,9.4607
E0048,2026-01-15T00:00:00Z,8.7308,10.3213,10.6183,7.2215,5.5461,8.0727
E0049,2026-01-15T00:00:00Z,7.5998,8.7879,8.6444,7.7193,5.6712,8.5083
E0050,2026-01-15T00:00:00Z,9.5081,9.634,5.6142,8.6685,6.3229,6.5535
E0051,2026-01-15T00:00:00Z,9.2033,9.7227,8.2761,8.2223,6.2989,9.2678
E0052,2026-01-15T00:00:00Z,6.82,8.8996,9.9663,6.9159,7.886,9.1984
E0053,2026-01-15T00:00:00Z,9.1071,9.1326,7.7094,6.2784,6.1329,11.1816
E0054,2026-01-15T00:00:00Z,9.2795,8.9626,8.0318,7.1586,7.5261,7.8546
E0055,2026-01-15T00:00:00Z,9.3858,10.3579,7.1847,7.8552,6.6352,12.208
E0056,2026-01-15T00:00:00Z,8.9043,8.7966,9.862,7.1405,5.9598,10.6805
E0057,2026-01-15T00:00:00Z,8.8374,9.0082,7.1717,6.4377,6.9824,9.5715
E0058,2026-01-15T00:00:00Z,6.3391,7.6005,8.8069,6.1433,7.8831,8.6359
E0059,2026-01-15T00:00:00Z,8.2346,8.9282,9.8336,9.6404,6.1546,7.7221
E0060,2026-01-15T00:00:00Z,7.2947,7.0886,6.9578,7.4061,7.1764,8.0792
E0061,2026-01-15T00:00:00Z,10.0507,9.8039,8.3991,6.773,7.04,9.382
E0062,2026-01-15T00:00:00Z,7.3016,8.7851,8.2579,8.2323,5.2523,8.7343
E0063,2026-01-15T00:00:00Z,6.8078,9.6064,6.3068,9.3443,4.3285,7.624
E0064,2026-01-15T00:00:00Z,7.9507,8.4832,7.7914,9.2913,6.9692,12.5749
E0065,2026-01-15T00:00:00Z,8.3572,9.6052,9.6582,6.6286,7.5221,10.0262
E0066,2026-01-15T00:00:00Z,8.4554,9.884,9.6494,6.4696,8.4248,10.6336
E0067,2026-01-15T00:00:00Z,9.1125,7.7247,9.4767,7.4732,6.3874,10.9279
E0068,2026-01-15T00:00:00Z,8.0394,9.9754,7.5485,7.5488,3.9854,7.7555
E0069,2026-01-15T00:00:00Z,8.0394,9.503,8.0245,6.3171,7.3135,8.6652
E0070,2026-01-15T00:00:00Z,8.5168,8.6805,6.9254,6.1933,4.5649,7.9341
E0071,2026-01-15T00:00:00Z,7.7878,8.1725,8.5984,9.0455,6.3316,8.8577
E0072,2026-01-15T00:00:00Z,8.5219,7.1156,9.4996,8.7685,6.3431,10.105
E0073,2026-01-15T00:00:00Z,8.0608,9.8632,7.3586,6.6958,6.0669,10.5103
E0074,2026-01-15T00:00:00Z,8.0431,9.3951,7.3445,8.0866,6.6506,10.6242
E0075,2026-01-15T00:00:00Z,7.6793,8.8351,7.1351,7.0467,7.0996,8.7929
E0076,2026-01-15T00:00:00Z,7.7784,8.53,10.0482,7.7266,5.0885,11.4085
E0077,2026-01-15T00:00:00Z,7.6516,7.2737,6.7953,7.3863,7.102,11.4338
E0078,2026-01-15T00:00:00Z,9.1961,9.4629,8.9629,8.3637,4.0565,10.9461
E0079,2026-01-15T00:00:00Z,6.8255,10.2843,8.1759,6.9642,7.1737,9.4219
E0080,2026-01-15T00:00:00Z,7.6039,10.017,8.2836,7.4065,6.5186,9.539
E0081,2026-01-15T00:00:00Z,8.716,8.486,7.7742,5.9098,6.182,6.8322
E0082,2026-01-15T00:00:00Z,9.2504,9.3948,10.0538,6.8298,6.2305,11.2871
E0083,2026-01-15T00:00:00Z,9.1181,8.7175,8.7638,6.4699,7.5139,8.4082
E0084,2026-01-15T00:00:00Z,8.4669,7.2282,8.9892,7.3601,5.9252,7.7511
E0085,2026-01-15T00:00:00Z,7.9901,9.8521,8.0858,7.293,6.8045,11.6019
E0086,2026-01-15T00:00:00Z,9.3364,8.1187,8.5579,6.6612,6.0111,5.3301
E0087,2026-01-15T00:00:00Z,9.1126,9.0932,7.3257,8.3599,5.3324,8.8857
E0088,2026-01-15T00:00:00Z,9.196,9.7465,8.5334,9.4787,7.7539,8.7483
E0089,2026-01-15T00:00:00Z,7.5331,10.2222,8.6536,8.064,8.5147,7.6956
E0090,2026-01-15T00:00:00Z,7.5812,10.4147,8.1606,7.3568,5.311,9.2161
E0091,2026-01-15T00:00:00Z,8.6415,11.6751,9.0154,9.2396,7.0054,10.2394
E0092,2026-01-15T00:00:00Z,8.7984,7.6488,8.4954,10.0987,7.6945,8.898
E0093,2026-01-15T00:00:00Z,7.5698,8.5754,7.8594,8.7213,6.9421,7.7487
E0094,2026-01-15T00:00:00Z,9.0255,9.84,7.9877,8.9672,5.8477,10.096
E0095,2026-01-15T00:00:00Z,7.9648,8.5181,7.8852,7.8815,8.016,7.6954
E0096,2026-01-15T00:00:00Z,8.3285,7.2701,8.029,7.8397,6.1515,10.3575
E0097,2026-01-15T00:00:00Z,8.5983,7.8062,6.8743,6.8432,5.7043,7.0717
E0098,2026-01-15T00:00:00Z,8.2218,9.7214,7.6842,7.8138,5.4237,5.7776
E0099,2026-01-15T00:00:00Z,7.8306,7.0908,8.6802,7.6013,6.6968,10.4518
E0100,2026-01-15T00:00:00Z,7.2546,10.0815,6.7509,7.1419,5.9008,8.8181
E0101,2026-01-15T00:00:00Z,8.3795,7.431,8.0481,6.8127,6.411,10.447
E0102,2026-01-15T00:00:00Z,8.6179,9.9968,6.4049,7.0496,6.2549,6.8584
E0103,2026-01-15T00:00:00Z,8.4654,9.9419,8.6878,8.4117,5.1683,11.381
E0104,2026-01-15T00:00:00Z,8.0781,8.7551,8.9456,7.4986,6.5183,10.38
E0105,2026-01-15T00:00:00Z,8.0684,8.6389,8.4784,7.6033,6.0441,9.4821
E0106,2026-01-15T00:00:00Z,7.8074,11.0109,8.1892,7.4288,6.1649,9.6898
E0107,2026-01-15T00:00:00Z,8.7115,11.0961,10.3097,8.1411,4.8566,9.3301
E0108,2026-01-15T00:00:00Z,8.405,10.2444,8.4475,6.6397,5.4649,10.8549
E0109,2026-01-15T00:00:00Z,8.862,9.226,10.4141,6.3184,6.0233,10.762
E0110,2026-01-15T00:00:00Z,8.0876,9.3186,8.9914,8.447,6.4387,7.8528
E0111,2026-01-15T00:00:00Z,9.3944,8.6576,10.187,7.5302,5.4605,10.1311
E0112,2026-01-15T00:00:00Z,8.7577,9.4529,10.4616,6.7578,6.0615,12.3727
E0113,2026-01-15T00:00:00Z,7.8053,8.1156,9.4046,7.8999,4.9645,9.2745
E0114,2026-01-15T00:00:00Z,8.4456,7.908,8.5498,6.8274,5.6639,10.6009
E0115,2026-01-15T00:00:00Z,7.8752,9.8832,8.0093,8.2365,5.7732,10.0224
E0116,2026-01-15T00:00:00Z,7.7895,7.5928,7.0357,8.0722,5.6694,11.8467
E0117,2026-01-15T00:00:00Z,8.1846,9.1741,7.8688,8.8497,7.1211,9.836
E0118,2026-01-15T00:00:00Z,8.6013,10.3441,8.1362,7.1068,5.8308,6.7148
E0119,2026-01-15T00:00:00Z,8.4066,9.0331,8.3617,7.3336,7.4901,9.3873
E0120,2026-01-15T00:00:00Z,8.9198,9.119,8.2196,7.7269,6.9896,11.0109
E0121,2026-01-15T00:00:00Z,8.8148,8.7607,8.6975,7.2244,5.9375,12.4088
E0122,2026-01-15T00:00:00Z,8.692,7.7194,9.694,6.3236,7.5889,9.8363
E0123,2026-01-15T00:00:00Z,7.6795,9.7323,9.4613,5.5219,5.7836,8.0879
E0124,2026-01-15T00:00:00Z,8.0772,9.5183,6.8027,7.8708,7.9078,10.893
E0125,2026-01-15T00:00:00Z,8.1327,9.2794,8.8669,8.2251,7.6856,10.0349
E0126,2026-01-15T00:00:00Z,7.7248,8.2703,7.1376,7.9004,5.2427,10.4318
E0127,2026-01-15T00:00:00Z,7.8992,9.775,7.0903,7.6618,6.6396,10.4797
E0128,2026-01-15T00:00:00Z,9.1754,11.1679,7.3544,7.2813,7.351,11.2279
E0129,2026-01-15T00:00:00Z,7.855,7.1466,10.594,10.2693,8.0903,8.254
E0130,2026-01-15T00:00:00Z,8.1194,9.9973,7.2337,9.6351,8.1138,10.8944
E0131,2026-01-15T00:00:00Z,7.7423,8.1341,10.2836,8.4751,5.6995,6.9515
E0132,2026-01-15T00:00:00Z,7.852,9.8257,5.6329,7.7151,4.4664,10.088
E0133,2026-01-15T00:00:00Z,7.3954,8.9765,10.5102,5.8802,5.4161,10.1787
E0134,2026-01-15T00:00:00Z,8.7046,11.8589,8.0508,8.1563,5.6678,9.7395
E0135,2026-01-15T00:00:00Z,7.6727,9.4476,9.3431,8.5054,6.3381,10.163
E0136,2026-01-15T00:00:00Z,7.6769,8.8166,6.1799,7.8119,6.0894,10.3595
E0137,2026-01-15T00:00:00Z,9.059,10.4602,9.2447,7.4344,5.95,7.6803
E0138,2026-01-15T00:00:00Z,7.312,10.3146,9.3101,7.115,7.0174,7.9979
E0139,2026-01-15T00:00:00Z,6.6368,9.353,9.0891,6.9802,7.3351,9.5144
E0140,2026-01-15T00:00:00Z,7.8158,9.8279,10.4078,7.1888,6.3712,9.8875
E0141,2026-01-15T00:00:00Z,8.4965,10.5566,7.4878,7.9599,7.2227,10.6432
E0142,2026-01-15T00:00:00Z,8.2206,9.3489,8.8814,7.3659,7.9074,9.3359
E0143,2026-01-15T00:00:00Z,8.173,7.8177,8.7118,6.9061,5.9918,7.3936
E0144,2026-01-15T00:00:00Z,6.7353,7.8982,7.8674,8.2466,6.1387,7.5665
E0145,2026-01-15T00:00:00Z,8.5746,7.1349,10.4943,6.2635,5.4373,7.743
E0146,2026-01-15T00:00:00Z,8.4216,9.7104,8.8029,8.9794,5.3344,8.5809
E0147,2026-01-15T00:00:00Z,8.4241,9.3303,8.5421,7.9352,7.1581,10.6896
E0148,2026-01-15T00:00:00Z,8.3222,10.0993,8.3948,6.5519,5.7851,8.384
E0149,2026-01-15T00:00:00Z,8.5027,10.2991,8.5673,7.1084,5.4488,10.9178
E0000,2026-01-16T00:00:00Z,7.1762,8.4096,8.5636,9.371,6.2803,10.7749
E0001,2026-01-16T00:00:00Z,8.3236,9.7209,8.5465,6.8919,5.6214,8.6534
E0002,2026-01-16T00:00:00Z,8.8204,9.2277,7.2406,9.0127,4.3425,9.5522
E0003,2026-01-16T00:00:00Z,7.6485,9.4375,9.5916,7.6934,6.2274,10.0956
E0004,2026-01-16T00:00:00Z,9.2165,7.9081,10.7504,9.2012,6.9014,10.5633
E0005,2026-01-16T00:00:00Z,8.4404,11.6468,10.0092,7.621,6.2198,10.9198
E0006,2026-01-16T00:00:00Z,8.8287,8.5135,9.3012,8.395,5.8519,8.6049
E0007,2026-01-16T00:00:00Z,9.4407,9.7224,9.0451,8.4185,6.1477,11.4568
E0008,2026-01-16T00:00:00Z,7.6799,10.3681,9.5586,6.4481,6.5978,8.8521
E0009,2026-01-16T00:00:00Z,8.3818,9.7848,8.9762,7.2063,6.6525,10.0823
E0010,2026-01-16T00:00:00Z,7.8473,7.978,6.9311,7.9101,7.21,9.7718
E0011,2026-01-16T00:00:00Z,7.9577,8.3397,8.1351,7.0387,6.9129,7.4599
E0012,2026-01-16T00:00:00Z,7.6436,10.4379,5.7726,8.4671,8.2775,9.6118
E0013,2026-01-16T00:00:00Z,8.1909,9.6707,7.9097,6.8751,6.0771,6.9629
E0014,2026-01-16T00:00:00Z,8.7943,9.2456,9.2997,6.2411,5.4652,9.7766
E0015,2026-01-16T00:00:00Z,8.2648,8.0503,8.5794,6.137,7.1412,9.9755
E0016,2026-01-16T00:00:00Z,8.2916,9.015,7.8811,9.3577,5.3516,9.3321
E0017,2026-01-16T00:00:00Z,8.8485,8.4344,9.3575,7.2313,5.918,7.8347
E0018,2026-01-16T00:00:00Z,8.3852,9.0088,9.3262,8.4721,6.0084,9.6465
E0019,2026-01-16T00:00:00Z,8.3003,9.1931,8.6986,8.1799,5.666,10.8884
E0020,2026-01-16T00:00:00Z,8.425,9.4902,8.1464,8.2756,8.4292,10.0659
E0021,2026-01-16T00:00:00Z,8.0785,9.6963,7.2964,8.089,6.129,10.3889
E0022,2026-01-16T00:00:00Z,8.939,9.061,6.9015,8.2539,6.944,9.6965
E0023,2026-01-16T00:00:00Z,7.9645,8.3856,9.591,6.9154,6.121,8.2758
E0024,2026-01-16T00:00:00Z,7.7924,8.4887,8.4441,6.3985,7.3397,10.909
E0025,2026-01-16T00:00:00Z,7.7176,10.1076,5.7703,7.3817,4.8376,9.4209
E0026,2026-01-16T00:00:00Z,8.2327,10.6243,9.1827,7.823,7.1053,9.8379
E0027,2026-01-16T00:00:00Z,7.5237,9.5167,8.4558,8.7265,5.5232,10.8644
E0028,2026-01-16T00:00:00Z,7.3317,10.838,8.4513,7.1823,4.132,11.4251
E0029,2026-01-16T00:00:00Z,8.9579,9.0147,7.4104,8.5781,6.6437,6.3773
E0030,2026-01-16T00:00:00Z,8.2526,10.508,8.7024,7.7704,6.4883,9.7274
E0031,2026-01-16T00:00:00Z,8.4036,8.7846,6.8102,8.3547,6.826,9.6583
E0032,2026-01-16T00:00:00Z,6.5779,8.4147,8.0847,9.1628,4.7528,9.2625
E0033,2026-01-16T00:00:00Z,8.6191,11.4684,8.8532,7.802,5.6727,10.093
E0034,2026-01-16T00:00:00Z,7.5756,9.06,9.0965,5.8638,5.7218,10.3241
E0035,2026-01-16T00:00:00Z,8.2278,10.5432,9.7615,7.5582,7.3244,10.3214
E0036,2026-01-16T00:00:00Z,7.7133,9.0182,5.4824,7.397,6.7097,11.0058
E0037,2026-01-16T00:00:00Z,8.3164,7.8841,9.6008,5.4873,6.1838,9.6837
E0038,2026-01-16T00:00:00Z,8.0503,9.0892,8.84,8.1434,6.7082,8.8136
E0039,2026-01-16T00:00:00Z,8.9009,9.5317,7.2081,6.9236,7.1274,10.6285
E0040,2026-01-16T00:00:00Z,8.4048,8.2632,7.5403,7.6763,6.0296,10.3407
E0041,2026-01-16T00:00:00Z,6.77,10.7717,8.0482,7.1344,5.6547,8.1179
E0042,2026-01-16T00:00:00Z,8.5074,9.9631,7.8255,6.6611,5.6707,10.1651
E0043,2026-01-16T00:00:00Z,8.0078,9.413,7.4021,7.4047,5.6219,9.984
E0044,2026-01-16T00:00:00Z,8.1028,7.4423,10.2139,6.8553,6.2054,10.2249
E0045,2026-01-16T00:00:00Z,9.3304,10.2341,7.8048,7.7466,5.8,8.2358
E0046,2026-01-16T00:00:00Z,7.2968,9.776,7.5954,7.1967,7.0685,10.3381
E0047,2026-01-16T00:00:00Z,9.1351,9.4115,8.3866,6.5562,5.1907,10.0752
E0048,2026-01-16T00:00:00Z,8.0619,9.8209,8.4675,7.708,4.7456,9.585
E0049,2026-01-16T00:00:00Z,8.4756,7.1824,9.6247,7.5798,6.1317,11.2258
E0050,2026-01-16T00:00:00Z,8.8472,9.0313,8.284,7.9426,6.7788,10.5815
E0051,2026-01-16T00:00:00Z,8.2964,7.7932,8.7837,8.1808,6.8814,9.8861
E0052,2026-01-16T00:00:00Z,7.9262,8.3903,8.9576,7.0266,5.9525,10.3684
E0053,2026-01-16T00:00:00Z,9.8875,7.1227,6.6653,6.4071,5.8371,8.6746
E0054,2026-01-16T00:00:00Z,7.838,7.3274,9.9537,6.6192,5.1509,5.3758
E0055,2026-01-16T00:00:00Z,6.9523,9.0037,6.4601,8.6248,6.3678,8.788
E0056,2026-01-16T00:00:00Z,9.3291,7.3936,8.4197,7.9431,7.3414,10.0821
E0057,2026-01-16T00:00:00Z,8.7249,8.1483,7.7862,7.172,4.4763,6.5114
E0058,2026-01-16T00:00:00Z,9.1669,9.0207,8.4891,7.8768,6.6977,7.3847
E0059,2026-01-16T00:00:00Z,8.5637,9.8151,7.7581,7.0812,7.9961,8.9045
E0060,2026-01-16T00:00:00Z,8.4604,8.038,6.4158,7.4703,7.2829,9.8447
E0061,2026-01-16T00:00:00Z,8.7952,9.3124,8.6787,8.295,5.3219,8.9369
E0062,2026-01-16T00:00:00Z,7.9819,9.3476,8.7813,7.7414,5.2302,9.4992
E0063,2026-01-16T00:00:00Z,8.7877,8.7225,8.8388,7.4025,5.0334,9.9469
E0064,2026-01-16T00:00:00Z,8.2797,8.4952,8.4404,6.1222,7.3826,8.1753
E0065,2026-01-16T00:00:00Z,6.862,9.6236,8.6388,6.5593,7.141,7.2457
E0066,2026-01-16T00:00:00Z,8.8445,10.0384,7.7625,6.3544,8.4488,12.7667
E0067,2026-01-16T00:00:00Z,8.8784,8.9394,7.0137,9.8892,5.9938,9.2125
E0068,2026-01-16T00:00:00Z,9.2989,8.89,8.1955,7.5374,5.8362,9.7453
E0069,2026-01-16T00:00:00Z,7.708,9.8491,9.3265,7.744,5.6085,7.0726
E0070,2026-01-16T00:00:00Z,8.3268,10.0556,9.4163,6.1777,7.1296,6.9242
E0071,2026-01-16T00:00:00Z,7.8139,7.8097,8.0006,7.7813,6.5139,7.8515
E0072,2026-01-16T00:00:00Z,8.8294,7.8308,9.682,9.7122,6.5172,10.0115
E0073,2026-01-16T00:00:00Z,8.3802,8.6851,7.8634,6.7114,7.1212,9.7382
E0074,2026-01-16T00:00:00Z,8.2717,9.6167,7.1548,8.7157,5.788,10.3607
E0075,2026-01-16T00:00:00Z,8.4955,8.3209,9.8541,7.7443,7.336,8.7814
E0076,2026-01-16T00:00:00Z,8.4021,9.8683,10.2644,6.2792,6.0181,10.6865
E0077,2026-01-16T00:00:00Z,9.0566,11.221,8.2806,9.7913,6.4177,6.8766
E0078,2026-01-16T00:00:00Z,8.9088,8.7051,9.5452,6.0122,3.5933,10.6819
E0079,2026-01-16T00:00:00Z,9.0181,7.333,8.6139,8.2993,6.1753,10.2836
E0080,2026-01-16T00:00:00Z,8.4529,10.5442,7.5093,7.4856,6.7408,10.1686
E0081,2026-01-16T00:00:00Z,7.8461,8.9363,8.3692,7.5164,5.7341,10.3065
E0082,2026-01-16T00:00:00Z,6.6128,9.71,7.9555,7.7662,4.9408,9.9632
E0083,2026-01-16T00:00:00Z,8.2068,10.9894,9.4805,8.8962,7.0496,9.3574
E0084,2026-01-16T00:00:00Z,8.6052,10.3023,8.207,7.1217,8.3438,6.7372
E0085,2026-01-16T00:00:00Z,8.8705,8.3311,9.1221,7.0515,7.0853,9.5096
E0086,2026-01-16T00:00:00Z,8.6436,7.9119,7.8529,6.6389,6.7103,8.3648
E0087,2026-01-16T00:00:00Z,7.5794,8.3155,7.1611,7.4635,6.1484,10.3694
E0088,2026-01-16T00:00:00Z,9.4775,8.9666,9.3901,6.8527,7.0546,10.8337
E0089,2026-01-16T00:00:00Z,7.5969,9.456,8.3416,7.4239,6.0834,9.4077
E0090,2026-01-16T00:00:00Z,9.2214,8.391,10.0868,6.3348,5.0424,7.0488
E0091,2026-01-16T00:00:00Z,8.279,9.5887,6.5007,7.6795,5.4147,12.6566
E0092,2026-01-16T00:00:00Z,8.474,10.6741,8.94,7.4213,6.2682,9.1285
E0093,2026-01-16T00:00:00Z,8.155,9.027,8.949,8.9159,7.1979,7.0176
E0094,2026-01-16T00:00:00Z,9.0259,9.1745,10.3958,7.6636,7.7784,10.2613
E0095,2026-01-16T00:00:00Z,9.1196,9.5776,6.4667,7.6078,5.3913,11.178
E0096,2026-01-16T00:00:00Z,7.8326,9.9811,8.8298,7.266,7.0067,11.0554
E0097,2026-01-16T00:00:00Z,9.3587,7.8213,9.5487,7.7786,6.4536,10.4381
E0098,2026-01-16T00:00:00Z,8.0303,8.6129,7.6868,7.0232,5.9311,11.2513
E0099,2026-01-16T00:00:00Z,5.7719,11.6971,9.1662,9.0988,7.2127,9.3409
E0100,2026-01-16T00:00:00Z,8.2578,8.6685,7.747,9.3414,5.4629,11.6185
E0101,2026-01-16T00:00:00Z,8.72,7.3563,10.0929,7.9035,5.3579,8.8775
E0102,2026-01-16T00:00:00Z,9.1951,9.2644,8.4014,6.8696,7.065,10.1905
E0103,2026-01-16T00:00:00Z,8.499,8.493,9.4349,7.7961,5.6146,8.3251
E0104,2026-01-16T00:00:00Z,8.2711,7.241,8.7708,7.2214,6.2455,7.8045
E0105,2026-01-16T00:00:00Z,7.8708,9.5192,8.8459,7.4283,5.6105,11.1387
E0106,2026-01-16T00:00:00Z,8.5684,10.2155,7.1295,6.7661,4.8237,9.4684
E0107,2026-01-16T00:00:00Z,8.5145,9.3891,8.5087,6.897,5.259,9.4699
E0108,2026-01-16T00:00:00Z,8.267,8.7924,6.2401,6.6707,4.7417,7.7264
E0109,2026-01-16T00:00:00Z,9.1488,6.4853,10.969,7.9631,7.7637,8.2803
E0110,2026-01-16T00:00:00Z,8.0306,6.6697,8.5383,7.5415,7.4465,10.7242
E0111,2026-01-16T00:00:00Z,9.6099,10.1046,9.9055,8.3515,5.5147,11.4165
E0112,2026-01-16T00:00:00Z,9.4319,9.8917,10.138,7.1815,7.901,11.3671
E0113,2026-01-16T00:00:00Z,7.8186,9.6799,7.5684,7.3505,6.7898,10.2374
E0114,2026-01-16T00:00:00Z,8.0727,8.6504,7.839,6.4583,5.5302,8.3807
E0115,2026-01-16T00:00:00Z,8.215,8.9485,7.4587,9.2296,6.0759,9.3259
E0116,2026-01-16T00:00:00Z,8.4657,9.5905,5.6916,7.7354,6.053,9.791
E0117,2026-01-16T00:00:00Z,6.8875,7.6182,9.3184,6.6826,6.7166,10.1475
E0118,2026-01-16T00:00:00Z,9.3037,8.9212,8.436,7.359,6.8418,8.4423
E0119,2026-01-16T00:00:00Z,9.1723,8.4804,9.3646,9.5212,7.0978,8.3167
E0120,2026-01-16T00:00:00Z,10.5866,9.9072,7.5692,7.8763,6.396,8.6536
E0121,2026-01-16T00:00:00Z,6.1795,10.912,7.5233,7.4619,5.5591,8.6699
E0122,2026-01-16T00:00:00Z,9.2294,8.8042,9.0592,6.4039,4.4647,11.7474
E0123,2026-01-16T00:00:00Z,8.3861,9.4403,8.8018,7.3053,7.2481,8.9298
E0124,2026-01-16T00:00:00Z,8.5237,8.8696,8.1769,7.3783,6.0303,10.0123
E0125,2026-01-16T00:00:00Z,8.6832,9.743,6.0724,7.981,5.5136,9.2463
E0126,2026-01-16T00:00:00Z,8.8171,9.043,7.3565,6.1668,5.9304,9.9304
E0127,2026-01-16T00:00:00Z,9.2788,8.6623,9.6901,7.7601,7.3931,9.2537
E0128,2026-01-16T00:00:00Z,8.3171,7.0991,7.0386,5.9025,8.3358,8.513
E0129,2026-01-16T00:00:00Z,9.198,9.0898,8.5762,8.4568,7.7142,12.2672
E0130,2026-01-16T00:00:00Z,9.1842,9.2999,7.3343,8.0518,4.9787,10.4794
E0131,2026-01-16T00:00:00Z,7.8076,10.0175,8.9039,7.4612,8.406,9.6192
E0132,2026-01-16T00:00:00Z,7.2632,10.3605,9.1476,7.3807,6.1835,8.9816
E0133,2026-01-16T00:00:00Z,8.4183,8.7293,8.3398,7.5223,6.1359,9.0117
E0134,2026-01-16T00:00:00Z,9.0766,9.518,7.5217,8.7441,7.2718,6.6693
E0135,2026-01-16T00:00:00Z,8.8584,9.5415,6.6241,7.2695,6.7608,11.2632
E0136,2026-01-16T00:00:00Z,8.3074,10.8147,10.5855,7.9106,6.1935,7.5726
E0137,2026-01-16T00:00:00Z,8.4288,9.7406,7.0066,9.4727,7.1854,9.5107
E0138,2026-01-16T00:00:00Z,9.1523,8.0013,9.0144,7.1311,7.0098,11.5267
E0139,2026-01-16T00:00:00Z,8.4415,9.1698,6.989,6.4026,5.4404,10.2923
E0140,2026-01-16T00:00:00Z,9.744,9.1165,6.1003,7.4681,6.1392,8.3835
E0141,2026-01-16T00:00:00Z,8.6404,9.7033,7.9781,7.5442,8.2175,5.736
E0142,2026-01-16T00:00:00Z,8.7261,8.9461,7.4672,8.1078,6.2221,9.7467
E0143,2026-01-16T00:00:00Z,8.7984,8.3739,8.8086,8.7757,8.5741,10.9288
E0144,2026-01-16T00:00:00Z,8.2289,9.7555,8.7016,7.4308,6.9107,8.8302
E0145,2026-01-16T00:00:00Z,8.741,9.1369,7.5829,9.3314,6.6825,10.8707
E0146,2026-01-16T00:00:00Z,8.5828,10.0738,9.8185,6.3426,5.7758,7.7618
E0147,2026-01-16T00:00:00Z,8.7336,9.4061,8.5397,8.9298,7.0355,13.0995
E0148,2026-01-16T00:00:00Z,8.3174,9.4721,8.9674,7.867,6.957,9.0096
E0149,2026-01-16T00:00:00Z,7.7755,8.336,8.2536,8.3524,5.1907,8.1258
E0000,2026-01-17T00:00:00Z,9.021,9.1392,6.4502,7.9887,6.128,11.9325
E0001,2026-01-17T00:00:00Z,8.942,8.5897,9.0947,8.2163,4.1346,7.3672
E0002,2026-01-17T00:00:00Z,7.9795,7.9587,8.8621,7.7299,5.7333,9.2163
E0003,2026-01-17T00:00:00Z,8.0303,8.8275,8.079,6.952,6.4242,10.5458
E0004,2026-01-17T00:00:00Z,7.9357,7.9015,8.7338,6.759,9.4612,9.2415
E0005,2026-01-17T00:00:00Z,7.3263,9.3749,7.1174,7.4967,6.7364,8.9437
E0006,2026-01-17T00:00:00Z,7.5838,9.6949,7.8434,7.3065,6.8708,6.1552
E0007,2026-01-17T00:00:00Z,9.2785,10.9215,8.1725,5.849,6.9656,7.8136
E0008,2026-01-17T00:00:00Z,8.3448,10.0486,9.0169,7.7555,7.053,9.4312
E0009,2026-01-17T00:00:00Z,7.7339,9.2777,8.1457,7.7277,7.0412,10.9055
E0010,2026-01-17T00:00:00Z,9.1932,9.6931,9.0219,7.7273,6.5836,9.5161
E0011,2026-01-17T00:00:00Z,8.4547,8.8015,8.2094,9.6409,7.0467,9.108
E0012,2026-01-17T00:00:00Z,8.3056,8.3715,7.5214,6.5217,7.361,12.2254
E0013,2026-01-17T00:00:00Z,8.0392,9.273,6.904,7.1316,5.5903,10.6792
E0014,2026-01-17T00:00:00Z,8.0137,8.5111,8.526,7.121,4.7767,10.0665
E0015,2026-01-17T00:00:00Z,7.8623,10.0046,7.8219,7.2199,6.6288,8.5768
E0016,2026-01-17T00:00:00Z,9.6701,9.2224,8.848,8.1053,7.5125,8.0037
E0017,2026-01-17T00:00:00Z,8.6207,8.6301,6.8092,8.2226,6.4064,10.5271
E0018,2026-01-17T00:00:00Z,6.7134,9.215,7.4888,6.3232,5.891,9.2182
E0019,2026-01-17T00:00:00Z,8.1111,6.7731,7.6829,8.5381,5.0709,10.7469
E0020,2026-01-17T00:00:00Z,9.0985,8.5062,8.5999,7.6124,8.6469,10.6095
E0021,2026-01-17T00:00:00Z,8.2596,7.9731,10.1908,6.8265,6.6372,9.1966
E0022,2026-01-17T00:00:00Z,8.4534,7.8973,8.5587,6.9452,4.5024,10.4865
E0023,2026-01-17T00:00:00Z,7.6934,10.9716,7.5049,7.1379,6.6509,9.8006
E0024,2026-01-17T00:00:00Z,8.7115,8.1805,7.9461,6.7526,6.7245,11.4498
E0025,2026-01-17T00:00:00Z,8.6004,8.6131,10.1049,9.1374,6.3714,8.7898
E0026,2026-01-17T00:00:00Z,8.4382,9.4256,8.1129,7.0636,5.5271,10.3605
E0027,2026-01-17T00:00:00Z,8.5903,8.1472,8.4945,7.193,4.9927,9.3944
E0028,2026-01-17T00:00:00Z,8.9716,10.1994,7.5064,7.4413,8.1787,7.2513
E0029,2026-01-17T00:00:00Z,8.3024,8.033,8.5303,7.9233,6.3937,8.848
E0030,2026-01-17T00:00:00Z,9.7404,9.6124,7.5872,9.0975,3.4099,7.8324
E0031,2026-01-17T00:00:00Z,8.31,9.0924,10.3115,9.2038,6.2482,9.2867
E0032,2026-01-17T00:00:00Z,8.566,9.8349,8.6072,7.5951,6.4541,9.1278
E0033,2026-01-17T00:00:00Z,8.2314,8.7256,7.291,9.3133,5.0213,10.87
E0034,2026-01-17T00:00:00Z,8.1264,9.6212,9.1763,7.4845,6.8561,10.0312
E0035,2026-01-17T00:00:00Z,8.2888,9.8046,8.2237,7.3586,5.9345,7.6505
E0036,2026-01-17T00:00:00Z,8.2356,8.7058,9.1173,8.5139,7.2967,10.1921
E0037,2026-01-17T00:00:00Z,8.6432,8.9986,8.5104,7.1762,6.6412,11.6908
E0038,2026-01-17T00:00:00Z,8.0914,10.9737,7.127,7.6508,5.7942,10.3861
E0039,2026-01-17T00:00:00Z,8.1366,8.9764,8.6639,8.8028,6.5279,9.7969
E0040,2026-01-17T00:00:00Z,7.2969,11.7441,9.457,8.2578,5.9629,11.242
E0041,2026-01-17T00:00:00Z,7.0556,9.321,8.3029,8.2275,5.1813,7.8863
E0042,2026-01-17T00:00:00Z,7.7324,8.5409,7.0666,6.7142,6.2056,11.024
E0043,2026-01-17T00:00:00Z,10.4196,10.7129,6.2695,8.1299,6.3054,6.8918
E0044,2026-01-17T00:00:00Z,7.9978,7.5109,11.3014,9.0345,8.0717,9.4109
E0045,2026-01-17T00:00:00Z,6.8712,9.5716,7.0998,8.0628,5.9769,10.0555
E0046,2026-01-17T00:00:00Z,7.5018,11.085,6.6941,6.4196,6.5643,9.8602
E0047,2026-01-17T00:00:00Z,8.4819,9.4905,11.315,7.5176,5.7805,9.7108
E0048,2026-01-17T00:00:00Z,8.5808,10.0719,8.8355,8.5033,4.9846,9.7814
E0049,2026-01-17T00:00:00Z,8.368,9.2383,7.5399,7.0084,7.8162,8.871
E0050,2026-01-17T00:00:00Z,8.5906,9.3412,7.6169,7.1088,6.8475,12.5543
E0051,2026-01-17T00:00:00Z,8.4271,10.3096,9.289,7.9942,4.097,9.8312
E0052,2026-01-17T00:00:00Z,8.42,9.2021,8.4806,6.9151,7.7686,11.9651
E0053,2026-01-17T00:00:00Z,8.0425,8.0326,8.2262,8.1796,7.8743,8.2061
E0054,2026-01-17T00:00:00Z,8.4251,9.4848,5.7346,8.1076,6.1111,10.5282
E0055,2026-01-17T00:00:00Z,8.303,9.1794,9.9578,7.9071,6.0801,7.3291
E0056,2026-01-17T00:00:00Z,8.632,9.7811,8.4272,6.1055,5.688,11.6755
E0057,2026-01-17T00:00:00Z,8.9317,7.8363,8.0495,8.8032,7.4992,7.4655
E0058,2026-01-17T00:00:00Z,8.6727,9.1153,9.3115,7.3098,6.3879,8.8678
E0059,2026-01-17T00:00:00Z,8.0347,9.388,8.3989,6.8112,5.6254,7.7007
E0060,2026-01-17T00:00:00Z,9.641,9.6143,7.1808,6.6209,6.6914,9.4356
E0061,2026-01-17T00:00:00Z,8.9961,10.3734,8.4491,6.6429,6.2302,9.1968
E0062,2026-01-17T00:00:00Z,8.5683,9.756,7.8853,7.4934,7.2033,11.2456
E0063,2026-01-17T00:00:00Z,7.7808,9.2904,7.8957,7.663,7.8898,8.3877
E0064,2026-01-17T00:00:00Z,8.2536,7.7257,7.4903,6.7309,7.7096,11.2842
E0065,2026-01-17T00:00:00Z,7.7508,8.2941,9.0013,7.9369,6.2349,8.5172
E0066,2026-01-17T00:00:00Z,7.6362,8.8579,8.8229,6.8344,5.3571,9.2318
E0067,2026-01-17T00:00:00Z,8.387,11.0993,9.2593,8.7089,5.3995,10.1173
E0068,2026-01-17T00:00:00Z,6.8056,8.4226,8.1345,7.3671,6.4697,10.8445
E0069,2026-01-17T00:00:00Z,8.2182,9.1626,9.0858,7.578,6.8945,9.7394
E0070,2026-01-17T00:00:00Z,9.3102,10.1273,9.7422,7.4134,5.0694,10.3036
E0071,2026-01-17T00:00:00Z,7.7239,9.1156,9.1106,9.4518,7.1991,9.2374
E0072,2026-01-17T00:00:00Z,7.9374,9.1573,11.0895,7.2181,6.6547,8.1102
E0073,2026-01-17T00:00:00Z,8.1217,9.6432,8.4842,8.1533,8.2558,10.0697
E0074,2026-01-17T00:00:00Z,8.726,6.7439,9.6056,9.1557,6.2498,9.7706
E0075,2026-01-17T00:00:00Z,7.9974,7.0642,8.3064,6.2451,7.0591,7.7593
E0076,2026-01-17T00:00:00Z,6.6872,8.0028,7.8779,6.5783,4.7293,7.8112
E0077,2026-01-17T00:00:00Z,6.9903,8.5154,8.3808,7.9333,7.9666,9.217
E0078,2026-01-17T00:00:00Z,7.8662,8.4412,7.6423,7.368,6.6341,8.8778
E0079,2026-01-17T00:00:00Z,8.4831,7.3407,8.4632,7.088,7.8181,9.2643
E0080,2026-01-17T00:00:00Z,8.8538,8.3943,7.7016,7.1452,6.1924,8.5032
E0081,2026-01-17T00:00:00Z,9.081,9.1214,7.7642,9.1045,7.5884,9.0637
E0082,2026-01-17T00:00:00Z,7.6563,7.3633,10.0672,7.0571,7.4497,7.7669
E0083,2026-01-17T00:00:00Z,8.2815,9.8593,9.4061,7.5947,5.7855,7.8825
E0084,2026-01-17T00:00:00Z,7.8275,9.316,9.7294,7.454,7.3909,10.329
E0085,2026-01-17T00:00:00Z,8.974,8.0134,7.3937,7.9984,8.7211,11.6217
E0086,2026-01-17T00:00:00Z,8.1686,7.4953,6.9875,6.2821,7.8542,10.8112
E0087,2026-01-17T00:00:00Z,8.4685,10.9098,10.46,9.6674,5.9799,13.0001
E0088,2026-01-17T00:00:00Z,8.171,8.3246,7.3116,8.8791,7.013,10.3201
E0089,2026-01-17T00:00:00Z,8.1995,9.3497,8.3098,8.3954,6.862,11.2121
E0090,2026-01-17T00:00:00Z,8.3414,11.1329,9.2976,6.9855,5.7509,12.1541
E0091,2026-01-17T00:00:00Z,6.9917,10.4958,6.766,8.2805,7.2588,10.1508
E0092,2026-01-17T00:00:00Z,7.3274,8.4734,7.4735,7.7545,5.4761,9.6465
E0093,2026-01-17T00:00:00Z,8.6902,9.9903,6.9172,6.6429,7.3705,6.4883
E0094,2026-01-17T00:00:00Z,8.303,10.1756,7.1549,8.0938,7.4956,9.2003
E0095,2026-01-17T00:00:00Z,8.6529,8.8646,9.2604,6.1422,5.6138,8.7276
E0096,2026-01-17T00:00:00Z,7.7293,10.1632,7.6581,8.0513,5.8228,8.9588
E0097,2026-01-17T00:00:00Z,9.1355,10.7808,7.6696,8.4199,6.0367,7.6905
E0098,2026-01-17T00:00:00Z,8.3408,8.9023,7.8959,5.5902,5.7699,10.6994
E0099,2026-01-17T00:00:00Z,8.119,10.1666,6.2471,8.1403,7.3352,9.483
E0100,2026-01-17T00:00:00Z,9.6435,8.327,8.3406,7.3951,3.811,7.4725
E0101,2026-01-17T00:00:00Z,9.3557,9.8344,9.362,5.7996,6.979,4.8762
E0102,2026-01-17T00:00:00Z,7.6629,10.4854,9.4995,6.3065,6.8323,9.6901
E0103,2026-01-17T00:00:00Z,8.6751,10.2893,9.5906,6.8192,7.3413,10.0566
E0104,2026-01-17T00:00:00Z,7.9439,8.4588,8.2263,6.6659,6.7312,11.062
E0105,2026-01-17T00:00:00Z,9.0511,9.7439,8.9988,8.0818,7.4602,8.6867
E0106,2026-01-17T00:00:00Z,7.9903,8.5662,11.5721,5.5561,7.5243,10.0239
E0107,2026-01-17T00:00:00Z,9.0575,8.7693,8.3867,7.7816,7.2611,10.0005
E0108,2026-01-17T00:00:00Z,6.9462,9.7962,7.0887,7.9973,5.9983,9.9828
E0109,2026-01-17T00:00:00Z,7.1179,9.7247,8.2377,6.6568,5.1298,8.4381
E0110,2026-01-17T00:00:00Z,8.4481,9.1926,8.6203,6.0275,6.2844,12.1728
E0111,2026-01-17T00:00:00Z,8.4343,9.1793,8.3952,7.0406,7.544,10.1503
E0112,2026-01-17T00:00:00Z,7.7999,10.1916,8.3053,7.423,5.8252,9.6627
E0113,2026-01-17T00:00:00Z,8.4703,9.2626,7.9463,6.8982,6.858,6.8131
E0114,2026-01-17T00:00:00Z,7.6645,7.5892,6.4595,8.3043,6.0953,9.3712
E0115,2026-01-17T00:00:00Z,8.055,8.3534,10.1133,6.6354,5.8117,9.2674
E0116,2026-01-17T00:00:00Z,8.6922,8.3146,8.1909,7.7824,5.7053,7.5435
E0117,2026-01-17T00:00:00Z,8.8983,7.9644,8.0509,8.6464,4.0477,9.9464
E0118,2026-01-17T00:00:00Z,9.2808,7.9777,8.8422,8.7056,6.6619,10.1927
E0119,2026-01-17T00:00:00Z,8.7322,9.3394,8.2036,8.2544,7.4515,9.8929
E0120,2026-01-17T00:00:00Z,9.0075,9.702,9.1643,7.6057,3.6781,11.6085
E0121,2026-01-17T00:00:00Z,6.7245,7.9615,8.4029,6.5056,7.5473,9.9594
E0122,2026-01-17T00:00:00Z,8.9667,7.5141,5.3478,6.3231,6.8287,7.7436
E0123,2026-01-17T00:00:00Z,9.1727,7.7682,5.2469,7.1771,5.8977,9.9148
E0124,2026-01-17T00:00:00Z,8.8441,8.6214,7.6698,9.6815,6.756,8.8184
E0125,2026-01-17T00:00:00Z,8.7143,10.3142,7.1898,7.1364,4.734,8.8516
E0126,2026-01-17T00:00:00Z,9.506,8.4107,9.3739,9.3413,8.2874,11.7099
E0127,2026-01-17T00:00:00Z,6.7889,8.7981,9.2701,9.3873,6.704,8.2183
E0128,2026-01-17T00:00:00Z,7.8696,9.6481,8.5672,6.4437,6.5297,9.487
E0129,2026-01-17T00:00:00Z,7.3184,10.338,9.3839,6.3812,6.9973,10.7094
E0130,2026-01-17T00:00:00Z,7.6543,8.5443,8.8673,7.6572,7.1822,8.2391
E0131,2026-01-17T00:00:00Z,8.2561,8.4566,7.927,6.6122,7.2305,10.1267
E0132,2026-01-17T00:00:00Z,8.0727,9.1372,9.293,7.1672,7.942,10.4972
E0133,2026-01-17T00:00:00Z,8.3893,7.5207,8.6532,8.2628,5.4776,8.8351
E0134,2026-01-17T00:00:00Z,7.3217,9.0463,9.2507,7.7969,5.4876,9.9555
E0135,2026-01-17T00:00:00Z,8.0689,9.9874,8.6245,8.5063,5.506,9.7542
E0136,2026-01-17T00:00:00Z,8.7327,8.4561,6.1306,9.0201,6.7583,8.5273
E0137,2026-01-17T00:00:00Z,8.8437,9.8749,9.7582,6.8193,4.5953,11.3865
E0138,2026-01-17T00:00:00Z,7.6881,8.1405,9.832,8.032,7.4355,9.3826
E0139,2026-01-17T00:00:00Z,8.8738,9.7011,9.0775,8.2357,6.3226,8.8104
E0140,2026-01-17T00:00:00Z,8.1995,8.5252,8.3192,7.4906,5.5226,10.3407
E0141,2026-01-17T00:00:00Z,8.3427,8.8749,8.3285,7.7343,6.0726,10.7685
E0142,2026-01-17T00:00:00Z,8.4035,9.7211,8.4354,7.0444,5.8789,9.8434
E0143,2026-01-17T00:00:00Z,7.8606,9.6588,7.3727,6.6385,6.5358,10.988
E0144,2026-01-17T00:00:00Z,8.3143,9.1867,9.5033,6.5218,6.389,11.478
E0145,2026-01-17T00:00:00Z,9.0149,7.287,6.8591,5.7116,5.1251,13.2802
E0146,2026-01-17T00:00:00Z,8.4469,9.3093,9.4474,7.8841,7.564,7.9511
E0147,2026-01-17T00:00:00Z,6.7739,7.7739,9.7821,7.0292,6.0792,9.124
E0148,2026-01-17T00:00:00Z,8.218,8.5036,6.9293,8.6787,7.2536,8.2775
E0149,2026-01-17T00:00:00Z,7.7945,8.9085,8.0749,6.7411,5.4486,9.8861
E0000,2026-01-18T00:00:00Z,7.6748,10.0036,8.8526,7.6291,6.5124,8.2273
E0001,2026-01-18T00:00:00Z,7.3538,9.1895,7.6494,7.0668,6.5085,10.0455
E0002,2026-01-18T00:00:00Z,7.0993,8.7906,7.8179,8.463,5.0384,10.374
E0003,2026-01-18T00:00:00Z,8.9253,9.7204,8.4248,7.9749,6.5092,9.0153
E0004,2026-01-18T00:00:00Z,7.8985,10.7126,9.4921,8.7663,6.7843,9.9194
E0005,2026-01-18T00:00:00Z,7.7316,9.4853,7.945,6.943,7.1357,8.0644
E0006,2026-01-18T00:00:00Z,7.5889,8.0215,8.4684,7.4643,9.272,10.3159
E0007,2026-01-18T00:00:00Z,8.0286,10.106,9.0918,8.2881,5.4511,8.4257
E0008,2026-01-18T00:00:00Z,8.9242,8.3962,6.6469,8.8104,6.6198,8.9249
E0009,2026-01-18T00:00:00Z,8.6312,10.0884,9.0856,7.5208,5.9688,12.031
E0010,2026-01-18T00:00:00Z,7.9563,10.4802,9.4407,8.2159,6.2767,9.3182
E0011,2026-01-18T00:00:00Z,7.1565,9.37,8.0331,6.7687,6.5142,11.7114
E0012,2026-01-18T00:00:00Z,8.6206,10.5491,9.1466,8.4504,5.7006,9.49
E0013,2026-01-18T00:00:00Z,9.015,7.1742,10.486,8.8729,7.1363,10.7937
E0014,2026-01-18T00:00:00Z,7.9708,6.4631,8.962,7.6659,6.222,8.554
E0015,2026-01-18T00:00:00Z,8.1779,7.9654,9.1127,9.3782,4.8834,10.2236
E0016,2026-01-18T00:00:00Z,8.405,9.9996,8.4814,8.5116,6.8184,11.4083
E0017,2026-01-18T00:00:00Z,9.479,11.1123,6.8775,6.4541,8.8484,11.1259
E0018,2026-01-18T00:00:00Z,7.6642,10.7784,10.2972,7.7274,6.9188,8.2993
E0019,2026-01-18T00:00:00Z,9.1655,8.5521,6.2258,6.5835,5.4302,11.9622
E0020,2026-01-18T00:00:00Z,9.1692,11.2598,9.4605,7.203,7.4195,8.3142
E0021,2026-01-18T00:00:00Z,8.6031,9.9158,8.2395,6.0221,6.2412,6.9499
E0022,2026-01-18T00:00:00Z,8.0895,8.6335,8.4205,6.5886,5.3265,7.7539
E0023,2026-01-18T00:00:00Z,7.9218,7.2276,7.7099,7.2793,7.1272,10.2247
E0024,2026-01-18T00:00:00Z,8.5819,7.4707,7.0495,8.3773,6.8783,11.0021
E0025,2026-01-18T00:00:00Z,7.5026,9.068,6.6486,7.8304,5.1124,7.8326
E0026,2026-01-18T00:00:00Z,7.8722,8.716,11.0013,6.7755,5.631,9.1877
E0027,2026-01-18T00:00:00Z,7.4758,10.0178,7.1646,6.1916,6.8934,10.0487
E0028,2026-01-18T00:00:00Z,9.0594,9.7985,8.4232,7.3625,7.1307,8.6811
E0029,2026-01-18T00:00:00Z,8.3913,6.7698,9.6616,5.8777,5.083,8.5504
E0030,2026-01-18T00:00:00Z,8.0835,8.5411,8.6763,6.3591,7.0639,8.4984
E0031,2026-01-18T00:00:00Z,8.2426,9.0035,5.7193,8.3077,7.6224,11.5129
E0032,2026-01-18T00:00:00Z,7.4249,8.0371,8.4981,7.6885,6.1425,11.4002
E0033,2026-01-18T00:00:00Z,8.344,9.2569,10.8401,7.1968,6.4502,7.9761
E0034,2026-01-18T00:00:00Z,8.2188,10.1723,8.9028,7.6536,4.9956,12.349
E0035,2026-01-18T00:00:00Z,8.4769,9.4074,8.7638,8.2383,6.2632,9.5778
E0036,2026-01-18T00:00:00Z,7.9639,10.2176,9.7249,6.2925,5.3446,10.8653
E0037,2026-01-18T00:00:00Z,8.1302,8.8314,9.0482,6.5199,5.6305,9.6811
E0038,2026-01-18T00:00:00Z,7.9477,9.338,7.8352,5.892,6.1903,9.3176
E0039,2026-01-18T00:00:00Z,8.6739,9.5575,10.5907,6.6617,4.9636,8.6768
E0040,2026-01-18T00:00:00Z,7.8748,9.7387,7.9805,5.6914,7.7073,9.0238
E0041,2026-01-18T00:00:00Z,8.9882,9.118,8.4932,7.7121,7.5725,10.9976
E0042,2026-01-18T00:00:00Z,7.6802,7.6207,10.1834,9.2604,6.4131,8.6667
E0043,2026-01-18T00:00:00Z,8.2663,8.6434,9.2596,8.7557,6.5742,7.0857
E0044,2026-01-18T00:00:00Z,8.5786,9.0647,6.569,7.4074,6.5563,8.12
E0045,2026-01-18T00:00:00Z,8.9063,7.1246,8.9821,7.882,6.6791,11.1214
E0046,2026-01-18T00:00:00Z,8.0784,6.9591,7.4504,8.0133,5.2186,10.6457
E0047,2026-01-18T00:00:00Z,7.5971,9.5494,8.3935,7.6603,6.8064,9.7299
E0048,2026-01-18T00:00:00Z,9.6117,9.1106,7.1509,7.886,6.294,8.0425
E0049,2026-01-18T00:00:00Z,8.6123,8.716,6.5743,7.7555,6.8754,11.7874
E0050,2026-01-18T00:00:00Z,8.5111,8.3062,8.6511,7.8314,5.9733,9.239
E0051,2026-01-18T00:00:00Z,7.7726,8.5435,6.6285,6.6796,6.6246,11.1783
E0052,2026-01-18T00:00:00Z,8.5299,9.5792,6.6786,9.0404,7.2367,11.0356
E0053,2026-01-18T00:00:00Z,7.6872,8.8672,9.0765,7.9693,5.3612,12.2623
E0054,2026-01-18T00:00:00Z,7.108,9.215,9.0751,8.4673,6.6302,11.0009
E0055,2026-01-18T00:00:00Z,8.7493,11.0954,6.7188,7.5401,5.9112,7.158
E0056,2026-01-18T00:00:00Z,8.3477,10.9874,8.4896,7.9633,5.8391,9.4319
E0057,2026-01-18T00:00:00Z,7.1581,7.5546,9.1225,7.9887,9.1848,9.4939
E0058,2026-01-18T00:00:00Z,9.774,7.6039,7.8481,8.4031,7.1697,9.7185
E0059,2026-01-18T00:00:00Z,8.0913,10.2597,6.8221,9.0526,6.4435,8.4778
E0060,2026-01-18T00:00:00Z,8.9696,7.013,7.6725,6.19,5.5464,8.3995
E0061,2026-01-18T00:00:00Z,8.6167,10.3781,8.272,7.7198,4.8705,9.5026
E0062,2026-01-18T00:00:00Z,8.3036,9.4902,7.9678,9.1313,6.4459,11.5555
E0063,2026-01-18T00:00:00Z,7.5472,8.2955,9.4135,7.3664,4.9982,7.4391
E0064,2026-01-18T00:00:00Z,8.3628,9.9334,9.0739,6.4562,6.2445,11.0532
E0065,2026-01-18T00:00:00Z,8.4609,8.8578,8.7846,5.6163,6.6938,11.0298
E0066,2026-01-18T00:00:00Z,7.831,9.704,9.8156,8.3954,6.5494,10.6506
E0067,2026-01-18T00:00:00Z,7.8289,8.3195,7.5903,7.7204,6.0131,9.7337
E0068,2026-01-18T00:00:00Z,7.8986,7.3929,7.2253,8.4019,6.3703,7.6869
E0069,2026-01-18T00:00:00Z,9.2173,10.2497,8.1034,7.86,5.921,9.9131
E0070,2026-01-18T00:00:00Z,8.2175,9.7507,8.1005,8.0128,7.0645,11.7952
E0071,2026-01-18T00:00:00Z,7.4199,9.6939,6.8863,7.891,8.3651,11.1865
E0072,2026-01-18T00:00:00Z,9.0316,7.1755,7.2407,7.9861,7.845,10.5994
E0073,2026-01-18T00:00:00Z,8.6992,7.8317,8.0382,7.9774,6.3927,9.1036
E0074,2026-01-18T00:00:00Z,9.0313,9.3298,9.1287,7.5377,5.3412,5.8973
E0075,2026-01-18T00:00:00Z,9.3343,11.1343,9.4583,9.5012,6.7649,10.6803
E0076,2026-01-18T00:00:00Z,8.8001,8.2209,8.1995,7.5342,5.833,11.7165
E0077,2026-01-18T00:00:00Z,8.731,9.7576,8.1422,6.8571,5.8697,11.5222
E0078,2026-01-18T00:00:00Z,8.9074,10.6467,8.6865,7.7239,7.3277,8.0453
E0079,2026-01-18T00:00:00Z,8.1118,8.5335,7.4488,8.9658,7.9947,9.5362
E0080,2026-01-18T00:00:00Z,8.0281,8.2054,9.4749,7.0439,6.2589,9.2801
E0081,2026-01-18T00:00:00Z,8.0496,9.7443,8.7546,7.4405,7.0193,8.8238
E0082,2026-01-18T00:00:00Z,7.7975,9.5454,7.5437,7.7768,7.1116,6.9552
E0083,2026-01-18T00:00:00Z,7.3281,9.2453,9.3247,6.7362,7.0976,11.2263
E0084,2026-01-18T00:00:00Z,7.2708,9.0506,7.8836,8.5342,6.5569,8.8744
E0085,2026-01-18T00:00:00Z,7.6074,8.9407,11.1797,8.3389,7.3158,11.2074
E0086,2026-01-18T00:00:00Z,7.1339,9.6365,7.5574,8.041,7.0537,10.6257
E0087,2026-01-18T00:00:00Z,9.4601,8.6682,7.0921,6.0829,7.4434,8.5615
E0088,2026-01-18T00:00:00Z,9.1866,8.9225,8.1513,6.9001,6.4159,10.0575
E0089,2026-01-18T00:00:00Z,7.4209,8.8069,8.414,6.0598,5.2954,5.833
E0090,2026-01-18T00:00:00Z,7.5096,8.2287,9.0717,6.9727,5.6907,9.9848
E0091,2026-01-18T00:00:00Z,9.6826,8.8301,7.6084,6.4415,5.566,6.3899
E0092,2026-01-18T00:00:00Z,7.5574,9.2135,11.9681,8.015,6.7603,9.7698
E0093,2026-01-18T00:00:00Z,8.7917,7.6399,6.443,5.678,6.9119,9.1763
E0094,2026-01-18T00:00:00Z,7.0605,9.2061,8.1834,8.2441,6.719,10.0962
E0095,2026-01-18T00:00:00Z,8.5469,8.7224,9.9707,6.0974,5.9187,8.0214
E0096,2026-01-18T00:00:00Z,7.3744,9.98,6.5596,7.8434,6.5331,7.7836
E0097,2026-01-18T00:00:00Z,8.5322,10.6251,7.3299,7.664,4.2046,9.8988
E0098,2026-01-18T00:00:00Z,10.3316,8.1439,7.8499,6.1279,8.6992,7.7049
E0099,2026-01-18T00:00:00Z,8.5743,8.4336,8.6049,5.5367,7.657,9.6312
E0100,2026-01-18T00:00:00Z,8.2895,8.7486,8.4364,6.3993,7.9839,11.4073
E0101,2026-01-18T00:00:00Z,7.5365,8.4553,8.1058,8.563,6.1492,8.9555
E0102,2026-01-18T00:00:00Z,9.4605,12.1793,7.7745,7.6164,3.8511,8.2924
E0103,2026-01-18T00:00:00Z,8.4709,10.5438,7.0686,7.2533,6.5565,11.9115
E0104,2026-01-18T00:00:00Z,8.4298,8.4169,6.0419,8.9242,5.4214,7.8255
E0105,2026-01-18T00:00:00Z,7.8145,8.2447,8.0144,8.3325,3.9992,8.1682
E0106,2026-01-18T00:00:00Z,8.305,9.8667,8.0699,7.916,6.6957,10.575
E0107,2026-01-18T00:00:00Z,7.8883,7.1444,7.3291,5.556,5.5923,8.379
E0108,2026-01-18T00:00:00Z,8.9302,8.6855,6.7446,6.3426,7.1614,8.4623
E0109,2026-01-18T00:00:00Z,7.1192,9.7378,7.361,7.5928,7.7873,9.5306
E0110,2026-01-18T00:00:00Z,7.4043,7.8015,7.7706,7.651,6.7996,8.7926
E0111,2026-01-18T00:00:00Z,6.5875,9.4087,7.8662,6.5949,8.1457,8.7483
E0112,2026-01-18T00:00:00Z,7.8589,9.6619,7.6599,7.4763,4.8981,8.0084
E0113,2026-01-18T00:00:00Z,7.8021,9.1941,9.0469,6.2401,5.3156,7.3482
E0114,2026-01-18T00:00:00Z,7.8892,9.4361,8.4889,8.3056,8.8316,9.5673
E0115,2026-01-18T00:00:00Z,7.6572,9.6565,9.0167,7.2121,6.8935,7.4472
E0116,2026-01-18T00:00:00Z,6.7207,9.243,9.0134,7.4657,5.34,8.7919
E0117,2026-01-18T00:00:00Z,8.4856,8.9164,7.0508,7.8105,7.2857,6.9907
E0118,2026-01-18T00:00:00Z,9.2265,10.1211,9.8056,5.3757,7.2965,9.2054
E0119,2026-01-18T00:00:00Z,8.1818,8.2423,7.7917,9.6928,7.1961,11.9693
E0120,2026-01-18T00:00:00Z,8.3793,8.3864,9.9647,6.9993,4.6503,10.2328
E0121,2026-01-18T00:00:00Z,8.1615,8.8803,9.205,7.8501,5.9854,8.8499
E0122,2026-01-18T00:00:00Z,8.2102,6.6971,8.789,6.8292,5.8857,9.8541
E0123,2026-01-18T00:00:00Z,9.3238,9.7068,8.8471,5.9205,6.7784,8.7324
E0124,2026-01-18T00:00:00Z,9.3792,8.5927,8.4487,8.336,8.2407,8.9933
E0125,2026-01-18T00:00:00Z,6.4905,8.8562,7.6483,8.4426,6.7049,8.1143
E0126,2026-01-18T00:00:00Z,7.8,7.533,6.8745,7.1444,6.6027,6.7035
E0127,2026-01-18T00:00:00Z,8.6038,9.6271,9.2222,7.4031,5.4547,12.0069
E0128,2026-01-18T00:00:00Z,7.0511,9.9353,8.3097,6.8218,5.1135,10.5156
E0129,2026-01-18T00:00:00Z,9.5317,9.4705,8.2288,6.4844,4.8376,11.6928
E0130,2026-01-18T00:00:00Z,8.121,10.8776,10.5074,7.6178,6.3146,11.1342
E0131,2026-01-18T00:00:00Z,8.2442,8.5526,8.1852,8.6516,4.1757,10.4249
E0132,2026-01-18T00:00:00Z,7.7033,9.1208,8.4579,6.4425,7.4978,9.9465
E0133,2026-01-18T00:00:00Z,8.5617,7.0577,8.5434,8.1529,5.826,12.3213
E0134,2026-01-18T00:00:00Z,7.9997,8.3734,8.4498,8.779,6.3837,8.9096
E0135,2026-01-18T00:00:00Z,9.2132,8.2922,9.283,7.5371,7.2401,12.7805
E0136,2026-01-18T00:00:00Z,8.5871,9.9907,9.1072,5.2728,7.4332,11.2846
E0137,2026-01-18T00:00:00Z,8.8422,8.23,9.0241,8.143,7.2777,7.1388
E0138,2026-01-18T00:00:00Z,7.0413,10.0508,9.5138,7.5325,6.7717,8.978
E0139,2026-01-18T00:00:00Z,6.6995,9.4964,8.7581,7.529,7.1682,9.1143
E0140,2026-01-18T00:00:00Z,8.4782,8.6412,9.8249,6.6453,5.9276,9.4558
E0141,2026-01-18T00:00:00Z,7.6892,8.342,7.6153,9.3759,6.839,9.6557
E0142,2026-01-18T00:00:00Z,9.2358,10.345,7.5577,7.0584,5.2054,7.7668
E0143,2026-01-18T00:00:00Z,7.0276,8.1908,9.5723,8.3594,4.2169,9.6791
E0144,2026-01-18T00:00:00Z,8.5739,8.9407,8.534,9.8176,7.0735,13.1318
E0145,2026-01-18T00:00:00Z,8.7222,9.6883,10.2737,7.0492,5.4282,9.0618
E0146,2026-01-18T00:00:00Z,7.4657,9.9177,8.8578,9.4401,4.7901,10.5204
E0147,2026-01-18T00:00:00Z,8.2234,8.3399,8.4049,8.2406,7.521,8.7968
E0148,2026-01-18T00:00:00Z,7.6431,7.7033,7.3701,4.9786,5.0406,9.1086
E0149,2026-01-18T00:00:00Z,8.1169,8.5093,8.7676,8.9104,5.4352,8.7605
E0000,2026-01-19T00:00:00Z,8.0469,8.3739,9.298,7.6149,7.1964,9.1325
E0001,2026-01-19T00:00:00Z,8.1956,10.112,8.2542,7.4141,5.4455,10.749
E0002,2026-01-19T00:00:00Z,8.3002,10.3444,9.4012,8.2594,7.0433,10.5798
E0003,2026-01-19T00:00:00Z,8.595,9.497,7.8393,8.2047,6.9127,8.4894
E0004,2026-01-19T00:00:00Z,8.2148,8.2625,6.088,5.6493,5.277,7.5959
E0005,2026-01-19T00:00:00Z,8.3758,7.4056,7.856,7.9335,5.5086,10.0051
E0006,2026-01-19T00:00:00Z,9.3842,9.7277,9.048,8.7764,4.8702,11.8484
E0007,2026-01-19T00:00:00Z,7.7786,6.9496,9.4947,7.7131,7.4959,9.1599
E0008,2026-01-19T00:00:00Z,8.2654,7.5341,7.1867,8.0079,4.3061,10.348
E0009,2026-01-19T00:00:00Z,8.4904,9.0007,8.4303,7.4238,6.812,9.1422
E0010,2026-01-19T00:00:00Z,9.8684,8.1082,7.1171,8.2417,7.414,10.7313
E0011,2026-01-19T00:00:00Z,9.1542,8.0473,7.7139,8.6638,7.1555,8.9781
E0012,2026-01-19T00:00:00Z,7.1204,9.277,9.8183,7.8297,5.3282,8.7064
E0013,2026-01-19T00:00:00Z,8.6353,7.6807,9.801,8.7279,6.1806,10.7977
E0014,2026-01-19T00:00:00Z,9.664,10.0405,9.1066,7.8103,6.7201,14.1113
E0015,2026-01-19T00:00:00Z,8.335,7.4082,6.9121,6.9332,5.7293,9.7557
E0016,2026-01-19T00:00:00Z,8.5813,10.3052,8.9906,7.8327,6.0263,10.6234
E0017,2026-01-19T00:00:00Z,7.2334,7.4264,9.3003,8.9092,6.3918,11.7859
E0018,2026-01-19T00:00:00Z,8.3899,8.9597,9.4934,6.4147,6.6979,11.5787
E0019,2026-01-19T00:00:00Z,9.2009,10.2501,9.4968,7.1068,7.3325,11.9303
E0020,2026-01-19T00:00:00Z,9.2892,11.9448,9.3406,7.479,5.9719,9.0397
E0021,2026-01-19T00:00:00Z,9.3481,8.8845,7.4121,8.5581,7.2869,10.8239
E0022,2026-01-19T00:00:00Z,7.5762,8.5476,8.2566,6.263,6.2898,6.4545
E0023,2026-01-19T00:00:00Z,8.5026,8.6932,9.5959,8.4403,5.4925,8.0427
E0024,2026-01-19T00:00:00Z,8.4167,9.2832,10.0723,7.8167,5.5747,9.0315
E0025,2026-01-19T00:00:00Z,7.6908,10.2216,8.0199,8.5204,6.9533,10.0243
E0026,2026-01-19T00:00:00Z,8.5422,10.4631,8.2624,7.7075,5.4118,12.4827
E0027,2026-01-19T00:00:00Z,7.8998,7.9911,9.4701,9.3057,8.8557,7.7943
E0028,2026-01-19T00:00:00Z,8.5761,9.0972,6.1288,6.2542,7.7431,11.5138
E0029,2026-01-19T00:00:00Z,8.0876,8.0797,11.1775,6.6296,6.1199,12.0865
E0030,2026-01-19T00:00:00Z,8.8777,9.3054,9.1286,8.2552,6.0326,11.7637
E0031,2026-01-19T00:00:00Z,8.4939,9.4786,8.5054,8.0613,5.3894,5.4434
E0032,2026-01-19T00:00:00Z,6.8225,7.8486,9.0351,6.8622,5.5764,10.2522
E0033,2026-01-19T00:00:00Z,7.9218,10.867,7.912,7.2967,6.3992,8.5863
E0034,2026-01-19T00:00:00Z,7.4672,9.7787,7.1684,7.8596,8.0168,10.9626
E0035,2026-01-19T00:00:00Z,9.6072,9.2518,7.9203,6.9133,7.1132,10.3871
E0036,2026-01-19T00:00:00Z,6.69,8.9751,8.5556,9.0437,5.3129,7.4107
E0037,2026-01-19T00:00:00Z,9.0107,9.5382,8.0938,6.8493,5.6903,10.6651
E0038,2026-01-19T00:00:00Z,8.6877,9.8349,11.3856,7.6463,6.0742,10.7429
E0039,2026-01-19T00:00:00Z,7.3354,8.6137,8.2662,7.2453,6.3482,10.9195
E0040,2026-01-19T00:00:00Z,9.1211,10.9284,7.5119,7.3254,9.3923,8.1816
E0041,2026-01-19T00:00:00Z,9.0459,8.5079,7.683,7.341,6.5548,9.5915
E0042,2026-01-19T00:00:00Z,8.0471,9.5425,8.7807,6.9388,5.4632,6.3836
E0043,2026-01-19T00:00:00Z,8.7861,8.4409,6.7179,7.0944,6.7638,9.3797
E0044,2026-01-19T00:00:00Z,8.0641,7.8019,10.1332,7.9432,6.8092,9.0581
E0045,2026-01-19T00:00:00Z,9.0827,7.7506,8.035,7.6776,5.3684,9.7457
E0046,2026-01-19T00:00:00Z,7.7045,8.9523,7.4577,8.2633,6.7108,11.8275
E0047,2026-01-19T00:00:00Z,8.4433,9.2216,8.0527,7.782,5.5897,11.5508
E0048,2026-01-19T00:00:00Z,7.2233,9.11,9.0498,10.4321,6.7242,9.7775
E0049,2026-01-19T00:00:00Z,8.1709,7.521,5.812,7.4188,5.4093,10.766
E0050,2026-01-19T00:00:00Z,9.257,10.2628,7.4384,7.2651,6.298,10.8611
E0051,2026-01-19T00:00:00Z,8.3433,9.442,7.0135,7.116,5.6498,10.7223
E0052,2026-01-19T00:00:00Z,8.2708,10.9778,10.3069,6.2519,5.0492,8.7859
E0053,2026-01-19T00:00:00Z,8.7563,8.9452,9.276,7.791,6.0492,8.3069
E0054,2026-01-19T00:00:00Z,9.3828,10.0556,8.1849,6.3556,8.3116,9.2694
E0055,2026-01-19T00:00:00Z,8.2789,8.6697,10.376,8.1265,4.2875,10.8722
E0056,2026-01-19T00:00:00Z,7.143,10.2758,7.9516,7.8411,4.4078,8.1338
E0057,2026-01-19T00:00:00Z,9.8261,9.6455,8.0295,7.6183,6.0151,10.5001
E0058,2026-01-19T00:00:00Z,8.7087,8.3915,8.0752,8.1957,6.7499,9.0743
E0059,2026-01-19T00:00:00Z,9.5156,9.618,8.5533,7.7051,6.6697,8.8519
E0060,2026-01-19T00:00:00Z,7.7362,10.5462,8.47,8.4673,8.1531,10.2642
E0061,2026-01-19T00:00:00Z,9.6563,9.8761,7.8733,6.6769,6.1601,9.719
E0062,2026-01-19T00:00:00Z,7.4698,9.3364,8.7555,8.349,5.4432,7.7061
E0063,2026-01-19T00:00:00Z,8.8301,8.5711,8.1952,7.3686,6.7707,9.069
E0064,2026-01-19T00:00:00Z,7.0316,9.0445,8.3342,6.1223,6.1668,8.2533
E0065,2026-01-19T00:00:00Z,7.689,8.6661,8.1935,9.2681,8.8605,8.2829
E0066,2026-01-19T00:00:00Z,8.4882,10.0701,8.0982,7.448,5.9581,8.6313
E0067,2026-01-19T00:00:00Z,8.5561,9.3023,8.7297,8.2255,7.3304,10.9018
E0068,2026-01-19T00:00:00Z,8.566,9.5318,10.0069,7.4863,5.7404,8.2608
E0069,2026-01-19T00:00:00Z,7.3913,10.2159,9.6532,5.6942,6.4781,8.7915
E0070,2026-01-19T00:00:00Z,9.2395,9.4803,9.5698,5.9005,6.999,9.2426
E0071,2026-01-19T00:00:00Z,9.184,7.8418,8.1068,6.1312,6.6247,9.6292
E0072,2026-01-19T00:00:00Z,8.708,8.4645,8.7047,7.3352,6.3476,10.5854
E0073,2026-01-19T00:00:00Z,9.0811,10.1674,8.6376,8.414,6.7663,11.2551
E0074,2026-01-19T00:00:00Z,9.0145,10.0695,7.9392,7.3408,4.6538,10.995
E0075,2026-01-19T00:00:00Z,9.115,10.5293,9.0293,7.7761,7.3046,7.335
E0076,2026-01-19T00:00:00Z,7.1138,7.9031,9.8109,7.3293,5.7494,10.052
E0077,2026-01-19T00:00:00Z,8.7857,9.6316,6.1646,8.4809,5.5545,8.6912
E0078,2026-01-19T00:00:00Z,6.8908,9.4041,9.2597,8.5916,5.4252,8.293
E0079,2026-01-19T00:00:00Z,8.4954,8.6308,9.1277,8.9843,5.3944,9.5179
E0080,2026-01-19T00:00:00Z,7.5231,7.8404,8.373,6.6162,6.83,10.0842
E0081,2026-01-19T00:00:00Z,8.6733,8.5017,7.221,6.3027,6.6587,7.1135
E0082,2026-01-19T00:00:00Z,8.9902,7.8845,9.7971,7.9461,5.8636,8.4523
E0083,2026-01-19T00:00:00Z,9.2911,10.9085,8.3055,9.1455,5.7814,10.8723
E0084,2026-01-19T00:00:00Z,7.681,8.7894,9.0715,6.535,5.5314,8.0498
E0085,2026-01-19T00:00:00Z,7.2057,9.6467,9.7421,8.2146,6.3226,10.1426
E0086,2026-01-19T00:00:00Z,9.501,9.9418,7.9408,6.849,6.9458,10.8815
E0087,2026-01-19T00:00:00Z,8.3611,9.6445,9.9597,7.8092,5.5867,9.1818
E0088,2026-01-19T00:00:00Z,7.9657,9.0537,8.5329,8.2497,6.6887,8.9442
E0089,2026-01-19T00:00:00Z,8.2798,10.1957,8.3611,6.9922,5.6147,11.8169
E0090,2026-01-19T00:00:00Z,8.4768,9.6572,6.6337,7.9554,5.2683,12.6273
E0091,2026-01-19T00:00:00Z,8.214,7.7913,7.0505,7.552,6.9759,8.4106
E0092,2026-01-19T00:00:00Z,9.1027,8.3284,8.2837,8.6351,6.3381,10.4995
E0093,2026-01-19T00:00:00Z,7.076,7.97,7.4918,7.7209,7.9943,8.7462
E0094,2026-01-19T00:00:00Z,6.2629,8.8094,9.9874,7.6223,7.0143,9.6823
E0095,2026-01-19T00:00:00Z,9.1169,8.7482,7.8829,8.1004,6.6245,9.1744
E0096,2026-01-19T00:00:00Z,9.286,8.5274,7.6161,5.9466,6.2226,14.1658
E0097,2026-01-19T00:00:00Z,8.8397,10.2383,7.1587,6.3821,6.3332,11.7781
E0098,2026-01-19T00:00:00Z,8.4686,9.303,7.3263,6.3416,6.9541,9.7727
E0099,2026-01-19T00:00:00Z,7.2175,9.9344,6.9933,7.7637,6.5249,10.8408
E0100,2026-01-19T00:00:00Z,8.169,9.9631,8.3431,6.857,6.6932,10.0234
E0101,2026-01-19T00:00:00Z,9.3686,9.0008,7.7881,8.8905,7.2578,11.4573
E0102,2026-01-19T00:00:00Z,9.1115,8.8062,9.0747,8.6286,6.9881,8.1244
E0103,2026-01-19T00:00:00Z,9.1292,8.8335,7.0284,7.9222,6.7683,8.1653
E0104,2026-01-19T00:00:00Z,7.8896,9.253,9.0909,8.2296,7.0093,9.2762
E0105,2026-01-19T00:00:00Z,8.041,9.0375,9.5651,7.3538,6.7361,10.5006
E0106,2026-01-19T00:00:00Z,8.6644,8.8446,9.1166,7.6517,6.0137,11.1574
E0107,2026-01-19T00:00:00Z,8.5575,9.2469,7.8636,8.4802,8.1569,10.196
E0108,2026-01-19T00:00:00Z,10.199,8.4334,8.4124,6.0084,6.1572,10.1735
E0109,2026-01-19T00:00:00Z,7.6817,9.3973,7.629,7.0245,5.5496,12.0289
E0110,2026-01-19T00:00:00Z,7.7555,9.0688,8.765,8.9852,4.5825,11.9077
E0111,2026-01-19T00:00:00Z,8.6894,8.0776,7.8922,8.575,6.9466,11.1957
E0112,2026-01-19T00:00:00Z,7.9258,10.1614,8.4883,8.3345,7.7079,11.0173
E0113,2026-01-19T00:00:00Z,9.4453,10.9297,9.1348,8.3202,4.8475,10.1616
E0114,2026-01-19T00:00:00Z,7.7517,9.3874,8.9541,7.7819,7.4164,7.6374
E0115,2026-01-19T00:00:00Z,7.6655,8.9202,9.5672,8.0768,6.9705,9.8073
E0116,2026-01-19T00:00:00Z,8.3016,8.9831,8.9355,7.3306,6.1315,12.2947
E0117,2026-01-19T00:00:00Z,8.1735,9.2862,9.2748,7.0286,4.7456,9.9295
E0118,2026-01-19T00:00:00Z,9.4865,9.7015,9.6737,8.1997,6.1752,11.5899
E0119,2026-01-19T00:00:00Z,6.9777,8.9994,8.6463,7.9861,6.338,8.1866
E0120,2026-01-19T00:00:00Z,9.6918,10.864,7.7544,6.5513,6.6609,11.2481
E0121,2026-01-19T00:00:00Z,8.1609,9.2543,7.7109,6.5993,6.3195,8.8814
E0122,2026-01-19T00:00:00Z,8.5581,9.9989,9.4219,7.3084,5.0867,9.1733
E0123,2026-01-19T00:00:00Z,9.5162,10.3414,10.9131,7.6814,6.538,10.6693
E0124,2026-01-19T00:00:00Z,8.5054,9.8936,9.0965,6.635,5.4584,8.3077
E0125,2026-01-19T00:00:00Z,7.5371,7.5859,7.8362,6.303,4.9359,11.3502
E0126,2026-01-19T00:00:00Z,9.2455,10.1672,7.8272,9.5955,5.8511,10.302
E0127,2026-01-19T00:00:00Z,7.7726,10.1053,7.4515,6.4081,6.128,10.6573
E0128,2026-01-19T00:00:00Z,8.9601,10.5872,7.6482,7.183,5.7926,7.5005
E0129,2026-01-19T00:00:00Z,7.3653,9.9002,8.5943,7.9067,6.1455,8.2177
E0130,2026-01-19T00:00:00Z,7.9302,8.9768,7.3655,7.6997,7.9649,9.9887
E0131,2026-01-19T00:00:00Z,8.8977,8.4292,7.2795,5.1793,6.6927,10.0483
E0132,2026-01-19T00:00:00Z,9.1802,10.1683,8.1471,7.1067,5.7247,10.9416
E0133,2026-01-19T00:00:00Z,7.95,8.0982,6.6633,6.2649,6.6724,8.2223
E0134,2026-01-19T00:00:00Z,8.7299,10.3464,8.963,7.0686,6.2719,10.1457
E0135,2026-01-19T00:00:00Z,8.002,10.8372,7.0584,8.5934,6.087,9.4072
E0136,2026-01-19T00:00:00Z,8.3723,10.9629,7.9673,8.8712,7.5628,11.1088
E0137,2026-01-19T00:00:00Z,8.571,7.9365,6.7354,8.4119,6.4244,7.9804
E0138,2026-01-19T00:00:00Z,8.8948,11.0963,8.1046,6.9773,7.3637,11.5049
E0139,2026-01-19T00:00:00Z,8.3106,6.6237,7.4473,9.3233,6.0875,4.8982
E0140,2026-01-19T00:00:00Z,8.5737,10.1515,9.3269,8.1551,5.9024,8.7866
E0141,2026-01-19T00:00:00Z,8.1771,7.837,7.5017,8.4154,4.0006,8.2226
E0142,2026-01-19T00:00:00Z,8.1295,10.4935,8.6888,8.4595,6.3776,8.7389
E0143,2026-01-19T00:00:00Z,8.409,9.8106,8.3628,8.4537,7.1459,8.603
E0144,2026-01-19T00:00:00Z,7.1547,9.4529,8.8417,7.9157,5.9374,9.0429
E0145,2026-01-19T00:00:00Z,7.9316,10.419,4.8286,6.0677,7.3213,6.8431
E0146,2026-01-19T00:00:00Z,9.5652,8.9188,7.4292,7.0156,8.1244,10.3763
E0147,2026-01-19T00:00:00Z,8.0036,9.2606,8.4256,7.6052,5.9562,10.5435
E0148,2026-01-19T00:00:00Z,8.5095,11.1541,8.7246,7.769,4.9726,10.3372
E0149,2026-01-19T00:00:00Z,8.0755,10.0864,9.2841,8.2681,7.1504,9.3912
E0000,2026-01-20T00:00:00Z,9.5563,8.4651,9.0995,7.5553,5.5492,9.6435
E0001,2026-01-20T00:00:00Z,7.3217,9.0648,7.8578,6.881,4.8836,11.1111
E0002,2026-01-20T00:00:00Z,9.5426,9.3535,7.0086,7.044,6.6908,9.3308
E0003,2026-01-20T00:00:00Z,8.5155,8.9588,7.1321,8.432,6.8421,10.9126
E0004,2026-01-20T00:00:00Z,7.7012,10.4128,8.3094,5.7472,6.1543,9.981
E0005,2026-01-20T00:00:00Z,8.5195,11.231,9.6088,7.7885,6.7224,10.9056
E0006,2026-01-20T00:00:00Z,7.1451,10.7933,8.4041,7.5352,6.4896,9.9401
E0007,2026-01-20T00:00:00Z,9.0592,8.5189,9.6647,5.9444,5.4753,9.9579
E0008,2026-01-20T00:00:00Z,8.9409,8.2057,9.6879,7.5622,6.8199,9.1165
E0009,2026-01-20T00:00:00Z,7.9785,9.2152,9.7083,7.3612,6.4207,12.1342
E0010,2026-01-20T00:00:00Z,7.6279,9.4111,8.2366,6.0706,6.9668,9.8604
E0011,2026-01-20T00:00:00Z,7.8949,7.6118,7.2958,6.9336,5.2615,9.5103
E0012,2026-01-20T00:00:00Z,9.1796,7.5363,9.0464,6.5871,6.296,10.0393
E0013,2026-01-20T00:00:00Z,8.2087,7.751,8.8326,8.0021,6.6068,9.953
E0014,2026-01-20T00:00:00Z,7.6532,8.3705,7.652,7.844,5.9025,10.7228
E0015,2026-01-20T00:00:00Z,8.5768,8.8757,7.1831,6.0032,7.8653,10.4799
E0016,2026-01-20T00:00:00Z,8.5473,9.2792,8.446,8.5519,6.7475,8.6168
E0017,2026-01-20T00:00:00Z,8.0063,9.3975,8.1932,8.4766,5.5876,11.9755
E0018,2026-01-20T00:00:00Z,8.2837,7.0494,7.6264,6.8541,5.8719,9.7599
E0019,2026-01-20T00:00:00Z,8.2872,9.0513,8.91,7.5009,6.5919,8.7806
E0020,2026-01-20T00:00:00Z,8.0299,8.6411,7.9038,7.2846,6.2661,8.2259
E0021,2026-01-20T00:00:00Z,9.4984,7.4925,9.6302,7.4327,7.4636,11.0215
E0022,2026-01-20T00:00:00Z,8.5659,10.0138,9.2685,6.9438,7.6658,9.3434
E0023,2026-01-20T00:00:00Z,8.5364,8.7664,8.1931,9.6929,6.944,8.6612
E0024,2026-01-20T00:00:00Z,8.954,9.6082,10.0008,5.265,7.1825,8.1411
E0025,2026-01-20T00:00:00Z,7.7107,8.5425,6.617,7.8478,6.3881,10.1832
E0026,2026-01-20T00:00:00Z,8.6423,8.988,8.6361,6.3359,5.1437,7.9836
E0027,2026-01-20T00:00:00Z,7.5236,10.0084,8.3508,8.9242,5.3283,12.0565
E0028,2026-01-20T00:00:00Z,6.9552,7.3744,8.0192,7.795,7.41,10.312
E0029,2026-01-20T00:00:00Z,8.6445,8.9733,7.6328,8.848,7.5241,8.9165
E0030,2026-01-20T00:00:00Z,7.9553,7.6083,8.5651,6.6429,3.3573,10.4618
E0031,2026-01-20T00:00:00Z,7.3951,9.1471,7.0178,8.4275,5.5158,10.4765
E0032,2026-01-20T00:00:00Z,9.1177,9.0982,8.0216,6.8952,6.2246,8.4292
E0033,2026-01-20T00:00:00Z,8.832,8.5507,6.7045,5.9108,3.5138,10.3233
E0034,2026-01-20T00:00:00Z,8.5569,7.6546,7.6052,8.503,6.475,8.7341
E0035,2026-01-20T00:00:00Z,7.1909,9.5085,7.7583,7.5508,6.7676,9.9894
E0036,2026-01-20T00:00:00Z,7.7507,10.1499,7.7522,8.2772,5.0623,9.0365
E0037,2026-01-20T00:00:00Z,8.1938,9.873,9.7032,7.0694,5.0261,8.2342
E0038,2026-01-20T00:00:00Z,8.0403,10.8344,9.7276,6.3837,6.3286,8.4481
E0039,2026-01-20T00:00:00Z,9.2746,9.1615,9.8881,7.6946,3.8397,10.0382
E0040,2026-01-20T00:00:00Z,7.4521,10.9068,9.5571,7.4404,6.2512,11.1429
E0041,2026-01-20T00:00:00Z,7.9047,9.9781,7.3931,7.8948,6.8587,7.5475
E0042,2026-01-20T00:00:00Z,9.0096,10.1293,8.2058,7.6576,7.0539,10.1346
E0043,2026-01-20T00:00:00Z,9.6166,9.7942,9.6242,7.6647,7.4251,11.3837
E0044,2026-01-20T00:00:00Z,8.2662,9.6442,8.3239,8.302,5.5741,9.2599
E0045,2026-01-20T00:00:00Z,8.1649,9.3517,9.1921,9.966,6.0583,9.9713
E0046,2026-01-20T00:00:00Z,8.304,9.4968,7.67,5.4372,4.7492,11.9181
E0047,2026-01-20T00:00:00Z,8.1554,8.153,5.7632,9.0063,7.2531,8.3438
E0048,2026-01-20T00:00:00Z,7.5331,9.027,9.563,8.4387,5.9467,8.1775
E0049,2026-01-20T00:00:00Z,8.3183,9.0375,8.5802,5.6556,7.3239,10.141
E0050,2026-01-20T00:00:00Z,9.8851,10.896,7.5424,6.7955,8.2262,10.2942
E0051,2026-01-20T00:00:00Z,8.4901,9.3461,10.2278,7.3953,4.5954,9.9795
E0052,2026-01-20T00:00:00Z,8.5066,8.1287,7.8218,7.0669,6.5645,10.3556
E0053,2026-01-20T00:00:00Z,7.5637,8.3624,7.8962,6.3157,6.7675,9.5304
E0054,2026-01-20T00:00:00Z,6.4053,10.8332,8.6539,6.5038,7.8481,9.3941
E0055,2026-01-20T00:00:00Z,7.1538,10.5056,6.4657,8.1204,6.909,10.0774
E0056,2026-01-20T00:00:00Z,7.536,9.0436,9.1444,8.2291,6.2706,9.2824
E0057,2026-01-20T00:00:00Z,7.4304,10.1564,8.4072,6.5597,6.8512,8.4777
E0058,2026-01-20T00:00:00Z,7.9182,8.065,10.8751,8.207,5.9725,9.3886
E0059,2026-01-20T00:00:00Z,8.5668,8.9866,7.0111,7.1678,7.0337,10.2651
E0060,2026-01-20T00:00:00Z,9.8791,7.7073,9.0035,8.263,5.4468,9.3779
E0061,2026-01-20T00:00:00Z,7.6797,10.4717,9.6364,6.3347,6.1056,7.1348
E0062,2026-01-20T00:00:00Z,8.3788,8.5214,7.0834,7.1888,5.3247,11.1284
E0063,2026-01-20T00:00:00Z,7.7215,9.6906,8.9334,5.9399,5.7454,6.9395
E0064,2026-01-20T00:00:00Z,8.2533,9.1997,9.7569,6.4592,5.5609,9.9318
E0065,2026-01-20T00:00:00Z,7.5038,9.4963,8.2677,7.7633,6.6332,10.597
E0066,2026-01-20T00:00:00Z,8.4504,7.8482,8.1941,7.6694,5.7657,8.299
E0067,2026-01-20T00:00:00Z,8.3522,9.3285,8.4597,6.2624,7.1567,6.6386
E0068,2026-01-20T00:00:00Z,8.1174,7.396,9.1147,5.3321,4.7141,9.8889
E0069,2026-01-20T00:00:00Z,8.1683,9.7199,7.7547,6.8375,4.72,7.317
E0070,2026-01-20T00:00:00Z,8.0239,9.5218,8.8824,8.1468,4.6296,8.8389
E0071,2026-01-20T00:00:00Z,7.5515,9.559,10.9094,7.0465,6.2128,8.4647
E0072,2026-01-20T00:00:00Z,7.569,8.5451,7.6997,8.2774,6.808,8.8947
E0073,2026-01-20T00:00:00Z,7.5171,8.9831,9.6915,7.6529,5.0381,10.8256
E0074,2026-01-20T00:00:00Z,8.3591,9.3551,9.8974,5.9992,6.9304,10.6984
E0075,2026-01-20T00:00:00Z,9.0857,9.5,8.2144,7.2536,6.6507,11.0721
E0076,2026-01-20T00:00:00Z,7.1121,8.3727,8.7828,6.8959,6.0957,7.619
E0077,2026-01-20T00:00:00Z,8.3189,9.193,6.8998,6.8974,7.139,8.5074
E0078,2026-01-20T00:00:00Z,8.1,9.1877,9.167,6.8656,8.0571,9.878
E0079,2026-01-20T00:00:00Z,8.1096,9.8809,9.1458,7.7083,6.9781,9.128
E0080,2026-01-20T00:00:00Z,8.708,10.5075,7.8668,7.9295,7.1882,10.7486
E0081,2026-01-20T00:00:00Z,9.0145,9.0906,8.0268,7.8877,6.6376,9.8829
E0082,2026-01-20T00:00:00Z,8.1035,8.0791,7.627,6.7775,7.5718,8.8133
E0083,2026-01-20T00:00:00Z,10.0307,8.5122,9.0819,6.8119,5.7986,12.5373
E0084,2026-01-20T00:00:00Z,8.1747,9.6852,8.2203,7.067,7.8056,11.4147
E0085,2026-01-20T00:00:00Z,7.3229,10.4512,7.927,7.7472,7.1367,13.1194
E0086,2026-01-20T00:00:00Z,8.338,8.0624,9.2507,7.6887,6.7873,10.6109
E0087,2026-01-20T00:00:00Z,8.6147,8.0132,6.4504,9.064,7.0529,12.3275
E0088,2026-01-20T00:00:00Z,8.6046,10.194,8.1982,7.103,5.4785,9.8558
E0089,2026-01-20T00:00:00Z,7.9735,8.0439,7.693,7.5808,6.5416,6.3014
E0090,2026-01-20T00:00:00Z,8.3955,8.9447,9.2123,7.5327,5.3031,7.7693
E0091,2026-01-20T00:00:00Z,8.2456,10.1007,9.3246,8.9714,5.1752,10.4841
E0092,2026-01-20T00:00:00Z,8.1377,8.6915,7.109,7.1952,6.4019,10.7022
E0093,2026-01-20T00:00:00Z,8.6684,11.3135,7.2121,7.0044,7.5237,10.1894
E0094,2026-01-20T00:00:00Z,8.03,9.7974,8.6906,8.1845,4.9871,8.8737
E0095,2026-01-20T00:00:00Z,7.8105,9.4379,8.2769,9.1862,5.0589,7.7595
E0096,2026-01-20T00:00:00Z,9.341,11.0983,8.7106,6.2085,5.0454,9.5687
E0097,2026-01-20T00:00:00Z,7.6215,9.637,8.7658,7.5326,6.5717,13.0708
E0098,2026-01-20T00:00:00Z,7.9648,9.7435,7.6218,7.309,6.7926,9.5519
E0099,2026-01-20T00:00:00Z,8.1532,9.6205,9.2139,8.5166,6.1873,10.7135
E0100,2026-01-20T00:00:00Z,8.143,9.9997,10.2388,7.6609,6.5026,11.3771
E0101,2026-01-20T00:00:00Z,9.0139,9.0347,8.8264,8.6664,6.3741,10.4273
E0102,2026-01-20T00:00:00Z,8.2263,9.786,9.5072,7.32,3.8109,9.924
E0103,2026-01-20T00:00:00Z,8.1099,6.919,8.82,7.2444,5.73,7.2216
E0104,2026-01-20T00:00:00Z,7.5747,8.9236,8.0912,9.4584,7.083,11.2677
E0105,2026-01-20T00:00:00Z,7.3527,9.3711,9.8119,7.8727,6.1029,10.4224
E0106,2026-01-20T00:00:00Z,8.261,9.1815,10.1589,7.7692,6.1607,11.4818
E0107,2026-01-20T00:00:00Z,7.7222,7.4792,6.9219,6.8765,6.8103,10.2907
E0108,2026-01-20T00:00:00Z,8.7039,7.833,8.4598,6.3574,6.5346,7.6403
E0109,2026-01-20T00:00:00Z,8.4013,10.7127,10.5188,7.731,6.0405,10.0503
E0110,2026-01-20T00:00:00Z,8.3285,7.9163,6.601,9.4725,6.4911,7.2702
E0111,2026-01-20T00:00:00Z,7.0225,7.7667,7.7473,6.5286,6.0694,10.9471
E0112,2026-01-20T00:00:00Z,7.933,8.7668,7.5706,7.3971,6.2935,11.3078
E0113,2026-01-20T00:00:00Z,8.2238,8.4434,9.5949,7.3231,5.8364,10.275
E0114,2026-01-20T00:00:00Z,8.0778,8.7933,9.0512,7.8157,6.7839,10.7909
E0115,2026-01-20T00:00:00Z,7.8871,10.2591,8.572,8.1555,5.3116,11.4569
E0116,2026-01-20T00:00:00Z,8.4936,9.3012,10.2678,8.2644,6.7156,11.4811
E0117,2026-01-20T00:00:00Z,8.6267,10.3939,8.9359,8.1073,6.1928,7.1133
E0118,2026-01-20T00:00:00Z,8.4392,7.3009,8.8605,7.3353,6.7957,10.3215
E0119,2026-01-20T00:00:00Z,7.8639,9.3172,9.8578,5.8771,5.1229,8.1189
E0120,2026-01-20T00:00:00Z,8.5492,8.5768,8.8035,6.7001,6.0986,7.8685
E0121,2026-01-20T00:00:00Z,8.8773,9.5383,9.9318,6.6823,5.7552,10.9186
E0122,2026-01-20T00:00:00Z,8.8989,8.0755,7.8066,6.2719,4.2704,11.0386
E0123,2026-01-20T00:00:00Z,7.8307,8.3349,10.8562,7.1116,9.6819,8.4762
E0124,2026-01-20T00:00:00Z,8.9448,10.3424,7.7796,7.3114,5.513,6.6764
E0125,2026-01-20T00:00:00Z,8.4899,9.9335,8.9146,6.4437,7.3361,9.44
E0126,2026-01-20T00:00:00Z,9.1523,8.8322,6.8615,7.1046,6.5864,12.6564
E0127,2026-01-20T00:00:00Z,7.8216,7.1955,6.0812,7.7449,7.357,9.9228
E0128,2026-01-20T00:00:00Z,7.8535,9.6894,8.3075,6.5926,6.4048,7.4683
E0129,2026-01-20T00:00:00Z,8.5132,9.1855,7.8149,7.1809,6.1537,7.9861
E0130,2026-01-20T00:00:00Z,8.5676,8.4996,6.5629,7.1735,6.7736,10.1729
E0131,2026-01-20T00:00:00Z,9.4536,10.416,9.4344,7.27,5.6331,10.9031
E0132,2026-01-20T00:00:00Z,7.2029,9.0224,8.5548,8.7633,6.8238,8.7385
E0133,2026-01-20T00:00:00Z,8.1487,8.5217,9.9927,7.276,6.0584,8.1786
E0134,2026-01-20T00:00:00Z,8.6222,6.7756,8.3984,8.3076,7.1023,12.0501
E0135,2026-01-20T00:00:00Z,6.5817,8.7161,7.5927,8.0226,7.8419,7.78
E0136,2026-01-20T00:00:00Z,8.2951,7.0792,8.7943,8.3247,6.4231,8.0335
E0137,2026-01-20T00:00:00Z,8.8818,9.5035,8.4186,7.1629,7.0342,10.5156
E0138,2026-01-20T00:00:00Z,7.2346,7.7957,7.8781,7.6786,6.5582,8.0789
E0139,2026-01-20T00:00:00Z,8.352,11.4112,7.9347,8.2426,7.7734,9.0809
E0140,2026-01-20T00:00:00Z,8.6234,9.0163,8.8541,7.9459,6.9216,9.1834
E0141,2026-01-20T00:00:00Z,9.1396,8.9349,7.9426,6.5684,7.0541,10.3563
E0142,2026-01-20T00:00:00Z,7.6549,9.6854,7.7149,7.9402,6.6685,11.132
E0143,2026-01-20T00:00:00Z,8.08,9.397,9.239,7.741,6.6448,10.6557
E0144,2026-01-20T00:00:00Z,8.531,9.6435,8.3106,6.1822,4.7909,7.7763
E0145,2026-01-20T00:00:00Z,8.7353,10.2633,9.5411,7.4245,7.8011,10.3946
E0146,2026-01-20T00:00:00Z,8.4922,8.1543,8.5903,9.027,6.1849,10.9101
E0147,2026-01-20T00:00:00Z,8.4689,9.7889,8.4788,7.5577,5.8562,11.5837
E0148,2026-01-20T00:00:00Z,10.5546,10.7318,8.4224,6.7751,7.5806,11.2282
E0149,2026-01-20T00:00:00Z,8.0414,10.2438,8.6285,7.2593,6.245,12.64
E0000,2026-01-21T00:00:00Z,8.7994,7.7408,11.1197,7.2438,8.3387,11.303
E0001,2026-01-21T00:00:00Z,8.3063,8.3043,10.1493,7.0369,7.7785,10.2058
E0002,2026-01-21T00:00:00Z,7.8733,8.0155,6.3962,6.7423,3.6675,7.3609
E0003,2026-01-21T00:00:00Z,8.1232,9.305,7.1236,6.1218,6.6284,9.7291
E0004,2026-01-21T00:00:00Z,6.9158,10.0182,8.6132,6.7946,6.4383,10.225
E0005,2026-01-21T00:00:00Z,8.1119,8.1179,8.4313,5.209,6.8152,12.3691
E0006,2026-01-21T00:00:00Z,7.9724,9.0602,9.6251,6.5986,6.6775,7.4103
E0007,2026-01-21T00:00:00Z,8.9255,9.7371,6.9217,7.6087,6.1197,9.1575
E0008,2026-01-21T00:00:00Z,8.4652,10.7308,7.6794,6.8648,6.1256,10.1413
E0009,2026-01-21T00:00:00Z,8.8803,9.9887,8.3526,8.479,6.6581,7.9961
E0010,2026-01-21T00:00:00Z,8.525,8.8972,7.9484,7.7327,5.471,8.5545
E0011,2026-01-21T00:00:00Z,8.9456,8.3446,6.774,7.6006,6.569,10.1501
E0012,2026-01-21T00:00:00Z,8.3123,6.5904,9.2594,7.7477,7.1378,9.8636
E0013,2026-01-21T00:00:00Z,7.5821,7.4321,10.028,7.4192,7.5376,8.214
E0014,2026-01-21T00:00:00Z,10.4689,8.6985,8.1718,8.0308,7.9409,8.29
E0015,2026-01-21T00:00:00Z,7.9458,8.1559,7.0018,6.164,6.6233,8.8893
E0016,2026-01-21T00:00:00Z,8.7525,9.4321,7.2238,8.0645,6.0649,8.7975
E0017,2026-01-21T00:00:00Z,8.348,8.6809,9.128,6.5809,4.5143,10.1444
E0018,2026-01-21T00:00:00Z,7.796,8.7479,8.2158,8.6697,4.8485,11.1522
E0019,2026-01-21T00:00:00Z,9.3291,9.9082,9.9852,7.8055,6.5948,12.4807
E0020,2026-01-21T00:00:00Z,8.6837,8.9422,8.0257,7.9763,5.8164,9.2728
E0021,2026-01-21T00:00:00Z,8.5438,8.7822,7.4075,8.1737,6.1807,11.0615
E0022,2026-01-21T00:00:00Z,9.7127,10.7336,7.7014,8.1934,4.5368,10.7581
E0023,2026-01-21T00:00:00Z,8.2357,8.7341,8.0941,7.7349,6.3722,10.3683
E0024,2026-01-21T00:00:00Z,8.0574,8.4884,7.2402,8.4955,9.4052,9.8852
E0025,2026-01-21T00:00:00Z,7.8029,8.9199,7.7895,8.6935,7.1433,9.7385
E0026,2026-01-21T00:00:00Z,7.6419,7.0378,8.3673,6.6222,7.093,9.7014
E0027,2026-01-21T00:00:00Z,7.2133,9.8859,8.2934,6.698,5.6554,12.3321
E0028,2026-01-21T00:00:00Z,7.8427,7.8843,7.2056,6.6214,6.9706,9.72
E0029,2026-01-21T00:00:00Z,6.7524,7.7578,7.0563,7.8656,7.4961,10.2278
E0030,2026-01-21T00:00:00Z,7.2152,8.778,10.4154,7.6034,6.3079,8.7472
E0031,2026-01-21T00:00:00Z,8.2979,11.248,10.4511,7.4341,7.501,7.5091
E0032,2026-01-21T00:00:00Z,9.5048,10.3711,7.7379,6.9299,7.4485,9.6765
E0033,2026-01-21T00:00:00Z,8.9041,10.3208,7.4344,7.6977,8.5416,8.6444
E0034,2026-01-21T00:00:00Z,9.1659,10.9307,9.1953,7.7884,6.3237,9.8266
E0035,2026-01-21T00:00:00Z,7.65,9.1508,6.2735,8.0238,7.3772,8.2097
E0036,2026-01-21T00:00:00Z,8.2912,10.6438,6.7211,8.9595,6.4536,8.8658
E0037,2026-01-21T00:00:00Z,7.7114,9.0862,9.152,7.8273,7.1814,11.1474
E0038,2026-01-21T00:00:00Z,7.2037,9.4003,8.4602,7.3865,5.8903,7.2779
E0039,2026-01-21T00:00:00Z,9.0248,9.2315,8.5383,7.5613,6.9896,9.8642
E0040,2026-01-21T00:00:00Z,8.2285,8.5758,7.7372,7.9622,6.0611,8.3817
E0041,2026-01-21T00:00:00Z,8.8562,9.6894,8.2097,7.4311,7.009,11.1919
E0042,2026-01-21T00:00:00Z,9.0193,8.9119,9.4353,7.4208,5.7369,8.1363
E0043,2026-01-21T00:00:00Z,7.682,8.3627,9.0234,8.2661,4.9548,9.9041
E0044,2026-01-21T00:00:00Z,8.3085,7.8811,10.2551,7.122,6.3758,8.6727
E0045,2026-01-21T00:00:00Z,8.3043,9.5317,9.1859,7.1778,5.9414,9.5783
E0046,2026-01-21T00:00:00Z,8.6282,9.4763,6.9459,6.7625,6.8409,8.2223
E0047,2026-01-21T00:00:00Z,7.8352,9.0584,7.6264,8.6465,6.7127,9.4391
E0048,2026-01-21T00:00:00Z,8.8965,8.9193,8.7042,7.1343,6.4922,8.4834
E0049,2026-01-21T00:00:00Z,7.2829,8.692,7.0256,8.0411,7.5287,9.9181
E0050,2026-01-21T00:00:00Z,8.7003,7.5394,9.2718,7.9123,5.5013,9.2038
E0051,2026-01-21T00:00:00Z,8.3268,9.422,9.2617,7.6325,7.1319,11.6939
E0052,2026-01-21T00:00:00Z,8.2593,8.7527,8.9856,7.7622,5.2568,10.0902
E0053,2026-01-21T00:00:00Z,8.377,10.1315,8.0886,8.1023,6.4409,8.311
E0054,2026-01-21T00:00:00Z,8.3505,10.0401,9.6547,8.7388,6.6003,8.3071
E0055,2026-01-21T00:00:00Z,8.0799,9.4004,7.6514,7.2838,5.5403,9.7104
E0056,2026-01-21T00:00:00Z,9.0602,9.1076,7.224,7.7456,5.3782,8.8915
E0057,2026-01-21T00:00:00Z,8.2991,11.0091,7.3476,6.6999,7.3366,9.4661
E0058,2026-01-21T00:00:00Z,8.5199,9.57,8.4689,6.4407,6.5661,10.0951
E0059,2026-01-21T00:00:00Z,7.4491,8.7459,7.3681,8.2696,5.4686,10.3137
E0060,2026-01-21T00:00:00Z,8.1542,8.3193,8.413,7.9568,6.2269,7.3209
E0061,2026-01-21T00:00:00Z,8.567,8.2679,10.397,8.9301,7.3344,10.8064
E0062,2026-01-21T00:00:00Z,6.4585,9.3886,9.9222,6.7556,5.7589,12.0677
E0063,2026-01-21T00:00:00Z,8.2838,8.7396,7.5299,7.6136,8.6711,10.8577
E0064,2026-01-21T00:00:00Z,9.2338,10.4756,8.2679,6.5678,5.8069,10.6385
E0065,2026-01-21T00:00:00Z,7.3157,8.9113,7.42,8.6602,6.4803,8.7976
E0066,2026-01-21T00:00:00Z,9.7108,8.328,6.0008,7.2141,7.9779,12.2696
E0067,2026-01-21T00:00:00Z,8.258,10.8787,9.3799,8.2353,5.919,8.9643
E0068,2026-01-21T00:00:00Z,9.3319,9.2994,7.5112,8.0768,7.6575,9.7479
E0069,2026-01-21T00:00:00Z,8.9164,8.9794,9.3649,8.0271,7.6022,10.5344
E0070,2026-01-21T00:00:00Z,8.6484,9.1948,9.0755,6.4018,7.7316,10.68
E0071,2026-01-21T00:00:00Z,8.1005,7.6158,7.3758,6.8516,6.6321,10.731
E0072,2026-01-21T00:00:00Z,8.8458,7.896,8.8113,7.409,6.7327,10.5652
E0073,2026-01-21T00:00:00Z,7.8453,11.1569,8.7272,9.6715,5.4568,10.1667
E0074,2026-01-21T00:00:00Z,8.2166,8.7676,10.6143,9.3791,4.6874,8.0275
E0075,2026-01-21T00:00:00Z,8.4084,9.4706,7.8593,6.5617,5.912,9.6904
E0076,2026-01-21T00:00:00Z,9.1369,9.7527,8.4745,6.249,7.0654,11.8691
E0077,2026-01-21T00:00:00Z,8.1557,8.4206,8.6057,8.0474,4.5985,9.4529
E0078,2026-01-21T00:00:00Z,8.5179,8.4855,8.9161,8.3131,6.3638,9.7677
E0079,2026-01-21T00:00:00Z,7.1887,9.0984,9.1857,8.6035,6.8941,12.996
E0080,2026-01-21T00:00:00Z,6.5395,9.9938,7.143,8.2794,4.4829,9.5016
E0081,2026-01-21T00:00:00Z,9.6387,11.9435,9.0849,7.661,7.3929,9.4139
E0082,2026-01-21T00:00:00Z,8.6582,10.0579,10.5121,7.2037,5.4639,11.9415
E0083,2026-01-21T00:00:00Z,8.6039,10.1532,7.5253,6.4436,6.2445,10.3853
E0084,2026-01-21T00:00:00Z,8.2457,8.9144,8.0803,9.0837,6.4172,8.5683
E0085,2026-01-21T00:00:00Z,8.5413,7.8648,8.0428,7.8572,5.2113,9.0245
E0086,2026-01-21T00:00:00Z,8.1554,8.1023,7.1531,6.8511,6.3802,7.1378
E0087,2026-01-21T00:00:00Z,8.8729,8.8719,8.4456,6.6165,6.0134,9.5537
E0088,2026-01-21T00:00:00Z,8.6278,10.4854,7.0568,8.241,7.4244,10.3292
E0089,2026-01-21T00:00:00Z,8.6935,11.2399,8.1013,7.288,6.0217,10.3906
E0090,2026-01-21T00:00:00Z,7.6297,8.3892,10.8583,8.4871,4.3037,8.7897
E0091,2026-01-21T00:00:00Z,8.0114,8.8914,6.5671,6.5399,4.4784,10.517
E0092,2026-01-21T00:00:00Z,8.2503,8.3241,9.6406,5.8513,7.5837,10.4429
E0093,2026-01-21T00:00:00Z,9.3229,8.0787,10.4388,7.6594,5.6396,9.9713
E0094,2026-01-21T00:00:00Z,7.7559,8.5541,9.1049,7.2071,5.3046,9.3517
E0095,2026-01-21T00:00:00Z,7.6594,9.6986,9.6028,6.7827,5.5793,8.6995
E0096,2026-01-21T00:00:00Z,8.9098,12.0645,8.7031,7.5892,6.1121,8.5766
E0097,2026-01-21T00:00:00Z,7.1817,10.0402,10.0577,8.0793,5.5373,10.4159
E0098,2026-01-21T00:00:00Z,9.0026,8.7439,7.6594,5.9062,5.3595,12.1314
E0099,2026-01-21T00:00:00Z,8.9484,9.5941,9.8419,6.3833,6.3842,9.8396
E0100,2026-01-21T00:00:00Z,7.6694,10.052,9.0087,6.965,7.8464,10.8517
E0101,2026-01-21T00:00:00Z,8.2669,9.1881,7.6758,8.4805,6.2962,8.4984
E0102,2026-01-21T00:00:00Z,8.7237,9.1306,8.5362,9.1549,5.1164,9.64
E0103,2026-01-21T00:00:00Z,6.9832,9.8889,8.7103,5.5571,7.3295,9.6283
E0104,2026-01-21T00:00:00Z,8.1128,10.9713,9.2285,7.2422,6.0181,8.11
E0105,2026-01-21T00:00:00Z,7.572,11.6308,8.6966,7.4256,6.1682,7.2317
E0106,2026-01-21T00:00:00Z,7.9676,8.9952,7.7911,8.0734,7.8081,9.3803
E0107,2026-01-21T00:00:00Z,9.8444,8.2258,6.7086,8.3763,5.8227,7.7351
E0108,2026-01-21T00:00:00Z,6.9395,9.2071,6.7728,6.8275,5.8219,10.948
E0109,2026-01-21T00:00:00Z,7.7879,8.9004,6.959,9.3153,8.2949,11.7139
E0110,2026-01-21T00:00:00Z,7.3814,7.2871,9.7516,6.9568,4.9084,9.5962
E0111,2026-01-21T00:00:00Z,8.8259,7.7864,6.7405,7.7024,5.442,6.8236
E0112,2026-01-21T00:00:00Z,7.4112,9.7676,6.8763,9.3621,6.7664,8.1175
E0113,2026-01-21T00:00:00Z,8.9718,8.808,7.8112,7.7047,5.1116,12.5085
E0114,2026-01-21T00:00:00Z,10.1128,9.0981,8.754,8.2188,6.8304,8.3695
E0115,2026-01-21T00:00:00Z,6.7295,9.0838,7.9733,8.1701,6.4124,10.1782
E0116,2026-01-21T00:00:00Z,7.847,10.3742,8.2828,7.8401,7.9989,10.3231
E0117,2026-01-21T00:00:00Z,9.0199,9.8902,8.7067,8.6113,7.5499,12.3751
E0118,2026-01-21T00:00:00Z,10.2533,9.5621,8.8454,8.4999,5.7153,11.3818
E0119,2026-01-21T00:00:00Z,9.6636,8.2714,9.0137,8.5144,5.8642,9.7133
E0120,2026-01-21T00:00:00Z,8.0605,9.2837,6.6827,7.7087,4.7972,10.0943
E0121,2026-01-21T00:00:00Z,8.6618,8.0992,8.8181,6.5499,4.762,11.0963
E0122,2026-01-21T00:00:00Z,8.7141,8.9316,8.3801,9.6521,6.624,8.6108
E0123,2026-01-21T00:00:00Z,8.023,8.257,9.2063,7.5432,7.0299,8.3956
E0124,2026-01-21T00:00:00Z,8.8477,8.3044,9.4205,7.9475,6.893,10.0772
E0125,2026-01-21T00:00:00Z,8.1231,8.5493,9.0074,7.7378,5.886,8.6647
E0126,2026-01-21T00:00:00Z,8.459,11.3985,9.8429,6.9779,5.7036,9.1796
E0127,2026-01-21T00:00:00Z,7.645,9.0235,8.3902,7.9939,8.1328,9.0354
E0128,2026-01-21T00:00:00Z,9.0443,8.7703,8.5138,5.3961,5.987,7.4263
E0129,2026-01-21T00:00:00Z,9.0476,8.9581,8.242,6.7576,7.4341,9.6156
E0130,2026-01-21T00:00:00Z,9.4914,10.8394,9.8897,6.4972,5.2306,8.5702
E0131,2026-01-21T00:00:00Z,8.7086,9.0175,8.1487,7.1115,7.5192,8.1916
E0132,2026-01-21T00:00:00Z,6.9036,10.015,5.4263,6.7681,4.8997,10.3261
E0133,2026-01-21T00:00:00Z,8.4404,8.4775,8.7776,8.6197,5.2554,10.0386
E0134,2026-01-21T00:00:00Z,8.5043,8.7358,9.0435,8.1957,5.8656,8.1516
E0135,2026-01-21T00:00:00Z,9.0396,7.2425,7.8308,8.82,4.4657,12.3297
E0136,2026-01-21T00:00:00Z,7.3851,9.0378,8.8308,7.4163,6.3211,10.4384
E0137,2026-01-21T00:00:00Z,8.2768,9.0406,8.5616,6.8017,6.6425,7.9301
E0138,2026-01-21T00:00:00Z,8.5806,9.0994,8.3669,5.1862,6.2696,11.1456
E0139,2026-01-21T00:00:00Z,8.5569,10.2187,8.4179,6.4469,6.5796,11.1785
E0140,2026-01-21T00:00:00Z,7.6204,10.9171,5.2374,7.6474,6.955,11.6964
E0141,2026-01-21T00:00:00Z,8.9427,8.6198,9.6244,8.1539,4.218,9.4055
E0142,2026-01-21T00:00:00Z,9.084,7.3516,10.0471,6.678,5.8037,10.3203
E0143,2026-01-21T00:00:00Z,6.9398,8.8588,8.4249,8.8383,6.8828,11.1911
E0144,2026-01-21T00:00:00Z,7.9243,7.5194,7.3094,8.8845,6.454,10.5264
E0145,2026-01-21T00:00:00Z,8.9861,7.7022,9.6033,7.3988,7.5683,10.7977
E0146,2026-01-21T00:00:00Z,8.1607,9.6622,9.1188,8.1119,6.1308,11.2218
E0147,2026-01-21T00:00:00Z,8.0973,8.6443,9.1053,7.6241,4.9169,10.5288
E0148,2026-01-21T00:00:00Z,8.6058,9.3178,7.2728,8.2466,6.0533,9.8083
E0149,2026-01-21T00:00:00Z,8.8369,9.9813,8.3116,7.5246,6.0104,9.5048
E0000,2026-01-22T00:00:00Z,8.179,10.9302,8.4555,6.6316,7.9285,11.2285
E0001,2026-01-22T00:00:00Z,8.6109,8.8284,9.7637,7.9917,7.5586,11.1559
E0002,2026-01-22T00:00:00Z,8.3579,8.9878,7.4904,6.9745,5.9175,10.9108
E0003,2026-01-22T00:00:00Z,8.431,11.6156,7.4854,6.8703,4.4659,10.3869
E0004,2026-01-22T00:00:00Z,7.7884,10.423,10.4489,5.9814,7.4964,6.5074
E0005,2026-01-22T00:00:00Z,8.7469,9.656,8.3278,8.0414,6.1421,11.0802
E0006,2026-01-22T00:00:00Z,9.5878,8.4021,9.3942,6.1773,4.9701,7.3574
E0007,2026-01-22T00:00:00Z,7.9143,8.0564,8.8077,8.9259,6.4885,10.6183
E0008,2026-01-22T00:00:00Z,8.3397,11.0901,9.1067,9.1377,7.1713,10.6613
E0009,2026-01-22T00:00:00Z,7.4926,6.462,7.258,6.9003,6.4044,8.4547
E0010,2026-01-22T00:00:00Z,8.5586,9.6425,8.238,7.9541,6.5425,8.3241
E0011,2026-01-22T00:00:00Z,9.1052,10.8038,7.7294,6.916,5.4818,8.3656
E0012,2026-01-22T00:00:00Z,8.2448,8.9359,7.0124,7.3305,7.0988,9.055
E0013,2026-01-22T00:00:00Z,8.3607,10.2146,8.332,8.2082,5.4643,10.4724
E0014,2026-01-22T00:00:00Z,7.389,9.8412,7.7362,8.3993,4.5612,8.0386
E0015,2026-01-22T00:00:00Z,7.5832,10.9597,9.8296,6.5612,6.5877,8.3793
E0016,2026-01-22T00:00:00Z,8.4001,8.4883,8.5499,7.3763,5.7561,9.2238
E0017,2026-01-22T00:00:00Z,8.5889,8.8273,6.6918,7.0309,6.2741,13.5737
E0018,2026-01-22T00:00:00Z,8.4834,8.908,8.322,6.9858,5.9014,8.7398
E0019,2026-01-22T00:00:00Z,7.7051,9.0227,7.4808,8.0965,6.5746,8.0616
E0020,2026-01-22T00:00:00Z,8.2704,10.7782,8.7648,7.469,6.1022,9.8381
E0021,2026-01-22T00:00:00Z,7.7582,8.8362,9.6701,6.6555,6.1225,7.2577
E0022,2026-01-22T00:00:00Z,9.1669,9.2713,6.59,7.7653,5.5975,9.4158
E0023,2026-01-22T00:00:00Z,8.4317,7.7679,7.0771,7.8338,7.3711,11.1398
E0024,2026-01-22T00:00:00Z,8.027,7.6277,7.0617,7.1831,6.1626,10.2269
E0025,2026-01-22T00:00:00Z,8.0122,9.7341,6.8222,8.1875,4.7491,11.0949
E0026,2026-01-22T00:00:00Z,7.1177,5.5569,8.5391,6.6854,8.326,8.0591
E0027,2026-01-22T00:00:00Z,8.2402,7.2509,6.612,8.199,6.8643,7.1693
E0028,2026-01-22T00:00:00Z,7.1855,9.4118,8.5516,6.6922,7.0337,8.773
E0029,2026-01-22T00:00:00Z,8.4008,8.9442,8.6675,8.1607,7.4345,7.8273
E0030,2026-01-22T00:00:00Z,7.8629,9.3081,8.3271,7.0357,6.9499,12.1672
E0031,2026-01-22T00:00:00Z,8.8179,8.5335,9.7331,7.3966,6.5643,8.841
E0032,2026-01-22T00:00:00Z,8.5031,9.3471,8.8749,7.8432,5.9406,9.8863
E0033,2026-01-22T00:00:00Z,9.4895,8.2241,10.3453,6.207,5.6425,10.8865
E0034,2026-01-22T00:00:00Z,7.7839,9.7618,8.7281,8.093,6.547,9.4193
E0035,2026-01-22T00:00:00Z,9.0588,9.621,6.8972,8.6659,5.0653,9.2319
E0036,2026-01-22T00:00:00Z,7.4141,8.1558,8.7519,8.3526,5.728,8.5724
E0037,2026-01-22T00:00:00Z,8.2351,10.0268,6.1843,9.2103,7.1626,8.7743
E0038,2026-01-22T00:00:00Z,7.8691,9.2346,9.4491,7.8114,7.7099,10.1256
E0039,2026-01-22T00:00:00Z,7.2604,9.3869,8.2697,9.2635,6.2587,9.7927
E0040,2026-01-22T00:00:00Z,8.7573,11.0757,8.6277,8.9866,5.988,9.2926
E0041,2026-01-22T00:00:00Z,8.1457,8.1744,7.3128,7.9935,6.0221,8.5948
E0042,2026-01-22T00:00:00Z,9.2824,9.8804,7.2415,8.4805,7.3195,8.054
E0043,2026-01-22T00:00:00Z,8.5092,9.4894,8.4569,6.4315,5.7834,9.0593
E0044,2026-01-22T00:00:00Z,9.0122,8.8801,7.9027,7.1891,6.492,10.5496
E0045,2026-01-22T00:00:00Z,7.9279,8.046,6.7483,6.1389,6.6412,9.8264
E0046,2026-01-22T00:00:00Z,8.7363,9.872,10.9649,7.3727,6.5687,11.4834
E0047,2026-01-22T00:00:00Z,6.6608,8.358,7.5294,8.3925,3.9976,10.1342
E0048,2026-01-22T00:00:00Z,7.3319,9.4155,10.1055,7.2518,5.7498,10.0852
E0049,2026-01-22T00:00:00Z,9.1385,7.8522,8.0125,7.6071,7.443,7.9364
E0050,2026-01-22T00:00:00Z,8.7024,8.0732,8.8518,8.0388,7.0127,8.6549
E0051,2026-01-22T00:00:00Z,8.4683,9.677,8.0886,7.5145,6.9867,11.7112
E0052,2026-01-22T00:00:00Z,8.3775,9.6436,9.6698,7.5357,6.8106,9.5767
E0053,2026-01-22T00:00:00Z,8.4794,7.7061,9.2377,8.2361,7.4017,9.8485
E0054,2026-01-22T00:00:00Z,8.5885,7.5927,10.1869,7.0852,5.6792,10.1947
E0055,2026-01-22T00:00:00Z,7.541,9.9282,7.8626,8.4112,5.5992,10.7274
E0056,2026-01-22T00:00:00Z,8.6635,9.2647,10.39,7.8015,5.5196,11.3683
E0057,2026-01-22T00:00:00Z,7.5863,9.5708,7.7611,7.2167,5.8587,8.0323
E0058,2026-01-22T00:00:00Z,8.8986,7.3891,9.4936,9.3268,7.4636,9.2006
E0059,2026-01-22T00:00:00Z,8.1653,9.2435,7.4975,7.006,4.9193,9.6611
E0060,2026-01-22T00:00:00Z,7.4026,9.0537,9.3628,8.2488,5.6931,11.8213
E0061,2026-01-22T00:00:00Z,7.7649,11.6635,7.6213,7.0385,7.8244,8.3225
E0062,2026-01-22T00:00:00Z,7.2755,8.1356,8.651,9.5013,7.701,8.7922
E0063,2026-01-22T00:00:00Z,7.7314,8.6905,9.4264,7.653,5.2831,10.5147
E0064,2026-01-22T00:00:00Z,7.5628,8.5975,9.2788,7.6154,5.3032,10.0044
E0065,2026-01-22T00:00:00Z,7.8607,9.1181,9.4852,7.9274,6.5456,10.0029
E0066,2026-01-22T00:00:00Z,7.9552,9.4981,8.7002,8.4011,6.6661,8.8906
E0067,2026-01-22T00:00:00Z,7.8408,8.4839,7.2441,6.8409,6.4978,7.6862
E0068,2026-01-22T00:00:00Z,7.9271,10.734,7.7412,7.5924,6.36,10.4051
E0069,2026-01-22T00:00:00Z,8.395,9.3115,8.3753,7.7785,8.5705,8.0587
E0070,2026-01-22T00:00:00Z,8.2417,7.066,9.2105,6.8168,7.7476,9.9085
E0071,2026-01-22T00:00:00Z,8.5663,7.7879,7.7008,8.0415,5.4947,11.2183
E0072,2026-01-22T00:00:00Z,8.5117,8.1951,7.6554,7.318,6.456,6.1225
E0073,2026-01-22T00:00:00Z,8.4675,9.1727,11.4496,6.486,6.9542,9.8878
E0074,2026-01-22T00:00:00Z,7.8026,9.0233,7.6832,5.6058,5.4491,10.1781
E0075,2026-01-22T00:00:00Z,8.9486,9.2902,7.3445,8.382,5.8302,9.8055
E0076,2026-01-22T00:00:00Z,8.9638,9.4549,9.1017,6.7294,6.3571,10.8585
E0077,2026-01-22T00:00:00Z,7.7301,7.9217,7.9117,9.0433,6.5582,8.8263
E0078,2026-01-22T00:00:00Z,7.3362,7.2605,7.8292,7.6885,6.471,9.5816
E0079,2026-01-22T00:00:00Z,7.7228,8.2994,8.7686,7.1687,7.1285,8.1472
E0080,2026-01-22T00:00:00Z,9.3151,9.4464,9.2248,7.3729,7.8572,8.7778
E0081,2026-01-22T00:00:00Z,9.3652,7.7011,8.0318,8.2528,4.8973,6.8821
E0082,2026-01-22T00:00:00Z,7.5573,9.0131,8.1286,8.1544,6.3027,11.0051
E0083,2026-01-22T00:00:00Z,8.1036,9.8028,8.4034,7.7998,5.7879,9.9345
E0084,2026-01-22T00:00:00Z,8.2664,8.7373,9.52,6.0106,7.6648,8.7807
E0085,2026-01-22T00:00:00Z,8.3299,7.7193,6.249,8.1232,5.5611,9.5311
E0086,2026-01-22T00:00:00Z,7.5075,10.4981,8.936,8.4541,7.534,7.594
E0087,2026-01-22T00:00:00Z,8.5328,10.6984,8.2365,8.63,5.5573,10.1203
E0088,2026-01-22T00:00:00Z,7.4636,10.2564,7.3783,9.9774,6.6919,8.6762
E0089,2026-01-22T00:00:00Z,9.0671,9.8664,7.7409,9.0715,6.5107,11.9104
E0090,2026-01-22T00:00:00Z,8.0847,9.956,9.6419,7.3766,4.3118,12.066
E0091,2026-01-22T00:00:00Z,8.2947,9.5641,7.7089,6.8643,5.6384,8.9404
E0092,2026-01-22T00:00:00Z,7.5035,8.3183,9.8632,8.1956,4.0419,9.4965
E0093,2026-01-22T00:00:00Z,8.9203,7.241,6.3555,6.7642,6.7807,11.5258
E0094,2026-01-22T00:00:00Z,7.8106,8.9657,8.8994,7.47,6.1611,10.5733
E0095,2026-01-22T00:00:00Z,7.9525,8.6826,7.7256,5.7702,5.8661,8.5993
E0096,2026-01-22T00:00:00Z,6.3603,9.38,7.742,4.0163,8.4958,8.2441
E0097,2026-01-22T00:00:00Z,8.2781,8.2657,7.159,7.2719,4.0656,13.4024
E0098,2026-01-22T00:00:00Z,8.4784,8.1392,9.5455,8.9881,7.7639,10.1635
E0099,2026-01-22T00:00:00Z,8.358,8.8702,6.7962,6.9912,5.947,9.1192
E0100,2026-01-22T00:00:00Z,7.1269,10.607,11.6331,7.4039,5.7344,10.4278
E0101,2026-01-22T00:00:00Z,7.5637,9.0673,9.0138,7.5724,7.4204,9.0495
E0102,2026-01-22T00:00:00Z,9.0629,9.8495,10.2474,5.4499,5.1873,11.2603
E0103,2026-01-22T00:00:00Z,8.078,9.7733,8.002,7.5276,6.7384,7.6188
E0104,2026-01-22T00:00:00Z,9.1145,9.2246,7.5507,8.9243,6.6126,9.5435
E0105,2026-01-22T00:00:00Z,7.9629,8.0521,9.5482,7.0118,6.5686,10.1006
E0106,2026-01-22T00:00:00Z,8.878,8.6911,9.5959,7.9839,7.6733,8.0023
E0107,2026-01-22T00:00:00Z,7.5694,7.5101,7.1237,5.5756,6.6811,8.0205
E0108,2026-01-22T00:00:00Z,8.7733,9.5308,7.8766,6.6118,6.2662,11.3406
E0109,2026-01-22T00:00:00Z,8.9607,9.6487,9.2314,7.6308,4.6653,11.345
E0110,2026-01-22T00:00:00Z,8.634,9.999,8.0526,7.2569,7.9333,10.3324
E0111,2026-01-22T00:00:00Z,9.3145,10.3783,8.6948,8.038,5.8451,9.3431
E0112,2026-01-22T00:00:00Z,8.4338,9.2934,9.1101,7.2975,6.9975,8.9416
E0113,2026-01-22T00:00:00Z,9.5073,8.8584,8.3629,6.8201,4.8914,8.5055
E0114,2026-01-22T00:00:00Z,9.7228,9.585,7.8728,7.4143,6.851,9.0105
E0115,2026-01-22T00:00:00Z,8.7327,9.1525,8.9023,8.7157,7.9072,13.8182
E0116,2026-01-22T00:00:00Z,8.6746,10.179,8.9111,7.8039,5.9625,9.6503
E0117,2026-01-22T00:00:00Z,8.9418,9.3107,8.933,7.6267,5.8396,12.1455
E0118,2026-01-22T00:00:00Z,7.6681,9.8089,7.6714,6.8822,5.9732,8.1153
E0119,2026-01-22T00:00:00Z,9.1305,8.7143,8.0362,7.9876,7.6277,9.3279
E0120,2026-01-22T00:00:00Z,8.0515,7.9814,9.7062,10.2927,7.7748,10.0321
E0121,2026-01-22T00:00:00Z,8.7268,10.6725,8.236,6.8312,5.1349,9.6069
E0122,2026-01-22T00:00:00Z,8.7905,9.1297,9.684,8.1284,6.4905,10.0662
E0123,2026-01-22T00:00:00Z,8.5775,7.17,7.8411,6.8044,7.3735,11.2147
E0124,2026-01-22T00:00:00Z,9.0699,10.1833,7.0981,7.6786,6.8193,8.9754
E0125,2026-01-22T00:00:00Z,8.6355,11.9037,9.5272,8.6016,5.6561,10.191
E0126,2026-01-22T00:00:00Z,8.1474,9.1732,7.2694,7.9331,3.9318,9.1482
E0127,2026-01-22T00:00:00Z,7.4167,10.7136,8.2681,7.1131,6.03,9.7992
E0128,2026-01-22T00:00:00Z,8.4088,9.693,7.2951,7.8784,6.9249,8.2419
E0129,2026-01-22T00:00:00Z,9.076,6.694,8.0443,7.9693,5.8084,8.9643
E0130,2026-01-22T00:00:00Z,8.4733,10.1529,7.8813,8.2576,5.8741,9.0614
E0131,2026-01-22T00:00:00Z,9.1618,8.08,8.4158,6.0971,4.6988,12.4751
E0132,2026-01-22T00:00:00Z,9.4732,8.5266,9.1484,8.6182,5.4115,7.7881
E0133,2026-01-22T00:00:00Z,9.4419,10.3362,9.9299,6.4616,5.4508,12.85
E0134,2026-01-22T00:00:00Z,7.6085,7.7783,7.7224,7.0555,5.4771,6.5989
E0135,2026-01-22T00:00:00Z,8.0059,8.2073,8.408,6.6025,5.3434,10.7219
E0136,2026-01-22T00:00:00Z,8.1304,7.1217,7.9801,7.0986,5.689,8.8519
E0137,2026-01-22T00:00:00Z,7.3132,7.106,8.1176,7.4966,5.8885,9.5637
E0138,2026-01-22T00:00:00Z,7.8164,8.579,9.1163,8.5007,5.7782,9.34
E0139,2026-01-22T00:00:00Z,9.0608,9.5768,8.4586,8.3873,6.0962,10.7306
E0140,2026-01-22T00:00:00Z,9.9004,9.6082,8.5471,6.2588,5.6949,10.4653
E0141,2026-01-22T00:00:00Z,8.1436,8.548,8.8087,8.4464,5.2368,10.2325
E0142,2026-01-22T00:00:00Z,7.8786,9.7259,8.0437,7.9661,7.3816,8.7812
E0143,2026-01-22T00:00:00Z,9.3152,10.5897,8.5246,7.3203,4.1937,10.6175
E0144,2026-01-22T00:00:00Z,7.54,9.5227,8.9078,7.8312,5.7553,8.71
E0145,2026-01-22T00:00:00Z,8.3587,9.3851,8.753,6.8262,6.7999,11.7746
E0146,2026-01-22T00:00:00Z,8.9913,10.1729,7.8842,9.5008,5.9054,12.2319
E0147,2026-01-22T00:00:00Z,7.8674,9.4993,7.8588,6.0138,8.0461,10.2384
E0148,2026-01-22T00:00:00Z,7.4527,8.9585,7.4906,6.9375,5.9129,7.9849
E0149,2026-01-22T00:00:00Z,8.3218,9.3117,9.0091,7.503,7.1644,9.7003
E0000,2026-01-23T00:00:00Z,8.1599,8.4222,7.1847,6.6454,8.0634,12.3572
E0001,2026-01-23T00:00:00Z,8.0764,8.0173,8.7087,7.1705,7.8921,9.797
E0002,2026-01-23T00:00:00Z,6.9214,8.6395,8.2014,7.58,5.4787,11.1199
E0003,2026-01-23T00:00:00Z,7.8406,11.0324,9.1625,8.139,4.1983,11.3065
E0004,2026-01-23T00:00:00Z,8.0345,9.8875,8.7161,6.7434,5.9805,7.9155
E0005,2026-01-23T00:00:00Z,7.5713,9.1476,6.914,5.7168,6.1134,7.8649
E0006,2026-01-23T00:00:00Z,9.0802,9.7219,10.7142,9.0966,7.4267,12.0704
E0007,2026-01-23T00:00:00Z,8.4142,9.8132,6.0403,6.4866,5.254,10.8467
E0008,2026-01-23T00:00:00Z,9.1467,10.1901,8.918,7.9909,7.2232,10.9445
E0009,2026-01-23T00:00:00Z,7.0236,8.0727,8.7986,9.4361,6.1966,6.6182
E0010,2026-01-23T00:00:00Z,8.6266,7.3969,7.0401,6.3702,6.633,11.6004
E0011,2026-01-23T00:00:00Z,8.2495,11.6278,8.0773,7.9012,5.3214,10.9975
E0012,2026-01-23T00:00:00Z,7.8878,11.0136,8.7189,6.7114,6.7767,9.9869
E0013,2026-01-23T00:00:00Z,7.8719,10.2269,8.4074,8.0946,7.8245,10.3343
E0014,2026-01-23T00:00:00Z,7.7942,7.9579,9.6197,8.7256,5.9455,12.1314
E0015,2026-01-23T00:00:00Z,7.2395,9.3159,9.7185,7.0892,6.0112,7.8239
E0016,2026-01-23T00:00:00Z,7.8701,8.462,6.7678,7.2023,5.8442,8.9621
E0017,2026-01-23T00:00:00Z,8.8103,9.5622,10.1965,8.4957,6.0386,12.5355
E0018,2026-01-23T00:00:00Z,8.9481,9.08,8.5668,8.1966,5.9545,7.2726
E0019,2026-01-23T00:00:00Z,6.7254,9.3195,8.8712,8.8103,5.2342,11.2344
E0020,2026-01-23T00:00:00Z,8.0692,9.4181,7.7294,7.7185,6.5153,12.5389
E0021,2026-01-23T00:00:00Z,8.7661,9.2193,7.8645,6.9708,5.3275,10.6033
E0022,2026-01-23T00:00:00Z,8.2154,7.2034,7.8642,8.1301,5.762,6.886
E0023,2026-01-23T00:00:00Z,8.8765,7.2141,7.2669,6.321,5.9624,7.5277
E0024,2026-01-23T00:00:00Z,7.9006,9.9251,9.5997,7.3354,7.3313,9.2921
E0025,2026-01-23T00:00:00Z,7.7862,9.5766,9.1177,9.3827,6.7614,6.5947
E0026,2026-01-23T00:00:00Z,7.1971,8.658,9.1705,6.7051,6.9595,10.1873
E0027,2026-01-23T00:00:00Z,7.0258,9.8548,8.0172,7.2727,6.8602,8.1319
E0028,2026-01-23T00:00:00Z,8.434,10.6209,8.9424,8.06,6.5395,9.5569
E0029,2026-01-23T00:00:00Z,9.5604,11.8615,9.113,7.3941,6.1116,8.8293
E0030,2026-01-23T00:00:00Z,7.4564,8.2699,7.2252,7.2587,6.1631,10.7794
E0031,2026-01-23T00:00:00Z,6.9496,9.5489,7.3687,8.0799,5.7474,10.0462
E0032,2026-01-23T00:00:00Z,8.5993,6.7258,8.5758,7.7121,6.6771,8.9818
E0033,2026-01-23T00:00:00Z,8.6266,8.8341,9.5952,7.3088,5.4772,7.3578
E0034,2026-01-23T00:00:00Z,8.4484,9.4161,11.0981,7.3958,6.6729,9.8278
E0035,2026-01-23T00:00:00Z,9.0509,8.1735,10.768,7.5054,5.9186,9.1399
E0036,2026-01-23T00:00:00Z,7.6487,8.2704,7.4156,6.4877,6.378,7.4449
E0037,2026-01-23T00:00:00Z,8.9414,9.6836,8.9949,8.2116,5.1998,8.263
E0038,2026-01-23T00:00:00Z,8.7465,10.9481,10.556,6.6166,6.4315,10.0254
E0039,2026-01-23T00:00:00Z,8.075,10.8463,8.3123,7.089,4.5945,10.9918
E0040,2026-01-23T00:00:00Z,7.2725,9.3056,9.8608,8.3872,4.9596,7.9328
E0041,2026-01-23T00:00:00Z,9.2478,8.5065,8.013,9.3098,5.4451,11.2638
E0042,2026-01-23T00:00:00Z,7.4504,9.7681,7.1291,7.7602,7.5051,9.8311
E0043,2026-01-23T00:00:00Z,8.0213,9.566,6.5741,6.9787,5.0404,8.2409
E0044,2026-01-23T00:00:00Z,7.6999,8.6803,9.6049,7.736,6.6766,8.4896
E0045,2026-01-23T00:00:00Z,8.4944,10.83,7.2523,7.6414,5.7853,9.2189
E0046,2026-01-23T00:00:00Z,7.4268,7.4839,8.205,8.6085,5.8628,9.1662
E0047,2026-01-23T00:00:00Z,8.1143,10.0002,9.111,6.1141,7.3906,9.9205
E0048,2026-01-23T00:00:00Z,9.0022,9.136,8.7082,8.4565,6.6583,10.7116
E0049,2026-01-23T00:00:00Z,8.4828,8.8461,8.7728,8.9789,6.4767,11.1533
E0050,2026-01-23T00:00:00Z,9.2849,10.2983,7.1899,6.0979,5.716,9.1405
E0051,2026-01-23T00:00:00Z,8.2672,9.791,10.2646,7.276,7.7375,10.4414
E0052,2026-01-23T00:00:00Z,7.9096,9.9536,10.2846,7.5659,6.1193,8.8248
E0053,2026-01-23T00:00:00Z,8.3852,8.906,7.5983,7.9947,5.4406,6.6202
E0054,2026-01-23T00:00:00Z,8.2256,7.0968,10.3075,7.7949,4.8977,9.629
E0055,2026-01-23T00:00:00Z,9.2481,8.9974,9.7769,7.6128,6.7287,9.0361
E0056,2026-01-23T00:00:00Z,8.6194,6.897,8.2195,8.8933,7.3048,10.9442
E0057,2026-01-23T00:00:00Z,7.5799,8.9307,7.2122,8.9318,6.8681,7.9737
E0058,2026-01-23T00:00:00Z,8.1888,9.5754,8.3938,8.9029,6.7989,9.7056
E0059,2026-01-23T00:00:00Z,7.3859,9.1535,10.1353,6.3989,6.228,10.2385
E0060,2026-01-23T00:00:00Z,8.315,8.0371,7.8453,7.8636,6.3681,12.1918
E0061,2026-01-23T00:00:00Z,9.4816,9.0774,7.6182,7.7545,5.3252,9.1963
E0062,2026-01-23T00:00:00Z,8.0622,8.6809,7.1917,7.9322,5.569,8.8427
E0063,2026-01-23T00:00:00Z,8.2992,7.8974,7.4068,7.1833,5.2982,10.4581
E0064,2026-01-23T00:00:00Z,8.4991,9.3644,8.4275,8.0817,5.9776,9.5557
E0065,2026-01-23T00:00:00Z,8.1865,8.6651,9.324,8.0906,6.5447,9.1256
E0066,2026-01-23T00:00:00Z,8.4205,7.8973,9.3917,8.9409,5.9826,6.8757
E0067,2026-01-23T00:00:00Z,9.4872,8.2173,9.3693,7.9339,4.4093,9.4328
E0068,2026-01-23T00:00:00Z,8.3511,9.4756,7.0071,7.3572,6.4414,11.3978
E0069,2026-01-23T00:00:00Z,8.5194,9.4161,8.9073,6.2624,6.7324,8.7737
E0070,2026-01-23T00:00:00Z,7.8032,9.7118,9.3153,6.8942,7.0477,11.1212
E0071,2026-01-23T00:00:00Z,9.0923,9.7444,9.0274,6.5467,6.2971,7.2682
E0072,2026-01-23T00:00:00Z,8.6702,6.4424,8.4133,8.4712,7.1741,10.7509
E0073,2026-01-23T00:00:00Z,8.4352,7.8252,9.4061,9.0048,5.4207,9.2511
E0074,2026-01-23T00:00:00Z,9.2456,8.3775,9.0483,8.5056,5.2742,10.9149
E0075,2026-01-23T00:00:00Z,8.2565,8.803,6.8851,7.1585,8.6282,8.0383
E0076,2026-01-23T00:00:00Z,9.2403,9.7169,8.5929,9.0312,6.4596,10.0095
E0077,2026-01-23T00:00:00Z,7.7212,11.5583,9.264,7.2633,6.8802,10.3124
E0078,2026-01-23T00:00:00Z,8.6811,8.5519,7.9861,7.0325,4.9233,8.8125
E0079,2026-01-23T00:00:00Z,9.3579,9.0817,10.1505,7.718,4.8492,11.7696
E0080,2026-01-23T00:00:00Z,8.5535,9.0303,7.6686,5.4655,7.1143,10.5422
E0081,2026-01-23T00:00:00Z,9.4564,6.7009,5.651,7.7181,7.3113,6.8887
E0082,2026-01-23T00:00:00Z,8.942,9.0351,7.9753,8.8776,5.9965,8.2755
E0083,2026-01-23T00:00:00Z,7.5496,9.3942,8.4501,6.3631,6.1325,10.032
E0084,2026-01-23T00:00:00Z,7.3336,7.9841,8.6979,7.7702,6.1303,8.8745
E0085,2026-01-23T00:00:00Z,8.1138,10.0949,8.8569,6.6825,6.8896,10.4273
E0086,2026-01-23T00:00:00Z,8.1894,7.5927,9.0302,6.4727,7.1437,9.2797
E0087,2026-01-23T00:00:00Z,8.9579,8.2028,4.9565,7.1588,7.117,8.7781
E0088,2026-01-23T00:00:00Z,8.4862,9.6534,9.7795,7.8812,7.487,10.6142
E0089,2026-01-23T00:00:00Z,8.76,8.6447,8.7773,8.1688,5.9304,10.1225
E0090,2026-01-23T00:00:00Z,7.9726,9.8434,8.8966,7.8588,5.7156,9.8432
E0091,2026-01-23T00:00:00Z,8.454,9.4462,8.7206,7.6792,6.5284,8.1469
E0092,2026-01-23T00:00:00Z,8.3691,7.6388,8.0686,7.5425,6.519,9.2389
E0093,2026-01-23T00:00:00Z,8.0056,7.6079,8.6989,6.4551,7.9549,8.4441
E0094,2026-01-23T00:00:00Z,7.9281,8.8978,9.3976,6.5292,7.0304,9.5003
E0095,2026-01-23T00:00:00Z,8.5525,7.5975,9.3923,6.6697,6.3916,9.2846
E0096,2026-01-23T00:00:00Z,8.741,8.5222,7.4548,7.5649,4.5421,8.2658
E0097,2026-01-23T00:00:00Z,7.8418,8.9582,9.7133,6.4476,7.6534,9.8743
E0098,2026-01-23T00:00:00Z,9.3555,9.4136,7.8093,8.6424,6.1687,8.8436
E0099,2026-01-23T00:00:00Z,8.6728,7.473,8.8103,7.4863,5.5649,7.4231
E0100,2026-01-23T00:00:00Z,9.128,10.4975,8.3058,7.2468,5.2666,9.9703
E0101,2026-01-23T00:00:00Z,8.1783,6.5921,8.6832,5.6829,5.5978,10.1694
E0102,2026-01-23T00:00:00Z,9.5048,8.5102,9.6891,7.1997,4.9762,7.6948
E0103,2026-01-23T00:00:00Z,7.6637,9.7924,9.2052,8.0515,6.2319,12.098
E0104,2026-01-23T00:00:00Z,7.2713,10.8801,8.0731,6.5397,3.519,10.4318
E0105,2026-01-23T00:00:00Z,8.323,8.2155,6.7697,7.6245,6.241,8.0774
E0106,2026-01-23T00:00:00Z,8.8529,9.2507,7.9881,8.0772,6.2759,9.4166
E0107,2026-01-23T00:00:00Z,7.9319,7.7082,8.0592,7.0128,7.5439,10.3338
E0108,2026-01-23T00:00:00Z,8.7946,10.3132,7.486,6.5535,6.2247,8.3205
E0109,2026-01-23T00:00:00Z,7.8916,8.2905,7.919,6.6921,6.2928,12.3717
E0110,2026-01-23T00:00:00Z,8.0138,11.5921,6.7044,9.0973,7.1622,9.1096
E0111,2026-01-23T00:00:00Z,9.1544,8.0324,8.2883,7.1566,6.9806,6.8605
E0112,2026-01-23T00:00:00Z,8.7779,8.5525,8.8598,5.9775,7.1261,10.4321
E0113,2026-01-23T00:00:00Z,9.0675,8.076,7.1124,8.6298,6.8083,10.621
E0114,2026-01-23T00:00:00Z,7.3259,9.5148,9.2039,6.5807,7.5086,8.5404
E0115,2026-01-23T00:00:00Z,10.5869,8.3303,6.8423,7.6014,8.0987,11.5338
E0116,2026-01-23T00:00:00Z,8.0836,8.9802,5.82,7.46,8.3462,10.1556
E0117,2026-01-23T00:00:00Z,7.282,9.4589,8.5147,8.4789,8.5365,6.2059
E0118,2026-01-23T00:00:00Z,7.5768,8.7308,7.8313,7.0466,7.3473,8.6086
E0119,2026-01-23T00:00:00Z,7.4119,10.3068,7.8145,7.0993,6.8555,7.164
E0120,2026-01-23T00:00:00Z,6.7979,8.6117,8.5405,7.301,6.577,10.3437
E0121,2026-01-23T00:00:00Z,8.1231,10.0849,6.3413,6.9779,7.9306,6.869
E0122,2026-01-23T00:00:00Z,8.8423,8.9619,8.7768,6.9779,5.154,9.201
E0123,2026-01-23T00:00:00Z,9.1069,9.8881,8.7561,8.5076,7.0611,11.1692
E0124,2026-01-23T00:00:00Z,8.4397,9.4086,7.7061,7.3876,7.0748,9.383
E0125,2026-01-23T00:00:00Z,7.9402,9.9196,8.2605,6.9561,5.5317,10.4628
E0126,2026-01-23T00:00:00Z,8.27,7.4319,7.7474,6.4538,6.4694,8.7134
E0127,2026-01-23T00:00:00Z,8.3944,9.163,9.4352,7.2441,4.5813,7.5852
E0128,2026-01-23T00:00:00Z,7.3248,7.3134,10.003,7.184,6.1609,7.6796
E0129,2026-01-23T00:00:00Z,9.0491,9.5452,8.9236,6.5188,5.9847,10.9682
E0130,2026-01-23T00:00:00Z,9.1323,9.8385,8.5939,7.8217,6.7305,10.2669
E0131,2026-01-23T00:00:00Z,8.1432,11.3516,8.4051,9.0523,5.5594,12.7528
E0132,2026-01-23T00:00:00Z,7.7641,9.773,8.1263,7.6029,6.6367,9.2916
E0133,2026-01-23T00:00:00Z,7.6413,8.91,9.3845,8.5275,4.6758,12.2619
E0134,2026-01-23T00:00:00Z,8.6038,9.3729,8.5092,7.2613,6.7702,11.7164
E0135,2026-01-23T00:00:00Z,7.6434,9.5787,7.1763,7.2208,6.1242,6.779
E0136,2026-01-23T00:00:00Z,9.7662,11.0658,9.2638,8.1484,7.0909,9.601
E0137,2026-01-23T00:00:00Z,7.7684,7.787,7.6835,8.4921,8.8693,10.7169
E0138,2026-01-23T00:00:00Z,7.5774,9.5407,10.0224,6.7186,3.7714,10.4125
E0139,2026-01-23T00:00:00Z,9.6187,9.5393,6.0351,9.1659,5.8921,7.475
E0140,2026-01-23T00:00:00Z,9.1157,8.0852,9.1871,7.8554,6.3389,7.8614
E0141,2026-01-23T00:00:00Z,7.4661,8.8402,8.4348,9.3524,5.2823,9.1703
E0142,2026-01-23T00:00:00Z,7.4414,10.1603,9.4699,7.7694,4.6105,9.1141
E0143,2026-01-23T00:00:00Z,9.0797,10.4062,8.7296,8.0834,6.9359,10.4709
E0144,2026-01-23T00:00:00Z,5.9347,8.4442,9.1283,6.7907,6.2183,12.5535
E0145,2026-01-23T00:00:00Z,8.455,9.6119,8.3568,7.8097,7.0936,9.0166
E0146,2026-01-23T00:00:00Z,9.501,8.8762,9.023,8.1414,4.4956,12.7344
E0147,2026-01-23T00:00:00Z,8.0849,8.6743,8.4897,6.3263,5.9142,7.1653
E0148,2026-01-23T00:00:00Z,8.4989,10.881,7.9579,8.3446,6.2081,8.7735
E0149,2026-01-23T00:00:00Z,9.5779,9.9612,6.3959,7.5733,6.5023,8.1948
E0000,2026-01-24T00:00:00Z,9.5209,9.5067,8.2368,5.8666,5.0807,11.3346
E0001,2026-01-24T00:00:00Z,7.6362,8.9567,9.7525,7.6672,6.2747,9.001
E0002,2026-01-24T00:00:00Z,7.8869,6.1402,9.0238,7.2039,6.0673,9.0015
E0003,2026-01-24T00:00:00Z,9.1322,13.8008,10.1227,6.5684,6.4244,7.3914
E0004,2026-01-24T00:00:00Z,8.1219,8.3349,8.309,7.8152,5.0526,9.5291
E0005,2026-01-24T00:00:00Z,8.5566,7.5056,10.4645,8.2718,5.9811,7.8243
E0006,2026-01-24T00:00:00Z,9.7479,8.1195,8.3245,7.5369,8.5055,8.6387
E0007,2026-01-24T00:00:00Z,8.0618,8.2637,8.8692,8.8936,6.8509,6.1665
E0008,2026-01-24T00:00:00Z,8.3076,8.0561,7.317,7.978,6.5484,8.5523
E0009,2026-01-24T00:00:00Z,9.5639,10.047,8.6442,7.373,6.4434,9.8151
E0010,2026-01-24T00:00:00Z,9.2687,10.7385,9.5886,8.5703,5.6839,10.4894
E0011,2026-01-24T00:00:00Z,7.6279,8.645,9.9238,6.1724,6.4313,10.725
E0012,2026-01-24T00:00:00Z,7.9319,8.5636,8.588,6.2809,7.1786,7.3397
E0013,2026-01-24T00:00:00Z,7.9368,9.7531,9.1643,6.6897,6.3791,11.3977
E0014,2026-01-24T00:00:00Z,9.1944,9.1228,8.7944,8.0482,6.24,7.476
E0015,2026-01-24T00:00:00Z,8.0847,10.7015,8.1491,8.4439,5.9478,9.594
E0016,2026-01-24T00:00:00Z,7.1429,9.4019,8.5306,6.6127,6.7361,9.3523
E0017,2026-01-24T00:00:00Z,6.3836,10.2304,7.3538,8.7723,6.526,11.3813
E0018,2026-01-24T00:00:00Z,8.4331,8.2277,7.5455,6.79,7.7847,8.5545
E0019,2026-01-24T00:00:00Z,9.6119,8.639,6.4483,8.4065,7.5984,12.2476
E0020,2026-01-24T00:00:00Z,8.9301,8.8033,9.4487,9.3078,6.9734,10.295
E0021,2026-01-24T00:00:00Z,7.165,9.0626,9.9034,9.0066,5.2879,8.4818
E0022,2026-01-24T00:00:00Z,8.8641,8.1745,10.1699,7.1865,6.263,10.4578
E0023,2026-01-24T00:00:00Z,9.1081,9.1041,7.8682,5.5691,7.3225,4.5323
E0024,2026-01-24T00:00:00Z,8.4961,9.4487,8.5157,8.6659,5.1368,11.955
E0025,2026-01-24T00:00:00Z,7.9095,9.6066,6.9722,7.6313,7.8238,10.8809
E0026,2026-01-24T00:00:00Z,7.1641,8.0356,6.0567,7.6277,6.8596,10.1389
E0027,2026-01-24T00:00:00Z,7.7041,10.0723,10.1388,7.2173,7.681,11.9639
E0028,2026-01-24T00:00:00Z,8.5506,10.0018,7.8825,9.5891,6.7498,11.3288
E0029,2026-01-24T00:00:00Z,10.0196,9.0422,10.0203,6.6929,5.9925,10.1215
E0030,2026-01-24T00:00:00Z,9.1948,8.9665,8.088,6.9775,5.3797,9.1921
E0031,2026-01-24T00:00:00Z,8.3603,8.6241,8.9871,8.4065,5.7577,9.2862
E0032,2026-01-24T00:00:00Z,7.7879,9.6411,8.364,7.4292,5.6305,12.2103
E0033,2026-01-24T00:00:00Z,9.2554,9.1224,8.2834,6.1637,5.7704,9.3954
E0034,2026-01-24T00:00:00Z,8.713,9.238,8.5317,7.847,7.1242,9.7466
E0035,2026-01-24T00:00:00Z,8.7006,8.7616,7.7274,9.5735,7.6647,10.406
E0036,2026-01-24T00:00:00Z,7.7439,7.3645,8.3866,9.0029,5.1201,11.3009
E0037,2026-01-24T00:00:00Z,9.2883,9.6793,8.9964,8.7006,6.0169,9.272
E0038,2026-01-24T00:00:00Z,7.8063,10.2219,10.068,8.8455,6.5732,11.7859
E0039,2026-01-24T00:00:00Z,8.4326,10.0917,6.6356,7.3558,7.1244,10.9347
E0040,2026-01-24T00:00:00Z,9.9239,7.3515,6.8233,5.8285,6.9532,10.3398
E0041,2026-01-24T00:00:00Z,8.0908,7.6407,6.5074,6.4666,7.1807,11.4794
E0042,2026-01-24T00:00:00Z,7.8414,8.0849,9.0249,7.2855,7.055,8.2091
E0043,2026-01-24T00:00:00Z,8.7071,8.5651,7.5547,9.7133,5.709,10.6528
E0044,2026-01-24T00:00:00Z,8.2191,8.4247,8.1247,8.5367,7.056,12.2387
E0045,2026-01-24T00:00:00Z,7.8176,7.7582,8.942,7.0837,7.0787,9.9698
E0046,2026-01-24T00:00:00Z,8.5221,6.3804,7.8921,5.094,6.3653,10.8511
E0047,2026-01-24T00:00:00Z,7.5792,10.5446,8.5623,7.8463,6.1623,5.6674
E0048,2026-01-24T00:00:00Z,8.0819,7.4389,10.1874,7.6893,4.9679,8.4747
E0049,2026-01-24T00:00:00Z,8.5504,8.8434,6.7465,6.6726,7.7807,10.4707
E0050,2026-01-24T00:00:00Z,9.6274,10.2049,7.4605,8.1965,6.488,8.9825
E0051,2026-01-24T00:00:00Z,7.6117,9.8236,8.9291,8.9882,6.453,8.9025
E0052,2026-01-24T00:00:00Z,8.6186,9.2914,9.8626,6.7727,7.5918,9.4274
E0053,2026-01-24T00:00:00Z,7.918,8.4091,8.7355,5.853,7.8808,10.666
E0054,2026-01-24T00:00:00Z,8.0846,10.038,8.791,7.3928,5.7649,9.2189
E0055,2026-01-24T00:00:00Z,6.9768,9.0863,6.2389,7.001,5.0689,10.4418
E0056,2026-01-24T00:00:00Z,8.0272,9.7815,8.7973,8.2128,6.7679,9.4444
E0057,2026-01-24T00:00:00Z,8.7178,9.1006,10.2612,6.8738,8.5619,9.1425
E0058,2026-01-24T00:00:00Z,7.433,10.9852,6.8397,8.0557,5.3804,9.5688
E0059,2026-01-24T00:00:00Z,7.2945,9.7923,8.2677,8.9712,7.0315,10.7742
E0060,2026-01-24T00:00:00Z,8.1083,8.7033,8.6149,8.1204,6.4612,11.4629
E0061,2026-01-24T00:00:00Z,8.0374,8.6381,9.9422,6.4711,6.5791,9.8333
E0062,2026-01-24T00:00:00Z,8.8152,10.1075,7.8835,7.2976,4.9636,11.7552
E0063,2026-01-24T00:00:00Z,9.7806,8.4742,11.006,8.3219,6.3203,10.3571
E0064,2026-01-24T00:00:00Z,8.3202,8.9882,7.8569,6.4945,6.5542,9.713
E0065,2026-01-24T00:00:00Z,6.9224,10.0089,8.3278,6.9907,5.6424,10.5819
E0066,2026-01-24T00:00:00Z,8.3767,10.3371,9.7182,9.1194,7.5149,11.8246
E0067,2026-01-24T00:00:00Z,9.8985,9.8868,8.893,7.6974,8.282,10.6229
E0068,2026-01-24T00:00:00Z,7.5128,9.4365,7.9345,9.0075,5.4318,7.8643
E0069,2026-01-24T00:00:00Z,8.0504,8.6787,7.1643,8.4526,5.4058,13.4135
E0070,2026-01-24T00:00:00Z,8.3064,9.4758,8.8514,6.2109,4.9244,9.5691
E0071,2026-01-24T00:00:00Z,8.369,8.6845,8.7787,7.2037,6.4934,11.1104
E0072,2026-01-24T00:00:00Z,8.3354,9.5121,7.9545,7.8524,5.8531,7.9527
E0073,2026-01-24T00:00:00Z,8.8923,8.7714,7.5549,5.9455,6.4328,10.8908
E0074,2026-01-24T00:00:00Z,7.14,9.1238,8.1119,7.4953,5.8376,9.6639
E0075,2026-01-24T00:00:00Z,8.2292,8.51,10.1908,8.1362,8.0934,9.7839
E0076,2026-01-24T00:00:00Z,7.9365,10.4804,5.5611,7.9455,5.5041,8.9655
E0077,2026-01-24T00:00:00Z,8.3709,8.8468,8.3154,7.5748,5.5051,9.3113
E0078,2026-01-24T00:00:00Z,9.1624,8.7583,7.2078,7.5163,7.3111,9.0276
E0079,2026-01-24T00:00:00Z,7.9739,7.7993,8.3234,7.672,6.9428,8.6611
E0080,2026-01-24T00:00:00Z,8.2475,10.2962,6.8374,6.2861,6.8075,7.6071
E0081,2026-01-24T00:00:00Z,8.1218,11.0656,9.5541,7.774,8.0736,8.0663
E0082,2026-01-24T00:00:00Z,8.0029,10.0483,10.4571,8.2861,7.9086,10.2094
E0083,2026-01-24T00:00:00Z,7.1932,8.5663,9.97,8.4023,6.5809,8.1989
E0084,2026-01-24T00:00:00Z,7.2682,9.2175,8.9485,6.6986,5.984,8.826
E0085,2026-01-24T00:00:00Z,7.742,10.267,8.6591,7.6842,5.8689,11.3672
E0086,2026-01-24T00:00:00Z,8.3399,9.7877,8.1427,8.0391,5.7905,8.8984
E0087,2026-01-24T00:00:00Z,9.753,8.826,8.2568,7.7709,6.6129,12.6244
E0088,2026-01-24T00:00:00Z,8.7804,8.7903,10.161,8.1386,7.7156,8.7638
E0089,2026-01-24T00:00:00Z,7.3145,9.6759,7.0523,6.4869,5.6582,9.6516
E0090,2026-01-24T00:00:00Z,8.0482,10.3157,8.6625,8.6528,5.373,10.9293
E0091,2026-01-24T00:00:00Z,7.8185,8.9275,8.4363,8.3611,5.4339,9.854
E0092,2026-01-24T00:00:00Z,8.1566,9.3923,8.2041,7.0894,5.8371,9.5291
E0093,2026-01-24T00:00:00Z,6.8523,8.4313,8.9241,7.749,7.1183,9.472
E0094,2026-01-24T00:00:00Z,7.8295,9.974,9.2938,7.813,7.2151,9.4261
E0095,2026-01-24T00:00:00Z,7.4547,8.8128,7.7809,7.6281,5.2885,7.0409
E0096,2026-01-24T00:00:00Z,8.486,8.503,8.412,8.8103,7.4384,9.4399
E0097,2026-01-24T00:00:00Z,7.2716,9.8712,9.177,9.3596,5.7627,7.4532
E0098,2026-01-24T00:00:00Z,8.6666,10.3424,9.7517,8.3964,6.156,6.0978
E0099,2026-01-24T00:00:00Z,7.954,9.1064,7.9304,8.1501,6.8077,9.3158
E0100,2026-01-24T00:00:00Z,7.8451,10.1963,8.587,7.7493,5.3462,11.2046
E0101,2026-01-24T00:00:00Z,9.6779,9.9228,8.3241,8.3441,7.1867,10.5883
E0102,2026-01-24T00:00:00Z,9.6441,8.515,9.1185,7.0188,6.92,9.6732
E0103,2026-01-24T00:00:00Z,8.2143,10.6914,8.5197,6.9188,6.9673,10.7587
E0104,2026-01-24T00:00:00Z,7.6589,8.9274,8.3002,6.8441,5.4955,7.4763
E0105,2026-01-24T00:00:00Z,7.8724,8.1789,9.5718,8.9851,6.0606,8.2323
E0106,2026-01-24T00:00:00Z,8.7753,8.9774,10.2867,6.8819,7.2697,10.0662
E0107,2026-01-24T00:00:00Z,8.438,7.5632,8.4113,8.3579,5.2133,9.2687
E0108,2026-01-24T00:00:00Z,7.9707,7.3572,9.3787,6.5545,7.2149,10.5169
E0109,2026-01-24T00:00:00Z,7.5346,7.7754,8.1565,6.7423,7.4147,13.5668
E0110,2026-01-24T00:00:00Z,8.6116,7.2631,9.071,6.174,5.7057,8.5523
E0111,2026-01-24T00:00:00Z,8.5252,9.8766,8.9131,7.0339,6.4067,9.9675
E0112,2026-01-24T00:00:00Z,8.4143,8.2075,8.3068,7.7799,6.6884,9.3653
E0113,2026-01-24T00:00:00Z,8.4886,10.0181,8.9541,7.2095,6.869,9.5874
E0114,2026-01-24T00:00:00Z,8.4685,9.9151,8.8665,8.0951,6.9941,11.9611
E0115,2026-01-24T00:00:00Z,8.2184,11.2898,9.1385,7.1684,6.247,9.9075
E0116,2026-01-24T00:00:00Z,9.5676,7.8649,7.3477,5.5149,7.7432,10.3303
E0117,2026-01-24T00:00:00Z,8.053,7.3481,7.8811,6.8068,6.9546,10.2864
E0118,2026-01-24T00:00:00Z,7.4527,9.1037,8.209,6.5032,7.7555,11.3366
E0119,2026-01-24T00:00:00Z,7.5346,8.4051,10.1573,6.3181,6.8313,11.8837
E0120,2026-01-24T00:00:00Z,7.4366,10.7274,8.5475,7.016,5.6848,9.9824
E0121,2026-01-24T00:00:00Z,7.1226,8.0733,9.5885,6.4718,6.1801,12.6551
E0122,2026-01-24T00:00:00Z,7.5236,8.6111,8.2528,7.3741,5.5463,10.2254
E0123,2026-01-24T00:00:00Z,8.4892,9.1583,8.7657,7.7658,6.9176,6.0261
E0124,2026-01-24T00:00:00Z,7.4058,9.3035,5.8933,7.4804,7.3707,9.0467
E0125,2026-01-24T00:00:00Z,7.8015,9.325,9.1003,7.3364,5.1045,9.2706
E0126,2026-01-24T00:00:00Z,8.0567,8.6823,7.5046,7.7029,4.8859,10.0865
E0127,2026-01-24T00:00:00Z,7.7183,11.0264,9.7385,7.1866,5.4269,8.7812
E0128,2026-01-24T00:00:00Z,8.3111,7.1279,8.3739,7.3388,6.9321,10.9515
E0129,2026-01-24T00:00:00Z,7.6833,9.3055,8.8624,7.9494,5.1428,8.1158
E0130,2026-01-24T00:00:00Z,7.8256,8.6439,8.24,6.4268,6.5983,7.9131
E0131,2026-01-24T00:00:00Z,7.9351,9.3169,9.8189,8.3475,7.7867,8.395
E0132,2026-01-24T00:00:00Z,8.1199,7.9857,8.9204,8.2695,7.571,8.5083
E0133,2026-01-24T00:00:00Z,7.8173,8.8656,7.7046,6.8118,7.0409,8.1636
E0134,2026-01-24T00:00:00Z,9.7542,8.799,9.0142,7.9763,6.5517,10.5739
E0135,2026-01-24T00:00:00Z,9.8699,10.0045,9.2271,6.6771,7.2949,8.6188
E0136,2026-01-24T00:00:00Z,8.2554,8.6961,9.7709,6.4107,8.5204,10.4344
E0137,2026-01-24T00:00:00Z,8.3016,9.6613,7.3324,8.1046,5.9957,10.5383
E0138,2026-01-24T00:00:00Z,8.7238,8.1033,8.8663,6.934,7.3,9.3236
E0139,2026-01-24T00:00:00Z,7.5913,8.2401,7.3475,7.6194,7.4993,10.4069
E0140,2026-01-24T00:00:00Z,6.8011,9.8341,10.1889,6.4218,6.2185,9.5343
E0141,2026-01-24T00:00:00Z,9.2426,9.6513,8.0481,7.616,5.1261,11.4466
E0142,2026-01-24T00:00:00Z,8.6038,10.8298,7.0084,9.0762,6.6519,8.3306
E0143,2026-01-24T00:00:00Z,9.1607,8.1102,8.8057,6.7681,5.2107,12.3544
E0144,2026-01-24T00:00:00Z,8.4314,9.5089,8.8005,7.819,5.3811,13.047
E0145,2026-01-24T00:00:00Z,8.6598,10.427,8.1486,6.4573,6.7108,6.8054
E0146,2026-01-24T00:00:00Z,9.0843,9.3567,10.8761,7.7652,6.7798,7.6117
E0147,2026-01-24T00:00:00Z,7.6242,8.2027,9.0627,7.124,7.4381,13.5627
E0148,2026-01-24T00:00:00Z,9.177,9.7848,7.0161,6.1887,7.4564,11.4418
E0149,2026-01-24T00:00:00Z,9.2734,9.8989,8.4723,7.9733,5.0924,9.6664
E0000,2026-01-25T00:00:00Z,8.0623,7.4836,9.0757,6.343,6.6898,8.4955
E0001,2026-01-25T00:00:00Z,7.3106,10.0893,7.8213,8.1221,6.8865,9.0857
E0002,2026-01-25T00:00:00Z,8.2744,8.5656,10.5378,7.8214,6.1421,11.3799
E0003,2026-01-25T00:00:00Z,6.6741,9.7536,8.2908,8.63,5.9001,10.1317
E0004,2026-01-25T00:00:00Z,9.1,8.662,9.3187,7.0505,6.3694,8.8098
E0005,2026-01-25T00:00:00Z,9.9337,9.0252,8.5482,8.4933,5.9338,10.3448
E0006,2026-01-25T00:00:00Z,9.0036,9.9636,7.1448,5.8803,6.5366,7.7541
E0007,2026-01-25T00:00:00Z,8.1952,8.9638,6.6988,7.8977,7.0407,10.14
E0008,2026-01-25T00:00:00Z,8.8936,9.826,11.0718,8.988,6.4952,8.2754
E0009,2026-01-25T00:00:00Z,9.84,9.3414,7.9957,7.0427,4.4181,9.1165
E0010,2026-01-25T00:00:00Z,7.167,8.9349,8.3149,8.386,6.3303,9.9134
E0011,2026-01-25T00:00:00Z,9.8755,11.3776,9.9758,8.3224,7.5907,9.4818
E0012,2026-01-25T00:00:00Z,9.1983,8.7026,10.9205,8.1175,6.1213,8.4535
E0013,2026-01-25T00:00:00Z,7.6562,8.9952,9.5585,7.9448,7.0233,6.9725
E0014,2026-01-25T00:00:00Z,7.8204,10.7375,8.9005,7.2136,7.3646,12.9335
E0015,2026-01-25T00:00:00Z,6.8132,8.3646,7.7399,7.4628,6.3732,10.1199
E0016,2026-01-25T00:00:00Z,9.1786,10.7808,8.7929,6.7027,7.5705,6.8475
E0017,2026-01-25T00:00:00Z,8.067,8.7738,8.5307,6.8791,5.0211,9.2945
E0018,2026-01-25T00:00:00Z,9.1788,10.1833,8.8363,6.8996,5.1818,8.7258
E0019,2026-01-25T00:00:00Z,7.5597,9.1308,8.5819,7.5867,4.9019,12.3377
E0020,2026-01-25T00:00:00Z,7.9371,9.6591,6.9868,7.3396,7.0156,8.2961
E0021,2026-01-25T00:00:00Z,7.9726,9.746,8.0057,7.1009,7.4235,10.882
E0022,2026-01-25T00:00:00Z,10.168,9.7147,8.7249,8.3287,6.1877,10.5203
E0023,2026-01-25T00:00:00Z,7.5449,8.4317,7.4069,7.2121,5.1214,10.6511
E0024,2026-01-25T00:00:00Z,8.83,8.8417,7.5036,9.3959,6.4972,12.646
E0025,2026-01-25T00:00:00Z,7.7231,8.228,7.3109,7.1295,5.289,9.7135
E0026,2026-01-25T00:00:00Z,8.1565,9.283,6.1166,7.2576,5.5223,7.7275
E0027,2026-01-25T00:00:00Z,8.284,9.4884,9.6841,7.4734,7.2462,8.9168
E0028,2026-01-25T00:00:00Z,9.2801,10.6199,7.7912,7.4335,5.7366,8.7504
E0029,2026-01-25T00:00:00Z,9.2883,9.9879,10.6727,7.0486,5.6859,11.0263
E0030,2026-01-25T00:00:00Z,8.7279,9.6583,8.5329,7.1335,6.8918,9.2337
E0031,2026-01-25T00:00:00Z,7.7893,9.4946,8.2773,9.2087,7.1544,8.4613
E0032,2026-01-25T00:00:00Z,9.4693,9.3967,9.1079,7.8261,6.791,10.848
E0033,2026-01-25T00:00:00Z,7.2949,7.9126,7.6173,7.492,4.6936,9.3147
E0034,2026-01-25T00:00:00Z,9.3151,7.8493,9.968,6.1027,6.9091,8.1689
E0035,2026-01-25T00:00:00Z,7.8086,10.3923,8.218,7.0408,6.1994,9.1854
E0036,2026-01-25T00:00:00Z,8.0707,8.2884,10.071,9.4183,7.7389,10.4296
E0037,2026-01-25T00:00:00Z,8.4762,7.8785,7.1745,6.9115,5.7981,10.0892
E0038,2026-01-25T00:00:00Z,8.9609,9.4181,7.8681,6.2141,6.9378,9.4555
E0039,2026-01-25T00:00:00Z,8.6614,9.4724,9.7799,7.9035,7.446,11.4511
E0040,2026-01-25T00:00:00Z,8.3922,9.8135,7.0829,6.6253,6.3196,7.7791
E0041,2026-01-25T00:00:00Z,7.7397,7.8582,9.4332,6.9899,5.4539,9.2314
E0042,2026-01-25T00:00:00Z,9.2726,10.8567,7.5749,7.1356,5.9871,7.8913
E0043,2026-01-25T00:00:00Z,8.5056,10.9533,8.6327,6.648,7.2318,10.2573
E0044,2026-01-25T00:00:00Z,7.5138,8.0536,7.3431,6.3372,5.6888,10.8981
E0045,2026-01-25T00:00:00Z,8.6752,9.1562,6.789,5.3929,7.1452,10.8557
E0046,2026-01-25T00:00:00Z,7.7401,7.5014,9.5508,6.9822,7.148,12.0646
E0047,2026-01-25T00:00:00Z,7.9421,9.4288,5.1118,6.5831,7.0425,7.0417
E0048,2026-01-25T00:00:00Z,8.642,6.7959,7.6913,8.037,5.6729,7.631
E0049,2026-01-25T00:00:00Z,8.2329,8.9337,10.1266,6.3103,4.8002,9.6351
E0050,2026-01-25T00:00:00Z,7.8004,7.9155,8.2243,8.4098,8.0866,7.7291
E0051,2026-01-25T00:00:00Z,8.9016,9.4145,9.2422,7.6168,6.6737,8.742
E0052,2026-01-25T00:00:00Z,7.457,7.8016,10.4524,7.361,6.4995,9.1894
E0053,2026-01-25T00:00:00Z,7.4672,9.3886,10.1403,7.8091,6.0202,9.4422
E0054,2026-01-25T00:00:00Z,8.299,7.2689,7.7089,6.0125,6.9036,10.1205
E0055,2026-01-25T00:00:00Z,7.9393,10.4509,8.9412,7.4546,6.0915,9.2998
E0056,2026-01-25T00:00:00Z,8.4861,10.1645,8.6152,8.5076,7.9903,9.6424
E0057,2026-01-25T00:00:00Z,7.5963,9.6145,7.8624,7.3751,6.4221,7.239
E0058,2026-01-25T00:00:00Z,9.334,8.1898,6.9067,7.0763,6.883,7.3103
E0059,2026-01-25T00:00:00Z,8.9085,10.1676,9.4693,6.8629,7.6589,10.491
E0060,2026-01-25T00:00:00Z,9.0742,10.1303,9.5057,6.3298,6.1578,11.0008
E0061,2026-01-25T00:00:00Z,8.371,10.803,9.7248,7.9603,5.5822,11.5326
E0062,2026-01-25T00:00:00Z,8.1129,10.8769,7.6183,7.5793,5.8113,10.3022
E0063,2026-01-25T00:00:00Z,7.3206,7.9192,6.8661,6.7087,6.7191,9.1937
E0064,2026-01-25T00:00:00Z,9.193,9.6097,8.4651,7.8053,4.2455,9.9027
E0065,2026-01-25T00:00:00Z,8.263,7.9937,8.6875,8.4213,6.8116,10.5052
E0066,2026-01-25T00:00:00Z,8.8883,8.5591,9.1075,8.6356,6.5122,7.3609
E0067,2026-01-25T00:00:00Z,7.9209,8.6594,8.3343,8.006,5.4501,8.9317
E0068,2026-01-25T00:00:00Z,7.8319,9.6757,8.6553,8.2887,7.4488,11.8953
E0069,2026-01-25T00:00:00Z,7.5382,9.525,10.6477,6.1373,6.9975,7.787
E0070,2026-01-25T00:00:00Z,8.3933,8.6989,8.7168,5.7963,6.3985,9.3003
E0071,2026-01-25T00:00:00Z,8.3387,9.6276,6.5566,8.3644,4.6223,9.9235
E0072,2026-01-25T00:00:00Z,8.0023,9.4655,8.113,6.8832,6.0254,11.3644
E0073,2026-01-25T00:00:00Z,8.5116,8.4342,8.7105,7.0364,5.4273,9.2483
E0074,2026-01-25T00:00:00Z,8.9483,10.2584,7.4746,7.4661,8.52,10.9988
E0075,2026-01-25T00:00:00Z,6.8339,9.4641,11.1064,8.1136,6.7051,8.9596
E0076,2026-01-25T00:00:00Z,7.1036,10.1838,10.1365,7.1882,6.0383,9.1466
E0077,2026-01-25T00:00:00Z,8.5627,8.7607,9.6308,9.4332,5.8611,11.5284
E0078,2026-01-25T00:00:00Z,8.6457,9.2483,7.3118,7.6658,7.0839,8.2706
E0079,2026-01-25T00:00:00Z,8.1913,7.8571,7.3033,5.7097,6.7884,8.7268
E0080,2026-01-25T00:00:00Z,7.6433,8.3261,8.4781,6.8402,7.0769,12.0698
E0081,2026-01-25T00:00:00Z,7.445,9.8958,6.9913,7.5467,5.654,10.5297
E0082,2026-01-25T00:00:00Z,8.2666,8.5276,7.9753,8.8462,6.272,8.3148
E0083,2026-01-25T00:00:00Z,9.3218,8.4407,8.8543,7.3865,6.9826,9.485
E0084,2026-01-25T00:00:00Z,7.5146,9.6694,7.5753,7.2001,5.8844,9.964
E0085,2026-01-25T00:00:00Z,9.8355,8.1177,10.1587,6.9315,5.5493,9.7109
E0086,2026-01-25T00:00:00Z,7.6497,7.6934,7.541,8.7227,5.8166,9.0533
E0087,2026-01-25T00:00:00Z,8.5939,9.6892,7.2345,7.6047,7.8521,8.766
E0088,2026-01-25T00:00:00Z,9.5269,8.1807,7.1019,7.0572,6.2859,9.2812
E0089,2026-01-25T00:00:00Z,8.5256,9.3482,7.7382,6.3988,5.9118,11.0383
E0090,2026-01-25T00:00:00Z,8.5741,9.8414,8.6958,8.0532,5.5761,12.5752
E0091,2026-01-25T00:00:00Z,7.1643,9.3951,6.2378,8.9731,6.3384,9.9782
E0092,2026-01-25T00:00:00Z,8.2106,7.6091,7.9868,8.9996,6.668,10.5532
E0093,2026-01-25T00:00:00Z,8.2852,8.7297,9.3175,8.716,5.7004,9.1839
E0094,2026-01-25T00:00:00Z,8.8183,7.396,7.6598,6.9479,6.7545,9.7238
E0095,2026-01-25T00:00:00Z,9.1329,9.6642,8.0473,8.3894,5.8811,8.7079
E0096,2026-01-25T00:00:00Z,8.1794,7.255,6.6436,7.8724,5.6073,9.8096
E0097,2026-01-25T00:00:00Z,8.2961,10.6543,9.9015,6.9651,4.242,9.2083
E0098,2026-01-25T00:00:00Z,8.8301,11.4142,8.0754,7.415,6.5521,10.3159
E0099,2026-01-25T00:00:00Z,7.1322,7.3764,8.1651,6.6617,5.3066,7.8769
E0100,2026-01-25T00:00:00Z,8.2262,9.196,6.5385,8.0284,5.8898,10.3465
E0101,2026-01-25T00:00:00Z,8.9002,9.2416,7.9102,6.1829,5.9879,11.9469
E0102,2026-01-25T00:00:00Z,7.3206,8.6035,6.481,7.7489,7.7559,11.7629
E0103,2026-01-25T00:00:00Z,6.9682,8.2878,9.4907,7.5201,5.2253,9.1785
E0104,2026-01-25T00:00:00Z,8.6426,10.6285,9.0425,7.9813,4.4777,8.1788
E0105,2026-01-25T00:00:00Z,9.0212,8.8472,8.8165,7.6169,4.9653,8.5112
E0106,2026-01-25T00:00:00Z,8.1029,7.753,8.0894,8.3121,5.2594,8.6656
E0107,2026-01-25T00:00:00Z,8.2849,9.8969,7.6923,6.4819,6.1471,7.5261
E0108,2026-01-25T00:00:00Z,8.4079,8.0637,7.1843,8.2988,6.6246,5.7492
E0109,2026-01-25T00:00:00Z,8.8899,8.3932,8.6391,5.6315,5.8233,8.7751
E0110,2026-01-25T00:00:00Z,8.8801,10.832,7.3951,6.7258,5.6545,7.7003
E0111,2026-01-25T00:00:00Z,8.7212,9.0755,7.8164,8.2784,5.6811,9.2051
E0112,2026-01-25T00:00:00Z,8.5058,9.9566,8.3177,7.7935,7.2228,12.0536
E0113,2026-01-25T00:00:00Z,7.7607,8.4371,10.0723,6.9613,4.5524,9.7246
E0114,2026-01-25T00:00:00Z,7.2071,10.1491,10.4297,7.5156,4.8524,9.894
E0115,2026-01-25T00:00:00Z,8.366,8.4439,7.0104,7.4116,6.9478,8.5088
E0116,2026-01-25T00:00:00Z,8.8341,7.928,6.4785,7.9779,7.2978,10.0821
E0117,2026-01-25T00:00:00Z,8.4437,11.3149,8.3795,6.4908,5.7281,10.4275
E0118,2026-01-25T00:00:00Z,8.9856,8.8169,6.7947,8.531,5.1739,6.9767
E0119,2026-01-25T00:00:00Z,9.8795,8.4728,9.3077,7.4422,6.9701,9.4558
E0120,2026-01-25T00:00:00Z,8.7993,8.1033,6.3675,6.8642,6.9822,9.532
E0121,2026-01-25T00:00:00Z,8.5484,10.1802,9.3732,8.4425,6.5156,9.7524
E0122,2026-01-25T00:00:00Z,7.0814,9.3023,10.4807,8.7033,5.6767,10.3508
E0123,2026-01-25T00:00:00Z,7.5378,9.297,8.1356,8.0969,6.3243,9.6924
E0124,2026-01-25T00:00:00Z,8.427,8.5598,7.5911,6.8893,6.2268,11.2167
E0125,2026-01-25T00:00:00Z,7.7509,9.2019,8.4744,7.531,5.4501,6.9421
E0126,2026-01-25T00:00:00Z,7.5217,9.2374,8.9744,7.4861,5.5476,12.9913
E0127,2026-01-25T00:00:00Z,8.326,9.9523,8.9507,8.9768,6.6453,9.2203
E0128,2026-01-25T00:00:00Z,8.1988,7.4957,8.3491,7.8954,6.7487,8.5626
E0129,2026-01-25T00:00:00Z,7.2243,8.4279,7.6309,7.4762,5.4376,8.4596
E0130,2026-01-25T00:00:00Z,8.5344,8.3349,8.2559,8.0876,6.9638,10.1875
E0131,2026-01-25T00:00:00Z,7.8698,8.3606,9.6703,6.2628,6.5493,10.707
E0132,2026-01-25T00:00:00Z,7.1187,7.9526,6.6327,7.7847,5.1347,6.5451
E0133,2026-01-25T00:00:00Z,8.505,9.0339,8.2729,8.6987,5.8037,10.8258
E0134,2026-01-25T00:00:00Z,8.7383,9.8416,9.1425,8.1601,6.4582,7.896
E0135,2026-01-25T00:00:00Z,7.5631,8.5431,6.4089,5.6938,6.4386,11.1049
E0136,2026-01-25T00:00:00Z,9.0296,7.3807,8.275,9.2378,7.3978,9.6144
E0137,2026-01-25T00:00:00Z,8.0521,9.8484,9.977,6.4086,4.3962,11.2372
E0138,2026-01-25T00:00:00Z,8.2087,9.3265,8.796,8.8852,7.3656,9.6478
E0139,2026-01-25T00:00:00Z,7.8735,9.7044,6.9205,5.6935,8.1777,8.4503
E0140,2026-01-25T00:00:00Z,8.7075,9.612,9.9968,7.1973,6.6476,8.8467
E0141,2026-01-25T00:00:00Z,7.885,8.2947,8.9174,7.9387,7.4752,7.2722
E0142,2026-01-25T00:00:00Z,7.1061,8.564,8.4143,8.3091,6.8495,11.6658
E0143,2026-01-25T00:00:00Z,8.3672,8.3091,7.1868,9.3221,7.3422,10.971
E0144,2026-01-25T00:00:00Z,9.3626,10.5584,7.7473,7.3246,3.8229,8.9879
E0145,2026-01-25T00:00:00Z,8.1839,8.5147,9.5643,7.4488,5.9595,9.7
E0146,2026-01-25T00:00:00Z,8.6437,9.0283,9.3703,6.8001,7.56,10.7021
E0147,2026-01-25T00:00:00Z,9.5635,8.9745,8.6812,6.7143,6.26,12.2081
E0148,2026-01-25T00:00:00Z,8.9048,8.8424,6.8179,7.7511,5.9934,8.3182
E0149,2026-01-25T00:00:00Z,8.1264,11.9854,8.5077,7.8059,6.9757,9.6868
E0000,2026-01-26T00:00:00Z,8.5836,10.3509,9.7717,5.673,5.1872,6.5735
E0001,2026-01-26T00:00:00Z,7.2581,9.1078,8.8419,6.5715,5.8691,8.3461
E0002,2026-01-26T00:00:00Z,8.2743,9.7784,9.0212,7.2496,7.0253,9.1422
E0003,2026-01-26T00:00:00Z,7.2449,9.5073,7.2885,7.5814,6.3811,9.2419
E0004,2026-01-26T00:00:00Z,8.0975,6.4918,7.2257,6.7437,4.1387,10.4562
E0005,2026-01-26T00:00:00Z,8.7818,10.1174,8.2521,6.4956,5.3183,10.9948
E0006,2026-01-26T00:00:00Z,8.9633,7.7732,7.9372,6.8155,6.2359,11.606
E0007,2026-01-26T00:00:00Z,7.8955,8.5119,10.0543,9.6193,6.4494,9.8888
E0008,2026-01-26T00:00:00Z,7.8836,6.4963,9.1617,7.1913,6.1104,10.5244
E0009,2026-01-26T00:00:00Z,9.1028,9.653,8.4617,8.3186,5.9527,9.3524
E0010,2026-01-26T00:00:00Z,8.3966,9.2682,7.4743,7.5891,7.9221,10.7985
E0011,2026-01-26T00:00:00Z,7.578,9.5161,7.0032,5.9813,4.926,7.3899
E0012,2026-01-26T00:00:00Z,9.4313,6.7306,9.0709,8.1048,6.0217,10.3723
E0013,2026-01-26T00:00:00Z,8.8463,10.6084,8.3522,6.6998,6.6652,9.3529
E0014,2026-01-26T00:00:00Z,8.9699,10.8284,8.9196,7.8093,4.3554,8.3347
E0015,2026-01-26T00:00:00Z,8.4332,8.0753,7.0465,6.5022,4.9947,8.3532
E0016,2026-01-26T00:00:00Z,8.7557,9.734,7.4509,6.9578,7.0928,8.7358
E0017,2026-01-26T00:00:00Z,8.6848,10.0915,6.2312,6.8786,6.6026,6.8883
E0018,2026-01-26T00:00:00Z,8.0812,8.844,9.2546,6.0045,4.5693,9.806
E0019,2026-01-26T00:00:00Z,8.0602,9.2229,7.7998,5.9348,4.7339,10.9157
E0020,2026-01-26T00:00:00Z,6.9439,10.5573,6.7464,5.8926,5.7968,8.5639
E0021,2026-01-26T00:00:00Z,7.9939,9.669,8.2428,8.6243,7.1549,9.3822
E0022,2026-01-26T00:00:00Z,8.2192,9.6265,8.9542,10.012,5.9376,10.4762
E0023,2026-01-26T00:00:00Z,8.8049,7.4859,9.0554,7.511,5.2876,8.5915
E0024,2026-01-26T00:00:00Z,7.3883,9.9755,10.3469,7.4776,6.4897,10.9497
E0025,2026-01-26T00:00:00Z,9.0487,9.618,9.2577,7.6053,5.461,9.5692
E0026,2026-01-26T00:00:00Z,8.3264,9.1884,6.131,7.1628,5.6328,9.7307
E0027,2026-01-26T00:00:00Z,8.2413,12.5822,8.9667,6.7852,6.0699,7.9778
E0028,2026-01-26T00:00:00Z,8.05,10.0939,10.152,7.8177,6.8287,8.453
E0029,2026-01-26T00:00:00Z,8.3864,8.1758,6.3606,7.515,6.6714,11.1236
E0030,2026-01-26T00:00:00Z,9.5162,6.3344,8.8316,6.5887,6.62,8.9469
E0031,2026-01-26T00:00:00Z,8.9266,8.6783,8.8491,8.5331,5.4882,12.3694
E0032,2026-01-26T00:00:00Z,8.965,7.1039,8.9194,9.479,7.0059,8.7983
E0033,2026-01-26T00:00:00Z,8.9116,8.7624,7.1298,5.542,6.0519,12.0892
E0034,2026-01-26T00:00:00Z,9.1923,8.105,6.8848,6.196,7.4936,11.4607
E0035,2026-01-26T00:00:00Z,8.5925,9.727,8.5676,7.4294,5.8092,9.2924
E0036,2026-01-26T00:00:00Z,8.7403,9.1026,5.8911,7.3487,5.9379,11.5724
E0037,2026-01-26T00:00:00Z,7.9078,8.0642,8.3896,6.1453,4.9888,7.4347
E0038,2026-01-26T00:00:00Z,9.5474,9.5339,8.4162,8.3841,6.4851,8.7094
E0039,2026-01-26T00:00:00Z,8.1643,10.5453,8.1494,6.9952,5.8234,10.1868
E0040,2026-01-26T00:00:00Z,10.3854,9.9388,6.9522,7.7379,7.0047,6.6322
E0041,2026-01-26T00:00:00Z,8.7342,9.1246,6.6629,9.723,5.8506,12.5876
E0042,2026-01-26T00:00:00Z,8.0389,8.4148,7.7803,6.9302,6.8558,8.7828
E0043,2026-01-26T00:00:00Z,8.3147,9.0541,7.4763,8.051,5.7067,8.9727
E0044,2026-01-26T00:00:00Z,7.4136,8.3198,9.7985,5.938,7.0099,6.2485
E0045,2026-01-26T00:00:00Z,8.7636,9.1859,6.8179,7.7731,7.6981,6.8744
E0046,2026-01-26T00:00:00Z,8.1036,8.8112,7.9938,6.4351,6.3602,10.5323
E0047,2026-01-26T00:00:00Z,7.9371,11.1107,9.1027,8.1233,4.5861,8.6453
E0048,2026-01-26T00:00:00Z,8.287,8.384,9.3269,6.6278,6.4761,10.3821
E0049,2026-01-26T00:00:00Z,7.653,8.6374,10.2847,6.3931,7.3587,10.4875
E0050,2026-01-26T00:00:00Z,7.4913,9.1629,10.0542,7.8918,6.7324,9.3984
E0051,2026-01-26T00:00:00Z,8.4614,8.7291,9.747,7.0645,6.1176,12.1682
E0052,2026-01-26T00:00:00Z,7.8485,7.8669,9.7062,7.1354,5.6468,8.13
E0053,2026-01-26T00:00:00Z,8.0262,10.4326,10.8574,7.2683,6.9949,9.6086
E0054,2026-01-26T00:00:00Z,8.8292,8.3856,8.7133,7.3321,5.7215,9.5804
E0055,2026-01-26T00:00:00Z,8.2236,10.6021,9.0607,7.8249,5.5804,9.2611
E0056,2026-01-26T00:00:00Z,8.51,6.4598,9.6375,5.7553,6.99,7.2219
E0057,2026-01-26T00:00:00Z,8.7249,9.3104,7.6401,7.4091,6.8303,8.2199
E0058,2026-01-26T00:00:00Z,6.5919,9.9922,7.586,7.2286,5.7652,11.4413
E0059,2026-01-26T00:00:00Z,7.78,9.4266,8.6746,7.7376,6.0814,9.0333
E0060,2026-01-26T00:00:00Z,8.3746,7.775,7.3734,5.9866,6.9607,10.3891
E0061,2026-01-26T00:00:00Z,8.2032,7.2119,8.8845,8.0773,6.2651,11.0364
E0062,2026-01-26T00:00:00Z,8.5676,9.6551,9.0766,8.9427,7.002,7.0612
E0063,2026-01-26T00:00:00Z,8.1886,10.22,8.5145,7.9256,6.4874,9.9129
E0064,2026-01-26T00:00:00Z,9.3416,8.7782,8.9708,7.1013,6.6201,10.0693
E0065,2026-01-26T00:00:00Z,8.349,8.8791,8.3763,7.373,5.9886,10.1566
E0066,2026-01-26T00:00:00Z,7.6759,11.6156,9.3923,7.6007,7.4515,8.8483
E0067,2026-01-26T00:00:00Z,8.9078,11.6378,8.1244,9.1161,5.0362,6.7496
E0068,2026-01-26T00:00:00Z,9.1129,7.7102,7.188,6.9407,7.6452,7.7326
E0069,2026-01-26T00:00:00Z,8.784,9.2281,9.1466,6.1315,7.2342,6.8784
E0070,2026-01-26T00:00:00Z,7.9599,9.832,9.3542,7.1613,5.7992,11.2403
E0071,2026-01-26T00:00:00Z,8.2865,11.2361,7.5355,7.7805,5.2218,9.961
E0072,2026-01-26T00:00:00Z,6.0007,8.3512,8.3223,8.5236,6.1179,7.5545
E0073,2026-01-26T00:00:00Z,8.8097,10.3369,9.332,8.1682,6.6131,11.0631
E0074,2026-01-26T00:00:00Z,8.5145,9.2284,7.5337,7.3552,6.4511,8.0664
E0075,2026-01-26T00:00:00Z,9.3855,9.1306,6.2532,6.8923,5.8031,7.6093
E0076,2026-01-26T00:00:00Z,9.1919,10.7912,7.2224,5.9884,5.5655,7.9684
E0077,2026-01-26T00:00:00Z,9.4386,6.604,9.0332,8.542,7.1679,9.1532
E0078,2026-01-26T00:00:00Z,6.0408,10.3882,8.928,6.6347,7.0985,10.2985
E0079,2026-01-26T00:00:00Z,7.7821,9.584,7.78,7.8317,5.8129,14.4748
E0080,2026-01-26T00:00:00Z,9.6557,6.7539,10.1939,6.9729,5.0977,10.1802
E0081,2026-01-26T00:00:00Z,9.0256,9.6173,8.3199,7.6312,6.4023,8.9638
E0082,2026-01-26T00:00:00Z,8.852,9.0481,8.8203,5.7765,5.829,10.901
E0083,2026-01-26T00:00:00Z,9.2937,7.899,6.3736,8.3401,6.9984,9.3724
E0084,2026-01-26T00:00:00Z,7.6081,9.0404,11.2427,6.9488,5.4113,10.9492
E0085,2026-01-26T00:00:00Z,6.9387,9.1829,7.7956,5.967,5.1483,8.4616
E0086,2026-01-26T00:00:00Z,7.7377,9.8967,7.1529,6.0312,6.4271,10.962
E0087,2026-01-26T00:00:00Z,9.075,8.8523,8.6903,7.718,5.4168,10.3167
E0088,2026-01-26T00:00:00Z,9.7178,9.0622,8.1219,7.7035,5.4187,10.6434
E0089,2026-01-26T00:00:00Z,7.3691,9.3026,8.129,6.7216,5.7275,11.9393
E0090,2026-01-26T00:00:00Z,7.9698,7.3931,7.6893,5.8534,4.187,8.4704
E0091,2026-01-26T00:00:00Z,8.6219,7.6888,8.4856,7.0576,6.039,8.3229
E0092,2026-01-26T00:00:00Z,7.9962,9.5362,7.481,6.9058,6.8126,9.1968
E0093,2026-01-26T00:00:00Z,6.901,7.9181,9.0666,7.89,6.0955,7.3528
E0094,2026-01-26T00:00:00Z,8.2277,8.2361,6.7195,8.8126,6.1319,9.6376
E0095,2026-01-26T00:00:00Z,8.9264,9.3902,9.0673,6.9471,4.848,8.8815
E0096,2026-01-26T00:00:00Z,9.214,9.0079,7.873,7.4098,7.2178,8.6163
E0097,2026-01-26T00:00:00Z,9.1102,9.4077,8.4609,8.2113,6.351,13.114
E0098,2026-01-26T00:00:00Z,9.0738,9.975,9.2645,6.8803,5.8832,11.5223
E0099,2026-01-26T00:00:00Z,7.759,6.8077,7.2742,7.8092,6.3508,10.5836
E0100,2026-01-26T00:00:00Z,8.9169,9.3443,8.7652,7.6716,4.9151,7.1743
E0101,2026-01-26T00:00:00Z,7.365,10.7449,9.5367,7.2172,6.7971,10.8088
E0102,2026-01-26T00:00:00Z,8.0277,9.3652,9.2334,6.9401,4.9468,10.0505
E0103,2026-01-26T00:00:00Z,7.7,9.2246,7.6127,7.2668,6.0706,9.0461
E0104,2026-01-26T00:00:00Z,8.4198,9.4605,8.6966,6.927,6.3003,9.9807
E0105,2026-01-26T00:00:00Z,6.8062,10.1171,8.9772,7.8671,5.7256,7.5605
E0106,2026-01-26T00:00:00Z,7.713,7.7388,9.3548,7.278,5.0972,8.8337
E0107,2026-01-26T00:00:00Z,8.2201,8.0518,6.9141,6.6498,4.3494,8.1909
E0108,2026-01-26T00:00:00Z,7.4163,8.6178,8.5401,6.708,6.7309,7.4412
E0109,2026-01-26T00:00:00Z,8.9805,9.3354,8.3126,6.4248,8.1443,10.2819
E0110,2026-01-26T00:00:00Z,8.4536,8.1593,9.7641,7.6142,7.0118,7.7775
E0111,2026-01-26T00:00:00Z,7.6264,10.4906,9.6571,7.2277,5.795,10.6981
E0112,2026-01-26T00:00:00Z,7.4645,8.5588,8.9336,6.1873,5.8976,8.8365
E0113,2026-01-26T00:00:00Z,8.1817,8.8819,10.5923,7.4438,4.7972,12.276
E0114,2026-01-26T00:00:00Z,9.6203,9.5415,8.5137,7.6022,5.3636,9.317
E0115,2026-01-26T00:00:00Z,8.6997,9.9464,7.8454,8.6761,6.6603,8.6713
E0116,2026-01-26T00:00:00Z,8.3738,7.0267,5.6722,7.3807,5.7934,11.6522
E0117,2026-01-26T00:00:00Z,7.8548,7.618,8.4173,7.838,4.7838,7.7659
E0118,2026-01-26T00:00:00Z,9.3827,8.7176,7.0563,7.7218,5.113,8.189
E0119,2026-01-26T00:00:00Z,8.8456,9.8259,8.0327,7.0898,5.4531,5.6182
E0120,2026-01-26T00:00:00Z,8.4451,9.1039,8.8765,6.4961,6.9629,9.5607
E0121,2026-01-26T00:00:00Z,7.8883,7.6034,7.1868,9.817,5.5635,8.4068
E0122,2026-01-26T00:00:00Z,9.6313,8.8002,10.7185,6.3914,6.0335,9.7734
E0123,2026-01-26T00:00:00Z,7.676,8.228,10.8763,6.5765,5.6281,10.9759
E0124,2026-01-26T00:00:00Z,7.8446,9.3412,6.6313,7.2473,6.0997,7.95
E0125,2026-01-26T00:00:00Z,7.8543,9.1276,7.1381,7.7464,6.0295,9.9978
E0126,2026-01-26T00:00:00Z,8.0213,9.1531,9.0935,7.0037,4.3435,8.0322
E0127,2026-01-26T00:00:00Z,7.815,9.418,7.6128,6.5911,5.6413,10.5269
E0128,2026-01-26T00:00:00Z,9.231,7.2668,10.007,8.2424,7.5342,9.9465
E0129,2026-01-26T00:00:00Z,8.1694,10.71,8.4556,7.6647,7.1948,8.3288
E0130,2026-01-26T00:00:00Z,8.2776,8.5646,10.7894,7.8494,6.8871,9.4
E0131,2026-01-26T00:00:00Z,7.775,9.8769,8.6633,7.2064,5.9716,10.0099
E0132,2026-01-26T00:00:00Z,8.7504,8.6022,8.5115,7.9769,8.0721,13.1684
E0133,2026-01-26T00:00:00Z,7.9777,9.2893,9.3058,6.4676,5.0605,10.9608
E0134,2026-01-26T00:00:00Z,7.7301,9.1695,6.7539,9.4608,7.4623,9.1931
E0135,2026-01-26T00:00:00Z,7.1178,7.8826,8.5698,6.3108,5.5783,13.3919
E0136,2026-01-26T00:00:00Z,7.9798,8.8134,6.9692,9.7448,5.8716,10.6109
E0137,2026-01-26T00:00:00Z,6.1039,9.3522,7.3111,6.5754,7.1626,8.1763
E0138,2026-01-26T00:00:00Z,8.24,8.4027,7.4612,7.5149,6.5563,9.8278
E0139,2026-01-26T00:00:00Z,8.4474,9.2578,9.4355,6.2286,7.0212,9.126
E0140,2026-01-26T00:00:00Z,9.2192,10.1113,7.0533,6.9802,6.9575,10.1621
E0141,2026-01-26T00:00:00Z,9.3585,9.746,6.5433,8.4974,7.0513,8.1527
E0142,2026-01-26T00:00:00Z,9.273,8.2118,6.6339,8.4213,5.4006,11.1961
E0143,2026-01-26T00:00:00Z,8.8165,10.2807,8.856,7.2436,5.5152,9.749
E0144,2026-01-26T00:00:00Z,9.0504,11.255,8.5,7.2578,4.5317,7.2229
E0145,2026-01-26T00:00:00Z,7.0733,8.5466,8.6213,7.5975,6.6119,8.1858
E0146,2026-01-26T00:00:00Z,8.2683,8.433,7.9269,8.0624,6.1142,9.6301
E0147,2026-01-26T00:00:00Z,7.9589,8.7992,5.836,7.7324,5.6504,9.2206
E0148,2026-01-26T00:00:00Z,7.0366,10.0139,9.7989,6.7986,6.9956,9.0356
E0149,2026-01-26T00:00:00Z,7.4028,10.6149,9.6065,6.5965,6.5648,9.8916
E0000,2026-01-27T00:00:00Z,7.4514,9.1293,9.1233,8.445,6.2833,9.659
E0001,2026-01-27T00:00:00Z,8.5137,8.8913,8.97,7.2335,8.4708,13.0278
E0002,2026-01-27T00:00:00Z,7.1727,7.8196,8.3244,8.9052,5.5447,8.6219
E0003,2026-01-27T00:00:00Z,8.1529,9.0534,10.0185,8.2838,6.3201,5.0795
E0004,2026-01-27T00:00:00Z,8.7329,8.8786,10.1878,6.8711,7.5418,9.1998
E0005,2026-01-27T00:00:00Z,7.936,8.9528,7.2461,10.2987,7.2767,10.056
E0006,2026-01-27T00:00:00Z,8.7591,9.6755,9.695,9.3552,6.3644,9.0696
E0007,2026-01-27T00:00:00Z,7.7435,11.2477,7.481,8.8498,6.4714,6.3376
E0008,2026-01-27T00:00:00Z,8.5463,8.0685,8.8429,6.3048,5.5125,7.8268
E0009,2026-01-27T00:00:00Z,8.5935,8.5109,8.8659,8.1453,6.4067,10.923
E0010,2026-01-27T00:00:00Z,8.7589,9.8605,9.8211,7.0535,8.786,9.7615
E0011,2026-01-27T00:00:00Z,8.6933,9.1635,10.242,7.129,6.2221,9.3249
E0012,2026-01-27T00:00:00Z,8.031,9.2282,7.6816,8.3524,4.4824,9.1733
E0013,2026-01-27T00:00:00Z,8.0371,9.8786,8.4614,7.6784,7.4517,9.1935
E0014,2026-01-27T00:00:00Z,7.4756,8.9177,9.1498,8.8438,6.4883,8.9422
E0015,2026-01-27T00:00:00Z,7.8848,10.017,8.0433,7.9328,5.2159,7.0723
E0016,2026-01-27T00:00:00Z,8.4262,10.9986,10.0012,9.0429,7.7559,7.2358
E0017,2026-01-27T00:00:00Z,7.9912,9.8845,8.8952,8.5609,6.8326,8.9304
E0018,2026-01-27T00:00:00Z,8.175,8.1509,7.7253,6.4581,5.2936,9.9953
E0019,2026-01-27T00:00:00Z,8.5333,7.956,6.9646,5.8308,6.2815,8.3761
E0020,2026-01-27T00:00:00Z,8.9905,12.9768,8.0413,7.0983,6.515,8.1031
E0021,2026-01-27T00:00:00Z,7.4596,8.8701,8.928,7.1233,7.0697,9.9436
E0022,2026-01-27T00:00:00Z,8.6856,8.7272,8.8544,7.6141,6.2837,9.6161
E0023,2026-01-27T00:00:00Z,7.835,11.0101,10.802,7.9834,6.6699,8.8803
E0024,2026-01-27T00:00:00Z,9.1642,9.904,7.5259,7.6838,5.2989,11.2579
E0025,2026-01-27T00:00:00Z,7.9079,9.0737,10.4276,7.6093,6.4295,9.6367
E0026,2026-01-27T00:00:00Z,8.3398,9.0361,6.5462,7.9564,5.7668,9.1469
E0027,2026-01-27T00:00:00Z,7.4568,8.1852,8.3837,8.6376,6.6853,11.5993
E0028,2026-01-27T00:00:00Z,8.1826,10.0634,7.7723,8.9932,6.5734,10.9293
E0029,2026-01-27T00:00:00Z,8.2471,9.0739,7.4628,7.7451,4.962,7.898
E0030,2026-01-27T00:00:00Z,7.3861,8.539,8.9314,7.6891,5.3218,8.8527
E0031,2026-01-27T00:00:00Z,8.865,10.5287,8.5398,6.2646,6.2866,5.8717
E0032,2026-01-27T00:00:00Z,7.6177,8.5947,9.0135,8.5538,6.1844,10.0772
E0033,2026-01-27T00:00:00Z,8.1604,9.0524,8.0485,7.068,4.5923,9.1296
E0034,2026-01-27T00:00:00Z,7.3523,9.0648,7.1417,7.4734,5.971,11.7071
E0035,2026-01-27T00:00:00Z,7.0999,8.6701,9.0504,7.0285,6.2103,9.7152
E0036,2026-01-27T00:00:00Z,9.3825,7.9086,7.0474,6.8802,5.8322,7.3003
E0037,2026-01-27T00:00:00Z,8.5433,7.4061,9.3467,7.6964,5.8304,8.6938
E0038,2026-01-27T00:00:00Z,6.9965,9.0116,8.1234,7.5356,7.0769,8.2949
E0039,2026-01-27T00:00:00Z,8.7343,9.1734,8.1412,8.3858,5.2734,9.8062
E0040,2026-01-27T00:00:00Z,8.8642,8.7251,7.9807,6.8468,4.6742,11.6514
E0041,2026-01-27T00:00:00Z,7.8606,10.1188,7.8826,9.855,7.248,9.2362
E0042,2026-01-27T00:00:00Z,8.0814,10.6905,7.9301,6.9329,6.0243,10.1059
E0043,2026-01-27T00:00:00Z,7.4817,8.8353,9.3065,6.0713,6.2527,9.121
E0044,2026-01-27T00:00:00Z,7.2518,10.4781,6.5201,7.2165,6.4601,11.5795
E0045,2026-01-27T00:00:00Z,8.0959,8.3479,9.9877,6.3556,4.5379,10.044
E0046,2026-01-27T00:00:00Z,8.6272,9.7596,8.7059,8.7763,5.1952,7.1373
E0047,2026-01-27T00:00:00Z,8.0467,10.743,10.5871,6.496,7.5031,10.6269
E0048,2026-01-27T00:00:00Z,8.4397,9.8627,10.5135,9.7287,5.6791,9.571
E0049,2026-01-27T00:00:00Z,7.8098,7.7843,9.3074,7.5846,5.4519,8.0177
E0050,2026-01-27T00:00:00Z,8.4308,8.5657,6.385,7.2062,7.9968,9.4321
E0051,2026-01-27T00:00:00Z,8.5677,9.7108,7.6145,7.8037,5.7708,11.2352
E0052,2026-01-27T00:00:00Z,8.1102,8.8108,10.0475,5.6501,4.2077,11.1404
E0053,2026-01-27T00:00:00Z,7.3886,8.3273,8.8397,7.3074,6.2416,10.1172
E0054,2026-01-27T00:00:00Z,9.0287,8.5978,7.3971,7.7632,6.934,8.3265
E0055,2026-01-27T00:00:00Z,8.1189,9.1871,9.6052,9.595,6.4744,8.9079
E0056,2026-01-27T00:00:00Z,7.6821,10.6345,7.9144,7.956,6.0657,10.3933
E0057,2026-01-27T00:00:00Z,7.6369,11.2247,6.6605,6.9234,6.8093,9.8182
E0058,2026-01-27T00:00:00Z,7.7279,10.418,7.9453,6.9223,6.05,11.9368
E0059,2026-01-27T00:00:00Z,7.7647,9.3445,9.7208,8.6158,5.2011,12.4286
E0060,2026-01-27T00:00:00Z,7.8953,9.7932,7.4213,6.3067,8.2404,10.8529
E0061,2026-01-27T00:00:00Z,8.9705,9.0324,9.3018,7.5681,6.1918,10.7665
E0062,2026-01-27T00:00:00Z,8.7996,7.9621,8.856,9.3914,5.515,10.0259
E0063,2026-01-27T00:00:00Z,7.6683,10.7828,7.6267,8.1202,6.875,9.4049
E0064,2026-01-27T00:00:00Z,7.469,9.1246,8.6885,6.2151,7.6724,11.3164
E0065,2026-01-27T00:00:00Z,9.0314,9.4673,8.8367,7.1904,6.715,11.8742
E0066,2026-01-27T00:00:00Z,8.0797,12.0486,10.0746,9.2663,7.1114,12.6889
E0067,2026-01-27T00:00:00Z,7.9128,9.1193,9.1372,7.4956,6.2055,11.7241
E0068,2026-01-27T00:00:00Z,9.0993,8.654,8.9859,6.819,5.3401,7.9122
E0069,2026-01-27T00:00:00Z,7.7652,10.7551,8.955,7.1158,5.5074,8.9355
E0070,2026-01-27T00:00:00Z,7.6981,9.3894,8.0798,6.1389,7.1487,10.7646
E0071,2026-01-27T00:00:00Z,8.2451,8.2555,7.407,6.2709,6.693,11.2891
E0072,2026-01-27T00:00:00Z,8.0754,9.345,8.792,7.68,6.6742,8.6732
E0073,2026-01-27T00:00:00Z,8.2732,8.0698,8.7669,6.1607,5.601,10.43
E0074,2026-01-27T00:00:00Z,7.5677,7.034,9.4072,5.6385,6.5756,11.0785
E0075,2026-01-27T00:00:00Z,7.97,10.3599,8.6456,8.522,5.9897,8.8964
E0076,2026-01-27T00:00:00Z,7.8673,8.3713,8.7429,7.5395,5.9451,11.8901
E0077,2026-01-27T00:00:00Z,8.6522,8.9993,8.1473,8.0636,5.8747,10.7142
E0078,2026-01-27T00:00:00Z,9.3407,9.0976,9.8288,8.5877,4.9719,10.6041
E0079,2026-01-27T00:00:00Z,8.0864,8.8323,6.6685,7.1029,5.789,6.3967
E0080,2026-01-27T00:00:00Z,9.0383,6.8847,8.9793,8.1914,7.4033,8.6458
E0081,2026-01-27T00:00:00Z,7.8643,8.2635,8.0329,7.1263,6.5629,8.3529
E0082,2026-01-27T00:00:00Z,7.956,10.0248,9.9297,7.2812,5.6164,10.0934
E0083,2026-01-27T00:00:00Z,8.8221,9.986,8.995,7.8478,7.2509,8.9793
E0084,2026-01-27T00:00:00Z,7.2082,9.2924,9.2012,7.3132,5.8056,10.5594
E0085,2026-01-27T00:00:00Z,8.3661,9.1963,7.3713,7.8099,5.1172,6.6716
E0086,2026-01-27T00:00:00Z,9.5542,9.2652,8.2283,9.1156,5.4686,9.2778
E0087,2026-01-27T00:00:00Z,8.4202,9.1629,8.7993,7.1372,6.2861,7.1398
E0088,2026-01-27T00:00:00Z,8.717,8.6731,7.5913,5.5373,7.3428,9.9948
E0089,2026-01-27T00:00:00Z,6.2686,10.6706,8.0532,8.8048,5.5819,8.4228
E0090,2026-01-27T00:00:00Z,8.118,6.8366,8.9451,7.4141,6.2103,9.007
E0091,2026-01-27T00:00:00Z,7.2072,8.0414,7.9333,6.9337,5.5532,10.0126
E0092,2026-01-27T00:00:00Z,9.5605,8.7124,8.5856,8.67,5.9453,12.5069
E0093,2026-01-27T00:00:00Z,9.5288,9.8679,11.2233,6.0456,6.9702,8.174
E0094,2026-01-27T00:00:00Z,9.2599,7.793,8.6847,7.0796,5.7633,9.3051
E0095,2026-01-27T00:00:00Z,7.8271,9.0353,7.96,6.1644,6.0658,8.83
E0096,2026-01-27T00:00:00Z,7.3759,8.2211,8.098,7.58,7.4334,11.0417
E0097,2026-01-27T00:00:00Z,8.1238,9.5233,6.7316,8.5155,6.252,9.5859
E0098,2026-01-27T00:00:00Z,8.1831,12.6694,8.8968,6.9319,5.4502,8.3502
E0099,2026-01-27T00:00:00Z,8.8124,8.6213,8.6869,6.5937,7.0681,7.1562
E0100,2026-01-27T00:00:00Z,7.5784,7.0235,8.9824,7.6008,5.7282,7.1684
E0101,2026-01-27T00:00:00Z,8.1105,7.972,8.7393,7.1296,7.2834,10.2394
E0102,2026-01-27T00:00:00Z,8.4962,9.5976,7.7106,7.5772,4.7558,5.2289
E0103,2026-01-27T00:00:00Z,8.8159,8.9422,9.6816,8.6599,7.5546,8.395
E0104,2026-01-27T00:00:00Z,8.6472,9.9792,8.5261,5.6928,5.0786,9.3854
E0105,2026-01-27T00:00:00Z,8.5889,9.5373,7.3644,7.0217,7.0541,13.2376
E0106,2026-01-27T00:00:00Z,8.6644,9.382,8.9728,8.3447,5.2471,9.5761
E0107,2026-01-27T00:00:00Z,9.4489,10.3165,8.8712,7.3888,6.173,5.8179
E0108,2026-01-27T00:00:00Z,7.8788,9.9578,7.3537,7.946,6.085,10.2296
E0109,2026-01-27T00:00:00Z,7.8371,9.8338,7.3888,6.7262,6.645,11.1456
E0110,2026-01-27T00:00:00Z,9.0112,9.93,8.0693,8.5361,7.3114,12.7351
E0111,2026-01-27T00:00:00Z,9.0139,10.9198,10.1269,7.208,6.6045,9.8623
E0112,2026-01-27T00:00:00Z,8.2706,10.689,9.5676,8.2373,6.2592,9.4038
E0113,2026-01-27T00:00:00Z,8.2594,8.4359,5.2601,7.2315,7.1084,8.6404
E0114,2026-01-27T00:00:00Z,8.964,9.0647,6.6914,6.4904,6.2765,10.5414
E0115,2026-01-27T00:00:00Z,8.4464,7.9701,8.1671,7.2273,7.0694,10.8475
E0116,2026-01-27T00:00:00Z,8.0862,8.5903,9.1234,7.4864,6.0839,7.3733
E0117,2026-01-27T00:00:00Z,7.982,9.2267,8.9583,8.2541,5.7652,8.2703
E0118,2026-01-27T00:00:00Z,8.6963,8.9065,8.1339,6.169,6.5168,13.2691
E0119,2026-01-27T00:00:00Z,8.1485,10.9119,7.4363,6.5019,6.5593,9.5028
E0120,2026-01-27T00:00:00Z,6.8982,9.2878,8.0779,6.9012,6.1482,8.6404
E0121,2026-01-27T00:00:00Z,7.4353,8.9616,10.7155,7.3022,6.3385,11.6506
E0122,2026-01-27T00:00:00Z,7.7127,8.8033,7.2922,7.1619,5.3737,7.164
E0123,2026-01-27T00:00:00Z,7.7602,8.4693,6.3623,6.2583,6.4796,10.0977
E0124,2026-01-27T00:00:00Z,8.8034,9.3368,7.8687,6.8198,7.0322,11.8492
E0125,2026-01-27T00:00:00Z,8.8328,9.8637,9.1633,6.8958,4.5985,8.5186
E0126,2026-01-27T00:00:00Z,8.5993,9.9573,8.6011,10.0759,5.0055,9.5536
E0127,2026-01-27T00:00:00Z,9.5054,10.2449,9.2821,9.4599,5.1232,12.0568
E0128,2026-01-27T00:00:00Z,7.0143,9.372,7.6172,8.7812,4.5256,9.6578
E0129,2026-01-27T00:00:00Z,9.7422,10.2588,10.6512,6.3536,5.9235,10.7356
E0130,2026-01-27T00:00:00Z,8.586,8.3857,7.8379,8.4761,8.183,7.0009
E0131,2026-01-27T00:00:00Z,8.439,10.0924,7.9242,8.2738,5.1563,9.5907
E0132,2026-01-27T00:00:00Z,8.3024,7.6934,9.9365,7.7193,4.8512,11.3914
E0133,2026-01-27T00:00:00Z,7.2575,8.8296,8.2167,8.6103,6.899,9.2429
E0134,2026-01-27T00:00:00Z,8.2662,9.5277,10.2789,6.9841,6.8161,8.175
E0135,2026-01-27T00:00:00Z,9.2012,9.5194,8.8358,8.0514,6.3344,11.4514
E0136,2026-01-27T00:00:00Z,8.2298,7.174,8.9983,6.557,6.0434,10.1618
E0137,2026-01-27T00:00:00Z,7.2148,8.6969,9.0608,6.4803,6.2118,11.4774
E0138,2026-01-27T00:00:00Z,9.7526,9.0269,8.5927,9.1152,5.8055,12.2505
E0139,2026-01-27T00:00:00Z,8.8403,9.5258,11.536,7.0412,4.8092,11.1952
E0140,2026-01-27T00:00:00Z,8.0253,9.6405,11.1486,7.3194,4.8568,12.2841
E0141,2026-01-27T00:00:00Z,9.0498,9.1717,8.91,8.0997,6.7692,12.0379
E0142,2026-01-27T00:00:00Z,7.2711,9.0812,7.5447,9.0619,8.2635,7.1408
E0143,2026-01-27T00:00:00Z,9.2106,7.2677,8.5088,8.2269,7.3459,10.6424
E0144,2026-01-27T00:00:00Z,7.6956,8.2595,6.6652,8.6853,4.1038,9.8111
E0145,2026-01-27T00:00:00Z,7.2999,9.3796,8.8111,7.2077,6.7688,9.6193
E0146,2026-01-27T00:00:00Z,7.8392,7.9255,8.4926,7.6586,5.0985,13.722
E0147,2026-01-27T00:00:00Z,8.2525,9.1921,8.8507,8.2272,6.9396,10.0135
E0148,2026-01-27T00:00:00Z,7.5225,8.9104,8.4464,8.6467,6.5789,7.2315
E0149,2026-01-27T00:00:00Z,7.5057,8.683,6.8332,8.5423,5.4723,8.4589
E0000,2026-01-28T00:00:00Z,8.2964,8.1893,6.8144,6.3888,6.6361,12.7268
E0001,2026-01-28T00:00:00Z,8.9098,6.5594,10.2025,7.3105,6.2032,6.6366
E0002,2026-01-28T00:00:00Z,7.015,9.6746,9.7263,6.4652,7.6561,11.8018
E0003,2026-01-28T00:00:00Z,8.4691,11.0537,7.8234,6.8077,7.654,9.6922
E0004,2026-01-28T00:00:00Z,8.0904,10.338,7.3662,7.2166,7.1332,10.8055
E0005,2026-01-28T00:00:00Z,7.0576,9.7754,7.9305,5.1354,4.5764,9.9489
E0006,2026-01-28T00:00:00Z,8.4973,9.3966,7.2386,6.9533,6.6007,9.5738
E0007,2026-01-28T00:00:00Z,9.025,9.1341,8.5763,8.078,7.3735,11.2838
E0008,2026-01-28T00:00:00Z,9.1238,9.0414,7.46,7.3599,7.0867,10.4962
E0009,2026-01-28T00:00:00Z,8.1785,9.3034,9.5856,7.2798,6.7909,8.4588
E0010,2026-01-28T00:00:00Z,8.0015,6.6809,7.8754,7.5731,4.6192,8.2914
E0011,2026-01-28T00:00:00Z,8.5426,9.1758,8.6938,10.0582,4.3896,10.162
E0012,2026-01-28T00:00:00Z,8.783,8.9158,9.4769,7.6064,4.9052,9.957
E0013,2026-01-28T00:00:00Z,8.5204,8.8283,8.4002,9.6365,8.1344,9.9948
E0014,2026-01-28T00:00:00Z,7.0459,7.3323,10.395,8.1684,8.274,10.963
E0015,2026-01-28T00:00:00Z,6.6406,9.8927,6.4117,8.1159,7.7327,10.5897
E0016,2026-01-28T00:00:00Z,7.8439,11.4146,9.0901,7.6834,5.7334,8.2748
E0017,2026-01-28T00:00:00Z,7.5082,8.1234,7.2246,8.6137,6.8643,10.1914
E0018,2026-01-28T00:00:00Z,8.4663,8.2437,8.7512,8.0563,6.0907,12.2012
E0019,2026-01-28T00:00:00Z,9.7771,10.3,7.9948,7.9898,6.0916,11.3776
E0020,2026-01-28T00:00:00Z,8.4893,9.249,9.9274,6.7261,6.025,8.8836
E0021,2026-01-28T00:00:00Z,9.4977,9.9296,8.823,9.0168,6.6814,9.1134
E0022,2026-01-28T00:00:00Z,8.208,8.1698,8.5391,6.9507,6.8094,8.626
E0023,2026-01-28T00:00:00Z,8.219,9.1704,8.1764,8.0527,6.557,7.956
E0024,2026-01-28T00:00:00Z,7.9978,8.7863,9.3235,7.6633,5.5512,9.643
E0025,2026-01-28T00:00:00Z,8.8534,10.1117,9.1302,7.1916,6.133,9.2025
E0026,2026-01-28T00:00:00Z,7.4096,9.2381,8.6425,7.342,5.0492,8.4267
E0027,2026-01-28T00:00:00Z,9.7655,10.0095,8.246,8.3422,7.7486,11.258
E0028,2026-01-28T00:00:00Z,9.304,9.0609,8.3898,5.9444,7.1317,8.9988
E0029,2026-01-28T00:00:00Z,8.5224,9.7859,7.0439,6.7241,5.2334,7.7838
E0030,2026-01-28T00:00:00Z,7.3091,10.6051,6.2496,7.4908,6.6145,9.1999
E0031,2026-01-28T00:00:00Z,8.4932,8.0634,7.8356,6.9987,5.5396,8.3634
E0032,2026-01-28T00:00:00Z,9.0222,11.5853,8.1852,6.8616,4.3609,13.0372
E0033,2026-01-28T00:00:00Z,8.4414,7.5543,7.6688,9.5763,6.8802,8.8365
E0034,2026-01-28T00:00:00Z,8.5583,8.9744,5.7516,7.2444,5.4701,11.7401
E0035,2026-01-28T00:00:00Z,7.2977,5.8328,8.0809,7.4113,5.6723,8.2124
E0036,2026-01-28T00:00:00Z,8.6816,10.0965,8.8422,7.3979,6.5794,10.1208
E0037,2026-01-28T00:00:00Z,7.8148,7.1308,7.0397,7.252,6.0508,7.913
E0038,2026-01-28T00:00:00Z,9.3632,8.9718,8.3097,8.5128,6.6489,10.0303
E0039,2026-01-28T00:00:00Z,8.3155,8.8619,8.7361,8.9961,6.6525,8.5996
E0040,2026-01-28T00:00:00Z,9.3806,7.9151,8.2367,7.5779,8.0364,12.7672
E0041,2026-01-28T00:00:00Z,8.6824,9.4487,8.694,6.9964,6.6696,11.1998
E0042,2026-01-28T00:00:00Z,8.5566,10.8727,8.1214,7.6371,6.4972,8.8986
E0043,2026-01-28T00:00:00Z,10.2276,9.4864,6.5875,6.144,6.6037,10.0124
E0044,2026-01-28T00:00:00Z,8.2933,8.2713,8.8013,7.6354,4.5028,11.1304
E0045,2026-01-28T00:00:00Z,8.4904,7.599,9.3127,7.9003,6.6092,10.4647
E0046,2026-01-28T00:00:00Z,9.8184,8.6604,9.4398,8.255,6.7915,9.1851
E0047,2026-01-28T00:00:00Z,8.1178,9.4018,7.5168,8.7254,7.3746,10.6352
E0048,2026-01-28T00:00:00Z,9.8772,9.969,10.9251,7.815,6.1415,9.0958
E0049,2026-01-28T00:00:00Z,8.8072,10.0655,9.6988,6.0186,7.5916,9.3717
E0050,2026-01-28T00:00:00Z,7.3377,10.3344,9.2289,7.4979,5.7948,9.8852
E0051,2026-01-28T00:00:00Z,9.0307,7.3979,7.3305,8.7452,5.0896,8.7187
E0052,2026-01-28T00:00:00Z,7.8013,9.9886,7.8858,7.1332,6.8171,10.4237
E0053,2026-01-28T00:00:00Z,9.1423,7.2615,7.7227,7.2425,6.0066,9.8992
E0054,2026-01-28T00:00:00Z,8.3235,8.9678,7.833,6.7524,7.148,7.7575
E0055,2026-01-28T00:00:00Z,8.5627,8.4968,7.3329,7.1838,6.505,12.3281
E0056,2026-01-28T00:00:00Z,8.4448,9.1509,9.0096,8.6644,6.2148,8.7851
E0057,2026-01-28T00:00:00Z,7.9132,9.8595,9.8541,7.9063,6.5495,10.9953
E0058,2026-01-28T00:00:00Z,7.8042,9.132,10.0991,9.1144,6.2252,11.3965
E0059,2026-01-28T00:00:00Z,8.5005,10.5026,10.1971,6.5956,6.5897,9.3128
E0060,2026-01-28T00:00:00Z,9.112,9.486,7.216,7.8307,6.8534,10.0259
E0061,2026-01-28T00:00:00Z,9.6201,9.1898,7.744,6.9874,5.3005,7.4594
E0062,2026-01-28T00:00:00Z,10.2334,8.0415,9.3243,6.2752,7.2805,9.363
E0063,2026-01-28T00:00:00Z,6.2431,8.9376,9.4408,7.6292,6.6462,11.7248
E0064,2026-01-28T00:00:00Z,7.6214,8.5405,8.3813,6.9048,7.1236,10.0558
E0065,2026-01-28T00:00:00Z,9.5253,8.2229,7.7456,7.1902,6.3589,8.1342
E0066,2026-01-28T00:00:00Z,8.698,8.7245,8.9031,8.6342,7.133,8.1501
E0067,2026-01-28T00:00:00Z,7.4728,8.2504,10.6981,6.925,6.4319,9.2281
E0068,2026-01-28T00:00:00Z,9.3515,10.3598,6.5152,6.2596,7.6088,11.1124
E0069,2026-01-28T00:00:00Z,8.0612,9.0285,7.7205,6.2178,5.4044,10.163
E0070,2026-01-28T00:00:00Z,9.037,7.9129,8.2147,7.4777,5.0597,11.1695
E0071,2026-01-28T00:00:00Z,7.5831,8.7571,6.2519,7.0635,4.3017,11.781
E0072,2026-01-28T00:00:00Z,8.1901,7.9395,8.7691,8.6571,6.2009,8.9941
E0073,2026-01-28T00:00:00Z,8.8326,9.1061,9.2741,7.8044,7.3263,11.4994
E0074,2026-01-28T00:00:00Z,7.52,8.1236,8.8337,9.0474,8.0705,8.4908
E0075,2026-01-28T00:00:00Z,7.3495,7.6793,9.1685,7.6702,6.1214,6.3747
E0076,2026-01-28T00:00:00Z,7.934,8.9062,8.4076,7.5289,6.2685,8.2668
E0077,2026-01-28T00:00:00Z,9.5751,9.8456,8.119,7.7959,6.082,9.7851
E0078,2026-01-28T00:00:00Z,8.2685,8.6188,8.772,8.0884,6.2119,10.3037
E0079,2026-01-28T00:00:00Z,8.1265,9.5166,9.2543,6.5123,7.5195,10.1692
E0080,2026-01-28T00:00:00Z,7.746,8.3882,7.2295,7.6383,6.9076,8.5626
E0081,2026-01-28T00:00:00Z,8.7667,8.8532,8.7121,7.8831,6.6158,8.9951
E0082,2026-01-28T00:00:00Z,8.0212,9.0255,8.7254,7.2172,6.0062,11.5671
E0083,2026-01-28T00:00:00Z,8.485,9.8187,10.246,7.551,6.5229,11.4292
E0084,2026-01-28T00:00:00Z,7.825,9.4344,9.0611,7.8106,5.7795,9.9769
E0085,2026-01-28T00:00:00Z,8.1549,10.8595,8.3538,9.0599,7.0987,7.6052
E0086,2026-01-28T00:00:00Z,7.7159,9.3334,7.0662,7.1777,7.8256,11.22
E0087,2026-01-28T00:00:00Z,7.8987,8.8072,8.1944,8.5541,7.1403,9.8423
E0088,2026-01-28T00:00:00Z,8.5893,8.93,9.114,7.3411,8.7986,8.3903
E0089,2026-01-28T00:00:00Z,9.5477,8.1788,8.2786,7.6893,7.7022,10.0715
E0090,2026-01-28T00:00:00Z,8.8823,8.9443,10.3066,7.6174,6.5685,10.3832
E0091,2026-01-28T00:00:00Z,8.8844,10.2781,8.0183,8.5522,6.2191,11.4599
E0092,2026-01-28T00:00:00Z,8.5268,8.7893,9.6506,7.7965,6.5132,9.0066
E0093,2026-01-28T00:00:00Z,8.1444,9.8982,8.7827,6.3164,5.3199,10.0666
E0094,2026-01-28T00:00:00Z,8.2845,8.55,7.3341,8.0298,5.6711,9.9858
E0095,2026-01-28T00:00:00Z,8.7591,10.5386,6.3936,7.2933,5.6144,8.1651
E0096,2026-01-28T00:00:00Z,9.3425,8.2514,6.761,8.5656,6.6809,9.6216
E0097,2026-01-28T00:00:00Z,8.1845,10.7556,6.9659,6.3342,6.5349,10.9061
E0098,2026-01-28T00:00:00Z,7.4956,10.148,8.0519,7.0291,5.5162,7.9806
E0099,2026-01-28T00:00:00Z,8.2504,8.4636,9.7507,7.7496,4.8716,8.4926
E0100,2026-01-28T00:00:00Z,7.8824,10.8623,9.2805,7.5749,8.5128,9.3726
E0101,2026-01-28T00:00:00Z,8.7541,9.8805,6.6306,7.6716,6.2636,8.5826
E0102,2026-01-28T00:00:00Z,9.0956,9.0884,8.5517,6.5697,6.4296,8.6225
E0103,2026-01-28T00:00:00Z,7.5915,8.5831,7.2401,6.5107,6.8461,8.9064
E0104,2026-01-28T00:00:00Z,7.4114,9.398,9.2406,6.3735,6.8336,8.2198
E0105,2026-01-28T00:00:00Z,9.1247,9.4932,8.3934,7.8745,6.7745,9.8245
E0106,2026-01-28T00:00:00Z,8.7526,9.5279,7.9678,7.507,7.1885,10.609
E0107,2026-01-28T00:00:00Z,8.8462,8.4871,5.2353,6.6277,5.2409,10.7628
E0108,2026-01-28T00:00:00Z,7.6745,9.1092,9.131,7.9594,7.2935,9.3562
E0109,2026-01-28T00:00:00Z,9.0877,8.3553,7.8117,8.2408,7.35,8.1073
E0110,2026-01-28T00:00:00Z,9.479,10.5114,10.3146,7.6264,5.6634,8.3118
E0111,2026-01-28T00:00:00Z,7.3245,11.0359,7.7105,6.2905,5.9734,11.1944
E0112,2026-01-28T00:00:00Z,7.457,11.3273,9.5163,8.5093,6.374,9.5707
E0113,2026-01-28T00:00:00Z,7.9655,9.8135,6.9768,8.413,6.2597,8.4747
E0114,2026-01-28T00:00:00Z,7.264,9.0916,8.4142,7.7706,7.3802,8.4142
E0115,2026-01-28T00:00:00Z,7.9464,7.0546,9.1033,8.5364,5.5471,12.1686
E0116,2026-01-28T00:00:00Z,8.855,10.8528,7.3271,6.2967,6.3676,10.7232
E0117,2026-01-28T00:00:00Z,8.5202,10.4093,9.6584,7.3344,7.3242,7.7269
E0118,2026-01-28T00:00:00Z,7.057,8.356,9.9019,7.1116,6.5339,9.9089
E0119,2026-01-28T00:00:00Z,8.5831,11.2152,7.4913,6.4245,6.472,9.6049
E0120,2026-01-28T00:00:00Z,8.6354,8.6485,8.989,8.455,4.8142,9.9012
E0121,2026-01-28T00:00:00Z,8.7705,11.2572,8.7906,7.4917,6.7274,8.4747
E0122,2026-01-28T00:00:00Z,8.5284,9.0856,9.3777,6.9602,6.6516,9.2996
E0123,2026-01-28T00:00:00Z,9.3429,10.2252,7.9306,7.5679,5.9749,7.7534
E0124,2026-01-28T00:00:00Z,9.59,9.4708,8.7838,5.2886,5.9077,7.6688
E0125,2026-01-28T00:00:00Z,9.2812,9.7448,9.1543,7.2575,6.628,10.698
E0126,2026-01-28T00:00:00Z,9.2798,10.6044,8.2248,7.1341,5.7206,9.7195
E0127,2026-01-28T00:00:00Z,9.5187,8.619,8.6967,9.0855,6.7797,8.2595
E0128,2026-01-28T00:00:00Z,8.8004,9.2249,9.7183,6.8526,6.1861,8.1959
E0129,2026-01-28T00:00:00Z,7.5893,9.0111,9.0378,6.9905,5.8582,12.1291
E0130,2026-01-28T00:00:00Z,7.5963,10.5738,9.4296,7.193,6.3329,8.9227
E0131,2026-01-28T00:00:00Z,6.9665,9.5245,9.7612,7.0074,6.0807,10.6367
E0132,2026-01-28T00:00:00Z,9.425,6.5582,9.007,5.8986,5.5533,8.9988
E0133,2026-01-28T00:00:00Z,7.4723,7.3693,7.7274,5.6776,6.1984,11.2375
E0134,2026-01-28T00:00:00Z,9.6681,9.2299,9.1947,8.5505,4.6964,11.6527
E0135,2026-01-28T00:00:00Z,8.536,8.8291,9.224,7.8724,6.8311,10.3632
E0136,2026-01-28T00:00:00Z,8.401,9.0808,7.0938,7.9155,5.0743,10.3356
E0137,2026-01-28T00:00:00Z,7.8735,9.55,7.6031,6.42,5.0254,9.5462
E0138,2026-01-28T00:00:00Z,8.8564,10.5778,9.1857,8.5,5.9838,8.092
E0139,2026-01-28T00:00:00Z,9.1766,9.3839,10.5271,6.6297,7.7591,8.1699
E0140,2026-01-28T00:00:00Z,8.8792,10.3695,7.3798,6.7782,5.4786,8.0996
E0141,2026-01-28T00:00:00Z,9.6559,8.6477,8.0437,6.3194,5.5934,8.9954
E0142,2026-01-28T00:00:00Z,8.9479,9.3401,8.6458,7.5436,4.8674,10.7349
E0143,2026-01-28T00:00:00Z,7.8298,9.4895,6.7877,6.9707,5.9454,9.3878
E0144,2026-01-28T00:00:00Z,8.544,9.0304,8.0184,6.1224,7.0591,11.579
E0145,2026-01-28T00:00:00Z,8.4246,9.9112,9.8027,8.6571,7.2897,9.9445
E0146,2026-01-28T00:00:00Z,8.0326,10.1482,9.5163,5.7442,6.0681,9.4591
E0147,2026-01-28T00:00:00Z,8.2068,10.107,8.4316,7.8988,6.9751,12.7808
E0148,2026-01-28T00:00:00Z,9.598,8.8386,7.6213,6.6455,6.9834,8.5906
E0149,2026-01-28T00:00:00Z,8.6496,9.9955,7.8719,8.3255,6.7471,8.2895
E0000,2026-01-29T00:00:00Z,8.5609,9.9483,8.7254,8.1546,7.4422,9.3276
E0001,2026-01-29T00:00:00Z,7.0277,6.0921,7.4447,8.7365,6.9479,9.2065
E0002,2026-01-29T00:00:00Z,9.6117,9.7313,9.2881,8.3725,6.6187,7.4422
E0003,2026-01-29T00:00:00Z,8.1377,10.5477,9.5707,7.0374,7.6279,6.3627
E0004,2026-01-29T00:00:00Z,8.5893,10.5594,8.3231,8.0737,5.2801,8.1392
E0005,2026-01-29T00:00:00Z,7.8117,9.39,8.6343,9.1046,7.3732,10.2409
E0006,2026-01-29T00:00:00Z,8.9406,6.6019,9.1694,6.7553,5.6887,10.2405
E0007,2026-01-29T00:00:00Z,8.2758,7.5708,9.7061,8.5472,5.8607,5.6943
E0008,2026-01-29T00:00:00Z,7.3704,10.0352,8.9363,7.7568,5.632,8.8371
E0009,2026-01-29T00:00:00Z,7.7842,8.6149,6.9853,8.9246,5.2905,10.7281
E0010,2026-01-29T00:00:00Z,9.5527,9.193,8.4278,7.2445,6.5434,8.2958
E0011,2026-01-29T00:00:00Z,8.8275,7.1067,8.5989,7.0417,7.7163,8.5682
E0012,2026-01-29T00:00:00Z,7.5772,9.125,6.5953,8.045,7.0818,6.4041
E0013,2026-01-29T00:00:00Z,8.4565,8.5342,9.472,6.9113,6.8923,8.0211
E0014,2026-01-29T00:00:00Z,7.8101,9.046,8.9272,9.2228,6.2136,9.7744
E0015,2026-01-29T00:00:00Z,8.0779,8.1219,7.3232,7.313,4.5655,7.079
E0016,2026-01-29T00:00:00Z,8.6198,8.9629,9.0366,8.2415,4.7907,11.0352
E0017,2026-01-29T00:00:00Z,9.1635,8.2968,10.9314,9.2453,7.0285,9.585
E0018,2026-01-29T00:00:00Z,6.9775,8.1686,9.0104,9.064,5.2649,7.5372
E0019,2026-01-29T00:00:00Z,8.9575,9.978,8.4022,5.9038,6.3371,9.4315
E0020,2026-01-29T00:00:00Z,7.3408,9.1427,8.9427,8.0217,5.1601,10.3648
E0021,2026-01-29T00:00:00Z,8.2304,10.8063,8.7848,6.4953,6.7933,7.463
E0022,2026-01-29T00:00:00Z,7.7963,9.6751,6.3786,6.8311,5.9708,6.7098
E0023,2026-01-29T00:00:00Z,8.3254,7.811,7.19,8.8155,6.6698,11.9685
E0024,2026-01-29T00:00:00Z,9.8519,7.9044,9.2734,7.39,6.1683,8.2229
E0025,2026-01-29T00:00:00Z,8.6936,8.3697,8.6716,8.4947,6.9826,10.8013
E0026,2026-01-29T00:00:00Z,9.0038,11.1777,8.3648,5.4893,6.7834,8.5852
E0027,2026-01-29T00:00:00Z,8.6135,8.9377,8.7915,6.5878,7.2099,7.9572
E0028,2026-01-29T00:00:00Z,6.5027,8.7916,6.9685,7.9468,6.7798,6.6309
E0029,2026-01-29T00:00:00Z,7.9743,10.031,8.9662,6.2028,6.607,8.1898
E0030,2026-01-29T00:00:00Z,8.5755,8.3351,8.6554,7.6284,6.929,6.0595
E0031,2026-01-29T00:00:00Z,8.1028,10.168,9.069,6.7062,7.0069,9.7304
E0032,2026-01-29T00:00:00Z,8.0524,6.9782,8.469,7.8645,4.8115,8.7978
E0033,2026-01-29T00:00:00Z,7.9787,8.9023,7.3683,9.0202,6.1734,11.7439
E0034,2026-01-29T00:00:00Z,9.2388,9.9406,7.7482,7.6443,5.3699,11.8717
E0035,2026-01-29T00:00:00Z,8.5548,10.8859,9.1523,8.8393,7.3709,11.8733
E0036,2026-01-29T00:00:00Z,10.0665,8.4589,8.3768,7.1278,6.6293,10.353
E0037,2026-01-29T00:00:00Z,8.6684,7.4808,6.5612,8.78,7.3476,9.3046
E0038,2026-01-29T00:00:00Z,7.9161,8.7673,11.2544,7.5858,6.7638,9.9786
E0039,2026-01-29T00:00:00Z,8.7611,10.3692,9.6855,7.2738,6.1232,10.2271
E0040,2026-01-29T00:00:00Z,8.0171,10.0961,8.6476,7.9106,6.6176,7.2409
E0041,2026-01-29T00:00:00Z,8.5932,9.9372,8.1988,6.8058,7.6571,8.2196
E0042,2026-01-29T00:00:00Z,7.8705,8.2923,8.6714,7.156,5.783,7.9949
E0043,2026-01-29T00:00:00Z,9.0191,9.0214,8.0499,6.1119,8.2539,10.1199
E0044,2026-01-29T00:00:00Z,7.7047,8.142,9.4578,6.6275,5.7889,7.7929
E0045,2026-01-29T00:00:00Z,10.4441,10.33,7.1299,6.1503,7.9641,13.7656
E0046,2026-01-29T00:00:00Z,9.0236,9.7064,9.6682,5.4305,7.2519,9.636
E0047,2026-01-29T00:00:00Z,8.5754,8.5542,8.2684,6.8836,5.6124,8.3961
E0048,2026-01-29T00:00:00Z,7.6997,10.903,7.6817,6.9394,4.4354,10.2795
E0049,2026-01-29T00:00:00Z,9.0484,8.9172,7.4149,7.0881,5.8159,8.4103
E0050,2026-01-29T00:00:00Z,7.4458,9.6417,8.2206,6.3981,6.0132,10.7362
E0051,2026-01-29T00:00:00Z,8.0517,8.4842,8.2985,7.4495,5.2702,7.8913
E0052,2026-01-29T00:00:00Z,6.9984,8.8012,7.9426,7.5857,5.4866,10.0182
E0053,2026-01-29T00:00:00Z,7.2989,10.8484,8.0691,7.0347,5.9399,10.1044
E0054,2026-01-29T00:00:00Z,9.3007,8.561,7.7691,7.6832,6.0316,9.5171
E0055,2026-01-29T00:00:00Z,7.5386,10.1778,7.8288,7.3418,4.9156,8.3709
E0056,2026-01-29T00:00:00Z,8.2206,10.9335,7.4878,8.5105,7.1017,9.9747
E0057,2026-01-29T00:00:00Z,7.9355,10.1845,8.3289,6.6871,4.8778,9.4961
E0058,2026-01-29T00:00:00Z,7.4388,8.9339,8.013,6.9149,6.5313,7.722
E0059,2026-01-29T00:00:00Z,8.4249,9.1504,10.1882,8.1634,5.1285,10.5187
E0060,2026-01-29T00:00:00Z,7.4865,8.7355,10.0659,7.8677,7.0243,10.1898
E0061,2026-01-29T00:00:00Z,7.4605,8.814,6.5527,7.2346,5.6634,10.3572
E0062,2026-01-29T00:00:00Z,7.3375,8.2713,7.8938,7.4875,6.135,7.8195
E0063,2026-01-29T00:00:00Z,7.8919,8.0599,8.8896,7.1554,6.6992,12.0351
E0064,2026-01-29T00:00:00Z,8.8943,9.0991,8.0395,8.8097,5.2047,6.7529
E0065,2026-01-29T00:00:00Z,7.8889,8.8055,8.4122,8.0222,8.3096,11.7948
E0066,2026-01-29T00:00:00Z,8.3524,8.1069,7.1487,8.1125,6.1368,11.7584
E0067,2026-01-29T00:00:00Z,8.924,8.6066,7.3217,7.2306,7.6688,9.1342
E0068,2026-01-29T00:00:00Z,8.8116,9.1325,7.4918,7.0405,7.4645,7.7518
E0069,2026-01-29T00:00:00Z,7.7473,11.1474,8.8464,7.2176,4.8956,9.7184
E0070,2026-01-29T00:00:00Z,8.0888,10.5038,8.5933,6.2059,6.5655,9.0821
E0071,2026-01-29T00:00:00Z,7.9081,10.0871,9.8239,7.5034,6.6227,8.488
E0072,2026-01-29T00:00:00Z,9.5764,10.0201,5.7908,6.4076,8.666,10.5857
E0073,2026-01-29T00:00:00Z,8.0454,9.3046,7.7939,7.4664,8.231,7.9213
E0074,2026-01-29T00:00:00Z,8.9489,8.509,6.7042,7.3897,6.1362,9.4933
E0075,2026-01-29T00:00:00Z,7.4414,10.9408,7.6967,9.5972,6.5879,8.7985
E0076,2026-01-29T00:00:00Z,8.8295,9.7106,7.3327,8.7693,6.994,8.1648
E0077,2026-01-29T00:00:00Z,7.188,7.3642,9.0717,7.6416,5.6916,7.9725
E0078,2026-01-29T00:00:00Z,9.2321,6.704,8.7744,8.7341,6.1668,9.1182
E0079,2026-01-29T00:00:00Z,8.7854,5.9917,8.5068,7.1618,7.7575,7.8752
E0080,2026-01-29T00:00:00Z,8.7234,7.7463,7.6163,7.746,6.5628,9.4936
E0081,2026-01-29T00:00:00Z,7.7014,8.5496,10.0089,7.4499,7.0228,10.0286
E0082,2026-01-29T00:00:00Z,8.1759,8.4094,9.5719,7.2984,6.9293,10.687
E0083,2026-01-29T00:00:00Z,8.2567,9.4998,7.4236,6.9285,6.7708,12.8553
E0084,2026-01-29T00:00:00Z,8.8666,8.9425,7.1658,7.313,5.4945,10.4289
E0085,2026-01-29T00:00:00Z,7.8,10.424,9.2308,7.0009,7.0535,9.8482
E0086,2026-01-29T00:00:00Z,6.9181,8.4496,9.0904,7.1182,7.5826,11.6165
E0087,2026-01-29T00:00:00Z,9.1277,9.7456,9.0236,6.59,7.1735,13.3627
E0088,2026-01-29T00:00:00Z,8.853,5.7471,7.5016,6.6256,5.823,11.0315
E0089,2026-01-29T00:00:00Z,7.4809,8.6569,8.6105,7.5022,4.8763,10.3406
E0090,2026-01-29T00:00:00Z,7.7779,9.4602,7.6251,6.8718,5.7111,11.4819
E0091,2026-01-29T00:00:00Z,7.8657,10.6559,9.1986,9.7554,7.9504,9.545
E0092,2026-01-29T00:00:00Z,8.5196,10.5043,8.7423,7.4316,4.7482,8.4272
E0093,2026-01-29T00:00:00Z,8.0923,9.166,9.5364,7.8634,6.591,10.448
E0094,2026-01-29T00:00:00Z,7.2629,10.3493,8.2906,6.3853,6.3575,12.5116
E0095,2026-01-29T00:00:00Z,7.1479,8.8507,10.0298,6.8734,6.2925,11.1713
E0096,2026-01-29T00:00:00Z,8.3811,11.3641,8.2485,7.6105,6.2177,8.2222
E0097,2026-01-29T00:00:00Z,7.6067,8.8142,7.6488,6.9525,3.6837,9.0648
E0098,2026-01-29T00:00:00Z,8.5018,9.7696,9.1617,8.0495,7.75,11.3373
E0099,2026-01-29T00:00:00Z,6.4912,8.1245,7.9742,7.2929,5.9742,9.1316
E0100,2026-01-29T00:00:00Z,8.0807,9.3482,6.8098,6.8389,6.2809,10.8305
E0101,2026-01-29T00:00:00Z,8.2392,9.731,8.7476,6.2524,6.3444,8.0331
E0102,2026-01-29T00:00:00Z,8.1737,10.2947,7.0799,8.8082,5.3852,11.4923
E0103,2026-01-29T00:00:00Z,9.6561,7.3241,8.2799,9.2622,5.3144,9.6486
E0104,2026-01-29T00:00:00Z,8.057,8.3043,9.0645,6.4609,6.3906,8.738
E0105,2026-01-29T00:00:00Z,8.5822,8.9863,8.209,5.8701,7.0702,10.0128
E0106,2026-01-29T00:00:00Z,9.4783,9.0581,8.3427,8.6519,6.9862,6.1718
E0107,2026-01-29T00:00:00Z,8.6608,8.7974,9.7758,9.8218,4.6654,9.9338
E0108,2026-01-29T00:00:00Z,7.8701,9.6521,6.813,8.9843,9.7268,9.1285
E0109,2026-01-29T00:00:00Z,8.5393,7.5064,6.1651,7.7204,6.6133,12.5028
E0110,2026-01-29T00:00:00Z,8.0368,8.1587,10.091,7.1237,7.6086,7.2037
E0111,2026-01-29T00:00:00Z,9.0774,11.0736,10.2,6.9302,5.8812,7.6497
E0112,2026-01-29T00:00:00Z,9.2244,8.7599,7.5191,6.7032,6.12,13.2219
E0113,2026-01-29T00:00:00Z,7.8373,10.6699,7.7425,7.739,4.8159,9.9169
E0114,2026-01-29T00:00:00Z,8.8563,9.1767,9.4996,8.3496,5.088,9.5757
E0115,2026-01-29T00:00:00Z,7.7312,9.5857,11.2377,6.8693,4.4001,7.8251
E0116,2026-01-29T00:00:00Z,9.2529,9.0004,10.7405,6.9892,5.6257,8.4831
E0117,2026-01-29T00:00:00Z,7.8188,9.5672,10.6058,9.3512,6.8664,10.8314
E0118,2026-01-29T00:00:00Z,8.6839,8.1951,9.0359,7.3295,4.4801,7.4595
E0119,2026-01-29T00:00:00Z,8.9043,8.3562,9.3124,8.0078,5.2938,9.1083
E0120,2026-01-29T00:00:00Z,8.3104,10.4571,6.5227,8.7916,6.953,9.2116
E0121,2026-01-29T00:00:00Z,9.2071,7.2555,8.9652,9.0056,6.4906,10.8625
E0122,2026-01-29T00:00:00Z,8.6702,8.6693,7.679,8.3961,6.8933,9.6133
E0123,2026-01-29T00:00:00Z,8.449,10.1012,7.6386,8.9954,6.244,8.7528
E0124,2026-01-29T00:00:00Z,7.6044,9.8198,9.8442,7.3996,6.8992,9.9232
E0125,2026-01-29T00:00:00Z,7.8586,9.606,8.4832,8.9004,6.773,9.216
E0126,2026-01-29T00:00:00Z,8.5018,9.545,8.9772,7.1474,5.5332,10.4129
E0127,2026-01-29T00:00:00Z,8.2565,10.0821,7.2349,8.3981,6.668,8.5934
E0128,2026-01-29T00:00:00Z,7.4017,8.7851,7.572,7.9844,6.552,9.7448
E0129,2026-01-29T00:00:00Z,7.2359,10.9641,7.2788,6.2909,5.3142,8.7419
E0130,2026-01-29T00:00:00Z,7.4367,8.9727,7.8463,8.1507,6.4418,9.3472
E0131,2026-01-29T00:00:00Z,8.1133,10.1762,8.5553,7.2742,6.3873,9.1834
E0132,2026-01-29T00:00:00Z,7.6979,8.0616,4.9298,8.4337,6.3167,9.3974
E0133,2026-01-29T00:00:00Z,7.254,8.0937,7.9099,9.0132,7.72,10.7026
E0134,2026-01-29T00:00:00Z,7.6257,8.4933,9.1948,9.4611,7.9039,10.19
E0135,2026-01-29T00:00:00Z,8.8158,8.0887,7.7702,6.3952,7.5314,11.5236
E0136,2026-01-29T00:00:00Z,7.2263,9.2671,7.6998,8.6419,5.7385,5.3817
E0137,2026-01-29T00:00:00Z,7.5092,9.863,8.5708,7.3366,6.5783,8.2794
E0138,2026-01-29T00:00:00Z,10.0251,11.1971,8.7856,5.9949,6.4699,10.3704
E0139,2026-01-29T00:00:00Z,8.6182,8.4662,7.6273,7.9888,6.6773,6.7992
E0140,2026-01-29T00:00:00Z,8.0507,11.1352,7.9576,7.6565,5.5846,9.3895
E0141,2026-01-29T00:00:00Z,8.2184,9.9002,8.7879,7.0916,6.2216,9.6691
E0142,2026-01-29T00:00:00Z,6.3278,10.4575,8.9542,7.8356,6.9492,9.4373
E0143,2026-01-29T00:00:00Z,8.5393,8.8316,9.9618,7.5362,6.9884,9.9611
E0144,2026-01-29T00:00:00Z,8.1603,8.1769,9.0647,7.4866,8.3066,10.4689
E0145,2026-01-29T00:00:00Z,8.7188,9.5614,9.6746,7.1017,7.8879,8.1887
E0146,2026-01-29T00:00:00Z,7.6694,9.4677,4.9361,6.2282,6.4639,9.4233
E0147,2026-01-29T00:00:00Z,8.0666,8.7205,8.5366,7.8973,6.1299,7.9768
E0148,2026-01-29T00:00:00Z,9.6829,7.6135,9.5691,6.8654,6.0342,11.0642
E0149,2026-01-29T00:00:00Z,7.2618,7.3653,6.1878,7.6095,6.7411,10.276
E0000,2026-01-30T00:00:00Z,8.5536,8.7282,9.2198,7.0397,5.847,11.5646
E0001,2026-01-30T00:00:00Z,7.1112,8.2192,7.3859,7.7931,6.0004,8.1381
E0002,2026-01-30T00:00:00Z,9.1415,11.6835,8.7877,6.7576,6.642,7.0312
E0003,2026-01-30T00:00:00Z,8.3985,10.0693,8.5635,9.1827,5.8415,10.8754
E0004,2026-01-30T00:00:00Z,8.9137,8.5119,9.4734,7.4447,6.4159,11.0095
E0005,2026-01-30T00:00:00Z,8.8318,9.5895,8.3553,7.1679,5.46,9.8088
E0006,2026-01-30T00:00:00Z,8.3998,8.9587,6.5041,6.8765,5.6425,8.7531
E0007,2026-01-30T00:00:00Z,8.2439,10.041,6.2257,7.2169,6.1067,9.6899
E0008,2026-01-30T00:00:00Z,7.7556,8.7275,6.9752,6.3039,5.7495,7.6271
E0009,2026-01-30T00:00:00Z,8.5424,9.5842,5.8953,7.7997,7.3401,9.7098
E0010,2026-01-30T00:00:00Z,8.1864,9.2376,7.2687,6.8599,5.5453,8.5572
E0011,2026-01-30T00:00:00Z,8.0991,10.5643,8.1756,8.1896,7.0692,7.9594
E0012,2026-01-30T00:00:00Z,9.2711,9.1492,9.4649,8.0022,6.1476,10.9594
E0013,2026-01-30T00:00:00Z,9.0731,8.4827,7.4308,7.1784,8.409,7.4245
E0014,2026-01-30T00:00:00Z,8.12,6.3694,7.9574,6.4458,4.8861,8.7946
E0015,2026-01-30T00:00:00Z,7.9762,9.4771,8.4004,6.8037,4.9477,9.5471
E0016,2026-01-30T00:00:00Z,7.7482,9.5036,8.8215,7.6776,5.9684,10.2282
E0017,2026-01-30T00:00:00Z,9.1829,7.7018,7.6152,7.869,6.2777,9.7126
E0018,2026-01-30T00:00:00Z,8.1902,10.5754,9.0417,8.4397,5.5978,6.7887
E0019,2026-01-30T00:00:00Z,7.6914,8.7858,7.5649,8.9211,5.4322,5.7612
E0020,2026-01-30T00:00:00Z,8.6103,9.4017,7.835,8.7302,7.5443,11.1611
E0021,2026-01-30T00:00:00Z,9.368,9.5646,6.603,7.2367,5.208,9.4885
E0022,2026-01-30T00:00:00Z,7.5274,8.9453,8.1815,8.731,5.6045,10.1245
E0023,2026-01-30T00:00:00Z,7.077,8.0707,7.198,6.7383,6.0742,8.8962
E0024,2026-01-30T00:00:00Z,8.9894,11.6423,11.9551,7.7211,6.0894,7.9923
E0025,2026-01-30T00:00:00Z,7.4143,8.6678,9.2449,6.9457,5.5331,10.8915
E0026,2026-01-30T00:00:00Z,8.5044,9.4085,6.4365,7.1333,6.3788,8.112
E0027,2026-01-30T00:00:00Z,8.4801,8.3649,10.8813,5.617,7.4713,6.665
E0028,2026-01-30T00:00:00Z,7.5177,11.3686,7.6372,7.2037,9.0366,13.0924
E0029,2026-01-30T00:00:00Z,7.4239,8.3015,8.4186,7.3588,4.4333,7.9925
E0030,2026-01-30T00:00:00Z,7.9882,9.9379,7.8186,8.0616,6.4659,7.0853
E0031,2026-01-30T00:00:00Z,8.2828,7.7921,6.9449,9.152,8.0895,12.8372
E0032,2026-01-30T00:00:00Z,7.5841,8.7812,8.5944,7.0282,6.325,11.0953
E0033,2026-01-30T00:00:00Z,9.0361,12.185,9.4297,6.0107,6.0118,8.9793
E0034,2026-01-30T00:00:00Z,8.7231,10.428,10.4772,6.9472,8.4425,9.6228
E0035,2026-01-30T00:00:00Z,9.7336,7.8905,8.8229,8.3535,6.3507,9.1721
E0036,2026-01-30T00:00:00Z,9.2377,8.0868,9.11,6.3408,7.2517,9.4702
E0037,2026-01-30T00:00:00Z,7.7257,8.1091,10.382,7.4416,6.7953,9.9323
E0038,2026-01-30T00:00:00Z,7.6564,8.7182,7.5436,7.8003,3.5703,10.2059
E0039,2026-01-30T00:00:00Z,8.4559,10.6901,10.3575,6.8914,6.956,12.0594
E0040,2026-01-30T00:00:00Z,6.9416,9.2135,6.9579,7.6189,6.7469,6.7696
E0041,2026-01-30T00:00:00Z,6.3232,9.6471,10.1036,8.3183,5.5685,10.3454
E0042,2026-01-30T00:00:00Z,7.5202,10.8589,8.1699,7.4381,6.567,10.3973
E0043,2026-01-30T00:00:00Z,8.3882,9.1687,8.453,7.4732,6.7189,9.4324
E0044,2026-01-30T00:00:00Z,7.9059,8.7446,8.1201,8.138,7.0969,9.3959
E0045,2026-01-30T00:00:00Z,10.1732,9.6361,8.3382,8.4147,8.7826,8.8171
E0046,2026-01-30T00:00:00Z,8.7692,9.4217,7.8069,6.707,7.0585,6.4637
E0047,2026-01-30T00:00:00Z,7.7309,7.7479,8.4835,6.8265,7.4322,10.6838
E0048,2026-01-30T00:00:00Z,7.4373,8.1492,8.7442,6.143,6.9446,10.5881
E0049,2026-01-30T00:00:00Z,7.756,8.6775,7.7143,7.7915,7.2164,8.7523
E0050,2026-01-30T00:00:00Z,9.3189,7.8793,5.9387,8.0219,6.4636,10.6629
E0051,2026-01-30T00:00:00Z,9.0051,10.5401,8.8197,6.6821,5.9134,11.0529
E0052,2026-01-30T00:00:00Z,8.4888,10.559,7.5294,7.6276,6.5632,14.5967
E0053,2026-01-30T00:00:00Z,9.6678,7.9958,10.221,7.9846,7.2695,13.1447
E0054,2026-01-30T00:00:00Z,9.3759,6.5402,9.679,7.1257,7.8406,11.7615
E0055,2026-01-30T00:00:00Z,8.2097,9.8244,5.4365,7.2686,5.199,10.1666
E0056,2026-01-30T00:00:00Z,7.8564,9.2916,8.1501,7.7748,5.7576,10.4031
E0057,2026-01-30T00:00:00Z,9.513,7.4355,9.5053,7.9713,6.839,11.7474
E0058,2026-01-30T00:00:00Z,8.8001,8.7281,9.2521,6.7768,6.2253,9.8856
E0059,2026-01-30T00:00:00Z,8.4116,9.529,10.2749,6.4187,7.5343,9.5492
E0060,2026-01-30T00:00:00Z,8.3281,7.1882,8.6596,6.542,5.1512,11.045
E0061,2026-01-30T00:00:00Z,8.9399,8.9533,5.2645,8.5415,5.7424,9.7279
E0062,2026-01-30T00:00:00Z,8.519,9.8796,10.3725,7.561,6.1863,7.2617
E0063,2026-01-30T00:00:00Z,7.8216,6.971,7.0874,8.5968,6.5643,10.8159
E0064,2026-01-30T00:00:00Z,8.3993,9.232,8.1305,7.8234,6.9903,9.3453
E0065,2026-01-30T00:00:00Z,9.9435,9.3696,7.762,7.8669,8.3055,7.8427
E0066,2026-01-30T00:00:00Z,8.2523,9.5154,6.9779,7.8195,6.8871,8.9485
E0067,2026-01-30T00:00:00Z,8.3271,8.763,8.1774,6.5764,5.2557,10.3844
E0068,2026-01-30T00:00:00Z,8.0649,9.0732,9.6651,7.0727,5.0392,13.4416
E0069,2026-01-30T00:00:00Z,7.3288,9.9314,7.7192,6.1113,6.6641,8.3937
E0070,2026-01-30T00:00:00Z,8.2886,9.1051,7.3898,8.8583,6.6056,9.1288
E0071,2026-01-30T00:00:00Z,8.1365,10.0223,7.8674,7.1953,6.5382,8.225
E0072,2026-01-30T00:00:00Z,8.4428,9.1689,8.7693,10.0332,5.9137,10.5995
E0073,2026-01-30T00:00:00Z,6.9138,8.2827,7.7946,6.3019,5.6999,8.1644
E0074,2026-01-30T00:00:00Z,9.6787,8.0232,6.5387,8.1557,6.3119,7.4556
E0075,2026-01-30T00:00:00Z,8.4495,10.1378,8.9588,7.3266,6.0073,10.145
E0076,2026-01-30T00:00:00Z,7.9817,10.1823,7.335,7.2703,4.801,10.875
E0077,2026-01-30T00:00:00Z,7.9894,8.7019,7.9777,7.3749,8.8895,9.8618
E0078,2026-01-30T00:00:00Z,7.7823,8.0662,7.1244,8.3086,7.2243,10.019
E0079,2026-01-30T00:00:00Z,8.2853,10.8511,6.6488,5.75,6.3772,11.6845
E0080,2026-01-30T00:00:00Z,7.9236,10.5517,9.0558,8.5097,7.2413,8.8712
E0081,2026-01-30T00:00:00Z,8.67,7.9441,9.2008,8.402,7.5289,8.115
E0082,2026-01-30T00:00:00Z,9.3505,10.1292,6.3725,8.3315,5.8884,9.7503
E0083,2026-01-30T00:00:00Z,8.6282,8.3215,8.8871,8.5534,7.9845,10.1199
E0084,2026-01-30T00:00:00Z,8.1445,8.8543,8.2526,7.4789,6.2636,8.3689
E0085,2026-01-30T00:00:00Z,7.9364,7.5164,8.3201,7.6715,5.8635,9.6175
E0086,2026-01-30T00:00:00Z,7.58,10.5168,8.1065,6.9751,6.7602,8.1874
E0087,2026-01-30T00:00:00Z,8.3354,7.8361,8.999,8.3272,5.7003,8.3188
E0088,2026-01-30T00:00:00Z,8.2805,7.2483,8.7858,7.4692,5.6717,9.4365
E0089,2026-01-30T00:00:00Z,9.5475,7.5093,8.601,5.5893,7.5119,7.2349
E0090,2026-01-30T00:00:00Z,7.7863,9.621,6.8266,7.5043,5.8268,8.7333
E0091,2026-01-30T00:00:00Z,8.3983,8.6398,10.1061,9.8538,5.92,7.8463
E0092,2026-01-30T00:00:00Z,7.9503,10.3319,7.9438,8.3174,6.7601,9.3087
E0093,2026-01-30T00:00:00Z,7.2036,9.784,7.1862,5.4648,5.22,8.9213
E0094,2026-01-30T00:00:00Z,9.4821,9.5225,7.9984,7.66,6.6215,9.0835
E0095,2026-01-30T00:00:00Z,7.9272,9.1733,7.7878,7.8569,7.3002,11.5388
E0096,2026-01-30T00:00:00Z,7.1708,9.5855,9.8386,7.464,5.7333,6.6819
E0097,2026-01-30T00:00:00Z,8.7916,9.4126,6.6822,8.7379,5.7292,9.7726
E0098,2026-01-30T00:00:00Z,8.5043,9.5474,6.7209,7.702,5.3351,10.5188
E0099,2026-01-30T00:00:00Z,9.8241,9.2796,9.0564,8.3557,7.2015,10.1316
E0100,2026-01-30T00:00:00Z,9.9261,9.3357,7.7395,8.2232,5.0896,9.5399
E0101,2026-01-30T00:00:00Z,8.7783,6.7269,8.4162,8.7508,6.0775,10.4107
E0102,2026-01-30T00:00:00Z,8.6355,9.4774,8.7489,7.7269,4.1088,7.4001
E0103,2026-01-30T00:00:00Z,8.3518,8.3604,6.9831,7.8076,5.2996,9.9394
E0104,2026-01-30T00:00:00Z,9.1259,8.0833,7.6583,8.411,8.0498,10.4692
E0105,2026-01-30T00:00:00Z,8.8308,10.2045,8.2284,8.0502,6.0869,9.1789
E0106,2026-01-30T00:00:00Z,7.9206,5.7734,9.5233,7.7112,7.178,8.7785
E0107,2026-01-30T00:00:00Z,8.0048,9.9618,9.8583,6.255,4.5859,8.94
E0108,2026-01-30T00:00:00Z,9.3642,11.1992,8.1837,8.4808,8.0871,9.6145
E0109,2026-01-30T00:00:00Z,8.1689,10.7196,7.834,6.5062,6.0634,15.6633
E0110,2026-01-30T00:00:00Z,8.7107,9.01,6.799,7.6684,7.0534,8.7017
E0111,2026-01-30T00:00:00Z,7.7078,9.5652,9.0282,6.3357,6.0009,8.7969
E0112,2026-01-30T00:00:00Z,8.8427,10.2224,8.2083,7.4609,7.3082,11.2244
E0113,2026-01-30T00:00:00Z,7.9161,8.8698,8.2972,6.0306,5.6115,9.1006
E0114,2026-01-30T00:00:00Z,8.9275,9.8654,9.3105,9.5824,7.9335,9.721
E0115,2026-01-30T00:00:00Z,8.5013,10.365,9.8298,7.2531,7.7271,8.8234
E0116,2026-01-30T00:00:00Z,8.8648,8.0166,7.8129,7.4453,6.4299,7.7071
E0117,2026-01-30T00:00:00Z,7.5057,8.4361,7.369,7.5936,4.9956,9.5621
E0118,2026-01-30T00:00:00Z,8.9155,8.035,9.8275,8.5513,8.6593,7.5778
E0119,2026-01-30T00:00:00Z,9.9336,8.1343,8.3722,8.4279,4.5152,8.0562
E0120,2026-01-30T00:00:00Z,10.2873,8.3396,8.4467,6.4834,7.7252,10.2003
E0121,2026-01-30T00:00:00Z,7.6972,8.9339,8.5111,9.1977,4.994,9.2455
E0122,2026-01-30T00:00:00Z,8.2853,10.321,9.8097,7.2696,5.1624,12.029
E0123,2026-01-30T00:00:00Z,8.4002,10.4934,8.6643,6.9082,5.7342,8.684
E0124,2026-01-30T00:00:00Z,9.1126,8.3221,8.0564,7.3871,5.6975,8.3678
E0125,2026-01-30T00:00:00Z,8.7376,9.2035,8.8504,8.0403,6.816,11.2615
E0126,2026-01-30T00:00:00Z,7.9589,9.5843,9.8124,6.4292,6.7972,8.2187
E0127,2026-01-30T00:00:00Z,7.8901,10.6007,5.5043,6.5971,5.6346,8.6989
E0128,2026-01-30T00:00:00Z,9.0109,8.9724,7.3132,8.4809,4.3733,9.149
E0129,2026-01-30T00:00:00Z,8.3712,9.4388,9.2822,8.175,5.8462,9.7902
E0130,2026-01-30T00:00:00Z,9.1925,9.3737,8.549,8.7649,5.1161,9.583
E0131,2026-01-30T00:00:00Z,8.7821,8.8171,8.8345,6.4422,6.2194,7.6511
E0132,2026-01-30T00:00:00Z,7.3389,11.1284,9.2528,7.1537,5.4667,7.9646
E0133,2026-01-30T00:00:00Z,8.2039,9.0649,7.9803,8.0355,6.221,10.1157
E0134,2026-01-30T00:00:00Z,7.3412,9.2825,7.4489,8.1724,4.6797,9.3331
E0135,2026-01-30T00:00:00Z,7.784,9.5417,8.3248,8.234,6.7657,9.4965
E0136,2026-01-30T00:00:00Z,9.4329,9.381,9.6778,7.2126,5.7742,12.5745
E0137,2026-01-30T00:00:00Z,8.6537,7.7154,8.1945,7.1636,7.0916,9.4178
E0138,2026-01-30T00:00:00Z,7.8931,11.4512,9.4665,7.8693,7.074,8.1529
E0139,2026-01-30T00:00:00Z,7.8626,7.9291,9.8405,7.7059,6.6579,10.1583
E0140,2026-01-30T00:00:00Z,8.19,8.2948,7.1014,9.0326,4.7445,7.9942
E0141,2026-01-30T00:00:00Z,7.7057,9.7925,9.3587,8.2201,5.0072,10.5586
E0142,2026-01-30T00:00:00Z,9.4717,8.8812,9.4606,7.7196,7.0449,11.8704
E0143,2026-01-30T00:00:00Z,8.5552,8.6635,9.7593,8.4775,6.0407,10.1092
E0144,2026-01-30T00:00:00Z,7.9157,10.9262,9.4035,6.7617,6.663,9.3827
E0145,2026-01-30T00:00:00Z,8.7047,8.5839,7.6137,7.2205,5.3205,8.0239
E0146,2026-01-30T00:00:00Z,9.0752,9.0544,9.7915,5.8244,6.3431,11.1519
E0147,2026-01-30T00:00:00Z,8.8916,11.2209,8.3921,8.2904,6.6322,9.8447
E0148,2026-01-30T00:00:00Z,7.8387,9.669,7.8973,9.419,6.9463,11.2432
E0149,2026-01-30T00:00:00Z,9.2575,8.2694,8.5809,8.2843,6.9012,10.5448
E0000,2026-01-31T00:00:00Z,7.9079,10.0449,7.7959,8.2762,6.7527,10.4781
E0001,2026-01-31T00:00:00Z,8.3489,7.7526,8.2934,7.1953,5.3404,9.0718
E0002,2026-01-31T00:00:00Z,7.8785,8.5088,9.2414,8.771,6.0035,9.7508
E0003,2026-01-31T00:00:00Z,9.217,10.2547,6.2514,6.215,5.9304,9.6837
E0004,2026-01-31T00:00:00Z,8.8094,7.8405,9.5393,6.0026,6.143,11.6742
E0005,2026-01-31T00:00:00Z,7.2231,6.9145,10.1432,8.8713,5.8553,10.8538
E0006,2026-01-31T00:00:00Z,8.2968,10.3668,6.0818,9.1432,6.766,6.3086
E0007,2026-01-31T00:00:00Z,7.4709,7.3091,6.0686,8.0523,4.3587,8.3846
E0008,2026-01-31T00:00:00Z,8.3358,8.8963,8.4956,8.0915,6.1896,8.3335
E0009,2026-01-31T00:00:00Z,9.3581,8.0045,6.8779,6.9649,6.138,7.8904
E0010,2026-01-31T00:00:00Z,8.0376,7.9437,7.5554,9.9623,8.0798,9.0368
E0011,2026-01-31T00:00:00Z,8.1728,7.651,10.5234,7.1108,5.5752,10.6905
E0012,2026-01-31T00:00:00Z,7.822,9.4092,9.7205,7.4812,5.9526,7.4786
E0013,2026-01-31T00:00:00Z,8.9414,9.498,6.4932,6.3098,6.2891,9.3189
E0014,2026-01-31T00:00:00Z,8.4633,8.1822,6.9248,6.0911,8.0317,14.0812
E0015,2026-01-31T00:00:00Z,9.4795,8.0148,7.9452,7.5753,6.5274,7.1003
E0016,2026-01-31T00:00:00Z,7.8797,10.3726,8.1129,7.9461,4.5661,9.7297
E0017,2026-01-31T00:00:00Z,9.0055,8.9186,9.0533,7.5584,5.2773,8.149
E0018,2026-01-31T00:00:00Z,9.3651,8.174,5.5431,5.6862,6.379,11.1247
E0019,2026-01-31T00:00:00Z,8.5016,9.0993,8.6914,8.0306,6.3385,8.5153
E0020,2026-01-31T00:00:00Z,7.9278,9.6495,8.4075,9.0356,8.6526,7.0013
E0021,2026-01-31T00:00:00Z,8.587,10.5255,8.022,7.3968,6.4467,10.2277
E0022,2026-01-31T00:00:00Z,7.7127,7.8439,9.2373,9.4549,7.341,8.6042
E0023,2026-01-31T00:00:00Z,8.0321,9.9764,8.6683,7.2458,5.2006,8.5014
E0024,2026-01-31T00:00:00Z,9.0403,8.7477,8.3976,7.2085,4.0716,9.8117
E0025,2026-01-31T00:00:00Z,8.3754,9.7882,7.528,7.9224,8.2731,9.2741
E0026,2026-01-31T00:00:00Z,7.9003,8.9196,6.723,7.267,6.6965,8.5851
E0027,2026-01-31T00:00:00Z,8.3556,6.9863,8.6973,6.4244,5.4517,10.3445
E0028,2026-01-31T00:00:00Z,7.1633,8.9471,6.6489,6.6077,6.0746,10.5891
E0029,2026-01-31T00:00:00Z,7.8419,9.5639,8.4036,6.1355,5.3896,9.0093
E0030,2026-01-31T00:00:00Z,8.2413,9.6699,8.977,7.0603,4.8986,12.1772
E0031,2026-01-31T00:00:00Z,7.69,7.5744,9.0561,6.9897,5.9694,12.7528
E0032,2026-01-31T00:00:00Z,9.0042,8.5041,8.9353,8.1609,6.0637,10.1945
E0033,2026-01-31T00:00:00Z,8.5852,7.9278,9.1623,7.1486,7.0705,8.9642
E0034,2026-01-31T00:00:00Z,8.1539,11.0321,10.5015,7.1282,6.3496,8.4532
E0035,2026-01-31T00:00:00Z,8.2046,7.4593,7.3892,6.6083,7.7864,9.7122
E0036,2026-01-31T00:00:00Z,8.033,10.814,8.7625,7.3691,6.7126,6.6784
E0037,2026-01-31T00:00:00Z,8.2317,9.9505,7.7763,7.9193,6.1974,10.9502
E0038,2026-01-31T00:00:00Z,6.3226,8.1029,7.453,7.3349,7.0596,8.9913
E0039,2026-01-31T00:00:00Z,6.6209,8.3985,9.27,7.9186,6.8784,6.9813
E0040,2026-01-31T00:00:00Z,7.6528,10.9198,6.6437,6.6226,5.6306,8.4105
E0041,2026-01-31T00:00:00Z,8.2464,12.233,9.852,7.7397,6.965,9.9349
E0042,2026-01-31T00:00:00Z,8.9615,7.3598,9.4498,6.9586,7.2098,10.6329
E0043,2026-01-31T00:00:00Z,6.0349,9.1676,9.5612,7.1045,5.6323,11.6917
E0044,2026-01-31T00:00:00Z,8.732,10.9664,7.2693,6.9386,7.5349,10.7538
E0045,2026-01-31T00:00:00Z,6.7554,8.5111,9.1925,6.8987,5.5491,9.8455
E0046,2026-01-31T00:00:00Z,8.8945,9.6154,6.2492,8.0478,5.548,10.0642
E0047,2026-01-31T00:00:00Z,8.1747,8.3077,10.0207,8.2196,6.157,9.4556
E0048,2026-01-31T00:00:00Z,8.011,8.6893,8.1801,8.1265,6.954,10.319
E0049,2026-01-31T00:00:00Z,7.7392,8.5647,8.5909,8.4029,6.284,7.1528
E0050,2026-01-31T00:00:00Z,7.89,8.9343,9.162,10.178,5.6088,8.5733
E0051,2026-01-31T00:00:00Z,8.526,7.0206,8.707,6.8809,7.1012,8.3258
E0052,2026-01-31T00:00:00Z,7.4642,8.8501,7.3628,8.5928,7.1829,6.2021
E0053,2026-01-31T00:00:00Z,9.2815,10.0822,8.7713,8.9945,7.2106,9.4467
E0054,2026-01-31T00:00:00Z,7.9015,9.1334,8.2014,6.177,6.6341,9.3228
E0055,2026-01-31T00:00:00Z,7.576,8.9299,7.9177,7.939,7.4096,8.9742
E0056,2026-01-31T00:00:00Z,8.0265,10.1628,6.0675,7.4231,6.1134,9.7255
E0057,2026-01-31T00:00:00Z,6.4584,8.7814,8.4141,8.7102,6.3068,10.8226
E0058,2026-01-31T00:00:00Z,8.3337,9.626,6.962,8.2735,5.8048,9.7177
E0059,2026-01-31T00:00:00Z,9.4403,9.436,7.7516,8.2736,7.0671,8.9324
E0060,2026-01-31T00:00:00Z,6.8729,9.7716,7.3262,7.0276,5.2241,7.5153
E0061,2026-01-31T00:00:00Z,7.8541,10.1505,7.051,7.5017,7.3348,11.8412
E0062,2026-01-31T00:00:00Z,7.7132,9.3531,6.9677,6.1856,4.9261,8.836
E0063,2026-01-31T00:00:00Z,8.8647,8.2133,8.2434,8.1768,5.6481,9.7227
E0064,2026-01-31T00:00:00Z,8.917,8.6185,7.8646,7.6834,7.2256,9.2295
E0065,2026-01-31T00:00:00Z,7.9446,9.5262,10.1572,5.7468,6.1928,10.2629
E0066,2026-01-31T00:00:00Z,9.1232,9.0072,8.414,7.8428,7.7752,10.1638
E0067,2026-01-31T00:00:00Z,7.4903,8.5768,7.8657,8.4955,4.8776,8.9855
E0068,2026-01-31T00:00:00Z,8.0713,7.1913,9.4564,5.478,5.5763,11.0963
E0069,2026-01-31T00:00:00Z,8.2001,12.4459,7.8245,7.5417,6.608,7.5069
E0070,2026-01-31T00:00:00Z,9.6919,9.8068,9.1672,7.0188,4.6122,9.2091
E0071,2026-01-31T00:00:00Z,9.2798,8.8912,8.5113,7.9809,6.384,8.4729
E0072,2026-01-31T00:00:00Z,8.8785,10.4185,8.3724,7.8195,6.4922,11.0621
E0073,2026-01-31T00:00:00Z,8.3359,9.6349,8.9806,6.2536,6.6943,10.849
E0074,2026-01-31T00:00:00Z,7.5981,7.3799,6.3677,7.5527,5.9066,7.9358
E0075,2026-01-31T00:00:00Z,9.7703,8.7976,9.854,8.5622,6.4661,10.0572
E0076,2026-01-31T00:00:00Z,8.9318,9.2874,9.9835,7.8548,9.2305,11.1323
E0077,2026-01-31T00:00:00Z,8.0679,8.463,10.9257,7.2344,6.162,8.4939
E0078,2026-01-31T00:00:00Z,8.7856,10.4595,8.1142,8.2323,7.219,9.0763
E0079,2026-01-31T00:00:00Z,7.7673,9.7975,8.9183,7.3611,6.007,11.6197
E0080,2026-01-31T00:00:00Z,8.2533,10.3318,6.8609,7.4666,5.3086,8.9734
E0081,2026-01-31T00:00:00Z,7.6645,8.08,7.2682,7.1632,6.6345,9.436
E0082,2026-01-31T00:00:00Z,8.186,8.1847,9.8324,8.3999,8.2511,8.4822
E0083,2026-01-31T00:00:00Z,7.3147,9.787,7.5595,7.1924,5.8404,11.0282
E0084,2026-01-31T00:00:00Z,8.4477,9.8608,8.4723,9.0626,7.3067,10.8196
E0085,2026-01-31T00:00:00Z,8.0621,7.6798,9.5739,8.237,6.5629,10.5461
E0086,2026-01-31T00:00:00Z,7.7313,9.5072,8.1762,6.5271,4.7813,9.0038
E0087,2026-01-31T00:00:00Z,9.1781,10.5593,8.3936,7.6235,7.3955,9.9965
E0088,2026-01-31T00:00:00Z,7.5292,9.5852,10.0179,5.4145,6.0387,11.285
E0089,2026-01-31T00:00:00Z,8.5063,8.9132,9.2189,7.7253,6.9152,8.8569
E0090,2026-01-31T00:00:00Z,7.8146,9.0538,7.4865,6.5306,7.5264,9.2463
E0091,2026-01-31T00:00:00Z,6.9448,9.0935,9.9335,7.8166,8.2378,7.3869
E0092,2026-01-31T00:00:00Z,7.5777,10.2257,7.7209,8.6334,6.5416,11.3106
E0093,2026-01-31T00:00:00Z,9.4324,9.07,9.4068,7.436,6.1122,9.4931
E0094,2026-01-31T00:00:00Z,9.0882,8.8463,8.9956,6.7021,8.6312,11.6396
E0095,2026-01-31T00:00:00Z,8.4514,8.7867,8.9427,8.1207,5.7345,8.4699
E0096,2026-01-31T00:00:00Z,8.5136,7.947,8.5868,7.4791,5.2353,8.4219
E0097,2026-01-31T00:00:00Z,8.4122,8.3783,8.5573,5.3985,5.4322,9.5883
E0098,2026-01-31T00:00:00Z,7.6369,8.9144,9.1233,8.5694,7.6777,10.7592
E0099,2026-01-31T00:00:00Z,7.0859,9.3526,7.6435,7.9404,5.6762,11.0215
E0100,2026-01-31T00:00:00Z,7.5892,10.1043,7.3163,7.4312,7.1937,8.9165
E0101,2026-01-31T00:00:00Z,10.3335,11.3597,8.4874,7.4388,7.665,9.5158
E0102,2026-01-31T00:00:00Z,8.4597,7.7698,6.8814,7.8331,6.3017,10.799
E0103,2026-01-31T00:00:00Z,7.9792,8.6346,6.6188,7.2011,5.8392,10.8375
E0104,2026-01-31T00:00:00Z,7.8331,8.2346,8.386,6.2523,6.4956,11.8429
E0105,2026-01-31T00:00:00Z,8.5527,7.6725,7.7566,7.4661,6.6908,9.3469
E0106,2026-01-31T00:00:00Z,8.2804,10.1227,8.45,7.2861,8.093,10.8413
E0107,2026-01-31T00:00:00Z,6.715,8.2915,8.7826,7.8422,6.332,5.6784
E0108,2026-01-31T00:00:00Z,8.8681,8.809,10.5574,5.522,7.1323,7.0773
E0109,2026-01-31T00:00:00Z,9.0266,7.3014,7.2491,7.139,5.6699,9.1702
E0110,2026-01-31T00:00:00Z,8.1478,6.4566,7.2886,8.825,6.2994,8.1995
E0111,2026-01-31T00:00:00Z,6.5609,10.5576,7.9886,7.9805,3.9169,10.9061
E0112,2026-01-31T00:00:00Z,7.5137,7.6244,9.112,7.1247,6.3989,9.4411
E0113,2026-01-31T00:00:00Z,7.3953,10.4883,8.5169,8.1423,6.9713,12.1638
E0114,2026-01-31T00:00:00Z,6.7856,9.9979,7.249,7.562,6.4784,10.3829
E0115,2026-01-31T00:00:00Z,8.6806,8.3514,8.9467,6.7557,6.0964,10.4613
E0116,2026-01-31T00:00:00Z,7.7446,10.9877,7.6533,7.8397,6.0584,8.4722
E0117,2026-01-31T00:00:00Z,8.1738,10.8492,6.1301,6.9397,7.1798,9.4497
E0118,2026-01-31T00:00:00Z,8.3171,8.9248,10.7339,5.8104,5.8766,8.4984
E0119,2026-01-31T00:00:00Z,7.0976,8.389,7.7884,9.144,5.7698,9.9633
E0120,2026-01-31T00:00:00Z,8.4567,10.0353,9.3104,7.6298,6.0488,9.1853
E0121,2026-01-31T00:00:00Z,8.7125,10.5856,6.525,9.5266,6.8746,8.0093
E0122,2026-01-31T00:00:00Z,8.533,9.5869,10.2846,8.141,6.0171,11.1508
E0123,2026-01-31T00:00:00Z,7.495,8.6715,7.6622,8.5973,5.8984,8.2425
E0124,2026-01-31T00:00:00Z,7.757,9.774,10.1792,6.8121,7.0159,8.863
E0125,2026-01-31T00:00:00Z,8.7582,9.4188,10.4073,6.9894,6.542,8.5786
E0126,2026-01-31T00:00:00Z,8.1143,8.0246,9.3603,6.7211,5.8189,11.0685
E0127,2026-01-31T00:00:00Z,8.4447,7.9193,10.3161,7.6356,5.8856,9.098
E0128,2026-01-31T00:00:00Z,7.0963,6.5427,8.4713,7.1691,6.365,8.5419
E0129,2026-01-31T00:00:00Z,7.1393,10.1201,7.4401,6.1401,6.1161,10.2643
E0130,2026-01-31T00:00:00Z,6.8745,9.853,9.5614,8.8628,6.797,11.3962
E0131,2026-01-31T00:00:00Z,8.5458,11.4171,7.2658,7.125,5.8941,12.8777
E0132,2026-01-31T00:00:00Z,8.0137,9.6741,8.4375,7.6096,5.7113,8.859
E0133,2026-01-31T00:00:00Z,7.071,8.9383,9.8328,6.8845,7.281,8.5458
E0134,2026-01-31T00:00:00Z,8.8113,6.6128,8.5514,5.5149,6.5179,10.7704
E0135,2026-01-31T00:00:00Z,7.5778,8.0941,8.4822,8.2332,5.9469,10.6842
E0136,2026-01-31T00:00:00Z,7.8762,9.0734,7.8495,8.0977,6.8085,5.6122
E0137,2026-01-31T00:00:00Z,6.8981,8.8526,8.9989,7.4835,4.6844,11.3745
E0138,2026-01-31T00:00:00Z,7.3478,8.6724,8.431,7.3347,7.5796,9.3981
E0139,2026-01-31T00:00:00Z,8.464,8.7493,9.7791,7.8859,5.7564,9.7868
E0140,2026-01-31T00:00:00Z,7.6351,10.1745,8.6236,6.2675,6.735,8.8449
E0141,2026-01-31T00:00:00Z,6.6234,8.6175,7.9891,7.3115,7.0011,8.7404
E0142,2026-01-31T00:00:00Z,8.2467,10.5213,7.6746,7.8518,6.2064,8.2478
E0143,2026-01-31T00:00:00Z,8.4055,7.2728,6.8544,7.6122,6.0884,10.2037
E0144,2026-01-31T00:00:00Z,7.7403,9.3925,7.4753,6.3894,8.4197,9.862
E0145,2026-01-31T00:00:00Z,7.0072,10.4616,7.375,7.566,7.2743,7.7614
E0146,2026-01-31T00:00:00Z,8.8268,9.7745,5.8994,7.5534,6.4937,10.2157
E0147,2026-01-31T00:00:00Z,10.8437,9.2534,9.0741,7.5684,7.5445,10.9128
E0148,2026-01-31T00:00:00Z,8.1685,10.0155,6.9852,7.6255,6.6824,10.7481
E0149,2026-01-31T00:00:00Z,9.146,10.0431,9.0223,7.6245,7.725,10.1588
E0000,2026-02-01T00:00:00Z,8.2924,8.0932,9.2459,7.5848,5.1186,10.3445
E0001,2026-02-01T00:00:00Z,7.1791,9.1067,10.9759,6.5423,7.6559,11.0582
E0002,2026-02-01T00:00:00Z,7.6045,8.9669,8.9621,6.7536,3.7706,9.9279
E0003,2026-02-01T00:00:00Z,7.5125,9.8741,6.7307,9.3284,5.9863,9.7642
E0004,2026-02-01T00:00:00Z,8.0976,6.9768,8.835,6.7309,6.0612,8.0968
E0005,2026-02-01T00:00:00Z,7.9751,8.88,10.8045,7.1341,5.9775,6.4482
E0006,2026-02-01T00:00:00Z,9.1649,11.2072,8.8427,7.863,5.9031,11.0112
E0007,2026-02-01T00:00:00Z,8.8566,10.2989,6.381,6.55,5.6271,8.1718
E0008,2026-02-01T00:00:00Z,9.3508,9.941,7.1338,7.4753,5.7809,10.8164
E0009,2026-02-01T00:00:00Z,6.4091,9.225,9.4906,7.8505,5.6408,9.5784
E0010,2026-02-01T00:00:00Z,8.4172,9.256,9.0552,7.1946,7.0374,11.4646
E0011,2026-02-01T00:00:00Z,7.8376,10.0628,6.0235,7.6297,7.2175,8.3643
E0012,2026-02-01T00:00:00Z,8.1941,8.1575,10.7402,8.7424,7.0351,9.8059
E0013,2026-02-01T00:00:00Z,8.4226,10.2683,8.914,8.8544,6.0915,6.0431
E0014,2026-02-01T00:00:00Z,7.3297,7.9955,6.8342,8.4862,4.6493,8.4524
E0015,2026-02-01T00:00:00Z,8.0987,8.2105,7.0177,5.6815,5.2199,11.7655
E0016,2026-02-01T00:00:00Z,8.7188,7.7361,10.0772,7.6879,6.394,11.4825
E0017,2026-02-01T00:00:00Z,8.6755,9.9077,9.2648,7.7875,8.2847,10.9755
E0018,2026-02-01T00:00:00Z,8.4994,9.0532,9.7255,8.0295,7.3068,11.7212
E0019,2026-02-01T00:00:00Z,6.6104,7.9086,10.1735,6.7971,6.431,8.5189
E0020,2026-02-01T00:00:00Z,7.9682,9.9004,6.5282,8.7493,7.1839,11.8759
E0021,2026-02-01T00:00:00Z,7.3729,9.2786,7.5671,8.7632,7.3498,12.1
E0022,2026-02-01T00:00:00Z,8.9781,9.5953,8.1841,8.4077,6.6918,10.7114
E0023,2026-02-01T00:00:00Z,8.714,9.4516,9.5107,7.0139,5.8442,10.6081
E0024,2026-02-01T00:00:00Z,8.4004,8.1061,7.9726,7.9483,6.2605,9.6309
E0025,2026-02-01T00:00:00Z,8.2611,9.016,9.4432,6.6403,5.6029,8.8005
E0026,2026-02-01T00:00:00Z,7.773,9.1993,11.1078,8.5983,5.3593,9.2378
E0027,2026-02-01T00:00:00Z,8.0988,7.129,8.7049,8.96,7.0351,8.3158
E0028,2026-02-01T00:00:00Z,8.2965,10.6852,8.711,6.1483,6.4421,12.0747
E0029,2026-02-01T00:00:00Z,8.7263,8.8467,7.3779,7.6484,7.4005,7.6447
E0030,2026-02-01T00:00:00Z,9.9102,9.2808,9.9705,8.1084,6.3695,12.3347
E0031,2026-02-01T00:00:00Z,9.3579,9.1121,9.2424,7.317,7.0987,9.9597
E0032,2026-02-01T00:00:00Z,7.6112,9.4486,8.8267,6.5392,7.0212,9.4053
E0033,2026-02-01T00:00:00Z,5.9062,9.075,7.3209,9.0124,6.0844,11.4201
E0034,2026-02-01T00:00:00Z,8.4629,10.8401,8.3336,8.4801,6.7134,6.9821
E0035,2026-02-01T00:00:00Z,8.088,9.2076,7.5381,7.0732,4.8455,10.6349
E0036,2026-02-01T00:00:00Z,8.3437,9.6043,8.8763,8.2903,5.3127,8.8173
E0037,2026-02-01T00:00:00Z,8.5065,9.1642,9.1208,7.9416,6.6439,9.4588
E0038,2026-02-01T00:00:00Z,8.7848,7.5574,8.2587,8.1659,5.5819,9.4543
E0039,2026-02-01T00:00:00Z,8.1126,7.3906,8.6347,7.5017,6.2028,8.1559
E0040,2026-02-01T00:00:00Z,7.6711,10.3784,8.4012,7.1071,7.671,6.9201
E0041,2026-02-01T00:00:00Z,8.2031,10.7281,10.3397,7.8203,8.9114,9.855
E0042,2026-02-01T00:00:00Z,8.9341,9.951,9.2149,6.9958,5.7043,8.6733
E0043,2026-02-01T00:00:00Z,9.756,9.6332,7.5893,6.7923,5.5322,8.4167
E0044,2026-02-01T00:00:00Z,7.4668,9.407,8.6815,7.3325,5.3819,10.6852
E0045,2026-02-01T00:00:00Z,7.0805,9.0085,8.3121,6.7614,6.0719,10.0536
E0046,2026-02-01T00:00:00Z,8.6163,8.2827,8.6922,8.164,6.6187,8.5036
E0047,2026-02-01T00:00:00Z,8.447,6.8254,7.6988,7.6599,6.8901,10.2267
E0048,2026-02-01T00:00:00Z,8.5258,9.0885,8.8336,6.3231,5.3125,10.8874
E0049,2026-02-01T00:00:00Z,8.3816,10.5556,8.2485,6.8064,7.317,12.7381
E0050,2026-02-01T00:00:00Z,7.8317,9.4261,8.2424,7.8743,6.5774,8.9516
E0051,2026-02-01T00:00:00Z,8.218,9.4544,9.7698,8.3657,6.1418,7.1522
E0052,2026-02-01T00:00:00Z,9.0826,8.1822,7.83,8.5448,5.7961,8.1866
E0053,2026-02-01T00:00:00Z,8.063,10.5631,10.394,8.7203,6.854,11.6631
E0054,2026-02-01T00:00:00Z,8.313,10.4114,7.2471,7.3326,6.3275,9.5619
E0055,2026-02-01T00:00:00Z,6.879,9.7354,10.1761,7.9058,6.9271,10.5237
E0056,2026-02-01T00:00:00Z,7.699,9.5425,9.6731,7.5969,4.4895,7.3607
E0057,2026-02-01T00:00:00Z,9.3394,8.7371,9.7703,7.726,7.0634,9.8202
E0058,2026-02-01T00:00:00Z,8.3788,8.6771,9.1522,7.5796,8.156,9.8411
E0059,2026-02-01T00:00:00Z,8.0981,8.8044,6.6904,7.4733,6.782,7.829
E0060,2026-02-01T00:00:00Z,8.1337,9.3401,9.2583,7.7158,6.6791,8.1393
E0061,2026-02-01T00:00:00Z,8.2512,9.2018,7.7163,7.2858,6.973,10.2927
E0062,2026-02-01T00:00:00Z,9.523,9.7455,9.0447,6.563,5.7331,8.7532
E0063,2026-02-01T00:00:00Z,7.8281,10.062,9.1166,7.337,6.46,11.3128
E0064,2026-02-01T00:00:00Z,8.4223,10.7476,6.5693,8.3328,5.9013,8.3531
E0065,2026-02-01T00:00:00Z,8.7861,9.9469,8.7353,8.9964,6.7359,7.2722
E0066,2026-02-01T00:00:00Z,7.3797,10.1017,8.5592,6.2968,5.732,6.6788
E0067,2026-02-01T00:00:00Z,7.3093,8.4538,8.4965,8.0347,5.5897,11.1241
E0068,2026-02-01T00:00:00Z,9.0424,8.6966,7.6963,6.9941,6.084,8.3405
E0069,2026-02-01T00:00:00Z,8.8929,10.7545,8.403,7.348,5.7971,9.1096
E0070,2026-02-01T00:00:00Z,9.4658,9.9802,6.6986,7.0184,5.2582,9.3707
E0071,2026-02-01T00:00:00Z,6.4662,10.3122,8.2942,7.5479,5.6159,8.2121
E0072,2026-02-01T00:00:00Z,8.2466,8.4885,5.8054,8.1792,6.73,10.722
E0073,2026-02-01T00:00:00Z,7.4385,9.3908,7.391,6.814,6.177,11.0873
E0074,2026-02-01T00:00:00Z,7.2846,6.7778,8.4581,7.7945,6.0688,10.1842
E0075,2026-02-01T00:00:00Z,8.1077,8.5039,8.5803,7.5151,8.9566,10.1354
E0076,2026-02-01T00:00:00Z,8.2378,9.5647,8.2991,7.9206,6.1727,9.4409
E0077,2026-02-01T00:00:00Z,8.6346,6.9639,8.6087,7.2563,5.1165,11.6948
E0078,2026-02-01T00:00:00Z,7.9212,6.7158,6.4739,7.828,6.2556,8.9217
E0079,2026-02-01T00:00:00Z,7.8011,8.1099,9.0627,7.9955,6.7941,8.8079
E0080,2026-02-01T00:00:00Z,7.7427,10.9259,8.6269,8.1345,5.3028,8.4419
E0081,2026-02-01T00:00:00Z,8.287,10.2701,8.4221,7.7828,5.8832,9.3181
E0082,2026-02-01T00:00:00Z,7.0399,9.0337,4.8995,6.0198,6.8458,10.7871
E0083,2026-02-01T00:00:00Z,7.7375,9.3078,9.365,6.9735,6.0252,10.158
E0084,2026-02-01T00:00:00Z,7.249,9.0971,9.5117,7.9722,3.4961,7.9729
E0085,2026-02-01T00:00:00Z,8.6116,8.4309,8.3966,8.0941,6.6366,10.1857
E0086,2026-02-01T00:00:00Z,8.2522,9.0042,8.1528,8.4045,6.9627,7.9302
E0087,2026-02-01T00:00:00Z,9.9644,11.5682,8.3918,8.7731,7.9098,9.5408
E0088,2026-02-01T00:00:00Z,8.4809,10.7765,9.6473,7.5173,5.6436,7.1586
E0089,2026-02-01T00:00:00Z,8.8189,11.2045,10.4094,7.7688,6.0553,8.3848
E0090,2026-02-01T00:00:00Z,8.2099,8.3316,10.5512,6.9391,5.3529,9.4197
E0091,2026-02-01T00:00:00Z,8.2249,9.552,8.2651,8.18,5.9612,9.3891
E0092,2026-02-01T00:00:00Z,8.1321,8.1382,10.7738,7.5928,6.7371,9.9635
E0093,2026-02-01T00:00:00Z,7.6401,7.8422,9.7921,6.6984,6.0844,10.298
E0094,2026-02-01T00:00:00Z,6.3245,9.1862,10.2145,8.645,6.727,11.3856
E0095,2026-02-01T00:00:00Z,7.6705,8.7766,8.0059,7.7296,5.9308,11.2176
E0096,2026-02-01T00:00:00Z,7.7321,9.565,11.0711,6.5264,7.0408,6.6167
E0097,2026-02-01T00:00:00Z,8.3953,9.3972,6.8808,7.4017,6.9002,8.0447
E0098,2026-02-01T00:00:00Z,8.1322,8.5681,9.8501,6.0853,6.5152,10.9776
E0099,2026-02-01T00:00:00Z,8.3519,11.2226,7.8265,6.5124,6.8811,8.0016
E0100,2026-02-01T00:00:00Z,8.5263,10.2703,9.297,7.3391,7.1274,8.6452
E0101,2026-02-01T00:00:00Z,7.4286,10.1056,10.2241,6.9368,6.8184,10.7358
E0102,2026-02-01T00:00:00Z,8.7629,10.855,7.8151,7.108,6.434,10.5763
E0103,2026-02-01T00:00:00Z,7.8816,9.6106,8.423,7.1866,6.8651,8.5263
E0104,2026-02-01T00:00:00Z,7.4686,10.6349,7.879,5.8636,6.2005,10.878
E0105,2026-02-01T00:00:00Z,7.9047,7.1924,9.6022,5.8094,7.5208,9.4286
E0106,2026-02-01T00:00:00Z,7.288,9.8051,9.7194,8.6387,6.0982,10.4992
E0107,2026-02-01T00:00:00Z,9.9668,10.0956,9.1114,7.4695,5.7434,11.6585
E0108,2026-02-01T00:00:00Z,7.2738,8.2066,9.0166,6.1455,6.8281,8.8477
E0109,2026-02-01T00:00:00Z,8.1314,9.4916,8.261,8.6346,7.5677,12.2159
E0110,2026-02-01T00:00:00Z,8.3635,9.9732,7.6116,8.3384,8.1574,9.4465
E0111,2026-02-01T00:00:00Z,7.7736,9.0802,8.2188,8.6211,6.8035,8.5683
E0112,2026-02-01T00:00:00Z,8.953,10.2298,9.0167,8.7001,7.4288,7.3787
E0113,2026-02-01T00:00:00Z,8.7307,8.3938,9.7175,6.9688,6.0877,6.3228
E0114,2026-02-01T00:00:00Z,7.7797,9.4703,9.9936,6.9253,6.4084,10.4284
E0115,2026-02-01T00:00:00Z,8.2433,9.7524,6.8657,7.5014,5.7026,6.9533
E0116,2026-02-01T00:00:00Z,7.9776,8.3253,7.4851,8.0787,6.9666,11.0374
E0117,2026-02-01T00:00:00Z,7.8337,8.4662,9.1945,8.1707,6.0509,10.9355
E0118,2026-02-01T00:00:00Z,9.487,7.8179,7.0523,7.1443,8.2134,10.7102
E0119,2026-02-01T00:00:00Z,8.0832,8.6993,7.7166,6.4386,5.748,9.3694
E0120,2026-02-01T00:00:00Z,8.2099,10.22,5.9647,6.915,7.149,8.8101
E0121,2026-02-01T00:00:00Z,7.9036,8.0376,8.9162,6.4599,5.3257,10.4652
E0122,2026-02-01T00:00:00Z,8.6639,9.5933,8.1918,7.9108,6.5238,9.8342
E0123,2026-02-01T00:00:00Z,9.009,8.4113,8.0295,8.732,5.309,10.5926
E0124,2026-02-01T00:00:00Z,7.9908,9.2771,7.4519,7.3611,7.0022,9.8214
E0125,2026-02-01T00:00:00Z,8.8959,10.5436,9.1881,6.6712,6.2017,11.9015
E0126,2026-02-01T00:00:00Z,8.8452,9.893,7.4866,8.2875,5.7764,7.9831
E0127,2026-02-01T00:00:00Z,8.1098,10.5681,8.5423,6.4316,5.6076,9.2303
E0128,2026-02-01T00:00:00Z,8.4029,9.7539,10.2041,7.3723,5.5758,10.0231
E0129,2026-02-01T00:00:00Z,8.9586,8.5236,9.4859,6.4505,5.4883,12.286
E0130,2026-02-01T00:00:00Z,7.1567,9.9573,8.2336,5.2081,7.0752,8.8563
E0131,2026-02-01T00:00:00Z,8.7224,9.7339,7.7173,6.8745,5.7393,9.6023
E0132,2026-02-01T00:00:00Z,8.3134,10.2637,10.1518,6.4471,6.7637,7.7422
E0133,2026-02-01T00:00:00Z,9.4498,8.5342,8.7175,7.5148,8.18,10.5429
E0134,2026-02-01T00:00:00Z,8.8132,7.1552,8.9626,7.3841,7.1242,12.0822
E0135,2026-02-01T00:00:00Z,7.4299,10.3257,10.4694,7.86,6.8688,11.4545
E0136,2026-02-01T00:00:00Z,7.5231,9.0284,7.1414,8.1493,6.7235,9.5666
E0137,2026-02-01T00:00:00Z,9.1307,6.4647,9.5698,6.7012,8.0315,12.2522
E0138,2026-02-01T00:00:00Z,7.5394,10.2204,6.6993,9.105,6.4876,11.4664
E0139,2026-02-01T00:00:00Z,9.0772,7.9207,6.618,9.5378,6.8809,11.1218
E0140,2026-02-01T00:00:00Z,8.1586,9.8974,8.7232,7.6852,6.6724,8.6277
E0141,2026-02-01T00:00:00Z,9.747,9.5918,8.1108,8.5601,7.1919,8.8938
E0142,2026-02-01T00:00:00Z,8.6365,8.5938,8.7613,7.3444,5.5482,9.4433
E0143,2026-02-01T00:00:00Z,7.6234,9.1106,7.4868,8.3545,7.2308,9.7615
E0144,2026-02-01T00:00:00Z,8.9474,7.27,7.4675,7.5057,5.0256,12.266
E0145,2026-02-01T00:00:00Z,8.0687,10.1099,8.3302,6.914,6.0866,9.3977
E0146,2026-02-01T00:00:00Z,8.002,9.7705,8.3253,8.2053,6.261,11.8455
E0147,2026-02-01T00:00:00Z,7.4358,7.3231,8.3146,7.1543,7.3157,12.3569
E0148,2026-02-01T00:00:00Z,6.4806,6.717,7.0847,6.9523,5.0048,9.3268
E0149,2026-02-01T00:00:00Z,7.8532,9.9144,9.1201,6.3963,4.5329,7.8555
E0000,2026-02-02T00:00:00Z,8.8246,8.7011,9.1391,8.0059,6.7157,12.0033
E0001,2026-02-02T00:00:00Z,7.3031,8.1867,7.5353,8.4848,8.3567,10.2508
E0002,2026-02-02T00:00:00Z,7.638,8.921,10.8119,6.6722,7.2116,10.5624
E0003,2026-02-02T00:00:00Z,7.3116,7.4584,10.3271,7.3056,5.7077,11.2284
E0004,2026-02-02T00:00:00Z,7.5871,10.4633,9.0253,8.426,5.0095,11.4965
E0005,2026-02-02T00:00:00Z,7.6422,10.0087,7.9129,6.1441,7.234,10.2268
E0006,2026-02-02T00:00:00Z,9.0141,8.8592,7.5151,7.9865,6.9304,10.258
E0007,2026-02-02T00:00:00Z,7.2356,9.13,9.078,6.7067,6.5924,12.1026
E0008,2026-02-02T00:00:00Z,8.507,9.4577,7.2449,8.655,5.2188,10.2724
E0009,2026-02-02T00:00:00Z,8.6083,10.1294,10.3585,6.744,5.9305,8.3055
E0010,2026-02-02T00:00:00Z,8.5237,9.2538,8.1666,8.2598,5.3477,10.1339
E0011,2026-02-02T00:00:00Z,7.9307,8.1991,9.4464,7.2652,5.6837,10.9444
E0012,2026-02-02T00:00:00Z,8.0644,11.1489,9.6805,8.1519,7.5048,8.821
E0013,2026-02-02T00:00:00Z,8.8166,8.3712,7.8247,7.8139,5.4951,9.0309
E0014,2026-02-02T00:00:00Z,9.1674,7.8915,8.7839,7.2433,6.6017,11.0846
E0015,2026-02-02T00:00:00Z,8.2271,7.3879,8.0618,6.2073,6.5046,9.4664
E0016,2026-02-02T00:00:00Z,8.2818,7.9585,9.6795,9.6342,7.2131,11.0174
E0017,2026-02-02T00:00:00Z,8.441,6.9389,6.4978,7.3376,7.3651,7.9066
E0018,2026-02-02T00:00:00Z,7.918,10.5744,7.6174,7.151,7.0423,12.7179
E0019,2026-02-02T00:00:00Z,7.7266,8.7411,7.991,8.1234,7.3219,8.8262
E0020,2026-02-02T00:00:00Z,8.7794,11.1897,8.9847,8.1151,6.0814,9.0671
E0021,2026-02-02T00:00:00Z,8.3143,7.7669,9.2315,8.6153,5.3422,10.1656
E0022,2026-02-02T00:00:00Z,9.636,9.9655,8.2873,8.8034,6.5096,10.7526
E0023,2026-02-02T00:00:00Z,8.8082,9.709,10.1035,7.269,6.002,10.0906
E0024,2026-02-02T00:00:00Z,7.967,9.7986,8.0969,7.2767,5.9084,10.9608
E0025,2026-02-02T00:00:00Z,9.1273,8.93,6.9233,8.3852,5.2527,10.9048
E0026,2026-02-02T00:00:00Z,9.0973,8.8981,8.7827,8.8071,5.617,10.5273
E0027,2026-02-02T00:00:00Z,7.3206,7.43,8.8771,8.6076,6.9691,12.6245
E0028,2026-02-02T00:00:00Z,8.337,7.2857,8.665,5.4444,7.7989,10.1943
E0029,2026-02-02T00:00:00Z,7.9353,7.8536,8.5773,7.5194,7.266,8.7724
E0030,2026-02-02T00:00:00Z,8.495,8.4292,11.787,9.2205,4.8468,11.992
E0031,2026-02-02T00:00:00Z,8.4177,10.5556,9.8546,8.6645,6.5191,8.6932
E0032,2026-02-02T00:00:00Z,8.6391,8.5247,8.7719,8.0307,8.2898,9.2235
E0033,2026-02-02T00:00:00Z,8.6979,8.69,6.3871,7.3535,7.9589,11.2105
E0034,2026-02-02T00:00:00Z,9.6115,9.8427,11.9349,8.0833,5.9985,8.8716
E0035,2026-02-02T00:00:00Z,7.8964,8.3036,7.1115,6.3334,6.1507,9.0311
E0036,2026-02-02T00:00:00Z,9.2907,6.2936,6.7038,7.456,8.8002,7.9636
E0037,2026-02-02T00:00:00Z,10.0221,9.2763,8.5068,8.9811,7.7323,9.9598
E0038,2026-02-02T00:00:00Z,7.6361,7.6853,6.5628,8.0174,5.6105,7.9917
E0039,2026-02-02T00:00:00Z,7.6924,7.6978,8.5331,7.7926,6.5042,8.5689
E0040,2026-02-02T00:00:00Z,8.2163,7.2819,7.6545,6.1994,7.1818,11.269
E0041,2026-02-02T00:00:00Z,8.6356,8.6339,7.7992,8.1877,5.9692,10.344
E0042,2026-02-02T00:00:00Z,9.0219,9.941,8.5045,7.1731,8.6599,7.8618
E0043,2026-02-02T00:00:00Z,7.1457,9.4974,9.6906,7.1005,6.3881,9.0869
E0044,2026-02-02T00:00:00Z,8.0905,8.3353,8.8166,7.6821,6.8291,8.4668
E0045,2026-02-02T00:00:00Z,8.3911,6.9526,9.4313,5.6895,9.1173,8.3369
E0046,2026-02-02T00:00:00Z,9.5003,9.1957,9.6131,6.9037,4.9786,11.884
E0047,2026-02-02T00:00:00Z,7.1469,9.4642,7.1051,9.3305,6.4266,10.5792
E0048,2026-02-02T00:00:00Z,9.3072,7.3889,8.6021,8.9083,7.1212,12.1948
E0049,2026-02-02T00:00:00Z,8.1419,6.9221,6.8849,8.6701,6.4698,9.0829
E0050,2026-02-02T00:00:00Z,9.0684,8.5613,7.0207,8.7017,7.6704,8.3845
E0051,2026-02-02T00:00:00Z,8.7331,5.4873,8.8059,6.3609,6.6601,9.4527
E0052,2026-02-02T00:00:00Z,7.1209,9.7996,7.6382,8.034,5.0749,11.7354
E0053,2026-02-02T00:00:00Z,8.8186,9.8044,7.1129,6.8182,5.7655,9.4427
E0054,2026-02-02T00:00:00Z,7.7905,11.0413,8.5972,6.192,6.6584,11.626
E0055,2026-02-02T00:00:00Z,7.6651,8.1161,9.784,6.9684,7.1371,7.9201
E0056,2026-02-02T00:00:00Z,8.5557,9.764,6.9236,6.1653,5.8558,13.9566
E0057,2026-02-02T00:00:00Z,7.6838,10.0504,8.6105,7.4238,7.5578,11.4706
E0058,2026-02-02T00:00:00Z,8.6688,9.1826,7.6478,8.1239,5.8106,11.6854
E0059,2026-02-02T00:00:00Z,8.1695,8.89,8.8581,7.2498,6.4258,11.0162
E0060,2026-02-02T00:00:00Z,9.5343,9.2877,7.5555,7.9433,6.4943,7.6058
E0061,2026-02-02T00:00:00Z,7.3479,8.5642,7.3751,8.1613,5.7046,9.289
E0062,2026-02-02T00:00:00Z,7.4328,10.6915,7.9689,6.3146,5.2667,11.1325
E0063,2026-02-02T00:00:00Z,9.144,10.5119,8.4092,7.4089,6.6227,9.9909
E0064,2026-02-02T00:00:00Z,8.3132,10.1127,7.4506,7.1402,5.3338,8.7515
E0065,2026-02-02T00:00:00Z,8.8845,9.1756,5.614,8.2186,5.0829,8.0644
E0066,2026-02-02T00:00:00Z,8.7458,8.7726,8.4285,7.3153,5.8647,9.8293
E0067,2026-02-02T00:00:00Z,8.4123,10.1942,8.1636,8.1978,5.9568,8.2786
E0068,2026-02-02T00:00:00Z,8.0562,10.5672,8.0048,9.7566,5.4342,9.3579
E0069,2026-02-02T00:00:00Z,7.3273,8.0495,6.9518,7.3986,6.9293,9.9788
E0070,2026-02-02T00:00:00Z,8.346,7.9228,8.1925,7.4345,5.6137,6.0411
E0071,2026-02-02T00:00:00Z,8.1824,9.2414,8.9282,6.9652,6.1249,5.8162
E0072,2026-02-02T00:00:00Z,8.0288,8.1771,8.4632,7.6927,7.4423,7.9558
E0073,2026-02-02T00:00:00Z,7.9996,9.5887,7.9181,7.8461,4.2672,12.8605
E0074,2026-02-02T00:00:00Z,7.4249,7.9341,8.8255,7.443,6.7858,10.8782
E0075,2026-02-02T00:00:00Z,7.4092,8.2891,8.025,7.4944,6.8505,10.7083
E0076,2026-02-02T00:00:00Z,8.8724,7.9538,8.7543,9.0503,6.7003,10.7424
E0077,2026-02-02T00:00:00Z,8.1717,9.5642,6.8934,6.77,6.7718,8.149
E0078,2026-02-02T00:00:00Z,8.3544,7.7493,8.4921,6.4267,5.2925,8.7586
E0079,2026-02-02T00:00:00Z,9.1865,9.8471,8.2211,7.7446,5.8046,8.9452
E0080,2026-02-02T00:00:00Z,8.9734,7.6159,7.7567,9.7044,7.329,9.6094
E0081,2026-02-02T00:00:00Z,8.6267,10.1003,8.2394,8.6063,6.1676,8.0329
E0082,2026-02-02T00:00:00Z,8.2831,9.9079,9.0785,8.2042,5.9221,10.9337
E0083,2026-02-02T00:00:00Z,8.2583,8.1419,6.5048,7.1785,6.8921,10.5165
E0084,2026-02-02T00:00:00Z,6.8209,9.5741,8.0236,7.8759,7.423,9.9366
E0085,2026-02-02T00:00:00Z,8.3542,7.866,9.1897,7.6979,5.889,11.7562
E0086,2026-02-02T00:00:00Z,8.943,8.8303,7.9525,6.0837,7.4376,11.6463
E0087,2026-02-02T00:00:00Z,8.6355,9.5675,11.8217,7.8007,4.9069,10.4122
E0088,2026-02-02T00:00:00Z,8.02,10.8071,7.9475,5.6817,6.3192,11.5031
E0089,2026-02-02T00:00:00Z,8.3339,8.0528,8.4073,6.825,5.5799,9.4974
E0090,2026-02-02T00:00:00Z,8.0367,8.0012,7.3077,7.254,6.8445,4.9787
E0091,2026-02-02T00:00:00Z,8.1046,8.2638,7.8109,7.0878,7.0141,8.3852
E0092,2026-02-02T00:00:00Z,7.6566,7.9502,7.6457,8.5594,6.7796,12.327
E0093,2026-02-02T00:00:00Z,7.3382,9.2499,7.9686,6.2503,5.2481,9.0437
E0094,2026-02-02T00:00:00Z,8.9667,10.2745,8.1036,9.0804,6.8056,7.6391
E0095,2026-02-02T00:00:00Z,7.891,8.7816,7.7103,8.1775,7.3283,8.1451
E0096,2026-02-02T00:00:00Z,7.6645,8.4652,8.9491,6.3869,5.8394,9.9602
E0097,2026-02-02T00:00:00Z,7.5784,9.1772,7.239,9.0743,4.9513,11.9814
E0098,2026-02-02T00:00:00Z,7.9054,6.3331,8.6041,6.4792,6.1477,7.9536
E0099,2026-02-02T00:00:00Z,8.7401,11.353,7.2268,8.5219,7.1647,9.4046
E0100,2026-02-02T00:00:00Z,8.1054,9.1279,8.1975,8.8721,5.5066,8.692
E0101,2026-02-02T00:00:00Z,7.4957,9.3205,7.2014,6.2022,6.2632,10.3773
E0102,2026-02-02T00:00:00Z,7.4537,8.5782,6.5968,7.7313,7.416,11.1099
E0103,2026-02-02T00:00:00Z,8.9086,8.8909,8.4819,6.4655,6.7705,6.909
E0104,2026-02-02T00:00:00Z,9.1589,9.3819,8.831,7.3428,6.6791,10.4093
E0105,2026-02-02T00:00:00Z,9.6868,10.6697,7.4662,8.257,6.0455,8.9934
E0106,2026-02-02T00:00:00Z,7.8502,9.4971,7.8197,7.4429,7.275,7.4226
E0107,2026-02-02T00:00:00Z,9.4576,9.0658,9.0703,8.0165,5.4708,9.3092
E0108,2026-02-02T00:00:00Z,9.0457,10.2003,8.4508,8.5621,5.9487,8.3023
E0109,2026-02-02T00:00:00Z,7.7691,8.9091,9.8511,8.4316,6.3764,10.9585
E0110,2026-02-02T00:00:00Z,8.7654,8.6201,5.8479,7.1896,6.3919,8.8952
E0111,2026-02-02T00:00:00Z,8.7986,9.5354,7.5601,7.3084,7.6483,8.8935
E0112,2026-02-02T00:00:00Z,8.2103,8.8848,7.8452,6.0634,7.3501,9.9468
E0113,2026-02-02T00:00:00Z,8.4675,9.2985,6.7407,8.2542,7.1178,10.5293
E0114,2026-02-02T00:00:00Z,8.5528,9.4511,8.9297,6.4401,5.6169,10.1366
E0115,2026-02-02T00:00:00Z,8.0366,9.3961,7.5824,6.851,8.4769,10.541
E0116,2026-02-02T00:00:00Z,7.3564,9.3116,8.6429,6.9148,6.5927,10.5257
E0117,2026-02-02T00:00:00Z,7.1266,9.81,6.9371,7.061,5.7196,10.667
E0118,2026-02-02T00:00:00Z,8.8342,9.6655,8.1775,8.2159,6.3191,9.427
E0119,2026-02-02T00:00:00Z,7.8851,8.9341,8.2886,8.1609,6.2325,11.5106
E0120,2026-02-02T00:00:00Z,8.3878,8.4932,7.6304,7.7798,5.6352,10.443
E0121,2026-02-02T00:00:00Z,8.7532,8.143,9.3771,7.0583,6.7623,9.6116
E0122,2026-02-02T00:00:00Z,8.5287,10.826,7.6177,6.028,6.5395,7.7937
E0123,2026-02-02T00:00:00Z,6.8448,9.2149,8.8071,7.9881,7.4009,7.9841
E0124,2026-02-02T00:00:00Z,8.3506,8.5947,7.8115,7.4747,6.7828,9.5366
E0125,2026-02-02T00:00:00Z,8.821,9.2682,7.477,8.3725,5.944,10.8337
E0126,2026-02-02T00:00:00Z,7.1289,10.2126,8.5954,8.7761,5.3568,8.8921
E0127,2026-02-02T00:00:00Z,7.9256,9.1685,7.1588,6.7707,6.811,7.8629
E0128,2026-02-02T00:00:00Z,7.2203,11.0208,6.5323,6.0454,6.5492,8.1988
E0129,2026-02-02T00:00:00Z,7.7413,7.7029,10.1654,9.1473,6.8736,9.9281
E0130,2026-02-02T00:00:00Z,8.9989,9.1522,7.4774,8.2773,5.9631,9.9776
E0131,2026-02-02T00:00:00Z,7.0603,10.8791,9.7109,7.7307,7.275,8.745
E0132,2026-02-02T00:00:00Z,8.708,7.2513,8.097,8.364,7.5096,7.9043
E0133,2026-02-02T00:00:00Z,7.5081,9.0082,8.8744,7.1888,6.1203,11.0421
E0134,2026-02-02T00:00:00Z,7.894,8.9576,10.1475,7.2689,6.824,10.8666
E0135,2026-02-02T00:00:00Z,7.8399,7.9841,8.8438,8.3547,5.2713,9.7922
E0136,2026-02-02T00:00:00Z,6.8847,7.3674,9.2749,8.5066,6.0316,8.1588
E0137,2026-02-02T00:00:00Z,7.6311,8.5425,8.461,7.2513,7.4303,10.8672
E0138,2026-02-02T00:00:00Z,7.6296,10.572,10.7992,7.1951,7.0932,9.1187
E0139,2026-02-02T00:00:00Z,6.7273,10.1274,9.5021,7.7216,6.5115,9.1892
E0140,2026-02-02T00:00:00Z,8.0574,8.9261,6.2377,7.1736,6.5424,9.4588
E0141,2026-02-02T00:00:00Z,8.7537,8.6782,6.3056,8.3957,7.0361,11.188
E0142,2026-02-02T00:00:00Z,7.1065,8.6078,9.2688,8.552,8.1572,10.2065
E0143,2026-02-02T00:00:00Z,8.2678,8.4439,9.4979,7.9811,7.7014,8.8073
E0144,2026-02-02T00:00:00Z,7.6537,9.5375,9.9958,6.8751,6.6785,10.6557
E0145,2026-02-02T00:00:00Z,8.4492,10.215,9.1932,7.1175,5.1304,11.7942
E0146,2026-02-02T00:00:00Z,9.7003,8.0871,8.0135,7.4085,4.8342,8.2219
E0147,2026-02-02T00:00:00Z,8.0999,9.0867,7.9193,8.3411,6.2459,7.6807
E0148,2026-02-02T00:00:00Z,8.9479,9.5777,7.2525,7.8844,7.3062,7.7293
E0149,2026-02-02T00:00:00Z,8.4505,10.0361,9.2516,8.4734,6.1255,11.1006
E0000,2026-02-03T00:00:00Z,9.0525,7.5297,9.1694,7.9465,6.0987,10.8406
E0001,2026-02-03T00:00:00Z,7.6934,9.6448,9.0733,8.5791,7.1622,8.3732
E0002,2026-02-03T00:00:00Z,7.4381,9.4346,7.344,9.1647,5.3734,10.0941
E0003,2026-02-03T00:00:00Z,9.7011,8.4857,6.2486,8.525,6.7434,6.9544
E0004,2026-02-03T00:00:00Z,7.8164,9.5017,8.7726,6.9028,6.7632,9.528
E0005,2026-02-03T00:00:00Z,7.7508,8.6641,7.4581,8.5766,7.4084,8.8057
E0006,2026-02-03T00:00:00Z,9.0842,8.1022,7.3842,7.7,4.1085,6.8748
E0007,2026-02-03T00:00:00Z,8.2961,8.9722,8.5154,7.7811,7.3721,7.958
E0008,2026-02-03T00:00:00Z,8.5231,10.1255,7.8875,6.274,5.8045,7.6535
E0009,2026-02-03T00:00:00Z,5.7946,8.7128,8.6985,6.5699,6.169,12.7637
E0010,2026-02-03T00:00:00Z,8.4167,8.7474,6.9053,7.82,7.8218,12.1138
E0011,2026-02-03T00:00:00Z,8.5206,12.8424,9.0605,7.7796,7.0793,7.7251
E0012,2026-02-03T00:00:00Z,9.3837,9.5287,9.2986,7.0608,6.3721,10.0816
E0013,2026-02-03T00:00:00Z,8.7997,8.9795,9.9305,8.4468,6.5247,9.6166
E0014,2026-02-03T00:00:00Z,7.886,9.3602,9.583,7.009,5.1506,10.0906
E0015,2026-02-03T00:00:00Z,7.9631,8.2623,9.3781,5.596,8.8714,9.784
E0016,2026-02-03T00:00:00Z,7.5798,8.7437,8.6417,5.7065,6.8951,12.5226
E0017,2026-02-03T00:00:00Z,9.225,9.843,8.1628,6.6599,6.8218,8.4282
E0018,2026-02-03T00:00:00Z,8.2669,9.6732,7.8365,7.1008,7.1356,7.0179
E0019,2026-02-03T00:00:00Z,8.368,9.2151,8.8447,7.9085,6.7636,5.1724
E0020,2026-02-03T00:00:00Z,8.2681,8.6674,7.0096,6.463,7.0316,9.0528
E0021,2026-02-03T00:00:00Z,8.5826,9.1153,6.7896,8.177,5.8826,7.1438
E0022,2026-02-03T00:00:00Z,8.0643,9.1009,7.9493,8.2604,5.175,9.4056
E0023,2026-02-03T00:00:00Z,8.0881,10.0859,8.4625,7.5392,6.8275,10.9125
E0024,2026-02-03T00:00:00Z,8.6775,9.722,8.7531,6.9047,5.0734,9.414
E0025,2026-02-03T00:00:00Z,9.1786,8.5163,9.3871,8.1779,5.1159,10.1385
E0026,2026-02-03T00:00:00Z,9.6003,8.0794,8.1763,6.2597,5.5538,9.2108
E0027,2026-02-03T00:00:00Z,7.0062,9.4157,7.9057,6.7543,6.3824,9.2137
E0028,2026-02-03T00:00:00Z,8.0333,6.4251,8.6318,6.8518,4.3233,8.5642
E0029,2026-02-03T00:00:00Z,8.4413,9.6158,6.8142,9.3594,4.8495,10.7909
E0030,2026-02-03T00:00:00Z,9.0163,9.5875,7.1413,8.2789,6.0069,10.6669
E0031,2026-02-03T00:00:00Z,8.017,9.4017,9.5983,7.7584,6.4438,11.991
E0032,2026-02-03T00:00:00Z,7.5242,9.5872,9.2362,8.1388,6.032,9.149
E0033,2026-02-03T00:00:00Z,8.5651,8.8396,8.4948,6.1391,5.8327,10.5627
E0034,2026-02-03T00:00:00Z,7.9856,6.6971,8.0815,6.9054,6.1741,7.2913
E0035,2026-02-03T00:00:00Z,9.1104,9.0713,8.6621,7.8608,5.5534,9.8347
E0036,2026-02-03T00:00:00Z,8.1296,7.8386,6.8482,6.7423,6.9197,9.8111
E0037,2026-02-03T00:00:00Z,8.8649,8.974,8.3774,8.4521,6.7419,9.6503
E0038,2026-02-03T00:00:00Z,10.3619,9.2086,11.3448,7.3973,5.1506,8.657
E0039,2026-02-03T00:00:00Z,7.4677,9.7828,7.0013,8.8908,6.9394,10.3538
E0040,2026-02-03T00:00:00Z,7.1053,9.8432,7.7908,7.6991,5.8292,10.323
E0041,2026-02-03T00:00:00Z,7.5881,8.8919,9.1118,7.6284,5.4276,12.1001
E0042,2026-02-03T00:00:00Z,8.4519,9.8858,7.6475,9.3938,5.6598,8.876
E0043,2026-02-03T00:00:00Z,7.4662,7.3838,7.7267,7.7717,6.3202,12.6253
E0044,2026-02-03T00:00:00Z,8.5018,9.5983,7.6557,7.5814,4.545,8.8808
E0045,2026-02-03T00:00:00Z,10.4988,10.7069,5.8688,5.8894,7.3245,7.2012
E0046,2026-02-03T00:00:00Z,8.5726,8.0554,6.5705,6.1028,5.873,10.0931
E0047,2026-02-03T00:00:00Z,9.7394,10.9684,6.7308,6.0592,5.8755,7.615
E0048,2026-02-03T00:00:00Z,8.3603,9.1696,7.8109,7.3489,6.1474,8.7773
E0049,2026-02-03T00:00:00Z,6.947,11.0746,7.0605,7.5136,7.4586,8.8602
E0050,2026-02-03T00:00:00Z,9.5037,11.6283,9.3087,7.9651,5.0528,9.4301
E0051,2026-02-03T00:00:00Z,7.7443,8.679,7.6652,6.5133,8.3209,9.0011
E0052,2026-02-03T00:00:00Z,8.3323,9.9926,8.9572,7.4226,7.2546,9.2362
E0053,2026-02-03T00:00:00Z,9.2241,9.4079,8.3593,8.2261,4.895,7.14
E0054,2026-02-03T00:00:00Z,8.3092,8.6537,8.9212,8.2162,5.5146,7.7584
E0055,2026-02-03T00:00:00Z,8.0109,9.4287,7.853,6.7403,4.2301,9.7437
E0056,2026-02-03T00:00:00Z,9.4304,8.9875,8.316,7.3275,6.4089,9.676
E0057,2026-02-03T00:00:00Z,9.9537,8.9823,9.3336,7.8455,7.2055,13.1386
E0058,2026-02-03T00:00:00Z,8.7747,11.2034,9.2116,6.879,7.7081,9.0125
E0059,2026-02-03T00:00:00Z,8.9156,8.9344,7.8629,6.9122,5.661,11.6752
E0060,2026-02-03T00:00:00Z,9.1219,7.7095,7.1592,8.5399,7.2266,10.1176
E0061,2026-02-03T00:00:00Z,8.4092,8.1192,8.6555,6.4787,6.4635,8.4927
E0062,2026-02-03T00:00:00Z,8.485,8.2967,8.8935,7.836,5.1483,8.8509
E0063,2026-02-03T00:00:00Z,9.544,11.1532,8.9001,8.3423,6.8699,7.0653
E0064,2026-02-03T00:00:00Z,8.458,10.9886,9.6048,6.3886,6.6799,11.1149
E0065,2026-02-03T00:00:00Z,8.0692,10.3821,6.2831,7.2532,6.5583,8.3444
E0066,2026-02-03T00:00:00Z,8.3951,9.4557,9.6434,8.8341,6.3664,9.5582
E0067,2026-02-03T00:00:00Z,8.382,9.6596,8.1341,8.6619,6.983,7.5923
E0068,2026-02-03T00:00:00Z,7.4326,10.3582,9.4967,8.961,5.138,8.5065
E0069,2026-02-03T00:00:00Z,7.0021,9.7599,8.3791,6.3552,7.7058,9.2836
E0070,2026-02-03T00:00:00Z,7.8195,8.6029,7.3317,6.1971,6.2539,7.9435
E0071,2026-02-03T00:00:00Z,8.4813,9.8748,8.1069,7.4949,5.5009,8.969
E0072,2026-02-03T00:00:00Z,8.3949,9.1773,7.7009,7.0406,7.6843,9.3888
E0073,2026-02-03T00:00:00Z,8.4549,9.3772,7.3597,8.5522,6.1139,8.6836
E0074,2026-02-03T00:00:00Z,8.7186,9.3313,9.4978,7.9209,5.9829,8.7198
E0075,2026-02-03T00:00:00Z,9.6908,8.8666,8.6561,6.7865,6.8752,11.0976
E0076,2026-02-03T00:00:00Z,8.3832,11.9912,7.3704,6.587,6.0298,10.0028
E0077,2026-02-03T00:00:00Z,8.3563,9.6368,9.4698,7.7691,4.8801,11.5137
E0078,2026-02-03T00:00:00Z,8.4076,9.8954,5.8178,6.6725,6.1486,7.4695
E0079,2026-02-03T00:00:00Z,8.5865,11.303,9.2158,6.7657,5.6167,11.0069
E0080,2026-02-03T00:00:00Z,8.7619,8.428,7.681,7.0272,6.6503,8.3504
E0081,2026-02-03T00:00:00Z,8.5727,11.1749,8.4523,8.4144,7.5181,11.3846
E0082,2026-02-03T00:00:00Z,8.1718,11.3222,6.9222,9.9432,6.3551,9.8678
E0083,2026-02-03T00:00:00Z,8.67,9.4558,8.6603,9.2398,5.644,9.5272
E0084,2026-02-03T00:00:00Z,8.0335,9.0065,9.5613,8.1921,5.8483,7.2034
E0085,2026-02-03T00:00:00Z,9.408,9.5268,8.6546,7.8424,5.0612,10.8927
E0086,2026-02-03T00:00:00Z,7.6699,9.3339,8.8906,8.5271,6.4073,9.3193
E0087,2026-02-03T00:00:00Z,8.3518,8.703,8.4102,8.3777,6.2492,9.4269
E0088,2026-02-03T00:00:00Z,9.3382,10.4649,5.7968,7.4288,6.9026,7.5963
E0089,2026-02-03T00:00:00Z,7.6426,9.7526,8.6254,8.1886,6.9125,12.2308
E0090,2026-02-03T00:00:00Z,9.6224,7.923,7.8018,9.3072,5.3199,9.4567
E0091,2026-02-03T00:00:00Z,7.7434,11.6173,10.2968,8.5049,5.2361,10.2197
E0092,2026-02-03T00:00:00Z,8.2337,9.6903,8.1634,7.5932,6.4084,9.4778
E0093,2026-02-03T00:00:00Z,7.7223,9.213,8.1862,7.6464,5.6768,11.5457
E0094,2026-02-03T00:00:00Z,8.2363,8.1344,8.4802,8.506,7.0426,10.7628
E0095,2026-02-03T00:00:00Z,9.0737,9.4807,7.9053,6.9375,5.7034,10.0844
E0096,2026-02-03T00:00:00Z,8.5301,10.181,9.2622,7.755,6.8573,10.9731
E0097,2026-02-03T00:00:00Z,9.0865,9.1191,7.171,8.6081,6.4755,8.5242
E0098,2026-02-03T00:00:00Z,7.5772,9.3802,8.835,7.8903,7.063,10.4807
E0099,2026-02-03T00:00:00Z,8.1369,10.0914,10.1068,7.7114,5.0758,10.5129
E0100,2026-02-03T00:00:00Z,9.0928,8.6256,9.4533,6.9519,6.6042,10.2917
E0101,2026-02-03T00:00:00Z,8.0165,11.7518,9.4894,6.4867,5.8335,12.1536
E0102,2026-02-03T00:00:00Z,8.9774,8.1714,6.9459,7.011,7.8429,11.8042
E0103,2026-02-03T00:00:00Z,8.1124,11.3497,8.4101,7.4014,6.7795,11.0206
E0104,2026-02-03T00:00:00Z,7.8105,9.9269,6.6031,8.4359,5.2921,11.2419
E0105,2026-02-03T00:00:00Z,8.336,8.9879,8.6816,6.2882,8.0133,9.1492
E0106,2026-02-03T00:00:00Z,8.7088,10.1846,7.6767,7.3851,9.6217,9.9976
E0107,2026-02-03T00:00:00Z,8.0411,9.2009,8.5392,6.005,6.5587,10.6763
E0108,2026-02-03T00:00:00Z,5.9853,7.6206,8.03,7.6862,6.4589,8.5025
E0109,2026-02-03T00:00:00Z,8.7556,8.7589,9.3823,5.403,7.0622,10.3103
E0110,2026-02-03T00:00:00Z,9.0623,9.2292,8.2174,7.4033,6.4612,6.4475
E0111,2026-02-03T00:00:00Z,7.3643,8.9704,9.2087,7.5584,7.5296,9.2553
E0112,2026-02-03T00:00:00Z,9.2188,7.3719,8.209,8.5523,4.7335,11.7044
E0113,2026-02-03T00:00:00Z,9.4559,11.1679,8.3098,7.0133,7.1539,9.7346
E0114,2026-02-03T00:00:00Z,9.1884,10.0793,9.3946,6.9324,5.8339,8.6023
E0115,2026-02-03T00:00:00Z,8.3748,9.2657,8.9978,7.8905,7.1525,8.3918
E0116,2026-02-03T00:00:00Z,7.5101,10.314,6.9618,7.5499,6.1055,8.1359
E0117,2026-02-03T00:00:00Z,8.9127,8.5929,9.562,7.97,5.7156,9.783
E0118,2026-02-03T00:00:00Z,8.4648,10.0156,8.4879,6.6084,6.0473,10.7025
E0119,2026-02-03T00:00:00Z,8.1267,8.6471,7.9396,6.8621,6.2574,9.5712
E0120,2026-02-03T00:00:00Z,8.998,9.7305,8.7059,7.0453,8.0014,8.9369
E0121,2026-02-03T00:00:00Z,8.7291,8.5436,7.0707,6.5867,6.7143,8.2904
E0122,2026-02-03T00:00:00Z,9.4088,8.0481,9.3614,8.4526,7.9984,10.6314
E0123,2026-02-03T00:00:00Z,8.1553,10.2712,7.8686,6.7454,5.5165,10.0446
E0124,2026-02-03T00:00:00Z,7.6791,9.7104,6.4487,7.3054,6.5517,9.7544
E0125,2026-02-03T00:00:00Z,8.0703,8.0123,6.5067,7.7591,6.0676,11.6658
E0126,2026-02-03T00:00:00Z,8.8079,8.7216,10.0358,5.823,6.0246,9.6683
E0127,2026-02-03T00:00:00Z,7.9861,10.3916,8.1424,6.7511,5.4229,10.2533
E0128,2026-02-03T00:00:00Z,7.3865,7.8823,7.5314,7.2793,7.6722,10.9866
E0129,2026-02-03T00:00:00Z,7.3339,10.381,8.6697,7.4263,6.4976,11.1455
E0130,2026-02-03T00:00:00Z,8.173,9.2787,5.3286,6.8445,5.7032,8.4106
E0131,2026-02-03T00:00:00Z,7.3021,10.5893,8.1012,8.0279,7.693,11.331
E0132,2026-02-03T00:00:00Z,7.6621,9.4215,8.0384,6.8996,6.7302,7.258
E0133,2026-02-03T00:00:00Z,8.3224,8.1769,7.9903,5.8703,7.2434,7.0478
E0134,2026-02-03T00:00:00Z,9.0039,8.6977,8.1004,7.3872,5.6335,10.1289
E0135,2026-02-03T00:00:00Z,8.9392,8.1321,10.5158,8.4575,5.9179,11.7552
E0136,2026-02-03T00:00:00Z,8.1134,9.6964,8.1692,6.2897,6.0411,10.1659
E0137,2026-02-03T00:00:00Z,8.3822,7.8059,9.5307,7.5726,5.4921,10.1798
E0138,2026-02-03T00:00:00Z,9.1244,9.5835,9.341,7.9557,7.938,8.025
E0139,2026-02-03T00:00:00Z,9.0912,7.3331,8.6619,6.7748,4.3172,7.7427
E0140,2026-02-03T00:00:00Z,9.6119,10.4185,6.3679,9.6956,7.0184,9.9348
E0141,2026-02-03T00:00:00Z,9.0388,10.3198,9.9772,7.1382,6.5252,10.7819
E0142,2026-02-03T00:00:00Z,7.8629,8.4889,8.1657,7.8326,5.6608,9.2828
E0143,2026-02-03T00:00:00Z,8.5021,10.8747,9.5529,7.2711,5.9116,9.9942
E0144,2026-02-03T00:00:00Z,8.5661,8.7116,9.6801,8.0715,6.8644,9.7921
E0145,2026-02-03T00:00:00Z,8.8228,10.0795,10.2451,6.3792,4.9152,7.9187
E0146,2026-02-03T00:00:00Z,8.6525,10.3712,7.1324,7.6266,6.9825,10.6088
E0147,2026-02-03T00:00:00Z,7.7739,9.1493,9.111,6.8138,4.5763,9.0985
E0148,2026-02-03T00:00:00Z,8.153,9.2034,9.3843,7.5057,6.484,8.1631
E0149,2026-02-03T00:00:00Z,8.7476,9.8673,6.7093,7.1015,5.858,11.8445
E0000,2026-02-04T00:00:00Z,7.881,7.6195,8.4257,8.4134,7.4642,9.227
E0001,2026-02-04T00:00:00Z,9.183,7.7507,5.8996,6.8235,6.7269,8.1987
E0002,2026-02-04T00:00:00Z,8.1533,7.2761,8.3599,7.4934,6.0095,9.7697
E0003,2026-02-04T00:00:00Z,7.2753,10.2246,8.7144,7.428,6.473,10.0208
E0004,2026-02-04T00:00:00Z,8.3605,9.9036,7.1495,8.0092,7.1945,8.6852
E0005,2026-02-04T00:00:00Z,8.7279,9.7474,8.5905,7.9179,6.0516,9.7739
E0006,2026-02-04T00:00:00Z,8.5003,6.4402,9.4711,8.4454,7.845,6.118
E0007,2026-02-04T00:00:00Z,7.5112,10.294,7.5482,7.8038,7.1982,8.3999
E0008,2026-02-04T00:00:00Z,8.9985,8.4187,8.095,6.4272,5.8715,8.4521
E0009,2026-02-04T00:00:00Z,7.7908,11.2768,9.2063,7.2261,6.6943,10.5218
E0010,2026-02-04T00:00:00Z,8.054,9.5435,9.0335,7.1902,5.2114,8.0055
E0011,2026-02-04T00:00:00Z,9.4193,8.4751,7.8586,7.6743,5.7507,6.3278
E0012,2026-02-04T00:00:00Z,9.0203,8.4147,8.6135,8.7412,8.4225,6.5694
E0013,2026-02-04T00:00:00Z,8.2993,9.0799,9.372,9.8496,6.5506,8.8282
E0014,2026-02-04T00:00:00Z,8.9971,9.3054,8.7339,8.9425,7.8562,10.0183
E0015,2026-02-04T00:00:00Z,7.9028,8.7949,7.1561,7.5299,6.1378,7.821
E0016,2026-02-04T00:00:00Z,9.1606,7.7975,8.3093,8.4053,6.4266,10.1923
E0017,2026-02-04T00:00:00Z,8.6078,8.9315,8.2394,6.3905,5.8313,11.059
E0018,2026-02-04T00:00:00Z,8.1151,9.0724,9.4644,6.0749,7.3494,8.1183
E0019,2026-02-04T00:00:00Z,8.5246,8.041,8.4739,7.3111,6.5606,9.9725
E0020,2026-02-04T00:00:00Z,7.3594,9.0945,8.8671,7.9199,6.5314,9.5046
E0021,2026-02-04T00:00:00Z,8.0494,9.4136,9.3602,8.4434,7.0305,11.438
E0022,2026-02-04T00:00:00Z,8.5085,8.5154,8.9516,8.8256,5.6771,6.9383
E0023,2026-02-04T00:00:00Z,9.61,9.7277,9.2005,8.601,7.0186,9.7885
E0024,2026-02-04T00:00:00Z,7.3243,12.4117,8.7849,6.6657,7.5549,7.8123
E0025,2026-02-04T00:00:00Z,9.007,9.3111,7.9557,6.5572,5.6261,8.083
E0026,2026-02-04T00:00:00Z,6.9987,10.1354,6.5697,5.149,7.8545,10.2807
E0027,2026-02-04T00:00:00Z,8.5782,10.3036,11.5642,6.9256,6.4441,8.0513
E0028,2026-02-04T00:00:00Z,7.2302,7.2873,9.5661,7.9198,4.9958,12.3073
E0029,2026-02-04T00:00:00Z,8.2684,9.2132,8.612,7.6321,6.423,8.3867
E0030,2026-02-04T00:00:00Z,8.9467,10.5815,8.4209,8.7666,6.5177,10.0809
E0031,2026-02-04T00:00:00Z,8.6493,10.6828,9.2707,7.499,5.4971,8.6028
E0032,2026-02-04T00:00:00Z,8.3012,8.841,9.4098,8.766,6.4511,8.6834
E0033,2026-02-04T00:00:00Z,6.7936,9.9494,9.0596,6.2094,5.5744,9.1601
E0034,2026-02-04T00:00:00Z,9.1697,8.1565,9.1461,7.245,7.4141,9.6476
E0035,2026-02-04T00:00:00Z,6.7799,8.6766,9.7973,8.4516,4.6306,10.7605
E0036,2026-02-04T00:00:00Z,8.7217,8.7172,5.8744,6.531,5.5273,9.4977
E0037,2026-02-04T00:00:00Z,7.5133,10.7895,8.0304,7.5328,5.8809,10.8625
E0038,2026-02-04T00:00:00Z,8.4263,6.8586,9.571,7.9379,5.7176,9.7674
E0039,2026-02-04T00:00:00Z,8.0572,9.9213,8.1209,8.1248,5.4853,9.8379
E0040,2026-02-04T00:00:00Z,8.5203,10.4107,9.0449,6.6217,7.1646,10.2118
E0041,2026-02-04T00:00:00Z,7.3572,8.5513,8.2983,8.9505,6.9717,9.1694
E0042,2026-02-04T00:00:00Z,8.4676,8.6066,8.9889,9.7317,7.1352,6.6234
E0043,2026-02-04T00:00:00Z,8.5543,12.0537,9.4902,5.6059,4.7307,8.8822
E0044,2026-02-04T00:00:00Z,7.3757,8.5046,7.9806,6.7443,5.7297,7.851
E0045,2026-02-04T00:00:00Z,7.8053,9.3336,7.9008,6.8491,6.3755,7.1375
E0046,2026-02-04T00:00:00Z,8.5916,6.9292,10.9498,6.8401,6.1381,6.7618
E0047,2026-02-04T00:00:00Z,8.3603,10.2694,8.272,6.33,6.608,9.7528
E0048,2026-02-04T00:00:00Z,8.0861,8.9958,8.6427,7.5048,5.9276,10.8161
E0049,2026-02-04T00:00:00Z,8.2341,8.1764,5.6615,6.7259,5.5481,10.1104
E0050,2026-02-04T00:00:00Z,7.8043,10.1501,9.6639,6.6208,5.9603,9.8371
E0051,2026-02-04T00:00:00Z,8.3288,10.121,11.3951,6.2324,6.9529,9.9691
E0052,2026-02-04T00:00:00Z,9.4058,9.1515,8.575,8.9115,6.0346,8.741
E0053,2026-02-04T00:00:00Z,7.5834,9.338,7.8265,7.3184,6.566,7.471
E0054,2026-02-04T00:00:00Z,8.9362,11.3176,7.0038,7.0011,6.112,8.9489
E0055,2026-02-04T00:00:00Z,8.6985,10.2827,9.7721,8.0036,7.1268,7.4274
E0056,2026-02-04T00:00:00Z,8.7056,8.41,8.1921,9.9246,7.3481,8.1727
E0057,2026-02-04T00:00:00Z,7.5763,9.8173,7.5248,8.0485,6.0431,10.1069
E0058,2026-02-04T00:00:00Z,8.8065,10.4577,7.3421,8.4487,5.75,9.6381
E0059,2026-02-04T00:00:00Z,7.7927,9.8966,7.1371,7.9452,6.7178,9.0767
E0060,2026-02-04T00:00:00Z,8.2573,7.6128,9.1947,7.9017,5.5956,9.3229
E0061,2026-02-04T00:00:00Z,8.9257,8.0509,7.4873,6.9018,6.9035,9.6947
E0062,2026-02-04T00:00:00Z,9.5906,9.6445,8.4121,7.0369,8.1207,11.0502
E0063,2026-02-04T00:00:00Z,6.3289,9.1359,6.9538,8.2095,6.1218,9.4646
E0064,2026-02-04T00:00:00Z,7.3643,8.9499,7.5622,8.5557,6.8084,11.3074
E0065,2026-02-04T00:00:00Z,8.5028,9.4436,9.2335,7.9364,5.8412,12.3994
E0066,2026-02-04T00:00:00Z,7.5416,8.6473,6.8523,5.8432,4.7279,11.4542
E0067,2026-02-04T00:00:00Z,8.7834,9.8131,8.9706,6.7671,7.941,5.9912
E0068,2026-02-04T00:00:00Z,7.6059,10.2137,7.4742,8.066,6.7483,7.6571
E0069,2026-02-04T00:00:00Z,8.6018,8.9056,8.3375,6.8676,6.0506,12.5657
E0070,2026-02-04T00:00:00Z,9.9943,7.5887,8.9907,8.3323,5.26,8.7591
E0071,2026-02-04T00:00:00Z,8.0888,9.413,7.6767,7.202,6.1569,8.8935
E0072,2026-02-04T00:00:00Z,7.974,8.1453,8.7847,8.1268,5.5364,6.335
E0073,2026-02-04T00:00:00Z,7.9386,10.1575,8.2603,8.2217,6.8586,10.25
E0074,2026-02-04T00:00:00Z,8.6359,8.8973,8.1021,7.7587,5.9409,8.4674
E0075,2026-02-04T00:00:00Z,6.8189,10.4665,7.6046,6.481,6.12,8.8812
E0076,2026-02-04T00:00:00Z,8.8779,9.0593,8.0717,8.6327,7.4704,10.4801
E0077,2026-02-04T00:00:00Z,8.0387,8.3527,7.8593,6.9148,7.2985,8.5364
E0078,2026-02-04T00:00:00Z,8.3538,9.7191,9.6256,6.3577,8.3813,9.7554
E0079,2026-02-04T00:00:00Z,9.6571,8.607,8.027,7.6816,6.3564,8.6657
E0080,2026-02-04T00:00:00Z,7.6046,9.239,7.3956,7.9634,5.4883,8.9524
E0081,2026-02-04T00:00:00Z,8.2557,9.0837,8.549,6.3916,6.5227,8.1435
E0082,2026-02-04T00:00:00Z,7.8013,8.9364,7.7388,7.3868,5.7193,10.444
E0083,2026-02-04T00:00:00Z,8.261,8.1371,6.7853,8.5988,5.9519,8.5777
E0084,2026-02-04T00:00:00Z,8.1077,8.1472,8.3566,7.8278,6.7231,13.1297
E0085,2026-02-04T00:00:00Z,8.3584,8.2506,10.7488,8.0244,5.5464,7.5828
E0086,2026-02-04T00:00:00Z,8.2914,8.8974,7.6541,9.7101,5.1861,10.0749
E0087,2026-02-04T00:00:00Z,7.4558,9.4883,7.9282,7.5818,3.6306,9.3844
E0088,2026-02-04T00:00:00Z,9.0596,10.8058,8.9852,6.3306,8.1137,7.7248
E0089,2026-02-04T00:00:00Z,8.923,8.2472,8.5459,8.8048,5.2092,10.0859
E0090,2026-02-04T00:00:00Z,8.4856,7.6955,8.4913,7.2414,6.4304,10.4936
E0091,2026-02-04T00:00:00Z,8.3591,9.8615,10.4859,6.9223,6.3168,11.9794
E0092,2026-02-04T00:00:00Z,9.5083,9.5659,10.0128,6.7117,7.1342,9.5463
E0093,2026-02-04T00:00:00Z,7.2289,8.8602,9.2224,7.5263,6.0251,7.0931
E0094,2026-02-04T00:00:00Z,8.0864,9.0756,8.6936,8.6667,5.2496,9.5054
E0095,2026-02-04T00:00:00Z,8.9135,9.8808,7.977,8.3801,5.6098,7.9537
E0096,2026-02-04T00:00:00Z,8.5368,8.7119,9.1859,8.5732,6.9793,10.4572
E0097,2026-02-04T00:00:00Z,8.3452,8.3423,9.3862,6.1821,4.6329,8.0701
E0098,2026-02-04T00:00:00Z,8.3826,9.7846,6.8814,7.5895,5.5215,11.2588
E0099,2026-02-04T00:00:00Z,7.1404,10.4631,9.6281,6.6405,5.6461,9.9555
E0100,2026-02-04T00:00:00Z,9.2414,9.0485,8.4976,7.4436,8.2368,9.1443
E0101,2026-02-04T00:00:00Z,8.6985,9.8035,9.6824,6.7329,6.6061,10.6123
E0102,2026-02-04T00:00:00Z,9.3254,9.6161,7.5514,7.3374,6.7245,9.2244
E0103,2026-02-04T00:00:00Z,8.592,9.7288,8.3455,8.039,6.7059,12.2768
E0104,2026-02-04T00:00:00Z,7.964,8.7142,7.0541,8.6876,6.5406,10.3557
E0105,2026-02-04T00:00:00Z,7.8721,9.2397,9.7061,8.2118,4.7736,10.7525
E0106,2026-02-04T00:00:00Z,7.3625,9.6148,9.3884,8.0735,4.9336,8.5877
E0107,2026-02-04T00:00:00Z,7.4033,7.3097,9.3267,6.8308,6.9023,7.2391
E0108,2026-02-04T00:00:00Z,7.2045,10.4053,8.5755,7.7454,7.2241,7.6156
E0109,2026-02-04T00:00:00Z,7.9581,9.542,8.6879,8.0137,5.5006,10.2517
E0110,2026-02-04T00:00:00Z,9.6219,9.5898,7.7622,8.1671,4.9877,9.5381
E0111,2026-02-04T00:00:00Z,8.1266,8.9684,8.3583,8.0497,5.9266,9.0751
E0112,2026-02-04T00:00:00Z,8.1564,9.6373,7.5198,8.2265,6.763,8.5333
E0113,2026-02-04T00:00:00Z,9.3029,8.7129,7.9268,7.3747,4.9983,11.6395
E0114,2026-02-04T00:00:00Z,8.5173,7.9969,8.8061,9.1906,6.9233,9.8279
E0115,2026-02-04T00:00:00Z,7.7163,8.9073,10.425,8.9732,5.9725,9.5596
E0116,2026-02-04T00:00:00Z,7.7154,9.2866,8.5675,6.7569,6.7266,11.0756
E0117,2026-02-04T00:00:00Z,8.8337,11.1487,6.5364,7.959,5.5636,12.2631
E0118,2026-02-04T00:00:00Z,9.1535,9.2642,8.2694,6.6256,6.7112,8.6787
E0119,2026-02-04T00:00:00Z,9.1859,11.3178,7.9911,8.553,6.9892,9.0183
E0120,2026-02-04T00:00:00Z,8.6617,9.7528,6.3507,8.0451,6.3187,7.6922
E0121,2026-02-04T00:00:00Z,8.4907,6.9014,9.7909,6.5591,5.3083,9.7763
E0122,2026-02-04T00:00:00Z,8.4196,9.8333,10.4452,7.1002,5.3363,9.9953
E0123,2026-02-04T00:00:00Z,8.6179,8.3003,8.8679,5.5628,6.9131,7.893
E0124,2026-02-04T00:00:00Z,8.2413,8.8722,11.2413,8.2842,6.8393,10.3178
E0125,2026-02-04T00:00:00Z,8.5193,10.8413,8.8841,7.5294,4.412,9.0802
E0126,2026-02-04T00:00:00Z,8.7871,10.7319,9.9933,5.3228,7.5924,8.9279
E0127,2026-02-04T00:00:00Z,8.046,9.0189,8.2025,6.8622,4.849,10.5757
E0128,2026-02-04T00:00:00Z,9.0754,7.2034,7.2248,7.3077,6.5362,11.5017
E0129,2026-02-04T00:00:00Z,9.0302,9.2166,8.3197,9.152,5.7002,10.5712
E0130,2026-02-04T00:00:00Z,8.8364,8.222,7.203,9.8709,4.839,7.9088
E0131,2026-02-04T00:00:00Z,8.8039,8.3797,10.5487,8.5272,7.4115,11.1057
E0132,2026-02-04T00:00:00Z,8.2896,9.6002,6.9139,5.5204,5.7644,6.228
E0133,2026-02-04T00:00:00Z,8.4937,10.3146,9.0095,6.6503,6.1578,8.2557
E0134,2026-02-04T00:00:00Z,8.7638,7.751,6.9843,8.9447,6.5037,8.3914
E0135,2026-02-04T00:00:00Z,8.1092,10.8411,8.7303,7.3609,6.7148,7.6241
E0136,2026-02-04T00:00:00Z,8.9177,9.0843,8.1114,9.5469,7.2572,8.2669
E0137,2026-02-04T00:00:00Z,8.6262,8.4145,7.8726,6.89,5.8879,9.3205
E0138,2026-02-04T00:00:00Z,9.0217,9.4978,8.4698,6.9061,6.7676,9.4064
E0139,2026-02-04T00:00:00Z,6.9001,7.8838,8.6732,6.518,6.0041,7.1076
E0140,2026-02-04T00:00:00Z,9.5706,7.8406,8.2763,7.613,4.9872,5.388
E0141,2026-02-04T00:00:00Z,8.1213,8.7267,9.201,7.7105,4.5321,8.4529
E0142,2026-02-04T00:00:00Z,8.9642,8.9682,8.5324,6.7477,7.3779,7.5685
E0143,2026-02-04T00:00:00Z,8.1983,10.8118,7.3568,8.7202,6.2891,9.456
E0144,2026-02-04T00:00:00Z,7.2918,10.938,8.6704,8.7991,6.9722,10.7533
E0145,2026-02-04T00:00:00Z,8.3563,7.6232,9.6471,7.1612,5.6783,10.6857
E0146,2026-02-04T00:00:00Z,9.5299,10.429,6.9318,8.8596,5.8185,10.398
E0147,2026-02-04T00:00:00Z,8.0918,7.9411,8.4096,6.4179,4.9201,8.5712
E0148,2026-02-04T00:00:00Z,8.4757,9.9898,7.3247,7.0575,5.6076,11.2259
E0149,2026-02-04T00:00:00Z,8.0119,9.4433,10.9453,6.8609,7.4738,5.8549
E0000,2026-02-05T00:00:00Z,8.8844,11.1565,8.9769,7.0045,6.8579,10.8858
E0001,2026-02-05T00:00:00Z,7.4157,8.0212,6.4802,8.1008,6.3735,8.4504
E0002,2026-02-05T00:00:00Z,8.0334,6.9147,9.9106,8.3879,7.3627,9.5996
E0003,2026-02-05T00:00:00Z,7.1028,10.4698,9.5769,6.954,5.309,8.9115
E0004,2026-02-05T00:00:00Z,8.5816,8.4696,8.1331,6.404,6.2786,9.5799
E0005,2026-02-05T00:00:00Z,7.5786,9.8552,8.6669,7.6592,7.6613,6.2569
E0006,2026-02-05T00:00:00Z,7.6556,8.7656,7.2562,7.9117,7.7809,8.7369
E0007,2026-02-05T00:00:00Z,8.9304,8.7555,8.8202,7.7196,7.1202,8.9319
E0008,2026-02-05T00:00:00Z,8.4188,10.685,9.4112,7.6411,7.0563,8.7931
E0009,2026-02-05T00:00:00Z,8.9911,10.298,7.4527,7.7008,7.498,8.992
E0010,2026-02-05T00:00:00Z,7.7291,9.0546,7.2667,6.9338,5.4136,9.9882
E0011,2026-02-05T00:00:00Z,7.768,9.1572,9.3549,7.5472,4.6998,12.2879
E0012,2026-02-05T00:00:00Z,7.5895,9.9958,8.9515,7.5778,3.753,7.6741
E0013,2026-02-05T00:00:00Z,7.7915,10.4443,8.0186,4.8861,7.5531,10.1727
E0014,2026-02-05T00:00:00Z,7.8182,10.0946,7.2146,7.7119,5.3245,7.0326
E0015,2026-02-05T00:00:00Z,6.9601,11.1741,7.3837,7.7147,6.3399,12.2504
E0016,2026-02-05T00:00:00Z,7.3199,9.1169,8.0865,7.2167,4.7874,11.3402
E0017,2026-02-05T00:00:00Z,8.3679,8.8858,8.1955,8.4784,7.1722,11.7253
E0018,2026-02-05T00:00:00Z,8.6712,7.8218,7.9418,9.0546,8.1676,8.5771
E0019,2026-02-05T00:00:00Z,8.0972,10.3548,7.8299,7.8164,4.5659,7.2338
E0020,2026-02-05T00:00:00Z,8.4579,8.8717,9.7007,7.6831,6.6902,12.7894
E0021,2026-02-05T00:00:00Z,8.7476,8.9789,9.2611,8.4005,5.1484,9.1174
E0022,2026-02-05T00:00:00Z,7.9661,9.339,7.7937,8.2126,6.164,9.7757
E0023,2026-02-05T00:00:00Z,7.3166,11.8147,7.5159,8.3386,7.6913,10.4373
E0024,2026-02-05T00:00:00Z,8.8247,9.4214,9.0712,7.0312,7.7032,9.1431
E0025,2026-02-05T00:00:00Z,8.1709,7.9374,7.7178,6.7033,5.5599,7.1524
E0026,2026-02-05T00:00:00Z,7.6695,11.4111,8.6597,8.3799,6.2306,5.5075
E0027,2026-02-05T00:00:00Z,7.7961,8.7908,8.951,6.9889,5.43,12.2901
E0028,2026-02-05T00:00:00Z,9.4162,9.8188,9.2596,7.5223,4.7371,11.2651
E0029,2026-02-05T00:00:00Z,8.0176,8.0225,9.2528,7.5066,7.2817,8.3182
E0030,2026-02-05T00:00:00Z,7.4874,8.7446,6.5232,7.3232,5.702,11.2764
E0031,2026-02-05T00:00:00Z,6.7497,9.4166,8.9007,9.4097,4.5495,8.5195
E0032,2026-02-05T00:00:00Z,9.1772,8.784,8.4116,8.6141,5.8342,9.7662
E0033,2026-02-05T00:00:00Z,7.4345,9.0883,8.3689,8.0638,6.8059,12.5998
E0034,2026-02-05T00:00:00Z,7.4717,11.2485,7.231,5.6084,8.1783,8.2857
E0035,2026-02-05T00:00:00Z,10.0728,9.2395,7.8792,8.1199,5.8905,9.9827
E0036,2026-02-05T00:00:00Z,9.0323,9.9025,9.5146,7.3204,4.65,10.8657
E0037,2026-02-05T00:00:00Z,6.9531,8.0631,9.2274,8.9323,7.7635,10.6671
E0038,2026-02-05T00:00:00Z,8.7561,9.9678,7.3207,6.9626,5.9967,9.1412
E0039,2026-02-05T00:00:00Z,7.3099,7.9938,10.6138,7.7101,6.3652,9.9291
E0040,2026-02-05T00:00:00Z,8.3951,8.3625,7.8393,8.1611,5.9773,10.1893
E0041,2026-02-05T00:00:00Z,7.8989,8.3831,8.3956,7.082,7.7452,11.4048
E0042,2026-02-05T00:00:00Z,7.4181,9.2709,8.4664,7.0329,6.1876,8.6424
E0043,2026-02-05T00:00:00Z,6.828,10.2214,8.5573,5.7004,6.0481,10.214
E0044,2026-02-05T00:00:00Z,10.0727,7.9839,8.5785,7.9902,6.6176,6.4175
E0045,2026-02-05T00:00:00Z,8.2512,8.3885,5.8422,7.9227,7.2563,10.9659
E0046,2026-02-05T00:00:00Z,6.7346,7.9186,7.6233,8.5558,6.8929,10.5467
E0047,2026-02-05T00:00:00Z,8.7009,10.7846,7.9411,9.1483,6.6261,7.8897
E0048,2026-02-05T00:00:00Z,7.6584,6.9069,8.8484,7.4465,5.6866,9.5256
E0049,2026-02-05T00:00:00Z,8.3848,9.4309,9.2054,7.3606,6.3969,11.2592
E0050,2026-02-05T00:00:00Z,8.3968,8.8734,9.0176,7.9864,4.7955,8.2701
E0051,2026-02-05T00:00:00Z,8.5128,10.9542,9.9378,5.5545,6.4331,11.7584
E0052,2026-02-05T00:00:00Z,9.0082,9.441,7.9039,7.564,5.7296,10.643
E0053,2026-02-05T00:00:00Z,9.2531,10.3539,7.006,8.5124,7.3695,9.4537
E0054,2026-02-05T00:00:00Z,8.2193,10.7769,7.631,7.5408,7.0786,9.887
E0055,2026-02-05T00:00:00Z,7.8269,10.7628,8.1451,7.8801,6.1897,10.8618
E0056,2026-02-05T00:00:00Z,8.4476,8.0516,9.1531,7.4637,4.8966,8.344
E0057,2026-02-05T00:00:00Z,7.4319,9.7711,8.3342,6.8032,6.4782,8.5174
E0058,2026-02-05T00:00:00Z,8.9893,8.9258,7.2373,7.5525,7.3325,9.5464
E0059,2026-02-05T00:00:00Z,9.153,10.8623,10.0872,7.3798,5.7892,9.7106
E0060,2026-02-05T00:00:00Z,8.1043,8.7277,9.4123,8.0486,4.1772,10.601
E0061,2026-02-05T00:00:00Z,9.9754,7.8998,7.76,6.7097,6.402,11.3871
E0062,2026-02-05T00:00:00Z,9.4516,6.7804,9.9522,7.5331,8.4963,10.1768
E0063,2026-02-05T00:00:00Z,7.8358,8.8978,7.3456,8.2304,7.7333,8.9502
E0064,2026-02-05T00:00:00Z,6.8058,8.3607,9.8013,9.238,6.1057,6.2624
E0065,2026-02-05T00:00:00Z,8.7562,9.0547,7.2271,7.3278,5.9845,9.0824
E0066,2026-02-05T00:00:00Z,6.7819,8.3905,8.507,6.7496,5.0304,7.8531
E0067,2026-02-05T00:00:00Z,8.4392,8.9819,7.9801,8.9933,7.018,9.0551
E0068,2026-02-05T00:00:00Z,8.7379,8.8824,5.9142,7.7658,6.5561,9.3862
E0069,2026-02-05T00:00:00Z,9.2294,10.9039,8.9693,7.7498,6.453,9.9758
E0070,2026-02-05T00:00:00Z,7.8952,9.0475,7.8819,7.3729,6.3541,11.4964
E0071,2026-02-05T00:00:00Z,7.5874,9.3184,8.6869,7.2686,7.1325,9.0276
E0072,2026-02-05T00:00:00Z,8.1555,9.9751,9.5229,7.7392,6.0165,13.1149
E0073,2026-02-05T00:00:00Z,8.4399,9.7725,8.2835,9.4219,7.3584,9.7526
E0074,2026-02-05T00:00:00Z,6.9678,7.5641,9.4053,7.6965,6.9998,11.1863
E0075,2026-02-05T00:00:00Z,8.2552,8.1603,10.2195,8.4524,7.2372,10.3842
E0076,2026-02-05T00:00:00Z,8.1886,10.0941,10.6009,7.0645,7.9737,11.2761
E0077,2026-02-05T00:00:00Z,8.1756,9.715,10.5899,9.5732,5.2294,9.5165
E0078,2026-02-05T00:00:00Z,7.4261,8.8071,9.1798,8.045,6.4382,9.8182
E0079,2026-02-05T00:00:00Z,8.4932,10.006,8.5784,6.4974,6.2263,11.3523
E0080,2026-02-05T00:00:00Z,7.6837,9.5595,8.502,8.6413,6.7957,11.2797
E0081,2026-02-05T00:00:00Z,8.1267,9.4162,8.3505,7.3147,6.8235,8.6165
E0082,2026-02-05T00:00:00Z,9.219,9.3748,9.1196,5.9931,5.5149,9.8088
E0083,2026-02-05T00:00:00Z,8.9172,10.3666,6.7734,5.4315,5.2402,11.8016
E0084,2026-02-05T00:00:00Z,8.0706,8.854,8.6889,7.2365,6.7375,12.7901
E0085,2026-02-05T00:00:00Z,8.6122,8.8724,8.4527,6.0767,7.395,10.0041
E0086,2026-02-05T00:00:00Z,7.6387,7.7706,9.0641,7.2648,7.8029,8.4105
E0087,2026-02-05T00:00:00Z,8.1781,10.138,10.343,6.4133,5.0085,10.5433
E0088,2026-02-05T00:00:00Z,6.6862,8.6497,9.4071,9.0216,6.4917,10.6431
E0089,2026-02-05T00:00:00Z,7.3128,7.1526,8.6739,7.386,6.7256,7.9737
E0090,2026-02-05T00:00:00Z,8.1837,10.2819,7.3616,8.0315,6.4857,10.5007
E0091,2026-02-05T00:00:00Z,8.9959,8.349,8.3726,7.5321,6.1742,7.7964
E0092,2026-02-05T00:00:00Z,8.5168,10.5502,8.6887,7.3232,7.6258,7.3373
E0093,2026-02-05T00:00:00Z,8.431,8.9804,8.9361,8.4249,5.3086,8.6008
E0094,2026-02-05T00:00:00Z,8.7966,9.6008,8.763,6.9694,6.6473,11.4462
E0095,2026-02-05T00:00:00Z,8.474,10.4972,7.7991,7.4625,7.0634,10.8381
E0096,2026-02-05T00:00:00Z,8.2507,8.5569,8.7857,7.1202,6.8747,8.1253
E0097,2026-02-05T00:00:00Z,8.5806,11.6763,8.1284,6.7447,5.3776,9.3533
E0098,2026-02-05T00:00:00Z,7.2476,9.4416,8.5407,7.4289,5.6802,8.0403
E0099,2026-02-05T00:00:00Z,6.8653,7.6303,8.004,7.5739,6.3978,10.157
E0100,2026-02-05T00:00:00Z,7.2981,9.5806,8.193,8.9889,6.5676,10.2004
E0101,2026-02-05T00:00:00Z,8.7333,9.2905,8.2638,8.195,7.1513,8.9493
E0102,2026-02-05T00:00:00Z,9.6518,7.437,8.5303,9.1586,6.857,7.7976
E0103,2026-02-05T00:00:00Z,7.8981,9.9836,8.0105,7.8817,7.2118,8.2864
E0104,2026-02-05T00:00:00Z,8.9583,9.7632,7.5732,6.0024,6.1892,9.7465
E0105,2026-02-05T00:00:00Z,8.2333,9.1826,8.529,7.2542,5.8932,7.3415
E0106,2026-02-05T00:00:00Z,7.5774,8.7554,8.6659,6.5741,5.1464,8.5334
E0107,2026-02-05T00:00:00Z,7.7349,10.963,8.2902,7.4394,5.934,11.9009
E0108,2026-02-05T00:00:00Z,7.2749,7.7637,8.9042,6.1732,7.4923,8.1038
E0109,2026-02-05T00:00:00Z,8.7096,8.1089,9.6695,7.0661,8.2268,11.2902
E0110,2026-02-05T00:00:00Z,7.3827,11.586,8.5294,5.2895,4.7038,10.9165
E0111,2026-02-05T00:00:00Z,8.2154,9.5083,9.4433,5.748,7.1299,10.0018
E0112,2026-02-05T00:00:00Z,9.237,8.6816,8.3551,7.929,7.2407,5.518
E0113,2026-02-05T00:00:00Z,8.9926,9.9872,10.1873,6.7885,5.5752,9.4222
E0114,2026-02-05T00:00:00Z,8.9021,8.1645,9.8067,7.475,7.6055,12.5499
E0115,2026-02-05T00:00:00Z,7.2303,8.9594,8.9122,6.7495,6.4535,11.5555
E0116,2026-02-05T00:00:00Z,7.816,9.2955,8.4426,8.0843,5.7955,9.8453
E0117,2026-02-05T00:00:00Z,8.3207,9.2729,8.4313,8.0566,4.7775,7.5011
E0118,2026-02-05T00:00:00Z,6.9664,9.5457,10.1482,6.7328,3.891,10.1502
E0119,2026-02-05T00:00:00Z,7.9159,9.0146,5.9931,6.7145,5.6279,9.2074
E0120,2026-02-05T00:00:00Z,7.2959,9.2444,9.0397,6.1974,7.3341,9.5352
E0121,2026-02-05T00:00:00Z,9.1936,10.3219,9.9907,6.9314,5.282,10.3336
E0122,2026-02-05T00:00:00Z,7.7889,9.3878,7.7549,8.2679,8.5833,7.6042
E0123,2026-02-05T00:00:00Z,7.7471,8.5728,8.3863,6.7803,5.6744,9.996
E0124,2026-02-05T00:00:00Z,8.1125,11.0193,6.5528,7.8627,7.904,8.8019
E0125,2026-02-05T00:00:00Z,7.6401,9.5523,7.9763,8.0179,6.362,12.0948
E0126,2026-02-05T00:00:00Z,8.1311,10.8275,11.027,7.6019,5.7675,8.6857
E0127,2026-02-05T00:00:00Z,8.8289,8.8947,7.7858,7.2747,4.6017,9.8725
E0128,2026-02-05T00:00:00Z,8.9905,9.216,6.7798,8.8154,7.1721,5.895
E0129,2026-02-05T00:00:00Z,7.389,10.3459,8.8836,7.1783,5.6225,11.4158
E0130,2026-02-05T00:00:00Z,7.0817,10.3071,9.1421,7.2649,8.7843,7.8923
E0131,2026-02-05T00:00:00Z,8.5347,10.6032,7.4144,8.3214,6.0621,9.6735
E0132,2026-02-05T00:00:00Z,7.5879,10.2315,9.6756,8.0813,6.926,9.9061
E0133,2026-02-05T00:00:00Z,8.1262,9.3475,7.2761,6.5741,6.7405,7.0418
E0134,2026-02-05T00:00:00Z,8.4865,10.2131,7.9642,8.9684,4.9734,8.8668
E0135,2026-02-05T00:00:00Z,8.7171,10.5037,8.4929,6.4292,6.6613,11.1297
E0136,2026-02-05T00:00:00Z,8.038,7.5988,10.4191,8.1339,8.85,9.1536
E0137,2026-02-05T00:00:00Z,8.1656,8.045,10.6115,7.6069,6.7642,8.2852
E0138,2026-02-05T00:00:00Z,8.0828,8.2522,8.571,8.0752,5.8956,9.8557
E0139,2026-02-05T00:00:00Z,8.6853,9.8888,8.2763,7.1533,5.78,8.5998
E0140,2026-02-05T00:00:00Z,8.8937,10.6537,6.498,6.688,6.1804,12.2394
E0141,2026-02-05T00:00:00Z,8.6092,7.8238,7.7068,8.1443,8.1491,9.3414
E0142,2026-02-05T00:00:00Z,8.1943,9.87,8.6281,8.92,6.702,6.9038
E0143,2026-02-05T00:00:00Z,8.3138,7.9201,8.0368,6.745,5.3671,10.0716
E0144,2026-02-05T00:00:00Z,8.7697,8.3651,8.7769,8.075,5.8689,9.0676
E0145,2026-02-05T00:00:00Z,8.3641,7.813,8.9852,7.8015,6.0393,8.1663
E0146,2026-02-05T00:00:00Z,8.1154,8.1106,9.8628,6.7878,6.398,10.102
E0147,2026-02-05T00:00:00Z,8.3065,9.5787,10.4186,7.4154,5.8472,7.5974
E0148,2026-02-05T00:00:00Z,8.5647,6.6057,9.1008,7.9596,5.175,10.5207
E0149,2026-02-05T00:00:00Z,8.7936,7.0623,8.1842,6.9217,7.1703,10.463
E0000,2026-02-06T00:00:00Z,7.8289,9.9973,9.5699,9.5956,6.2869,7.2248
E0001,2026-02-06T00:00:00Z,7.8603,9.1448,7.8118,6.0041,6.2731,6.0209
E0002,2026-02-06T00:00:00Z,8.3007,7.6474,9.7643,8.6188,6.3869,9.5079
E0003,2026-02-06T00:00:00Z,8.9555,8.6266,7.7346,8.7085,5.2746,11.9171
E0004,2026-02-06T00:00:00Z,8.1306,10.4736,8.299,9.1148,5.9352,9.3157
E0005,2026-02-06T00:00:00Z,8.6013,9.6459,8.9173,7.1285,6.3994,8.13
E0006,2026-02-06T00:00:00Z,8.0316,9.1097,8.4986,7.4673,5.593,9.0114
E0007,2026-02-06T00:00:00Z,8.1089,10.1928,7.1433,8.5004,6.9361,10.2681
E0008,2026-02-06T00:00:00Z,6.9655,6.6625,7.8272,7.3206,5.848,11.1795
E0009,2026-02-06T00:00:00Z,8.1466,9.6582,10.1285,7.921,5.1511,10.4145
E0010,2026-02-06T00:00:00Z,8.6446,10.1181,6.488,7.7698,6.2611,7.5309
E0011,2026-02-06T00:00:00Z,8.836,9.1773,7.5514,6.7374,5.6606,10.1769
E0012,2026-02-06T00:00:00Z,9.3492,10.6886,8.8036,7.3984,6.8538,11.075
E0013,2026-02-06T00:00:00Z,8.6596,9.7788,10.0082,7.4475,6.1099,10.8332
E0014,2026-02-06T00:00:00Z,8.1953,9.8297,7.7849,7.9944,6.2523,7.4517
E0015,2026-02-06T00:00:00Z,7.2495,10.1709,9.2539,6.4027,5.6283,9.1564
E0016,2026-02-06T00:00:00Z,7.7081,8.4236,9.6508,6.4861,3.5392,9.3288
E0017,2026-02-06T00:00:00Z,8.1014,8.3535,7.9806,6.8607,5.488,7.9564
E0018,2026-02-06T00:00:00Z,8.6631,7.7955,7.5066,8.3213,6.9263,10.6006
E0019,2026-02-06T00:00:00Z,7.4973,8.5679,6.7972,8.207,7.5623,10.6511
E0020,2026-02-06T00:00:00Z,7.7025,9.4328,9.5236,8.2349,6.0952,9.1886
E0021,2026-02-06T00:00:00Z,7.8047,9.058,10.3469,7.4534,7.7249,9.6021
E0022,2026-02-06T00:00:00Z,8.0625,9.7921,8.7204,8.1039,6.5736,9.5829
E0023,2026-02-06T00:00:00Z,8.9419,7.3506,8.1949,8.149,6.7365,8.2007
E0024,2026-02-06T00:00:00Z,7.6554,7.7129,8.4752,8.8914,5.1343,6.8202
E0025,2026-02-06T00:00:00Z,8.7911,9.6079,9.9161,5.3345,6.825,11.3157
E0026,2026-02-06T00:00:00Z,9.0843,9.6834,7.8937,7.1196,7.0594,9.7536
E0027,2026-02-06T00:00:00Z,7.8566,9.1959,7.9887,7.267,6.4935,4.931
E0028,2026-02-06T00:00:00Z,10.1832,8.5164,8.7124,6.4759,7.196,11.049
E0029,2026-02-06T00:00:00Z,8.4954,9.5122,8.4619,7.6112,5.729,8.9799
E0030,2026-02-06T00:00:00Z,8.34,9.315,9.0559,8.1998,6.3167,10.2675
E0031,2026-02-06T00:00:00Z,7.7202,7.9992,7.2284,9.3955,6.5296,9.8172
E0032,2026-02-06T00:00:00Z,8.3411,8.2236,10.1188,7.8411,6.5619,10.293
E0033,2026-02-06T00:00:00Z,7.07,10.1966,10.375,8.2297,6.2107,9.615
E0034,2026-02-06T00:00:00Z,7.2713,7.7236,10.0363,6.7661,6.0255,10.6551
E0035,2026-02-06T00:00:00Z,8.026,12.3075,8.1126,5.0725,6.4866,9.598
E0036,2026-02-06T00:00:00Z,6.7597,11.1114,8.4505,7.9013,6.3184,9.7294
E0037,2026-02-06T00:00:00Z,8.1298,8.428,6.0577,7.0571,8.297,8.978
E0038,2026-02-06T00:00:00Z,7.9034,8.5316,9.6132,8.7079,8.113,8.3663
E0039,2026-02-06T00:00:00Z,8.6615,9.2054,10.8725,6.7733,4.5468,8.9003
E0040,2026-02-06T00:00:00Z,8.006,9.818,10.0313,8.0284,8.142,11.9765
E0041,2026-02-06T00:00:00Z,7.7892,10.0418,7.877,7.9997,6.9512,6.6089
E0042,2026-02-06T00:00:00Z,7.5293,10.6268,9.9335,7.0227,6.8753,10.9079
E0043,2026-02-06T00:00:00Z,7.8575,9.463,9.3982,7.7328,7.0807,11.6166
E0044,2026-02-06T00:00:00Z,8.178,11.3366,9.312,7.4896,5.7374,8.9738
E0045,2026-02-06T00:00:00Z,6.9311,9.2958,9.6905,6.5995,6.9415,8.8279
E0046,2026-02-06T00:00:00Z,8.6013,9.7302,7.1234,6.5664,7.1522,12.2705
E0047,2026-02-06T00:00:00Z,8.1184,8.9399,10.1216,6.9922,6.5241,8.6797
E0048,2026-02-06T00:00:00Z,9.4031,7.7701,8.5134,6.4186,7.3794,11.016
E0049,2026-02-06T00:00:00Z,9.1297,9.409,8.6646,7.4436,6.6171,6.4713
E0050,2026-02-06T00:00:00Z,8.0412,7.8927,8.4242,8.2302,5.2258,10.5047
E0051,2026-02-06T00:00:00Z,7.9094,8.3273,9.4177,7.3111,5.8677,10.0486
E0052,2026-02-06T00:00:00Z,8.8573,8.4904,8.9703,7.9383,6.3933,8.1481
E0053,2026-02-06T00:00:00Z,7.7647,8.5617,8.4516,7.0419,5.3041,8.1002
E0054,2026-02-06T00:00:00Z,7.9363,10.6821,9.4358,8.0956,6.8299,11.9133
E0055,2026-02-06T00:00:00Z,8.4199,8.4023,8.9504,7.8873,6.3144,8.3378
E0056,2026-02-06T00:00:00Z,7.9373,9.7016,8.3506,6.2582,6.3627,9.3031
E0057,2026-02-06T00:00:00Z,8.5852,8.0411,9.5365,6.3547,7.29,8.6296
E0058,2026-02-06T00:00:00Z,8.653,10.1931,10.5718,7.6702,7.0735,9.51
E0059,2026-02-06T00:00:00Z,8.5815,7.8682,9.7837,7.7844,4.6989,5.7368
E0060,2026-02-06T00:00:00Z,8.216,11.3381,7.6857,8.8645,5.9155,8.3214
E0061,2026-02-06T00:00:00Z,7.9172,10.1537,7.9172,7.4057,5.7113,8.839
E0062,2026-02-06T00:00:00Z,7.6898,8.5191,7.9846,7.6728,6.6698,11.8737
E0063,2026-02-06T00:00:00Z,8.6992,8.7918,10.6191,9.7778,8.5459,9.2897
E0064,2026-02-06T00:00:00Z,9.2744,7.5023,8.3001,6.4923,4.2973,11.1164
E0065,2026-02-06T00:00:00Z,9.1326,8.59,8.9321,7.5017,4.9146,8.6357
E0066,2026-02-06T00:00:00Z,8.6542,7.372,5.4258,7.0953,7.905,11.0593
E0067,2026-02-06T00:00:00Z,8.5585,10.2408,8.329,6.6665,5.9053,9.7039
E0068,2026-02-06T00:00:00Z,9.2151,10.712,8.7028,7.136,6.1551,6.7738
E0069,2026-02-06T00:00:00Z,8.7868,8.4114,7.3416,7.429,7.1173,10.3454
E0070,2026-02-06T00:00:00Z,7.9161,9.8917,7.5824,7.57,7.325,8.7146
E0071,2026-02-06T00:00:00Z,8.2738,8.1763,7.2564,7.1108,5.9533,8.5697
E0072,2026-02-06T00:00:00Z,10.0732,8.7678,8.5657,9.0199,6.7749,7.9787
E0073,2026-02-06T00:00:00Z,8.7306,8.091,9.0396,7.6877,6.233,10.4544
E0074,2026-02-06T00:00:00Z,9.5435,10.032,9.1646,8.5992,6.1085,9.8874
E0075,2026-02-06T00:00:00Z,8.3028,9.0862,7.8447,8.7937,7.9631,12.1837
E0076,2026-02-06T00:00:00Z,8.6905,10.4292,9.8194,8.6494,6.8468,10.5948
E0077,2026-02-06T00:00:00Z,8.307,7.8442,7.0914,7.3822,7.4606,11.6955
E0078,2026-02-06T00:00:00Z,7.9423,8.7993,8.8418,8.0687,5.2573,9.6039
E0079,2026-02-06T00:00:00Z,8.7972,7.9719,8.054,5.1844,7.0773,10.8851
E0080,2026-02-06T00:00:00Z,6.7765,9.3802,8.3638,7.2392,7.8346,10.3651
E0081,2026-02-06T00:00:00Z,7.8627,8.9655,8.1734,6.1068,6.3722,9.3506
E0082,2026-02-06T00:00:00Z,8.4624,8.6305,6.9531,7.223,7.3309,9.9044
E0083,2026-02-06T00:00:00Z,7.6706,9.8202,7.9459,6.6162,6.1499,11.1945
E0084,2026-02-06T00:00:00Z,9.2786,8.5714,6.2362,8.2901,6.2104,8.4307
E0085,2026-02-06T00:00:00Z,7.8079,10.2272,8.3069,6.2053,7.5072,11.7963
E0086,2026-02-06T00:00:00Z,7.9679,9.0951,9.2759,6.8031,6.0064,8.3469
E0087,2026-02-06T00:00:00Z,7.7836,7.5787,8.107,8.5754,4.9585,6.9415
E0088,2026-02-06T00:00:00Z,8.3096,8.4003,9.3143,7.6283,5.2762,11.7916
E0089,2026-02-06T00:00:00Z,7.182,8.6695,9.1869,6.5312,7.5694,6.0885
E0090,2026-02-06T00:00:00Z,7.6474,10.9299,7.1618,8.3227,6.7926,7.5341
E0091,2026-02-06T00:00:00Z,7.4756,10.9817,8.3205,9.7807,7.833,12.0764
E0092,2026-02-06T00:00:00Z,8.6846,9.259,7.3917,8.3627,6.923,12.0634
E0093,2026-02-06T00:00:00Z,7.0307,11.3057,7.4378,9.7195,4.8738,8.7356
E0094,2026-02-06T00:00:00Z,8.5271,10.0288,7.9311,7.9866,4.9165,9.9818
E0095,2026-02-06T00:00:00Z,7.2809,11.1278,7.5407,7.5867,4.9295,8.2675
E0096,2026-02-06T00:00:00Z,7.8121,8.7043,9.9621,5.4496,5.8838,8.7733
E0097,2026-02-06T00:00:00Z,8.8313,10.413,9.1915,7.7496,5.636,9.3015
E0098,2026-02-06T00:00:00Z,7.8029,9.0944,8.031,8.5448,6.0431,8.5907
E0099,2026-02-06T00:00:00Z,7.8826,9.6805,9.2173,8.8545,6.0854,7.8203
E0100,2026-02-06T00:00:00Z,9.3385,10.7681,7.8711,7.2384,6.4549,8.4711
E0101,2026-02-06T00:00:00Z,8.2425,7.6108,9.1259,6.805,7.2262,9.3964
E0102,2026-02-06T00:00:00Z,8.3406,9.2607,9.2781,7.4778,7.5604,8.2519
E0103,2026-02-06T00:00:00Z,8.1696,8.7222,8.1389,8.3675,4.4276,10.1154
E0104,2026-02-06T00:00:00Z,6.5608,6.0058,7.7372,6.2978,7.7965,11.4589
E0105,2026-02-06T00:00:00Z,7.7525,13.0663,9.3787,9.6971,6.2248,9.2495
E0106,2026-02-06T00:00:00Z,9.2861,9.649,8.4318,8.0154,6.2243,10.8359
E0107,2026-02-06T00:00:00Z,8.0419,7.6201,9.559,7.4007,5.6191,9.9839
E0108,2026-02-06T00:00:00Z,9.6825,8.5562,10.4712,7.3249,6.5744,8.5996
E0109,2026-02-06T00:00:00Z,7.8854,8.243,9.1125,7.2411,6.8638,9.0196
E0110,2026-02-06T00:00:00Z,7.9997,10.7206,6.698,6.1985,7.2884,9.9856
E0111,2026-02-06T00:00:00Z,6.9246,10.3379,7.8316,6.0225,6.0138,12.8567
E0112,2026-02-06T00:00:00Z,6.8444,6.9219,9.5137,6.8725,5.6889,12.8898
E0113,2026-02-06T00:00:00Z,7.6016,8.2766,10.347,7.2757,5.8598,10.1807
E0114,2026-02-06T00:00:00Z,8.2259,8.5229,9.2143,7.8935,5.8201,8.7108
E0115,2026-02-06T00:00:00Z,8.0781,9.3465,8.0483,9.3279,5.9205,8.846
E0116,2026-02-06T00:00:00Z,8.7178,9.9629,8.3466,6.479,4.0128,10.266
E0117,2026-02-06T00:00:00Z,8.5386,9.9343,6.8411,7.9894,5.9028,8.6478
E0118,2026-02-06T00:00:00Z,7.4733,8.3441,8.0978,8.0769,5.5144,7.8436
E0119,2026-02-06T00:00:00Z,8.3835,10.0618,8.5367,8.4914,5.1173,7.8299
E0120,2026-02-06T00:00:00Z,8.8939,9.5608,6.9304,8.8502,6.0496,9.2841
E0121,2026-02-06T00:00:00Z,8.1594,8.1729,10.7631,7.1472,5.4284,8.7539
E0122,2026-02-06T00:00:00Z,8.1737,8.5,7.0933,7.8987,4.7593,7.9319
E0123,2026-02-06T00:00:00Z,8.1789,9.2005,11.98,7.7273,6.0771,11.3285
E0124,2026-02-06T00:00:00Z,7.8125,8.6979,6.7036,7.3428,6.0943,11.5849
E0125,2026-02-06T00:00:00Z,8.0104,10.2309,6.4722,9.0577,6.7713,9.1929
E0126,2026-02-06T00:00:00Z,8.7926,8.9463,8.2707,7.3809,6.2889,8.5759
E0127,2026-02-06T00:00:00Z,8.3457,8.8715,10.0419,6.8617,7.2976,9.2809
E0128,2026-02-06T00:00:00Z,8.5421,8.8558,9.133,7.1129,6.4691,7.3696
E0129,2026-02-06T00:00:00Z,9.0919,10.5182,8.6655,6.6797,7.2847,12.0919
E0130,2026-02-06T00:00:00Z,7.5498,9.2909,8.8915,6.7751,4.8682,9.425
E0131,2026-02-06T00:00:00Z,7.5758,10.0586,8.9057,7.5815,4.9537,11.0262
E0132,2026-02-06T00:00:00Z,9.4922,10.1331,6.8948,6.872,4.8224,10.32
E0133,2026-02-06T00:00:00Z,8.0912,8.1491,9.3336,8.7829,6.5393,9.3015
E0134,2026-02-06T00:00:00Z,8.2202,8.8865,8.1777,8.2485,7.1411,8.6536
E0135,2026-02-06T00:00:00Z,7.7171,8.8354,9.9977,7.9108,7.0782,10.8524
E0136,2026-02-06T00:00:00Z,8.8516,10.0884,10.5027,6.727,7.5285,8.811
E0137,2026-02-06T00:00:00Z,8.6591,7.0215,10.0531,7.09,6.097,10.7758
E0138,2026-02-06T00:00:00Z,8.7047,7.5753,8.3269,7.9774,5.4525,9.8042
E0139,2026-02-06T00:00:00Z,8.5945,8.6995,8.3718,7.7289,7.9564,9.3872
E0140,2026-02-06T00:00:00Z,7.2839,10.7671,9.3107,6.9749,6.6815,8.7187
E0141,2026-02-06T00:00:00Z,8.2145,9.4279,6.9773,6.525,5.0476,10.0344
E0142,2026-02-06T00:00:00Z,7.5264,8.8782,7.4369,7.4047,5.9653,8.7186
E0143,2026-02-06T00:00:00Z,8.5883,9.9908,8.9023,7.5985,6.8514,10.3291
E0144,2026-02-06T00:00:00Z,9.3345,8.7822,9.7046,6.6889,4.7622,10.8693
E0145,2026-02-06T00:00:00Z,7.8623,7.841,7.0818,7.0029,5.2565,9.5993
E0146,2026-02-06T00:00:00Z,6.5747,10.6559,9.9644,8.4917,6.7283,9.2643
E0147,2026-02-06T00:00:00Z,9.4701,9.6892,10.4087,6.2022,6.1128,9.8683
E0148,2026-02-06T00:00:00Z,8.1774,8.2396,9.4389,7.7999,5.5249,7.9043
E0149,2026-02-06T00:00:00Z,9.5138,9.0529,8.8506,7.768,6.5694,9.0271
E0000,2026-02-07T00:00:00Z,9.2691,9.9225,8.2898,9.7174,6.1468,9.172
E0001,2026-02-07T00:00:00Z,9.3881,9.3774,10.6465,7.5265,4.3636,8.5207
E0002,2026-02-07T00:00:00Z,7.0953,10.5871,7.9746,7.1984,6.4682,9.31
E0003,2026-02-07T00:00:00Z,7.0817,9.5835,7.4565,7.8602,7.5748,8.2504
E0004,2026-02-07T00:00:00Z,9.6157,7.292,7.6482,7.3036,6.5462,8.9229
E0005,2026-02-07T00:00:00Z,7.9366,9.3014,8.5596,6.9796,6.0723,12.9026
E0006,2026-02-07T00:00:00Z,8.7548,7.9833,8.3956,7.4775,4.6196,11.8362
E0007,2026-02-07T00:00:00Z,8.2915,7.2183,9.1251,7.6802,5.6371,8.9182
E0008,2026-02-07T00:00:00Z,7.3911,11.8986,7.3722,7.5811,6.6376,7.0315
E0009,2026-02-07T00:00:00Z,7.7753,8.3337,8.3636,6.5576,5.7897,10.3321
E0010,2026-02-07T00:00:00Z,8.9625,9.3949,8.2097,8.1556,6.9308,9.3336
E0011,2026-02-07T00:00:00Z,7.8469,9.4601,10.0041,8.2009,6.6403,7.7269
E0012,2026-02-07T00:00:00Z,8.3385,9.151,7.6949,9.0615,7.009,12.4368
E0013,2026-02-07T00:00:00Z,9.112,10.2133,8.7364,7.7106,6.4196,7.8336
E0014,2026-02-07T00:00:00Z,7.908,10.6607,7.7655,7.3145,6.5404,10.9904
E0015,2026-02-07T00:00:00Z,9.0487,7.514,8.269,8.2196,4.5231,9.5472
E0016,2026-02-07T00:00:00Z,8.6867,10.0883,9.8459,6.9484,6.9264,12.1496
E0017,2026-02-07T00:00:00Z,7.5373,8.3283,8.502,7.9767,4.9967,11.3827
E0018,2026-02-07T00:00:00Z,9.6656,8.2262,9.7956,7.0361,5.4248,8.3626
E0019,2026-02-07T00:00:00Z,9.5049,8.6441,9.0076,8.5854,6.4721,10.3347
E0020,2026-02-07T00:00:00Z,7.3364,9.6991,7.7317,7.1957,6.1552,11.0211
E0021,2026-02-07T00:00:00Z,9.5093,9.8827,8.4315,7.5265,5.7644,8.4077
E0022,2026-02-07T00:00:00Z,8.1872,9.5339,10.9679,6.2517,5.1015,8.0933
E0023,2026-02-07T00:00:00Z,8.5886,10.0336,8.4054,6.765,6.1766,8.8967
E0024,2026-02-07T00:00:00Z,8.079,10.0585,7.9123,5.2022,7.012,7.864
E0025,2026-02-07T00:00:00Z,8.2496,9.5078,9.1469,7.5967,6.4047,9.0607
E0026,2026-02-07T00:00:00Z,8.1573,10.1514,8.8999,7.0516,6.5673,8.5482
E0027,2026-02-07T00:00:00Z,9.2207,8.1513,10.1847,8.3551,7.1588,9.9072
E0028,2026-02-07T00:00:00Z,8.017,7.6535,8.3877,7.819,6.1228,11.8706
E0029,2026-02-07T00:00:00Z,8.7057,8.5945,8.3382,6.1578,4.2001,9.7979
E0030,2026-02-07T00:00:00Z,7.937,10.1509,7.2764,6.6788,7.2098,8.7821
E0031,2026-02-07T00:00:00Z,8.9012,10.4595,8.9404,7.08,5.2683,9.6887
E0032,2026-02-07T00:00:00Z,8.9212,7.015,8.2378,7.5958,7.6675,9.0916
E0033,2026-02-07T00:00:00Z,8.4056,10.0453,8.8894,10.6797,7.0133,9.1626
E0034,2026-02-07T00:00:00Z,7.7651,9.6441,7.788,9.3834,4.8624,7.6035
E0035,2026-02-07T00:00:00Z,7.4821,10.6446,9.1644,6.5478,7.6132,11.4648
E0036,2026-02-07T00:00:00Z,8.9249,8.8743,8.4385,5.9534,5.5054,9.9178
E0037,2026-02-07T00:00:00Z,8.8902,10.0598,8.2827,8.6551,5.4456,9.9875
E0038,2026-02-07T00:00:00Z,8.105,10.2288,6.123,7.7947,5.8826,13.4254
E0039,2026-02-07T00:00:00Z,9.8674,9.3671,9.1293,9.7805,6.2204,8.7336
E0040,2026-02-07T00:00:00Z,8.3194,8.2251,8.8931,6.8139,5.3145,9.7477
E0041,2026-02-07T00:00:00Z,9.0721,8.6064,7.7215,6.9209,5.2936,8.7793
E0042,2026-02-07T00:00:00Z,9.4975,10.3676,9.6298,8.0001,6.7538,10.5729
E0043,2026-02-07T00:00:00Z,8.4936,8.8752,8.348,8.419,6.2906,9.4123
E0044,2026-02-07T00:00:00Z,7.9568,9.8972,8.0139,7.4507,6.9008,10.3785
E0045,2026-02-07T00:00:00Z,8.6831,9.9429,8.8868,9.5368,3.5827,9.0391
E0046,2026-02-07T00:00:00Z,7.4088,9.1639,8.679,7.4141,6.131,8.8586
E0047,2026-02-07T00:00:00Z,9.7589,8.9595,8.5432,8.9506,7.7203,10.4601
E0048,2026-02-07T00:00:00Z,8.0608,8.2971,8.3797,8.6521,6.3388,11.2773
E0049,2026-02-07T00:00:00Z,8.0198,9.6715,7.9841,8.2666,5.3957,10.8688
E0050,2026-02-07T00:00:00Z,9.7576,8.488,8.4412,7.3651,7.3006,10.977
E0051,2026-02-07T00:00:00Z,7.8695,7.7993,7.3049,8.8277,4.9827,12.107
E0052,2026-02-07T00:00:00Z,8.5433,10.4274,8.9817,7.5636,6.8655,10.6235
E0053,2026-02-07T00:00:00Z,8.6051,9.9691,8.6449,7.4332,5.3867,9.9585
E0054,2026-02-07T00:00:00Z,9.2661,9.7821,9.4089,8.0912,8.36,11.1881
E0055,2026-02-07T00:00:00Z,7.8511,9.2767,7.6827,7.6993,5.3363,8.5614
E0056,2026-02-07T00:00:00Z,7.5405,9.121,9.7721,5.8596,5.8208,8.7891
E0057,2026-02-07T00:00:00Z,9.5767,9.8273,8.0986,8.0169,5.6354,11.0846
E0058,2026-02-07T00:00:00Z,9.1008,9.0548,8.9685,8.4716,8.2203,9.2655
E0059,2026-02-07T00:00:00Z,7.6601,11.5485,6.4464,6.5424,6.2637,10.2483
E0060,2026-02-07T00:00:00Z,8.6139,8.2315,8.6262,8.0321,6.776,9.6722
E0061,2026-02-07T00:00:00Z,7.8579,9.7188,6.6227,8.3198,5.7655,11.7661
E0062,2026-02-07T00:00:00Z,9.784,9.9768,9.6149,7.2801,7.4897,7.3292
E0063,2026-02-07T00:00:00Z,9.1092,10.4644,8.3973,7.4051,7.6868,8.1458
E0064,2026-02-07T00:00:00Z,7.8696,7.6099,8.4502,7.6804,6.0824,8.9535
E0065,2026-02-07T00:00:00Z,7.8941,7.7281,7.8312,8.1023,6.6772,6.4876
E0066,2026-02-07T00:00:00Z,8.668,8.7987,9.7034,8.0298,7.8692,8.7635
E0067,2026-02-07T00:00:00Z,8.199,10.1893,7.2272,5.8307,6.3433,12.1
E0068,2026-02-07T00:00:00Z,7.6494,7.826,7.7649,8.2136,7.0461,7.3912
E0069,2026-02-07T00:00:00Z,9.0091,8.5819,7.5129,8.9039,6.1216,10.5736
E0070,2026-02-07T00:00:00Z,9.2833,8.5131,5.4786,7.0529,5.7238,10.5177
E0071,2026-02-07T00:00:00Z,8.0548,8.4719,9.519,7.621,6.1674,9.6706
E0072,2026-02-07T00:00:00Z,8.0915,10.1912,9.4159,8.1612,6.8237,9.547
E0073,2026-02-07T00:00:00Z,9.2811,11.0167,6.5316,7.4331,5.8361,11.7634
E0074,2026-02-07T00:00:00Z,10.2301,10.4912,7.6194,6.7862,5.213,10.3038
E0075,2026-02-07T00:00:00Z,7.6429,8.8875,6.5016,8.783,6.4548,9.8913
E0076,2026-02-07T00:00:00Z,11.0762,8.4692,8.5016,6.2674,6.7716,11.0202
E0077,2026-02-07T00:00:00Z,8.4907,8.5486,7.4906,8.6303,5.9033,10.4273
E0078,2026-02-07T00:00:00Z,9.8081,9.3046,9.8694,7.4848,7.5193,8.1828
E0079,2026-02-07T00:00:00Z,9.7573,10.8764,8.4804,7.1608,5.8888,8.4108
E0080,2026-02-07T00:00:00Z,9.6526,8.9181,6.9725,8.3538,6.7038,12.1829
E0081,2026-02-07T00:00:00Z,8.3252,10.9101,7.8125,7.7301,6.781,9.5732
E0082,2026-02-07T00:00:00Z,8.7682,11.1936,9.2642,7.2987,6.0646,12.801
E0083,2026-02-07T00:00:00Z,8.3179,7.8708,8.1768,7.5597,5.9715,9.8046
E0084,2026-02-07T00:00:00Z,7.4968,9.4475,8.7362,9.525,5.2325,10.5353
E0085,2026-02-07T00:00:00Z,8.406,9.4874,8.2684,7.5531,6.6519,9.1857
E0086,2026-02-07T00:00:00Z,8.6748,8.6395,6.1905,5.0245,7.8063,10.9941
E0087,2026-02-07T00:00:00Z,8.0959,10.1553,8.3832,7.2166,6.5331,9.5743
E0088,2026-02-07T00:00:00Z,8.0287,10.3568,9.4561,7.943,5.9415,9.7711
E0089,2026-02-07T00:00:00Z,9.5165,9.7934,7.3373,8.2153,6.3956,10.7589
E0090,2026-02-07T00:00:00Z,7.8579,10.0271,7.2092,8.2766,7.7365,11.1033
E0091,2026-02-07T00:00:00Z,7.2658,9.0899,8.0387,8.8839,7.3807,10.2375
E0092,2026-02-07T00:00:00Z,9.3426,9.0695,7.5982,7.3278,6.1865,8.7381
E0093,2026-02-07T00:00:00Z,7.924,7.422,7.5507,7.7011,7.1094,11.2101
E0094,2026-02-07T00:00:00Z,9.2196,6.8846,7.8405,6.9805,7.9094,8.3686
E0095,2026-02-07T00:00:00Z,8.5349,7.7725,7.7823,6.9219,6.9233,8.5789
E0096,2026-02-07T00:00:00Z,8.4324,8.9783,9.3826,6.4332,6.6218,11.3126
E0097,2026-02-07T00:00:00Z,8.9236,8.0001,9.0322,9.8817,5.2574,9.3236
E0098,2026-02-07T00:00:00Z,7.4577,7.801,7.1504,8.5533,5.9778,10.0717
E0099,2026-02-07T00:00:00Z,8.6022,9.5159,9.3004,8.0327,5.4774,9.8819
E0100,2026-02-07T00:00:00Z,9.3039,10.6796,7.131,8.3779,4.8265,8.7058
E0101,2026-02-07T00:00:00Z,8.8683,10.1448,9.4869,7.2906,6.92,11.5857
E0102,2026-02-07T00:00:00Z,8.6468,8.5786,7.6408,8.9722,7.5497,12.2003
E0103,2026-02-07T00:00:00Z,7.7543,9.956,7.5909,6.7138,4.0993,9.0721
E0104,2026-02-07T00:00:00Z,8.7695,9.7107,6.1915,9.39,7.5403,8.8647
E0105,2026-02-07T00:00:00Z,8.0594,9.5423,9.1911,7.8195,4.8845,8.7147
E0106,2026-02-07T00:00:00Z,8.1437,5.4976,7.9152,7.3322,6.4377,10.052
E0107,2026-02-07T00:00:00Z,8.1574,10.296,7.085,5.8421,6.693,7.3163
E0108,2026-02-07T00:00:00Z,8.0746,9.1649,6.6414,9.163,6.2109,9.5604
E0109,2026-02-07T00:00:00Z,7.8717,10.1423,7.6486,8.4211,8.1323,13.6879
E0110,2026-02-07T00:00:00Z,8.9433,10.4627,9.3529,9.6624,4.6755,9.8141
E0111,2026-02-07T00:00:00Z,8.7222,10.2868,9.5956,7.1514,6.1932,9.7516
E0112,2026-02-07T00:00:00Z,7.9473,8.2234,8.7802,10.1429,6.0713,9.8129
E0113,2026-02-07T00:00:00Z,7.2173,10.2345,8.6125,8.0921,5.8421,11.3308
E0114,2026-02-07T00:00:00Z,9.215,9.774,8.8475,8.828,5.313,9.0955
E0115,2026-02-07T00:00:00Z,8.8723,10.419,7.3558,9.785,5.7125,9.2676
E0116,2026-02-07T00:00:00Z,8.7142,8.7413,7.2363,7.8976,6.9853,9.4742
E0117,2026-02-07T00:00:00Z,8.4739,9.9122,9.4736,5.5211,5.5499,10.9399
E0118,2026-02-07T00:00:00Z,8.1607,9.6925,8.6713,7.0671,5.9743,11.0469
E0119,2026-02-07T00:00:00Z,7.9211,9.0089,10.3531,7.6329,7.6667,7.7178
E0120,2026-02-07T00:00:00Z,7.7712,9.916,8.2962,7.3113,8.0701,9.2677
E0121,2026-02-07T00:00:00Z,8.7099,7.6747,7.4947,7.2958,5.1327,13.1934
E0122,2026-02-07T00:00:00Z,8.249,8.3612,8.0973,6.0818,5.8393,9.3207
E0123,2026-02-07T00:00:00Z,7.3069,9.6323,7.6864,7.4995,7.2557,9.6635
E0124,2026-02-07T00:00:00Z,7.4654,8.4584,8.8242,7.7843,7.1703,9.0978
E0125,2026-02-07T00:00:00Z,9.0104,8.7348,8.4883,6.0102,6.867,9.5614
E0126,2026-02-07T00:00:00Z,7.2142,10.1705,9.0807,7.1297,4.9217,11.0957
E0127,2026-02-07T00:00:00Z,7.4181,10.6816,6.8062,7.7103,6.2325,7.3482
E0128,2026-02-07T00:00:00Z,7.8713,10.2,9.2989,8.1875,4.2495,8.8245
E0129,2026-02-07T00:00:00Z,10.0613,8.56,9.5755,7.7912,6.8466,7.5927
E0130,2026-02-07T00:00:00Z,8.1846,8.2973,10.5427,7.2096,6.9423,12.0436
E0131,2026-02-07T00:00:00Z,9.2885,10.4939,5.8288,6.7366,5.2398,8.7416
E0132,2026-02-07T00:00:00Z,8.6324,8.4876,6.844,7.5489,6.2924,9.8371
E0133,2026-02-07T00:00:00Z,9.707,8.9923,8.7711,7.1204,5.3028,9.5424
E0134,2026-02-07T00:00:00Z,8.0122,9.1611,9.1516,7.1244,8.0344,14.3268
E0135,2026-02-07T00:00:00Z,7.423,9.1774,9.0547,8.6261,5.0922,7.8038
E0136,2026-02-07T00:00:00Z,7.3875,10.1234,8.3114,7.4759,6.0311,13.0528
E0137,2026-02-07T00:00:00Z,8.4373,9.9976,8.7584,7.4803,4.6284,9.9373
E0138,2026-02-07T00:00:00Z,8.5689,6.75,6.5497,7.753,6.4884,6.339
E0139,2026-02-07T00:00:00Z,8.4318,9.0688,10.0187,8.3214,6.2005,9.7304
E0140,2026-02-07T00:00:00Z,7.6579,8.6439,9.0006,8.3328,6.6629,7.1771
E0141,2026-02-07T00:00:00Z,6.7763,10.9695,7.0954,8.4516,5.3579,11.6671
E0142,2026-02-07T00:00:00Z,8.8516,9.0551,8.6782,7.1951,5.4149,8.3807
E0143,2026-02-07T00:00:00Z,9.4975,7.9804,8.1834,8.6391,6.202,11.0224
E0144,2026-02-07T00:00:00Z,7.0625,8.2058,9.5767,7.5692,7.196,9.3762
E0145,2026-02-07T00:00:00Z,7.0392,9.7145,11.5065,5.7084,4.8737,9.2771
E0146,2026-02-07T00:00:00Z,8.7808,11.3767,8.712,7.0674,6.781,12.7515
E0147,2026-02-07T00:00:00Z,8.2046,9.0568,7.9877,7.8201,6.2961,9.6284
E0148,2026-02-07T00:00:00Z,9.6415,9.9815,10.2619,7.0724,5.425,10.4683
E0149,2026-02-07T00:00:00Z,7.8406,10.9167,8.6397,7.6223,7.6659,8.7033
E0000,2026-02-08T00:00:00Z,7.1709,9.6685,9.0267,8.4393,7.1712,8.0268
E0001,2026-02-08T00:00:00Z,9.0099,8.9174,8.1417,8.3623,6.7256,8.7419
E0002,2026-02-08T00:00:00Z,7.0137,7.8701,8.8886,6.6678,6.6184,8.6979
E0003,2026-02-08T00:00:00Z,8.4691,8.9594,8.7156,7.9846,6.7304,9.938
E0004,2026-02-08T00:00:00Z,8.9552,9.737,7.6727,6.0993,8.0781,9.4352
E0005,2026-02-08T00:00:00Z,6.9217,10.1807,7.6487,7.2276,6.0103,12.5743
E0006,2026-02-08T00:00:00Z,8.2588,9.8788,8.2114,7.4678,6.9941,10.6063
E0007,2026-02-08T00:00:00Z,7.1241,9.805,9.099,7.7247,6.7954,9.1916
E0008,2026-02-08T00:00:00Z,6.4768,7.9508,9.4452,8.0435,6.049,8.5105
E0009,2026-02-08T00:00:00Z,9.0052,10.044,7.277,7.6725,6.6353,9.8286
E0010,2026-02-08T00:00:00Z,8.5605,9.1348,9.3949,6.6528,6.8037,11.4189
E0011,2026-02-08T00:00:00Z,8.3546,10.7762,8.8602,7.6129,7.9169,7.7957
E0012,2026-02-08T00:00:00Z,8.4851,10.1619,7.1809,7.9764,6.4035,11.5285
E0013,2026-02-08T00:00:00Z,8.3945,8.0359,7.1245,6.6703,7.67,6.5704
E0014,2026-02-08T00:00:00Z,7.8295,10.0427,9.109,8.2098,7.3008,9.7407
E0015,2026-02-08T00:00:00Z,9.2959,8.8744,10.214,6.6185,4.6999,8.9671
E0016,2026-02-08T00:00:00Z,9.8977,10.2657,9.3135,6.8905,6.8687,6.3968
E0017,2026-02-08T00:00:00Z,8.7699,10.1878,7.9376,8.6217,7.0134,10.4601
E0018,2026-02-08T00:00:00Z,8.0544,9.9732,7.938,7.2941,4.679,8.0468
E0019,2026-02-08T00:00:00Z,8.8962,9.4708,9.4453,7.4506,6.8741,7.3413
E0020,2026-02-08T00:00:00Z,8.8562,10.8337,9.2969,8.0359,6.6502,10.8072
E0021,2026-02-08T00:00:00Z,8.4011,10.2526,8.8545,8.6018,7.0756,7.9952
E0022,2026-02-08T00:00:00Z,7.8526,9.0663,8.5138,7.9669,7.493,9.01
E0023,2026-02-08T00:00:00Z,8.35,9.7468,8.1732,7.095,6.1995,7.8307
E0024,2026-02-08T00:00:00Z,8.4184,10.4306,8.4572,7.6513,7.1321,9.1433
E0025,2026-02-08T00:00:00Z,7.8674,8.7069,7.9376,8.3704,5.8241,10.2371
E0026,2026-02-08T00:00:00Z,7.5102,8.3506,8.8106,7.1587,5.0415,7.7666
E0027,2026-02-08T00:00:00Z,8.4735,8.0186,9.7906,7.4745,8.1288,9.4843
E0028,2026-02-08T00:00:00Z,8.0936,9.7009,8.888,8.3255,5.3486,8.2471
E0029,2026-02-08T00:00:00Z,8.2197,8.5333,8.9645,7.2017,6.6358,9.5021
E0030,2026-02-08T00:00:00Z,7.8468,9.0449,7.6782,8.034,4.9022,10.703
E0031,2026-02-08T00:00:00Z,7.7545,9.9071,10.5549,6.8307,6.8348,9.5934
E0032,2026-02-08T00:00:00Z,8.3098,8.4758,11.1433,8.9,6.3708,7.9306
E0033,2026-02-08T00:00:00Z,8.3423,7.5348,7.4765,6.6939,7.1565,10.5376
E0034,2026-02-08T00:00:00Z,8.5248,9.8547,7.3743,7.4741,4.6018,9.4632
E0035,2026-02-08T00:00:00Z,8.1535,7.464,7.002,8.5149,6.4061,9.0054
E0036,2026-02-08T00:00:00Z,8.1465,9.1154,8.1623,7.1886,3.4238,10.1456
E0037,2026-02-08T00:00:00Z,7.4802,7.7339,8.4956,9.2681,7.9013,10.7238
E0038,2026-02-08T00:00:00Z,8.1588,9.9445,8.1169,7.8538,7.1661,11.7607
E0039,2026-02-08T00:00:00Z,7.1538,10.971,8.6567,9.4463,6.1422,8.4323
E0040,2026-02-08T00:00:00Z,8.6521,9.7084,7.0828,6.848,6.6228,11.7608
E0041,2026-02-08T00:00:00Z,8.1079,9.2735,8.4465,6.3432,5.0574,8.4004
E0042,2026-02-08T00:00:00Z,8.2858,9.314,6.7089,8.2519,6.2226,8.7028
E0043,2026-02-08T00:00:00Z,8.1173,10.1722,9.3207,6.5745,6.1785,9.7917
E0044,2026-02-08T00:00:00Z,7.2908,8.7487,7.9896,7.8475,6.3293,10.6171
E0045,2026-02-08T00:00:00Z,9.8962,9.7889,9.3673,6.6571,7.3436,11.5916
E0046,2026-02-08T00:00:00Z,7.9034,9.5837,9.7845,7.188,6.135,7.0451
E0047,2026-02-08T00:00:00Z,8.126,9.0455,7.9863,7.5732,6.8608,11.7002
E0048,2026-02-08T00:00:00Z,8.7273,8.2536,9.0238,5.8935,7.2991,7.7933
E0049,2026-02-08T00:00:00Z,8.3076,10.5084,9.0874,7.7994,5.4774,6.8988
E0050,2026-02-08T00:00:00Z,8.9741,7.5966,8.6368,7.692,6.6511,9.1961
E0051,2026-02-08T00:00:00Z,8.443,10.1616,8.3894,9.5564,6.5402,9.6976
E0052,2026-02-08T00:00:00Z,8.0298,9.5249,6.9506,8.012,7.6082,8.9852
E0053,2026-02-08T00:00:00Z,8.9213,7.7211,9.0425,7.5638,8.4877,11.2339
E0054,2026-02-08T00:00:00Z,8.5875,7.9859,6.288,6.5013,8.0593,10.1333
E0055,2026-02-08T00:00:00Z,7.3961,9.6967,8.8472,8.0186,4.7258,8.7027
E0056,2026-02-08T00:00:00Z,6.8309,10.8542,9.3256,7.7676,7.7794,9.7483
E0057,2026-02-08T00:00:00Z,8.5931,8.2133,8.9783,7.4318,4.8272,9.1966
E0058,2026-02-08T00:00:00Z,8.5001,9.824,8.4314,9.5087,6.2596,10.0683
E0059,2026-02-08T00:00:00Z,6.9117,8.1429,8.6615,9.1264,6.4848,10.2926
E0060,2026-02-08T00:00:00Z,7.9917,9.3441,9.2949,6.6591,5.8431,11.1295
E0061,2026-02-08T00:00:00Z,7.6267,8.2704,6.8447,8.8533,5.6365,7.645
E0062,2026-02-08T00:00:00Z,8.669,7.1046,7.2778,8.9949,8.2462,8.9592
E0063,2026-02-08T00:00:00Z,7.4391,9.0355,8.4134,9.2282,6.9219,8.9697
E0064,2026-02-08T00:00:00Z,9.365,8.8946,8.4997,7.0215,6.2539,8.834
E0065,2026-02-08T00:00:00Z,9.7772,8.4217,6.7685,9.5907,7.1885,9.2722
E0066,2026-02-08T00:00:00Z,7.7335,8.8133,7.1627,7.4929,6.1336,7.8431
E0067,2026-02-08T00:00:00Z,8.7768,8.8011,9.4874,7.365,6.8167,7.9941
E0068,2026-02-08T00:00:00Z,8.0857,9.8062,8.4086,7.8633,5.228,9.3429
E0069,2026-02-08T00:00:00Z,8.5734,9.4571,8.7757,7.8062,7.5815,12.1627
E0070,2026-02-08T00:00:00Z,7.7438,6.724,9.2267,7.5833,6.3596,9.3507
E0071,2026-02-08T00:00:00Z,7.7789,9.1035,8.625,8.0716,7.2484,10.7503
E0072,2026-02-08T00:00:00Z,9.5503,11.3214,7.717,8.8106,4.6539,11.1907
E0073,2026-02-08T00:00:00Z,7.6649,8.7721,7.3315,8.7687,6.9628,10.5222
E0074,2026-02-08T00:00:00Z,8.4372,10.1085,8.2196,7.0017,8.14,10.1667
E0075,2026-02-08T00:00:00Z,7.8597,8.9039,8.252,6.4979,6.823,8.0997
E0076,2026-02-08T00:00:00Z,8.5758,9.563,8.0769,8.0949,7.1389,8.6639
E0077,2026-02-08T00:00:00Z,8.5476,9.44,7.2373,7.3184,6.1713,8.99
E0078,2026-02-08T00:00:00Z,8.7025,9.5036,8.7056,6.6641,5.0454,8.742
E0079,2026-02-08T00:00:00Z,8.9295,8.2759,7.9679,6.0817,6.8743,8.1014
E0080,2026-02-08T00:00:00Z,7.4774,10.1879,9.9251,8.4276,6.7941,7.5971
E0081,2026-02-08T00:00:00Z,7.7743,8.7462,7.5055,9.9803,5.2517,10.8359
E0082,2026-02-08T00:00:00Z,7.8528,9.5047,10.1731,6.1973,7.1175,9.2576
E0083,2026-02-08T00:00:00Z,8.2742,10.2844,7.6285,7.5269,4.9413,9.9847
E0084,2026-02-08T00:00:00Z,8.3261,8.5787,6.1072,6.5666,6.7224,7.1429
E0085,2026-02-08T00:00:00Z,7.9028,7.6498,8.6905,7.675,5.7585,11.7193
E0086,2026-02-08T00:00:00Z,8.366,7.3598,9.1459,7.8191,7.0102,8.3311
E0087,2026-02-08T00:00:00Z,8.3219,9.2827,8.5927,8.7488,7.6946,9.0524
E0088,2026-02-08T00:00:00Z,8.651,10.026,8.5391,8.4929,6.7424,8.1903
E0089,2026-02-08T00:00:00Z,7.94,9.0822,10.4349,7.8759,5.5337,8.0814
E0090,2026-02-08T00:00:00Z,8.9057,9.8835,9.6897,7.754,6.118,10.4198
E0091,2026-02-08T00:00:00Z,8.1305,8.2896,10.7808,6.9584,5.1537,9.253
E0092,2026-02-08T00:00:00Z,6.9547,9.3954,8.7869,8.4951,5.6059,11.8675
E0093,2026-02-08T00:00:00Z,8.3187,8.3864,5.9952,6.56,6.4324,10.2004
E0094,2026-02-08T00:00:00Z,7.4242,9.3139,10.8982,7.1285,5.8991,7.2451
E0095,2026-02-08T00:00:00Z,6.833,8.7375,7.3563,6.895,7.0878,8.5084
E0096,2026-02-08T00:00:00Z,7.0559,8.7017,8.2219,8.1493,8.1253,10.5384
E0097,2026-02-08T00:00:00Z,7.5019,10.1069,9.1619,7.5882,6.2742,8.0932
E0098,2026-02-08T00:00:00Z,7.9477,7.7369,7.926,6.4403,6.0558,8.411
E0099,2026-02-08T00:00:00Z,7.4466,8.2533,8.832,6.5854,5.7759,11.7466
E0100,2026-02-08T00:00:00Z,7.1371,9.2681,8.6784,5.7985,7.4333,8.9943
E0101,2026-02-08T00:00:00Z,8.7675,6.5919,7.8782,8.2537,7.4482,10.943
E0102,2026-02-08T00:00:00Z,8.8931,10.0755,7.8615,8.0267,7.0169,11.0709
E0103,2026-02-08T00:00:00Z,7.9224,7.9883,8.9753,7.4981,6.3276,7.9593
E0104,2026-02-08T00:00:00Z,8.4263,9.6198,6.6504,10.4399,5.4422,9.6393
E0105,2026-02-08T00:00:00Z,9.0684,9.8818,8.0336,7.7483,8.6863,4.3255
E0106,2026-02-08T00:00:00Z,8.7892,9.3538,10.2696,7.4156,7.1694,6.255
E0107,2026-02-08T00:00:00Z,9.1085,8.8846,8.5881,8.9371,6.7737,12.1588
E0108,2026-02-08T00:00:00Z,6.9583,10.0754,9.7475,6.9854,6.662,13.3764
E0109,2026-02-08T00:00:00Z,8.1667,8.7471,7.1748,6.8339,6.4907,10.1393
E0110,2026-02-08T00:00:00Z,7.58,10.9131,7.5198,9.1948,5.2784,9.5249
E0111,2026-02-08T00:00:00Z,7.8799,10.1846,6.4602,6.0126,6.0082,7.3616
E0112,2026-02-08T00:00:00Z,7.851,9.6006,6.2136,6.3505,6.0748,11.2195
E0113,2026-02-08T00:00:00Z,10.4567,8.9405,8.4496,8.8559,5.2343,9.0061
E0114,2026-02-08T00:00:00Z,8.815,10.4963,9.281,6.8824,7.8745,8.745
E0115,2026-02-08T00:00:00Z,8.7166,7.8396,9.5194,6.9094,5.4482,8.4201
E0116,2026-02-08T00:00:00Z,7.7457,8.465,9.3913,6.7059,6.0265,9.4185
E0117,2026-02-08T00:00:00Z,8.7988,11.1306,10.0882,7.718,7.0898,8.5606
E0118,2026-02-08T00:00:00Z,7.6559,10.2828,7.9191,4.8536,6.8673,10.1942
E0119,2026-02-08T00:00:00Z,7.7755,9.1938,8.1338,6.3813,7.0193,13.7904
E0120,2026-02-08T00:00:00Z,7.6756,8.0097,9.0395,7.6791,6.4029,12.2304
E0121,2026-02-08T00:00:00Z,7.8274,9.2513,7.6233,7.4733,6.8534,8.8476
E0122,2026-02-08T00:00:00Z,8.664,9.6754,6.3797,7.7857,5.2164,10.2705
E0123,2026-02-08T00:00:00Z,9.0394,8.3225,8.011,6.314,5.8479,11.2121
E0124,2026-02-08T00:00:00Z,6.7277,10.6589,8.712,9.8832,4.9692,9.1655
E0125,2026-02-08T00:00:00Z,7.7606,11.2183,7.2999,7.2675,6.438,10.9758
E0126,2026-02-08T00:00:00Z,7.544,8.591,8.7668,8.2476,6.5194,9.9513
E0127,2026-02-08T00:00:00Z,8.8067,8.5753,9.7742,7.1577,6.6723,10.1035
E0128,2026-02-08T00:00:00Z,9.0696,10.6202,7.6466,6.7993,8.1487,10.6483
E0129,2026-02-08T00:00:00Z,10.1497,10.3536,9.5643,8.0522,7.6195,10.3505
E0130,2026-02-08T00:00:00Z,7.9954,8.8044,8.9382,7.7323,6.227,9.3726
E0131,2026-02-08T00:00:00Z,8.3314,8.8609,9.785,6.6622,6.971,9.6522
E0132,2026-02-08T00:00:00Z,8.1942,8.4315,9.7272,7.7931,6.3809,8.3725
E0133,2026-02-08T00:00:00Z,9.3067,9.6067,7.116,8.6401,5.2708,8.6861
E0134,2026-02-08T00:00:00Z,8.3842,9.5701,10.9551,8.7973,7.3871,8.8568
E0135,2026-02-08T00:00:00Z,8.6188,11.2218,9.4797,7.1718,6.9232,9.5479
E0136,2026-02-08T00:00:00Z,8.4843,9.8034,9.8539,8.2863,6.6027,12.1589
E0137,2026-02-08T00:00:00Z,8.0562,9.2483,8.23,8.3913,7.2222,14.1808
E0138,2026-02-08T00:00:00Z,9.529,8.68,9.427,6.7397,7.5816,6.4908
E0139,2026-02-08T00:00:00Z,7.3921,8.9231,8.2533,8.6844,5.8133,9.658
E0140,2026-02-08T00:00:00Z,7.7401,9.7742,8.3915,6.7018,5.2972,10.7031
E0141,2026-02-08T00:00:00Z,8.6273,7.9161,9.7714,7.7641,6.9687,10.9159
E0142,2026-02-08T00:00:00Z,8.4285,7.5284,9.3027,6.7273,5.1487,8.2876
E0143,2026-02-08T00:00:00Z,8.4775,8.8978,7.9672,7.2383,4.7074,10.5812
E0144,2026-02-08T00:00:00Z,8.349,8.3914,7.7469,7.3091,6.9911,12.0142
E0145,2026-02-08T00:00:00Z,8.9371,8.4769,6.3346,6.7613,7.9755,7.5319
E0146,2026-02-08T00:00:00Z,8.7813,8.5583,7.4965,5.5872,6.4598,12.2783
E0147,2026-02-08T00:00:00Z,9.1517,8.846,7.8622,7.0162,5.8333,10.6657
E0148,2026-02-08T00:00:00Z,7.6345,7.8883,9.0416,6.8435,6.6811,9.1903
E0149,2026-02-08T00:00:00Z,8.0143,10.1592,8.5307,6.1728,6.6888,9.2121
E0000,2026-02-09T00:00:00Z,8.9591,10.64,8.3967,8.2133,5.1695,10.1605
E0001,2026-02-09T00:00:00Z,9.0488,10.0135,8.6113,7.816,7.825,6.598
E0002,2026-02-09T00:00:00Z,8.469,9.9949,8.5042,6.7866,6.5544,11.6703
E0003,2026-02-09T00:00:00Z,7.4112,10.8063,8.1131,8.1514,5.337,8.7484
E0004,2026-02-09T00:00:00Z,10.2873,8.7835,7.8789,8.2542,7.2548,11.8657
E0005,2026-02-09T00:00:00Z,8.2408,9.2668,8.8452,9.0064,5.9329,11.0562
E0006,2026-02-09T00:00:00Z,8.9354,9.3495,8.3985,7.1838,7.5519,8.4399
E0007,2026-02-09T00:00:00Z,8.1236,7.5033,8.7375,6.6779,5.9008,9.0365
E0008,2026-02-09T00:00:00Z,8.6678,7.7426,9.135,7.1142,5.2472,8.6978
E0009,2026-02-09T00:00:00Z,7.6303,8.1427,8.5306,7.4847,5.0934,8.1785
E0010,2026-02-09T00:00:00Z,8.306,9.9218,8.7502,6.9341,5.7648,11.1756
E0011,2026-02-09T00:00:00Z,6.7182,8.7517,9.2868,7.2046,5.8788,9.4603
E0012,2026-02-09T00:00:00Z,9.612,7.1413,6.7739,7.4259,7.8095,11.4252
E0013,2026-02-09T00:00:00Z,8.3382,9.8891,8.2877,7.7154,6.8025,8.5064
E0014,2026-02-09T00:00:00Z,8.1614,9.1826,6.5834,7.137,5.9231,11.4548
E0015,2026-02-09T00:00:00Z,8.1529,8.339,8.0332,5.9174,5.8612,10.1567
E0016,2026-02-09T00:00:00Z,8.287,9.5528,6.1317,6.8896,7.2572,9.2461
E0017,2026-02-09T00:00:00Z,8.2262,9.8464,9.3514,7.1898,6.288,9.2085
E0018,2026-02-09T00:00:00Z,9.388,8.0601,9.0731,7.9662,5.1988,13.891
E0019,2026-02-09T00:00:00Z,8.1226,10.3806,9.3113,7.6374,5.3809,10.1262
E0020,2026-02-09T00:00:00Z,9.452,8.6206,8.795,7.6466,6.9595,8.6488
E0021,2026-02-09T00:00:00Z,9.173,10.0085,8.3657,8.9127,5.3577,9.4464
E0022,2026-02-09T00:00:00Z,7.8324,10.5077,7.6077,6.9121,5.373,8.365
E0023,2026-02-09T00:00:00Z,9.5179,10.3504,9.3231,8.5173,5.3061,10.4152
E0024,2026-02-09T00:00:00Z,9.3263,10.523,8.12,6.9412,6.5357,10.5069
E0025,2026-02-09T00:00:00Z,6.684,9.6699,7.4602,7.9665,4.9712,6.8927
E0026,2026-02-09T00:00:00Z,9.7605,8.3763,9.706,7.3624,6.3897,8.8759
E0027,2026-02-09T00:00:00Z,7.9203,10.6738,7.5405,8.0802,8.1841,11.4734
E0028,2026-02-09T00:00:00Z,7.15,8.562,10.3722,7.9349,4.7324,8.7942
E0029,2026-02-09T00:00:00Z,8.4636,8.8438,7.5472,9.4017,6.7757,9.847
E0030,2026-02-09T00:00:00Z,9.5246,10.7632,8.3319,7.634,6.4149,6.5396
E0031,2026-02-09T00:00:00Z,7.2259,9.1144,8.6828,6.9509,7.593,11.9457
E0032,2026-02-09T00:00:00Z,9.4272,8.2207,7.5778,7.2957,5.5595,11.252
E0033,2026-02-09T00:00:00Z,8.5005,8.5647,10.4731,6.2852,7.4285,8.0723
E0034,2026-02-09T00:00:00Z,8.8466,8.1724,8.359,8.3178,5.707,9.0577
E0035,2026-02-09T00:00:00Z,8.8313,9.2049,8.9549,7.7313,7.0368,8.1586
E0036,2026-02-09T00:00:00Z,8.3007,10.4429,7.93,8.3852,6.8345,7.6868
E0037,2026-02-09T00:00:00Z,7.8595,10.7213,7.873,7.4317,6.7493,8.8022
E0038,2026-02-09T00:00:00Z,8.7411,9.4311,8.0905,7.7082,6.7185,7.8063
E0039,2026-02-09T00:00:00Z,9.9004,8.815,7.8218,7.2422,5.2476,11.8195
E0040,2026-02-09T00:00:00Z,8.0053,10.3516,8.3533,6.5252,6.116,6.445
E0041,2026-02-09T00:00:00Z,8.7779,9.2392,6.3767,8.1253,5.3889,9.8304
E0042,2026-02-09T00:00:00Z,9.244,11.4313,7.7524,8.5647,6.7359,11.6291
E0043,2026-02-09T00:00:00Z,8.7266,7.7475,8.0383,7.9933,6.7491,9.8166
E0044,2026-02-09T00:00:00Z,7.6062,7.9095,9.2516,8.1605,7.2063,10.4493
E0045,2026-02-09T00:00:00Z,9.1186,10.9193,7.7638,6.6551,5.7798,7.824
E0046,2026-02-09T00:00:00Z,8.2929,8.5119,7.8808,8.7258,7.4919,11.7535
E0047,2026-02-09T00:00:00Z,7.9157,9.4219,8.9358,8.4788,6.8847,11.7716
E0048,2026-02-09T00:00:00Z,7.3979,9.8212,8.5065,7.8608,7.4368,7.364
E0049,2026-02-09T00:00:00Z,8.7455,9.0669,8.7449,7.4144,5.1832,9.3273
E0050,2026-02-09T00:00:00Z,7.6385,10.1066,9.3084,7.6131,6.9447,7.6363
E0051,2026-02-09T00:00:00Z,8.4679,10.6852,9.1378,8.0983,5.1804,9.1605
E0052,2026-02-09T00:00:00Z,8.4106,9.6718,7.9419,6.7481,5.0026,8.5771
E0053,2026-02-09T00:00:00Z,8.9932,9.0705,7.3472,7.7017,6.4273,11.5981
E0054,2026-02-09T00:00:00Z,7.0906,10.121,9.5582,7.7474,6.0806,9.4744
E0055,2026-02-09T00:00:00Z,8.4786,8.3848,11.1798,7.2884,6.2233,10.7291
E0056,2026-02-09T00:00:00Z,8.7584,9.2852,10.3465,7.2566,5.219,14.9729
E0057,2026-02-09T00:00:00Z,8.0122,11.4476,8.145,7.4308,5.1641,12.6595
E0058,2026-02-09T00:00:00Z,9.2771,7.7691,8.5868,8.025,6.2287,9.6996
E0059,2026-02-09T00:00:00Z,8.3154,11.6721,8.5684,8.093,5.904,12.5501
E0060,2026-02-09T00:00:00Z,8.3448,7.2714,9.5484,8.0682,7.6486,8.0488
E0061,2026-02-09T00:00:00Z,7.3875,9.1291,8.6239,7.62,5.2233,10.4924
E0062,2026-02-09T00:00:00Z,8.0675,8.7175,9.1211,7.6051,6.6137,10.2623
E0063,2026-02-09T00:00:00Z,7.662,8.2175,7.7294,7.7389,6.4086,9.8438
E0064,2026-02-09T00:00:00Z,9.1959,10.5625,8.0621,8.3746,5.2145,10.02
E0065,2026-02-09T00:00:00Z,7.3678,8.017,7.6742,10.5046,4.1495,7.7351
E0066,2026-02-09T00:00:00Z,8.6449,8.3694,7.8577,7.2769,7.1076,10.2247
E0067,2026-02-09T00:00:00Z,8.5214,9.1936,7.4396,6.6072,5.3753,9.4165
E0068,2026-02-09T00:00:00Z,7.136,8.9774,8.5059,7.0922,7.1893,11.0713
E0069,2026-02-09T00:00:00Z,7.537,7.4915,9.3826,6.68,8.8355,8.0642
E0070,2026-02-09T00:00:00Z,8.3993,7.6422,8.7675,6.6887,6.4858,8.8011
E0071,2026-02-09T00:00:00Z,8.6844,9.4987,7.9078,6.953,6.0662,13.9774
E0072,2026-02-09T00:00:00Z,8.249,11.3122,8.939,6.4799,6.9788,8.0549
E0073,2026-02-09T00:00:00Z,9.5002,9.2879,6.6775,5.7916,5.7776,9.3226
E0074,2026-02-09T00:00:00Z,8.6225,8.8498,8.4418,7.7203,5.4666,9.0843
E0075,2026-02-09T00:00:00Z,8.5227,8.6998,7.155,7.2353,6.0692,7.8957
E0076,2026-02-09T00:00:00Z,8.5616,7.6931,8.1851,7.6508,6.5039,8.1523
E0077,2026-02-09T00:00:00Z,8.9023,9.5037,9.8076,8.7736,3.7212,7.9538
E0078,2026-02-09T00:00:00Z,8.3807,10.9938,8.0363,6.9819,5.6072,11.8312
E0079,2026-02-09T00:00:00Z,7.3295,9.5366,9.3339,6.3183,4.943,8.2059
E0080,2026-02-09T00:00:00Z,8.5303,9.2815,8.003,8.9755,6.3474,12.1114
E0081,2026-02-09T00:00:00Z,7.2421,8.0905,7.1748,6.4044,6.2747,9.8787
E0082,2026-02-09T00:00:00Z,7.754,8.3342,8.0508,7.7517,8.5143,6.6438
E0083,2026-02-09T00:00:00Z,7.8218,7.6472,8.339,6.3742,6.1538,10.1539
E0084,2026-02-09T00:00:00Z,9.3789,11.2769,7.6359,7.5353,6.6959,8.7956
E0085,2026-02-09T00:00:00Z,7.8054,8.5885,9.5185,7.025,6.3821,9.4266
E0086,2026-02-09T00:00:00Z,9.1492,8.8602,8.5111,7.5554,5.889,8.078
E0087,2026-02-09T00:00:00Z,9.2401,8.9605,8.228,6.5303,4.58,10.6986
E0088,2026-02-09T00:00:00Z,7.562,9.9138,7.5588,9.7185,5.0302,10.1242
E0089,2026-02-09T00:00:00Z,7.6109,10.0448,7.3503,7.57,4.1507,8.639
E0090,2026-02-09T00:00:00Z,7.6898,8.3273,7.6813,9.1809,6.0004,11.2538
E0091,2026-02-09T00:00:00Z,6.724,7.8429,7.3302,6.9716,6.9815,10.2682
E0092,2026-02-09T00:00:00Z,9.1602,8.0555,8.7679,7.0729,6.0709,14.1781
E0093,2026-02-09T00:00:00Z,8.4148,8.6563,8.7038,6.6745,4.6117,10.0752
E0094,2026-02-09T00:00:00Z,7.476,10.3623,7.9347,7.7397,5.7177,11.6999
E0095,2026-02-09T00:00:00Z,9.0077,9.331,7.5683,6.8468,6.7043,10.5378
E0096,2026-02-09T00:00:00Z,9.0473,7.2107,8.6582,7.7038,6.1172,11.0713
E0097,2026-02-09T00:00:00Z,8.2038,7.6445,9.6847,7.9371,6.0931,12.4561
E0098,2026-02-09T00:00:00Z,8.9213,7.6894,8.967,8.9813,6.5442,7.4868
E0099,2026-02-09T00:00:00Z,8.0981,9.7972,9.0239,6.5963,5.1229,9.0344
E0100,2026-02-09T00:00:00Z,8.3881,9.3561,8.6123,6.0874,8.1057,8.5077
E0101,2026-02-09T00:00:00Z,8.4574,7.496,7.3371,10.3858,5.4657,8.8361
E0102,2026-02-09T00:00:00Z,8.2997,8.2093,9.0241,7.3255,4.6257,12.5115
E0103,2026-02-09T00:00:00Z,8.4807,9.3093,9.3978,9.3106,6.4072,8.6928
E0104,2026-02-09T00:00:00Z,8.3216,9.2282,6.5702,6.0756,3.219,8.4006
E0105,2026-02-09T00:00:00Z,8.2246,8.6895,6.3116,7.2658,7.0649,13.6107
E0106,2026-02-09T00:00:00Z,8.3758,9.4942,9.4926,6.6488,7.7594,7.7119
E0107,2026-02-09T00:00:00Z,7.8588,9.1786,9.7327,8.146,5.968,11.2355
E0108,2026-02-09T00:00:00Z,7.6692,6.8027,8.505,6.7035,7.001,7.4484
E0109,2026-02-09T00:00:00Z,8.1488,8.6363,7.53,7.4839,8.6339,10.1966
E0110,2026-02-09T00:00:00Z,8.8614,9.5469,8.357,7.6736,6.55,13.4472
E0111,2026-02-09T00:00:00Z,9.5037,8.3295,6.7702,8.3392,7.7243,9.1894
E0112,2026-02-09T00:00:00Z,7.6416,9.1921,8.4453,8.8407,6.2063,8.9685
E0113,2026-02-09T00:00:00Z,9.3336,9.0147,9.9277,8.0302,7.1526,11.1578
E0114,2026-02-09T00:00:00Z,7.76,8.4024,7.095,7.7839,6.7473,10.2727
E0115,2026-02-09T00:00:00Z,8.4522,7.0511,7.3532,6.9397,7.2096,10.8437
E0116,2026-02-09T00:00:00Z,8.3485,9.409,8.991,7.2467,6.1774,9.7984
E0117,2026-02-09T00:00:00Z,8.6799,9.6492,10.293,7.6513,7.0881,11.06
E0118,2026-02-09T00:00:00Z,8.2691,7.6446,5.0846,7.1154,4.6607,9.6413
E0119,2026-02-09T00:00:00Z,8.9672,9.8193,7.9662,7.3905,7.1906,11.9071
E0120,2026-02-09T00:00:00Z,8.7244,10.6902,7.6887,7.7128,4.9846,11.9191
E0121,2026-02-09T00:00:00Z,8.4925,7.9171,7.5403,6.6821,6.9342,9.0699
E0122,2026-02-09T00:00:00Z,7.4125,9.3907,10.059,10.0345,6.7907,10.7574
E0123,2026-02-09T00:00:00Z,7.0152,9.6353,7.6487,7.5358,5.1372,8.9812
E0124,2026-02-09T00:00:00Z,6.5208,9.5107,7.972,8.8937,6.6882,10.6126
E0125,2026-02-09T00:00:00Z,8.8217,10.3307,7.5852,9.1196,6.0987,11.6085
E0126,2026-02-09T00:00:00Z,8.6046,9.5253,9.4632,7.3208,5.8672,7.9027
E0127,2026-02-09T00:00:00Z,10.0149,8.3286,8.6202,8.5153,6.1928,8.3543
E0128,2026-02-09T00:00:00Z,7.6866,9.703,9.2497,7.1342,7.6269,8.1896
E0129,2026-02-09T00:00:00Z,8.3945,13.6297,9.3939,8.4409,4.2528,8.7853
E0130,2026-02-09T00:00:00Z,9.0781,7.9314,6.9098,7.1204,8.2909,9.785
E0131,2026-02-09T00:00:00Z,8.3238,10.121,9.5734,6.3502,7.8782,10.2528
E0132,2026-02-09T00:00:00Z,8.4434,8.0632,9.588,5.7043,6.1659,8.9024
E0133,2026-02-09T00:00:00Z,7.2453,9.6687,7.6668,7.3966,6.9865,10.9864
E0134,2026-02-09T00:00:00Z,9.0724,9.4859,9.7821,8.161,6.6911,9.0861
E0135,2026-02-09T00:00:00Z,9.3101,8.6289,8.1531,6.8331,6.9479,8.8075
E0136,2026-02-09T00:00:00Z,6.6728,8.869,7.54,8.4916,5.3957,10.6263
E0137,2026-02-09T00:00:00Z,10.0782,9.5297,7.5189,6.5541,7.5908,10.4522
E0138,2026-02-09T00:00:00Z,7.7494,8.9982,7.8571,7.6701,5.6577,11.1945
E0139,2026-02-09T00:00:00Z,9.0921,9.8659,10.0591,8.6154,6.9396,13.191
E0140,2026-02-09T00:00:00Z,7.3501,9.4123,8.0706,7.3207,6.7779,9.7013
E0141,2026-02-09T00:00:00Z,9.2343,7.1155,8.3651,7.5802,6.8705,9.376
E0142,2026-02-09T00:00:00Z,9.3865,9.1392,8.9677,6.7771,6.6701,8.938
E0143,2026-02-09T00:00:00Z,8.8044,8.8029,9.967,7.8454,7.8337,6.8392
E0144,2026-02-09T00:00:00Z,8.3404,9.5224,8.6666,9.8067,6.1415,10.0904
E0145,2026-02-09T00:00:00Z,8.6917,6.6708,7.9191,7.0152,5.4696,5.4708
E0146,2026-02-09T00:00:00Z,8.6843,7.3521,6.9458,7.7474,5.7412,11.1773
E0147,2026-02-09T00:00:00Z,8.6924,7.1681,7.9479,7.6847,6.2097,11.4567
E0148,2026-02-09T00:00:00Z,7.9264,9.7068,10.8512,7.7428,6.2341,11.4079
E0149,2026-02-09T00:00:00Z,8.989,8.2062,8.3322,10.6518,7.3383,7.2382
E0000,2026-02-10T00:00:00Z,8.7085,8.1072,7.4491,7.798,4.8256,10.9927
E0001,2026-02-10T00:00:00Z,7.3123,9.8039,10.0248,6.8486,5.873,10.7058
E0002,2026-02-10T00:00:00Z,8.5944,11.0668,8.4665,8.7485,5.1876,9.2782
E0003,2026-02-10T00:00:00Z,8.5046,9.2851,8.0911,7.9852,7.0089,8.4534
E0004,2026-02-10T00:00:00Z,9.489,9.5789,8.8633,7.2723,5.5297,9.9719
E0005,2026-02-10T00:00:00Z,8.821,9.769,9.088,8.469,4.5938,7.727
E0006,2026-02-10T00:00:00Z,8.3908,9.5074,7.312,8.1358,6.7564,11.5704
E0007,2026-02-10T00:00:00Z,7.9834,8.7667,8.9564,8.8284,5.8374,8.3811
E0008,2026-02-10T00:00:00Z,8.659,9.7707,7.8032,6.5732,4.29,9.1981
E0009,2026-02-10T00:00:00Z,8.9178,9.1987,8.4858,7.4746,6.828,10.1798
E0010,2026-02-10T00:00:00Z,8.445,8.675,8.6123,7.0526,7.4006,11.2497
E0011,2026-02-10T00:00:00Z,7.5822,11.1197,7.2075,7.8131,6.3234,9.5447
E0012,2026-02-10T00:00:00Z,8.679,9.5607,6.4982,9.1039,6.8062,8.6867
E0013,2026-02-10T00:00:00Z,9.2372,9.3964,7.5067,7.6092,6.7904,7.08
E0014,2026-02-10T00:00:00Z,9.0157,10.6688,8.3708,7.1584,7.3656,9.2191
E0015,2026-02-10T00:00:00Z,6.9474,8.6429,8.4389,6.8325,5.6426,7.7989
E0016,2026-02-10T00:00:00Z,8.0356,9.3528,10.8083,8.6936,6.9514,10.5174
E0017,2026-02-10T00:00:00Z,8.1023,9.6012,8.8099,8.0051,6.458,6.39
E0018,2026-02-10T00:00:00Z,9.5514,8.4756,10.7768,7.9697,6.6481,7.5501
E0019,2026-02-10T00:00:00Z,8.667,7.7183,8.0395,8.8301,6.2864,10.7419
E0020,2026-02-10T00:00:00Z,8.0988,8.4183,9.653,6.287,5.3327,8.8785
E0021,2026-02-10T00:00:00Z,8.2738,8.7322,6.9392,6.4287,5.6213,11.6164
E0022,2026-02-10T00:00:00Z,8.9613,10.4409,9.2942,10.1378,8.4056,9.3878
E0023,2026-02-10T00:00:00Z,8.676,8.1194,6.9669,6.8199,6.0888,10.8182
E0024,2026-02-10T00:00:00Z,7.8287,9.5961,8.8263,6.7049,6.3185,11.1852
E0025,2026-02-10T00:00:00Z,7.6549,7.2566,4.7006,6.7255,5.8823,10.34
E0026,2026-02-10T00:00:00Z,7.689,7.3821,7.927,8.4965,5.3515,6.7548
E0027,2026-02-10T00:00:00Z,8.8515,9.4645,7.2625,6.1569,5.5772,8.8267
E0028,2026-02-10T00:00:00Z,9.2377,9.7074,10.0168,7.0209,5.2356,9.6345
E0029,2026-02-10T00:00:00Z,8.6717,7.9382,8.5213,7.2235,6.7796,8.8832
E0030,2026-02-10T00:00:00Z,8.9218,9.6475,9.5343,7.9552,7.2981,7.6106
E0031,2026-02-10T00:00:00Z,9.4225,7.832,8.5218,7.4051,6.3743,11.806
E0032,2026-02-10T00:00:00Z,8.4138,10.1934,10.2092,7.3282,5.4801,10.9356
E0033,2026-02-10T00:00:00Z,7.7136,7.0059,8.3983,8.649,6.6263,11.3568
E0034,2026-02-10T00:00:00Z,7.6891,9.9586,8.2332,6.5069,5.5759,10.1608
E0035,2026-02-10T00:00:00Z,6.9319,8.4064,8.8774,6.987,5.2339,9.3302
E0036,2026-02-10T00:00:00Z,8.2309,10.2022,9.0026,9.0533,8.5533,8.9981
E0037,2026-02-10T00:00:00Z,7.833,6.4996,8.3174,7.0338,5.4418,11.0894
E0038,2026-02-10T00:00:00Z,7.7715,10.4103,9.3801,8.6966,6.2435,10.6761
E0039,2026-02-10T00:00:00Z,8.1059,9.213,10.5168,8.407,6.0661,10.6272
E0040,2026-02-10T00:00:00Z,8.9797,7.3201,9.2828,7.2906,6.1145,9.4885
E0041,2026-02-10T00:00:00Z,7.4494,9.3253,7.7171,6.921,6.4988,7.5021
E0042,2026-02-10T00:00:00Z,7.2779,8.5587,7.1737,7.0454,6.8997,7.8283
E0043,2026-02-10T00:00:00Z,8.855,7.755,9.6495,7.7821,7.4373,8.0108
E0044,2026-02-10T00:00:00Z,7.4706,9.3129,8.3599,8.0418,6.4156,10.482
E0045,2026-02-10T00:00:00Z,7.9863,7.251,8.7439,6.9261,6.2869,8.6808
E0046,2026-02-10T00:00:00Z,8.7034,8.1452,6.796,8.2199,7.4923,8.9515
E0047,2026-02-10T00:00:00Z,7.6228,11.9907,9.5613,9.316,5.763,8.2775
E0048,2026-02-10T00:00:00Z,8.2232,8.5739,9.627,7.5175,5.0237,11.2161
E0049,2026-02-10T00:00:00Z,9.0158,9.177,9.5575,8.1856,6.043,8.2637
E0050,2026-02-10T00:00:00Z,7.6902,8.8344,7.0479,10.5845,4.8927,10.4088
E0051,2026-02-10T00:00:00Z,8.2112,8.1443,6.5452,7.4244,5.79,12.6195
E0052,2026-02-10T00:00:00Z,8.7772,11.0421,8.8641,9.4209,6.7177,8.4221
E0053,2026-02-10T00:00:00Z,8.1656,8.7539,6.8417,7.2712,5.2301,6.9163
E0054,2026-02-10T00:00:00Z,7.6091,9.7292,8.6033,7.3914,6.5746,6.5987
E0055,2026-02-10T00:00:00Z,8.1546,10.8194,8.0081,6.326,6.3967,11.0992
E0056,2026-02-10T00:00:00Z,8.5444,8.2791,9.1361,7.3986,4.4819,7.9376
E0057,2026-02-10T00:00:00Z,8.694,9.3159,8.5025,7.5365,4.4531,10.242
E0058,2026-02-10T00:00:00Z,7.4453,9.209,8.3657,7.7604,6.1321,9.0441
E0059,2026-02-10T00:00:00Z,7.7114,9.2916,6.952,7.4054,7.0423,9.5176
E0060,2026-02-10T00:00:00Z,8.3123,7.6324,6.3278,7.2892,7.5188,8.129
E0061,2026-02-10T00:00:00Z,7.1712,10.2472,9.918,7.2416,6.7343,9.5463
E0062,2026-02-10T00:00:00Z,7.0969,8.7169,6.512,7.7065,5.9666,7.7538
E0063,2026-02-10T00:00:00Z,8.9462,10.513,8.4454,7.6729,4.4006,9.9823
E0064,2026-02-10T00:00:00Z,8.5059,11.5376,8.6998,5.6755,6.4253,11.9402
E0065,2026-02-10T00:00:00Z,7.3558,8.379,8.3384,7.6636,8.8768,12.0645
E0066,2026-02-10T00:00:00Z,7.4351,9.615,9.2679,7.5152,7.1171,7.6287
E0067,2026-02-10T00:00:00Z,7.7169,7.7378,10.9554,6.7386,6.7682,10.3915
E0068,2026-02-10T00:00:00Z,8.8613,8.2693,10.2574,7.9234,5.5805,9.0895
E0069,2026-02-10T00:00:00Z,7.6944,8.7554,7.8681,8.0706,6.8615,9.6082
E0070,2026-02-10T00:00:00Z,9.0428,8.1338,9.0375,7.7876,6.9604,10.537
E0071,2026-02-10T00:00:00Z,7.2865,9.2995,6.4184,6.9677,7.8716,10.3537
E0072,2026-02-10T00:00:00Z,6.6618,10.7013,8.9146,7.3337,7.989,11.4748
E0073,2026-02-10T00:00:00Z,8.5018,8.9892,9.1108,7.5077,7.9045,10.8708
E0074,2026-02-10T00:00:00Z,6.9169,6.7658,10.0905,8.845,5.1866,8.8076
E0075,2026-02-10T00:00:00Z,8.5261,8.6932,7.8599,6.7577,7.0115,8.3526
E0076,2026-02-10T00:00:00Z,6.9971,9.1509,8.1633,6.8782,6.1834,9.8602
E0077,2026-02-10T00:00:00Z,7.8422,8.2929,9.6417,8.3336,6.3035,9.3571
E0078,2026-02-10T00:00:00Z,8.2745,9.4897,7.1112,6.7533,4.7443,9.3564
E0079,2026-02-10T00:00:00Z,8.265,9.5137,9.6814,7.5409,6.3534,9.7719
E0080,2026-02-10T00:00:00Z,8.4227,9.6155,7.281,5.1972,5.568,10.5501
E0081,2026-02-10T00:00:00Z,7.8928,9.8987,9.428,7.6202,6.16,11.4936
E0082,2026-02-10T00:00:00Z,7.8113,10.111,9.4085,7.1815,3.5937,10.9183
E0083,2026-02-10T00:00:00Z,7.7018,8.6889,9.2223,7.621,4.9626,6.4663
E0084,2026-02-10T00:00:00Z,8.5549,11.1322,8.1211,6.7297,7.0898,11.3089
E0085,2026-02-10T00:00:00Z,7.5401,8.7167,8.4655,8.198,7.1948,7.5503
E0086,2026-02-10T00:00:00Z,7.8522,10.7891,9.9162,7.3377,7.2773,8.9963
E0087,2026-02-10T00:00:00Z,8.1653,6.9063,9.3242,4.7018,6.5617,7.4827
E0088,2026-02-10T00:00:00Z,8.8806,9.379,8.5173,9.4051,5.8232,12.5527
E0089,2026-02-10T00:00:00Z,8.0371,9.0937,8.6159,8.6782,6.9256,13.6201
E0090,2026-02-10T00:00:00Z,7.5709,8.3437,7.2462,7.9128,7.0831,13.8723
E0091,2026-02-10T00:00:00Z,8.2636,8.8688,8.1993,6.1303,6.5781,8.0042
E0092,2026-02-10T00:00:00Z,9.0896,10.8423,8.1883,7.7215,5.9964,9.4607
E0093,2026-02-10T00:00:00Z,7.9039,7.5822,10.3731,7.5505,5.0095,12.3456
E0094,2026-02-10T00:00:00Z,7.9783,9.394,8.271,5.8613,7.4233,9.1269
E0095,2026-02-10T00:00:00Z,8.2242,10.0491,9.7484,8.3132,4.9724,12.0793
E0096,2026-02-10T00:00:00Z,8.9631,7.7959,6.4842,6.7632,5.1746,6.416
E0097,2026-02-10T00:00:00Z,8.2999,9.7503,8.5808,7.2476,6.1637,7.0169
E0098,2026-02-10T00:00:00Z,7.4137,10.505,9.5726,9.3731,5.0155,10.5601
E0099,2026-02-10T00:00:00Z,7.3622,7.6331,8.9908,7.9024,6.3688,9.1001
E0100,2026-02-10T00:00:00Z,8.37,11.8076,9.9424,7.8197,4.7102,9.3423
E0101,2026-02-10T00:00:00Z,7.5732,9.132,7.7083,6.7495,6.0068,8.7313
E0102,2026-02-10T00:00:00Z,7.8994,9.9852,8.9127,7.2553,6.4562,8.5615
E0103,2026-02-10T00:00:00Z,7.518,9.2896,6.3379,8.6384,6.5609,7.3268
E0104,2026-02-10T00:00:00Z,7.7322,9.518,8.574,9.363,6.0739,10.3253
E0105,2026-02-10T00:00:00Z,8.3138,9.5359,9.5127,6.1233,5.3459,11.7718
E0106,2026-02-10T00:00:00Z,9.1872,10.985,7.9152,6.5027,4.9352,9.6981
E0107,2026-02-10T00:00:00Z,8.2811,9.6253,5.8719,8.2111,5.8844,11.8433
E0108,2026-02-10T00:00:00Z,7.8867,10.9649,6.5328,7.5661,7.7645,8.1146
E0109,2026-02-10T00:00:00Z,7.7486,9.5389,9.4815,6.9451,5.7822,10.4843
E0110,2026-02-10T00:00:00Z,8.0682,8.5142,8.0019,6.9735,6.5779,9.7401
E0111,2026-02-10T00:00:00Z,6.7496,9.9593,9.7932,7.6874,5.8185,12.9257
E0112,2026-02-10T00:00:00Z,8.5097,8.6168,9.4918,8.0014,6.0008,8.725
E0113,2026-02-10T00:00:00Z,9.4278,8.4151,9.2009,7.28,5.4198,8.6575
E0114,2026-02-10T00:00:00Z,9.1768,8.7329,8.3046,7.0363,6.6236,11.75
E0115,2026-02-10T00:00:00Z,8.867,10.3579,9.2402,8.3658,6.4005,11.4464
E0116,2026-02-10T00:00:00Z,8.4521,8.9409,6.2582,8.7592,6.0909,8.1534
E0117,2026-02-10T00:00:00Z,8.187,8.7456,9.1765,6.6628,5.5212,10.7328
E0118,2026-02-10T00:00:00Z,8.1742,7.6865,8.1104,7.604,7.8843,8.7257
E0119,2026-02-10T00:00:00Z,8.4612,8.7249,7.2774,8.1065,7.3312,9.8509
E0120,2026-02-10T00:00:00Z,7.9016,10.6601,7.7972,7.6079,6.7007,5.7907
E0121,2026-02-10T00:00:00Z,8.3955,10.0719,8.6113,9.0168,6.6565,9.706
E0122,2026-02-10T00:00:00Z,8.0876,9.7002,9.4023,7.857,6.3183,9.6995
E0123,2026-02-10T00:00:00Z,7.5811,9.445,8.8062,5.6927,7.2627,8.249
E0124,2026-02-10T00:00:00Z,9.1515,10.0077,7.1249,5.9874,6.4314,8.3029
E0125,2026-02-10T00:00:00Z,9.7611,9.9156,7.0772,8.9736,6.13,7.0676
E0126,2026-02-10T00:00:00Z,8.6615,9.2868,8.8812,7.0542,6.9349,11.0167
E0127,2026-02-10T00:00:00Z,9.3758,10.1808,5.928,7.5548,6.2693,9.7356
E0128,2026-02-10T00:00:00Z,6.9551,9.4012,9.5628,7.2502,6.9351,11.0139
E0129,2026-02-10T00:00:00Z,7.6864,11.5768,8.9379,7.4907,4.6355,9.4564
E0130,2026-02-10T00:00:00Z,9.2551,7.5688,7.3722,7.8197,6.974,5.9859
E0131,2026-02-10T00:00:00Z,7.2417,8.9992,5.4198,6.1682,6.7647,8.5888
E0132,2026-02-10T00:00:00Z,7.7664,8.2289,8.7942,7.5947,6.3972,8.9013
E0133,2026-02-10T00:00:00Z,8.8593,8.4773,9.6819,7.5911,6.9881,8.7708
E0134,2026-02-10T00:00:00Z,8.5185,9.6737,9.2789,8.0769,7.6369,11.1808
E0135,2026-02-10T00:00:00Z,7.6902,7.0435,9.4714,8.4335,6.231,11.5463
E0136,2026-02-10T00:00:00Z,7.9726,7.6536,9.5081,7.1868,5.0889,6.5034
E0137,2026-02-10T00:00:00Z,8.4812,8.6173,9.6004,7.1557,6.3259,10.1354
E0138,2026-02-10T00:00:00Z,7.9305,9.6245,10.4021,5.8575,5.6916,10.6431
E0139,2026-02-10T00:00:00Z,7.5286,9.427,8.0009,6.4403,7.2635,8.9043
E0140,2026-02-10T00:00:00Z,8.816,8.7036,5.7851,8.4927,5.28,9.9141
E0141,2026-02-10T00:00:00Z,8.9263,7.8836,8.5992,7.8174,5.3452,8.7519
E0142,2026-02-10T00:00:00Z,6.193,9.3355,7.7693,8.1191,7.6786,11.2022
E0143,2026-02-10T00:00:00Z,8.7499,9.7561,9.294,7.3705,5.736,7.744
E0144,2026-02-10T00:00:00Z,7.1,10.2216,7.965,7.0862,7.5313,8.0613
E0145,2026-02-10T00:00:00Z,9.6724,7.3979,9.8049,7.3296,6.7302,9.4174
E0146,2026-02-10T00:00:00Z,8.0336,9.1866,7.2129,7.7454,5.1978,12.1414
E0147,2026-02-10T00:00:00Z,8.6721,9.7343,7.4435,7.6777,5.4516,7.5396
E0148,2026-02-10T00:00:00Z,8.4041,9.1535,9.3181,6.4261,6.25,8.515
E0149,2026-02-10T00:00:00Z,8.7659,8.1251,7.8957,7.7139,5.8111,8.7357
E0000,2026-02-11T00:00:00Z,7.372,7.9142,9.0902,8.6756,6.0664,8.7542
E0001,2026-02-11T00:00:00Z,7.9609,8.7327,8.6073,7.6054,5.8925,9.1242
E0002,2026-02-11T00:00:00Z,8.9386,8.5731,8.1885,7.6574,6.8046,10.0243
E0003,2026-02-11T00:00:00Z,7.0965,9.0623,8.7493,6.8774,4.7939,6.6193
E0004,2026-02-11T00:00:00Z,7.891,8.0982,8.098,8.7785,4.6926,8.8168
E0005,2026-02-11T00:00:00Z,7.559,9.3053,6.4545,8.8089,6.444,4.2975
E0006,2026-02-11T00:00:00Z,7.5165,8.7174,7.0209,7.4612,4.6858,7.5321
E0007,2026-02-11T00:00:00Z,7.6346,9.1214,7.1685,7.4249,5.0819,9.1858
E0008,2026-02-11T00:00:00Z,7.9399,9.2006,9.8288,7.5412,6.5782,8.6113
E0009,2026-02-11T00:00:00Z,7.9504,11.7942,6.9953,5.923,5.042,11.5039
E0010,2026-02-11T00:00:00Z,7.436,10.8692,7.3975,7.698,7.8389,9.0775
E0011,2026-02-11T00:00:00Z,8.5687,10.4007,8.3413,7.7848,8.2536,12.7277
E0012,2026-02-11T00:00:00Z,8.6651,8.4078,7.2002,9.0968,6.5348,8.4366
E0013,2026-02-11T00:00:00Z,8.7416,10.1633,10.8874,6.9528,6.3347,11.3448
E0014,2026-02-11T00:00:00Z,8.6439,8.1087,9.2403,6.9529,6.998,8.6363
E0015,2026-02-11T00:00:00Z,9.3083,9.1998,8.488,9.3748,6.8425,8.2142
E0016,2026-02-11T00:00:00Z,8.2062,8.2266,9.2678,5.7106,6.847,11.2924
E0017,2026-02-11T00:00:00Z,9.1923,8.6302,7.3246,7.4413,4.9978,10.6292
E0018,2026-02-11T00:00:00Z,8.8989,8.0285,9.8455,9.2697,5.533,9.3122
E0019,2026-02-11T00:00:00Z,7.749,8.15,8.945,6.7562,5.9209,7.7283
E0020,2026-02-11T00:00:00Z,8.3292,9.098,9.562,7.0747,5.9185,9.3552
E0021,2026-02-11T00:00:00Z,6.9472,10.6702,8.5377,7.6468,6.0861,11.5178
E0022,2026-02-11T00:00:00Z,7.4254,9.5784,7.8049,7.1046,5.2419,11.1412
E0023,2026-02-11T00:00:00Z,9.0936,8.5152,10.0007,6.574,6.5334,10.6531
E0024,2026-02-11T00:00:00Z,8.9339,6.7823,9.4588,7.5247,7.8018,9.1023
E0025,2026-02-11T00:00:00Z,8.9113,7.1058,7.0589,7.228,7.4475,8.5796
E0026,2026-02-11T00:00:00Z,7.2174,9.3981,8.4183,8.1915,5.4142,10.7412
E0027,2026-02-11T00:00:00Z,7.1089,9.9637,9.4929,6.2094,5.4361,9.7843
E0028,2026-02-11T00:00:00Z,8.6507,9.6504,8.8696,7.3281,5.3249,11.9463
E0029,2026-02-11T00:00:00Z,7.3453,8.0431,9.4497,8.4359,6.4302,9.9393
E0030,2026-02-11T00:00:00Z,7.5529,9.301,7.8763,8.1738,5.0931,8.5287
E0031,2026-02-11T00:00:00Z,8.8688,9.5312,6.1558,8.6153,5.9595,6.9549
E0032,2026-02-11T00:00:00Z,8.2706,7.9361,7.4402,7.6494,5.9573,7.8728
E0033,2026-02-11T00:00:00Z,8.4827,9.9874,10.9609,9.3826,5.0662,13.2937
E0034,2026-02-11T00:00:00Z,6.1658,9.8489,8.9924,7.9773,6.2234,10.973
E0035,2026-02-11T00:00:00Z,7.7414,10.8132,8.9678,7.9999,4.9277,11.1374
E0036,2026-02-11T00:00:00Z,8.1076,8.2941,10.7452,6.7221,6.4303,7.7219
E0037,2026-02-11T00:00:00Z,9.2497,10.1031,9.986,8.6845,7.0811,11.753
E0038,2026-02-11T00:00:00Z,8.1772,8.6204,8.4784,6.93,7.5445,9.5068
E0039,2026-02-11T00:00:00Z,8.2526,8.9218,5.489,8.4361,7.2566,8.8425
E0040,2026-02-11T00:00:00Z,7.585,9.8476,9.1917,6.5829,7.0735,9.1491
E0041,2026-02-11T00:00:00Z,7.6818,8.7262,6.195,8.1374,5.9393,12.4941
E0042,2026-02-11T00:00:00Z,7.8065,10.3575,8.8343,8.0689,5.3474,12.5827
E0043,2026-02-11T00:00:00Z,8.0341,7.27,9.8434,8.6819,7.5552,10.4029
E0044,2026-02-11T00:00:00Z,7.9744,10.1625,9.7561,9.0247,5.6837,8.9083
E0045,2026-02-11T00:00:00Z,8.5173,7.2027,9.7605,7.6918,7.0348,12.0771
E0046,2026-02-11T00:00:00Z,8.0214,8.3765,8.1948,6.5352,7.0517,8.3118
E0047,2026-02-11T00:00:00Z,7.7271,8.6565,6.6866,8.4271,6.3746,11.5458
E0048,2026-02-11T00:00:00Z,8.5706,8.8474,8.6032,6.1941,7.3405,10.9133
E0049,2026-02-11T00:00:00Z,8.9013,6.8308,7.8574,7.3502,6.81,7.9165
E0050,2026-02-11T00:00:00Z,8.1543,9.1227,8.0127,6.7568,7.9878,9.6976
E0051,2026-02-11T00:00:00Z,8.9193,9.9396,8.6226,9.2215,6.0844,9.3274
E0052,2026-02-11T00:00:00Z,9.9948,8.4281,7.6938,9.2854,6.5313,9.1301
E0053,2026-02-11T00:00:00Z,7.2843,7.9856,8.6287,6.6134,6.8705,10.6795
E0054,2026-02-11T00:00:00Z,7.4426,8.4688,7.4743,9.4206,6.2302,7.7038
E0055,2026-02-11T00:00:00Z,7.4009,9.4035,9.1511,5.4082,7.6897,9.2966
E0056,2026-02-11T00:00:00Z,8.5489,9.5015,8.4764,5.9722,5.2417,4.9744
E0057,2026-02-11T00:00:00Z,8.6075,9.5018,9.1318,6.9763,4.9751,11.106
E0058,2026-02-11T00:00:00Z,8.62,9.1129,8.7353,6.5454,6.3277,8.3558
E0059,2026-02-11T00:00:00Z,7.325,8.4012,10.0202,5.5694,6.6502,9.4563
E0060,2026-02-11T00:00:00Z,7.5799,9.6902,8.7408,5.3439,5.9755,9.953
E0061,2026-02-11T00:00:00Z,7.8182,10.6734,9.695,6.2776,5.9099,7.0452
E0062,2026-02-11T00:00:00Z,9.018,7.397,10.5899,7.8603,7.5176,12.1503
E0063,2026-02-11T00:00:00Z,8.4486,7.4354,9.6838,6.6814,6.1376,8.0014
E0064,2026-02-11T00:00:00Z,8.513,8.6897,6.5277,8.9326,6.3543,8.8076
E0065,2026-02-11T00:00:00Z,9.7618,10.2849,8.482,6.648,7.2476,11.2919
E0066,2026-02-11T00:00:00Z,8.3372,11.6025,9.1604,7.2652,6.1754,8.9207
E0067,2026-02-11T00:00:00Z,8.5049,8.5239,8.2039,8.181,6.0761,12.6719
E0068,2026-02-11T00:00:00Z,8.3657,10.1648,8.4014,5.6008,6.8852,8.5048
E0069,2026-02-11T00:00:00Z,7.7546,9.8094,8.1755,5.932,6.3169,10.0913
E0070,2026-02-11T00:00:00Z,8.8654,9.2332,8.243,8.6685,7.693,9.0909
E0071,2026-02-11T00:00:00Z,7.281,8.5424,8.5435,7.8394,7.6926,8.3396
E0072,2026-02-11T00:00:00Z,7.3852,6.9913,9.1428,8.4185,5.3795,7.258
E0073,2026-02-11T00:00:00Z,7.8526,9.1669,8.8659,6.6166,8.044,7.5967
E0074,2026-02-11T00:00:00Z,7.7504,9.3411,7.1713,6.5601,5.8525,9.3812
E0075,2026-02-11T00:00:00Z,8.1798,7.6769,8.5774,7.7622,4.5332,8.7415
E0076,2026-02-11T00:00:00Z,7.9834,7.8608,9.6668,9.7275,6.4004,11.7139
E0077,2026-02-11T00:00:00Z,8.0165,7.8414,8.9838,6.8713,6.4273,10.2972
E0078,2026-02-11T00:00:00Z,8.5494,8.3509,9.6077,8.4583,5.5177,11.5084
E0079,2026-02-11T00:00:00Z,8.4285,7.6083,9.6445,5.7169,6.0219,11.8804
E0080,2026-02-11T00:00:00Z,7.1826,8.4763,9.0478,7.7368,7.4462,8.5738
E0081,2026-02-11T00:00:00Z,8.5904,9.5891,8.7993,6.3415,5.5859,11.0305
E0082,2026-02-11T00:00:00Z,8.1588,8.2599,10.11,6.1358,5.627,10.0578
E0083,2026-02-11T00:00:00Z,8.9803,9.5641,8.1249,8.3167,6.8449,9.2772
E0084,2026-02-11T00:00:00Z,9.2417,9.4991,7.4948,9.3668,5.8166,6.6614
E0085,2026-02-11T00:00:00Z,8.2982,9.0351,9.3089,7.9935,5.6683,7.9933
E0086,2026-02-11T00:00:00Z,8.4079,10.0261,7.3432,7.1552,4.8004,10.4552
E0087,2026-02-11T00:00:00Z,8.3613,8.888,8.1519,8.5832,6.2118,9.7237
E0088,2026-02-11T00:00:00Z,9.1036,10.3827,9.5601,8.2473,7.5424,7.6863
E0089,2026-02-11T00:00:00Z,7.7871,9.6956,8.1216,6.9117,7.4538,8.4135
E0090,2026-02-11T00:00:00Z,9.2312,9.6856,9.7355,5.8383,6.7927,10.275
E0091,2026-02-11T00:00:00Z,9.1745,9.2053,8.6981,7.5491,7.009,10.8272
E0092,2026-02-11T00:00:00Z,8.56,10.6427,7.8203,8.5573,6.3139,12.8595
E0093,2026-02-11T00:00:00Z,8.1034,7.9784,9.1304,5.3599,7.3146,10.6516
E0094,2026-02-11T00:00:00Z,8.6152,7.9537,8.3165,7.4404,6.5198,8.5938
E0095,2026-02-11T00:00:00Z,8.1437,10.6913,6.181,7.9763,6.12,11.126
E0096,2026-02-11T00:00:00Z,10.1062,9.7488,9.133,7.1049,4.8579,11.8579
E0097,2026-02-11T00:00:00Z,6.4247,9.2005,8.8243,9.0166,6.4156,8.429
E0098,2026-02-11T00:00:00Z,8.1194,9.7705,8.243,8.9623,6.9714,8.0435
E0099,2026-02-11T00:00:00Z,8.7128,10.8755,7.862,8.1761,7.6134,11.0002
E0100,2026-02-11T00:00:00Z,8.7902,9.8296,9.4015,7.3234,6.1455,10.7037
E0101,2026-02-11T00:00:00Z,6.5907,9.7383,7.3797,6.8029,6.8816,10.3107
E0102,2026-02-11T00:00:00Z,8.2421,10.2446,6.9696,7.7776,7.5877,8.9323
E0103,2026-02-11T00:00:00Z,8.0245,8.305,6.2345,7.7752,6.3662,11.543
E0104,2026-02-11T00:00:00Z,8.2706,7.0328,9.1365,8.3551,4.7462,9.153
E0105,2026-02-11T00:00:00Z,9.2505,7.7294,7.4543,7.5338,6.0671,8.2222
E0106,2026-02-11T00:00:00Z,8.87,8.9955,6.2181,5.953,5.2168,7.4935
E0107,2026-02-11T00:00:00Z,7.867,10.3766,9.7257,6.831,7.6453,10.0854
E0108,2026-02-11T00:00:00Z,7.4152,10.0348,9.2213,8.3489,8.0355,8.1091
E0109,2026-02-11T00:00:00Z,8.8766,9.1697,7.5308,7.6426,6.1242,10.804
E0110,2026-02-11T00:00:00Z,8.752,8.0688,9.1746,6.825,7.8982,7.8594
E0111,2026-02-11T00:00:00Z,8.5153,10.338,10.6752,6.5003,5.6068,11.8212
E0112,2026-02-11T00:00:00Z,9.1676,8.8862,8.4791,6.7688,6.9829,10.2521
E0113,2026-02-11T00:00:00Z,9.7771,8.1894,7.5898,7.5065,6.5522,12.4244
E0114,2026-02-11T00:00:00Z,7.981,7.6707,8.6332,8.7592,6.4458,9.5539
E0115,2026-02-11T00:00:00Z,9.3533,10.9738,10.3606,6.355,6.1558,10.4633
E0116,2026-02-11T00:00:00Z,8.0342,9.2223,10.5962,8.1162,6.6309,11.0066
E0117,2026-02-11T00:00:00Z,8.5704,9.6854,8.3303,8.285,6.8841,7.2113
E0118,2026-02-11T00:00:00Z,8.6219,9.0886,8.1288,7.0006,6.4233,12.6767
E0119,2026-02-11T00:00:00Z,8.8247,7.7441,8.1928,8.1877,6.2291,8.9099
E0120,2026-02-11T00:00:00Z,9.3731,7.5531,7.5621,8.1487,7.1533,7.5817
E0121,2026-02-11T00:00:00Z,8.6093,8.7839,7.4599,8.3061,6.3628,10.2637
E0122,2026-02-11T00:00:00Z,8.3006,9.4364,8.34,8.3835,5.0064,7.3467
E0123,2026-02-11T00:00:00Z,9.5998,8.1208,8.6995,9.7535,7.1391,8.6665
E0124,2026-02-11T00:00:00Z,8.2394,10.1527,9.4481,8.0698,5.951,7.1047
E0125,2026-02-11T00:00:00Z,8.7825,11.0616,8.5719,6.7727,6.4186,9.3359
E0126,2026-02-11T00:00:00Z,8.3986,8.38,8.2243,7.6648,6.4819,10.1778
E0127,2026-02-11T00:00:00Z,7.849,8.1171,9.2892,7.6162,6.6223,8.8225
E0128,2026-02-11T00:00:00Z,7.3077,8.343,9.7819,6.819,6.5939,11.982
E0129,2026-02-11T00:00:00Z,8.7579,9.5309,9.9269,6.5324,7.2988,8.8368
E0130,2026-02-11T00:00:00Z,7.2695,7.5912,6.2139,8.5748,6.2066,10.7501
E0131,2026-02-11T00:00:00Z,8.3434,8.3673,7.9034,6.4885,5.1836,9.9169
E0132,2026-02-11T00:00:00Z,8.7632,7.8324,8.5054,7.1856,5.5195,9.8109
E0133,2026-02-11T00:00:00Z,8.5395,10.9589,10.5131,8.4359,6.635,8.7326
E0134,2026-02-11T00:00:00Z,9.279,10.114,7.8299,7.6629,5.9678,10.7103
E0135,2026-02-11T00:00:00Z,8.7978,9.9911,9.7168,7.3729,7.3356,7.6466
E0136,2026-02-11T00:00:00Z,7.8519,10.1917,10.5352,7.3336,6.2327,9.225
E0137,2026-02-11T00:00:00Z,8.4874,8.3372,7.5991,6.7099,5.2407,10.3062
E0138,2026-02-11T00:00:00Z,8.8581,8.115,9.4674,5.8816,8.1418,11.6283
E0139,2026-02-11T00:00:00Z,8.6582,9.1342,8.2022,6.1647,6.9301,13.7584
E0140,2026-02-11T00:00:00Z,8.7439,9.8258,8.4676,7.895,6.2008,10.2497
E0141,2026-02-11T00:00:00Z,8.7323,9.7478,8.7123,7.0255,6.4816,7.9938
E0142,2026-02-11T00:00:00Z,7.8761,9.6098,9.4606,6.6197,6.0735,10.9486
E0143,2026-02-11T00:00:00Z,8.8181,9.3176,7.8666,8.2259,6.105,9.7942
E0144,2026-02-11T00:00:00Z,8.1315,10.3784,8.65,5.9653,5.9472,10.7946
E0145,2026-02-11T00:00:00Z,6.9488,8.3482,7.055,7.6317,6.5427,8.256
E0146,2026-02-11T00:00:00Z,8.8749,9.4849,7.3018,7.8817,7.0343,9.5332
E0147,2026-02-11T00:00:00Z,7.9507,10.8161,8.0356,7.1075,5.9215,9.3856
E0148,2026-02-11T00:00:00Z,9.2941,8.4896,9.4606,8.327,5.722,8.9444
E0149,2026-02-11T00:00:00Z,8.738,9.3069,7.0388,5.215,6.4786,9.5646
E0000,2026-02-12T00:00:00Z,9.0338,8.4406,8.9527,8.1154,6.6208,9.6767
E0001,2026-02-12T00:00:00Z,7.1009,10.543,7.9979,7.9992,6.0477,10.6704
E0002,2026-02-12T00:00:00Z,6.5071,8.7146,9.2222,9.7071,8.0002,8.9866
E0003,2026-02-12T00:00:00Z,9.6139,8.5047,8.0683,7.5189,5.9312,6.7606
E0004,2026-02-12T00:00:00Z,8.5477,9.8739,7.7132,5.8698,6.155,8.4271
E0005,2026-02-12T00:00:00Z,8.3068,9.5135,8.4954,7.652,5.9758,11.0278
E0006,2026-02-12T00:00:00Z,8.321,9.2688,8.462,7.0504,5.5856,10.5955
E0007,2026-02-12T00:00:00Z,8.6459,8.2818,8.3095,7.8676,5.3932,11.3468
E0008,2026-02-12T00:00:00Z,8.8791,7.7863,10.0973,6.8234,8.1367,8.7752
E0009,2026-02-12T00:00:00Z,7.8218,8.5714,12.3773,7.5089,6.1172,10.7017
E0010,2026-02-12T00:00:00Z,8.5111,8.5481,10.6915,7.775,6.7702,9.6232
E0011,2026-02-12T00:00:00Z,9.129,9.9084,7.5601,7.0294,4.217,12.8628
E0012,2026-02-12T00:00:00Z,7.7614,8.8209,9.0384,9.3832,6.5586,10.7834
E0013,2026-02-12T00:00:00Z,9.1922,7.4607,9.2967,6.6442,6.7651,10.3847
E0014,2026-02-12T00:00:00Z,7.9025,11.6329,9.3179,8.1672,6.8912,11.3456
E0015,2026-02-12T00:00:00Z,8.4935,11.5232,8.7354,6.7191,6.994,9.336
E0016,2026-02-12T00:00:00Z,7.3546,8.0354,9.8723,6.5458,5.2576,10.2641
E0017,2026-02-12T00:00:00Z,7.4223,7.7094,7.3199,6.1699,6.9933,9.5546
E0018,2026-02-12T00:00:00Z,8.5819,9.3114,8.6587,8.7737,5.8953,12.1645
E0019,2026-02-12T00:00:00Z,8.6307,9.1522,5.57,8.3321,6.8952,9.4878
E0020,2026-02-12T00:00:00Z,9.3637,8.6206,9.76,6.1751,6.8505,7.6831
E0021,2026-02-12T00:00:00Z,7.4402,10.9942,8.9605,7.3519,5.3169,11.097
E0022,2026-02-12T00:00:00Z,8.4274,8.9515,8.9305,6.9123,8.4384,12.2268
E0023,2026-02-12T00:00:00Z,8.0938,9.9603,8.1321,6.9157,6.8252,12.9544
E0024,2026-02-12T00:00:00Z,7.3944,10.321,5.4507,8.186,5.3698,12.1773
E0025,2026-02-12T00:00:00Z,8.7628,8.8433,8.692,7.9619,6.6217,9.675
E0026,2026-02-12T00:00:00Z,8.8311,8.5129,8.1064,6.6763,5.8797,10.6411
E0027,2026-02-12T00:00:00Z,8.5766,9.6341,8.6257,9.6227,6.8195,7.6372
E0028,2026-02-12T00:00:00Z,8.4885,10.289,7.6732,7.3649,7.584,11.3961
E0029,2026-02-12T00:00:00Z,8.9653,9.2562,8.1151,7.9638,5.6302,10.0187
E0030,2026-02-12T00:00:00Z,8.8498,8.7698,8.7038,6.9747,6.3042,9.8037
E0031,2026-02-12T00:00:00Z,7.5404,10.4584,10.3909,5.1794,6.6298,10.8691
E0032,2026-02-12T00:00:00Z,8.3057,9.527,7.913,7.8223,5.9627,10.2028
E0033,2026-02-12T00:00:00Z,7.9625,9.8804,10.1003,7.852,6.0007,11.9089
E0034,2026-02-12T00:00:00Z,7.9308,9.3923,7.8235,8.6461,7.3171,10.3243
E0035,2026-02-12T00:00:00Z,7.5831,8.88,7.7799,5.9907,7.2924,6.8544
E0036,2026-02-12T00:00:00Z,8.2679,8.8331,7.8146,7.7048,5.5999,7.7699
E0037,2026-02-12T00:00:00Z,8.963,8.5435,7.4305,7.88,6.0208,9.0526
E0038,2026-02-12T00:00:00Z,9.0503,10.9314,8.2371,8.2626,6.9598,12.8267
E0039,2026-02-12T00:00:00Z,6.9794,9.2916,9.6322,7.2463,7.1992,9.0578
E0040,2026-02-12T00:00:00Z,8.9305,9.2266,7.4541,7.0009,6.4801,10.956
E0041,2026-02-12T00:00:00Z,8.7087,7.7219,6.2986,8.3131,6.9042,8.1118
E0042,2026-02-12T00:00:00Z,7.4889,9.4766,10.8631,9.02,6.3059,10.191
E0043,2026-02-12T00:00:00Z,7.4059,10.3733,9.7169,6.1733,7.2884,10.6639
E0044,2026-02-12T00:00:00Z,10.8252,9.8202,11.1465,10.2018,6.9641,10.2431
E0045,2026-02-12T00:00:00Z,6.4335,9.6038,8.1983,6.6048,6.4371,10.3661
E0046,2026-02-12T00:00:00Z,8.3792,10.8716,6.9235,6.1899,5.2175,8.8823
E0047,2026-02-12T00:00:00Z,8.1484,9.2574,9.212,8.4428,7.0199,11.7194
E0048,2026-02-12T00:00:00Z,9.0151,10.0558,7.3581,7.9006,6.2279,9.1859
E0049,2026-02-12T00:00:00Z,7.7886,8.2783,9.5613,8.2816,5.6127,9.3959
E0050,2026-02-12T00:00:00Z,9.342,9.6973,8.6192,6.9559,6.6593,8.6885
E0051,2026-02-12T00:00:00Z,8.4765,10.2803,9.6081,7.179,7.1499,7.8344
E0052,2026-02-12T00:00:00Z,7.7186,10.1641,8.5152,7.1513,6.7167,12.4652
E0053,2026-02-12T00:00:00Z,8.1931,7.7141,8.0999,6.9886,6.7438,8.0243
E0054,2026-02-12T00:00:00Z,8.6517,8.4236,9.2083,8.1835,6.9935,10.749
E0055,2026-02-12T00:00:00Z,9.0385,9.0122,5.6931,8.9733,5.8199,10.0486
E0056,2026-02-12T00:00:00Z,8.157,7.848,11.0165,7.5296,5.7941,8.1945
E0057,2026-02-12T00:00:00Z,7.4069,8.8322,7.7836,6.6868,6.268,9.2686
E0058,2026-02-12T00:00:00Z,8.0116,9.5324,8.5007,7.964,6.7407,10.9956
E0059,2026-02-12T00:00:00Z,8.8008,9.0512,8.2641,7.2548,6.767,10.2345
E0060,2026-02-12T00:00:00Z,8.7894,8.488,7.1597,7.0271,6.6237,9.9597
E0061,2026-02-12T00:00:00Z,8.3495,8.771,9.3789,6.0312,6.7912,9.6052
E0062,2026-02-12T00:00:00Z,8.4456,6.5143,8.9627,7.6774,6.5741,12.3674
E0063,2026-02-12T00:00:00Z,8.4958,9.3894,8.526,7.9885,5.5661,8.4975
E0064,2026-02-12T00:00:00Z,7.5743,8.7202,8.3075,9.9191,6.7822,11.8765
E0065,2026-02-12T00:00:00Z,9.2131,7.9118,6.9943,7.8487,6.9251,8.0777
E0066,2026-02-12T00:00:00Z,7.8191,8.0262,10.518,8.3343,5.5815,8.1239
E0067,2026-02-12T00:00:00Z,9.0241,9.8163,9.6352,9.3794,6.5006,13.9591
E0068,2026-02-12T00:00:00Z,8.184,9.1701,8.3306,7.0793,5.7287,8.7282
E0069,2026-02-12T00:00:00Z,9.1789,9.8819,8.6508,6.8754,5.4214,10.8405
E0070,2026-02-12T00:00:00Z,8.5926,7.5573,6.2513,6.1033,7.3698,8.8028
E0071,2026-02-12T00:00:00Z,8.651,7.8406,9.8482,8.6401,5.1456,11.9752
E0072,2026-02-12T00:00:00Z,9.8749,9.8894,7.2583,7.2823,5.816,8.3555
E0073,2026-02-12T00:00:00Z,7.0462,8.7795,8.1735,7.2337,6.5911,8.7326
E0074,2026-02-12T00:00:00Z,9.0914,7.9729,6.8376,8.7514,5.9106,10.4827
E0075,2026-02-12T00:00:00Z,8.4395,10.0685,7.8816,7.1683,6.6523,7.2859
E0076,2026-02-12T00:00:00Z,8.1807,9.9033,8.1435,7.3054,7.3467,8.447
E0077,2026-02-12T00:00:00Z,8.7699,10.2131,8.8612,7.1271,7.2343,9.5206
E0078,2026-02-12T00:00:00Z,7.2498,10.6004,8.5281,7.2607,6.9646,11.2981
E0079,2026-02-12T00:00:00Z,8.0264,9.2827,8.3197,7.952,7.321,7.8848
E0080,2026-02-12T00:00:00Z,7.5977,9.5821,9.3141,8.1261,7.4204,10.8259
E0081,2026-02-12T00:00:00Z,7.6741,9.2077,10.4693,6.4302,7.6968,11.624
E0082,2026-02-12T00:00:00Z,8.144,8.746,8.9054,7.0229,6.37,10.3145
E0083,2026-02-12T00:00:00Z,9.391,7.4641,7.8614,7.9447,4.8192,9.8846
E0084,2026-02-12T00:00:00Z,8.1386,7.8632,9.2521,8.0372,5.6217,9.8044
E0085,2026-02-12T00:00:00Z,8.3164,7.3796,9.5447,7.4671,4.6745,9.8132
E0086,2026-02-12T00:00:00Z,8.7131,10.3004,6.9035,6.7363,6.9299,9.7682
E0087,2026-02-12T00:00:00Z,8.3468,9.0704,9.362,8.9566,7.6378,10.8837
E0088,2026-02-12T00:00:00Z,9.2002,9.7143,9.8083,7.5844,5.183,12.4719
E0089,2026-02-12T00:00:00Z,9.3602,10.069,8.1899,9.5655,5.9885,8.0074
E0090,2026-02-12T00:00:00Z,10.0941,9.8615,6.9282,5.6795,5.0722,8.3874
E0091,2026-02-12T00:00:00Z,8.0709,10.504,9.5586,7.6645,6.8508,10.2011
E0092,2026-02-12T00:00:00Z,8.5331,8.3556,9.9653,8.6502,6.2796,10.4085
E0093,2026-02-12T00:00:00Z,7.7417,10.7154,9.975,7.4729,6.9633,7.7667
E0094,2026-02-12T00:00:00Z,8.2151,8.344,9.8875,6.5253,8.3644,7.5377
E0095,2026-02-12T00:00:00Z,7.4266,9.2372,7.8969,7.8816,7.2421,9.494
E0096,2026-02-12T00:00:00Z,9.3776,9.2409,8.6037,7.0509,6.5691,10.6868
E0097,2026-02-12T00:00:00Z,8.8907,9.9674,8.2253,7.4178,4.4141,9.3356
E0098,2026-02-12T00:00:00Z,8.2156,7.6709,7.8089,6.6748,6.096,10.9779
E0099,2026-02-12T00:00:00Z,7.9262,9.4351,7.6848,6.6113,6.9584,8.7617
E0100,2026-02-12T00:00:00Z,7.5004,7.1933,7.8528,10.2417,6.2908,10.4429
E0101,2026-02-12T00:00:00Z,7.5518,7.9815,8.5444,8.316,5.2834,9.0314
E0102,2026-02-12T00:00:00Z,8.0908,11.8579,6.7912,7.9227,5.5245,6.7179
E0103,2026-02-12T00:00:00Z,8.6471,9.0677,7.7609,6.6636,4.6586,10.8378
E0104,2026-02-12T00:00:00Z,8.5319,8.2747,9.4813,8.883,6.7252,8.7133
E0105,2026-02-12T00:00:00Z,7.7976,8.4619,7.5277,7.7076,6.2935,9.0751
E0106,2026-02-12T00:00:00Z,8.1938,8.6081,10.613,8.1917,6.3688,9.6681
E0107,2026-02-12T00:00:00Z,9.1423,7.736,7.0111,7.9461,6.8997,11.3565
E0108,2026-02-12T00:00:00Z,8.5841,8.1015,10.4825,8.3988,5.5273,7.5668
E0109,2026-02-12T00:00:00Z,8.8553,9.2637,9.0894,9.2753,5.1747,12.1171
E0110,2026-02-12T00:00:00Z,8.555,10.2022,7.7479,8.0349,7.1254,11.3586
E0111,2026-02-12T00:00:00Z,8.1914,12.5166,9.4452,7.2243,6.8125,10.8325
E0112,2026-02-12T00:00:00Z,8.1834,8.3383,8.675,7.5096,6.1355,9.341
E0113,2026-02-12T00:00:00Z,8.2177,8.7253,8.7864,8.2589,6.3767,11.2922
E0114,2026-02-12T00:00:00Z,7.4703,9.0719,9.6732,8.1842,5.5192,10.4581
E0115,2026-02-12T00:00:00Z,8.3467,8.6401,7.652,7.5123,4.9748,9.0967
E0116,2026-02-12T00:00:00Z,8.9441,8.7349,6.7998,8.8221,7.1655,10.8768
E0117,2026-02-12T00:00:00Z,9.1988,11.2059,7.7273,7.8667,6.886,11.5191
E0118,2026-02-12T00:00:00Z,8.2088,9.1057,8.1638,7.7394,6.6349,8.456
E0119,2026-02-12T00:00:00Z,7.4727,10.3445,8.2998,7.5523,7.2632,12.6033
E0120,2026-02-12T00:00:00Z,8.8269,11.1397,9.5639,6.5569,7.0596,8.7519
E0121,2026-02-12T00:00:00Z,8.9991,10.6156,8.0033,6.6083,6.3706,7.9903
E0122,2026-02-12T00:00:00Z,7.8436,9.1638,9.7824,8.0289,4.3403,9.9961
E0123,2026-02-12T00:00:00Z,7.8687,10.3144,8.0673,9.2706,6.9565,10.3157
E0124,2026-02-12T00:00:00Z,7.6027,9.498,8.3364,7.4387,6.1132,10.1408
E0125,2026-02-12T00:00:00Z,8.7591,7.3121,9.2511,6.6928,6.4141,8.2795
E0126,2026-02-12T00:00:00Z,8.3412,10.8781,6.9703,8.0907,5.6524,10.7762
E0127,2026-02-12T00:00:00Z,9.6204,8.8778,9.4921,7.1837,4.6575,9.4273
E0128,2026-02-12T00:00:00Z,8.2736,9.2903,7.814,6.6101,5.7886,11.1023
E0129,2026-02-12T00:00:00Z,8.1633,7.8614,6.0323,9.2084,4.1413,12.1542
E0130,2026-02-12T00:00:00Z,8.0978,8.7149,5.5119,8.5396,5.0761,8.8522
E0131,2026-02-12T00:00:00Z,7.4921,9.5088,8.2661,7.243,6.1954,8.6849
E0132,2026-02-12T00:00:00Z,6.9649,8.5731,7.4905,8.6775,4.8791,10.2325
E0133,2026-02-12T00:00:00Z,7.0177,10.625,8.7201,8.8631,5.4931,8.9702
E0134,2026-02-12T00:00:00Z,7.8514,8.6468,8.1928,7.8173,6.5014,12.3374
E0135,2026-02-12T00:00:00Z,8.3121,8.5754,9.5079,8.3969,6.2067,8.7541
E0136,2026-02-12T00:00:00Z,7.3069,8.8512,9.0941,7.9666,5.529,8.6117
E0137,2026-02-12T00:00:00Z,7.5906,7.5995,9.1384,7.6424,6.0502,10.4694
E0138,2026-02-12T00:00:00Z,9.0441,8.8989,7.1987,7.6303,7.1905,9.1984
E0139,2026-02-12T00:00:00Z,8.2444,9.9974,7.0518,6.2004,5.9888,11.2416
E0140,2026-02-12T00:00:00Z,8.7695,8.4679,9.008,7.9839,6.0868,7.8577
E0141,2026-02-12T00:00:00Z,8.6473,8.5794,8.1163,7.0021,6.9911,10.7704
E0142,2026-02-12T00:00:00Z,8.6383,10.8888,6.7432,9.2278,8.0801,11.3962
E0143,2026-02-12T00:00:00Z,9.3884,9.964,9.418,6.8105,5.9112,10.2448
E0144,2026-02-12T00:00:00Z,8.6111,7.3464,10.1368,8.2693,5.0246,10.3319
E0145,2026-02-12T00:00:00Z,8.2141,9.5405,10.7164,7.4422,6.5322,9.3317
E0146,2026-02-12T00:00:00Z,7.3607,7.7693,8.5635,6.9424,5.915,10.9179
E0147,2026-02-12T00:00:00Z,7.7456,9.0371,9.838,6.905,6.798,7.5561
E0148,2026-02-12T00:00:00Z,8.4396,10.3156,7.322,7.8375,6.3133,8.8892
E0149,2026-02-12T00:00:00Z,8.1631,9.8905,7.8284,9.1995,7.3349,10.7157
E0000,2026-02-13T00:00:00Z,8.4915,9.6657,7.8561,5.6505,6.7344,9.0965
E0001,2026-02-13T00:00:00Z,9.1379,9.1143,10.7777,8.4365,6.2698,9.984
E0002,2026-02-13T00:00:00Z,8.6196,8.3387,9.3107,8.2662,5.1304,8.6654
E0003,2026-02-13T00:00:00Z,7.6694,7.5263,10.2211,7.569,5.6779,7.1613
E0004,2026-02-13T00:00:00Z,7.096,7.751,10.6939,7.5333,5.5417,7.2699
E0005,2026-02-13T00:00:00Z,7.1018,9.514,7.8798,7.5589,4.1398,8.9317
E0006,2026-02-13T00:00:00Z,10.3313,8.8708,5.9662,8.5588,7.9016,7.1081
E0007,2026-02-13T00:00:00Z,7.7778,10.8687,10.0583,5.7015,6.2053,9.5227
E0008,2026-02-13T00:00:00Z,8.3407,9.1715,8.9259,7.052,6.135,6.7013
E0009,2026-02-13T00:00:00Z,8.8181,8.1389,6.7744,7.5412,6.1923,10.1529
E0010,2026-02-13T00:00:00Z,8.2284,8.1441,7.7495,6.8301,5.7129,8.3151
E0011,2026-02-13T00:00:00Z,7.7774,9.7864,7.6005,8.8935,6.2045,8.2352
E0012,2026-02-13T00:00:00Z,7.1692,8.1378,8.8434,7.2266,5.6337,10.4692
E0013,2026-02-13T00:00:00Z,8.4689,9.231,8.7405,7.5153,7.0759,8.9314
E0014,2026-02-13T00:00:00Z,8.8003,9.7713,7.4955,7.1952,5.5176,8.2896
E0015,2026-02-13T00:00:00Z,8.4467,9.071,6.2757,7.2741,7.6792,9.931
E0016,2026-02-13T00:00:00Z,8.4155,8.7106,8.9259,8.3215,6.1879,9.7514
E0017,2026-02-13T00:00:00Z,6.6914,10.4565,8.9378,6.829,7.0414,7.9226
E0018,2026-02-13T00:00:00Z,7.1365,10.2874,7.9992,7.9485,5.1865,7.0808
E0019,2026-02-13T00:00:00Z,8.0644,9.663,9.3343,7.7575,5.2846,11.2601
E0020,2026-02-13T00:00:00Z,7.3772,10.0004,7.9942,7.4977,5.3574,8.5646
E0021,2026-02-13T00:00:00Z,8.5966,8.3324,9.2329,6.517,6.6481,7.9322
E0022,2026-02-13T00:00:00Z,8.4611,8.5647,8.0505,5.6711,5.6781,8.6905
E0023,2026-02-13T00:00:00Z,8.1117,9.571,5.0891,8.4342,8.1833,9.7533
E0024,2026-02-13T00:00:00Z,8.8278,9.7595,7.2866,6.1543,5.9025,9.7982
E0025,2026-02-13T00:00:00Z,9.3056,10.8026,8.9928,7.946,7.003,9.8942
E0026,2026-02-13T00:00:00Z,8.5178,9.3906,6.0555,5.7636,5.1668,8.6788
E0027,2026-02-13T00:00:00Z,8.4858,9.5743,8.5624,6.3735,4.9375,7.565
E0028,2026-02-13T00:00:00Z,7.7956,7.7313,7.226,6.431,5.5239,10.0841
E0029,2026-02-13T00:00:00Z,8.5291,7.8826,9.3411,8.252,4.4588,9.826
E0030,2026-02-13T00:00:00Z,7.873,9.1075,8.0724,8.109,5.2421,10.5778
E0031,2026-02-13T00:00:00Z,7.3834,10.9573,5.1946,8.3534,6.3485,11.5177
E0032,2026-02-13T00:00:00Z,7.1764,9.6285,9.2354,7.6944,6.4898,8.2335
E0033,2026-02-13T00:00:00Z,8.2107,10.0744,7.3107,9.7114,6.1066,8.2255
E0034,2026-02-13T00:00:00Z,8.065,9.9287,9.566,7.1469,6.3651,9.4627
E0035,2026-02-13T00:00:00Z,9.1539,10.5907,7.813,7.3865,6.1292,11.1563
E0036,2026-02-13T00:00:00Z,8.1008,8.697,7.9482,6.7179,7.1284,8.9237
E0037,2026-02-13T00:00:00Z,7.8191,10.6526,9.3952,8.4127,5.5517,10.33
E0038,2026-02-13T00:00:00Z,8.6588,10.8603,10.4148,7.726,4.8397,11.9102
E0039,2026-02-13T00:00:00Z,8.2213,10.0455,8.8912,7.0309,6.5209,10.0002
E0040,2026-02-13T00:00:00Z,9.5517,8.4606,8.1908,8.7771,6.1589,6.9839
E0041,2026-02-13T00:00:00Z,7.734,9.2978,7.4993,6.2657,7.2228,10.8595
E0042,2026-02-13T00:00:00Z,7.9347,11.253,8.6754,10.3971,7.3241,10.963
E0043,2026-02-13T00:00:00Z,8.5882,8.8438,8.3242,8.2049,7.0945,11.8831
E0044,2026-02-13T00:00:00Z,8.3253,9.5035,7.4376,6.4632,6.969,7.6479
E0045,2026-02-13T00:00:00Z,8.6625,10.6323,9.4464,7.0836,7.675,9.2267
E0046,2026-02-13T00:00:00Z,9.3488,8.11,7.6255,7.6231,6.2269,8.7265
E0047,2026-02-13T00:00:00Z,7.6647,9.4855,12.0891,8.455,6.3071,8.609
E0048,2026-02-13T00:00:00Z,8.5345,7.586,7.2694,8.5067,5.9114,9.0617
E0049,2026-02-13T00:00:00Z,9.9287,7.1794,7.9943,8.2077,6.175,9.4782
E0050,2026-02-13T00:00:00Z,8.4736,9.7401,6.3084,8.5412,5.8083,11.5519
E0051,2026-02-13T00:00:00Z,8.243,10.7745,8.8311,8.6455,8.1625,8.2594
E0052,2026-02-13T00:00:00Z,8.0689,8.9228,8.1695,8.1703,5.5255,10.8674
E0053,2026-02-13T00:00:00Z,7.6466,11.403,8.1261,7.9987,6.8296,11.8577
E0054,2026-02-13T00:00:00Z,8.2597,7.7803,8.6833,7.0986,6.8337,12.1043
E0055,2026-02-13T00:00:00Z,9.0527,8.8916,9.0344,9.0633,6.1296,11.8897
E0056,2026-02-13T00:00:00Z,9.4897,8.3104,8.3539,6.0251,5.1761,13.3623
E0057,2026-02-13T00:00:00Z,7.433,9.904,7.5062,7.8018,6.3087,11.2637
E0058,2026-02-13T00:00:00Z,7.9795,8.7936,7.9073,4.8221,5.7914,8.4734
E0059,2026-02-13T00:00:00Z,8.7464,8.4928,7.5264,6.8615,5.7879,9.1732
E0060,2026-02-13T00:00:00Z,8.3667,8.5953,8.9597,6.5012,6.9225,7.9076
E0061,2026-02-13T00:00:00Z,7.9968,7.5832,8.7024,8.7461,7.0893,11.2979
E0062,2026-02-13T00:00:00Z,7.1644,8.7934,8.0166,6.9503,5.0417,7.2121
E0063,2026-02-13T00:00:00Z,8.11,8.7788,7.7246,7.5566,6.2434,9.0218
E0064,2026-02-13T00:00:00Z,8.9396,8.2467,7.2498,6.8661,5.3517,9.7421
E0065,2026-02-13T00:00:00Z,8.4206,9.9009,7.9046,8.4977,6.7169,8.5388
E0066,2026-02-13T00:00:00Z,8.7224,9.7444,7.7978,7.4281,5.1208,8.035
E0067,2026-02-13T00:00:00Z,7.7391,9.3322,7.8381,6.6062,5.8824,9.2573
E0068,2026-02-13T00:00:00Z,7.7574,10.255,7.4955,6.3677,6.7606,7.5908
E0069,2026-02-13T00:00:00Z,7.9579,9.9132,8.1219,7.173,7.1121,9.0406
E0070,2026-02-13T00:00:00Z,8.0351,9.63,7.3728,7.7628,6.0463,7.0975
E0071,2026-02-13T00:00:00Z,9.366,10.5067,9.4665,6.9789,8.5881,11.2729
E0072,2026-02-13T00:00:00Z,8.0544,8.613,9.5654,6.7858,8.1894,6.7357
E0073,2026-02-13T00:00:00Z,9.5471,7.8507,7.6903,6.6935,5.0534,12.084
E0074,2026-02-13T00:00:00Z,7.8209,7.5708,7.2754,8.7847,5.5375,14.0977
E0075,2026-02-13T00:00:00Z,8.5589,9.4212,9.1496,7.1483,6.4897,9.8217
E0076,2026-02-13T00:00:00Z,8.2025,9.4852,8.0258,6.4961,6.9439,10.6371
E0077,2026-02-13T00:00:00Z,8.2472,9.2143,8.9502,7.8528,5.7862,10.7348
E0078,2026-02-13T00:00:00Z,7.5987,10.5572,9.7809,7.2348,7.4039,9.3796
E0079,2026-02-13T00:00:00Z,8.4384,9.2958,7.9601,7.6824,5.9543,9.6088
E0080,2026-02-13T00:00:00Z,8.682,10.8923,9.3285,7.4742,6.4883,9.8717
E0081,2026-02-13T00:00:00Z,7.3924,9.2945,8.6993,8.5117,4.8804,10.8523
E0082,2026-02-13T00:00:00Z,8.5982,7.7101,7.6632,7.6812,8.2702,9.264
E0083,2026-02-13T00:00:00Z,8.101,8.5048,7.0061,8.9174,6.9676,10.8138
E0084,2026-02-13T00:00:00Z,7.3868,8.6725,11.5,8.7709,5.575,9.2995
E0085,2026-02-13T00:00:00Z,9.2175,9.0131,6.6102,7.3298,4.9574,10.6226
E0086,2026-02-13T00:00:00Z,8.8379,8.5963,7.6564,7.476,5.9218,7.9311
E0087,2026-02-13T00:00:00Z,7.6496,7.2751,8.6225,7.7613,3.9712,11.4647
E0088,2026-02-13T00:00:00Z,8.4705,7.3677,8.6577,7.3873,6.6896,10.1815
E0089,2026-02-13T00:00:00Z,8.6529,9.0449,10.8201,6.3222,6.0894,11.4686
E0090,2026-02-13T00:00:00Z,8.0627,10.8883,10.5716,7.5008,5.7478,8.5451
E0091,2026-02-13T00:00:00Z,7.7291,8.197,6.97,7.1938,4.6775,8.3112
E0092,2026-02-13T00:00:00Z,8.5672,10.428,9.184,7.1325,5.2958,9.2411
E0093,2026-02-13T00:00:00Z,7.9779,7.4873,4.3697,7.288,7.701,8.5477
E0094,2026-02-13T00:00:00Z,7.3207,9.7013,6.7149,6.8548,7.3776,11.5211
E0095,2026-02-13T00:00:00Z,8.1717,9.3334,9.4771,7.6763,5.8177,8.1725
E0096,2026-02-13T00:00:00Z,7.9469,8.8711,8.434,7.7468,7.503,9.7018
E0097,2026-02-13T00:00:00Z,8.1235,9.8359,8.9227,9.4558,7.9965,9.2914
E0098,2026-02-13T00:00:00Z,8.2747,8.3825,10.183,7.3631,6.1079,9.8757
E0099,2026-02-13T00:00:00Z,9.3068,7.8695,7.8461,6.4585,6.9579,9.4017
E0100,2026-02-13T00:00:00Z,8.4815,10.3874,7.276,7.3379,5.7111,11.8787
E0101,2026-02-13T00:00:00Z,8.0912,10.6498,10.3293,7.399,7.3989,10.6963
E0102,2026-02-13T00:00:00Z,8.0789,8.1832,8.5173,8.7912,7.8161,7.492
E0103,2026-02-13T00:00:00Z,7.0016,9.1634,7.5503,8.0426,6.3725,11.4805
E0104,2026-02-13T00:00:00Z,8.1427,9.3813,8.0404,6.2713,4.9249,8.7063
E0105,2026-02-13T00:00:00Z,8.6674,9.2975,10.8233,8.1693,7.83,9.8298
E0106,2026-02-13T00:00:00Z,7.1587,8.9894,7.3903,6.3456,7.4804,9.1896
E0107,2026-02-13T00:00:00Z,9.5597,8.2318,11.2589,6.8187,7.6059,8.9388
E0108,2026-02-13T00:00:00Z,9.0249,11.5621,8.6174,7.4891,7.3589,9.5658
E0109,2026-02-13T00:00:00Z,7.2253,8.8891,8.0706,7.0726,6.4109,11.4525
E0110,2026-02-13T00:00:00Z,7.9718,8.0787,9.7457,8.8931,8.3648,7.6874
E0111,2026-02-13T00:00:00Z,9.0601,9.5902,8.7458,6.4079,7.0897,9.7244
E0112,2026-02-13T00:00:00Z,7.2817,11.0163,7.6994,6.8123,7.5259,10.4701
E0113,2026-02-13T00:00:00Z,8.1405,7.8209,7.4187,7.0937,6.1795,8.2618
E0114,2026-02-13T00:00:00Z,8.1859,7.7674,8.9512,8.8631,6.0559,10.5347
E0115,2026-02-13T00:00:00Z,8.9616,7.5942,8.6022,7.5454,6.6321,7.5894
E0116,2026-02-13T00:00:00Z,9.1516,8.6779,9.9525,7.8998,6.7782,6.0928
E0117,2026-02-13T00:00:00Z,8.6279,7.936,8.9519,8.5424,6.0486,10.8142
E0118,2026-02-13T00:00:00Z,7.6962,9.8279,9.5124,7.3463,5.9209,11.9977
E0119,2026-02-13T00:00:00Z,8.9363,8.8893,9.9615,8.5614,5.9821,8.9728
E0120,2026-02-13T00:00:00Z,7.874,10.259,8.9568,7.639,5.6409,11.5304
E0121,2026-02-13T00:00:00Z,8.3754,8.273,7.345,6.7101,7.3282,8.488
E0122,2026-02-13T00:00:00Z,8.9801,7.5197,8.0015,7.544,7.2151,10.5507
E0123,2026-02-13T00:00:00Z,9.8392,8.8283,10.241,6.6796,5.3435,9.0619
E0124,2026-02-13T00:00:00Z,8.3386,8.3183,7.47,9.1423,5.5004,12.5526
E0125,2026-02-13T00:00:00Z,9.3287,11.4846,7.6668,6.4748,7.8342,9.6568
E0126,2026-02-13T00:00:00Z,8.8606,9.2308,10.3076,9.1053,6.4142,10.1926
E0127,2026-02-13T00:00:00Z,8.4855,9.1644,9.167,7.6002,5.9411,11.0556
E0128,2026-02-13T00:00:00Z,7.5179,8.033,8.9124,9.0836,4.911,7.8719
E0129,2026-02-13T00:00:00Z,8.2135,9.1963,8.2656,6.3772,5.7235,11.111
E0130,2026-02-13T00:00:00Z,7.4362,7.9143,10.5154,7.7189,5.6743,14.2126
E0131,2026-02-13T00:00:00Z,8.6041,8.0307,10.6027,7.0155,5.9959,9.258
E0132,2026-02-13T00:00:00Z,7.9293,8.0511,8.308,8.1264,4.9706,10.3222
E0133,2026-02-13T00:00:00Z,8.0376,7.9245,7.0841,7.322,4.5386,7.7633
E0134,2026-02-13T00:00:00Z,9.102,7.5694,8.5948,9.4192,6.1161,9.8068
E0135,2026-02-13T00:00:00Z,9.1719,7.2474,8.9753,7.6982,5.6034,10.2267
E0136,2026-02-13T00:00:00Z,8.1362,8.0465,7.7821,8.371,7.1812,9.4709
E0137,2026-02-13T00:00:00Z,8.6233,9.2604,7.8352,5.9449,5.5509,9.4191
E0138,2026-02-13T00:00:00Z,7.5459,8.6869,8.1767,7.9747,8.3269,12.5055
E0139,2026-02-13T00:00:00Z,7.6955,7.885,6.9835,7.1006,5.3283,10.1583
E0140,2026-02-13T00:00:00Z,9.7156,10.8831,6.9114,7.7262,4.7199,12.7245
E0141,2026-02-13T00:00:00Z,9.4942,8.4581,7.2179,6.9279,6.7706,9.6749
E0142,2026-02-13T00:00:00Z,7.349,10.9049,7.7625,7.4569,6.9945,10.7214
E0143,2026-02-13T00:00:00Z,6.9436,9.1125,9.4853,7.3945,7.3847,11.0161
E0144,2026-02-13T00:00:00Z,8.3797,9.4027,7.7013,7.6063,5.692,10.5698
E0145,2026-02-13T00:00:00Z,8.2658,10.0124,7.7933,8.1534,5.1108,8.5472
E0146,2026-02-13T00:00:00Z,6.5615,9.7182,6.6557,6.9533,5.7562,10.4321
E0147,2026-02-13T00:00:00Z,6.6539,9.9016,9.3595,6.4652,7.3518,8.8672
E0148,2026-02-13T00:00:00Z,8.7099,7.0801,7.8556,8.1055,7.1278,9.691
E0149,2026-02-13T00:00:00Z,8.8051,10.2842,8.9967,7.4296,4.7917,11.2479
E0000,2026-02-14T00:00:00Z,8.6387,9.85,9.418,7.1164,5.488,8.9586
E0001,2026-02-14T00:00:00Z,7.0594,8.9178,9.0115,7.6288,8.1591,10.1769
E0002,2026-02-14T00:00:00Z,8.1946,8.9146,7.0089,8.007,8.0776,7.7329
E0003,2026-02-14T00:00:00Z,7.8892,10.4236,9.3039,7.2419,7.2633,9.226
E0004,2026-02-14T00:00:00Z,8.572,9.5162,9.6826,9.2363,4.6905,10.0671
E0005,2026-02-14T00:00:00Z,9.219,7.6651,10.1769,6.7524,6.5438,9.9149
E0006,2026-02-14T00:00:00Z,7.4198,8.4846,8.3992,6.18,6.551,9.5663
E0007,2026-02-14T00:00:00Z,8.3068,11.1248,7.6725,7.6279,5.3355,10.6317
E0008,2026-02-14T00:00:00Z,7.9252,8.1181,9.9385,8.7173,4.772,7.3621
E0009,2026-02-14T00:00:00Z,8.0331,10.1837,7.0322,7.9195,5.7642,9.7735
E0010,2026-02-14T00:00:00Z,7.1401,10.73,10.3323,7.9895,6.7352,10.6191
E0011,2026-02-14T00:00:00Z,8.8052,8.6335,9.8655,5.9246,6.3311,7.707
E0012,2026-02-14T00:00:00Z,8.0409,8.6812,9.9914,5.975,4.941,7.1242
E0013,2026-02-14T00:00:00Z,8.564,7.5391,9.9127,7.1391,7.2574,10.5875
E0014,2026-02-14T00:00:00Z,10.2385,9.968,7.9056,8.7549,3.0306,10.6972
E0015,2026-02-14T00:00:00Z,8.7317,8.4907,7.3676,9.6427,6.6365,8.9686
E0016,2026-02-14T00:00:00Z,6.9023,8.1363,8.602,6.8315,6.7487,7.7391
E0017,2026-02-14T00:00:00Z,8.188,9.8762,9.6788,7.0241,5.2774,9.5694
E0018,2026-02-14T00:00:00Z,7.4008,7.4904,5.8985,7.7499,5.1143,8.6475
E0019,2026-02-14T00:00:00Z,8.0884,8.7772,9.2005,6.7722,7.5173,10.6651
E0020,2026-02-14T00:00:00Z,9.2936,8.5898,9.2845,7.7429,6.7796,10.5874
E0021,2026-02-14T00:00:00Z,8.1611,8.6938,10.0431,7.0017,6.9456,10.1314
E0022,2026-02-14T00:00:00Z,8.6764,8.9828,8.9908,6.5902,5.8184,11.3221
E0023,2026-02-14T00:00:00Z,8.8636,9.7772,9.0809,7.3869,6.2548,10.5557
E0024,2026-02-14T00:00:00Z,8.6613,9.9148,7.0333,10.351,7.0347,6.961
E0025,2026-02-14T00:00:00Z,9.1163,8.6199,9.9246,7.8645,5.0126,10.2897
E0026,2026-02-14T00:00:00Z,9.6599,10.5665,7.1397,7.3746,5.7276,10.0006
E0027,2026-02-14T00:00:00Z,8.1508,10.1731,7.2845,7.7859,6.6126,7.9392
E0028,2026-02-14T00:00:00Z,7.5558,10.0633,8.4542,7.2585,6.0312,6.2224
E0029,2026-02-14T00:00:00Z,7.3093,10.1223,8.187,7.2473,6.0119,9.2032
E0030,2026-02-14T00:00:00Z,7.9855,9.0772,8.1002,9.1671,7.6456,9.4637
E0031,2026-02-14T00:00:00Z,8.6053,9.3969,7.6964,7.3607,7.0193,8.4034
E0032,2026-02-14T00:00:00Z,8.2428,9.7349,7.0097,5.1349,5.6157,11.8743
E0033,2026-02-14T00:00:00Z,8.8058,8.1432,9.6321,6.6295,7.088,10.9843
E0034,2026-02-14T00:00:00Z,8.8288,9.0916,7.1615,8.2999,7.8501,8.9791
E0035,2026-02-14T00:00:00Z,9.0179,9.3812,5.9428,8.163,4.3183,10.9318
E0036,2026-02-14T00:00:00Z,8.228,9.9552,8.2165,7.3427,5.7898,9.3906
E0037,2026-02-14T00:00:00Z,8.3236,8.0668,7.3307,6.6856,5.5526,11.7876
E0038,2026-02-14T00:00:00Z,9.8298,10.4242,9.1358,6.293,5.1085,8.6028
E0039,2026-02-14T00:00:00Z,8.0611,7.5667,5.1958,6.3556,5.4755,9.1126
E0040,2026-02-14T00:00:00Z,8.7376,9.3319,8.1195,8.0178,7.1219,11.8569
E0041,2026-02-14T00:00:00Z,8.578,9.8365,9.0381,6.529,6.1952,12.2224
E0042,2026-02-14T00:00:00Z,8.8867,8.1638,8.6944,5.8953,5.8237,7.1554
E0043,2026-02-14T00:00:00Z,9.1629,9.992,9.8788,8.9043,6.7041,8.6338
E0044,2026-02-14T00:00:00Z,7.419,7.8299,8.8104,6.664,4.7667,10.7058
E0045,2026-02-14T00:00:00Z,7.2202,10.3982,8.6592,7.9641,5.0963,9.6094
E0046,2026-02-14T00:00:00Z,8.0689,7.8268,7.7201,7.2604,7.2157,9.6012
E0047,2026-02-14T00:00:00Z,8.9249,7.6956,9.5825,6.8758,7.3054,8.5157
E0048,2026-02-14T00:00:00Z,8.4026,7.8064,8.3997,6.7318,5.9596,8.073
E0049,2026-02-14T00:00:00Z,8.4652,8.4743,8.4555,7.4167,5.1982,10.6569
E0050,2026-02-14T00:00:00Z,8.2223,8.0823,9.0811,6.6259,7.9009,11.0983
E0051,2026-02-14T00:00:00Z,7.2803,9.6343,8.128,7.104,7.0481,8.6677
E0052,2026-02-14T00:00:00Z,7.9508,7.9566,9.282,5.5747,6.1629,12.8079
E0053,2026-02-14T00:00:00Z,7.9191,8.5653,8.2136,7.0072,6.3746,9.942
E0054,2026-02-14T00:00:00Z,8.5642,9.3701,9.8885,6.5671,6.8428,11.5154
E0055,2026-02-14T00:00:00Z,9.424,8.8198,6.1556,6.795,5.8007,9.7475
E0056,2026-02-14T00:00:00Z,7.7698,9.6093,7.7038,8.7021,6.3815,10.174
E0057,2026-02-14T00:00:00Z,7.9299,10.2557,8.3621,9.3603,6.5045,8.4767
E0058,2026-02-14T00:00:00Z,7.6069,9.3923,7.7206,8.1328,5.468,10.8926
E0059,2026-02-14T00:00:00Z,7.8764,9.1581,9.4194,5.9612,4.3628,11.4005
E0060,2026-02-14T00:00:00Z,8.4571,8.1472,10.3594,6.9431,7.2152,8.2645
E0061,2026-02-14T00:00:00Z,7.3817,10.6947,9.4651,7.2748,5.3204,8.0012
E0062,2026-02-14T00:00:00Z,8.4916,10.0853,10.0448,7.195,5.4172,8.1605
E0063,2026-02-14T00:00:00Z,8.7851,11.2562,8.7292,9.0704,5.125,10.9744
E0064,2026-02-14T00:00:00Z,7.1908,9.8932,9.892,6.9852,7.4468,7.8601
E0065,2026-02-14T00:00:00Z,9.0877,9.737,7.2123,7.1331,5.1017,10.0862
E0066,2026-02-14T00:00:00Z,8.1286,7.4583,7.8273,9.0535,6.4914,8.4804
E0067,2026-02-14T00:00:00Z,7.649,8.0718,7.6108,7.1131,6.8294,7.71
E0068,2026-02-14T00:00:00Z,8.4159,8.6199,8.6302,8.0378,5.9034,10.2909
E0069,2026-02-14T00:00:00Z,8.7038,7.1985,7.5924,7.7084,6.7012,8.746
E0070,2026-02-14T00:00:00Z,7.8275,12.2071,7.9454,7.4593,6.3649,11.3291
E0071,2026-02-14T00:00:00Z,8.2171,10.9106,7.9313,7.0354,7.6369,10.689
E0072,2026-02-14T00:00:00Z,8.8627,8.7982,7.5514,6.7923,6.5309,7.9143
E0073,2026-02-14T00:00:00Z,8.2014,9.8462,8.9257,7.6512,6.9188,10.1366
E0074,2026-02-14T00:00:00Z,8.0047,8.7488,10.0246,7.5507,4.5571,12.1128
E0075,2026-02-14T00:00:00Z,8.2751,8.5102,10.6533,8.8705,10.5408,10.2686
E0076,2026-02-14T00:00:00Z,8.805,8.4029,9.657,8.3114,5.7538,8.5031
E0077,2026-02-14T00:00:00Z,8.6591,9.7908,8.3768,7.416,5.5467,9.0165
E0078,2026-02-14T00:00:00Z,7.854,8.9871,7.8771,7.4609,6.6316,8.3724
E0079,2026-02-14T00:00:00Z,6.8607,7.0628,9.7233,7.0633,7.0011,9.9461
E0080,2026-02-14T00:00:00Z,8.8974,9.0803,5.8995,9.0061,5.5933,9.4908
E0081,2026-02-14T00:00:00Z,7.532,9.0716,9.6228,6.7945,7.7569,8.2695
E0082,2026-02-14T00:00:00Z,8.1361,9.5415,7.9611,8.6426,7.4644,10.8329
E0083,2026-02-14T00:00:00Z,7.9298,10.3392,8.3815,8.0976,6.5281,10.8002
E0084,2026-02-14T00:00:00Z,8.606,8.9723,8.6457,9.4294,6.8714,8.405
E0085,2026-02-14T00:00:00Z,8.5771,8.7768,9.1672,6.5931,7.1594,10.1045
E0086,2026-02-14T00:00:00Z,8.9339,9.3778,9.3605,8.2982,6.4976,8.4694
E0087,2026-02-14T00:00:00Z,8.3015,7.4067,7.6777,9.538,7.6751,8.9442
E0088,2026-02-14T00:00:00Z,9.0257,9.1088,7.6676,7.5051,7.3642,8.2925
E0089,2026-02-14T00:00:00Z,9.257,9.2153,8.9655,8.4112,7.4003,8.6981
E0090,2026-02-14T00:00:00Z,8.3888,10.2914,9.1756,8.125,5.8116,9.6114
E0091,2026-02-14T00:00:00Z,7.3714,9.9605,10.2473,7.7834,8.2335,9.7006
E0092,2026-02-14T00:00:00Z,8.9956,10.5382,10.4852,6.5923,5.7322,8.6841
E0093,2026-02-14T00:00:00Z,7.7895,10.5004,9.3902,6.7068,5.3941,6.1939
E0094,2026-02-14T00:00:00Z,8.6273,8.2479,9.3716,7.7753,8.4218,8.0113
E0095,2026-02-14T00:00:00Z,8.6509,9.4495,9.1678,7.1453,6.7019,7.9687
E0096,2026-02-14T00:00:00Z,9.4484,7.3576,7.9384,7.3222,6.291,7.5442
E0097,2026-02-14T00:00:00Z,8.5199,9.2149,8.0091,7.2758,7.0175,9.2172
E0098,2026-02-14T00:00:00Z,9.3407,7.0141,9.1323,7.7082,4.8328,9.0505
E0099,2026-02-14T00:00:00Z,8.543,10.8171,7.9217,7.2588,6.7595,10.6751
E0100,2026-02-14T00:00:00Z,8.8832,9.1219,9.2231,5.7684,4.57,11.1894
E0101,2026-02-14T00:00:00Z,8.8525,9.1594,8.2759,7.5985,5.5024,7.1399
E0102,2026-02-14T00:00:00Z,8.0264,8.4673,8.8164,6.0079,5.7527,10.4291
E0103,2026-02-14T00:00:00Z,8.0203,10.0016,8.4594,7.4682,5.5822,11.2216
E0104,2026-02-14T00:00:00Z,9.9154,9.0975,8.3986,6.7809,6.6273,6.0429
E0105,2026-02-14T00:00:00Z,7.9625,8.0274,7.4705,7.8784,5.552,6.9767
E0106,2026-02-14T00:00:00Z,8.9295,8.7516,8.2858,7.0944,4.7338,9.0011
E0107,2026-02-14T00:00:00Z,8.4272,7.6024,8.5504,9.6736,7.3741,8.689
E0108,2026-02-14T00:00:00Z,7.1056,11.3614,6.943,5.7696,4.8794,9.9222
E0109,2026-02-14T00:00:00Z,8.7057,9.1951,6.7213,8.0034,7.5582,9.7819
E0110,2026-02-14T00:00:00Z,6.6942,8.3375,10.9358,7.2053,5.0861,9.0327
E0111,2026-02-14T00:00:00Z,9.1679,10.9086,7.8797,8.1208,5.3784,11.1244
E0112,2026-02-14T00:00:00Z,8.5576,9.2887,6.7986,7.1026,6.9157,7.7411
E0113,2026-02-14T00:00:00Z,8.3155,9.4239,9.8962,9.2084,6.3513,9.1212
E0114,2026-02-14T00:00:00Z,8.5194,8.0777,5.8181,6.8813,6.9303,9.988
E0115,2026-02-14T00:00:00Z,8.2786,11.4415,9.5485,6.6753,8.1838,9.9065
E0116,2026-02-14T00:00:00Z,8.8614,9.3695,11.1817,8.0425,4.8589,8.7742
E0117,2026-02-14T00:00:00Z,8.6731,9.4773,9.7756,7.3708,7.3282,9.6128
E0118,2026-02-14T00:00:00Z,7.2515,7.8125,7.3866,7.1429,5.2065,7.7363
E0119,2026-02-14T00:00:00Z,7.1987,7.0517,8.2349,7.4975,5.5307,5.6108
E0120,2026-02-14T00:00:00Z,7.8099,8.8489,7.6339,7.9815,7.288,9.0551
E0121,2026-02-14T00:00:00Z,8.2051,9.1329,7.5253,7.0681,6.2685,9.9506
E0122,2026-02-14T00:00:00Z,8.4256,7.9037,6.946,8.7058,5.7136,9.8697
E0123,2026-02-14T00:00:00Z,6.4409,6.8532,6.8591,7.3379,6.1195,11.1578
E0124,2026-02-14T00:00:00Z,7.4716,8.7899,10.6831,6.5105,5.9032,10.307
E0125,2026-02-14T00:00:00Z,8.2914,7.7323,7.8575,8.49,6.9286,12.0806
E0126,2026-02-14T00:00:00Z,8.2706,9.0199,10.8623,7.5325,7.4622,9.8679
E0127,2026-02-14T00:00:00Z,7.3055,11.0415,7.9824,7.1066,7.2131,9.2035
E0128,2026-02-14T00:00:00Z,8.7281,9.841,9.8161,7.2372,7.0144,10.5556
E0129,2026-02-14T00:00:00Z,7.772,8.3554,7.6625,7.2121,5.4908,9.1139
E0130,2026-02-14T00:00:00Z,8.5514,9.0129,8.9669,8.1148,4.4346,9.1312
E0131,2026-02-14T00:00:00Z,8.3784,8.9066,9.3006,9.1057,8.1827,12.0528
E0132,2026-02-14T00:00:00Z,7.9784,9.1757,9.8297,7.9813,7.8133,11.3706
E0133,2026-02-14T00:00:00Z,8.2515,11.4583,7.7013,7.3281,6.4654,8.2796
E0134,2026-02-14T00:00:00Z,7.8034,8.8504,8.6361,8.5248,6.2836,9.5095
E0135,2026-02-14T00:00:00Z,8.1559,9.1299,7.9941,9.4408,4.962,9.892
E0136,2026-02-14T00:00:00Z,9.7132,11.1955,10.4442,8.4773,7.3758,11.5014
E0137,2026-02-14T00:00:00Z,6.4776,10.0089,9.066,6.9065,6.8267,10.8359
E0138,2026-02-14T00:00:00Z,8.0918,8.8081,6.4286,6.7746,5.2868,8.3768
E0139,2026-02-14T00:00:00Z,9.6179,10.2424,7.3993,7.612,7.8046,7.8996
E0140,2026-02-14T00:00:00Z,8.3862,8.6525,8.3173,5.0467,6.7439,8.8464
E0141,2026-02-14T00:00:00Z,7.5283,8.8873,8.663,6.9017,6.6783,9.4937
E0142,2026-02-14T00:00:00Z,7.4877,8.1266,6.9423,8.9249,4.4736,8.9628
E0143,2026-02-14T00:00:00Z,8.6151,9.0611,7.3055,6.1855,6.7456,11.7307
E0144,2026-02-14T00:00:00Z,8.2787,10.6572,9.2937,7.2909,6.5975,10.4536
E0145,2026-02-14T00:00:00Z,9.021,8.4114,8.7901,8.3843,7.0374,9.4437
E0146,2026-02-14T00:00:00Z,6.5581,9.5194,5.5678,7.3241,7.4592,10.5903
E0147,2026-02-14T00:00:00Z,7.9639,7.58,9.1266,5.9816,7.5624,9.0145
E0148,2026-02-14T00:00:00Z,9.057,9.194,7.9518,7.7249,6.0114,8.0485
E0149,2026-02-14T00:00:00Z,9.0646,8.4414,9.107,8.3347,6.1721,13.726
E0000,2026-02-15T00:00:00Z,8.35,9.4566,8.2129,7.2163,7.5715,10.7042
E0001,2026-02-15T00:00:00Z,8.1682,8.4314,8.45,6.7639,5.0969,6.8329
E0002,2026-02-15T00:00:00Z,8.8759,9.1868,8.3427,7.2882,6.0021,9.711
E0003,2026-02-15T00:00:00Z,7.5153,9.4686,7.4981,7.0828,5.523,6.4034
E0004,2026-02-15T00:00:00Z,10.0078,8.2529,10.1008,7.9712,6.677,8.2764
E0005,2026-02-15T00:00:00Z,9.2857,7.835,8.6359,7.202,8.1749,4.4373
E0006,2026-02-15T00:00:00Z,8.4769,6.6194,9.2161,8.7705,5.724,7.9469
E0007,2026-02-15T00:00:00Z,9.6021,11.059,8.9212,7.7115,5.1272,10.8544
E0008,2026-02-15T00:00:00Z,9.0699,8.7307,11.6659,8.5521,6.1129,8.2859
E0009,2026-02-15T00:00:00Z,9.1627,9.581,6.5427,6.6305,5.865,11.2842
E0010,2026-02-15T00:00:00Z,8.4635,7.4602,7.5338,5.0869,7.0441,10.9478
E0011,2026-02-15T00:00:00Z,9.0433,11.6341,9.6983,7.7623,7.3551,10.5818
E0012,2026-02-15T00:00:00Z,8.4431,9.6074,8.1617,7.7329,3.9726,11.5267
E0013,2026-02-15T00:00:00Z,7.4055,8.0983,9.1519,8.2028,7.4713,8.5281
E0014,2026-02-15T00:00:00Z,7.9267,8.726,9.2785,7.4614,6.6208,9.5591
E0015,2026-02-15T00:00:00Z,7.8091,9.1743,9.685,6.4597,6.4467,11.1951
E0016,2026-02-15T00:00:00Z,8.4154,10.1082,10.4381,7.2269,6.7429,9.3497
E0017,2026-02-15T00:00:00Z,8.0488,9.0449,9.0721,6.578,5.4351,13.7442
E0018,2026-02-15T00:00:00Z,8.6679,10.209,9.2562,7.6032,5.7828,7.8967
E0019,2026-02-15T00:00:00Z,8.2204,10.9982,9.4231,8.6925,4.5376,9.9739
E0020,2026-02-15T00:00:00Z,7.6802,8.9595,8.7065,7.5409,6.8093,10.0084
E0021,2026-02-15T00:00:00Z,8.6597,11.7683,8.9496,7.9051,6.1225,8.2297
E0022,2026-02-15T00:00:00Z,7.6958,8.0989,8.5603,8.8949,5.3633,11.547
E0023,2026-02-15T00:00:00Z,8.9253,10.1952,9.879,8.823,7.9001,10.6824
E0024,2026-02-15T00:00:00Z,8.6773,10.3592,9.3183,5.6355,7.5306,8.89
E0025,2026-02-15T00:00:00Z,6.4938,9.7627,9.9748,8.5648,6.3764,9.2638
E0026,2026-02-15T00:00:00Z,7.6875,8.2493,7.5697,6.854,6.9728,12.0958
E0027,2026-02-15T00:00:00Z,8.4417,9.4349,9.0572,6.4648,6.4565,9.0982
E0028,2026-02-15T00:00:00Z,7.7203,8.8278,8.9052,7.6519,6.4858,8.2992
E0029,2026-02-15T00:00:00Z,8.2922,7.4502,8.7324,7.9956,8.7865,9.9485
E0030,2026-02-15T00:00:00Z,8.1314,8.5602,8.9724,6.429,8.0198,12.7648
E0031,2026-02-15T00:00:00Z,8.3296,8.9592,7.7144,6.8746,6.9754,13.0196
E0032,2026-02-15T00:00:00Z,8.2424,8.9997,9.2838,8.1749,4.7987,8.5178
E0033,2026-02-15T00:00:00Z,8.346,10.0846,8.355,7.069,5.1572,8.1325
E0034,2026-02-15T00:00:00Z,8.335,10.5891,7.8112,7.9168,6.8686,9.6014
E0035,2026-02-15T00:00:00Z,8.8969,10.9473,8.9631,8.0974,6.3689,8.4307
E0036,2026-02-15T00:00:00Z,8.6144,8.1817,6.7742,5.6589,5.0917,9.1339
E0037,2026-02-15T00:00:00Z,8.252,9.1838,8.7431,8.803,5.0535,11.7902
E0038,2026-02-15T00:00:00Z,7.2063,8.2001,10.9516,7.7808,6.097,7.9468
E0039,2026-02-15T00:00:00Z,7.669,9.8191,8.3617,8.2385,6.5226,8.9278
E0040,2026-02-15T00:00:00Z,8.9675,9.0994,9.9881,6.0057,6.364,8.7195
E0041,2026-02-15T00:00:00Z,8.5133,10.2332,8.8823,8.4245,5.1242,8.2908
E0042,2026-02-15T00:00:00Z,7.9745,10.4034,9.1375,6.3413,8.5412,11.027
E0043,2026-02-15T00:00:00Z,8.0469,9.0201,8.9817,7.2566,6.3332,9.1018
E0044,2026-02-15T00:00:00Z,8.6332,9.6619,8.9039,9.1874,6.2614,11.8311
E0045,2026-02-15T00:00:00Z,10.0634,9.0021,8.7767,8.0801,6.4816,7.7587
E0046,2026-02-15T00:00:00Z,8.1304,11.4785,8.6494,7.1503,7.4176,7.9731
E0047,2026-02-15T00:00:00Z,8.2543,8.888,8.5386,8.9217,6.2424,12.1191
E0048,2026-02-15T00:00:00Z,7.6041,9.4236,8.7659,8.9873,6.6532,9.6388
E0049,2026-02-15T00:00:00Z,8.7943,8.972,9.2082,7.1671,6.2592,7.7453
E0050,2026-02-15T00:00:00Z,8.1852,7.7554,7.0398,8.8319,6.6775,10.0022
E0051,2026-02-15T00:00:00Z,8.5664,11.1062,9.3505,6.257,6.1413,10.1164
E0052,2026-02-15T00:00:00Z,8.2522,12.0327,7.8061,7.9628,5.735,9.8639
E0053,2026-02-15T00:00:00Z,8.0013,8.933,10.1068,8.3811,5.8126,9.2053
E0054,2026-02-15T00:00:00Z,7.9432,6.8008,8.1723,5.9559,5.5914,9.6016
E0055,2026-02-15T00:00:00Z,7.7636,10.2975,10.2628,6.4958,6.3549,8.4531
E0056,2026-02-15T00:00:00Z,8.3041,8.9029,7.9524,8.4361,4.3329,8.7462
E0057,2026-02-15T00:00:00Z,8.5658,8.5746,7.2401,6.7283,6.7091,11.0715
E0058,2026-02-15T00:00:00Z,7.5916,8.6424,8.0863,7.9133,6.086,11.7076
E0059,2026-02-15T00:00:00Z,7.7412,8.8595,8.1803,7.8767,6.7289,8.5103
E0060,2026-02-15T00:00:00Z,10.0824,8.5026,7.028,8.4721,7.6777,10.1855
E0061,2026-02-15T00:00:00Z,9.0025,8.2686,9.0337,8.26,7.0154,11.2381
E0062,2026-02-15T00:00:00Z,9.0696,9.9356,11.5815,8.1289,6.4599,9.776
E0063,2026-02-15T00:00:00Z,7.6315,8.4957,8.3806,9.1126,6.7487,8.3837
E0064,2026-02-15T00:00:00Z,8.9938,8.9172,8.5051,6.7345,7.7221,11.3812
E0065,2026-02-15T00:00:00Z,7.6977,9.3338,7.8548,6.2051,7.2228,10.088
E0066,2026-02-15T00:00:00Z,9.2474,10.0833,8.6041,5.3035,7.4348,8.0525
E0067,2026-02-15T00:00:00Z,8.1845,9.6581,8.8566,7.4992,7.4928,12.4925
E0068,2026-02-15T00:00:00Z,7.9987,9.5122,10.1216,8.056,5.52,8.3234
E0069,2026-02-15T00:00:00Z,8.2151,8.0873,9.9356,7.4003,6.2918,10.6568
E0070,2026-02-15T00:00:00Z,7.7048,10.1725,8.6441,7.5763,6.3633,7.7673
E0071,2026-02-15T00:00:00Z,8.3438,7.4625,10.218,8.3263,5.4713,12.353
E0072,2026-02-15T00:00:00Z,8.2347,9.9508,6.1796,7.5301,4.8827,9.7527
E0073,2026-02-15T00:00:00Z,7.9785,10.4298,6.9495,9.2708,8.8785,7.8941
E0074,2026-02-15T00:00:00Z,8.3024,9.026,8.1982,6.9896,6.5802,10.3902
E0075,2026-02-15T00:00:00Z,10.8928,10.4788,7.1121,8.6412,5.008,6.8649
E0076,2026-02-15T00:00:00Z,7.9393,7.5129,8.9901,6.6831,6.7847,11.5552
E0077,2026-02-15T00:00:00Z,7.8183,9.3815,8.2528,7.3145,5.1484,7.9331
E0078,2026-02-15T00:00:00Z,9.0566,8.8583,10.0775,7.0171,6.5777,10.7452
E0079,2026-02-15T00:00:00Z,7.3918,8.4138,9.4276,7.336,7.6844,8.5799
E0080,2026-02-15T00:00:00Z,7.6612,8.8448,9.9363,7.5549,6.7975,8.3978
E0081,2026-02-15T00:00:00Z,8.4655,8.7562,7.9157,7.4355,5.4411,10.2462
E0082,2026-02-15T00:00:00Z,8.3571,9.9088,8.4594,7.3596,6.3038,9.5492
E0083,2026-02-15T00:00:00Z,8.4372,7.746,11.4032,5.4991,7.8772,11.4196
E0084,2026-02-15T00:00:00Z,8.1302,9.1471,7.6992,7.3723,6.3184,7.5757
E0085,2026-02-15T00:00:00Z,8.0995,8.3884,10.1692,8.431,6.6079,9.5595
E0086,2026-02-15T00:00:00Z,7.2019,8.1962,8.4876,8.2822,7.593,9.8814
E0087,2026-02-15T00:00:00Z,8.8048,10.3891,6.9874,7.2641,8.7764,7.6232
E0088,2026-02-15T00:00:00Z,7.4538,9.2263,8.524,7.4936,7.11,10.7406
E0089,2026-02-15T00:00:00Z,8.4455,8.4436,7.5653,8.1797,5.0705,10.7663
E0090,2026-02-15T00:00:00Z,8.0614,8.5721,7.2839,7.9877,5.4521,11.9274
E0091,2026-02-15T00:00:00Z,8.3498,8.5975,9.9667,7.3923,5.7905,9.8369
E0092,2026-02-15T00:00:00Z,9.322,10.0781,9.3852,7.7118,6.8588,9.0745
E0093,2026-02-15T00:00:00Z,8.6568,8.4769,10.3555,6.1628,6.1244,10.4936
E0094,2026-02-15T00:00:00Z,6.6976,8.5313,8.9886,8.8536,8.2323,9.5768
E0095,2026-02-15T00:00:00Z,8.0054,9.3057,7.7733,7.2992,6.837,8.1618
E0096,2026-02-15T00:00:00Z,9.2289,8.7731,8.0417,7.0535,4.4835,8.9713
E0097,2026-02-15T00:00:00Z,7.8362,8.1266,9.029,7.8272,8.4028,10.8954
E0098,2026-02-15T00:00:00Z,8.7936,10.9843,9.6595,8.1614,8.5291,11.2575
E0099,2026-02-15T00:00:00Z,7.7462,8.75,8.7435,6.2075,6.1399,9.2492
E0100,2026-02-15T00:00:00Z,8.1507,7.8886,8.7892,7.8811,5.5465,8.3265
E0101,2026-02-15T00:00:00Z,7.1735,8.6708,8.8863,8.1044,6.7432,12.5907
E0102,2026-02-15T00:00:00Z,7.4851,9.3823,9.3675,7.9772,6.6632,9.9514
E0103,2026-02-15T00:00:00Z,8.3034,9.8314,8.9116,7.2754,7.2604,11.6784
E0104,2026-02-15T00:00:00Z,9.5214,11.1313,7.1764,7.0481,6.5372,11.1743
E0105,2026-02-15T00:00:00Z,6.5474,8.1472,8.196,6.581,5.1087,8.4237
E0106,2026-02-15T00:00:00Z,8.0358,8.795,6.5421,6.561,6.8864,6.9174
E0107,2026-02-15T00:00:00Z,7.2987,8.6099,9.6159,7.5825,4.5943,10.7323
E0108,2026-02-15T00:00:00Z,7.9387,9.1626,8.9666,6.2818,4.6753,10.8685
E0109,2026-02-15T00:00:00Z,8.1066,9.8576,9.2802,7.3502,7.0491,6.6081
E0110,2026-02-15T00:00:00Z,8.4067,10.133,6.9693,8.5949,5.5474,7.3116
E0111,2026-02-15T00:00:00Z,7.0044,9.2968,7.9272,7.8061,7.5421,9.208
E0112,2026-02-15T00:00:00Z,8.8467,8.8665,8.7301,7.804,7.526,10.4471
E0113,2026-02-15T00:00:00Z,8.6413,8.6308,7.9333,8.1189,6.6538,10.2746
E0114,2026-02-15T00:00:00Z,8.1979,8.421,7.3105,7.0497,7.0439,13.2545
E0115,2026-02-15T00:00:00Z,7.8756,8.1328,8.6655,7.4074,6.2084,9.3068
E0116,2026-02-15T00:00:00Z,7.5742,7.9449,8.5058,7.2313,6.3524,11.0162
E0117,2026-02-15T00:00:00Z,8.0777,8.0918,7.3602,6.4805,4.4606,9.5318
E0118,2026-02-15T00:00:00Z,8.7826,9.4455,7.8473,5.8965,6.1873,9.3891
E0119,2026-02-15T00:00:00Z,9.7714,8.9054,9.2632,7.4955,3.8278,9.1398
E0120,2026-02-15T00:00:00Z,8.1875,8.3979,9.1229,7.3201,5.9165,8.3158
E0121,2026-02-15T00:00:00Z,8.7738,9.5533,8.1467,7.5036,5.5432,6.2989
E0122,2026-02-15T00:00:00Z,7.7706,9.264,9.5291,7.8221,5.0773,7.1225
E0123,2026-02-15T00:00:00Z,7.6736,8.0082,9.9513,8.7584,7.5812,8.9362
E0124,2026-02-15T00:00:00Z,6.7891,8.5096,7.4149,6.9692,7.0258,9.7728
E0125,2026-02-15T00:00:00Z,9.1735,9.0772,8.7113,7.874,6.048,9.5003
E0126,2026-02-15T00:00:00Z,8.7498,9.567,8.347,7.7814,6.1057,7.3653
E0127,2026-02-15T00:00:00Z,8.9022,11.2006,9.2551,6.571,7.8008,9.4837
E0128,2026-02-15T00:00:00Z,7.9438,10.3763,9.8751,8.8331,6.1709,10.0767
E0129,2026-02-15T00:00:00Z,7.7998,8.1979,7.5403,7.6849,5.2284,6.2584
E0130,2026-02-15T00:00:00Z,8.4002,8.7443,9.469,6.0212,5.9598,12.4057
E0131,2026-02-15T00:00:00Z,7.5251,9.3385,9.7297,8.5172,5.1253,8.6263
E0132,2026-02-15T00:00:00Z,8.6187,9.771,9.8206,8.7394,5.0571,10.5614
E0133,2026-02-15T00:00:00Z,8.0081,8.4297,7.898,7.5275,6.8399,11.7241
E0134,2026-02-15T00:00:00Z,9.9978,7.9935,8.7741,7.0127,6.4362,9.6889
E0135,2026-02-15T00:00:00Z,8.4477,10.9858,8.8999,8.0453,5.9898,8.4202
E0136,2026-02-15T00:00:00Z,8.8234,11.6045,9.6554,6.7205,5.8832,8.1869
E0137,2026-02-15T00:00:00Z,8.6683,9.9574,8.7427,9.5014,7.5467,9.6745
E0138,2026-02-15T00:00:00Z,8.5047,11.0041,7.2807,6.8303,6.9945,9.4995
E0139,2026-02-15T00:00:00Z,8.7343,8.7759,7.7514,7.1236,6.1805,10.2555
E0140,2026-02-15T00:00:00Z,8.9442,10.566,7.4854,6.0577,6.6533,12.948
E0141,2026-02-15T00:00:00Z,8.6383,8.1622,8.6792,6.4331,5.8194,7.9563
E0142,2026-02-15T00:00:00Z,7.487,7.788,8.5349,8.1654,6.6805,9.21
E0143,2026-02-15T00:00:00Z,7.4389,8.6888,7.2765,7.2135,5.374,5.9005
E0144,2026-02-15T00:00:00Z,8.8427,10.1491,6.7139,7.6723,6.3109,9.3012
E0145,2026-02-15T00:00:00Z,7.9081,9.3438,7.2017,7.1871,7.0152,7.5401
E0146,2026-02-15T00:00:00Z,7.5656,10.327,6.5146,8.477,6.6435,9.5075
E0147,2026-02-15T00:00:00Z,8.8701,8.7529,9.1782,6.7216,5.5243,9.987
E0148,2026-02-15T00:00:00Z,7.3345,6.819,7.486,6.7623,8.2193,10.653
E0149,2026-02-15T00:00:00Z,7.1294,8.9387,7.5774,7.6407,6.9159,9.8383
E0000,2026-02-16T00:00:00Z,8.0705,10.3946,8.5464,8.4842,7.5101,9.8797
E0001,2026-02-16T00:00:00Z,8.3778,8.8143,9.4051,7.0763,6.3967,8.8782
E0002,2026-02-16T00:00:00Z,7.1806,8.3255,7.785,7.4479,6.4147,12.227
E0003,2026-02-16T00:00:00Z,7.8243,9.3586,6.6628,6.5424,5.1073,10.1737
E0004,2026-02-16T00:00:00Z,8.5006,7.6686,8.2941,6.9694,6.3884,8.5275
E0005,2026-02-16T00:00:00Z,7.9329,8.2242,7.8529,6.7856,6.4477,7.6218
E0006,2026-02-16T00:00:00Z,7.4414,9.2701,9.2713,6.901,7.1417,9.305
E0007,2026-02-16T00:00:00Z,8.5399,10.5627,6.502,9.4942,7.4182,11.0573
E0008,2026-02-16T00:00:00Z,8.3409,9.6495,8.9872,8.3976,7.0442,11.5694
E0009,2026-02-16T00:00:00Z,7.8514,9.2475,8.2086,7.0503,5.7612,11.6925
E0010,2026-02-16T00:00:00Z,8.9043,9.0002,5.721,7.5819,8.723,8.821
E0011,2026-02-16T00:00:00Z,8.2767,8.8793,6.8789,8.3246,4.6755,9.1231
E0012,2026-02-16T00:00:00Z,7.5455,8.3066,8.8597,7.993,6.1401,12.5354
E0013,2026-02-16T00:00:00Z,8.2279,9.6068,6.9596,6.6036,7.0093,8.8854
E0014,2026-02-16T00:00:00Z,8.3676,9.0709,7.2801,7.2275,6.0555,9.0779
E0015,2026-02-16T00:00:00Z,8.0579,10.4701,8.1543,5.2726,7.9237,11.6376
E0016,2026-02-16T00:00:00Z,7.3672,8.2344,9.1507,8.5293,7.4224,7.6063
E0017,2026-02-16T00:00:00Z,9.4403,9.5893,7.3078,7.2667,6.7384,7.9173
E0018,2026-02-16T00:00:00Z,8.2144,8.2563,10.3034,6.6184,6.7329,5.6299
E0019,2026-02-16T00:00:00Z,9.064,7.5023,5.9834,6.0861,6.0211,10.6975
E0020,2026-02-16T00:00:00Z,8.6004,9.6909,7.6132,8.5936,7.062,10.6906
E0021,2026-02-16T00:00:00Z,8.2305,7.2503,7.6147,7.2242,6.1925,10.6309
E0022,2026-02-16T00:00:00Z,8.2418,8.8828,8.5305,6.3824,7.059,8.9884
E0023,2026-02-16T00:00:00Z,8.9184,8.9744,7.5401,5.3222,4.7021,11.6758
E0024,2026-02-16T00:00:00Z,6.5483,9.7587,6.5583,7.9166,6.2168,10.0702
E0025,2026-02-16T00:00:00Z,8.6005,7.4125,9.76,7.2938,8.573,7.5446
E0026,2026-02-16T00:00:00Z,8.8166,9.7484,7.5627,7.8302,7.4252,11.2878
E0027,2026-02-16T00:00:00Z,7.5617,9.9431,9.4678,8.2014,7.2496,9.6913
E0028,2026-02-16T00:00:00Z,7.6117,8.3313,9.4031,8.7319,7.6741,11.5827
E0029,2026-02-16T00:00:00Z,8.1706,8.4901,8.7675,7.3821,5.5611,7.2998
E0030,2026-02-16T00:00:00Z,8.054,7.1534,7.1543,7.6399,4.7879,9.3432
E0031,2026-02-16T00:00:00Z,6.9749,8.4052,6.5599,7.4474,6.0907,7.362
E0032,2026-02-16T00:00:00Z,7.7267,7.9274,6.3757,7.4681,7.9699,11.661
E0033,2026-02-16T00:00:00Z,7.5811,8.0738,9.3111,7.5597,5.732,8.6013
E0034,2026-02-16T00:00:00Z,8.6398,8.9089,9.1541,6.8365,5.765,9.1924
E0035,2026-02-16T00:00:00Z,8.5683,9.6359,9.2711,6.6271,6.6184,9.2272
E0036,2026-02-16T00:00:00Z,7.3535,9.4084,8.4777,8.0402,6.4421,10.0522
E0037,2026-02-16T00:00:00Z,9.261,10.1342,9.876,7.8536,6.5667,11.1082
E0038,2026-02-16T00:00:00Z,8.811,7.9144,8.5989,7.1388,7.1834,9.1882
E0039,2026-02-16T00:00:00Z,7.7864,10.8244,10.1773,10.5243,6.1337,9.4056
E0040,2026-02-16T00:00:00Z,7.5588,11.0236,8.1592,8.1148,7.858,7.6423
E0041,2026-02-16T00:00:00Z,8.246,6.9758,9.5809,7.1197,4.7643,11.8464
E0042,2026-02-16T00:00:00Z,8.2356,9.3568,8.0678,5.342,4.6683,10.3853
E0043,2026-02-16T00:00:00Z,8.4487,10.9644,10.4079,7.4974,4.6093,10.5776
E0044,2026-02-16T00:00:00Z,8.214,9.0086,8.0921,5.8274,6.1687,11.488
E0045,2026-02-16T00:00:00Z,9.2616,9.2751,10.431,7.403,6.2,7.0693
E0046,2026-02-16T00:00:00Z,7.8571,9.2034,9.2404,7.7098,5.0068,10.3707
E0047,2026-02-16T00:00:00Z,7.7838,10.0604,8.0675,7.2313,6.5741,8.0071
E0048,2026-02-16T00:00:00Z,8.1797,9.2111,8.2747,8.3464,7.3838,10.5704
E0049,2026-02-16T00:00:00Z,8.7783,10.7071,8.4348,6.5651,7.4493,11.8043
E0050,2026-02-16T00:00:00Z,7.5759,8.1028,9.0286,6.9556,8.1109,9.4611
E0051,2026-02-16T00:00:00Z,9.3633,9.8937,8.5191,6.001,7.3431,9.8776
E0052,2026-02-16T00:00:00Z,9.5996,9.913,6.9245,8.0266,8.0748,7.6564
E0053,2026-02-16T00:00:00Z,7.8208,8.4452,9.1754,6.9561,6.5547,9.3443
E0054,2026-02-16T00:00:00Z,8.6524,11.9014,9.3462,7.6581,6.2253,8.4758
E0055,2026-02-16T00:00:00Z,8.5048,11.0103,8.0278,7.2885,4.9668,8.9736
E0056,2026-02-16T00:00:00Z,8.9067,8.286,7.4932,8.1992,6.6223,12.2963
E0057,2026-02-16T00:00:00Z,8.4182,7.7289,9.947,8.2577,6.114,10.9892
E0058,2026-02-16T00:00:00Z,8.0378,9.1052,10.289,7.7944,8.4851,11.3458
E0059,2026-02-16T00:00:00Z,7.7978,7.7025,8.8592,7.1195,6.416,10.7732
E0060,2026-02-16T00:00:00Z,8.1602,10.3387,6.6888,8.261,5.3419,8.042
E0061,2026-02-16T00:00:00Z,8.0545,10.8193,10.6469,8.2453,6.0735,10.6046
E0062,2026-02-16T00:00:00Z,8.1625,8.5797,9.6488,7.3257,7.3449,11.1312
E0063,2026-02-16T00:00:00Z,8.5549,7.2687,10.1156,6.3271,5.8416,7.3721
E0064,2026-02-16T00:00:00Z,7.2124,7.6491,8.29,7.8472,6.7094,10.9886
E0065,2026-02-16T00:00:00Z,9.6554,8.8235,6.4418,7.4828,6.0031,8.707
E0066,2026-02-16T00:00:00Z,8.4499,8.0866,8.3918,9.0885,6.45,10.0344
E0067,2026-02-16T00:00:00Z,9.278,9.4596,9.4285,8.7784,6.7335,9.121
E0068,2026-02-16T00:00:00Z,9.3993,9.0041,6.9123,6.0992,4.7141,8.4791
E0069,2026-02-16T00:00:00Z,7.9281,10.3047,8.7326,8.295,6.0407,7.8945
E0070,2026-02-16T00:00:00Z,8.4531,6.3145,9.2006,7.8252,7.3188,10.7705
E0071,2026-02-16T00:00:00Z,8.9558,9.7579,8.559,8.385,6.7227,10.6919
E0072,2026-02-16T00:00:00Z,8.2715,8.0159,7.6061,6.9161,8.2562,12.2012
E0073,2026-02-16T00:00:00Z,7.1964,9.1029,6.22,7.2627,5.927,11.2182
E0074,2026-02-16T00:00:00Z,9.4251,8.1528,9.9267,6.5132,7.3896,11.8195
E0075,2026-02-16T00:00:00Z,7.4985,9.9235,8.6079,6.9935,6.9936,8.4311
E0076,2026-02-16T00:00:00Z,6.4785,8.5444,8.6086,8.4709,7.2499,9.319
E0077,2026-02-16T00:00:00Z,7.598,10.0586,8.4225,6.4328,6.4523,9.7884
E0078,2026-02-16T00:00:00Z,8.1632,9.5311,7.5363,7.599,8.1505,9.0387
E0079,2026-02-16T00:00:00Z,8.6139,8.3074,7.4845,8.8266,5.6719,8.301
E0080,2026-02-16T00:00:00Z,8.6364,9.2984,7.6437,8.6794,5.6473,12.0686
E0081,2026-02-16T00:00:00Z,8.9377,9.3756,8.6742,8.4264,4.8322,10.0816
E0082,2026-02-16T00:00:00Z,9.1618,9.9738,9.0881,8.1702,7.1453,9.089
E0083,2026-02-16T00:00:00Z,9.0191,7.6441,8.6366,7.5414,7.7573,11.1581
E0084,2026-02-16T00:00:00Z,7.6215,11.7598,8.6236,6.2141,6.3681,7.4764
E0085,2026-02-16T00:00:00Z,7.8534,7.8842,8.5672,9.0542,7.2542,10.0771
E0086,2026-02-16T00:00:00Z,8.4568,9.9297,8.2802,9.1781,6.0075,9.4608
E0087,2026-02-16T00:00:00Z,7.6024,9.0178,9.6371,7.635,6.1278,10.5363
E0088,2026-02-16T00:00:00Z,8.1263,7.2753,9.9931,6.4791,7.4272,7.9347
E0089,2026-02-16T00:00:00Z,8.4665,8.0354,7.6129,7.9238,5.673,9.0054
E0090,2026-02-16T00:00:00Z,9.0677,7.4427,8.6221,7.0844,6.6098,8.9928
E0091,2026-02-16T00:00:00Z,6.4851,9.5128,7.4444,8.638,7.7516,11.5166
E0092,2026-02-16T00:00:00Z,7.9684,10.0979,7.2018,7.3555,4.5513,8.9066
E0093,2026-02-16T00:00:00Z,9.3132,7.5314,8.6653,7.9539,7.1504,9.5253
E0094,2026-02-16T00:00:00Z,7.8917,8.3437,10.114,7.9996,6.4405,8.3332
E0095,2026-02-16T00:00:00Z,8.6788,8.8974,7.5724,7.099,6.7679,9.6287
E0096,2026-02-16T00:00:00Z,8.0095,9.1027,7.6289,7.3735,5.5767,12.3647
E0097,2026-02-16T00:00:00Z,8.1182,8.2695,8.0188,6.087,5.8299,7.7851
E0098,2026-02-16T00:00:00Z,7.772,9.9148,8.8926,8.1292,6.7204,9.539
E0099,2026-02-16T00:00:00Z,6.5344,9.4726,5.4858,8.0712,5.4872,9.8566
E0100,2026-02-16T00:00:00Z,7.0196,8.7001,7.4156,7.3234,4.9724,8.1931
E0101,2026-02-16T00:00:00Z,7.45,7.192,7.4525,7.0093,6.1333,10.0966
E0102,2026-02-16T00:00:00Z,9.0565,8.9971,6.7601,7.8028,7.7336,10.7493
E0103,2026-02-16T00:00:00Z,9.0799,10.0567,7.0155,7.6858,6.4936,8.7176
E0104,2026-02-16T00:00:00Z,7.24,9.2431,8.2659,6.5464,7.1935,9.2819
E0105,2026-02-16T00:00:00Z,8.8839,10.8042,8.0559,7.1856,6.2292,9.0159
E0106,2026-02-16T00:00:00Z,7.7805,6.9814,8.1134,6.4621,8.1724,11.2619
E0107,2026-02-16T00:00:00Z,9.0088,8.7988,10.3334,8.3376,5.2918,8.4043
E0108,2026-02-16T00:00:00Z,7.1645,8.2754,9.3079,6.7079,6.7845,9.3703
E0109,2026-02-16T00:00:00Z,8.1753,8.711,8.4017,7.6758,6.4248,11.9449
E0110,2026-02-16T00:00:00Z,7.9549,8.4913,8.408,6.5243,6.3133,11.4348
E0111,2026-02-16T00:00:00Z,8.7723,8.7532,8.9309,5.6541,5.6752,9.8408
E0112,2026-02-16T00:00:00Z,9.5676,9.5102,10.4779,7.6132,5.6333,10.5397
E0113,2026-02-16T00:00:00Z,8.9384,9.1958,7.3325,6.3163,8.2584,7.2421
E0114,2026-02-16T00:00:00Z,8.2417,11.2706,9.2889,9.9599,5.5469,12.1386
E0115,2026-02-16T00:00:00Z,8.5593,8.8739,7.6988,7.512,6.2913,12.2176
E0116,2026-02-16T00:00:00Z,9.2137,7.9963,8.5767,7.485,6.1017,8.0092
E0117,2026-02-16T00:00:00Z,8.2147,10.7542,7.3873,6.9167,6.3631,9.2431
E0118,2026-02-16T00:00:00Z,8.022,9.6069,9.193,7.2181,8.3403,7.9939
E0119,2026-02-16T00:00:00Z,7.1179,7.2582,10.4256,7.1784,5.9494,10.3716
E0120,2026-02-16T00:00:00Z,8.1775,9.8476,8.626,9.0512,6.3543,10.3047
E0121,2026-02-16T00:00:00Z,8.9368,10.5998,7.935,6.9037,5.8883,9.8186
E0122,2026-02-16T00:00:00Z,8.2183,10.032,7.8998,5.4309,6.8934,8.1433
E0123,2026-02-16T00:00:00Z,8.9739,10.104,8.9022,7.0617,4.7095,8.5933
E0124,2026-02-16T00:00:00Z,8.714,9.9313,9.705,7.6106,6.0435,12.0656
E0125,2026-02-16T00:00:00Z,7.5949,10.3748,9.024,7.3802,4.8666,7.4704
E0126,2026-02-16T00:00:00Z,7.4102,9.0648,7.4368,7.4526,7.4727,6.8951
E0127,2026-02-16T00:00:00Z,8.3942,9.7164,5.3913,7.1364,7.5736,12.3564
E0128,2026-02-16T00:00:00Z,7.6994,9.5346,10.1985,7.4712,5.1728,10.1685
E0129,2026-02-16T00:00:00Z,8.4627,9.3951,8.4264,8.2994,7.0918,10.1527
E0130,2026-02-16T00:00:00Z,9.2511,9.7901,9.2054,8.3494,6.2497,7.6234
E0131,2026-02-16T00:00:00Z,8.7217,8.073,7.176,7.193,6.5447,10.9376
E0132,2026-02-16T00:00:00Z,7.6516,10.5619,7.6578,6.8664,7.5385,8.0359
E0133,2026-02-16T00:00:00Z,10.1263,9.1865,9.068,6.8306,5.5669,8.154
E0134,2026-02-16T00:00:00Z,8.0137,8.9079,7.8937,7.3796,7.2523,8.5833
E0135,2026-02-16T00:00:00Z,9.473,9.6027,9.7899,7.7154,4.6959,12.4858
E0136,2026-02-16T00:00:00Z,9.3052,10.6011,7.5713,7.8461,8.2681,9.3753
E0137,2026-02-16T00:00:00Z,7.5856,7.9213,7.3786,6.9463,5.8451,9.436
E0138,2026-02-16T00:00:00Z,7.7749,8.3868,9.9484,9.0301,5.0301,8.7904
E0139,2026-02-16T00:00:00Z,8.3236,9.3331,8.2302,7.7833,5.8316,7.7408
E0140,2026-02-16T00:00:00Z,8.7638,11.1382,9.1514,6.4093,9.455,10.6918
E0141,2026-02-16T00:00:00Z,7.8659,7.4788,8.1972,6.3021,6.3797,6.987
E0142,2026-02-16T00:00:00Z,7.2755,9.2237,6.9887,7.7818,6.5494,9.2002
E0143,2026-02-16T00:00:00Z,7.8459,8.9005,8.8012,6.6052,6.8411,8.1894
E0144,2026-02-16T00:00:00Z,8.5079,9.4587,8.9931,7.1018,8.489,12.4677
E0145,2026-02-16T00:00:00Z,7.7208,8.9329,8.5471,6.4505,6.8864,11.4822
E0146,2026-02-16T00:00:00Z,8.208,9.6052,8.8449,8.4279,6.2622,10.3767
E0147,2026-02-16T00:00:00Z,9.2089,8.9336,7.1469,7.9432,6.9207,9.7231
E0148,2026-02-16T00:00:00Z,8.6862,9.0434,7.5341,9.3944,5.4964,9.1715
E0149,2026-02-16T00:00:00Z,8.4301,10.1814,9.1657,8.2287,6.8554,9.8153
E0000,2026-02-17T00:00:00Z,7.0084,10.2308,7.8999,7.5146,5.8755,11.0898
E0001,2026-02-17T00:00:00Z,7.9879,7.9966,9.6645,7.3534,6.7446,9.8582
E0002,2026-02-17T00:00:00Z,7.3745,9.4049,9.7586,6.6071,6.9806,9.6306
E0003,2026-02-17T00:00:00Z,8.3125,10.3985,6.9448,6.7962,5.5955,8.7445
E0004,2026-02-17T00:00:00Z,8.389,8.7724,8.1668,7.5666,7.1392,12.4742
E0005,2026-02-17T00:00:00Z,7.9374,8.2683,10.5697,7.634,5.9153,7.1837
E0006,2026-02-17T00:00:00Z,8.4795,8.9891,8.8262,9.234,5.0229,11.9505
E0007,2026-02-17T00:00:00Z,7.3687,9.5511,9.2206,7.1966,7.3328,10.032
E0008,2026-02-17T00:00:00Z,7.7389,8.9538,7.0846,8.6116,5.8843,7.2018
E0009,2026-02-17T00:00:00Z,8.7982,9.8869,9.0203,5.7076,7.1411,8.2188
E0010,2026-02-17T00:00:00Z,7.0224,10.7856,6.6806,7.5245,5.5671,11.7757
E0011,2026-02-17T00:00:00Z,8.4444,7.9237,9.5567,6.6384,5.7451,9.2741
E0012,2026-02-17T00:00:00Z,9.8312,9.5383,8.8578,9.4272,5.0991,10.3208
E0013,2026-02-17T00:00:00Z,9.7555,8.3454,9.0208,7.4383,5.3735,11.6054
E0014,2026-02-17T00:00:00Z,9.6368,10.6661,7.9284,7.6595,5.7657,11.4882
E0015,2026-02-17T00:00:00Z,7.7111,9.3879,8.0907,8.5646,6.9446,7.1909
E0016,2026-02-17T00:00:00Z,7.9963,9.4475,7.85,6.6551,6.5492,9.7545
E0017,2026-02-17T00:00:00Z,7.7527,10.8151,7.2178,6.8291,6.545,12.231
E0018,2026-02-17T00:00:00Z,8.5614,10.3192,8.2553,6.7838,6.9719,10.5076
E0019,2026-02-17T00:00:00Z,6.6819,8.7001,8.1962,7.8692,6.0184,13.2887
E0020,2026-02-17T00:00:00Z,9.3231,7.4308,8.9252,8.0341,5.3767,10.3073
E0021,2026-02-17T00:00:00Z,8.6397,9.5278,8.9125,5.8462,6.8804,6.1871
E0022,2026-02-17T00:00:00Z,8.4351,8.9515,6.7266,7.4532,7.326,7.5357
E0023,2026-02-17T00:00:00Z,8.2742,9.4383,7.5336,6.4701,7.7454,10.0456
E0024,2026-02-17T00:00:00Z,8.2617,8.3062,7.1315,8.0582,5.4427,8.0529
E0025,2026-02-17T00:00:00Z,7.5058,11.524,9.0398,7.9113,7.4071,8.3637
E0026,2026-02-17T00:00:00Z,8.108,8.4085,8.8387,7.6447,6.4546,7.9995
E0027,2026-02-17T00:00:00Z,9.5371,7.5248,8.3292,8.4587,5.3982,11.8396
E0028,2026-02-17T00:00:00Z,7.4828,8.1094,7.7125,7.3431,5.6036,9.1539
E0029,2026-02-17T00:00:00Z,8.0774,7.6426,8.2475,6.9571,5.8207,8.0441
E0030,2026-02-17T00:00:00Z,7.8532,10.4893,8.0454,8.0243,5.56,13.2713
E0031,2026-02-17T00:00:00Z,8.0475,9.7138,8.7046,8.2101,6.0278,11.8568
E0032,2026-02-17T00:00:00Z,9.8562,8.992,7.7488,7.4474,7.6404,9.1856
E0033,2026-02-17T00:00:00Z,9.2136,9.3973,9.3459,8.6238,8.6821,8.1089
E0034,2026-02-17T00:00:00Z,7.5727,8.6041,7.3954,8.4803,6.0555,7.2683
E0035,2026-02-17T00:00:00Z,8.8352,8.8833,8.8109,8.7594,4.6103,6.8835
E0036,2026-02-17T00:00:00Z,9.5815,7.5293,8.0021,8.1283,5.0533,9.8847
E0037,2026-02-17T00:00:00Z,7.7194,10.5508,7.5845,8.7735,6.3617,13.6009
E0038,2026-02-17T00:00:00Z,9.0453,7.0874,9.055,6.9621,6.7003,8.5945
E0039,2026-02-17T00:00:00Z,8.2919,7.1765,8.6214,7.8813,6.9753,9.0833
E0040,2026-02-17T00:00:00Z,8.6027,9.9169,9.5812,8.896,6.1199,7.6614
E0041,2026-02-17T00:00:00Z,8.383,8.1919,7.5528,8.5424,6.9306,8.9208
E0042,2026-02-17T00:00:00Z,9.1497,9.0719,6.7126,9.1727,5.4116,10.0683
E0043,2026-02-17T00:00:00Z,6.6121,9.5906,8.3613,7.2356,7.6119,9.2023
E0044,2026-02-17T00:00:00Z,8.3726,8.6826,10.276,9.0938,8.0138,11.4157
E0045,2026-02-17T00:00:00Z,8.8162,7.6645,6.1317,8.5667,7.3444,10.3555
E0046,2026-02-17T00:00:00Z,7.9105,10.026,7.0291,9.4258,4.7823,9.0232
E0047,2026-02-17T00:00:00Z,6.584,8.6074,7.7208,7.8594,6.3532,10.4027
E0048,2026-02-17T00:00:00Z,8.4584,10.4641,10.3002,7.1317,7.5038,9.655
E0049,2026-02-17T00:00:00Z,9.7444,12.1652,7.4533,7.5343,6.5638,9.1149
E0050,2026-02-17T00:00:00Z,9.181,9.9386,7.6805,5.7577,5.3189,10.6586
E0051,2026-02-17T00:00:00Z,8.9735,7.7971,8.3814,8.5776,7.087,11.4309
E0052,2026-02-17T00:00:00Z,8.9688,8.9317,8.6996,5.9375,7.0992,12.4004
E0053,2026-02-17T00:00:00Z,9.2804,12.0233,7.2325,6.2244,5.8922,9.366
E0054,2026-02-17T00:00:00Z,7.9076,8.2984,7.2553,5.9304,5.9788,8.8121
E0055,2026-02-17T00:00:00Z,8.2873,7.942,6.7528,7.1557,3.9897,11.4607
E0056,2026-02-17T00:00:00Z,7.5145,10.3003,7.5352,5.9698,7.6746,11.067
E0057,2026-02-17T00:00:00Z,7.945,10.502,6.8896,8.7533,6.0494,12.2855
E0058,2026-02-17T00:00:00Z,8.0513,10.3037,6.2014,7.6737,5.8756,9.7852
E0059,2026-02-17T00:00:00Z,8.7794,8.2544,8.3901,7.6329,6.9332,9.0335
E0060,2026-02-17T00:00:00Z,8.1988,8.8253,8.6296,7.0195,5.6651,11.2115
E0061,2026-02-17T00:00:00Z,8.2904,7.7817,8.8744,7.7455,5.0959,10.2506
E0062,2026-02-17T00:00:00Z,7.0278,9.1358,7.7874,8.9078,6.7641,7.9436
E0063,2026-02-17T00:00:00Z,8.2355,8.5067,9.5346,8.309,5.7159,8.7839
E0064,2026-02-17T00:00:00Z,8.8514,6.2905,10.5354,7.3187,5.7964,6.726
E0065,2026-02-17T00:00:00Z,7.4263,9.7531,9.5928,7.965,5.8928,11.227
E0066,2026-02-17T00:00:00Z,9.1613,10.3963,8.4951,8.5424,7.0173,9.5033
E0067,2026-02-17T00:00:00Z,8.2493,8.5857,9.1376,8.4198,8.5678,8.0269
E0068,2026-02-17T00:00:00Z,7.6298,9.1299,11.2764,8.0424,6.2132,10.66
E0069,2026-02-17T00:00:00Z,8.2916,11.1009,8.1934,8.1131,5.2907,8.8628
E0070,2026-02-17T00:00:00Z,9.2843,8.198,9.0867,7.5947,5.5482,10.5514
E0071,2026-02-17T00:00:00Z,8.5697,8.6256,7.2776,8.2013,5.3445,11.1625
E0072,2026-02-17T00:00:00Z,7.1326,9.6847,10.3781,7.4182,6.9328,10.9638
E0073,2026-02-17T00:00:00Z,8.2975,8.1963,8.1604,5.8183,5.57,8.0776
E0074,2026-02-17T00:00:00Z,7.3578,10.1769,7.4095,5.9096,6.5221,9.3415
E0075,2026-02-17T00:00:00Z,9.1453,9.5811,8.663,8.9576,6.6969,11.6767
E0076,2026-02-17T00:00:00Z,7.4272,9.0005,8.6119,7.2104,5.997,8.0251
E0077,2026-02-17T00:00:00Z,8.7754,9.3534,7.9327,7.6883,5.7049,6.5839
E0078,2026-02-17T00:00:00Z,7.5431,8.0708,8.7015,8.8934,6.5854,8.6237
E0079,2026-02-17T00:00:00Z,9.1342,9.8859,7.7518,6.4971,7.9736,9.2533
E0080,2026-02-17T00:00:00Z,8.5667,10.1652,8.437,5.8388,7.7663,10.0803
E0081,2026-02-17T00:00:00Z,8.5612,9.7529,7.7614,7.849,4.969,10.537
E0082,2026-02-17T00:00:00Z,9.0541,8.9631,7.9427,7.12,5.399,13.2862
E0083,2026-02-17T00:00:00Z,8.0206,10.004,8.5769,7.6125,6.3289,11.0729
E0084,2026-02-17T00:00:00Z,8.4886,9.1047,7.8527,6.7565,6.2716,7.7743
E0085,2026-02-17T00:00:00Z,8.4858,8.8929,8.6158,6.8496,7.7059,9.172
E0086,2026-02-17T00:00:00Z,7.1705,9.4714,9.8095,9.3568,5.6635,10.4508
E0087,2026-02-17T00:00:00Z,8.2645,8.734,8.9296,8.799,8.2612,7.7716
E0088,2026-02-17T00:00:00Z,7.6847,6.7143,8.9483,6.8566,5.2302,7.8309
E0089,2026-02-17T00:00:00Z,9.212,8.8753,8.9343,7.7568,8.2766,8.4608
E0090,2026-02-17T00:00:00Z,8.5182,10.3863,9.2734,6.9324,7.1419,10.8401
E0091,2026-02-17T00:00:00Z,8.7259,8.3331,7.6657,8.4994,5.111,9.7497
E0092,2026-02-17T00:00:00Z,8.511,10.5332,8.8689,8.0176,5.7023,11.1135
E0093,2026-02-17T00:00:00Z,9.2331,8.664,9.6342,9.697,4.8132,11.2979
E0094,2026-02-17T00:00:00Z,7.8895,8.4405,8.9892,7.7407,7.9946,9.2444
E0095,2026-02-17T00:00:00Z,7.5037,10.1405,9.4442,7.4502,5.5835,8.8059
E0096,2026-02-17T00:00:00Z,7.2157,9.8065,8.0452,6.2662,7.4388,11.0264
E0097,2026-02-17T00:00:00Z,9.1938,11.3767,9.388,6.5676,7.0689,9.3778
E0098,2026-02-17T00:00:00Z,6.3999,8.6599,7.8164,7.404,7.0036,8.3199
E0099,2026-02-17T00:00:00Z,9.4168,8.8755,7.3678,7.279,7.3419,9.1903
E0100,2026-02-17T00:00:00Z,7.9356,8.8373,5.9892,7.4515,8.4166,10.2235
E0101,2026-02-17T00:00:00Z,6.6654,9.873,9.8463,7.0479,6.7633,13.9763
E0102,2026-02-17T00:00:00Z,6.3551,9.0156,9.203,6.4003,6.3706,11.7298
E0103,2026-02-17T00:00:00Z,9.2937,8.7439,9.0752,6.0699,5.8213,9.4278
E0104,2026-02-17T00:00:00Z,8.8644,9.4421,10.2293,7.5013,5.9105,7.5374
E0105,2026-02-17T00:00:00Z,9.3019,11.5001,7.8863,7.8027,6.9465,11.2252
E0106,2026-02-17T00:00:00Z,7.4184,9.8928,9.7393,7.6091,6.2543,10.1272
E0107,2026-02-17T00:00:00Z,7.8315,6.7699,7.2164,8.318,4.3597,10.7468
E0108,2026-02-17T00:00:00Z,7.6917,9.9551,8.9266,7.8835,5.8087,10.2465
E0109,2026-02-17T00:00:00Z,9.5219,7.4314,9.5387,6.6742,4.7509,11.0802
E0110,2026-02-17T00:00:00Z,7.7898,9.6357,9.0429,7.7543,6.8364,11.0366
E0111,2026-02-17T00:00:00Z,8.722,8.127,7.2326,8.2292,6.1957,8.4622
E0112,2026-02-17T00:00:00Z,8.504,9.3533,8.9776,8.2451,5.3216,9.1858
E0113,2026-02-17T00:00:00Z,8.8077,10.0698,10.3083,8.2109,5.6967,10.2201
E0114,2026-02-17T00:00:00Z,7.599,9.016,8.6227,8.1046,7.7642,10.8374
E0115,2026-02-17T00:00:00Z,8.5585,8.3986,9.1193,6.6927,7.5797,10.3532
E0116,2026-02-17T00:00:00Z,9.2028,8.6987,7.0894,7.9292,7.1541,10.9338
E0117,2026-02-17T00:00:00Z,7.5349,11.6866,8.3171,7.405,7.1556,10.713
E0118,2026-02-17T00:00:00Z,7.6733,9.9493,8.3601,6.9048,4.9966,8.4174
E0119,2026-02-17T00:00:00Z,9.4524,8.5533,7.337,7.8239,5.4006,10.6915
E0120,2026-02-17T00:00:00Z,8.1563,8.6806,9.9868,6.4776,6.8617,11.5366
E0121,2026-02-17T00:00:00Z,8.1635,8.5816,7.9908,6.9982,7.6723,10.1046
E0122,2026-02-17T00:00:00Z,8.6523,10.3505,7.5377,9.2433,5.4387,7.881
E0123,2026-02-17T00:00:00Z,8.0313,8.462,8.9552,7.397,5.7139,8.5529
E0124,2026-02-17T00:00:00Z,8.7445,9.8049,9.4119,8.1561,5.771,6.3928
E0125,2026-02-17T00:00:00Z,8.0196,10.3906,10.0136,7.909,6.8519,10.676
E0126,2026-02-17T00:00:00Z,8.8435,9.0675,9.1767,9.5674,8.3211,9.9657
E0127,2026-02-17T00:00:00Z,7.302,8.0141,8.2955,8.4784,7.1702,9.9475
E0128,2026-02-17T00:00:00Z,7.4274,8.3689,8.5598,8.2172,5.2696,9.0346
E0129,2026-02-17T00:00:00Z,8.2657,10.2356,7.0172,5.4515,7.2838,8.6009
E0130,2026-02-17T00:00:00Z,9.2769,9.0289,10.5071,8.1396,8.6094,7.2916
E0131,2026-02-17T00:00:00Z,8.6977,9.1714,6.5481,7.0871,6.0266,11.0309
E0132,2026-02-17T00:00:00Z,9.4481,9.4005,8.1341,6.513,6.8385,10.6707
E0133,2026-02-17T00:00:00Z,7.575,7.5989,7.307,8.3125,6.7271,8.756
E0134,2026-02-17T00:00:00Z,8.038,9.9474,8.6553,6.9272,7.9962,12.3041
E0135,2026-02-17T00:00:00Z,8.4734,7.2931,10.6222,5.3903,7.0905,11.7422
E0136,2026-02-17T00:00:00Z,9.528,8.867,9.1879,6.0681,5.4731,9.0451
E0137,2026-02-17T00:00:00Z,8.3102,9.4978,7.8629,7.6597,7.2148,6.1688
E0138,2026-02-17T00:00:00Z,9.227,7.2907,7.1667,8.418,7.5711,11.1588
E0139,2026-02-17T00:00:00Z,6.9305,9.7875,8.0948,7.9358,5.5185,7.483
E0140,2026-02-17T00:00:00Z,7.7914,9.2422,10.4484,7.696,7.2038,9.5794
E0141,2026-02-17T00:00:00Z,7.9446,9.977,8.7974,7.3197,8.2273,7.322
E0142,2026-02-17T00:00:00Z,8.7454,8.696,6.5767,7.6789,7.9046,9.8868
E0143,2026-02-17T00:00:00Z,7.6905,8.5062,8.133,7.5329,6.5541,11.7633
E0144,2026-02-17T00:00:00Z,7.1152,8.4154,10.0834,8.8286,6.9448,9.4512
E0145,2026-02-17T00:00:00Z,7.8543,8.3458,8.2492,6.9034,6.4319,9.2499
E0146,2026-02-17T00:00:00Z,7.441,7.8052,8.1419,8.6038,5.6882,8.8908
E0147,2026-02-17T00:00:00Z,8.3132,9.4291,10.6045,6.4092,6.8945,10.8882
E0148,2026-02-17T00:00:00Z,8.0833,9.7675,10.1818,8.013,6.7715,10.9057
E0149,2026-02-17T00:00:00Z,8.3886,10.3841,8.5865,8.7168,6.0839,9.6216
E0000,2026-02-18T00:00:00Z,11.8563,8.43,8.3534,8.3834,6.2682,11.8374
E0001,2026-02-18T00:00:00Z,11.4792,8.409,9.6727,6.9521,7.7488,5.9219
E0002,2026-02-18T00:00:00Z,11.329,7.9198,10.6579,8.0406,7.1696,8.5595
E0003,2026-02-18T00:00:00Z,11.0848,8.9506,6.1637,5.7727,6.1798,10.9041
E0004,2026-02-18T00:00:00Z,11.687,9.9591,9.6015,7.9538,5.1109,11.0309
E0005,2026-02-18T00:00:00Z,11.7265,9.5897,7.9746,7.4021,6.211,11.5209
E0006,2026-02-18T00:00:00Z,11.753,10.6295,8.5458,6.3431,6.0844,9.9759
E0007,2026-02-18T00:00:00Z,12.4566,8.7598,9.746,7.2377,5.4153,10.4276
E0008,2026-02-18T00:00:00Z,12.1244,7.5576,7.7702,7.6405,5.0598,8.9487
E0009,2026-02-18T00:00:00Z,11.0357,9.3108,9.3534,7.0955,6.9407,7.5835
E0010,2026-02-18T00:00:00Z,10.0985,7.9526,8.2039,7.449,5.0071,9.3154
E0011,2026-02-18T00:00:00Z,11.5101,10.3067,7.9996,7.875,4.6169,10.9786
E0012,2026-02-18T00:00:00Z,12.0476,8.0115,6.5206,8.066,4.7972,11.0427
E0013,2026-02-18T00:00:00Z,10.3137,9.6431,7.9716,7.8238,6.3668,8.1984
E0014,2026-02-18T00:00:00Z,13.0847,6.6622,9.5189,6.1053,3.5302,10.5373
E0015,2026-02-18T00:00:00Z,12.4214,9.6749,8.1592,6.0929,6.7858,8.8028
E0016,2026-02-18T00:00:00Z,10.8494,10.1177,8.4256,9.0766,5.0207,9.2243
E0017,2026-02-18T00:00:00Z,11.2646,9.1904,7.5954,8.3198,6.3213,7.2427
E0018,2026-02-18T00:00:00Z,11.75,10.1856,11.1151,6.5741,4.9119,9.3744
E0019,2026-02-18T00:00:00Z,10.2162,9.5973,9.5699,9.0189,4.6933,8.851
E0020,2026-02-18T00:00:00Z,11.8759,9.5837,7.7356,7.4516,6.304,11.0766
E0021,2026-02-18T00:00:00Z,9.9217,7.491,7.3634,5.6046,7.6741,9.3074
E0022,2026-02-18T00:00:00Z,10.0556,8.262,8.4284,7.8426,6.3299,8.8741
E0023,2026-02-18T00:00:00Z,11.5281,10.0026,9.1578,5.572,7.3981,10.5368
E0024,2026-02-18T00:00:00Z,10.8834,8.4405,7.8868,6.8457,6.4542,8.4504
E0025,2026-02-18T00:00:00Z,11.8683,8.1367,6.6703,6.6905,5.6905,12.8216
E0026,2026-02-18T00:00:00Z,10.8569,10.453,9.5794,7.5366,4.5399,11.8543
E0027,2026-02-18T00:00:00Z,11.1435,7.5588,7.5561,8.4447,5.6024,11.9174
E0028,2026-02-18T00:00:00Z,10.9957,9.6318,9.963,8.5054,4.385,6.4219
E0029,2026-02-18T00:00:00Z,10.8512,11.2933,7.7647,7.7636,8.1066,9.7922
E0030,2026-02-18T00:00:00Z,11.852,9.2784,9.8963,9.2949,6.9168,9.9138
E0031,2026-02-18T00:00:00Z,10.1159,10.7316,7.8984,7.1024,4.9125,9.9869
E0032,2026-02-18T00:00:00Z,10.2911,9.6141,9.5898,5.3954,7.8858,8.3431
E0033,2026-02-18T00:00:00Z,10.4634,10.9544,6.9527,6.6735,6.2411,12.0071
E0034,2026-02-18T00:00:00Z,11.5677,10.241,8.2949,8.9788,7.5189,10.0102
E0035,2026-02-18T00:00:00Z,11.8484,8.4167,9.4926,7.9408,6.6682,11.0746
E0036,2026-02-18T00:00:00Z,11.4748,9.1628,8.5684,7.712,5.7231,11.8121
E0037,2026-02-18T00:00:00Z,11.8903,8.3663,7.7336,5.9313,5.4238,7.0615
E0038,2026-02-18T00:00:00Z,12.0872,9.7097,7.5757,8.2602,6.4015,11.4182
E0039,2026-02-18T00:00:00Z,10.182,10.067,8.5479,6.4298,7.116,5.4144
E0040,2026-02-18T00:00:00Z,11.6949,8.8707,6.4471,6.9359,6.4573,11.0279
E0041,2026-02-18T00:00:00Z,10.7773,9.4796,7.8164,6.6069,7.3058,6.9323
E0042,2026-02-18T00:00:00Z,10.7589,8.4286,8.0116,8.5512,5.058,7.225
E0043,2026-02-18T00:00:00Z,11.2879,8.1165,8.5976,6.6076,6.7415,11.3944
E0044,2026-02-18T00:00:00Z,11.185,11.3999,7.9884,6.5145,7.4151,9.3717
E0045,2026-02-18T00:00:00Z,10.5325,11.2533,8.7318,8.1967,5.1492,10.433
E0046,2026-02-18T00:00:00Z,12.4974,11.1509,9.1416,5.4312,6.41,11.973
E0047,2026-02-18T00:00:00Z,11.2672,12.0751,7.9545,8.2692,7.1225,12.4789
E0048,2026-02-18T00:00:00Z,11.8184,9.3118,6.6468,6.9881,8.0748,8.9458
E0049,2026-02-18T00:00:00Z,12.026,8.1658,7.878,6.4355,5.524,10.4694
E0050,2026-02-18T00:00:00Z,11.3465,7.4817,8.7219,5.5448,7.4099,6.2864
E0051,2026-02-18T00:00:00Z,11.1151,9.7938,7.5146,8.4782,5.8776,9.1066
E0052,2026-02-18T00:00:00Z,11.2047,10.4007,7.3394,6.7984,7.5789,8.8089
E0053,2026-02-18T00:00:00Z,11.8627,8.3553,8.2073,7.674,6.1892,8.6397
E0054,2026-02-18T00:00:00Z,11.688,8.0659,7.9109,6.7999,6.8004,9.2114
E0055,2026-02-18T00:00:00Z,11.6894,8.7331,8.5378,6.729,5.5591,10.1101
E0056,2026-02-18T00:00:00Z,11.0601,8.1031,5.5667,6.644,6.2442,11.0103
E0057,2026-02-18T00:00:00Z,10.8019,8.1526,7.4195,8.6145,5.1357,8.7692
E0058,2026-02-18T00:00:00Z,10.6671,11.2663,9.7792,8.7694,6.427,11.5899
E0059,2026-02-18T00:00:00Z,10.8593,10.9692,7.1591,7.0125,5.4732,7.3644
E0060,2026-02-18T00:00:00Z,11.7595,9.2559,8.6068,7.0611,8.4505,10.2386
E0061,2026-02-18T00:00:00Z,11.7741,9.5925,9.8123,6.8952,5.8539,7.5447
E0062,2026-02-18T00:00:00Z,11.366,9.2713,8.1429,8.9903,5.5006,8.6444
E0063,2026-02-18T00:00:00Z,12.4253,8.5622,7.2691,7.5882,5.3969,8.6668
E0064,2026-02-18T00:00:00Z,11.0173,9.8748,7.52,7.5493,6.0285,9.5055
E0065,2026-02-18T00:00:00Z,10.33,9.1053,9.126,8.0239,6.3262,12.5764
E0066,2026-02-18T00:00:00Z,10.3621,11.1205,9.4536,6.2494,6.544,10.8148
E0067,2026-02-18T00:00:00Z,10.9095,11.2765,10.1091,9.5999,4.5709,6.4386
E0068,2026-02-18T00:00:00Z,9.4345,9.0521,6.932,5.7859,5.7688,9.7156
E0069,2026-02-18T00:00:00Z,10.5218,7.7796,9.5772,6.1244,7.062,5.1548
E0070,2026-02-18T00:00:00Z,11.5328,7.8786,9.4584,8.1526,6.4891,10.024
E0071,2026-02-18T00:00:00Z,11.3055,7.0425,7.7039,8.0189,6.3483,11.9799
E0072,2026-02-18T00:00:00Z,10.7659,9.0125,10.9279,6.6614,7.9193,6.7538
E0073,2026-02-18T00:00:00Z,11.2402,10.4178,8.5813,8.2474,5.6674,9.7808
E0074,2026-02-18T00:00:00Z,11.8929,8.9846,9.2083,6.8423,6.4878,11.2291
E0075,2026-02-18T00:00:00Z,10.9725,8.5149,8.7152,9.7274,8.4736,10.1789
E0076,2026-02-18T00:00:00Z,9.4535,8.4058,9.0135,7.3033,6.0603,10.2488
E0077,2026-02-18T00:00:00Z,11.247,8.4914,8.2322,5.651,6.9891,8.7405
E0078,2026-02-18T00:00:00Z,10.3849,6.3147,7.6517,8.3709,6.8245,10.183
E0079,2026-02-18T00:00:00Z,10.5231,9.1302,5.5411,7.4574,7.3632,8.1938
E0080,2026-02-18T00:00:00Z,12.5249,8.1372,8.011,7.6126,7.0384,10.4672
E0081,2026-02-18T00:00:00Z,11.942,9.3213,10.1815,8.011,7.0776,12.0926
E0082,2026-02-18T00:00:00Z,12.3192,8.295,8.6567,6.6393,6.9452,8.7237
E0083,2026-02-18T00:00:00Z,10.6711,11.2243,9.4799,9.3315,5.701,10.5779
E0084,2026-02-18T00:00:00Z,12.8716,10.4475,7.6669,8.2316,6.6367,10.8639
E0085,2026-02-18T00:00:00Z,10.4077,11.5653,7.7803,8.1245,8.1956,10.028
E0086,2026-02-18T00:00:00Z,11.5667,8.309,9.1537,5.4615,6.9049,10.9435
E0087,2026-02-18T00:00:00Z,12.7319,11.5428,9.4456,9.4263,7.9417,9.2613
E0088,2026-02-18T00:00:00Z,11.7985,8.7712,9.9005,7.249,5.342,8.9296
E0089,2026-02-18T00:00:00Z,11.233,8.7236,8.116,8.5399,7.1179,12.5315
E0090,2026-02-18T00:00:00Z,11.4617,9.7539,7.7694,6.7074,6.4198,12.1837
E0091,2026-02-18T00:00:00Z,11.3833,9.2687,7.8629,7.4828,5.2633,8.8846
E0092,2026-02-18T00:00:00Z,11.5721,7.5182,9.3966,7.7923,6.9099,8.6473
E0093,2026-02-18T00:00:00Z,11.5425,9.6177,7.6406,8.0463,5.1822,9.9864
E0094,2026-02-18T00:00:00Z,10.9696,10.0405,8.9627,6.0833,5.9745,7.5996
E0095,2026-02-18T00:00:00Z,9.7581,9.0246,8.8515,6.0069,6.2742,8.1323
E0096,2026-02-18T00:00:00Z,10.3036,9.7654,8.061,7.8103,6.0355,8.5171
E0097,2026-02-18T00:00:00Z,9.421,8.1665,8.6087,7.12,6.1501,9.3325
E0098,2026-02-18T00:00:00Z,11.1704,9.0413,7.9124,8.7868,6.8024,11.6791
E0099,2026-02-18T00:00:00Z,10.8745,8.6109,7.7271,7.0202,6.5891,10.7212
E0100,2026-02-18T00:00:00Z,9.4784,9.2264,9.5373,7.5923,7.3847,9.2048
E0101,2026-02-18T00:00:00Z,12.0999,7.978,8.1984,7.8412,7.9216,11.6672
E0102,2026-02-18T00:00:00Z,11.2379,9.5743,8.0234,6.4495,6.8467,8.9193
E0103,2026-02-18T00:00:00Z,10.9415,6.9936,9.0287,8.3158,8.0046,9.2449
E0104,2026-02-18T00:00:00Z,11.0489,8.9162,10.5338,7.0372,6.3137,8.3287
E0105,2026-02-18T00:00:00Z,10.4927,9.1943,10.6859,6.0244,7.8983,9.132
E0106,2026-02-18T00:00:00Z,11.0625,9.9025,8.2056,6.5474,7.0059,10.6106
E0107,2026-02-18T00:00:00Z,10.4605,10.9563,7.8508,7.4704,7.1354,7.3952
E0108,2026-02-18T00:00:00Z,11.3504,8.5567,9.6107,6.2008,6.3756,8.3582
E0109,2026-02-18T00:00:00Z,11.0536,9.4928,10.239,8.0008,4.71,7.3164
E0110,2026-02-18T00:00:00Z,11.9913,8.5075,6.3681,8.4357,6.6454,8.6922
E0111,2026-02-18T00:00:00Z,11.5581,9.8906,5.7699,6.9184,5.7436,9.7825
E0112,2026-02-18T00:00:00Z,12.0581,8.7852,8.218,6.9498,7.4839,8.41
E0113,2026-02-18T00:00:00Z,11.1375,11.0213,8.216,7.7584,5.6503,11.1534
E0114,2026-02-18T00:00:00Z,10.8573,8.4953,7.8587,8.2689,7.924,11.0096
E0115,2026-02-18T00:00:00Z,11.1359,9.5855,8.4332,7.5645,6.7155,10.6463
E0116,2026-02-18T00:00:00Z,10.9417,8.4143,8.6776,7.6974,4.9634,7.0163
E0117,2026-02-18T00:00:00Z,10.2028,9.2266,7.7775,7.4606,6.5456,9.353
E0118,2026-02-18T00:00:00Z,12.0404,9.0026,6.0021,7.6876,7.1197,13.019
E0119,2026-02-18T00:00:00Z,11.0837,9.8999,7.9484,6.5995,6.7092,7.6758
E0120,2026-02-18T00:00:00Z,12.9927,7.5176,9.0899,7.2254,5.9654,10.1109
E0121,2026-02-18T00:00:00Z,10.5423,9.1678,7.174,8.0088,5.7529,8.3338
E0122,2026-02-18T00:00:00Z,10.9916,9.3365,7.8057,5.91,6.6022,7.6221
E0123,2026-02-18T00:00:00Z,11.3556,6.857,8.5592,7.1134,4.8165,9.9554
E0124,2026-02-18T00:00:00Z,11.2647,8.8326,7.3149,8.7735,4.3631,7.5327
E0125,2026-02-18T00:00:00Z,12.0073,9.6969,8.7244,6.8728,7.9151,6.9577
E0126,2026-02-18T00:00:00Z,10.1741,9.3925,8.4135,6.1918,5.8114,9.0534
E0127,2026-02-18T00:00:00Z,11.0436,9.318,8.7318,6.758,7.3205,14.0694
E0128,2026-02-18T00:00:00Z,11.7935,9.8872,7.7309,8.0404,7.1332,10.8027
E0129,2026-02-18T00:00:00Z,10.4345,8.5235,8.8471,9.387,5.5426,8.9991
E0130,2026-02-18T00:00:00Z,11.3434,9.0888,7.897,7.6698,6.588,11.1112
E0131,2026-02-18T00:00:00Z,11.6615,8.9055,8.7415,6.6977,6.3736,9.1179
E0132,2026-02-18T00:00:00Z,10.4848,7.8353,6.7467,6.5576,5.3131,7.8646
E0133,2026-02-18T00:00:00Z,11.9828,9.9125,8.376,7.2,6.4942,7.8778
E0134,2026-02-18T00:00:00Z,10.9394,10.0293,8.0929,9.139,7.2211,10.4301
E0135,2026-02-18T00:00:00Z,12.4952,8.6654,9.2314,5.6825,7.0554,12.6771
E0136,2026-02-18T00:00:00Z,11.0877,9.8862,7.3477,7.4306,7.4747,11.4995
E0137,2026-02-18T00:00:00Z,10.2073,8.8241,7.5856,8.6966,7.3949,10.0598
E0138,2026-02-18T00:00:00Z,12.0584,8.2301,7.8256,8.3712,6.061,11.6536
E0139,2026-02-18T00:00:00Z,11.2358,9.1511,9.298,8.1366,7.6929,8.5946
E0140,2026-02-18T00:00:00Z,12.2011,8.5957,8.6465,7.9509,5.0109,12.0436
E0141,2026-02-18T00:00:00Z,10.6345,10.6704,7.7956,8.4944,5.3785,9.735
E0142,2026-02-18T00:00:00Z,9.8529,9.5608,8.1595,7.13,7.0655,10.8813
E0143,2026-02-18T00:00:00Z,11.6996,10.5809,7.5358,8.0803,6.4821,12.1622
E0144,2026-02-18T00:00:00Z,10.7967,8.5632,9.0764,7.5572,6.9124,10.3747
E0145,2026-02-18T00:00:00Z,11.0856,9.1311,7.5354,6.8787,4.915,9.9077
E0146,2026-02-18T00:00:00Z,12.408,9.2335,9.4096,8.8126,5.9997,8.2764
E0147,2026-02-18T00:00:00Z,10.5608,10.1694,7.9853,7.674,6.7381,8.0813
E0148,2026-02-18T00:00:00Z,10.5373,7.4566,7.7648,8.8809,6.0675,10.5048
E0149,2026-02-18T00:00:00Z,10.2625,7.0146,6.8448,6.9156,7.287,10.8157
E0000,2026-02-19T00:00:00Z,10.3123,9.4943,7.593,7.4186,5.8898,9.1686
E0001,2026-02-19T00:00:00Z,10.3833,8.2956,7.0515,7.8827,5.9795,11.7434
E0002,2026-02-19T00:00:00Z,11.7921,10.1106,8.7311,7.8081,6.671,11.4466
E0003,2026-02-19T00:00:00Z,13.0057,10.5073,6.775,7.7635,4.8876,8.669
E0004,2026-02-19T00:00:00Z,12.3227,8.2893,6.919,8.2506,6.5283,8.9839
E0005,2026-02-19T00:00:00Z,9.9809,8.0272,9.915,7.4146,5.1778,10.7661
E0006,2026-02-19T00:00:00Z,11.102,8.9666,7.7222,8.0579,8.799,9.1618
E0007,2026-02-19T00:00:00Z,10.6395,10.33,10.6734,5.9116,6.7018,8.8675
E0008,2026-02-19T00:00:00Z,11.9003,7.1607,9.332,9.2595,6.231,10.8609
E0009,2026-02-19T00:00:00Z,11.2158,7.1289,10.3571,6.7286,6.9608,6.6178
E0010,2026-02-19T00:00:00Z,12.0718,11.3756,7.6103,9.144,4.9198,11.3189
E0011,2026-02-19T00:00:00Z,11.5927,9.6185,9.5911,6.4487,7.3348,9.6879
E0012,2026-02-19T00:00:00Z,11.0611,9.1552,6.797,7.7113,7.7499,8.8832
E0013,2026-02-19T00:00:00Z,11.0414,9.9856,8.2385,8.5128,6.6837,10.2258
E0014,2026-02-19T00:00:00Z,10.2699,10.6385,6.1535,8.2341,5.4393,12.772
E0015,2026-02-19T00:00:00Z,11.4734,8.9902,9.5374,6.792,4.6687,11.9864
E0016,2026-02-19T00:00:00Z,11.5247,7.1077,9.6191,8.0151,5.6101,7.7098
E0017,2026-02-19T00:00:00Z,13.2551,8.829,9.8874,5.5019,4.3546,11.4382
E0018,2026-02-19T00:00:00Z,12.0731,10.5597,8.7487,7.426,4.5252,11.4487
E0019,2026-02-19T00:00:00Z,11.3362,7.6152,7.8559,6.2837,6.9194,10.6856
E0020,2026-02-19T00:00:00Z,11.739,7.7813,6.9356,6.9886,7.5946,10.6652
E0021,2026-02-19T00:00:00Z,11.0784,9.2079,8.7299,8.572,7.2839,8.161
E0022,2026-02-19T00:00:00Z,11.2237,10.5956,9.942,6.4635,7.2912,8.2296
E0023,2026-02-19T00:00:00Z,11.2792,8.2247,6.5223,5.5109,7.7292,12.5206
E0024,2026-02-19T00:00:00Z,11.256,9.4575,10.1261,6.5557,7.7084,10.9901
E0025,2026-02-19T00:00:00Z,10.4785,9.5571,8.1182,8.1192,6.4623,13.8788
E0026,2026-02-19T00:00:00Z,10.1206,8.5903,10.4823,7.3235,5.268,7.7904
E0027,2026-02-19T00:00:00Z,12.0698,10.7232,6.6531,9.0349,6.7103,12.8436
E0028,2026-02-19T00:00:00Z,11.3863,7.9519,7.9668,6.886,4.0713,9.3856
E0029,2026-02-19T00:00:00Z,11.4558,10.2899,6.5513,7.7609,7.2356,7.805
E0030,2026-02-19T00:00:00Z,10.2986,7.8591,9.2448,7.2195,6.1345,8.6195
E0031,2026-02-19T00:00:00Z,10.8642,7.7471,6.7424,7.3572,7.4976,10.0658
E0032,2026-02-19T00:00:00Z,10.8745,9.5114,8.6172,5.4019,7.8579,9.5872
E0033,2026-02-19T00:00:00Z,12.4402,10.1012,9.309,7.6606,5.9695,8.7162
E0034,2026-02-19T00:00:00Z,11.4323,7.8344,8.9529,6.7183,7.8435,9.867
E0035,2026-02-19T00:00:00Z,12.039,8.0384,8.371,8.9519,5.9841,8.4747
E0036,2026-02-19T00:00:00Z,12.8051,10.7322,8.8075,7.908,7.0053,9.5356
E0037,2026-02-19T00:00:00Z,11.2637,9.3945,8.6689,7.8488,8.9657,9.538
E0038,2026-02-19T00:00:00Z,11.019,9.4016,8.181,8.5887,5.0798,8.4963
E0039,2026-02-19T00:00:00Z,12.1209,8.9654,8.6842,8.5975,5.6828,9.2762
E0040,2026-02-19T00:00:00Z,10.3783,9.0673,7.2119,7.2092,5.6654,10.6445
E0041,2026-02-19T00:00:00Z,11.1812,9.1307,9.446,7.1817,6.3283,8.488
E0042,2026-02-19T00:00:00Z,10.9773,8.8964,7.0494,7.3362,6.0712,4.9976
E0043,2026-02-19T00:00:00Z,10.8777,9.3983,7.7911,8.8297,8.2614,11.7565
E0044,2026-02-19T00:00:00Z,11.8003,9.313,8.0782,6.1983,5.3109,10.1649
E0045,2026-02-19T00:00:00Z,11.795,6.9036,8.3755,7.5216,4.0292,9.7633
E0046,2026-02-19T00:00:00Z,10.8602,7.8368,8.53,8.6792,4.7555,9.4065
E0047,2026-02-19T00:00:00Z,11.2272,11.0624,8.9625,6.3369,6.7232,8.958
E0048,2026-02-19T00:00:00Z,12.3437,8.4003,10.3365,8.4835,4.1958,8.2579
E0049,2026-02-19T00:00:00Z,10.2078,8.0244,8.6392,7.4928,6.9136,11.7361
E0050,2026-02-19T00:00:00Z,10.6074,7.8248,8.4569,8.0071,6.5257,14.0927
E0051,2026-02-19T00:00:00Z,11.3687,9.4188,8.5294,6.5053,6.9486,8.5953
E0052,2026-02-19T00:00:00Z,11.3954,10.3032,7.3801,6.6863,7.8011,9.5273
E0053,2026-02-19T00:00:00Z,11.5103,7.7065,6.3709,8.045,5.1572,11.0284
E0054,2026-02-19T00:00:00Z,11.2238,9.2837,10.5053,6.9278,5.9563,9.7258
E0055,2026-02-19T00:00:00Z,11.7172,10.3589,7.8867,7.0328,6.0996,9.341
E0056,2026-02-19T00:00:00Z,10.9377,8.416,9.1613,8.1934,7.66,7.8364
E0057,2026-02-19T00:00:00Z,10.8118,9.7677,7.6476,7.094,5.7647,10.5137
E0058,2026-02-19T00:00:00Z,10.5715,10.4894,6.8277,8.4409,6.9423,9.4164
E0059,2026-02-19T00:00:00Z,12.5134,9.4502,8.0924,5.6849,5.5114,12.0718
E0060,2026-02-19T00:00:00Z,11.9483,9.6508,8.3728,7.9311,5.6,13.3642
E0061,2026-02-19T00:00:00Z,11.5782,9.0038,8.7747,6.5354,5.6208,10.8243
E0062,2026-02-19T00:00:00Z,11.3833,8.6503,7.951,6.5338,4.4372,7.8361
E0063,2026-02-19T00:00:00Z,10.3413,8.2291,6.8918,6.959,6.4711,9.4419
E0064,2026-02-19T00:00:00Z,11.9982,11.3681,7.6449,8.8423,6.1671,11.509
E0065,2026-02-19T00:00:00Z,10.3804,9.1279,8.8473,6.6745,6.0321,10.1724
E0066,2026-02-19T00:00:00Z,11.6663,6.7503,7.6874,6.8774,7.3669,6.6111
E0067,2026-02-19T00:00:00Z,10.1526,9.7275,9.9377,7.6685,5.8334,9.3738
E0068,2026-02-19T00:00:00Z,11.1708,9.0223,9.2093,6.7958,6.9471,9.8819
E0069,2026-02-19T00:00:00Z,11.0168,9.6288,9.0009,7.6797,6.0731,8.3274
E0070,2026-02-19T00:00:00Z,12.0098,10.7141,7.0278,6.1789,5.7262,6.4795
E0071,2026-02-19T00:00:00Z,11.8689,9.8139,9.9506,8.2213,7.4268,11.2578
E0072,2026-02-19T00:00:00Z,11.4705,8.8665,9.137,5.9948,7.6457,9.2661
E0073,2026-02-19T00:00:00Z,12.4551,9.8946,8.6259,7.1211,6.9907,10.4591
E0074,2026-02-19T00:00:00Z,11.4339,10.2399,8.6659,6.3964,5.4348,8.0488
E0075,2026-02-19T00:00:00Z,11.389,8.0037,8.1021,7.8359,6.2515,9.9321
E0076,2026-02-19T00:00:00Z,11.2179,8.7052,8.1088,7.9223,6.3103,7.9757
E0077,2026-02-19T00:00:00Z,11.6123,7.9687,8.8576,7.5538,6.6769,10.7769
E0078,2026-02-19T00:00:00Z,11.3717,10.3612,7.0283,5.9445,6.9726,8.7872
E0079,2026-02-19T00:00:00Z,11.7458,10.3085,9.4838,6.5461,5.5517,8.6032
E0080,2026-02-19T00:00:00Z,11.1721,8.9916,8.1695,7.4509,4.4008,10.6313
E0081,2026-02-19T00:00:00Z,11.6775,8.2896,9.4334,6.8815,7.081,10.3021
E0082,2026-02-19T00:00:00Z,11.1467,9.1298,6.0092,8.8341,4.9883,8.4115
E0083,2026-02-19T00:00:00Z,11.319,9.8109,8.2209,7.7194,5.6869,8.2782
E0084,2026-02-19T00:00:00Z,10.8273,10.3656,9.7252,8.2858,5.0943,9.2624
E0085,2026-02-19T00:00:00Z,11.1932,11.386,8.5014,7.9813,6.0928,9.5024
E0086,2026-02-19T00:00:00Z,11.2151,9.3013,8.1014,6.1471,7.5277,9.8854
E0087,2026-02-19T00:00:00Z,10.6498,8.7974,8.0786,6.7942,5.5365,9.8748
E0088,2026-02-19T00:00:00Z,11.2364,7.4305,11.0978,8.1068,5.3022,7.4451
E0089,2026-02-19T00:00:00Z,10.8035,9.6012,8.8952,8.6412,7.4372,10.7811
E0090,2026-02-19T00:00:00Z,11.9262,8.1998,6.7892,6.6714,6.8784,8.924
E0091,2026-02-19T00:00:00Z,12.054,9.7216,8.4702,7.2495,5.1494,9.433
E0092,2026-02-19T00:00:00Z,10.9912,9.0725,7.3374,9.7392,6.9902,10.5107
E0093,2026-02-19T00:00:00Z,10.4462,8.8174,9.3624,7.0256,6.3207,6.5557
E0094,2026-02-19T00:00:00Z,10.9571,10.2392,9.3871,7.8363,6.9977,11.8318
E0095,2026-02-19T00:00:00Z,9.7323,9.1524,9.9365,7.1753,5.7426,9.5027
E0096,2026-02-19T00:00:00Z,10.4818,8.8984,6.3177,7.0019,7.6828,9.4321
E0097,2026-02-19T00:00:00Z,10.5817,8.85,8.9814,7.3314,6.563,8.4021
E0098,2026-02-19T00:00:00Z,10.6454,11.1904,6.3776,6.2687,6.7909,10.8074
E0099,2026-02-19T00:00:00Z,11.2863,7.2161,7.7244,8.2147,5.1013,8.8968
E0100,2026-02-19T00:00:00Z,11.783,6.3593,9.8029,5.8879,6.5343,10.2993
E0101,2026-02-19T00:00:00Z,11.2992,8.1715,8.7693,9.463,6.939,5.6055
E0102,2026-02-19T00:00:00Z,10.4578,7.7025,10.1431,8.8185,6.6256,8.4889
E0103,2026-02-19T00:00:00Z,9.167,9.9316,7.6238,8.0241,6.5867,7.1141
E0104,2026-02-19T00:00:00Z,11.5215,9.7724,8.3525,6.5006,4.7171,11.3764
E0105,2026-02-19T00:00:00Z,12.0977,8.8658,8.8278,7.262,4.6545,8.5906
E0106,2026-02-19T00:00:00Z,12.4257,10.0284,8.7212,7.8009,5.938,13.2383
E0107,2026-02-19T00:00:00Z,10.8106,8.7713,6.6895,6.7415,4.9448,8.8908
E0108,2026-02-19T00:00:00Z,12.5372,9.4881,7.1304,7.0522,5.6389,9.5802
E0109,2026-02-19T00:00:00Z,11.5122,10.6563,6.7683,7.4028,5.8791,8.9883
E0110,2026-02-19T00:00:00Z,10.8024,9.0832,9.5684,7.1178,7.3048,11.2747
E0111,2026-02-19T00:00:00Z,11.0613,10.344,7.1128,7.0463,5.7961,12.057
E0112,2026-02-19T00:00:00Z,10.9479,11.3271,9.3123,7.1791,6.0982,9.8133
E0113,2026-02-19T00:00:00Z,9.9431,9.0341,8.7999,8.3812,7.9204,9.1329
E0114,2026-02-19T00:00:00Z,10.2265,8.1366,7.2529,7.0798,6.2027,11.0984
E0115,2026-02-19T00:00:00Z,10.9497,10.1037,10.0497,8.2099,7.2666,11.726
E0116,2026-02-19T00:00:00Z,12.6075,10.3559,8.8162,7.526,5.5179,9.5307
E0117,2026-02-19T00:00:00Z,10.5435,9.4415,8.2734,6.0976,6.9052,7.6748
E0118,2026-02-19T00:00:00Z,10.7231,9.5363,8.8064,5.475,5.7208,10.1881
E0119,2026-02-19T00:00:00Z,10.2333,9.8782,8.9713,8.3287,6.271,8.1783
E0120,2026-02-19T00:00:00Z,12.8744,9.0924,8.1113,8.5859,5.0562,11.1282
E0121,2026-02-19T00:00:00Z,10.8864,9.9924,9.0183,8.0374,6.3284,9.6451
E0122,2026-02-19T00:00:00Z,11.4218,9.2373,10.125,8.1841,5.9352,9.7544
E0123,2026-02-19T00:00:00Z,12.2145,9.0802,6.7689,6.9977,7.0325,8.8675
E0124,2026-02-19T00:00:00Z,11.381,10.681,9.4872,6.5186,7.2321,9.9836
E0125,2026-02-19T00:00:00Z,11.1591,9.5961,6.7146,7.5035,7.6061,11.1616
E0126,2026-02-19T00:00:00Z,11.3296,9.2208,7.9897,6.6944,7.2966,8.91
E0127,2026-02-19T00:00:00Z,10.9867,8.8091,9.0565,7.4237,7.1612,10.0453
E0128,2026-02-19T00:00:00Z,11.0992,10.1223,9.3618,8.4671,6.6534,9.6212
E0129,2026-02-19T00:00:00Z,10.8177,8.2613,8.0786,8.752,4.1253,9.8227
E0130,2026-02-19T00:00:00Z,11.938,9.4114,9.2979,8.349,6.4114,7.7684
E0131,2026-02-19T00:00:00Z,11.7659,7.6514,6.5265,6.2644,5.9833,8.4087
E0132,2026-02-19T00:00:00Z,11.0954,9.4472,8.213,6.1608,5.9626,7.7629
E0133,2026-02-19T00:00:00Z,11.4881,9.7607,7.507,8.7325,4.695,4.578
E0134,2026-02-19T00:00:00Z,10.8402,8.1577,9.9978,7.9442,5.28,6.5731
E0135,2026-02-19T00:00:00Z,10.0546,8.1905,7.1369,7.2425,6.0944,7.227
E0136,2026-02-19T00:00:00Z,12.0332,8.9567,8.3666,7.5114,7.1649,10.5748
E0137,2026-02-19T00:00:00Z,11.3029,8.952,8.3146,6.7756,5.3177,11.0386
E0138,2026-02-19T00:00:00Z,11.5099,8.5376,8.2349,5.9534,7.2521,9.8861
E0139,2026-02-19T00:00:00Z,11.6919,8.6055,5.9275,7.9218,6.064,11.7229
E0140,2026-02-19T00:00:00Z,11.4021,9.215,7.404,7.1178,7.0452,11.0239
E0141,2026-02-19T00:00:00Z,10.7742,8.7249,7.6306,8.2335,6.9974,9.6146
E0142,2026-02-19T00:00:00Z,11.4831,8.8359,8.7075,9.1255,6.56,10.9984
E0143,2026-02-19T00:00:00Z,10.2538,8.3542,8.6078,6.78,6.3777,9.4978
E0144,2026-02-19T00:00:00Z,11.1363,9.8123,8.0118,6.451,5.4205,10.6401
E0145,2026-02-19T00:00:00Z,11.8557,9.1708,10.0479,7.3138,6.5323,8.3459
E0146,2026-02-19T00:00:00Z,11.9257,9.5159,10.023,8.1074,6.1873,10.0653
E0147,2026-02-19T00:00:00Z,12.2754,9.336,8.1627,6.0058,6.6458,10.0465
E0148,2026-02-19T00:00:00Z,11.1576,9.2158,8.4846,8.5507,4.665,12.3287
E0149,2026-02-19T00:00:00Z,11.3882,8.2669,6.2919,6.2894,5.3818,10.1674
E0000,2026-02-20T00:00:00Z,10.0121,8.705,9.3478,8.6246,6.7087,9.1623
E0001,2026-02-20T00:00:00Z,11.135,9.0629,7.6095,6.4382,7.5706,7.3177
E0002,2026-02-20T00:00:00Z,11.1321,10.4956,8.1646,6.8181,8.0955,9.7329
E0003,2026-02-20T00:00:00Z,11.3297,9.4403,9.967,7.6872,6.3777,10.164
E0004,2026-02-20T00:00:00Z,9.9623,12.0446,8.3541,8.5987,5.5105,9.9884
E0005,2026-02-20T00:00:00Z,11.7406,9.19,7.4909,7.5263,7.4019,10.7612
E0006,2026-02-20T00:00:00Z,11.8395,9.1615,9.4507,7.091,6.0987,8.871
E0007,2026-02-20T00:00:00Z,10.7589,9.4226,6.8044,7.565,6.7381,11.8168
E0008,2026-02-20T00:00:00Z,10.7586,9.8699,8.5928,7.2052,5.4867,8.6976
E0009,2026-02-20T00:00:00Z,10.6423,11.1523,8.0072,7.8484,7.2325,12.9393
E0010,2026-02-20T00:00:00Z,11.1327,7.8812,8.7509,6.9676,5.5059,8.9888
E0011,2026-02-20T00:00:00Z,12.4188,10.0807,6.8556,6.8312,6.9945,12.4885
E0012,2026-02-20T00:00:00Z,10.7603,11.2472,7.125,9.7527,6.3891,9.7889
E0013,2026-02-20T00:00:00Z,10.9471,8.6654,8.3583,8.3307,6.1359,8.1326
E0014,2026-02-20T00:00:00Z,11.4185,6.6628,10.0823,5.9995,6.9795,10.0297
E0015,2026-02-20T00:00:00Z,10.4152,8.7892,8.3369,7.6218,4.7919,10.1452
E0016,2026-02-20T00:00:00Z,10.5718,9.9792,7.8879,7.1824,5.8753,10.631
E0017,2026-02-20T00:00:00Z,11.2542,10.2405,8.5667,7.1989,5.6563,10.4293
E0018,2026-02-20T00:00:00Z,11.8512,7.8483,9.8336,6.8441,6.5915,10.3057
E0019,2026-02-20T00:00:00Z,11.8419,8.6188,9.1856,8.2934,6.8695,6.5563
E0020,2026-02-20T00:00:00Z,11.9642,9.2554,7.833,6.7522,6.2398,9.1417
E0021,2026-02-20T00:00:00Z,12.0707,9.152,8.2498,7.5355,7.0171,10.0244
E0022,2026-02-20T00:00:00Z,10.4638,6.8611,8.9666,6.7629,4.1772,11.0882
E0023,2026-02-20T00:00:00Z,11.1671,8.9525,7.6803,7.5215,4.7247,10.1054
E0024,2026-02-20T00:00:00Z,12.4569,7.8005,6.341,6.8237,7.5864,9.3061
E0025,2026-02-20T00:00:00Z,11.2551,10.3061,6.2769,8.6221,6.7001,11.1339
E0026,2026-02-20T00:00:00Z,11.8639,8.1033,10.2419,6.4184,6.1417,8.2674
E0027,2026-02-20T00:00:00Z,10.8302,8.5445,8.7787,6.6819,5.0481,10.7273
E0028,2026-02-20T00:00:00Z,10.671,9.7535,8.5105,7.3971,6.6963,10.3946
E0029,2026-02-20T00:00:00Z,10.5211,11.611,9.5438,6.8757,6.1449,6.4603
E0030,2026-02-20T00:00:00Z,11.4075,7.4449,9.208,6.8815,5.3978,10.4072
E0031,2026-02-20T00:00:00Z,9.6703,8.3254,7.9941,6.7356,6.2836,12.8539
E0032,2026-02-20T00:00:00Z,11.6408,11.4427,9.0085,9.3303,5.9587,10.8662
E0033,2026-02-20T00:00:00Z,10.4955,11.2241,8.1505,6.1746,5.8705,10.0342
E0034,2026-02-20T00:00:00Z,10.6804,10.5325,10.1,6.6403,6.2437,10.3941
E0035,2026-02-20T00:00:00Z,10.914,9.2341,8.6332,6.3801,5.4862,10.2628
E0036,2026-02-20T00:00:00Z,10.6933,10.4716,8.0894,4.5537,5.8732,9.102
E0037,2026-02-20T00:00:00Z,11.0715,9.9412,8.3761,6.5056,6.3469,11.9485
E0038,2026-02-20T00:00:00Z,10.2885,8.2314,7.4435,7.6075,6.4768,9.7934
E0039,2026-02-20T00:00:00Z,13.3478,8.9202,8.6104,6.5536,5.971,12.9235
E0040,2026-02-20T00:00:00Z,9.3767,10.9016,8.6303,8.4901,6.2407,9.8543
E0041,2026-02-20T00:00:00Z,11.5085,8.2312,9.65,5.5876,5.0651,8.7358
E0042,2026-02-20T00:00:00Z,11.1725,10.2781,7.6112,6.4324,7.6728,13.9049
E0043,2026-02-20T00:00:00Z,10.3804,10.0448,8.4992,7.7408,5.6458,12.3016
E0044,2026-02-20T00:00:00Z,10.9935,8.5554,7.8225,7.7605,6.2932,8.7707
E0045,2026-02-20T00:00:00Z,10.5951,9.8282,9.2746,6.4015,5.6712,9.5348
E0046,2026-02-20T00:00:00Z,12.5932,8.5413,9.2592,7.2135,6.9307,4.5763
E0047,2026-02-20T00:00:00Z,11.4338,10.4303,7.89,8.0347,6.0418,10.2313
E0048,2026-02-20T00:00:00Z,10.4362,8.5778,8.3877,7.4091,6.9494,8.5997
E0049,2026-02-20T00:00:00Z,9.5592,10.1799,7.8332,6.8865,6.9277,9.8482
E0050,2026-02-20T00:00:00Z,11.5427,8.426,9.2124,6.2435,6.8159,11.0932
E0051,2026-02-20T00:00:00Z,11.8677,8.9673,6.3157,8.6117,6.6093,10.2948
E0052,2026-02-20T00:00:00Z,10.2299,10.5008,8.7813,7.7507,5.4747,10.5266
E0053,2026-02-20T00:00:00Z,10.5013,9.5106,8.1197,6.1933,6.1265,10.5774
E0054,2026-02-20T00:00:00Z,11.0879,8.755,8.5318,7.348,6.1667,10.0022
E0055,2026-02-20T00:00:00Z,11.5541,8.3568,6.7666,7.6154,6.6287,10.1071
E0056,2026-02-20T00:00:00Z,11.0607,8.6463,9.895,7.1049,6.7962,7.4715
E0057,2026-02-20T00:00:00Z,11.5804,9.2478,8.8244,6.8641,7.8537,8.8379
E0058,2026-02-20T00:00:00Z,10.9197,10.6462,9.7759,8.7607,6.8243,9.0001
E0059,2026-02-20T00:00:00Z,10.9018,8.8356,9.1598,6.6306,7.2095,7.7762
E0060,2026-02-20T00:00:00Z,11.0093,8.2569,6.7982,8.5029,6.7848,8.9335
E0061,2026-02-20T00:00:00Z,11.0903,7.4828,8.1802,7.0133,6.4882,10.7643
E0062,2026-02-20T00:00:00Z,11.2667,7.9758,7.2653,6.4011,6.4366,8.6598
E0063,2026-02-20T00:00:00Z,11.8648,8.6349,8.4852,7.9973,4.7678,11.0607
E0064,2026-02-20T00:00:00Z,10.4286,8.6115,8.3329,6.9775,6.6722,12.6731
E0065,2026-02-20T00:00:00Z,11.678,8.8936,8.996,7.4463,8.4284,8.4892
E0066,2026-02-20T00:00:00Z,11.8529,10.7297,7.9205,8.47,6.2449,11.1713
E0067,2026-02-20T00:00:00Z,10.9428,9.4591,7.0577,7.2501,5.7413,7.6364
E0068,2026-02-20T00:00:00Z,10.1828,10.7448,8.1565,7.0048,5.4624,9.0092
E0069,2026-02-20T00:00:00Z,10.2228,8.9516,9.0208,7.5414,7.2107,10.3227
E0070,2026-02-20T00:00:00Z,9.8016,9.3935,8.7749,7.5447,6.0597,9.3574
E0071,2026-02-20T00:00:00Z,11.1378,9.2319,9.2302,5.7602,6.4477,7.8203
E0072,2026-02-20T00:00:00Z,11.1968,8.3696,8.4595,8.4431,6.8433,11.9581
E0073,2026-02-20T00:00:00Z,11.212,10.5356,9.2164,7.3414,4.4893,10.1724
E0074,2026-02-20T00:00:00Z,10.493,8.366,9.8543,7.6081,6.182,9.2719
E0075,2026-02-20T00:00:00Z,10.8907,7.1865,9.014,6.8048,5.8325,7.5295
E0076,2026-02-20T00:00:00Z,11.5209,8.9568,8.0184,7.0714,6.3689,10.6327
E0077,2026-02-20T00:00:00Z,11.2062,7.1039,8.9099,8.8819,6.4446,8.9335
E0078,2026-02-20T00:00:00Z,11.6602,11.0512,7.4147,8.4046,7.1116,8.2088
E0079,2026-02-20T00:00:00Z,10.5747,9.18,7.0732,7.9535,5.7411,7.416
E0080,2026-02-20T00:00:00Z,11.3696,9.0565,7.1578,7.6835,7.142,7.4687
E0081,2026-02-20T00:00:00Z,10.5931,6.9334,8.0055,6.9585,6.9786,7.5411
E0082,2026-02-20T00:00:00Z,10.2694,9.243,9.6758,9.579,5.914,11.1743
E0083,2026-02-20T00:00:00Z,12.4215,10.476,6.8981,8.3194,5.8491,9.4306
E0084,2026-02-20T00:00:00Z,10.6765,9.3313,8.1063,7.2374,5.3145,8.1547
E0085,2026-02-20T00:00:00Z,11.2356,9.1667,7.6413,7.0747,6.5932,7.2692
E0086,2026-02-20T00:00:00Z,9.9125,8.7928,6.7215,6.9927,6.4922,8.2404
E0087,2026-02-20T00:00:00Z,11.8824,9.04,9.3222,8.0006,6.1813,11.1575
E0088,2026-02-20T00:00:00Z,12.0061,11.3304,6.3518,7.3407,6.075,9.0023
E0089,2026-02-20T00:00:00Z,12.1704,10.1763,8.2256,7.3632,5.6477,12.0589
E0090,2026-02-20T00:00:00Z,10.7761,9.9978,9.3484,8.503,6.3964,9.9321
E0091,2026-02-20T00:00:00Z,12.1091,10.4706,10.3767,7.9766,5.9164,10.351
E0092,2026-02-20T00:00:00Z,13.3284,9.8767,7.8287,7.336,5.9063,7.2265
E0093,2026-02-20T00:00:00Z,12.2006,9.6728,7.8819,7.9571,5.0508,8.5249
E0094,2026-02-20T00:00:00Z,11.2654,8.6157,9.8928,7.3644,6.4641,8.6309
E0095,2026-02-20T00:00:00Z,11.5558,10.2398,9.4605,7.1926,6.4552,10.198
E0096,2026-02-20T00:00:00Z,11.8482,9.1449,9.2965,8.6434,4.7436,9.9823
E0097,2026-02-20T00:00:00Z,10.8582,8.8459,9.9902,8.1011,7.844,8.3715
E0098,2026-02-20T00:00:00Z,10.9069,10.7231,5.8934,6.0436,7.9248,10.3991
E0099,2026-02-20T00:00:00Z,10.2017,9.3102,8.7256,7.5712,6.7873,8.4881
E0100,2026-02-20T00:00:00Z,10.9691,8.7361,7.9271,8.1753,9.8382,10.0282
E0101,2026-02-20T00:00:00Z,11.0236,8.6315,7.4223,6.049,6.8571,10.0271
E0102,2026-02-20T00:00:00Z,11.8712,8.2386,7.5149,8.2671,5.4204,7.1423
E0103,2026-02-20T00:00:00Z,11.5259,9.0539,8.3691,8.1778,6.3124,8.6747
E0104,2026-02-20T00:00:00Z,10.5993,7.7073,8.5571,7.2322,6.1955,7.0934
E0105,2026-02-20T00:00:00Z,10.1671,10.3905,9.4533,7.98,5.8807,11.0236
E0106,2026-02-20T00:00:00Z,10.4514,10.1116,8.5134,6.3012,7.2017,7.8749
E0107,2026-02-20T00:00:00Z,10.2141,10.048,9.8055,7.571,4.9752,11.7977
E0108,2026-02-20T00:00:00Z,10.8609,11.6213,9.1438,7.8912,7.1642,8.2097
E0109,2026-02-20T00:00:00Z,11.5592,9.3362,8.8704,6.637,6.554,8.2222
E0110,2026-02-20T00:00:00Z,11.6509,9.9161,10.4583,7.116,4.5942,10.3108
E0111,2026-02-20T00:00:00Z,10.9729,9.3633,9.5261,8.2585,4.6292,8.0183
E0112,2026-02-20T00:00:00Z,10.6397,9.3393,7.0203,8.2126,6.7109,10.3491
E0113,2026-02-20T00:00:00Z,12.2578,9.647,9.5935,7.7001,6.4683,9.4554
E0114,2026-02-20T00:00:00Z,11.1631,9.3428,8.0145,6.7123,7.5681,10.1263
E0115,2026-02-20T00:00:00Z,11.9629,8.3655,7.6586,7.2059,7.8876,11.8863
E0116,2026-02-20T00:00:00Z,10.9436,8.5723,9.2888,9.1757,4.6351,10.4946
E0117,2026-02-20T00:00:00Z,12.651,7.8591,8.5605,7.1104,5.6096,10.0657
E0118,2026-02-20T00:00:00Z,10.3269,8.9223,7.9056,7.5907,5.3676,8.7702
E0119,2026-02-20T00:00:00Z,12.1383,9.1944,9.1445,7.2754,5.7186,9.8909
E0120,2026-02-20T00:00:00Z,11.3099,9.843,6.3119,7.4008,5.4083,11.3986
E0121,2026-02-20T00:00:00Z,12.0777,6.9028,8.5811,6.7373,4.9766,11.2502
E0122,2026-02-20T00:00:00Z,12.0913,8.1693,10.001,6.8272,7.9605,6.4274
E0123,2026-02-20T00:00:00Z,12.4407,9.9022,8.3986,6.9106,6.5839,7.2841
E0124,2026-02-20T00:00:00Z,11.197,9.6,10.1834,8.6788,5.8165,10.9801
E0125,2026-02-20T00:00:00Z,12.826,9.8264,7.7927,6.7187,7.1791,11.2493
E0126,2026-02-20T00:00:00Z,11.9646,10.0176,8.8178,6.3563,4.8732,12.6136
E0127,2026-02-20T00:00:00Z,10.7872,8.662,8.222,7.0011,6.9516,10.1131
E0128,2026-02-20T00:00:00Z,11.9851,9.379,8.7575,8.2125,6.1407,9.1964
E0129,2026-02-20T00:00:00Z,10.1515,10.042,9.521,8.1836,6.5541,8.6941
E0130,2026-02-20T00:00:00Z,10.5353,8.9632,10.3342,7.3532,8.29,10.9422
E0131,2026-02-20T00:00:00Z,10.9777,9.7023,7.4528,7.7434,6.3878,7.076
E0132,2026-02-20T00:00:00Z,9.9227,8.232,8.9293,8.1376,5.8286,11.9802
E0133,2026-02-20T00:00:00Z,12.7116,8.5576,7.3675,8.8552,5.1797,7.8359
E0134,2026-02-20T00:00:00Z,10.5881,10.7166,9.4337,8.4268,7.4259,9.8714
E0135,2026-02-20T00:00:00Z,11.3302,7.4544,8.3141,6.5198,4.8809,9.1595
E0136,2026-02-20T00:00:00Z,11.368,10.197,8.6266,7.1282,5.6428,11.7264
E0137,2026-02-20T00:00:00Z,11.6628,10.5634,7.3499,8.5929,6.1673,9.5017
E0138,2026-02-20T00:00:00Z,11.8344,9.7521,8.3265,7.6837,5.7364,10.0262
E0139,2026-02-20T00:00:00Z,10.7086,9.8412,8.837,7.5132,6.7519,7.8537
E0140,2026-02-20T00:00:00Z,10.8494,7.9183,6.944,7.4485,6.0832,7.257
E0141,2026-02-20T00:00:00Z,10.4355,8.7022,8.5724,8.3,7.5655,8.8842
E0142,2026-02-20T00:00:00Z,12.4968,10.4147,7.9935,7.3359,8.6296,10.8747
E0143,2026-02-20T00:00:00Z,11.0515,8.63,7.0183,7.7127,5.8746,9.6925
E0144,2026-02-20T00:00:00Z,11.7154,9.2203,7.8919,7.6994,5.9316,11.0881
E0145,2026-02-20T00:00:00Z,12.5663,8.772,8.3401,8.4695,7.4351,10.9202
E0146,2026-02-20T00:00:00Z,10.3954,8.3598,8.4557,8.6991,5.7558,6.677
E0147,2026-02-20T00:00:00Z,11.7311,9.03,8.2739,6.84,6.9809,12.1165
E0148,2026-02-20T00:00:00Z,12.1473,8.9396,7.6531,7.8513,7.0796,9.8803
E0149,2026-02-20T00:00:00Z,11.1745,8.8219,10.1534,7.4613,7.2173,11.3455
E0000,2026-02-21T00:00:00Z,11.8041,7.7876,9.6884,6.7801,6.4413,7.6737
E0001,2026-02-21T00:00:00Z,9.7155,8.6751,10.2964,7.9481,6.3302,11.0837
E0002,2026-02-21T00:00:00Z,11.2042,7.9938,9.2607,7.6945,5.581,9.2709
E0003,2026-02-21T00:00:00Z,10.8355,7.2795,9.1089,8.2335,6.6046,9.254
E0004,2026-02-21T00:00:00Z,11.8346,8.8876,9.3854,9.1908,4.7783,10.6448
E0005,2026-02-21T00:00:00Z,10.9459,7.7989,9.0754,7.2965,6.0361,9.0303
E0006,2026-02-21T00:00:00Z,11.0838,6.9254,10.0718,7.5259,6.8014,10.0314
E0007,2026-02-21T00:00:00Z,10.8567,9.8251,9.3806,6.8781,6.132,9.5414
E0008,2026-02-21T00:00:00Z,12.0995,8.7082,8.0969,9.3853,6.4422,4.9512
E0009,2026-02-21T00:00:00Z,10.9365,8.8712,7.8843,7.4263,6.6043,6.5427
E0010,2026-02-21T00:00:00Z,11.3455,9.277,9.1521,7.7865,4.866,7.5469
E0011,2026-02-21T00:00:00Z,11.5815,8.9823,7.1652,8.2677,6.6935,7.9911
E0012,2026-02-21T00:00:00Z,10.8876,8.9559,9.245,6.5935,4.491,10.8425
E0013,2026-02-21T00:00:00Z,10.0606,10.7713,8.6916,7.8009,6.3771,8.5498
E0014,2026-02-21T00:00:00Z,10.2392,8.5967,8.7594,6.2525,6.1049,8.3499
E0015,2026-02-21T00:00:00Z,11.1065,9.385,7.7062,7.165,7.9635,10.0088
E0016,2026-02-21T00:00:00Z,11.0289,8.329,8.9702,8.8469,7.6726,7.5343
E0017,2026-02-21T00:00:00Z,11.4083,10.0816,8.7058,6.1395,6.4878,10.5811
E0018,2026-02-21T00:00:00Z,10.8338,9.8241,8.6573,6.6194,7.1236,9.4261
E0019,2026-02-21T00:00:00Z,10.9459,10.2774,7.1036,5.2655,7.3577,7.0407
E0020,2026-02-21T00:00:00Z,11.9713,10.5894,6.619,7.616,5.2213,8.8957
E0021,2026-02-21T00:00:00Z,10.4175,7.3584,9.2668,8.7618,7.2266,8.6783
E0022,2026-02-21T00:00:00Z,11.8278,10.1109,8.8799,7.1746,5.5234,7.984
E0023,2026-02-21T00:00:00Z,10.9772,8.163,8.8596,6.8292,6.6753,11.1383
E0024,2026-02-21T00:00:00Z,11.027,8.8295,9.0889,9.3024,4.6771,9.7856
E0025,2026-02-21T00:00:00Z,11.3534,10.2103,7.4148,7.0601,7.07,9.147
E0026,2026-02-21T00:00:00Z,10.8501,10.1552,9.3919,8.2055,5.9965,10.7797
E0027,2026-02-21T00:00:00Z,10.5368,7.7996,8.4304,7.214,6.3399,13.0412
E0028,2026-02-21T00:00:00Z,11.7189,7.4002,8.2331,6.412,7.768,9.8226
E0029,2026-02-21T00:00:00Z,11.1936,9.6801,6.8035,8.1019,6.0565,7.6223
E0030,2026-02-21T00:00:00Z,10.193,10.2707,8.5331,6.6771,6.6172,11.2203
E0031,2026-02-21T00:00:00Z,10.2872,9.2658,10.6449,8.0157,6.9286,9.7447
E0032,2026-02-21T00:00:00Z,11.7213,8.3562,8.1141,5.6371,6.5648,8.9377
E0033,2026-02-21T00:00:00Z,12.2595,9.309,7.8209,7.5255,6.1844,8.4568
E0034,2026-02-21T00:00:00Z,11.4042,6.6171,8.3315,8.4385,7.1979,10.1175
E0035,2026-02-21T00:00:00Z,10.0309,10.22,8.3432,7.8142,7.1039,9.5174
E0036,2026-02-21T00:00:00Z,11.3025,7.5553,7.8684,9.7912,8.243,8.4996
E0037,2026-02-21T00:00:00Z,11.3316,7.5455,6.9574,6.4269,6.7718,6.7542
E0038,2026-02-21T00:00:00Z,11.5298,9.4045,8.1506,8.912,6.2232,11.9621
E0039,2026-02-21T00:00:00Z,11.2772,6.9819,7.2152,10.4216,6.5797,9.5606
E0040,2026-02-21T00:00:00Z,10.5803,8.8581,9.0497,8.403,5.3172,11.8328
E0041,2026-02-21T00:00:00Z,10.5019,9.4823,7.1297,7.5329,6.7532,8.9618
E0042,2026-02-21T00:00:00Z,11.2794,9.1064,7.5615,7.6822,7.8105,8.1931
E0043,2026-02-21T00:00:00Z,10.1457,9.8133,8.6951,8.4584,4.7322,7.5727
E0044,2026-02-21T00:00:00Z,10.8998,8.9666,9.6862,7.7254,6.5684,7.9309
E0045,2026-02-21T00:00:00Z,11.2577,10.0244,8.346,6.9692,6.3244,8.1451
E0046,2026-02-21T00:00:00Z,11.2847,7.9067,8.0129,6.0269,4.9883,9.8622
E0047,2026-02-21T00:00:00Z,9.3769,10.2886,7.0883,7.3335,5.7051,9.5261
E0048,2026-02-21T00:00:00Z,10.5595,10.3587,7.2499,7.1378,6.244,9.4348
E0049,2026-02-21T00:00:00Z,10.925,9.1329,8.9418,6.7735,6.8496,12.0841
E0050,2026-02-21T00:00:00Z,10.8127,9.6847,8.3689,7.5042,7.3732,9.7928
E0051,2026-02-21T00:00:00Z,11.9511,10.7156,8.1516,9.2039,8.0152,9.9605
E0052,2026-02-21T00:00:00Z,11.5093,8.2611,6.0872,7.8321,5.6327,9.0175
E0053,2026-02-21T00:00:00Z,9.6595,7.7393,9.6166,7.7028,6.9536,10.2097
E0054,2026-02-21T00:00:00Z,11.0107,8.2784,8.7322,8.2745,5.5861,11.1697
E0055,2026-02-21T00:00:00Z,10.8377,9.9965,8.0372,7.155,5.4651,8.8202
E0056,2026-02-21T00:00:00Z,8.7532,8.2631,10.606,7.2107,7.1672,9.7365
E0057,2026-02-21T00:00:00Z,10.7374,8.973,9.0694,6.7991,6.1193,11.0746
E0058,2026-02-21T00:00:00Z,10.867,9.0543,7.1547,8.8209,6.9066,8.7592
E0059,2026-02-21T00:00:00Z,10.1387,9.3287,10.1995,5.912,4.8993,5.3636
E0060,2026-02-21T00:00:00Z,10.4469,9.2492,8.6246,7.4626,6.6568,8.3887
E0061,2026-02-21T00:00:00Z,11.1727,8.4161,9.6706,5.9184,6.4637,11.732
E0062,2026-02-21T00:00:00Z,10.6652,7.6332,8.6604,6.6089,6.0149,7.2931
E0063,2026-02-21T00:00:00Z,12.5833,9.5768,9.3631,7.5148,6.0334,7.8439
E0064,2026-02-21T00:00:00Z,10.4663,9.3851,9.123,8.381,6.5438,9.0945
E0065,2026-02-21T00:00:00Z,10.4238,10.3362,8.7132,7.3972,6.5532,9.3632
E0066,2026-02-21T00:00:00Z,11.0961,7.6198,7.7291,8.6234,5.4585,7.9458
E0067,2026-02-21T00:00:00Z,12.0256,8.867,8.6839,9.0944,6.572,7.5278
E0068,2026-02-21T00:00:00Z,9.1329,10.3719,8.8875,7.7098,6.6615,8.7876
E0069,2026-02-21T00:00:00Z,11.614,8.7019,7.9688,8.4675,6.2015,7.7694
E0070,2026-02-21T00:00:00Z,10.7766,8.1582,7.8438,6.9608,6.0661,9.505
E0071,2026-02-21T00:00:00Z,11.2409,10.3764,10.4707,8.5894,7.3081,8.3009
E0072,2026-02-21T00:00:00Z,10.7139,10.7567,7.3084,7.2137,5.9859,12.1895
E0073,2026-02-21T00:00:00Z,11.4345,9.4658,8.6027,7.7465,6.9302,10.9236
E0074,2026-02-21T00:00:00Z,10.0216,8.9008,9.1682,7.5739,6.8399,8.3255
E0075,2026-02-21T00:00:00Z,10.7822,8.4087,8.2303,7.7559,6.3743,8.7487
E0076,2026-02-21T00:00:00Z,11.1898,10.1693,10.042,7.192,6.9168,11.0627
E0077,2026-02-21T00:00:00Z,12.3309,10.4619,8.2564,7.4025,5.2767,10.3153
E0078,2026-02-21T00:00:00Z,11.4523,10.5314,8.8348,6.4761,7.1544,8.5848
E0079,2026-02-21T00:00:00Z,12.6457,10.002,9.934,6.1474,7.5262,8.6315
E0080,2026-02-21T00:00:00Z,11.5957,10.82,7.734,8.3691,6.5896,11.0216
E0081,2026-02-21T00:00:00Z,12.1069,9.2765,8.7262,8.3549,6.2762,7.8998
E0082,2026-02-21T00:00:00Z,10.6444,9.504,9.9967,6.8592,6.204,10.5003
E0083,2026-02-21T00:00:00Z,10.2383,9.2748,7.4005,8.2382,5.4475,10.7419
E0084,2026-02-21T00:00:00Z,9.9759,10.2485,8.1165,7.8817,7.5604,6.7085
E0085,2026-02-21T00:00:00Z,10.9682,8.3272,7.7063,6.9509,5.4913,9.1949
E0086,2026-02-21T00:00:00Z,10.865,10.7088,8.5213,7.2966,6.6559,9.2419
E0087,2026-02-21T00:00:00Z,10.4144,7.6765,8.8393,7.9419,5.6198,8.7941
E0088,2026-02-21T00:00:00Z,12.3258,7.5855,7.4127,7.4368,4.7806,7.8781
E0089,2026-02-21T00:00:00Z,10.4505,8.1621,7.0614,8.5534,6.2955,11.5098
E0090,2026-02-21T00:00:00Z,9.8368,8.409,7.2781,7.4332,7.2729,9.5013
E0091,2026-02-21T00:00:00Z,10.4206,9.1052,9.0513,5.654,7.0727,6.3033
E0092,2026-02-21T00:00:00Z,10.9805,7.9983,8.5559,6.9922,5.4979,11.5652
E0093,2026-02-21T00:00:00Z,11.5349,7.1817,7.1077,7.027,4.0354,10.836
E0094,2026-02-21T00:00:00Z,12.7702,8.6842,10.8209,8.0079,5.9476,7.5042
E0095,2026-02-21T00:00:00Z,10.812,9.1427,9.8374,7.4645,6.5207,7.0178
E0096,2026-02-21T00:00:00Z,10.628,8.1242,9.2523,9.3457,7.9256,9.12
E0097,2026-02-21T00:00:00Z,10.4767,10.2547,7.7299,8.4123,6.4228,10.0873
E0098,2026-02-21T00:00:00Z,10.9755,9.9478,8.8782,8.992,7.4943,10.5849
E0099,2026-02-21T00:00:00Z,10.8461,7.8726,5.6867,8.9678,6.4469,8.7117
E0100,2026-02-21T00:00:00Z,11.0329,8.0602,7.8137,7.4434,5.0068,8.9218
E0101,2026-02-21T00:00:00Z,11.9831,10.1632,7.1422,8.4085,6.7376,8.3403
E0102,2026-02-21T00:00:00Z,11.3639,8.536,8.0965,7.3226,6.1059,7.6795
E0103,2026-02-21T00:00:00Z,12.0503,9.2743,7.8487,8.8994,6.7554,12.3881
E0104,2026-02-21T00:00:00Z,11.7674,8.6443,8.8246,7.7674,6.7442,8.8714
E0105,2026-02-21T00:00:00Z,11.0782,9.1309,9.4045,7.8181,5.7904,10.5296
E0106,2026-02-21T00:00:00Z,11.4713,8.3481,8.2114,7.1695,5.3827,9.8011
E0107,2026-02-21T00:00:00Z,11.0301,9.2418,8.9806,7.2201,6.3821,8.222
E0108,2026-02-21T00:00:00Z,13.0151,8.7895,6.7356,7.2862,7.4257,8.7349
E0109,2026-02-21T00:00:00Z,11.588,8.8608,8.509,7.9962,6.4168,7.3768
E0110,2026-02-21T00:00:00Z,11.1004,10.375,9.4112,7.3987,8.0779,9.9383
E0111,2026-02-21T00:00:00Z,10.8356,10.9334,7.8313,6.4988,8.0169,9.079
E0112,2026-02-21T00:00:00Z,10.4825,8.477,8.6191,7.8709,7.3272,7.413
E0113,2026-02-21T00:00:00Z,10.7736,8.8474,7.6251,7.3663,7.1033,11.5026
E0114,2026-02-21T00:00:00Z,11.3617,9.9768,8.6387,9.3427,4.7341,9.0651
E0115,2026-02-21T00:00:00Z,10.6041,9.1514,6.9655,9.5329,7.0593,9.0155
E0116,2026-02-21T00:00:00Z,11.5068,9.9514,9.2465,8.713,6.2372,10.1827
E0117,2026-02-21T00:00:00Z,10.7706,8.2797,9.396,9.0244,6.6254,9.0012
E0118,2026-02-21T00:00:00Z,11.1633,8.756,8.7295,9.2508,7.1946,11.5027
E0119,2026-02-21T00:00:00Z,10.9739,9.5275,8.4253,6.0186,5.7269,9.8928
E0120,2026-02-21T00:00:00Z,9.8313,10.4567,7.2585,8.2495,6.3984,9.4307
E0121,2026-02-21T00:00:00Z,11.2577,9.9893,9.4525,6.6963,5.8087,7.9027
E0122,2026-02-21T00:00:00Z,10.0675,9.3132,7.1409,5.8404,6.3598,8.041
E0123,2026-02-21T00:00:00Z,11.0358,10.0818,9.1242,6.619,5.5956,11.3801
E0124,2026-02-21T00:00:00Z,10.4147,8.6531,8.3502,6.5684,5.7589,8.9618
E0125,2026-02-21T00:00:00Z,11.0876,10.0333,8.2363,7.2632,6.2286,10.845
E0126,2026-02-21T00:00:00Z,12.1588,10.6075,8.3384,8.4832,5.4093,9.7796
E0127,2026-02-21T00:00:00Z,12.3947,7.7073,7.359,8.2973,6.7186,9.644
E0128,2026-02-21T00:00:00Z,10.9405,11.9126,8.9226,7.5397,7.3721,7.5003
E0129,2026-02-21T00:00:00Z,10.6791,8.8445,8.7366,8.1358,6.4942,8.3655
E0130,2026-02-21T00:00:00Z,12.3326,10.503,9.2331,7.8448,5.6717,5.9888
E0131,2026-02-21T00:00:00Z,13.1018,9.4643,9.5954,7.4082,5.3769,9.1403
E0132,2026-02-21T00:00:00Z,11.2942,7.3453,7.4259,6.6128,8.1836,11.071
E0133,2026-02-21T00:00:00Z,10.3878,9.5206,6.7935,8.171,7.0676,8.3676
E0134,2026-02-21T00:00:00Z,10.9766,9.9751,8.9904,8.0967,5.5689,6.5761
E0135,2026-02-21T00:00:00Z,11.6722,10.9425,8.8004,9.3706,6.8432,9.8779
E0136,2026-02-21T00:00:00Z,12.0115,7.699,9.5348,5.9194,6.7755,8.4684
E0137,2026-02-21T00:00:00Z,11.3093,11.4944,8.8274,6.3851,6.3162,6.4527
E0138,2026-02-21T00:00:00Z,10.0928,7.4573,8.2361,8.2166,5.0623,8.757
E0139,2026-02-21T00:00:00Z,11.2698,7.2745,8.6767,7.4389,5.2056,13.8068
E0140,2026-02-21T00:00:00Z,11.447,8.025,9.2456,8.1493,8.6541,10.0863
E0141,2026-02-21T00:00:00Z,10.9597,9.5474,6.9686,7.3743,6.0375,8.7974
E0142,2026-02-21T00:00:00Z,10.9935,7.3782,9.0297,7.3768,8.1596,10.0551
E0143,2026-02-21T00:00:00Z,11.3447,11.2226,5.7341,5.8733,7.4058,9.9479
E0144,2026-02-21T00:00:00Z,10.6642,6.4613,7.3902,8.1388,5.4369,11.8103
E0145,2026-02-21T00:00:00Z,10.9938,8.9035,9.991,7.3234,4.8509,6.4293
E0146,2026-02-21T00:00:00Z,10.3572,8.1987,5.8229,9.3168,6.0102,9.908
E0147,2026-02-21T00:00:00Z,11.5182,8.8883,8.0774,6.2924,7.3978,10.1362
E0148,2026-02-21T00:00:00Z,11.3088,10.3199,7.5589,8.4108,5.4021,7.861
E0149,2026-02-21T00:00:00Z,10.5606,7.2364,8.9973,8.6017,5.4633,9.1811
E0000,2026-02-22T00:00:00Z,12.0025,8.7998,8.5749,7.5478,5.8215,10.31
E0001,2026-02-22T00:00:00Z,11.4856,8.0425,8.8134,7.5162,6.3691,8.5008
E0002,2026-02-22T00:00:00Z,10.4738,8.9889,8.9336,6.6713,6.209,8.4243
E0003,2026-02-22T00:00:00Z,11.3702,8.5832,10.3615,7.8182,5.4271,11.6418
E0004,2026-02-22T00:00:00Z,11.1348,8.8049,6.671,6.0563,6.0934,9.9716
E0005,2026-02-22T00:00:00Z,10.1781,9.8507,9.008,6.4717,7.5341,11.3966
E0006,2026-02-22T00:00:00Z,10.7543,10.3533,8.5472,6.885,8.012,11.1529
E0007,2026-02-22T00:00:00Z,10.7178,9.9479,8.7763,8.0218,7.2932,8.2988
E0008,2026-02-22T00:00:00Z,10.7796,9.1676,8.7332,6.3995,5.3683,8.1856
E0009,2026-02-22T00:00:00Z,11.9827,8.7152,9.1579,7.2172,5.8923,9.0302
E0010,2026-02-22T00:00:00Z,11.983,8.4256,8.6666,6.2406,7.4831,7.6848
E0011,2026-02-22T00:00:00Z,11.0731,9.2481,9.7936,7.3047,7.1144,7.6179
E0012,2026-02-22T00:00:00Z,12.497,8.8296,10.2256,7.1499,5.9504,7.8375
E0013,2026-02-22T00:00:00Z,11.8532,9.7339,7.8472,7.7671,6.9408,7.8506
E0014,2026-02-22T00:00:00Z,11.4786,8.5581,7.2676,7.5607,3.1758,3.6693
E0015,2026-02-22T00:00:00Z,11.8617,7.9279,5.6966,7.5133,5.4471,8.9795
E0016,2026-02-22T00:00:00Z,11.6324,9.0781,9.1148,6.4941,7.2066,8.5371
E0017,2026-02-22T00:00:00Z,10.8068,10.333,7.6828,6.4218,5.308,11.6932
E0018,2026-02-22T00:00:00Z,11.635,7.9624,9.5833,6.2104,5.9664,10.7142
E0019,2026-02-22T00:00:00Z,10.4398,9.5761,8.7592,5.9439,6.5908,12.1778
E0020,2026-02-22T00:00:00Z,12.4959,9.2857,8.8588,6.1,4.4472,9.3096
E0021,2026-02-22T00:00:00Z,10.4077,9.8064,8.3897,7.9231,5.1852,8.0939
E0022,2026-02-22T00:00:00Z,11.3103,9.9744,8.6392,8.89,7.8491,10.8284
E0023,2026-02-22T00:00:00Z,10.4442,9.8789,8.5908,7.9974,7.108,11.096
E0024,2026-02-22T00:00:00Z,10.6819,9.6823,8.2312,8.6399,6.0057,10.7136
E0025,2026-02-22T00:00:00Z,11.4275,10.4636,7.951,6.4235,5.2294,10.1718
E0026,2026-02-22T00:00:00Z,10.5695,10.6778,8.5074,8.8785,6.7124,9.6798
E0027,2026-02-22T00:00:00Z,11.5295,8.3514,8.2132,7.3836,5.2822,9.0827
E0028,2026-02-22T00:00:00Z,10.8444,10.4533,9.2187,7.2143,6.5856,7.9703
E0029,2026-02-22T00:00:00Z,11.2559,8.0604,9.5452,7.4166,6.9586,9.2922
E0030,2026-02-22T00:00:00Z,11.0068,8.4878,6.316,7.1828,6.2811,7.6719
E0031,2026-02-22T00:00:00Z,11.9198,8.5091,8.7841,7.5102,7.2488,9.9529
E0032,2026-02-22T00:00:00Z,10.6264,8.3436,7.8717,8.3829,5.9779,8.5078
E0033,2026-02-22T00:00:00Z,12.1185,8.0041,9.2245,8.2868,6.1389,9.2384
E0034,2026-02-22T00:00:00Z,10.4502,9.2265,7.5067,6.4482,6.3662,9.81
E0035,2026-02-22T00:00:00Z,12.0462,10.79,9.1414,6.5173,5.8553,9.2939
E0036,2026-02-22T00:00:00Z,11.3877,9.094,7.9091,6.9112,6.9015,8.3232
E0037,2026-02-22T00:00:00Z,12.1438,10.3257,7.641,7.8899,5.6799,8.6532
E0038,2026-02-22T00:00:00Z,11.6736,9.2562,10.8879,8.5045,6.7426,8.5454
E0039,2026-02-22T00:00:00Z,11.8106,9.4509,7.5607,7.1836,6.5639,10.0151
E0040,2026-02-22T00:00:00Z,11.3928,10.6924,8.8129,8.8289,6.754,9.6966
E0041,2026-02-22T00:00:00Z,11.2447,8.3849,8.1931,7.1826,6.3995,7.9158
E0042,2026-02-22T00:00:00Z,11.8184,9.6488,8.3739,6.641,6.6106,10.5465
E0043,2026-02-22T00:00:00Z,9.9194,9.6094,7.5048,8.1786,4.7724,9.9368
E0044,2026-02-22T00:00:00Z,12.0206,9.7392,8.8232,6.4762,5.7032,10.7815
E0045,2026-02-22T00:00:00Z,11.8122,8.7683,8.8456,8.7633,5.5085,11.5902
E0046,2026-02-22T00:00:00Z,10.2687,9.389,7.5046,7.6097,5.8186,10.7595
E0047,2026-02-22T00:00:00Z,11.3104,9.0055,7.6664,7.9054,7.7123,9.2168
E0048,2026-02-22T00:00:00Z,12.2272,10.6449,8.156,7.3548,4.4116,9.9693
E0049,2026-02-22T00:00:00Z,11.0434,8.6387,8.8985,8.9871,5.1192,8.4215
E0050,2026-02-22T00:00:00Z,11.7076,8.11,9.7951,8.4392,5.4446,7.2765
E0051,2026-02-22T00:00:00Z,12.2537,8.6747,6.6411,7.514,6.6856,9.4681
E0052,2026-02-22T00:00:00Z,10.0708,9.2435,10.7072,6.3504,6.4208,9.2487
E0053,2026-02-22T00:00:00Z,10.983,8.4821,7.7322,5.8961,6.2893,13.5715
E0054,2026-02-22T00:00:00Z,11.8354,7.0498,8.4636,8.5961,5.8264,11.0237
E0055,2026-02-22T00:00:00Z,9.867,9.2586,9.5248,8.7501,6.0334,8.5224
E0056,2026-02-22T00:00:00Z,10.8102,10.6489,9.4573,7.114,5.6581,9.2928
E0057,2026-02-22T00:00:00Z,11.5161,9.7169,7.7773,8.9908,7.5603,8.1868
E0058,2026-02-22T00:00:00Z,9.279,8.6258,8.3588,6.7684,4.7082,10.1759
E0059,2026-02-22T00:00:00Z,11.0277,10.1863,7.8266,7.1481,4.8934,9.0366
E0060,2026-02-22T00:00:00Z,10.9515,10.3913,8.2039,5.4895,5.5038,10.0232
E0061,2026-02-22T00:00:00Z,12.061,10.3257,8.4509,8.2308,5.8021,9.6592
E0062,2026-02-22T00:00:00Z,11.0311,7.9111,9.9747,7.5296,7.0537,9.2135
E0063,2026-02-22T00:00:00Z,11.1253,7.142,7.6421,7.8642,6.3018,10.9672
E0064,2026-02-22T00:00:00Z,11.5018,9.7966,8.7297,7.6636,6.1989,8.3099
E0065,2026-02-22T00:00:00Z,11.2471,10.4069,10.3172,6.457,5.2202,8.6558
E0066,2026-02-22T00:00:00Z,10.8428,10.156,9.7767,6.89,6.9014,8.769
E0067,2026-02-22T00:00:00Z,11.698,8.9407,8.2075,8.1604,6.0943,9.6885
E0068,2026-02-22T00:00:00Z,10.6441,9.9417,8.7111,6.9442,5.5744,7.7748
E0069,2026-02-22T00:00:00Z,11.6089,9.1489,8.9892,7.749,4.8305,7.9772
E0070,2026-02-22T00:00:00Z,11.2673,9.2151,7.471,9.0049,6.3953,8.5304
E0071,2026-02-22T00:00:00Z,10.4183,10.4151,8.9193,5.6228,3.8496,12.8719
E0072,2026-02-22T00:00:00Z,10.4263,10.6435,9.6022,8.5344,6.0428,7.422
E0073,2026-02-22T00:00:00Z,11.68,9.5699,10.5075,6.7208,5.7133,8.3293
E0074,2026-02-22T00:00:00Z,10.5799,10.038,7.7697,8.1078,6.1001,12.2657
E0075,2026-02-22T00:00:00Z,10.4874,8.7225,8.7621,7.3687,7.6836,7.7621
E0076,2026-02-22T00:00:00Z,11.1764,6.7513,9.4795,6.542,6.5056,11.1751
E0077,2026-02-22T00:00:00Z,11.2283,9.0274,7.8993,7.0626,6.8379,7.5323
E0078,2026-02-22T00:00:00Z,11.0337,9.855,8.1954,7.2706,7.3514,9.378
E0079,2026-02-22T00:00:00Z,11.8458,8.3207,6.4784,8.1147,5.657,8.3113
E0080,2026-02-22T00:00:00Z,12.1059,10.354,8.8358,7.4889,6.2885,8.5099
E0081,2026-02-22T00:00:00Z,11.1012,10.6481,8.2333,7.2694,5.5507,10.5208
E0082,2026-02-22T00:00:00Z,11.0003,9.3069,8.1697,8.0965,6.3338,12.0543
E0083,2026-02-22T00:00:00Z,11.2488,8.8818,7.7506,7.1752,6.6113,8.4573
E0084,2026-02-22T00:00:00Z,11.653,8.7337,7.3233,7.7071,6.9904,8.7499
E0085,2026-02-22T00:00:00Z,11.7839,8.2262,8.8262,7.0182,5.6433,7.8359
E0086,2026-02-22T00:00:00Z,10.7328,8.7498,8.1103,7.5029,6.4303,9.149
E0087,2026-02-22T00:00:00Z,11.0163,8.7534,8.6557,6.4146,6.2765,9.1556
E0088,2026-02-22T00:00:00Z,11.3253,8.7559,7.0113,6.2406,7.3154,6.913
E0089,2026-02-22T00:00:00Z,11.3012,10.3171,8.063,7.691,6.5464,6.1548
E0090,2026-02-22T00:00:00Z,12.1053,10.4264,6.2838,9.8057,8.2227,10.2018
E0091,2026-02-22T00:00:00Z,12.2039,9.2451,9.9702,7.7359,7.6638,6.8514
E0092,2026-02-22T00:00:00Z,11.3631,10.0496,8.7948,9.0734,6.0191,12.2955
E0093,2026-02-22T00:00:00Z,11.3195,9.1809,10.4138,7.0204,6.3291,8.0263
E0094,2026-02-22T00:00:00Z,10.2124,10.7562,7.8991,6.2111,5.9876,8.9006
E0095,2026-02-22T00:00:00Z,10.8559,10.115,7.7382,7.7495,6.501,11.6526
E0096,2026-02-22T00:00:00Z,10.7712,10.2718,8.246,6.1889,7.0664,12.5706
E0097,2026-02-22T00:00:00Z,10.956,9.5101,8.1555,7.4187,3.9704,8.7677
E0098,2026-02-22T00:00:00Z,11.2564,10.2529,10.0196,7.0969,5.9152,9.56
E0099,2026-02-22T00:00:00Z,11.3346,8.9766,8.852,7.0124,6.6067,8.7404
E0100,2026-02-22T00:00:00Z,11.4411,8.0215,9.1281,6.8706,5.863,9.9497
E0101,2026-02-22T00:00:00Z,10.3887,10.7386,8.7737,6.3309,7.1955,9.5149
E0102,2026-02-22T00:00:00Z,11.0614,8.7268,8.452,4.708,3.837,9.8501
E0103,2026-02-22T00:00:00Z,11.6448,9.9597,8.3349,8.2934,5.2759,11.0313
E0104,2026-02-22T00:00:00Z,10.0112,9.844,7.8264,6.6303,6.7945,8.2818
E0105,2026-02-22T00:00:00Z,10.5951,9.3048,8.0562,7.3719,5.3512,8.9473
E0106,2026-02-22T00:00:00Z,9.5276,7.9177,8.6509,8.7506,6.3237,9.7984
E0107,2026-02-22T00:00:00Z,11.336,7.7961,8.5545,7.4282,6.3078,8.3654
E0108,2026-02-22T00:00:00Z,11.4591,8.5706,7.6573,6.0723,4.0585,9.0726
E0109,2026-02-22T00:00:00Z,11.3757,8.9216,9.4879,7.9542,7.7456,11.6649
E0110,2026-02-22T00:00:00Z,11.4961,9.1797,8.8109,7.4153,6.9206,12.0788
E0111,2026-02-22T00:00:00Z,11.8203,9.3884,4.5824,8.5656,6.4694,8.8779
E0112,2026-02-22T00:00:00Z,11.0516,7.9136,7.8187,6.7913,6.5687,10.3147
E0113,2026-02-22T00:00:00Z,11.1582,9.0575,7.2501,8.2756,6.9663,13.0544
E0114,2026-02-22T00:00:00Z,11.2503,9.3158,9.491,8.0237,5.4014,12.5738
E0115,2026-02-22T00:00:00Z,11.5482,7.3585,8.9209,7.931,7.0447,9.4127
E0116,2026-02-22T00:00:00Z,11.772,8.6981,10.0518,7.3915,5.4936,9.6408
E0117,2026-02-22T00:00:00Z,11.6465,8.4562,8.5056,7.3287,6.0011,6.9627
E0118,2026-02-22T00:00:00Z,12.6558,7.3446,6.7013,8.5203,6.8282,9.1996
E0119,2026-02-22T00:00:00Z,10.6583,9.8817,8.9217,8.5586,5.1048,11.7343
E0120,2026-02-22T00:00:00Z,11.1921,9.1657,8.7302,7.0981,5.7575,8.989
E0121,2026-02-22T00:00:00Z,11.2519,10.4502,8.2134,7.1037,5.7247,11.9083
E0122,2026-02-22T00:00:00Z,11.0699,10.575,9.0724,6.7214,7.0122,9.5918
E0123,2026-02-22T00:00:00Z,10.9879,11.5006,6.8005,8.0503,5.2544,8.2527
E0124,2026-02-22T00:00:00Z,11.3503,9.4934,6.1578,7.1972,7.3,10.7523
E0125,2026-02-22T00:00:00Z,11.4963,9.164,9.6923,7.7691,6.6908,10.1118
E0126,2026-02-22T00:00:00Z,10.9901,9.5898,7.6853,7.0327,6.6902,8.732
E0127,2026-02-22T00:00:00Z,12.055,9.8844,7.1585,7.7187,8.9853,7.1963
E0128,2026-02-22T00:00:00Z,11.8968,7.865,7.931,7.809,6.0787,8.7711
E0129,2026-02-22T00:00:00Z,10.3273,8.2618,8.3772,8.5376,5.7993,8.2805
E0130,2026-02-22T00:00:00Z,10.3388,7.8533,9.1323,7.0699,6.7902,11.3902
E0131,2026-02-22T00:00:00Z,11.2655,8.9447,8.5032,5.9733,6.3153,9.0605
E0132,2026-02-22T00:00:00Z,10.6861,9.5258,7.9873,7.7363,5.979,9.8969
E0133,2026-02-22T00:00:00Z,11.9988,9.2176,8.7636,6.663,4.1009,7.9697
E0134,2026-02-22T00:00:00Z,12.1734,8.5437,8.2994,8.2013,4.6839,12.8092
E0135,2026-02-22T00:00:00Z,10.3432,9.6041,7.7435,7.2253,7.1716,9.1993
E0136,2026-02-22T00:00:00Z,10.6034,9.4962,7.5035,7.7333,7.1536,7.9668
E0137,2026-02-22T00:00:00Z,10.1756,9.6726,8.9408,6.6553,7.4024,7.6754
E0138,2026-02-22T00:00:00Z,10.5379,9.5166,8.1815,7.2524,6.9651,8.4504
E0139,2026-02-22T00:00:00Z,11.1692,9.512,9.0673,7.9966,6.3986,10.3928
E0140,2026-02-22T00:00:00Z,11.2651,7.5117,7.8976,7.2406,7.6206,12.4591
E0141,2026-02-22T00:00:00Z,11.6224,8.8999,7.2796,7.699,7.114,8.0777
E0142,2026-02-22T00:00:00Z,11.4874,10.0579,8.6035,6.394,7.6394,8.6968
E0143,2026-02-22T00:00:00Z,10.2889,8.408,6.2821,7.3419,7.531,10.7498
E0144,2026-02-22T00:00:00Z,10.3554,9.9419,8.1884,9.165,5.8812,8.4883
E0145,2026-02-22T00:00:00Z,11.4129,9.3889,8.2775,7.5289,7.1677,11.0135
E0146,2026-02-22T00:00:00Z,10.821,9.4946,8.5095,8.483,5.2763,9.0952
E0147,2026-02-22T00:00:00Z,11.2509,10.4939,7.7641,6.245,6.3477,11.6452
E0148,2026-02-22T00:00:00Z,10.8304,9.2559,7.5384,9.0862,8.4213,12.1493
E0149,2026-02-22T00:00:00Z,11.1598,9.6226,8.0001,6.5149,5.7557,10.9177
E0000,2026-02-23T00:00:00Z,11.2819,9.7967,9.1077,7.5472,6.0978,10.8454
E0001,2026-02-23T00:00:00Z,12.5029,8.1813,9.1886,7.7437,6.2439,9.4362
E0002,2026-02-23T00:00:00Z,11.1193,11.0306,8.0703,8.7766,4.8959,8.7412
E0003,2026-02-23T00:00:00Z,11.1476,10.2458,8.7242,7.9901,6.9022,7.3864
E0004,2026-02-23T00:00:00Z,12.3246,9.7363,6.1759,6.0715,5.8884,11.9055
E0005,2026-02-23T00:00:00Z,11.4835,9.2532,6.7806,8.2348,6.0989,9.3747
E0006,2026-02-23T00:00:00Z,12.2069,8.6342,6.3449,6.2874,5.59,11.38
E0007,2026-02-23T00:00:00Z,10.3936,8.3911,9.6458,8.5411,6.7986,9.1003
E0008,2026-02-23T00:00:00Z,10.2905,9.2458,7.8121,8.2364,6.8521,9.6642
E0009,2026-02-23T00:00:00Z,12.4127,9.9642,7.4164,6.7391,5.0461,12.0002
E0010,2026-02-23T00:00:00Z,9.9119,8.86,8.2718,6.8038,5.1546,10.4984
E0011,2026-02-23T00:00:00Z,10.5744,9.055,8.2832,6.9029,6.4527,9.155
E0012,2026-02-23T00:00:00Z,10.7466,7.6548,9.017,8.2299,7.7044,8.2805
E0013,2026-02-23T00:00:00Z,11.5726,8.253,9.6786,7.5556,6.4409,11.4124
E0014,2026-02-23T00:00:00Z,9.8513,11.0581,8.7333,7.693,5.6554,10.8182
E0015,2026-02-23T00:00:00Z,10.5705,6.7601,8.6175,7.8175,4.2652,9.965
E0016,2026-02-23T00:00:00Z,10.7417,8.1895,8.722,7.1761,5.9666,9.865
E0017,2026-02-23T00:00:00Z,10.5602,9.5989,9.7885,7.9125,7.876,9.4404
E0018,2026-02-23T00:00:00Z,10.5004,8.1932,9.0686,6.8321,6.6759,6.2051
E0019,2026-02-23T00:00:00Z,12.2675,8.3404,7.4983,8.3191,7.0277,11.7664
E0020,2026-02-23T00:00:00Z,10.9347,7.9717,8.9326,7.3486,6.6128,10.747
E0021,2026-02-23T00:00:00Z,11.7893,10.3362,7.0082,8.7062,7.1352,11.3768
E0022,2026-02-23T00:00:00Z,11.1259,9.1828,7.6255,6.3319,6.691,9.2473
E0023,2026-02-23T00:00:00Z,11.0477,5.0564,8.9906,7.431,6.4426,8.6674
E0024,2026-02-23T00:00:00Z,11.5977,9.9586,9.381,6.8901,6.1012,10.024
E0025,2026-02-23T00:00:00Z,10.4781,9.3034,8.6056,8.3802,5.8681,6.597
E0026,2026-02-23T00:00:00Z,10.9491,9.5536,7.968,7.4379,7.5963,10.1111
E0027,2026-02-23T00:00:00Z,10.5431,9.053,7.687,7.8829,4.0389,9.6423
E0028,2026-02-23T00:00:00Z,12.2926,6.9085,8.5106,6.9276,7.1703,11.645
E0029,2026-02-23T00:00:00Z,10.5264,9.8089,7.9249,8.3742,7.3218,9.7111
E0030,2026-02-23T00:00:00Z,11.0032,9.583,9.1933,7.4279,5.5803,10.5057
E0031,2026-02-23T00:00:00Z,11.7464,9.9704,8.8331,7.0587,5.885,8.5199
E0032,2026-02-23T00:00:00Z,12.7135,8.7802,8.3078,7.2421,6.4194,12.2184
E0033,2026-02-23T00:00:00Z,11.0084,7.7885,8.2168,4.8263,6.6355,9.3999
E0034,2026-02-23T00:00:00Z,11.6771,9.2268,7.8437,7.7337,7.3571,10.0442
E0035,2026-02-23T00:00:00Z,11.2096,12.8782,8.1175,7.7807,7.7461,9.5535
E0036,2026-02-23T00:00:00Z,11.222,10.1693,8.36,6.3792,5.7022,11.1389
E0037,2026-02-23T00:00:00Z,10.5752,9.626,8.2905,7.5966,7.6755,9.0373
E0038,2026-02-23T00:00:00Z,10.2383,7.9787,8.3821,7.6894,7.1827,8.996
E0039,2026-02-23T00:00:00Z,12.6082,6.1088,8.0734,7.7311,6.187,8.6092
E0040,2026-02-23T00:00:00Z,11.5457,7.5882,9.2246,8.6081,6.3468,10.5159
E0041,2026-02-23T00:00:00Z,11.4355,8.0955,9.0212,6.821,6.1601,12.121
E0042,2026-02-23T00:00:00Z,10.9103,10.4371,10.7293,7.3126,6.2457,9.3219
E0043,2026-02-23T00:00:00Z,10.5182,9.6281,7.3035,7.4839,6.1916,7.2873
E0044,2026-02-23T00:00:00Z,11.4082,9.9089,9.2823,8.8015,7.5763,9.384
E0045,2026-02-23T00:00:00Z,10.6136,11.1185,7.8533,7.8621,5.8117,11.2519
E0046,2026-02-23T00:00:00Z,11.7844,8.7017,8.4167,6.0604,6.7319,10.0132
E0047,2026-02-23T00:00:00Z,9.9185,8.7975,7.258,6.3165,7.5879,11.4093
E0048,2026-02-23T00:00:00Z,10.966,8.3283,8.1718,7.2676,5.2764,12.2816
E0049,2026-02-23T00:00:00Z,12.5135,10.2297,8.7348,8.6233,5.2295,7.9118
E0050,2026-02-23T00:00:00Z,11.2323,9.8959,7.7025,7.3829,5.245,10.5473
E0051,2026-02-23T00:00:00Z,11.9482,9.5422,9.77,7.6417,6.4972,6.982
E0052,2026-02-23T00:00:00Z,9.977,8.1652,7.0271,6.6309,5.8361,8.9905
E0053,2026-02-23T00:00:00Z,10.9695,9.2712,8.4181,8.4127,6.08,9.2997
E0054,2026-02-23T00:00:00Z,12.0062,9.9053,9.8687,6.9071,8.3714,11.9334
E0055,2026-02-23T00:00:00Z,10.5284,10.6276,7.2377,7.3456,4.747,8.3687
E0056,2026-02-23T00:00:00Z,14.1122,8.5592,9.2508,8.4972,7.5651,10.5146
E0057,2026-02-23T00:00:00Z,11.8348,8.6303,9.264,6.8298,7.3145,10.1119
E0058,2026-02-23T00:00:00Z,11.7029,9.7388,8.1921,8.4761,7.9674,9.5455
E0059,2026-02-23T00:00:00Z,10.4504,9.0705,6.8086,7.5312,6.9553,5.8091
E0060,2026-02-23T00:00:00Z,11.3219,8.3996,8.4328,6.5349,6.7177,8.5933
E0061,2026-02-23T00:00:00Z,10.8874,8.7969,8.275,7.3757,6.0041,9.2973
E0062,2026-02-23T00:00:00Z,11.0566,9.2814,7.9557,8.4703,5.0328,9.2762
E0063,2026-02-23T00:00:00Z,11.146,9.5488,6.7891,7.8362,6.5001,10.4595
E0064,2026-02-23T00:00:00Z,12.635,7.5558,8.4202,8.0031,5.9112,11.1578
E0065,2026-02-23T00:00:00Z,11.5068,8.9231,7.9014,7.777,6.6983,10.2218
E0066,2026-02-23T00:00:00Z,11.7775,8.891,8.8324,9.017,6.8631,8.9924
E0067,2026-02-23T00:00:00Z,11.5512,10.6261,8.2095,7.9436,7.5626,11.2583
E0068,2026-02-23T00:00:00Z,10.8985,7.7629,9.1524,6.3515,7.1831,8.878
E0069,2026-02-23T00:00:00Z,11.3747,8.6472,8.1512,6.7285,9.0142,9.1276
E0070,2026-02-23T00:00:00Z,11.5424,12.1845,8.7168,6.317,6.4178,9.9995
E0071,2026-02-23T00:00:00Z,10.8664,8.0707,10.9517,8.2765,6.1336,8.8001
E0072,2026-02-23T00:00:00Z,11.4644,8.8691,9.6443,8.6541,7.1853,13.3837
E0073,2026-02-23T00:00:00Z,11.9881,7.7373,7.2635,10.4547,4.9203,9.8936
E0074,2026-02-23T00:00:00Z,10.6078,8.5956,8.6846,8.2653,6.3505,9.481
E0075,2026-02-23T00:00:00Z,11.0614,7.6047,10.0048,8.1179,5.2684,11.4155
E0076,2026-02-23T00:00:00Z,10.0342,10.2747,10.0806,7.233,6.1766,8.3431
E0077,2026-02-23T00:00:00Z,11.3537,8.4865,8.6615,7.9154,7.5458,9.6185
E0078,2026-02-23T00:00:00Z,10.372,9.1745,8.0983,9.0061,6.6058,10.3494
E0079,2026-02-23T00:00:00Z,10.8115,10.0332,8.0774,6.0636,5.5939,11.0378
E0080,2026-02-23T00:00:00Z,11.9946,10.0511,9.2909,8.5407,5.2525,8.3823
E0081,2026-02-23T00:00:00Z,10.2439,9.4467,7.4629,7.5858,6.5061,10.925
E0082,2026-02-23T00:00:00Z,11.5565,10.9028,8.1174,6.6101,6.185,10.8116
E0083,2026-02-23T00:00:00Z,10.4389,6.354,7.1298,9.2039,5.8554,11.3069
E0084,2026-02-23T00:00:00Z,11.3251,9.2642,7.0639,7.9218,6.2355,7.0677
E0085,2026-02-23T00:00:00Z,11.8715,9.0647,10.1176,8.5559,6.255,8.4603
E0086,2026-02-23T00:00:00Z,11.3576,8.8065,8.5126,7.7745,6.2246,10.4702
E0087,2026-02-23T00:00:00Z,10.1184,6.9305,8.6747,6.5759,6.7736,7.8262
E0088,2026-02-23T00:00:00Z,10.898,11.3938,8.7491,8.1208,6.7386,10.6918
E0089,2026-02-23T00:00:00Z,10.1423,9.7846,8.2914,7.2745,8.4359,8.7887
E0090,2026-02-23T00:00:00Z,11.5106,7.525,9.0397,6.531,5.0802,8.4003
E0091,2026-02-23T00:00:00Z,11.7898,8.8131,9.1045,8.3961,6.4148,4.437
E0092,2026-02-23T00:00:00Z,10.5422,7.6483,7.3671,8.2465,8.3441,10.0627
E0093,2026-02-23T00:00:00Z,10.9355,8.309,8.7895,8.5166,6.3589,10.8778
E0094,2026-02-23T00:00:00Z,12.1412,8.0385,7.4263,7.0138,5.6538,10.8958
E0095,2026-02-23T00:00:00Z,11.0059,10.7753,7.5158,7.4883,5.4593,7.8967
E0096,2026-02-23T00:00:00Z,12.4134,8.7019,8.8968,9.1919,6.2734,7.9328
E0097,2026-02-23T00:00:00Z,10.9538,9.3358,7.8746,7.3073,5.9367,9.8484
E0098,2026-02-23T00:00:00Z,9.6753,9.0532,7.5546,8.216,6.952,12.9351
E0099,2026-02-23T00:00:00Z,10.8752,9.4677,7.9483,7.5492,5.8726,9.8346
E0100,2026-02-23T00:00:00Z,11.7061,8.5812,7.7278,7.0713,6.4494,7.4122
E0101,2026-02-23T00:00:00Z,11.0151,10.9695,8.4818,7.4033,5.9466,11.4966
E0102,2026-02-23T00:00:00Z,12.0788,8.1299,7.6312,8.7452,7.275,11.2066
E0103,2026-02-23T00:00:00Z,12.0958,7.6836,8.3444,7.9174,6.3717,8.9383
E0104,2026-02-23T00:00:00Z,10.5769,6.3373,9.2862,6.4358,5.7,8.4865
E0105,2026-02-23T00:00:00Z,10.6962,8.9348,11.0484,7.403,6.2535,8.915
E0106,2026-02-23T00:00:00Z,9.9841,9.6083,7.4094,6.1606,5.6711,11.75
E0107,2026-02-23T00:00:00Z,10.5795,10.2168,9.794,6.7562,6.843,10.7026
E0108,2026-02-23T00:00:00Z,11.597,9.6835,9.4437,7.6964,7.9483,10.3301
E0109,2026-02-23T00:00:00Z,9.8319,10.3643,8.4678,7.2722,6.969,11.5989
E0110,2026-02-23T00:00:00Z,11.3045,8.8522,8.4019,8.4372,6.5519,10.0238
E0111,2026-02-23T00:00:00Z,11.614,10.2858,10.9443,5.5374,6.5868,7.6891
E0112,2026-02-23T00:00:00Z,11.1722,9.3618,7.4629,8.7365,5.2977,7.148
E0113,2026-02-23T00:00:00Z,12.1765,8.5395,7.8029,6.9991,6.5579,10.0655
E0114,2026-02-23T00:00:00Z,11.5389,10.045,8.6713,7.3529,6.3233,10.4759
E0115,2026-02-23T00:00:00Z,10.4962,9.4846,7.8193,8.7894,7.33,7.9877
E0116,2026-02-23T00:00:00Z,10.8095,9.179,9.5546,9.3121,5.0169,12.004
E0117,2026-02-23T00:00:00Z,11.3086,10.1998,9.0326,7.3103,6.8229,12.9638
E0118,2026-02-23T00:00:00Z,11.1852,10.7254,9.0946,9.3813,7.4446,9.5301
E0119,2026-02-23T00:00:00Z,11.7613,7.0393,9.5305,8.9461,6.6228,9.939
E0120,2026-02-23T00:00:00Z,11.7683,8.8381,7.3191,8.847,5.7992,10.6612
E0121,2026-02-23T00:00:00Z,10.5857,8.9557,9.0181,7.0464,7.2479,9.1816
E0122,2026-02-23T00:00:00Z,10.5544,9.8666,8.9694,6.4698,6.4605,9.5309
E0123,2026-02-23T00:00:00Z,10.7783,7.488,10.0101,6.0986,5.1145,10.2245
E0124,2026-02-23T00:00:00Z,9.9968,9.307,7.3817,7.4853,6.8692,9.3638
E0125,2026-02-23T00:00:00Z,11.0287,8.9075,8.5128,7.3566,6.393,9.7957
E0126,2026-02-23T00:00:00Z,9.9384,9.204,10.0553,7.3042,5.119,10.5151
E0127,2026-02-23T00:00:00Z,11.1867,9.7522,8.2278,9.101,5.8434,10.628
E0128,2026-02-23T00:00:00Z,9.8321,7.988,8.1245,5.8977,5.9605,9.4343
E0129,2026-02-23T00:00:00Z,11.8008,10.0328,8.0042,7.8431,5.8235,8.7308
E0130,2026-02-23T00:00:00Z,11.3942,11.0841,8.5262,6.1781,7.3478,8.2705
E0131,2026-02-23T00:00:00Z,10.5524,6.7572,8.7022,6.6434,5.6841,6.4817
E0132,2026-02-23T00:00:00Z,11.8243,7.5003,8.8762,8.4643,6.6746,12.4213
E0133,2026-02-23T00:00:00Z,11.2441,9.4779,8.6854,6.5552,5.6224,11.2519
E0134,2026-02-23T00:00:00Z,10.0639,7.1749,6.4009,6.8469,5.7833,10.192
E0135,2026-02-23T00:00:00Z,11.0025,10.7559,10.0742,8.8018,5.7402,7.4233
E0136,2026-02-23T00:00:00Z,11.8759,9.9843,7.6988,6.827,5.7835,11.1761
E0137,2026-02-23T00:00:00Z,10.8712,7.6666,7.6609,7.0289,7.897,9.2491
E0138,2026-02-23T00:00:00Z,10.1101,9.0586,10.8469,8.0805,7.082,7.7671
E0139,2026-02-23T00:00:00Z,10.5151,7.1678,7.5506,7.4379,6.578,8.0142
E0140,2026-02-23T00:00:00Z,10.7527,9.2184,9.0324,7.8982,6.9137,8.0524
E0141,2026-02-23T00:00:00Z,11.4053,9.0776,9.0409,7.3004,6.1432,8.6489
E0142,2026-02-23T00:00:00Z,10.2436,7.418,8.7212,9.524,6.6991,12.1268
E0143,2026-02-23T00:00:00Z,11.1159,9.3448,9.3781,7.4468,5.6638,9.9035
E0144,2026-02-23T00:00:00Z,11.1197,8.0221,7.3154,7.0069,6.6171,11.3734
E0145,2026-02-23T00:00:00Z,12.481,8.0854,8.5264,8.4275,4.3667,6.0998
E0146,2026-02-23T00:00:00Z,11.6772,11.0119,9.7081,7.115,6.0546,8.1978
E0147,2026-02-23T00:00:00Z,10.5851,9.2409,8.8116,7.7059,8.3024,9.2315
E0148,2026-02-23T00:00:00Z,10.9985,11.0133,8.7457,9.2012,6.0534,11.4959
E0149,2026-02-23T00:00:00Z,11.8326,9.3148,8.3856,7.0137,5.3873,10.293
E0000,2026-02-24T00:00:00Z,10.5233,7.5175,7.8492,8.3919,5.6883,9.0989
E0001,2026-02-24T00:00:00Z,11.3705,7.8758,7.5628,7.6963,6.1159,6.7978
E0002,2026-02-24T00:00:00Z,11.2126,7.8602,7.1576,8.0494,6.1683,8.606
E0003,2026-02-24T00:00:00Z,10.4335,9.9101,9.214,8.0782,5.3683,11.5734
E0004,2026-02-24T00:00:00Z,10.6695,10.6604,9.9023,8.0606,7.2667,10.3851
E0005,2026-02-24T00:00:00Z,11.3464,9.3193,7.742,6.9921,5.2836,11.6792
E0006,2026-02-24T00:00:00Z,12.5248,9.577,8.2849,7.4378,6.5285,10.3085
E0007,2026-02-24T00:00:00Z,9.7151,9.7306,9.5947,5.6157,6.6225,10.1995
E0008,2026-02-24T00:00:00Z,10.8081,8.7382,8.3504,7.3619,5.9573,9.0899
E0009,2026-02-24T00:00:00Z,11.9899,8.2868,7.8343,6.4916,6.4217,9.69
E0010,2026-02-24T00:00:00Z,11.2391,9.4469,9.8515,7.9497,7.8479,8.6193
E0011,2026-02-24T00:00:00Z,11.2049,9.4352,7.6659,7.3333,6.1141,9.0864
E0012,2026-02-24T00:00:00Z,10.1234,7.0674,5.5311,7.6253,6.3499,9.7752
E0013,2026-02-24T00:00:00Z,10.6643,8.4509,8.8917,8.2222,5.7891,9.713
E0014,2026-02-24T00:00:00Z,10.8075,10.4032,7.916,8.6473,5.5204,9.7503
E0015,2026-02-24T00:00:00Z,11.4251,10.6612,7.8688,7.9022,5.7378,10.9269
E0016,2026-02-24T00:00:00Z,11.6993,10.3971,8.4778,7.99,5.8076,10.214
E0017,2026-02-24T00:00:00Z,11.6258,9.2146,8.3526,7.2782,4.736,9.7118
E0018,2026-02-24T00:00:00Z,13.4009,9.3564,8.5355,7.6113,5.4493,8.7848
E0019,2026-02-24T00:00:00Z,11.2363,9.4463,8.5629,6.8082,7.2408,10.6754
E0020,2026-02-24T00:00:00Z,11.8455,9.7995,9.6739,6.5754,6.4292,10.9342
E0021,2026-02-24T00:00:00Z,11.7809,9.138,7.6593,7.2823,7.5967,10.5233
E0022,2026-02-24T00:00:00Z,11.8604,9.1965,7.8664,9.7163,9.272,9.7707
E0023,2026-02-24T00:00:00Z,11.5369,7.63,6.2334,6.959,6.3122,12.1787
E0024,2026-02-24T00:00:00Z,10.9994,6.7043,8.7007,7.2376,6.271,5.5867
E0025,2026-02-24T00:00:00Z,10.0479,9.8616,6.8921,8.1122,5.9991,9.4468
E0026,2026-02-24T00:00:00Z,10.7004,10.3591,8.0725,7.7976,5.9767,11.1786
E0027,2026-02-24T00:00:00Z,10.7217,8.6138,8.4774,6.4413,7.9588,9.7606
E0028,2026-02-24T00:00:00Z,10.888,8.769,9.0387,5.1638,6.1799,7.9781
E0029,2026-02-24T00:00:00Z,11.1565,8.8095,7.4662,8.5235,6.8189,11.9278
E0030,2026-02-24T00:00:00Z,11.7967,9.3209,9.6707,6.8914,5.6357,9.2644
E0031,2026-02-24T00:00:00Z,10.8771,7.0035,10.3628,8.3869,6.1185,10.62
E0032,2026-02-24T00:00:00Z,11.0911,8.7386,7.4193,5.9363,5.4476,7.0296
E0033,2026-02-24T00:00:00Z,10.1053,8.9863,8.1887,8.0383,5.6317,9.2416
E0034,2026-02-24T00:00:00Z,9.1588,9.7352,11.355,5.7972,4.3538,8.6519
E0035,2026-02-24T00:00:00Z,11.9206,7.6612,6.6343,6.8722,7.3245,9.5745
E0036,2026-02-24T00:00:00Z,11.5538,10.4826,7.6944,9.377,5.8787,10.8911
E0037,2026-02-24T00:00:00Z,11.3555,9.7699,7.9716,6.8576,5.5285,8.8854
E0038,2026-02-24T00:00:00Z,11.281,10.1937,6.6088,8.6148,8.0566,8.0743
E0039,2026-02-24T00:00:00Z,11.4373,8.8271,8.1737,7.1632,6.3042,6.4947
E0040,2026-02-24T00:00:00Z,12.2339,11.1902,8.8299,8.2501,5.6584,11.5134
E0041,2026-02-24T00:00:00Z,12.4829,8.6552,8.5678,6.9983,7.9545,8.8707
E0042,2026-02-24T00:00:00Z,11.6243,9.4322,8.4701,7.5074,6.4901,12.4231
E0043,2026-02-24T00:00:00Z,10.4812,9.3022,6.5357,7.0438,6.934,9.0562
E0044,2026-02-24T00:00:00Z,11.4468,8.9927,8.722,8.1,5.3331,7.7277
E0045,2026-02-24T00:00:00Z,11.7788,8.2083,8.0412,7.5258,6.4138,7.8144
E0046,2026-02-24T00:00:00Z,12.4508,8.8956,7.8141,6.5219,5.0711,9.1649
E0047,2026-02-24T00:00:00Z,11.195,10.746,8.5768,7.6129,5.8787,8.9028
E0048,2026-02-24T00:00:00Z,11.5684,12.0144,10.2234,6.3377,5.1635,11.408
E0049,2026-02-24T00:00:00Z,11.4275,8.0539,7.2536,8.9579,4.6174,9.4456
E0050,2026-02-24T00:00:00Z,11.579,6.2885,8.5137,7.906,5.3277,9.1433
E0051,2026-02-24T00:00:00Z,11.6933,11.4429,8.7657,8.466,5.2816,9.4424
E0052,2026-02-24T00:00:00Z,11.6798,9.1362,8.0338,8.7983,5.9674,11.1934
E0053,2026-02-24T00:00:00Z,10.9803,10.7418,8.7678,6.4935,5.893,13.1245
E0054,2026-02-24T00:00:00Z,10.5908,9.2036,7.9133,8.2729,7.806,7.9755
E0055,2026-02-24T00:00:00Z,10.6053,9.5074,9.2157,7.9665,7.7013,9.0951
E0056,2026-02-24T00:00:00Z,12.4558,9.9084,8.3378,7.3173,8.4303,10.7835
E0057,2026-02-24T00:00:00Z,12.0305,9.7751,9.2806,6.1756,4.3157,9.4474
E0058,2026-02-24T00:00:00Z,10.7996,8.8835,6.9382,7.1685,6.4068,10.9178
E0059,2026-02-24T00:00:00Z,11.1155,7.9227,10.4602,7.7185,7.5655,10.2089
E0060,2026-02-24T00:00:00Z,11.0383,9.6036,8.4318,7.8496,5.6196,9.6631
E0061,2026-02-24T00:00:00Z,10.7079,10.6431,7.2203,5.3968,6.6315,8.9646
E0062,2026-02-24T00:00:00Z,11.9807,9.7363,8.5426,6.9264,5.7816,11.3959
E0063,2026-02-24T00:00:00Z,11.0741,10.2602,8.3128,4.9304,8.0053,9.9875
E0064,2026-02-24T00:00:00Z,10.1342,9.2351,7.7441,8.1364,6.7426,8.9953
E0065,2026-02-24T00:00:00Z,11.9924,11.405,8.5357,7.8373,7.5351,10.2753
E0066,2026-02-24T00:00:00Z,10.9198,9.3722,7.9431,6.7795,7.0217,11.3531
E0067,2026-02-24T00:00:00Z,11.5621,9.4087,8.4288,6.8792,7.6833,9.6113
E0068,2026-02-24T00:00:00Z,11.3229,9.0943,8.801,7.8328,6.595,8.6612
E0069,2026-02-24T00:00:00Z,9.9837,8.419,10.8447,8.9951,5.5553,10.7797
E0070,2026-02-24T00:00:00Z,11.5347,10.2514,7.7578,6.6738,6.0518,9.1506
E0071,2026-02-24T00:00:00Z,9.7187,9.6062,9.4971,8.1304,6.0786,13.0842
E0072,2026-02-24T00:00:00Z,12.4058,9.713,6.7155,6.3451,8.7575,7.8598
E0073,2026-02-24T00:00:00Z,10.976,9.3906,7.1425,7.5122,6.4502,8.5043
E0074,2026-02-24T00:00:00Z,11.8012,7.041,9.9889,7.5659,6.7127,9.7054
E0075,2026-02-24T00:00:00Z,12.0272,8.4528,9.6315,8.7538,8.0135,6.3455
E0076,2026-02-24T00:00:00Z,10.1752,9.4224,8.3601,8.857,7.2546,11.9398
E0077,2026-02-24T00:00:00Z,11.54,9.0112,7.6116,7.751,7.4104,12.974
E0078,2026-02-24T00:00:00Z,11.1374,9.1289,9.1719,5.5594,4.831,10.9086
E0079,2026-02-24T00:00:00Z,12.9345,8.9165,7.7329,6.5721,6.7887,9.1283
E0080,2026-02-24T00:00:00Z,9.717,10.1164,9.4992,7.7463,4.8582,10.4744
E0081,2026-02-24T00:00:00Z,11.5094,11.806,9.055,8.5438,7.1899,8.9862
E0082,2026-02-24T00:00:00Z,11.1039,9.951,8.2334,7.8182,7.0289,10.7029
E0083,2026-02-24T00:00:00Z,11.7699,8.7427,7.1425,8.4757,5.4205,9.6211
E0084,2026-02-24T00:00:00Z,10.9034,8.7428,9.2345,7.1317,3.9888,6.7472
E0085,2026-02-24T00:00:00Z,11.103,9.7314,8.2647,5.5997,5.3748,9.3424
E0086,2026-02-24T00:00:00Z,10.9648,9.7192,7.3152,6.3448,4.9322,8.1677
E0087,2026-02-24T00:00:00Z,10.8672,12.1663,8.3796,7.5425,8.0049,9.4832
E0088,2026-02-24T00:00:00Z,10.6583,8.7077,10.0004,8.3669,6.457,12.0932
E0089,2026-02-24T00:00:00Z,12.8565,10.2432,7.769,7.0345,6.8112,8.8512
E0090,2026-02-24T00:00:00Z,11.2303,9.2954,6.6233,8.7203,8.5147,11.4845
E0091,2026-02-24T00:00:00Z,10.5687,9.8748,8.7882,7.8614,6.149,11.9445
E0092,2026-02-24T00:00:00Z,12.0743,12.2111,8.1058,9.7559,5.2664,7.4711
E0093,2026-02-24T00:00:00Z,10.3324,8.2555,6.8634,8.2597,6.3071,11.4065
E0094,2026-02-24T00:00:00Z,12.1355,7.9478,9.1523,4.6831,5.3862,8.029
E0095,2026-02-24T00:00:00Z,12.2645,10.3713,9.2301,6.8737,6.1857,7.5089
E0096,2026-02-24T00:00:00Z,12.2786,10.0296,10.6797,8.8561,6.7605,9.7498
E0097,2026-02-24T00:00:00Z,11.4591,10.8674,8.2375,6.764,6.3352,6.9021
E0098,2026-02-24T00:00:00Z,12.0115,8.28,5.6569,9.6295,5.4692,9.4797
E0099,2026-02-24T00:00:00Z,11.3529,7.5254,8.1874,8.119,5.0027,7.7029
E0100,2026-02-24T00:00:00Z,11.5135,10.3749,10.3976,8.1245,5.249,10.4615
E0101,2026-02-24T00:00:00Z,10.8919,9.0629,10.1016,8.4576,6.3381,8.7984
E0102,2026-02-24T00:00:00Z,11.4539,8.9672,8.4579,7.6888,7.3552,11.9039
E0103,2026-02-24T00:00:00Z,10.9552,10.5794,10.2317,6.702,5.3927,11.1871
E0104,2026-02-24T00:00:00Z,12.1342,10.0909,7.3088,8.0111,5.8456,7.7823
E0105,2026-02-24T00:00:00Z,11.0723,10.1186,9.4206,8.7242,4.9951,10.5285
E0106,2026-02-24T00:00:00Z,11.7314,9.04,9.7148,7.3385,6.2597,9.4954
E0107,2026-02-24T00:00:00Z,12.3402,9.332,9.2873,9.3092,4.7612,8.4018
E0108,2026-02-24T00:00:00Z,12.1971,8.6221,9.4008,8.299,7.2897,9.637
E0109,2026-02-24T00:00:00Z,11.4206,12.2978,8.1163,6.8043,5.688,10.2872
E0110,2026-02-24T00:00:00Z,12.1349,8.5046,7.7451,7.6348,5.926,8.0147
E0111,2026-02-24T00:00:00Z,10.2754,8.5577,10.6849,7.8652,6.9083,10.736
E0112,2026-02-24T00:00:00Z,10.8289,7.2568,9.4533,7.6401,8.1627,11.1171
E0113,2026-02-24T00:00:00Z,11.8653,9.3637,7.571,6.9453,6.4807,9.6535
E0114,2026-02-24T00:00:00Z,10.5695,9.3456,7.8175,7.312,6.964,7.1919
E0115,2026-02-24T00:00:00Z,12.2368,8.0796,8.3566,6.5757,5.7688,9.9404
E0116,2026-02-24T00:00:00Z,10.6572,7.1644,9.5493,6.2725,5.7201,8.2051
E0117,2026-02-24T00:00:00Z,11.5683,10.0596,8.0434,7.4628,8.6118,8.7593
E0118,2026-02-24T00:00:00Z,12.5899,9.4833,9.77,7.7821,6.4218,10.7576
E0119,2026-02-24T00:00:00Z,10.8451,10.3057,8.7237,7.6063,6.1371,11.9203
E0120,2026-02-24T00:00:00Z,10.4583,9.3707,9.0815,7.6514,6.2625,10.286
E0121,2026-02-24T00:00:00Z,12.1798,8.7489,9.8913,6.9794,5.6141,8.3786
E0122,2026-02-24T00:00:00Z,10.8096,9.1502,9.9463,8.0271,4.0425,9.9944
E0123,2026-02-24T00:00:00Z,12.5089,9.2779,8.1389,8.5448,6.1516,9.6314
E0124,2026-02-24T00:00:00Z,11.317,9.826,8.4993,6.5323,6.1516,8.2651
E0125,2026-02-24T00:00:00Z,11.6237,9.1026,7.4079,5.4322,5.4457,9.9207
E0126,2026-02-24T00:00:00Z,10.9207,8.7351,6.7868,7.7625,6.4133,8.9074
E0127,2026-02-24T00:00:00Z,11.8452,7.1015,8.1657,7.4694,7.6972,6.3235
E0128,2026-02-24T00:00:00Z,11.9589,6.6088,10.1606,6.8435,6.9633,10.6562
E0129,2026-02-24T00:00:00Z,10.5908,9.7815,7.9752,7.6768,6.4047,9.1147
E0130,2026-02-24T00:00:00Z,11.2211,9.1915,8.5132,8.3674,6.6641,10.2165
E0131,2026-02-24T00:00:00Z,9.4116,10.4742,8.6883,7.1278,6.474,9.7293
E0132,2026-02-24T00:00:00Z,10.6329,8.9202,9.4809,7.4926,5.9502,9.7544
E0133,2026-02-24T00:00:00Z,11.9966,9.7351,7.455,8.176,6.1766,12.2981
E0134,2026-02-24T00:00:00Z,10.3485,9.7296,9.2195,8.0632,6.8543,10.4272
E0135,2026-02-24T00:00:00Z,9.9117,9.1919,9.0025,7.1412,6.6129,7.4689
E0136,2026-02-24T00:00:00Z,9.9708,8.9407,7.5962,6.5934,6.6879,7.7847
E0137,2026-02-24T00:00:00Z,9.7965,9.2437,6.7949,7.7519,7.783,8.4512
E0138,2026-02-24T00:00:00Z,11.5611,9.9261,9.4087,7.811,6.1884,9.8356
E0139,2026-02-24T00:00:00Z,11.3417,8.7712,8.8124,7.7311,5.5336,11.4879
E0140,2026-02-24T00:00:00Z,10.3981,6.2226,9.2858,8.1621,5.0448,9.8905
E0141,2026-02-24T00:00:00Z,10.2403,8.9063,8.0544,8.0675,6.0177,9.4568
E0142,2026-02-24T00:00:00Z,12.9137,9.7907,8.8434,7.1675,6.1201,9.9932
E0143,2026-02-24T00:00:00Z,11.4066,9.3979,7.9712,7.1414,5.2732,7.0376
E0144,2026-02-24T00:00:00Z,11.4807,9.2784,8.7593,7.6801,7.0914,7.8735
E0145,2026-02-24T00:00:00Z,10.2449,8.5776,8.9574,8.787,5.6389,9.9096
E0146,2026-02-24T00:00:00Z,11.4376,9.7729,10.3037,6.458,7.2302,8.3893
E0147,2026-02-24T00:00:00Z,10.5186,9.0294,8.655,7.9654,5.8739,8.4659
E0148,2026-02-24T00:00:00Z,11.1851,7.7074,5.5511,6.1606,5.703,6.0389
E0149,2026-02-24T00:00:00Z,10.1517,9.2383,7.1117,8.3777,6.7449,10.0466
E0000,2026-02-25T00:00:00Z,11.7266,8.2985,8.1461,7.0982,6.4488,8.9618
E0001,2026-02-25T00:00:00Z,11.9321,8.0056,8.506,8.6111,5.3516,10.3197
E0002,2026-02-25T00:00:00Z,10.4073,8.3679,8.4694,6.7512,6.3923,7.6702
E0003,2026-02-25T00:00:00Z,11.8134,10.5802,8.1417,6.1954,7.07,5.7681
E0004,2026-02-25T00:00:00Z,12.5568,8.8572,8.7179,6.4638,6.9359,11.8137
E0005,2026-02-25T00:00:00Z,10.6043,9.5335,7.9603,6.6681,6.423,9.1076
E0006,2026-02-25T00:00:00Z,11.0435,6.7977,9.0745,6.4584,6.7136,9.5097
E0007,2026-02-25T00:00:00Z,12.2068,10.0672,8.3453,7.6643,6.5703,9.0359
E0008,2026-02-25T00:00:00Z,10.4832,8.6133,7.9062,7.2884,6.187,8.7961
E0009,2026-02-25T00:00:00Z,10.2012,7.3659,8.4214,8.3461,6.0533,7.9261
E0010,2026-02-25T00:00:00Z,9.9685,9.5237,7.9827,7.255,6.7994,9.1559
E0011,2026-02-25T00:00:00Z,9.9603,9.614,9.9625,6.2155,6.5874,8.7363
E0012,2026-02-25T00:00:00Z,10.7215,9.4799,8.0121,7.0446,5.7485,9.013
E0013,2026-02-25T00:00:00Z,10.9696,10.7657,10.2376,6.1426,5.3573,6.4604
E0014,2026-02-25T00:00:00Z,10.6291,6.0054,7.5454,5.308,6.3806,9.0912
E0015,2026-02-25T00:00:00Z,11.4261,11.2118,8.9404,6.3957,6.0056,7.0587
E0016,2026-02-25T00:00:00Z,11.666,9.9288,8.3895,6.6771,5.1027,9.9199
E0017,2026-02-25T00:00:00Z,10.7868,8.9866,8.0097,8.6461,5.9334,10.4256
E0018,2026-02-25T00:00:00Z,12.0868,10.397,9.7509,8.1187,5.5469,12.2042
E0019,2026-02-25T00:00:00Z,11.0335,8.6926,4.9534,6.2548,5.0062,10.622
E0020,2026-02-25T00:00:00Z,10.3633,9.7594,8.5346,7.4358,5.3419,7.9203
E0021,2026-02-25T00:00:00Z,11.6411,9.575,8.6665,7.6266,6.6738,11.298
E0022,2026-02-25T00:00:00Z,10.9554,7.5338,7.6996,6.9056,6.0324,11.2569
E0023,2026-02-25T00:00:00Z,10.6543,8.5008,7.2861,6.4671,6.2448,8.6304
E0024,2026-02-25T00:00:00Z,11.5693,8.4736,6.3716,7.1693,6.3419,10.0174
E0025,2026-02-25T00:00:00Z,10.7374,8.9657,7.227,6.9884,7.6312,8.5276
E0026,2026-02-25T00:00:00Z,11.5899,9.7866,10.3007,7.4573,5.1438,9.7093
E0027,2026-02-25T00:00:00Z,10.7513,9.7915,8.4393,7.809,5.1196,10.5449
E0028,2026-02-25T00:00:00Z,10.3089,9.0176,8.5168,7.8552,5.2526,8.5104
E0029,2026-02-25T00:00:00Z,9.8466,8.5251,8.7125,5.7551,5.5392,7.0828
E0030,2026-02-25T00:00:00Z,11.0078,11.0994,8.1737,7.4482,7.7676,9.3505
E0031,2026-02-25T00:00:00Z,10.7637,9.0651,8.922,9.0071,7.0888,8.8082
E0032,2026-02-25T00:00:00Z,10.5011,9.2453,8.6151,8.9562,5.0644,7.2536
E0033,2026-02-25T00:00:00Z,11.2285,9.1929,8.8243,8.7215,7.3156,10.9424
E0034,2026-02-25T00:00:00Z,11.8879,9.8204,9.7904,6.7305,6.116,9.8377
E0035,2026-02-25T00:00:00Z,10.5395,7.9713,8.4624,6.7002,7.2112,8.1726
E0036,2026-02-25T00:00:00Z,10.802,8.6742,8.3579,7.2966,6.0335,10.1652
E0037,2026-02-25T00:00:00Z,11.1048,8.2688,9.3305,7.916,5.7262,7.3298
E0038,2026-02-25T00:00:00Z,11.2699,9.7096,7.8849,7.5731,5.6709,11.4934
E0039,2026-02-25T00:00:00Z,11.4015,10.1575,8.0894,6.9393,5.1995,10.7332
E0040,2026-02-25T00:00:00Z,10.601,7.894,5.6776,5.6699,6.7829,9.5113
E0041,2026-02-25T00:00:00Z,12.5994,9.2895,7.3927,6.8869,5.3622,8.4983
E0042,2026-02-25T00:00:00Z,11.0265,7.9957,6.1382,7.7455,7.7584,11.4459
E0043,2026-02-25T00:00:00Z,11.2277,9.1501,8.3665,8.6984,6.7156,10.102
E0044,2026-02-25T00:00:00Z,11.699,8.4054,7.144,7.397,8.5858,10.2747
E0045,2026-02-25T00:00:00Z,10.9156,9.9499,8.6543,7.5784,4.7073,7.6622
E0046,2026-02-25T00:00:00Z,11.8341,9.6869,9.4086,7.1526,6.1454,7.6339
E0047,2026-02-25T00:00:00Z,10.8622,8.9178,8.3737,7.1006,5.2794,11.7378
E0048,2026-02-25T00:00:00Z,11.8508,10.8426,10.1376,8.3397,6.819,6.2375
E0049,2026-02-25T00:00:00Z,10.6226,10.8899,9.1306,8.4602,6.2503,8.9532
E0050,2026-02-25T00:00:00Z,10.9901,10.9868,7.1534,6.7667,5.1893,10.1095
E0051,2026-02-25T00:00:00Z,11.2102,9.9367,5.6865,6.5641,6.0883,5.7952
E0052,2026-02-25T00:00:00Z,11.0519,8.132,9.6962,9.855,6.6019,9.6534
E0053,2026-02-25T00:00:00Z,11.102,8.4169,10.6736,7.2231,6.5511,7.5446
E0054,2026-02-25T00:00:00Z,10.672,8.5833,10.1107,6.5584,7.8901,9.0865
E0055,2026-02-25T00:00:00Z,10.6228,10.2523,6.5735,7.9822,6.8355,8.2716
E0056,2026-02-25T00:00:00Z,11.6873,9.4002,7.227,7.8304,6.194,10.899
E0057,2026-02-25T00:00:00Z,11.3709,9.3897,11.0532,6.5805,4.4217,9.7261
E0058,2026-02-25T00:00:00Z,11.3096,8.0457,9.482,6.9685,6.2883,10.5339
E0059,2026-02-25T00:00:00Z,11.9264,9.3302,8.2184,8.2758,6.7715,7.6993
E0060,2026-02-25T00:00:00Z,9.3613,9.2524,9.7436,7.7761,6.7109,7.3033
E0061,2026-02-25T00:00:00Z,10.7627,8.6537,8.9297,6.9447,5.5191,9.8305
E0062,2026-02-25T00:00:00Z,10.6548,11.0387,7.8233,9.1683,7.1348,7.7486
E0063,2026-02-25T00:00:00Z,10.5158,10.6512,6.9209,9.1949,7.1389,12.4701
E0064,2026-02-25T00:00:00Z,10.2816,9.5205,8.2476,7.7533,5.6844,9.1295
E0065,2026-02-25T00:00:00Z,10.6573,8.7642,7.8645,8.0416,6.2836,9.7718
E0066,2026-02-25T00:00:00Z,10.1038,8.1813,9.8149,5.5163,5.977,11.0227
E0067,2026-02-25T00:00:00Z,10.3898,10.3629,7.4691,7.9389,6.3093,9.5126
E0068,2026-02-25T00:00:00Z,10.6783,7.2963,8.9096,7.0668,7.282,9.6299
E0069,2026-02-25T00:00:00Z,10.3355,7.3814,7.9009,8.6299,5.5985,10.0429
E0070,2026-02-25T00:00:00Z,10.5214,10.1872,6.8208,6.0997,5.9173,9.5856
E0071,2026-02-25T00:00:00Z,11.5532,10.8832,11.4618,7.0569,5.6984,9.1447
E0072,2026-02-25T00:00:00Z,10.9836,9.0085,8.6216,6.1804,5.5066,10.4095
E0073,2026-02-25T00:00:00Z,10.487,8.32,9.1625,6.3957,6.4826,10.3834
E0074,2026-02-25T00:00:00Z,11.534,9.5163,9.8913,8.0839,6.5549,11.2395
E0075,2026-02-25T00:00:00Z,10.7451,7.4893,8.5335,6.8376,6.7265,8.8389
E0076,2026-02-25T00:00:00Z,10.6319,7.9096,8.4164,7.7538,6.9854,12.125
E0077,2026-02-25T00:00:00Z,10.7712,8.1263,8.6534,6.9824,6.1839,11.3017
E0078,2026-02-25T00:00:00Z,11.3364,11.3161,8.1,7.3465,6.9413,10.2522
E0079,2026-02-25T00:00:00Z,12.2024,10.6726,9.444,7.1009,7.2806,9.1254
E0080,2026-02-25T00:00:00Z,11.6902,9.1373,7.9564,8.6094,6.9672,11.8439
E0081,2026-02-25T00:00:00Z,11.8816,8.6296,6.9334,9.2669,7.4927,12.3532
E0082,2026-02-25T00:00:00Z,11.586,7.3091,6.7691,6.5239,8.3717,10.4404
E0083,2026-02-25T00:00:00Z,10.8721,8.5855,7.5062,8.7457,7.7062,12.1742
E0084,2026-02-25T00:00:00Z,10.6366,10.9739,6.4111,7.5574,6.4874,14.0605
E0085,2026-02-25T00:00:00Z,11.5096,8.4336,8.214,6.7853,6.4853,9.8508
E0086,2026-02-25T00:00:00Z,10.4271,11.6927,7.9578,8.3359,6.7697,10.9941
E0087,2026-02-25T00:00:00Z,11.2741,8.2428,10.3451,7.3743,5.6701,7.8082
E0088,2026-02-25T00:00:00Z,11.3721,9.0386,10.0802,8.7602,7.3394,10.637
E0089,2026-02-25T00:00:00Z,10.6741,9.7592,7.2389,8.1251,5.6948,11.6668
E0090,2026-02-25T00:00:00Z,10.7747,8.86,7.9422,7.092,6.8934,9.04
E0091,2026-02-25T00:00:00Z,11.7776,9.9675,9.8501,7.2766,6.8892,9.9322
E0092,2026-02-25T00:00:00Z,10.6635,9.6326,6.866,6.3207,4.6574,10.186
E0093,2026-02-25T00:00:00Z,11.42,9.8585,6.3743,7.6826,6.4596,8.9553
E0094,2026-02-25T00:00:00Z,10.8321,9.453,8.9616,6.5502,6.0434,8.769
E0095,2026-02-25T00:00:00Z,10.6825,8.4841,7.2943,7.3666,6.3525,7.1815
E0096,2026-02-25T00:00:00Z,11.5479,8.9328,8.6139,7.2189,6.1779,11.9138
E0097,2026-02-25T00:00:00Z,11.1253,10.7678,8.1496,9.991,6.2672,9.1636
E0098,2026-02-25T00:00:00Z,10.6883,9.2762,8.4326,7.8163,6.556,6.5852
E0099,2026-02-25T00:00:00Z,11.0989,8.8215,8.5463,8.9195,6.044,8.2352
E0100,2026-02-25T00:00:00Z,10.6206,8.704,8.5756,5.8802,6.5049,3.9005
E0101,2026-02-25T00:00:00Z,11.777,8.3195,8.0798,7.5785,6.7262,9.5029
E0102,2026-02-25T00:00:00Z,11.3131,8.0194,8.1647,5.3215,6.484,8.0729
E0103,2026-02-25T00:00:00Z,10.3636,11.7344,7.8185,7.3621,6.1417,11.1505
E0104,2026-02-25T00:00:00Z,10.9536,11.4054,9.3846,7.5478,5.3596,8.4058
E0105,2026-02-25T00:00:00Z,10.3143,8.5509,8.3532,5.9074,8.0904,7.1226
E0106,2026-02-25T00:00:00Z,11.1148,9.5773,8.8822,6.0891,6.5106,9.4724
E0107,2026-02-25T00:00:00Z,11.1571,9.6212,8.2344,6.8486,6.4504,9.3003
E0108,2026-02-25T00:00:00Z,10.6556,9.2056,7.4648,5.9081,6.318,8.8651
E0109,2026-02-25T00:00:00Z,12.3074,8.0071,6.5016,6.4906,6.0091,7.7628
E0110,2026-02-25T00:00:00Z,11.3068,9.6007,6.6618,7.6277,6.1298,9.9862
E0111,2026-02-25T00:00:00Z,11.7015,9.6693,7.1657,6.1368,4.8542,8.7577
E0112,2026-02-25T00:00:00Z,11.8935,8.9364,9.5465,9.1512,6.9369,7.0243
E0113,2026-02-25T00:00:00Z,11.3259,9.4154,8.6788,6.4612,5.5558,7.9174
E0114,2026-02-25T00:00:00Z,11.0782,10.0444,9.0576,8.255,5.8171,11.1076
E0115,2026-02-25T00:00:00Z,12.3071,8.3874,9.6835,7.3746,6.7858,8.7558
E0116,2026-02-25T00:00:00Z,10.9997,7.8693,8.1449,5.7718,7.9648,11.0643
E0117,2026-02-25T00:00:00Z,12.1456,8.3442,8.6944,7.4054,5.6507,9.4226
E0118,2026-02-25T00:00:00Z,11.0869,8.9899,10.1154,8.7741,6.4131,11.5875
E0119,2026-02-25T00:00:00Z,11.0392,9.9043,8.6611,8.1783,5.9927,8.5551
E0120,2026-02-25T00:00:00Z,10.7315,7.909,7.9412,9.3719,6.2471,8.007
E0121,2026-02-25T00:00:00Z,9.0591,8.9166,9.3908,8.7576,5.5652,9.6723
E0122,2026-02-25T00:00:00Z,8.7344,8.5063,9.8864,6.8601,6.9109,10.279
E0123,2026-02-25T00:00:00Z,11.4458,11.0604,8.4655,7.616,6.7023,11.6902
E0124,2026-02-25T00:00:00Z,11.5769,7.9869,8.2206,5.5166,5.5786,7.9819
E0125,2026-02-25T00:00:00Z,10.6629,8.977,10.3554,8.9864,6.6501,10.2175
E0126,2026-02-25T00:00:00Z,10.9252,8.9775,9.2962,6.8605,6.7737,9.8944
E0127,2026-02-25T00:00:00Z,10.3227,9.0968,8.7228,7.2589,6.958,8.8704
E0128,2026-02-25T00:00:00Z,11.014,7.3697,9.5717,6.9616,6.5923,10.6862
E0129,2026-02-25T00:00:00Z,12.481,10.1359,7.9888,7.0869,6.6911,8.7824
E0130,2026-02-25T00:00:00Z,10.7723,9.2204,8.7244,8.6632,5.6835,9.0807
E0131,2026-02-25T00:00:00Z,12.7831,9.4633,8.0201,7.6541,7.5688,9.2918
E0132,2026-02-25T00:00:00Z,10.8187,9.8114,8.4297,7.3273,5.4476,9.0372
E0133,2026-02-25T00:00:00Z,10.6406,9.7842,9.4086,7.9392,6.2308,11.5521
E0134,2026-02-25T00:00:00Z,9.5035,7.8287,7.6913,7.8055,5.6448,10.1914
E0135,2026-02-25T00:00:00Z,11.1365,8.8436,7.813,7.7868,4.0903,7.9675
E0136,2026-02-25T00:00:00Z,12.0684,9.5167,9.1816,6.6031,8.4074,9.1615
E0137,2026-02-25T00:00:00Z,12.1472,9.6813,10.0833,8.3147,4.4289,10.954
E0138,2026-02-25T00:00:00Z,10.4092,9.8994,6.9612,8.5526,6.9996,9.1264
E0139,2026-02-25T00:00:00Z,10.0484,9.6343,9.2639,6.8915,8.101,8.2852
E0140,2026-02-25T00:00:00Z,12.4097,7.7099,8.2886,7.017,6.6581,10.4402
E0141,2026-02-25T00:00:00Z,11.8468,10.7948,8.6541,9.1588,7.3026,9.6089
E0142,2026-02-25T00:00:00Z,10.2187,7.1722,6.6939,6.9469,6.0787,12.2806
E0143,2026-02-25T00:00:00Z,11.591,9.3507,8.8818,9.1401,7.1078,10.1285
E0144,2026-02-25T00:00:00Z,11.7797,10.8167,8.8055,8.0402,5.6709,8.2292
E0145,2026-02-25T00:00:00Z,10.8116,7.2765,8.102,8.1762,5.9252,9.5201
E0146,2026-02-25T00:00:00Z,10.452,8.5918,8.0444,6.3409,6.3561,10.7284
E0147,2026-02-25T00:00:00Z,12.2198,10.7345,9.9193,7.5505,7.5115,10.7898
E0148,2026-02-25T00:00:00Z,12.4856,8.2183,9.2029,7.5871,6.9716,9.0142
E0149,2026-02-25T00:00:00Z,12.0635,9.7698,6.6023,7.5997,5.6799,10.4589
E0000,2026-02-26T00:00:00Z,10.2076,8.7581,8.5435,7.352,5.8568,8.0339
E0001,2026-02-26T00:00:00Z,11.7386,8.955,9.4204,7.3314,6.0428,8.2293
E0002,2026-02-26T00:00:00Z,11.1566,9.0354,8.9054,8.3637,8.4427,8.2072
E0003,2026-02-26T00:00:00Z,10.5715,9.3737,9.4053,7.3144,6.6783,7.7978
E0004,2026-02-26T00:00:00Z,11.3402,8.5437,6.1102,7.2076,6.1339,8.6626
E0005,2026-02-26T00:00:00Z,11.3802,9.5483,8.046,7.6394,5.2185,8.5495
E0006,2026-02-26T00:00:00Z,12.2191,10.0481,8.6047,7.8613,5.7597,10.0083
E0007,2026-02-26T00:00:00Z,10.9547,9.4851,7.4907,7.6481,5.3277,9.173
E0008,2026-02-26T00:00:00Z,10.8931,9.0711,7.1149,7.6194,5.4064,9.6391
E0009,2026-02-26T00:00:00Z,10.9355,9.2463,8.8247,9.3576,7.8849,10.5983
E0010,2026-02-26T00:00:00Z,12.4224,8.542,8.3412,7.1968,4.9746,10.7138
E0011,2026-02-26T00:00:00Z,11.4606,10.406,7.9257,8.6269,5.8937,7.8944
E0012,2026-02-26T00:00:00Z,11.5915,9.0614,8.3059,6.8327,6.0239,10.6675
E0013,2026-02-26T00:00:00Z,11.7785,8.5261,7.8058,7.0298,6.5507,9.7986
E0014,2026-02-26T00:00:00Z,10.4069,10.147,9.2919,7.6646,7.1473,11.062
E0015,2026-02-26T00:00:00Z,10.5883,9.4376,8.4475,8.232,7.332,9.1685
E0016,2026-02-26T00:00:00Z,11.4277,9.3664,10.5123,9.007,5.4777,10.2635
E0017,2026-02-26T00:00:00Z,10.6196,9.9662,9.3639,8.726,7.9957,7.6273
E0018,2026-02-26T00:00:00Z,11.3608,8.3825,7.5955,7.2948,5.2848,9.3943
E0019,2026-02-26T00:00:00Z,10.4114,9.7927,8.2248,6.394,6.9302,10.2699
E0020,2026-02-26T00:00:00Z,11.2376,9.7455,8.1557,8.4901,7.7255,9.5528
E0021,2026-02-26T00:00:00Z,11.5703,9.8207,7.0198,8.8004,4.4436,8.8753
E0022,2026-02-26T00:00:00Z,10.4673,10.3166,7.5107,7.272,5.8949,11.5521
E0023,2026-02-26T00:00:00Z,11.6303,9.6773,9.0577,6.224,6.5209,11.161
E0024,2026-02-26T00:00:00Z,10.403,7.1505,9.6723,7.6061,5.2918,8.1277
E0025,2026-02-26T00:00:00Z,10.3074,9.2819,8.9164,7.2157,5.9484,7.1186
E0026,2026-02-26T00:00:00Z,10.4585,10.3188,8.2057,6.1556,4.1016,9.9336
E0027,2026-02-26T00:00:00Z,11.2698,9.6943,6.9519,7.5986,5.2574,9.8845
E0028,2026-02-26T00:00:00Z,11.0555,8.2403,6.9198,6.2157,8.1809,9.5164
E0029,2026-02-26T00:00:00Z,11.0518,10.3435,11.3582,8.4695,5.0461,8.5432
E0030,2026-02-26T00:00:00Z,11.9002,9.978,10.1466,7.0922,6.3618,11.1768
E0031,2026-02-26T00:00:00Z,11.7506,8.7476,8.7836,8.5097,6.3907,10.7852
E0032,2026-02-26T00:00:00Z,11.7314,8.3926,6.9344,8.3905,6.3265,8.2593
E0033,2026-02-26T00:00:00Z,10.8858,7.3401,8.898,5.1675,5.1583,6.9719
E0034,2026-02-26T00:00:00Z,9.4127,9.8211,9.2245,9.895,7.0331,7.4467
E0035,2026-02-26T00:00:00Z,9.677,9.4271,7.8645,6.9756,6.3018,7.3847
E0036,2026-02-26T00:00:00Z,10.7743,8.7059,8.9648,7.3097,5.3315,10.4743
E0037,2026-02-26T00:00:00Z,11.5643,9.357,8.4466,7.1446,5.9802,10.1975
E0038,2026-02-26T00:00:00Z,10.5037,8.4558,8.7549,7.498,9.0444,12.1792
E0039,2026-02-26T00:00:00Z,11.8576,8.8787,7.3167,9.3398,7.6575,11.523
E0040,2026-02-26T00:00:00Z,10.9028,8.7747,7.5029,7.2349,5.9498,7.5355
E0041,2026-02-26T00:00:00Z,11.0264,8.4587,8.1828,8.4038,5.5218,10.1547
E0042,2026-02-26T00:00:00Z,10.9405,9.6475,9.6826,7.0157,5.5056,8.5771
E0043,2026-02-26T00:00:00Z,10.5315,7.7042,8.4585,7.626,6.9813,10.5297
E0044,2026-02-26T00:00:00Z,12.3403,8.6726,8.2058,7.8384,7.4542,8.179
E0045,2026-02-26T00:00:00Z,11.7236,8.2057,7.7327,8.9002,7.2192,9.3912
E0046,2026-02-26T00:00:00Z,11.3777,7.7571,9.0813,6.8105,4.2425,11.3665
E0047,2026-02-26T00:00:00Z,12.1778,8.533,7.8002,6.2828,6.0317,8.4102
E0048,2026-02-26T00:00:00Z,11.1818,10.2356,8.3723,6.0772,6.8848,7.7588
E0049,2026-02-26T00:00:00Z,11.5402,8.5903,8.7284,7.8661,6.4961,8.4808
E0050,2026-02-26T00:00:00Z,10.0768,9.9643,11.1947,8.1563,5.4835,9.4697
E0051,2026-02-26T00:00:00Z,10.3859,8.5394,7.5853,9.1153,6.6911,10.2495
E0052,2026-02-26T00:00:00Z,10.8031,7.9968,8.2758,8.8891,7.888,9.9677
E0053,2026-02-26T00:00:00Z,11.4144,7.5357,8.98,7.4773,5.473,10.2864
E0054,2026-02-26T00:00:00Z,10.6763,8.7719,7.7745,8.1007,6.3851,7.7486
E0055,2026-02-26T00:00:00Z,11.8956,9.5867,9.1626,7.7855,6.3716,12.9367
E0056,2026-02-26T00:00:00Z,11.3854,7.4572,8.8199,6.9885,5.933,11.7081
E0057,2026-02-26T00:00:00Z,11.2911,6.6394,7.4498,9.094,5.3799,11.6537
E0058,2026-02-26T00:00:00Z,11.2882,7.7258,7.7356,7.6762,6.1485,11.3536
E0059,2026-02-26T00:00:00Z,9.898,9.852,8.259,9.3897,6.5992,7.7423
E0060,2026-02-26T00:00:00Z,11.0746,9.9238,7.7788,9.472,5.8093,7.7422
E0061,2026-02-26T00:00:00Z,10.9605,11.2035,11.7512,6.255,6.4801,8.5164
E0062,2026-02-26T00:00:00Z,11.0861,8.3296,9.233,6.6325,6.7626,9.2105
E0063,2026-02-26T00:00:00Z,12.2972,8.529,10.0033,9.8577,6.6599,8.7556
E0064,2026-02-26T00:00:00Z,9.4174,9.1037,8.282,7.9949,6.8084,9.9458
E0065,2026-02-26T00:00:00Z,11.2944,9.9093,9.6593,7.8871,5.7843,9.603
E0066,2026-02-26T00:00:00Z,11.9394,10.2758,8.7605,8.5354,4.4597,10.8807
E0067,2026-02-26T00:00:00Z,11.9982,10.6405,9.561,8.0308,4.5251,7.5982
E0068,2026-02-26T00:00:00Z,11.961,7.2022,6.4083,5.0765,7.0128,7.2002
E0069,2026-02-26T00:00:00Z,10.063,8.5274,8.2222,6.9686,7.836,8.4393
E0070,2026-02-26T00:00:00Z,11.9445,11.1336,8.5993,6.8582,7.0091,7.5432
E0071,2026-02-26T00:00:00Z,11.121,8.7577,9.1089,7.5108,6.8637,6.6774
E0072,2026-02-26T00:00:00Z,10.132,9.2264,7.184,7.8838,5.9969,10.9645
E0073,2026-02-26T00:00:00Z,10.0779,9.1148,7.7193,7.1025,5.3739,9.3191
E0074,2026-02-26T00:00:00Z,11.3933,8.5535,8.8546,8.001,7.5334,12.6364
E0075,2026-02-26T00:00:00Z,10.9894,10.081,8.4784,8.1524,6.196,10.0196
E0076,2026-02-26T00:00:00Z,11.0592,9.7226,5.7351,7.0185,6.0455,7.9436
E0077,2026-02-26T00:00:00Z,10.6874,8.394,8.9261,6.7483,7.1261,6.6839
E0078,2026-02-26T00:00:00Z,12.2229,9.8659,6.8235,7.3133,5.7449,8.5592
E0079,2026-02-26T00:00:00Z,10.8527,9.798,10.3896,6.0903,6.7168,9.8754
E0080,2026-02-26T00:00:00Z,9.544,7.5836,7.4692,7.4261,6.8289,7.2452
E0081,2026-02-26T00:00:00Z,10.2139,8.6039,8.8207,6.5744,5.2569,8.8941
E0082,2026-02-26T00:00:00Z,11.0123,8.7769,9.0995,6.933,5.009,10.1988
E0083,2026-02-26T00:00:00Z,11.1547,8.8692,9.2142,8.4906,5.9764,10.504
E0084,2026-02-26T00:00:00Z,9.205,7.8317,7.9676,8.7906,6.1918,8.3063
E0085,2026-02-26T00:00:00Z,11.0795,9.1136,8.629,7.3873,7.9168,11.0647
E0086,2026-02-26T00:00:00Z,12.5318,11.2611,7.1172,9.7458,5.8622,9.1218
E0087,2026-02-26T00:00:00Z,10.8439,10.6592,8.0633,7.5045,6.9924,14.125
E0088,2026-02-26T00:00:00Z,10.9159,8.4951,8.3606,6.1307,7.1805,9.5512
E0089,2026-02-26T00:00:00Z,10.56,7.1736,8.1144,9.3513,5.1023,11.1802
E0090,2026-02-26T00:00:00Z,11.1476,9.2887,8.7592,8.3351,6.9677,9.3213
E0091,2026-02-26T00:00:00Z,10.7329,10.1176,8.9222,7.2221,5.0508,9.761
E0092,2026-02-26T00:00:00Z,11.7065,8.5924,9.3533,8.4592,4.8825,9.7787
E0093,2026-02-26T00:00:00Z,10.9207,8.3853,8.4446,9.9281,7.4938,8.9914
E0094,2026-02-26T00:00:00Z,10.5958,9.8253,7.0591,9.0828,6.4584,10.0123
E0095,2026-02-26T00:00:00Z,11.3094,10.0929,7.5802,7.8684,6.3395,10.6135
E0096,2026-02-26T00:00:00Z,11.3771,10.0375,7.49,7.2383,5.9637,12.3287
E0097,2026-02-26T00:00:00Z,11.9266,9.6703,8.3474,7.8547,8.7575,7.8772
E0098,2026-02-26T00:00:00Z,10.4711,9.2282,8.0613,8.3867,5.95,6.7956
E0099,2026-02-26T00:00:00Z,10.6425,8.9661,8.531,7.851,7.1306,11.7166
E0100,2026-02-26T00:00:00Z,11.4329,8.0466,10.9295,6.0851,5.3933,10.9183
E0101,2026-02-26T00:00:00Z,12.0967,9.8004,7.1386,7.055,6.3223,8.2929
E0102,2026-02-26T00:00:00Z,11.7838,10.5222,7.9991,8.3848,6.6757,7.9314
E0103,2026-02-26T00:00:00Z,10.7603,11.1094,7.5745,8.2694,6.6574,11.2419
E0104,2026-02-26T00:00:00Z,11.1371,7.3329,7.6906,6.6181,6.9311,11.4553
E0105,2026-02-26T00:00:00Z,11.3646,10.185,8.1893,8.1521,6.9113,9.2417
E0106,2026-02-26T00:00:00Z,11.0528,9.2207,8.3155,7.8108,7.4589,9.7473
E0107,2026-02-26T00:00:00Z,12.2203,10.0948,8.5651,8.1021,3.8181,9.8178
E0108,2026-02-26T00:00:00Z,11.9386,10.4419,8.8457,8.9845,6.989,9.7555
E0109,2026-02-26T00:00:00Z,11.2281,9.2508,7.9077,6.0656,9.1452,8.8059
E0110,2026-02-26T00:00:00Z,11.1716,8.3553,7.845,7.6774,6.295,7.3134
E0111,2026-02-26T00:00:00Z,11.7451,8.9367,9.0177,8.0826,8.0038,12.8058
E0112,2026-02-26T00:00:00Z,11.7294,10.0824,7.7498,7.162,3.8592,8.7043
E0113,2026-02-26T00:00:00Z,13.1417,8.5276,10.1112,7.5384,6.2135,8.938
E0114,2026-02-26T00:00:00Z,11.8828,10.6466,9.3494,8.8803,5.6236,8.9542
E0115,2026-02-26T00:00:00Z,10.7878,8.2723,7.3011,8.8902,6.279,10.7147
E0116,2026-02-26T00:00:00Z,11.495,11.7756,7.4797,7.5667,7.5765,9.7297
E0117,2026-02-26T00:00:00Z,11.1073,10.6108,8.0098,8.2213,6.8151,13.169
E0118,2026-02-26T00:00:00Z,10.9331,9.8671,8.3256,6.4726,6.4629,12.3499
E0119,2026-02-26T00:00:00Z,11.5452,10.0567,9.9711,7.7665,5.8348,9.3551
E0120,2026-02-26T00:00:00Z,10.0347,8.2443,5.2249,8.5756,5.3522,8.8536
E0121,2026-02-26T00:00:00Z,10.2879,7.8425,10.2849,6.6896,5.18,8.5172
E0122,2026-02-26T00:00:00Z,10.9376,9.8183,9.4738,7.8175,6.3682,8.6594
E0123,2026-02-26T00:00:00Z,12.1932,8.5971,10.2971,9.1342,5.311,8.6289
E0124,2026-02-26T00:00:00Z,10.9468,9.153,8.9836,9.132,5.7831,10.511
E0125,2026-02-26T00:00:00Z,10.0498,9.0505,7.6187,6.5311,5.8554,9.2604
E0126,2026-02-26T00:00:00Z,11.0082,8.1854,9.8368,8.6936,5.8648,10.3478
E0127,2026-02-26T00:00:00Z,12.0942,8.7967,8.0365,7.7476,5.4372,9.5645
E0128,2026-02-26T00:00:00Z,10.1438,10.163,9.0327,6.9897,7.7129,10.727
E0129,2026-02-26T00:00:00Z,12.0457,9.5158,7.9792,6.2845,6.0596,9.9734
E0130,2026-02-26T00:00:00Z,12.4187,9.0566,6.1705,9.508,7.1921,11.0731
E0131,2026-02-26T00:00:00Z,8.8358,8.5413,7.1345,7.119,6.3462,8.439
E0132,2026-02-26T00:00:00Z,12.8591,10.4566,8.3107,6.4575,6.5861,10.956
E0133,2026-02-26T00:00:00Z,10.4619,9.5485,7.7052,7.3996,4.8988,10.3567
E0134,2026-02-26T00:00:00Z,11.5494,9.1709,7.9506,8.9601,7.3726,10.7097
E0135,2026-02-26T00:00:00Z,11.5576,8.6672,8.5721,9.6984,6.3727,9.6371
E0136,2026-02-26T00:00:00Z,11.537,10.2078,7.8426,7.5982,6.2688,9.772
E0137,2026-02-26T00:00:00Z,9.814,9.3445,8.2016,6.6896,7.8669,11.039
E0138,2026-02-26T00:00:00Z,10.8767,10.4238,9.4362,7.6747,7.0382,10.2173
E0139,2026-02-26T00:00:00Z,11.9458,8.0937,9.0947,6.7353,5.323,12.5388
E0140,2026-02-26T00:00:00Z,11.2394,11.1179,8.2571,6.5167,5.4626,7.4454
E0141,2026-02-26T00:00:00Z,11.0444,9.1405,9.4383,7.2206,5.1289,8.9122
E0142,2026-02-26T00:00:00Z,12.6734,9.8218,7.6755,5.892,5.7344,7.997
E0143,2026-02-26T00:00:00Z,10.8671,9.4117,8.6728,7.2959,5.4284,12.054
E0144,2026-02-26T00:00:00Z,10.804,9.4128,9.3804,8.0842,6.617,9.5352
E0145,2026-02-26T00:00:00Z,10.1198,8.8346,7.6791,7.0771,6.0701,10.4102
E0146,2026-02-26T00:00:00Z,11.1069,8.4506,8.5694,7.2068,6.9025,9.9509
E0147,2026-02-26T00:00:00Z,10.8172,9.6702,9.1099,7.7157,7.3743,8.0857
E0148,2026-02-26T00:00:00Z,12.4145,8.6906,10.1591,8.4676,7.5402,10.0077
E0149,2026-02-26T00:00:00Z,11.0073,10.0461,9.2825,6.9124,6.3295,11.4136
E0000,2026-02-27T00:00:00Z,11.5496,7.2484,8.0284,7.7827,6.6964,11.3407
E0001,2026-02-27T00:00:00Z,10.6851,9.2778,7.9732,6.3389,6.7959,13.7557
E0002,2026-02-27T00:00:00Z,10.8403,9.7657,9.0524,8.7127,5.8496,8.1619
E0003,2026-02-27T00:00:00Z,11.8813,7.8524,9.477,7.2673,7.3949,7.6479
E0004,2026-02-27T00:00:00Z,10.3605,8.6365,7.0548,7.2744,6.3646,7.6349
E0005,2026-02-27T00:00:00Z,11.0512,10.4474,8.9774,8.2455,6.4576,11.9122
E0006,2026-02-27T00:00:00Z,10.7921,8.1127,7.4986,7.1289,6.8502,9.6347
E0007,2026-02-27T00:00:00Z,11.0979,9.9249,9.1214,7.5152,7.0647,11.103
E0008,2026-02-27T00:00:00Z,11.8069,9.1999,8.399,6.7145,6.5434,7.2444
E0009,2026-02-27T00:00:00Z,10.3671,7.6332,8.8475,6.9293,7.3609,9.8769
E0010,2026-02-27T00:00:00Z,10.3769,9.0512,6.9953,8.1183,7.3454,8.3626
E0011,2026-02-27T00:00:00Z,11.2211,8.4162,6.5499,8.542,6.5084,10.7097
E0012,2026-02-27T00:00:00Z,10.5847,9.1762,7.1124,5.8998,5.8454,11.7824
E0013,2026-02-27T00:00:00Z,12.2078,9.7638,9.4902,7.3786,7.6716,10.2193
E0014,2026-02-27T00:00:00Z,11.0732,7.822,7.5635,7.8854,6.7962,6.0649
E0015,2026-02-27T00:00:00Z,10.8304,9.9403,9.1687,5.1114,5.876,10.108
E0016,2026-02-27T00:00:00Z,10.97,8.3978,8.4571,7.7436,6.1835,9.1593
E0017,2026-02-27T00:00:00Z,11.3246,9.5111,8.1933,7.0386,7.2672,10.1275
E0018,2026-02-27T00:00:00Z,12.3454,8.8083,9.4681,9.6678,6.9767,8.8642
E0019,2026-02-27T00:00:00Z,12.0753,6.6293,8.9727,5.8112,6.639,7.8841
E0020,2026-02-27T00:00:00Z,10.4197,10.1425,8.2333,6.3811,6.7587,11.9909
E0021,2026-02-27T00:00:00Z,10.1017,9.4819,8.7396,6.7448,5.418,8.8795
E0022,2026-02-27T00:00:00Z,12.1381,9.0624,9.0279,7.3996,7.5586,11.89
E0023,2026-02-27T00:00:00Z,11.2859,8.4865,6.8213,7.8293,8.0069,8.8574
E0024,2026-02-27T00:00:00Z,11.3897,10.2708,8.0125,8.6882,6.8029,6.718
E0025,2026-02-27T00:00:00Z,11.5175,8.8497,9.0055,7.4949,7.1065,10.291
E0026,2026-02-27T00:00:00Z,11.7104,10.1474,9.6695,6.6765,5.6432,11.3581
E0027,2026-02-27T00:00:00Z,11.2007,9.9702,8.1955,7.329,6.4892,9.0728
E0028,2026-02-27T00:00:00Z,11.4645,7.9651,8.3119,6.6271,7.7579,7.9176
E0029,2026-02-27T00:00:00Z,11.2131,8.4677,8.2466,7.6546,6.4093,9.2437
E0030,2026-02-27T00:00:00Z,10.7831,9.8221,8.599,6.9469,6.7901,9.8115
E0031,2026-02-27T00:00:00Z,11.3584,7.7401,7.5668,8.7765,6.3326,8.0702
E0032,2026-02-27T00:00:00Z,11.1785,10.3136,7.8517,6.9276,6.7771,8.6942
E0033,2026-02-27T00:00:00Z,11.7117,10.3009,9.0305,8.4021,7.8078,8.8446
E0034,2026-02-27T00:00:00Z,9.7938,9.2649,10.767,7.1453,6.7622,8.3698
E0035,2026-02-27T00:00:00Z,11.5401,10.737,9.8044,6.79,5.9564,6.7354
E0036,2026-02-27T00:00:00Z,11.0932,8.9157,9.9742,6.148,7.0832,8.9698
E0037,2026-02-27T00:00:00Z,11.317,9.3856,8.4894,7.8015,5.8075,10.6502
E0038,2026-02-27T00:00:00Z,11.8716,8.9547,9.1648,6.4127,7.9827,9.1421
E0039,2026-02-27T00:00:00Z,11.6868,9.345,9.737,7.5876,6.8239,8.1711
E0040,2026-02-27T00:00:00Z,11.0254,8.2567,7.5996,6.6969,5.9139,8.9204
E0041,2026-02-27T00:00:00Z,10.9189,8.5185,8.4964,6.7236,5.3256,10.2907
E0042,2026-02-27T00:00:00Z,11.6595,8.312,11.3141,7.6381,6.1317,11.3403
E0043,2026-02-27T00:00:00Z,10.1634,9.9582,8.83,7.374,6.2153,9.801
E0044,2026-02-27T00:00:00Z,9.2659,9.8868,9.879,6.2001,4.7718,6.7408
E0045,2026-02-27T00:00:00Z,10.9034,10.0649,9.4959,5.9857,4.5684,8.3679
E0046,2026-02-27T00:00:00Z,11.1434,7.6702,9.0258,7.604,7.4488,11.6297
E0047,2026-02-27T00:00:00Z,11.2613,8.4764,8.299,8.335,8.2227,12.5857
E0048,2026-02-27T00:00:00Z,11.1953,8.6869,9.7843,7.7235,6.0104,8.5261
E0049,2026-02-27T00:00:00Z,11.0008,10.6106,8.8026,8.7116,6.7499,9.1449
E0050,2026-02-27T00:00:00Z,11.6748,9.3158,8.0237,9.6195,7.6928,9.9293
E0051,2026-02-27T00:00:00Z,11.2054,9.3391,8.2964,7.3894,8.8529,10.2072
E0052,2026-02-27T00:00:00Z,10.2521,7.4937,7.0432,6.513,6.2164,12.4614
E0053,2026-02-27T00:00:00Z,10.5195,10.5617,9.8218,6.8581,4.8242,8.287
E0054,2026-02-27T00:00:00Z,12.8176,7.6773,7.3867,7.3683,7.6914,9.0124
E0055,2026-02-27T00:00:00Z,10.5273,7.3663,6.4177,8.5775,7.0083,10.7118
E0056,2026-02-27T00:00:00Z,11.0095,9.2846,9.6112,8.9923,5.4492,10.2297
E0057,2026-02-27T00:00:00Z,10.4113,7.8779,5.7061,6.9356,5.6766,7.8166
E0058,2026-02-27T00:00:00Z,11.4274,11.1995,8.7156,6.1316,8.1593,13.1497
E0059,2026-02-27T00:00:00Z,10.7445,10.195,6.2318,7.3012,5.9114,9.5417
E0060,2026-02-27T00:00:00Z,12.3305,7.9385,6.9237,7.1784,4.9439,7.7038
E0061,2026-02-27T00:00:00Z,12.1202,10.0041,9.0855,9.1671,5.0993,15.3902
E0062,2026-02-27T00:00:00Z,9.8834,9.4606,7.7476,6.9124,7.2028,11.3241
E0063,2026-02-27T00:00:00Z,11.4728,8.4664,7.1518,7.65,7.5526,10.516
E0064,2026-02-27T00:00:00Z,10.4305,9.638,8.2276,6.1195,5.0735,10.1366
E0065,2026-02-27T00:00:00Z,10.4056,9.23,7.774,8.0382,7.3348,10.0556
E0066,2026-02-27T00:00:00Z,12.8955,7.9227,7.1405,6.3907,6.5874,9.4901
E0067,2026-02-27T00:00:00Z,11.5661,9.4515,10.1123,7.2226,7.8415,8.683
E0068,2026-02-27T00:00:00Z,9.9893,9.4015,9.1394,8.1426,5.795,8.7798
E0069,2026-02-27T00:00:00Z,11.3788,8.6827,8.9402,6.0671,7.3137,9.136
E0070,2026-02-27T00:00:00Z,9.8721,7.6892,8.5834,6.6287,6.3642,7.9783
E0071,2026-02-27T00:00:00Z,11.0718,7.6318,8.2922,7.1863,5.5369,10.3473
E0072,2026-02-27T00:00:00Z,12.6527,10.2762,9.2444,7.7915,5.1915,9.0162
E0073,2026-02-27T00:00:00Z,11.2097,7.8348,9.0039,6.1608,6.8978,10.6609
E0074,2026-02-27T00:00:00Z,11.3605,8.2859,6.7274,5.7763,6.965,8.1125
E0075,2026-02-27T00:00:00Z,11.3955,9.9649,6.9195,7.1498,5.3362,7.8812
E0076,2026-02-27T00:00:00Z,11.7869,9.9073,8.8153,4.9787,6.6267,11.4493
E0077,2026-02-27T00:00:00Z,11.3702,11.0659,9.7204,9.5755,6.4653,9.6134
E0078,2026-02-27T00:00:00Z,11.0985,9.0552,8.109,7.6185,6.3778,11.3421
E0079,2026-02-27T00:00:00Z,10.7702,8.1257,7.5581,8.4976,5.404,11.5506
E0080,2026-02-27T00:00:00Z,9.9893,10.5797,9.8776,7.7699,3.7954,11.1462
E0081,2026-02-27T00:00:00Z,12.4417,9.0579,10.1086,7.8837,6.788,7.881
E0082,2026-02-27T00:00:00Z,9.7024,9.4822,9.4552,7.5774,7.2421,11.511
E0083,2026-02-27T00:00:00Z,11.4863,10.852,8.3577,6.7811,7.5208,9.4764
E0084,2026-02-27T00:00:00Z,11.4669,8.8055,8.461,8.787,5.4996,8.8338
E0085,2026-02-27T00:00:00Z,11.8751,7.83,9.7698,8.4846,4.9,8.7067
E0086,2026-02-27T00:00:00Z,11.6408,8.5396,10.8274,7.8265,5.6052,10.3773
E0087,2026-02-27T00:00:00Z,10.2414,8.2204,8.9534,7.554,5.0157,10.5051
E0088,2026-02-27T00:00:00Z,11.1288,8.8029,8.0058,7.9916,6.4207,11.1238
E0089,2026-02-27T00:00:00Z,11.2613,9.0482,8.6741,7.2938,5.2871,11.1275
E0090,2026-02-27T00:00:00Z,10.779,9.4332,8.4607,6.3402,8.0506,10.6765
E0091,2026-02-27T00:00:00Z,10.5433,8.6482,7.2163,6.8168,7.6693,7.9071
E0092,2026-02-27T00:00:00Z,11.287,10.509,7.417,6.9138,5.4503,9.6908
E0093,2026-02-27T00:00:00Z,11.6611,9.8618,9.2436,5.8201,5.9814,11.2203
E0094,2026-02-27T00:00:00Z,11.8214,8.7381,9.0488,6.7923,7.6936,10.9352
E0095,2026-02-27T00:00:00Z,11.0878,9.0638,7.8862,6.9698,5.8439,11.5404
E0096,2026-02-27T00:00:00Z,11.8203,9.9419,9.3179,6.3796,7.0155,11.6608
E0097,2026-02-27T00:00:00Z,11.9398,9.9675,11.9509,7.7406,5.1352,9.5104
E0098,2026-02-27T00:00:00Z,10.5969,6.4797,8.4483,7.5695,6.8935,10.5359
E0099,2026-02-27T00:00:00Z,10.9521,7.829,10.728,7.2637,5.5855,8.9782
E0100,2026-02-27T00:00:00Z,11.8511,9.8497,9.3116,8.5958,5.9779,10.8803
E0101,2026-02-27T00:00:00Z,10.2885,9.9768,8.6291,6.0959,6.8528,7.1602
E0102,2026-02-27T00:00:00Z,10.4583,8.6714,8.8392,6.6425,7.0741,7.8474
E0103,2026-02-27T00:00:00Z,11.9758,7.4581,5.796,7.2774,5.4958,9.0918
E0104,2026-02-27T00:00:00Z,11.0177,9.2218,9.8278,7.5188,8.6222,9.7452
E0105,2026-02-27T00:00:00Z,11.6852,8.359,9.4237,7.3161,6.5151,9.0365
E0106,2026-02-27T00:00:00Z,11.1266,8.5306,7.8495,7.4085,5.0107,11.8643
E0107,2026-02-27T00:00:00Z,11.2166,10.9314,8.3823,7.4929,5.3733,9.3211
E0108,2026-02-27T00:00:00Z,11.2838,8.5562,7.6821,9.5491,7.0687,11.0046
E0109,2026-02-27T00:00:00Z,11.8837,8.3937,9.2166,7.1939,5.8621,9.0134
E0110,2026-02-27T00:00:00Z,12.3286,9.1116,6.7819,8.3607,5.6238,10.9377
E0111,2026-02-27T00:00:00Z,11.5107,8.1761,9.1529,7.7123,5.1952,8.0091
E0112,2026-02-27T00:00:00Z,11.2648,7.1981,9.0342,8.8512,6.2263,6.5021
E0113,2026-02-27T00:00:00Z,12.0599,8.1759,6.0739,7.8443,6.2731,6.4134
E0114,2026-02-27T00:00:00Z,12.103,8.4506,9.2689,6.9994,5.9379,10.3453
E0115,2026-02-27T00:00:00Z,12.0147,8.6165,8.8969,6.6343,6.0316,8.9623
E0116,2026-02-27T00:00:00Z,11.3335,10.2537,8.4266,6.1214,7.851,11.3051
E0117,2026-02-27T00:00:00Z,11.7661,9.3716,8.7622,9.1673,7.9402,10.6083
E0118,2026-02-27T00:00:00Z,10.7109,8.609,8.2971,5.922,6.8768,9.0545
E0119,2026-02-27T00:00:00Z,10.7399,8.2257,7.9499,7.8446,7.3594,8.4332
E0120,2026-02-27T00:00:00Z,12.1097,9.8513,9.571,7.6259,6.1417,10.7818
E0121,2026-02-27T00:00:00Z,10.1988,9.0665,8.8182,8.4851,5.8711,7.7765
E0122,2026-02-27T00:00:00Z,11.4162,8.1933,8.8343,7.3667,6.0299,9.8218
E0123,2026-02-27T00:00:00Z,11.0977,7.5669,9.1889,7.1597,7.4142,8.3343
E0124,2026-02-27T00:00:00Z,10.1083,9.9667,8.1167,5.7937,6.5975,11.5415
E0125,2026-02-27T00:00:00Z,12.5043,10.6936,10.2678,6.9238,6.2776,10.1318
E0126,2026-02-27T00:00:00Z,11.2411,8.5394,7.7594,7.9161,6.9061,10.7206
E0127,2026-02-27T00:00:00Z,10.0975,7.2102,8.5107,5.3009,6.9427,12.0203
E0128,2026-02-27T00:00:00Z,10.0857,8.7605,9.5236,6.3205,7.157,6.845
E0129,2026-02-27T00:00:00Z,10.9869,9.2143,8.6552,7.5981,7.5199,9.4725
E0130,2026-02-27T00:00:00Z,11.0663,8.8991,8.2449,7.2997,5.1054,9.5025
E0131,2026-02-27T00:00:00Z,12.0039,9.614,8.233,8.3329,4.3834,9.4827
E0132,2026-02-27T00:00:00Z,11.498,11.4339,8.8342,8.1237,6.6247,7.3596
E0133,2026-02-27T00:00:00Z,11.6052,9.9069,8.2374,7.1281,5.5767,9.3116
E0134,2026-02-27T00:00:00Z,11.5744,9.4572,9.6652,6.8673,5.7124,11.6573
E0135,2026-02-27T00:00:00Z,10.7519,8.9839,8.7019,8.4307,5.1644,7.6733
E0136,2026-02-27T00:00:00Z,11.9665,11.2768,7.987,6.9094,6.5654,9.718
E0137,2026-02-27T00:00:00Z,10.9474,9.833,10.9115,8.6812,4.564,7.4904
E0138,2026-02-27T00:00:00Z,12.4031,8.0557,8.0318,8.8314,6.3284,11.299
E0139,2026-02-27T00:00:00Z,11.6017,8.3854,9.2738,7.6902,7.9082,11.7255
E0140,2026-02-27T00:00:00Z,10.5685,9.0422,6.5546,8.4261,6.7845,10.0986
E0141,2026-02-27T00:00:00Z,10.9312,10.2783,7.4481,7.6081,5.6207,7.8492
E0142,2026-02-27T00:00:00Z,10.346,9.9586,8.3616,8.8184,6.2356,10.58
E0143,2026-02-27T00:00:00Z,12.2197,9.9885,7.4731,6.4418,7.2978,8.4608
E0144,2026-02-27T00:00:00Z,11.6159,9.9445,7.6495,7.0188,6.7989,10.9478
E0145,2026-02-27T00:00:00Z,11.7866,9.7663,9.1499,8.0864,6.6052,9.2747
E0146,2026-02-27T00:00:00Z,11.4129,9.4762,8.8785,7.9683,6.2483,9.0886
E0147,2026-02-27T00:00:00Z,9.4094,9.5993,9.9297,6.1125,6.86,7.0072
E0148,2026-02-27T00:00:00Z,11.5642,9.4233,8.3685,7.1835,6.836,8.0231
E0149,2026-02-27T00:00:00Z,11.8509,7.6936,7.2238,6.6751,6.0364,8.702
E0000,2026-02-28T00:00:00Z,11.5809,9.5817,7.9075,7.6812,5.9039,11.3565
E0001,2026-02-28T00:00:00Z,9.9926,9.4975,8.1552,7.5198,6.7171,13.3945
E0002,2026-02-28T00:00:00Z,11.6639,9.6156,8.0104,7.1373,4.2104,11.5033
E0003,2026-02-28T00:00:00Z,11.8514,8.2073,7.5742,6.4112,7.0314,9.9016
E0004,2026-02-28T00:00:00Z,10.9785,8.7523,8.6995,7.3802,4.845,9.5957
E0005,2026-02-28T00:00:00Z,10.5266,8.0928,7.4298,6.7517,5.837,7.9929
E0006,2026-02-28T00:00:00Z,11.2915,9.9499,11.1485,6.6229,7.4329,10.4552
E0007,2026-02-28T00:00:00Z,10.6578,9.4048,8.2538,8.21,7.1724,5.6307
E0008,2026-02-28T00:00:00Z,10.7362,9.2806,8.6842,7.0304,5.2327,12.7023
E0009,2026-02-28T00:00:00Z,12.4191,9.4373,11.0114,7.101,5.5522,12.263
E0010,2026-02-28T00:00:00Z,9.7699,8.0902,8.9321,8.4555,6.3484,7.3973
E0011,2026-02-28T00:00:00Z,11.1047,9.8953,8.5992,7.2302,5.1703,8.0465
E0012,2026-02-28T00:00:00Z,10.7896,9.0045,8.7324,6.9467,6.9233,9.4409
E0013,2026-02-28T00:00:00Z,10.7867,9.2341,8.0162,6.2899,5.6603,11.7312
E0014,2026-02-28T00:00:00Z,11.771,9.0113,7.1467,7.4174,5.4868,8.5602
E0015,2026-02-28T00:00:00Z,9.5591,8.8434,7.2405,7.3689,5.8655,6.5359
E0016,2026-02-28T00:00:00Z,11.1317,7.2993,9.5707,8.0977,6.359,8.5035
E0017,2026-02-28T00:00:00Z,11.2983,6.947,6.4589,8.0716,6.3554,9.5863
E0018,2026-02-28T00:00:00Z,11.4891,8.6257,8.6138,7.5235,6.5999,9.1248
E0019,2026-02-28T00:00:00Z,11.8556,10.0955,10.5024,7.2301,6.4268,8.9862
E0020,2026-02-28T00:00:00Z,10.523,9.0178,5.1026,8.6123,8.176,10.507
E0021,2026-02-28T00:00:00Z,10.6277,9.2358,6.3158,7.6598,5.9845,8.332
E0022,2026-02-28T00:00:00Z,10.005,8.4052,8.1135,7.0862,7.3936,9.9245
E0023,2026-02-28T00:00:00Z,11.0716,8.6599,8.2645,6.5076,5.1799,9.2813
E0024,2026-02-28T00:00:00Z,10.5998,9.9696,8.3381,6.971,5.9726,6.9441
E0025,2026-02-28T00:00:00Z,10.8609,8.5231,7.338,7.3331,4.9034,12.0487
E0026,2026-02-28T00:00:00Z,10.8616,8.6435,7.8233,8.4639,7.2663,9.3165
E0027,2026-02-28T00:00:00Z,11.0034,9.1862,5.907,8.0155,6.6885,11.2097
E0028,2026-02-28T00:00:00Z,11.8605,8.0968,8.9987,7.1011,6.6352,8.4516
E0029,2026-02-28T00:00:00Z,11.9818,8.3458,8.6042,6.5878,7.0401,8.5556
E0030,2026-02-28T00:00:00Z,10.8307,9.2017,8.163,6.6768,6.9273,9.5675
E0031,2026-02-28T00:00:00Z,10.2608,7.8095,8.4559,7.7819,5.7764,9.1723
E0032,2026-02-28T00:00:00Z,11.1754,10.2102,8.0724,9.6111,6.4253,8.3009
E0033,2026-02-28T00:00:00Z,11.1077,8.7313,9.2405,9.6394,6.6624,10.6968
E0034,2026-02-28T00:00:00Z,10.7563,10.2385,7.8357,6.6549,6.5033,9.5316
E0035,2026-02-28T00:00:00Z,11.5294,10.3426,8.175,6.9248,5.3499,10.1535
E0036,2026-02-28T00:00:00Z,10.6412,10.1798,8.7683,6.7715,5.9206,9.6537
E0037,2026-02-28T00:00:00Z,11.5059,9.4958,9.6798,8.6608,7.1584,9.7825
E0038,2026-02-28T00:00:00Z,11.538,7.2556,8.9333,5.7478,7.5124,12.5789
E0039,2026-02-28T00:00:00Z,11.845,8.8159,8.5437,6.6444,6.9557,8.6118
E0040,2026-02-28T00:00:00Z,10.4838,10.518,8.6244,8.8549,7.4564,7.436
E0041,2026-02-28T00:00:00Z,11.3332,7.6119,9.3252,8.7545,5.4865,8.0059
E0042,2026-02-28T00:00:00Z,11.844,6.9716,8.0877,7.7096,8.1835,8.178
E0043,2026-02-28T00:00:00Z,11.2687,10.3064,8.8795,7.5237,6.3873,9.8448
E0044,2026-02-28T00:00:00Z,11.1714,10.1955,8.4202,7.9914,5.7959,10.7153
E0045,2026-02-28T00:00:00Z,12.8138,7.7943,10.1594,6.1685,5.6463,10.6239
E0046,2026-02-28T00:00:00Z,11.5037,9.6358,9.5602,8.5223,6.3303,9.1146
E0047,2026-02-28T00:00:00Z,9.4332,10.1163,9.1571,8.2122,6.4685,10.0639
E0048,2026-02-28T00:00:00Z,10.078,8.3867,8.9367,7.6884,8.141,11.4807
E0049,2026-02-28T00:00:00Z,11.5765,7.8965,8.7002,7.6185,7.8751,9.0034
E0050,2026-02-28T00:00:00Z,11.7613,8.0873,6.8224,10.4449,6.694,11.7505
E0051,2026-02-28T00:00:00Z,10.6113,8.3072,8.5655,9.5799,4.0511,11.3185
E0052,2026-02-28T00:00:00Z,11.2159,8.8704,9.1165,7.4462,7.2076,11.1039
E0053,2026-02-28T00:00:00Z,12.1665,9.6072,7.2065,8.0345,6.3345,8.9338
E0054,2026-02-28T00:00:00Z,11.1605,9.5359,6.3282,7.2895,6.1208,8.0001
E0055,2026-02-28T00:00:00Z,11.062,9.2733,9.5103,8.1285,6.3206,7.6079
E0056,2026-02-28T00:00:00Z,12.2804,9.7827,10.6697,7.2502,6.4345,9.144
E0057,2026-02-28T00:00:00Z,10.423,9.6687,10.4266,7.3364,7.0046,8.6018
E0058,2026-02-28T00:00:00Z,10.3763,8.8914,7.6348,7.1551,5.694,8.7419
E0059,2026-02-28T00:00:00Z,11.5895,10.7049,8.6508,7.4332,6.6272,11.3136
E0060,2026-02-28T00:00:00Z,10.6002,8.5863,8.9752,7.1121,7.058,8.8745
E0061,2026-02-28T00:00:00Z,11.5013,9.7362,8.333,6.7926,7.3398,7.503
E0062,2026-02-28T00:00:00Z,10.9471,10.4323,9.7481,8.3309,6.9566,9.6818
E0063,2026-02-28T00:00:00Z,11.9417,7.6526,8.0788,9.0099,8.578,6.7677
E0064,2026-02-28T00:00:00Z,12.5925,8.4863,9.7267,5.8985,5.431,12.067
E0065,2026-02-28T00:00:00Z,10.7976,9.6818,7.3393,8.5913,4.9151,9.7105
E0066,2026-02-28T00:00:00Z,10.7809,8.6976,8.7005,7.427,7.331,8.7527
E0067,2026-02-28T00:00:00Z,11.7314,9.8001,7.8894,8.6447,6.0759,8.8592
E0068,2026-02-28T00:00:00Z,10.6704,11.417,7.4872,6.537,7.2661,9.1104
E0069,2026-02-28T00:00:00Z,10.2152,7.2692,8.9597,7.2469,4.2644,9.2927
E0070,2026-02-28T00:00:00Z,11.1367,7.5986,8.7924,7.1069,5.4884,9.3834
E0071,2026-02-28T00:00:00Z,9.8706,8.0558,5.9995,8.7792,7.3341,8.4436
E0072,2026-02-28T00:00:00Z,11.3604,7.7184,7.2505,6.6098,6.3887,10.5582
E0073,2026-02-28T00:00:00Z,11.9811,10.6489,9.3148,7.6122,5.7406,9.6688
E0074,2026-02-28T00:00:00Z,10.5762,7.4197,9.6123,7.8853,7.5618,9.3328
E0075,2026-02-28T00:00:00Z,11.0646,8.5654,7.8416,8.2625,6.3028,6.0329
E0076,2026-02-28T00:00:00Z,10.8431,9.8151,8.0558,7.4126,7.8609,10.1763
E0077,2026-02-28T00:00:00Z,11.2894,9.1385,8.1529,6.5741,5.3074,9.9379
E0078,2026-02-28T00:00:00Z,11.64,10.8988,6.8687,7.775,7.4798,8.2296
E0079,2026-02-28T00:00:00Z,11.1882,8.6835,7.9351,7.8669,5.6426,9.3613
E0080,2026-02-28T00:00:00Z,10.8421,9.3361,10.7003,9.5693,6.4597,9.4527
E0081,2026-02-28T00:00:00Z,11.7618,8.0352,9.6563,7.7481,5.1814,9.3039
E0082,2026-02-28T00:00:00Z,11.0346,7.8114,8.747,9.2729,6.4845,9.5837
E0083,2026-02-28T00:00:00Z,11.0684,8.2521,8.6198,7.7686,5.6209,9.7444
E0084,2026-02-28T00:00:00Z,10.9267,7.8266,7.8583,7.1018,5.5839,8.2408
E0085,2026-02-28T00:00:00Z,10.1526,8.0236,6.3921,7.4703,6.3081,8.0042
E0086,2026-02-28T00:00:00Z,11.6899,6.0815,8.2004,6.3909,7.1268,10.8201
E0087,2026-02-28T00:00:00Z,11.4686,9.2363,9.8266,7.5932,7.2136,8.3128
E0088,2026-02-28T00:00:00Z,11.1248,10.6734,8.8777,8.5196,5.744,10.7289
E0089,2026-02-28T00:00:00Z,11.5487,9.3216,8.073,7.5906,8.1457,11.7272
E0090,2026-02-28T00:00:00Z,11.2511,9.6469,7.7621,7.4371,5.8695,9.4818
E0091,2026-02-28T00:00:00Z,10.9659,8.3206,6.9904,8.5643,7.393,11.0474
E0092,2026-02-28T00:00:00Z,10.9664,10.6095,8.7032,9.5364,7.0599,10.0031
E0093,2026-02-28T00:00:00Z,11.5243,8.6061,7.403,7.427,5.8531,11.598
E0094,2026-02-28T00:00:00Z,12.0443,9.9328,6.0287,7.3621,4.7871,9.1719
E0095,2026-02-28T00:00:00Z,11.8894,9.3392,7.6988,6.2029,5.9731,9.4823
E0096,2026-02-28T00:00:00Z,10.0702,8.3496,8.1003,8.2373,5.9431,7.4003
E0097,2026-02-28T00:00:00Z,11.3832,6.5679,8.2783,9.0896,5.1845,10.567
E0098,2026-02-28T00:00:00Z,12.0257,11.1378,8.4133,7.6058,5.704,12.6971
E0099,2026-02-28T00:00:00Z,10.3216,7.8855,10.6527,8.8013,7.6631,7.8389
E0100,2026-02-28T00:00:00Z,11.9393,10.5167,9.505,6.2033,7.6187,12.3663
E0101,2026-02-28T00:00:00Z,11.7948,8.3794,7.2639,8.1979,6.4404,10.7114
E0102,2026-02-28T00:00:00Z,10.9454,8.4406,7.7985,7.5349,5.5519,10.3426
E0103,2026-02-28T00:00:00Z,10.2868,8.5435,8.0856,8.2109,6.1836,8.2676
E0104,2026-02-28T00:00:00Z,12.2564,10.3014,9.3099,7.1692,4.8708,11.2242
E0105,2026-02-28T00:00:00Z,11.0724,9.3345,9.3713,8.1564,7.9559,9.1053
E0106,2026-02-28T00:00:00Z,12.7017,9.9089,8.9627,6.7318,5.3077,11.0244
E0107,2026-02-28T00:00:00Z,10.9103,10.4426,7.5753,7.0618,5.5773,7.3263
E0108,2026-02-28T00:00:00Z,10.8911,8.4896,7.6538,7.1462,5.5262,9.6026
E0109,2026-02-28T00:00:00Z,10.9692,9.4222,8.3301,8.7696,6.0228,10.0425
E0110,2026-02-28T00:00:00Z,10.215,8.8001,8.8428,8.9441,6.8659,10.5501
E0111,2026-02-28T00:00:00Z,12.6239,6.4244,8.2866,8.0195,6.7516,10.601
E0112,2026-02-28T00:00:00Z,10.9257,10.0388,8.8504,8.1529,7.1492,9.2518
E0113,2026-02-28T00:00:00Z,10.8367,9.9593,6.7037,7.7217,6.7036,10.8139
E0114,2026-02-28T00:00:00Z,10.649,8.5704,8.6673,7.4987,7.0145,8.5237
E0115,2026-02-28T00:00:00Z,9.6713,7.5166,7.3738,8.0825,6.0366,11.383
E0116,2026-02-28T00:00:00Z,11.5258,8.9135,8.9449,7.0143,6.5657,8.5659
E0117,2026-02-28T00:00:00Z,10.7702,8.1449,8.4295,7.7192,6.7762,12.436
E0118,2026-02-28T00:00:00Z,10.8111,6.8084,8.8738,7.3246,7.9027,9.9204
E0119,2026-02-28T00:00:00Z,11.5176,7.5357,9.2482,8.7385,6.4057,8.5812
E0120,2026-02-28T00:00:00Z,12.638,8.358,10.0449,8.8639,6.6962,10.4359
E0121,2026-02-28T00:00:00Z,9.7288,9.2739,6.9862,6.4661,6.4596,9.2285
E0122,2026-02-28T00:00:00Z,10.5025,8.3729,7.317,7.411,5.7684,9.5426
E0123,2026-02-28T00:00:00Z,10.3403,8.9133,8.2455,7.2423,7.3459,8.3182
E0124,2026-02-28T00:00:00Z,10.1287,7.6776,7.3421,7.1782,5.8583,11.6945
E0125,2026-02-28T00:00:00Z,10.8803,8.3067,6.3576,7.6995,7.6199,9.9085
E0126,2026-02-28T00:00:00Z,9.5199,8.1262,8.2718,8.6294,4.9002,8.6954
E0127,2026-02-28T00:00:00Z,11.7604,8.1986,8.8142,7.752,6.4335,8.0727
E0128,2026-02-28T00:00:00Z,11.3728,10.2506,7.6123,8.7102,8.0664,11.3839
E0129,2026-02-28T00:00:00Z,11.63,9.7624,8.444,9.3757,5.0308,10.7792
E0130,2026-02-28T00:00:00Z,10.3427,8.8419,8.8436,7.8756,5.1205,8.954
E0131,2026-02-28T00:00:00Z,10.9924,8.8873,7.2278,6.1566,5.4518,6.5693
E0132,2026-02-28T00:00:00Z,10.8608,8.4243,7.156,7.7454,7.3299,13.6865
E0133,2026-02-28T00:00:00Z,11.4893,8.6797,9.1534,7.5186,5.8429,6.9383
E0134,2026-02-28T00:00:00Z,11.2575,9.6898,6.0126,8.6023,6.2208,6.5817
E0135,2026-02-28T00:00:00Z,11.7033,10.7002,7.9822,7.5923,5.2045,8.2274
E0136,2026-02-28T00:00:00Z,12.7475,9.1031,6.2553,6.9498,4.4669,13.8105
E0137,2026-02-28T00:00:00Z,11.6555,9.3501,9.3688,8.9169,6.2288,7.3914
E0138,2026-02-28T00:00:00Z,11.3563,8.3821,8.2111,7.3893,5.5505,8.7819
E0139,2026-02-28T00:00:00Z,11.3579,9.0982,10.1447,7.5961,6.5869,8.9889
E0140,2026-02-28T00:00:00Z,11.1032,9.7521,9.3558,8.7993,7.6502,8.2613
E0141,2026-02-28T00:00:00Z,11.4749,9.9275,7.593,8.1839,7.4963,11.652
E0142,2026-02-28T00:00:00Z,11.7567,10.0246,8.1607,6.6376,6.4513,8.5281
E0143,2026-02-28T00:00:00Z,10.5118,9.3832,9.4813,7.7346,7.5948,10.781
E0144,2026-02-28T00:00:00Z,10.538,10.2282,8.688,7.7833,6.8105,8.9225
E0145,2026-02-28T00:00:00Z,10.8938,8.3652,9.3694,6.8558,5.678,9.7312
E0146,2026-02-28T00:00:00Z,11.4002,11.3056,5.8719,9.3591,5.1564,10.4067
E0147,2026-02-28T00:00:00Z,11.6421,9.6022,9.7339,5.6681,6.6776,12.2993
E0148,2026-02-28T00:00:00Z,10.4802,8.4238,8.3258,7.0767,6.4724,8.2562
E0149,2026-02-28T00:00:00Z,10.2493,7.4331,8.2178,7.5824,6.7582,5.4732
E0000,2026-03-01T00:00:00Z,11.2627,9.3932,9.2604,8.1551,5.7819,8.7271
E0001,2026-03-01T00:00:00Z,11.8737,9.0887,7.9015,6.6979,6.3829,7.3681
E0002,2026-03-01T00:00:00Z,12.3567,10.2427,8.2495,7.7138,6.8303,9.2404
E0003,2026-03-01T00:00:00Z,11.7312,7.964,7.2471,7.3602,4.7478,10.0624
E0004,2026-03-01T00:00:00Z,11.5742,9.7152,7.4783,7.4255,7.188,9.848
E0005,2026-03-01T00:00:00Z,10.6865,7.636,8.2256,7.2148,7.6622,10.1201
E0006,2026-03-01T00:00:00Z,10.7111,9.8285,8.3707,7.8768,6.7524,11.0206
E0007,2026-03-01T00:00:00Z,11.5415,7.0012,8.8366,6.7551,6.6747,10.0797
E0008,2026-03-01T00:00:00Z,11.8244,9.4866,7.1225,7.2947,5.6523,7.662
E0009,2026-03-01T00:00:00Z,11.7377,8.8345,7.9571,8.351,6.9562,11.33
E0010,2026-03-01T00:00:00Z,11.9622,9.3899,8.4326,7.4666,7.6669,8.3739
E0011,2026-03-01T00:00:00Z,10.2153,8.7145,9.2649,7.0176,7.3034,9.5666
E0012,2026-03-01T00:00:00Z,10.2556,8.3743,8.6675,7.6139,7.4555,9.3332
E0013,2026-03-01T00:00:00Z,10.4572,7.9753,8.8951,8.5056,6.5503,10.1687
E0014,2026-03-01T00:00:00Z,9.9897,8.5832,8.2736,8.5146,4.5641,7.9724
E0015,2026-03-01T00:00:00Z,11.8807,10.222,8.6551,7.533,6.9583,11.0711
E0016,2026-03-01T00:00:00Z,11.1162,9.0897,7.8394,7.8274,5.8257,9.4842
E0017,2026-03-01T00:00:00Z,12.6218,10.9402,8.5823,7.9558,5.9212,9.984
E0018,2026-03-01T00:00:00Z,11.0561,9.5661,6.6803,8.2672,7.0182,10.0909
E0019,2026-03-01T00:00:00Z,11.5409,10.5612,8.9139,9.4594,6.9869,8.9278
E0020,2026-03-01T00:00:00Z,11.9194,8.2528,7.6363,6.7118,6.6438,8.6708
E0021,2026-03-01T00:00:00Z,10.8836,9.5693,9.1735,7.7402,4.4872,13.4477
E0022,2026-03-01T00:00:00Z,11.7809,9.2742,6.91,7.1679,7.211,9.936
E0023,2026-03-01T00:00:00Z,12.0965,6.8601,9.1529,6.2858,5.1076,10.5942
E0024,2026-03-01T00:00:00Z,10.846,7.7816,7.6872,7.5895,6.101,7.6149
E0025,2026-03-01T00:00:00Z,12.0419,8.9829,9.0788,8.8097,5.859,10.4009
E0026,2026-03-01T00:00:00Z,10.0712,8.0249,8.0888,8.8634,5.0384,9.2196
E0027,2026-03-01T00:00:00Z,12.0237,8.7353,7.6169,5.8674,7.1748,10.5447
E0028,2026-03-01T00:00:00Z,11.3541,9.7112,7.9471,6.8356,7.6609,9.2938
E0029,2026-03-01T00:00:00Z,11.8573,8.7435,7.6458,8.3478,5.7953,12.1878
E0030,2026-03-01T00:00:00Z,12.0029,9.4453,9.2842,7.7111,5.8679,11.3914
E0031,2026-03-01T00:00:00Z,10.2099,9.4523,6.6285,6.8973,6.7135,8.9637
E0032,2026-03-01T00:00:00Z,10.6947,9.5994,7.2312,9.7742,5.0707,7.9186
E0033,2026-03-01T00:00:00Z,12.1884,10.3281,8.6887,6.9418,8.0429,9.7795
E0034,2026-03-01T00:00:00Z,10.5627,9.3912,7.8621,9.7258,5.8315,9.0592
E0035,2026-03-01T00:00:00Z,11.3167,11.3744,10.1526,7.1616,7.3878,10.0814
E0036,2026-03-01T00:00:00Z,11.3981,10.6077,6.2626,6.5014,7.8456,10.837
E0037,2026-03-01T00:00:00Z,11.0531,8.4875,9.7753,9.1054,6.0288,9.5187
E0038,2026-03-01T00:00:00Z,10.2207,10.1383,7.0695,6.1315,7.0752,9.8937
E0039,2026-03-01T00:00:00Z,12.1355,9.0567,7.1646,7.5149,6.7347,10.2874
E0040,2026-03-01T00:00:00Z,10.2891,9.9482,8.0529,6.4727,4.934,9.2543
E0041,2026-03-01T00:00:00Z,11.746,9.993,7.4942,8.1449,7.1346,7.6653
E0042,2026-03-01T00:00:00Z,11.4031,10.4215,7.7708,8.5057,6.0324,8.2908
E0043,2026-03-01T00:00:00Z,10.2964,9.9253,7.4961,8.0294,6.0941,9.1931
E0044,2026-03-01T00:00:00Z,11.1846,9.7013,8.8989,8.8105,6.1636,7.3748
E0045,2026-03-01T00:00:00Z,11.9106,9.1454,9.7199,8.2969,6.9372,10.4176
E0046,2026-03-01T00:00:00Z,10.3748,8.9662,8.4438,8.249,5.7747,8.5135
E0047,2026-03-01T00:00:00Z,10.0572,8.9628,9.5961,7.3801,6.7725,9.932
E0048,2026-03-01T00:00:00Z,12.1371,8.8399,7.0453,8.9906,6.2618,9.7213
E0049,2026-03-01T00:00:00Z,11.4186,8.8404,6.5091,6.0769,4.536,10.4245
E0050,2026-03-01T00:00:00Z,11.6242,8.9736,7.0261,8.2298,8.532,9.9947
E0051,2026-03-01T00:00:00Z,11.4858,8.7356,7.7916,7.0371,5.9807,10.8803
E0052,2026-03-01T00:00:00Z,10.878,9.6415,9.3805,5.949,5.7423,9.7693
E0053,2026-03-01T00:00:00Z,9.8286,8.6709,8.5371,7.8948,4.8254,8.1537
E0054,2026-03-01T00:00:00Z,12.0812,9.7239,10.2742,7.9782,5.5252,9.8176
E0055,2026-03-01T00:00:00Z,10.9698,9.1757,9.2155,7.548,5.9969,12.7229
E0056,2026-03-01T00:00:00Z,11.6777,9.4815,10.7636,7.0366,6.2456,9.0257
E0057,2026-03-01T00:00:00Z,11.3526,10.2773,9.9025,6.7725,5.1078,10.7802
E0058,2026-03-01T00:00:00Z,10.8672,9.2105,8.3168,7.5901,5.7208,12.9522
E0059,2026-03-01T00:00:00Z,12.2829,8.8734,8.1385,7.1964,5.692,9.2446
E0060,2026-03-01T00:00:00Z,11.0079,9.4266,7.5177,8.2477,5.191,8.9724
E0061,2026-03-01T00:00:00Z,11.3128,10.201,9.1519,8.5385,6.9382,9.9702
E0062,2026-03-01T00:00:00Z,11.0484,10.3438,8.2016,8.0809,6.608,10.2625
E0063,2026-03-01T00:00:00Z,11.3862,9.3544,6.8556,6.8419,7.1261,9.0038
E0064,2026-03-01T00:00:00Z,10.0712,10.6351,10.3237,8.2386,8.1902,8.877
E0065,2026-03-01T00:00:00Z,11.6498,11.159,9.8294,10.125,5.9391,10.6793
E0066,2026-03-01T00:00:00Z,11.3622,10.4836,10.2536,7.8218,4.8617,7.7126
E0067,2026-03-01T00:00:00Z,10.5539,10.6049,7.3208,6.8087,6.5314,12.2546
E0068,2026-03-01T00:00:00Z,11.8489,8.7262,8.8812,7.7109,7.4244,8.4773
E0069,2026-03-01T00:00:00Z,11.6763,8.8304,6.8074,7.4344,8.3959,10.3239
E0070,2026-03-01T00:00:00Z,10.9853,10.5281,8.0996,8.1324,6.9309,11.0254
E0071,2026-03-01T00:00:00Z,11.3484,9.8748,6.67,9.2303,6.5052,10.3807
E0072,2026-03-01T00:00:00Z,10.8323,10.4499,8.8626,7.9206,4.867,5.251
E0073,2026-03-01T00:00:00Z,11.4273,11.0738,7.88,9.5189,6.5876,9.2881
E0074,2026-03-01T00:00:00Z,11.8318,9.0401,8.628,7.8764,4.6464,10.6033
E0075,2026-03-01T00:00:00Z,11.2268,8.8833,7.8513,6.7587,6.5045,9.934
E0076,2026-03-01T00:00:00Z,11.7098,10.6015,9.5481,6.4999,5.3308,10.7998
E0077,2026-03-01T00:00:00Z,10.3926,9.2666,7.6891,7.5447,6.4765,7.8674
E0078,2026-03-01T00:00:00Z,10.5641,8.0023,8.332,8.7407,6.1408,11.2354
E0079,2026-03-01T00:00:00Z,10.4902,8.4204,7.6586,8.4387,6.6908,7.873
E0080,2026-03-01T00:00:00Z,12.1361,7.4296,6.7652,7.4506,5.6328,7.1286
E0081,2026-03-01T00:00:00Z,10.951,9.9968,9.4623,8.7543,7.6375,10.4962
E0082,2026-03-01T00:00:00Z,10.1468,9.0712,8.8289,7.685,7.1832,8.2693
E0083,2026-03-01T00:00:00Z,11.4464,8.7074,7.084,6.9766,5.89,9.1034
E0084,2026-03-01T00:00:00Z,12.0093,9.6421,9.2038,8.766,6.9933,7.9648
E0085,2026-03-01T00:00:00Z,11.8758,10.2411,7.5226,9.3906,5.1062,10.6942
E0086,2026-03-01T00:00:00Z,11.5528,7.9866,8.5175,8.0585,7.6023,11.4068
E0087,2026-03-01T00:00:00Z,11.0462,10.7627,7.1617,7.9279,7.1338,9.0471
E0088,2026-03-01T00:00:00Z,10.0852,9.3946,9.9877,8.1314,7.5547,7.2399
E0089,2026-03-01T00:00:00Z,10.5436,10.2165,9.1692,8.9865,5.6247,6.7962
E0090,2026-03-01T00:00:00Z,11.2244,9.6287,7.5121,9.4808,7.0061,11.8239
E0091,2026-03-01T00:00:00Z,10.2488,10.4839,9.4862,6.9021,5.5781,10.1677
E0092,2026-03-01T00:00:00Z,12.1869,7.4186,8.7412,7.2588,6.867,9.3031
E0093,2026-03-01T00:00:00Z,11.003,8.8414,8.3018,8.348,3.9036,7.9785
E0094,2026-03-01T00:00:00Z,10.8633,8.434,8.069,5.9142,8.5135,8.2538
E0095,2026-03-01T00:00:00Z,11.1432,9.3517,9.5603,6.8701,6.2437,12.3677
E0096,2026-03-01T00:00:00Z,11.5514,10.4078,7.8905,7.9562,6.839,10.6613
E0097,2026-03-01T00:00:00Z,12.3897,8.898,9.1245,6.7328,6.7785,9.9095
E0098,2026-03-01T00:00:00Z,10.8938,9.6702,9.9411,6.7287,7.7139,9.1616
E0099,2026-03-01T00:00:00Z,12.5274,9.1462,7.7618,7.9669,6.5751,6.4385
E0100,2026-03-01T00:00:00Z,10.9402,9.3353,10.3699,8.4344,6.1749,7.7339
E0101,2026-03-01T00:00:00Z,11.9028,8.5076,9.3213,8.2734,7.5102,8.8311
E0102,2026-03-01T00:00:00Z,10.9422,8.5617,8.4637,5.9228,7.3516,8.8644
E0103,2026-03-01T00:00:00Z,10.0978,9.014,10.1753,7.2218,6.6456,11.1671
E0104,2026-03-01T00:00:00Z,11.347,8.5068,7.7198,8.341,6.9965,8.2578
E0105,2026-03-01T00:00:00Z,10.3749,8.8062,7.6571,8.4198,7.3903,8.0482
E0106,2026-03-01T00:00:00Z,11.9898,10.0812,9.3714,8.5931,6.652,9.0304
E0107,2026-03-01T00:00:00Z,10.0302,7.7506,8.8048,7.1106,6.4763,7.6127
E0108,2026-03-01T00:00:00Z,11.2679,10.632,7.3665,7.4832,4.827,9.9694
E0109,2026-03-01T00:00:00Z,12.0318,8.5711,7.7853,8.0497,5.7566,10.9561
E0110,2026-03-01T00:00:00Z,11.0116,8.4795,7.5239,7.1466,5.2256,11.8008
E0111,2026-03-01T00:00:00Z,11.5333,10.1345,7.8582,7.3348,8.1544,13.0321
E0112,2026-03-01T00:00:00Z,10.6081,8.7759,5.3338,6.4453,7.717,6.4244
E0113,2026-03-01T00:00:00Z,12.1275,9.0221,6.9923,9.0906,5.5234,10.4606
E0114,2026-03-01T00:00:00Z,12.3032,9.7531,6.0213,6.3836,9.0114,9.6552
E0115,2026-03-01T00:00:00Z,10.7815,10.741,6.6796,6.513,6.4446,6.1552
E0116,2026-03-01T00:00:00Z,9.9507,8.9738,10.096,9.3523,6.2852,9.2681
E0117,2026-03-01T00:00:00Z,11.4792,8.4631,8.7314,9.2508,6.5672,9.2745
E0118,2026-03-01T00:00:00Z,12.9961,10.4177,9.1584,7.7807,7.0018,11.1197
E0119,2026-03-01T00:00:00Z,10.7179,7.8407,8.2747,8.9924,6.4669,10.6658
E0120,2026-03-01T00:00:00Z,11.7183,11.0988,8.926,7.7395,5.99,9.695
E0121,2026-03-01T00:00:00Z,11.1815,8.4837,8.5801,6.9684,6.9339,9.0897
E0122,2026-03-01T00:00:00Z,11.4743,10.6155,10.2238,7.6094,6.2559,7.019
E0123,2026-03-01T00:00:00Z,12.3276,10.8576,6.0995,6.563,6.5126,10.3581
E0124,2026-03-01T00:00:00Z,10.1078,10.1638,7.5589,7.8884,6.5896,11.0418
E0125,2026-03-01T00:00:00Z,12.6839,8.1434,8.1556,7.8842,7.4367,11.9224
E0126,2026-03-01T00:00:00Z,10.407,8.1114,8.6712,8.392,7.3414,7.4402
E0127,2026-03-01T00:00:00Z,11.035,9.8689,9.1307,7.9349,7.7856,10.4473
E0128,2026-03-01T00:00:00Z,12.1429,9.5782,9.5716,8.1923,5.2922,11.5543
E0129,2026-03-01T00:00:00Z,10.9844,7.6616,8.9961,7.1347,7.6182,8.6375
E0130,2026-03-01T00:00:00Z,10.8344,9.0622,6.9541,7.4365,5.5998,7.7578
E0131,2026-03-01T00:00:00Z,11.525,8.9433,8.8457,8.5189,5.6941,10.3213
E0132,2026-03-01T00:00:00Z,11.1292,11.0376,8.8651,8.1227,6.4091,8.362
E0133,2026-03-01T00:00:00Z,12.0167,7.8159,10.0265,6.8874,6.7409,7.789
E0134,2026-03-01T00:00:00Z,10.4099,8.3061,10.4332,7.6203,5.823,10.7003
E0135,2026-03-01T00:00:00Z,12.2102,10.4737,8.2015,7.5351,8.0229,8.1007
E0136,2026-03-01T00:00:00Z,10.5757,8.8347,9.7269,7.1338,6.2941,9.3407
E0137,2026-03-01T00:00:00Z,11.0128,8.5441,8.9405,5.1645,6.385,10.4574
E0138,2026-03-01T00:00:00Z,11.6536,8.5849,7.7129,5.8142,7.8054,10.4396
E0139,2026-03-01T00:00:00Z,11.4068,9.3908,8.4626,6.6558,6.0101,10.7408
E0140,2026-03-01T00:00:00Z,10.782,10.9887,8.4839,6.948,7.3001,12.3312
E0141,2026-03-01T00:00:00Z,10.7245,10.1441,9.8617,8.0435,5.2957,10.0269
E0142,2026-03-01T00:00:00Z,9.3355,8.3694,8.5466,9.1154,6.0587,8.8499
E0143,2026-03-01T00:00:00Z,11.1839,8.9589,7.6597,7.5726,6.5949,10.3314
E0144,2026-03-01T00:00:00Z,12.7071,7.6656,9.6071,6.7932,7.5882,10.0906
E0145,2026-03-01T00:00:00Z,10.3949,9.2339,9.2711,7.2734,6.7483,10.3466
E0146,2026-03-01T00:00:00Z,11.8104,9.4793,6.4047,8.9107,7.1342,11.106
E0147,2026-03-01T00:00:00Z,11.9348,9.8734,8.7949,8.3934,5.851,8.891
E0148,2026-03-01T00:00:00Z,11.7116,9.0671,7.4835,6.0815,5.4419,7.0808
E0149,2026-03-01T00:00:00Z,10.4799,8.6078,6.408,8.2563,6.1701,10.1109
E0000,2026-03-02T00:00:00Z,8.908,8.0061,9.1994,8.5513,6.1056,12.643
E0001,2026-03-02T00:00:00Z,10.5711,10.4853,8.2071,6.3922,8.0406,10.6371
E0002,2026-03-02T00:00:00Z,9.8657,9.5277,8.4279,6.5237,6.5828,9.4303
E0003,2026-03-02T00:00:00Z,11.6198,8.1868,7.9242,7.1981,4.2624,12.952
E0004,2026-03-02T00:00:00Z,10.9723,8.6753,7.5968,7.83,7.5258,12.1683
E0005,2026-03-02T00:00:00Z,11.5363,8.4214,8.6453,7.3887,5.3949,7.4148
E0006,2026-03-02T00:00:00Z,12.3929,9.3102,7.8127,8.7094,6.1712,8.4787
E0007,2026-03-02T00:00:00Z,11.3629,9.9743,7.3721,8.3529,6.5999,9.2532
E0008,2026-03-02T00:00:00Z,10.9873,9.003,9.8265,7.4429,7.5208,9.5089
E0009,2026-03-02T00:00:00Z,10.4856,9.5915,9.1741,8.3201,5.8909,6.86
E0010,2026-03-02T00:00:00Z,11.5876,9.3962,9.2156,6.8385,6.788,8.0006
E0011,2026-03-02T00:00:00Z,10.9722,9.0634,7.3769,7.1713,6.5929,11.7037
E0012,2026-03-02T00:00:00Z,10.9578,8.3301,7.7807,7.0427,6.0183,10.2756
E0013,2026-03-02T00:00:00Z,10.9669,8.5166,6.7853,6.5973,7.3721,10.5002
E0014,2026-03-02T00:00:00Z,12.207,10.0378,9.0611,7.8666,6.3095,10.1088
E0015,2026-03-02T00:00:00Z,11.193,10.0683,6.4086,7.0062,5.9654,9.0452
E0016,2026-03-02T00:00:00Z,10.7494,8.2096,9.0366,7.9818,4.8434,8.8546
E0017,2026-03-02T00:00:00Z,10.7673,7.2134,8.5353,7.4826,5.4354,9.2933
E0018,2026-03-02T00:00:00Z,10.4237,11.1931,9.8088,7.6913,4.7414,8.0881
E0019,2026-03-02T00:00:00Z,12.3742,8.6544,8.3416,7.0793,5.1702,10.2806
E0020,2026-03-02T00:00:00Z,11.1516,9.5639,8.7744,7.7696,7.1441,10.8432
E0021,2026-03-02T00:00:00Z,11.5114,8.7712,9.5406,8.0367,6.1461,10.2869
E0022,2026-03-02T00:00:00Z,10.8422,9.4685,7.7773,7.9052,6.8808,9.7496
E0023,2026-03-02T00:00:00Z,10.629,11.2021,8.867,7.3865,7.0687,9.1947
E0024,2026-03-02T00:00:00Z,10.9902,8.1815,6.7853,9.2973,6.2009,5.8889
E0025,2026-03-02T00:00:00Z,12.6203,9.1543,6.5534,7.6159,6.1461,8.9744
E0026,2026-03-02T00:00:00Z,10.8005,9.5476,8.0589,9.1319,7.2972,9.1595
E0027,2026-03-02T00:00:00Z,11.7962,9.3167,10.3731,5.7119,4.7754,13.1039
E0028,2026-03-02T00:00:00Z,10.0427,9.8233,8.4756,8.4354,7.0604,10.409
E0029,2026-03-02T00:00:00Z,11.5756,8.7142,7.6559,7.8406,6.1283,12.2411
E0030,2026-03-02T00:00:00Z,10.0188,7.9602,9.6225,8.8408,4.4342,11.4637
E0031,2026-03-02T00:00:00Z,12.0927,9.674,9.6556,7.0399,5.7165,11.396
E0032,2026-03-02T00:00:00Z,10.718,10.352,8.9018,6.9317,7.7071,8.7837
E0033,2026-03-02T00:00:00Z,10.9857,10.3483,8.8115,8.6265,5.0657,8.6894
E0034,2026-03-02T00:00:00Z,11.2208,10.2886,8.6419,7.2533,5.1071,7.9078
E0035,2026-03-02T00:00:00Z,11.1258,8.8916,9.0205,6.8247,6.9138,9.6739
E0036,2026-03-02T00:00:00Z,11.0523,9.2826,7.9667,7.5499,7.3616,11.1301
E0037,2026-03-02T00:00:00Z,10.2321,9.9727,7.3558,7.318,4.8822,10.7935
E0038,2026-03-02T00:00:00Z,11.337,9.9684,9.1385,7.515,5.1631,10.8398
E0039,2026-03-02T00:00:00Z,10.0816,8.438,9.4262,8.7854,6.9362,9.6754
E0040,2026-03-02T00:00:00Z,11.1045,10.7966,9.0732,6.9552,5.6123,8.669
E0041,2026-03-02T00:00:00Z,11.201,10.1237,9.136,6.6883,8.55,9.7542
E0042,2026-03-02T00:00:00Z,10.4916,8.0985,7.6635,6.2782,6.8725,8.1388
E0043,2026-03-02T00:00:00Z,11.0239,10.345,8.008,8.0853,6.0735,8.2022
E0044,2026-03-02T00:00:00Z,10.1077,9.9503,9.0532,7.763,7.0364,9.6741
E0045,2026-03-02T00:00:00Z,10.6236,10.7251,9.824,8.2265,7.3639,10.1831
E0046,2026-03-02T00:00:00Z,11.3803,10.4558,10.2543,9.5377,6.782,9.17
E0047,2026-03-02T00:00:00Z,11.571,8.4197,9.0679,8.4429,8.7208,7.1172
E0048,2026-03-02T00:00:00Z,12.9725,8.9243,7.7976,4.9671,6.2898,12.4325
E0049,2026-03-02T00:00:00Z,11.6839,10.1447,6.7149,7.0106,5.7571,8.3385
E0050,2026-03-02T00:00:00Z,13.1051,8.6096,6.4647,7.669,7.2078,11.6859
E0051,2026-03-02T00:00:00Z,10.6995,11.3463,10.2544,7.521,5.3463,8.0195
E0052,2026-03-02T00:00:00Z,9.7556,9.8625,7.6274,7.5139,7.0498,10.9287
E0053,2026-03-02T00:00:00Z,12.477,10.048,8.3656,6.5661,4.7538,9.4095
E0054,2026-03-02T00:00:00Z,10.9461,7.8452,10.3839,6.0133,8.1947,8.229
E0055,2026-03-02T00:00:00Z,10.3117,9.6248,7.795,6.8177,5.95,9.2804
E0056,2026-03-02T00:00:00Z,12.5276,10.6122,9.0168,7.0106,5.0515,10.909
E0057,2026-03-02T00:00:00Z,12.4248,8.9853,9.1088,7.0457,5.963,9.6943
E0058,2026-03-02T00:00:00Z,11.1292,8.7844,10.2524,8.1605,8.0555,11.9555
E0059,2026-03-02T00:00:00Z,11.4259,7.2893,8.9613,5.9396,6.6647,11.7444
E0060,2026-03-02T00:00:00Z,11.5893,10.3765,8.2591,7.3116,7.0922,9.3611
E0061,2026-03-02T00:00:00Z,10.9768,12.0696,8.1294,8.1275,6.4927,8.6738
E0062,2026-03-02T00:00:00Z,13.0221,10.2677,9.4836,7.5345,4.9472,8.9074
E0063,2026-03-02T00:00:00Z,10.9697,10.5222,7.4007,8.5118,6.8127,9.4224
E0064,2026-03-02T00:00:00Z,10.2584,8.3141,8.3949,4.9257,4.4064,12.1934
E0065,2026-03-02T00:00:00Z,10.1567,9.0214,9.4585,7.4267,6.0454,9.9053
E0066,2026-03-02T00:00:00Z,11.471,8.4079,8.7599,8.2999,6.0255,11.2751
E0067,2026-03-02T00:00:00Z,11.0923,10.3047,8.3092,9.4267,6.6455,9.7971
E0068,2026-03-02T00:00:00Z,10.7208,7.8478,8.5317,7.5649,6.5396,9.0336
E0069,2026-03-02T00:00:00Z,12.5112,6.841,9.8913,9.9492,7.4852,9.8576
E0070,2026-03-02T00:00:00Z,10.3543,8.1079,10.0801,6.8695,6.9272,9.5202
E0071,2026-03-02T00:00:00Z,11.3503,8.4026,8.8766,7.7421,7.3114,9.8584
E0072,2026-03-02T00:00:00Z,11.4102,8.9008,8.5041,8.2297,5.7156,12.384
E0073,2026-03-02T00:00:00Z,11.2927,10.9944,8.4062,8.3276,5.4818,7.7703
E0074,2026-03-02T00:00:00Z,11.538,8.8045,9.7949,8.4769,5.9928,9.4588
E0075,2026-03-02T00:00:00Z,10.023,11.2383,9.5969,8.5016,7.7735,11.1105
E0076,2026-03-02T00:00:00Z,11.5851,7.1796,8.3096,8.2704,6.7514,10.6277
E0077,2026-03-02T00:00:00Z,11.8446,8.2187,8.6626,7.2388,7.0435,9.1033
E0078,2026-03-02T00:00:00Z,10.1566,9.571,8.3413,5.3176,8.6883,9.0797
E0079,2026-03-02T00:00:00Z,10.8701,8.6516,9.096,5.3288,5.5347,10.3946
E0080,2026-03-02T00:00:00Z,11.8721,9.6209,8.9659,8.4652,5.0179,7.8889
E0081,2026-03-02T00:00:00Z,12.0712,9.5631,8.3982,6.7287,6.7993,9.6272
E0082,2026-03-02T00:00:00Z,11.3392,8.3137,7.9657,6.1167,5.7917,9.2536
E0083,2026-03-02T00:00:00Z,11.0288,8.1295,8.0721,7.3485,6.1171,8.5781
E0084,2026-03-02T00:00:00Z,11.1393,9.1167,9.2368,8.0162,5.9622,10.2956
E0085,2026-03-02T00:00:00Z,10.5118,10.3077,7.8771,7.0235,5.2611,10.948
E0086,2026-03-02T00:00:00Z,10.4711,9.7295,8.1682,7.8602,6.0146,12.3215
E0087,2026-03-02T00:00:00Z,11.8547,10.8533,7.8195,7.2351,6.0264,10.2787
E0088,2026-03-02T00:00:00Z,10.7785,8.689,11.0196,5.8572,6.7281,10.1721
E0089,2026-03-02T00:00:00Z,10.6904,9.6434,7.8872,7.503,5.6041,9.9759
E0090,2026-03-02T00:00:00Z,11.7775,11.0201,9.6741,7.6944,4.5865,7.7047
E0091,2026-03-02T00:00:00Z,11.5278,6.7337,8.2826,8.8424,7.5272,9.4963
E0092,2026-03-02T00:00:00Z,10.6655,10.4352,7.4361,7.5275,3.7927,7.8529
E0093,2026-03-02T00:00:00Z,12.0092,9.5371,7.0925,6.0388,6.6841,8.8153
E0094,2026-03-02T00:00:00Z,12.1891,9.5983,9.0419,8.5815,5.5294,7.7667
E0095,2026-03-02T00:00:00Z,10.6381,9.0942,9.467,7.4456,6.9889,8.2778
E0096,2026-03-02T00:00:00Z,9.5588,9.8161,7.5571,7.893,5.7717,9.628
E0097,2026-03-02T00:00:00Z,10.653,9.494,8.4917,6.8531,7.0154,9.794
E0098,2026-03-02T00:00:00Z,9.9881,9.6786,8.6054,7.3597,6.0154,7.1433
E0099,2026-03-02T00:00:00Z,10.2721,11.1331,7.9594,8.3567,8.0966,8.632
E0100,2026-03-02T00:00:00Z,12.1339,10.2262,8.7488,8.0917,5.1039,8.5246
E0101,2026-03-02T00:00:00Z,11.539,10.4436,9.2051,6.9571,5.9462,10.6006
E0102,2026-03-02T00:00:00Z,11.6404,10.8254,6.6038,7.0552,5.9408,8.5915
E0103,2026-03-02T00:00:00Z,11.7303,9.5712,6.8063,8.3144,7.8131,11.6351
E0104,2026-03-02T00:00:00Z,10.9792,8.5077,7.9801,7.816,4.8243,9.5346
E0105,2026-03-02T00:00:00Z,12.3898,7.8795,7.0015,9.3513,4.3679,6.4948
E0106,2026-03-02T00:00:00Z,9.6879,11.2986,9.4108,7.3031,6.4364,10.2757
E0107,2026-03-02T00:00:00Z,9.7108,8.0717,6.5706,6.6487,7.1741,11.0706
E0108,2026-03-02T00:00:00Z,11.1291,8.5934,5.9771,8.3753,6.7366,8.1296
E0109,2026-03-02T00:00:00Z,10.8365,8.8308,10.5172,8.1336,5.9337,9.1488
E0110,2026-03-02T00:00:00Z,11.5241,8.7937,9.4749,7.6696,6.5802,8.4831
E0111,2026-03-02T00:00:00Z,10.6415,8.6503,10.5056,7.9036,6.769,7.9275
E0112,2026-03-02T00:00:00Z,10.7302,7.9178,9.1202,8.1773,6.6668,12.3456
E0113,2026-03-02T00:00:00Z,11.4192,9.5142,10.9513,7.3857,7.6782,9.2771
E0114,2026-03-02T00:00:00Z,11.2748,10.4155,9.0927,8.4841,8.3395,7.8606
E0115,2026-03-02T00:00:00Z,10.4895,9.4429,8.2282,8.4606,5.3617,7.5394
E0116,2026-03-02T00:00:00Z,9.8005,9.4108,9.1626,5.1706,7.4743,12.4979
E0117,2026-03-02T00:00:00Z,11.2591,7.767,9.2457,8.3111,7.2709,10.2694
E0118,2026-03-02T00:00:00Z,12.6416,10.8686,8.4295,8.124,6.839,9.4742
E0119,2026-03-02T00:00:00Z,11.8535,9.5383,7.3132,6.045,7.2617,9.7809
E0120,2026-03-02T00:00:00Z,11.7832,8.7201,7.9753,7.2266,5.7526,9.19
E0121,2026-03-02T00:00:00Z,10.6562,10.131,9.1743,10.8001,5.459,11.4884
E0122,2026-03-02T00:00:00Z,11.1642,9.5025,7.01,6.1915,5.977,9.2658
E0123,2026-03-02T00:00:00Z,10.8983,9.9499,7.5153,8.3178,7.3071,11.6969
E0124,2026-03-02T00:00:00Z,11.3537,8.7398,10.1469,8.7346,6.069,10.7859
E0125,2026-03-02T00:00:00Z,10.6005,8.0107,6.9987,8.3449,5.2755,9.8284
E0126,2026-03-02T00:00:00Z,11.5814,8.8935,9.0666,7.5159,5.9483,8.4473
E0127,2026-03-02T00:00:00Z,10.3637,8.9545,9.8617,9.086,7.4434,8.8785
E0128,2026-03-02T00:00:00Z,10.1712,8.2691,9.3612,5.3914,6.1342,10.5889
E0129,2026-03-02T00:00:00Z,11.1274,10.1549,10.204,6.8227,5.9778,11.2328
E0130,2026-03-02T00:00:00Z,10.8896,9.5999,6.9056,8.1429,6.7236,7.7667
E0131,2026-03-02T00:00:00Z,13.0037,9.192,7.6318,7.5978,5.967,10.4301
E0132,2026-03-02T00:00:00Z,11.3099,8.2153,7.8999,7.8096,7.1039,11.0681
E0133,2026-03-02T00:00:00Z,11.1238,9.5006,10.0547,6.6571,5.5114,9.5275
E0134,2026-03-02T00:00:00Z,10.4907,8.572,8.6582,6.5215,5.5023,9.8805
E0135,2026-03-02T00:00:00Z,10.8051,10.3008,8.1771,9.4694,7.1347,12.1499
E0136,2026-03-02T00:00:00Z,10.1693,9.5866,10.6675,8.0662,6.648,10.9599
E0137,2026-03-02T00:00:00Z,11.4674,7.9682,8.5718,7.2484,7.341,9.5319
E0138,2026-03-02T00:00:00Z,9.8704,6.5071,9.2415,7.6305,5.7677,9.0329
E0139,2026-03-02T00:00:00Z,12.7355,10.7154,7.9258,5.5557,4.9028,12.3039
E0140,2026-03-02T00:00:00Z,11.1353,10.9835,7.2183,8.5972,6.0725,12.3105
E0141,2026-03-02T00:00:00Z,12.3138,8.9838,9.5839,7.781,4.7564,8.606
E0142,2026-03-02T00:00:00Z,10.0064,10.0327,7.6081,7.2265,6.622,10.0428
E0143,2026-03-02T00:00:00Z,11.1075,9.6975,9.4375,7.0827,7.6665,7.6503
E0144,2026-03-02T00:00:00Z,9.9773,10.1815,9.2673,8.8919,6.5616,11.6042
E0145,2026-03-02T00:00:00Z,11.1697,10.1992,7.582,7.6315,7.0612,7.7419
E0146,2026-03-02T00:00:00Z,12.1457,9.2027,10.1108,7.5285,5.6393,6.2166
E0147,2026-03-02T00:00:00Z,10.5113,9.353,8.3061,8.7708,5.5544,7.6822
E0148,2026-03-02T00:00:00Z,11.3496,8.4522,8.9576,7.2805,6.2741,8.7028
E0149,2026-03-02T00:00:00Z,11.0092,7.234,5.9998,6.0726,6.5127,5.4975
E0000,2026-03-03T00:00:00Z,10.6545,9.317,9.0224,8.8964,6.4164,11.1459
E0001,2026-03-03T00:00:00Z,11.7143,11.5443,8.6946,7.0978,6.2617,9.6996
E0002,2026-03-03T00:00:00Z,11.4209,10.3185,9.2947,10.493,6.3867,10.6241
E0003,2026-03-03T00:00:00Z,11.013,9.1968,9.1624,6.915,5.6124,8.217
E0004,2026-03-03T00:00:00Z,11.4488,7.6377,9.3575,7.3272,5.9224,9.6823
E0005,2026-03-03T00:00:00Z,10.5485,9.9032,8.6846,5.4143,7.3687,8.0048
E0006,2026-03-03T00:00:00Z,11.332,7.9549,8.6333,8.078,5.8859,8.5166
E0007,2026-03-03T00:00:00Z,10.5541,8.8579,8.7214,6.732,7.0185,8.5655
E0008,2026-03-03T00:00:00Z,10.5593,8.0631,8.9397,9.2861,6.4074,8.0637
E0009,2026-03-03T00:00:00Z,10.2741,8.2368,8.4492,6.8932,6.1294,12.0706
E0010,2026-03-03T00:00:00Z,11.3075,9.3275,6.2679,6.6791,4.9507,11.6713
E0011,2026-03-03T00:00:00Z,11.708,10.8073,8.3506,8.4624,5.3031,9.694
E0012,2026-03-03T00:00:00Z,10.2066,9.5673,7.7413,5.6843,6.7706,9.8441
E0013,2026-03-03T00:00:00Z,10.7805,6.5249,8.4608,7.0326,7.2875,9.1552
E0014,2026-03-03T00:00:00Z,10.9933,8.1066,9.4806,5.8567,8.3856,9.7158
E0015,2026-03-03T00:00:00Z,10.6379,10.5998,7.3257,7.4218,5.4025,7.188
E0016,2026-03-03T00:00:00Z,12.1058,9.8666,9.5256,7.1205,7.5088,9.4296
E0017,2026-03-03T00:00:00Z,10.9028,8.6124,9.6181,7.0473,5.951,9.3349
E0018,2026-03-03T00:00:00Z,12.0116,7.7285,8.7062,7.8015,5.7795,12.1529
E0019,2026-03-03T00:00:00Z,13.0669,10.5539,7.4225,9.2405,5.2975,8.3487
E0020,2026-03-03T00:00:00Z,11.4648,9.8237,9.6259,8.2756,5.5209,8.577
E0021,2026-03-03T00:00:00Z,11.5717,8.4838,10.4582,7.8302,5.656,11.4031
E0022,2026-03-03T00:00:00Z,10.7292,9.0136,7.6895,8.7281,5.6164,12.2046
E0023,2026-03-03T00:00:00Z,11.1578,10.0212,9.3056,9.0474,5.5844,9.6181
E0024,2026-03-03T00:00:00Z,11.8698,6.96,5.9134,7.3198,6.4476,10.5052
E0025,2026-03-03T00:00:00Z,10.8299,10.4558,8.3245,8.9644,6.2144,9.2051
E0026,2026-03-03T00:00:00Z,10.8555,9.783,7.4188,7.4367,6.4738,8.9806
E0027,2026-03-03T00:00:00Z,10.4239,8.8513,9.096,5.4461,6.2765,10.6613
E0028,2026-03-03T00:00:00Z,11.0892,8.8025,8.1959,7.4134,5.8242,9.7969
E0029,2026-03-03T00:00:00Z,11.2822,9.3834,7.1508,8.6673,6.2687,11.1994
E0030,2026-03-03T00:00:00Z,12.1218,9.3339,7.279,6.4949,7.2346,11.3498
E0031,2026-03-03T00:00:00Z,10.524,9.228,10.185,7.7354,5.8744,7.3274
E0032,2026-03-03T00:00:00Z,11.2606,8.0058,7.7604,6.9166,6.5468,8.4815
E0033,2026-03-03T00:00:00Z,11.468,8.9459,7.1635,7.0225,4.9214,10.8471
E0034,2026-03-03T00:00:00Z,11.3578,9.5747,8.211,7.4648,5.8121,9.9843
E0035,2026-03-03T00:00:00Z,10.2741,7.233,7.1537,6.9563,5.2431,8.1478
E0036,2026-03-03T00:00:00Z,10.5815,8.4127,8.5549,6.3451,6.9352,8.0625
E0037,2026-03-03T00:00:00Z,11.3104,10.5983,5.6961,8.4119,5.004,8.6038
E0038,2026-03-03T00:00:00Z,11.5285,9.3938,8.6702,6.4325,5.1281,10.6754
E0039,2026-03-03T00:00:00Z,11.3541,8.8364,8.5652,7.5481,7.0962,11.1978
E0040,2026-03-03T00:00:00Z,12.1444,9.7371,8.8405,7.3517,6.9326,11.0411
E0041,2026-03-03T00:00:00Z,11.4995,9.3631,10.4035,8.5201,7.2537,10.5595
E0042,2026-03-03T00:00:00Z,10.1782,10.8377,10.5728,7.865,4.8208,9.6875
E0043,2026-03-03T00:00:00Z,9.7303,10.338,11.2219,8.75,6.6589,8.873
E0044,2026-03-03T00:00:00Z,10.1803,7.4591,6.8963,5.6035,6.2206,8.1615
E0045,2026-03-03T00:00:00Z,10.4647,10.4839,8.7377,7.9515,5.9589,7.6223
E0046,2026-03-03T00:00:00Z,11.4508,6.7028,10.1335,8.7033,6.6346,10.0422
E0047,2026-03-03T00:00:00Z,12.5143,8.6374,8.7842,9.6234,5.5778,7.9223
E0048,2026-03-03T00:00:00Z,10.6206,10.6554,6.8832,7.2195,6.224,10.2474
E0049,2026-03-03T00:00:00Z,12.0697,9.8405,9.5067,6.4255,6.7724,8.9292
E0050,2026-03-03T00:00:00Z,10.7155,10.311,9.8283,7.3772,5.6509,11.2529
E0051,2026-03-03T00:00:00Z,10.8428,9.4361,7.541,7.8142,6.1385,9.2511
E0052,2026-03-03T00:00:00Z,12.0382,7.5448,7.997,6.8118,6.23,8.6273
E0053,2026-03-03T00:00:00Z,10.0044,9.636,8.2098,7.5191,6.5282,9.64
E0054,2026-03-03T00:00:00Z,11.5496,8.7428,7.7392,7.6384,5.764,9.1088
E0055,2026-03-03T00:00:00Z,12.0667,8.1608,9.1516,8.1278,5.0486,7.7519
E0056,2026-03-03T00:00:00Z,11.9117,9.5734,9.4753,6.9952,7.0148,10.3896
E0057,2026-03-03T00:00:00Z,11.4973,7.9423,7.4083,7.39,5.73,8.1124
E0058,2026-03-03T00:00:00Z,11.4118,7.4276,8.1085,8.711,7.1924,9.4467
E0059,2026-03-03T00:00:00Z,11.0483,10.2248,7.974,8.1663,5.4114,9.6999
E0060,2026-03-03T00:00:00Z,9.8682,7.4513,7.2584,6.9227,5.4272,9.0457
E0061,2026-03-03T00:00:00Z,10.8584,9.3367,7.7315,8.2354,5.8432,12.0229
E0062,2026-03-03T00:00:00Z,11.0947,9.3419,7.8776,7.9178,7.4555,10.6696
E0063,2026-03-03T00:00:00Z,9.8792,8.2471,7.7764,8.7185,6.7195,10.5108
E0064,2026-03-03T00:00:00Z,11.7358,10.5061,7.8164,7.7377,7.0541,9.3101
E0065,2026-03-03T00:00:00Z,11.9303,9.7791,6.7567,8.5349,5.5115,7.1977
E0066,2026-03-03T00:00:00Z,11.4231,11.004,9.4976,6.3962,8.9193,7.6162
E0067,2026-03-03T00:00:00Z,11.0824,10.301,8.4095,8.8351,6.6961,9.6069
E0068,2026-03-03T00:00:00Z,11.0555,10.056,7.6254,7.0374,4.899,9.3281
E0069,2026-03-03T00:00:00Z,11.3837,9.9992,7.0059,6.7539,5.9172,11.1683
E0070,2026-03-03T00:00:00Z,11.2979,9.4779,10.184,9.3738,6.695,8.6615
E0071,2026-03-03T00:00:00Z,11.2839,9.2873,7.8618,7.1802,6.856,7.2679
E0072,2026-03-03T00:00:00Z,11.0337,9.7331,8.8864,6.8254,5.8238,6.5308
E0073,2026-03-03T00:00:00Z,9.9899,8.9721,10.2317,7.2024,6.5915,10.6333
E0074,2026-03-03T00:00:00Z,10.9483,7.3952,7.924,7.6646,6.5445,9.6747
E0075,2026-03-03T00:00:00Z,11.4343,8.4198,7.9334,8.8638,6.3914,11.2577
E0076,2026-03-03T00:00:00Z,10.5052,8.6532,9.3237,7.1624,5.5696,9.2929
E0077,2026-03-03T00:00:00Z,11.413,9.4196,7.1173,6.9305,7.0205,11.2238
E0078,2026-03-03T00:00:00Z,11.4265,10.4984,8.0993,8.7292,6.9769,9.4994
E0079,2026-03-03T00:00:00Z,9.3503,9.3411,8.9164,6.5437,5.2183,10.3891
E0080,2026-03-03T00:00:00Z,11.5675,7.2235,8.9988,8.328,6.0117,10.2644
E0081,2026-03-03T00:00:00Z,11.2085,10.1502,8.9909,7.206,5.8148,7.6978
E0082,2026-03-03T00:00:00Z,11.538,8.6599,9.9652,8.0966,7.0805,10.3654
E0083,2026-03-03T00:00:00Z,11.0634,7.8905,8.9066,9.4216,6.1281,8.4011
E0084,2026-03-03T00:00:00Z,11.985,10.4246,9.8017,7.5719,6.7536,8.6774
E0085,2026-03-03T00:00:00Z,11.817,8.9169,7.1672,8.5091,7.3432,13.2409
E0086,2026-03-03T00:00:00Z,11.9485,8.676,8.4627,7.9578,7.8201,9.8232
E0087,2026-03-03T00:00:00Z,12.306,9.2096,8.8621,6.2908,7.9559,12.7785
E0088,2026-03-03T00:00:00Z,12.3517,7.466,9.1594,7.4235,7.8939,9.9906
E0089,2026-03-03T00:00:00Z,10.7252,9.3542,9.8398,5.8473,6.8995,10.8229
E0090,2026-03-03T00:00:00Z,11.8608,9.1549,7.3391,10.1848,7.1135,5.7103
E0091,2026-03-03T00:00:00Z,10.7133,9.9058,5.9042,8.3156,8.1252,10.7479
E0092,2026-03-03T00:00:00Z,11.8662,9.5549,8.3518,7.4927,4.7898,10.615
E0093,2026-03-03T00:00:00Z,10.7377,9.0937,8.79,7.8647,5.8023,7.9851
E0094,2026-03-03T00:00:00Z,10.752,7.8094,10.9153,8.1233,5.6383,12.1228
E0095,2026-03-03T00:00:00Z,10.7615,8.9829,8.7989,7.2309,7.3571,10.7791
E0096,2026-03-03T00:00:00Z,11.1897,10.0347,7.7457,7.7375,5.2449,11.1495
E0097,2026-03-03T00:00:00Z,11.118,10.4795,7.9703,8.9655,7.9742,8.6597
E0098,2026-03-03T00:00:00Z,12.2597,9.9976,7.3534,6.1608,7.7597,10.1605
E0099,2026-03-03T00:00:00Z,11.3586,11.0281,8.6837,8.0094,7.9769,8.2077
E0100,2026-03-03T00:00:00Z,10.7901,9.2787,9.2184,6.9603,7.1016,10.9052
E0101,2026-03-03T00:00:00Z,12.0977,10.7969,10.2436,8.7129,7.5955,9.7546
E0102,2026-03-03T00:00:00Z,10.3274,9.5168,7.6052,8.6884,6.3771,11.6806
E0103,2026-03-03T00:00:00Z,10.8669,10.606,11.1792,8.6403,6.1651,7.5705
E0104,2026-03-03T00:00:00Z,12.0324,11.2126,10.8196,6.9145,5.2614,9.142
E0105,2026-03-03T00:00:00Z,12.4162,8.9059,10.4473,8.7416,6.0529,9.2359
E0106,2026-03-03T00:00:00Z,11.891,9.9057,7.9328,7.1419,4.3481,7.6928
E0107,2026-03-03T00:00:00Z,11.9582,7.9652,8.1236,6.3681,7.7615,9.1237
E0108,2026-03-03T00:00:00Z,11.8344,10.0609,10.0003,7.9661,6.7683,9.8064
E0109,2026-03-03T00:00:00Z,10.9756,9.5054,9.6254,9.7932,6.6597,13.4916
E0110,2026-03-03T00:00:00Z,10.9614,9.8205,9.8331,6.35,6.2719,6.3253
E0111,2026-03-03T00:00:00Z,12.053,8.9671,8.2847,7.8673,9.205,10.5329
E0112,2026-03-03T00:00:00Z,11.9038,11.2097,8.7086,7.2079,6.7134,9.1163
E0113,2026-03-03T00:00:00Z,10.3399,9.2475,9.2056,6.7461,6.6419,10.4902
E0114,2026-03-03T00:00:00Z,11.2942,8.6659,9.7207,7.2797,5.5154,9.7273
E0115,2026-03-03T00:00:00Z,11.1668,10.6752,5.5809,6.9804,5.6712,9.1023
E0116,2026-03-03T00:00:00Z,10.0829,9.4219,9.5357,7.4851,5.7127,9.8868
E0117,2026-03-03T00:00:00Z,12.0084,9.6211,9.6846,6.8456,6.9984,7.381
E0118,2026-03-03T00:00:00Z,10.9792,8.9719,7.8912,7.6423,6.3724,9.8708
E0119,2026-03-03T00:00:00Z,10.4484,7.9968,6.3556,8.9935,5.9685,9.4499
E0120,2026-03-03T00:00:00Z,11.5069,11.0971,6.4686,5.9199,7.3329,9.7353
E0121,2026-03-03T00:00:00Z,11.452,7.8471,7.3802,7.2072,5.388,8.4436
E0122,2026-03-03T00:00:00Z,11.6054,11.7273,9.2505,7.712,6.4883,10.9355
E0123,2026-03-03T00:00:00Z,10.7505,8.2715,9.2496,7.9939,6.0768,8.7639
E0124,2026-03-03T00:00:00Z,10.2442,8.8236,7.6519,6.7904,5.9662,10.0428
E0125,2026-03-03T00:00:00Z,10.4163,11.33,8.8803,7.0381,6.3808,10.4763
E0126,2026-03-03T00:00:00Z,11.5288,8.3108,9.8152,8.3417,6.551,9.7181
E0127,2026-03-03T00:00:00Z,11.4853,7.6105,8.2889,7.4592,8.0844,11.24
E0128,2026-03-03T00:00:00Z,11.9478,10.223,6.2687,6.7639,7.2697,11.4809
E0129,2026-03-03T00:00:00Z,11.3447,9.3056,9.6008,6.9617,4.4486,7.2418
E0130,2026-03-03T00:00:00Z,11.3195,9.7501,7.905,6.3579,6.3873,10.6928
E0131,2026-03-03T00:00:00Z,11.4036,11.0778,7.7641,6.8342,5.7802,8.8162
E0132,2026-03-03T00:00:00Z,10.8649,10.4868,7.7961,7.6504,6.3747,10.1281
E0133,2026-03-03T00:00:00Z,11.137,8.5979,8.8503,8.9275,6.8617,9.9399
E0134,2026-03-03T00:00:00Z,12.4812,9.8782,9.2794,10.5176,7.3982,8.996
E0135,2026-03-03T00:00:00Z,10.5068,10.2974,9.9944,8.6412,5.697,6.6895
E0136,2026-03-03T00:00:00Z,9.3222,8.9763,8.9534,7.9497,6.5079,10.0914
E0137,2026-03-03T00:00:00Z,10.9315,10.3599,7.1633,7.282,6.8266,8.7927
E0138,2026-03-03T00:00:00Z,10.3524,8.2358,7.7279,6.9584,6.7344,9.8001
E0139,2026-03-03T00:00:00Z,11.3727,8.3416,8.2987,8.3396,7.1408,6.2287
E0140,2026-03-03T00:00:00Z,11.2539,8.207,9.902,8.1238,4.3599,11.0312
E0141,2026-03-03T00:00:00Z,11.0702,7.8187,7.7275,8.1457,5.9623,9.8717
E0142,2026-03-03T00:00:00Z,10.6297,9.5624,7.7261,8.7896,6.3108,8.7944
E0143,2026-03-03T00:00:00Z,11.2105,8.964,6.3142,6.1575,5.35,11.6976
E0144,2026-03-03T00:00:00Z,9.9749,9.3443,8.4113,8.5618,5.3941,8.0439
E0145,2026-03-03T00:00:00Z,10.1578,7.4588,9.1058,8.4256,5.5747,7.6001
E0146,2026-03-03T00:00:00Z,11.781,9.1845,8.0103,5.5546,5.0328,8.9289
E0147,2026-03-03T00:00:00Z,9.8723,10.41,6.466,7.9545,7.2033,7.3425
E0148,2026-03-03T00:00:00Z,10.733,10.9676,9.4395,7.7828,6.5426,5.8887
E0149,2026-03-03T00:00:00Z,10.9317,9.1425,5.4374,6.2929,6.0826,11.1186
E0000,2026-03-04T00:00:00Z,12.072,9.155,9.4385,7.6858,5.3477,10.6235
E0001,2026-03-04T00:00:00Z,11.404,9.5967,8.4922,6.3293,5.7395,9.773
E0002,2026-03-04T00:00:00Z,10.9798,9.6802,9.3368,8.3708,6.5218,12.234
E0003,2026-03-04T00:00:00Z,12.3741,9.6311,8.9598,7.4893,3.2093,12.8247
E0004,2026-03-04T00:00:00Z,10.836,9.6384,8.3205,8.0379,8.3966,11.8061
E0005,2026-03-04T00:00:00Z,10.7156,7.36,7.8535,7.4197,6.5867,10.6562
E0006,2026-03-04T00:00:00Z,11.1427,11.1156,7.8234,7.1883,5.9926,9.6948
E0007,2026-03-04T00:00:00Z,10.3305,7.3141,7.0413,8.108,6.9436,10.6787
E0008,2026-03-04T00:00:00Z,10.7704,9.6234,6.5601,7.8401,5.9159,11.4177
E0009,2026-03-04T00:00:00Z,11.2389,8.6779,7.8783,7.9964,6.7915,10.6478
E0010,2026-03-04T00:00:00Z,10.4409,9.7583,8.3192,6.8234,6.6371,8.9124
E0011,2026-03-04T00:00:00Z,10.8728,8.8887,8.6979,7.0515,4.356,10.5921
E0012,2026-03-04T00:00:00Z,11.4562,8.2151,8.7002,7.0859,7.1051,11.696
E0013,2026-03-04T00:00:00Z,10.9553,9.87,8.2444,7.7742,5.7907,11.2532
E0014,2026-03-04T00:00:00Z,11.6521,8.932,8.0658,8.401,4.5175,9.6144
E0015,2026-03-04T00:00:00Z,10.4623,8.6817,9.6749,8.2865,6.5031,12.1487
E0016,2026-03-04T00:00:00Z,12.039,7.7326,8.5747,8.2945,6.2932,10.4927
E0017,2026-03-04T00:00:00Z,11.5973,9.7579,7.6138,7.5685,7.8894,11.8265
E0018,2026-03-04T00:00:00Z,11.8618,7.658,9.4001,8.179,5.9264,7.7526
E0019,2026-03-04T00:00:00Z,11.4676,8.2353,9.6332,5.7981,6.639,10.8059
E0020,2026-03-04T00:00:00Z,12.0116,7.6668,7.5438,7.0502,7.0581,8.4157
E0021,2026-03-04T00:00:00Z,10.2058,8.7371,8.0805,7.0351,7.2751,10.1512
E0022,2026-03-04T00:00:00Z,11.3061,8.0745,6.5932,8.9573,4.9128,8.6437
E0023,2026-03-04T00:00:00Z,10.5005,10.6962,8.9244,9.6863,5.5514,10.4473
E0024,2026-03-04T00:00:00Z,10.6313,9.5106,7.2051,8.5919,6.4746,10.0465
E0025,2026-03-04T00:00:00Z,12.316,10.1772,8.2378,7.1704,3.5987,8.9758
E0026,2026-03-04T00:00:00Z,10.911,7.6615,9.3598,7.5126,7.1622,7.634
E0027,2026-03-04T00:00:00Z,10.8982,10.398,7.6278,8.1633,7.1243,7.1745
E0028,2026-03-04T00:00:00Z,12.5888,9.8095,9.8675,8.1722,6.0718,9.8064
E0029,2026-03-04T00:00:00Z,11.264,10.0743,7.318,8.3925,7.3335,9.2204
E0030,2026-03-04T00:00:00Z,10.8386,9.5803,8.2949,7.0829,6.774,9.2158
E0031,2026-03-04T00:00:00Z,9.5943,8.0292,8.0845,9.1328,7.6184,8.4595
E0032,2026-03-04T00:00:00Z,10.2332,8.6932,7.928,8.2109,4.9425,10.2806
E0033,2026-03-04T00:00:00Z,10.6217,9.2444,7.5205,7.797,5.2572,10.3868
E0034,2026-03-04T00:00:00Z,10.5002,10.6709,8.6714,7.0532,6.2087,10.5686
E0035,2026-03-04T00:00:00Z,11.4745,8.7078,8.8698,6.8386,5.5988,7.2756
E0036,2026-03-04T00:00:00Z,11.5797,10.8148,9.1508,8.269,6.5423,7.4299
E0037,2026-03-04T00:00:00Z,10.2757,8.7245,9.902,8.4272,6.7442,8.6108
E0038,2026-03-04T00:00:00Z,11.1957,9.2731,8.1286,6.7846,6.1637,12.2479
E0039,2026-03-04T00:00:00Z,12.6224,7.7757,10.5276,8.1291,7.1414,9.824
E0040,2026-03-04T00:00:00Z,12.4113,9.6393,8.5803,8.0958,5.8256,9.6034
E0041,2026-03-04T00:00:00Z,12.1575,9.7143,8.6932,8.4798,5.925,11.4359
E0042,2026-03-04T00:00:00Z,11.1248,9.6392,9.0856,8.7919,4.3505,9.8181
E0043,2026-03-04T00:00:00Z,11.057,9.9589,8.9412,6.4226,6.5608,10.7012
E0044,2026-03-04T00:00:00Z,10.9674,9.2688,9.9522,8.5874,6.6376,10.9097
E0045,2026-03-04T00:00:00Z,11.9372,7.2503,7.364,8.5155,7.1395,10.3667
E0046,2026-03-04T00:00:00Z,10.9771,9.0683,8.217,8.5259,6.4624,11.123
E0047,2026-03-04T00:00:00Z,10.6208,9.6439,10.4796,7.1058,5.7869,8.2505
E0048,2026-03-04T00:00:00Z,13.0439,9.0944,9.4913,10.0367,7.5739,9.4177
E0049,2026-03-04T00:00:00Z,11.0693,10.5555,11.0159,7.9893,7.1848,11.6376
E0050,2026-03-04T00:00:00Z,10.2145,8.7026,7.7795,6.0575,7.6476,13.9266
E0051,2026-03-04T00:00:00Z,12.3036,8.3331,8.1397,5.9944,6.6028,7.2044
E0052,2026-03-04T00:00:00Z,12.1694,8.8875,7.4184,5.8947,4.9058,9.4032
E0053,2026-03-04T00:00:00Z,12.1252,9.1653,10.0239,8.2177,3.7411,9.7777
E0054,2026-03-04T00:00:00Z,12.0509,9.4981,8.4875,9.3854,5.6362,12.4014
E0055,2026-03-04T00:00:00Z,11.5281,8.9216,8.1299,8.4513,3.8791,8.5203
E0056,2026-03-04T00:00:00Z,11.2951,6.1444,9.4538,7.0268,5.7875,11.1882
E0057,2026-03-04T00:00:00Z,12.4302,8.8788,8.3159,7.9882,5.4339,7.9412
E0058,2026-03-04T00:00:00Z,10.9314,9.5999,8.4977,7.8991,7.5978,9.6949
E0059,2026-03-04T00:00:00Z,11.0661,8.6822,9.0955,7.5741,6.5502,9.8732
E0060,2026-03-04T00:00:00Z,10.1322,8.77,9.7555,7.5591,7.722,9.5384
E0061,2026-03-04T00:00:00Z,11.7636,9.5355,8.5748,7.4623,7.1094,9.5766
E0062,2026-03-04T00:00:00Z,9.5995,8.0529,8.4414,5.9125,6.5902,8.115
E0063,2026-03-04T00:00:00Z,11.0171,9.8507,7.2096,8.0796,6.8351,9.6434
E0064,2026-03-04T00:00:00Z,10.7057,7.6488,10.0786,9.4339,7.1391,11.6578
E0065,2026-03-04T00:00:00Z,11.79,9.2326,9.0358,8.7781,3.9041,8.7102
E0066,2026-03-04T00:00:00Z,10.456,8.1868,9.7565,9.6741,5.9337,8.0509
E0067,2026-03-04T00:00:00Z,11.4069,8.3176,8.7927,7.6173,5.5773,11.0572
E0068,2026-03-04T00:00:00Z,10.8427,9.9212,6.9821,6.2706,6.6727,9.9171
E0069,2026-03-04T00:00:00Z,11.6431,9.7907,8.7874,6.1187,8.3894,9.9813
E0070,2026-03-04T00:00:00Z,10.8838,7.7534,8.8131,7.2086,5.5453,8.9539
E0071,2026-03-04T00:00:00Z,11.6875,9.0206,6.4613,6.8101,6.3006,7.0948
E0072,2026-03-04T00:00:00Z,10.9546,9.0633,5.7599,7.7956,6.9064,9.0019
E0073,2026-03-04T00:00:00Z,12.0415,8.0425,7.7169,9.3671,7.5782,12.22
E0074,2026-03-04T00:00:00Z,11.1747,8.9971,9.439,7.8313,7.5361,10.0737
E0075,2026-03-04T00:00:00Z,10.3152,9.5208,7.8182,7.4098,7.2326,10.8474
E0076,2026-03-04T00:00:00Z,11.3437,10.0539,10.6342,8.3264,5.7487,9.7027
E0077,2026-03-04T00:00:00Z,11.2006,8.3691,8.7414,6.5664,5.7825,7.9651
E0078,2026-03-04T00:00:00Z,10.5156,8.158,8.6811,6.1263,6.0982,9.9387
E0079,2026-03-04T00:00:00Z,10.3433,7.5908,8.1607,6.7992,5.9098,11.0011
E0080,2026-03-04T00:00:00Z,11.532,9.5106,8.0483,8.749,6.9329,8.4346
E0081,2026-03-04T00:00:00Z,11.0424,8.2294,8.9832,8.3334,6.0079,11.5247
E0082,2026-03-04T00:00:00Z,9.9467,9.3185,8.2923,6.4892,5.9606,11.6455
E0083,2026-03-04T00:00:00Z,10.9661,10.7795,7.9967,7.5395,4.8073,11.5277
E0084,2026-03-04T00:00:00Z,11.5406,8.4489,7.7423,5.6475,5.3568,7.5124
E0085,2026-03-04T00:00:00Z,10.6495,7.345,10.8861,7.0198,6.4154,13.9283
E0086,2026-03-04T00:00:00Z,11.4552,11.6135,6.0631,6.2864,4.7197,10.5968
E0087,2026-03-04T00:00:00Z,10.5867,8.6508,8.2527,8.2633,5.4426,9.0712
E0088,2026-03-04T00:00:00Z,11.577,9.0601,9.0745,6.8483,3.9197,11.6829
E0089,2026-03-04T00:00:00Z,11.7869,9.1581,7.8393,6.0745,5.0395,9.4293
E0090,2026-03-04T00:00:00Z,10.5567,9.1111,9.3198,7.9353,6.2308,7.8556
E0091,2026-03-04T00:00:00Z,10.4212,8.131,9.0482,7.49,5.6752,6.7617
E0092,2026-03-04T00:00:00Z,11.2685,10.6509,9.0962,7.4899,6.7075,10.2353
E0093,2026-03-04T00:00:00Z,10.7673,10.2257,9.9662,7.2756,7.4172,11.1478
E0094,2026-03-04T00:00:00Z,10.5266,9.3197,8.8534,8.0303,7.4421,8.4155
E0095,2026-03-04T00:00:00Z,12.1477,9.204,9.7775,8.4235,4.78,8.5657
E0096,2026-03-04T00:00:00Z,12.3046,8.1317,9.5161,6.6826,6.9353,9.2589
E0097,2026-03-04T00:00:00Z,10.995,7.1195,10.6611,7.1633,6.576,9.6568
E0098,2026-03-04T00:00:00Z,10.9938,8.8917,7.3437,8.7893,5.2751,10.8643
E0099,2026-03-04T00:00:00Z,10.8828,9.3646,8.8044,7.4649,6.5189,8.7693
E0100,2026-03-04T00:00:00Z,10.2487,9.6191,8.5656,7.1538,6.5864,9.8858
E0101,2026-03-04T00:00:00Z,12.2988,8.4997,7.2451,7.1723,6.8164,7.3186
E0102,2026-03-04T00:00:00Z,11.9272,6.8248,9.327,9.6156,6.8021,9.6113
E0103,2026-03-04T00:00:00Z,10.9537,7.2046,7.4775,7.5481,6.6926,10.9995
E0104,2026-03-04T00:00:00Z,11.0504,11.1243,10.4226,6.99,7.4112,7.7582
E0105,2026-03-04T00:00:00Z,12.8068,8.2157,7.4772,7.9466,6.6231,9.2063
E0106,2026-03-04T00:00:00Z,10.7912,9.3587,8.2215,7.7656,6.1271,10.3138
E0107,2026-03-04T00:00:00Z,10.9814,8.4572,8.1106,7.0954,5.7822,6.4326
E0108,2026-03-04T00:00:00Z,11.0256,10.0746,7.7124,8.9065,7.7317,12.3229
E0109,2026-03-04T00:00:00Z,10.9456,9.59,8.0177,8.5952,7.5316,9.8625
E0110,2026-03-04T00:00:00Z,11.6595,7.3197,7.705,8.5051,4.8133,8.5182
E0111,2026-03-04T00:00:00Z,11.4661,7.104,8.0763,7.5483,8.0216,9.3524
E0112,2026-03-04T00:00:00Z,10.503,8.3757,8.608,6.0638,7.434,10.6119
E0113,2026-03-04T00:00:00Z,11.4275,8.8156,6.4113,6.9366,4.9459,8.7049
E0114,2026-03-04T00:00:00Z,11.1864,8.1109,10.1112,7.3666,6.2671,9.2465
E0115,2026-03-04T00:00:00Z,10.0154,9.5188,8.9955,7.8607,6.3557,6.5329
E0116,2026-03-04T00:00:00Z,11.3621,11.2099,9.4964,9.691,8.1611,10.2976
E0117,2026-03-04T00:00:00Z,12.0132,10.1549,7.1538,6.8898,5.6588,7.1476
E0118,2026-03-04T00:00:00Z,10.69,8.1626,4.9545,5.6822,5.8388,8.1251
E0119,2026-03-04T00:00:00Z,10.3613,10.2811,9.3571,7.5069,7.1536,9.8118
E0120,2026-03-04T00:00:00Z,10.9824,8.3154,9.1319,8.1342,6.339,9.6657
E0121,2026-03-04T00:00:00Z,11.6046,8.6411,7.2094,7.1603,6.1349,11.4878
E0122,2026-03-04T00:00:00Z,10.1206,9.6043,10.9158,9.1313,7.0104,11.4808
E0123,2026-03-04T00:00:00Z,10.5575,8.3052,7.535,6.4752,8.0803,8.7792
E0124,2026-03-04T00:00:00Z,11.6723,8.1354,8.2961,7.656,5.6539,9.3963
E0125,2026-03-04T00:00:00Z,10.8069,7.9765,7.2126,7.2106,5.811,11.4622
E0126,2026-03-04T00:00:00Z,11.528,9.2774,7.4177,7.8413,7.6147,10.2326
E0127,2026-03-04T00:00:00Z,12.6218,8.1508,8.8005,7.1412,6.7099,9.9988
E0128,2026-03-04T00:00:00Z,10.3733,9.4849,6.7887,9.9067,7.5054,8.2762
E0129,2026-03-04T00:00:00Z,10.5697,10.8602,6.3952,7.8198,7.4997,10.8071
E0130,2026-03-04T00:00:00Z,10.6713,9.0524,6.7984,9.2906,5.8956,9.5382
E0131,2026-03-04T00:00:00Z,11.2106,7.8328,10.1779,6.0383,4.8021,11.758
E0132,2026-03-04T00:00:00Z,11.1612,8.2692,7.9929,8.4278,5.3719,8.0723
E0133,2026-03-04T00:00:00Z,10.5725,8.1516,8.5731,7.5844,5.8962,9.2924
E0134,2026-03-04T00:00:00Z,10.4826,11.9633,8.3313,7.036,5.0107,8.3848
E0135,2026-03-04T00:00:00Z,10.8864,8.991,8.2186,6.8872,5.0518,7.2148
E0136,2026-03-04T00:00:00Z,11.7148,10.0536,8.9719,7.0562,5.5798,9.8256
E0137,2026-03-04T00:00:00Z,11.0761,10.7243,8.1299,8.4174,4.983,8.549
E0138,2026-03-04T00:00:00Z,10.2065,8.9814,9.6176,7.6305,6.504,7.9801
E0139,2026-03-04T00:00:00Z,10.5763,8.7104,8.2933,5.0495,7.5058,8.5033
E0140,2026-03-04T00:00:00Z,12.2892,9.305,9.5638,7.0983,6.0667,10.2526
E0141,2026-03-04T00:00:00Z,11.7502,9.0113,8.1001,6.9215,5.5348,8.6267
E0142,2026-03-04T00:00:00Z,10.9748,8.9326,10.0751,8.0853,7.7993,9.8341
E0143,2026-03-04T00:00:00Z,11.5764,9.0566,8.574,8.0947,4.8635,12.5298
E0144,2026-03-04T00:00:00Z,11.2527,10.4849,9.08,6.9678,7.3123,11.376
E0145,2026-03-04T00:00:00Z,11.2991,10.6575,9.234,8.3618,5.9355,8.8224
E0146,2026-03-04T00:00:00Z,10.7406,7.7829,6.6991,7.2045,7.0177,11.0714
E0147,2026-03-04T00:00:00Z,10.5684,10.028,9.5706,6.6952,6.493,9.677
E0148,2026-03-04T00:00:00Z,11.7701,8.8947,8.6591,7.7683,5.9553,6.7976
E0149,2026-03-04T00:00:00Z,10.9184,8.0355,9.4218,8.6325,5.2807,11.3756
E0000,2026-03-05T00:00:00Z,12.005,7.8413,9.3706,7.3295,5.6563,9.4732
E0001,2026-03-05T00:00:00Z,9.8644,9.3416,9.2513,7.2365,6.9623,8.4673
E0002,2026-03-05T00:00:00Z,11.039,8.0274,8.3687,7.6304,6.0384,9.0231
E0003,2026-03-05T00:00:00Z,11.9,7.5291,7.0258,7.1631,6.6966,8.1812
E0004,2026-03-05T00:00:00Z,11.0209,9.0812,8.5187,6.1122,4.6884,6.7351
E0005,2026-03-05T00:00:00Z,11.6567,8.3287,8.5531,7.175,5.7669,9.2495
E0006,2026-03-05T00:00:00Z,11.1979,10.3685,8.5721,7.9306,8.0806,8.9324
E0007,2026-03-05T00:00:00Z,10.5083,10.5665,9.774,7.6619,5.6893,8.7275
E0008,2026-03-05T00:00:00Z,10.3394,7.646,10.3075,7.1064,5.9552,13.0823
E0009,2026-03-05T00:00:00Z,12.8142,9.1912,6.4297,6.2119,5.7381,12.2931
E0010,2026-03-05T00:00:00Z,10.1174,8.0777,7.9442,7.0149,6.8559,6.7304
E0011,2026-03-05T00:00:00Z,12.238,9.5895,7.5474,6.1779,6.8395,9.9361
E0012,2026-03-05T00:00:00Z,10.3019,7.7953,8.583,6.148,8.7861,10.031
E0013,2026-03-05T00:00:00Z,10.598,9.634,7.0489,7.4044,8.7199,10.0415
E0014,2026-03-05T00:00:00Z,11.4766,10.2907,7.53,7.0189,6.9728,10.7311
E0015,2026-03-05T00:00:00Z,10.0215,8.6159,7.796,8.3261,4.5028,11.0521
E0016,2026-03-05T00:00:00Z,10.4426,9.6483,8.0311,7.7923,4.8682,11.9742
E0017,2026-03-05T00:00:00Z,11.1453,9.0699,8.6753,8.0183,6.2642,9.0206
E0018,2026-03-05T00:00:00Z,9.1286,9.9484,8.8178,8.2673,5.3832,7.3616
E0019,2026-03-05T00:00:00Z,12.054,9.3365,8.4054,5.781,5.3365,5.9893
E0020,2026-03-05T00:00:00Z,10.6224,8.4052,7.5479,6.2151,5.2881,9.5904
E0021,2026-03-05T00:00:00Z,12.0276,9.6707,10.2041,8.8922,5.9585,12.8018
E0022,2026-03-05T00:00:00Z,10.9752,7.7714,7.9624,7.1641,5.9449,9.3938
E0023,2026-03-05T00:00:00Z,12.1137,9.2086,8.6894,7.5897,8.5511,9.2766
E0024,2026-03-05T00:00:00Z,11.7373,8.6518,8.5249,8.5748,4.7456,12.3921
E0025,2026-03-05T00:00:00Z,11.8478,9.0028,6.9401,5.4296,7.5511,8.9239
E0026,2026-03-05T00:00:00Z,11.2233,7.2584,8.7853,6.1091,6.738,9.3561
E0027,2026-03-05T00:00:00Z,12.3118,9.1303,6.8602,7.5584,5.5779,11.1944
E0028,2026-03-05T00:00:00Z,11.1309,9.1702,9.1565,7.6245,4.8082,10.8175
E0029,2026-03-05T00:00:00Z,12.92,8.5827,8.1686,6.1582,6.7938,8.7969
E0030,2026-03-05T00:00:00Z,12.0808,9.6393,9.1927,8.9303,6.8634,6.7995
E0031,2026-03-05T00:00:00Z,10.6727,9.309,6.878,6.5031,5.8331,11.4891
E0032,2026-03-05T00:00:00Z,10.5315,9.4692,11.3008,5.3771,6.0138,9.7656
E0033,2026-03-05T00:00:00Z,10.8379,9.1427,7.775,7.2234,5.5527,7.8323
E0034,2026-03-05T00:00:00Z,10.6586,7.8773,8.5865,9.4204,6.0987,10.4212
E0035,2026-03-05T00:00:00Z,11.0285,9.1408,9.5749,8.0558,4.4537,9.3829
E0036,2026-03-05T00:00:00Z,10.9632,8.4466,8.9951,5.8574,5.4149,12.1413
E0037,2026-03-05T00:00:00Z,12.3506,11.3819,8.7343,8.9168,3.6078,7.7869
E0038,2026-03-05T00:00:00Z,11.4698,7.7244,6.8699,8.628,6.577,8.0642
E0039,2026-03-05T00:00:00Z,11.655,9.9328,10.8327,7.6095,6.4326,9.2617
E0040,2026-03-05T00:00:00Z,11.6916,8.3039,8.8353,7.6869,4.6914,9.8769
E0041,2026-03-05T00:00:00Z,11.7727,7.5516,8.2201,7.2345,6.0164,12.4225
E0042,2026-03-05T00:00:00Z,11.0052,9.9977,6.4365,8.2676,7.3619,9.7693
E0043,2026-03-05T00:00:00Z,10.1032,8.5329,9.7703,6.4137,7.0521,9.8082
E0044,2026-03-05T00:00:00Z,10.5017,9.0554,9.4916,7.4275,7.1566,9.859
E0045,2026-03-05T00:00:00Z,12.5162,7.8146,9.5128,6.226,6.4654,9.862
E0046,2026-03-05T00:00:00Z,10.2048,8.8341,8.5107,7.1663,6.2815,13.9277
E0047,2026-03-05T00:00:00Z,11.8148,10.0194,6.6376,7.3674,6.8545,9.191
E0048,2026-03-05T00:00:00Z,11.9022,8.8153,7.1036,8.4151,7.3656,9.586
E0049,2026-03-05T00:00:00Z,11.235,8.465,10.0497,9.8852,6.6429,9.664
E0050,2026-03-05T00:00:00Z,12.4144,10.2659,8.8353,7.6019,4.7012,9.3029
E0051,2026-03-05T00:00:00Z,10.5414,10.4801,8.276,7.3783,5.6265,10.776
E0052,2026-03-05T00:00:00Z,10.7258,9.6914,7.8352,7.0063,6.7801,9.3303
E0053,2026-03-05T00:00:00Z,10.6033,10.2191,6.9769,7.122,6.1378,8.8298
E0054,2026-03-05T00:00:00Z,12.0412,9.1367,8.0443,7.8069,5.8467,8.907
E0055,2026-03-05T00:00:00Z,10.9343,10.2822,6.2961,6.7613,5.5501,9.6603
E0056,2026-03-05T00:00:00Z,11.4681,10.7193,9.0191,8.4071,5.9076,9.4375
E0057,2026-03-05T00:00:00Z,10.5468,9.6781,7.6579,7.7391,5.705,10.7109
E0058,2026-03-05T00:00:00Z,11.2651,8.6625,9.2694,7.034,6.1853,11.0982
E0059,2026-03-05T00:00:00Z,11.053,9.956,6.9688,9.4887,7.7788,9.6196
E0060,2026-03-05T00:00:00Z,11.6692,9.6179,9.0404,7.0059,5.6152,9.1313
E0061,2026-03-05T00:00:00Z,11.611,9.4902,7.9668,6.8721,7.1697,8.6431
E0062,2026-03-05T00:00:00Z,10.1904,8.9502,8.6582,9.2793,5.8884,8.9729
E0063,2026-03-05T00:00:00Z,9.6129,7.3865,9.0093,7.9699,5.9989,9.8057
E0064,2026-03-05T00:00:00Z,11.6256,10.6077,9.8121,8.0219,5.009,8.4159
E0065,2026-03-05T00:00:00Z,10.8232,9.577,9.1334,6.2808,7.5572,9.3613
E0066,2026-03-05T00:00:00Z,11.5218,8.5201,8.1963,7.9861,6.7163,9.3402
E0067,2026-03-05T00:00:00Z,10.9525,10.5314,5.8549,8.1123,6.7791,8.3568
E0068,2026-03-05T00:00:00Z,11.0604,10.6564,8.3824,7.5617,6.4614,8.7958
E0069,2026-03-05T00:00:00Z,10.3094,8.6906,8.6522,9.6294,5.4296,11.054
E0070,2026-03-05T00:00:00Z,11.396,8.8123,7.5825,8.1361,6.3689,10.0817
E0071,2026-03-05T00:00:00Z,11.7622,10.1144,9.9258,9.1527,6.994,11.7362
E0072,2026-03-05T00:00:00Z,10.992,10.1866,9.6441,8.2067,6.8427,9.939
E0073,2026-03-05T00:00:00Z,10.2097,9.7613,10.063,7.2017,5.8878,11.2834
E0074,2026-03-05T00:00:00Z,12.8968,8.9032,8.7063,7.4547,5.2785,11.466
E0075,2026-03-05T00:00:00Z,12.7568,8.1455,9.8609,7.0497,6.8243,10.0649
E0076,2026-03-05T00:00:00Z,11.7294,8.9724,7.3361,8.0079,7.3769,6.875
E0077,2026-03-05T00:00:00Z,10.6347,8.3306,7.7874,6.8002,6.1846,9.1005
E0078,2026-03-05T00:00:00Z,10.344,9.065,9.8429,7.9224,5.7371,10.0041
E0079,2026-03-05T00:00:00Z,11.2873,9.6146,6.8853,7.1403,7.6564,8.9522
E0080,2026-03-05T00:00:00Z,10.6002,10.2147,5.6814,7.514,6.9403,8.8705
E0081,2026-03-05T00:00:00Z,10.5935,8.1867,9.8957,8.2419,6.0496,8.1545
E0082,2026-03-05T00:00:00Z,12.5802,8.2253,8.7447,8.0815,4.9058,7.4246
E0083,2026-03-05T00:00:00Z,11.1096,9.1184,7.9396,6.6145,6.7096,9.9714
E0084,2026-03-05T00:00:00Z,9.6361,7.5815,8.6302,6.5618,6.0436,9.4307
E0085,2026-03-05T00:00:00Z,10.5955,7.486,7.6595,7.8528,5.8402,8.7446
E0086,2026-03-05T00:00:00Z,10.7935,10.4993,8.6,6.988,7.0066,10.9698
E0087,2026-03-05T00:00:00Z,10.1103,7.511,7.5809,6.8366,6.3246,10.6296
E0088,2026-03-05T00:00:00Z,11.1923,8.5007,8.1014,8.3057,5.9527,9.6319
E0089,2026-03-05T00:00:00Z,10.7024,7.7936,8.8158,8.0605,8.4374,11.7626
E0090,2026-03-05T00:00:00Z,12.871,9.8993,9.0175,7.918,5.501,10.6175
E0091,2026-03-05T00:00:00Z,10.2913,9.5115,8.643,8.0869,5.8811,9.7682
E0092,2026-03-05T00:00:00Z,11.753,10.2121,7.9311,7.9792,7.2375,10.3739
E0093,2026-03-05T00:00:00Z,11.8619,7.9576,8.8084,6.8766,5.649,11.3838
E0094,2026-03-05T00:00:00Z,10.9585,8.743,7.3703,7.1484,3.8384,10.511
E0095,2026-03-05T00:00:00Z,11.2477,8.2579,6.9841,7.8258,5.7488,9.5492
E0096,2026-03-05T00:00:00Z,11.396,10.3204,8.3932,7.1035,7.4946,7.45
E0097,2026-03-05T00:00:00Z,9.9346,8.5653,9.0921,7.9547,6.1906,11.8223
E0098,2026-03-05T00:00:00Z,11.1786,10.984,9.3425,7.241,6.5154,10.213
E0099,2026-03-05T00:00:00Z,11.3167,9.5218,7.0274,7.7551,6.6505,10.1659
E0100,2026-03-05T00:00:00Z,12.3549,7.8474,5.9239,9.0009,5.9904,11.3128
E0101,2026-03-05T00:00:00Z,12.3839,9.849,8.0423,8.0481,6.151,11.4497
E0102,2026-03-05T00:00:00Z,11.5628,8.2613,9.4435,7.5761,7.3365,8.373
E0103,2026-03-05T00:00:00Z,9.9574,9.5942,7.7263,7.3645,7.0458,7.4793
E0104,2026-03-05T00:00:00Z,10.1312,9.3639,8.5173,6.5963,6.1928,8.8309
E0105,2026-03-05T00:00:00Z,12.0093,9.9468,9.6722,8.247,6.2354,8.7984
E0106,2026-03-05T00:00:00Z,10.8594,8.2496,8.8168,8.0266,7.1067,9.276
E0107,2026-03-05T00:00:00Z,11.5243,8.8489,10.5032,6.8458,7.3562,10.1856
E0108,2026-03-05T00:00:00Z,9.953,8.6904,7.337,8.8822,7.6583,8.6704
E0109,2026-03-05T00:00:00Z,11.082,10.4932,9.7869,6.8465,4.8468,9.6965
E0110,2026-03-05T00:00:00Z,10.7369,8.8157,8.4141,6.4745,7.3432,8.7499
E0111,2026-03-05T00:00:00Z,11.8731,9.6705,9.7157,7.4051,5.2183,9.0673
E0112,2026-03-05T00:00:00Z,10.8125,9.9659,8.5227,6.5363,5.9995,10.3967
E0113,2026-03-05T00:00:00Z,10.5669,8.3508,7.9324,9.5384,4.2487,9.5622
E0114,2026-03-05T00:00:00Z,10.8278,8.5649,7.5568,7.5443,9.0658,7.0035
E0115,2026-03-05T00:00:00Z,11.8069,9.3893,8.7211,7.7043,7.3902,8.6845
E0116,2026-03-05T00:00:00Z,12.2599,6.6935,8.7766,7.3731,5.4177,10.4852
E0117,2026-03-05T00:00:00Z,11.2742,8.3911,8.7155,8.0161,5.7279,7.774
E0118,2026-03-05T00:00:00Z,10.1779,8.9235,10.1217,6.5954,5.9717,7.4659
E0119,2026-03-05T00:00:00Z,10.7639,9.0518,8.3629,7.5627,7.4399,8.7301
E0120,2026-03-05T00:00:00Z,12.8273,10.9809,7.9352,6.7143,6.2458,8.7322
E0121,2026-03-05T00:00:00Z,12.428,7.4692,10.3581,8.8418,5.1827,7.4003
E0122,2026-03-05T00:00:00Z,10.3558,8.6157,7.1908,6.8381,6.4306,13.0905
E0123,2026-03-05T00:00:00Z,10.3846,9.3723,8.4851,7.2632,8.9794,9.4846
E0124,2026-03-05T00:00:00Z,11.3661,8.0736,8.8385,7.3676,7.0225,9.1943
E0125,2026-03-05T00:00:00Z,11.0333,8.5994,8.003,7.2471,7.9771,8.3806
E0126,2026-03-05T00:00:00Z,11.3004,10.4857,8.2951,7.3403,7.3937,8.615
E0127,2026-03-05T00:00:00Z,12.2302,9.0199,9.0693,6.3439,8.0024,6.9522
E0128,2026-03-05T00:00:00Z,10.278,9.5271,11.3491,6.381,6.684,10.8382
E0129,2026-03-05T00:00:00Z,10.492,10.5025,9.8941,8.1864,4.8807,9.7016
E0130,2026-03-05T00:00:00Z,11.6253,9.9784,9.1636,8.2883,6.2734,9.9463
E0131,2026-03-05T00:00:00Z,12.0931,7.6032,7.3073,8.0834,6.1211,11.4649
E0132,2026-03-05T00:00:00Z,11.443,9.3084,8.6512,7.2711,6.2756,10.1653
E0133,2026-03-05T00:00:00Z,12.2154,9.9149,6.3856,7.3723,6.4146,9.3134
E0134,2026-03-05T00:00:00Z,12.2374,9.2014,8.9494,6.9838,5.9759,8.6415
E0135,2026-03-05T00:00:00Z,11.1504,7.0307,8.5334,7.7117,6.5608,10.2018
E0136,2026-03-05T00:00:00Z,10.9664,9.1138,10.539,9.1697,7.8341,13.6546
E0137,2026-03-05T00:00:00Z,10.9275,8.8255,6.4345,6.6588,5.3372,8.9578
E0138,2026-03-05T00:00:00Z,11.1258,8.1054,6.8907,7.7504,7.7642,12.8459
E0139,2026-03-05T00:00:00Z,11.1776,11.1447,8.1112,7.5322,5.9051,9.1552
E0140,2026-03-05T00:00:00Z,11.1148,10.0899,9.526,9.4044,5.7229,9.5325
E0141,2026-03-05T00:00:00Z,12.3743,9.4582,9.0418,7.0447,6.7899,7.8277
E0142,2026-03-05T00:00:00Z,11.274,9.3761,8.2719,7.674,7.7219,6.3344
E0143,2026-03-05T00:00:00Z,10.8137,9.9898,8.9215,6.1366,7.1889,8.4131
E0144,2026-03-05T00:00:00Z,12.1749,8.6575,10.0458,7.4708,7.835,10.3146
E0145,2026-03-05T00:00:00Z,10.976,9.0637,8.926,9.4243,6.0494,9.8382
E0146,2026-03-05T00:00:00Z,12.1504,7.9084,7.2424,8.4938,5.895,9.3858
E0147,2026-03-05T00:00:00Z,11.7446,8.6842,6.5569,8.6245,7.4372,11.8872
E0148,2026-03-05T00:00:00Z,10.7461,8.1431,7.4715,6.7224,6.7995,6.9532
E0149,2026-03-05T00:00:00Z,12.2622,8.5587,10.1709,6.5459,6.184,8.2145
E0000,2026-03-06T00:00:00Z,10.8166,9.2687,9.541,8.5623,6.0547,11.2725
E0001,2026-03-06T00:00:00Z,12.3588,9.8589,9.943,6.8152,7.3203,11.7502
E0002,2026-03-06T00:00:00Z,10.1233,8.0891,8.5615,8.1381,6.4316,6.9841
E0003,2026-03-06T00:00:00Z,11.4097,8.932,8.3692,8.8294,5.7319,9.5017
E0004,2026-03-06T00:00:00Z,10.5959,10.9539,8.3194,5.6007,7.4862,9.2225
E0005,2026-03-06T00:00:00Z,11.734,8.2536,7.0587,6.0352,7.2085,7.9556
E0006,2026-03-06T00:00:00Z,11.9742,8.5085,8.6256,8.4165,5.3663,8.1346
E0007,2026-03-06T00:00:00Z,10.5806,8.6529,6.6047,7.0682,7.2921,9.7674
E0008,2026-03-06T00:00:00Z,12.5815,9.5061,8.7611,8.605,7.6609,12.3254
E0009,2026-03-06T00:00:00Z,11.9838,7.8276,8.2745,7.3078,5.4803,9.9259
E0010,2026-03-06T00:00:00Z,11.8639,10.6911,7.8228,8.5601,5.4051,11.5989
E0011,2026-03-06T00:00:00Z,11.3927,9.5281,7.7902,6.5196,8.1452,10.7394
E0012,2026-03-06T00:00:00Z,11.3669,9.6559,9.3265,6.9592,6.1436,8.2978
E0013,2026-03-06T00:00:00Z,10.0368,9.7679,6.7279,9.1018,6.7126,11.1605
E0014,2026-03-06T00:00:00Z,11.381,9.9169,9.3218,7.6126,6.8014,11.6809
E0015,2026-03-06T00:00:00Z,11.0378,9.6809,8.694,8.6917,6.4825,6.7552
E0016,2026-03-06T00:00:00Z,11.17,9.0486,7.7177,7.2203,5.8942,9.1319
E0017,2026-03-06T00:00:00Z,11.0441,8.5355,5.6117,8.8721,4.4842,7.6007
E0018,2026-03-06T00:00:00Z,10.3216,10.8225,8.8822,6.9319,4.8915,8.8958
E0019,2026-03-06T00:00:00Z,12.6863,9.3982,7.8054,5.9652,7.7055,6.7666
E0020,2026-03-06T00:00:00Z,11.7117,10.1541,5.3842,6.7268,6.6024,9.1629
E0021,2026-03-06T00:00:00Z,12.194,10.733,6.1029,6.2558,6.6548,9.4023
E0022,2026-03-06T00:00:00Z,11.0691,9.5615,6.4936,5.7396,5.3683,12.542
E0023,2026-03-06T00:00:00Z,11.7632,10.5423,8.8668,7.4561,6.1618,9.9946
E0024,2026-03-06T00:00:00Z,10.832,9.889,6.4586,7.2988,5.6578,9.7066
E0025,2026-03-06T00:00:00Z,11.3258,8.0721,7.4445,6.4258,6.7716,8.463
E0026,2026-03-06T00:00:00Z,10.4074,9.2604,8.8524,7.4462,6.1181,10.904
E0027,2026-03-06T00:00:00Z,12.0348,10.2447,8.575,7.1629,5.5245,9.7288
E0028,2026-03-06T00:00:00Z,11.7791,9.3649,8.6834,9.5093,7.1725,8.2794
E0029,2026-03-06T00:00:00Z,12.334,8.8048,9.9775,7.0397,7.4931,11.5331
E0030,2026-03-06T00:00:00Z,11.3181,10.9646,9.9511,6.3815,7.4257,12.8873
E0031,2026-03-06T00:00:00Z,11.3114,7.9758,8.7553,9.2338,6.6926,12.2557
E0032,2026-03-06T00:00:00Z,10.3996,8.9664,7.7412,8.7224,5.2353,10.2455
E0033,2026-03-06T00:00:00Z,10.3294,8.8488,10.0117,5.7118,6.8862,10.8995
E0034,2026-03-06T00:00:00Z,10.7852,9.2311,7.6925,8.2378,5.7102,7.7719
E0035,2026-03-06T00:00:00Z,11.8705,8.5169,8.7722,6.9871,5.7544,9.1977
E0036,2026-03-06T00:00:00Z,10.3019,8.6182,7.6382,7.5698,5.2841,11.8077
E0037,2026-03-06T00:00:00Z,11.5898,9.6256,10.0549,7.9209,7.6301,6.9381
E0038,2026-03-06T00:00:00Z,12.0139,11.0099,8.7856,7.3329,7.0195,9.1424
E0039,2026-03-06T00:00:00Z,9.4128,9.0138,8.0141,8.7872,7.5406,11.7806
E0040,2026-03-06T00:00:00Z,10.3842,10.1421,7.9568,7.1379,7.3185,10.8069
E0041,2026-03-06T00:00:00Z,11.2702,9.7644,9.4467,8.159,6.0923,8.2658
E0042,2026-03-06T00:00:00Z,10.585,7.0408,7.9854,7.625,5.9841,11.0434
E0043,2026-03-06T00:00:00Z,11.3808,9.4705,8.1054,7.9384,4.8947,12.6046
E0044,2026-03-06T00:00:00Z,11.4274,9.5377,7.5001,6.3469,7.9354,8.6828
E0045,2026-03-06T00:00:00Z,11.816,10.5682,8.9595,9.2801,7.5557,10.9012
E0046,2026-03-06T00:00:00Z,11.2435,9.5558,9.5112,8.3008,6.5749,8.9817
E0047,2026-03-06T00:00:00Z,10.8971,10.5683,7.9228,8.1755,5.2688,10.2674
E0048,2026-03-06T00:00:00Z,11.4477,9.3934,9.3689,7.5004,6.2605,10.2098
E0049,2026-03-06T00:00:00Z,11.9107,10.7602,7.6987,8.2901,6.264,9.7051
E0050,2026-03-06T00:00:00Z,10.4358,8.9319,8.3004,7.5611,7.4721,9.9768
E0051,2026-03-06T00:00:00Z,10.6379,9.4287,9.6565,6.9523,6.6494,10.0923
E0052,2026-03-06T00:00:00Z,10.3852,8.8224,8.1112,7.6166,5.6615,12.2618
E0053,2026-03-06T00:00:00Z,11.9535,10.657,7.3527,8.1763,6.0353,10.6358
E0054,2026-03-06T00:00:00Z,10.3937,7.7904,10.804,8.6401,7.9165,8.3683
E0055,2026-03-06T00:00:00Z,10.5211,9.1022,8.1832,8.0109,7.2824,9.3474
E0056,2026-03-06T00:00:00Z,10.3437,10.1969,8.6175,7.7821,5.4045,7.2918
E0057,2026-03-06T00:00:00Z,10.1391,10.7981,9.7009,6.961,5.3373,7.5528
E0058,2026-03-06T00:00:00Z,10.0451,8.2461,8.9462,6.0475,6.6624,9.8105
E0059,2026-03-06T00:00:00Z,11.223,7.4446,10.2067,7.3043,6.1621,9.1671
E0060,2026-03-06T00:00:00Z,10.5207,8.8217,8.4655,7.3367,6.2455,10.4366
E0061,2026-03-06T00:00:00Z,11.0838,7.2203,8.0936,7.4032,5.8259,9.632
E0062,2026-03-06T00:00:00Z,10.4796,8.4725,9.576,7.6229,6.6354,9.5418
E0063,2026-03-06T00:00:00Z,10.4393,8.8344,9.6342,6.1618,6.4602,10.0785
E0064,2026-03-06T00:00:00Z,10.0704,9.0113,8.1771,6.5858,5.986,10.2775
E0065,2026-03-06T00:00:00Z,10.8642,5.4937,9.7062,8.6736,8.3955,9.7308
E0066,2026-03-06T00:00:00Z,10.7021,7.1376,9.6513,7.4028,6.798,10.0577
E0067,2026-03-06T00:00:00Z,11.7563,9.2842,8.3438,7.8587,6.6013,8.3736
E0068,2026-03-06T00:00:00Z,12.3465,10.5293,7.9415,5.3593,4.8926,9.5009
E0069,2026-03-06T00:00:00Z,11.8286,8.6695,8.7737,7.2392,5.8206,10.3542
E0070,2026-03-06T00:00:00Z,10.8251,8.2477,6.9712,8.4099,6.0332,8.4138
E0071,2026-03-06T00:00:00Z,10.6912,9.023,7.6182,5.7159,7.1768,5.9253
E0072,2026-03-06T00:00:00Z,10.1672,9.2591,8.2815,7.6097,7.4578,11.5142
E0073,2026-03-06T00:00:00Z,11.9736,9.0216,9.5586,6.3897,7.0392,9.8538
E0074,2026-03-06T00:00:00Z,10.8327,8.9248,7.3567,7.5688,7.1304,8.9713
E0075,2026-03-06T00:00:00Z,10.6172,7.9495,8.3897,7.7334,5.9553,9.798
E0076,2026-03-06T00:00:00Z,12.2822,8.5653,9.9498,8.7942,5.5864,9.5027
E0077,2026-03-06T00:00:00Z,9.5984,9.6902,8.1538,8.5333,5.0029,9.8963
E0078,2026-03-06T00:00:00Z,12.7988,8.0437,9.5182,7.8519,7.9353,8.3119
E0079,2026-03-06T00:00:00Z,12.0441,8.3381,8.5323,7.8779,5.8867,7.3909
E0080,2026-03-06T00:00:00Z,10.9501,10.4501,5.7804,7.0049,7.0868,9.5072
E0081,2026-03-06T00:00:00Z,11.7665,10.1047,8.2495,6.8793,7.2196,11.1602
E0082,2026-03-06T00:00:00Z,10.839,9.9917,7.9919,5.7736,5.7848,10.8469
E0083,2026-03-06T00:00:00Z,10.9899,9.0428,8.6567,5.8474,7.2547,9.1996
E0084,2026-03-06T00:00:00Z,9.9591,9.5551,8.9213,8.4633,6.6827,11.3134
E0085,2026-03-06T00:00:00Z,10.3703,8.6004,6.2869,8.1122,7.6412,10.9463
E0086,2026-03-06T00:00:00Z,11.525,11.5173,9.1127,8.3996,7.2348,13.1797
E0087,2026-03-06T00:00:00Z,10.0045,7.6365,8.8862,6.7028,6.4527,10.9451
E0088,2026-03-06T00:00:00Z,11.5562,8.1742,9.6092,7.5626,6.2511,9.8334
E0089,2026-03-06T00:00:00Z,10.8127,7.9933,9.5283,7.4533,7.2345,9.5449
E0090,2026-03-06T00:00:00Z,11.0656,10.2116,9.6991,5.3201,5.8219,9.7095
E0091,2026-03-06T00:00:00Z,11.0174,7.8435,8.2568,8.6469,6.9508,12.1844
E0092,2026-03-06T00:00:00Z,10.8785,9.4521,8.0157,7.4534,5.6264,9.8077
E0093,2026-03-06T00:00:00Z,11.2618,7.3367,9.2323,6.5084,5.3536,9.402
E0094,2026-03-06T00:00:00Z,11.8428,8.5305,7.6341,8.08,6.2126,10.4315
E0095,2026-03-06T00:00:00Z,10.9862,8.1097,7.4011,6.5356,8.2288,9.4833
E0096,2026-03-06T00:00:00Z,10.9595,8.2427,9.0925,6.8801,5.6702,6.8407
E0097,2026-03-06T00:00:00Z,11.0612,8.8763,8.4147,6.5144,7.0642,10.2761
E0098,2026-03-06T00:00:00Z,11.8995,9.102,7.6514,7.2997,5.3887,7.657
E0099,2026-03-06T00:00:00Z,10.5147,9.0077,9.6214,7.1012,4.5843,11.0844
E0100,2026-03-06T00:00:00Z,11.3435,8.1252,10.0409,7.1098,7.5249,8.0931
E0101,2026-03-06T00:00:00Z,11.584,8.8642,9.0401,7.8774,5.461,10.9957
E0102,2026-03-06T00:00:00Z,10.7236,8.8104,8.0706,7.7916,5.9796,10.0598
E0103,2026-03-06T00:00:00Z,11.311,11.3134,10.5368,7.6669,6.2658,10.4052
E0104,2026-03-06T00:00:00Z,12.4135,9.7482,8.7378,8.1607,5.766,10.8287
E0105,2026-03-06T00:00:00Z,11.3467,9.8228,9.0442,8.631,6.5999,9.5311
E0106,2026-03-06T00:00:00Z,11.1373,7.852,8.776,8.5304,7.0098,9.1502
E0107,2026-03-06T00:00:00Z,10.8531,8.8537,9.2747,7.9227,6.1176,9.9156
E0108,2026-03-06T00:00:00Z,12.0319,9.5289,9.9436,7.3522,6.4499,13.5618
E0109,2026-03-06T00:00:00Z,10.2927,10.0685,6.9845,7.3284,4.5574,9.7517
E0110,2026-03-06T00:00:00Z,11.0852,7.7985,9.4795,6.9994,5.9278,10.187
E0111,2026-03-06T00:00:00Z,11.8097,8.0828,7.5678,5.9793,6.5838,10.6939
E0112,2026-03-06T00:00:00Z,11.5177,7.2254,8.2896,7.6667,5.3082,5.7837
E0113,2026-03-06T00:00:00Z,11.3151,10.0252,8.0685,8.2729,7.0974,8.4956
E0114,2026-03-06T00:00:00Z,10.8522,9.3454,8.3766,7.6769,7.51,8.057
E0115,2026-03-06T00:00:00Z,11.036,8.7537,8.2372,6.1178,6.4424,11.1206
E0116,2026-03-06T00:00:00Z,11.4153,8.1342,8.4214,8.3063,6.3803,9.626
E0117,2026-03-06T00:00:00Z,10.8846,9.5454,9.3859,9.6277,7.5457,10.359
E0118,2026-03-06T00:00:00Z,11.0444,9.8086,6.5062,7.0181,6.1436,11.6038
E0119,2026-03-06T00:00:00Z,12.4264,7.9137,10.0113,7.5051,7.197,8.5308
E0120,2026-03-06T00:00:00Z,10.3718,8.0741,9.8297,7.7615,6.6078,11.2433
E0121,2026-03-06T00:00:00Z,11.75,8.6392,7.9809,6.641,5.3431,8.5499
E0122,2026-03-06T00:00:00Z,11.0536,8.3688,8.375,6.7555,6.5158,8.0241
E0123,2026-03-06T00:00:00Z,12.2901,7.1115,8.2566,6.8851,5.7405,8.8088
E0124,2026-03-06T00:00:00Z,11.3232,8.5242,7.9471,9.5923,5.5317,12.1234
E0125,2026-03-06T00:00:00Z,9.618,10.8196,6.6488,7.3162,6.3761,8.3128
E0126,2026-03-06T00:00:00Z,11.4325,9.4603,6.6015,7.4489,5.7631,9.3815
E0127,2026-03-06T00:00:00Z,11.7179,8.9202,8.3843,5.48,7.0447,12.3682
E0128,2026-03-06T00:00:00Z,12.1877,7.9015,8.1112,7.9188,5.8269,9.012
E0129,2026-03-06T00:00:00Z,11.3988,10.0563,8.6951,6.4795,5.6668,8.2914
E0130,2026-03-06T00:00:00Z,10.8067,9.3913,9.0503,7.706,6.9026,11.3421
E0131,2026-03-06T00:00:00Z,10.7927,9.4167,9.586,7.7217,6.0146,9.7411
E0132,2026-03-06T00:00:00Z,12.0233,10.0688,8.4909,6.1224,5.3624,9.1263
E0133,2026-03-06T00:00:00Z,10.8423,8.5499,7.6977,6.6315,6.4552,9.7508
E0134,2026-03-06T00:00:00Z,10.8382,10.1016,7.5066,10.2685,5.9888,9.9511
E0135,2026-03-06T00:00:00Z,12.5949,9.1885,9.1692,7.7674,7.2549,9.2066
E0136,2026-03-06T00:00:00Z,11.7099,8.0551,8.3964,6.7246,6.3196,12.4542
E0137,2026-03-06T00:00:00Z,12.1227,10.6399,7.8768,8.006,7.8404,10.9637
E0138,2026-03-06T00:00:00Z,11.1179,7.2879,8.7018,5.5796,6.0312,10.014
E0139,2026-03-06T00:00:00Z,11.8541,8.0528,8.4496,7.6725,6.634,9.0927
E0140,2026-03-06T00:00:00Z,12.2726,9.1664,7.8005,8.5659,6.3317,8.0105
E0141,2026-03-06T00:00:00Z,11.0246,8.2426,7.6139,7.5468,7.2771,10.1808
E0142,2026-03-06T00:00:00Z,11.2022,10.5848,8.8919,7.1268,5.4396,10.4538
E0143,2026-03-06T00:00:00Z,11.4077,10.1972,6.4191,8.1703,6.6286,8.3079
E0144,2026-03-06T00:00:00Z,11.4271,11.4972,9.8736,6.6936,5.286,10.5892
E0145,2026-03-06T00:00:00Z,10.1809,8.4924,7.8448,8.0414,6.377,8.2326
E0146,2026-03-06T00:00:00Z,9.9597,8.5147,7.9705,9.307,5.6878,8.4751
E0147,2026-03-06T00:00:00Z,11.98,8.7922,7.7799,8.5908,5.5307,11.6975
E0148,2026-03-06T00:00:00Z,11.1594,9.0004,7.4141,8.9285,4.7016,9.6882
E0149,2026-03-06T00:00:00Z,10.0233,10.3264,8.7961,7.3768,6.9561,10.0255
E0000,2026-03-07T00:00:00Z,10.836,8.5204,7.147,7.418,6.3576,10.7041
E0001,2026-03-07T00:00:00Z,13.1317,10.7635,8.5107,8.6241,6.0579,8.4646
E0002,2026-03-07T00:00:00Z,11.2321,8.8697,8.8557,7.2462,5.4032,8.3072
E0003,2026-03-07T00:00:00Z,10.4148,7.6393,5.5674,6.7703,8.5792,11.1634
E0004,2026-03-07T00:00:00Z,11.1304,7.7814,9.3403,7.7809,5.8161,12.1817
E0005,2026-03-07T00:00:00Z,10.9397,9.9856,6.1133,6.9474,6.7727,9.3505
E0006,2026-03-07T00:00:00Z,10.8477,8.0284,5.9086,8.7338,6.6096,11.3409
E0007,2026-03-07T00:00:00Z,11.0407,9.1299,6.6942,6.7304,5.5228,8.6485
E0008,2026-03-07T00:00:00Z,10.9289,8.335,7.9941,7.3225,5.9382,11.0101
E0009,2026-03-07T00:00:00Z,11.4121,11.3959,6.3238,8.4607,6.2331,9.0582
E0010,2026-03-07T00:00:00Z,10.5644,11.0953,7.922,7.8527,7.0536,10.3651
E0011,2026-03-07T00:00:00Z,11.632,8.1665,7.8298,8.8905,6.7124,9.6451
E0012,2026-03-07T00:00:00Z,10.0778,9.8076,8.8957,6.9406,6.1895,8.8994
E0013,2026-03-07T00:00:00Z,11.7751,8.267,6.2292,8.8927,6.1917,7.9176
E0014,2026-03-07T00:00:00Z,10.6869,8.309,8.157,7.178,4.8793,10.2913
E0015,2026-03-07T00:00:00Z,10.7556,10.6894,8.5628,8.1214,7.0113,9.8428
E0016,2026-03-07T00:00:00Z,11.0132,9.155,6.6832,8.1182,8.0062,7.0624
E0017,2026-03-07T00:00:00Z,10.5279,7.2652,7.8776,6.4563,5.4946,9.1739
E0018,2026-03-07T00:00:00Z,11.0468,8.8081,11.1639,6.3925,6.9967,7.8771
E0019,2026-03-07T00:00:00Z,10.7946,8.9127,8.0821,7.0616,6.9652,9.1006
E0020,2026-03-07T00:00:00Z,11.5376,9.5142,8.624,8.2663,5.0833,8.6016
E0021,2026-03-07T00:00:00Z,10.8197,8.3677,8.785,8.3853,7.0811,8.0455
E0022,2026-03-07T00:00:00Z,10.8092,10.7687,7.7118,7.0548,5.1221,10.4884
E0023,2026-03-07T00:00:00Z,12.2267,8.5118,7.9506,7.6304,6.4476,7.8334
E0024,2026-03-07T00:00:00Z,11.1039,7.7134,8.2795,7.4757,3.8076,10.1642
E0025,2026-03-07T00:00:00Z,10.0453,8.5314,6.5857,8.1857,6.3189,11.3216
E0026,2026-03-07T00:00:00Z,12.1432,10.9326,7.9627,7.8354,6.8563,9.2914
E0027,2026-03-07T00:00:00Z,11.9281,7.7169,10.3895,8.9437,7.5669,7.4585
E0028,2026-03-07T00:00:00Z,11.0152,8.0618,7.812,5.9708,5.292,8.8806
E0029,2026-03-07T00:00:00Z,11.7488,9.8008,7.8469,6.6868,7.3494,9.3525
E0030,2026-03-07T00:00:00Z,10.653,8.2547,9.2318,7.9487,5.8838,10.2615
E0031,2026-03-07T00:00:00Z,11.1868,7.9361,9.2299,5.7441,6.1466,8.9787
E0032,2026-03-07T00:00:00Z,10.4449,10.2344,7.9874,7.5117,6.7431,9.5854
E0033,2026-03-07T00:00:00Z,11.1438,10.3059,9.8405,8.4249,5.9239,9.8746
E0034,2026-03-07T00:00:00Z,10.5435,8.135,7.5544,8.3328,6.7776,11.5043
E0035,2026-03-07T00:00:00Z,10.263,9.6945,9.5861,6.7375,7.4165,13.4102
E0036,2026-03-07T00:00:00Z,11.1919,9.285,7.6851,8.2117,7.3134,9.4348
E0037,2026-03-07T00:00:00Z,10.3672,8.7104,6.6144,8.9181,6.2509,11.9765
E0038,2026-03-07T00:00:00Z,9.0319,8.162,9.7422,7.3227,6.3142,10.9687
E0039,2026-03-07T00:00:00Z,11.6006,8.07,9.5305,7.4755,6.3258,11.2752
E0040,2026-03-07T00:00:00Z,10.4182,10.0537,7.5115,6.6273,6.1295,10.1695
E0041,2026-03-07T00:00:00Z,11.6978,9.2633,6.3728,7.4893,8.7691,10.5409
E0042,2026-03-07T00:00:00Z,12.2165,9.8692,8.5507,7.8685,7.347,8.3043
E0043,2026-03-07T00:00:00Z,11.6473,7.4946,8.7065,6.9702,7.1679,8.9875
E0044,2026-03-07T00:00:00Z,11.581,9.3122,7.5414,5.4176,6.3555,8.9528
E0045,2026-03-07T00:00:00Z,10.6713,9.0876,7.564,7.599,7.376,8.036
E0046,2026-03-07T00:00:00Z,11.8523,9.431,9.7732,7.5201,6.2046,9.9603
E0047,2026-03-07T00:00:00Z,10.8944,9.2228,9.4068,5.1345,6.8017,11.1785
E0048,2026-03-07T00:00:00Z,11.611,7.405,8.2815,7.6166,5.9099,5.1552
E0049,2026-03-07T00:00:00Z,11.7901,7.7429,9.1698,8.0003,5.6534,9.9999
E0050,2026-03-07T00:00:00Z,11.2342,9.7479,7.9706,7.0393,4.2445,10.3548
E0051,2026-03-07T00:00:00Z,12.4184,8.0275,8.5152,6.6772,8.4848,10.8488
E0052,2026-03-07T00:00:00Z,11.2313,9.3647,10.3988,6.1466,6.1252,7.219
E0053,2026-03-07T00:00:00Z,10.223,10.1966,8.5791,9.554,4.8203,8.0153
E0054,2026-03-07T00:00:00Z,10.5789,7.9215,10.5382,9.2339,5.6182,8.9313
E0055,2026-03-07T00:00:00Z,10.4193,10.1057,9.1021,7.2069,6.1017,10.0144
E0056,2026-03-07T00:00:00Z,11.1603,10.3056,8.8173,7.3167,5.1791,9.2261
E0057,2026-03-07T00:00:00Z,10.5954,10.9327,9.2976,7.5729,6.1522,10.3288
E0058,2026-03-07T00:00:00Z,10.0071,7.7653,9.5064,9.6337,7.7266,10.4063
E0059,2026-03-07T00:00:00Z,11.9492,9.8437,7.2598,5.9819,4.0947,8.3095
E0060,2026-03-07T00:00:00Z,10.2361,9.5207,8.9679,7.2087,6.4282,9.9618
E0061,2026-03-07T00:00:00Z,11.7801,9.1135,10.4528,5.9118,7.6923,7.7283
E0062,2026-03-07T00:00:00Z,11.0367,9.4643,8.7956,7.3854,6.5907,8.2124
E0063,2026-03-07T00:00:00Z,10.7703,9.8175,8.95,5.9466,5.8748,10.0844
E0064,2026-03-07T00:00:00Z,10.9934,9.1106,8.381,5.7376,5.6927,9.345
E0065,2026-03-07T00:00:00Z,10.1072,9.5748,8.4834,5.9349,4.951,10.8656
E0066,2026-03-07T00:00:00Z,12.3209,7.7759,8.5672,6.2614,5.7531,8.4518
E0067,2026-03-07T00:00:00Z,10.2696,10.1049,10.0387,7.7617,7.0368,11.1285
E0068,2026-03-07T00:00:00Z,11.4481,10.4332,8.5077,7.7376,8.0703,9.2722
E0069,2026-03-07T00:00:00Z,11.3399,10.3173,6.8272,4.8612,5.9772,11.3003
E0070,2026-03-07T00:00:00Z,10.5819,11.0347,9.0048,8.1039,7.0688,10.7668
E0071,2026-03-07T00:00:00Z,11.5359,7.8121,8.9808,7.1463,5.7748,8.8551
E0072,2026-03-07T00:00:00Z,10.5293,9.3417,8.2043,7.5602,6.0003,8.4408
E0073,2026-03-07T00:00:00Z,10.705,8.4927,9.1677,6.7883,7.3865,11.4302
E0074,2026-03-07T00:00:00Z,11.59,6.4402,5.2378,7.6946,8.2807,8.8639
E0075,2026-03-07T00:00:00Z,11.2787,8.8441,6.6331,9.0891,4.7731,9.3106
E0076,2026-03-07T00:00:00Z,10.9407,7.3361,8.9423,8.0019,6.8165,6.491
E0077,2026-03-07T00:00:00Z,11.1945,8.7562,8.7354,7.9013,7.2632,8.7696
E0078,2026-03-07T00:00:00Z,10.6958,9.5321,7.3387,7.9347,4.439,9.3632
E0079,2026-03-07T00:00:00Z,11.435,8.8787,6.3426,8.9031,7.2984,10.0135
E0080,2026-03-07T00:00:00Z,9.3594,7.9022,9.8513,7.7999,5.9969,10.8625
E0081,2026-03-07T00:00:00Z,13.0766,9.2682,8.4798,7.2186,4.9624,10.1672
E0082,2026-03-07T00:00:00Z,10.1141,9.1433,9.8128,7.8317,6.0572,11.1465
E0083,2026-03-07T00:00:00Z,11.5774,8.8347,6.526,7.9073,5.3777,12.4117
E0084,2026-03-07T00:00:00Z,10.6023,10.7992,6.018,6.1356,6.9047,9.2511
E0085,2026-03-07T00:00:00Z,11.5312,7.9871,9.4102,8.3072,7.9955,9.0592
E0086,2026-03-07T00:00:00Z,12.2689,8.7028,8.5682,7.4434,5.7591,12.1961
E0087,2026-03-07T00:00:00Z,10.4486,9.2559,7.6245,7.7016,6.5886,10.3016
E0088,2026-03-07T00:00:00Z,11.9214,8.2357,10.5211,7.0471,5.6635,8.4855
E0089,2026-03-07T00:00:00Z,11.4315,9.5149,9.4984,8.3747,5.8086,9.6364
E0090,2026-03-07T00:00:00Z,11.4511,9.5875,8.7169,9.1564,6.4977,8.0261
E0091,2026-03-07T00:00:00Z,10.6334,9.9496,7.8031,7.897,7.3822,8.3105
E0092,2026-03-07T00:00:00Z,11.3587,9.7812,8.3488,7.2112,7.9058,9.8625
E0093,2026-03-07T00:00:00Z,10.7928,8.8966,7.9414,7.2142,6.0921,5.282
E0094,2026-03-07T00:00:00Z,11.568,9.8406,7.8642,7.3311,6.4876,10.9506
E0095,2026-03-07T00:00:00Z,10.167,8.9906,10.5207,9.2406,5.8913,5.5038
E0096,2026-03-07T00:00:00Z,10.7997,8.6432,9.1157,6.4941,5.884,9.1872
E0097,2026-03-07T00:00:00Z,10.8595,8.8576,10.524,7.0278,6.0852,8.1238
E0098,2026-03-07T00:00:00Z,12.3346,8.5896,7.0837,7.5638,4.9677,7.5578
E0099,2026-03-07T00:00:00Z,9.9517,9.2277,7.8908,7.9396,6.6988,8.6711
E0100,2026-03-07T00:00:00Z,10.8176,7.4682,8.9884,6.5872,5.7723,10.4449
E0101,2026-03-07T00:00:00Z,11.5153,10.0591,9.2689,7.236,6.0561,11.1187
E0102,2026-03-07T00:00:00Z,11.0081,9.2835,8.7268,7.668,5.2169,10.6716
E0103,2026-03-07T00:00:00Z,12.2808,8.7292,8.1843,8.2971,7.6243,10.1821
E0104,2026-03-07T00:00:00Z,11.473,6.4624,9.0634,7.709,6.0225,9.7659
E0105,2026-03-07T00:00:00Z,11.2901,9.4829,10.821,7.1985,5.5021,9.3231
E0106,2026-03-07T00:00:00Z,11.8142,9.8115,9.4718,8.3178,6.1712,9.3934
E0107,2026-03-07T00:00:00Z,11.5676,8.052,6.9364,7.7314,8.0833,12.2669
E0108,2026-03-07T00:00:00Z,10.9822,9.0117,8.7417,9.4226,6.9682,9.5805
E0109,2026-03-07T00:00:00Z,11.5134,10.5262,9.3296,9.1463,7.0045,9.293
E0110,2026-03-07T00:00:00Z,11.0207,11.8139,6.1406,8.8584,7.9642,10.3593
E0111,2026-03-07T00:00:00Z,12.2397,9.7318,10.2997,6.3969,8.3238,8.3517
E0112,2026-03-07T00:00:00Z,10.646,9.8821,8.0764,6.7812,6.6156,10.91
E0113,2026-03-07T00:00:00Z,11.2173,9.7599,8.8593,8.542,7.6635,11.4794
E0114,2026-03-07T00:00:00Z,11.3528,10.3102,10.2612,9.0533,5.6794,10.8402
E0115,2026-03-07T00:00:00Z,11.3027,9.7896,7.0467,5.5803,6.2489,8.9901
E0116,2026-03-07T00:00:00Z,11.3268,8.8939,8.5052,8.3721,6.6798,11.4618
E0117,2026-03-07T00:00:00Z,10.9239,8.893,7.7057,6.7327,7.6642,7.6181
E0118,2026-03-07T00:00:00Z,11.408,9.4353,9.4675,5.3424,7.4822,10.9456
E0119,2026-03-07T00:00:00Z,11.313,8.764,7.6441,7.7817,6.5469,9.8623
E0120,2026-03-07T00:00:00Z,10.6032,7.9584,8.4096,8.3113,5.9076,9.609
E0121,2026-03-07T00:00:00Z,10.5126,9.8854,7.7234,7.8334,6.4875,11.3106
E0122,2026-03-07T00:00:00Z,12.2179,8.5415,7.7499,6.7329,9.1897,6.3885
E0123,2026-03-07T00:00:00Z,11.7185,9.0066,8.7905,10.69,6.8239,5.5506
E0124,2026-03-07T00:00:00Z,12.0543,10.0442,6.9726,7.2525,7.1339,12.1803
E0125,2026-03-07T00:00:00Z,11.3301,9.8653,8.3164,8.9185,5.2021,7.2199
E0126,2026-03-07T00:00:00Z,11.0864,9.9119,9.9035,5.8906,5.1791,10.459
E0127,2026-03-07T00:00:00Z,10.8699,7.5005,6.478,8.643,8.1957,10.5154
E0128,2026-03-07T00:00:00Z,11.5864,8.6376,8.0943,9.2732,5.7382,9.2262
E0129,2026-03-07T00:00:00Z,10.3168,9.5828,10.6247,8.3246,6.1832,10.2026
E0130,2026-03-07T00:00:00Z,11.3177,7.6976,9.3735,7.0203,5.6429,8.8444
E0131,2026-03-07T00:00:00Z,11.3897,7.6759,8.9164,8.5597,8.3853,6.8885
E0132,2026-03-07T00:00:00Z,12.0688,8.462,8.7995,7.1142,6.5195,7.2477
E0133,2026-03-07T00:00:00Z,11.1522,8.1213,9.1879,8.6574,6.0251,10.436
E0134,2026-03-07T00:00:00Z,11.2164,10.2491,8.4718,7.3159,6.5713,9.0033
E0135,2026-03-07T00:00:00Z,12.2279,7.5199,7.237,7.8579,5.751,7.802
E0136,2026-03-07T00:00:00Z,9.3563,10.0335,9.2994,8.0428,5.2117,9.4752
E0137,2026-03-07T00:00:00Z,10.7442,8.538,6.5841,7.6354,7.5697,9.1543
E0138,2026-03-07T00:00:00Z,11.5021,10.8404,8.7563,8.9676,8.0201,9.0917
E0139,2026-03-07T00:00:00Z,11.1487,9.3736,10.2031,6.8298,7.6199,11.1097
E0140,2026-03-07T00:00:00Z,11.2986,8.3178,8.2144,7.6212,5.3292,10.3998
E0141,2026-03-07T00:00:00Z,11.8769,11.3258,9.2263,9.7992,7.1396,9.7166
E0142,2026-03-07T00:00:00Z,11.6682,9.0817,7.38,7.8375,6.383,8.9198
E0143,2026-03-07T00:00:00Z,12.9442,9.1267,8.0519,7.2632,5.3353,9.2063
E0144,2026-03-07T00:00:00Z,10.958,9.4215,8.5958,8.1969,7.3581,10.0378
E0145,2026-03-07T00:00:00Z,12.5369,9.819,9.2846,8.4217,6.1105,12.3904
E0146,2026-03-07T00:00:00Z,11.3603,9.2298,6.2536,6.6213,7.0232,12.0279
E0147,2026-03-07T00:00:00Z,10.7662,6.9794,9.8641,5.6877,6.8383,9.6404
E0148,2026-03-07T00:00:00Z,10.2349,9.1468,8.1865,8.3699,5.7952,6.9941
E0149,2026-03-07T00:00:00Z,11.3989,8.8922,9.2355,8.0563,6.629,9.1622
E0000,2026-03-08T00:00:00Z,9.8422,7.5882,8.5311,6.5523,5.3573,9.5364
E0001,2026-03-08T00:00:00Z,11.6733,6.9967,9.4484,8.2846,6.2716,14.0751
E0002,2026-03-08T00:00:00Z,10.2531,8.9966,9.3072,8.1411,6.6928,10.3319
E0003,2026-03-08T00:00:00Z,10.8068,11.6115,8.0817,8.8144,6.9463,8.5645
E0004,2026-03-08T00:00:00Z,10.6051,9.0991,7.2053,6.1569,8.2938,12.0695
E0005,2026-03-08T00:00:00Z,10.1984,11.1272,5.8796,8.3742,6.9677,11.7282
E0006,2026-03-08T00:00:00Z,9.9976,9.5851,7.0621,7.7484,5.8881,9.603
E0007,2026-03-08T00:00:00Z,11.8034,8.7496,11.4792,7.7541,6.2251,9.998
E0008,2026-03-08T00:00:00Z,11.1245,10.6388,6.23,7.9892,5.9224,8.9603
E0009,2026-03-08T00:00:00Z,10.4779,9.4218,8.9053,8.2849,4.8968,9.9927
E0010,2026-03-08T00:00:00Z,10.6501,6.8126,8.5022,8.7418,7.0469,8.1666
E0011,2026-03-08T00:00:00Z,10.3982,10.2903,5.6149,7.9703,4.3237,10.87
E0012,2026-03-08T00:00:00Z,10.72,10.1513,8.5347,5.8165,6.5137,8.1186
E0013,2026-03-08T00:00:00Z,10.5602,8.6953,10.6464,6.9466,6.6826,9.9293
E0014,2026-03-08T00:00:00Z,10.9115,7.9235,9.0467,8.4351,5.9469,11.4431
E0015,2026-03-08T00:00:00Z,10.5424,9.227,8.4917,8.0455,6.7625,11.2135
E0016,2026-03-08T00:00:00Z,11.714,9.6822,9.2344,7.6605,6.3907,10.9502
E0017,2026-03-08T00:00:00Z,11.5244,10.6506,8.9189,7.8162,5.3292,9.8547
E0018,2026-03-08T00:00:00Z,11.7631,8.1359,7.254,7.7043,5.0843,7.908
E0019,2026-03-08T00:00:00Z,10.7406,7.8979,7.615,8.0052,5.5193,8.9828
E0020,2026-03-08T00:00:00Z,11.2361,10.6533,8.0203,7.5368,4.703,9.3753
E0021,2026-03-08T00:00:00Z,11.621,10.9671,7.6033,6.7366,6.9522,11.0814
E0022,2026-03-08T00:00:00Z,11.1009,6.863,8.6759,7.3084,5.369,10.6323
E0023,2026-03-08T00:00:00Z,11.0737,8.9263,8.356,8.4589,6.0254,11.4356
E0024,2026-03-08T00:00:00Z,9.4095,8.6782,8.2866,6.2791,8.4737,10.4797
E0025,2026-03-08T00:00:00Z,11.95,9.1718,7.178,8.3384,6.9748,9.4541
E0026,2026-03-08T00:00:00Z,10.8774,8.4425,7.0713,6.5902,6.2096,10.3102
E0027,2026-03-08T00:00:00Z,12.0196,6.0908,8.2608,8.4681,5.9248,8.2275
E0028,2026-03-08T00:00:00Z,10.8609,10.6439,8.1969,7.0397,6.5369,10.2497
E0029,2026-03-08T00:00:00Z,11.7607,9.0652,9.1695,8.2779,7.9407,9.5536
E0030,2026-03-08T00:00:00Z,11.5539,7.194,9.2337,7.2494,5.8313,8.9207
E0031,2026-03-08T00:00:00Z,11.8272,9.2538,8.3537,7.1675,5.9888,8.8779
E0032,2026-03-08T00:00:00Z,10.9107,8.1031,7.0261,7.1821,6.7687,11.573
E0033,2026-03-08T00:00:00Z,11.3287,8.6677,8.8567,7.0428,7.8247,10.4249
E0034,2026-03-08T00:00:00Z,11.8022,7.1385,9.5965,8.6164,5.5135,9.1046
E0035,2026-03-08T00:00:00Z,10.5625,8.8291,7.5776,8.0675,5.703,7.011
E0036,2026-03-08T00:00:00Z,11.5228,9.562,6.9621,7.4468,7.0679,11.2659
E0037,2026-03-08T00:00:00Z,11.7074,9.3009,8.7978,5.8406,5.1074,9.7301
E0038,2026-03-08T00:00:00Z,10.7483,8.9709,8.5719,8.4,7.7209,10.454
E0039,2026-03-08T00:00:00Z,11.2058,9.3079,7.6574,7.7397,6.7515,9.9824
E0040,2026-03-08T00:00:00Z,10.979,8.8686,7.6547,9.4402,6.9525,8.3839
E0041,2026-03-08T00:00:00Z,10.9002,9.9747,9.6322,6.7802,6.381,8.7592
E0042,2026-03-08T00:00:00Z,10.7908,9.6903,7.5281,6.9223,7.2358,10.5207
E0043,2026-03-08T00:00:00Z,11.0356,9.2329,6.8837,7.4658,7.3605,10.478
E0044,2026-03-08T00:00:00Z,11.8583,10.1999,9.7514,7.2065,6.1942,7.3412
E0045,2026-03-08T00:00:00Z,11.6549,8.0217,8.6352,7.0296,6.5233,9.4265
E0046,2026-03-08T00:00:00Z,12.9274,8.2306,8.6756,7.8358,8.1309,9.2276
E0047,2026-03-08T00:00:00Z,12.5257,10.8693,8.5823,7.7888,5.76,7.8321
E0048,2026-03-08T00:00:00Z,9.9297,8.3026,7.443,7.3042,7.2808,5.9738
E0049,2026-03-08T00:00:00Z,10.404,11.7936,8.5162,7.052,5.7074,9.9844
E0050,2026-03-08T00:00:00Z,12.1029,9.8032,7.5069,7.1578,6.0827,11.3902
E0051,2026-03-08T00:00:00Z,10.4586,7.9598,8.3734,6.7212,4.6505,8.6576
E0052,2026-03-08T00:00:00Z,11.0397,9.5905,8.4064,6.0638,7.7275,10.6048
E0053,2026-03-08T00:00:00Z,11.4244,9.2229,5.0343,8.6736,5.955,10.2742
E0054,2026-03-08T00:00:00Z,10.379,9.8339,6.7214,7.4218,5.2489,12.2889
E0055,2026-03-08T00:00:00Z,11.7202,8.5537,9.2827,5.2828,6.9366,9.554
E0056,2026-03-08T00:00:00Z,11.7292,8.473,8.5645,8.2083,7.8011,11.2025
E0057,2026-03-08T00:00:00Z,9.7486,11.3182,8.2676,8.2573,6.6151,7.6881
E0058,2026-03-08T00:00:00Z,10.1941,7.9991,9.2391,6.9176,5.603,6.5509
E0059,2026-03-08T00:00:00Z,11.971,10.5151,7.6132,7.4344,6.9083,10.0099
E0060,2026-03-08T00:00:00Z,11.0197,7.8885,8.2234,7.2207,6.505,8.4513
E0061,2026-03-08T00:00:00Z,12.2668,9.52,7.4879,7.7078,5.9816,10.9113
E0062,2026-03-08T00:00:00Z,10.2288,7.0836,9.6691,6.763,7.2452,10.6799
E0063,2026-03-08T00:00:00Z,11.4551,8.5538,9.9358,8.068,6.6167,10.4727
E0064,2026-03-08T00:00:00Z,11.3023,10.3089,8.7321,7.9222,5.9078,6.728
E0065,2026-03-08T00:00:00Z,11.0631,8.8821,8.5062,7.4967,7.7361,9.4851
E0066,2026-03-08T00:00:00Z,11.8369,8.7333,8.9845,8.8171,6.6793,11.1894
E0067,2026-03-08T00:00:00Z,11.9379,9.1394,10.1625,7.2058,7.0398,11.9185
E0068,2026-03-08T00:00:00Z,11.4041,8.6997,8.8156,8.1585,5.6572,11.5599
E0069,2026-03-08T00:00:00Z,12.4573,9.0535,8.5033,7.5272,5.379,8.6508
E0070,2026-03-08T00:00:00Z,11.2506,9.3727,9.0568,6.7585,6.648,9.1149
E0071,2026-03-08T00:00:00Z,12.1611,6.7782,7.4065,7.5585,6.2516,9.9479
E0072,2026-03-08T00:00:00Z,10.482,9.5209,10.0561,7.2411,6.9609,9.2071
E0073,2026-03-08T00:00:00Z,11.1068,8.6762,8.8334,7.8376,5.3554,10.3662
E0074,2026-03-08T00:00:00Z,10.1723,10.1852,9.4524,8.0579,3.8342,8.2396
E0075,2026-03-08T00:00:00Z,11.1876,9.1657,6.4113,7.9206,5.9166,9.2492
E0076,2026-03-08T00:00:00Z,11.1021,7.2468,7.4812,6.1538,7.2607,6.2332
E0077,2026-03-08T00:00:00Z,11.2463,8.3215,10.6341,8.3621,6.4859,10.6496
E0078,2026-03-08T00:00:00Z,9.4749,11.3417,7.333,7.8885,6.4788,7.7914
E0079,2026-03-08T00:00:00Z,10.6851,8.8864,8.7007,8.5916,7.455,11.2557
E0080,2026-03-08T00:00:00Z,11.5528,8.8244,7.7714,4.6796,8.046,11.9743
E0081,2026-03-08T00:00:00Z,10.8743,9.6639,9.3886,9.4805,4.8403,12.5618
E0082,2026-03-08T00:00:00Z,11.6686,9.2613,8.5669,7.7229,5.751,9.3454
E0083,2026-03-08T00:00:00Z,11.2697,9.671,7.091,7.6834,6.5784,9.7924
E0084,2026-03-08T00:00:00Z,10.3431,8.7481,9.2875,6.8333,6.3987,7.9919
E0085,2026-03-08T00:00:00Z,11.0161,9.2774,8.6908,5.6738,7.048,10.4509
E0086,2026-03-08T00:00:00Z,10.8559,10.2138,8.3086,5.4322,8.6329,8.3719
E0087,2026-03-08T00:00:00Z,11.6675,9.5009,7.7156,5.7898,5.572,10.0016
E0088,2026-03-08T00:00:00Z,11.273,8.0381,8.0745,5.7577,5.3614,10.4656
E0089,2026-03-08T00:00:00Z,10.8025,8.5667,7.0521,7.4699,8.1442,8.3109
E0090,2026-03-08T00:00:00Z,10.5068,9.8105,8.3626,6.2397,5.5565,6.289
E0091,2026-03-08T00:00:00Z,11.0814,10.066,8.1341,5.981,7.2822,10.4408
E0092,2026-03-08T00:00:00Z,11.2606,9.8536,5.6949,7.8748,6.4674,9.043
E0093,2026-03-08T00:00:00Z,10.7173,9.4272,10.0564,7.9588,5.066,9.5946
E0094,2026-03-08T00:00:00Z,11.0841,9.6384,9.3821,7.3115,8.0198,13.7295
E0095,2026-03-08T00:00:00Z,10.9533,9.3268,9.3597,7.2776,5.6042,10.0677
E0096,2026-03-08T00:00:00Z,11.5678,8.5175,9.0638,8.2719,6.8631,9.9736
E0097,2026-03-08T00:00:00Z,11.822,9.622,8.8952,7.8109,6.9463,9.0404
E0098,2026-03-08T00:00:00Z,11.1635,9.0853,10.288,6.3087,5.457,10.9879
E0099,2026-03-08T00:00:00Z,10.3178,9.6921,7.793,6.966,6.405,9.3853
E0100,2026-03-08T00:00:00Z,10.6764,11.101,8.562,7.4818,6.9727,9.8473
E0101,2026-03-08T00:00:00Z,10.8583,8.7587,7.6047,6.8231,5.2946,7.9412
E0102,2026-03-08T00:00:00Z,10.3029,8.7347,8.4485,8.9109,6.2383,10.4061
E0103,2026-03-08T00:00:00Z,11.6363,8.6777,9.9515,7.9218,5.9103,10.0418
E0104,2026-03-08T00:00:00Z,11.1847,7.4909,7.8959,7.3035,6.0831,12.0324
E0105,2026-03-08T00:00:00Z,11.0558,8.5479,8.2782,7.2,5.1781,10.3871
E0106,2026-03-08T00:00:00Z,10.2855,7.7034,9.3368,8.5189,7.0502,11.5815
E0107,2026-03-08T00:00:00Z,11.384,8.4338,8.6893,8.1926,5.9217,9.7743
E0108,2026-03-08T00:00:00Z,10.752,9.0156,7.8271,8.2269,5.6783,8.9369
E0109,2026-03-08T00:00:00Z,12.164,8.2405,8.5384,7.1886,6.471,8.5357
E0110,2026-03-08T00:00:00Z,10.9484,9.7268,9.8254,8.3654,5.8466,10.284
E0111,2026-03-08T00:00:00Z,12.519,9.6137,8.445,6.7317,6.7668,8.5532
E0112,2026-03-08T00:00:00Z,11.1558,10.5634,8.9381,7.8695,6.4327,9.3391
E0113,2026-03-08T00:00:00Z,10.2988,10.165,7.7822,6.4059,6.9972,11.9921
E0114,2026-03-08T00:00:00Z,11.5578,7.8037,9.2037,6.7865,6.5138,8.3422
E0115,2026-03-08T00:00:00Z,9.8866,9.8519,8.5738,8.0938,5.938,9.7827
E0116,2026-03-08T00:00:00Z,11.6046,9.3039,9.2721,7.7414,4.8854,8.1005
E0117,2026-03-08T00:00:00Z,11.2755,10.1196,8.8399,8.1031,6.031,11.1909
E0118,2026-03-08T00:00:00Z,12.5869,9.0247,8.9353,8.3433,6.7631,10.8208
E0119,2026-03-08T00:00:00Z,10.3008,9.9043,7.8467,7.0187,7.3913,9.3146
E0120,2026-03-08T00:00:00Z,10.4242,7.7158,7.6377,8.6064,6.0943,11.2255
E0121,2026-03-08T00:00:00Z,11.9566,9.5173,8.4246,7.9198,6.3163,10.8654
E0122,2026-03-08T00:00:00Z,11.1579,12.1485,9.5676,6.8515,5.8599,9.9537
E0123,2026-03-08T00:00:00Z,11.3502,9.8166,8.0783,7.4719,5.856,8.0191
E0124,2026-03-08T00:00:00Z,11.8664,9.542,8.0995,6.9014,5.604,9.1454
E0125,2026-03-08T00:00:00Z,10.221,9.74,7.4079,8.3341,7.3041,9.8859
E0126,2026-03-08T00:00:00Z,10.7546,10.5094,7.8082,7.2273,6.8223,9.9084
E0127,2026-03-08T00:00:00Z,10.2349,10.1133,9.5455,7.1584,6.414,12.4233
E0128,2026-03-08T00:00:00Z,11.2711,9.6325,7.4148,9.4127,6.2755,11.9188
E0129,2026-03-08T00:00:00Z,11.7981,10.5212,9.9491,6.6154,5.3619,9.0548
E0130,2026-03-08T00:00:00Z,11.7925,9.5854,9.5888,6.7079,5.4571,7.3283
E0131,2026-03-08T00:00:00Z,11.965,9.2963,8.5311,7.2754,7.6337,10.6527
E0132,2026-03-08T00:00:00Z,9.6214,10.6218,7.6077,6.5813,4.2011,9.1949
E0133,2026-03-08T00:00:00Z,11.1841,12.4694,8.2693,7.4232,6.4109,8.3518
E0134,2026-03-08T00:00:00Z,10.6785,9.4304,7.6047,7.1946,6.3185,10.982
E0135,2026-03-08T00:00:00Z,11.4529,10.5702,7.622,7.7577,6.772,10.6534
E0136,2026-03-08T00:00:00Z,9.7599,9.2814,8.1208,7.5417,7.8454,10.2865
E0137,2026-03-08T00:00:00Z,12.0788,9.2384,8.6606,8.2977,6.2501,11.9063
E0138,2026-03-08T00:00:00Z,11.066,8.5177,10.0717,8.033,7.7102,10.7798
E0139,2026-03-08T00:00:00Z,10.6115,9.0219,7.6923,7.5572,5.4768,10.6039
E0140,2026-03-08T00:00:00Z,10.6339,8.2605,7.9978,6.5037,4.9358,10.6569
E0141,2026-03-08T00:00:00Z,10.9211,8.0136,7.3599,5.7845,5.1651,8.2772
E0142,2026-03-08T00:00:00Z,11.8276,7.0566,7.5486,5.3895,6.3381,10.0663
E0143,2026-03-08T00:00:00Z,11.4507,7.4559,7.5565,8.1685,8.8405,8.5635
E0144,2026-03-08T00:00:00Z,11.16,9.7801,7.6787,7.3817,5.2382,8.8423
E0145,2026-03-08T00:00:00Z,11.2265,9.2856,8.0958,7.0431,7.2643,7.5452
E0146,2026-03-08T00:00:00Z,10.3899,8.0922,8.5458,7.4373,8.0259,8.402
E0147,2026-03-08T00:00:00Z,10.9099,9.6769,7.1502,8.0063,7.8091,8.8078
E0148,2026-03-08T00:00:00Z,10.4888,11.8055,8.337,7.7709,6.2604,8.6981
E0149,2026-03-08T00:00:00Z,12.0363,10.043,9.1969,7.222,7.911,7.9221
E0000,2026-03-09T00:00:00Z,10.8596,9.9711,9.4159,9.3653,6.9261,10.8611
E0001,2026-03-09T00:00:00Z,11.6307,9.413,8.0511,7.03,6.0891,8.2896
E0002,2026-03-09T00:00:00Z,10.1424,8.665,10.1898,6.8154,7.5268,10.0327
E0003,2026-03-09T00:00:00Z,11.0279,9.1053,8.3716,7.2722,8.0389,9.9475
E0004,2026-03-09T00:00:00Z,11.9127,10.445,10.2503,7.2211,7.9633,11.9711
E0005,2026-03-09T00:00:00Z,10.5948,8.2264,8.6825,7.3953,4.5377,11.433
E0006,2026-03-09T00:00:00Z,11.86,10.292,7.7673,8.3621,5.0457,9.5781
E0007,2026-03-09T00:00:00Z,11.5781,10.6613,7.5115,7.9953,4.8731,8.4073
E0008,2026-03-09T00:00:00Z,11.8392,7.7923,8.0194,6.652,6.2729,8.6679
E0009,2026-03-09T00:00:00Z,11.1627,8.4581,9.2134,8.2577,4.6835,8.5244
E0010,2026-03-09T00:00:00Z,10.6384,9.6498,8.7288,7.7933,4.4883,8.1829
E0011,2026-03-09T00:00:00Z,10.707,6.7304,8.0547,7.1172,6.5883,7.8306
E0012,2026-03-09T00:00:00Z,10.8426,9.4399,7.9075,8.4689,5.3501,9.6067
E0013,2026-03-09T00:00:00Z,10.6938,8.8849,8.4532,7.3968,6.9228,11.9708
E0014,2026-03-09T00:00:00Z,11.823,7.8941,10.964,6.8458,4.9228,10.5309
E0015,2026-03-09T00:00:00Z,12.2055,10.9856,9.7274,7.7844,4.6746,11.3137
E0016,2026-03-09T00:00:00Z,10.7203,8.2293,7.5345,5.8545,5.1461,7.5435
E0017,2026-03-09T00:00:00Z,11.3072,8.0853,7.5585,8.0848,4.9247,8.2165
E0018,2026-03-09T00:00:00Z,11.3929,7.4961,7.3004,7.1619,6.5667,7.8934
E0019,2026-03-09T00:00:00Z,11.2579,10.455,8.2665,7.627,7.7112,10.9011
E0020,2026-03-09T00:00:00Z,10.9789,9.9924,9.4074,6.5392,5.8513,9.8772
E0021,2026-03-09T00:00:00Z,12.0733,10.1511,9.9632,8.1056,4.3777,8.2884
E0022,2026-03-09T00:00:00Z,9.8121,9.7801,9.4421,8.4166,5.8574,8.5426
E0023,2026-03-09T00:00:00Z,11.2688,8.9653,10.066,8.5027,7.3167,10.4389
E0024,2026-03-09T00:00:00Z,13.2234,9.2086,7.9894,7.3764,6.6703,8.7292
E0025,2026-03-09T00:00:00Z,11.9575,9.0925,6.6794,7.3571,9.424,8.4136
E0026,2026-03-09T00:00:00Z,11.9522,11.0497,8.9762,11.0508,6.9149,7.9079
E0027,2026-03-09T00:00:00Z,12.5116,10.1394,8.6341,6.593,6.4169,8.5397
E0028,2026-03-09T00:00:00Z,10.4515,10.6274,8.4823,8.3591,7.1423,11.82
E0029,2026-03-09T00:00:00Z,10.4443,7.9917,6.6985,7.2491,6.8661,11.5656
E0030,2026-03-09T00:00:00Z,11.7851,8.9369,6.4181,5.6911,6.6025,8.9364
E0031,2026-03-09T00:00:00Z,10.2657,9.5363,7.8584,6.9058,7.0671,12.3813
E0032,2026-03-09T00:00:00Z,10.4693,10.1648,7.38,6.7704,5.8133,10.2594
E0033,2026-03-09T00:00:00Z,10.5738,9.939,8.3783,7.5572,6.4799,10.3884
E0034,2026-03-09T00:00:00Z,11.9584,10.5991,9.0008,7.8533,6.9131,9.5088
E0035,2026-03-09T00:00:00Z,11.3888,9.2213,8.9133,8.576,7.185,7.9796
E0036,2026-03-09T00:00:00Z,10.279,10.5587,7.4331,8.1238,5.5062,9.3673
E0037,2026-03-09T00:00:00Z,11.5473,9.5829,8.7128,7.8992,7.4428,8.0839
E0038,2026-03-09T00:00:00Z,11.2305,6.7555,7.0369,9.2133,5.0135,9.1029
E0039,2026-03-09T00:00:00Z,10.2192,9.2525,7.8987,7.171,6.8084,10.084
E0040,2026-03-09T00:00:00Z,10.3992,10.779,8.2302,7.5902,5.6638,10.6777
E0041,2026-03-09T00:00:00Z,10.7273,8.4973,9.2543,5.5479,6.0913,10.1101
E0042,2026-03-09T00:00:00Z,12.4747,10.0796,9.6722,7.9639,6.0296,8.258
E0043,2026-03-09T00:00:00Z,10.7328,9.6942,7.9876,7.8455,6.6552,9.5402
E0044,2026-03-09T00:00:00Z,11.4994,8.9197,9.9155,6.8268,6.5552,7.6002
E0045,2026-03-09T00:00:00Z,11.1092,7.5024,8.9071,7.9638,5.28,6.346
E0046,2026-03-09T00:00:00Z,10.9928,9.405,7.9489,7.7448,6.7,9.9596
E0047,2026-03-09T00:00:00Z,10.8231,7.4881,8.7992,7.009,5.9219,4.9449
E0048,2026-03-09T00:00:00Z,11.5551,9.7614,7.9507,8.2642,7.651,9.0681
E0049,2026-03-09T00:00:00Z,9.6812,9.365,10.8601,7.5161,5.3104,10.3256
E0050,2026-03-09T00:00:00Z,11.4836,9.6047,10.0533,9.4357,5.9162,10.3133
E0051,2026-03-09T00:00:00Z,11.2981,10.6197,8.246,7.2518,7.1123,10.3606
E0052,2026-03-09T00:00:00Z,11.5789,9.3325,8.8849,6.1682,3.7712,11.4505
E0053,2026-03-09T00:00:00Z,11.3751,9.6149,6.8324,7.7036,4.8381,8.6161
E0054,2026-03-09T00:00:00Z,11.1546,9.1031,10.4265,5.9727,6.857,9.7372
E0055,2026-03-09T00:00:00Z,11.2839,9.6158,6.3155,8.3188,6.6065,10.9902
E0056,2026-03-09T00:00:00Z,12.1077,10.5905,8.5309,7.6623,5.7539,9.8482
E0057,2026-03-09T00:00:00Z,11.3664,9.4144,7.2814,6.449,5.2034,10.1377
E0058,2026-03-09T00:00:00Z,10.7789,8.5196,8.4663,8.948,6.777,11.7779
E0059,2026-03-09T00:00:00Z,10.6283,9.188,8.3846,8.578,5.9496,9.9576
E0060,2026-03-09T00:00:00Z,11.4294,9.9201,10.2573,6.4874,7.2611,9.5396
E0061,2026-03-09T00:00:00Z,10.6637,9.302,8.3999,9.2719,7.3705,9.2747
E0062,2026-03-09T00:00:00Z,11.8652,9.7254,8.1775,6.9896,6.3482,10.4043
E0063,2026-03-09T00:00:00Z,10.9937,8.5322,9.2771,8.2646,6.2184,10.7233
E0064,2026-03-09T00:00:00Z,11.264,8.1894,9.0682,7.8447,6.7835,7.7439
E0065,2026-03-09T00:00:00Z,11.2417,9.464,6.7834,8.3176,5.4656,10.8156
E0066,2026-03-09T00:00:00Z,11.0534,11.088,10.8193,6.3476,5.8388,10.3967
E0067,2026-03-09T00:00:00Z,11.8712,8.5677,7.138,6.6869,7.1657,11.5134
E0068,2026-03-09T00:00:00Z,10.5029,10.8755,9.1727,7.1439,6.7833,9.0151
E0069,2026-03-09T00:00:00Z,10.9529,9.015,8.5177,6.8544,5.4446,10.8419
E0070,2026-03-09T00:00:00Z,11.0782,9.4798,6.8255,8.2281,5.8225,11.3267
E0071,2026-03-09T00:00:00Z,11.1964,8.3977,7.5594,7.8261,7.5959,11.4007
E0072,2026-03-09T00:00:00Z,11.936,9.5616,8.5029,8.1209,6.8478,4.7972
E0073,2026-03-09T00:00:00Z,10.3791,8.5809,7.1013,5.9872,5.7889,9.6836
E0074,2026-03-09T00:00:00Z,11.7033,9.2425,8.9302,9.2647,5.9713,12.0047
E0075,2026-03-09T00:00:00Z,10.3072,6.9833,8.8698,9.4458,7.2568,11.0862
E0076,2026-03-09T00:00:00Z,10.9359,9.037,8.7933,6.8588,6.9631,7.6672
E0077,2026-03-09T00:00:00Z,9.92,9.4695,7.5041,7.3586,4.9489,9.894
E0078,2026-03-09T00:00:00Z,10.8244,8.4148,7.4825,7.3573,7.2809,9.065
E0079,2026-03-09T00:00:00Z,11.4851,9.1269,7.678,5.8722,6.7576,9.7825
E0080,2026-03-09T00:00:00Z,10.9281,9.3113,7.4589,7.2605,6.0314,9.0207
E0081,2026-03-09T00:00:00Z,11.998,9.3848,7.7771,6.5916,7.0373,10.9717
E0082,2026-03-09T00:00:00Z,10.7231,9.4607,7.9208,7.2931,6.1785,8.445
E0083,2026-03-09T00:00:00Z,10.4901,8.7697,8.0325,6.7384,7.7497,8.9697
E0084,2026-03-09T00:00:00Z,11.4174,9.288,8.7915,7.5593,5.7583,9.151
E0085,2026-03-09T00:00:00Z,11.3844,8.8042,9.1007,5.5961,8.7447,10.5125
E0086,2026-03-09T00:00:00Z,11.5275,11.3004,9.4688,8.9698,6.5607,8.1002
E0087,2026-03-09T00:00:00Z,11.9286,10.1565,10.6394,8.3417,6.6033,9.0326
E0088,2026-03-09T00:00:00Z,11.3728,8.6244,9.9144,8.2422,5.8255,11.8347
E0089,2026-03-09T00:00:00Z,10.1112,10.0714,8.5157,6.8089,7.3069,8.4447
E0090,2026-03-09T00:00:00Z,11.2797,9.0664,7.9222,7.7611,6.2455,9.9318
E0091,2026-03-09T00:00:00Z,11.719,10.4413,7.2486,8.0742,6.304,7.4617
E0092,2026-03-09T00:00:00Z,11.9384,8.5325,7.2884,8.7874,6.9601,11.3777
E0093,2026-03-09T00:00:00Z,11.2641,10.0575,9.4332,7.2205,5.0756,9.1651
E0094,2026-03-09T00:00:00Z,11.0986,10.1611,6.7051,8.6365,6.7715,10.4456
E0095,2026-03-09T00:00:00Z,10.8536,10.5572,7.4825,8.0874,7.1123,9.228
E0096,2026-03-09T00:00:00Z,11.3406,8.4605,8.7003,7.2432,6.4263,10.3936
E0097,2026-03-09T00:00:00Z,10.5639,9.6691,8.8203,7.6367,5.4924,9.1087
E0098,2026-03-09T00:00:00Z,12.2445,10.1173,7.069,9.2153,7.6736,11.3746
E0099,2026-03-09T00:00:00Z,11.2701,10.1636,9.2899,7.8786,7.1241,11.0456
E0100,2026-03-09T00:00:00Z,11.0233,9.6417,7.8827,7.6338,5.4437,8.2997
E0101,2026-03-09T00:00:00Z,10.916,9.5665,8.4542,6.3774,7.3694,8.9751
E0102,2026-03-09T00:00:00Z,10.6347,9.6496,8.5009,7.3669,7.3008,9.1087
E0103,2026-03-09T00:00:00Z,10.6044,8.31,7.4877,5.5408,5.7159,11.837
E0104,2026-03-09T00:00:00Z,9.1333,9.7046,7.7743,7.8837,7.0727,8.6216
E0105,2026-03-09T00:00:00Z,11.2316,6.427,9.3489,7.0624,7.095,9.4612
E0106,2026-03-09T00:00:00Z,12.359,11.3114,9.0962,9.4557,7.1591,12.3785
E0107,2026-03-09T00:00:00Z,11.8685,9.3796,9.2312,7.1372,6.2671,8.8057
E0108,2026-03-09T00:00:00Z,11.2954,8.352,8.255,7.2631,7.1936,8.3563
E0109,2026-03-09T00:00:00Z,11.304,8.1392,9.397,6.8329,6.7108,10.9636
E0110,2026-03-09T00:00:00Z,11.4554,10.3018,8.8765,7.7671,6.2568,9.9171
E0111,2026-03-09T00:00:00Z,11.4744,8.3791,9.5823,7.5732,4.9874,8.5663
E0112,2026-03-09T00:00:00Z,11.4249,9.91,7.6739,9.1356,6.8059,9.1081
E0113,2026-03-09T00:00:00Z,11.146,9.2614,9.5522,8.5556,7.3918,11.3331
E0114,2026-03-09T00:00:00Z,11.5766,10.633,9.637,9.4719,5.172,10.4584
E0115,2026-03-09T00:00:00Z,11.4519,8.2618,7.1518,8.4027,4.8647,8.6027
E0116,2026-03-09T00:00:00Z,10.8031,8.5049,7.5066,7.383,6.1393,9.5835
E0117,2026-03-09T00:00:00Z,10.8624,8.9796,10.4001,8.1403,6.1259,10.5342
E0118,2026-03-09T00:00:00Z,11.4645,9.4081,8.4955,8.9328,5.2922,6.8155
E0119,2026-03-09T00:00:00Z,11.4334,8.1105,8.6683,7.8525,5.3162,9.0087
E0120,2026-03-09T00:00:00Z,11.2209,10.7363,8.942,8.0346,5.7909,9.1827
E0121,2026-03-09T00:00:00Z,12.538,10.2815,10.4787,8.2238,6.0598,9.1181
E0122,2026-03-09T00:00:00Z,11.8437,9.1422,6.6801,8.0836,4.7508,10.4203
E0123,2026-03-09T00:00:00Z,10.4797,8.7801,9.096,8.3435,5.7197,8.59
E0124,2026-03-09T00:00:00Z,11.171,10.3219,8.1999,9.1021,5.5853,7.8143
E0125,2026-03-09T00:00:00Z,11.0774,8.1423,8.966,7.6427,7.2323,9.8538
E0126,2026-03-09T00:00:00Z,10.4798,9.0542,6.8104,7.7376,6.993,9.3058
E0127,2026-03-09T00:00:00Z,10.4939,10.2787,7.9172,7.3888,5.8737,7.746
E0128,2026-03-09T00:00:00Z,10.932,9.693,8.567,7.2896,6.4072,11.6769
E0129,2026-03-09T00:00:00Z,10.933,7.7828,8.1996,5.7743,7.2157,8.6391
E0130,2026-03-09T00:00:00Z,11.598,9.0369,8.2745,7.734,6.5916,9.439
E0131,2026-03-09T00:00:00Z,11.3116,9.4106,7.0849,8.0095,5.4221,9.7796
E0132,2026-03-09T00:00:00Z,10.9165,10.6365,7.0577,7.4699,5.4744,9.5864
E0133,2026-03-09T00:00:00Z,11.2219,10.1673,8.5083,6.884,6.7502,8.22
E0134,2026-03-09T00:00:00Z,12.1714,8.1686,9.3325,6.859,7.1202,9.5886
E0135,2026-03-09T00:00:00Z,11.6928,9.5018,9.1862,7.7492,5.1228,10.4884
E0136,2026-03-09T00:00:00Z,10.585,10.1492,9.4052,7.7598,7.1686,9.1957
E0137,2026-03-09T00:00:00Z,11.4453,10.4532,8.5009,7.916,5.9428,10.7378
E0138,2026-03-09T00:00:00Z,10.5853,9.4822,9.9183,7.6723,4.6734,6.8124
E0139,2026-03-09T00:00:00Z,9.9191,10.1971,9.6408,7.3792,7.7353,11.4024
E0140,2026-03-09T00:00:00Z,10.8466,9.8031,7.4544,8.159,4.6777,8.5966
E0141,2026-03-09T00:00:00Z,10.8632,9.5962,7.5307,7.9269,6.8402,11.813
E0142,2026-03-09T00:00:00Z,11.5663,7.4321,8.5911,7.9877,6.7822,9.9486
E0143,2026-03-09T00:00:00Z,9.9335,9.9794,7.2149,8.3848,5.774,11.0197
E0144,2026-03-09T00:00:00Z,11.8521,9.3566,7.9067,6.6904,4.9023,9.903
E0145,2026-03-09T00:00:00Z,10.8888,9.5568,8.2159,8.2713,4.3452,9.7926
E0146,2026-03-09T00:00:00Z,11.4875,10.7472,8.7056,8.2872,6.1642,9.5792
E0147,2026-03-09T00:00:00Z,10.6712,9.2789,7.8491,6.0181,3.8152,10.0476
E0148,2026-03-09T00:00:00Z,11.0292,8.4946,8.2189,8.0041,7.1482,9.6854
E0149,2026-03-09T00:00:00Z,9.6517,11.078,9.7302,8.2518,4.9217,8.2391
E0000,2026-03-10T00:00:00Z,12.2982,10.1435,9.6861,7.2542,6.8948,11.1777
E0001,2026-03-10T00:00:00Z,10.6045,11.0508,7.6887,7.7527,5.5084,9.3924
E0002,2026-03-10T00:00:00Z,11.5056,9.2291,9.3161,6.3914,4.966,7.7427
E0003,2026-03-10T00:00:00Z,11.6139,9.2963,8.9854,6.8,6.6674,10.8896
E0004,2026-03-10T00:00:00Z,11.5054,10.7181,7.7556,8.0968,5.097,9.6274
E0005,2026-03-10T00:00:00Z,11.9787,10.478,8.5663,8.046,5.4763,8.826
E0006,2026-03-10T00:00:00Z,10.1987,10.7755,8.5461,7.1324,6.7065,8.6224
E0007,2026-03-10T00:00:00Z,11.4263,8.6467,8.5939,7.8331,7.025,9.7432
E0008,2026-03-10T00:00:00Z,11.4577,10.9575,8.7867,7.2295,6.4585,9.6371
E0009,2026-03-10T00:00:00Z,10.4082,8.7567,7.3152,7.0577,3.6094,10.8857
E0010,2026-03-10T00:00:00Z,11.0041,9.0739,9.9039,7.4973,4.6354,8.1959
E0011,2026-03-10T00:00:00Z,11.4259,8.3184,8.6027,8.3836,6.0404,6.5039
E0012,2026-03-10T00:00:00Z,11.2431,7.6515,8.1906,8.821,5.7592,8.5268
E0013,2026-03-10T00:00:00Z,10.9762,7.5869,9.3215,7.3083,6.469,10.2494
E0014,2026-03-10T00:00:00Z,11.9203,9.3353,10.0417,7.9417,6.3385,9.8333
E0015,2026-03-10T00:00:00Z,10.7016,9.9534,7.5106,7.7384,7.7205,6.3325
E0016,2026-03-10T00:00:00Z,10.7724,8.0164,9.1542,8.6182,6.1841,7.7853
E0017,2026-03-10T00:00:00Z,10.7278,9.2502,8.058,7.5377,5.779,10.1713
E0018,2026-03-10T00:00:00Z,10.2842,11.9985,8.9947,7.7425,7.1416,8.0097
E0019,2026-03-10T00:00:00Z,12.2509,8.899,10.0505,7.0512,5.8287,10.3895
E0020,2026-03-10T00:00:00Z,11.4832,8.8956,7.0766,7.4688,4.8966,7.1374
E0021,2026-03-10T00:00:00Z,10.3276,8.077,8.3968,6.7816,6.2198,8.6546
E0022,2026-03-10T00:00:00Z,10.6431,8.7782,6.3283,7.9921,7.0752,8.7515
E0023,2026-03-10T00:00:00Z,11.3923,8.48,9.5117,8.6922,6.7678,7.9881
E0024,2026-03-10T00:00:00Z,10.4992,10.0098,8.0203,7.7967,6.423,11.9225
E0025,2026-03-10T00:00:00Z,11.6069,9.0676,9.5084,6.9142,5.5586,11.3796
E0026,2026-03-10T00:00:00Z,11.0899,8.1069,7.8694,7.5542,6.977,9.7279
E0027,2026-03-10T00:00:00Z,10.6255,9.4542,8.7164,7.7788,6.0139,7.1965
E0028,2026-03-10T00:00:00Z,10.1627,8.2883,7.0175,8.264,5.7355,7.5525
E0029,2026-03-10T00:00:00Z,11.2837,8.1875,7.3537,8.7841,5.9438,9.2259
E0030,2026-03-10T00:00:00Z,10.5176,8.1048,9.5367,8.0718,6.2726,10.4632
E0031,2026-03-10T00:00:00Z,10.1052,9.4841,8.6538,7.6175,6.8764,9.0203
E0032,2026-03-10T00:00:00Z,10.9495,9.334,9.8824,7.773,7.0193,8.5914
E0033,2026-03-10T00:00:00Z,10.9484,8.6196,10.213,5.9427,7.162,11.8078
E0034,2026-03-10T00:00:00Z,11.8173,9.4239,9.2093,7.4466,8.7083,8.6036
E0035,2026-03-10T00:00:00Z,11.4181,9.5829,6.676,9.0893,6.9656,9.9674
E0036,2026-03-10T00:00:00Z,10.2161,9.911,7.9248,7.0424,6.6117,11.2533
E0037,2026-03-10T00:00:00Z,11.5773,8.8711,9.4581,7.5063,7.263,8.9202
E0038,2026-03-10T00:00:00Z,11.5009,7.7553,9.0835,7.1276,8.0428,8.8588
E0039,2026-03-10T00:00:00Z,11.0619,9.6592,8.9831,8.0395,5.1062,9.7448
E0040,2026-03-10T00:00:00Z,10.5129,6.8409,5.1705,8.1298,4.4991,11.4166
E0041,2026-03-10T00:00:00Z,11.4701,8.6652,9.5714,8.4759,6.8549,8.0586
E0042,2026-03-10T00:00:00Z,9.5279,8.1794,8.2834,8.1211,6.0233,9.5156
E0043,2026-03-10T00:00:00Z,11.8423,8.9266,9.7886,8.4384,5.8197,8.5144
E0044,2026-03-10T00:00:00Z,12.2661,7.9146,8.769,7.5707,4.4237,6.0209
E0045,2026-03-10T00:00:00Z,11.549,8.7999,10.0441,6.2136,7.3389,7.7747
E0046,2026-03-10T00:00:00Z,10.9322,9.2896,6.7358,7.2852,8.1204,12.1989
E0047,2026-03-10T00:00:00Z,11.31,8.7456,9.2119,6.1859,8.0088,7.8796
E0048,2026-03-10T00:00:00Z,11.0203,8.6654,7.8853,7.5668,7.0311,9.2167
E0049,2026-03-10T00:00:00Z,10.981,10.6013,9.4011,8.6512,5.2342,7.3664
E0050,2026-03-10T00:00:00Z,12.1038,9.1789,7.9541,7.184,5.1053,10.2028
E0051,2026-03-10T00:00:00Z,11.8689,9.1539,7.9154,6.138,5.8338,10.4032
E0052,2026-03-10T00:00:00Z,12.2983,10.1002,9.3884,8.8444,4.6402,10.1767
E0053,2026-03-10T00:00:00Z,11.1179,8.3314,8.5438,7.3977,6.5583,9.5414
E0054,2026-03-10T00:00:00Z,11.6433,11.6763,8.0655,8.2096,6.0974,9.9688
E0055,2026-03-10T00:00:00Z,11.9747,8.4852,6.0228,7.0019,7.5079,11.1362
E0056,2026-03-10T00:00:00Z,11.6661,8.4047,9.2312,7.3421,5.6757,9.8284
E0057,2026-03-10T00:00:00Z,11.7763,11.0203,7.6645,8.0423,6.6216,7.2216
E0058,2026-03-10T00:00:00Z,11.7248,10.5007,8.3547,6.5893,6.2751,10.085
E0059,2026-03-10T00:00:00Z,11.4166,7.4889,8.727,7.9194,6.875,7.9077
E0060,2026-03-10T00:00:00Z,10.9742,9.403,8.1018,7.3324,6.3128,9.0205
E0061,2026-03-10T00:00:00Z,10.4513,8.6926,7.0606,7.1299,4.5528,6.6855
E0062,2026-03-10T00:00:00Z,10.343,8.6682,8.5351,8.101,5.6764,9.3098
E0063,2026-03-10T00:00:00Z,10.8795,10.1315,8.2581,6.745,7.1759,10.7717
E0064,2026-03-10T00:00:00Z,10.9987,10.4466,7.5555,8.187,7.0235,9.7755
E0065,2026-03-10T00:00:00Z,11.4431,8.293,8.8159,8.9209,6.6546,9.5189
E0066,2026-03-10T00:00:00Z,10.87,9.9603,7.43,7.4773,7.835,10.627
E0067,2026-03-10T00:00:00Z,10.8614,9.2898,10.4244,7.455,7.3501,10.1415
E0068,2026-03-10T00:00:00Z,11.2193,10.9217,8.0842,8.0465,5.6044,11.3312
E0069,2026-03-10T00:00:00Z,13.0189,7.9934,7.1478,7.4932,5.4385,10.524
E0070,2026-03-10T00:00:00Z,12.1615,10.4308,7.1583,6.9511,6.2828,10.8032
E0071,2026-03-10T00:00:00Z,10.735,9.584,9.046,8.2271,6.7586,10.6291
E0072,2026-03-10T00:00:00Z,11.1976,9.0988,8.8248,7.6664,7.2209,9.0382
E0073,2026-03-10T00:00:00Z,10.9795,10.9137,10.5145,8.9381,5.1668,8.3248
E0074,2026-03-10T00:00:00Z,10.2626,9.2131,8.6593,7.2109,6.0663,9.7802
E0075,2026-03-10T00:00:00Z,9.9532,7.8451,8.2283,8.3,9.6197,11.2498
E0076,2026-03-10T00:00:00Z,11.8689,10.7802,8.1344,7.8243,6.5545,9.4611
E0077,2026-03-10T00:00:00Z,10.7213,9.7728,7.8249,5.7806,7.0514,10.2859
E0078,2026-03-10T00:00:00Z,11.217,8.3945,8.799,7.5645,5.0268,11.3473
E0079,2026-03-10T00:00:00Z,11.4856,9.0751,10.31,7.1111,6.9591,11.4546
E0080,2026-03-10T00:00:00Z,10.2034,9.2529,8.0679,7.8415,6.6267,8.3252
E0081,2026-03-10T00:00:00Z,11.9578,10.1504,9.0798,7.5817,6.8063,9.4573
E0082,2026-03-10T00:00:00Z,12.0549,10.3397,8.1439,9.608,5.3917,10.075
E0083,2026-03-10T00:00:00Z,11.8655,8.4821,9.7838,8.0148,5.5482,8.7752
E0084,2026-03-10T00:00:00Z,10.8334,7.851,9.8995,7.0875,5.3778,10.1246
E0085,2026-03-10T00:00:00Z,11.2483,9.3297,8.6053,8.3746,8.3904,9.3925
E0086,2026-03-10T00:00:00Z,10.6086,9.9008,7.3059,8.3456,5.2007,11.107
E0087,2026-03-10T00:00:00Z,12.6436,9.3706,9.2154,7.6681,5.9203,10.2481
E0088,2026-03-10T00:00:00Z,11.4476,9.951,7.1766,5.331,6.3941,11.5505
E0089,2026-03-10T00:00:00Z,11.3753,12.0745,9.9952,7.5126,5.9072,9.8498
E0090,2026-03-10T00:00:00Z,12.1286,8.7718,8.2385,6.2871,5.1567,11.5837
E0091,2026-03-10T00:00:00Z,10.4991,8.9369,8.3181,6.7079,6.2647,12.416
E0092,2026-03-10T00:00:00Z,11.6396,9.7,8.9374,7.0618,6.3997,8.0032
E0093,2026-03-10T00:00:00Z,10.0966,10.0046,8.0832,7.9488,5.932,9.4306
E0094,2026-03-10T00:00:00Z,11.0922,8.4697,9.0224,7.5085,7.6187,9.3595
E0095,2026-03-10T00:00:00Z,11.9974,8.6716,8.8212,8.0132,7.435,9.5629
E0096,2026-03-10T00:00:00Z,11.576,8.5965,7.5157,7.0024,6.2675,12.0112
E0097,2026-03-10T00:00:00Z,11.1773,9.9251,8.2316,9.5681,5.8073,8.4399
E0098,2026-03-10T00:00:00Z,12.5903,10.2027,6.7903,8.0788,5.5214,11.5671
E0099,2026-03-10T00:00:00Z,12.2396,8.6154,7.4032,6.3999,5.5654,11.038
E0100,2026-03-10T00:00:00Z,10.3296,9.656,8.5731,6.588,4.924,9.9986
E0101,2026-03-10T00:00:00Z,10.1832,8.086,8.9562,8.015,5.2624,10.4349
E0102,2026-03-10T00:00:00Z,10.3047,9.8034,9.5544,8.3993,5.0089,7.2687
E0103,2026-03-10T00:00:00Z,11.3245,9.2787,7.301,7.4688,6.2839,12.1955
E0104,2026-03-10T00:00:00Z,11.7749,8.0425,9.1325,6.444,5.7605,10.2701
E0105,2026-03-10T00:00:00Z,10.8866,10.6333,7.4863,8.1099,7.1053,10.8109
E0106,2026-03-10T00:00:00Z,10.1537,10.1437,9.8535,6.7512,5.6081,8.8832
E0107,2026-03-10T00:00:00Z,11.0141,8.8485,8.1743,7.9445,6.4002,9.7291
E0108,2026-03-10T00:00:00Z,11.8698,9.425,7.826,7.5675,5.9497,8.7533
E0109,2026-03-10T00:00:00Z,10.8225,10.3367,6.4971,7.9292,5.4588,8.139
E0110,2026-03-10T00:00:00Z,10.4499,7.8372,8.9973,6.1612,5.5632,13.0662
E0111,2026-03-10T00:00:00Z,9.5232,8.4885,10.2124,8.549,6.4504,9.3547
E0112,2026-03-10T00:00:00Z,11.3152,8.9385,8.8733,7.6187,8.2303,9.7154
E0113,2026-03-10T00:00:00Z,11.4096,8.5374,8.0967,7.7378,8.037,11.4272
E0114,2026-03-10T00:00:00Z,10.6267,9.2978,7.4938,8.4525,7.4708,10.9995
E0115,2026-03-10T00:00:00Z,12.6731,7.9804,8.1739,8.4598,6.1768,9.4588
E0116,2026-03-10T00:00:00Z,10.6386,8.1369,7.6612,7.2321,7.3809,10.5256
E0117,2026-03-10T00:00:00Z,10.896,8.4277,7.464,7.0292,7.177,9.8684
E0118,2026-03-10T00:00:00Z,11.5229,9.0693,9.9447,8.3146,8.2551,10.879
E0119,2026-03-10T00:00:00Z,11.0885,6.4674,8.9566,8.1709,7.5008,10.0537
E0120,2026-03-10T00:00:00Z,9.5077,8.5031,9.2154,10.5875,5.8406,8.8268
E0121,2026-03-10T00:00:00Z,11.3494,9.3928,8.6843,6.4095,4.7026,9.3159
E0122,2026-03-10T00:00:00Z,12.9724,9.5272,9.7194,7.8366,7.5592,8.7399
E0123,2026-03-10T00:00:00Z,10.8968,8.9656,8.8392,8.9937,5.607,11.614
E0124,2026-03-10T00:00:00Z,11.1379,6.8428,8.7236,8.433,6.4642,8.5853
E0125,2026-03-10T00:00:00Z,10.1572,8.1518,10.264,8.1989,6.3979,10.9832
E0126,2026-03-10T00:00:00Z,12.8654,9.4994,10.9959,7.9418,6.5705,10.6987
E0127,2026-03-10T00:00:00Z,11.4135,9.037,8.5238,9.567,6.3597,9.3274
E0128,2026-03-10T00:00:00Z,12.5922,8.7055,7.2688,8.3032,6.8266,8.8223
E0129,2026-03-10T00:00:00Z,10.9412,10.4997,6.1321,7.5435,7.2366,11.3607
E0130,2026-03-10T00:00:00Z,11.1083,9.6194,7.6314,8.9023,6.3676,10.9966
E0131,2026-03-10T00:00:00Z,10.648,9.0603,10.0204,6.8333,6.0063,7.558
E0132,2026-03-10T00:00:00Z,11.5955,9.6032,6.6695,8.5546,7.0606,10.6364
E0133,2026-03-10T00:00:00Z,11.399,9.1379,9.4232,6.0373,5.9375,8.9571
E0134,2026-03-10T00:00:00Z,10.6419,8.9,6.6948,8.1673,7.7941,9.4941
E0135,2026-03-10T00:00:00Z,10.7599,7.9674,8.7934,7.564,7.0635,8.5068
E0136,2026-03-10T00:00:00Z,10.6348,9.1235,7.5872,6.519,6.5428,8.3044
E0137,2026-03-10T00:00:00Z,11.4153,10.1331,6.5351,7.5071,6.236,8.1688
E0138,2026-03-10T00:00:00Z,11.9779,10.24,8.2921,5.8477,7.5995,8.0765
E0139,2026-03-10T00:00:00Z,9.5958,9.8263,8.3847,8.6382,6.013,9.198
E0140,2026-03-10T00:00:00Z,11.447,7.8622,9.3591,6.7613,6.5325,8.1154
E0141,2026-03-10T00:00:00Z,11.3243,9.0856,8.7492,9.3264,6.5358,8.4339
E0142,2026-03-10T00:00:00Z,11.6401,10.0974,8.1421,5.5616,4.9666,9.9278
E0143,2026-03-10T00:00:00Z,9.4813,7.8205,10.3667,8.1678,6.5004,9.3487
E0144,2026-03-10T00:00:00Z,12.3767,8.3839,8.7742,7.6441,7.1089,7.0774
E0145,2026-03-10T00:00:00Z,11.5628,9.3858,8.0767,7.5746,5.6681,9.1613
E0146,2026-03-10T00:00:00Z,12.6424,8.81,8.2405,6.9525,4.1376,10.3941
E0147,2026-03-10T00:00:00Z,10.7998,9.318,7.6833,7.5597,7.1724,10.732
E0148,2026-03-10T00:00:00Z,10.6935,8.6117,9.4585,7.4228,5.9524,11.2007
E0149,2026-03-10T00:00:00Z,11.4723,9.3926,8.9067,9.165,6.269,7.1328
E0000,2026-03-11T00:00:00Z,12.0611,8.442,8.5275,8.2275,6.6959,8.215
E0001,2026-03-11T00:00:00Z,10.6375,10.52,10.3251,7.9518,7.1099,10.2945
E0002,2026-03-11T00:00:00Z,11.0576,8.6347,8.1726,7.2177,5.3557,11.2129
E0003,2026-03-11T00:00:00Z,10.4777,9.1415,10.8391,8.6681,7.4622,10.28
E0004,2026-03-11T00:00:00Z,12.2396,8.8672,9.1864,6.6468,5.7054,9.2572
E0005,2026-03-11T00:00:00Z,11.9466,8.6595,8.5946,6.9761,6.1927,9.3907
E0006,2026-03-11T00:00:00Z,10.6552,11.3048,9.6013,5.9603,7.8231,7.6328
E0007,2026-03-11T00:00:00Z,11.4511,9.0618,6.7164,7.2123,8.2564,11.6647
E0008,2026-03-11T00:00:00Z,10.7261,9.1966,7.1965,6.8944,5.324,5.2528
E0009,2026-03-11T00:00:00Z,11.1459,8.6189,8.2383,6.7191,4.8461,6.1588
E0010,2026-03-11T00:00:00Z,12.2649,10.0796,9.3154,6.9161,6.6782,9.2103
E0011,2026-03-11T00:00:00Z,11.8974,9.2139,7.5771,8.4029,6.3536,9.5725
E0012,2026-03-11T00:00:00Z,10.8592,9.2148,7.559,6.2988,6.5709,10.9677
E0013,2026-03-11T00:00:00Z,10.529,8.9714,6.6809,7.1858,5.7493,9.0794
E0014,2026-03-11T00:00:00Z,11.5281,10.4301,6.1035,8.6501,7.4749,6.6206
E0015,2026-03-11T00:00:00Z,10.7328,10.0903,6.6728,8.4498,6.8607,10.5619
E0016,2026-03-11T00:00:00Z,12.1153,9.0247,8.3586,8.3751,6.1371,10.8922
E0017,2026-03-11T00:00:00Z,10.9606,7.3315,10.5178,8.0768,5.1148,10.1549
E0018,2026-03-11T00:00:00Z,11.7483,8.8634,7.3675,6.8446,6.5157,8.4862
E0019,2026-03-11T00:00:00Z,10.8839,8.3911,10.2154,6.1648,6.097,8.9015
E0020,2026-03-11T00:00:00Z,10.2896,6.7282,8.8655,9.0016,7.2228,9.1751
E0021,2026-03-11T00:00:00Z,10.9871,9.6162,8.7298,6.7386,6.2789,7.5968
E0022,2026-03-11T00:00:00Z,9.7658,10.5085,7.6027,7.738,6.2418,9.368
E0023,2026-03-11T00:00:00Z,12.1461,9.2198,8.7567,8.5327,5.5792,9.1588
E0024,2026-03-11T00:00:00Z,12.303,9.2786,7.8226,6.9418,5.6328,7.7674
E0025,2026-03-11T00:00:00Z,9.7763,9.2422,10.028,7.1074,6.6836,8.1821
E0026,2026-03-11T00:00:00Z,11.1432,7.4525,8.9307,8.4039,6.1393,11.9399
E0027,2026-03-11T00:00:00Z,10.3583,10.2285,6.1214,9.9877,7.1319,8.1317
E0028,2026-03-11T00:00:00Z,9.6806,9.1817,5.8633,9.216,5.0101,8.6597
E0029,2026-03-11T00:00:00Z,11.1768,8.9137,9.0317,8.5891,7.6391,9.8758
E0030,2026-03-11T00:00:00Z,11.4602,10.4768,9.1578,8.3147,4.8383,10.3349
E0031,2026-03-11T00:00:00Z,12.2209,9.0014,9.4243,6.0312,6.46,11.2052
E0032,2026-03-11T00:00:00Z,11.8213,7.9101,5.868,7.5178,6.6905,7.9285
E0033,2026-03-11T00:00:00Z,10.632,8.8622,8.8038,7.7569,7.5148,6.6499
E0034,2026-03-11T00:00:00Z,11.5948,9.0203,10.4592,7.8191,5.7822,10.3389
E0035,2026-03-11T00:00:00Z,12.25,8.1097,5.1287,7.5736,6.819,9.7223
E0036,2026-03-11T00:00:00Z,10.6171,9.7103,10.0698,7.4885,6.1239,9.6693
E0037,2026-03-11T00:00:00Z,12.8916,9.5427,8.1813,8.2065,6.2399,11.263
E0038,2026-03-11T00:00:00Z,12.135,8.9859,6.5259,6.8446,6.9171,8.4546
E0039,2026-03-11T00:00:00Z,11.8796,7.9403,7.8492,7.4619,6.2324,10.0145
E0040,2026-03-11T00:00:00Z,12.273,9.9493,10.1451,8.0945,7.5016,8.0398
E0041,2026-03-11T00:00:00Z,10.3038,9.7502,9.0377,8.2367,6.3011,11.2884
E0042,2026-03-11T00:00:00Z,11.1404,10.788,7.3201,7.6003,6.061,7.4685
E0043,2026-03-11T00:00:00Z,12.5487,10.1687,9.8152,5.541,7.111,8.086
E0044,2026-03-11T00:00:00Z,10.7744,7.2078,11.0022,6.9226,5.1492,10.6962
E0045,2026-03-11T00:00:00Z,11.267,10.3562,8.6713,7.9402,5.5601,10.0777
E0046,2026-03-11T00:00:00Z,10.6,8.8572,8.2651,8.398,7.1969,10.3302
E0047,2026-03-11T00:00:00Z,10.5305,7.9217,8.7707,8.7656,8.1856,8.6161
E0048,2026-03-11T00:00:00Z,10.7407,9.4919,8.3191,6.2965,6.0156,8.6543
E0049,2026-03-11T00:00:00Z,11.2273,9.1215,8.2846,6.677,6.6657,10.211
E0050,2026-03-11T00:00:00Z,11.5158,8.3094,9.0759,6.4508,7.9864,8.3771
E0051,2026-03-11T00:00:00Z,10.2083,8.8638,7.7325,7.5637,7.5957,11.252
E0052,2026-03-11T00:00:00Z,11.537,10.1763,8.7506,7.5758,6.7086,8.4934
E0053,2026-03-11T00:00:00Z,10.3257,8.5101,8.2243,7.4472,6.5304,10.3814
E0054,2026-03-11T00:00:00Z,12.6199,7.4604,9.4244,7.2657,6.1327,7.7923
E0055,2026-03-11T00:00:00Z,11.8789,10.2209,6.5278,7.7053,7.5745,9.5207
E0056,2026-03-11T00:00:00Z,11.9659,9.2724,7.2802,7.6485,8.3076,9.2604
E0057,2026-03-11T00:00:00Z,12.1814,7.7595,9.4391,7.3993,5.2072,8.9379
E0058,2026-03-11T00:00:00Z,11.3194,9.5193,10.1962,8.2604,6.5872,11.1397
E0059,2026-03-11T00:00:00Z,10.617,8.693,8.473,7.9796,6.0322,5.7099
E0060,2026-03-11T00:00:00Z,11.523,9.2914,8.6375,7.7375,6.0154,9.2506
E0061,2026-03-11T00:00:00Z,11.0436,8.6236,8.942,8.0952,5.4594,9.4081
E0062,2026-03-11T00:00:00Z,11.4653,8.1949,7.0735,7.1251,6.9081,7.1601
E0063,2026-03-11T00:00:00Z,11.2648,9.0799,9.2315,8.7088,9.5509,6.6476
E0064,2026-03-11T00:00:00Z,10.4086,8.608,6.3403,9.1367,5.5481,9.4185
E0065,2026-03-11T00:00:00Z,11.3087,8.4784,10.693,6.4317,7.7311,9.9254
E0066,2026-03-11T00:00:00Z,11.2057,8.4489,7.0741,6.8838,9.3979,10.9506
E0067,2026-03-11T00:00:00Z,12.3648,7.4481,6.3414,8.2646,5.269,8.7929
E0068,2026-03-11T00:00:00Z,10.6089,7.7671,6.7656,8.9438,7.6432,13.1448
E0069,2026-03-11T00:00:00Z,11.2293,9.9152,9.1407,7.9941,7.3438,9.951
E0070,2026-03-11T00:00:00Z,11.1002,10.7853,9.2715,7.2918,5.5843,9.5569
E0071,2026-03-11T00:00:00Z,11.283,9.8984,8.6104,7.2051,6.7535,11.5145
E0072,2026-03-11T00:00:00Z,10.6593,8.9662,7.5787,7.2589,5.8899,9.2533
E0073,2026-03-11T00:00:00Z,10.9271,9.9298,9.8229,5.9343,7.3585,9.9766
E0074,2026-03-11T00:00:00Z,11.0893,8.7422,10.4067,9.3829,6.5119,9.8741
E0075,2026-03-11T00:00:00Z,11.2615,9.8839,8.2324,7.8145,7.8883,10.2715
E0076,2026-03-11T00:00:00Z,10.6357,8.7685,8.4793,6.6298,6.4087,11.4813
E0077,2026-03-11T00:00:00Z,11.7094,10.0194,5.8528,7.555,7.5437,11.4794
E0078,2026-03-11T00:00:00Z,11.9034,9.1438,8.3255,7.3172,7.1619,9.4997
E0079,2026-03-11T00:00:00Z,11.9767,8.103,9.5232,6.5612,8.5571,9.39
E0080,2026-03-11T00:00:00Z,11.2063,9.6047,9.4631,8.872,7.6268,8.6011
E0081,2026-03-11T00:00:00Z,11.3842,9.2461,8.5079,6.7783,5.1783,9.1591
E0082,2026-03-11T00:00:00Z,10.6621,9.6289,10.0756,7.2226,6.0608,8.8153
E0083,2026-03-11T00:00:00Z,10.5769,8.0408,8.5995,8.0153,6.9275,10.6432
E0084,2026-03-11T00:00:00Z,10.4755,7.912,8.6763,7.3823,5.7417,9.2013
E0085,2026-03-11T00:00:00Z,11.8689,9.0936,10.0702,7.2635,7.618,10.2552
E0086,2026-03-11T00:00:00Z,10.4073,10.0935,8.9511,5.9464,5.6704,8.9275
E0087,2026-03-11T00:00:00Z,11.4899,8.4795,9.6068,7.4957,7.842,8.505
E0088,2026-03-11T00:00:00Z,11.3357,10.5913,7.8139,7.3313,6.3714,11.232
E0089,2026-03-11T00:00:00Z,11.5422,10.3498,6.5901,9.3891,6.9137,9.0592
E0090,2026-03-11T00:00:00Z,11.9817,7.7188,7.1161,7.9388,6.4314,8.946
E0091,2026-03-11T00:00:00Z,12.3495,11.0128,7.2366,6.1821,6.7117,10.7539
E0092,2026-03-11T00:00:00Z,11.9951,10.0713,7.0887,7.1691,5.5137,8.0439
E0093,2026-03-11T00:00:00Z,11.2112,10.0386,5.1927,6.7049,7.6051,6.1523
E0094,2026-03-11T00:00:00Z,10.6367,10.5523,7.4605,7.3961,7.0011,10.4345
E0095,2026-03-11T00:00:00Z,10.2202,7.742,8.6988,7.9412,6.6866,6.698
E0096,2026-03-11T00:00:00Z,11.8683,7.7833,7.0529,7.2736,6.2163,12.9264
E0097,2026-03-11T00:00:00Z,9.9405,9.6204,8.3243,7.4502,6.8178,11.0251
E0098,2026-03-11T00:00:00Z,12.4404,8.5704,8.028,6.9145,7.5821,10.445
E0099,2026-03-11T00:00:00Z,10.2993,7.8545,7.9746,7.1362,5.9465,8.6133
E0100,2026-03-11T00:00:00Z,11.246,8.4553,5.9542,8.1876,5.6616,9.0732
E0101,2026-03-11T00:00:00Z,10.8795,8.7494,7.2449,7.1688,6.7907,10.1986
E0102,2026-03-11T00:00:00Z,11.0598,8.9078,7.2232,6.6976,6.2626,7.8497
E0103,2026-03-11T00:00:00Z,12.1594,11.3833,7.894,6.8509,6.1292,9.9156
E0104,2026-03-11T00:00:00Z,10.2647,9.8927,7.2465,8.1143,4.7964,11.6844
E0105,2026-03-11T00:00:00Z,9.5947,10.3436,7.138,7.0195,6.6851,11.0327
E0106,2026-03-11T00:00:00Z,10.853,9.2173,8.324,7.2169,5.8476,13.123
E0107,2026-03-11T00:00:00Z,10.5341,7.7189,8.5891,8.2172,5.9137,8.5833
E0108,2026-03-11T00:00:00Z,9.9998,9.6269,9.1932,8.1385,4.7432,11.4494
E0109,2026-03-11T00:00:00Z,11.0219,10.5137,8.48,7.7049,4.4327,12.2509
E0110,2026-03-11T00:00:00Z,11.4136,9.7006,9.0455,6.8297,5.7878,10.1501
E0111,2026-03-11T00:00:00Z,11.3935,8.9258,7.3289,6.4885,7.3898,9.8772
E0112,2026-03-11T00:00:00Z,11.2301,10.0488,8.3801,8.2091,5.8075,9.5902
E0113,2026-03-11T00:00:00Z,10.9148,8.8067,7.8395,5.5932,5.7209,13.2372
E0114,2026-03-11T00:00:00Z,10.6648,9.8737,8.7491,6.5013,7.6177,9.9815
E0115,2026-03-11T00:00:00Z,11.8849,8.5021,7.5858,7.0768,4.5605,8.6641
E0116,2026-03-11T00:00:00Z,10.9956,9.9733,7.7521,6.621,6.8331,9.797
E0117,2026-03-11T00:00:00Z,10.0844,8.6994,9.47,8.9488,8.5393,10.8808
E0118,2026-03-11T00:00:00Z,11.291,9.6917,5.4079,7.5113,7.1456,8.5204
E0119,2026-03-11T00:00:00Z,10.8456,8.9765,8.684,7.0128,6.6566,10.1774
E0120,2026-03-11T00:00:00Z,10.4471,8.2823,9.8122,8.4597,7.1894,8.1225
E0121,2026-03-11T00:00:00Z,11.1311,9.3349,9.1041,9.1442,6.471,8.0108
E0122,2026-03-11T00:00:00Z,10.3989,11.0396,7.2951,8.143,6.9234,7.7322
E0123,2026-03-11T00:00:00Z,11.436,8.5883,8.6127,6.1646,7.4813,7.6072
E0124,2026-03-11T00:00:00Z,11.5438,9.281,8.916,7.0013,8.187,7.8752
E0125,2026-03-11T00:00:00Z,12.6088,11.4801,8.3201,7.5364,5.4072,9.238
E0126,2026-03-11T00:00:00Z,11.995,8.1322,7.8462,7.837,4.7769,9.1845
E0127,2026-03-11T00:00:00Z,11.3192,8.7868,10.6695,8.9767,6.4489,9.3177
E0128,2026-03-11T00:00:00Z,11.161,10.8676,7.6883,6.9711,5.2437,10.1733
E0129,2026-03-11T00:00:00Z,9.78,9.8847,10.1022,8.7635,7.3957,6.8894
E0130,2026-03-11T00:00:00Z,10.2674,9.617,9.5187,8.2792,6.3595,9.3166
E0131,2026-03-11T00:00:00Z,11.4337,9.0915,8.3247,6.5217,4.7581,10.4762
E0132,2026-03-11T00:00:00Z,11.6653,7.7612,7.9291,7.1352,6.4106,11.1544
E0133,2026-03-11T00:00:00Z,11.3991,7.3766,9.7842,6.7396,6.3317,8.7048
E0134,2026-03-11T00:00:00Z,12.114,9.2393,8.5579,6.89,4.7995,10.7336
E0135,2026-03-11T00:00:00Z,11.1924,8.1492,8.4699,7.031,7.4528,9.1208
E0136,2026-03-11T00:00:00Z,10.6524,9.9129,9.451,7.324,6.5722,10.1186
E0137,2026-03-11T00:00:00Z,9.8052,8.1488,7.0968,8.1677,5.1545,8.3805
E0138,2026-03-11T00:00:00Z,10.4466,9.59,9.4717,9.2478,4.4708,10.2348
E0139,2026-03-11T00:00:00Z,9.9432,11.023,10.6391,8.0913,6.3493,8.5929
E0140,2026-03-11T00:00:00Z,11.148,8.9877,7.5566,6.9089,8.2467,10.9477
E0141,2026-03-11T00:00:00Z,10.2957,7.8172,6.7479,8.9157,7.3491,9.993
E0142,2026-03-11T00:00:00Z,11.5418,8.7123,9.2313,7.1157,6.7484,9.7047
E0143,2026-03-11T00:00:00Z,11.7688,8.8816,9.3988,7.5145,6.4864,10.1881
E0144,2026-03-11T00:00:00Z,11.5247,10.259,8.1644,6.335,7.4436,8.4998
E0145,2026-03-11T00:00:00Z,11.1805,8.592,7.3178,6.3803,7.0584,10.8322
E0146,2026-03-11T00:00:00Z,10.4105,9.4115,7.2256,8.2956,6.7341,9.2714
E0147,2026-03-11T00:00:00Z,12.6107,8.0131,6.4671,6.1231,5.7906,8.9402
E0148,2026-03-11T00:00:00Z,10.7175,11.337,8.529,7.1519,7.3301,4.8037
E0149,2026-03-11T00:00:00Z,9.8647,9.4897,9.1956,6.613,7.0044,11.3159
E0000,2026-03-12T00:00:00Z,10.2382,8.443,6.4598,6.0662,6.5177,7.785
E0001,2026-03-12T00:00:00Z,11.618,8.8257,8.1602,7.4735,8.2793,8.5323
E0002,2026-03-12T00:00:00Z,12.0527,7.0795,7.8932,7.306,5.1514,11.1137
E0003,2026-03-12T00:00:00Z,11.7951,7.7771,8.0269,10.1819,4.6159,10.9318
E0004,2026-03-12T00:00:00Z,11.4512,9.6868,7.193,6.9324,6.1492,8.9582
E0005,2026-03-12T00:00:00Z,11.1189,10.0618,9.0883,8.8135,6.4365,10.3225
E0006,2026-03-12T00:00:00Z,10.5683,9.267,8.8712,7.8366,5.04,11.9159
E0007,2026-03-12T00:00:00Z,11.3747,6.9419,8.7034,8.6508,6.4405,11.1934
E0008,2026-03-12T00:00:00Z,10.9039,7.3953,9.8447,7.0768,6.4825,10.5265
E0009,2026-03-12T00:00:00Z,10.1505,9.3151,6.5766,6.7396,6.2924,9.1796
E0010,2026-03-12T00:00:00Z,11.4848,9.0056,7.4163,8.2689,6.5368,10.7712
E0011,2026-03-12T00:00:00Z,10.9082,9.1133,8.9116,7.1537,7.7338,10.2189
E0012,2026-03-12T00:00:00Z,11.6482,8.7379,11.0643,7.0076,7.2316,9.3604
E0013,2026-03-12T00:00:00Z,11.6687,7.416,6.4836,7.9915,7.6434,7.6616
E0014,2026-03-12T00:00:00Z,11.7909,9.2523,8.2532,8.6765,5.1206,7.7903
E0015,2026-03-12T00:00:00Z,10.8484,9.3328,10.2175,7.4716,5.2322,5.9642
E0016,2026-03-12T00:00:00Z,11.4122,10.2195,9.0486,7.9901,5.5087,9.7287
E0017,2026-03-12T00:00:00Z,12.3989,7.3394,8.7278,7.8882,7.1859,10.5496
E0018,2026-03-12T00:00:00Z,11.4075,9.7321,9.4701,8.3915,4.4066,10.7024
E0019,2026-03-12T00:00:00Z,10.9711,9.1779,8.007,8.6323,4.3504,10.165
E0020,2026-03-12T00:00:00Z,10.8951,8.9215,7.7397,8.1137,6.3587,9.8732
E0021,2026-03-12T00:00:00Z,12.2342,9.6064,8.4924,7.8915,5.0895,11.079
E0022,2026-03-12T00:00:00Z,11.57,7.7567,8.8366,8.9469,5.1397,8.9498
E0023,2026-03-12T00:00:00Z,10.7653,8.4976,9.381,7.3294,7.3911,9.3393
E0024,2026-03-12T00:00:00Z,11.9558,8.3035,6.2549,9.03,5.9598,10.1421
E0025,2026-03-12T00:00:00Z,10.0299,10.3509,9.2,6.63,6.577,9.3868
E0026,2026-03-12T00:00:00Z,11.4964,9.866,6.8626,6.9427,6.8312,7.3811
E0027,2026-03-12T00:00:00Z,10.428,11.0412,8.6952,8.0413,8.0437,11.624
E0028,2026-03-12T00:00:00Z,11.4305,8.633,7.8681,8.2675,8.1145,8.4046
E0029,2026-03-12T00:00:00Z,11.1734,9.3161,7.9785,7.6352,4.8792,11.9834
E0030,2026-03-12T00:00:00Z,11.4467,9.2253,7.1063,7.927,5.3941,8.5615
E0031,2026-03-12T00:00:00Z,11.6229,10.7524,8.0329,7.9843,5.2769,11.5764
E0032,2026-03-12T00:00:00Z,11.7856,6.6561,9.8987,7.3347,5.9967,10.9355
E0033,2026-03-12T00:00:00Z,11.3209,7.9203,9.0319,6.863,7.136,8.0881
E0034,2026-03-12T00:00:00Z,9.8785,8.9113,10.4299,7.6858,6.2785,8.3559
E0035,2026-03-12T00:00:00Z,11.4277,9.5271,6.5995,7.7242,5.9848,10.2931
E0036,2026-03-12T00:00:00Z,11.7698,7.7157,8.1359,6.5277,5.5507,7.0829
E0037,2026-03-12T00:00:00Z,10.5824,9.515,9.5992,9.4331,6.4323,9.8067
E0038,2026-03-12T00:00:00Z,12.1913,8.4018,9.9497,5.937,7.9828,6.5491
E0039,2026-03-12T00:00:00Z,10.6962,8.4932,9.6444,8.8983,5.3821,11.0247
E0040,2026-03-12T00:00:00Z,10.1104,9.1638,8.6197,8.4948,7.3804,9.0124
E0041,2026-03-12T00:00:00Z,12.1344,9.752,7.7212,7.9708,4.1237,9.7415
E0042,2026-03-12T00:00:00Z,10.4379,9.1462,8.7118,6.6893,6.0693,10.9549
E0043,2026-03-12T00:00:00Z,9.8369,9.1264,7.0837,8.1702,4.841,12.4425
E0044,2026-03-12T00:00:00Z,11.1987,7.0444,6.9051,8.751,5.8988,11.8774
E0045,2026-03-12T00:00:00Z,11.3445,9.7919,9.2183,7.594,7.2212,10.5342
E0046,2026-03-12T00:00:00Z,10.7907,9.9097,8.26,7.3704,6.3455,8.2869
E0047,2026-03-12T00:00:00Z,12.4971,8.5529,7.6901,7.6631,5.8307,8.2372
E0048,2026-03-12T00:00:00Z,11.6837,9.2871,7.9493,7.3829,3.8726,11.416
E0049,2026-03-12T00:00:00Z,11.9358,9.0933,7.2306,7.3999,7.4908,10.2653
E0050,2026-03-12T00:00:00Z,10.0332,8.799,11.0108,7.0122,7.1394,10.1194
E0051,2026-03-12T00:00:00Z,11.6106,9.6001,6.2229,6.4863,6.4775,9.0912
E0052,2026-03-12T00:00:00Z,10.9414,9.6878,8.355,6.9761,6.2898,8.8781
E0053,2026-03-12T00:00:00Z,11.3555,9.8564,8.4271,8.3846,8.2343,6.905
E0054,2026-03-12T00:00:00Z,11.7354,9.1928,8.5869,7.177,5.3348,10.3666
E0055,2026-03-12T00:00:00Z,12.0625,8.5993,6.878,6.627,5.7328,8.5782
E0056,2026-03-12T00:00:00Z,10.4965,6.6467,8.1362,8.1131,6.1244,10.0861
E0057,2026-03-12T00:00:00Z,10.787,8.3022,7.3349,7.6532,5.0907,9.6069
E0058,2026-03-12T00:00:00Z,10.7893,8.8909,9.9759,8.0335,4.4902,11.0344
E0059,2026-03-12T00:00:00Z,10.0069,7.9811,7.256,9.5826,5.4769,10.223
E0060,2026-03-12T00:00:00Z,10.5854,7.9911,9.3766,6.4186,4.3465,9.0386
E0061,2026-03-12T00:00:00Z,11.2007,8.9615,7.6143,8.5609,8.428,9.0571
E0062,2026-03-12T00:00:00Z,11.2398,10.8984,7.7359,7.4987,7.3374,8.3935
E0063,2026-03-12T00:00:00Z,12.8422,10.2227,8.553,6.8352,6.0517,8.7367
E0064,2026-03-12T00:00:00Z,11.034,9.9233,6.935,8.8739,6.4909,9.4766
E0065,2026-03-12T00:00:00Z,10.1394,9.0696,7.5073,7.4186,7.0953,9.3627
E0066,2026-03-12T00:00:00Z,10.8299,8.9035,9.5952,6.4198,6.5255,9.2062
E0067,2026-03-12T00:00:00Z,10.6053,9.4685,9.2784,7.2865,6.6947,6.8678
E0068,2026-03-12T00:00:00Z,12.0561,9.7845,7.8256,8.031,6.0529,6.799
E0069,2026-03-12T00:00:00Z,10.1832,9.8201,8.6738,8.6475,6.245,8.9132
E0070,2026-03-12T00:00:00Z,11.5937,10.4092,10.3274,6.0054,5.8351,11.9172
E0071,2026-03-12T00:00:00Z,10.8721,8.6343,7.4229,7.1542,5.523,5.1108
E0072,2026-03-12T00:00:00Z,10.7005,10.4548,6.7029,7.6211,7.6568,9.4816
E0073,2026-03-12T00:00:00Z,11.9398,10.0476,7.2709,7.5969,5.6922,9.9798
E0074,2026-03-12T00:00:00Z,11.8872,9.0426,10.3399,5.8859,6.5885,9.2468
E0075,2026-03-12T00:00:00Z,10.6331,10.8391,7.1482,7.2822,5.2451,10.5158
E0076,2026-03-12T00:00:00Z,12.1494,8.1727,8.3037,8.4289,7.7401,10.8153
E0077,2026-03-12T00:00:00Z,10.897,10.0653,9.4715,7.2457,6.6202,9.0437
E0078,2026-03-12T00:00:00Z,11.2113,8.5281,6.8596,8.0758,7.7209,9.8692
E0079,2026-03-12T00:00:00Z,11.7054,8.0302,9.5444,8.1715,6.6372,9.6568
E0080,2026-03-12T00:00:00Z,11.7137,7.5378,8.1142,8.7769,5.2122,9.4024
E0081,2026-03-12T00:00:00Z,10.1116,8.959,6.8965,6.4308,5.7475,11.2131
E0082,2026-03-12T00:00:00Z,11.2688,9.6882,7.0454,9.1157,5.6794,12.3346
E0083,2026-03-12T00:00:00Z,9.3402,8.3293,6.8647,4.9361,6.464,10.5307
E0084,2026-03-12T00:00:00Z,12.1073,8.6581,7.7394,8.5924,6.8375,9.9799
E0085,2026-03-12T00:00:00Z,9.3159,12.3678,10.2588,6.1901,5.3877,7.2042
E0086,2026-03-12T00:00:00Z,11.7778,9.7001,6.1957,8.0958,7.0075,9.3031
E0087,2026-03-12T00:00:00Z,11.6056,10.0257,7.5137,8.1011,5.5116,10.3002
E0088,2026-03-12T00:00:00Z,10.7127,10.3315,7.5694,8.9016,6.2676,9.3458
E0089,2026-03-12T00:00:00Z,11.0522,7.919,8.7328,6.6964,5.3076,10.5103
E0090,2026-03-12T00:00:00Z,11.4038,7.7588,7.1209,8.305,6.0734,9.6647
E0091,2026-03-12T00:00:00Z,10.7108,7.9716,7.7834,7.3693,5.7158,8.6154
E0092,2026-03-12T00:00:00Z,11.2057,8.4862,8.8472,5.9173,5.9601,8.3209
E0093,2026-03-12T00:00:00Z,13.6508,8.7123,6.7523,8.7928,5.5389,7.8439
E0094,2026-03-12T00:00:00Z,10.7291,8.3679,8.9791,6.2342,7.0237,10.3662
E0095,2026-03-12T00:00:00Z,12.4157,9.9397,8.3314,6.7314,7.1008,10.7718
E0096,2026-03-12T00:00:00Z,11.5528,7.9404,8.9685,6.0203,7.8285,7.5772
E0097,2026-03-12T00:00:00Z,10.6662,10.3192,9.854,8.6289,4.4005,7.2636
E0098,2026-03-12T00:00:00Z,10.9574,9.7631,8.6062,6.2021,5.3784,9.4924
E0099,2026-03-12T00:00:00Z,11.6674,8.4033,8.2347,5.804,7.3773,11.1564
E0100,2026-03-12T00:00:00Z,10.8743,9.3424,8.2912,8.484,6.3144,9.7945
E0101,2026-03-12T00:00:00Z,10.8454,7.2681,8.3931,6.9852,5.859,11.8363
E0102,2026-03-12T00:00:00Z,12.0781,10.4984,9.5371,7.8212,5.6659,7.5616
E0103,2026-03-12T00:00:00Z,10.3562,10.6677,7.0983,8.2686,4.244,10.0956
E0104,2026-03-12T00:00:00Z,11.8138,8.7897,8.1925,6.7077,4.2867,10.785
E0105,2026-03-12T00:00:00Z,11.2673,9.485,9.4375,7.7091,5.0752,9.4322
E0106,2026-03-12T00:00:00Z,12.7496,6.9464,10.0063,8.1703,4.2856,10.1022
E0107,2026-03-12T00:00:00Z,12.2892,8.0605,10.0025,6.938,7.1411,9.3519
E0108,2026-03-12T00:00:00Z,10.4874,7.3471,9.4997,8.281,6.3622,9.956
E0109,2026-03-12T00:00:00Z,10.5674,10.0865,7.8307,8.597,5.3932,8.2021
E0110,2026-03-12T00:00:00Z,11.3828,7.0426,9.0696,8.3366,5.3336,8.4649
E0111,2026-03-12T00:00:00Z,10.4495,8.5613,10.1255,8.5434,4.5808,10.263
E0112,2026-03-12T00:00:00Z,11.4493,8.7351,9.8312,7.1963,6.3251,7.6981
E0113,2026-03-12T00:00:00Z,11.2037,9.8391,7.9904,8.5964,7.0976,9.9306
E0114,2026-03-12T00:00:00Z,10.1055,9.3985,8.6594,7.1221,5.454,12.7416
E0115,2026-03-12T00:00:00Z,9.9711,8.2418,9.4618,9.2751,6.0746,8.3782
E0116,2026-03-12T00:00:00Z,11.7234,9.0026,8.1326,8.2684,5.6453,10.2139
E0117,2026-03-12T00:00:00Z,10.6513,11.6082,8.7507,7.5553,7.2611,10.9857
E0118,2026-03-12T00:00:00Z,11.4513,10.3254,7.9644,6.6453,6.5323,11.3292
E0119,2026-03-12T00:00:00Z,10.974,10.2959,8.1709,6.5289,6.0543,8.6063
E0120,2026-03-12T00:00:00Z,12.0306,7.7857,8.4841,6.4485,7.305,9.612
E0121,2026-03-12T00:00:00Z,11.4658,8.1236,8.5144,8.5059,3.4442,11.2959
E0122,2026-03-12T00:00:00Z,11.2782,10.0482,6.9414,6.6374,5.554,7.9493
E0123,2026-03-12T00:00:00Z,10.6306,8.2912,9.1205,9.3616,6.666,8.8101
E0124,2026-03-12T00:00:00Z,11.6779,7.4662,8.7517,7.7022,5.9642,7.8072
E0125,2026-03-12T00:00:00Z,11.2556,11.0566,11.4286,7.0725,5.1959,10.202
E0126,2026-03-12T00:00:00Z,13.0042,9.3202,9.4165,7.5811,6.3328,8.8803
E0127,2026-03-12T00:00:00Z,10.5033,8.8313,8.7498,7.3092,6.5881,12.1715
E0128,2026-03-12T00:00:00Z,11.7121,10.765,9.4517,8.4062,5.3935,9.7325
E0129,2026-03-12T00:00:00Z,11.0161,9.2955,8.0273,7.2651,5.6311,9.4482
E0130,2026-03-12T00:00:00Z,11.8957,7.7551,8.7799,7.9058,6.3059,11.9137
E0131,2026-03-12T00:00:00Z,11.2941,8.5215,8.9631,8.183,5.5281,9.5855
E0132,2026-03-12T00:00:00Z,11.4644,9.0247,7.7193,4.7684,7.541,10.9147
E0133,2026-03-12T00:00:00Z,11.4277,11.4553,6.4584,8.936,6.2707,10.5702
E0134,2026-03-12T00:00:00Z,11.0012,9.99,8.3216,7.2324,6.9825,10.1325
E0135,2026-03-12T00:00:00Z,11.8332,8.9136,7.8334,8.3509,6.1536,11.0365
E0136,2026-03-12T00:00:00Z,12.055,8.2685,10.4639,8.5146,7.301,7.409
E0137,2026-03-12T00:00:00Z,12.214,9.2992,7.8891,8.4671,7.1293,9.7546
E0138,2026-03-12T00:00:00Z,10.6435,9.4426,7.8709,6.615,6.5351,12.3727
E0139,2026-03-12T00:00:00Z,12.6327,10.8539,8.6155,7.2352,7.4734,7.5731
E0140,2026-03-12T00:00:00Z,11.3322,8.2516,8.6645,9.0571,5.9304,7.4321
E0141,2026-03-12T00:00:00Z,11.2028,10.1269,9.0043,10.3418,7.6289,9.9803
E0142,2026-03-12T00:00:00Z,10.9207,7.781,7.1219,8.4953,6.9581,10.0979
E0143,2026-03-12T00:00:00Z,11.0746,8.357,9.013,7.1657,6.5926,5.6252
E0144,2026-03-12T00:00:00Z,11.1639,9.4031,7.8604,5.9935,5.4878,11.5124
E0145,2026-03-12T00:00:00Z,11.2449,10.0255,7.9431,7.5208,6.4061,12.267
E0146,2026-03-12T00:00:00Z,11.5204,8.0382,8.9747,8.1046,6.536,11.3896
E0147,2026-03-12T00:00:00Z,11.5386,7.2946,6.4665,6.2826,5.7042,10.9949
E0148,2026-03-12T00:00:00Z,10.8758,8.7485,8.1029,6.4738,5.5813,7.1626
E0149,2026-03-12T00:00:00Z,11.3214,7.7618,8.6254,6.6425,5.7563,9.0234
E0000,2026-03-13T00:00:00Z,11.9353,9.9621,7.2289,9.3308,6.85,10.2627
E0001,2026-03-13T00:00:00Z,12.5367,8.923,6.612,6.8887,7.1172,8.1606
E0002,2026-03-13T00:00:00Z,11.6678,9.539,9.2111,7.2545,5.1481,9.6277
E0003,2026-03-13T00:00:00Z,10.9036,7.8865,9.7472,9.873,6.5155,9.3156
E0004,2026-03-13T00:00:00Z,10.8586,9.4457,8.4768,7.4496,6.374,7.935
E0005,2026-03-13T00:00:00Z,11.487,8.7578,7.7698,7.957,6.1885,7.3227
E0006,2026-03-13T00:00:00Z,11.5524,11.2232,7.522,7.8352,6.5126,8.4545
E0007,2026-03-13T00:00:00Z,12.1592,8.6469,7.7097,6.5784,5.9791,11.5346
E0008,2026-03-13T00:00:00Z,11.8933,10.6711,7.4808,8.2504,5.2153,11.5566
E0009,2026-03-13T00:00:00Z,11.4161,8.4146,8.7699,7.7655,6.7626,8.4391
E0010,2026-03-13T00:00:00Z,12.063,8.9784,8.8897,8.3965,7.1496,8.4211
E0011,2026-03-13T00:00:00Z,10.6026,8.9274,9.4128,7.9291,7.3585,10.7592
E0012,2026-03-13T00:00:00Z,10.6059,8.1676,5.7949,8.342,6.5807,10.8396
E0013,2026-03-13T00:00:00Z,11.6888,10.9066,9.4521,7.9828,6.4829,10.1821
E0014,2026-03-13T00:00:00Z,11.1496,9.2911,7.2652,8.6875,7.5146,7.9843
E0015,2026-03-13T00:00:00Z,12.4883,8.6348,10.1043,9.1344,7.0856,12.1572
E0016,2026-03-13T00:00:00Z,10.3658,6.322,10.0681,7.3746,4.9638,10.1937
E0017,2026-03-13T00:00:00Z,10.9225,8.9927,8.9545,7.1019,6.4819,7.6092
E0018,2026-03-13T00:00:00Z,11.8991,10.8175,8.0122,9.0388,5.5872,10.2035
E0019,2026-03-13T00:00:00Z,11.8989,8.7176,7.5675,5.1735,6.0776,10.8455
E0020,2026-03-13T00:00:00Z,12.6201,10.2609,9.3902,6.8368,5.6159,10.2783
E0021,2026-03-13T00:00:00Z,11.0531,9.6406,8.9651,8.1289,7.0832,9.1359
E0022,2026-03-13T00:00:00Z,10.9333,11.1391,8.5351,8.1674,5.6946,7.0527
E0023,2026-03-13T00:00:00Z,11.0305,7.2463,9.7104,7.1469,6.7604,10.4516
E0024,2026-03-13T00:00:00Z,11.5492,7.9831,8.4056,7.6393,7.5866,10.9067
E0025,2026-03-13T00:00:00Z,11.529,12.4127,7.9116,6.9326,5.7305,10.9069
E0026,2026-03-13T00:00:00Z,11.4534,8.2458,10.1994,6.9729,6.0427,12.074
E0027,2026-03-13T00:00:00Z,10.8595,10.7485,8.0598,8.8149,6.0836,6.8126
E0028,2026-03-13T00:00:00Z,11.2366,10.5865,7.2947,8.0217,6.4406,8.5609
E0029,2026-03-13T00:00:00Z,11.6589,9.237,7.6331,7.0522,4.7099,7.4905
E0030,2026-03-13T00:00:00Z,10.4299,8.7853,9.8328,8.5645,6.5633,9.5134
E0031,2026-03-13T00:00:00Z,12.7673,8.9393,8.6397,8.7311,5.4412,8.6853
E0032,2026-03-13T00:00:00Z,10.5914,10.0247,8.5138,6.7107,5.9859,8.0173
E0033,2026-03-13T00:00:00Z,10.8771,8.647,6.5787,8.0057,3.9891,10.8193
E0034,2026-03-13T00:00:00Z,11.4549,8.5988,8.0304,7.885,6.898,10.4113
E0035,2026-03-13T00:00:00Z,10.0398,9.5458,8.5222,5.7572,6.9712,7.5228
E0036,2026-03-13T00:00:00Z,11.0459,8.5342,9.2025,6.7175,8.3497,9.554
E0037,2026-03-13T00:00:00Z,10.8779,7.6421,7.9168,7.4237,4.0871,8.1538
E0038,2026-03-13T00:00:00Z,10.9592,8.8371,11.6944,7.9871,7.2675,9.5901
E0039,2026-03-13T00:00:00Z,11.735,8.9063,8.664,8.0963,6.0555,7.5934
E0040,2026-03-13T00:00:00Z,12.3128,9.0554,8.1718,6.2457,6.0986,8.6493
E0041,2026-03-13T00:00:00Z,11.4567,9.91,9.0379,7.175,5.5582,11.1169
E0042,2026-03-13T00:00:00Z,12.747,9.6714,6.8953,7.1811,6.6167,11.7049
E0043,2026-03-13T00:00:00Z,9.5547,10.4778,7.5173,7.3027,6.8724,10.4748
E0044,2026-03-13T00:00:00Z,10.7663,10.0205,6.9665,8.5182,7.4977,11.1318
E0045,2026-03-13T00:00:00Z,12.0287,7.6806,9.8248,6.0385,6.5789,7.096
E0046,2026-03-13T00:00:00Z,11.2327,8.5158,8.0696,7.1414,4.9525,12.7815
E0047,2026-03-13T00:00:00Z,10.4624,6.3763,8.799,7.8891,5.0411,10.3725
E0048,2026-03-13T00:00:00Z,11.6361,9.6372,9.2587,9.8847,5.284,8.3647
E0049,2026-03-13T00:00:00Z,10.9424,9.67,7.8649,7.6354,7.1118,10.3678
E0050,2026-03-13T00:00:00Z,12.6817,9.3732,10.3533,6.9349,6.4049,10.8588
E0051,2026-03-13T00:00:00Z,10.8849,8.2615,8.0176,8.2914,8.4175,9.9245
E0052,2026-03-13T00:00:00Z,10.9072,7.981,8.9048,8.3215,5.9999,11.9874
E0053,2026-03-13T00:00:00Z,10.1328,9.621,7.7284,7.1913,6.1825,9.0916
E0054,2026-03-13T00:00:00Z,10.5476,9.9655,8.5958,6.9883,6.4686,8.0076
E0055,2026-03-13T00:00:00Z,10.4274,11.049,9.6844,7.2842,5.5472,8.7181
E0056,2026-03-13T00:00:00Z,12.5511,10.4604,8.7361,8.0655,7.8075,9.6998
E0057,2026-03-13T00:00:00Z,10.7486,8.3972,8.3619,9.7451,5.6612,8.561
E0058,2026-03-13T00:00:00Z,10.2924,8.5579,7.9102,5.395,7.5986,8.626
E0059,2026-03-13T00:00:00Z,10.2663,8.2519,7.4149,7.7842,6.8396,8.7895
E0060,2026-03-13T00:00:00Z,10.2551,7.8393,8.2101,7.6233,6.1261,11.3171
E0061,2026-03-13T00:00:00Z,10.6666,8.3219,7.754,7.5858,5.6327,9.764
E0062,2026-03-13T00:00:00Z,11.4594,11.8787,6.957,8.6716,5.6993,11.0996
E0063,2026-03-13T00:00:00Z,10.6192,10.6767,8.2918,7.1328,7.2531,7.3255
E0064,2026-03-13T00:00:00Z,11.6487,10.3925,10.6233,7.5221,6.5806,8.6846
E0065,2026-03-13T00:00:00Z,11.3302,10.1847,9.7743,9.4097,5.8817,10.2309
E0066,2026-03-13T00:00:00Z,9.8911,11.0865,7.6679,7.2613,7.1576,11.6428
E0067,2026-03-13T00:00:00Z,11.086,7.4195,7.98,6.532,6.4094,10.4727
E0068,2026-03-13T00:00:00Z,12.0253,9.1501,6.6697,7.8708,5.2264,12.4657
E0069,2026-03-13T00:00:00Z,10.8206,8.706,8.2642,6.413,5.6668,7.1872
E0070,2026-03-13T00:00:00Z,11.0468,8.3631,9.0228,6.7245,5.0294,12.6926
E0071,2026-03-13T00:00:00Z,12.5377,8.8826,8.8887,9.3071,6.9997,8.3677
E0072,2026-03-13T00:00:00Z,11.63,10.0479,8.5087,8.0985,6.2504,10.5054
E0073,2026-03-13T00:00:00Z,11.5146,8.4115,8.2477,8.2913,5.8644,10.2798
E0074,2026-03-13T00:00:00Z,10.6278,7.9535,10.008,7.6787,6.2911,7.6503
E0075,2026-03-13T00:00:00Z,12.2807,9.3837,10.0903,7.8667,7.6174,10.2674
E0076,2026-03-13T00:00:00Z,11.3252,8.4857,8.1566,7.7897,8.2603,9.6224
E0077,2026-03-13T00:00:00Z,10.4824,9.6398,8.4032,7.6949,4.2447,9.5448
E0078,2026-03-13T00:00:00Z,12.1639,9.9107,8.6346,7.7344,7.4648,9.3711
E0079,2026-03-13T00:00:00Z,10.7989,8.4428,8.3392,8.2122,6.7504,11.3358
E0080,2026-03-13T00:00:00Z,12.7,9.5874,9.0245,9.5865,8.1765,8.9515
E0081,2026-03-13T00:00:00Z,11.8829,8.319,7.5093,4.9227,5.4834,9.1148
E0082,2026-03-13T00:00:00Z,11.2332,9.5107,8.197,6.1456,6.8296,11.1822
E0083,2026-03-13T00:00:00Z,10.6766,8.4035,8.8607,7.3816,6.2932,8.5356
E0084,2026-03-13T00:00:00Z,10.7807,9.4847,9.6664,7.5888,5.9791,7.9604
E0085,2026-03-13T00:00:00Z,11.4784,9.6256,8.4412,6.3224,6.1826,9.8051
E0086,2026-03-13T00:00:00Z,11.8472,9.5496,5.1898,8.0145,6.9479,12.618
E0087,2026-03-13T00:00:00Z,10.957,8.6807,7.0744,9.4595,6.9638,12.0154
E0088,2026-03-13T00:00:00Z,10.3356,10.3415,8.9134,6.7024,6.2642,9.434
E0089,2026-03-13T00:00:00Z,10.4978,8.5644,8.8839,7.9107,6.2129,7.4535
E0090,2026-03-13T00:00:00Z,11.9276,6.2202,9.0858,7.731,5.6361,10.2956
E0091,2026-03-13T00:00:00Z,11.1359,10.6384,8.3892,7.769,6.156,11.4277
E0092,2026-03-13T00:00:00Z,12.6448,8.5387,8.3206,7.308,8.0849,9.4876
E0093,2026-03-13T00:00:00Z,11.22,10.2956,6.3995,8.6223,6.0293,11.997
E0094,2026-03-13T00:00:00Z,12.0008,8.7447,8.1727,6.6634,7.6375,10.622
E0095,2026-03-13T00:00:00Z,12.7512,9.1098,10.4998,8.6196,5.1514,8.5625
E0096,2026-03-13T00:00:00Z,13.8712,10.3286,8.774,8.177,5.8891,8.1391
E0097,2026-03-13T00:00:00Z,12.0232,9.2127,9.6125,7.4967,6.8271,9.6096
E0098,2026-03-13T00:00:00Z,11.2482,10.4246,8.5727,7.4729,4.7082,12.3613
E0099,2026-03-13T00:00:00Z,12.0197,8.3103,7.1385,6.4745,7.3108,11.5518
E0100,2026-03-13T00:00:00Z,10.6547,9.2739,9.4509,5.6921,6.0713,8.8458
E0101,2026-03-13T00:00:00Z,10.3802,9.878,6.7638,7.6937,4.9374,7.9804
E0102,2026-03-13T00:00:00Z,11.3653,9.4298,10.144,6.5457,5.5572,7.8752
E0103,2026-03-13T00:00:00Z,10.9631,6.9807,6.6863,6.8445,6.7252,8.7771
E0104,2026-03-13T00:00:00Z,10.6595,10.7804,8.4697,7.2463,6.5985,10.8543
E0105,2026-03-13T00:00:00Z,11.8634,9.1211,8.6353,8.112,6.3675,9.7008
E0106,2026-03-13T00:00:00Z,12.3697,8.7758,8.1885,7.7335,5.0947,9.5427
E0107,2026-03-13T00:00:00Z,11.2186,8.7366,7.1539,5.6011,6.6766,6.1338
E0108,2026-03-13T00:00:00Z,12.1394,9.8844,8.4106,6.1895,4.7632,6.1935
E0109,2026-03-13T00:00:00Z,12.2229,8.0937,10.9807,8.8233,7.898,6.9651
E0110,2026-03-13T00:00:00Z,11.008,8.2123,9.6798,7.6247,5.9001,9.2268
E0111,2026-03-13T00:00:00Z,10.8439,8.2502,7.5463,7.4147,7.0985,12.2459
E0112,2026-03-13T00:00:00Z,11.9468,10.0368,9.5636,8.7243,6.9277,7.9579
E0113,2026-03-13T00:00:00Z,11.2703,8.9361,10.8618,6.1671,6.2682,10.8066
E0114,2026-03-13T00:00:00Z,10.6773,9.0418,7.6227,8.2887,7.5881,10.4772
E0115,2026-03-13T00:00:00Z,11.2253,10.2178,8.4172,7.7725,8.1459,9.847
E0116,2026-03-13T00:00:00Z,10.5229,8.6027,9.0375,6.867,6.2087,11.4126
E0117,2026-03-13T00:00:00Z,12.246,5.754,8.3967,8.2361,5.5466,7.9478
E0118,2026-03-13T00:00:00Z,12.2407,7.7333,9.1073,7.3154,6.1663,10.2351
E0119,2026-03-13T00:00:00Z,11.266,8.8899,8.2256,7.4978,6.1286,9.5408
E0120,2026-03-13T00:00:00Z,10.7034,9.349,7.9688,8.0019,5.7908,10.9485
E0121,2026-03-13T00:00:00Z,10.7468,8.5337,9.7126,7.3698,5.7143,6.9238
E0122,2026-03-13T00:00:00Z,11.1346,9.191,9.0239,8.6849,7.5355,11.3581
E0123,2026-03-13T00:00:00Z,10.2122,8.5286,9.4429,7.6534,6.2416,7.1868
E0124,2026-03-13T00:00:00Z,10.4125,10.1017,8.1401,6.6066,6.6101,8.7343
E0125,2026-03-13T00:00:00Z,11.1039,9.7332,7.0179,6.6859,6.0701,9.3073
E0126,2026-03-13T00:00:00Z,11.9811,6.9129,9.958,8.3352,6.0034,10.4705
E0127,2026-03-13T00:00:00Z,10.9752,8.5461,7.3729,8.6712,6.1952,8.6041
E0128,2026-03-13T00:00:00Z,10.8681,7.9356,7.745,5.7352,6.4779,8.7982
E0129,2026-03-13T00:00:00Z,11.5047,8.928,8.0043,6.6599,6.3588,9.9966
E0130,2026-03-13T00:00:00Z,10.3584,9.5803,9.395,6.9982,8.7729,10.0776
E0131,2026-03-13T00:00:00Z,11.2553,9.5998,8.824,7.3283,5.6226,9.8681
E0132,2026-03-13T00:00:00Z,11.3756,11.8547,8.0681,7.5768,4.9485,9.4529
E0133,2026-03-13T00:00:00Z,10.7046,9.0704,8.4071,8.8925,4.7831,6.2949
E0134,2026-03-13T00:00:00Z,11.962,8.7979,9.1229,7.2028,4.5041,7.8983
E0135,2026-03-13T00:00:00Z,10.9051,10.1138,8.1021,7.1338,5.5571,11.065
E0136,2026-03-13T00:00:00Z,11.4482,7.9244,9.1469,7.2598,7.2372,8.5981
E0137,2026-03-13T00:00:00Z,13.301,9.6431,8.2996,8.2219,7.5951,10.0759
E0138,2026-03-13T00:00:00Z,11.2419,8.3324,8.5065,8.6491,6.0396,9.6926
E0139,2026-03-13T00:00:00Z,11.0611,9.0261,10.0556,7.8763,7.1664,11.6815
E0140,2026-03-13T00:00:00Z,11.0658,10.127,7.3282,7.6609,6.1785,10.7687
E0141,2026-03-13T00:00:00Z,10.6115,8.599,9.3695,6.5853,6.214,9.932
E0142,2026-03-13T00:00:00Z,11.348,9.5767,7.8409,7.3403,5.6752,11.0159
E0143,2026-03-13T00:00:00Z,11.7609,10.1682,5.9528,8.987,5.9054,6.8211
E0144,2026-03-13T00:00:00Z,12.1058,8.8834,6.2677,7.226,5.8737,8.9568
E0145,2026-03-13T00:00:00Z,11.275,10.8008,8.9001,9.1004,6.3043,9.1265
E0146,2026-03-13T00:00:00Z,10.7333,8.4473,7.9433,6.7139,6.2004,6.7437
E0147,2026-03-13T00:00:00Z,11.126,9.0862,7.0038,7.3604,5.6592,12.2976
E0148,2026-03-13T00:00:00Z,11.2412,10.5675,8.1621,7.0615,5.214,8.653
E0149,2026-03-13T00:00:00Z,11.7206,10.0085,6.8425,8.284,5.7345,10.2148
E0000,2026-03-14T00:00:00Z,10.9636,9.5025,10.7838,6.7986,6.8939,9.6393
E0001,2026-03-14T00:00:00Z,10.2218,8.3443,10.1393,6.8703,5.6837,8.1577
E0002,2026-03-14T00:00:00Z,11.1196,7.425,8.1358,8.2801,6.0802,8.0965
E0003,2026-03-14T00:00:00Z,10.3498,7.4138,9.603,8.3835,6.3217,11.6671
E0004,2026-03-14T00:00:00Z,11.3219,10.9616,8.8447,8.1046,6.0923,11.4945
E0005,2026-03-14T00:00:00Z,10.1479,9.9039,7.647,6.7387,5.3887,8.6502
E0006,2026-03-14T00:00:00Z,11.2497,10.3799,8.6432,7.299,6.5432,10.6563
E0007,2026-03-14T00:00:00Z,9.6647,7.7964,9.7103,8.7146,8.7923,9.7705
E0008,2026-03-14T00:00:00Z,11.6666,9.1671,7.7539,9.0365,7.9716,9.337
E0009,2026-03-14T00:00:00Z,11.2543,7.469,7.7154,7.3332,5.6056,7.1072
E0010,2026-03-14T00:00:00Z,12.3052,9.5931,6.5705,9.4635,6.4057,11.9915
E0011,2026-03-14T00:00:00Z,11.5218,9.1233,8.6194,8.5533,6.5449,8.4134
E0012,2026-03-14T00:00:00Z,11.0142,10.9707,7.3649,9.338,6.9247,9.5618
E0013,2026-03-14T00:00:00Z,11.6699,7.653,7.638,8.1802,5.5427,8.1195
E0014,2026-03-14T00:00:00Z,10.503,8.3624,8.9255,6.7389,6.2838,9.1705
E0015,2026-03-14T00:00:00Z,11.2081,10.1843,8.3352,7.2948,6.7102,7.8033
E0016,2026-03-14T00:00:00Z,12.0665,7.225,7.614,7.6413,6.6753,10.3661
E0017,2026-03-14T00:00:00Z,11.5423,8.4914,8.75,8.0381,8.1872,7.8669
E0018,2026-03-14T00:00:00Z,12.5609,6.6722,8.6066,7.7121,4.5248,11.4594
E0019,2026-03-14T00:00:00Z,11.8762,7.8846,7.6833,7.2588,5.761,10.8595
E0020,2026-03-14T00:00:00Z,11.8817,9.607,7.8724,7.3552,7.4789,8.2691
E0021,2026-03-14T00:00:00Z,11.374,10.4426,8.9587,7.1786,4.0791,9.7412
E0022,2026-03-14T00:00:00Z,10.5386,10.4071,8.9132,9.5027,7.257,12.8786
E0023,2026-03-14T00:00:00Z,10.1464,10.3751,7.5332,8.1201,6.285,9.3639
E0024,2026-03-14T00:00:00Z,10.8231,10.0962,10.3341,8.5319,5.8822,9.936
E0025,2026-03-14T00:00:00Z,10.7363,10.4285,7.4147,8.4988,6.5957,10.1621
E0026,2026-03-14T00:00:00Z,12.2933,8.8513,6.0082,9.5264,7.6544,13.1426
E0027,2026-03-14T00:00:00Z,11.5273,10.1441,6.9187,6.1541,5.4872,11.1979
E0028,2026-03-14T00:00:00Z,10.3399,7.6853,9.9058,8.1858,6.2566,11.2426
E0029,2026-03-14T00:00:00Z,11.5238,11.3819,8.706,7.3685,5.8908,8.9778
E0030,2026-03-14T00:00:00Z,11.8629,7.8946,7.8374,6.4937,6.2267,7.198
E0031,2026-03-14T00:00:00Z,10.3578,8.2855,8.3897,6.165,4.9813,9.454
E0032,2026-03-14T00:00:00Z,10.8632,9.797,8.0347,9.4723,7.8758,9.9751
E0033,2026-03-14T00:00:00Z,11.0313,9.3903,8.7823,5.3731,9.0223,10.3385
E0034,2026-03-14T00:00:00Z,10.6531,9.2502,9.9019,8.5666,8.0058,10.6161
E0035,2026-03-14T00:00:00Z,11.2738,6.8844,6.4819,8.0148,6.9758,10.293
E0036,2026-03-14T00:00:00Z,10.7857,9.6325,9.7383,7.2925,6.3912,9.08
E0037,2026-03-14T00:00:00Z,9.4162,11.845,7.4124,6.3801,6.5687,9.0171
E0038,2026-03-14T00:00:00Z,10.932,9.3213,8.7714,6.6628,5.4981,10.4841
E0039,2026-03-14T00:00:00Z,10.9499,7.4847,8.7151,8.4614,5.9394,6.9676
E0040,2026-03-14T00:00:00Z,11.83,9.2333,9.3184,7.4288,5.1859,6.106
E0041,2026-03-14T00:00:00Z,11.6231,8.9157,7.5552,7.717,5.9467,9.5763
E0042,2026-03-14T00:00:00Z,9.9308,9.7386,8.9899,7.0701,5.9027,12.5834
E0043,2026-03-14T00:00:00Z,10.201,9.5185,9.8082,8.4456,5.5626,8.2815
E0044,2026-03-14T00:00:00Z,11.3727,9.589,7.2287,7.5296,6.221,9.1435
E0045,2026-03-14T00:00:00Z,10.6098,9.6643,10.4054,8.0869,6.8851,8.0529
E0046,2026-03-14T00:00:00Z,9.1923,8.0568,8.0398,5.2335,5.2181,8.96
E0047,2026-03-14T00:00:00Z,10.6554,10.6693,8.3378,8.7687,6.0988,7.5037
E0048,2026-03-14T00:00:00Z,11.8202,10.4382,7.7135,7.6192,6.72,9.674
E0049,2026-03-14T00:00:00Z,10.827,10.8081,9.7091,5.8784,5.9208,11.3145
E0050,2026-03-14T00:00:00Z,10.8486,9.8703,9.164,7.4726,6.8771,8.3594
E0051,2026-03-14T00:00:00Z,10.4856,8.2574,9.5022,7.4987,5.6051,10.0863
E0052,2026-03-14T00:00:00Z,10.3293,10.9721,10.1076,6.6283,5.3861,9.281
E0053,2026-03-14T00:00:00Z,11.6854,10.3634,10.2355,8.346,6.0841,11.0599
E0054,2026-03-14T00:00:00Z,10.2297,10.1114,7.207,6.6822,5.9466,10.1962
E0055,2026-03-14T00:00:00Z,10.9537,10.4494,8.3956,8.7945,7.113,10.3675
E0056,2026-03-14T00:00:00Z,10.0773,10.6348,8.7768,6.408,6.6284,8.1156
E0057,2026-03-14T00:00:00Z,11.3852,9.0014,9.1993,8.1102,4.3096,8.9551
E0058,2026-03-14T00:00:00Z,10.4381,9.1867,9.1808,7.7819,6.0297,10.7394
E0059,2026-03-14T00:00:00Z,11.7963,8.2833,8.9969,6.7858,6.0259,10.6267
E0060,2026-03-14T00:00:00Z,11.3515,9.1154,8.2146,6.9846,5.7548,9.0157
E0061,2026-03-14T00:00:00Z,11.2608,10.9724,9.0927,9.0032,6.5808,9.8355
E0062,2026-03-14T00:00:00Z,11.3137,8.8137,8.5285,8.2023,6.7459,6.3911
E0063,2026-03-14T00:00:00Z,10.3842,8.6319,8.3683,9.0076,5.6998,7.454
E0064,2026-03-14T00:00:00Z,10.6388,9.6705,7.7447,5.147,6.2199,8.5222
E0065,2026-03-14T00:00:00Z,11.4219,10.2108,8.7126,8.368,7.0517,9.5386
E0066,2026-03-14T00:00:00Z,11.209,9.1817,8.6192,9.0119,5.1215,7.8495
E0067,2026-03-14T00:00:00Z,10.6395,9.1222,9.503,7.1492,5.5481,9.7497
E0068,2026-03-14T00:00:00Z,11.3882,10.0362,10.453,7.8706,6.7365,11.9603
E0069,2026-03-14T00:00:00Z,11.2107,8.0043,11.0714,8.5876,7.1659,7.8446
E0070,2026-03-14T00:00:00Z,12.2606,7.8917,9.5301,9.8543,6.1502,11.8434
E0071,2026-03-14T00:00:00Z,11.7738,8.8109,7.3821,6.9543,6.2149,10.4404
E0072,2026-03-14T00:00:00Z,11.8581,9.3166,8.3388,7.8605,6.6993,8.307
E0073,2026-03-14T00:00:00Z,12.014,7.6717,8.7378,8.7813,8.2301,9.334
E0074,2026-03-14T00:00:00Z,11.5617,10.0591,9.8953,8.8527,6.5812,9.7838
E0075,2026-03-14T00:00:00Z,10.4133,10.0657,8.0558,8.2241,6.8494,9.5733
E0076,2026-03-14T00:00:00Z,10.2785,9.0659,8.4017,9.1735,5.8176,8.9104
E0077,2026-03-14T00:00:00Z,11.4709,10.0243,8.5741,6.3937,6.1994,10.493
E0078,2026-03-14T00:00:00Z,11.4885,9.3966,7.9341,8.4883,6.6628,9.9014
E0079,2026-03-14T00:00:00Z,12.1189,9.8063,8.3312,7.5058,6.6911,10.7262
E0080,2026-03-14T00:00:00Z,11.7965,7.6937,7.7156,8.4548,5.3959,10.9934
E0081,2026-03-14T00:00:00Z,9.5637,8.9661,9.7369,7.1658,6.0461,10.4135
E0082,2026-03-14T00:00:00Z,11.1147,8.5946,8.4507,6.3498,7.1225,10.5994
E0083,2026-03-14T00:00:00Z,11.4725,9.5872,9.0772,8.8635,6.6721,10.9544
E0084,2026-03-14T00:00:00Z,11.3334,7.5453,7.5714,7.3979,7.5663,9.3313
E0085,2026-03-14T00:00:00Z,12.1139,8.5468,10.9084,6.7433,7.4459,7.0259
E0086,2026-03-14T00:00:00Z,12.2343,9.1118,11.2089,7.8491,5.4898,8.8978
E0087,2026-03-14T00:00:00Z,11.8385,8.6082,9.3279,6.6007,7.2654,10.4181
E0088,2026-03-14T00:00:00Z,10.9569,7.4469,8.6751,7.1157,6.555,9.5724
E0089,2026-03-14T00:00:00Z,11.0051,8.2513,9.1661,6.6671,8.1977,11.3525
E0090,2026-03-14T00:00:00Z,11.9429,10.5513,10.3951,6.9346,5.2802,9.4318
E0091,2026-03-14T00:00:00Z,11.7771,11.7467,9.3442,8.3413,5.3644,8.7239
E0092,2026-03-14T00:00:00Z,11.3939,10.7619,7.7227,10.3726,5.614,11.0621
E0093,2026-03-14T00:00:00Z,9.685,8.7262,8.4298,6.6212,7.9349,8.2192
E0094,2026-03-14T00:00:00Z,12.1645,9.7282,8.5077,6.5583,5.0899,12.3692
E0095,2026-03-14T00:00:00Z,10.8431,8.8638,9.5776,8.5046,5.8205,10.7479
E0096,2026-03-14T00:00:00Z,11.4319,9.2135,8.7383,8.0531,6.6875,10.3851
E0097,2026-03-14T00:00:00Z,10.0227,8.0957,7.7481,7.4344,6.8295,9.7427
E0098,2026-03-14T00:00:00Z,10.8063,9.0405,8.8783,9.0765,7.1679,12.0031
E0099,2026-03-14T00:00:00Z,10.9991,9.1614,5.8737,7.9322,6.6534,8.4575
E0100,2026-03-14T00:00:00Z,12.1465,10.0277,8.5858,6.9745,4.2579,11.3859
E0101,2026-03-14T00:00:00Z,10.916,10.1424,9.1934,7.1717,6.4141,10.0321
E0102,2026-03-14T00:00:00Z,12.1195,9.6664,9.7432,6.7373,7.6241,8.1446
E0103,2026-03-14T00:00:00Z,10.7806,10.345,7.6862,7.8125,4.7354,14.5453
E0104,2026-03-14T00:00:00Z,10.5578,9.2579,8.4113,7.1938,6.0226,11.8509
E0105,2026-03-14T00:00:00Z,11.2498,9.3304,7.625,9.3085,4.4727,9.6656
E0106,2026-03-14T00:00:00Z,10.8688,7.8822,9.5991,8.2202,5.4632,8.5126
E0107,2026-03-14T00:00:00Z,10.0132,8.3083,8.0756,7.5984,7.0082,11.2856
E0108,2026-03-14T00:00:00Z,10.3361,9.1723,7.3096,7.2889,5.7901,11.9226
E0109,2026-03-14T00:00:00Z,11.928,10.6838,10.3936,7.5672,6.6334,11.5059
E0110,2026-03-14T00:00:00Z,11.5635,8.7481,8.7811,6.2987,6.9121,13.2128
E0111,2026-03-14T00:00:00Z,10.6898,8.0605,6.6847,8.2168,6.2103,10.2127
E0112,2026-03-14T00:00:00Z,13.124,9.4194,10.5265,6.4457,5.9876,12.7324
E0113,2026-03-14T00:00:00Z,11.2033,9.1779,7.2037,5.9854,5.9766,13.9082
E0114,2026-03-14T00:00:00Z,12.088,8.0597,8.7189,6.5263,5.1488,7.4574
E0115,2026-03-14T00:00:00Z,11.3609,8.6873,10.0778,7.5908,4.768,10.9494
E0116,2026-03-14T00:00:00Z,10.4409,12.305,10.6929,7.1347,7.3533,9.2706
E0117,2026-03-14T00:00:00Z,11.6719,7.6848,8.6944,7.2211,7.707,10.5639
E0118,2026-03-14T00:00:00Z,11.655,7.9325,8.1398,8.4754,6.4259,7.9473
E0119,2026-03-14T00:00:00Z,10.419,9.2021,9.4097,8.0165,6.8371,7.7388
E0120,2026-03-14T00:00:00Z,10.9658,9.4993,7.0713,6.4322,5.26,6.7297
E0121,2026-03-14T00:00:00Z,12.1659,8.5752,8.4803,9.0835,6.2824,11.0434
E0122,2026-03-14T00:00:00Z,11.7076,9.1925,8.5132,7.9735,4.9924,10.6751
E0123,2026-03-14T00:00:00Z,11.3252,9.79,8.6718,5.737,6.8927,11.147
E0124,2026-03-14T00:00:00Z,11.1117,8.9988,8.0963,8.2604,6.0884,9.0585
E0125,2026-03-14T00:00:00Z,10.7951,9.6669,8.6783,8.9181,6.8847,10.7354
E0126,2026-03-14T00:00:00Z,10.8212,12.3054,8.9561,6.2819,6.7913,10.0109
E0127,2026-03-14T00:00:00Z,11.1475,7.5452,9.0107,6.6579,6.7209,9.2443
E0128,2026-03-14T00:00:00Z,10.5207,9.1463,8.0334,7.3929,4.7107,10.5627
E0129,2026-03-14T00:00:00Z,12.1556,11.0834,8.3983,7.4855,7.0357,10.2851
E0130,2026-03-14T00:00:00Z,11.4538,10.2446,8.1633,8.2779,7.5131,11.4928
E0131,2026-03-14T00:00:00Z,10.6665,9.4949,10.499,6.0986,6.4993,6.9591
E0132,2026-03-14T00:00:00Z,11.9478,9.2731,7.4185,5.5147,5.6456,9.4673
E0133,2026-03-14T00:00:00Z,11.5244,7.3199,7.7635,8.5558,6.7731,8.9804
E0134,2026-03-14T00:00:00Z,11.2632,8.7011,8.2076,7.9006,8.1956,10.5683
E0135,2026-03-14T00:00:00Z,10.9565,9.1518,8.5909,6.9005,4.9691,10.0257
E0136,2026-03-14T00:00:00Z,11.2767,8.6831,6.3862,7.9262,5.5205,10.5928
E0137,2026-03-14T00:00:00Z,11.2067,10.5639,6.6465,8.5679,6.9036,10.6205
E0138,2026-03-14T00:00:00Z,11.3057,9.088,8.2269,6.4559,7.3655,11.5778
E0139,2026-03-14T00:00:00Z,11.1574,8.5371,7.4845,7.4724,7.0814,11.1308
E0140,2026-03-14T00:00:00Z,10.7234,10.0913,7.5487,8.2109,5.394,8.9554
E0141,2026-03-14T00:00:00Z,11.8099,8.9663,8.1524,7.4426,7.0856,10.081
E0142,2026-03-14T00:00:00Z,11.6592,9.0979,8.335,6.4522,7.8221,12.3253
E0143,2026-03-14T00:00:00Z,12.4188,8.8479,9.1226,6.9979,6.0855,9.9754
E0144,2026-03-14T00:00:00Z,10.8108,8.9318,9.7387,8.0846,5.6567,11.0495
E0145,2026-03-14T00:00:00Z,11.8248,10.1172,6.0444,7.5312,6.5276,9.3279
E0146,2026-03-14T00:00:00Z,12.7445,7.7071,8.314,6.6276,6.331,8.7579
E0147,2026-03-14T00:00:00Z,11.7437,8.3146,7.5587,8.2928,6.9304,8.4102
E0148,2026-03-14T00:00:00Z,9.9569,7.8419,8.2174,9.1559,6.0164,8.7686
E0149,2026-03-14T00:00:00Z,10.9481,11.1064,7.75,6.5039,5.4582,11.5683
E0000,2026-03-15T00:00:00Z,11.1729,9.8483,9.2461,6.6848,6.2283,8.3051
E0001,2026-03-15T00:00:00Z,9.433,11.2684,8.6274,7.4606,5.3793,9.9306
E0002,2026-03-15T00:00:00Z,11.0615,8.9287,7.7677,6.8844,7.5429,9.6515
E0003,2026-03-15T00:00:00Z,9.9754,11.5313,6.294,7.3897,6.8309,10.4093
E0004,2026-03-15T00:00:00Z,11.0393,10.8368,8.5633,7.3277,6.2833,8.1768
E0005,2026-03-15T00:00:00Z,11.1357,10.8767,7.843,7.6964,6.2631,8.4772
E0006,2026-03-15T00:00:00Z,10.8057,10.6424,7.1387,8.8822,6.3046,11.9171
E0007,2026-03-15T00:00:00Z,11.7266,9.0141,8.5876,7.8577,4.7551,11.5853
E0008,2026-03-15T00:00:00Z,12.073,9.6949,8.3417,7.6433,4.6639,9.1677
E0009,2026-03-15T00:00:00Z,11.3573,8.6003,9.2031,9.8486,7.2784,6.8645
E0010,2026-03-15T00:00:00Z,10.5701,10.4713,8.9002,7.5447,5.9379,8.8154
E0011,2026-03-15T00:00:00Z,11.1464,10.4454,8.3691,7.9582,7.9926,6.556
E0012,2026-03-15T00:00:00Z,11.1047,9.2343,8.5852,7.9974,5.8317,11.0628
E0013,2026-03-15T00:00:00Z,10.6115,8.6489,6.7587,8.497,6.3785,8.2194
E0014,2026-03-15T00:00:00Z,10.9536,6.9326,6.8227,6.6978,6.3144,8.4559
E0015,2026-03-15T00:00:00Z,10.7818,9.614,9.0132,8.9477,6.7044,12.4983
E0016,2026-03-15T00:00:00Z,11.8897,9.0775,8.5497,7.414,5.5913,10.3156
E0017,2026-03-15T00:00:00Z,10.2133,8.9827,6.7208,7.141,8.02,9.4744
E0018,2026-03-15T00:00:00Z,11.9141,7.7803,10.1961,7.6241,7.1523,8.6042
E0019,2026-03-15T00:00:00Z,11.4314,9.9572,9.0614,7.0053,7.5534,7.7355
E0020,2026-03-15T00:00:00Z,10.0267,7.4594,8.1243,8.6007,6.951,8.2123
E0021,2026-03-15T00:00:00Z,10.9264,10.9508,10.4699,5.8834,6.6523,9.2553
E0022,2026-03-15T00:00:00Z,10.4297,8.778,6.8843,8.0731,7.7887,11.5656
E0023,2026-03-15T00:00:00Z,11.8746,8.3237,6.7599,7.3027,6.7597,10.2985
E0024,2026-03-15T00:00:00Z,10.4912,9.1198,9.461,9.8455,5.0145,9.0059
E0025,2026-03-15T00:00:00Z,10.6156,9.8788,8.1942,7.0061,6.7607,7.3496
E0026,2026-03-15T00:00:00Z,10.8271,8.2592,9.2641,7.1463,6.2559,9.193
E0027,2026-03-15T00:00:00Z,11.1411,9.1564,8.5645,8.9669,5.4921,10.5036
E0028,2026-03-15T00:00:00Z,10.3411,7.9654,7.6897,9.5756,6.1581,10.2993
E0029,2026-03-15T00:00:00Z,10.9115,11.6184,9.1498,8.5576,5.2967,8.9626
E0030,2026-03-15T00:00:00Z,12.0196,10.3539,6.8007,6.9253,5.6482,9.364
E0031,2026-03-15T00:00:00Z,11.4863,8.7867,8.545,7.9116,6.6935,10.6935
E0032,2026-03-15T00:00:00Z,10.7229,8.7128,7.1046,6.7869,7.0814,10.0226
E0033,2026-03-15T00:00:00Z,13.7211,10.0387,7.6527,7.2738,6.4439,9.7739
E0034,2026-03-15T00:00:00Z,11.1037,10.8947,7.4763,7.9808,5.6095,8.5007
E0035,2026-03-15T00:00:00Z,11.5859,9.2572,8.4387,6.8294,5.2919,9.8384
E0036,2026-03-15T00:00:00Z,11.1783,9.8336,9.7266,7.8896,6.2901,9.1023
E0037,2026-03-15T00:00:00Z,10.9952,7.3695,7.9865,7.8238,6.674,7.4735
E0038,2026-03-15T00:00:00Z,11.4279,8.9675,6.7866,8.1719,6.9857,8.2492
E0039,2026-03-15T00:00:00Z,10.7579,5.6619,7.4508,8.5539,7.4452,10.6198
E0040,2026-03-15T00:00:00Z,11.1578,10.092,9.48,8.2357,6.4425,9.4938
E0041,2026-03-15T00:00:00Z,11.3276,8.8738,7.2293,7.3408,6.6522,9.7224
E0042,2026-03-15T00:00:00Z,12.8191,7.4551,8.2894,6.1797,7.7972,8.5259
E0043,2026-03-15T00:00:00Z,11.223,8.3469,9.173,7.6247,6.9074,7.4127
E0044,2026-03-15T00:00:00Z,11.7442,7.6888,8.0287,6.5123,6.1412,9.2073
E0045,2026-03-15T00:00:00Z,11.9894,10.3364,9.8221,8.731,6.4741,9.8506
E0046,2026-03-15T00:00:00Z,10.6895,7.5325,8.2693,6.0497,6.9504,9.3669
E0047,2026-03-15T00:00:00Z,12.1161,9.6358,9.2472,6.8996,5.9804,9.9444
E0048,2026-03-15T00:00:00Z,10.8911,8.4038,10.3853,7.8531,6.7202,9.5047
E0049,2026-03-15T00:00:00Z,11.7532,9.3596,8.7387,8.4056,7.3947,9.4905
E0050,2026-03-15T00:00:00Z,9.9949,10.3579,9.967,6.5041,5.4588,10.9497
E0051,2026-03-15T00:00:00Z,9.9536,8.7026,9.1679,7.1969,5.4216,8.984
E0052,2026-03-15T00:00:00Z,12.9405,8.3966,6.4298,9.4667,6.3571,9.2743
E0053,2026-03-15T00:00:00Z,10.7352,9.1531,6.7668,5.4197,5.9981,9.0983
E0054,2026-03-15T00:00:00Z,12.7144,6.7442,10.2325,6.5084,7.8994,9.3916
E0055,2026-03-15T00:00:00Z,10.8573,9.3335,8.9662,8.4232,6.5385,9.5374
E0056,2026-03-15T00:00:00Z,10.295,9.6709,10.0658,8.6436,5.7179,7.8722
E0057,2026-03-15T00:00:00Z,10.349,9.1541,9.666,8.5035,4.5017,9.4349
E0058,2026-03-15T00:00:00Z,11.899,10.0644,8.6351,7.7946,6.3833,8.5459
E0059,2026-03-15T00:00:00Z,11.2197,8.5714,7.6367,7.6618,7.0319,10.1212
E0060,2026-03-15T00:00:00Z,11.0705,9.5152,8.0951,7.3041,5.5801,10.2047
E0061,2026-03-15T00:00:00Z,11.4719,7.5356,9.5096,7.1296,5.5956,8.2287
E0062,2026-03-15T00:00:00Z,11.2147,8.3487,8.3309,7.1394,5.898,10.9128
E0063,2026-03-15T00:00:00Z,11.3306,9.3622,7.7228,8.1518,6.3591,11.7044
E0064,2026-03-15T00:00:00Z,11.5316,8.2199,10.4328,7.8696,5.4787,9.9389
E0065,2026-03-15T00:00:00Z,11.6377,7.7774,8.4052,7.8992,6.4532,9.9268
E0066,2026-03-15T00:00:00Z,9.9141,10.2965,6.5287,8.1678,6.0353,9.8788
E0067,2026-03-15T00:00:00Z,11.1495,9.7758,8.9428,6.5806,6.6966,8.0387
E0068,2026-03-15T00:00:00Z,9.8736,9.7444,10.3246,7.3263,5.7268,12.2489
E0069,2026-03-15T00:00:00Z,11.5612,10.0457,7.8355,8.0553,7.6312,10.665
E0070,2026-03-15T00:00:00Z,11.2799,7.9931,9.1389,7.1574,7.5501,9.1582
E0071,2026-03-15T00:00:00Z,12.0746,8.6324,7.0293,8.3001,5.977,8.5948
E0072,2026-03-15T00:00:00Z,9.7763,8.846,9.6884,6.8731,6.2068,10.6257
E0073,2026-03-15T00:00:00Z,11.7761,10.2618,8.5732,7.3601,4.2853,8.3601
E0074,2026-03-15T00:00:00Z,10.892,9.0389,9.013,7.1776,7.2685,8.1153
E0075,2026-03-15T00:00:00Z,10.979,8.9129,6.8246,9.1595,6.9184,11.2139
E0076,2026-03-15T00:00:00Z,10.3865,7.5512,8.5339,6.828,6.6306,11.1485
E0077,2026-03-15T00:00:00Z,12.2092,9.6012,8.5416,6.5519,5.8685,9.1689
E0078,2026-03-15T00:00:00Z,10.8385,10.4341,8.8555,7.3846,6.498,7.4825
E0079,2026-03-15T00:00:00Z,10.6731,8.0053,8.3689,6.9636,7.2014,11.1157
E0080,2026-03-15T00:00:00Z,11.0221,8.4756,9.1172,7.0777,7.0941,10.46
E0081,2026-03-15T00:00:00Z,11.7938,9.0304,10.0871,8.115,6.5989,9.1576
E0082,2026-03-15T00:00:00Z,9.3923,9.7943,9.3254,7.4165,5.5377,7.6621
E0083,2026-03-15T00:00:00Z,10.4353,8.9617,9.0069,6.5491,7.3402,8.1929
E0084,2026-03-15T00:00:00Z,12.1718,6.5417,7.7206,7.7652,6.5083,8.5984
E0085,2026-03-15T00:00:00Z,11.3686,9.155,7.1548,7.8834,5.466,8.597
E0086,2026-03-15T00:00:00Z,12.4585,8.2041,7.9804,6.3181,6.2955,8.0674
E0087,2026-03-15T00:00:00Z,10.7771,8.5255,9.1672,6.8011,7.5693,10.2786
E0088,2026-03-15T00:00:00Z,11.4595,8.6552,7.8606,7.6744,6.549,10.2781
E0089,2026-03-15T00:00:00Z,10.4618,10.0618,7.302,8.1354,6.0544,7.5366
E0090,2026-03-15T00:00:00Z,10.2983,8.8979,8.6699,6.0601,6.5349,9.1314
E0091,2026-03-15T00:00:00Z,11.5219,8.0061,7.8764,10.1069,6.4971,10.0964
E0092,2026-03-15T00:00:00Z,11.6235,10.5523,7.4455,6.0515,5.284,10.8525
E0093,2026-03-15T00:00:00Z,10.713,9.32,8.079,4.8741,6.6803,10.6693
E0094,2026-03-15T00:00:00Z,11.9322,7.8342,9.4131,7.8665,6.3148,10.8269
E0095,2026-03-15T00:00:00Z,11.798,9.572,8.9769,7.4707,6.8851,11.207
E0096,2026-03-15T00:00:00Z,11.1107,9.2501,9.6939,8.0669,4.888,12.2739
E0097,2026-03-15T00:00:00Z,12.0751,9.6782,8.136,7.4947,6.1081,11.6022
E0098,2026-03-15T00:00:00Z,11.9325,8.6266,9.9487,8.112,6.2261,8.6702
E0099,2026-03-15T00:00:00Z,11.7115,9.004,7.4269,7.1394,4.1418,8.674
E0100,2026-03-15T00:00:00Z,10.6679,8.9382,7.3743,7.4641,7.5152,5.9105
E0101,2026-03-15T00:00:00Z,11.4482,8.8975,7.7547,7.6298,6.8732,7.6359
E0102,2026-03-15T00:00:00Z,10.8346,8.5048,7.3126,7.3567,6.4465,10.1541
E0103,2026-03-15T00:00:00Z,11.2548,9.9425,8.2166,7.4985,6.3736,11.2201
E0104,2026-03-15T00:00:00Z,11.1194,8.702,7.8017,7.0131,7.0245,9.353
E0105,2026-03-15T00:00:00Z,12.5289,11.122,10.551,5.6382,5.1587,9.6678
E0106,2026-03-15T00:00:00Z,10.5893,7.4743,7.6832,6.6142,5.5089,10.165
E0107,2026-03-15T00:00:00Z,11.773,8.9652,9.0098,10.011,7.9523,8.1457
E0108,2026-03-15T00:00:00Z,10.2103,9.0064,6.8774,7.1124,5.8625,10.6786
E0109,2026-03-15T00:00:00Z,12.597,9.14,8.494,9.4732,5.9885,8.8387
E0110,2026-03-15T00:00:00Z,10.3731,8.7372,9.7536,7.611,6.7076,7.9613
E0111,2026-03-15T00:00:00Z,11.1058,10.7376,7.8325,6.5834,6.4988,9.6216
E0112,2026-03-15T00:00:00Z,10.4046,8.5364,5.6445,5.631,6.188,11.2703
E0113,2026-03-15T00:00:00Z,12.0941,10.6439,9.7871,6.8906,4.9282,9.3561
E0114,2026-03-15T00:00:00Z,10.6308,8.18,9.3294,8.0236,6.025,9.9289
E0115,2026-03-15T00:00:00Z,10.8662,8.864,6.3288,7.9787,5.7735,8.9461
E0116,2026-03-15T00:00:00Z,11.2674,9.0453,9.3658,7.6371,7.044,11.0372
E0117,2026-03-15T00:00:00Z,11.9614,8.8831,9.7136,5.5388,6.5043,9.2891
E0118,2026-03-15T00:00:00Z,11.6515,7.368,9.1387,8.8528,5.7154,10.3899
E0119,2026-03-15T00:00:00Z,12.1026,7.8094,8.6491,8.2949,7.008,10.4161
E0120,2026-03-15T00:00:00Z,10.618,9.7702,7.6564,7.618,5.4873,10.6974
E0121,2026-03-15T00:00:00Z,11.8092,8.6705,7.2626,8.6674,5.8733,11.8941
E0122,2026-03-15T00:00:00Z,11.6093,10.0457,8.9296,5.3378,6.7485,9.145
E0123,2026-03-15T00:00:00Z,9.6093,8.5333,8.0366,7.4278,7.5167,7.1196
E0124,2026-03-15T00:00:00Z,12.1373,9.6805,6.6313,7.4353,6.6264,9.4272
E0125,2026-03-15T00:00:00Z,9.8269,9.8785,7.5751,6.4223,5.0328,10.7738
E0126,2026-03-15T00:00:00Z,11.5462,7.9351,8.3006,6.8937,5.7412,10.8516
E0127,2026-03-15T00:00:00Z,11.3589,7.4638,7.51,8.3021,5.7411,10.2974
E0128,2026-03-15T00:00:00Z,11.6925,11.0982,6.9206,8.906,4.7838,7.9555
E0129,2026-03-15T00:00:00Z,11.2956,10.3256,7.0137,6.6384,5.9126,8.337
E0130,2026-03-15T00:00:00Z,11.8197,9.1609,9.1751,7.1748,7.0027,8.1507
E0131,2026-03-15T00:00:00Z,10.5954,9.0323,8.5934,6.3551,5.0236,9.0853
E0132,2026-03-15T00:00:00Z,11.2784,10.8294,8.3585,8.3161,7.1594,11.1514
E0133,2026-03-15T00:00:00Z,10.2911,9.8413,9.9493,8.3197,5.6071,7.3037
E0134,2026-03-15T00:00:00Z,11.8937,8.4029,7.9795,7.8549,7.1665,7.9418
E0135,2026-03-15T00:00:00Z,10.8157,9.1446,8.1857,7.1399,6.0143,8.1293
E0136,2026-03-15T00:00:00Z,10.7277,9.363,7.6891,8.7705,6.2788,9.9552
E0137,2026-03-15T00:00:00Z,10.3201,9.3437,8.6829,6.6321,8.0061,11.6258
E0138,2026-03-15T00:00:00Z,11.1942,8.5757,6.7674,7.4405,5.5878,6.3826
E0139,2026-03-15T00:00:00Z,11.3567,7.6324,8.8176,6.9856,7.8759,10.0079
E0140,2026-03-15T00:00:00Z,10.7743,7.8146,6.002,7.6529,6.4545,7.7555
E0141,2026-03-15T00:00:00Z,10.8057,9.4895,7.035,6.5333,5.2874,9.3773
E0142,2026-03-15T00:00:00Z,10.423,9.4847,8.4682,6.8983,5.4746,7.8966
E0143,2026-03-15T00:00:00Z,12.0245,8.4515,8.3308,9.0202,5.902,7.5772
E0144,2026-03-15T00:00:00Z,12.0112,8.0897,6.7352,6.2324,6.533,6.956
E0145,2026-03-15T00:00:00Z,10.4543,9.3743,8.2576,8.4532,6.7585,9.6771
E0146,2026-03-15T00:00:00Z,11.3569,7.9833,7.2308,9.9538,7.0305,7.5601
E0147,2026-03-15T00:00:00Z,11.059,7.7289,7.6039,7.6952,6.2812,9.8028
E0148,2026-03-15T00:00:00Z,11.4848,8.2222,10.1863,6.9679,6.5504,9.557
E0149,2026-03-15T00:00:00Z,12.238,9.3456,8.6996,7.2786,7.1188,8.5479
E0000,2026-03-16T00:00:00Z,10.3071,9.3511,8.3473,6.1255,6.6105,11.0976
E0001,2026-03-16T00:00:00Z,10.7065,11.1813,8.0722,6.5834,5.5499,9.2367
E0002,2026-03-16T00:00:00Z,12.706,9.1516,7.6635,7.8795,6.5991,9.4878
E0003,2026-03-16T00:00:00Z,9.897,8.4663,10.149,6.6,5.2598,9.187
E0004,2026-03-16T00:00:00Z,12.3354,9.4518,8.2332,7.3926,6.257,11.934
E0005,2026-03-16T00:00:00Z,10.7891,10.8567,8.2779,7.7193,5.3806,11.5634
E0006,2026-03-16T00:00:00Z,10.6416,9.7976,7.268,6.6714,5.3273,10.5512
E0007,2026-03-16T00:00:00Z,10.007,9.7156,7.7832,7.5957,7.2623,9.066
E0008,2026-03-16T00:00:00Z,11.7013,10.6835,8.3785,7.2478,6.3529,10.5747
E0009,2026-03-16T00:00:00Z,10.5314,9.5057,9.6241,6.0486,6.7146,10.5182
E0010,2026-03-16T00:00:00Z,10.6142,10.5222,9.5826,7.5897,7.2968,6.7434
E0011,2026-03-16T00:00:00Z,10.8867,6.2912,9.1941,7.758,7.2523,11.2262
E0012,2026-03-16T00:00:00Z,10.407,8.0175,7.797,6.3919,7.3352,10.8198
E0013,2026-03-16T00:00:00Z,11.13,9.8985,9.0278,6.9998,5.3295,8.3327
E0014,2026-03-16T00:00:00Z,11.4441,8.5417,6.3668,8.9677,5.6699,7.422
E0015,2026-03-16T00:00:00Z,11.2771,7.3997,8.8105,8.3233,6.6141,9.545
E0016,2026-03-16T00:00:00Z,11.4723,8.936,6.4461,7.0161,6.2737,9.842
E0017,2026-03-16T00:00:00Z,10.208,9.7081,8.5881,6.521,5.9809,11.2763
E0018,2026-03-16T00:00:00Z,11.3701,10.4089,7.5097,8.8897,6.8799,10.2504
E0019,2026-03-16T00:00:00Z,10.4639,10.788,8.5079,7.2601,4.7785,10.084
E0020,2026-03-16T00:00:00Z,11.6881,9.7601,8.3991,6.5428,6.9564,7.9092
E0021,2026-03-16T00:00:00Z,11.1953,10.6831,8.2132,7.3882,6.9089,9.4279
E0022,2026-03-16T00:00:00Z,11.5032,6.8844,8.5066,7.6907,9.2632,12.1212
E0023,2026-03-16T00:00:00Z,12.2723,9.6233,9.1447,6.9897,4.8397,9.189
E0024,2026-03-16T00:00:00Z,12.2071,10.3721,8.3692,7.9376,6.1965,12.4404
E0025,2026-03-16T00:00:00Z,11.2286,8.798,8.4761,6.7588,6.0872,7.6149
E0026,2026-03-16T00:00:00Z,11.663,10.0425,7.7932,6.1685,5.9346,7.7008
E0027,2026-03-16T00:00:00Z,10.9889,9.4187,8.0179,8.5116,5.5416,12.1171
E0028,2026-03-16T00:00:00Z,11.6985,10.2962,8.952,7.2727,6.6323,8.2658
E0029,2026-03-16T00:00:00Z,11.4765,7.8663,8.0503,9.0056,7.2558,13.7706
E0030,2026-03-16T00:00:00Z,12.1764,7.3535,7.2429,7.625,3.9299,6.9041
E0031,2026-03-16T00:00:00Z,10.7411,9.135,8.8976,7.1227,6.0895,10.814
E0032,2026-03-16T00:00:00Z,10.9779,9.2592,8.8082,7.4671,8.1452,8.4875
E0033,2026-03-16T00:00:00Z,11.4871,9.3764,8.6439,6.6316,5.1833,8.9851
E0034,2026-03-16T00:00:00Z,11.0688,9.1141,7.1632,7.7743,6.1925,8.8291
E0035,2026-03-16T00:00:00Z,10.8039,7.2523,8.8196,7.2712,6.1938,9.517
E0036,2026-03-16T00:00:00Z,11.2509,9.8523,9.0743,7.4759,6.3356,11.6406
E0037,2026-03-16T00:00:00Z,11.7138,9.5566,6.7016,8.156,5.8029,10.6945
E0038,2026-03-16T00:00:00Z,10.6114,10.9386,6.8767,8.4742,6.6019,10.5309
E0039,2026-03-16T00:00:00Z,11.1668,9.2666,7.6023,10.5109,7.0894,10.8611
E0040,2026-03-16T00:00:00Z,12.6569,8.9849,9.5297,9.9213,7.2766,8.7831
E0041,2026-03-16T00:00:00Z,9.2994,9.222,9.5506,7.8968,6.783,8.4164
E0042,2026-03-16T00:00:00Z,10.9867,10.6134,8.75,7.6388,7.4995,9.2521
E0043,2026-03-16T00:00:00Z,10.842,8.622,8.5251,7.756,6.7543,10.2585
E0044,2026-03-16T00:00:00Z,11.7363,8.9676,8.1238,5.4468,7.0837,11.8285
E0045,2026-03-16T00:00:00Z,11.3779,8.9294,8.2471,6.8331,6.4591,12.1596
E0046,2026-03-16T00:00:00Z,11.628,11.2455,9.0868,6.4439,7.2133,9.5511
E0047,2026-03-16T00:00:00Z,11.8028,9.3226,8.9814,6.3701,7.0003,9.7823
E0048,2026-03-16T00:00:00Z,10.7344,10.6747,8.494,6.9234,6.062,6.5627
E0049,2026-03-16T00:00:00Z,10.4776,9.5529,11.1109,6.9646,5.7621,9.3706
E0050,2026-03-16T00:00:00Z,10.5496,10.9878,8.5469,6.8646,7.7482,9.1069
E0051,2026-03-16T00:00:00Z,10.8513,8.3476,8.4352,7.9693,5.4857,9.3833
E0052,2026-03-16T00:00:00Z,11.1745,9.0741,8.8848,6.8588,6.6807,8.5078
E0053,2026-03-16T00:00:00Z,10.6442,11.0988,8.403,7.675,5.6699,9.925
E0054,2026-03-16T00:00:00Z,10.3651,7.5736,7.7963,7.1183,6.2118,9.4403
E0055,2026-03-16T00:00:00Z,12.1441,8.3348,7.6214,6.5654,6.3448,8.7746
E0056,2026-03-16T00:00:00Z,11.5527,9.2813,8.6556,7.4503,5.7476,10.2572
E0057,2026-03-16T00:00:00Z,11.0277,9.843,7.0222,5.9027,7.0425,9.8208
E0058,2026-03-16T00:00:00Z,9.0882,7.7926,8.2534,7.1994,6.6282,13.4165
E0059,2026-03-16T00:00:00Z,11.8257,9.8189,8.4966,7.3981,6.4426,9.4502
E0060,2026-03-16T00:00:00Z,10.4017,9.6978,8.8315,6.8758,6.6515,9.2001
E0061,2026-03-16T00:00:00Z,12.4078,8.6685,9.413,9.1354,6.2545,8.6742
E0062,2026-03-16T00:00:00Z,9.3593,9.0493,8.6228,7.2923,6.7403,9.1648
E0063,2026-03-16T00:00:00Z,9.7943,9.9074,5.9044,8.3173,6.8641,9.2577
E0064,2026-03-16T00:00:00Z,12.4505,10.2547,7.5294,7.2753,7.0015,5.4206
E0065,2026-03-16T00:00:00Z,12.3974,10.178,8.3965,7.7251,4.8415,8.0471
E0066,2026-03-16T00:00:00Z,10.8656,8.0744,9.0298,6.9799,7.0459,10.6121
E0067,2026-03-16T00:00:00Z,10.5915,11.3094,6.6431,7.4412,5.5193,7.9092
E0068,2026-03-16T00:00:00Z,12.0562,7.6012,8.5809,8.3588,7.6948,8.2756
E0069,2026-03-16T00:00:00Z,10.3274,10.0043,9.3319,8.9713,7.6135,8.4768
E0070,2026-03-16T00:00:00Z,11.2116,9.6962,6.9578,8.8781,6.0478,8.0069
E0071,2026-03-16T00:00:00Z,10.7421,9.2616,9.6863,6.5278,5.2361,7.7364
E0072,2026-03-16T00:00:00Z,9.8042,9.0801,10.6474,8.6117,6.2525,9.2119
E0073,2026-03-16T00:00:00Z,9.8134,9.1487,8.2922,6.1615,6.8365,10.1269
E0074,2026-03-16T00:00:00Z,11.4108,9.5883,7.2071,8.0992,6.7263,11.5676
E0075,2026-03-16T00:00:00Z,11.2655,9.7771,10.5082,6.7729,6.4997,12.374
E0076,2026-03-16T00:00:00Z,10.7629,9.4405,8.9442,8.2122,6.9197,8.1422
E0077,2026-03-16T00:00:00Z,10.457,9.9524,10.9907,7.1773,6.4966,10.0551
E0078,2026-03-16T00:00:00Z,10.8736,10.0537,7.6661,8.0023,7.3989,9.0596
E0079,2026-03-16T00:00:00Z,11.9114,7.7181,6.232,6.5758,6.8946,10.756
E0080,2026-03-16T00:00:00Z,11.4583,13.3625,6.6074,6.9439,4.2103,7.7949
E0081,2026-03-16T00:00:00Z,11.2837,8.5583,9.4758,8.4602,7.4767,6.8952
E0082,2026-03-16T00:00:00Z,11.2971,9.9413,7.4172,8.3426,6.5906,9.666
E0083,2026-03-16T00:00:00Z,11.0772,11.3303,7.7315,6.5848,5.9191,10.0128
E0084,2026-03-16T00:00:00Z,11.3957,6.5494,8.5801,7.6281,6.321,8.4828
E0085,2026-03-16T00:00:00Z,11.2929,6.6772,10.049,7.3538,5.3354,10.343
E0086,2026-03-16T00:00:00Z,11.0206,7.1921,8.8421,8.881,5.3893,13.408
E0087,2026-03-16T00:00:00Z,11.3932,8.6108,9.6917,9.3445,6.4463,12.6507
E0088,2026-03-16T00:00:00Z,12.1615,9.6312,7.9831,5.8421,6.1887,8.445
E0089,2026-03-16T00:00:00Z,10.0861,8.8204,7.3145,7.724,5.202,9.703
E0090,2026-03-16T00:00:00Z,11.6411,8.9933,8.2217,7.3101,6.6657,8.4591
E0091,2026-03-16T00:00:00Z,12.1719,9.7584,9.5228,7.7942,6.5896,9.7009
E0092,2026-03-16T00:00:00Z,11.2704,9.6586,9.5897,9.5017,7.0204,9.7381
E0093,2026-03-16T00:00:00Z,10.4261,10.4127,6.8584,7.491,6.0122,11.7122
E0094,2026-03-16T00:00:00Z,11.4726,6.3476,7.985,9.4502,3.9266,11.0192
E0095,2026-03-16T00:00:00Z,11.4495,8.2003,8.4863,7.3264,7.3568,8.0504
E0096,2026-03-16T00:00:00Z,11.3444,8.3485,8.2387,7.3896,7.8956,10.3281
E0097,2026-03-16T00:00:00Z,9.9349,9.4916,6.5664,5.7276,6.4302,11.471
E0098,2026-03-16T00:00:00Z,11.7469,10.4946,9.9249,8.7817,5.7509,9.7465
E0099,2026-03-16T00:00:00Z,10.4343,9.7934,10.2432,8.1533,5.7242,7.8495
E0100,2026-03-16T00:00:00Z,10.6344,9.608,6.8744,6.8753,5.9176,8.9884
E0101,2026-03-16T00:00:00Z,10.0172,10.4094,8.7729,8.9876,6.9687,8.1109
E0102,2026-03-16T00:00:00Z,11.3119,7.6737,8.6456,5.9387,5.7063,10.7667
E0103,2026-03-16T00:00:00Z,11.6893,8.9101,8.6469,9.7722,5.9336,12.1817
E0104,2026-03-16T00:00:00Z,11.9632,10.9417,8.9118,8.6772,6.2837,8.8433
E0105,2026-03-16T00:00:00Z,11.2937,7.4476,9.0305,9.0792,7.0964,8.875
E0106,2026-03-16T00:00:00Z,9.8039,8.585,8.1475,8.2072,5.7542,8.0473
E0107,2026-03-16T00:00:00Z,11.6604,9.2623,8.1643,7.5655,6.5764,9.8021
E0108,2026-03-16T00:00:00Z,11.1535,8.4239,10.0325,7.9703,5.7958,9.1276
E0109,2026-03-16T00:00:00Z,10.5894,10.0868,9.1935,7.996,5.4231,9.9778
E0110,2026-03-16T00:00:00Z,11.8707,8.4665,8.0322,6.6237,7.0602,12.8807
E0111,2026-03-16T00:00:00Z,11.1471,7.9784,9.7641,6.785,8.0472,7.7036
E0112,2026-03-16T00:00:00Z,11.6541,10.138,8.4108,6.7221,6.379,7.2187
E0113,2026-03-16T00:00:00Z,11.033,7.5144,7.7564,8.577,7.357,7.6509
E0114,2026-03-16T00:00:00Z,11.6579,10.3975,5.7954,6.6693,5.6928,9.0609
E0115,2026-03-16T00:00:00Z,10.7255,8.3922,8.2842,7.5484,6.9857,8.8822
E0116,2026-03-16T00:00:00Z,10.5135,8.2237,7.9174,8.2643,5.8665,11.5029
E0117,2026-03-16T00:00:00Z,10.3198,9.6237,8.6489,8.2285,7.1437,7.2193
E0118,2026-03-16T00:00:00Z,9.9652,8.274,8.3253,8.1744,6.1135,9.4743
E0119,2026-03-16T00:00:00Z,12.0403,8.6409,7.2141,6.5138,6.2711,8.3299
E0120,2026-03-16T00:00:00Z,10.9145,8.6711,7.6882,8.0918,6.7702,7.5186
E0121,2026-03-16T00:00:00Z,11.017,8.949,8.5934,6.178,6.0403,10.2611
E0122,2026-03-16T00:00:00Z,11.5383,7.9973,8.0365,6.5455,7.1681,9.4598
E0123,2026-03-16T00:00:00Z,10.2055,8.1033,7.9336,7.5723,6.5632,8.5161
E0124,2026-03-16T00:00:00Z,10.7862,11.0636,9.8509,8.0177,6.2624,12.5969
E0125,2026-03-16T00:00:00Z,10.372,8.5552,7.173,7.6053,8.2449,10.3718
E0126,2026-03-16T00:00:00Z,11.586,9.6264,10.6475,7.5022,8.6162,11.0587
E0127,2026-03-16T00:00:00Z,12.0944,11.0093,8.4197,6.9026,4.3523,12.6494
E0128,2026-03-16T00:00:00Z,12.7824,10.9213,10.7539,7.4472,6.1377,10.6393
E0129,2026-03-16T00:00:00Z,11.1006,10.4427,9.9195,8.0451,7.2085,8.9293
E0130,2026-03-16T00:00:00Z,11.4121,8.9831,7.5662,7.1083,7.7402,11.0837
E0131,2026-03-16T00:00:00Z,11.7844,8.2446,8.3021,5.8412,5.6739,12.475
E0132,2026-03-16T00:00:00Z,12.5165,9.6981,9.0256,6.889,6.129,11.3809
E0133,2026-03-16T00:00:00Z,10.475,8.6357,7.5642,8.1696,6.9041,9.6634
E0134,2026-03-16T00:00:00Z,11.8427,7.6353,7.6914,6.3535,6.6493,9.0557
E0135,2026-03-16T00:00:00Z,11.3227,9.1704,7.6759,6.1656,4.4208,9.8276
E0136,2026-03-16T00:00:00Z,11.2516,8.5003,7.9425,8.8517,4.6656,9.7755
E0137,2026-03-16T00:00:00Z,11.6441,9.7909,9.215,9.0341,5.2913,7.5589
E0138,2026-03-16T00:00:00Z,11.2723,8.3615,6.8435,7.4366,5.6622,8.6316
E0139,2026-03-16T00:00:00Z,11.6322,9.3589,8.7724,6.7382,6.6291,7.5067
E0140,2026-03-16T00:00:00Z,11.4993,8.4777,8.2352,7.3883,4.6256,10.1507
E0141,2026-03-16T00:00:00Z,11.0959,9.4589,6.9139,9.529,5.2643,8.2712
E0142,2026-03-16T00:00:00Z,10.5571,9.2482,8.3156,8.1986,6.1575,8.6426
E0143,2026-03-16T00:00:00Z,11.6995,9.2343,9.0772,7.234,5.5,10.1621
E0144,2026-03-16T00:00:00Z,12.1525,8.7988,8.8668,6.5815,5.4003,9.6743
E0145,2026-03-16T00:00:00Z,10.2944,8.2196,7.1568,6.9054,5.4151,11.6357
E0146,2026-03-16T00:00:00Z,9.578,7.5602,7.2057,8.1778,5.8762,12.2115
E0147,2026-03-16T00:00:00Z,10.8841,9.6832,8.0752,5.4789,5.6957,10.8578
E0148,2026-03-16T00:00:00Z,12.117,10.0813,7.0165,6.6731,6.578,6.5145
E0149,2026-03-16T00:00:00Z,11.4298,8.5591,8.6861,6.7274,6.8426,8.6557
E0000,2026-03-17T00:00:00Z,11.4723,10.2592,8.5171,7.4558,7.967,6.5035
E0001,2026-03-17T00:00:00Z,11.8221,9.1042,7.7634,7.1298,7.7421,12.5686
E0002,2026-03-17T00:00:00Z,10.5219,8.7103,7.4106,8.5614,6.5421,10.6644
E0003,2026-03-17T00:00:00Z,11.3264,10.8112,8.6245,6.5923,5.645,8.5308
E0004,2026-03-17T00:00:00Z,11.9878,8.1269,9.2663,6.4722,5.2173,11.2935
E0005,2026-03-17T00:00:00Z,11.218,9.5737,6.1109,6.4514,8.942,10.2772
E0006,2026-03-17T00:00:00Z,10.7656,10.0409,7.8183,7.9393,5.8109,12.3982
E0007,2026-03-17T00:00:00Z,11.5138,9.1905,10.5686,6.1253,6.637,7.999
E0008,2026-03-17T00:00:00Z,11.3432,8.0762,9.0972,8.2156,6.9008,14.7687
E0009,2026-03-17T00:00:00Z,10.3223,9.4729,7.5851,7.1019,6.2993,10.4121
E0010,2026-03-17T00:00:00Z,10.7845,9.6239,11.8457,6.5673,6.7865,9.9025
E0011,2026-03-17T00:00:00Z,10.6473,7.5795,9.7912,8.7724,4.2826,9.2285
E0012,2026-03-17T00:00:00Z,11.1957,10.1571,7.7976,5.9349,7.9021,7.0885
E0013,2026-03-17T00:00:00Z,11.7019,10.6595,9.2373,8.5791,6.5552,8.6486
E0014,2026-03-17T00:00:00Z,10.0881,9.9557,8.8586,8.2046,6.2289,12.7386
E0015,2026-03-17T00:00:00Z,11.0313,9.2999,7.5373,7.3524,7.9036,8.8001
E0016,2026-03-17T00:00:00Z,11.2501,9.0635,9.5056,8.1666,7.5519,12.3765
E0017,2026-03-17T00:00:00Z,12.1209,11.0905,7.4136,7.4265,7.5104,6.2338
E0018,2026-03-17T00:00:00Z,11.1037,9.5363,8.363,7.1698,5.5546,8.918
E0019,2026-03-17T00:00:00Z,10.8748,9.6177,7.8061,9.7569,6.6263,9.1334
E0020,2026-03-17T00:00:00Z,11.8809,9.5497,7.8356,5.6018,3.8781,12.2835
E0021,2026-03-17T00:00:00Z,11.6005,6.1821,7.7312,6.4988,6.3152,9.0216
E0022,2026-03-17T00:00:00Z,11.9335,10.1159,7.6251,7.0676,6.5254,10.0234
E0023,2026-03-17T00:00:00Z,12.2048,9.8102,9.2373,7.196,7.0772,11.179
E0024,2026-03-17T00:00:00Z,11.4107,10.0935,7.9423,6.378,5.2971,9.316
E0025,2026-03-17T00:00:00Z,11.9719,9.6466,7.6487,9.3225,7.4209,8.303
E0026,2026-03-17T00:00:00Z,11.2097,9.4761,9.8371,7.661,7.7923,9.055
E0027,2026-03-17T00:00:00Z,11.1887,9.9707,10.5635,7.1466,7.7148,7.3546
E0028,2026-03-17T00:00:00Z,10.382,9.473,9.1476,6.0085,6.1516,9.4468
E0029,2026-03-17T00:00:00Z,11.9435,9.8995,6.3265,8.9857,8.4227,10.4715
E0030,2026-03-17T00:00:00Z,11.241,10.0693,7.5373,7.9996,5.9085,12.1488
E0031,2026-03-17T00:00:00Z,11.3664,9.9726,7.127,6.6105,5.1765,8.3373
E0032,2026-03-17T00:00:00Z,12.124,9.7933,9.8652,6.193,9.202,11.9351
E0033,2026-03-17T00:00:00Z,11.2904,9.3715,7.4907,8.567,5.9435,12.5674
E0034,2026-03-17T00:00:00Z,12.3271,9.4181,8.8726,7.4967,5.8303,9.1899
E0035,2026-03-17T00:00:00Z,11.8227,9.6711,8.7418,7.6641,6.1666,8.8112
E0036,2026-03-17T00:00:00Z,11.108,9.3484,7.0996,6.9352,5.8003,6.9728
E0037,2026-03-17T00:00:00Z,11.6726,9.4153,9.1561,6.9273,7.3875,11.0229
E0038,2026-03-17T00:00:00Z,11.1585,8.4209,8.8765,8.2238,6.3089,9.1441
E0039,2026-03-17T00:00:00Z,10.9255,9.3497,8.7111,6.9712,5.5523,8.5037
E0040,2026-03-17T00:00:00Z,11.6948,9.3171,8.3701,7.8087,6.9513,11.7525
E0041,2026-03-17T00:00:00Z,10.7524,9.1118,7.0912,9.9374,6.0354,9.431
E0042,2026-03-17T00:00:00Z,10.9365,9.5457,9.7465,8.2887,7.0617,10.4586
E0043,2026-03-17T00:00:00Z,11.3395,8.411,8.8919,6.0102,5.2797,10.4744
E0044,2026-03-17T00:00:00Z,11.0381,8.8048,7.1221,7.5238,6.6394,9.2802
E0045,2026-03-17T00:00:00Z,11.3479,8.6394,7.5933,8.1945,7.2094,10.1203
E0046,2026-03-17T00:00:00Z,12.1387,9.7849,7.2972,8.6288,6.3626,9.3481
E0047,2026-03-17T00:00:00Z,9.957,7.669,7.7023,8.435,6.8288,7.2587
E0048,2026-03-17T00:00:00Z,10.2267,10.623,9.2479,8.8659,6.9539,10.2584
E0049,2026-03-17T00:00:00Z,11.4683,10.2142,7.94,8.2139,6.7414,7.2958
E0050,2026-03-17T00:00:00Z,12.1259,10.1992,7.215,6.9147,7.5352,10.2007
E0051,2026-03-17T00:00:00Z,11.5993,9.5281,8.9989,8.9708,6.3791,8.019
E0052,2026-03-17T00:00:00Z,11.1282,10.0373,6.9423,7.6195,7.2215,9.7298
E0053,2026-03-17T00:00:00Z,11.502,10.056,7.8019,7.9031,7.4899,10.2936
E0054,2026-03-17T00:00:00Z,9.6223,9.7097,7.6571,6.368,7.1,8.1062
E0055,2026-03-17T00:00:00Z,12.1767,9.5623,7.9154,7.4466,7.1081,11.9286
E0056,2026-03-17T00:00:00Z,11.3761,7.4375,6.084,7.2457,7.0742,5.2391
E0057,2026-03-17T00:00:00Z,10.4645,8.4497,10.8201,6.9646,6.8562,11.0295
E0058,2026-03-17T00:00:00Z,12.025,10.6682,8.0244,8.6244,6.5359,9.4907
E0059,2026-03-17T00:00:00Z,11.3698,10.2154,8.3961,7.3086,6.1375,8.1302
E0060,2026-03-17T00:00:00Z,11.3887,10.8796,7.9605,7.9963,6.2526,13.1211
E0061,2026-03-17T00:00:00Z,11.6855,8.8449,9.1569,7.3007,6.4481,12.963
E0062,2026-03-17T00:00:00Z,10.6924,9.7863,9.3933,6.4379,5.6885,12.6381
E0063,2026-03-17T00:00:00Z,10.9412,10.546,8.8225,8.0957,4.7945,10.1986
E0064,2026-03-17T00:00:00Z,11.1853,9.9539,7.0571,6.7448,8.1312,8.7561
E0065,2026-03-17T00:00:00Z,11.4287,10.0648,8.8766,7.7395,6.0473,10.3925
E0066,2026-03-17T00:00:00Z,11.7213,8.0022,6.3772,6.8386,4.837,9.7721
E0067,2026-03-17T00:00:00Z,12.2599,8.9172,7.8921,8.4196,6.6694,8.7407
E0068,2026-03-17T00:00:00Z,9.8939,9.8135,8.6453,7.8549,6.3272,8.4546
E0069,2026-03-17T00:00:00Z,12.1028,7.7857,10.0015,8.1196,5.3094,8.3621
E0070,2026-03-17T00:00:00Z,11.3245,9.9016,7.2294,6.6327,4.3534,6.4473
E0071,2026-03-17T00:00:00Z,10.4731,9.3978,8.5657,7.3744,7.8362,8.1332
E0072,2026-03-17T00:00:00Z,11.1012,8.9305,8.1962,9.4269,5.1008,9.5212
E0073,2026-03-17T00:00:00Z,10.9185,9.4173,6.5263,7.4951,7.2308,8.7063
E0074,2026-03-17T00:00:00Z,12.0466,9.4007,8.8151,7.6282,7.2924,10.4881
E0075,2026-03-17T00:00:00Z,11.2607,7.8797,9.2827,8.2013,6.9091,10.2606
E0076,2026-03-17T00:00:00Z,11.1965,9.5699,7.9931,7.9256,6.5326,12.0662
E0077,2026-03-17T00:00:00Z,11.1842,10.7034,8.806,7.5731,6.7528,7.7317
E0078,2026-03-17T00:00:00Z,12.5441,8.5891,8.4564,8.7617,6.2829,10.5998
E0079,2026-03-17T00:00:00Z,11.2376,8.726,8.0888,6.1541,5.9517,11.0499
E0080,2026-03-17T00:00:00Z,13.1109,8.598,8.1518,5.475,6.2999,11.4786
E0081,2026-03-17T00:00:00Z,11.0325,9.2901,6.052,7.4114,5.7439,10.6385
E0082,2026-03-17T00:00:00Z,9.9492,7.0643,7.5656,7.0137,8.1791,11.887
E0083,2026-03-17T00:00:00Z,12.8089,8.1916,8.2936,6.121,6.4913,10.4299
E0084,2026-03-17T00:00:00Z,11.4619,8.1827,6.6074,8.8337,3.739,11.8004
E0085,2026-03-17T00:00:00Z,11.6249,9.956,8.8096,6.7176,7.7229,9.1343
E0086,2026-03-17T00:00:00Z,11.157,8.2635,8.5752,8.1574,7.2122,10.918
E0087,2026-03-17T00:00:00Z,12.2475,9.2974,9.0053,7.8359,5.7514,8.4668
E0088,2026-03-17T00:00:00Z,9.4282,8.7988,7.2468,5.5162,7.8522,9.3636
E0089,2026-03-17T00:00:00Z,10.423,8.1932,8.941,8.4441,7.0581,12.1286
E0090,2026-03-17T00:00:00Z,12.3027,9.467,6.5992,8.2112,7.8135,9.9722
E0091,2026-03-17T00:00:00Z,10.3544,9.1836,9.3684,7.292,6.0718,10.5705
E0092,2026-03-17T00:00:00Z,12.1576,10.0032,8.6067,9.6062,6.7806,10.7607
E0093,2026-03-17T00:00:00Z,10.2302,9.5498,8.9455,6.2319,7.226,13.5631
E0094,2026-03-17T00:00:00Z,11.7712,8.7441,7.8189,6.9319,7.2221,12.3608
E0095,2026-03-17T00:00:00Z,11.23,10.254,7.7732,6.5649,7.2478,8.923
E0096,2026-03-17T00:00:00Z,10.7565,8.7067,8.1261,9.0491,4.7005,8.99
E0097,2026-03-17T00:00:00Z,11.0662,8.5419,7.7677,7.8246,6.026,10.7752
E0098,2026-03-17T00:00:00Z,10.4785,9.4845,7.7569,7.8335,8.2154,8.049
E0099,2026-03-17T00:00:00Z,10.6905,10.9966,9.7109,8.1838,6.8853,9.5002
E0100,2026-03-17T00:00:00Z,11.4217,11.9434,9.8151,6.5712,5.6908,8.1408
E0101,2026-03-17T00:00:00Z,11.21,9.5189,6.1357,7.9649,6.5291,6.0169
E0102,2026-03-17T00:00:00Z,10.5972,8.7933,7.2461,7.5065,7.342,9.5226
E0103,2026-03-17T00:00:00Z,12.1869,9.3388,7.5811,6.9573,7.5418,10.7947
E0104,2026-03-17T00:00:00Z,10.735,10.916,9.9737,8.7493,6.1045,8.2844
E0105,2026-03-17T00:00:00Z,11.7008,8.3702,7.5276,7.4501,5.4176,7.2307
E0106,2026-03-17T00:00:00Z,11.1612,11.167,7.6908,7.251,5.875,11.2481
E0107,2026-03-17T00:00:00Z,11.7661,12.5333,8.3892,7.3922,4.5834,10.5274
E0108,2026-03-17T00:00:00Z,10.8694,10.121,8.7101,7.3331,6.97,7.5986
E0109,2026-03-17T00:00:00Z,12.3621,10.8461,8.4303,7.3898,7.1339,8.8007
E0110,2026-03-17T00:00:00Z,10.6918,8.9454,8.4542,7.6153,6.6951,9.6042
E0111,2026-03-17T00:00:00Z,11.2725,9.3065,8.4364,9.8168,8.1226,10.04
E0112,2026-03-17T00:00:00Z,11.0886,8.432,10.0826,8.3482,7.427,12.1946
E0113,2026-03-17T00:00:00Z,10.895,7.9721,8.956,6.0335,6.2623,9.3065
E0114,2026-03-17T00:00:00Z,10.8909,10.2154,9.8039,6.4344,7.1713,11.798
E0115,2026-03-17T00:00:00Z,10.7987,10.3314,7.7024,7.3712,6.8011,8.5484
E0116,2026-03-17T00:00:00Z,10.6202,10.046,10.411,8.6489,6.5044,8.6969
E0117,2026-03-17T00:00:00Z,10.0426,7.8231,8.5413,7.2632,7.8321,11.0255
E0118,2026-03-17T00:00:00Z,10.3504,7.8873,7.4147,8.0009,6.344,11.7228
E0119,2026-03-17T00:00:00Z,11.5885,7.6289,8.0167,7.4195,7.3804,10.5727
E0120,2026-03-17T00:00:00Z,11.0563,10.7716,10.0061,7.3824,5.923,8.5225
E0121,2026-03-17T00:00:00Z,12.1466,11.2021,8.3189,7.0694,5.4739,10.8809
E0122,2026-03-17T00:00:00Z,10.5021,9.7788,8.7712,6.3221,5.9103,9.5404
E0123,2026-03-17T00:00:00Z,10.6754,8.9647,7.0629,7.7859,6.4267,10.9354
E0124,2026-03-17T00:00:00Z,11.7391,11.8172,8.795,8.9253,4.8908,7.4778
E0125,2026-03-17T00:00:00Z,9.9875,8.8257,7.6703,8.4806,7.215,9.5722
E0126,2026-03-17T00:00:00Z,9.8685,8.9373,8.0308,7.3101,6.309,8.7856
E0127,2026-03-17T00:00:00Z,11.392,8.8992,8.0919,7.3726,8.4636,8.6766
E0128,2026-03-17T00:00:00Z,10.2099,10.8663,7.2896,7.5102,6.2069,7.0386
E0129,2026-03-17T00:00:00Z,10.0115,7.3181,8.357,8.2784,5.2062,8.7666
E0130,2026-03-17T00:00:00Z,11.7964,7.4142,7.2133,7.0226,6.6703,9.3462
E0131,2026-03-17T00:00:00Z,11.0716,10.7412,7.4381,5.3118,6.8353,8.5702
E0132,2026-03-17T00:00:00Z,11.8342,7.1304,9.6407,8.1552,6.7109,7.5692
E0133,2026-03-17T00:00:00Z,12.3024,9.1366,8.6052,7.1546,6.9758,11.5035
E0134,2026-03-17T00:00:00Z,11.2073,8.4283,9.0226,8.1686,6.6458,7.0722
E0135,2026-03-17T00:00:00Z,10.7294,9.1485,8.8151,7.0418,6.2402,6.2394
E0136,2026-03-17T00:00:00Z,10.7421,7.6834,10.2989,7.6997,6.3767,8.9072
E0137,2026-03-17T00:00:00Z,10.9256,7.0791,7.0644,7.7976,5.6612,7.2446
E0138,2026-03-17T00:00:00Z,12.2304,9.1118,8.7232,6.7873,7.4487,10.9497
E0139,2026-03-17T00:00:00Z,11.2271,11.1886,7.3242,7.7935,5.8265,9.0151
E0140,2026-03-17T00:00:00Z,10.7628,7.6159,8.9945,9.2426,5.6875,11.4387
E0141,2026-03-17T00:00:00Z,11.3665,8.5626,9.0442,7.0857,6.8132,11.9186
E0142,2026-03-17T00:00:00Z,11.1576,6.2968,5.9553,8.0761,7.5892,11.4785
E0143,2026-03-17T00:00:00Z,11.1248,9.1138,7.8542,7.3348,7.3392,9.1708
E0144,2026-03-17T00:00:00Z,12.0792,9.1271,7.6784,6.9625,6.5705,8.7206
E0145,2026-03-17T00:00:00Z,12.056,7.2927,9.5002,7.851,4.8231,9.7323
E0146,2026-03-17T00:00:00Z,12.1457,7.9604,6.1047,8.0544,7.7372,10.2527
E0147,2026-03-17T00:00:00Z,11.9811,9.554,6.9883,7.8384,6.2369,9.9947
E0148,2026-03-17T00:00:00Z,11.1704,7.7875,8.5008,6.5261,7.2482,9.6788
E0149,2026-03-17T00:00:00Z,11.8967,9.6423,6.7931,7.3409,7.959,10.9278
E0000,2026-03-18T00:00:00Z,11.7218,10.0927,8.5025,6.7283,4.5842,8.5909
E0001,2026-03-18T00:00:00Z,9.9905,9.3089,8.1863,6.7459,6.461,9.6614
E0002,2026-03-18T00:00:00Z,12.2543,8.5315,9.4549,8.3795,6.3251,11.2115
E0003,2026-03-18T00:00:00Z,12.0099,8.4891,10.1267,6.1983,6.505,7.258
E0004,2026-03-18T00:00:00Z,11.5447,7.8232,11.1557,8.1953,5.9422,9.5438
E0005,2026-03-18T00:00:00Z,10.8908,9.8705,8.2822,5.9835,6.1256,9.8562
E0006,2026-03-18T00:00:00Z,10.2637,9.8062,9.2896,8.4514,6.3827,8.5879
E0007,2026-03-18T00:00:00Z,11.8008,8.8357,8.1397,7.0228,7.1395,7.1068
E0008,2026-03-18T00:00:00Z,12.3722,9.5772,8.976,8.9818,7.6155,7.1737
E0009,2026-03-18T00:00:00Z,10.3313,7.1627,9.4406,8.2309,6.6488,10.0568
E0010,2026-03-18T00:00:00Z,10.6708,10.1304,8.5749,8.2367,6.4904,8.6878
E0011,2026-03-18T00:00:00Z,11.5222,9.0732,7.9095,7.4647,7.1873,8.6348
E0012,2026-03-18T00:00:00Z,11.6539,7.6945,8.741,8.0474,6.2771,10.7619
E0013,2026-03-18T00:00:00Z,12.1148,8.8512,9.4037,9.4738,3.9731,8.8618
E0014,2026-03-18T00:00:00Z,10.5172,10.1937,7.7108,6.4896,5.6356,9.8711
E0015,2026-03-18T00:00:00Z,10.4045,9.0021,10.8976,7.9124,6.1902,10.2756
E0016,2026-03-18T00:00:00Z,11.7199,8.8121,8.9938,8.77,5.7511,8.3575
E0017,2026-03-18T00:00:00Z,10.4969,10.2767,8.472,7.2366,6.3463,12.1605
E0018,2026-03-18T00:00:00Z,11.1653,9.6299,7.9539,7.3135,7.25,9.5986
E0019,2026-03-18T00:00:00Z,10.5942,10.246,7.9318,8.1638,6.4544,11.2603
E0020,2026-03-18T00:00:00Z,12.0913,6.3824,7.8502,6.8735,5.8965,10.9271
E0021,2026-03-18T00:00:00Z,10.8646,7.9644,9.2432,7.3874,6.3758,9.2523
E0022,2026-03-18T00:00:00Z,11.6121,9.4687,8.2477,7.0382,6.786,10.439
E0023,2026-03-18T00:00:00Z,10.7615,10.6331,9.0563,7.0995,5.5383,7.991
E0024,2026-03-18T00:00:00Z,12.0886,8.1153,12.1193,8.423,5.6564,9.6924
E0025,2026-03-18T00:00:00Z,11.493,9.1887,9.2399,6.6493,6.2227,10.5849
E0026,2026-03-18T00:00:00Z,11.6426,5.6024,8.8386,8.3576,6.9743,10.1949
E0027,2026-03-18T00:00:00Z,10.5333,8.2666,6.8437,7.6101,6.2491,8.332
E0028,2026-03-18T00:00:00Z,10.806,10.1942,7.0898,6.5042,6.4572,8.0911
E0029,2026-03-18T00:00:00Z,10.3126,8.7114,7.4985,6.521,6.3055,9.632
E0030,2026-03-18T00:00:00Z,11.04,9.2239,9.7478,8.7702,6.9924,11.929
E0031,2026-03-18T00:00:00Z,10.8696,8.0836,7.614,8.215,7.7779,10.4308
E0032,2026-03-18T00:00:00Z,10.6454,8.6923,7.4136,7.4938,6.0375,12.4749
E0033,2026-03-18T00:00:00Z,11.3032,8.8085,7.8192,7.3381,7.5095,11.6682
E0034,2026-03-18T00:00:00Z,11.495,9.937,9.7735,7.1453,6.6116,7.0239
E0035,2026-03-18T00:00:00Z,9.5767,9.4257,6.8443,8.4135,4.0651,9.7481
E0036,2026-03-18T00:00:00Z,10.7263,8.9825,7.6993,5.8147,5.3737,7.8304
E0037,2026-03-18T00:00:00Z,10.5878,10.2288,9.1868,7.7148,6.511,7.1908
E0038,2026-03-18T00:00:00Z,10.4613,9.823,10.0143,8.9344,4.7079,10.657
E0039,2026-03-18T00:00:00Z,11.3702,9.3359,7.3633,9.9273,7.7582,10.2843
E0040,2026-03-18T00:00:00Z,11.6124,8.8019,9.5119,5.5616,7.7709,9.5504
E0041,2026-03-18T00:00:00Z,12.1758,7.292,7.4723,7.9948,5.8361,9.3719
E0042,2026-03-18T00:00:00Z,11.7578,9.1514,9.1894,7.5653,5.7613,8.2705
E0043,2026-03-18T00:00:00Z,12.8891,7.7633,9.0323,8.4684,7.6769,7.9788
E0044,2026-03-18T00:00:00Z,10.7971,10.4688,8.5344,8.3906,8.2137,9.4119
E0045,2026-03-18T00:00:00Z,9.7279,8.326,8.2231,6.9265,6.9262,8.5142
E0046,2026-03-18T00:00:00Z,10.6325,7.0356,8.2892,7.2463,7.3105,7.366
E0047,2026-03-18T00:00:00Z,10.9909,8.6778,9.9967,7.2458,7.8325,8.9464
E0048,2026-03-18T00:00:00Z,10.0588,9.7211,8.5241,7.5861,6.0069,10.296
E0049,2026-03-18T00:00:00Z,10.6561,10.3808,5.6756,7.5551,4.9533,8.3813
E0050,2026-03-18T00:00:00Z,12.4323,10.8226,9.893,10.1056,6.7548,9.6009
E0051,2026-03-18T00:00:00Z,12.1694,9.0027,7.9541,6.2925,6.9073,8.3919
E0052,2026-03-18T00:00:00Z,11.0745,8.7411,7.4775,8.6957,6.2278,11.0745
E0053,2026-03-18T00:00:00Z,11.3914,9.7748,7.1139,7.8044,7.219,9.903
E0054,2026-03-18T00:00:00Z,10.6969,6.8275,8.1878,6.8572,6.3594,8.7698
E0055,2026-03-18T00:00:00Z,11.5923,9.0548,6.4358,7.7254,6.4077,8.8219
E0056,2026-03-18T00:00:00Z,10.439,8.9674,6.8698,7.159,8.3728,8.4119
E0057,2026-03-18T00:00:00Z,12.3805,9.1646,8.243,8.2821,6.4528,8.8832
E0058,2026-03-18T00:00:00Z,11.9455,10.8786,7.8718,8.2408,4.6277,6.9434
E0059,2026-03-18T00:00:00Z,10.5532,9.1112,7.7316,8.3579,6.0563,8.8365
E0060,2026-03-18T00:00:00Z,10.0062,8.8053,9.1983,7.8995,6.2901,8.7282
E0061,2026-03-18T00:00:00Z,10.8468,8.4357,7.5778,6.7941,6.5024,10.393
E0062,2026-03-18T00:00:00Z,11.4008,9.2358,8.9915,9.0692,7.0709,9.8454
E0063,2026-03-18T00:00:00Z,11.3544,8.5884,7.8691,7.8446,6.7576,6.4303
E0064,2026-03-18T00:00:00Z,11.604,8.7492,6.3083,9.8746,6.086,9.4007
E0065,2026-03-18T00:00:00Z,11.9361,10.1584,8.0887,8.6811,6.8076,7.2521
E0066,2026-03-18T00:00:00Z,11.2832,9.6458,10.3007,8.3786,5.7066,7.6299
E0067,2026-03-18T00:00:00Z,11.2927,8.6495,9.1134,6.2333,6.0869,10.4139
E0068,2026-03-18T00:00:00Z,9.5069,7.0998,7.7264,5.7698,6.3893,10.5053
E0069,2026-03-18T00:00:00Z,11.8394,8.2914,8.8126,7.6913,4.581,13.9068
E0070,2026-03-18T00:00:00Z,9.2767,9.5461,9.0733,7.5523,5.6872,9.9893
E0071,2026-03-18T00:00:00Z,10.4534,8.4196,9.5439,7.9356,5.5598,7.6694
E0072,2026-03-18T00:00:00Z,11.0425,8.5873,8.5139,8.3338,8.2465,10.7389
E0073,2026-03-18T00:00:00Z,10.5142,8.845,10.6054,6.8687,4.2628,7.6674
E0074,2026-03-18T00:00:00Z,11.9928,8.7305,9.3116,8.9198,6.5725,9.5804
E0075,2026-03-18T00:00:00Z,11.2052,10.5839,8.4457,8.3254,7.2264,11.2676
E0076,2026-03-18T00:00:00Z,11.376,8.8553,9.8939,8.4442,6.0484,8.9933
E0077,2026-03-18T00:00:00Z,11.6895,8.9321,9.8803,7.4512,6.6678,9.2603
E0078,2026-03-18T00:00:00Z,11.1414,9.7879,8.6056,8.2236,5.687,10.7649
E0079,2026-03-18T00:00:00Z,10.941,5.7775,7.3256,7.3118,5.7033,9.4505
E0080,2026-03-18T00:00:00Z,11.6084,8.0082,9.4143,8.4076,7.0244,10.3908
E0081,2026-03-18T00:00:00Z,9.82,10.3885,8.3182,7.843,6.3785,7.5156
E0082,2026-03-18T00:00:00Z,11.0256,7.3993,7.1324,6.7952,6.416,10.4976
E0083,2026-03-18T00:00:00Z,12.5294,9.9042,8.1516,7.1906,6.7308,13.009
E0084,2026-03-18T00:00:00Z,11.2034,9.0572,9.559,8.217,6.7276,7.4753
E0085,2026-03-18T00:00:00Z,11.6627,8.086,9.508,7.6103,6.3748,10.2738
E0086,2026-03-18T00:00:00Z,11.1395,9.0245,10.139,6.0611,7.1784,5.7816
E0087,2026-03-18T00:00:00Z,10.7685,9.836,9.4194,6.4131,5.2841,9.2457
E0088,2026-03-18T00:00:00Z,12.1304,7.5128,8.3582,6.7198,4.9629,9.2699
E0089,2026-03-18T00:00:00Z,11.6325,8.5698,7.4319,7.1005,7.6184,7.4022
E0090,2026-03-18T00:00:00Z,10.9028,10.1222,8.2887,7.0025,6.3878,8.2197
E0091,2026-03-18T00:00:00Z,10.7675,8.9647,9.2881,5.7824,6.587,8.4215
E0092,2026-03-18T00:00:00Z,11.6746,9.8146,8.4263,7.414,5.8451,10.3378
E0093,2026-03-18T00:00:00Z,9.9723,9.4873,8.9293,6.8115,6.751,9.6305
E0094,2026-03-18T00:00:00Z,10.8666,10.3552,10.2198,6.9778,5.4167,9.7094
E0095,2026-03-18T00:00:00Z,11.0044,8.4324,6.1432,7.4057,6.1737,8.1284
E0096,2026-03-18T00:00:00Z,12.1969,8.3183,9.3448,8.7973,6.0051,8.4634
E0097,2026-03-18T00:00:00Z,9.9173,9.1799,9.972,8.0478,7.6038,11.8428
E0098,2026-03-18T00:00:00Z,11.1954,9.5382,9.35,7.4333,6.8513,9.2469
E0099,2026-03-18T00:00:00Z,10.8917,7.659,8.0383,7.8758,5.4539,8.7458
E0100,2026-03-18T00:00:00Z,10.1973,8.4896,9.5034,7.2405,6.4276,8.7434
E0101,2026-03-18T00:00:00Z,11.5178,8.8912,8.1789,7.2584,6.417,10.0156
E0102,2026-03-18T00:00:00Z,10.6479,9.3478,9.291,7.209,5.9618,9.8475
E0103,2026-03-18T00:00:00Z,10.8257,9.4103,8.0767,8.7802,5.8634,9.3953
E0104,2026-03-18T00:00:00Z,11.9717,8.129,8.049,7.267,6.7608,8.5444
E0105,2026-03-18T00:00:00Z,10.8256,10.0708,7.9169,6.6859,7.2999,11.6034
E0106,2026-03-18T00:00:00Z,10.668,10.1718,8.328,9.8398,7.4664,11.7569
E0107,2026-03-18T00:00:00Z,10.3443,9.5214,8.6022,7.5849,8.1203,10.474
E0108,2026-03-18T00:00:00Z,10.7663,10.9571,7.8848,7.4417,6.2035,9.7895
E0109,2026-03-18T00:00:00Z,10.6972,10.2249,9.2774,8.0465,6.1879,12.1697
E0110,2026-03-18T00:00:00Z,11.4334,7.7259,7.6476,7.3573,6.1146,6.7801
E0111,2026-03-18T00:00:00Z,11.2855,9.3699,6.9347,8.1686,6.4946,10.7848
E0112,2026-03-18T00:00:00Z,12.1634,8.5671,8.3916,5.7655,6.181,9.3703
E0113,2026-03-18T00:00:00Z,11.0937,9.8045,9.4618,8.8173,4.2197,7.5875
E0114,2026-03-18T00:00:00Z,11.0218,9.1864,9.3396,7.6227,5.8571,10.783
E0115,2026-03-18T00:00:00Z,12.3163,9.8679,10.0598,6.4528,6.8424,6.5294
E0116,2026-03-18T00:00:00Z,11.2671,9.6687,5.5663,7.7499,7.8717,13.4376
E0117,2026-03-18T00:00:00Z,11.1148,9.8298,8.0367,5.1697,6.3555,11.8542
E0118,2026-03-18T00:00:00Z,12.241,10.1749,9.5949,8.586,4.6291,8.2875
E0119,2026-03-18T00:00:00Z,11.7545,12.275,8.0945,7.1874,7.0395,10.8692
E0120,2026-03-18T00:00:00Z,12.5463,8.9958,7.6282,9.5159,5.9408,7.7602
E0121,2026-03-18T00:00:00Z,10.7287,7.4336,5.8673,6.2748,6.2335,9.8588
E0122,2026-03-18T00:00:00Z,10.5357,11.2527,7.965,5.3071,5.363,6.9991
E0123,2026-03-18T00:00:00Z,11.7536,7.7777,8.4094,9.1638,5.4923,8.1709
E0124,2026-03-18T00:00:00Z,9.554,9.3119,6.8856,6.3709,6.534,7.7427
E0125,2026-03-18T00:00:00Z,11.4384,8.7648,6.7159,9.7206,6.5311,10.4066
E0126,2026-03-18T00:00:00Z,10.9775,9.8131,7.6014,9.1548,6.5386,8.2943
E0127,2026-03-18T00:00:00Z,11.2113,9.791,9.3948,6.1966,7.4486,7.9812
E0128,2026-03-18T00:00:00Z,10.827,9.4396,8.3775,8.2722,6.1117,9.6986
E0129,2026-03-18T00:00:00Z,11.7587,8.6163,7.9265,7.0408,5.5529,6.9281
E0130,2026-03-18T00:00:00Z,11.4296,8.5013,8.5205,7.9436,5.7651,9.965
E0131,2026-03-18T00:00:00Z,11.4207,7.9598,6.7559,7.3275,6.5068,10.0294
E0132,2026-03-18T00:00:00Z,11.667,9.7128,10.6035,8.3571,5.8831,8.4069
E0133,2026-03-18T00:00:00Z,10.9707,9.5401,7.7185,7.4882,5.8601,11.6505
E0134,2026-03-18T00:00:00Z,10.7345,8.5266,8.811,7.8513,4.8948,11.5815
E0135,2026-03-18T00:00:00Z,10.4848,9.7627,9.431,7.1199,7.2419,9.5168
E0136,2026-03-18T00:00:00Z,11.3792,10.8192,8.5227,6.5487,6.4323,8.6053
E0137,2026-03-18T00:00:00Z,10.6968,8.8448,9.0302,7.3926,5.9881,8.8774
E0138,2026-03-18T00:00:00Z,11.4362,8.126,6.5465,6.9645,7.1059,10.004
E0139,2026-03-18T00:00:00Z,12.035,8.7503,8.1488,7.5124,5.6981,11.2705
E0140,2026-03-18T00:00:00Z,10.6675,9.2508,7.7435,6.7234,7.5413,10.1036
E0141,2026-03-18T00:00:00Z,11.2326,11.797,6.8348,7.9571,6.5765,8.6758
E0142,2026-03-18T00:00:00Z,10.9884,10.415,8.0928,7.7369,6.463,10.2451
E0143,2026-03-18T00:00:00Z,11.8939,7.4553,9.9144,7.09,7.0916,9.5321
E0144,2026-03-18T00:00:00Z,10.79,9.0377,11.4054,7.3433,6.1863,9.4788
E0145,2026-03-18T00:00:00Z,10.781,9.0336,8.8514,7.9546,5.0674,5.9366
E0146,2026-03-18T00:00:00Z,10.6108,8.5764,7.7807,6.9334,5.3827,12.4103
E0147,2026-03-18T00:00:00Z,11.2641,8.8827,7.4232,7.568,8.0449,9.96
E0148,2026-03-18T00:00:00Z,12.4845,9.1606,8.8066,7.4863,7.4728,10.321
E0149,2026-03-18T00:00:00Z,11.4104,9.2059,8.3053,7.4713,5.0333,10.0643
E0000,2026-03-19T00:00:00Z,11.3844,10.1717,8.7484,8.6893,7.8552,8.8569
E0001,2026-03-19T00:00:00Z,11.9361,7.3371,7.1785,7.0423,7.9825,6.8755
E0002,2026-03-19T00:00:00Z,11.0293,9.4834,7.0392,8.2817,6.5295,9.8459
E0003,2026-03-19T00:00:00Z,10.9487,8.7212,9.1658,6.4927,7.6682,8.9902
E0004,2026-03-19T00:00:00Z,9.8385,9.6461,8.1404,8.0695,6.4056,7.071
E0005,2026-03-19T00:00:00Z,10.938,7.6676,10.0838,7.2984,5.7902,10.9967
E0006,2026-03-19T00:00:00Z,10.6329,8.6519,8.5892,7.6817,6.7833,13.4026
E0007,2026-03-19T00:00:00Z,10.9833,11.0797,8.8476,7.2075,5.0958,8.6369
E0008,2026-03-19T00:00:00Z,12.4533,10.5208,9.1831,6.9654,6.6184,9.7127
E0009,2026-03-19T00:00:00Z,11.0766,8.1971,7.2486,5.5543,6.0794,9.4536
E0010,2026-03-19T00:00:00Z,10.1913,7.8554,10.0425,8.8412,6.7659,9.3769
E0011,2026-03-19T00:00:00Z,10.9904,7.518,8.4666,6.9035,4.028,8.8132
E0012,2026-03-19T00:00:00Z,12.139,8.1802,9.0332,6.5394,7.5621,8.6306
E0013,2026-03-19T00:00:00Z,10.434,8.1889,8.4676,7.6839,6.5274,6.9733
E0014,2026-03-19T00:00:00Z,11.4903,8.5792,7.3422,6.8062,4.6289,10.5408
E0015,2026-03-19T00:00:00Z,11.7186,11.6566,7.5459,6.7314,7.6038,9.445
E0016,2026-03-19T00:00:00Z,11.1143,7.7053,6.4235,7.52,6.2353,11.0053
E0017,2026-03-19T00:00:00Z,11.4274,11.398,9.7469,6.4757,8.2858,9.3206
E0018,2026-03-19T00:00:00Z,10.9,9.002,7.5127,8.1137,7.7187,10.2534
E0019,2026-03-19T00:00:00Z,10.768,10.0277,8.8488,7.9499,7.0678,7.7212
E0020,2026-03-19T00:00:00Z,11.084,10.609,8.1164,8.2039,6.4389,6.6642
E0021,2026-03-19T00:00:00Z,10.9915,9.8313,7.5666,7.9318,5.7688,7.2212
E0022,2026-03-19T00:00:00Z,10.6749,9.3432,8.8044,7.8567,6.0361,10.552
E0023,2026-03-19T00:00:00Z,11.122,9.277,6.625,7.353,5.7426,9.0815
E0024,2026-03-19T00:00:00Z,11.1839,10.2235,9.1482,8.2991,5.2779,11.2028
E0025,2026-03-19T00:00:00Z,11.0999,10.0939,7.5827,5.1976,6.892,9.4466
E0026,2026-03-19T00:00:00Z,11.6709,11.4414,9.0092,8.7212,4.391,10.9784
E0027,2026-03-19T00:00:00Z,11.7778,9.2856,10.8803,8.5436,7.2754,9.7082
E0028,2026-03-19T00:00:00Z,10.9161,10.1077,9.4633,7.8813,6.173,11.1935
E0029,2026-03-19T00:00:00Z,10.1376,6.6676,8.671,8.3855,5.0558,12.7429
E0030,2026-03-19T00:00:00Z,10.4647,10.8534,8.2063,8.3032,7.5279,10.509
E0031,2026-03-19T00:00:00Z,12.0118,8.6577,7.2446,7.4969,5.9131,11.3063
E0032,2026-03-19T00:00:00Z,10.8411,9.4987,7.503,7.6529,6.3532,7.5456
E0033,2026-03-19T00:00:00Z,12.2114,9.7599,9.8796,7.2226,7.5796,10.0156
E0034,2026-03-19T00:00:00Z,11.7666,9.3777,9.118,7.7248,6.847,8.5443
E0035,2026-03-19T00:00:00Z,11.2838,8.3559,9.7406,6.6115,6.7841,9.9379
E0036,2026-03-19T00:00:00Z,11.3437,8.7011,7.844,9.0609,6.604,11.5163
E0037,2026-03-19T00:00:00Z,11.8422,9.5029,9.6821,7.2789,7.4185,9.3134
E0038,2026-03-19T00:00:00Z,11.6581,10.9359,8.4439,7.3954,6.9943,10.3734
E0039,2026-03-19T00:00:00Z,11.1096,9.3997,8.8127,8.0884,6.1341,10.5768
E0040,2026-03-19T00:00:00Z,11.4341,8.2248,8.2937,8.7482,5.8399,11.8265
E0041,2026-03-19T00:00:00Z,11.1542,9.5135,8.3902,7.0654,5.5989,10.6957
E0042,2026-03-19T00:00:00Z,11.0227,10.0906,9.225,6.4559,7.0808,10.2711
E0043,2026-03-19T00:00:00Z,10.8704,10.0985,9.503,7.8162,5.4263,7.7271
E0044,2026-03-19T00:00:00Z,11.4928,8.0762,9.0322,7.6834,6.4766,9.4895
E0045,2026-03-19T00:00:00Z,11.4205,6.2159,7.8397,8.4629,5.631,11.4112
E0046,2026-03-19T00:00:00Z,10.1471,9.8022,5.6182,6.9841,5.5631,13.5944
E0047,2026-03-19T00:00:00Z,12.4813,11.5218,8.5261,7.236,5.8902,9.3363
E0048,2026-03-19T00:00:00Z,11.7099,9.5147,7.4215,7.4942,5.1527,9.5505
E0049,2026-03-19T00:00:00Z,9.6802,9.0318,8.403,7.3834,5.7643,7.6359
E0050,2026-03-19T00:00:00Z,11.5829,10.5928,8.2041,6.825,5.968,10.8923
E0051,2026-03-19T00:00:00Z,11.5072,9.7505,6.0879,6.9369,5.7548,10.6365
E0052,2026-03-19T00:00:00Z,10.673,8.5618,6.7834,7.9505,7.3745,7.5669
E0053,2026-03-19T00:00:00Z,11.6836,9.7433,7.6391,7.5738,6.6526,9.3335
E0054,2026-03-19T00:00:00Z,11.8546,8.6294,9.5401,6.2134,7.3509,8.826
E0055,2026-03-19T00:00:00Z,11.8765,9.7507,7.2879,7.7875,6.3996,10.4502
E0056,2026-03-19T00:00:00Z,11.0388,10.169,8.9125,7.0124,6.7764,10.0089
E0057,2026-03-19T00:00:00Z,10.6012,9.6243,7.2738,7.6149,7.948,11.5006
E0058,2026-03-19T00:00:00Z,11.5839,9.5723,6.6009,8.3715,7.5811,8.4575
E0059,2026-03-19T00:00:00Z,10.0322,8.0239,7.7007,6.534,7.7627,11.9438
E0060,2026-03-19T00:00:00Z,11.3998,11.2076,8.6387,6.8731,7.9371,11.5556
E0061,2026-03-19T00:00:00Z,11.2266,8.1954,10.3505,7.09,5.9927,7.4027
E0062,2026-03-19T00:00:00Z,11.2678,8.4518,9.5413,7.7011,4.5765,8.989
E0063,2026-03-19T00:00:00Z,9.9346,9.3748,10.1197,8.5838,6.3961,9.9528
E0064,2026-03-19T00:00:00Z,13.2888,8.1297,7.7042,8.0448,6.4513,7.4056
E0065,2026-03-19T00:00:00Z,12.6029,9.6366,6.0282,5.1933,5.7991,9.8167
E0066,2026-03-19T00:00:00Z,10.4539,10.2309,8.0535,7.4913,7.8063,10.4851
E0067,2026-03-19T00:00:00Z,10.8769,10.2932,8.2323,7.6855,5.1925,8.4796
E0068,2026-03-19T00:00:00Z,10.1251,10.0463,8.1858,8.3707,6.4294,10.7605
E0069,2026-03-19T00:00:00Z,11.387,10.6334,8.2994,7.915,7.8023,8.6053
E0070,2026-03-19T00:00:00Z,11.1602,6.9888,8.6955,6.3543,6.6135,10.2502
E0071,2026-03-19T00:00:00Z,12.8035,9.9473,8.9854,8.2199,6.6925,10.0879
E0072,2026-03-19T00:00:00Z,11.5413,8.7596,10.333,8.7812,6.0283,8.2734
E0073,2026-03-19T00:00:00Z,11.2192,9.2559,9.8357,8.0183,5.36,11.3558
E0074,2026-03-19T00:00:00Z,10.8043,10.7843,8.8879,8.2594,7.0053,8.938
E0075,2026-03-19T00:00:00Z,10.8828,7.6651,8.9685,6.7084,6.9375,7.1244
E0076,2026-03-19T00:00:00Z,12.8619,8.0803,10.9985,7.9733,5.9378,12.2095
E0077,2026-03-19T00:00:00Z,11.1064,10.0475,8.981,8.3615,8.2768,11.3668
E0078,2026-03-19T00:00:00Z,10.3555,8.6315,6.959,9.6911,6.5076,12.1778
E0079,2026-03-19T00:00:00Z,11.0618,9.7867,9.2178,7.1348,7.0746,12.0453
E0080,2026-03-19T00:00:00Z,10.6045,10.2976,8.6093,8.9,7.3759,10.0562
E0081,2026-03-19T00:00:00Z,11.4139,9.6289,7.7569,7.2998,7.038,10.7629
E0082,2026-03-19T00:00:00Z,10.4003,9.5826,8.6648,6.8867,5.7546,8.7729
E0083,2026-03-19T00:00:00Z,11.6543,10.163,7.6877,9.802,6.0319,12.0982
E0084,2026-03-19T00:00:00Z,11.2946,9.4266,6.9695,6.9665,6.9422,11.6957
E0085,2026-03-19T00:00:00Z,11.8735,10.1843,7.4539,7.6344,6.6525,10.395
E0086,2026-03-19T00:00:00Z,11.0491,6.9375,6.6034,6.4308,5.4213,12.5723
E0087,2026-03-19T00:00:00Z,11.6566,7.7288,8.1436,9.17,7.0772,8.2411
E0088,2026-03-19T00:00:00Z,10.8497,8.6517,8.5242,7.6508,7.0267,9.5462
E0089,2026-03-19T00:00:00Z,11.2811,9.2191,9.7599,7.909,4.905,10.5296
E0090,2026-03-19T00:00:00Z,10.3278,8.3224,10.1299,9.5482,7.0837,11.8419
E0091,2026-03-19T00:00:00Z,11.3188,10.5476,8.287,7.8238,6.5331,9.8635
E0092,2026-03-19T00:00:00Z,10.7181,10.3677,9.7976,8.1524,7.5,7.9624
E0093,2026-03-19T00:00:00Z,11.9276,10.7611,7.2686,7.5314,7.5339,8.0311
E0094,2026-03-19T00:00:00Z,9.787,7.6314,9.9374,6.9621,6.1021,10.6522
E0095,2026-03-19T00:00:00Z,12.799,8.3079,6.4321,6.462,8.3778,8.9621
E0096,2026-03-19T00:00:00Z,12.0062,9.5996,8.7022,9.4204,6.2148,10.0941
E0097,2026-03-19T00:00:00Z,10.701,10.0338,9.6736,7.8161,6.2289,10.4705
E0098,2026-03-19T00:00:00Z,10.2867,8.5914,8.0398,7.4843,6.8841,9.3178
E0099,2026-03-19T00:00:00Z,10.8672,7.9434,7.7918,7.2353,6.2628,10.3562
E0100,2026-03-19T00:00:00Z,11.3347,8.4491,9.4032,7.0983,6.9233,8.8289
E0101,2026-03-19T00:00:00Z,10.1641,7.5667,12.1839,6.3816,5.9534,9.3176
E0102,2026-03-19T00:00:00Z,10.5226,9.0854,6.7497,7.3005,5.5793,11.0577
E0103,2026-03-19T00:00:00Z,11.6253,10.7658,7.4472,6.2224,6.3695,10.3966
E0104,2026-03-19T00:00:00Z,12.1002,8.0902,9.0365,7.5034,5.2932,10.5179
E0105,2026-03-19T00:00:00Z,12.2306,9.7541,8.241,7.2348,6.3795,12.1818
E0106,2026-03-19T00:00:00Z,10.6477,8.9006,8.3394,6.5177,6.0185,8.9649
E0107,2026-03-19T00:00:00Z,10.3561,8.7891,9.9763,8.8074,7.8904,8.2166
E0108,2026-03-19T00:00:00Z,10.2558,9.9387,8.2055,6.7027,5.9398,7.2343
E0109,2026-03-19T00:00:00Z,12.696,7.9894,7.2199,7.2093,6.7726,10.6152
E0110,2026-03-19T00:00:00Z,11.5489,9.3681,6.98,7.6033,4.5714,11.0169
E0111,2026-03-19T00:00:00Z,10.1782,11.2073,6.5382,7.7878,7.8273,8.8905
E0112,2026-03-19T00:00:00Z,11.7604,9.0203,7.0785,8.0723,6.629,8.7154
E0113,2026-03-19T00:00:00Z,9.8351,8.5661,8.7111,8.1239,4.5551,7.3923
E0114,2026-03-19T00:00:00Z,10.511,9.5382,8.0458,7.3195,5.8362,8.4571
E0115,2026-03-19T00:00:00Z,10.8213,10.1093,6.1606,6.7584,6.511,10.3581
E0116,2026-03-19T00:00:00Z,11.8545,8.9279,6.7928,6.8108,5.1955,9.8046
E0117,2026-03-19T00:00:00Z,11.7661,9.3049,7.3373,8.2028,6.6375,7.4711
E0118,2026-03-19T00:00:00Z,11.103,10.7137,9.7451,7.1869,7.1613,11.2111
E0119,2026-03-19T00:00:00Z,11.3354,6.619,7.5799,8.335,7.5323,7.3366
E0120,2026-03-19T00:00:00Z,12.6384,8.9161,8.3869,7.1056,7.8307,9.9
E0121,2026-03-19T00:00:00Z,10.154,9.1176,7.9614,8.0295,7.4902,6.2943
E0122,2026-03-19T00:00:00Z,12.3723,9.4037,7.1657,6.4729,5.4524,10.9394
E0123,2026-03-19T00:00:00Z,11.0168,10.5301,9.1716,7.9219,7.7762,9.7687
E0124,2026-03-19T00:00:00Z,12.0674,9.8906,8.4438,8.0674,7.717,11.1157
E0125,2026-03-19T00:00:00Z,11.5862,9.2063,9.1271,8.0572,7.8002,8.9578
E0126,2026-03-19T00:00:00Z,10.7788,8.1234,9.8458,6.4244,5.8856,8.7932
E0127,2026-03-19T00:00:00Z,11.7948,9.0652,9.5066,7.7591,7.3338,9.1887
E0128,2026-03-19T00:00:00Z,11.7638,8.9787,8.6087,8.5831,6.8654,8.1694
E0129,2026-03-19T00:00:00Z,12.4322,10.363,7.9141,8.6519,6.541,10.9163
E0130,2026-03-19T00:00:00Z,10.8252,10.6756,7.1261,8.6883,7.5597,11.7259
E0131,2026-03-19T00:00:00Z,11.6704,10.556,9.1034,6.1849,7.3632,11.156
E0132,2026-03-19T00:00:00Z,11.798,8.6468,9.0656,6.7355,6.1178,9.793
E0133,2026-03-19T00:00:00Z,10.7512,7.3174,8.4853,6.5641,6.7797,9.0796
E0134,2026-03-19T00:00:00Z,11.1352,9.6501,9.3773,7.7578,6.0529,12.3094
E0135,2026-03-19T00:00:00Z,11.3079,10.6984,7.8888,6.5181,7.4851,7.4896
E0136,2026-03-19T00:00:00Z,12.2792,7.7408,7.7352,7.8199,8.2936,11.4889
E0137,2026-03-19T00:00:00Z,11.0055,10.1417,9.5678,7.0034,5.6467,7.725
E0138,2026-03-19T00:00:00Z,11.1273,10.9531,6.3408,6.6825,6.3435,8.3735
E0139,2026-03-19T00:00:00Z,10.9669,9.1246,9.6219,5.8036,6.061,6.6462
E0140,2026-03-19T00:00:00Z,10.8813,9.7155,8.3535,7.5064,7.8483,7.8674
E0141,2026-03-19T00:00:00Z,11.6134,7.9834,7.5097,5.4022,4.4941,9.8022
E0142,2026-03-19T00:00:00Z,11.1655,7.9969,6.9166,7.8468,7.2797,11.0591
E0143,2026-03-19T00:00:00Z,12.0036,7.3967,6.5708,8.2026,5.9955,9.7841
E0144,2026-03-19T00:00:00Z,12.4868,10.0621,9.2305,8.7985,4.9933,8.6428
E0145,2026-03-19T00:00:00Z,11.2256,9.2214,10.5191,6.8887,7.1192,10.6329
E0146,2026-03-19T00:00:00Z,11.1976,11.3788,9.3802,7.7732,6.5846,10.2121
E0147,2026-03-19T00:00:00Z,10.509,10.1307,7.0901,7.2015,6.9912,12.3065
E0148,2026-03-19T00:00:00Z,10.5711,9.2857,9.1388,8.5155,6.7299,10.3467
E0149,2026-03-19T00:00:00Z,10.4214,9.338,8.1304,7.5053,4.8737,7.1815
E0000,2026-03-20T00:00:00Z,11.0645,9.4007,7.5428,8.7844,4.9866,10.0323
E0001,2026-03-20T00:00:00Z,11.0347,9.4693,9.0988,6.5532,4.9705,11.9859
E0002,2026-03-20T00:00:00Z,13.1995,9.603,7.0528,6.7076,6.8509,10.3198
E0003,2026-03-20T00:00:00Z,11.8506,10.2024,9.1634,7.2982,5.8627,8.6386
E0004,2026-03-20T00:00:00Z,11.5389,9.3025,8.5938,9.8873,7.6874,9.9303
E0005,2026-03-20T00:00:00Z,11.5542,6.9017,9.0152,8.4566,6.756,8.6617
E0006,2026-03-20T00:00:00Z,11.9036,7.192,6.6254,8.0749,4.4869,9.151
E0007,2026-03-20T00:00:00Z,9.5203,7.7724,5.8451,10.3091,7.0888,10.4157
E0008,2026-03-20T00:00:00Z,11.8844,10.0429,10.5362,7.7506,6.5111,7.6866
E0009,2026-03-20T00:00:00Z,9.0338,7.4236,6.7014,9.0158,6.8362,10.4216
E0010,2026-03-20T00:00:00Z,10.4035,9.2554,9.4703,8.0509,7.8324,10.5934
E0011,2026-03-20T00:00:00Z,12.0092,9.2056,8.0147,8.5907,4.0048,9.9654
E0012,2026-03-20T00:00:00Z,10.4493,10.4512,9.2876,7.8208,7.196,11.6486
E0013,2026-03-20T00:00:00Z,10.299,9.601,7.294,6.8895,6.0653,12.0218
E0014,2026-03-20T00:00:00Z,11.4,9.8053,7.9655,9.4573,6.0392,8.5955
E0015,2026-03-20T00:00:00Z,11.8362,10.9378,10.7871,5.4561,7.425,10.6411
E0016,2026-03-20T00:00:00Z,11.1409,9.0684,8.8121,7.4247,5.6571,6.2595
E0017,2026-03-20T00:00:00Z,11.4415,9.6815,9.5261,7.3193,6.3299,8.3714
E0018,2026-03-20T00:00:00Z,10.3285,8.581,7.6694,7.1292,7.4412,10.397
E0019,2026-03-20T00:00:00Z,10.9455,9.6758,7.3285,7.2445,5.2212,7.4341
E0020,2026-03-20T00:00:00Z,11.3178,7.0993,8.2441,6.589,6.0976,7.8045
E0021,2026-03-20T00:00:00Z,12.0287,8.2785,9.1193,8.0563,7.5103,8.746
E0022,2026-03-20T00:00:00Z,10.5862,8.5637,7.3005,6.7801,7.6248,10.1103
E0023,2026-03-20T00:00:00Z,10.426,8.5033,9.4231,7.3488,5.6565,8.6224
E0024,2026-03-20T00:00:00Z,10.5928,9.2635,7.3537,7.501,5.7049,8.2907
E0025,2026-03-20T00:00:00Z,11.6492,9.0278,6.7418,6.7871,6.5527,10.3644
E0026,2026-03-20T00:00:00Z,10.9014,8.1041,7.8235,7.7999,6.7651,10.2856
E0027,2026-03-20T00:00:00Z,11.7077,9.4597,6.0276,8.4191,5.7852,9.7401
E0028,2026-03-20T00:00:00Z,11.662,8.7166,10.1978,7.4619,6.3221,10.2256
E0029,2026-03-20T00:00:00Z,10.8555,9.0238,7.5836,7.2886,5.6023,9.7308
E0030,2026-03-20T00:00:00Z,10.7479,9.1381,7.8868,8.2301,6.4003,10.8983
E0031,2026-03-20T00:00:00Z,11.5602,8.4462,7.9314,5.9184,5.1056,11.1393
E0032,2026-03-20T00:00:00Z,11.7576,10.134,8.8163,7.5867,5.6826,9.318
E0033,2026-03-20T00:00:00Z,10.2389,8.9621,7.9827,8.1459,5.4087,8.1323
E0034,2026-03-20T00:00:00Z,10.7497,9.4134,7.3974,9.2148,5.2955,7.5337
E0035,2026-03-20T00:00:00Z,10.711,8.9002,8.3912,7.448,5.7672,7.4591
E0036,2026-03-20T00:00:00Z,11.2772,9.4037,8.2579,7.1227,6.2394,7.7886
E0037,2026-03-20T00:00:00Z,10.3976,8.1435,8.9165,7.8413,6.1089,8.6903
E0038,2026-03-20T00:00:00Z,11.6509,9.0698,9.7598,8.5278,4.9489,8.788
E0039,2026-03-20T00:00:00Z,9.9227,9.5235,10.4197,7.3123,6.2422,5.3286
E0040,2026-03-20T00:00:00Z,9.3724,9.9947,10.0,7.8132,4.7732,12.1723
E0041,2026-03-20T00:00:00Z,11.4695,9.8436,7.6787,6.9598,6.2417,10.4955
E0042,2026-03-20T00:00:00Z,11.5044,9.879,7.813,8.5752,5.9018,8.5074
E0043,2026-03-20T00:00:00Z,10.8809,7.8192,10.4061,5.6985,6.9176,12.2287
E0044,2026-03-20T00:00:00Z,12.1984,10.0305,8.3293,7.6324,7.2714,11.6815
E0045,2026-03-20T00:00:00Z,9.5836,9.3048,10.2717,8.1203,7.143,10.3184
E0046,2026-03-20T00:00:00Z,11.0421,9.8654,9.5985,8.5225,5.0366,11.2028
E0047,2026-03-20T00:00:00Z,10.9704,9.4751,8.816,9.3019,7.8051,8.1723
E0048,2026-03-20T00:00:00Z,10.7772,9.1732,8.6995,9.0133,5.558,8.9979
E0049,2026-03-20T00:00:00Z,11.9214,7.7528,9.2966,7.4244,4.5883,10.2899
E0050,2026-03-20T00:00:00Z,10.343,8.0771,7.3797,7.3201,5.4524,6.9831
E0051,2026-03-20T00:00:00Z,10.7019,10.375,9.5114,8.011,7.3115,10.8751
E0052,2026-03-20T00:00:00Z,11.0845,8.2325,7.6064,7.8162,5.3976,8.5261
E0053,2026-03-20T00:00:00Z,11.3262,9.9215,10.7892,7.6487,6.0424,6.6853
E0054,2026-03-20T00:00:00Z,11.1218,7.9712,8.6001,6.7193,7.6407,8.2561
E0055,2026-03-20T00:00:00Z,10.6902,7.2512,7.7614,8.6432,6.6619,9.0876
E0056,2026-03-20T00:00:00Z,11.7772,6.2405,9.1431,8.0419,6.1382,9.77
E0057,2026-03-20T00:00:00Z,10.872,9.866,7.6767,6.4839,6.0962,6.4183
E0058,2026-03-20T00:00:00Z,11.3911,9.8014,8.4998,6.0005,6.2457,7.7396
E0059,2026-03-20T00:00:00Z,10.4173,9.2774,8.08,7.5668,7.7266,9.8457
E0060,2026-03-20T00:00:00Z,10.564,6.6944,8.3559,6.3211,5.3744,8.365
E0061,2026-03-20T00:00:00Z,9.3287,7.7751,8.1348,7.6113,6.6534,9.6313
E0062,2026-03-20T00:00:00Z,12.0678,8.5979,9.5669,8.1489,6.1773,7.7161
E0063,2026-03-20T00:00:00Z,11.4406,9.2376,9.4642,6.4575,7.6574,12.4988
E0064,2026-03-20T00:00:00Z,11.8517,8.7549,6.4712,7.8285,7.2686,10.4308
E0065,2026-03-20T00:00:00Z,11.844,7.0319,9.5593,7.9124,6.0338,11.6749
E0066,2026-03-20T00:00:00Z,11.9834,8.1855,10.6018,7.2614,5.0708,10.0716
E0067,2026-03-20T00:00:00Z,11.5178,9.4322,7.3605,6.9589,5.4449,8.7953
E0068,2026-03-20T00:00:00Z,11.1148,8.1864,5.4003,7.933,5.789,12.7567
E0069,2026-03-20T00:00:00Z,10.6529,9.3286,8.3914,7.6774,5.3927,11.1616
E0070,2026-03-20T00:00:00Z,11.3639,10.0442,8.2476,10.1896,5.2644,8.5621
E0071,2026-03-20T00:00:00Z,11.2673,8.033,9.1999,7.3097,6.2884,8.8353
E0072,2026-03-20T00:00:00Z,11.518,10.0462,7.1792,7.8899,7.7374,9.829
E0073,2026-03-20T00:00:00Z,11.3106,9.772,7.5338,6.2541,6.0599,9.1274
E0074,2026-03-20T00:00:00Z,11.0848,7.5536,7.8415,7.4357,6.8942,8.9088
E0075,2026-03-20T00:00:00Z,11.5473,9.6119,9.1157,7.4873,5.5611,8.8111
E0076,2026-03-20T00:00:00Z,11.6692,9.2091,7.2481,9.1906,5.9557,9.3904
E0077,2026-03-20T00:00:00Z,11.2228,9.2844,7.1497,6.427,6.0866,9.2308
E0078,2026-03-20T00:00:00Z,11.1252,8.8528,8.0434,8.497,6.7447,10.3925
E0079,2026-03-20T00:00:00Z,10.8657,10.4479,8.6568,7.8163,6.644,11.7479
E0080,2026-03-20T00:00:00Z,11.3757,8.5026,7.5515,6.16,7.5486,10.1828
E0081,2026-03-20T00:00:00Z,11.4754,8.5782,7.2797,8.7913,5.7702,8.9515
E0082,2026-03-20T00:00:00Z,12.5806,10.1467,9.3965,8.5956,6.0664,10.2312
E0083,2026-03-20T00:00:00Z,10.9382,7.5628,10.2823,8.2762,6.3407,9.9943
E0084,2026-03-20T00:00:00Z,11.127,8.463,7.973,6.8776,5.2665,9.7515
E0085,2026-03-20T00:00:00Z,10.7771,9.6942,8.516,8.6597,6.3418,7.5113
E0086,2026-03-20T00:00:00Z,11.3695,9.6634,8.1386,7.3669,7.02,10.1316
E0087,2026-03-20T00:00:00Z,9.9146,8.195,7.0214,7.447,7.4124,7.7273
E0088,2026-03-20T00:00:00Z,11.5741,10.0022,6.1659,6.8896,6.809,9.5719
E0089,2026-03-20T00:00:00Z,12.4374,10.1586,9.7155,8.0271,7.2198,10.2909
E0090,2026-03-20T00:00:00Z,11.2212,8.3385,9.3494,7.0187,5.8649,7.027
E0091,2026-03-20T00:00:00Z,11.331,10.2815,8.6149,6.7952,6.3514,10.1445
E0092,2026-03-20T00:00:00Z,10.9252,9.8626,8.0048,6.8458,6.2365,12.9748
E0093,2026-03-20T00:00:00Z,10.4147,7.3271,7.0864,8.1026,8.1791,8.8306
E0094,2026-03-20T00:00:00Z,10.5731,10.3236,8.6327,7.6999,7.3132,7.8589
E0095,2026-03-20T00:00:00Z,10.418,10.1696,8.1127,6.1858,6.1781,9.7285
E0096,2026-03-20T00:00:00Z,11.5635,10.5724,7.3473,7.7113,6.0697,8.2689
E0097,2026-03-20T00:00:00Z,11.1513,8.1596,8.443,7.8074,7.7978,10.4511
E0098,2026-03-20T00:00:00Z,10.9715,10.1213,9.1658,8.3196,5.9317,8.4755
E0099,2026-03-20T00:00:00Z,11.8093,8.9958,7.8509,8.569,6.0032,9.5419
E0100,2026-03-20T00:00:00Z,11.3881,11.5826,8.7795,7.5158,4.9487,7.1897
E0101,2026-03-20T00:00:00Z,12.1188,8.6576,8.405,7.4021,5.5331,7.0407
E0102,2026-03-20T00:00:00Z,11.4028,8.6241,7.8023,6.1373,5.1534,7.3604
E0103,2026-03-20T00:00:00Z,11.659,8.663,8.135,8.1335,6.0808,10.0143
E0104,2026-03-20T00:00:00Z,11.4407,9.4549,7.557,6.3233,5.5028,9.5662
E0105,2026-03-20T00:00:00Z,11.796,10.092,8.3447,7.4564,5.7244,11.808
E0106,2026-03-20T00:00:00Z,11.2911,8.3576,6.7185,7.2957,6.3937,8.9336
E0107,2026-03-20T00:00:00Z,12.0777,9.2283,8.6622,7.6572,6.0395,12.2597
E0108,2026-03-20T00:00:00Z,11.7434,9.1343,6.096,7.7624,6.5513,7.1054
E0109,2026-03-20T00:00:00Z,11.1299,8.1871,9.111,8.8849,5.6227,12.3
E0110,2026-03-20T00:00:00Z,11.5759,9.0359,8.3595,6.1629,6.0038,8.1299
E0111,2026-03-20T00:00:00Z,10.5793,10.0323,8.088,6.804,7.0111,8.3428
E0112,2026-03-20T00:00:00Z,10.4857,6.824,9.089,7.192,6.9822,11.4729
E0113,2026-03-20T00:00:00Z,10.7459,8.281,9.5542,7.2492,8.6636,10.5992
E0114,2026-03-20T00:00:00Z,10.9925,7.9503,10.5479,7.233,7.389,9.9109
E0115,2026-03-20T00:00:00Z,11.2005,8.508,7.9234,6.8707,6.1632,7.6766
E0116,2026-03-20T00:00:00Z,10.8527,9.1374,8.398,8.145,4.8975,11.0412
E0117,2026-03-20T00:00:00Z,11.721,10.1528,7.7338,6.3313,7.4612,9.3991
E0118,2026-03-20T00:00:00Z,11.3332,9.8528,9.0879,7.4115,5.0672,8.6218
E0119,2026-03-20T00:00:00Z,9.3057,9.1875,8.2246,6.9258,5.4015,7.4014
E0120,2026-03-20T00:00:00Z,10.119,8.2199,8.2866,8.0663,7.3289,10.419
E0121,2026-03-20T00:00:00Z,11.392,8.6227,7.7178,7.2249,6.1261,9.2905
E0122,2026-03-20T00:00:00Z,11.1931,9.8898,10.6956,7.7729,6.3788,7.6815
E0123,2026-03-20T00:00:00Z,10.6952,10.1299,8.4367,7.5845,5.2572,8.7742
E0124,2026-03-20T00:00:00Z,12.1336,9.4732,9.3001,8.0789,5.2568,9.6301
E0125,2026-03-20T00:00:00Z,11.2938,7.4628,9.5366,6.2483,7.3663,9.4105
E0126,2026-03-20T00:00:00Z,12.0346,7.0554,6.7975,6.7812,7.3747,8.7082
E0127,2026-03-20T00:00:00Z,12.0626,9.0142,6.6761,7.2952,7.2802,9.5326
E0128,2026-03-20T00:00:00Z,10.4102,8.599,8.7615,7.8851,5.4594,11.7061
E0129,2026-03-20T00:00:00Z,11.3317,9.5362,8.4449,7.4339,6.4224,10.4139
E0130,2026-03-20T00:00:00Z,10.8202,8.3471,7.9954,7.6682,7.4936,10.2657
E0131,2026-03-20T00:00:00Z,9.4654,7.913,8.2389,7.1807,7.0732,11.8323
E0132,2026-03-20T00:00:00Z,11.3924,10.198,9.4004,8.3964,7.2724,10.4321
E0133,2026-03-20T00:00:00Z,11.6162,8.8467,7.6645,7.9412,5.7007,7.9696
E0134,2026-03-20T00:00:00Z,11.0774,8.5789,9.4185,8.3364,6.4658,7.1178
E0135,2026-03-20T00:00:00Z,11.5755,9.9762,7.647,6.7646,7.1566,9.6535
E0136,2026-03-20T00:00:00Z,10.6951,8.9745,9.0441,6.7764,7.2073,7.6062
E0137,2026-03-20T00:00:00Z,12.4288,7.6981,8.0095,6.5081,4.8983,10.0573
E0138,2026-03-20T00:00:00Z,11.8444,8.339,5.7999,7.7129,8.8094,7.3227
E0139,2026-03-20T00:00:00Z,11.3161,8.5147,9.9456,7.8683,7.3172,10.8277
E0140,2026-03-20T00:00:00Z,11.3782,8.7638,8.7473,7.6809,4.5634,9.1551
E0141,2026-03-20T00:00:00Z,9.8527,10.5161,8.3933,8.302,5.4306,12.5293
E0142,2026-03-20T00:00:00Z,10.101,8.0094,8.783,8.5472,6.8533,9.3947
E0143,2026-03-20T00:00:00Z,10.3574,8.5585,7.5553,7.5504,6.4587,8.4466
E0144,2026-03-20T00:00:00Z,11.7034,9.9043,8.2154,7.1845,6.3099,11.3673
E0145,2026-03-20T00:00:00Z,11.0181,8.1161,7.5967,8.7285,4.1588,8.985
E0146,2026-03-20T00:00:00Z,11.8243,9.8097,7.8561,7.0296,6.0232,9.4616
E0147,2026-03-20T00:00:00Z,10.847,9.6467,8.657,10.0249,7.5153,7.9679
E0148,2026-03-20T00:00:00Z,11.6873,8.7607,8.4885,6.9259,6.7019,7.8041
E0149,2026-03-20T00:00:00Z,11.0511,8.9646,9.2136,7.2061,5.6126,7.5769
E0000,2026-03-21T00:00:00Z,10.58,9.2553,6.8848,6.4324,7.8127,7.5727
E0001,2026-03-21T00:00:00Z,12.484,7.8517,6.3353,7.0688,7.7392,9.89
E0002,2026-03-21T00:00:00Z,10.8815,10.0443,9.2692,7.1296,6.3976,10.0682
E0003,2026-03-21T00:00:00Z,11.2369,8.3754,7.5116,6.0478,4.7407,11.9539
E0004,2026-03-21T00:00:00Z,11.5146,10.3949,8.408,7.7691,5.9576,8.9999
E0005,2026-03-21T00:00:00Z,12.2482,10.1679,6.9832,6.5718,4.5876,7.909
E0006,2026-03-21T00:00:00Z,11.38,8.0777,10.8991,8.2539,6.581,12.1355
E0007,2026-03-21T00:00:00Z,10.4201,8.4087,8.5146,7.1192,5.5413,9.8306
E0008,2026-03-21T00:00:00Z,11.7793,8.4968,8.4442,6.4614,6.6407,8.7693
E0009,2026-03-21T00:00:00Z,12.4386,9.8389,7.8132,6.0958,6.1095,9.6986
E0010,2026-03-21T00:00:00Z,10.8538,10.1208,8.6325,6.9203,7.3299,12.2782
E0011,2026-03-21T00:00:00Z,10.3106,10.3779,9.12,6.8223,5.2961,6.0769
E0012,2026-03-21T00:00:00Z,10.8845,8.2064,8.4382,9.2248,8.3739,8.6335
E0013,2026-03-21T00:00:00Z,11.6484,9.4223,8.0364,6.4005,5.4854,9.2416
E0014,2026-03-21T00:00:00Z,9.6327,9.2438,8.2287,7.1644,5.853,9.9639
E0015,2026-03-21T00:00:00Z,11.2681,8.1665,9.1658,6.8753,6.207,10.0108
E0016,2026-03-21T00:00:00Z,11.1794,9.2565,9.7213,5.9888,6.1988,8.3112
E0017,2026-03-21T00:00:00Z,11.77,9.4451,8.9593,7.2934,6.9587,8.4643
E0018,2026-03-21T00:00:00Z,11.0632,10.3671,9.2054,7.3177,6.0838,8.6731
E0019,2026-03-21T00:00:00Z,10.154,6.6398,8.5301,8.2749,6.878,9.7447
E0020,2026-03-21T00:00:00Z,11.6113,10.4123,8.2405,7.7586,7.4384,10.7659
E0021,2026-03-21T00:00:00Z,11.9014,9.0415,6.7605,7.0948,5.9814,9.3276
E0022,2026-03-21T00:00:00Z,10.5082,9.4142,7.9903,7.2156,4.6846,10.2738
E0023,2026-03-21T00:00:00Z,11.5257,9.8314,9.8961,7.96,8.2647,8.7978
E0024,2026-03-21T00:00:00Z,11.5665,9.4642,7.7865,7.4674,5.972,10.835
E0025,2026-03-21T00:00:00Z,11.7601,9.3138,7.391,8.3833,6.8015,13.4136
E0026,2026-03-21T00:00:00Z,11.4441,7.7826,8.2401,7.452,7.0066,9.5177
E0027,2026-03-21T00:00:00Z,10.7004,9.2677,6.8373,9.2485,5.8845,10.2957
E0028,2026-03-21T00:00:00Z,11.0859,9.9821,10.1876,8.0724,6.335,7.4766
E0029,2026-03-21T00:00:00Z,11.5975,9.518,7.0083,6.9599,8.3397,5.9425
E0030,2026-03-21T00:00:00Z,11.4906,9.5332,8.3871,8.973,4.6539,11.1439
E0031,2026-03-21T00:00:00Z,11.8511,11.7978,7.5515,7.971,6.9327,9.7145
E0032,2026-03-21T00:00:00Z,10.4203,10.6432,7.4538,7.6692,5.3378,10.7167
E0033,2026-03-21T00:00:00Z,12.3969,10.2009,8.5444,6.7328,6.5561,8.0441
E0034,2026-03-21T00:00:00Z,10.8184,9.8249,7.5358,8.0982,6.7028,13.5385
E0035,2026-03-21T00:00:00Z,11.2014,11.0528,8.0768,6.731,4.4815,8.0555
E0036,2026-03-21T00:00:00Z,12.2588,9.2921,7.2387,8.504,6.8797,6.9974
E0037,2026-03-21T00:00:00Z,11.4205,8.9904,8.661,7.0326,6.6347,11.0992
E0038,2026-03-21T00:00:00Z,11.025,7.8309,8.8008,6.7395,6.4644,7.0035
E0039,2026-03-21T00:00:00Z,12.3048,8.3631,7.4,5.8921,6.0878,10.2232
E0040,2026-03-21T00:00:00Z,11.7197,8.0703,7.6632,6.5298,7.1987,9.6101
E0041,2026-03-21T00:00:00Z,11.0616,9.4452,8.287,8.5635,7.2093,12.0778
E0042,2026-03-21T00:00:00Z,10.3634,9.329,7.854,8.1675,4.9361,13.3514
E0043,2026-03-21T00:00:00Z,10.1966,8.3368,9.3871,6.9268,5.3942,10.1017
E0044,2026-03-21T00:00:00Z,11.1705,8.4348,9.088,7.2794,5.3332,11.6657
E0045,2026-03-21T00:00:00Z,10.972,11.8659,9.7425,5.6274,8.3445,9.987
E0046,2026-03-21T00:00:00Z,11.5248,10.5141,8.4316,6.8991,7.2881,10.5858
E0047,2026-03-21T00:00:00Z,11.2522,9.2397,8.5311,6.4889,5.3253,9.8404
E0048,2026-03-21T00:00:00Z,11.7473,9.6817,7.6277,6.0816,5.4453,13.5725
E0049,2026-03-21T00:00:00Z,12.0917,8.2091,8.3933,5.878,6.0153,8.0269
E0050,2026-03-21T00:00:00Z,11.1365,8.0256,8.1836,7.1775,7.342,11.8109
E0051,2026-03-21T00:00:00Z,11.4451,8.4769,5.8616,5.6612,6.2176,6.5845
E0052,2026-03-21T00:00:00Z,10.09,10.1338,9.2616,7.322,6.0161,10.5631
E0053,2026-03-21T00:00:00Z,12.2957,10.7732,7.589,6.4834,5.7661,9.4098
E0054,2026-03-21T00:00:00Z,10.399,8.2073,7.8877,7.2596,7.6268,10.2579
E0055,2026-03-21T00:00:00Z,12.1851,9.13,9.3764,6.5111,7.241,7.5563
E0056,2026-03-21T00:00:00Z,12.2108,9.0203,7.1222,7.5379,7.3167,10.7689
E0057,2026-03-21T00:00:00Z,10.9872,9.3715,7.707,6.2653,6.8621,8.1395
E0058,2026-03-21T00:00:00Z,10.3853,11.3608,8.4776,9.1204,6.4657,10.0337
E0059,2026-03-21T00:00:00Z,11.8439,8.6598,7.463,9.3733,6.6492,10.28
E0060,2026-03-21T00:00:00Z,11.3899,8.1265,10.015,7.4142,4.7153,8.2818
E0061,2026-03-21T00:00:00Z,9.951,10.5516,8.4043,7.4736,6.1925,10.8528
E0062,2026-03-21T00:00:00Z,10.6747,9.4599,6.2271,8.183,3.6851,9.7956
E0063,2026-03-21T00:00:00Z,12.323,10.0757,10.3792,9.0887,5.9391,9.4729
E0064,2026-03-21T00:00:00Z,10.9618,10.3816,8.7798,7.4152,5.032,11.0865
E0065,2026-03-21T00:00:00Z,12.565,8.8692,9.9392,5.884,5.7807,9.3612
E0066,2026-03-21T00:00:00Z,12.2763,10.3412,10.6239,8.4211,6.4215,10.4313
E0067,2026-03-21T00:00:00Z,11.8628,10.0065,9.9957,6.1945,5.3221,9.4836
E0068,2026-03-21T00:00:00Z,10.3892,9.6859,8.8123,8.861,8.8941,8.751
E0069,2026-03-21T00:00:00Z,11.2427,10.9719,8.585,4.5384,8.364,10.9374
E0070,2026-03-21T00:00:00Z,10.9088,9.6971,7.3427,7.7979,6.2786,10.0671
E0071,2026-03-21T00:00:00Z,11.3609,9.8168,8.367,6.3341,6.4426,10.1863
E0072,2026-03-21T00:00:00Z,11.1229,8.3331,8.4889,8.2604,5.8936,9.5391
E0073,2026-03-21T00:00:00Z,9.9705,8.3673,8.2676,8.0825,6.2685,8.4797
E0074,2026-03-21T00:00:00Z,11.3365,8.3347,7.0278,9.0532,6.201,11.5921
E0075,2026-03-21T00:00:00Z,10.5873,7.399,8.8666,9.4466,6.2242,8.8633
E0076,2026-03-21T00:00:00Z,10.7176,7.6944,7.7389,6.0278,7.4099,8.7669
E0077,2026-03-21T00:00:00Z,11.2112,9.4342,9.2348,6.0988,6.9706,7.8079
E0078,2026-03-21T00:00:00Z,10.6734,10.1866,9.3867,6.1186,5.7446,14.1702
E0079,2026-03-21T00:00:00Z,11.4661,9.9263,8.6387,8.6783,6.0438,7.4371
E0080,2026-03-21T00:00:00Z,11.2009,9.3112,9.9447,7.7928,8.047,11.0687
E0081,2026-03-21T00:00:00Z,9.503,7.0148,7.6429,9.0689,7.1443,10.9876
E0082,2026-03-21T00:00:00Z,12.4507,8.8587,8.9538,5.8745,5.3158,11.2257
E0083,2026-03-21T00:00:00Z,10.5109,10.1333,7.7924,7.8929,5.1192,7.2865
E0084,2026-03-21T00:00:00Z,11.9602,8.5579,9.0988,8.2628,5.2759,9.0062
E0085,2026-03-21T00:00:00Z,10.8112,10.4223,8.1582,6.8258,4.8586,9.4408
E0086,2026-03-21T00:00:00Z,12.1903,9.4317,8.4474,6.6681,7.5873,10.4777
E0087,2026-03-21T00:00:00Z,10.6572,11.308,7.4561,9.1466,6.0446,7.4102
E0088,2026-03-21T00:00:00Z,9.3343,9.3213,9.8413,8.415,7.5137,8.3904
E0089,2026-03-21T00:00:00Z,11.4823,9.167,10.5605,7.2337,5.9666,7.9776
E0090,2026-03-21T00:00:00Z,11.354,9.8784,7.7491,9.1944,5.8763,10.1085
E0091,2026-03-21T00:00:00Z,10.4483,10.2941,12.3953,8.3221,5.9817,10.9221
E0092,2026-03-21T00:00:00Z,11.2678,11.4014,9.3227,8.1861,6.2651,6.5917
E0093,2026-03-21T00:00:00Z,11.0016,8.0223,8.9141,7.3157,7.698,9.0578
E0094,2026-03-21T00:00:00Z,12.3105,9.069,8.8202,6.5646,5.9825,8.2534
E0095,2026-03-21T00:00:00Z,10.9611,10.0834,9.0142,6.1542,4.9217,11.6224
E0096,2026-03-21T00:00:00Z,11.1519,9.8592,8.3259,8.7379,6.5646,11.5744
E0097,2026-03-21T00:00:00Z,11.2752,10.8055,9.188,7.7209,5.9938,7.967
E0098,2026-03-21T00:00:00Z,9.2234,7.1228,7.0757,6.6004,6.8973,10.2273
E0099,2026-03-21T00:00:00Z,11.5667,9.9217,9.4218,8.0019,6.8821,11.5272
E0100,2026-03-21T00:00:00Z,9.3474,10.5201,8.7442,7.6465,7.748,8.5244
E0101,2026-03-21T00:00:00Z,12.0197,10.2579,6.515,7.5034,6.6532,9.8176
E0102,2026-03-21T00:00:00Z,11.0818,8.6297,9.8188,7.5258,5.1566,9.8745
E0103,2026-03-21T00:00:00Z,9.8974,6.9656,8.8807,7.9254,6.6866,8.3201
E0104,2026-03-21T00:00:00Z,10.8005,11.4464,10.3532,6.9138,6.7353,8.7314
E0105,2026-03-21T00:00:00Z,10.1916,8.543,8.1533,8.4771,6.9853,9.6216
E0106,2026-03-21T00:00:00Z,9.8744,10.8958,7.2104,8.1014,6.5061,9.5707
E0107,2026-03-21T00:00:00Z,10.6705,9.6508,8.5267,6.4842,6.793,12.2282
E0108,2026-03-21T00:00:00Z,10.83,9.2749,8.1636,6.3935,5.6935,8.7795
E0109,2026-03-21T00:00:00Z,10.458,8.2509,7.5683,6.2822,6.9527,5.8731
E0110,2026-03-21T00:00:00Z,11.812,9.267,8.1419,8.4735,6.1844,7.5366
E0111,2026-03-21T00:00:00Z,11.0742,7.722,9.125,8.1842,5.3896,8.4317
E0112,2026-03-21T00:00:00Z,10.4747,7.9904,9.1621,8.1429,6.1438,7.5498
E0113,2026-03-21T00:00:00Z,10.7423,9.4723,9.554,7.4289,5.476,8.4361
E0114,2026-03-21T00:00:00Z,10.9998,8.8533,7.0293,6.8126,6.5934,9.4906
E0115,2026-03-21T00:00:00Z,11.0348,7.6614,8.29,9.2284,7.5339,11.2068
E0116,2026-03-21T00:00:00Z,12.5036,9.1938,7.1493,8.0497,6.5933,11.0477
E0117,2026-03-21T00:00:00Z,11.515,10.684,8.5096,7.2899,7.1796,9.6803
E0118,2026-03-21T00:00:00Z,9.7187,8.2306,7.552,6.4202,6.9743,7.0411
E0119,2026-03-21T00:00:00Z,11.3263,9.2293,8.0734,9.1285,7.3321,9.858
E0120,2026-03-21T00:00:00Z,12.5833,8.7049,8.7933,8.8503,6.3252,9.2749
E0121,2026-03-21T00:00:00Z,12.6756,10.0514,8.8543,6.9857,6.7942,9.3986
E0122,2026-03-21T00:00:00Z,11.8979,9.4896,8.0718,8.1294,5.4958,12.1618
E0123,2026-03-21T00:00:00Z,9.6845,8.173,10.6614,7.8386,7.4435,8.7685
E0124,2026-03-21T00:00:00Z,11.0433,9.5026,10.4507,8.3866,4.5031,9.4346
E0125,2026-03-21T00:00:00Z,11.0542,10.1147,8.6573,6.8257,6.2801,8.6564
E0126,2026-03-21T00:00:00Z,12.1473,9.3245,6.8446,6.5276,6.0223,8.7585
E0127,2026-03-21T00:00:00Z,10.4422,9.6085,6.9685,6.7336,5.6062,10.0009
E0128,2026-03-21T00:00:00Z,10.1244,10.8615,7.1272,5.8961,6.5358,10.3786
E0129,2026-03-21T00:00:00Z,11.7507,9.4337,9.2967,9.0169,6.3952,8.8479
E0130,2026-03-21T00:00:00Z,11.5306,7.4366,8.0897,8.2106,5.8534,9.378
E0131,2026-03-21T00:00:00Z,11.0767,8.953,6.3136,8.4266,6.6547,8.8391
E0132,2026-03-21T00:00:00Z,11.5827,6.7221,8.5866,8.027,6.8467,7.0742
E0133,2026-03-21T00:00:00Z,10.727,10.1708,7.1585,7.9307,5.2207,10.6156
E0134,2026-03-21T00:00:00Z,11.5971,9.9809,10.3516,7.6276,5.4862,11.0011
E0135,2026-03-21T00:00:00Z,11.174,8.0646,8.2154,8.5497,3.7631,7.7241
E0136,2026-03-21T00:00:00Z,12.0058,10.6453,8.648,8.3274,7.2052,10.0804
E0137,2026-03-21T00:00:00Z,11.8321,8.5738,9.0129,6.3563,6.7192,9.1956
E0138,2026-03-21T00:00:00Z,10.9446,9.312,8.0131,8.0285,7.9269,9.6424
E0139,2026-03-21T00:00:00Z,10.253,9.0725,8.7541,8.5623,7.8012,8.1228
E0140,2026-03-21T00:00:00Z,9.9918,9.9936,8.6289,6.6709,6.1817,11.8448
E0141,2026-03-21T00:00:00Z,9.596,8.9489,8.6952,7.9613,4.9043,10.9108
E0142,2026-03-21T00:00:00Z,10.053,9.5672,7.0355,7.9918,7.6741,8.8642
E0143,2026-03-21T00:00:00Z,11.0248,8.9046,7.132,8.1243,6.2761,8.9112
E0144,2026-03-21T00:00:00Z,11.3748,9.4086,9.118,7.1163,7.901,9.2965
E0145,2026-03-21T00:00:00Z,10.9497,10.262,9.6965,8.0634,5.8098,10.7889
E0146,2026-03-21T00:00:00Z,11.2769,8.4927,7.3158,7.1463,6.2761,9.1484
E0147,2026-03-21T00:00:00Z,11.9817,10.4657,9.6321,7.8933,5.1421,11.2644
E0148,2026-03-21T00:00:00Z,10.9573,9.4013,8.6591,6.2448,7.3492,7.999
E0149,2026-03-21T00:00:00Z,11.1851,7.0286,8.0826,5.5256,5.4662,7.7659
E0000,2026-03-22T00:00:00Z,9.9135,10.5785,9.2851,7.7129,5.6207,9.0427
E0001,2026-03-22T00:00:00Z,11.9548,9.4339,9.9268,6.3953,6.5065,9.4481
E0002,2026-03-22T00:00:00Z,11.0319,9.2381,6.824,7.7649,6.5857,8.4336
E0003,2026-03-22T00:00:00Z,11.8712,8.275,7.7997,9.1984,5.997,8.32
E0004,2026-03-22T00:00:00Z,9.7639,9.068,6.1335,6.1051,5.7954,6.5621
E0005,2026-03-22T00:00:00Z,10.8737,9.0021,9.6881,7.6085,4.8826,5.7034
E0006,2026-03-22T00:00:00Z,11.0658,10.1131,9.1374,6.7556,5.7907,11.234
E0007,2026-03-22T00:00:00Z,11.6898,8.3229,7.1437,7.0058,6.8678,7.7685
E0008,2026-03-22T00:00:00Z,11.5071,10.6888,10.1787,7.2498,5.9952,9.0545
E0009,2026-03-22T00:00:00Z,11.7108,8.1456,8.9668,7.6806,7.7631,9.3549
E0010,2026-03-22T00:00:00Z,12.878,8.6182,7.4796,7.731,6.6979,11.0989
E0011,2026-03-22T00:00:00Z,11.8446,9.354,7.5422,8.6019,5.9258,7.7561
E0012,2026-03-22T00:00:00Z,10.9805,7.8657,7.9832,6.5989,5.7756,8.7721
E0013,2026-03-22T00:00:00Z,10.3225,9.9857,10.0364,8.9081,5.5425,9.9864
E0014,2026-03-22T00:00:00Z,10.5698,8.6934,8.8607,7.3937,4.7255,13.6936
E0015,2026-03-22T00:00:00Z,10.4685,9.2731,10.2151,7.0483,6.7003,9.8813
E0016,2026-03-22T00:00:00Z,10.8272,7.6659,7.9998,8.5888,6.3859,10.9502
E0017,2026-03-22T00:00:00Z,11.5648,9.116,8.1538,7.5144,6.3822,10.5743
E0018,2026-03-22T00:00:00Z,11.3618,9.9516,9.6195,8.4013,8.6294,11.2022
E0019,2026-03-22T00:00:00Z,11.2334,7.9808,8.9596,7.2827,5.1305,7.2479
E0020,2026-03-22T00:00:00Z,10.605,9.795,9.6008,7.8667,7.4791,4.9043
E0021,2026-03-22T00:00:00Z,11.5707,8.573,8.6818,7.5402,6.0402,7.4769
E0022,2026-03-22T00:00:00Z,12.5327,7.3942,6.6291,7.4095,6.7131,8.0314
E0023,2026-03-22T00:00:00Z,11.7854,9.3592,9.5416,8.4095,6.2778,7.3359
E0024,2026-03-22T00:00:00Z,10.9694,8.434,8.2389,5.1231,6.3187,8.8565
E0025,2026-03-22T00:00:00Z,11.3471,10.5723,8.4406,4.9952,6.4603,8.3242
E0026,2026-03-22T00:00:00Z,11.4265,10.9237,9.3155,8.6217,4.3604,9.684
E0027,2026-03-22T00:00:00Z,10.4932,8.4805,8.7007,5.9275,6.4778,9.4783
E0028,2026-03-22T00:00:00Z,12.4807,8.0115,9.1148,7.8641,7.8,8.0395
E0029,2026-03-22T00:00:00Z,12.1994,9.9706,7.8878,6.8806,6.3522,11.7236
E0030,2026-03-22T00:00:00Z,10.0859,9.3456,9.1023,8.3491,7.2985,8.204
E0031,2026-03-22T00:00:00Z,11.0196,8.4951,8.8969,8.0038,5.9742,11.5598
E0032,2026-03-22T00:00:00Z,11.0818,8.9295,7.3664,8.9878,7.3864,8.2138
E0033,2026-03-22T00:00:00Z,11.4195,10.47,7.7682,5.5529,7.6703,6.7754
E0034,2026-03-22T00:00:00Z,11.8982,8.0681,8.7275,7.0927,7.1306,10.2511
E0035,2026-03-22T00:00:00Z,12.027,9.0922,11.5884,7.8112,6.1533,8.4209
E0036,2026-03-22T00:00:00Z,11.7864,9.1112,8.2499,6.0408,6.5751,9.4039
E0037,2026-03-22T00:00:00Z,9.8213,9.2108,10.9211,8.5243,6.2213,6.6472
E0038,2026-03-22T00:00:00Z,12.6626,9.911,8.7286,7.0061,6.8055,12.5216
E0039,2026-03-22T00:00:00Z,11.8134,8.3944,9.3319,7.1279,6.1362,12.0782
E0040,2026-03-22T00:00:00Z,10.1076,8.7398,11.1192,7.8161,6.8793,9.7693
E0041,2026-03-22T00:00:00Z,10.546,8.6892,8.8533,9.7383,6.7333,10.7487
E0042,2026-03-22T00:00:00Z,10.8434,10.5653,7.4911,8.5971,7.1688,8.501
E0043,2026-03-22T00:00:00Z,11.5925,10.977,7.9795,8.2295,5.7841,9.4734
E0044,2026-03-22T00:00:00Z,10.2082,9.2628,9.354,8.3479,6.3214,7.2899
E0045,2026-03-22T00:00:00Z,9.9294,8.5719,5.6426,7.1591,8.3182,9.3833
E0046,2026-03-22T00:00:00Z,10.843,9.4563,9.91,8.8424,8.1337,9.2708
E0047,2026-03-22T00:00:00Z,11.0691,8.6383,9.9448,7.1087,7.1401,9.7448
E0048,2026-03-22T00:00:00Z,12.21,8.8836,7.659,5.2227,6.3076,10.8497
E0049,2026-03-22T00:00:00Z,11.3314,11.0653,7.7842,7.2882,6.9794,10.0718
E0050,2026-03-22T00:00:00Z,12.1554,9.315,6.387,9.1646,8.5717,9.9393
E0051,2026-03-22T00:00:00Z,10.865,8.8077,8.8303,8.653,6.3776,11.5538
E0052,2026-03-22T00:00:00Z,12.2546,11.3949,9.4566,8.2535,4.8763,9.0837
E0053,2026-03-22T00:00:00Z,11.5662,11.2429,9.1079,7.2894,7.0157,10.215
E0054,2026-03-22T00:00:00Z,11.5583,9.5098,7.3474,8.0266,5.7104,10.1687
E0055,2026-03-22T00:00:00Z,11.5797,10.3116,8.8015,7.5913,5.1979,8.5666
E0056,2026-03-22T00:00:00Z,10.3066,8.4773,7.7145,8.633,6.8796,7.6849
E0057,2026-03-22T00:00:00Z,11.8381,7.5756,7.9148,6.466,7.4797,9.074
E0058,2026-03-22T00:00:00Z,12.739,10.1862,7.5553,7.8564,7.1679,8.5111
E0059,2026-03-22T00:00:00Z,10.7686,8.9853,6.5458,7.8633,6.7681,7.5137
E0060,2026-03-22T00:00:00Z,12.9167,9.3981,7.5474,7.2285,6.7731,9.0811
E0061,2026-03-22T00:00:00Z,10.4604,8.069,9.0152,8.0531,6.7302,10.1254
E0062,2026-03-22T00:00:00Z,11.0044,8.9554,6.7713,6.7114,5.6518,7.4796
E0063,2026-03-22T00:00:00Z,10.3855,9.8724,8.412,6.8806,5.5889,8.4729
E0064,2026-03-22T00:00:00Z,10.6772,9.8484,7.5507,8.4624,5.4122,10.5314
E0065,2026-03-22T00:00:00Z,11.872,8.8022,7.5064,7.5628,5.9472,10.1311
E0066,2026-03-22T00:00:00Z,9.3545,8.488,8.007,6.9495,5.8416,8.5434
E0067,2026-03-22T00:00:00Z,11.5642,8.0362,8.4314,8.4284,6.5689,7.9668
E0068,2026-03-22T00:00:00Z,11.4056,8.6378,7.9692,7.6661,6.1748,7.145
E0069,2026-03-22T00:00:00Z,10.3676,9.7706,8.261,7.277,6.9465,8.3896
E0070,2026-03-22T00:00:00Z,11.785,9.5977,11.1423,7.3606,6.1507,8.6663
E0071,2026-03-22T00:00:00Z,10.108,8.9952,9.49,8.4521,6.9557,8.6208
E0072,2026-03-22T00:00:00Z,10.802,10.0804,5.0489,5.6518,4.6977,8.2303
E0073,2026-03-22T00:00:00Z,11.3856,10.1354,7.4296,6.6201,5.9217,11.5287
E0074,2026-03-22T00:00:00Z,10.7729,9.92,9.1705,5.9338,7.2742,9.3357
E0075,2026-03-22T00:00:00Z,9.8937,9.9617,9.1759,7.11,5.0379,9.7635
E0076,2026-03-22T00:00:00Z,11.0934,10.0942,9.1362,8.0561,8.0801,8.138
E0077,2026-03-22T00:00:00Z,11.5553,11.7395,7.9264,7.7695,6.3461,11.178
E0078,2026-03-22T00:00:00Z,12.229,10.0401,9.0425,6.7512,7.4633,8.7869
E0079,2026-03-22T00:00:00Z,11.161,9.7887,8.9941,8.5467,7.1431,9.1662
E0080,2026-03-22T00:00:00Z,10.8348,10.1544,7.5256,8.1663,6.4873,9.965
E0081,2026-03-22T00:00:00Z,11.188,9.0502,7.6492,7.2315,6.1956,7.6108
E0082,2026-03-22T00:00:00Z,12.0534,9.692,8.2378,7.7821,5.6284,7.6317
E0083,2026-03-22T00:00:00Z,11.2718,8.3697,8.457,6.5312,7.0488,8.3823
E0084,2026-03-22T00:00:00Z,10.7774,7.9187,8.4685,6.386,6.7824,10.2352
E0085,2026-03-22T00:00:00Z,11.7414,8.7567,7.7625,7.0001,5.7563,13.1758
E0086,2026-03-22T00:00:00Z,10.8585,10.4366,9.1558,7.8984,6.7438,7.8906
E0087,2026-03-22T00:00:00Z,10.8805,7.0982,7.6926,8.8536,5.3084,8.564
E0088,2026-03-22T00:00:00Z,10.5045,9.6323,8.6845,6.2262,5.7439,9.4727
E0089,2026-03-22T00:00:00Z,11.0221,10.3736,7.6323,8.8078,6.6825,8.4779
E0090,2026-03-22T00:00:00Z,11.8453,9.1283,8.2589,6.8299,5.8766,7.7934
E0091,2026-03-22T00:00:00Z,11.632,6.6912,7.2643,7.1408,5.4378,8.5105
E0092,2026-03-22T00:00:00Z,11.4243,9.0161,9.5118,7.1192,4.7528,10.6425
E0093,2026-03-22T00:00:00Z,11.8587,7.138,10.0393,6.5783,7.4234,11.6111
E0094,2026-03-22T00:00:00Z,11.6074,7.1036,7.3072,8.5889,5.0763,11.0908
E0095,2026-03-22T00:00:00Z,10.3892,11.2075,7.2131,6.5842,6.5986,9.6798
E0096,2026-03-22T00:00:00Z,11.28,9.403,8.9734,7.1029,6.9951,8.8916
E0097,2026-03-22T00:00:00Z,10.8986,8.2453,9.249,7.7712,6.4358,8.9351
E0098,2026-03-22T00:00:00Z,11.1371,8.4575,10.8925,7.75,5.6058,10.0182
E0099,2026-03-22T00:00:00Z,10.9468,9.427,9.2406,8.4123,4.8043,10.7061
E0100,2026-03-22T00:00:00Z,10.7876,9.9023,8.3039,7.1761,7.4275,9.109
E0101,2026-03-22T00:00:00Z,11.3453,10.5629,8.7839,6.1951,6.9108,8.7408
E0102,2026-03-22T00:00:00Z,11.0017,7.3836,7.027,6.4344,5.6961,8.4652
E0103,2026-03-22T00:00:00Z,10.5022,10.2153,7.3267,8.4296,5.4076,10.048
E0104,2026-03-22T00:00:00Z,10.535,9.7019,10.3028,7.728,7.523,10.401
E0105,2026-03-22T00:00:00Z,10.0883,9.4848,10.8796,8.272,7.7451,7.5637
E0106,2026-03-22T00:00:00Z,11.6865,7.7402,8.2774,8.9767,5.4997,11.47
E0107,2026-03-22T00:00:00Z,12.1255,8.3775,11.2809,7.7591,6.8501,8.4721
E0108,2026-03-22T00:00:00Z,10.7119,9.2577,8.6719,6.4654,4.981,7.2085
E0109,2026-03-22T00:00:00Z,12.9814,10.521,8.1669,7.0926,5.0143,10.4359
E0110,2026-03-22T00:00:00Z,11.2511,8.9983,8.488,7.3806,6.2913,10.3719
E0111,2026-03-22T00:00:00Z,10.4864,7.7053,8.6575,6.3972,5.6509,10.62
E0112,2026-03-22T00:00:00Z,11.0491,7.6606,7.9692,7.9327,5.6692,6.5543
E0113,2026-03-22T00:00:00Z,11.4712,8.6413,6.7805,8.0016,6.6879,9.7844
E0114,2026-03-22T00:00:00Z,11.4163,8.6347,8.1651,7.233,6.9012,7.7811
E0115,2026-03-22T00:00:00Z,11.2306,10.1234,8.8962,6.1597,6.1357,11.0411
E0116,2026-03-22T00:00:00Z,10.883,7.6751,8.6808,6.8226,6.2326,10.0326
E0117,2026-03-22T00:00:00Z,11.6629,9.0894,8.7775,7.3164,6.9678,9.4823
E0118,2026-03-22T00:00:00Z,10.9079,8.3005,9.2038,6.5287,7.8922,8.4512
E0119,2026-03-22T00:00:00Z,11.201,8.4423,8.9665,7.7712,7.5891,10.6287
E0120,2026-03-22T00:00:00Z,12.9155,9.4131,8.1422,7.7253,6.5959,9.7349
E0121,2026-03-22T00:00:00Z,10.7838,10.8234,7.4623,7.715,6.1263,10.3734
E0122,2026-03-22T00:00:00Z,10.0231,9.3415,7.5452,8.7287,7.2981,9.7782
E0123,2026-03-22T00:00:00Z,9.5435,9.4533,10.1194,7.9275,5.2242,9.4073
E0124,2026-03-22T00:00:00Z,10.0907,7.023,7.187,8.3033,8.0735,10.2741
E0125,2026-03-22T00:00:00Z,10.714,9.7816,9.4124,6.9043,6.0051,12.6135
E0126,2026-03-22T00:00:00Z,10.1653,7.3323,6.9548,7.8584,6.6558,11.6872
E0127,2026-03-22T00:00:00Z,11.9322,8.7337,8.5791,9.537,5.7888,9.8878
E0128,2026-03-22T00:00:00Z,10.7838,8.7945,5.8964,6.7584,7.3317,8.8797
E0129,2026-03-22T00:00:00Z,10.9657,9.5488,7.5682,7.9887,6.422,9.2407
E0130,2026-03-22T00:00:00Z,10.8889,10.1701,8.7895,7.752,6.5553,11.0317
E0131,2026-03-22T00:00:00Z,9.1361,9.3488,8.3473,8.6815,8.9732,11.0807
E0132,2026-03-22T00:00:00Z,12.1127,8.6174,6.5899,7.7846,4.3856,9.4835
E0133,2026-03-22T00:00:00Z,9.8991,11.36,8.3908,7.031,7.7051,6.9436
E0134,2026-03-22T00:00:00Z,11.358,7.9467,8.582,8.2753,7.7814,9.5522
E0135,2026-03-22T00:00:00Z,9.5598,7.8611,8.0213,8.0048,5.5597,7.5814
E0136,2026-03-22T00:00:00Z,11.17,7.0558,8.0909,7.6116,6.8985,8.7277
E0137,2026-03-22T00:00:00Z,10.2192,9.519,7.6848,6.2211,9.0428,9.3832
E0138,2026-03-22T00:00:00Z,12.5212,10.1088,9.1813,6.8436,7.5496,8.8231
E0139,2026-03-22T00:00:00Z,10.4906,8.8365,9.7029,10.0147,6.1448,10.0238
E0140,2026-03-22T00:00:00Z,11.5825,8.8944,8.5016,8.6002,7.2785,10.8854
E0141,2026-03-22T00:00:00Z,12.5181,8.9653,7.3938,8.187,5.7352,10.4519
E0142,2026-03-22T00:00:00Z,10.4809,8.5067,7.9038,8.0037,6.0002,9.6682
E0143,2026-03-22T00:00:00Z,10.4366,10.073,10.1843,8.4376,4.8966,10.4835
E0144,2026-03-22T00:00:00Z,11.6948,10.5716,9.5992,8.813,6.1819,8.4003
E0145,2026-03-22T00:00:00Z,10.1462,9.6444,8.1814,8.8405,6.4443,11.0862
E0146,2026-03-22T00:00:00Z,11.3123,10.3304,8.5226,7.8498,5.5577,7.1813
E0147,2026-03-22T00:00:00Z,10.5275,7.3348,8.9694,7.1906,6.7265,10.2437
E0148,2026-03-22T00:00:00Z,12.4949,7.0776,8.6612,6.4991,6.1123,9.1945
E0149,2026-03-22T00:00:00Z,9.9801,8.9629,6.9129,7.5686,6.4693,8.0895
E0000,2026-03-23T00:00:00Z,10.976,9.4553,6.2703,7.1925,6.6438,11.6641
E0001,2026-03-23T00:00:00Z,11.3951,9.9453,7.751,6.7715,7.6346,9.8334
E0002,2026-03-23T00:00:00Z,13.3743,9.1409,9.5957,8.3182,8.3185,6.1425
E0003,2026-03-23T00:00:00Z,11.3719,10.044,6.8524,6.7056,5.9814,7.8829
E0004,2026-03-23T00:00:00Z,11.3511,8.6757,10.0969,7.7045,6.2994,11.872
E0005,2026-03-23T00:00:00Z,11.6528,8.307,8.0089,7.9804,7.7614,8.8858
E0006,2026-03-23T00:00:00Z,11.4613,9.9176,8.0148,9.5512,9.1779,10.4404
E0007,2026-03-23T00:00:00Z,11.1449,8.8453,7.1958,7.8236,5.7674,9.5951
E0008,2026-03-23T00:00:00Z,10.2584,8.3845,7.4982,5.8583,6.8292,7.9441
E0009,2026-03-23T00:00:00Z,10.7648,8.0264,8.4918,8.2571,5.4368,10.8061
E0010,2026-03-23T00:00:00Z,12.4339,10.1895,8.2065,6.9674,7.1279,10.1737
E0011,2026-03-23T00:00:00Z,11.2266,8.9161,7.1083,7.2205,4.0115,11.0727
E0012,2026-03-23T00:00:00Z,11.7688,10.14,10.8185,8.2263,7.1898,11.8555
E0013,2026-03-23T00:00:00Z,10.958,8.015,10.0735,9.2505,5.3645,11.3887
E0014,2026-03-23T00:00:00Z,10.9721,7.6207,8.5585,7.4479,7.2447,8.798
E0015,2026-03-23T00:00:00Z,11.2466,10.3906,6.994,8.406,5.3651,10.8923
E0016,2026-03-23T00:00:00Z,10.9818,9.6158,9.3625,8.656,5.5238,11.1315
E0017,2026-03-23T00:00:00Z,10.6061,8.9476,8.3657,7.377,6.2472,7.9398
E0018,2026-03-23T00:00:00Z,10.5167,10.0508,8.7151,7.4612,6.6649,8.1915
E0019,2026-03-23T00:00:00Z,11.1156,9.6036,8.7134,7.7689,6.1748,13.2462
E0020,2026-03-23T00:00:00Z,11.429,8.4037,8.7386,6.3726,7.2067,7.1175
E0021,2026-03-23T00:00:00Z,12.5175,9.1233,9.2588,7.2255,6.4728,7.799
E0022,2026-03-23T00:00:00Z,10.8338,9.4143,5.8401,7.643,6.3994,9.9848
E0023,2026-03-23T00:00:00Z,11.0611,9.7661,9.2674,8.4944,6.5662,10.0944
E0024,2026-03-23T00:00:00Z,10.802,9.8629,10.0999,6.4769,7.9125,9.0515
E0025,2026-03-23T00:00:00Z,10.7186,8.822,8.5924,7.2883,6.7278,7.1805
E0026,2026-03-23T00:00:00Z,11.7209,7.945,9.4201,9.357,4.3459,8.9792
E0027,2026-03-23T00:00:00Z,11.4987,8.8805,8.201,8.5466,5.6787,8.6236
E0028,2026-03-23T00:00:00Z,10.142,7.9401,8.9001,7.4566,5.927,9.0132
E0029,2026-03-23T00:00:00Z,10.9684,8.5694,6.905,7.1659,4.8078,10.3234
E0030,2026-03-23T00:00:00Z,10.8681,10.0546,8.4133,9.1609,6.4041,10.9064
E0031,2026-03-23T00:00:00Z,11.2696,8.3915,8.4031,7.201,8.8621,11.1281
E0032,2026-03-23T00:00:00Z,10.828,9.6346,8.0213,7.9103,5.3019,8.7999
E0033,2026-03-23T00:00:00Z,12.6671,8.9089,6.7222,6.6653,4.306,8.3134
E0034,2026-03-23T00:00:00Z,11.3311,10.5181,9.7949,8.3233,6.069,8.1458
E0035,2026-03-23T00:00:00Z,10.8417,9.8571,7.0454,6.9673,5.1636,10.1328
E0036,2026-03-23T00:00:00Z,11.8489,8.1964,9.062,6.5773,5.6211,8.0821
E0037,2026-03-23T00:00:00Z,10.9316,9.9125,8.8636,7.9152,7.5509,11.3319
E0038,2026-03-23T00:00:00Z,10.8286,7.7376,9.645,8.4072,6.911,13.5011
E0039,2026-03-23T00:00:00Z,11.2034,10.5512,10.7036,7.9101,6.0491,7.6233
E0040,2026-03-23T00:00:00Z,10.953,7.9091,6.3003,8.1853,6.5077,7.9109
E0041,2026-03-23T00:00:00Z,11.6879,9.7868,8.2805,5.1309,7.0934,8.6062
E0042,2026-03-23T00:00:00Z,11.0133,8.8163,10.8299,8.8835,5.9037,11.0794
E0043,2026-03-23T00:00:00Z,10.9007,9.9288,7.6847,6.3803,6.6184,9.7033
E0044,2026-03-23T00:00:00Z,10.9435,10.1075,7.5646,6.7162,6.0884,10.1033
E0045,2026-03-23T00:00:00Z,10.6829,9.227,8.2286,8.7014,7.9615,8.6324
E0046,2026-03-23T00:00:00Z,10.852,9.307,8.6281,8.2176,5.9249,7.6234
E0047,2026-03-23T00:00:00Z,11.2561,8.285,7.5969,7.0253,7.1643,8.4001
E0048,2026-03-23T00:00:00Z,12.0032,8.7346,9.4241,8.24,7.2469,11.9895
E0049,2026-03-23T00:00:00Z,11.2178,7.2128,8.6419,7.4394,5.3812,9.0898
E0050,2026-03-23T00:00:00Z,11.4619,8.1918,8.5844,9.3972,6.2491,11.4074
E0051,2026-03-23T00:00:00Z,10.9802,9.219,10.3652,7.289,4.2771,8.26
E0052,2026-03-23T00:00:00Z,10.676,8.183,8.1247,7.4418,7.2019,8.3531
E0053,2026-03-23T00:00:00Z,10.9658,8.7355,8.1835,6.3493,5.1363,10.7774
E0054,2026-03-23T00:00:00Z,11.3302,11.3201,10.2557,6.4358,4.8185,12.1254
E0055,2026-03-23T00:00:00Z,11.0102,9.0836,7.5092,6.5372,7.019,9.7722
E0056,2026-03-23T00:00:00Z,10.5688,9.7346,9.5492,8.1995,8.3215,12.6858
E0057,2026-03-23T00:00:00Z,11.4391,10.9356,10.186,8.8084,8.5922,12.0609
E0058,2026-03-23T00:00:00Z,11.2042,9.6736,10.2712,8.3455,7.1397,9.881
E0059,2026-03-23T00:00:00Z,11.1626,9.453,8.8337,6.1537,5.9191,9.1507
E0060,2026-03-23T00:00:00Z,11.4477,8.6962,9.5537,8.2487,4.7394,9.0185
E0061,2026-03-23T00:00:00Z,10.5853,9.4872,8.6799,7.9632,5.8818,12.1136
E0062,2026-03-23T00:00:00Z,11.5197,8.8399,7.4056,8.5938,3.8514,8.9689
E0063,2026-03-23T00:00:00Z,10.2608,10.685,8.1627,6.1711,4.7143,9.9377
E0064,2026-03-23T00:00:00Z,11.6211,9.257,9.6158,6.9045,5.675,12.0436
E0065,2026-03-23T00:00:00Z,11.2858,10.7348,9.5446,8.5901,6.1656,10.742
E0066,2026-03-23T00:00:00Z,11.584,9.2282,8.0028,6.8669,5.7875,8.2083
E0067,2026-03-23T00:00:00Z,10.7306,9.9751,7.257,7.0685,6.112,8.1998
E0068,2026-03-23T00:00:00Z,11.2123,10.6016,8.3345,8.7504,6.3156,9.4036
E0069,2026-03-23T00:00:00Z,11.5914,9.8765,5.374,8.3851,4.8301,10.6502
E0070,2026-03-23T00:00:00Z,12.4438,11.3871,5.668,7.2885,5.7503,8.8506
E0071,2026-03-23T00:00:00Z,12.1074,9.1444,8.7746,6.68,5.7086,11.5533
E0072,2026-03-23T00:00:00Z,10.9492,7.9509,9.2102,6.6603,7.066,11.0147
E0073,2026-03-23T00:00:00Z,10.6633,9.7335,9.4008,8.6657,6.41,9.4062
E0074,2026-03-23T00:00:00Z,10.3155,7.5725,8.6201,6.3255,7.6284,9.115
E0075,2026-03-23T00:00:00Z,10.2133,9.1037,8.1457,8.2997,7.1829,13.2256
E0076,2026-03-23T00:00:00Z,10.6729,10.0895,6.9266,6.9702,4.3193,9.0152
E0077,2026-03-23T00:00:00Z,10.4663,8.7563,7.4625,6.5071,6.6735,9.3694
E0078,2026-03-23T00:00:00Z,11.1154,10.2816,8.5185,7.456,6.8589,10.0213
E0079,2026-03-23T00:00:00Z,10.1664,9.5554,7.9465,7.5122,6.4371,11.0606
E0080,2026-03-23T00:00:00Z,10.8321,7.4856,8.9025,7.8359,6.3737,7.6613
E0081,2026-03-23T00:00:00Z,10.9224,8.7477,9.9095,4.9901,4.4324,8.3375
E0082,2026-03-23T00:00:00Z,10.8736,10.5211,8.9948,8.771,5.62,10.7387
E0083,2026-03-23T00:00:00Z,11.1436,9.5763,9.8485,6.3949,7.6594,8.0265
E0084,2026-03-23T00:00:00Z,11.1933,9.8098,9.6775,9.6021,5.8295,8.3802
E0085,2026-03-23T00:00:00Z,11.4069,7.9289,9.9197,7.3796,7.134,13.0154
E0086,2026-03-23T00:00:00Z,10.915,11.727,9.3235,7.533,6.6248,11.757
E0087,2026-03-23T00:00:00Z,10.7168,10.2539,7.6394,8.7169,5.5762,10.4001
E0088,2026-03-23T00:00:00Z,11.9037,10.4629,7.6623,9.9331,6.378,11.0874
E0089,2026-03-23T00:00:00Z,11.0422,9.6725,7.933,7.5416,7.1584,8.6061
E0090,2026-03-23T00:00:00Z,11.0043,9.1825,9.3961,7.3641,7.2487,10.4284
E0091,2026-03-23T00:00:00Z,11.9189,7.7024,9.6368,7.0239,6.4627,9.9706
E0092,2026-03-23T00:00:00Z,11.4748,9.6805,9.315,8.7472,7.856,11.6605
E0093,2026-03-23T00:00:00Z,9.4311,7.9232,7.1877,6.5926,4.1054,5.9619
E0094,2026-03-23T00:00:00Z,10.9185,8.3885,7.4676,7.2567,5.8323,7.88
E0095,2026-03-23T00:00:00Z,11.0101,9.0788,9.1057,7.1405,6.2678,10.2743
E0096,2026-03-23T00:00:00Z,11.6788,10.7394,8.3397,8.6993,6.8735,6.8945
E0097,2026-03-23T00:00:00Z,10.6818,9.0554,9.4559,8.8777,6.0537,8.6467
E0098,2026-03-23T00:00:00Z,11.0233,8.7702,9.2248,6.1573,6.9774,10.9428
E0099,2026-03-23T00:00:00Z,11.0293,9.4296,9.099,6.7459,6.8123,8.5925
E0100,2026-03-23T00:00:00Z,11.6322,8.9435,9.38,7.6562,7.0933,10.3955
E0101,2026-03-23T00:00:00Z,11.7048,10.1306,8.5345,6.5258,6.4632,8.3387
E0102,2026-03-23T00:00:00Z,12.1876,10.108,7.7739,7.8928,7.0675,11.9147
E0103,2026-03-23T00:00:00Z,11.6664,10.728,8.589,7.0746,5.5504,8.3961
E0104,2026-03-23T00:00:00Z,10.6595,9.0782,8.363,7.6098,7.2838,9.6482
E0105,2026-03-23T00:00:00Z,10.8967,9.1871,9.6062,7.1213,7.1728,10.8005
E0106,2026-03-23T00:00:00Z,11.6953,11.0044,9.9782,7.9551,5.2714,10.029
E0107,2026-03-23T00:00:00Z,10.5531,8.8093,10.8345,8.5065,7.2968,9.5796
E0108,2026-03-23T00:00:00Z,12.5639,9.7861,9.9329,6.311,5.6876,8.8645
E0109,2026-03-23T00:00:00Z,11.5818,9.4464,8.5702,6.803,5.8693,9.4601
E0110,2026-03-23T00:00:00Z,10.1006,9.3749,8.1441,8.202,6.378,10.5569
E0111,2026-03-23T00:00:00Z,11.8823,8.5939,7.0785,7.2143,6.4753,7.8867
E0112,2026-03-23T00:00:00Z,10.816,9.2223,7.9795,9.3217,6.9099,9.9686
E0113,2026-03-23T00:00:00Z,10.4306,9.2048,7.8236,7.3573,5.9445,10.3788
E0114,2026-03-23T00:00:00Z,9.0412,10.4884,9.04,8.4362,4.8735,11.0722
E0115,2026-03-23T00:00:00Z,9.4662,8.898,8.022,7.7321,6.488,7.6409
E0116,2026-03-23T00:00:00Z,10.6745,9.1301,9.555,8.3282,5.6405,10.1053
E0117,2026-03-23T00:00:00Z,11.8362,7.414,9.396,7.8217,5.5458,8.8271
E0118,2026-03-23T00:00:00Z,11.2463,8.4092,7.9098,7.6305,6.5256,13.2507
E0119,2026-03-23T00:00:00Z,11.9009,8.3465,8.4428,7.2026,6.8386,9.6683
E0120,2026-03-23T00:00:00Z,10.7296,9.2872,9.2396,10.2877,6.4832,11.4425
E0121,2026-03-23T00:00:00Z,11.411,9.4942,8.6184,8.3669,8.013,9.8814
E0122,2026-03-23T00:00:00Z,10.5213,7.3743,9.2578,6.5961,6.3039,9.5852
E0123,2026-03-23T00:00:00Z,10.3264,9.7884,7.4073,6.7526,6.9985,6.6536
E0124,2026-03-23T00:00:00Z,11.0062,8.0443,9.0813,8.111,7.7533,9.6108
E0125,2026-03-23T00:00:00Z,10.2021,8.591,5.5996,6.8081,6.773,7.5851
E0126,2026-03-23T00:00:00Z,11.5509,8.4224,8.0521,8.179,3.9106,9.1027
E0127,2026-03-23T00:00:00Z,11.2274,11.3707,9.4952,8.8836,5.354,11.2082
E0128,2026-03-23T00:00:00Z,9.5228,7.8524,8.9721,7.5666,8.3084,8.6148
E0129,2026-03-23T00:00:00Z,10.7365,10.3157,8.7936,6.9184,6.5257,7.6445
E0130,2026-03-23T00:00:00Z,10.586,9.8086,10.0858,8.5645,8.1336,8.9231
E0131,2026-03-23T00:00:00Z,10.7449,8.4001,8.5225,7.3141,5.2704,12.6936
E0132,2026-03-23T00:00:00Z,11.2666,10.7823,8.1612,8.014,5.7139,6.4879
E0133,2026-03-23T00:00:00Z,11.2823,10.2212,8.6558,5.6089,5.3719,11.6625
E0134,2026-03-23T00:00:00Z,11.07,11.6485,7.9723,6.5912,6.4919,9.0753
E0135,2026-03-23T00:00:00Z,10.7278,9.4599,8.4185,9.1113,5.9969,8.4442
E0136,2026-03-23T00:00:00Z,10.8453,8.6715,8.9179,8.3093,5.297,9.6217
E0137,2026-03-23T00:00:00Z,10.2864,8.5357,8.3,7.2918,6.326,8.9749
E0138,2026-03-23T00:00:00Z,11.184,8.4055,7.903,6.8437,7.4665,11.7034
E0139,2026-03-23T00:00:00Z,11.0908,7.9189,8.9303,6.975,6.151,10.9184
E0140,2026-03-23T00:00:00Z,11.3141,8.4262,9.4507,8.7105,6.4231,9.5923
E0141,2026-03-23T00:00:00Z,11.0688,8.4607,6.8068,8.6903,6.9559,12.7547
E0142,2026-03-23T00:00:00Z,11.0917,10.7495,8.3157,6.4591,5.7501,11.3827
E0143,2026-03-23T00:00:00Z,11.6432,9.3802,9.5607,9.2499,6.0231,11.3347
E0144,2026-03-23T00:00:00Z,8.992,11.0762,8.2617,5.5793,3.5436,10.4171
E0145,2026-03-23T00:00:00Z,11.3347,8.083,8.6476,8.0583,8.6043,7.9894
E0146,2026-03-23T00:00:00Z,10.2133,9.6286,7.4671,7.5977,5.5727,10.44
E0147,2026-03-23T00:00:00Z,10.8494,10.0625,9.1036,7.4716,7.4851,11.74
E0148,2026-03-23T00:00:00Z,12.4647,8.394,8.8981,6.9293,7.0455,8.7097
E0149,2026-03-23T00:00:00Z,11.8308,10.7404,8.8042,7.5,6.8344,9.0189
E0000,2026-03-24T00:00:00Z,9.8312,10.4759,6.6443,7.9072,7.3112,10.5509
E0001,2026-03-24T00:00:00Z,10.7832,9.3041,9.4432,8.2959,5.7104,8.157
E0002,2026-03-24T00:00:00Z,10.0414,9.542,7.646,9.2414,7.2568,9.6935
E0003,2026-03-24T00:00:00Z,11.8938,9.5285,8.0687,8.0456,6.3584,9.2496
E0004,2026-03-24T00:00:00Z,11.5324,10.6662,9.4475,9.7059,5.8534,9.3255
E0005,2026-03-24T00:00:00Z,11.1967,9.6884,9.1395,6.9109,7.1536,10.0116
E0006,2026-03-24T00:00:00Z,11.6733,7.9558,8.6335,8.356,7.5798,10.1991
E0007,2026-03-24T00:00:00Z,10.0012,10.493,8.7824,6.7766,5.8474,12.2917
E0008,2026-03-24T00:00:00Z,11.496,9.0746,7.9564,7.6182,7.8173,11.205
E0009,2026-03-24T00:00:00Z,10.4277,9.085,9.398,7.649,5.8976,9.6175
E0010,2026-03-24T00:00:00Z,12.1091,10.6036,8.1591,7.0443,6.0713,10.6828
E0011,2026-03-24T00:00:00Z,10.8548,8.1307,9.4197,6.9165,7.5435,10.9224
E0012,2026-03-24T00:00:00Z,11.0139,12.3211,7.1695,8.2841,7.4787,7.2285
E0013,2026-03-24T00:00:00Z,11.9534,10.9641,7.0406,8.5405,8.0227,9.1511
E0014,2026-03-24T00:00:00Z,11.2372,10.2218,7.5187,7.075,5.9509,7.4858
E0015,2026-03-24T00:00:00Z,11.7686,9.0646,7.0348,8.0047,7.3066,8.9682
E0016,2026-03-24T00:00:00Z,10.2404,8.7606,8.8749,6.6235,5.6813,10.4058
E0017,2026-03-24T00:00:00Z,10.0317,9.5573,9.671,7.7698,5.8418,8.3612
E0018,2026-03-24T00:00:00Z,11.0461,10.4289,9.7435,7.6614,5.5121,12.1999
E0019,2026-03-24T00:00:00Z,11.0741,9.0376,8.2882,6.2656,5.7871,10.0883
E0020,2026-03-24T00:00:00Z,10.8247,10.3631,6.9142,7.7973,6.6409,12.6334
E0021,2026-03-24T00:00:00Z,11.2814,7.0143,8.9803,6.2589,6.5585,8.6855
E0022,2026-03-24T00:00:00Z,9.6962,9.1194,8.8341,7.4409,6.1924,9.4797
E0023,2026-03-24T00:00:00Z,12.1901,8.3151,9.0961,6.8722,5.9748,6.566
E0024,2026-03-24T00:00:00Z,10.3981,7.4014,9.4092,7.1847,6.2252,9.8066
E0025,2026-03-24T00:00:00Z,10.9099,8.5782,7.7996,6.4085,6.8393,10.4395
E0026,2026-03-24T00:00:00Z,10.7263,9.9113,8.948,7.7932,6.3751,6.431
E0027,2026-03-24T00:00:00Z,11.4069,7.9523,7.0438,7.5523,7.1365,9.8313
E0028,2026-03-24T00:00:00Z,11.4127,8.6713,8.2152,9.1005,5.8448,9.9687
E0029,2026-03-24T00:00:00Z,12.1651,8.2732,9.2538,7.0845,5.393,7.5138
E0030,2026-03-24T00:00:00Z,11.1966,8.6757,8.2049,7.2243,6.3713,9.4498
E0031,2026-03-24T00:00:00Z,10.0183,8.9047,9.7418,8.4797,6.6228,8.3932
E0032,2026-03-24T00:00:00Z,9.0823,10.1354,8.0717,6.7406,5.5119,11.0939
E0033,2026-03-24T00:00:00Z,11.2246,8.7926,8.9538,7.2108,6.0487,8.816
E0034,2026-03-24T00:00:00Z,11.61,8.6398,8.0312,8.7092,5.6534,6.7373
E0035,2026-03-24T00:00:00Z,11.6451,9.7927,8.8495,8.0423,5.5981,8.9258
E0036,2026-03-24T00:00:00Z,11.0374,8.9916,7.3806,6.4956,7.7124,9.254
E0037,2026-03-24T00:00:00Z,11.3377,9.3061,8.9908,6.0544,5.1243,8.1936
E0038,2026-03-24T00:00:00Z,10.4553,9.8611,9.2341,7.263,6.2473,10.3423
E0039,2026-03-24T00:00:00Z,11.3863,10.0557,8.2097,8.9696,6.4946,7.4898
E0040,2026-03-24T00:00:00Z,9.678,9.5076,7.7017,8.4297,6.1359,9.7002
E0041,2026-03-24T00:00:00Z,11.3077,8.7587,7.7243,8.8141,6.9161,9.8484
E0042,2026-03-24T00:00:00Z,10.9518,9.1505,7.6109,8.3058,7.3054,9.1318
E0043,2026-03-24T00:00:00Z,10.4079,9.5034,9.127,7.2642,5.3666,11.6392
E0044,2026-03-24T00:00:00Z,10.3607,8.7846,8.1626,6.5294,5.3798,9.2138
E0045,2026-03-24T00:00:00Z,11.4677,9.8898,8.0755,6.346,5.6704,8.6503
E0046,2026-03-24T00:00:00Z,11.1633,11.0503,8.7108,6.5518,5.7025,9.6058
E0047,2026-03-24T00:00:00Z,10.4112,8.1272,10.0385,7.22,6.7072,8.5601
E0048,2026-03-24T00:00:00Z,11.1597,9.9716,5.3183,7.8982,4.5506,7.9101
E0049,2026-03-24T00:00:00Z,10.275,9.8089,8.8389,7.355,7.1883,8.9184
E0050,2026-03-24T00:00:00Z,11.7586,8.8087,8.5124,6.8916,7.3289,11.4222
E0051,2026-03-24T00:00:00Z,11.4315,8.6946,8.6653,7.2563,6.0693,12.3583
E0052,2026-03-24T00:00:00Z,12.1421,7.8151,5.8449,9.7123,5.6309,8.983
E0053,2026-03-24T00:00:00Z,11.4065,8.2284,9.5177,6.1436,7.5635,9.1573
E0054,2026-03-24T00:00:00Z,11.1755,9.6889,8.4016,8.5817,5.7796,10.3635
E0055,2026-03-24T00:00:00Z,11.5526,9.0233,8.1588,8.5599,5.9038,9.1122
E0056,2026-03-24T00:00:00Z,10.9616,9.7173,8.3368,8.2819,6.2257,9.3638
E0057,2026-03-24T00:00:00Z,11.928,10.4314,9.4016,7.4299,8.9215,6.9675
E0058,2026-03-24T00:00:00Z,10.8256,7.3908,8.2334,7.093,7.5657,10.6688
E0059,2026-03-24T00:00:00Z,10.1659,9.7433,9.4942,6.8697,5.947,10.7488
E0060,2026-03-24T00:00:00Z,11.4569,8.2723,9.9853,8.542,7.7845,9.3524
E0061,2026-03-24T00:00:00Z,10.8713,8.0872,5.4973,8.0655,6.3706,10.2328
E0062,2026-03-24T00:00:00Z,10.7049,7.9155,9.7964,7.9048,6.0253,9.6002
E0063,2026-03-24T00:00:00Z,10.7128,8.9555,6.4476,6.7737,5.2076,10.0235
E0064,2026-03-24T00:00:00Z,11.7547,8.6466,8.0232,7.2475,6.5243,10.8704
E0065,2026-03-24T00:00:00Z,11.239,8.5205,8.5646,9.8885,5.401,9.6478
E0066,2026-03-24T00:00:00Z,12.7105,9.5947,8.1827,7.6835,5.6381,11.0364
E0067,2026-03-24T00:00:00Z,11.9884,7.5911,7.271,7.1541,6.7674,10.1244
E0068,2026-03-24T00:00:00Z,10.7892,9.3107,10.2324,7.0824,6.8733,9.8372
E0069,2026-03-24T00:00:00Z,10.5588,9.8997,7.3913,8.0767,6.6193,9.0448
E0070,2026-03-24T00:00:00Z,9.9854,8.4567,10.2206,8.4988,6.8531,8.8549
E0071,2026-03-24T00:00:00Z,10.4678,8.6461,6.9015,6.52,6.8004,11.125
E0072,2026-03-24T00:00:00Z,10.9249,9.4289,7.9328,7.3153,6.0633,7.2459
E0073,2026-03-24T00:00:00Z,11.7592,9.085,8.3532,6.1493,5.6751,9.8317
E0074,2026-03-24T00:00:00Z,9.7418,10.3864,9.2959,8.1136,5.5721,8.3736
E0075,2026-03-24T00:00:00Z,9.4167,9.8629,9.8326,5.5833,6.2091,8.3193
E0076,2026-03-24T00:00:00Z,10.3858,8.9595,7.177,7.3612,7.1737,10.2552
E0077,2026-03-24T00:00:00Z,10.1096,10.4874,7.0664,6.7376,4.6275,7.3194
E0078,2026-03-24T00:00:00Z,11.119,8.738,8.1395,7.211,8.51,10.1133
E0079,2026-03-24T00:00:00Z,11.7233,10.4651,9.2234,7.1155,6.7687,6.8614
E0080,2026-03-24T00:00:00Z,9.7447,9.63,6.261,6.6251,6.9391,9.2881
E0081,2026-03-24T00:00:00Z,11.4391,8.8206,7.669,7.7825,6.3582,9.0978
E0082,2026-03-24T00:00:00Z,12.6114,7.2072,7.714,6.2248,6.4657,7.0764
E0083,2026-03-24T00:00:00Z,11.8243,8.6576,7.7017,8.3563,7.1897,10.6151
E0084,2026-03-24T00:00:00Z,10.5388,9.1614,8.6371,7.8432,6.1648,11.0789
E0085,2026-03-24T00:00:00Z,10.3243,8.2487,10.1018,8.5021,6.6885,11.928
E0086,2026-03-24T00:00:00Z,11.9233,8.8351,8.6584,8.3214,5.1347,8.8106
E0087,2026-03-24T00:00:00Z,10.1418,10.548,8.9381,7.4443,5.7654,6.7749
E0088,2026-03-24T00:00:00Z,11.01,8.9477,9.0368,6.6763,7.0071,5.3379
E0089,2026-03-24T00:00:00Z,11.2396,8.4534,8.1718,8.2914,6.4026,10.3539
E0090,2026-03-24T00:00:00Z,10.3364,9.453,8.1949,7.7828,5.0421,10.3528
E0091,2026-03-24T00:00:00Z,11.3426,9.7626,8.1766,6.9028,7.9288,9.8658
E0092,2026-03-24T00:00:00Z,12.6654,9.6769,9.352,6.9629,5.7878,10.1446
E0093,2026-03-24T00:00:00Z,10.6071,10.0735,7.9622,7.241,7.4763,7.7848
E0094,2026-03-24T00:00:00Z,10.8239,9.5603,6.4234,5.9984,8.1024,10.6198
E0095,2026-03-24T00:00:00Z,9.7752,8.821,7.6965,8.1856,6.8801,6.6816
E0096,2026-03-24T00:00:00Z,11.6246,9.7993,7.8159,8.22,6.2206,10.5883
E0097,2026-03-24T00:00:00Z,11.5201,8.1452,7.481,8.6248,7.2108,10.4564
E0098,2026-03-24T00:00:00Z,10.9959,9.176,7.8208,8.8718,6.9642,10.4861
E0099,2026-03-24T00:00:00Z,10.4259,9.5401,8.8661,7.6571,5.8287,10.2431
E0100,2026-03-24T00:00:00Z,11.6625,11.4322,8.9874,7.8228,7.0904,10.5751
E0101,2026-03-24T00:00:00Z,10.484,9.1617,7.6643,7.362,6.5,10.4511
E0102,2026-03-24T00:00:00Z,10.8989,8.9144,8.6606,8.922,6.8509,10.4742
E0103,2026-03-24T00:00:00Z,10.1106,10.6193,8.4296,8.2643,5.7951,9.3901
E0104,2026-03-24T00:00:00Z,11.7874,8.6969,8.2249,6.7291,7.0851,9.2747
E0105,2026-03-24T00:00:00Z,10.4466,9.7756,7.6994,8.2541,6.4115,11.2396
E0106,2026-03-24T00:00:00Z,10.9768,7.8359,8.5105,8.2033,5.7839,10.6796
E0107,2026-03-24T00:00:00Z,11.2067,8.9372,6.1818,7.172,7.3328,10.3276
E0108,2026-03-24T00:00:00Z,11.8863,9.3938,7.21,7.6347,6.5849,11.8658
E0109,2026-03-24T00:00:00Z,10.6806,8.8074,8.531,7.2986,5.0109,11.9582
E0110,2026-03-24T00:00:00Z,12.4719,8.9747,8.3036,8.1344,7.0724,7.986
E0111,2026-03-24T00:00:00Z,11.7205,7.2706,8.3357,7.2189,4.469,10.3395
E0112,2026-03-24T00:00:00Z,11.1441,10.8207,7.3198,8.268,7.1251,9.1164
E0113,2026-03-24T00:00:00Z,10.5929,12.0455,7.3262,7.2947,5.324,10.4005
E0114,2026-03-24T00:00:00Z,11.666,10.8919,10.6032,7.8959,5.2755,11.5999
E0115,2026-03-24T00:00:00Z,11.0355,10.8648,9.3208,8.0075,5.0573,9.2347
E0116,2026-03-24T00:00:00Z,11.1305,11.3435,9.1325,7.2441,3.8706,8.4868
E0117,2026-03-24T00:00:00Z,10.7655,7.8853,8.0214,6.9275,6.3874,8.3788
E0118,2026-03-24T00:00:00Z,11.342,9.8691,8.5313,9.1586,5.5468,10.479
E0119,2026-03-24T00:00:00Z,11.199,8.9694,8.1932,6.6538,7.5879,10.484
E0120,2026-03-24T00:00:00Z,10.8368,8.5884,7.6839,6.021,6.0099,8.9641
E0121,2026-03-24T00:00:00Z,10.4916,8.8166,8.4612,8.3277,6.7318,8.4185
E0122,2026-03-24T00:00:00Z,10.1407,9.3526,9.2838,6.6427,5.1522,11.8695
E0123,2026-03-24T00:00:00Z,11.1432,11.4023,8.914,6.3086,5.9638,12.4112
E0124,2026-03-24T00:00:00Z,12.216,6.6856,10.0529,8.0046,6.2562,8.4989
E0125,2026-03-24T00:00:00Z,12.1737,7.3158,7.5402,9.0221,6.4367,10.9533
E0126,2026-03-24T00:00:00Z,11.1348,10.7117,9.992,7.1913,6.1922,10.358
E0127,2026-03-24T00:00:00Z,10.8129,8.3175,8.8566,8.3973,4.9959,7.9793
E0128,2026-03-24T00:00:00Z,12.5903,9.1667,9.6324,8.5627,6.5625,8.453
E0129,2026-03-24T00:00:00Z,10.9907,8.6449,10.5672,9.425,5.4213,6.8518
E0130,2026-03-24T00:00:00Z,10.9018,9.3046,9.1079,8.2376,6.3452,11.3706
E0131,2026-03-24T00:00:00Z,10.8942,8.7669,8.0925,8.3646,7.1744,8.8115
E0132,2026-03-24T00:00:00Z,11.5615,10.8766,9.228,7.5543,5.4754,8.7953
E0133,2026-03-24T00:00:00Z,10.9716,9.6121,10.2005,7.3925,7.4385,9.1066
E0134,2026-03-24T00:00:00Z,10.7233,9.2965,7.4963,7.721,6.6519,12.1516
E0135,2026-03-24T00:00:00Z,10.6078,10.6018,7.2912,7.2508,6.6433,8.608
E0136,2026-03-24T00:00:00Z,11.6034,10.0901,7.4953,7.9141,7.0309,8.4039
E0137,2026-03-24T00:00:00Z,10.9643,6.4742,9.7347,8.2108,6.9437,9.5417
E0138,2026-03-24T00:00:00Z,10.2722,8.1487,7.1693,6.5466,8.1085,8.7559
E0139,2026-03-24T00:00:00Z,11.3552,9.8423,8.1828,7.7095,6.701,9.2184
E0140,2026-03-24T00:00:00Z,11.6078,10.0859,7.4769,6.8231,4.9925,10.3334
E0141,2026-03-24T00:00:00Z,10.5906,9.4419,7.6322,8.7542,5.8437,9.5058
E0142,2026-03-24T00:00:00Z,11.5089,8.2394,9.5874,7.0868,5.7627,10.1279
E0143,2026-03-24T00:00:00Z,12.0817,8.0159,6.7328,7.585,6.1807,9.3758
E0144,2026-03-24T00:00:00Z,11.0047,10.7873,7.7857,8.1178,6.2982,8.6514
E0145,2026-03-24T00:00:00Z,11.6014,8.348,8.3059,7.9959,5.9305,10.1934
E0146,2026-03-24T00:00:00Z,9.7494,9.3007,8.6326,7.3109,8.239,8.3661
E0147,2026-03-24T00:00:00Z,11.6422,8.7416,8.3524,8.137,7.1512,9.9426
E0148,2026-03-24T00:00:00Z,10.7008,9.1048,10.0276,8.7518,4.7638,9.3965
E0149,2026-03-24T00:00:00Z,11.7147,9.7857,9.741,6.4817,6.9446,10.5324
E0000,2026-03-25T00:00:00Z,11.14,7.5055,7.4802,5.871,5.8707,8.2645
E0001,2026-03-25T00:00:00Z,10.7905,8.7727,8.0779,7.3173,6.6083,10.4655
E0002,2026-03-25T00:00:00Z,12.1102,9.6014,8.9852,9.1373,5.1319,8.708
E0003,2026-03-25T00:00:00Z,10.855,8.4607,8.3497,5.6799,4.3949,8.0176
E0004,2026-03-25T00:00:00Z,11.311,9.8563,8.7956,8.3725,4.8687,10.6245
E0005,2026-03-25T00:00:00Z,11.4013,8.3691,6.8443,9.0093,4.7397,10.1277
E0006,2026-03-25T00:00:00Z,11.6814,11.2487,9.0569,7.4539,5.3605,11.4077
E0007,2026-03-25T00:00:00Z,11.7098,8.0396,9.3044,8.9001,7.1807,8.9147
E0008,2026-03-25T00:00:00Z,11.1194,9.1421,10.274,6.3484,7.1482,7.3691
E0009,2026-03-25T00:00:00Z,11.7914,10.5223,8.0451,6.2498,5.7253,8.5552
E0010,2026-03-25T00:00:00Z,11.2568,9.0505,8.0496,8.6413,8.0139,10.8048
E0011,2026-03-25T00:00:00Z,11.5586,10.2583,7.1147,7.7263,6.5219,11.5588
E0012,2026-03-25T00:00:00Z,12.0932,9.7023,6.6952,6.4488,6.4207,8.4175
E0013,2026-03-25T00:00:00Z,12.7031,9.3,8.6737,6.3744,4.1506,9.8476
E0014,2026-03-25T00:00:00Z,10.4231,9.8834,8.8586,7.8438,4.6321,9.6576
E0015,2026-03-25T00:00:00Z,10.8902,7.4949,6.7305,5.2944,6.5457,8.7351
E0016,2026-03-25T00:00:00Z,11.3994,9.1845,10.2901,6.5769,6.6571,6.113
E0017,2026-03-25T00:00:00Z,9.4493,9.3156,8.6248,5.5417,6.0932,9.021
E0018,2026-03-25T00:00:00Z,11.2289,8.3751,8.7577,5.5011,5.5732,13.0864
E0019,2026-03-25T00:00:00Z,11.2711,9.4325,7.9368,8.778,5.4252,9.8409
E0020,2026-03-25T00:00:00Z,12.1454,10.6514,9.8726,5.8677,5.6299,10.9523
E0021,2026-03-25T00:00:00Z,11.0908,7.1052,9.7371,7.2875,4.4371,12.1377
E0022,2026-03-25T00:00:00Z,9.7442,10.1819,7.578,8.2262,6.0918,10.1418
E0023,2026-03-25T00:00:00Z,12.4358,7.0717,8.1276,6.9918,7.116,7.7581
E0024,2026-03-25T00:00:00Z,11.7208,7.0592,8.2945,5.9383,6.3264,11.4659
E0025,2026-03-25T00:00:00Z,12.342,8.3836,8.3021,7.9148,5.7138,10.3136
E0026,2026-03-25T00:00:00Z,11.5527,8.8078,9.5432,7.1527,6.413,11.3904
E0027,2026-03-25T00:00:00Z,10.6861,7.737,9.9915,6.8525,6.6605,11.5442
E0028,2026-03-25T00:00:00Z,11.7887,8.0763,11.3998,8.1199,5.9393,7.6499
E0029,2026-03-25T00:00:00Z,10.7996,9.4398,10.2645,8.6964,5.3181,11.6258
E0030,2026-03-25T00:00:00Z,11.4711,8.0777,5.868,7.3818,6.7186,7.6878
E0031,2026-03-25T00:00:00Z,10.7775,10.6362,9.041,6.8677,7.3683,9.0871
E0032,2026-03-25T00:00:00Z,10.7211,10.3607,8.2838,7.4989,5.81,9.6795
E0033,2026-03-25T00:00:00Z,11.0379,11.165,8.7757,7.4344,6.7621,9.5744
E0034,2026-03-25T00:00:00Z,12.0007,9.7911,9.0199,7.7534,6.6599,9.2607
E0035,2026-03-25T00:00:00Z,11.199,9.7719,8.5136,8.125,5.5058,9.6846
E0036,2026-03-25T00:00:00Z,11.6245,9.1932,8.8713,6.9452,6.7301,12.0851
E0037,2026-03-25T00:00:00Z,10.9559,8.0302,9.4872,8.8063,5.3336,11.2061
E0038,2026-03-25T00:00:00Z,10.5337,10.0886,11.3082,7.3483,4.8412,9.835
E0039,2026-03-25T00:00:00Z,9.9167,10.0685,9.2535,6.663,5.0329,7.2579
E0040,2026-03-25T00:00:00Z,11.4801,8.6912,10.0267,7.8025,7.0731,11.427
E0041,2026-03-25T00:00:00Z,10.6318,6.7002,9.0357,5.8236,7.2501,10.5043
E0042,2026-03-25T00:00:00Z,11.6731,10.0213,7.8629,6.0435,6.9084,8.7587
E0043,2026-03-25T00:00:00Z,10.9896,8.67,7.1933,6.2251,5.6566,9.4822
E0044,2026-03-25T00:00:00Z,11.2422,8.9449,9.9209,8.9971,5.4303,8.9329
E0045,2026-03-25T00:00:00Z,11.3943,10.2399,6.8228,8.0419,6.9975,9.9678
E0046,2026-03-25T00:00:00Z,12.6594,8.5625,6.3636,8.4842,7.0066,10.0307
E0047,2026-03-25T00:00:00Z,10.243,7.801,9.2064,8.7111,6.1513,8.4422
E0048,2026-03-25T00:00:00Z,11.8186,9.6883,7.8018,7.5035,6.9428,7.1359
E0049,2026-03-25T00:00:00Z,10.9764,9.0713,7.5361,6.7856,6.4443,9.3959
E0050,2026-03-25T00:00:00Z,9.8774,7.1451,8.0962,7.9611,7.2489,11.4872
E0051,2026-03-25T00:00:00Z,11.9458,7.471,5.7964,7.8354,5.7431,8.994
E0052,2026-03-25T00:00:00Z,9.3106,8.6023,8.1848,6.3292,6.4755,8.5456
E0053,2026-03-25T00:00:00Z,10.5475,9.8528,10.7553,6.7606,5.7322,9.8408
E0054,2026-03-25T00:00:00Z,10.9122,9.1087,5.9325,8.5916,5.4489,8.2279
E0055,2026-03-25T00:00:00Z,11.2515,9.8925,7.6984,8.5237,6.1409,7.6495
E0056,2026-03-25T00:00:00Z,11.2984,9.5458,9.0927,6.1268,6.0037,9.2137
E0057,2026-03-25T00:00:00Z,11.5015,11.2016,10.3488,8.3561,7.2891,10.7131
E0058,2026-03-25T00:00:00Z,12.4047,10.0405,8.6351,7.5134,5.5234,10.3544
E0059,2026-03-25T00:00:00Z,10.6291,8.9103,8.4793,7.7547,6.3773,9.8207
E0060,2026-03-25T00:00:00Z,10.7237,8.8716,8.6416,6.0419,4.6224,10.3932
E0061,2026-03-25T00:00:00Z,13.1281,10.4885,9.7277,7.6433,6.0779,8.6758
E0062,2026-03-25T00:00:00Z,11.6032,8.3974,7.6926,6.2507,6.7505,9.6373
E0063,2026-03-25T00:00:00Z,11.6308,10.3052,7.7184,8.0266,5.927,8.2058
E0064,2026-03-25T00:00:00Z,11.4208,8.7888,6.5489,6.5306,6.2908,7.9942
E0065,2026-03-25T00:00:00Z,12.31,8.9331,8.0491,8.4672,6.2233,10.7437
E0066,2026-03-25T00:00:00Z,11.4763,7.9022,6.827,6.9076,5.7685,12.0844
E0067,2026-03-25T00:00:00Z,11.3843,7.6944,7.5441,5.9002,5.5651,11.1101
E0068,2026-03-25T00:00:00Z,11.1584,8.0885,11.4987,7.2383,6.0538,8.7384
E0069,2026-03-25T00:00:00Z,11.2249,8.4976,7.9077,9.0239,7.661,8.7417
E0070,2026-03-25T00:00:00Z,9.8284,9.3433,8.3779,7.6814,6.5358,10.0378
E0071,2026-03-25T00:00:00Z,11.7676,8.5225,8.7423,7.4268,5.7574,12.5373
E0072,2026-03-25T00:00:00Z,10.1621,8.4694,8.9143,8.1489,6.6897,7.1343
E0073,2026-03-25T00:00:00Z,10.5264,7.3059,9.1032,6.7559,4.9457,7.5619
E0074,2026-03-25T00:00:00Z,11.0302,8.5499,7.2715,8.4488,7.8499,8.8329
E0075,2026-03-25T00:00:00Z,12.0799,11.5765,7.0295,8.0708,6.9682,12.4824
E0076,2026-03-25T00:00:00Z,10.9187,9.2973,9.4656,8.4013,7.7778,9.6285
E0077,2026-03-25T00:00:00Z,11.4732,9.2054,9.3091,6.8214,6.5925,11.599
E0078,2026-03-25T00:00:00Z,11.8732,9.8323,8.4818,8.6794,5.5494,8.2917
E0079,2026-03-25T00:00:00Z,10.9779,7.58,9.284,8.2479,6.6877,6.9993
E0080,2026-03-25T00:00:00Z,12.145,9.4944,8.0024,6.7944,5.8329,10.6325
E0081,2026-03-25T00:00:00Z,11.5255,10.2811,10.0064,7.9464,3.8574,11.1276
E0082,2026-03-25T00:00:00Z,11.9513,8.8179,8.0847,8.6876,7.3927,7.5959
E0083,2026-03-25T00:00:00Z,11.0595,8.3991,8.1891,6.3811,5.4389,9.9523
E0084,2026-03-25T00:00:00Z,12.5956,7.9552,10.8239,8.7257,5.5331,7.5551
E0085,2026-03-25T00:00:00Z,11.7952,7.4628,8.5356,8.3858,6.4487,9.9786
E0086,2026-03-25T00:00:00Z,11.4193,11.7982,8.276,8.2627,5.1454,10.3493
E0087,2026-03-25T00:00:00Z,10.0061,9.8154,5.8706,8.4108,7.0265,9.6286
E0088,2026-03-25T00:00:00Z,10.7493,10.1743,8.7918,9.5512,4.1978,8.8065
E0089,2026-03-25T00:00:00Z,9.8079,8.0283,7.9445,7.4358,5.4684,11.2553
E0090,2026-03-25T00:00:00Z,10.1039,10.2498,9.2786,8.8483,5.8032,7.6411
E0091,2026-03-25T00:00:00Z,11.2991,9.3627,10.9421,7.8739,4.7404,9.644
E0092,2026-03-25T00:00:00Z,11.7844,10.8166,9.856,5.3638,4.8739,9.4812
E0093,2026-03-25T00:00:00Z,11.9039,9.2461,8.3068,9.0403,3.4687,9.3062
E0094,2026-03-25T00:00:00Z,11.5738,7.9939,6.6515,7.8867,6.1244,13.4395
E0095,2026-03-25T00:00:00Z,10.814,7.3822,10.168,7.8164,6.3957,10.1968
E0096,2026-03-25T00:00:00Z,11.0551,6.3588,7.7293,7.5482,5.5336,6.5514
E0097,2026-03-25T00:00:00Z,10.1486,10.0003,9.0096,8.3117,5.8403,10.5598
E0098,2026-03-25T00:00:00Z,11.3035,10.8368,9.0646,6.3079,6.5156,4.2226
E0099,2026-03-25T00:00:00Z,12.2512,10.8995,8.222,7.501,6.1914,8.4517
E0100,2026-03-25T00:00:00Z,11.5615,11.8804,7.1832,7.9358,5.7853,8.2366
E0101,2026-03-25T00:00:00Z,11.185,8.1706,7.3187,8.0293,7.5244,7.8581
E0102,2026-03-25T00:00:00Z,10.9885,8.1765,9.1057,7.2458,6.4142,8.7748
E0103,2026-03-25T00:00:00Z,10.4685,9.0228,5.6991,6.0071,5.1783,11.2257
E0104,2026-03-25T00:00:00Z,9.7856,9.3582,7.9262,8.6945,5.1168,8.6073
E0105,2026-03-25T00:00:00Z,11.4133,9.0574,7.3025,8.0625,6.495,9.2969
E0106,2026-03-25T00:00:00Z,9.9923,10.4416,8.2192,8.4159,6.1672,9.0868
E0107,2026-03-25T00:00:00Z,11.1536,9.5686,9.7316,8.32,5.6391,9.6702
E0108,2026-03-25T00:00:00Z,11.262,10.105,6.66,6.1366,5.0568,11.4517
E0109,2026-03-25T00:00:00Z,11.6564,8.555,8.611,7.9472,5.6946,11.069
E0110,2026-03-25T00:00:00Z,11.6731,8.6645,7.5024,8.2942,4.2425,8.0758
E0111,2026-03-25T00:00:00Z,11.1803,10.452,8.5212,7.2025,5.3841,8.3559
E0112,2026-03-25T00:00:00Z,10.7742,10.814,7.8128,7.3367,5.255,12.2252
E0113,2026-03-25T00:00:00Z,11.7242,8.7621,9.0038,6.91,4.8594,7.8041
E0114,2026-03-25T00:00:00Z,11.8417,6.1622,7.7034,5.7538,6.5838,11.481
E0115,2026-03-25T00:00:00Z,11.6909,7.7224,8.2143,8.6501,6.97,10.7568
E0116,2026-03-25T00:00:00Z,10.3231,7.7441,10.2606,7.196,6.2781,10.2409
E0117,2026-03-25T00:00:00Z,11.7393,10.1868,8.1083,7.167,6.8256,10.9909
E0118,2026-03-25T00:00:00Z,12.1528,9.5962,9.7113,5.9355,5.9333,9.6069
E0119,2026-03-25T00:00:00Z,12.0067,9.874,6.9467,5.9175,6.9816,9.0638
E0120,2026-03-25T00:00:00Z,11.8865,8.0647,9.4644,10.1495,5.149,10.2103
E0121,2026-03-25T00:00:00Z,11.5941,8.4786,6.8168,10.6129,7.209,9.362
E0122,2026-03-25T00:00:00Z,10.2713,9.2735,8.2062,8.3717,6.7116,11.9628
E0123,2026-03-25T00:00:00Z,11.5096,9.0555,10.1279,6.8188,5.7136,11.1848
E0124,2026-03-25T00:00:00Z,11.9654,10.8996,7.9531,8.4531,5.7835,10.9548
E0125,2026-03-25T00:00:00Z,11.6186,9.1852,10.4452,6.4413,5.2402,9.8747
E0126,2026-03-25T00:00:00Z,11.7423,10.0149,10.3269,7.287,5.6202,10.9504
E0127,2026-03-25T00:00:00Z,11.9733,9.1081,8.1055,7.0069,6.0061,7.8055
E0128,2026-03-25T00:00:00Z,11.3373,9.1536,8.0338,7.1022,6.4211,9.0503
E0129,2026-03-25T00:00:00Z,10.8798,9.4414,8.5931,5.5463,4.5956,7.6623
E0130,2026-03-25T00:00:00Z,10.6766,9.4043,7.9897,8.5824,5.356,10.5013
E0131,2026-03-25T00:00:00Z,10.0568,9.5177,7.6562,8.6627,7.7985,6.2415
E0132,2026-03-25T00:00:00Z,11.4979,9.7377,9.5546,8.2278,6.1657,6.1372
E0133,2026-03-25T00:00:00Z,11.2215,9.1468,8.6158,7.8125,6.4395,10.3543
E0134,2026-03-25T00:00:00Z,11.3172,9.2882,8.2118,6.7308,6.3826,11.3197
E0135,2026-03-25T00:00:00Z,10.4537,9.9597,8.5718,7.2402,5.3588,10.2149
E0136,2026-03-25T00:00:00Z,12.007,8.2925,7.4714,6.0957,5.049,9.0861
E0137,2026-03-25T00:00:00Z,10.8997,9.7637,7.2411,7.0342,5.8506,10.5101
E0138,2026-03-25T00:00:00Z,11.0632,8.2789,7.5816,7.3812,4.9663,9.4428
E0139,2026-03-25T00:00:00Z,11.109,10.6835,9.5894,5.4628,5.6861,7.4901
E0140,2026-03-25T00:00:00Z,11.1601,7.969,7.7674,8.0212,6.4893,6.7165
E0141,2026-03-25T00:00:00Z,12.031,8.5273,9.861,6.793,5.892,6.6871
E0142,2026-03-25T00:00:00Z,9.9764,10.049,9.0664,6.1323,6.3137,10.398
E0143,2026-03-25T00:00:00Z,10.3678,9.2814,7.3722,8.0524,6.7223,10.531
E0144,2026-03-25T00:00:00Z,12.0452,9.9194,10.4278,8.338,6.958,11.2111
E0145,2026-03-25T00:00:00Z,9.5153,7.0398,7.8606,7.2552,5.6898,8.8458
E0146,2026-03-25T00:00:00Z,11.6969,8.8575,7.3517,7.6182,7.281,10.0344
E0147,2026-03-25T00:00:00Z,10.2667,8.0887,6.906,8.7945,5.8558,9.8148
E0148,2026-03-25T00:00:00Z,11.7501,8.3742,7.9146,9.848,5.4274,11.9379
E0149,2026-03-25T00:00:00Z,10.8838,7.9539,9.7244,8.8128,6.7189,9.2246
E0000,2026-03-26T00:00:00Z,10.45,7.8344,9.0806,8.5907,6.9594,10.8324
E0001,2026-03-26T00:00:00Z,11.0369,9.0679,11.1881,6.7729,6.647,9.1102
E0002,2026-03-26T00:00:00Z,11.5118,9.7546,7.7525,6.8746,7.3963,11.9106
E0003,2026-03-26T00:00:00Z,11.7249,9.9854,8.5579,6.848,4.9327,10.9594
E0004,2026-03-26T00:00:00Z,12.0231,10.1827,9.4065,6.4505,5.7051,9.6556
E0005,2026-03-26T00:00:00Z,10.5961,9.7579,7.5985,5.129,6.0982,9.5408
E0006,2026-03-26T00:00:00Z,10.0191,8.8893,8.2612,6.4568,6.3829,10.4993
E0007,2026-03-26T00:00:00Z,11.9872,10.3816,8.1148,6.0252,6.2996,8.6514
E0008,2026-03-26T00:00:00Z,11.0784,9.962,9.1986,6.1015,6.2901,10.752
E0009,2026-03-26T00:00:00Z,11.0681,9.0872,9.6101,8.9874,6.2442,9.0361
E0010,2026-03-26T00:00:00Z,9.8896,8.1813,7.3949,7.3336,5.6955,6.6602
E0011,2026-03-26T00:00:00Z,10.9551,10.7103,7.7635,6.402,7.4353,10.6376
E0012,2026-03-26T00:00:00Z,12.1948,8.1381,6.9756,8.2278,5.4195,11.3451
E0013,2026-03-26T00:00:00Z,11.0831,8.8859,9.0851,5.6729,6.136,12.5399
E0014,2026-03-26T00:00:00Z,11.0107,8.8376,6.3893,7.6972,7.0099,10.7853
E0015,2026-03-26T00:00:00Z,12.2097,9.5478,8.0748,7.4333,6.9644,9.3085
E0016,2026-03-26T00:00:00Z,10.7223,10.0921,9.7146,7.1606,7.2851,8.1321
E0017,2026-03-26T00:00:00Z,10.1474,9.5044,7.5816,6.4427,5.2815,8.6804
E0018,2026-03-26T00:00:00Z,10.5109,10.1167,6.8639,6.8587,6.7985,8.2318
E0019,2026-03-26T00:00:00Z,11.0994,10.8278,8.6319,8.7402,7.0662,10.4316
E0020,2026-03-26T00:00:00Z,10.0699,8.9527,9.8251,7.5388,6.0331,8.9769
E0021,2026-03-26T00:00:00Z,9.9148,8.564,7.7612,5.8443,6.1744,9.8697
E0022,2026-03-26T00:00:00Z,10.3593,9.1333,8.1724,7.5471,6.01,8.1721
E0023,2026-03-26T00:00:00Z,11.4298,10.0736,6.908,7.1418,5.5071,9.2813
E0024,2026-03-26T00:00:00Z,12.295,9.54,8.1859,6.8757,6.5017,9.5384
E0025,2026-03-26T00:00:00Z,12.1792,9.0562,5.1743,7.5879,6.8877,11.4863
E0026,2026-03-26T00:00:00Z,10.9799,7.8256,8.4517,6.8396,7.4983,10.5643
E0027,2026-03-26T00:00:00Z,10.7712,7.7732,7.3213,8.6118,3.9172,12.5976
E0028,2026-03-26T00:00:00Z,11.2372,9.9943,10.5825,6.5833,5.4177,10.0077
E0029,2026-03-26T00:00:00Z,11.1055,7.2153,8.4832,6.2284,6.1623,10.3862
E0030,2026-03-26T00:00:00Z,11.4192,8.4479,9.2407,7.1586,6.6465,9.6994
E0031,2026-03-26T00:00:00Z,11.8125,9.1608,8.0746,8.4546,7.9172,9.4538
E0032,2026-03-26T00:00:00Z,11.0013,10.7166,11.1746,8.3493,4.8376,11.615
E0033,2026-03-26T00:00:00Z,11.0686,7.9878,8.4243,6.9811,6.3208,11.1603
E0034,2026-03-26T00:00:00Z,12.066,8.3553,9.4385,7.7631,6.7471,10.5274
E0035,2026-03-26T00:00:00Z,11.555,9.0396,7.0885,8.5108,6.486,9.6379
E0036,2026-03-26T00:00:00Z,10.5619,9.1022,8.938,8.0197,6.5576,7.2398
E0037,2026-03-26T00:00:00Z,11.0611,10.3631,6.6994,8.3443,6.223,10.0279
E0038,2026-03-26T00:00:00Z,11.8057,10.6395,8.7742,7.7639,5.3944,8.7465
E0039,2026-03-26T00:00:00Z,11.6868,9.6934,8.0608,8.2896,5.4494,6.9342
E0040,2026-03-26T00:00:00Z,11.0558,10.7626,6.4515,7.5297,5.7741,8.5458
E0041,2026-03-26T00:00:00Z,11.2316,10.0843,8.8626,7.605,7.0292,8.4333
E0042,2026-03-26T00:00:00Z,10.522,6.9445,7.909,6.3505,6.194,11.7312
E0043,2026-03-26T00:00:00Z,9.9998,10.309,9.1316,6.6095,5.8623,9.9782
E0044,2026-03-26T00:00:00Z,10.8082,8.5682,10.8607,8.5166,7.3817,9.2718
E0045,2026-03-26T00:00:00Z,11.8538,10.7272,6.9025,6.6358,5.6309,9.4184
E0046,2026-03-26T00:00:00Z,10.9158,9.3839,9.4876,7.3444,8.1574,8.775
E0047,2026-03-26T00:00:00Z,10.0383,9.1496,10.2313,6.8674,4.8151,10.1785
E0048,2026-03-26T00:00:00Z,10.5392,9.1485,6.7539,6.6738,8.2627,9.2809
E0049,2026-03-26T00:00:00Z,11.0829,8.5229,7.0464,6.6923,6.906,10.2145
E0050,2026-03-26T00:00:00Z,11.5159,10.1369,7.6683,8.2285,5.617,9.273
E0051,2026-03-26T00:00:00Z,11.0405,9.1946,8.0406,7.7152,5.8703,8.4558
E0052,2026-03-26T00:00:00Z,9.8062,8.7251,9.3182,7.4468,7.0227,12.1092
E0053,2026-03-26T00:00:00Z,10.944,9.3075,7.4894,7.2299,7.202,11.1738
E0054,2026-03-26T00:00:00Z,11.5536,8.8407,8.4759,9.5503,5.6925,11.1351
E0055,2026-03-26T00:00:00Z,11.3851,9.6287,6.6649,7.4953,6.2935,10.7869
E0056,2026-03-26T00:00:00Z,10.1382,7.8987,7.546,7.9992,5.3072,8.4748
E0057,2026-03-26T00:00:00Z,11.0745,7.8997,10.5611,7.3729,6.6675,7.8388
E0058,2026-03-26T00:00:00Z,10.9895,9.3942,8.1629,7.9693,5.9896,9.0636
E0059,2026-03-26T00:00:00Z,11.2993,8.7792,8.0935,8.814,7.0022,11.7604
E0060,2026-03-26T00:00:00Z,9.288,10.4404,8.0686,6.8507,5.3686,10.8203
E0061,2026-03-26T00:00:00Z,11.1025,8.6287,7.9596,8.0671,6.92,7.4813
E0062,2026-03-26T00:00:00Z,11.193,8.3644,6.2919,7.1792,6.9997,11.0461
E0063,2026-03-26T00:00:00Z,10.7401,7.2739,9.726,9.9396,4.2324,9.731
E0064,2026-03-26T00:00:00Z,12.0667,10.6349,6.9797,7.8794,7.5071,12.4371
E0065,2026-03-26T00:00:00Z,11.2682,10.2172,8.5284,6.5042,5.3419,12.1577
E0066,2026-03-26T00:00:00Z,12.5583,9.1372,9.973,7.442,6.4055,7.0448
E0067,2026-03-26T00:00:00Z,9.2084,10.6931,8.8865,9.098,6.2693,12.2471
E0068,2026-03-26T00:00:00Z,12.072,10.5073,8.8261,8.1323,5.4989,13.9224
E0069,2026-03-26T00:00:00Z,10.7677,8.465,9.3801,6.5811,4.0007,11.8709
E0070,2026-03-26T00:00:00Z,12.3391,8.5347,7.2738,7.8777,5.94,11.2931
E0071,2026-03-26T00:00:00Z,11.2,8.9813,8.0334,7.3921,8.0811,11.8727
E0072,2026-03-26T00:00:00Z,12.0396,8.7279,9.2838,7.1826,6.5221,8.2768
E0073,2026-03-26T00:00:00Z,11.204,9.6844,7.7331,8.3806,6.1486,9.9962
E0074,2026-03-26T00:00:00Z,12.051,7.3573,10.9805,8.0214,5.8158,5.5918
E0075,2026-03-26T00:00:00Z,10.4399,8.8287,9.74,7.2053,8.0412,10.8539
E0076,2026-03-26T00:00:00Z,10.3473,8.0168,9.0884,7.4929,6.3392,10.7194
E0077,2026-03-26T00:00:00Z,10.8995,8.6074,10.6356,7.4146,6.6834,8.4885
E0078,2026-03-26T00:00:00Z,10.9666,8.4994,8.1255,6.2935,7.5188,12.3623
E0079,2026-03-26T00:00:00Z,11.1799,9.4318,8.1353,9.7368,6.3139,10.0166
E0080,2026-03-26T00:00:00Z,10.4585,9.1163,8.9236,6.719,5.3259,9.4707
E0081,2026-03-26T00:00:00Z,8.7665,10.3631,7.9217,8.5722,7.378,10.2406
E0082,2026-03-26T00:00:00Z,10.7072,7.4059,6.5425,6.8389,5.6515,6.5469
E0083,2026-03-26T00:00:00Z,10.7903,8.0261,7.9941,7.3701,5.8277,9.6429
E0084,2026-03-26T00:00:00Z,9.3934,10.208,9.5492,7.9168,5.6921,11.7649
E0085,2026-03-26T00:00:00Z,10.653,9.2668,8.6945,7.2167,6.9832,11.5939
E0086,2026-03-26T00:00:00Z,11.7443,10.5135,8.8371,6.474,5.7464,7.8071
E0087,2026-03-26T00:00:00Z,11.048,9.444,8.5424,8.763,5.9894,11.6402
E0088,2026-03-26T00:00:00Z,11.331,11.3507,7.5077,7.0975,5.2016,8.0582
E0089,2026-03-26T00:00:00Z,10.7079,7.7642,7.7739,7.1517,6.3055,9.2747
E0090,2026-03-26T00:00:00Z,11.158,9.4513,7.6887,6.9273,5.7336,11.128
E0091,2026-03-26T00:00:00Z,11.5037,7.3409,6.2473,7.9188,5.8051,9.6086
E0092,2026-03-26T00:00:00Z,11.2616,8.613,7.0329,7.0826,6.1569,13.1563
E0093,2026-03-26T00:00:00Z,10.4252,8.4891,9.3018,7.9888,4.6802,10.2706
E0094,2026-03-26T00:00:00Z,11.8405,7.2489,7.568,9.2997,6.1288,8.3303
E0095,2026-03-26T00:00:00Z,11.7423,8.8558,7.3972,6.6912,6.3358,8.6529
E0096,2026-03-26T00:00:00Z,12.2213,9.6766,7.7702,7.2888,6.6752,9.7936
E0097,2026-03-26T00:00:00Z,11.8281,9.7936,8.1481,8.3749,6.5755,10.1449
E0098,2026-03-26T00:00:00Z,11.0039,8.4156,9.5575,8.3957,7.1412,7.4987
E0099,2026-03-26T00:00:00Z,11.2108,8.0723,8.3263,8.4449,5.3659,10.4954
E0100,2026-03-26T00:00:00Z,10.8098,7.6656,8.7757,7.6427,7.3436,9.0805
E0101,2026-03-26T00:00:00Z,11.3644,9.0827,9.0066,5.8706,6.4531,10.344
E0102,2026-03-26T00:00:00Z,11.3251,10.8981,8.551,8.7355,7.9032,8.4098
E0103,2026-03-26T00:00:00Z,11.4411,10.9818,7.3872,7.8104,6.8223,10.7844
E0104,2026-03-26T00:00:00Z,11.4384,9.2959,8.0229,7.356,6.712,10.7038
E0105,2026-03-26T00:00:00Z,10.9173,10.1998,8.0206,6.619,7.1023,10.0405
E0106,2026-03-26T00:00:00Z,10.1408,8.2744,8.3917,5.6835,5.7539,9.6308
E0107,2026-03-26T00:00:00Z,12.1422,10.4786,8.1419,8.4641,5.7565,8.0331
E0108,2026-03-26T00:00:00Z,11.6207,10.1228,8.6546,7.0662,7.9565,6.4735
E0109,2026-03-26T00:00:00Z,11.283,8.5144,7.9972,7.4843,5.4975,9.8835
E0110,2026-03-26T00:00:00Z,10.3923,8.8349,8.0704,7.2693,6.5099,13.0134
E0111,2026-03-26T00:00:00Z,12.0585,8.0033,8.4398,7.9279,6.5069,11.2231
E0112,2026-03-26T00:00:00Z,11.2951,8.9443,6.8089,7.5932,6.4637,6.6125
E0113,2026-03-26T00:00:00Z,11.9759,6.3937,8.6622,7.3391,5.7191,6.8633
E0114,2026-03-26T00:00:00Z,10.088,9.2708,8.261,7.6326,5.2109,8.6215
E0115,2026-03-26T00:00:00Z,12.0434,10.4595,10.209,8.3084,6.7266,9.0954
E0116,2026-03-26T00:00:00Z,10.6179,10.5005,8.5724,5.7573,5.0894,10.8724
E0117,2026-03-26T00:00:00Z,11.2081,7.8967,7.5607,8.3392,6.0143,11.047
E0118,2026-03-26T00:00:00Z,11.4438,8.9992,9.8943,7.4795,6.7597,5.714
E0119,2026-03-26T00:00:00Z,9.8677,9.8199,8.954,9.2389,6.461,8.3131
E0120,2026-03-26T00:00:00Z,11.8355,9.3405,7.5328,7.4869,5.698,11.4346
E0121,2026-03-26T00:00:00Z,9.4345,9.3073,6.9759,6.4747,7.1058,9.8237
E0122,2026-03-26T00:00:00Z,9.3603,9.177,7.3075,7.3158,7.0486,10.6146
E0123,2026-03-26T00:00:00Z,9.7028,9.5744,9.0247,9.1376,7.308,9.7666
E0124,2026-03-26T00:00:00Z,11.6575,7.2854,8.094,7.0815,7.6052,11.3134
E0125,2026-03-26T00:00:00Z,11.7285,7.874,7.6015,8.8043,5.5555,7.5047
E0126,2026-03-26T00:00:00Z,10.9919,8.438,11.2305,5.9461,6.3876,8.5867
E0127,2026-03-26T00:00:00Z,10.6463,8.8235,7.2729,5.911,7.8754,8.5574
E0128,2026-03-26T00:00:00Z,11.7669,11.0535,7.7993,7.1318,6.8634,8.7505
E0129,2026-03-26T00:00:00Z,10.7975,8.972,7.725,6.0359,5.7275,9.1713
E0130,2026-03-26T00:00:00Z,11.0186,9.1719,8.3594,7.4146,7.463,9.6264
E0131,2026-03-26T00:00:00Z,11.8755,10.1345,8.5208,7.3058,6.7567,7.6566
E0132,2026-03-26T00:00:00Z,11.6317,8.674,8.9817,7.6344,6.3441,9.5917
E0133,2026-03-26T00:00:00Z,11.6154,10.463,7.3507,7.5656,5.4233,12.5752
E0134,2026-03-26T00:00:00Z,11.4098,9.1964,8.8691,7.1021,7.3543,9.7665
E0135,2026-03-26T00:00:00Z,10.3927,10.1342,8.6023,7.6171,6.5591,10.8005
E0136,2026-03-26T00:00:00Z,10.9217,7.7343,8.9972,7.5934,5.744,7.4225
E0137,2026-03-26T00:00:00Z,10.7215,8.6916,10.5826,6.8226,7.4763,9.9026
E0138,2026-03-26T00:00:00Z,10.5277,9.453,9.4627,7.7402,7.146,8.5082
E0139,2026-03-26T00:00:00Z,10.8132,9.4061,6.4208,8.6532,6.6615,11.7691
E0140,2026-03-26T00:00:00Z,12.1566,7.5243,8.7185,6.113,6.7358,8.3436
E0141,2026-03-26T00:00:00Z,10.2729,9.8214,9.2005,10.0294,4.8615,10.689
E0142,2026-03-26T00:00:00Z,11.2042,9.9193,8.8771,8.113,6.3352,11.6454
E0143,2026-03-26T00:00:00Z,11.0657,8.99,7.7952,8.8129,4.852,9.8875
E0144,2026-03-26T00:00:00Z,11.5123,8.7249,7.8373,6.8087,7.8214,10.0234
E0145,2026-03-26T00:00:00Z,11.8845,10.3332,9.355,8.5792,6.0046,11.6914
E0146,2026-03-26T00:00:00Z,10.313,9.7311,8.8051,8.4073,6.0225,10.6002
E0147,2026-03-26T00:00:00Z,11.5389,10.5285,7.9892,7.6364,6.7916,9.4746
E0148,2026-03-26T00:00:00Z,10.9501,9.6495,8.8232,7.646,5.8471,8.1484
E0149,2026-03-26T00:00:00Z,12.3807,10.185,7.5363,7.3635,6.0504,11.9785
E0000,2026-03-27T00:00:00Z,9.4369,12.2195,8.5084,7.5826,5.6841,8.48
E0001,2026-03-27T00:00:00Z,12.5828,9.5883,6.316,9.1651,6.5744,9.4201
E0002,2026-03-27T00:00:00Z,12.174,8.1963,6.8006,7.377,7.8841,11.762
E0003,2026-03-27T00:00:00Z,10.9681,10.0272,7.3819,8.4734,6.9907,10.8018
E0004,2026-03-27T00:00:00Z,10.7187,9.1815,9.3523,5.8966,5.2292,9.2761
E0005,2026-03-27T00:00:00Z,11.1751,8.2385,7.4922,8.2094,3.0961,12.4637
E0006,2026-03-27T00:00:00Z,10.9828,9.9292,9.2775,7.2691,6.7394,11.1889
E0007,2026-03-27T00:00:00Z,10.4302,7.7651,10.0499,6.5221,5.5391,10.9301
E0008,2026-03-27T00:00:00Z,10.9963,8.8533,7.8268,6.5747,6.4622,12.1586
E0009,2026-03-27T00:00:00Z,11.8873,8.6105,10.2396,6.7699,5.183,9.5333
E0010,2026-03-27T00:00:00Z,11.4634,7.9352,9.1993,7.6908,5.4155,12.3689
E0011,2026-03-27T00:00:00Z,10.7394,8.1844,9.8247,7.1658,6.8885,7.7188
E0012,2026-03-27T00:00:00Z,11.5954,9.2878,9.201,7.5568,6.3016,10.0579
E0013,2026-03-27T00:00:00Z,11.0056,9.9658,8.1732,7.8516,5.7927,8.0618
E0014,2026-03-27T00:00:00Z,11.1276,8.8343,7.8417,7.5283,5.5128,6.8222
E0015,2026-03-27T00:00:00Z,10.5105,8.7892,10.053,6.3587,7.5398,8.2583
E0016,2026-03-27T00:00:00Z,12.2111,8.2245,5.6941,8.8009,5.1478,8.0945
E0017,2026-03-27T00:00:00Z,10.551,8.5024,7.1054,7.2305,6.3197,8.9851
E0018,2026-03-27T00:00:00Z,12.6191,9.7008,8.4598,6.677,4.9955,10.7184
E0019,2026-03-27T00:00:00Z,11.5191,9.7165,7.3747,7.3472,5.8897,9.4834
E0020,2026-03-27T00:00:00Z,10.8904,10.2311,7.724,8.0282,7.3851,12.8298
E0021,2026-03-27T00:00:00Z,10.4842,9.0364,7.5578,9.7116,5.7334,9.7225
E0022,2026-03-27T00:00:00Z,10.8411,9.044,7.2476,7.6403,6.7456,9.28
E0023,2026-03-27T00:00:00Z,11.7797,10.8631,7.8346,6.595,6.6334,11.8543
E0024,2026-03-27T00:00:00Z,11.4203,8.9218,7.5501,7.8622,7.1676,10.1699
E0025,2026-03-27T00:00:00Z,10.5786,9.524,10.7218,6.9039,5.3866,11.5336
E0026,2026-03-27T00:00:00Z,10.9584,8.2449,7.4532,7.552,7.4969,9.3395
E0027,2026-03-27T00:00:00Z,12.1722,11.161,6.5168,8.5839,6.6817,8.3308
E0028,2026-03-27T00:00:00Z,10.4487,8.4491,8.6442,7.2143,8.1241,10.2393
E0029,2026-03-27T00:00:00Z,11.6369,8.0865,7.2717,8.7826,6.8384,7.145
E0030,2026-03-27T00:00:00Z,11.2711,9.6627,9.9964,8.0942,5.9618,8.1327
E0031,2026-03-27T00:00:00Z,12.0856,7.957,7.3902,9.4952,5.6059,10.2686
E0032,2026-03-27T00:00:00Z,11.0136,8.1805,10.1825,7.3269,6.752,9.5455
E0033,2026-03-27T00:00:00Z,11.9728,10.5289,10.3122,6.0927,7.0319,7.9741
E0034,2026-03-27T00:00:00Z,10.6255,7.1886,8.7591,7.8993,6.5441,8.1544
E0035,2026-03-27T00:00:00Z,11.6269,10.4508,7.7235,7.5381,5.5197,12.0811
E0036,2026-03-27T00:00:00Z,11.2204,8.4017,7.5398,4.1769,6.8908,8.4851
E0037,2026-03-27T00:00:00Z,11.6446,8.9699,7.4979,6.1272,5.7737,8.9596
E0038,2026-03-27T00:00:00Z,11.7121,8.134,8.4908,6.1677,7.0429,11.3882
E0039,2026-03-27T00:00:00Z,11.6755,8.2594,8.3429,8.1889,5.1742,10.484
E0040,2026-03-27T00:00:00Z,10.7878,9.5713,8.0664,6.6808,6.7692,8.2474
E0041,2026-03-27T00:00:00Z,11.9824,8.3947,7.9459,7.5745,6.8475,7.6717
E0042,2026-03-27T00:00:00Z,11.2782,9.7187,6.8131,7.7821,4.8344,9.011
E0043,2026-03-27T00:00:00Z,11.2914,8.3399,9.0426,6.6584,6.1428,9.2884
E0044,2026-03-27T00:00:00Z,10.4302,8.2035,9.5789,6.0265,5.4579,12.8334
E0045,2026-03-27T00:00:00Z,13.0803,8.8354,8.3271,7.2374,5.6613,11.1985
E0046,2026-03-27T00:00:00Z,11.2659,10.9095,10.2436,7.8759,5.7531,7.9829
E0047,2026-03-27T00:00:00Z,11.837,8.636,9.8192,6.3033,7.3442,8.0679
E0048,2026-03-27T00:00:00Z,11.6628,10.208,7.4636,6.7746,5.9495,11.1891
E0049,2026-03-27T00:00:00Z,11.2293,9.6664,9.0876,7.1154,5.9728,8.7996
E0050,2026-03-27T00:00:00Z,12.0966,7.1025,8.3524,8.2287,6.7681,11.3349
E0051,2026-03-27T00:00:00Z,11.544,8.5882,6.6524,6.6325,6.4465,9.1479
E0052,2026-03-27T00:00:00Z,9.9718,9.5369,7.8657,6.531,7.242,10.2687
E0053,2026-03-27T00:00:00Z,10.55,9.9999,4.9354,7.954,7.4939,9.5082
E0054,2026-03-27T00:00:00Z,10.8125,9.6299,7.0996,7.7445,6.4171,10.4754
E0055,2026-03-27T00:00:00Z,11.4363,10.3687,7.7941,7.6836,8.0012,10.1108
E0056,2026-03-27T00:00:00Z,11.5554,8.7094,8.3287,8.5139,4.9539,7.1564
E0057,2026-03-27T00:00:00Z,11.1737,8.3515,8.1173,7.5179,7.1308,12.4546
E0058,2026-03-27T00:00:00Z,11.4091,7.5533,7.9992,7.3015,5.5959,9.9836
E0059,2026-03-27T00:00:00Z,12.0831,11.0515,6.6817,7.0017,6.03,11.3378
E0060,2026-03-27T00:00:00Z,10.2595,9.46,5.6818,9.7381,6.3337,9.4703
E0061,2026-03-27T00:00:00Z,10.6581,9.2266,9.4529,8.729,7.1498,8.8277
E0062,2026-03-27T00:00:00Z,11.3441,9.6139,7.4937,8.629,6.9754,7.8263
E0063,2026-03-27T00:00:00Z,10.9735,9.9255,7.7755,7.9819,5.7841,12.1493
E0064,2026-03-27T00:00:00Z,10.6694,7.9947,7.8827,5.89,5.9877,9.4332
E0065,2026-03-27T00:00:00Z,11.1098,11.0394,8.3559,7.999,6.1392,9.9175
E0066,2026-03-27T00:00:00Z,12.147,9.5837,6.7462,7.6614,9.3086,7.9548
E0067,2026-03-27T00:00:00Z,9.3042,8.8011,9.181,8.4526,6.472,8.8007
E0068,2026-03-27T00:00:00Z,12.0354,9.4353,7.9881,8.7038,6.2725,11.5185
E0069,2026-03-27T00:00:00Z,10.6711,11.1029,10.0453,5.8229,5.0493,8.752
E0070,2026-03-27T00:00:00Z,10.8086,5.9018,9.1811,8.0548,6.3797,13.0766
E0071,2026-03-27T00:00:00Z,11.0629,8.1589,7.9764,8.1273,6.7269,12.4438
E0072,2026-03-27T00:00:00Z,9.9494,9.609,7.8994,7.9392,5.5653,8.3983
E0073,2026-03-27T00:00:00Z,11.6826,10.2328,7.2949,7.448,8.3841,8.8219
E0074,2026-03-27T00:00:00Z,11.0471,9.4334,9.4317,6.72,5.5852,7.775
E0075,2026-03-27T00:00:00Z,10.5312,11.3123,9.0586,6.8309,5.9184,8.1795
E0076,2026-03-27T00:00:00Z,11.4016,11.6584,6.9021,8.0206,4.7902,8.6185
E0077,2026-03-27T00:00:00Z,12.8971,10.5469,7.7985,7.4583,5.6205,11.3675
E0078,2026-03-27T00:00:00Z,12.5582,10.1986,11.56,7.0681,5.2935,11.1731
E0079,2026-03-27T00:00:00Z,11.9172,9.4036,7.1734,7.7279,7.2976,8.5487
E0080,2026-03-27T00:00:00Z,11.6495,8.3901,9.1807,6.4019,6.9098,10.3461
E0081,2026-03-27T00:00:00Z,11.3775,8.6654,10.2082,6.7625,5.9621,9.6033
E0082,2026-03-27T00:00:00Z,11.1779,8.106,8.6368,7.3672,5.6865,10.4187
E0083,2026-03-27T00:00:00Z,9.7757,10.109,7.0527,6.4264,6.7737,13.3743
E0084,2026-03-27T00:00:00Z,10.4393,9.3361,10.922,7.6016,4.9634,8.7507
E0085,2026-03-27T00:00:00Z,10.202,9.5637,9.5164,9.0013,5.7027,9.7913
E0086,2026-03-27T00:00:00Z,10.9517,9.4277,8.6949,9.0087,7.0954,9.6016
E0087,2026-03-27T00:00:00Z,10.7201,8.3408,8.5002,8.3097,6.014,9.5083
E0088,2026-03-27T00:00:00Z,11.7105,9.6408,8.5307,7.3771,7.9366,12.3789
E0089,2026-03-27T00:00:00Z,11.5688,9.6593,7.1421,7.194,5.2495,7.7892
E0090,2026-03-27T00:00:00Z,12.2591,9.8004,9.9184,6.5551,6.6147,12.2408
E0091,2026-03-27T00:00:00Z,11.9121,9.1812,9.5283,5.5,5.7127,9.7424
E0092,2026-03-27T00:00:00Z,10.8841,9.6568,7.5606,7.2851,6.5523,12.9533
E0093,2026-03-27T00:00:00Z,11.5441,8.4895,8.727,7.9938,7.0461,10.3576
E0094,2026-03-27T00:00:00Z,12.3768,7.3495,9.124,9.1958,6.2256,9.833
E0095,2026-03-27T00:00:00Z,12.7565,8.0521,8.5968,7.4522,5.0,10.5932
E0096,2026-03-27T00:00:00Z,10.7637,11.4043,8.5573,7.1355,7.0081,10.7241
E0097,2026-03-27T00:00:00Z,12.3865,6.7551,8.0575,7.538,6.2113,8.5427
E0098,2026-03-27T00:00:00Z,10.9606,10.0819,8.5639,7.5633,6.9347,10.053
E0099,2026-03-27T00:00:00Z,11.0353,8.5467,7.7001,6.4431,6.3166,7.3035
E0100,2026-03-27T00:00:00Z,11.0425,10.3066,8.1615,7.0923,5.8235,9.3449
E0101,2026-03-27T00:00:00Z,10.7711,8.5689,8.5168,9.2507,5.3608,9.6433
E0102,2026-03-27T00:00:00Z,10.332,9.5044,10.3389,7.3746,6.1229,11.9939
E0103,2026-03-27T00:00:00Z,10.5244,8.5191,7.3089,6.5182,3.8135,10.3109
E0104,2026-03-27T00:00:00Z,11.8178,10.8181,6.7112,6.5274,7.8634,10.0761
E0105,2026-03-27T00:00:00Z,11.0641,9.6548,8.3216,7.1397,7.5582,11.8605
E0106,2026-03-27T00:00:00Z,11.0039,9.6825,7.6958,7.3294,6.9011,8.3145
E0107,2026-03-27T00:00:00Z,11.1469,8.7769,10.6559,6.6891,6.3968,9.2936
E0108,2026-03-27T00:00:00Z,9.8301,8.9011,8.9468,6.5309,6.5709,7.3581
E0109,2026-03-27T00:00:00Z,12.327,8.1296,8.4487,6.6808,6.4555,8.0096
E0110,2026-03-27T00:00:00Z,10.1692,8.0575,9.1454,8.7999,5.8967,10.2103
E0111,2026-03-27T00:00:00Z,11.6475,10.8033,8.0461,9.3883,6.6594,6.7045
E0112,2026-03-27T00:00:00Z,10.5063,8.5441,7.087,7.4902,5.1374,9.4145
E0113,2026-03-27T00:00:00Z,10.8035,10.993,8.9972,6.6294,5.6524,9.7292
E0114,2026-03-27T00:00:00Z,11.1587,7.0346,8.4729,7.8165,6.4632,10.324
E0115,2026-03-27T00:00:00Z,11.3003,8.3357,8.3312,10.023,7.4469,9.5695
E0116,2026-03-27T00:00:00Z,11.6386,8.1916,8.2614,6.3695,5.4329,12.6074
E0117,2026-03-27T00:00:00Z,11.2919,8.8436,7.0223,6.7784,5.5184,9.2847
E0118,2026-03-27T00:00:00Z,10.5077,8.6986,8.2783,6.8791,7.3383,9.1881
E0119,2026-03-27T00:00:00Z,12.8682,9.3041,8.5215,7.9081,5.633,9.7976
E0120,2026-03-27T00:00:00Z,10.8126,9.2407,8.01,7.3302,5.5214,9.6518
E0121,2026-03-27T00:00:00Z,10.944,9.3987,8.2729,8.3219,6.6479,10.3859
E0122,2026-03-27T00:00:00Z,12.3749,11.1988,8.9255,7.8081,7.0227,11.4782
E0123,2026-03-27T00:00:00Z,10.9024,9.7886,6.7756,8.2029,6.3178,9.9172
E0124,2026-03-27T00:00:00Z,11.4605,9.5761,10.2654,7.997,6.8098,9.9909
E0125,2026-03-27T00:00:00Z,10.4195,7.8313,8.4979,8.657,5.8669,12.4834
E0126,2026-03-27T00:00:00Z,11.4376,10.7368,7.715,6.9469,7.4576,9.5103
E0127,2026-03-27T00:00:00Z,10.9418,8.6217,8.8702,7.424,6.8305,7.8382
E0128,2026-03-27T00:00:00Z,12.2107,8.9603,8.417,7.9364,6.584,8.1167
E0129,2026-03-27T00:00:00Z,11.6561,8.0535,8.7841,6.4829,6.4895,6.0138
E0130,2026-03-27T00:00:00Z,12.1532,7.2831,7.8541,7.3651,5.7068,9.5934
E0131,2026-03-27T00:00:00Z,11.8451,8.6365,7.931,5.5183,6.7625,7.1185
E0132,2026-03-27T00:00:00Z,9.9483,10.0556,9.7464,8.1994,7.1519,9.1197
E0133,2026-03-27T00:00:00Z,10.8989,7.736,7.4499,8.7439,5.9355,12.9712
E0134,2026-03-27T00:00:00Z,12.1624,9.3515,8.2471,7.8801,5.219,12.5296
E0135,2026-03-27T00:00:00Z,10.808,10.287,8.6186,7.7646,5.6444,10.4234
E0136,2026-03-27T00:00:00Z,10.7652,8.5021,7.961,7.7939,5.5174,9.8576
E0137,2026-03-27T00:00:00Z,10.7788,9.4427,9.9533,6.1135,5.9436,12.3075
E0138,2026-03-27T00:00:00Z,11.6437,9.859,9.6643,8.8634,4.8434,9.3384
E0139,2026-03-27T00:00:00Z,11.4479,9.2387,8.7216,7.6387,6.2988,10.6392
E0140,2026-03-27T00:00:00Z,11.2146,8.5795,7.583,7.6633,7.4038,9.1241
E0141,2026-03-27T00:00:00Z,10.3004,8.5653,8.9106,7.2956,5.3818,10.0911
E0142,2026-03-27T00:00:00Z,12.0181,7.0683,7.5889,7.13,7.0124,9.0353
E0143,2026-03-27T00:00:00Z,10.738,8.4528,7.922,8.8764,6.3631,10.4601
E0144,2026-03-27T00:00:00Z,11.549,8.8238,9.3291,6.8974,5.9947,12.0936
E0145,2026-03-27T00:00:00Z,11.3177,9.4932,11.0826,7.9987,6.1579,10.2151
E0146,2026-03-27T00:00:00Z,11.6496,9.7545,9.9508,7.6144,6.8928,9.4857
E0147,2026-03-27T00:00:00Z,12.1283,9.6799,8.495,7.4577,6.4913,10.869
E0148,2026-03-27T00:00:00Z,10.8936,9.2876,8.6219,6.4655,5.8099,10.0116
E0149,2026-03-27T00:00:00Z,12.8718,11.0674,7.1753,6.0483,6.3929,10.255
E0000,2026-03-28T00:00:00Z,11.0963,9.4809,8.2779,8.1949,8.9184,7.7855
E0001,2026-03-28T00:00:00Z,11.0763,8.4628,8.6889,8.7266,6.8514,13.1804
E0002,2026-03-28T00:00:00Z,11.189,7.9761,8.5812,7.6134,6.1592,8.9429
E0003,2026-03-28T00:00:00Z,12.188,9.2579,6.1427,7.0224,5.8857,9.3278
E0004,2026-03-28T00:00:00Z,10.2667,10.9156,9.9348,8.3981,5.8562,9.4115
E0005,2026-03-28T00:00:00Z,10.2874,7.8985,8.0002,6.6577,7.3765,7.6487
E0006,2026-03-28T00:00:00Z,10.5515,8.6706,10.2427,7.402,7.3054,8.3287
E0007,2026-03-28T00:00:00Z,11.5722,9.3762,9.1785,7.6362,5.9094,10.5422
E0008,2026-03-28T00:00:00Z,10.7982,8.8115,8.8813,7.1362,7.6472,11.4793
E0009,2026-03-28T00:00:00Z,10.2351,9.8236,7.7663,7.7591,6.9566,8.8612
E0010,2026-03-28T00:00:00Z,11.6028,9.1606,8.0361,6.4945,5.7244,9.0709
E0011,2026-03-28T00:00:00Z,10.4489,9.7138,9.5015,6.5107,4.8958,9.3439
E0012,2026-03-28T00:00:00Z,11.5526,9.5429,6.9536,6.8757,6.3825,10.6096
E0013,2026-03-28T00:00:00Z,10.3676,11.0373,9.1158,6.603,5.0438,9.8879
E0014,2026-03-28T00:00:00Z,11.0312,8.6838,7.1032,9.2829,7.3518,7.6568
E0015,2026-03-28T00:00:00Z,9.9138,9.4729,8.9791,7.6299,4.4028,11.1393
E0016,2026-03-28T00:00:00Z,12.4446,8.4518,6.8172,7.5278,4.3802,10.0867
E0017,2026-03-28T00:00:00Z,12.0971,7.6148,8.6811,7.6552,6.0467,10.9038
E0018,2026-03-28T00:00:00Z,10.5381,8.7912,11.0047,7.4294,5.8889,8.1027
E0019,2026-03-28T00:00:00Z,12.2267,6.3438,10.3056,8.5159,5.6618,9.9376
E0020,2026-03-28T00:00:00Z,11.4263,9.4662,7.0049,6.2566,5.8609,8.9273
E0021,2026-03-28T00:00:00Z,12.5613,9.7966,7.6891,8.3511,5.0936,12.5271
E0022,2026-03-28T00:00:00Z,11.7049,11.3375,8.1937,10.2593,5.8717,9.0721
E0023,2026-03-28T00:00:00Z,11.6279,9.5711,7.3228,7.5477,4.6129,7.9905
E0024,2026-03-28T00:00:00Z,11.0354,8.5251,9.7442,8.0229,4.1175,10.0796
E0025,2026-03-28T00:00:00Z,11.2799,6.6213,6.8337,7.3994,5.1781,9.14
E0026,2026-03-28T00:00:00Z,12.5461,9.1411,7.9411,7.0143,6.3461,10.8239
E0027,2026-03-28T00:00:00Z,11.3382,7.5041,7.7595,6.3528,5.9407,11.673
E0028,2026-03-28T00:00:00Z,10.033,9.5232,8.693,8.323,7.8538,8.3142
E0029,2026-03-28T00:00:00Z,11.3737,9.9361,7.9347,6.3463,6.3442,6.534
E0030,2026-03-28T00:00:00Z,11.2826,9.0499,8.577,6.7132,5.9358,9.314
E0031,2026-03-28T00:00:00Z,10.7538,8.6555,8.3162,6.6355,6.3241,12.1923
E0032,2026-03-28T00:00:00Z,11.047,10.2755,9.6851,8.3738,7.7989,8.5079
E0033,2026-03-28T00:00:00Z,10.3899,8.1411,8.5568,8.9678,8.2438,9.8068
E0034,2026-03-28T00:00:00Z,11.4371,8.244,7.5115,7.857,5.4174,10.3103
E0035,2026-03-28T00:00:00Z,12.3896,9.2081,7.1986,6.8907,7.3724,11.6057
E0036,2026-03-28T00:00:00Z,11.2651,10.2735,8.6015,7.1737,6.3066,12.8021
E0037,2026-03-28T00:00:00Z,10.3686,7.0803,7.7038,7.0824,6.0096,10.9696
E0038,2026-03-28T00:00:00Z,10.9078,7.8026,8.6136,6.4669,7.2294,8.4827
E0039,2026-03-28T00:00:00Z,11.1938,8.245,9.4011,7.0255,7.3416,11.6674
E0040,2026-03-28T00:00:00Z,10.1977,8.8662,7.007,5.7114,5.103,12.2227
E0041,2026-03-28T00:00:00Z,11.9721,8.9458,6.9815,7.3947,7.4934,9.4983
E0042,2026-03-28T00:00:00Z,11.397,8.9844,8.1294,9.2044,5.7925,9.3248
E0043,2026-03-28T00:00:00Z,11.0379,7.455,6.9511,7.3717,8.2425,8.0482
E0044,2026-03-28T00:00:00Z,11.6349,7.0387,8.2026,6.0215,6.2075,8.4253
E0045,2026-03-28T00:00:00Z,10.6366,9.2629,9.534,6.9404,6.2857,13.4551
E0046,2026-03-28T00:00:00Z,11.7282,9.9935,9.2488,6.9676,7.3981,8.3574
E0047,2026-03-28T00:00:00Z,11.9004,9.3471,7.0294,8.1687,7.5104,7.9225
E0048,2026-03-28T00:00:00Z,9.6345,9.1797,7.0071,8.9103,6.3573,9.7371
E0049,2026-03-28T00:00:00Z,9.6798,9.3499,7.0,7.2744,7.2065,11.8947
E0050,2026-03-28T00:00:00Z,9.9087,7.0927,9.8412,7.3366,7.2371,7.4445
E0051,2026-03-28T00:00:00Z,10.3341,9.744,6.5411,8.2551,6.4903,9.9593
E0052,2026-03-28T00:00:00Z,10.6114,8.6575,7.7255,6.5605,8.0131,8.2065
E0053,2026-03-28T00:00:00Z,12.1483,8.3715,8.9617,6.8105,5.7406,8.898
E0054,2026-03-28T00:00:00Z,11.6641,6.7725,8.7518,7.5501,5.5395,12.8811
E0055,2026-03-28T00:00:00Z,9.924,9.3617,8.7936,9.1934,6.1842,11.0831
E0056,2026-03-28T00:00:00Z,11.0844,8.6561,7.3516,7.2219,6.0994,8.958
E0057,2026-03-28T00:00:00Z,11.1534,7.0491,9.5032,6.5498,6.8298,6.7107
E0058,2026-03-28T00:00:00Z,11.5837,11.8448,7.9708,7.7311,6.203,8.2882
E0059,2026-03-28T00:00:00Z,11.4953,11.1308,7.5071,8.4982,6.6483,9.1564
E0060,2026-03-28T00:00:00Z,11.1877,8.2213,9.6316,6.9724,5.837,9.7905
E0061,2026-03-28T00:00:00Z,11.554,9.0473,9.7085,8.1737,6.9375,7.5866
E0062,2026-03-28T00:00:00Z,10.5567,8.8306,9.4074,6.636,6.1587,9.2665
E0063,2026-03-28T00:00:00Z,10.6803,8.2817,8.7973,7.8478,6.9049,13.1731
E0064,2026-03-28T00:00:00Z,10.6796,8.3659,8.1513,8.0585,5.06,7.3784
E0065,2026-03-28T00:00:00Z,10.8749,6.5922,8.8669,7.7563,6.5419,10.7923
E0066,2026-03-28T00:00:00Z,12.2165,9.8526,6.3429,7.7278,7.4091,9.5244
E0067,2026-03-28T00:00:00Z,11.6278,7.4918,8.3239,8.6752,5.4079,6.2869
E0068,2026-03-28T00:00:00Z,10.622,11.1251,8.3461,7.1059,5.0071,11.7476
E0069,2026-03-28T00:00:00Z,11.7562,9.0509,9.5686,8.3175,4.7381,9.1407
E0070,2026-03-28T00:00:00Z,11.9472,8.7672,5.4243,8.3187,6.5828,10.359
E0071,2026-03-28T00:00:00Z,10.7907,8.1721,9.5492,6.8646,6.8419,7.9269
E0072,2026-03-28T00:00:00Z,12.2441,8.6259,9.1638,8.1343,6.1924,8.8958
E0073,2026-03-28T00:00:00Z,9.943,5.3214,7.4603,5.089,7.482,8.7657
E0074,2026-03-28T00:00:00Z,10.9461,10.381,8.7172,7.6231,6.917,7.2651
E0075,2026-03-28T00:00:00Z,10.3796,9.6394,7.825,8.5359,6.2991,10.8172
E0076,2026-03-28T00:00:00Z,11.5638,9.1569,8.038,9.2637,5.342,9.5731
E0077,2026-03-28T00:00:00Z,12.1888,9.0855,7.7765,6.8018,6.4,9.6072
E0078,2026-03-28T00:00:00Z,11.0137,9.762,9.4289,6.7716,4.9346,9.7408
E0079,2026-03-28T00:00:00Z,11.1716,7.9576,10.1076,8.8737,6.082,8.452
E0080,2026-03-28T00:00:00Z,10.254,11.2165,8.2349,8.3702,6.8286,7.5289
E0081,2026-03-28T00:00:00Z,10.7698,7.9698,8.7529,9.2863,7.2155,10.4498
E0082,2026-03-28T00:00:00Z,10.708,9.4404,7.7224,8.3757,5.4869,9.7753
E0083,2026-03-28T00:00:00Z,10.5143,8.2786,6.3809,7.1219,5.8223,11.411
E0084,2026-03-28T00:00:00Z,11.4318,9.5247,10.3377,7.7458,6.0721,9.5551
E0085,2026-03-28T00:00:00Z,11.1078,8.6715,8.6758,7.0996,6.1103,7.5045
E0086,2026-03-28T00:00:00Z,11.7913,7.6869,6.969,9.0289,7.1142,10.0551
E0087,2026-03-28T00:00:00Z,11.1905,8.1991,8.5093,5.2499,7.4942,6.9019
E0088,2026-03-28T00:00:00Z,11.2348,9.4403,7.7025,6.5572,5.4298,8.2945
E0089,2026-03-28T00:00:00Z,10.3807,10.4145,7.7663,8.5246,7.6914,11.5497
E0090,2026-03-28T00:00:00Z,11.358,10.6068,7.9049,5.55,5.5047,7.6635
E0091,2026-03-28T00:00:00Z,11.1516,8.8965,10.6271,7.9475,6.457,9.3203
E0092,2026-03-28T00:00:00Z,11.0232,7.7993,8.9372,8.9099,6.009,8.539
E0093,2026-03-28T00:00:00Z,10.5326,11.0293,6.8939,7.7352,7.4686,9.6911
E0094,2026-03-28T00:00:00Z,11.9766,8.9986,7.7067,5.5104,6.4052,8.5413
E0095,2026-03-28T00:00:00Z,11.1601,9.907,9.8406,7.2853,5.9385,11.1599
E0096,2026-03-28T00:00:00Z,11.1601,11.2086,9.1971,7.481,6.702,11.2315
E0097,2026-03-28T00:00:00Z,10.9919,10.9468,8.2259,6.5699,7.9946,10.2359
E0098,2026-03-28T00:00:00Z,11.5863,7.3299,7.7538,6.277,5.7246,8.9573
E0099,2026-03-28T00:00:00Z,10.9752,9.7394,7.3701,7.5114,5.2988,12.4492
E0100,2026-03-28T00:00:00Z,11.9259,7.6097,7.7449,6.1996,5.9001,8.6941
E0101,2026-03-28T00:00:00Z,11.8713,9.1606,7.446,7.6683,7.3712,8.0294
E0102,2026-03-28T00:00:00Z,10.9034,8.6138,8.1701,7.1554,6.0464,11.7579
E0103,2026-03-28T00:00:00Z,10.3651,8.8211,7.9066,8.2879,6.0438,12.6753
E0104,2026-03-28T00:00:00Z,10.9274,9.3626,8.2791,7.5199,5.942,10.293
E0105,2026-03-28T00:00:00Z,12.694,8.3135,7.6083,7.5441,5.5993,9.6687
E0106,2026-03-28T00:00:00Z,10.5235,6.8925,8.2098,7.0686,5.6005,9.2456
E0107,2026-03-28T00:00:00Z,12.0054,10.0603,7.9909,8.5099,6.8303,9.796
E0108,2026-03-28T00:00:00Z,11.1562,6.9208,8.1686,6.6422,6.7566,8.3469
E0109,2026-03-28T00:00:00Z,11.5678,6.7948,7.0847,7.0452,5.1463,10.0936
E0110,2026-03-28T00:00:00Z,11.5821,9.1743,7.7239,6.8722,6.4742,9.1562
E0111,2026-03-28T00:00:00Z,11.7119,9.8992,10.5651,8.5477,5.2886,9.4826
E0112,2026-03-28T00:00:00Z,11.1944,7.6928,7.6292,9.5033,4.8107,10.7129
E0113,2026-03-28T00:00:00Z,12.4154,9.9089,9.5332,8.0862,7.5109,8.992
E0114,2026-03-28T00:00:00Z,11.1619,9.9313,9.0416,6.3838,6.3198,12.214
E0115,2026-03-28T00:00:00Z,11.0427,8.6117,9.0301,7.9674,7.5601,9.3503
E0116,2026-03-28T00:00:00Z,11.606,10.4718,7.4245,7.7315,4.6179,11.0092
E0117,2026-03-28T00:00:00Z,10.9963,10.5529,9.774,6.4958,7.5105,9.6304
E0118,2026-03-28T00:00:00Z,11.4524,8.7024,7.3252,8.7663,7.6528,16.2182
E0119,2026-03-28T00:00:00Z,13.5284,10.1979,6.6312,7.8191,7.2087,7.3218
E0120,2026-03-28T00:00:00Z,11.5675,10.8581,8.5277,8.4596,6.4509,10.2692
E0121,2026-03-28T00:00:00Z,11.1112,9.0297,6.9095,6.9463,5.6925,12.8146
E0122,2026-03-28T00:00:00Z,10.5841,8.7558,9.0635,7.8949,5.3221,11.2868
E0123,2026-03-28T00:00:00Z,11.0182,7.084,9.8442,7.902,4.0161,9.0442
E0124,2026-03-28T00:00:00Z,11.0275,8.0222,8.135,7.9365,6.638,11.3647
E0125,2026-03-28T00:00:00Z,12.1154,6.3253,8.6118,8.1574,7.1194,8.2769
E0126,2026-03-28T00:00:00Z,12.3604,9.3669,9.7479,8.4671,6.1795,8.4626
E0127,2026-03-28T00:00:00Z,11.2313,10.2121,10.0085,8.0219,7.021,11.1761
E0128,2026-03-28T00:00:00Z,11.6616,8.8854,8.4902,8.7435,6.8563,10.4637
E0129,2026-03-28T00:00:00Z,10.7004,8.1341,7.9865,7.0882,7.6475,10.8558
E0130,2026-03-28T00:00:00Z,11.6408,11.3825,8.8797,7.3628,6.8538,10.8474
E0131,2026-03-28T00:00:00Z,9.8991,8.6008,9.7921,6.2382,7.1453,9.7621
E0132,2026-03-28T00:00:00Z,11.0869,11.2648,8.8958,7.0062,6.2264,7.0762
E0133,2026-03-28T00:00:00Z,12.0222,7.9076,9.0158,6.6717,4.2788,10.284
E0134,2026-03-28T00:00:00Z,10.892,8.8122,8.8283,8.1369,7.5713,14.9525
E0135,2026-03-28T00:00:00Z,10.8552,9.2871,10.4187,5.9687,8.2767,8.7767
E0136,2026-03-28T00:00:00Z,9.8472,9.6266,7.8135,9.0342,5.9979,9.9678
E0137,2026-03-28T00:00:00Z,11.3105,9.1278,8.5305,8.7902,6.6421,10.1009
E0138,2026-03-28T00:00:00Z,11.1127,8.8771,6.6365,8.4025,5.5965,8.3483
E0139,2026-03-28T00:00:00Z,11.1983,11.8715,8.7473,7.1097,8.0815,12.8908
E0140,2026-03-28T00:00:00Z,10.6946,7.5833,8.6595,8.2884,5.6023,11.6098
E0141,2026-03-28T00:00:00Z,11.8236,9.9047,8.9365,8.1062,6.5572,8.5106
E0142,2026-03-28T00:00:00Z,9.6759,10.3578,9.1757,5.5579,4.7326,11.7944
E0143,2026-03-28T00:00:00Z,11.1757,8.4211,9.0893,8.1035,5.9622,11.3614
E0144,2026-03-28T00:00:00Z,11.481,10.4306,7.82,8.4218,5.1359,8.4995
E0145,2026-03-28T00:00:00Z,11.3413,8.2415,8.1411,8.8965,7.4531,10.2095
E0146,2026-03-28T00:00:00Z,10.6579,8.4446,7.3395,7.8773,5.8391,9.2802
E0147,2026-03-28T00:00:00Z,12.1399,9.0797,7.9586,6.6279,6.8503,9.1288
E0148,2026-03-28T00:00:00Z,10.2451,7.9152,6.9284,7.7937,5.9738,9.348
E0149,2026-03-28T00:00:00Z,10.4322,8.5863,8.0658,8.2245,7.4009,10.9344
E0000,2026-03-29T00:00:00Z,11.0701,9.7284,7.5071,7.2964,4.8145,11.5814
E0001,2026-03-29T00:00:00Z,10.7649,8.5082,6.8028,7.3753,6.3803,10.7013
E0002,2026-03-29T00:00:00Z,9.7087,8.9795,9.8642,8.6074,6.076,10.5484
E0003,2026-03-29T00:00:00Z,11.4953,8.8401,8.5804,7.1077,5.7819,8.049
E0004,2026-03-29T00:00:00Z,11.1204,9.7975,8.559,5.3912,5.7277,9.2795
E0005,2026-03-29T00:00:00Z,10.4608,8.8916,7.6839,7.5361,6.2289,10.4857
E0006,2026-03-29T00:00:00Z,11.6335,10.1323,6.5981,8.6245,6.707,8.4931
E0007,2026-03-29T00:00:00Z,11.1183,9.3611,10.4826,7.8366,5.6911,8.7596
E0008,2026-03-29T00:00:00Z,13.3973,9.2441,6.7908,8.5083,6.4586,9.0568
E0009,2026-03-29T00:00:00Z,10.9881,9.6244,8.0674,8.1683,4.7504,9.0313
E0010,2026-03-29T00:00:00Z,11.5359,10.6008,10.1985,6.9782,4.448,10.6931
E0011,2026-03-29T00:00:00Z,11.5215,11.2662,7.7529,8.1099,7.628,7.5104
E0012,2026-03-29T00:00:00Z,11.7758,8.5715,7.5487,8.3451,6.3652,9.8234
E0013,2026-03-29T00:00:00Z,8.6678,9.0186,9.9873,8.2395,6.3403,10.1176
E0014,2026-03-29T00:00:00Z,10.9626,8.9034,9.148,7.5555,6.9326,10.2049
E0015,2026-03-29T00:00:00Z,11.216,8.5625,8.1742,8.4209,6.2436,10.0825
E0016,2026-03-29T00:00:00Z,12.2928,11.3156,9.2321,8.2883,5.5615,9.8703
E0017,2026-03-29T00:00:00Z,10.4131,11.8005,8.2328,5.8943,6.5725,9.0546
E0018,2026-03-29T00:00:00Z,12.3931,8.2859,10.127,8.3704,8.0007,8.9509
E0019,2026-03-29T00:00:00Z,12.2827,8.1135,8.1312,8.5551,7.4156,11.5506
E0020,2026-03-29T00:00:00Z,11.3308,9.2762,7.9817,7.0209,6.5113,10.8878
E0021,2026-03-29T00:00:00Z,10.3949,8.262,7.8366,7.5933,5.9145,10.4464
E0022,2026-03-29T00:00:00Z,10.5809,9.5516,9.8547,10.2172,6.9704,12.3969
E0023,2026-03-29T00:00:00Z,10.6817,8.3468,8.7947,8.2971,6.5231,8.476
E0024,2026-03-29T00:00:00Z,10.2909,10.4643,9.2851,7.7224,5.8691,10.9232
E0025,2026-03-29T00:00:00Z,10.9699,7.0984,10.3728,6.948,6.2734,7.851
E0026,2026-03-29T00:00:00Z,10.5815,8.4952,9.9149,7.5303,5.0701,10.0186
E0027,2026-03-29T00:00:00Z,12.526,10.5735,6.7821,7.3852,6.705,7.4848
E0028,2026-03-29T00:00:00Z,10.8612,8.3681,8.0701,7.1646,6.6883,9.7365
E0029,2026-03-29T00:00:00Z,12.5703,9.2066,9.524,6.8409,4.2192,7.9545
E0030,2026-03-29T00:00:00Z,12.1685,10.6321,9.26,7.0516,6.9101,9.2274
E0031,2026-03-29T00:00:00Z,11.2356,8.2643,9.0537,7.4729,6.1579,8.7517
E0032,2026-03-29T00:00:00Z,10.4866,10.0817,10.2721,8.4226,5.9113,11.346
E0033,2026-03-29T00:00:00Z,11.0241,8.9575,8.3145,8.0416,7.713,7.4709
E0034,2026-03-29T00:00:00Z,10.1578,9.4241,6.8082,7.2962,4.788,14.3979
E0035,2026-03-29T00:00:00Z,11.3528,9.151,8.1917,6.615,7.6208,10.9902
E0036,2026-03-29T00:00:00Z,12.2882,9.5021,9.0389,8.3267,6.9448,9.8572
E0037,2026-03-29T00:00:00Z,10.1951,9.4134,6.3516,7.4849,7.0484,9.5439
E0038,2026-03-29T00:00:00Z,9.6592,8.7073,6.4613,8.1915,8.6374,7.7127
E0039,2026-03-29T00:00:00Z,11.9596,6.0813,6.7987,6.9553,6.0133,10.0326
E0040,2026-03-29T00:00:00Z,10.9977,8.495,8.9036,7.2981,6.8972,8.5155
E0041,2026-03-29T00:00:00Z,10.7763,10.0736,9.8292,6.3301,5.8866,9.2256
E0042,2026-03-29T00:00:00Z,10.4567,10.0104,9.1232,6.2022,6.3913,10.6611
E0043,2026-03-29T00:00:00Z,10.2882,7.4433,8.5393,6.5025,7.2216,10.9675
E0044,2026-03-29T00:00:00Z,12.2558,8.7785,6.8213,7.3203,6.4122,10.5717
E0045,2026-03-29T00:00:00Z,11.6782,10.7873,8.1089,6.9066,6.2069,7.9124
E0046,2026-03-29T00:00:00Z,11.7221,9.2805,8.0116,7.4735,5.029,10.4025
E0047,2026-03-29T00:00:00Z,10.845,11.2677,8.2121,5.9038,6.1784,8.6641
E0048,2026-03-29T00:00:00Z,11.7014,7.2951,7.5936,8.011,5.7481,10.1744
E0049,2026-03-29T00:00:00Z,12.2065,10.1472,7.3954,7.5921,6.5847,10.5867
E0050,2026-03-29T00:00:00Z,12.1178,8.6349,7.9725,7.8805,5.5411,10.1325
E0051,2026-03-29T00:00:00Z,11.6484,9.2389,5.6689,7.1341,5.0511,9.7484
E0052,2026-03-29T00:00:00Z,11.0527,9.4997,9.7499,4.9176,6.0348,11.7299
E0053,2026-03-29T00:00:00Z,12.2957,9.932,9.4353,8.6362,5.5977,12.0397
E0054,2026-03-29T00:00:00Z,11.3261,11.6809,9.0473,8.962,6.6157,9.9611
E0055,2026-03-29T00:00:00Z,10.5118,8.5874,8.542,7.5325,6.6614,9.473
E0056,2026-03-29T00:00:00Z,11.1168,9.2388,10.2232,7.1969,7.0881,9.7194
E0057,2026-03-29T00:00:00Z,11.145,9.9066,8.6567,8.5118,7.8857,8.8644
E0058,2026-03-29T00:00:00Z,11.5692,8.5107,8.2039,8.5663,6.7479,9.2886
E0059,2026-03-29T00:00:00Z,11.0158,8.6726,7.0095,9.0592,7.1778,9.0281
E0060,2026-03-29T00:00:00Z,11.0037,10.5633,8.5742,7.4615,5.025,6.9866
E0061,2026-03-29T00:00:00Z,10.2662,9.3397,8.1918,8.7488,6.9532,8.7731
E0062,2026-03-29T00:00:00Z,10.5373,8.3608,9.2128,7.2161,4.3671,11.9553
E0063,2026-03-29T00:00:00Z,9.6434,9.7175,7.935,5.4192,8.2961,8.5987
E0064,2026-03-29T00:00:00Z,10.1929,8.781,8.5257,4.6997,7.0413,6.6315
E0065,2026-03-29T00:00:00Z,11.398,9.1006,9.1149,8.8261,6.1575,7.8653
E0066,2026-03-29T00:00:00Z,11.7227,8.7778,9.9869,8.3771,7.204,9.9247
E0067,2026-03-29T00:00:00Z,11.0808,9.1981,7.5767,6.9209,8.0823,9.077
E0068,2026-03-29T00:00:00Z,11.4112,8.4518,10.7361,8.0488,6.1513,7.6914
E0069,2026-03-29T00:00:00Z,11.3438,8.9496,8.4061,7.011,6.7033,10.8834
E0070,2026-03-29T00:00:00Z,10.9065,8.6277,8.3087,7.4088,7.0738,10.3615
E0071,2026-03-29T00:00:00Z,11.2588,7.2756,8.6934,8.004,6.5084,8.1016
E0072,2026-03-29T00:00:00Z,10.255,9.7198,8.1073,7.8311,7.1954,8.1619
E0073,2026-03-29T00:00:00Z,10.8189,8.4501,10.4848,8.6397,6.2749,10.7084
E0074,2026-03-29T00:00:00Z,11.3908,10.639,8.5422,8.0891,6.6673,13.2243
E0075,2026-03-29T00:00:00Z,11.7434,9.0058,7.6933,7.609,5.1821,9.3296
E0076,2026-03-29T00:00:00Z,10.8037,11.0428,8.1285,7.1911,6.9184,12.3738
E0077,2026-03-29T00:00:00Z,11.6148,8.9416,10.1213,5.9186,6.4636,10.8959
E0078,2026-03-29T00:00:00Z,10.8534,9.9512,8.0984,6.7527,6.2051,11.6104
E0079,2026-03-29T00:00:00Z,11.6224,8.8927,8.3206,6.0881,7.4823,9.1698
E0080,2026-03-29T00:00:00Z,10.9641,8.9884,9.8396,8.1191,6.3414,10.4332
E0081,2026-03-29T00:00:00Z,13.3543,11.6887,10.5325,7.4956,6.3624,9.2809
E0082,2026-03-29T00:00:00Z,11.2767,8.1409,7.9416,7.8223,7.0761,11.7477
E0083,2026-03-29T00:00:00Z,11.5005,10.2795,7.8494,7.9379,5.725,7.6085
E0084,2026-03-29T00:00:00Z,10.8975,8.6073,9.362,7.1749,7.2788,9.5301
E0085,2026-03-29T00:00:00Z,12.7454,8.7818,7.2297,7.9818,5.7896,10.8706
E0086,2026-03-29T00:00:00Z,10.6176,8.6122,7.8145,6.7142,6.7731,9.9935
E0087,2026-03-29T00:00:00Z,11.1056,8.4504,8.57,6.659,6.6445,11.5956
E0088,2026-03-29T00:00:00Z,12.1929,8.4676,9.8277,6.4532,7.3955,8.3153
E0089,2026-03-29T00:00:00Z,11.5563,9.0825,7.4844,7.2903,8.2569,9.1908
E0090,2026-03-29T00:00:00Z,9.8272,9.4754,7.7292,8.3973,6.4891,9.1952
E0091,2026-03-29T00:00:00Z,10.648,6.7603,8.2597,8.0083,6.8408,10.3213
E0092,2026-03-29T00:00:00Z,10.2566,7.9236,8.7197,6.472,4.6799,11.5911
E0093,2026-03-29T00:00:00Z,10.8409,10.0885,9.4369,8.0138,7.1132,7.7228
E0094,2026-03-29T00:00:00Z,11.692,10.6074,9.4155,8.242,6.6757,10.6638
E0095,2026-03-29T00:00:00Z,10.7219,9.8433,8.8297,8.4523,6.5211,10.2255
E0096,2026-03-29T00:00:00Z,11.541,9.5151,9.4827,7.9793,6.007,9.1484
E0097,2026-03-29T00:00:00Z,10.6411,10.6815,8.5814,8.1941,5.4405,6.2749
E0098,2026-03-29T00:00:00Z,9.8055,9.0544,5.5069,7.6482,7.0914,9.9674
E0099,2026-03-29T00:00:00Z,12.0372,9.0194,9.1154,7.7323,5.9168,11.2326
E0100,2026-03-29T00:00:00Z,9.8481,8.7866,8.2857,9.045,5.9993,8.2148
E0101,2026-03-29T00:00:00Z,11.1484,11.0941,8.671,7.116,6.2607,8.3591
E0102,2026-03-29T00:00:00Z,12.1252,9.8032,9.5067,7.7263,6.2581,10.9277
E0103,2026-03-29T00:00:00Z,10.1293,9.7657,7.9544,4.6903,6.5629,13.0769
E0104,2026-03-29T00:00:00Z,11.504,9.8375,8.9475,8.1103,6.3806,8.2913
E0105,2026-03-29T00:00:00Z,10.3097,10.8016,8.8275,7.9859,5.9925,10.6688
E0106,2026-03-29T00:00:00Z,11.3044,8.8782,7.7585,7.5069,6.8072,7.4862
E0107,2026-03-29T00:00:00Z,12.2414,8.7963,8.3259,9.7337,5.6502,8.6464
E0108,2026-03-29T00:00:00Z,11.0972,10.4729,6.612,8.2818,6.6139,10.6758
E0109,2026-03-29T00:00:00Z,13.0725,9.2162,7.4347,6.6188,7.888,10.4877
E0110,2026-03-29T00:00:00Z,10.5892,9.8915,7.3931,8.4551,5.6029,10.3202
E0111,2026-03-29T00:00:00Z,11.7547,10.2164,8.0115,7.8265,4.6705,8.3763
E0112,2026-03-29T00:00:00Z,10.9045,9.743,9.0698,7.6214,6.3701,10.8591
E0113,2026-03-29T00:00:00Z,11.1757,7.9124,6.5329,8.6759,6.572,10.0158
E0114,2026-03-29T00:00:00Z,11.6871,9.0245,7.317,7.1591,6.6773,7.3266
E0115,2026-03-29T00:00:00Z,10.8484,9.4837,8.2525,7.2178,6.4346,10.1995
E0116,2026-03-29T00:00:00Z,12.1968,9.0852,7.5785,8.8506,6.2551,13.0644
E0117,2026-03-29T00:00:00Z,11.2894,8.2695,8.4137,6.864,5.7996,13.2491
E0118,2026-03-29T00:00:00Z,10.435,9.5165,8.1875,7.0461,7.3885,8.3383
E0119,2026-03-29T00:00:00Z,11.9354,6.8191,8.9345,7.9167,6.7093,7.7356
E0120,2026-03-29T00:00:00Z,9.6317,9.9029,8.244,6.812,6.3824,6.6262
E0121,2026-03-29T00:00:00Z,10.5566,8.6667,7.236,8.7441,7.8132,10.8972
E0122,2026-03-29T00:00:00Z,10.7481,9.1506,7.2572,7.2107,6.085,6.6818
E0123,2026-03-29T00:00:00Z,12.5053,9.5069,6.4476,7.072,5.9713,7.8566
E0124,2026-03-29T00:00:00Z,11.8685,8.3817,8.8938,8.5383,5.0131,6.6687
E0125,2026-03-29T00:00:00Z,11.5851,8.8181,7.0667,8.3198,7.0227,11.1257
E0126,2026-03-29T00:00:00Z,11.2395,8.7486,8.1073,8.2018,7.4729,6.5949
E0127,2026-03-29T00:00:00Z,12.1542,8.8495,9.7508,8.8956,6.9093,9.9719
E0128,2026-03-29T00:00:00Z,10.7955,8.822,9.1766,7.335,5.5181,10.2396
E0129,2026-03-29T00:00:00Z,12.6736,10.7624,6.7454,6.9917,6.3979,8.9812
E0130,2026-03-29T00:00:00Z,10.1524,9.5364,7.1871,8.1855,5.6412,10.4143
E0131,2026-03-29T00:00:00Z,10.9489,9.8039,7.7355,9.6096,5.7824,9.0451
E0132,2026-03-29T00:00:00Z,11.0439,9.8326,10.5071,6.8018,5.3723,10.3471
E0133,2026-03-29T00:00:00Z,11.4737,9.0607,7.0915,9.2308,7.8393,10.8899
E0134,2026-03-29T00:00:00Z,11.9273,10.0755,8.3356,6.3734,5.9706,8.1332
E0135,2026-03-29T00:00:00Z,11.0484,9.4814,7.496,7.2953,6.3155,12.2593
E0136,2026-03-29T00:00:00Z,11.5766,9.9208,10.022,5.8392,7.5782,8.5432
E0137,2026-03-29T00:00:00Z,11.3358,8.9911,7.4185,9.133,5.6286,6.9277
E0138,2026-03-29T00:00:00Z,11.7949,8.3476,9.2014,9.1369,6.5809,9.3561
E0139,2026-03-29T00:00:00Z,12.0846,8.976,9.5347,6.5798,5.2198,10.1071
E0140,2026-03-29T00:00:00Z,10.4456,8.1621,8.6531,7.4933,7.2135,6.9984
E0141,2026-03-29T00:00:00Z,11.5264,9.5867,8.2658,8.4803,6.9639,10.7245
E0142,2026-03-29T00:00:00Z,11.3884,9.9032,9.3507,8.8682,5.8707,8.4018
E0143,2026-03-29T00:00:00Z,11.2146,10.1541,8.2112,8.3789,6.4002,11.1301
E0144,2026-03-29T00:00:00Z,10.9598,7.0457,8.4481,7.2186,4.9989,7.3328
E0145,2026-03-29T00:00:00Z,10.4877,9.5835,7.8493,7.5637,8.5384,9.1008
E0146,2026-03-29T00:00:00Z,10.1291,9.2502,8.4843,8.6389,6.7147,9.5142
E0147,2026-03-29T00:00:00Z,11.0513,8.523,9.4344,6.3112,6.0023,9.3099
E0148,2026-03-29T00:00:00Z,11.3272,10.6273,8.6669,7.1144,5.5803,10.7532
E0149,2026-03-29T00:00:00Z,10.9348,9.6465,9.1029,7.4532,5.3074,11.412
E0000,2026-03-30T00:00:00Z,11.4531,7.284,9.3039,8.0299,6.8545,6.1203
E0001,2026-03-30T00:00:00Z,11.5455,8.609,8.6616,7.3971,5.6772,8.1343
E0002,2026-03-30T00:00:00Z,12.139,10.6748,8.2274,8.567,7.9609,6.5285
E0003,2026-03-30T00:00:00Z,10.3402,9.5206,7.1373,7.3361,5.3205,11.55
E0004,2026-03-30T00:00:00Z,12.2975,9.6788,9.442,6.7673,7.3606,9.8812
E0005,2026-03-30T00:00:00Z,10.0528,9.5336,8.8766,9.2128,6.3562,9.7972
E0006,2026-03-30T00:00:00Z,12.2539,10.0538,7.9218,7.2536,6.5705,9.9025
E0007,2026-03-30T00:00:00Z,10.8244,8.4963,9.0791,8.8894,7.6555,9.7732
E0008,2026-03-30T00:00:00Z,10.0322,9.4178,9.3927,7.0255,7.2569,10.2899
E0009,2026-03-30T00:00:00Z,13.3719,10.0964,8.9455,7.2529,5.4327,10.4583
E0010,2026-03-30T00:00:00Z,11.2492,10.5283,9.5941,7.9858,7.3353,10.0233
E0011,2026-03-30T00:00:00Z,9.9711,9.4672,7.9195,5.3148,6.8047,11.9266
E0012,2026-03-30T00:00:00Z,11.046,10.3201,6.6913,7.3921,7.2813,10.4331
E0013,2026-03-30T00:00:00Z,11.6544,8.6926,6.7046,7.8578,6.0838,9.7932
E0014,2026-03-30T00:00:00Z,11.3878,10.705,8.5758,6.994,4.6766,10.0665
E0015,2026-03-30T00:00:00Z,12.424,8.256,7.5793,7.9381,6.7657,12.1555
E0016,2026-03-30T00:00:00Z,9.0986,7.2774,8.6299,6.8554,6.6843,10.0372
E0017,2026-03-30T00:00:00Z,11.4341,9.9424,5.8318,6.9491,7.3109,9.4739
E0018,2026-03-30T00:00:00Z,11.442,8.267,10.2011,7.6705,6.7946,9.5784
E0019,2026-03-30T00:00:00Z,10.7073,9.7416,8.6926,7.827,7.0561,10.1818
E0020,2026-03-30T00:00:00Z,11.5837,8.9075,8.4935,7.9851,5.9776,10.0183
E0021,2026-03-30T00:00:00Z,10.9839,9.2388,6.1281,7.7612,4.8975,13.1264
E0022,2026-03-30T00:00:00Z,10.6051,8.3369,9.9103,8.0099,4.5202,11.2363
E0023,2026-03-30T00:00:00Z,11.2164,10.1698,9.0745,7.2536,7.3588,10.3565
E0024,2026-03-30T00:00:00Z,12.1921,10.2658,7.5052,7.0613,3.9444,7.0022
E0025,2026-03-30T00:00:00Z,10.3357,9.1766,8.4813,7.8198,7.3493,10.3196
E0026,2026-03-30T00:00:00Z,10.9733,7.7147,9.3927,8.3197,5.9846,10.1399
E0027,2026-03-30T00:00:00Z,11.597,9.5018,9.0902,9.6162,6.6121,12.9561
E0028,2026-03-30T00:00:00Z,10.6361,9.8294,7.3659,6.5737,6.4248,10.1785
E0029,2026-03-30T00:00:00Z,10.9172,9.201,10.2895,8.0776,4.1216,10.5885
E0030,2026-03-30T00:00:00Z,10.9876,8.1832,8.7387,5.9943,7.374,9.2564
E0031,2026-03-30T00:00:00Z,12.0168,9.7709,7.5474,6.8321,7.4841,9.1267
E0032,2026-03-30T00:00:00Z,11.0628,7.6242,7.777,6.4008,4.8497,11.395
E0033,2026-03-30T00:00:00Z,10.7209,8.6688,8.8406,5.9562,5.8788,9.4132
E0034,2026-03-30T00:00:00Z,11.3781,9.3146,8.6506,7.7617,6.4756,9.5735
E0035,2026-03-30T00:00:00Z,10.2984,7.4342,7.6319,7.7858,5.995,11.7997
E0036,2026-03-30T00:00:00Z,10.6847,9.8902,6.3538,7.7366,6.2827,9.9659
E0037,2026-03-30T00:00:00Z,12.0448,9.9833,8.6098,8.5508,6.2088,7.9875
E0038,2026-03-30T00:00:00Z,12.6294,8.9541,8.0214,8.4146,6.9143,5.0632
E0039,2026-03-30T00:00:00Z,10.9207,8.2958,6.751,8.7548,7.0367,9.4126
E0040,2026-03-30T00:00:00Z,11.2636,10.4155,9.9357,7.6829,7.2885,9.9472
E0041,2026-03-30T00:00:00Z,10.9938,9.9036,8.7244,8.2474,5.7512,9.7013
E0042,2026-03-30T00:00:00Z,11.2826,8.5493,9.5357,6.955,6.7029,11.2255
E0043,2026-03-30T00:00:00Z,12.2549,9.2652,8.9596,7.7756,5.786,11.0866
E0044,2026-03-30T00:00:00Z,10.5582,10.3197,9.4208,7.4932,7.2177,8.8686
E0045,2026-03-30T00:00:00Z,10.2179,9.6526,6.6936,8.0095,7.6967,10.9446
E0046,2026-03-30T00:00:00Z,10.3253,9.575,7.4562,8.1555,5.1327,6.768
E0047,2026-03-30T00:00:00Z,10.9446,9.4491,7.1494,7.9615,4.6184,9.1792
E0048,2026-03-30T00:00:00Z,12.046,8.3193,8.1526,9.4486,7.2045,11.1279
E0049,2026-03-30T00:00:00Z,11.1194,9.9506,8.6945,5.8727,6.1036,9.0914
E0050,2026-03-30T00:00:00Z,9.7335,7.9478,6.9919,7.6002,7.7133,8.51
E0051,2026-03-30T00:00:00Z,10.4793,9.2044,9.6474,6.6048,6.1558,12.6884
E0052,2026-03-30T00:00:00Z,11.5486,8.2346,6.4035,7.3014,6.4308,7.3275
E0053,2026-03-30T00:00:00Z,10.7212,9.0665,9.2154,9.2607,5.0533,9.3181
E0054,2026-03-30T00:00:00Z,11.2347,8.1377,8.7789,9.0274,5.2415,10.962
E0055,2026-03-30T00:00:00Z,12.2089,7.934,9.978,7.6719,3.5395,11.3095
E0056,2026-03-30T00:00:00Z,11.5904,9.833,6.6841,9.3674,5.7475,6.8041
E0057,2026-03-30T00:00:00Z,12.0826,8.5803,6.8362,7.197,6.7027,10.5691
E0058,2026-03-30T00:00:00Z,10.4585,7.8454,9.5518,5.7884,5.8335,9.6105
E0059,2026-03-30T00:00:00Z,11.5192,8.5795,7.9761,8.8658,7.7255,8.8402
E0060,2026-03-30T00:00:00Z,11.0467,9.8943,7.2899,8.9845,7.0578,8.1951
E0061,2026-03-30T00:00:00Z,10.8701,10.6132,6.3701,7.0218,5.548,11.9008
E0062,2026-03-30T00:00:00Z,11.2506,8.8797,10.7644,8.683,6.5928,7.5826
E0063,2026-03-30T00:00:00Z,11.3597,8.4632,7.524,7.3609,5.5871,10.0786
E0064,2026-03-30T00:00:00Z,10.4184,9.7216,8.9677,6.1696,5.6295,8.856
E0065,2026-03-30T00:00:00Z,10.0906,9.7378,8.8226,7.6008,6.2017,8.5513
E0066,2026-03-30T00:00:00Z,11.0496,9.2788,7.9076,6.6441,6.7196,8.6749
E0067,2026-03-30T00:00:00Z,10.9788,9.7956,6.8704,7.2494,6.6523,7.8788
E0068,2026-03-30T00:00:00Z,10.7297,9.0441,9.1207,6.9314,6.952,11.0557
E0069,2026-03-30T00:00:00Z,10.2848,8.0331,7.2,8.2389,7.3593,12.4276
E0070,2026-03-30T00:00:00Z,10.4619,9.7891,10.1459,8.0319,6.8633,8.6175
E0071,2026-03-30T00:00:00Z,10.9387,9.5991,8.4328,6.9735,5.6864,10.9024
E0072,2026-03-30T00:00:00Z,11.8545,8.5146,10.1542,8.3501,7.3006,8.3044
E0073,2026-03-30T00:00:00Z,10.3734,8.6241,7.9068,6.906,4.9775,9.6556
E0074,2026-03-30T00:00:00Z,11.8069,7.8658,7.8138,8.1021,5.5095,9.3001
E0075,2026-03-30T00:00:00Z,11.3351,10.9196,9.9235,7.9355,6.8127,13.7429
E0076,2026-03-30T00:00:00Z,11.0534,6.7608,8.9727,7.6558,5.9391,9.6928
E0077,2026-03-30T00:00:00Z,10.5797,7.165,9.3698,7.9295,5.7512,10.4913
E0078,2026-03-30T00:00:00Z,11.788,10.8297,8.9123,7.1901,6.6393,10.9588
E0079,2026-03-30T00:00:00Z,11.138,9.1947,8.4139,8.0174,5.0653,10.0533
E0080,2026-03-30T00:00:00Z,11.1032,12.0978,9.1286,7.4898,6.1645,10.9742
E0081,2026-03-30T00:00:00Z,11.2193,9.8605,10.3941,7.3268,5.8778,11.4432
E0082,2026-03-30T00:00:00Z,11.6196,10.1789,9.0286,6.9286,5.6313,8.3162
E0083,2026-03-30T00:00:00Z,11.5104,9.6966,9.3147,6.9686,6.5327,8.432
E0084,2026-03-30T00:00:00Z,11.5059,11.1139,9.7865,7.2135,7.4833,7.9474
E0085,2026-03-30T00:00:00Z,11.6805,10.2034,8.7312,8.1009,6.5389,6.7058
E0086,2026-03-30T00:00:00Z,11.122,8.1813,6.9325,8.7481,7.5393,10.1672
E0087,2026-03-30T00:00:00Z,11.2597,10.9517,8.0978,7.4903,7.4233,7.8954
E0088,2026-03-30T00:00:00Z,11.1161,7.8515,9.5612,8.56,5.167,9.2115
E0089,2026-03-30T00:00:00Z,11.4615,8.1794,9.1886,7.5769,6.393,7.9579
E0090,2026-03-30T00:00:00Z,12.3207,8.2141,7.007,7.8892,4.921,8.4417
E0091,2026-03-30T00:00:00Z,11.1243,9.3171,8.3763,6.4318,5.9621,8.6653
E0092,2026-03-30T00:00:00Z,9.505,9.8913,8.6984,6.5896,7.0977,11.4365
E0093,2026-03-30T00:00:00Z,11.2846,8.403,8.2298,7.605,7.306,9.0601
E0094,2026-03-30T00:00:00Z,11.6114,8.674,8.5753,8.3793,7.0478,9.6078
E0095,2026-03-30T00:00:00Z,10.3764,10.4137,8.1538,7.9332,5.9936,7.7295
E0096,2026-03-30T00:00:00Z,11.6368,9.0081,8.4815,7.1652,7.9604,9.7827
E0097,2026-03-30T00:00:00Z,10.6378,10.1818,8.0063,7.8824,6.7494,10.0634
E0098,2026-03-30T00:00:00Z,9.8721,10.822,9.7515,6.8673,5.8168,11.2186
E0099,2026-03-30T00:00:00Z,12.2456,9.8291,10.3028,6.6128,5.9824,12.094
E0100,2026-03-30T00:00:00Z,11.146,8.9038,6.2807,7.4209,5.1061,9.0888
E0101,2026-03-30T00:00:00Z,10.8617,10.4592,9.1567,7.6614,6.8453,9.5981
E0102,2026-03-30T00:00:00Z,11.6745,9.2097,7.9224,9.1207,5.6925,10.0573
E0103,2026-03-30T00:00:00Z,11.7064,10.7092,9.915,7.3451,7.0648,12.2935
E0104,2026-03-30T00:00:00Z,11.5891,9.2685,7.999,6.459,8.4751,9.2279
E0105,2026-03-30T00:00:00Z,11.1426,9.7845,6.9524,6.8365,4.9373,10.6657
E0106,2026-03-30T00:00:00Z,10.4386,8.7249,6.6339,7.884,7.0877,10.3452
E0107,2026-03-30T00:00:00Z,11.9205,10.5055,7.3842,8.477,6.3314,10.1895
E0108,2026-03-30T00:00:00Z,10.4073,8.6947,8.549,7.4536,7.4958,7.699
E0109,2026-03-30T00:00:00Z,11.6638,8.7017,9.1109,7.1988,6.4661,9.4572
E0110,2026-03-30T00:00:00Z,10.6799,11.0102,6.4711,8.1774,6.8066,11.636
E0111,2026-03-30T00:00:00Z,10.7176,11.1253,8.3874,8.7712,7.9607,10.4213
E0112,2026-03-30T00:00:00Z,11.5173,7.2621,10.2059,7.6812,6.4222,7.5435
E0113,2026-03-30T00:00:00Z,10.2948,8.5239,9.0472,9.2512,5.6712,10.6177
E0114,2026-03-30T00:00:00Z,10.8743,11.0463,9.3349,6.2064,5.9325,8.7813
E0115,2026-03-30T00:00:00Z,10.483,11.7406,7.4211,7.5681,5.212,9.7458
E0116,2026-03-30T00:00:00Z,11.4367,9.4981,7.3472,7.1808,6.6545,6.6785
E0117,2026-03-30T00:00:00Z,10.4095,8.5676,8.0459,6.9938,6.1585,8.3281
E0118,2026-03-30T00:00:00Z,11.0199,8.861,7.3027,5.5039,5.6584,10.5901
E0119,2026-03-30T00:00:00Z,13.1146,9.0794,8.6944,6.9248,5.6862,10.3058
E0120,2026-03-30T00:00:00Z,10.1573,8.2149,8.3764,6.6942,7.5086,8.9897
E0121,2026-03-30T00:00:00Z,11.9013,10.033,10.3597,7.1236,6.1646,8.3383
E0122,2026-03-30T00:00:00Z,12.5178,10.66,5.9434,8.5085,6.7443,9.6978
E0123,2026-03-30T00:00:00Z,10.7616,8.7438,8.2845,7.9611,5.5632,9.3714
E0124,2026-03-30T00:00:00Z,11.056,10.7902,8.6258,6.7411,5.7602,11.8435
E0125,2026-03-30T00:00:00Z,10.0983,7.2723,8.4953,7.1645,7.7822,8.2561
E0126,2026-03-30T00:00:00Z,10.3204,10.0835,7.7567,7.0531,5.9818,9.997
E0127,2026-03-30T00:00:00Z,11.6438,8.119,9.9011,6.5933,6.0627,9.8185
E0128,2026-03-30T00:00:00Z,10.2201,10.7988,8.4977,7.0153,6.2877,11.649
E0129,2026-03-30T00:00:00Z,10.7634,8.0725,6.2592,7.3053,6.7051,10.3533
E0130,2026-03-30T00:00:00Z,11.5809,9.5382,9.3988,7.2647,5.473,9.6324
E0131,2026-03-30T00:00:00Z,9.9081,8.9568,8.4907,7.5568,6.9461,8.4737
E0132,2026-03-30T00:00:00Z,10.6446,8.0187,9.3966,7.3968,5.1905,9.7927
E0133,2026-03-30T00:00:00Z,10.6492,9.4834,9.5356,8.9587,6.5302,7.7367
E0134,2026-03-30T00:00:00Z,10.8791,8.752,10.0919,8.5875,6.8472,12.3472
E0135,2026-03-30T00:00:00Z,11.2656,8.5631,7.1006,8.0454,7.3141,7.5491
E0136,2026-03-30T00:00:00Z,10.0451,8.7505,8.7957,8.6316,7.0402,9.5289
E0137,2026-03-30T00:00:00Z,11.6037,8.3515,8.6196,7.4272,6.0883,8.0732
E0138,2026-03-30T00:00:00Z,11.1186,7.5442,7.5204,7.1038,6.1999,10.3873
E0139,2026-03-30T00:00:00Z,10.3276,9.2073,8.347,8.7142,4.0064,10.2942
E0140,2026-03-30T00:00:00Z,11.8027,9.766,8.6988,8.9404,6.2197,11.1314
E0141,2026-03-30T00:00:00Z,11.921,11.3721,8.7541,6.1944,6.5541,9.5536
E0142,2026-03-30T00:00:00Z,10.9391,8.7728,10.1682,7.3434,4.6337,10.6035
E0143,2026-03-30T00:00:00Z,10.5716,9.4879,8.5729,9.6459,6.2425,9.0846
E0144,2026-03-30T00:00:00Z,10.8253,10.7974,7.1814,6.5422,5.9963,10.0891
E0145,2026-03-30T00:00:00Z,11.7301,8.8735,8.5428,7.2152,4.0751,9.5129
E0146,2026-03-30T00:00:00Z,12.033,8.9838,8.7466,8.7065,6.6696,8.7939
E0147,2026-03-30T00:00:00Z,11.165,11.2222,9.0653,6.8972,5.4758,9.3048
E0148,2026-03-30T00:00:00Z,10.4642,10.3514,10.921,7.0991,5.4787,9.016
E0149,2026-03-30T00:00:00Z,10.1464,9.5685,8.121,7.1155,6.0508,9.9788
E0000,2026-03-31T00:00:00Z,10.3921,9.1608,8.3714,6.3794,6.2143,11.0959
E0001,2026-03-31T00:00:00Z,12.0963,9.2803,9.3419,8.7271,7.2593,10.1296
E0002,2026-03-31T00:00:00Z,10.5657,8.9892,9.5296,7.2847,6.9617,9.3478
E0003,2026-03-31T00:00:00Z,10.4354,8.7208,9.1853,7.3519,8.0692,8.3756
E0004,2026-03-31T00:00:00Z,10.8265,10.2145,9.5811,8.3831,4.9494,10.6139
E0005,2026-03-31T00:00:00Z,12.3111,10.5372,9.6006,6.5165,6.1859,8.3481
E0006,2026-03-31T00:00:00Z,10.4136,8.5253,6.9768,8.1734,5.504,10.2154
E0007,2026-03-31T00:00:00Z,11.6436,9.4515,8.7628,6.0195,7.3537,8.968
E0008,2026-03-31T00:00:00Z,10.6728,9.551,8.6056,8.506,6.1691,12.1531
E0009,2026-03-31T00:00:00Z,10.3,8.8836,9.1341,5.8336,5.7971,11.1139
E0010,2026-03-31T00:00:00Z,11.0216,9.1548,8.4005,7.6285,6.0974,11.2549
E0011,2026-03-31T00:00:00Z,9.9225,8.9775,7.0531,5.4795,7.1646,7.993
E0012,2026-03-31T00:00:00Z,12.1101,9.1343,9.2674,7.8402,6.3428,10.0658
E0013,2026-03-31T00:00:00Z,11.2716,7.1412,7.4355,7.1098,7.1284,10.2788
E0014,2026-03-31T00:00:00Z,10.1602,10.8035,8.3705,6.9608,5.7733,8.682
E0015,2026-03-31T00:00:00Z,12.3495,7.9772,9.6301,9.4971,5.295,7.1317
E0016,2026-03-31T00:00:00Z,10.9073,10.0485,9.8281,8.1209,5.1633,7.6657
E0017,2026-03-31T00:00:00Z,10.8601,9.6004,6.3261,7.0784,7.8571,10.6436
E0018,2026-03-31T00:00:00Z,10.3218,9.2167,8.6567,8.0714,5.1595,10.4015
E0019,2026-03-31T00:00:00Z,11.8988,10.0064,8.1221,8.6822,5.2936,7.1977
E0020,2026-03-31T00:00:00Z,11.602,5.2184,7.6941,7.363,6.4297,7.5159
E0021,2026-03-31T00:00:00Z,11.4949,9.7737,7.2316,9.6862,6.9007,10.4182
E0022,2026-03-31T00:00:00Z,12.3324,9.6005,8.7969,7.5964,5.8863,12.2976
E0023,2026-03-31T00:00:00Z,10.5334,11.2887,6.3283,8.601,5.2372,7.1052
E0024,2026-03-31T00:00:00Z,10.8222,10.2829,7.1889,6.739,6.2741,7.0979
E0025,2026-03-31T00:00:00Z,11.0122,7.1934,9.8697,7.0715,8.845,12.8844
E0026,2026-03-31T00:00:00Z,11.1675,9.9242,8.4781,6.9586,5.761,10.7989
E0027,2026-03-31T00:00:00Z,11.5328,8.9608,9.3293,7.1053,5.322,11.6289
E0028,2026-03-31T00:00:00Z,12.2062,9.1242,8.5287,7.3268,7.1079,10.0333
E0029,2026-03-31T00:00:00Z,11.2257,11.3097,9.7802,8.6428,6.5391,9.7341
E0030,2026-03-31T00:00:00Z,10.9062,8.0461,11.1446,5.8369,6.8531,8.578
E0031,2026-03-31T00:00:00Z,11.3119,9.8919,8.3636,8.8098,6.1292,10.5889
E0032,2026-03-31T00:00:00Z,10.5903,9.1787,8.5145,8.5086,6.4874,7.5774
E0033,2026-03-31T00:00:00Z,11.5977,9.0492,8.5827,7.4472,7.6368,12.0536
E0034,2026-03-31T00:00:00Z,11.1658,8.8304,8.4665,6.9998,5.0845,9.0949
E0035,2026-03-31T00:00:00Z,12.2695,9.611,7.3837,7.8481,7.7922,7.748
E0036,2026-03-31T00:00:00Z,11.0319,9.5754,9.6115,7.422,7.2063,11.9105
E0037,2026-03-31T00:00:00Z,11.5745,9.7031,9.8596,8.7118,6.2453,10.6439
E0038,2026-03-31T00:00:00Z,10.3005,9.7411,8.8348,7.9272,5.6638,11.047
E0039,2026-03-31T00:00:00Z,11.5211,9.2938,8.1949,8.615,6.6408,11.3741
E0040,2026-03-31T00:00:00Z,11.6912,8.6593,6.1109,5.9799,6.4039,8.4433
E0041,2026-03-31T00:00:00Z,11.3935,9.5075,9.5154,5.8677,5.452,8.4865
E0042,2026-03-31T00:00:00Z,10.4101,7.7784,8.3919,6.7681,4.6533,9.9324
E0043,2026-03-31T00:00:00Z,11.4397,7.4837,9.2943,7.8628,7.1721,11.1818
E0044,2026-03-31T00:00:00Z,11.6306,9.0989,8.9808,9.0392,6.7965,11.5092
E0045,2026-03-31T00:00:00Z,11.9303,9.1176,8.9907,7.4619,6.7849,9.7599
E0046,2026-03-31T00:00:00Z,10.0865,9.485,6.4361,7.7095,6.926,9.3951
E0047,2026-03-31T00:00:00Z,11.0045,11.0532,8.5702,8.1245,6.7002,8.5612
E0048,2026-03-31T00:00:00Z,11.7504,9.94,7.8658,6.7843,7.326,9.898
E0049,2026-03-31T00:00:00Z,11.6417,9.9714,8.413,7.9347,6.8231,10.8706
E0050,2026-03-31T00:00:00Z,12.7215,10.117,8.6939,9.2206,5.6542,10.4927
E0051,2026-03-31T00:00:00Z,11.2973,10.7324,8.4555,7.829,6.8642,8.915
E0052,2026-03-31T00:00:00Z,11.2406,9.985,6.1146,6.7571,5.0178,12.1994
E0053,2026-03-31T00:00:00Z,10.7101,9.469,7.6086,7.0501,6.963,8.7048
E0054,2026-03-31T00:00:00Z,10.7899,8.9293,8.6278,8.024,7.4775,9.3126
E0055,2026-03-31T00:00:00Z,11.1142,7.2837,8.0375,7.3522,6.4581,9.3489
E0056,2026-03-31T00:00:00Z,11.2717,10.5506,6.9915,7.4023,6.8413,10.5857
E0057,2026-03-31T00:00:00Z,10.0117,9.3826,8.5893,7.6974,7.2063,12.4337
E0058,2026-03-31T00:00:00Z,10.9604,7.0628,5.3626,7.5276,5.9803,11.1285
E0059,2026-03-31T00:00:00Z,11.9074,8.4076,7.5412,8.1307,5.9301,9.1002
E0060,2026-03-31T00:00:00Z,12.454,8.0388,8.4534,6.9575,6.1013,11.6957
E0061,2026-03-31T00:00:00Z,10.8709,8.6601,9.838,8.2152,5.5018,7.9236
E0062,2026-03-31T00:00:00Z,10.8289,8.3307,8.5655,8.6523,7.2306,9.7814
E0063,2026-03-31T00:00:00Z,10.1676,6.9393,8.0008,7.3508,6.1054,11.6884
E0064,2026-03-31T00:00:00Z,10.2396,8.874,7.8832,6.2632,7.9644,9.453
E0065,2026-03-31T00:00:00Z,9.801,8.9152,11.4554,8.5204,7.0669,7.2908
E0066,2026-03-31T00:00:00Z,11.5791,10.313,7.7524,8.5347,6.1183,10.4226
E0067,2026-03-31T00:00:00Z,10.2048,6.5264,7.8754,7.6358,6.0269,10.0821
E0068,2026-03-31T00:00:00Z,11.482,10.4815,8.8264,6.3678,5.8916,8.6836
E0069,2026-03-31T00:00:00Z,11.4111,9.2944,8.2172,7.3655,5.1719,10.3965
E0070,2026-03-31T00:00:00Z,12.1573,10.9851,7.702,7.1578,7.015,6.6373
E0071,2026-03-31T00:00:00Z,10.9884,11.0136,9.132,7.3075,7.2014,9.7055
E0072,2026-03-31T00:00:00Z,10.6181,10.4169,8.7951,8.1922,7.2255,9.3525
E0073,2026-03-31T00:00:00Z,10.3575,10.0463,9.2354,6.3332,4.2068,9.2865
E0074,2026-03-31T00:00:00Z,11.2119,8.5998,7.7939,8.5461,5.4993,7.9089
E0075,2026-03-31T00:00:00Z,10.9282,7.8501,9.0159,6.7038,7.3818,9.612
E0076,2026-03-31T00:00:00Z,11.2942,9.5504,7.746,7.0749,7.6272,10.9758
E0077,2026-03-31T00:00:00Z,10.7186,10.5231,6.3878,7.7877,6.5014,11.7925
E0078,2026-03-31T00:00:00Z,10.3458,10.2806,8.8203,8.1505,5.1017,8.123
E0079,2026-03-31T00:00:00Z,11.1221,9.208,8.7471,7.7003,6.9379,7.8739
E0080,2026-03-31T00:00:00Z,9.8805,7.0125,6.9165,5.3915,8.1125,7.6332
E0081,2026-03-31T00:00:00Z,10.7591,9.7977,9.5297,8.9214,6.4063,8.468
E0082,2026-03-31T00:00:00Z,10.3074,9.0994,9.185,8.9342,6.4472,6.1411
E0083,2026-03-31T00:00:00Z,11.7605,7.9084,9.0244,7.1599,6.8818,10.3078
E0084,2026-03-31T00:00:00Z,10.1471,7.5513,8.3304,7.7873,5.4456,8.122
E0085,2026-03-31T00:00:00Z,9.6739,9.559,7.739,6.4211,7.7564,10.6076
E0086,2026-03-31T00:00:00Z,11.2012,9.8703,6.7464,9.0055,6.7221,10.774
E0087,2026-03-31T00:00:00Z,11.1484,10.5471,8.6424,7.9177,7.158,9.7234
E0088,2026-03-31T00:00:00Z,12.0914,9.9074,9.0198,6.8241,6.3992,11.1145
E0089,2026-03-31T00:00:00Z,10.5615,9.3145,8.8072,6.1974,6.1065,8.8613
E0090,2026-03-31T00:00:00Z,11.5633,8.4173,9.4204,6.9835,6.943,10.3066
E0091,2026-03-31T00:00:00Z,13.3755,9.6739,8.0415,7.6773,5.3705,9.4773
E0092,2026-03-31T00:00:00Z,11.9646,7.9337,10.1244,7.1873,7.0109,10.3207
E0093,2026-03-31T00:00:00Z,11.0693,8.9635,8.1772,9.3526,6.3672,12.1341
E0094,2026-03-31T00:00:00Z,9.7636,9.9556,7.7916,7.2951,6.1655,12.4477
E0095,2026-03-31T00:00:00Z,10.2529,8.0765,7.9747,7.2027,7.9955,9.6565
E0096,2026-03-31T00:00:00Z,11.0073,9.1234,8.4092,8.2558,5.6341,10.9377
E0097,2026-03-31T00:00:00Z,11.5908,8.8215,8.0551,7.5278,5.7478,7.9505
E0098,2026-03-31T00:00:00Z,10.8308,11.2778,8.1687,7.9643,6.0416,7.4823
E0099,2026-03-31T00:00:00Z,10.9978,8.2029,8.7267,6.9605,6.3288,11.3653
E0100,2026-03-31T00:00:00Z,10.9549,9.2723,7.7114,7.0775,7.2066,10.9225
E0101,2026-03-31T00:00:00Z,11.5686,11.0907,8.2582,7.7342,6.0102,8.868
E0102,2026-03-31T00:00:00Z,10.1863,8.8511,8.3086,7.9802,5.6092,14.3009
E0103,2026-03-31T00:00:00Z,11.008,7.7524,9.0646,8.6023,7.5278,9.9249
E0104,2026-03-31T00:00:00Z,12.4578,9.9681,9.306,6.7925,4.782,8.5286
E0105,2026-03-31T00:00:00Z,10.2958,8.1139,5.9348,8.379,6.5624,11.1335
E0106,2026-03-31T00:00:00Z,10.609,7.355,9.3121,7.6226,6.8745,11.7791
E0107,2026-03-31T00:00:00Z,11.1211,9.3063,7.0697,6.7706,7.574,10.0009
E0108,2026-03-31T00:00:00Z,11.0707,11.5613,7.502,7.1757,5.1544,10.7395
E0109,2026-03-31T00:00:00Z,11.3865,9.1543,8.3382,6.228,7.2425,11.0297
E0110,2026-03-31T00:00:00Z,11.8985,11.0549,8.203,7.0585,5.6687,7.9138
E0111,2026-03-31T00:00:00Z,10.8046,8.8941,8.7996,7.7528,6.5617,10.7671
E0112,2026-03-31T00:00:00Z,10.9979,8.2794,8.8511,7.2268,5.6186,8.2176
E0113,2026-03-31T00:00:00Z,11.198,10.368,7.6117,7.5923,5.6677,10.8756
E0114,2026-03-31T00:00:00Z,11.3723,8.2305,8.0732,8.1108,7.6543,10.6359
E0115,2026-03-31T00:00:00Z,11.1169,7.7937,9.068,6.8439,6.5542,8.9035
E0116,2026-03-31T00:00:00Z,11.3731,10.2754,8.6966,6.3629,7.6921,8.6951
E0117,2026-03-31T00:00:00Z,12.2469,6.9471,8.4399,7.5435,5.1251,9.6933
E0118,2026-03-31T00:00:00Z,10.6092,7.3147,8.0061,7.6877,5.792,9.6145
E0119,2026-03-31T00:00:00Z,11.0328,9.1176,9.3035,7.0564,6.8826,11.1006
E0120,2026-03-31T00:00:00Z,11.2875,10.9044,7.0924,6.2397,7.7946,8.2601
E0121,2026-03-31T00:00:00Z,11.33,9.5448,9.1845,6.9953,4.6089,7.706
E0122,2026-03-31T00:00:00Z,10.6593,6.6112,8.3868,7.4717,6.1162,10.0223
E0123,2026-03-31T00:00:00Z,10.0321,9.0895,8.513,8.3501,7.7489,8.2275
E0124,2026-03-31T00:00:00Z,11.1242,8.9346,8.7224,7.5699,5.4412,11.7
E0125,2026-03-31T00:00:00Z,10.5839,8.6049,7.438,7.4608,5.7183,10.2428
E0126,2026-03-31T00:00:00Z,9.616,8.3371,6.2599,7.9144,7.7414,10.8518
E0127,2026-03-31T00:00:00Z,11.39,9.3964,7.7321,6.1302,5.3473,9.1314
E0128,2026-03-31T00:00:00Z,11.5209,9.656,7.9244,6.2283,6.343,9.5556
E0129,2026-03-31T00:00:00Z,12.5818,7.7756,8.7682,7.9156,7.3148,10.8926
E0130,2026-03-31T00:00:00Z,10.6344,10.4918,7.9537,7.3575,7.6685,7.9543
E0131,2026-03-31T00:00:00Z,9.2938,8.5424,7.8985,9.0151,5.796,11.6285
E0132,2026-03-31T00:00:00Z,11.7523,9.5555,7.2122,7.5432,7.2759,10.4651
E0133,2026-03-31T00:00:00Z,11.8438,10.1955,7.6476,8.0167,6.738,8.8345
E0134,2026-03-31T00:00:00Z,10.4582,9.2649,9.4421,7.5158,6.5554,9.1203
E0135,2026-03-31T00:00:00Z,11.3018,9.6468,6.3603,7.9243,7.3355,10.4131
E0136,2026-03-31T00:00:00Z,9.5089,10.1112,7.8359,6.7492,7.5389,11.3757
E0137,2026-03-31T00:00:00Z,10.7063,9.1579,8.0591,7.28,6.7921,7.1882
E0138,2026-03-31T00:00:00Z,10.2702,7.761,6.1237,8.703,6.7157,10.6265
E0139,2026-03-31T00:00:00Z,9.2869,9.4258,9.6002,7.6098,5.6541,8.3953
E0140,2026-03-31T00:00:00Z,12.1766,9.5777,9.798,8.7202,6.9874,12.3727
E0141,2026-03-31T00:00:00Z,11.0831,8.9069,7.4799,7.1433,5.7778,8.1422
E0142,2026-03-31T00:00:00Z,10.5783,9.5642,7.5796,8.7832,6.3461,9.6862
E0143,2026-03-31T00:00:00Z,10.7924,9.8784,7.2882,7.2129,5.4466,11.1994
E0144,2026-03-31T00:00:00Z,12.2105,10.1647,8.8712,6.3936,6.6776,10.8084
E0145,2026-03-31T00:00:00Z,10.8366,8.2817,8.257,9.6111,5.4862,9.6392
E0146,2026-03-31T00:00:00Z,11.2155,11.1154,9.5754,8.0594,6.0347,11.6648
E0147,2026-03-31T00:00:00Z,11.2511,11.5345,9.3543,8.062,6.5745,9.6155
E0148,2026-03-31T00:00:00Z,9.1104,10.7315,6.8608,8.8325,6.3791,10.0447
E0149,2026-03-31T00:00:00Z,10.7621,9.8533,7.6375,7.5915,7.9363,6.1104
