transaction_id,cc_num,datetime,amount,merchant,category,lat,long
T000032746,482600000050,2025-12-07T20:39:00Z,11.46,m_231,restaurant,38.3331,-77.6358
T000032747,490400000207,2025-12-07T20:40:00Z,5.2,m_514,travel,38.0183,-120.7676
T000032748,488800000242,2025-12-07T20:40:00Z,4.14,m_232,travel,33.532,-100.3624
T000032750,433100000271,2025-12-07T20:45:00Z,12.37,m_067,cash_advance,41.4685,-78.0828
T000032751,408700000002,2025-12-07T20:45:00Z,27.92,m_451,electronics,37.2965,-94.7538
T000032752,473800000088,2025-12-07T20:47:00Z,18.97,m_446,entertainment,48.61,-98.9467
T000032753,427100000293,2025-12-07T21:04:00Z,37.08,m_199,entertainment,29.9053,-113.3124
T000032755,468600000099,2025-12-07T21:29:00Z,20.48,m_018,travel,36.5396,-74.1615
T000032756,409000000198,2025-12-07T21:51:00Z,11.27,m_388,clothing,47.8017,-80.8796
T000032757,425300000079,2025-12-07T21:57:00Z,9.19,m_043,health,35.5467,-75.4383
T000032758,444800000104,2025-12-07T22:07:00Z,16.98,m_597,grocery,41.407,-77.3705
T000032759,401300000033,2025-12-07T22:17:00Z,41.84,m_575,fuel,38.0646,-113.9303
T000032760,499500000281,2025-12-07T22:51:00Z,22.29,m_233,grocery,47.6285,-75.9818
T000032761,467400000299,2025-12-07T22:56:00Z,31.79,m_308,travel,26.5399,-109.1668
T000032762,447000000194,2025-12-07T23:27:00Z,9.7,m_761,entertainment,34.982,-81.6861
T000032763,494800000019,2025-12-07T23:29:00Z,13.16,m_359,restaurant,25.6442,-102.6111
T000032765,400100000173,2025-12-08T00:10:00Z,24.39,m_125,clothing,47.5139,-83.096
T000032767,459100000090,2025-12-08T00:57:00Z,26.47,m_252,entertainment,40.6565,-82.9276
T000032769,400900000156,2025-12-08T01:07:00Z,51.19,m_188,cash_advance,40.3018,-106.8756
T000032770,470100000147,2025-12-08T01:20:00Z,23.52,m_314,health,29.5138,-83.0061
T000032771,403400000178,2025-12-08T01:34:00Z,24.52,m_507,health,26.6514,-113.74
T000032772,424900000048,2025-12-08T01:45:00Z,109.95,m_170,electronics,33.5276,-115.7609
T000032773,490100000041,2025-12-08T02:13:00Z,18.22,m_771,electronics,34.8102,-90.8497
T000032774,444500000160,2025-12-08T02:18:00Z,36.79,m_101,fuel,28.2862,-81.7642
T000032775,416600000244,2025-12-08T02:23:00Z,32.2,m_599,clothing,39.4969,-73.6258
T000032776,424900000048,2025-12-08T02:25:00Z,15.81,m_031,travel,35.1993,-115.5344
T000032777,426900000083,2025-12-08T02:47:00Z,24.83,m_625,restaurant,47.0552,-82.9179
T000032778,479800000010,2025-12-08T03:14:00Z,34.13,m_750,travel,37.3132,-117.5629
T000032780,422200000028,2025-12-08T03:36:00Z,57.85,m_371,restaurant,28.0974,-122.409
T000032781,418600000223,2025-12-08T03:49:00Z,26.18,m_669,entertainment,48.4068,-78.2138
T000032782,433600000269,2025-12-08T03:57:00Z,74.27,m_793,cash_advance,44.0351,-91.5484
T000032783,416000000196,2025-12-08T04:06:00Z,23.73,m_289,cash_advance,27.5407,-114.5667
T000032784,493900000290,2025-12-08T04:09:00Z,56.48,m_326,restaurant,34.5726,-74.3335
T000032785,414100000007,2025-12-08T04:19:00Z,15.86,m_124,grocery,34.7013,-114.5066
T000032786,481700000044,2025-12-08T04:19:00Z,14.47,m_396,grocery,41.9077,-89.2456
T000032787,478500000258,2025-12-08T04:29:00Z,212.06,m_537,online,40.0855,-88.7713
T000032788,443500000166,2025-12-08T04:33:00Z,21.55,m_637,online,31.068,-73.1522
T000032790,434500000161,2025-12-08T05:14:00Z,16.13,m_693,electronics,36.6837,-88.6509
T000032791,492800000125,2025-12-08T05:20:00Z,18.24,m_536,online,45.5661,-89.8697
T000032793,465400000137,2025-12-08T05:58:00Z,8.46,m_583,cash_advance,37.5118,-117.2041
T000032794,454900000187,2025-12-08T06:15:00Z,11.88,m_798,health,41.6505,-111.6612
T000032795,468200000221,2025-12-08T06:22:00Z,55.92,m_230,restaurant,40.698,-72.2668
T000032798,420200000231,2025-12-08T07:31:00Z,10.92,m_628,fuel,28.0743,-114.8077
T000032800,421500000087,2025-12-08T08:02:00Z,20.62,m_063,grocery,46.851,-100.3628
T000032802,466900000159,2025-12-08T08:08:00Z,16.71,m_322,grocery,43.1304,-99.283
T000032803,442200000037,2025-12-08T08:10:00Z,79.68,m_728,travel,33.2647,-106.2696
T000032804,450800000191,2025-12-08T08:16:00Z,14.81,m_502,health,42.6193,-75.8311
T000032807,478800000015,2025-12-08T08:23:00Z,56.67,m_128,restaurant,29.8602,-113.0942
T000032808,424900000048,2025-12-08T08:25:00Z,35.16,m_617,electronics,35.7486,-116.3487
T000032809,465400000150,2025-12-08T08:27:00Z,6.2,m_382,electronics,25.8196,-78.1925
T000032810,403000000031,2025-12-08T08:30:00Z,21.02,m_615,clothing,34.8164,-89.6144
T000032812,440200000212,2025-12-08T08:35:00Z,44.07,m_277,restaurant,45.8713,-102.7597
T000032817,421700000058,2025-12-08T08:48:00Z,23.12,m_477,grocery,43.3783,-83.601
T000032818,465400000137,2025-12-08T08:50:00Z,22.37,m_671,travel,36.693,-116.4304
T000032819,414100000007,2025-12-08T08:52:00Z,21.23,m_307,restaurant,35.8462,-113.1691
T000032820,431600000056,2025-12-08T08:56:00Z,13.38,m_314,restaurant,44.6265,-84.1332
T000032821,460200000201,2025-12-08T08:58:00Z,61.19,m_471,electronics,44.4913,-78.0214
T000032822,453700000255,2025-12-08T09:00:00Z,16.62,m_243,travel,25.3386,-112.0042
T000032824,423900000113,2025-12-08T09:07:00Z,26.34,m_108,entertainment,31.7606,-90.959
T000032825,460200000124,2025-12-08T09:09:00Z,33.64,m_189,travel,47.3097,-74.8604
T000032826,470100000147,2025-12-08T09:09:00Z,18.04,m_212,fuel,30.3458,-83.7656
T000032827,447000000194,2025-12-08T09:10:00Z,5.65,m_303,travel,35.403,-81.2181
T000032828,475100000009,2025-12-08T09:13:00Z,36.99,m_091,online,32.9752,-78.409
T000032829,405300000080,2025-12-08T09:15:00Z,42.19,m_400,restaurant,47.0891,-87.1887
T000032831,490700000100,2025-12-08T09:20:00Z,23.57,m_165,online,33.8229,-120.8323
T000032832,479800000010,2025-12-08T09:21:00Z,11.59,m_175,travel,36.5564,-118.0256
T000032834,498300000053,2025-12-08T09:25:00Z,9.02,m_450,health,34.1786,-119.6112
T000032835,427100000293,2025-12-08T09:29:00Z,30.48,m_552,electronics,30.1736,-113.3807
T000032836,484400000030,2025-12-08T09:29:00Z,35.4,m_764,grocery,29.888,-72.9377
T000032838,467200000059,2025-12-08T09:32:00Z,20.28,m_543,grocery,42.2985,-81.707
T000032840,448600000179,2025-12-08T09:35:00Z,14.05,m_030,health,30.6239,-109.0951
T000032841,432200000285,2025-12-08T09:35:00Z,14.95,m_077,grocery,42.2197,-113.6083
T000032842,411100000235,2025-12-08T09:42:00Z,10.9,m_088,electronics,35.8355,-118.9508
T000032843,479800000010,2025-12-08T09:47:00Z,12.12,m_392,restaurant,36.7344,-118.2222
T000032844,463700000291,2025-12-08T09:47:00Z,20.05,m_508,entertainment,38.0682,-84.6654
T000032845,478700000011,2025-12-08T09:52:00Z,50.49,m_490,grocery,45.5731,-93.1793
T000032846,436200000283,2025-12-08T09:52:00Z,25.34,m_057,restaurant,30.7344,-117.8546
T000032847,425300000079,2025-12-08T09:53:00Z,18.09,m_147,cash_advance,36.0126,-75.4672
T000032848,418600000223,2025-12-08T09:55:00Z,6.47,m_565,health,48.7734,-78.0047
T000032849,466900000159,2025-12-08T09:57:00Z,8.54,m_430,electronics,43.167,-99.4957
T000032851,439700000263,2025-12-08T10:05:00Z,29.35,m_783,travel,46.8853,-93.6596
T000032852,473300000089,2025-12-08T10:08:00Z,5.83,m_241,entertainment,39.1131,-74.2801
T000032853,448100000292,2025-12-08T10:10:00Z,49.66,m_177,entertainment,32.6031,-93.791
T000032854,465400000137,2025-12-08T10:12:00Z,21.5,m_524,electronics,37.1173,-117.2242
T000032855,468700000127,2025-12-08T10:13:00Z,21.77,m_053,health,31.7252,-122.955
T000032856,474600000256,2025-12-08T10:16:00Z,14.58,m_486,restaurant,26.4021,-89.46
T000032859,405300000080,2025-12-08T10:27:00Z,21.51,m_340,cash_advance,47.848,-87.7737
T000032860,426800000149,2025-12-08T10:30:00Z,39.01,m_239,travel,30.8238,-118.5045
T000032861,414100000007,2025-12-08T10:32:00Z,10.12,m_790,restaurant,36.3571,-114.6316
T000032862,442700000200,2025-12-08T10:32:00Z,17.43,m_238,cash_advance,44.7549,-93.9855
T000032863,475100000009,2025-12-08T10:35:00Z,15.05,m_126,entertainment,32.7382,-78.1966
T000032864,456300000265,2025-12-08T10:38:00Z,28.61,m_600,cash_advance,35.5548,-122.9711
T000032866,464600000139,2025-12-08T10:41:00Z,124.78,m_662,electronics,34.7713,-94.9748
T000032868,432200000285,2025-12-08T10:46:00Z,13.13,m_012,travel,42.3163,-113.3988
T000032869,434800000074,2025-12-08T10:47:00Z,14.24,m_024,health,34.9444,-110.2451
T000032870,492500000154,2025-12-08T10:48:00Z,16.82,m_541,clothing,31.0349,-111.7762
T000032871,464600000139,2025-12-08T10:52:00Z,23.79,m_752,cash_advance,40.3775,-84.8772
T000032872,452800000233,2025-12-08T10:57:00Z,10.32,m_253,fuel,35.2956,-73.55
T000032873,479800000010,2025-12-08T10:58:00Z,11.89,m_371,fuel,36.9065,-117.8713
T000032874,423900000113,2025-12-08T11:04:00Z,30.03,m_786,health,31.5757,-90.0019
T000032875,481700000044,2025-12-08T11:04:00Z,14.26,m_119,health,42.2264,-88.4382
T000032876,413700000266,2025-12-08T11:11:00Z,21.32,m_539,cash_advance,29.8356,-117.3676
T000032877,459200000077,2025-12-08T11:13:00Z,19.58,m_321,restaurant,34.8913,-105.5882
T000032878,429300000186,2025-12-08T11:16:00Z,39.62,m_303,grocery,26.1879,-94.5952
T000032879,436500000043,2025-12-08T11:18:00Z,55.87,m_298,entertainment,35.4104,-109.9216
T000032880,423900000113,2025-12-08T11:22:00Z,35.11,m_514,fuel,32.0221,-90.5306
T000032881,412900000224,2025-12-08T11:31:00Z,17.13,m_749,restaurant,29.0356,-120.3622
T000032883,425100000250,2025-12-08T11:36:00Z,12.05,m_495,electronics,32.7033,-98.9304
T000032885,456300000265,2025-12-08T11:41:00Z,66.95,m_591,entertainment,34.5659,-122.9738
T000032886,426900000083,2025-12-08T11:42:00Z,17.98,m_420,electronics,48.0767,-81.6641
T000032888,471100000081,2025-12-08T11:44:00Z,22.95,m_136,cash_advance,39.5384,-112.9841
T000032889,444800000104,2025-12-08T11:46:00Z,9.15,m_263,fuel,41.8891,-77.9302
T000032891,407400000227,2025-12-08T11:52:00Z,8.65,m_290,restaurant,35.0518,-84.1549
T000032892,443000000144,2025-12-08T11:59:00Z,57.46,m_050,online,29.8693,-78.8521
T000032893,470900000176,2025-12-08T11:59:00Z,11.51,m_545,clothing,46.6443,-81.0165
T000032894,491700000073,2025-12-08T12:01:00Z,7.72,m_316,restaurant,29.0745,-85.077
T000032896,489200000253,2025-12-08T12:08:00Z,34.66,m_039,grocery,37.7591,-89.1914
T000032900,443900000180,2025-12-08T12:12:00Z,16.55,m_641,health,45.6771,-75.9107
T000032901,460200000201,2025-12-08T12:13:00Z,48.03,m_489,restaurant,44.373,-77.6339
T000032902,497600000197,2025-12-08T12:14:00Z,19.66,m_442,cash_advance,45.2083,-116.9151
T000032905,400900000156,2025-12-08T12:18:00Z,14.3,m_228,clothing,42.693,-106.6185
T000032906,419200000035,2025-12-08T12:19:00Z,22.48,m_732,grocery,29.5697,-91.4867
T000032907,444800000104,2025-12-08T12:20:00Z,12.03,m_224,cash_advance,41.1398,-76.5754
T000032908,462600000282,2025-12-08T12:22:00Z,2.7,m_492,restaurant,45.6661,-89.2004
T000032909,494800000019,2025-12-08T12:24:00Z,9.11,m_165,fuel,25.3838,-102.8487
T000032910,431600000056,2025-12-08T12:28:00Z,55.74,m_665,travel,45.4319,-83.8752
T000032912,468600000099,2025-12-08T12:32:00Z,9.13,m_156,travel,37.8545,-73.4098
T000032914,482600000050,2025-12-08T12:37:00Z,9.78,m_584,health,37.9306,-77.7487
T000032917,421700000058,2025-12-08T13:17:00Z,23.39,m_590,travel,42.8715,-83.1291
T000032918,447000000194,2025-12-08T13:19:00Z,6.44,m_573,entertainment,34.3469,-81.5934
T000032920,405300000080,2025-12-08T13:27:00Z,13.34,m_258,online,47.3921,-87.8472
T000032921,473800000088,2025-12-08T13:29:00Z,31.85,m_411,restaurant,48.4867,-99.7262
T000032922,440800000163,2025-12-08T13:29:00Z,10.11,m_004,restaurant,27.4414,-117.3461
T000032923,482900000152,2025-12-08T13:37:00Z,7.6,m_371,online,43.889,-97.4682
T000032924,465400000137,2025-12-08T13:38:00Z,14.37,m_532,health,37.648,-117.112
T000032925,472100000092,2025-12-08T13:43:00Z,6.35,m_665,electronics,41.7863,-80.0988
T000032927,425300000079,2025-12-08T13:44:00Z,17.11,m_428,online,36.0616,-75.965
T000032928,442200000037,2025-12-08T13:45:00Z,24.81,m_585,cash_advance,33.6886,-107.7998
T000032929,416000000196,2025-12-08T13:47:00Z,30.97,m_269,online,27.905,-114.1717
T000032930,498000000209,2025-12-08T13:52:00Z,47.13,m_579,entertainment,43.7906,-88.406
T000032931,456600000153,2025-12-08T14:00:00Z,57.32,m_173,cash_advance,36.7336,-111.2825
T000032932,432200000285,2025-12-08T14:01:00Z,7.29,m_390,fuel,41.9834,-112.9013
T000032933,413400000129,2025-12-08T14:04:00Z,34.93,m_545,restaurant,44.1431,-76.0054
T000032934,462500000168,2025-12-08T14:05:00Z,10.38,m_427,restaurant,30.2453,-71.6802
T000032935,412700000272,2025-12-08T14:09:00Z,33.32,m_672,electronics,35.209,-107.8014
T000032936,444800000104,2025-12-08T14:11:00Z,37.05,m_798,restaurant,41.3691,-77.3579
T000032937,489200000253,2025-12-08T14:12:00Z,67.86,m_493,entertainment,36.4758,-88.8124
T000032938,465400000137,2025-12-08T14:18:00Z,15.9,m_134,restaurant,37.4911,-116.9783
T000032940,408300000014,2025-12-08T14:23:00Z,9.34,m_717,clothing,39.7559,-88.8762
T000032941,443000000144,2025-12-08T14:25:00Z,27.52,m_027,restaurant,30.3469,-78.4982
T000032942,449200000177,2025-12-08T14:29:00Z,6.47,m_235,electronics,30.2965,-116.5663
T000032943,463700000291,2025-12-08T14:31:00Z,9.38,m_094,restaurant,36.6801,-84.7546
T000032944,436500000043,2025-12-08T14:33:00Z,26.17,m_125,travel,34.799,-109.9765
T000032945,400900000156,2025-12-08T14:36:00Z,18.53,m_571,clothing,43.6792,-105.9201
T000032946,478500000258,2025-12-08T14:36:00Z,13.07,m_795,health,46.6439,-84.3887
T000032947,473800000088,2025-12-08T14:45:00Z,8.11,m_731,entertainment,48.8543,-100.2556
T000032948,452800000233,2025-12-08T14:53:00Z,23.67,m_342,restaurant,35.1642,-72.3568
T000032949,431600000056,2025-12-08T14:54:00Z,15.61,m_110,travel,45.8213,-84.0942
T000032951,444800000104,2025-12-08T15:05:00Z,19.47,m_732,grocery,41.4217,-77.0887
T000032952,491000000038,2025-12-08T15:08:00Z,67.51,m_021,cash_advance,26.5855,-92.8883
T000032953,447000000194,2025-12-08T15:12:00Z,9.85,m_110,electronics,34.7096,-80.8928
T000032954,404400000000,2025-12-08T15:15:00Z,38.26,m_779,electronics,45.5833,-74.0803
T000032955,427100000293,2025-12-08T15:17:00Z,112.19,m_246,grocery,29.7653,-113.1604
T000032956,420200000231,2025-12-08T15:18:00Z,9.51,m_080,travel,28.4115,-115.4218
T000032957,427100000293,2025-12-08T15:19:00Z,24.08,m_781,fuel,30.5523,-112.8697
T000032959,466900000159,2025-12-08T15:25:00Z,13.97,m_765,fuel,43.828,-99.7512
T000032960,432000000185,2025-12-08T15:33:00Z,42.45,m_551,travel,40.9009,-83.3873
T000032961,484400000030,2025-12-08T15:37:00Z,23.65,m_193,grocery,29.3442,-73.2911
T000032964,429100000136,2025-12-08T15:48:00Z,25.89,m_754,health,48.1278,-79.3586
T000032965,413700000240,2025-12-08T15:48:00Z,22.38,m_174,cash_advance,30.4656,-117.1577
T000032966,425600000170,2025-12-08T15:48:00Z,18.01,m_682,clothing,27.3678,-83.1098
T000032967,413400000129,2025-12-08T15:54:00Z,12.75,m_073,restaurant,43.7135,-76.6035
T000032971,432500000036,2025-12-08T16:12:00Z,13.46,m_039,cash_advance,39.6112,-118.8407
T000032973,431800000140,2025-12-08T16:15:00Z,28.87,m_385,cash_advance,47.917,-96.3458
T000032974,421300000071,2025-12-08T16:15:00Z,12.33,m_206,entertainment,34.3812,-96.9969
T000032975,470900000176,2025-12-08T16:16:00Z,13.76,m_368,restaurant,46.3851,-80.679
T000032976,482600000050,2025-12-08T16:19:00Z,23.89,m_356,travel,37.8791,-76.7833
T000032977,497300000184,2025-12-08T16:19:00Z,15.91,m_789,cash_advance,35.0521,-89.5226
T000032979,420300000182,2025-12-08T16:31:00Z,24.19,m_334,health,31.0497,-97.0786
T000032981,425600000170,2025-12-08T16:37:00Z,14.45,m_365,fuel,27.8695,-83.5321
T000032982,488800000242,2025-12-08T16:37:00Z,22.12,m_502,restaurant,34.1203,-100.2197
T000032983,467400000299,2025-12-08T16:39:00Z,64.32,m_747,online,27.0048,-109.2268
T000032984,421300000071,2025-12-08T16:41:00Z,2.73,m_675,electronics,34.9884,-97.67
T000032985,488200000133,2025-12-08T16:43:00Z,7.97,m_310,cash_advance,46.7701,-88.0647
T000032987,421400000107,2025-12-08T16:43:00Z,14.81,m_503,grocery,40.0155,-112.4471
T000032988,493400000219,2025-12-08T16:45:00Z,5.61,m_409,entertainment,40.2053,-80.1716
T000032989,419200000035,2025-12-08T16:51:00Z,39.43,m_410,restaurant,30.2975,-91.9416
T000032990,434500000161,2025-12-08T16:51:00Z,31.62,m_037,fuel,35.8693,-88.7231
T000032991,426700000042,2025-12-08T16:56:00Z,30.72,m_752,travel,36.082,-115.631
T000032992,493600000141,2025-12-08T16:58:00Z,12.23,m_652,grocery,31.1293,-112.1994
T000032993,427000000130,2025-12-08T17:07:00Z,32.43,m_767,travel,40.8667,-100.5161
T000032994,478200000065,2025-12-08T17:07:00Z,22.02,m_353,restaurant,34.2942,-89.6288
T000032995,429300000186,2025-12-08T17:09:00Z,37.59,m_358,clothing,27.4188,-93.7951
T000032996,425600000170,2025-12-08T17:09:00Z,13.99,m_531,cash_advance,28.0637,-83.4496
T000032997,401300000033,2025-12-08T17:12:00Z,38.51,m_008,fuel,38.9469,-113.7311
T000032998,479800000010,2025-12-08T17:13:00Z,85.19,m_123,travel,36.1476,-108.8808
T000032999,426900000083,2025-12-08T17:16:00Z,119.17,m_641,entertainment,48.1127,-83.5312
T000033000,423800000109,2025-12-08T17:19:00Z,11.37,m_412,entertainment,37.2912,-97.9803
T000033001,408700000002,2025-12-08T17:22:00Z,34.3,m_403,clothing,36.9495,-95.0576
T000033002,429100000136,2025-12-08T17:23:00Z,51.62,m_324,grocery,48.8324,-78.2441
T000033003,401300000033,2025-12-08T17:23:00Z,30.53,m_347,online,37.6428,-114.5573
T000033005,434500000161,2025-12-08T17:34:00Z,12.61,m_368,health,36.5354,-87.771
T000033006,458800000284,2025-12-08T17:41:00Z,18.18,m_390,fuel,39.9778,-96.2116
T000033007,488200000133,2025-12-08T17:41:00Z,14.96,m_691,clothing,47.6536,-87.6784
T000033008,491300000082,2025-12-08T17:53:00Z,46.48,m_289,grocery,40.5553,-105.892
T000033009,490700000100,2025-12-08T17:56:00Z,19.96,m_315,travel,34.1116,-121.607
T000033011,405300000080,2025-12-08T18:04:00Z,25.76,m_025,travel,47.0568,-87.9422
T000033012,412900000224,2025-12-08T18:04:00Z,29.9,m_425,restaurant,29.6411,-119.8186
T000033013,403300000018,2025-12-08T18:07:00Z,29.5,m_743,electronics,29.8209,-78.4913
T000033014,427000000130,2025-12-08T18:10:00Z,22.34,m_630,entertainment,40.7075,-100.3587
T000033016,468200000221,2025-12-08T18:12:00Z,13.41,m_448,entertainment,40.9518,-71.4436
T000033017,489800000203,2025-12-08T18:12:00Z,12.96,m_200,entertainment,42.7744,-102.6677
T000033020,489200000253,2025-12-08T18:19:00Z,30.32,m_668,travel,37.2191,-89.3528
T000033021,453700000255,2025-12-08T18:21:00Z,3.97,m_340,restaurant,25.0186,-111.9766
T000033022,496700000238,2025-12-08T18:21:00Z,6.34,m_121,cash_advance,25.5685,-102.8369
T000033023,443900000180,2025-12-08T18:22:00Z,15.76,m_368,online,45.5874,-76.4846
T000033024,405300000080,2025-12-08T18:23:00Z,64.92,m_235,online,47.34,-87.7199
T000033025,407400000227,2025-12-08T18:26:00Z,9.67,m_093,grocery,34.5725,-84.6534
T000033026,413400000129,2025-12-08T18:31:00Z,15.25,m_351,travel,43.4068,-76.4891
T000033027,426800000149,2025-12-08T18:34:00Z,72.21,m_341,electronics,29.239,-118.0412
T000033029,483100000286,2025-12-08T18:34:00Z,30.74,m_176,online,36.0002,-75.112
T000033031,499000000220,2025-12-08T18:38:00Z,28.01,m_568,cash_advance,27.0147,-107.5583
T000033032,423900000113,2025-12-08T18:40:00Z,24.7,m_211,restaurant,31.6626,-90.5186
T000033034,403700000193,2025-12-08T18:41:00Z,55.66,m_140,travel,30.9162,-104.5377
T000033035,489800000203,2025-12-08T18:59:00Z,17.76,m_521,cash_advance,42.7311,-103.3788
T000033036,424900000048,2025-12-08T19:04:00Z,13.48,m_687,grocery,35.4201,-114.6366
T000033038,480500000222,2025-12-08T19:06:00Z,64.4,m_400,clothing,28.4724,-122.6856
T000033039,497600000197,2025-12-08T19:07:00Z,164.01,m_012,cash_advance,49.5567,-123.655
T000033040,405200000054,2025-12-08T19:16:00Z,59.25,m_438,entertainment,30.9184,-88.7316
T000033041,427500000040,2025-12-08T19:24:00Z,631.68,m_403,travel,28.5085,-93.1653
T000033044,497300000184,2025-12-08T19:31:00Z,22.58,m_233,fuel,35.4811,-89.1608
T000033045,436200000283,2025-12-08T19:36:00Z,32.65,m_731,health,31.1583,-118.226
T000033046,431600000056,2025-12-08T19:41:00Z,30.25,m_574,cash_advance,45.1606,-84.4065
T000033048,424900000048,2025-12-08T19:45:00Z,15.55,m_334,restaurant,34.2006,-114.9298
T000033049,463700000006,2025-12-08T19:51:00Z,17.39,m_023,cash_advance,29.4138,-123.2393
T000033050,412900000224,2025-12-08T19:59:00Z,25.67,m_458,online,30.1065,-119.9349
T000033051,433600000269,2025-12-08T20:01:00Z,12.61,m_162,travel,48.7785,-88.902
T000033052,453700000255,2025-12-08T20:03:00Z,24.06,m_279,travel,25.2526,-111.6747
T000033056,480500000222,2025-12-08T20:12:00Z,44.5,m_544,cash_advance,29.071,-123.1513
T000033057,467200000059,2025-12-08T20:12:00Z,8.92,m_111,health,43.0905,-81.4683
T000033058,496400000091,2025-12-08T20:16:00Z,58.67,m_654,fuel,27.6577,-73.0984
T000033059,493100000068,2025-12-08T20:18:00Z,14.34,m_455,cash_advance,34.4042,-91.4163
T000033060,410600000115,2025-12-08T20:19:00Z,43.47,m_377,online,27.4381,-84.5666
T000033061,405700000064,2025-12-08T20:24:00Z,23.77,m_610,health,31.9951,-112.1588
T000033066,444500000160,2025-12-08T20:45:00Z,8.69,m_030,travel,28.1627,-81.5025
T000033067,494800000228,2025-12-08T20:46:00Z,35.85,m_743,restaurant,25.5482,-86.3726
T000033068,498000000026,2025-12-08T20:49:00Z,122.5,m_310,clothing,26.7285,-90.0972
T000033069,466900000159,2025-12-08T20:49:00Z,5.88,m_643,health,43.248,-100.2968
T000033070,410600000115,2025-12-08T20:50:00Z,42.74,m_423,cash_advance,27.5633,-84.8019
T000033073,474600000256,2025-12-08T20:51:00Z,16.46,m_052,clothing,25.7506,-88.3644
T000033071,413700000240,2025-12-08T20:51:00Z,10.38,m_756,fuel,30.1262,-117.2425
T000033072,485500000183,2025-12-08T20:51:00Z,26.35,m_307,clothing,33.8978,-73.7083
T000033074,418600000223,2025-12-08T20:55:00Z,9.33,m_585,fuel,49.2237,-78.4116
T000033075,492900000216,2025-12-08T20:55:00Z,10.22,m_765,health,35.6188,-71.1631
T000033076,412500000217,2025-12-08T20:56:00Z,24.8,m_558,fuel,26.2208,-112.8704
T000033078,449200000177,2025-12-08T21:13:00Z,13.52,m_417,online,31.6221,-117.2063
T000033079,488800000117,2025-12-08T21:16:00Z,16.05,m_708,online,35.4541,-105.2814
T000033081,494000000016,2025-12-08T21:30:00Z,81.71,m_290,entertainment,39.5116,-112.6126
T000033082,423800000109,2025-12-08T21:36:00Z,11.34,m_009,grocery,37.7125,-98.9799
T000033083,479800000010,2025-12-08T21:38:00Z,77.1,m_358,restaurant,36.4168,-118.7199
T000033084,421300000071,2025-12-08T21:41:00Z,4.31,m_346,travel,35.5187,-97.7174
T000033085,491700000032,2025-12-08T21:47:00Z,11.06,m_655,electronics,34.8618,-116.4921
T000033086,427500000040,2025-12-08T21:53:00Z,33.78,m_047,health,26.6067,-87.2999
T000033087,478800000067,2025-12-08T21:56:00Z,9.61,m_533,clothing,46.3414,-73.5344
T000033088,455700000103,2025-12-08T22:04:00Z,9.61,m_168,online,25.7948,-90.4052
T000033089,420200000231,2025-12-08T22:28:00Z,13.66,m_362,electronics,28.3637,-115.7064
T000033090,404400000000,2025-12-08T22:38:00Z,107.78,m_056,grocery,45.7852,-74.7797
T000033091,436500000043,2025-12-08T22:41:00Z,27.82,m_782,travel,35.8947,-109.8441
T000033092,483100000286,2025-12-08T22:54:00Z,41.73,m_047,restaurant,35.7911,-75.4083
T000033093,463700000291,2025-12-08T23:13:00Z,44.9,m_191,entertainment,38.0057,-84.9884
T000033094,485300000175,2025-12-08T23:49:00Z,4.13,m_417,clothing,36.7348,-92.4768
T000033095,471700000020,2025-12-08T23:54:00Z,5.74,m_606,cash_advance,46.0814,-90.4998
T000033096,427100000293,2025-12-09T00:04:00Z,127.74,m_409,travel,29.9364,-113.195
T000033097,427000000130,2025-12-09T00:19:00Z,16.48,m_715,grocery,39.9992,-100.0911
T000033098,454600000047,2025-12-09T00:22:00Z,25.1,m_682,restaurant,42.662,-97.27
T000033103,447000000194,2025-12-09T00:52:00Z,12.57,m_145,grocery,35.5098,-81.363
T000033104,426900000172,2025-12-09T01:04:00Z,15.46,m_775,clothing,43.8047,-107.0088
T000033105,412900000224,2025-12-09T01:12:00Z,12.25,m_524,fuel,29.4138,-119.3233
T000033106,408300000014,2025-12-09T01:54:00Z,14.58,m_778,electronics,39.4172,-89.0225
T000033110,497600000197,2025-12-09T02:42:00Z,196.85,m_430,electronics,46.9802,-118.3319
T000033111,467000000279,2025-12-09T02:44:00Z,20.41,m_353,electronics,44.0313,-108.4564
T000033112,473800000088,2025-12-09T02:59:00Z,9.48,m_421,travel,49.7036,-99.8601
T000033113,413700000240,2025-12-09T03:20:00Z,70.01,m_215,electronics,29.5227,-118.0867
T000033115,413700000266,2025-12-09T03:38:00Z,56.23,m_369,travel,29.7994,-116.6281
T000033116,400100000173,2025-12-09T03:39:00Z,35.24,m_496,clothing,47.5733,-83.2583
T000033117,453700000255,2025-12-09T03:58:00Z,7.98,m_189,electronics,25.0556,-112.6633
T000033118,471000000105,2025-12-09T04:06:00Z,14.84,m_421,cash_advance,39.6249,-94.7838
T000033119,478800000067,2025-12-09T04:22:00Z,4.26,m_787,cash_advance,47.2859,-73.4208
T000033120,427500000040,2025-12-09T04:25:00Z,12.45,m_305,entertainment,25.8327,-86.9395
T000033121,421400000107,2025-12-09T04:30:00Z,41.34,m_394,fuel,39.6978,-112.3436
T000033122,400900000156,2025-12-09T05:06:00Z,25.81,m_301,entertainment,43.4951,-106.797
T000033123,432500000036,2025-12-09T05:12:00Z,4.24,m_356,restaurant,39.812,-119.4168
T000033124,443000000144,2025-12-09T05:13:00Z,15.87,m_330,electronics,30.3034,-78.9951
T000033125,408300000014,2025-12-09T05:36:00Z,5.25,m_630,fuel,39.0102,-88.7798
T000033126,460200000124,2025-12-09T05:39:00Z,20.71,m_198,cash_advance,48.0606,-74.8937
T000033127,482900000152,2025-12-09T05:40:00Z,13.76,m_362,fuel,43.8907,-97.0783
T000033128,460200000124,2025-12-09T05:52:00Z,22.95,m_370,restaurant,48.3258,-74.0702
T000033130,442200000037,2025-12-09T06:44:00Z,45.75,m_175,entertainment,33.6301,-107.1822
T000033131,425100000126,2025-12-09T06:55:00Z,54.82,m_203,electronics,45.9855,-107.5452
T000033132,434500000161,2025-12-09T07:01:00Z,42.47,m_267,clothing,37.1207,-88.5797
T000033133,476900000239,2025-12-09T07:15:00Z,70.79,m_309,online,30.254,-96.485
T000033134,414100000007,2025-12-09T07:26:00Z,36.46,m_043,entertainment,35.2814,-114.4617
T000033135,435100000025,2025-12-09T07:35:00Z,9.31,m_700,online,34.3347,-101.2664
T000033136,413700000240,2025-12-09T08:01:00Z,44.01,m_373,travel,30.0175,-118.5257
T000033138,499000000220,2025-12-09T08:03:00Z,23.12,m_520,grocery,27.2958,-106.6118
T000033139,426800000261,2025-12-09T08:06:00Z,32.26,m_499,restaurant,30.7812,-113.029
T000033140,460200000201,2025-12-09T08:09:00Z,26.32,m_103,grocery,44.9037,-77.6961
T000033142,433600000269,2025-12-09T08:10:00Z,22.39,m_727,electronics,49.175,-88.8506
T000033143,432200000285,2025-12-09T08:15:00Z,17.63,m_446,fuel,42.4861,-113.458
T000033145,498000000026,2025-12-09T08:19:00Z,41.08,m_131,fuel,26.8419,-90.0926
T000033146,444500000160,2025-12-09T08:20:00Z,21.54,m_301,clothing,28.2524,-81.8311
T000033149,431700000171,2025-12-09T08:21:00Z,27.69,m_514,clothing,48.9458,-119.1248
T000033150,476900000239,2025-12-09T08:30:00Z,6.01,m_179,travel,30.5552,-96.5884
T000033152,427100000293,2025-12-09T08:41:00Z,33.01,m_573,health,29.7647,-112.7181
T000033153,464600000139,2025-12-09T08:42:00Z,27.32,m_071,entertainment,39.9464,-84.5793
T000033154,413700000240,2025-12-09T08:42:00Z,19.22,m_110,restaurant,29.7679,-117.8572
T000033155,466900000159,2025-12-09T08:48:00Z,4.14,m_064,cash_advance,43.5012,-99.822
T000033157,434700000262,2025-12-09T08:51:00Z,25.49,m_090,cash_advance,30.028,-81.1558
T000033158,496400000091,2025-12-09T08:51:00Z,80.48,m_461,cash_advance,28.2061,-73.347
T000033160,421200000102,2025-12-09T08:55:00Z,24.07,m_730,fuel,40.0491,-116.7069
T000033161,478800000015,2025-12-09T08:55:00Z,58.72,m_048,clothing,29.9206,-113.5908
T000033163,485100000229,2025-12-09T08:56:00Z,44.23,m_120,restaurant,30.1133,-96.7571
T000033165,440800000163,2025-12-09T09:00:00Z,6.46,m_460,entertainment,28.0982,-117.782
T000033166,431800000140,2025-12-09T09:02:00Z,83.24,m_458,cash_advance,47.2459,-96.558
T000033167,491600000072,2025-12-09T09:05:00Z,22.64,m_685,grocery,35.5908,-113.3136
T000033170,452100000297,2025-12-09T09:23:00Z,13.7,m_105,online,25.3116,-84.3905
T000033171,422200000028,2025-12-09T09:24:00Z,25.92,m_721,health,29.3768,-122.2061
T000033172,476900000239,2025-12-09T09:25:00Z,25.57,m_457,cash_advance,31.1851,-97.3016
T000033173,484400000030,2025-12-09T09:31:00Z,55.85,m_494,clothing,29.9359,-73.4057
T000033174,422800000294,2025-12-09T09:32:00Z,21.89,m_688,restaurant,40.2543,-116.5162
T000033175,411100000235,2025-12-09T09:33:00Z,14.21,m_363,restaurant,35.5951,-118.6087
T000033177,449300000066,2025-12-09T09:43:00Z,15.74,m_254,health,34.1808,-91.9552
T000033178,442800000101,2025-12-09T09:43:00Z,14.27,m_758,electronics,24.4021,-102.924
T000033181,492900000216,2025-12-09T09:45:00Z,3.72,m_701,health,34.8117,-71.1163
T000033185,480500000222,2025-12-09T09:51:00Z,27.78,m_187,electronics,29.0211,-122.9726
T000033186,421000000277,2025-12-09T09:53:00Z,33.03,m_171,cash_advance,43.7737,-73.3801
T000033187,467700000148,2025-12-09T09:53:00Z,32.7,m_418,restaurant,33.6206,-72.5504
T000033188,419200000035,2025-12-09T09:58:00Z,76.9,m_397,fuel,29.9557,-91.2068
T000033190,476900000239,2025-12-09T10:06:00Z,33.74,m_578,clothing,31.0551,-96.7779
T000033191,456300000265,2025-12-09T10:10:00Z,24.48,m_326,entertainment,34.1014,-122.518
T000033192,421000000277,2025-12-09T10:11:00Z,17.87,m_730,fuel,43.1738,-73.0275
T000033193,492500000154,2025-12-09T10:14:00Z,16.32,m_075,health,30.6134,-112.2284
T000033194,431700000171,2025-12-09T10:15:00Z,28.52,m_524,cash_advance,48.1534,-119.7282
T000033195,453700000255,2025-12-09T10:17:00Z,7.68,m_110,travel,25.314,-111.4032
T000033196,426700000042,2025-12-09T10:26:00Z,18.37,m_226,restaurant,35.4427,-115.727
T000033197,411100000235,2025-12-09T10:30:00Z,8.88,m_358,grocery,35.6634,-117.9546
T000033198,432500000036,2025-12-09T10:31:00Z,8.91,m_648,clothing,39.4415,-120.1806
T000033199,471100000081,2025-12-09T10:36:00Z,2.17,m_478,travel,40.0126,-114.0334
T000033201,442200000037,2025-12-09T10:39:00Z,33.82,m_234,restaurant,33.3045,-107.0105
T000033203,434500000161,2025-12-09T10:52:00Z,9.91,m_290,cash_advance,36.1628,-88.1715
T000033205,413700000266,2025-12-09T10:55:00Z,35.58,m_601,restaurant,30.686,-116.2809
T000033206,471700000020,2025-12-09T10:58:00Z,18.13,m_110,fuel,45.4379,-89.6119
T000033207,402500000268,2025-12-09T11:08:00Z,7.85,m_518,electronics,44.3219,-118.221
T000033208,463700000006,2025-12-09T11:11:00Z,5.48,m_788,entertainment,29.5814,-123.0232
T000033209,456300000265,2025-12-09T11:18:00Z,47.85,m_333,restaurant,34.1882,-122.5379
T000033210,422200000028,2025-12-09T11:23:00Z,168.26,m_330,fuel,28.413,-122.1348
T000033211,451600000095,2025-12-09T11:23:00Z,14.06,m_070,cash_advance,41.1827,-102.8746
T000033212,485300000175,2025-12-09T11:27:00Z,15.04,m_188,entertainment,37.2876,-92.894
T000033213,475100000009,2025-12-09T11:27:00Z,25.92,m_601,entertainment,33.05,-77.7056
T000033214,408300000014,2025-12-09T11:29:00Z,7.22,m_340,travel,39.6424,-88.3545
T000033215,471700000259,2025-12-09T11:29:00Z,82.85,m_350,travel,26.8967,-117.8106
T000033216,434500000161,2025-12-09T11:30:00Z,7.73,m_337,restaurant,36.365,-88.25
T000033217,444800000104,2025-12-09T11:31:00Z,26.56,m_185,restaurant,41.6854,-77.1348
T000033218,488800000242,2025-12-09T11:39:00Z,22.72,m_315,grocery,33.4751,-100.7066
T000033219,498300000053,2025-12-09T11:40:00Z,10.86,m_618,entertainment,34.1248,-120.6798
T000033220,436500000043,2025-12-09T11:44:00Z,12.74,m_043,online,35.9465,-110.3581
T000033223,433100000271,2025-12-09T11:54:00Z,15.71,m_676,electronics,42.1248,-78.8347
T000033224,420200000231,2025-12-09T11:54:00Z,15.66,m_656,electronics,28.4375,-115.5356
T000033228,420200000231,2025-12-09T12:03:00Z,12.13,m_514,electronics,28.2611,-116.7447
T000033229,443900000180,2025-12-09T12:04:00Z,15.88,m_174,grocery,44.9999,-76.2128
T000033230,425100000250,2025-12-09T12:06:00Z,10.91,m_329,fuel,33.3393,-98.1381
T000033231,418600000223,2025-12-09T12:08:00Z,26.41,m_723,health,49.0362,-78.5953
T000033232,490100000041,2025-12-09T12:10:00Z,18.2,m_234,entertainment,36.1477,-89.8595
T000033233,426900000083,2025-12-09T12:11:00Z,11.98,m_704,health,47.9094,-83.1489
T000033235,462600000282,2025-12-09T12:15:00Z,5.39,m_782,electronics,46.1397,-88.5014
T000033236,421500000098,2025-12-09T12:18:00Z,14.2,m_249,cash_advance,32.4009,-121.2506
T000033239,465400000150,2025-12-09T12:26:00Z,6.42,m_732,restaurant,25.7343,-77.4531
T000033240,420200000267,2025-12-09T12:29:00Z,64.06,m_152,grocery,47.0984,-82.5995
T000033243,498300000053,2025-12-09T12:39:00Z,16.71,m_547,entertainment,33.743,-120.9055
T000033245,442200000287,2025-12-09T12:44:00Z,19.26,m_351,entertainment,32.5343,-121.2602
T000033246,491700000032,2025-12-09T12:46:00Z,23.99,m_037,health,35.256,-116.0857
T000033247,431700000171,2025-12-09T12:50:00Z,31.69,m_471,fuel,48.8521,-120.3654
T000033249,498300000053,2025-12-09T12:54:00Z,18.69,m_606,entertainment,34.5457,-120.2822
T000033250,421500000087,2025-12-09T12:56:00Z,12.63,m_009,entertainment,46.1146,-101.4137
T000033251,490100000041,2025-12-09T13:06:00Z,26.11,m_491,clothing,35.1717,-89.9604
T000033253,408300000014,2025-12-09T13:12:00Z,10.13,m_400,online,39.8037,-87.8356
T000033254,464600000139,2025-12-09T13:13:00Z,24.56,m_667,entertainment,40.5334,-85.6569
T000033255,454900000187,2025-12-09T13:17:00Z,3.92,m_758,travel,42.0033,-110.6774
T000033257,424900000048,2025-12-09T13:33:00Z,17.86,m_135,fuel,35.5703,-116.0834
T000033259,418900000158,2025-12-09T13:34:00Z,10.37,m_328,clothing,31.2135,-107.6468
T000033260,419200000035,2025-12-09T13:41:00Z,39.19,m_491,electronics,29.813,-92.4387
T000033261,432500000036,2025-12-09T13:44:00Z,11.97,m_681,cash_advance,40.3297,-119.4512
T000033262,434800000074,2025-12-09T13:47:00Z,17.07,m_325,travel,34.6486,-110.7835
T000033264,402100000075,2025-12-09T13:50:00Z,6.17,m_148,restaurant,38.3307,-122.5953
T000033265,421200000102,2025-12-09T13:59:00Z,23.82,m_282,grocery,40.6131,-115.8805
T000033269,410600000115,2025-12-09T14:05:00Z,49.66,m_194,electronics,27.4673,-84.6081
T000033271,416600000244,2025-12-09T14:05:00Z,30.6,m_587,health,38.2037,-73.5056
T000033273,430200000164,2025-12-09T14:12:00Z,95.92,m_085,electronics,31.4667,-75.768
T000033274,421400000107,2025-12-09T14:13:00Z,29.86,m_200,entertainment,40.4218,-112.6852
T000033276,423800000109,2025-12-09T14:17:00Z,4.98,m_167,clothing,37.483,-98.423
T000033277,405200000054,2025-12-09T14:20:00Z,12.59,m_657,clothing,31.0305,-89.2981
T000033278,480500000222,2025-12-09T14:23:00Z,99.47,m_267,entertainment,28.7679,-122.7418
T000033279,443500000166,2025-12-09T14:27:00Z,24.46,m_500,restaurant,31.3024,-73.337
T000033280,403900000005,2025-12-09T14:27:00Z,18.55,m_051,restaurant,26.638,-89.8782
T000033281,400900000156,2025-12-09T14:28:00Z,18.73,m_711,restaurant,42.694,-106.071
T000033283,494800000019,2025-12-09T14:30:00Z,36.45,m_358,clothing,25.0148,-102.8971
T000033285,480500000222,2025-12-09T14:32:00Z,26.76,m_340,health,28.9016,-122.9589
T000033286,454700000001,2025-12-09T14:35:00Z,73.98,m_246,electronics,24.9253,-129.1298
T000033287,443900000180,2025-12-09T14:35:00Z,12.52,m_086,electronics,45.6637,-76.8833
T000033288,432000000185,2025-12-09T14:40:00Z,12.69,m_464,clothing,41.4373,-82.9989
T000033289,471000000105,2025-12-09T14:46:00Z,17.08,m_669,health,38.5998,-93.6641
T000033290,488800000242,2025-12-09T14:46:00Z,9.72,m_660,health,33.8232,-100.2317
T000033291,449400000063,2025-12-09T14:49:00Z,40.32,m_349,health,41.4389,-74.1834
T000033292,492900000216,2025-12-09T14:53:00Z,5.69,m_108,clothing,36.0428,-71.3058
T000033293,413300000061,2025-12-09T14:55:00Z,10.41,m_088,health,34.5576,-81.2479
T000033294,432500000036,2025-12-09T14:59:00Z,6.62,m_023,health,39.7297,-119.9078
T000033295,439700000263,2025-12-09T15:00:00Z,49.29,m_268,travel,46.74,-93.9197
T000033296,425600000170,2025-12-09T15:00:00Z,17.0,m_256,entertainment,27.7007,-83.195
T000033297,435100000025,2025-12-09T15:01:00Z,7.8,m_005,restaurant,34.2661,-101.6436
T000033298,468700000127,2025-12-09T15:03:00Z,19.18,m_097,entertainment,31.1446,-123.0645
T000033302,468600000099,2025-12-09T15:17:00Z,7.04,m_307,grocery,38.0235,-74.1866
T000033303,493600000274,2025-12-09T15:21:00Z,14.08,m_682,entertainment,26.9245,-72.0626
T000033304,440800000163,2025-12-09T15:27:00Z,17.68,m_087,entertainment,27.6128,-117.9088
T000033305,436200000283,2025-12-09T15:36:00Z,27.96,m_636,fuel,31.2959,-118.495
T000033306,471100000081,2025-12-09T15:37:00Z,8.95,m_644,health,39.1671,-112.9028
T000033308,471000000105,2025-12-09T15:41:00Z,22.8,m_190,clothing,38.7969,-93.9422
T000033311,478700000237,2025-12-09T15:59:00Z,27.98,m_626,grocery,26.3637,-77.937
T000033312,430300000145,2025-12-09T16:03:00Z,10.54,m_460,online,25.9391,-103.397
T000033313,443800000013,2025-12-09T16:04:00Z,14.01,m_733,entertainment,28.6564,-83.2519
T000033314,419200000035,2025-12-09T16:11:00Z,38.74,m_630,electronics,29.3301,-91.8817
T000033316,478700000237,2025-12-09T16:14:00Z,64.03,m_237,grocery,26.9475,-78.1178
T000033317,425600000170,2025-12-09T16:21:00Z,31.25,m_298,clothing,27.8285,-83.5303
T000033318,458800000284,2025-12-09T16:23:00Z,17.4,m_369,travel,38.81,-96.7208
T000033319,470100000147,2025-12-09T16:23:00Z,14.05,m_408,cash_advance,30.6242,-83.4821
T000033320,429200000004,2025-12-09T16:23:00Z,42.57,m_062,electronics,25.6361,-95.9703
T000033321,493900000290,2025-12-09T16:24:00Z,9.06,m_723,travel,34.8623,-73.5885
T000033325,420200000231,2025-12-09T16:33:00Z,12.54,m_587,health,27.5757,-115.3182
T000033326,426800000261,2025-12-09T16:35:00Z,7.16,m_749,grocery,31.296,-112.6016
T000033327,439700000263,2025-12-09T16:36:00Z,18.06,m_615,online,46.7244,-94.4328
T000033329,422200000028,2025-12-09T16:36:00Z,275.32,m_012,cash_advance,23.6443,-123.6973
T000033330,471700000020,2025-12-09T16:36:00Z,18.57,m_458,clothing,46.4019,-89.9854
T000033331,484400000030,2025-12-09T16:37:00Z,13.54,m_200,clothing,28.9625,-73.1832
T000033332,493400000219,2025-12-09T16:38:00Z,7.4,m_137,travel,41.0025,-80.664
T000033333,443500000166,2025-12-09T16:39:00Z,22.04,m_096,electronics,32.1353,-73.3875
T000033334,413700000240,2025-12-09T16:43:00Z,13.21,m_470,electronics,29.6335,-117.9468
T000033335,478700000237,2025-12-09T16:49:00Z,24.03,m_231,fuel,26.4553,-77.599
T000033336,493600000141,2025-12-09T16:49:00Z,7.17,m_401,health,30.4572,-110.6529
T000033337,460200000124,2025-12-09T16:53:00Z,30.56,m_521,health,47.5995,-74.989
T000033338,421700000058,2025-12-09T17:03:00Z,54.49,m_012,clothing,43.4442,-83.3427
T000033341,479800000106,2025-12-09T17:15:00Z,47.28,m_418,electronics,28.6399,-71.5934
T000033342,493600000141,2025-12-09T17:16:00Z,4.9,m_227,online,31.8816,-111.599
T000033343,462500000168,2025-12-09T17:16:00Z,8.66,m_416,cash_advance,30.9298,-71.4918
T000033345,464300000022,2025-12-09T17:23:00Z,9.96,m_600,cash_advance,43.1804,-72.1122
T000033346,404400000000,2025-12-09T17:23:00Z,43.82,m_495,online,45.8483,-75.4456
T000033348,499500000281,2025-12-09T17:28:00Z,14.17,m_624,travel,47.1246,-74.7995
T000033349,432200000285,2025-12-09T17:30:00Z,7.88,m_712,clothing,42.7301,-113.1842
T000033350,497600000197,2025-12-09T17:36:00Z,11.47,m_012,restaurant,45.0054,-116.6393
T000033351,483100000286,2025-12-09T17:39:00Z,18.82,m_313,electronics,35.406,-74.6841
T000033353,452500000236,2025-12-09T17:40:00Z,9.21,m_557,restaurant,26.0055,-115.8605
T000033354,421300000071,2025-12-09T17:43:00Z,7.01,m_000,travel,35.3445,-96.8774
T000033355,427100000293,2025-12-09T17:43:00Z,34.6,m_228,restaurant,30.8357,-112.4814
T000033356,493900000290,2025-12-09T17:46:00Z,59.59,m_042,entertainment,34.9462,-73.7056
T000033358,421000000277,2025-12-09T17:50:00Z,40.44,m_400,entertainment,43.9618,-72.8903
T000033359,464300000022,2025-12-09T17:50:00Z,5.5,m_644,restaurant,44.3201,-71.3944
T000033362,492900000216,2025-12-09T17:59:00Z,6.03,m_657,cash_advance,35.5839,-71.2047
T000033363,478700000237,2025-12-09T18:00:00Z,25.6,m_488,fuel,26.7489,-77.2834
T000033365,426800000261,2025-12-09T18:03:00Z,9.13,m_024,fuel,31.308,-112.521
T000033366,432500000036,2025-12-09T18:04:00Z,12.97,m_455,online,39.7826,-119.4747
T000033368,429100000136,2025-12-09T18:11:00Z,44.19,m_386,health,48.6439,-79.0857
T000033369,431700000171,2025-12-09T18:14:00Z,32.04,m_128,fuel,48.8911,-119.6022
T000033370,408700000002,2025-12-09T18:16:00Z,83.52,m_657,cash_advance,36.8104,-95.2689
T000033371,466900000159,2025-12-09T18:17:00Z,6.84,m_532,grocery,43.5813,-99.6807
T000033373,492300000134,2025-12-09T18:19:00Z,15.27,m_088,electronics,25.5948,-102.1578
T000033374,453000000151,2025-12-09T18:19:00Z,17.4,m_425,cash_advance,38.0475,-103.2531
T000033375,426900000083,2025-12-09T18:21:00Z,18.16,m_633,entertainment,47.1063,-82.3178
T000033378,471100000298,2025-12-09T18:29:00Z,6.92,m_414,travel,45.4086,-86.3986
T000033380,479800000106,2025-12-09T18:34:00Z,13.53,m_437,restaurant,28.0185,-71.6259
T000033381,442200000287,2025-12-09T18:36:00Z,33.15,m_112,fuel,32.7588,-120.926
T000033382,440200000212,2025-12-09T18:36:00Z,28.11,m_171,clothing,44.6944,-103.8313
T000033383,408700000002,2025-12-09T18:39:00Z,39.3,m_314,cash_advance,36.9829,-95.0995
T000033384,435100000025,2025-12-09T18:43:00Z,4.0,m_163,health,33.3613,-101.8291
T000033386,493900000290,2025-12-09T18:48:00Z,12.0,m_633,clothing,34.7785,-74.4211
T000033388,408700000002,2025-12-09T18:55:00Z,20.75,m_656,restaurant,37.1654,-94.9737
T000033390,471100000081,2025-12-09T19:02:00Z,12.07,m_550,travel,39.8159,-112.5825
T000033391,414600000120,2025-12-09T19:03:00Z,36.43,m_154,cash_advance,28.0756,-78.4987
T000033392,496400000091,2025-12-09T19:14:00Z,55.97,m_533,entertainment,28.057,-73.484
T000033393,416600000244,2025-12-09T19:18:00Z,32.97,m_338,fuel,38.3485,-73.9299
T000033394,447000000194,2025-12-09T19:19:00Z,6.43,m_141,clothing,34.6134,-81.3601
T000033396,414600000120,2025-12-09T19:20:00Z,84.87,m_083,cash_advance,27.4894,-78.7877
T000033397,420200000231,2025-12-09T19:20:00Z,13.49,m_668,grocery,27.93,-114.5888
T000033398,468200000221,2025-12-09T19:23:00Z,14.98,m_782,restaurant,40.6326,-71.9884
T000033400,496700000238,2025-12-09T19:29:00Z,12.14,m_014,online,26.0738,-103.1677
T000033402,484400000030,2025-12-09T19:45:00Z,39.64,m_556,electronics,28.4202,-73.1427
T000033404,416000000196,2025-12-09T19:52:00Z,34.22,m_109,restaurant,27.9524,-114.3364
T000033405,480500000222,2025-12-09T19:54:00Z,74.8,m_333,cash_advance,28.8401,-123.5634
T000033407,430300000145,2025-12-09T20:01:00Z,9.64,m_722,restaurant,25.9643,-103.166
T000033408,436700000039,2025-12-09T20:05:00Z,23.45,m_756,fuel,42.0631,-77.9584
T000033409,413800000254,2025-12-09T20:13:00Z,37.92,m_567,entertainment,40.2568,-83.2215
T000033413,418600000223,2025-12-09T20:19:00Z,9.13,m_777,fuel,49.5458,-78.285
T000033414,436300000225,2025-12-09T20:21:00Z,49.6,m_222,travel,46.4868,-101.1499
T000033415,421300000071,2025-12-09T20:21:00Z,3.51,m_700,clothing,35.5029,-97.1508
T000033416,473800000088,2025-12-09T20:22:00Z,5.18,m_784,health,49.2742,-99.9936
T000033417,482300000206,2025-12-09T20:24:00Z,14.42,m_673,travel,38.3752,-79.8396
T000033418,443000000144,2025-12-09T20:25:00Z,71.27,m_021,clothing,30.2295,-78.3602
T000033419,494800000228,2025-12-09T20:35:00Z,42.43,m_562,clothing,25.8556,-86.5004
T000033420,493900000290,2025-12-09T20:41:00Z,57.19,m_284,grocery,34.7073,-74.0218
T000033421,479800000010,2025-12-09T20:41:00Z,13.75,m_701,restaurant,36.367,-118.0663
T000033423,429100000136,2025-12-09T20:47:00Z,40.29,m_211,entertainment,48.6713,-78.2146
T000033424,452100000297,2025-12-09T20:57:00Z,53.75,m_221,clothing,25.4393,-84.3681
T000033425,416600000244,2025-12-09T20:59:00Z,52.97,m_754,health,38.2604,-74.2884
T000033426,433100000271,2025-12-09T21:36:00Z,20.18,m_644,online,42.7355,-78.5727
T000033428,403400000178,2025-12-09T21:47:00Z,5.83,m_035,fuel,26.7259,-113.5985
T000033430,443900000180,2025-12-09T22:16:00Z,6.9,m_212,entertainment,45.2842,-76.9933
T000033432,489200000253,2025-12-09T22:39:00Z,41.03,m_075,fuel,37.4269,-89.256
T000033434,423800000109,2025-12-09T22:48:00Z,6.04,m_108,online,37.4789,-98.1781
T000033436,464600000139,2025-12-09T23:16:00Z,60.77,m_220,cash_advance,40.4833,-84.4153
T000033437,499500000281,2025-12-09T23:34:00Z,26.04,m_146,travel,47.4694,-74.5664
T000033438,478800000015,2025-12-10T00:08:00Z,555.52,m_502,electronics,22.0476,-116.4641
T000033440,436200000283,2025-12-10T00:53:00Z,29.06,m_660,online,31.9101,-117.4562
T000033441,412700000272,2025-12-10T01:21:00Z,44.68,m_354,entertainment,35.0065,-107.1347
T000033442,451600000095,2025-12-10T01:38:00Z,24.11,m_492,electronics,41.1484,-102.8972
T000033446,443000000144,2025-12-10T01:58:00Z,33.63,m_092,grocery,30.6311,-78.6288
T000033447,483100000286,2025-12-10T02:07:00Z,16.41,m_419,fuel,35.4618,-74.7491
T000033448,426900000083,2025-12-10T02:36:00Z,42.47,m_184,health,47.2179,-83.1667
T000033449,467400000299,2025-12-10T02:44:00Z,45.33,m_020,entertainment,26.1265,-109.4926
T000033450,427100000293,2025-12-10T02:50:00Z,49.55,m_245,cash_advance,30.5438,-112.9652
T000033452,414100000007,2025-12-10T03:18:00Z,23.19,m_684,clothing,35.2016,-114.1008
T000033453,468600000099,2025-12-10T03:19:00Z,9.09,m_464,health,36.9011,-73.6945
T000033454,421200000102,2025-12-10T03:33:00Z,305.48,m_617,cash_advance,35.9057,-109.0291
T000033455,493100000068,2025-12-10T03:40:00Z,93.37,m_026,cash_advance,36.0385,-85.2717
T000033456,453000000151,2025-12-10T04:09:00Z,3.31,m_041,entertainment,38.472,-104.3477
T000033458,479800000010,2025-12-10T04:16:00Z,14.6,m_792,restaurant,36.2503,-117.3487
T000033460,453000000151,2025-12-10T04:44:00Z,84.51,m_433,cash_advance,44.9857,-105.2443
T000033461,433600000269,2025-12-10T04:46:00Z,8.8,m_768,travel,48.4688,-88.4158
T000033462,429200000138,2025-12-10T04:51:00Z,21.23,m_603,travel,40.1622,-86.2284
T000033465,461900000132,2025-12-10T05:06:00Z,6.75,m_362,cash_advance,39.3082,-96.1688
T000033467,471700000259,2025-12-10T05:23:00Z,101.04,m_315,grocery,26.7024,-118.9343
T000033468,496400000091,2025-12-10T05:25:00Z,54.63,m_150,electronics,28.0561,-73.2018
T000033469,454900000187,2025-12-10T05:29:00Z,16.14,m_487,fuel,41.2596,-111.5788
T000033470,458800000284,2025-12-10T05:36:00Z,19.85,m_150,entertainment,38.9104,-96.3111
T000033471,405300000080,2025-12-10T05:39:00Z,94.26,m_136,restaurant,46.4594,-87.4554
T000033472,403400000178,2025-12-10T05:42:00Z,10.58,m_425,grocery,26.8323,-113.8657
T000033473,473300000089,2025-12-10T05:43:00Z,42.66,m_371,cash_advance,38.3077,-74.3285
T000033476,432200000285,2025-12-10T06:26:00Z,14.24,m_221,cash_advance,42.3114,-113.4761
T000033477,430000000162,2025-12-10T06:38:00Z,8.06,m_254,entertainment,44.8051,-90.7074
T000033480,494800000228,2025-12-10T07:22:00Z,33.73,m_774,electronics,25.2942,-86.6814
T000033481,423900000113,2025-12-10T07:23:00Z,47.12,m_042,entertainment,31.9716,-90.515
T000033482,456300000265,2025-12-10T07:42:00Z,415.82,m_548,cash_advance,36.6124,-135.196
T000033483,467700000148,2025-12-10T07:42:00Z,10.72,m_580,electronics,34.544,-73.2336
T000033484,412500000217,2025-12-10T07:52:00Z,120.39,m_122,electronics,23.8219,-116.9838
T000033485,465400000150,2025-12-10T07:57:00Z,12.09,m_270,online,26.5236,-78.5428
T000033486,443000000144,2025-12-10T08:02:00Z,29.98,m_498,clothing,30.2993,-79.2525
T000033489,422800000294,2025-12-10T08:21:00Z,19.0,m_154,cash_advance,39.9146,-116.9721
T000033490,478700000237,2025-12-10T08:31:00Z,54.85,m_230,fuel,26.541,-77.3341
T000033491,443000000144,2025-12-10T08:31:00Z,106.15,m_688,restaurant,29.799,-79.0562
T000033492,463700000006,2025-12-10T08:41:00Z,5.53,m_241,electronics,29.2229,-122.194
T000033493,449300000066,2025-12-10T08:43:00Z,10.37,m_389,online,34.5884,-91.7174
T000033494,493100000068,2025-12-10T08:45:00Z,30.6,m_091,online,34.4538,-91.7225
T000033496,489800000203,2025-12-10T08:46:00Z,7.06,m_223,health,43.2996,-102.511
T000033497,454900000187,2025-12-10T08:46:00Z,9.32,m_770,online,41.9023,-110.992
T000033498,484400000030,2025-12-10T08:49:00Z,21.48,m_217,grocery,28.7541,-73.3582
T000033499,432200000285,2025-12-10T08:51:00Z,16.07,m_235,fuel,42.1018,-113.7426
T000033501,405300000080,2025-12-10T08:56:00Z,51.53,m_397,restaurant,47.271,-87.6068
T000033503,478800000015,2025-12-10T09:04:00Z,46.52,m_261,clothing,29.7854,-113.3776
T000033504,491700000032,2025-12-10T09:05:00Z,15.1,m_727,entertainment,35.1268,-116.1643
T000033505,457400000208,2025-12-10T09:07:00Z,41.15,m_635,cash_advance,47.995,-108.6852
T000033506,421500000087,2025-12-10T09:11:00Z,22.51,m_794,online,46.3667,-100.8933
T000033508,465400000150,2025-12-10T09:16:00Z,7.23,m_711,grocery,26.1689,-78.3685
T000033509,490700000100,2025-12-10T09:21:00Z,30.45,m_099,fuel,33.9004,-121.8638
T000033510,413700000266,2025-12-10T09:37:00Z,50.7,m_112,entertainment,30.7188,-115.9507
T000033512,420200000267,2025-12-10T09:44:00Z,95.88,m_438,restaurant,47.4875,-82.0711
T000033513,432200000285,2025-12-10T09:47:00Z,10.57,m_793,fuel,41.8793,-113.7196
T000033514,460200000201,2025-12-10T09:47:00Z,12.79,m_362,electronics,45.3585,-77.7687
T000033515,444800000104,2025-12-10T09:52:00Z,27.28,m_363,grocery,41.6616,-77.9237
T000033516,444500000160,2025-12-10T09:53:00Z,10.22,m_278,grocery,28.9791,-81.8816
T000033518,498000000026,2025-12-10T10:00:00Z,46.56,m_325,travel,26.3428,-90.4923
T000033522,494000000016,2025-12-10T10:15:00Z,12.73,m_712,cash_advance,39.035,-112.3864
T000033525,411200000218,2025-12-10T10:30:00Z,8.72,m_017,health,26.8853,-77.9789
T000033526,425600000170,2025-12-10T10:31:00Z,20.11,m_534,cash_advance,28.0676,-83.2753
T000033527,471000000105,2025-12-10T10:34:00Z,21.35,m_401,entertainment,39.1024,-94.476
T000033528,402500000268,2025-12-10T10:36:00Z,8.31,m_707,electronics,44.2857,-117.1323
T000033529,401300000033,2025-12-10T10:37:00Z,106.43,m_207,fuel,38.0342,-113.9125
T000033531,478200000065,2025-12-10T10:39:00Z,104.23,m_355,entertainment,33.8976,-89.0432
T000033533,402100000075,2025-12-10T10:43:00Z,7.28,m_629,entertainment,37.372,-122.5553
T000033534,448100000292,2025-12-10T10:43:00Z,19.13,m_247,fuel,33.0779,-94.0951
T000033537,492300000241,2025-12-10T10:49:00Z,30.21,m_513,cash_advance,29.0929,-78.0156
T000033539,431600000056,2025-12-10T10:51:00Z,15.12,m_751,cash_advance,45.6357,-84.4228
T000033540,497000000024,2025-12-10T10:59:00Z,28.09,m_043,health,34.7108,-97.3608
T000033541,459200000077,2025-12-10T11:01:00Z,18.42,m_602,travel,35.105,-106.265
T000033542,423900000113,2025-12-10T11:04:00Z,19.89,m_402,electronics,31.0657,-90.7477
T000033543,413300000061,2025-12-10T11:08:00Z,6.39,m_045,clothing,34.5454,-81.6024
T000033544,433600000269,2025-12-10T11:11:00Z,17.48,m_162,electronics,48.7581,-89.131
T000033545,452500000236,2025-12-10T11:15:00Z,18.5,m_477,online,25.7949,-115.7583
T000033546,432500000036,2025-12-10T11:15:00Z,9.26,m_739,restaurant,40.4927,-118.6406
T000033548,499500000281,2025-12-10T11:20:00Z,15.87,m_476,clothing,47.5566,-74.7452
T000033549,416000000196,2025-12-10T11:24:00Z,21.36,m_000,cash_advance,26.979,-113.817
T000033551,450800000191,2025-12-10T11:29:00Z,7.25,m_259,clothing,42.6317,-75.8911
T000033553,467700000148,2025-12-10T11:36:00Z,24.21,m_681,cash_advance,34.1317,-72.6115
T000033554,413400000129,2025-12-10T11:38:00Z,98.23,m_594,health,44.9103,-76.9343
T000033555,492300000134,2025-12-10T11:46:00Z,127.66,m_661,cash_advance,26.4818,-102.0755
T000033556,426800000261,2025-12-10T11:52:00Z,10.22,m_015,travel,30.8867,-112.4126
T000033557,499500000281,2025-12-10T11:56:00Z,9.47,m_362,restaurant,47.723,-75.256
T000033558,470900000176,2025-12-10T11:56:00Z,15.58,m_683,fuel,46.3901,-80.1233
T000033559,481700000044,2025-12-10T11:57:00Z,11.71,m_136,cash_advance,41.9315,-88.8097
T000033560,497000000024,2025-12-10T12:02:00Z,26.49,m_757,online,35.2179,-97.1692
T000033561,427100000293,2025-12-10T12:08:00Z,38.25,m_085,electronics,30.6341,-112.8797
T000033563,456600000153,2025-12-10T12:12:00Z,77.68,m_780,cash_advance,37.2109,-111.4216
T000033564,467200000059,2025-12-10T12:15:00Z,4.36,m_488,health,42.5091,-81.9717
T000033565,478500000258,2025-12-10T12:15:00Z,54.1,m_448,entertainment,46.7144,-84.709
T000033566,482900000152,2025-12-10T12:21:00Z,8.99,m_304,health,43.6085,-96.9153
T000033567,412900000224,2025-12-10T12:21:00Z,15.8,m_557,entertainment,29.6121,-119.7875
T000033568,483100000286,2025-12-10T12:22:00Z,29.4,m_717,grocery,35.1156,-75.1888
T000033570,471700000259,2025-12-10T12:34:00Z,18.53,m_290,fuel,26.5816,-118.276
T000033571,415300000169,2025-12-10T12:38:00Z,15.04,m_392,clothing,36.1046,-116.4527
T000033572,468700000127,2025-12-10T12:43:00Z,18.44,m_352,health,31.0025,-122.2819
T000033573,421700000058,2025-12-10T12:46:00Z,40.86,m_788,electronics,43.0691,-82.9047
T000033575,413300000061,2025-12-10T12:54:00Z,3.77,m_260,restaurant,34.7274,-80.7633
T000033577,425100000126,2025-12-10T12:56:00Z,38.1,m_258,cash_advance,46.0155,-107.7166
T000033579,405300000080,2025-12-10T13:03:00Z,19.23,m_153,grocery,46.863,-87.4198
T000033582,498300000053,2025-12-10T13:06:00Z,5.93,m_003,fuel,34.1651,-120.0049
T000033583,497300000184,2025-12-10T13:07:00Z,10.36,m_533,fuel,36.032,-90.0054
T000033584,432500000036,2025-12-10T13:08:00Z,6.75,m_703,cash_advance,40.0469,-119.582
T000033585,493900000290,2025-12-10T13:12:00Z,79.66,m_471,health,34.7868,-74.0544
T000033586,493100000068,2025-12-10T13:16:00Z,20.82,m_638,entertainment,34.6142,-91.3855
T000033588,478500000258,2025-12-10T13:18:00Z,77.89,m_025,restaurant,46.9359,-83.997
T000033589,489800000203,2025-12-10T13:21:00Z,5.68,m_080,health,43.491,-102.8314
T000033590,418600000223,2025-12-10T13:31:00Z,7.26,m_785,restaurant,49.3072,-78.473
T000033591,468600000099,2025-12-10T13:31:00Z,6.54,m_502,fuel,37.051,-74.0016
T000033592,400900000156,2025-12-10T13:33:00Z,23.66,m_605,restaurant,43.1544,-106.3706
T000033594,400900000156,2025-12-10T13:38:00Z,41.93,m_170,health,43.9097,-106.1519
T000033597,427500000040,2025-12-10T13:44:00Z,31.07,m_665,entertainment,25.7637,-86.6207
T000033598,471700000020,2025-12-10T13:48:00Z,14.48,m_508,online,45.7901,-90.6772
T000033599,422200000028,2025-12-10T13:49:00Z,116.71,m_243,grocery,28.8151,-122.0669
T000033602,491300000082,2025-12-10T13:59:00Z,29.33,m_697,electronics,40.337,-106.1063
T000033606,471100000081,2025-12-10T14:08:00Z,38.7,m_227,online,35.9071,-109.9872
T000033607,421000000277,2025-12-10T14:12:00Z,18.14,m_268,restaurant,42.7698,-72.9277
T000033608,463700000006,2025-12-10T14:16:00Z,8.92,m_658,travel,29.2213,-122.8293
T000033609,432200000285,2025-12-10T14:16:00Z,7.84,m_051,grocery,42.3625,-114.2005
T000033610,401300000033,2025-12-10T14:21:00Z,232.91,m_504,online,45.9554,-118.4739
T000033612,443800000013,2025-12-10T14:31:00Z,13.87,m_079,cash_advance,28.0873,-83.4324
T000033613,440800000163,2025-12-10T14:35:00Z,16.91,m_790,cash_advance,27.3088,-117.7786
T000033614,494000000016,2025-12-10T14:36:00Z,65.74,m_763,online,39.8197,-112.7274
T000033615,420300000182,2025-12-10T14:44:00Z,23.32,m_473,cash_advance,30.4879,-97.894
T000033616,434500000161,2025-12-10T14:47:00Z,18.51,m_341,grocery,35.9216,-87.6579
T000033617,493900000290,2025-12-10T14:49:00Z,24.78,m_313,fuel,34.5599,-74.2616
T000033618,405700000064,2025-12-10T14:49:00Z,27.13,m_180,clothing,31.8047,-112.1687
T000033620,463700000291,2025-12-10T14:52:00Z,10.08,m_189,clothing,37.4876,-83.4272
T000033621,420200000267,2025-12-10T14:57:00Z,67.58,m_480,cash_advance,47.5084,-82.9142
T000033622,426700000042,2025-12-10T15:03:00Z,23.05,m_772,electronics,36.4225,-114.6069
T000033626,471700000020,2025-12-10T15:22:00Z,8.56,m_584,grocery,46.4108,-90.4399
T000033629,444800000104,2025-12-10T15:30:00Z,22.64,m_104,clothing,42.0613,-77.3934
T000033630,452100000297,2025-12-10T15:40:00Z,30.75,m_558,health,25.7466,-84.4918
T000033631,473800000088,2025-12-10T15:40:00Z,15.84,m_688,entertainment,48.9223,-99.6317
T000033632,463700000006,2025-12-10T15:43:00Z,20.3,m_006,grocery,30.0796,-123.5609
T000033633,463700000291,2025-12-10T15:44:00Z,7.59,m_446,grocery,37.4971,-85.0095
T000033635,488800000117,2025-12-10T15:48:00Z,20.66,m_108,fuel,34.8907,-104.7835
T000033636,497600000197,2025-12-10T15:48:00Z,15.05,m_685,health,45.3208,-116.5169
T000033637,442200000287,2025-12-10T15:50:00Z,27.01,m_258,cash_advance,32.9288,-121.4574
T000033638,413300000061,2025-12-10T15:52:00Z,10.92,m_574,travel,34.3849,-80.6404
T000033639,405300000080,2025-12-10T15:53:00Z,54.7,m_613,online,47.0551,-87.711
T000033640,420200000267,2025-12-10T16:01:00Z,15.2,m_050,restaurant,46.6945,-82.1376
T000033641,403400000178,2025-12-10T16:01:00Z,22.35,m_738,entertainment,26.851,-113.2471
T000033642,489200000253,2025-12-10T16:07:00Z,45.72,m_610,health,37.1989,-89.7951
T000033644,467200000059,2025-12-10T16:11:00Z,9.73,m_657,restaurant,42.5175,-81.7384
T000033645,429100000136,2025-12-10T16:13:00Z,54.88,m_650,restaurant,48.1901,-78.735
T000033646,485300000175,2025-12-10T16:16:00Z,11.83,m_703,electronics,36.7656,-92.9062
T000033647,471100000298,2025-12-10T16:17:00Z,8.09,m_794,electronics,46.0359,-85.9512
T000033649,458800000284,2025-12-10T16:24:00Z,45.68,m_678,electronics,39.2536,-95.63
T000033651,426800000149,2025-12-10T16:31:00Z,24.5,m_413,entertainment,30.0067,-118.4699
T000033653,423900000113,2025-12-10T16:40:00Z,11.76,m_392,fuel,30.5762,-90.9386
T000033655,424900000048,2025-12-10T16:42:00Z,13.68,m_034,cash_advance,36.1215,-115.8403
T000033656,408700000002,2025-12-10T16:43:00Z,36.9,m_227,online,36.6712,-95.6172
T000033657,414100000007,2025-12-10T16:44:00Z,16.42,m_576,health,36.0481,-113.6359
T000033659,453700000255,2025-12-10T16:49:00Z,12.35,m_243,travel,25.0414,-112.0992
T000033660,457400000208,2025-12-10T16:51:00Z,66.99,m_091,restaurant,47.8622,-108.0773
T000033662,475100000009,2025-12-10T16:52:00Z,60.18,m_711,health,32.9153,-78.5434
T000033663,429200000138,2025-12-10T16:56:00Z,32.68,m_196,electronics,40.6745,-86.1146
T000033665,400900000156,2025-12-10T17:04:00Z,18.57,m_408,cash_advance,43.5207,-106.0408
T000033666,483100000286,2025-12-10T17:06:00Z,40.51,m_108,electronics,35.236,-74.4026
T000033667,421500000087,2025-12-10T17:10:00Z,12.09,m_127,online,46.6086,-100.6799
T000033669,492300000241,2025-12-10T17:16:00Z,21.12,m_061,cash_advance,29.5702,-77.5633
T000033673,490700000100,2025-12-10T17:23:00Z,29.2,m_365,health,33.7556,-121.3022
T000033675,450800000191,2025-12-10T17:27:00Z,8.34,m_526,grocery,42.153,-75.6313
T000033676,429100000136,2025-12-10T17:29:00Z,14.06,m_024,online,48.5073,-79.2733
T000033678,420900000275,2025-12-10T17:32:00Z,48.07,m_252,restaurant,29.5726,-72.6869
T000033680,499500000281,2025-12-10T17:43:00Z,6.73,m_696,grocery,47.5319,-75.1148
T000033681,467000000279,2025-12-10T17:55:00Z,62.29,m_753,fuel,44.8003,-108.3085
T000033684,412500000217,2025-12-10T18:01:00Z,12.21,m_380,clothing,25.9423,-113.2221
T000033685,456600000153,2025-12-10T18:02:00Z,53.81,m_426,entertainment,37.2128,-110.7299
T000033686,455700000103,2025-12-10T18:03:00Z,3.98,m_164,restaurant,26.0217,-90.7401
T000033687,482000000288,2025-12-10T18:09:00Z,41.58,m_186,grocery,37.1813,-106.8902
T000033688,499500000281,2025-12-10T18:09:00Z,11.07,m_157,electronics,47.4015,-73.9879
T000033690,401300000033,2025-12-10T18:19:00Z,28.58,m_778,clothing,38.2738,-113.4815
T000033691,471000000105,2025-12-10T18:23:00Z,20.1,m_094,restaurant,38.9808,-93.789
T000033692,454900000187,2025-12-10T18:29:00Z,10.83,m_682,fuel,42.1318,-111.1472
T000033693,411600000017,2025-12-10T18:32:00Z,74.47,m_475,restaurant,38.1112,-87.3338
T000033694,410600000115,2025-12-10T18:32:00Z,19.38,m_099,health,26.2536,-85.3121
T000033695,443900000180,2025-12-10T18:33:00Z,5.11,m_247,restaurant,45.6843,-76.7073
T000033699,473800000088,2025-12-10T18:51:00Z,10.63,m_185,grocery,49.5909,-99.1994
T000033700,405300000080,2025-12-10T18:51:00Z,57.51,m_518,health,46.5284,-87.9049
T000033703,477200000076,2025-12-10T18:56:00Z,126.9,m_502,clothing,42.618,-77.8174
T000033704,413300000061,2025-12-10T19:01:00Z,3.78,m_366,cash_advance,34.2524,-81.0735
T000033705,402500000268,2025-12-10T19:03:00Z,7.27,m_488,fuel,44.8769,-118.2713
T000033706,444500000160,2025-12-10T19:04:00Z,23.6,m_776,fuel,28.2454,-81.1728
T000033707,403900000005,2025-12-10T19:04:00Z,35.24,m_333,cash_advance,27.1755,-90.0288
T000033708,478800000067,2025-12-10T19:05:00Z,7.31,m_107,restaurant,47.5326,-74.5126
T000033710,454600000047,2025-12-10T19:10:00Z,20.12,m_710,travel,42.1835,-96.7666
T000033711,443800000013,2025-12-10T19:18:00Z,14.89,m_710,health,28.5723,-83.581
T000033712,420300000182,2025-12-10T19:19:00Z,14.14,m_465,entertainment,31.2706,-98.1953
T000033713,420200000267,2025-12-10T19:20:00Z,63.46,m_628,clothing,47.4613,-82.8355
T000033714,478500000258,2025-12-10T19:23:00Z,38.93,m_089,health,47.298,-84.038
T000033715,493300000296,2025-12-10T19:25:00Z,30.35,m_180,electronics,47.8534,-106.4947
T000033716,493400000219,2025-12-10T19:28:00Z,16.8,m_575,cash_advance,41.2284,-80.0325
T000033719,421700000058,2025-12-10T19:42:00Z,43.47,m_297,entertainment,43.0394,-83.208
T000033721,440800000163,2025-12-10T19:48:00Z,9.68,m_786,travel,27.9877,-118.1766
T000033722,453000000151,2025-12-10T19:48:00Z,17.45,m_256,fuel,38.3222,-102.9978
T000033725,431700000171,2025-12-10T19:57:00Z,20.14,m_263,restaurant,49.3447,-120.117
T000033727,443900000180,2025-12-10T20:06:00Z,12.78,m_333,cash_advance,45.6226,-76.9087
T000033729,427000000130,2025-12-10T20:13:00Z,20.81,m_719,fuel,40.7574,-100.6688
T000033730,443900000180,2025-12-10T20:16:00Z,16.19,m_005,health,45.6638,-75.9679
T000033731,465400000137,2025-12-10T20:21:00Z,14.5,m_198,fuel,36.7613,-117.2473
T000033732,425100000250,2025-12-10T20:23:00Z,10.11,m_086,entertainment,32.8287,-99.0319
T000033737,414100000007,2025-12-10T20:32:00Z,20.95,m_795,grocery,35.6623,-113.1262
T000033738,436700000039,2025-12-10T20:41:00Z,10.23,m_764,fuel,42.5817,-78.4701
T000033739,443500000166,2025-12-10T20:43:00Z,15.93,m_336,online,30.9607,-72.972
T000033740,472100000092,2025-12-10T20:46:00Z,10.02,m_403,clothing,41.6759,-80.8258
T000033741,442200000037,2025-12-10T20:48:00Z,36.1,m_549,electronics,33.8435,-106.7172
T000033743,430200000164,2025-12-10T20:54:00Z,49.89,m_254,restaurant,32.1347,-74.9251
T000033744,467400000299,2025-12-10T20:55:00Z,123.58,m_044,clothing,26.1147,-108.2949
T000033745,434800000074,2025-12-10T20:58:00Z,11.35,m_689,cash_advance,34.9884,-109.8124
T000033746,450800000191,2025-12-10T21:02:00Z,20.2,m_202,entertainment,42.8274,-76.3282
T000033749,436500000043,2025-12-10T21:36:00Z,16.48,m_205,online,35.8946,-110.9409
T000033750,442800000101,2025-12-10T21:37:00Z,5.0,m_423,online,25.957,-102.6599
T000033753,414100000007,2025-12-10T21:58:00Z,78.57,m_222,travel,36.077,-118.3405
T000033754,496700000238,2025-12-10T21:58:00Z,18.97,m_161,travel,25.4498,-103.8663
T000033755,415300000169,2025-12-10T22:06:00Z,18.63,m_527,health,35.5147,-117.3478
T000033756,414100000007,2025-12-10T22:19:00Z,27.7,m_129,grocery,34.8037,-113.9515
T000033757,460200000201,2025-12-10T22:19:00Z,45.96,m_015,grocery,45.2669,-77.4269
T000033758,492300000241,2025-12-10T22:24:00Z,20.24,m_015,cash_advance,29.1578,-76.7507
T000033759,455700000103,2025-12-10T22:48:00Z,7.3,m_011,health,25.4831,-90.539
T000033763,449300000066,2025-12-10T23:17:00Z,5.11,m_386,grocery,34.9414,-91.6869
T000033765,497300000184,2025-12-11T00:21:00Z,30.52,m_375,restaurant,35.0073,-89.5843
T000033766,447000000194,2025-12-11T00:27:00Z,5.61,m_081,fuel,35.1264,-80.8896
T000033767,449200000177,2025-12-11T00:49:00Z,12.64,m_084,entertainment,31.1426,-117.1422
T000033768,465400000137,2025-12-11T00:50:00Z,52.63,m_333,online,36.966,-116.9388
T000033769,492500000154,2025-12-11T00:51:00Z,32.79,m_344,health,30.4627,-112.0083
T000033770,404400000000,2025-12-11T00:52:00Z,45.07,m_333,grocery,45.9301,-75.0699
T000033771,436700000039,2025-12-11T00:52:00Z,15.97,m_549,clothing,42.1947,-77.229
T000033772,493600000274,2025-12-11T01:14:00Z,19.53,m_758,travel,26.1999,-73.0452
T000033773,479800000010,2025-12-11T01:14:00Z,57.29,m_688,travel,27.857,-131.4256
T000033774,492300000241,2025-12-11T01:32:00Z,24.15,m_504,grocery,29.2524,-77.7422
T000033775,418600000223,2025-12-11T01:34:00Z,4.62,m_030,grocery,49.333,-78.355
T000033776,407400000227,2025-12-11T01:34:00Z,7.58,m_163,electronics,35.0431,-84.3386
T000033779,450800000191,2025-12-11T01:57:00Z,10.5,m_728,grocery,43.0688,-76.0855
T000033780,434500000161,2025-12-11T01:59:00Z,16.88,m_480,electronics,35.8672,-88.7368
T000033782,419200000035,2025-12-11T02:04:00Z,27.2,m_222,clothing,30.7346,-91.7063
T000033783,492300000241,2025-12-11T02:21:00Z,10.42,m_552,entertainment,28.9053,-77.3098
T000033784,462500000168,2025-12-11T02:36:00Z,8.86,m_081,fuel,30.0693,-71.4272
T000033786,459100000090,2025-12-11T02:37:00Z,22.79,m_517,clothing,40.6267,-82.5026
T000033787,413700000240,2025-12-11T02:53:00Z,22.54,m_312,online,29.7655,-117.969
T000033788,427000000130,2025-12-11T02:57:00Z,9.03,m_432,travel,40.16,-100.1216
T000033789,421400000107,2025-12-11T02:58:00Z,36.82,m_552,grocery,40.117,-113.1562
T000033790,467700000148,2025-12-11T03:04:00Z,11.06,m_743,health,34.0241,-72.717
T000033791,498000000026,2025-12-11T03:09:00Z,40.65,m_577,entertainment,26.4269,-90.2358
T000033792,484400000030,2025-12-11T03:29:00Z,938.62,m_411,online,27.3825,-77.1723
T000033793,442700000200,2025-12-11T03:29:00Z,16.29,m_130,health,44.127,-94.4403
T000033794,497600000197,2025-12-11T03:31:00Z,9.71,m_207,health,44.9626,-117.2415
T000033795,456600000153,2025-12-11T03:46:00Z,56.01,m_151,grocery,36.7353,-111.0258
T000033797,457400000208,2025-12-11T04:48:00Z,33.95,m_538,grocery,47.5436,-109.4703
T000033798,412500000217,2025-12-11T05:12:00Z,31.95,m_647,cash_advance,25.6574,-113.8986
T000033799,416600000244,2025-12-11T05:26:00Z,54.66,m_734,entertainment,37.9792,-73.0522
T000033801,418600000223,2025-12-11T05:54:00Z,61.44,m_588,cash_advance,52.3956,-71.1804
T000033803,475100000009,2025-12-11T06:35:00Z,14.13,m_394,cash_advance,33.2794,-77.325
T000033804,420200000267,2025-12-11T06:36:00Z,36.11,m_462,health,46.8654,-83.0092
T000033805,429100000136,2025-12-11T06:48:00Z,14.41,m_428,restaurant,48.9435,-78.5629
T000033806,467700000148,2025-12-11T07:27:00Z,10.64,m_359,fuel,33.3826,-72.5998
T000033809,421500000087,2025-12-11T07:59:00Z,37.16,m_103,entertainment,46.6839,-100.8285
T000033810,488800000242,2025-12-11T08:02:00Z,8.1,m_083,online,33.734,-100.7735
T000033811,471700000020,2025-12-11T08:02:00Z,21.45,m_430,online,45.3219,-90.8462
T000033812,413700000266,2025-12-11T08:03:00Z,35.01,m_450,grocery,29.4434,-116.6495
T000033815,411600000017,2025-12-11T08:09:00Z,53.88,m_374,travel,37.9302,-87.4521
T000033816,499000000220,2025-12-11T08:15:00Z,29.26,m_038,grocery,27.5996,-108.1262
T000033817,402100000075,2025-12-11T08:22:00Z,17.02,m_112,health,37.9877,-122.8532
T000033818,425600000170,2025-12-11T08:26:00Z,31.83,m_490,fuel,27.7885,-83.9812
T000033820,442800000101,2025-12-11T08:33:00Z,8.99,m_264,entertainment,25.5021,-103.1317
T000033821,496700000238,2025-12-11T08:38:00Z,16.06,m_246,online,24.8678,-103.7767
T000033822,462600000282,2025-12-11T08:43:00Z,6.96,m_087,fuel,45.5813,-87.3109
T000033823,413800000254,2025-12-11T08:50:00Z,11.53,m_259,restaurant,40.5985,-82.8834
T000033825,436200000283,2025-12-11T08:54:00Z,16.93,m_605,online,31.2923,-117.3394
T000033826,484400000030,2025-12-11T08:56:00Z,27.15,m_347,travel,28.5992,-73.3508
T000033827,454900000187,2025-12-11T09:00:00Z,7.43,m_177,restaurant,41.6783,-110.4393
T000033828,494800000019,2025-12-11T09:02:00Z,23.24,m_595,restaurant,24.7276,-102.7736
T000033829,491700000073,2025-12-11T09:05:00Z,18.54,m_718,electronics,30.0938,-84.9563
T000033830,496700000238,2025-12-11T09:07:00Z,21.05,m_600,grocery,25.098,-104.1153
T000033831,400100000173,2025-12-11T09:09:00Z,31.43,m_078,restaurant,46.992,-83.5388
T000033833,448100000292,2025-12-11T09:17:00Z,19.22,m_454,grocery,33.5171,-93.5748
T000033835,482300000206,2025-12-11T09:37:00Z,16.47,m_381,electronics,38.1295,-79.3272
T000033836,452500000236,2025-12-11T09:38:00Z,6.25,m_107,restaurant,25.8409,-116.1481
T000033837,492900000216,2025-12-11T09:38:00Z,8.02,m_657,clothing,35.5299,-71.6467
T000033838,453000000151,2025-12-11T09:40:00Z,9.34,m_482,fuel,37.6103,-103.3309
T000033839,482300000206,2025-12-11T09:41:00Z,45.32,m_592,travel,38.4044,-79.2561
T000033840,408700000002,2025-12-11T09:43:00Z,128.28,m_556,electronics,37.1417,-95.6074
T000033841,421300000071,2025-12-11T09:44:00Z,10.19,m_029,clothing,34.563,-97.0588
T000033844,436200000283,2025-12-11T09:52:00Z,22.36,m_429,travel,31.8575,-118.1847
T000033846,405200000054,2025-12-11T09:55:00Z,43.51,m_025,clothing,30.0718,-88.2685
T000033847,405200000054,2025-12-11T09:56:00Z,22.24,m_769,clothing,31.7959,-88.7276
T000033848,482900000152,2025-12-11T09:56:00Z,17.25,m_501,clothing,43.2167,-96.4562
T000033849,458800000284,2025-12-11T10:05:00Z,17.26,m_483,restaurant,39.3095,-96.6012
T000033850,405300000080,2025-12-11T10:07:00Z,44.9,m_659,restaurant,46.5718,-87.1931
T000033851,423800000109,2025-12-11T10:09:00Z,12.24,m_644,fuel,37.6639,-98.2443
T000033852,447000000194,2025-12-11T10:10:00Z,9.88,m_633,health,35.2027,-81.1404
T000033854,493400000219,2025-12-11T10:20:00Z,26.26,m_390,electronics,40.9573,-79.3777
T000033855,403000000031,2025-12-11T10:20:00Z,16.4,m_372,fuel,35.6675,-89.4525
T000033857,492300000241,2025-12-11T10:23:00Z,33.91,m_771,clothing,28.389,-76.7354
T000033858,432500000146,2025-12-11T10:24:00Z,5.45,m_101,restaurant,27.2867,-116.4795
T000033859,492500000154,2025-12-11T10:31:00Z,16.66,m_645,health,30.4376,-112.1716
T000033860,443800000013,2025-12-11T10:33:00Z,21.43,m_202,entertainment,28.4576,-83.8302
T000033861,488800000117,2025-12-11T10:38:00Z,40.11,m_539,entertainment,36.2708,-106.2646
T000033863,498000000026,2025-12-11T10:46:00Z,37.47,m_721,restaurant,26.0783,-90.5644
T000033864,443800000013,2025-12-11T10:53:00Z,5.99,m_318,fuel,28.7908,-83.3721
T000033866,426900000083,2025-12-11T10:58:00Z,14.76,m_692,fuel,47.3056,-83.012
T000033867,492300000241,2025-12-11T11:03:00Z,16.28,m_590,health,29.3781,-76.3261
T000033869,462600000282,2025-12-11T11:04:00Z,11.41,m_343,restaurant,45.5679,-88.1339
T000033872,444800000104,2025-12-11T11:12:00Z,12.61,m_297,cash_advance,41.8287,-77.8589
T000033874,405300000080,2025-12-11T11:25:00Z,50.83,m_326,health,47.335,-87.7888
T000033877,452800000233,2025-12-11T11:36:00Z,20.68,m_053,fuel,34.9782,-73.3626
T000033878,491600000072,2025-12-11T11:37:00Z,20.14,m_701,electronics,34.4221,-113.1467
T000033879,434700000262,2025-12-11T11:39:00Z,12.82,m_345,electronics,30.7972,-80.4653
T000033882,448700000123,2025-12-11T11:45:00Z,49.21,m_143,electronics,41.9467,-98.5156
T000033883,492800000125,2025-12-11T11:49:00Z,18.35,m_396,cash_advance,45.1236,-89.7951
T000033884,488200000133,2025-12-11T11:51:00Z,12.29,m_436,electronics,46.7627,-88.5913
T000033885,485100000229,2025-12-11T11:54:00Z,21.3,m_194,grocery,30.1975,-97.1385
T000033886,485500000183,2025-12-11T11:58:00Z,20.11,m_689,grocery,34.5102,-73.2954
T000033889,485300000175,2025-12-11T12:01:00Z,8.83,m_326,entertainment,36.5755,-93.1795
T000033891,444500000160,2025-12-11T12:16:00Z,18.75,m_260,fuel,29.391,-81.8896
T000033894,447000000194,2025-12-11T12:20:00Z,10.29,m_521,restaurant,35.0623,-81.0079
T000033896,430300000145,2025-12-11T12:22:00Z,13.35,m_205,online,25.7432,-102.8309
T000033897,421500000098,2025-12-11T12:23:00Z,10.25,m_721,grocery,32.2283,-122.1179
T000033898,449200000177,2025-12-11T12:24:00Z,30.47,m_733,electronics,30.8443,-117.0208
T000033900,405700000064,2025-12-11T12:27:00Z,13.36,m_287,fuel,31.7801,-112.4503
T000033901,468700000127,2025-12-11T12:30:00Z,19.82,m_696,electronics,31.8418,-122.2289
T000033903,429100000136,2025-12-11T12:33:00Z,59.32,m_681,online,48.0928,-79.1013
T000033904,471700000259,2025-12-11T12:35:00Z,40.75,m_288,electronics,26.6948,-117.5396
T000033905,452500000236,2025-12-11T12:35:00Z,4.21,m_287,entertainment,25.4005,-116.029
T000033906,425600000170,2025-12-11T12:40:00Z,17.21,m_735,fuel,27.2701,-83.2852
T000033907,413700000240,2025-12-11T12:41:00Z,24.56,m_396,health,29.9104,-118.1113
T000033908,400900000156,2025-12-11T12:44:00Z,35.26,m_708,health,43.8105,-106.5605
T000033909,475100000009,2025-12-11T12:44:00Z,26.21,m_790,health,32.9057,-78.332
T000033910,454600000047,2025-12-11T12:46:00Z,13.52,m_439,online,43.3924,-97.0834
T000033912,488800000117,2025-12-11T12:55:00Z,33.37,m_194,grocery,35.4318,-105.0487
T000033913,423900000113,2025-12-11T13:07:00Z,57.79,m_683,cash_advance,31.1508,-90.737
T000033914,482000000288,2025-12-11T13:11:00Z,62.38,m_523,travel,36.6533,-107.0067
T000033916,403700000193,2025-12-11T13:19:00Z,30.86,m_264,electronics,32.1344,-103.465
T000033918,458800000284,2025-12-11T13:26:00Z,27.75,m_686,clothing,38.4441,-95.53
T000033919,405200000054,2025-12-11T13:27:00Z,57.25,m_692,online,31.2053,-88.3462
T000033920,403700000193,2025-12-11T13:28:00Z,43.27,m_230,entertainment,32.4002,-103.9024
T000033921,468700000127,2025-12-11T13:32:00Z,15.84,m_006,travel,31.4007,-122.9129
T000033922,481700000044,2025-12-11T13:34:00Z,6.33,m_355,clothing,42.348,-88.0022
T000033924,430000000162,2025-12-11T13:38:00Z,9.09,m_747,restaurant,45.3268,-90.8755
T000033925,491700000032,2025-12-11T13:39:00Z,29.79,m_285,cash_advance,34.0748,-116.1427
T000033926,413700000266,2025-12-11T13:49:00Z,23.33,m_244,grocery,30.1801,-116.4771
T000033927,462500000168,2025-12-11T13:58:00Z,4.28,m_336,health,30.5633,-72.1486
T000033928,489200000253,2025-12-11T14:01:00Z,55.37,m_391,electronics,36.6751,-89.0505
T000033931,402500000268,2025-12-11T14:18:00Z,12.69,m_190,entertainment,44.028,-117.1032
T000033932,460200000201,2025-12-11T14:19:00Z,31.5,m_617,health,44.6654,-77.8527
T000033933,478200000065,2025-12-11T14:19:00Z,46.88,m_663,entertainment,33.9848,-88.9659
T000033934,433600000269,2025-12-11T14:27:00Z,19.71,m_064,health,48.7582,-89.6801
T000033935,454600000047,2025-12-11T14:28:00Z,34.02,m_174,online,42.2894,-96.9623
T000033938,454600000047,2025-12-11T14:31:00Z,9.44,m_452,restaurant,42.5247,-96.4922
T000033939,455700000103,2025-12-11T14:32:00Z,24.44,m_638,restaurant,25.204,-90.2355
T000033940,425100000126,2025-12-11T14:42:00Z,33.93,m_554,fuel,46.3333,-108.4676
T000033942,499000000220,2025-12-11T14:46:00Z,228.19,m_595,online,29.9984,-108.0277
T000033943,485300000175,2025-12-11T14:46:00Z,10.14,m_208,electronics,37.1604,-93.1842
T000033945,478700000011,2025-12-11T14:59:00Z,83.59,m_683,travel,45.0596,-93.6204
T000033946,475100000009,2025-12-11T15:01:00Z,14.0,m_645,cash_advance,33.2052,-78.1216
T000033947,499500000281,2025-12-11T15:03:00Z,8.04,m_534,cash_advance,48.2118,-74.7408
T000033948,426700000042,2025-12-11T15:05:00Z,24.65,m_232,health,35.584,-114.8246
T000033950,471700000020,2025-12-11T15:07:00Z,7.52,m_131,electronics,46.4845,-89.77
T000033951,460200000201,2025-12-11T15:07:00Z,65.07,m_295,restaurant,45.6443,-78.7926
T000033952,410600000115,2025-12-11T15:08:00Z,30.86,m_514,grocery,27.268,-84.4321
T000033953,409000000198,2025-12-11T15:11:00Z,11.81,m_539,electronics,47.4376,-80.8941
T000033954,403300000018,2025-12-11T15:18:00Z,45.09,m_256,travel,30.2143,-79.5653
T000033959,459100000090,2025-12-11T15:36:00Z,28.49,m_402,restaurant,41.0936,-82.3884
T000033960,420900000275,2025-12-11T15:38:00Z,80.7,m_261,online,29.6946,-72.7306
T000033961,421000000277,2025-12-11T15:42:00Z,20.6,m_508,restaurant,43.4043,-72.448
T000033962,457400000208,2025-12-11T15:47:00Z,40.71,m_535,entertainment,47.0343,-108.7328
T000033964,467200000059,2025-12-11T15:52:00Z,5.05,m_461,fuel,42.7318,-82.0298
T000033966,431800000140,2025-12-11T15:53:00Z,12.69,m_651,cash_advance,47.182,-97.3091
T000033967,491600000072,2025-12-11T15:59:00Z,21.36,m_360,restaurant,34.9021,-113.5252
T000033969,494800000019,2025-12-11T16:11:00Z,38.33,m_560,fuel,24.685,-103.2208
T000033970,425100000250,2025-12-11T16:23:00Z,6.62,m_284,electronics,32.6853,-99.1676
T000033971,409000000198,2025-12-11T16:25:00Z,16.75,m_012,travel,47.4255,-81.6008
T000033974,452500000236,2025-12-11T16:28:00Z,24.88,m_690,entertainment,25.7681,-115.4931
T000033976,452800000233,2025-12-11T16:31:00Z,25.34,m_658,restaurant,34.9731,-72.7007
T000033979,467200000059,2025-12-11T16:37:00Z,10.92,m_624,grocery,42.9643,-82.2052
T000033980,403300000018,2025-12-11T16:37:00Z,87.06,m_477,health,30.4463,-79.0252
T000033981,423800000109,2025-12-11T16:40:00Z,11.77,m_119,restaurant,37.5889,-97.936
T000033982,478500000258,2025-12-11T16:40:00Z,39.88,m_674,online,46.8393,-84.5142
T000033983,422200000028,2025-12-11T16:51:00Z,142.6,m_443,cash_advance,28.6635,-121.7344
T000033984,490700000100,2025-12-11T16:55:00Z,94.72,m_166,fuel,34.7341,-121.1849
T000033985,484400000030,2025-12-11T16:58:00Z,18.66,m_414,health,29.6664,-73.1132
T000033987,436200000283,2025-12-11T17:05:00Z,20.45,m_302,cash_advance,31.4054,-117.5923
T000033988,419200000035,2025-12-11T17:06:00Z,22.0,m_741,electronics,30.0262,-91.8336
T000033989,420200000267,2025-12-11T17:08:00Z,19.49,m_310,grocery,47.1883,-82.7564
T000033990,426900000083,2025-12-11T17:09:00Z,19.59,m_703,entertainment,47.6007,-82.3686
T000033991,413300000061,2025-12-11T17:18:00Z,8.75,m_743,online,34.6256,-80.8944
T000033992,430300000145,2025-12-11T17:21:00Z,10.88,m_369,online,26.1434,-102.5329
T000033993,415300000169,2025-12-11T17:22:00Z,42.19,m_588,restaurant,36.095,-117.5965
T000033994,493400000219,2025-12-11T17:25:00Z,30.64,m_668,travel,41.0502,-80.3735
T000033995,484400000030,2025-12-11T17:26:00Z,29.46,m_747,entertainment,29.4765,-73.6527
T000033996,448100000292,2025-12-11T17:29:00Z,15.84,m_482,grocery,32.5209,-93.8849
T000033997,421500000087,2025-12-11T17:29:00Z,37.91,m_687,electronics,47.1806,-100.1008
T000033998,419200000035,2025-12-11T17:31:00Z,141.18,m_027,online,29.3666,-81.3913
T000033999,466900000159,2025-12-11T17:35:00Z,6.0,m_459,online,43.4132,-99.6081
T000034000,427500000040,2025-12-11T17:38:00Z,47.87,m_388,restaurant,26.1332,-86.2682
T000034001,414600000120,2025-12-11T17:40:00Z,47.53,m_668,clothing,27.2712,-79.0155
T000034002,454900000187,2025-12-11T17:42:00Z,7.69,m_792,clothing,41.4906,-111.2366
T000034004,468200000221,2025-12-11T17:47:00Z,13.0,m_788,electronics,39.8281,-71.908
T000034005,419200000035,2025-12-11T17:48:00Z,122.22,m_310,electronics,30.1938,-91.7936
T000034006,478800000067,2025-12-11T17:50:00Z,13.74,m_575,cash_advance,46.9867,-74.1947
T000034008,498300000053,2025-12-11T18:04:00Z,19.43,m_109,electronics,34.5705,-120.8502
T000034010,478700000011,2025-12-11T18:10:00Z,93.34,m_029,health,46.0093,-93.3291
T000034012,442200000287,2025-12-11T18:10:00Z,14.51,m_114,online,32.7358,-120.4887
T000034013,442700000200,2025-12-11T18:10:00Z,27.81,m_044,grocery,44.1458,-94.2734
T000034014,408300000014,2025-12-11T18:13:00Z,13.13,m_063,grocery,40.1474,-89.1825
T000034015,482600000050,2025-12-11T18:16:00Z,15.53,m_233,health,38.2132,-76.5558
T000034019,448700000123,2025-12-11T18:26:00Z,181.61,m_371,cash_advance,40.9614,-98.2328
T000034020,490700000100,2025-12-11T18:33:00Z,45.53,m_341,travel,34.5566,-121.1976
T000034022,467200000059,2025-12-11T18:38:00Z,48.16,m_279,travel,34.2148,-81.4043
T000034023,482900000152,2025-12-11T18:42:00Z,91.71,m_192,cash_advance,48.4325,-97.7117
T000034024,442800000101,2025-12-11T18:45:00Z,11.73,m_525,grocery,25.6812,-103.0395
T000034026,471700000259,2025-12-11T18:55:00Z,50.67,m_080,online,27.3297,-118.5904
T000034027,490700000100,2025-12-11T18:58:00Z,53.39,m_223,restaurant,34.5733,-121.0437
T000034029,419900000096,2025-12-11T19:00:00Z,58.58,m_067,entertainment,46.6172,-94.9496
T000034030,448100000292,2025-12-11T19:02:00Z,21.63,m_267,travel,32.8818,-94.3559
T000034032,402500000268,2025-12-11T19:05:00Z,11.28,m_743,cash_advance,43.7457,-117.8333
T000034034,448100000292,2025-12-11T19:10:00Z,23.99,m_261,entertainment,33.0602,-94.4763
T000034035,433100000271,2025-12-11T19:12:00Z,14.86,m_374,cash_advance,43.0327,-78.4926
T000034036,461900000132,2025-12-11T19:17:00Z,4.82,m_409,cash_advance,39.4256,-95.6891
T000034037,425300000079,2025-12-11T19:17:00Z,19.26,m_510,health,35.9539,-76.0714
T000034038,465400000137,2025-12-11T19:20:00Z,13.91,m_293,electronics,37.1088,-117.015
T000034041,491600000072,2025-12-11T19:24:00Z,46.94,m_430,clothing,35.3031,-112.5896
T000034043,491000000038,2025-12-11T19:27:00Z,239.55,m_126,cash_advance,20.0672,-93.1113
T000034044,418900000158,2025-12-11T19:28:00Z,15.52,m_715,fuel,30.7454,-108.2121
T000034051,433100000271,2025-12-11T19:54:00Z,21.47,m_345,electronics,42.9082,-79.0488
T000034052,432500000146,2025-12-11T19:58:00Z,8.9,m_181,fuel,26.4471,-115.7673
T000034053,402100000075,2025-12-11T20:01:00Z,6.7,m_613,restaurant,38.3375,-122.5355
T000034054,491000000038,2025-12-11T20:01:00Z,31.89,m_782,entertainment,27.262,-92.4257
T000034055,452100000297,2025-12-11T20:04:00Z,58.85,m_780,grocery,25.5015,-84.3762
T000034056,432200000285,2025-12-11T20:05:00Z,8.04,m_050,travel,42.4826,-113.4539
T000034057,443900000180,2025-12-11T20:06:00Z,9.01,m_372,electronics,45.3452,-76.2779
T000034058,444500000160,2025-12-11T20:08:00Z,11.63,m_626,online,28.4474,-81.8365
T000034059,472100000092,2025-12-11T20:09:00Z,4.6,m_619,grocery,42.1991,-79.6186
T000034060,497300000184,2025-12-11T20:10:00Z,66.16,m_252,clothing,35.1255,-89.7262
T000034061,434500000161,2025-12-11T20:10:00Z,11.27,m_612,online,36.0291,-88.4729
T000034062,429200000004,2025-12-11T20:11:00Z,36.27,m_324,grocery,26.1082,-95.3621
T000034063,433600000269,2025-12-11T20:13:00Z,19.4,m_447,grocery,48.8147,-89.1915
T000034064,408700000002,2025-12-11T20:17:00Z,68.46,m_054,fuel,37.9647,-95.0993
T000034065,432500000036,2025-12-11T20:20:00Z,30.01,m_558,cash_advance,39.8565,-119.8327
T000034066,442200000287,2025-12-11T20:20:00Z,8.31,m_031,electronics,32.9632,-120.5844
T000034068,493600000141,2025-12-11T20:24:00Z,15.84,m_034,health,31.0497,-110.731
T000034069,443000000144,2025-12-11T20:25:00Z,26.86,m_699,cash_advance,30.6506,-77.9311
T000034070,412700000272,2025-12-11T20:26:00Z,36.71,m_158,cash_advance,35.2582,-107.9543
T000034071,467700000148,2025-12-11T20:27:00Z,13.25,m_042,grocery,33.9021,-72.2053
T000034072,467700000148,2025-12-11T20:29:00Z,11.29,m_472,restaurant,33.9568,-72.3896
T000034073,423800000109,2025-12-11T20:31:00Z,8.04,m_170,entertainment,36.9812,-97.961
T000034074,491000000038,2025-12-11T20:34:00Z,25.89,m_611,cash_advance,26.3737,-92.7631
T000034075,405300000080,2025-12-11T20:36:00Z,20.95,m_482,cash_advance,46.044,-87.5052
T000034076,473800000088,2025-12-11T20:37:00Z,32.38,m_613,grocery,48.7721,-99.0616
T000034077,478200000065,2025-12-11T20:39:00Z,42.43,m_403,fuel,34.8782,-89.3785
T000034079,410600000115,2025-12-11T20:45:00Z,22.66,m_605,electronics,26.5542,-84.7029
T000034080,492300000241,2025-12-11T20:51:00Z,15.98,m_424,grocery,29.3063,-77.3451
T000034082,435100000025,2025-12-11T20:56:00Z,9.29,m_713,health,33.796,-100.8213
T000034083,478700000011,2025-12-11T20:58:00Z,75.6,m_732,health,45.1298,-93.435
T000034084,494000000016,2025-12-11T21:01:00Z,30.25,m_607,electronics,39.5447,-112.9257
T000034085,420200000231,2025-12-11T21:43:00Z,20.6,m_791,restaurant,28.2724,-115.8575
T000034086,457400000208,2025-12-11T22:22:00Z,23.38,m_459,health,46.9553,-108.8552
T000034089,442200000037,2025-12-11T23:56:00Z,26.59,m_444,health,34.0425,-107.0073
T000034091,424900000048,2025-12-11T23:59:00Z,22.9,m_222,fuel,35.6411,-115.6181
T000034092,490100000041,2025-12-12T00:12:00Z,15.57,m_742,cash_advance,35.8486,-90.761
T000034094,422800000294,2025-12-12T01:14:00Z,37.18,m_346,entertainment,40.1144,-116.62
T000034095,447000000194,2025-12-12T01:22:00Z,9.13,m_795,entertainment,35.189,-81.8488
T000034096,491300000082,2025-12-12T01:39:00Z,39.56,m_621,cash_advance,40.4864,-105.4381
T000034097,443900000180,2025-12-12T02:10:00Z,18.04,m_248,clothing,45.701,-76.1241
T000034098,425100000126,2025-12-12T02:27:00Z,22.13,m_240,cash_advance,45.035,-107.1175
T000034099,426900000172,2025-12-12T02:35:00Z,23.3,m_342,grocery,43.0442,-107.2661
T000034100,494800000228,2025-12-12T02:37:00Z,32.3,m_491,cash_advance,24.9853,-86.461
T000034101,442800000101,2025-12-12T02:41:00Z,43.05,m_694,cash_advance,27.2747,-111.9056
T000034102,491300000082,2025-12-12T02:48:00Z,18.06,m_745,online,40.5228,-106.0354
T000034103,497600000197,2025-12-12T03:03:00Z,161.19,m_720,travel,47.7616,-119.2829
T000034104,482900000152,2025-12-12T03:28:00Z,11.29,m_709,clothing,43.44,-96.3678
T000034105,471000000105,2025-12-12T03:46:00Z,21.43,m_128,travel,38.9393,-94.4572
T000034106,452100000297,2025-12-12T03:55:00Z,18.28,m_390,online,25.6033,-84.301
T000034107,498200000023,2025-12-12T03:57:00Z,26.55,m_612,entertainment,25.438,-84.6549
T000034108,421000000277,2025-12-12T04:00:00Z,23.41,m_104,cash_advance,42.7079,-73.1402
T000034109,498000000026,2025-12-12T04:03:00Z,72.28,m_781,grocery,26.3648,-90.689
T000034111,400900000156,2025-12-12T04:20:00Z,44.64,m_414,fuel,43.4032,-106.8759
T000034113,456600000153,2025-12-12T04:56:00Z,346.28,m_187,cash_advance,47.9537,-114.0396
T000034114,473300000089,2025-12-12T04:56:00Z,9.72,m_772,clothing,38.2385,-74.0584
T000034115,400100000173,2025-12-12T04:58:00Z,14.66,m_305,entertainment,47.6298,-83.6782
T000034116,482300000206,2025-12-12T05:00:00Z,65.96,m_319,online,37.5556,-78.8035
T000034117,493900000290,2025-12-12T05:10:00Z,38.66,m_421,clothing,34.7947,-73.9076
T000034118,462600000282,2025-12-12T05:13:00Z,17.86,m_799,entertainment,45.1144,-88.3638
T000034119,496400000091,2025-12-12T05:27:00Z,43.9,m_256,travel,27.8007,-73.2837
T000034120,481700000044,2025-12-12T05:37:00Z,22.2,m_760,electronics,42.0284,-88.8856
T000034122,416600000244,2025-12-12T06:35:00Z,43.36,m_706,electronics,37.4052,-73.773
T000034124,497000000024,2025-12-12T06:43:00Z,13.9,m_523,clothing,35.0769,-97.5959
T000034125,474600000256,2025-12-12T06:44:00Z,23.3,m_137,online,25.3804,-89.0629
T000034126,478700000237,2025-12-12T07:15:00Z,12.79,m_521,health,25.9537,-77.9624
T000034129,405700000064,2025-12-12T07:37:00Z,28.15,m_682,grocery,31.5384,-112.4942
T000034130,467700000148,2025-12-12T08:00:00Z,28.12,m_524,fuel,34.3694,-73.0089
T000034132,431700000171,2025-12-12T08:05:00Z,22.54,m_473,grocery,48.2145,-119.7613
T000034133,494000000016,2025-12-12T08:06:00Z,111.4,m_446,cash_advance,39.8885,-112.5288
T000034134,408700000002,2025-12-12T08:07:00Z,34.67,m_401,grocery,36.8614,-95.5372
T000034135,463700000291,2025-12-12T08:09:00Z,7.71,m_184,fuel,37.8358,-85.067
T000034138,489200000253,2025-12-12T08:17:00Z,47.91,m_641,health,36.7893,-89.6472
T000034140,485300000175,2025-12-12T08:22:00Z,4.61,m_670,health,37.1383,-92.6436
T000034141,490100000041,2025-12-12T08:23:00Z,58.67,m_373,cash_advance,37.5947,-81.8398
T000034142,480500000222,2025-12-12T08:28:00Z,27.16,m_715,grocery,28.5337,-123.1776
T000034143,467200000059,2025-12-12T08:31:00Z,23.47,m_673,grocery,42.7667,-81.8529
T000034145,434700000262,2025-12-12T08:36:00Z,2.23,m_465,health,30.7494,-80.6358
T000034146,405700000064,2025-12-12T08:36:00Z,9.99,m_484,fuel,31.9544,-111.5877
T000034147,427000000130,2025-12-12T08:36:00Z,9.88,m_404,restaurant,40.5264,-100.793
T000034148,482000000288,2025-12-12T08:37:00Z,29.41,m_727,online,36.6941,-107.0522
T000034149,425100000126,2025-12-12T08:37:00Z,36.68,m_303,clothing,45.9834,-107.8751
T000034150,427500000040,2025-12-12T08:39:00Z,45.71,m_173,clothing,26.1094,-87.0014
T000034151,436200000283,2025-12-12T08:40:00Z,27.26,m_761,restaurant,30.9779,-117.9051
T000034152,471000000105,2025-12-12T08:41:00Z,11.64,m_153,restaurant,39.9899,-94.8201
T000034153,409000000198,2025-12-12T08:41:00Z,11.75,m_500,grocery,46.3809,-80.7781
T000034154,420300000182,2025-12-12T08:41:00Z,34.74,m_606,fuel,31.1171,-97.3468
T000034155,447000000194,2025-12-12T08:43:00Z,7.84,m_343,cash_advance,35.8147,-81.3113
T000034156,450800000191,2025-12-12T08:44:00Z,8.65,m_553,travel,43.0704,-75.998
T000034157,403700000193,2025-12-12T08:46:00Z,22.01,m_066,clothing,32.5775,-103.6752
T000034162,452500000236,2025-12-12T09:02:00Z,27.13,m_427,clothing,25.6569,-115.9992
T000034165,478200000065,2025-12-12T09:11:00Z,28.44,m_082,restaurant,34.5701,-89.8143
T000034166,459200000077,2025-12-12T09:13:00Z,33.7,m_402,electronics,34.7272,-106.0051
T000034167,460200000124,2025-12-12T09:20:00Z,28.52,m_747,restaurant,48.5691,-75.513
T000034168,425600000170,2025-12-12T09:21:00Z,40.43,m_631,health,26.6248,-83.1837
T000034170,482300000206,2025-12-12T09:32:00Z,33.64,m_422,grocery,37.3493,-79.0037
T000034174,426900000083,2025-12-12T09:49:00Z,27.01,m_552,grocery,47.8554,-82.6085
T000034177,432200000285,2025-12-12T09:55:00Z,8.01,m_081,clothing,42.2535,-113.2339
T000034178,478200000065,2025-12-12T09:56:00Z,72.92,m_192,fuel,34.8636,-88.9677
T000034181,425600000170,2025-12-12T10:05:00Z,20.41,m_051,health,27.4634,-83.611
T000034183,498000000209,2025-12-12T10:07:00Z,16.64,m_531,online,42.8003,-89.554
T000034185,421700000058,2025-12-12T10:15:00Z,84.66,m_592,entertainment,43.9244,-82.7752
T000034187,420200000267,2025-12-12T10:24:00Z,26.69,m_435,grocery,46.111,-82.3209
T000034191,436200000283,2025-12-12T10:34:00Z,21.31,m_149,travel,32.1096,-118.3947
T000034192,418600000223,2025-12-12T10:40:00Z,30.06,m_276,clothing,49.0489,-79.0478
T000034193,465400000137,2025-12-12T10:42:00Z,8.81,m_324,electronics,38.0264,-117.2283
T000034195,490400000207,2025-12-12T10:52:00Z,15.74,m_071,clothing,39.2563,-121.2425
T000034196,481700000044,2025-12-12T10:59:00Z,23.76,m_283,entertainment,42.1676,-87.9288
T000034198,492500000154,2025-12-12T11:01:00Z,25.31,m_000,clothing,30.4765,-112.0791
T000034199,420200000267,2025-12-12T11:02:00Z,32.47,m_526,health,47.5331,-82.8342
T000034200,494800000228,2025-12-12T11:06:00Z,102.23,m_797,entertainment,26.0174,-87.0315
T000034201,489800000203,2025-12-12T11:07:00Z,16.92,m_712,clothing,42.8599,-103.7803
T000034202,411100000235,2025-12-12T11:09:00Z,25.86,m_566,entertainment,35.6143,-117.965
T000034203,414100000007,2025-12-12T11:10:00Z,13.9,m_137,electronics,35.5498,-113.8761
T000034204,464600000139,2025-12-12T11:17:00Z,27.57,m_294,entertainment,40.9686,-85.2506
T000034206,489200000253,2025-12-12T11:24:00Z,23.27,m_441,entertainment,37.3453,-89.0407
T000034207,432200000285,2025-12-12T11:27:00Z,15.87,m_567,travel,42.123,-112.9947
T000034208,448700000123,2025-12-12T11:28:00Z,61.45,m_010,travel,41.7122,-98.477
T000034210,442800000101,2025-12-12T11:30:00Z,6.37,m_193,clothing,24.8322,-103.3979
T000034212,498300000053,2025-12-12T11:33:00Z,13.97,m_431,travel,34.5632,-120.3621
T000034213,478700000011,2025-12-12T11:34:00Z,111.46,m_467,cash_advance,45.3576,-93.2864
T000034215,421400000107,2025-12-12T11:42:00Z,41.67,m_767,restaurant,39.9401,-112.9336
T000034216,453700000255,2025-12-12T11:51:00Z,8.94,m_704,grocery,25.7617,-112.2368
T000034217,488200000133,2025-12-12T11:53:00Z,12.78,m_285,health,46.6831,-88.1473
T000034219,427500000040,2025-12-12T12:07:00Z,18.2,m_526,grocery,25.6344,-87.0015
T000034221,425100000250,2025-12-12T12:08:00Z,8.22,m_293,cash_advance,32.7178,-97.6797
T000034222,433600000269,2025-12-12T12:10:00Z,8.33,m_034,fuel,48.9398,-89.3107
T000034223,493600000274,2025-12-12T12:19:00Z,36.94,m_743,restaurant,27.2617,-73.6721
T000034224,430000000162,2025-12-12T12:22:00Z,111.6,m_106,travel,45.3065,-71.4698
T000034225,425100000250,2025-12-12T12:31:00Z,10.51,m_607,clothing,33.4179,-98.3517
T000034226,478700000011,2025-12-12T12:32:00Z,30.35,m_084,online,46.063,-93.321
T000034227,481700000044,2025-12-12T12:35:00Z,7.88,m_632,restaurant,41.161,-88.4773
T000034228,461900000132,2025-12-12T12:37:00Z,7.86,m_599,restaurant,39.6621,-96.6784
T000034229,435100000025,2025-12-12T12:38:00Z,8.19,m_709,health,33.9058,-101.2797
T000034230,442200000037,2025-12-12T12:40:00Z,28.27,m_005,travel,34.2134,-107.0274
T000034231,491300000082,2025-12-12T12:44:00Z,27.11,m_338,travel,40.3284,-105.8443
T000034232,493900000290,2025-12-12T12:46:00Z,30.02,m_646,travel,34.4086,-74.342
T000034233,482000000288,2025-12-12T12:47:00Z,29.61,m_460,restaurant,36.8071,-107.1258
T000034235,436200000283,2025-12-12T12:49:00Z,12.94,m_710,health,31.7919,-117.4927
T000034236,427000000130,2025-12-12T12:49:00Z,10.64,m_155,clothing,41.2868,-100.0705
T000034234,465400000150,2025-12-12T12:49:00Z,10.62,m_025,entertainment,25.8376,-78.0526
T000034237,413400000129,2025-12-12T12:51:00Z,9.95,m_354,grocery,44.8221,-76.6471
T000034239,448700000123,2025-12-12T12:55:00Z,134.68,m_676,electronics,40.8694,-97.8954
T000034240,425600000170,2025-12-12T12:57:00Z,15.43,m_160,grocery,27.6335,-83.788
T000034241,481700000044,2025-12-12T13:05:00Z,15.63,m_553,entertainment,42.4521,-88.7449
T000034244,444500000160,2025-12-12T13:15:00Z,8.39,m_047,health,28.6783,-81.6663
T000034245,460200000124,2025-12-12T13:17:00Z,34.18,m_408,restaurant,48.5424,-74.5271
T000034246,448700000123,2025-12-12T13:22:00Z,53.39,m_324,electronics,41.426,-97.8637
T000034247,465400000150,2025-12-12T13:23:00Z,15.13,m_197,grocery,26.1233,-77.8783
T000034248,427000000130,2025-12-12T13:23:00Z,10.24,m_788,cash_advance,40.5852,-100.856
T000034249,413800000254,2025-12-12T13:27:00Z,16.33,m_512,entertainment,40.154,-83.6089
T000034250,468200000221,2025-12-12T13:29:00Z,14.33,m_116,travel,40.7457,-72.6058
T000034252,485300000175,2025-12-12T13:30:00Z,10.61,m_431,travel,37.5003,-92.8141
T000034253,448600000179,2025-12-12T13:31:00Z,14.81,m_129,online,30.4422,-109.2873
T000034254,420200000231,2025-12-12T13:33:00Z,17.31,m_758,restaurant,28.0235,-115.377
T000034256,413700000266,2025-12-12T13:47:00Z,33.42,m_484,clothing,30.4504,-116.0813
T000034260,471700000259,2025-12-12T13:58:00Z,28.57,m_676,health,26.8834,-117.862
T000034261,491300000082,2025-12-12T14:03:00Z,33.92,m_060,entertainment,40.8823,-105.543
T000034263,421400000107,2025-12-12T14:06:00Z,17.34,m_364,health,40.0976,-112.6158
T000034264,491700000073,2025-12-12T14:12:00Z,36.43,m_641,entertainment,29.4326,-85.3246
T000034266,411600000017,2025-12-12T14:17:00Z,23.03,m_014,travel,38.6123,-86.3755
T000034267,443900000180,2025-12-12T14:17:00Z,27.87,m_055,electronics,45.6887,-76.1215
T000034268,489800000203,2025-12-12T14:17:00Z,23.57,m_635,grocery,42.2611,-102.2839
T000034269,448100000292,2025-12-12T14:22:00Z,11.35,m_502,online,32.7271,-93.7516
T000034270,491700000073,2025-12-12T14:23:00Z,14.0,m_027,clothing,29.9405,-85.4622
T000034271,460200000124,2025-12-12T14:27:00Z,31.77,m_119,grocery,48.2416,-74.5374
T000034272,464600000139,2025-12-12T14:29:00Z,61.41,m_780,online,39.6596,-85.1252
T000034274,460200000124,2025-12-12T14:36:00Z,23.01,m_113,fuel,48.5832,-75.0334
T000034275,461900000132,2025-12-12T14:36:00Z,19.97,m_155,fuel,39.7656,-96.5192
T000034277,420200000267,2025-12-12T14:50:00Z,31.53,m_325,online,47.7518,-83.7363
T000034278,479800000106,2025-12-12T14:52:00Z,8.53,m_605,grocery,28.0623,-72.58
T000034279,421700000058,2025-12-12T14:53:00Z,71.48,m_717,online,43.3131,-82.8913
T000034280,424900000048,2025-12-12T14:58:00Z,44.74,m_255,grocery,35.0315,-115.7103
T000034281,461900000132,2025-12-12T14:59:00Z,11.35,m_687,travel,39.3189,-96.7377
T000034282,493300000296,2025-12-12T15:00:00Z,17.74,m_289,electronics,47.9209,-106.6667
T000034284,481700000044,2025-12-12T15:03:00Z,20.39,m_122,health,42.7321,-88.3856
T000034286,429100000136,2025-12-12T15:18:00Z,34.4,m_610,restaurant,48.2154,-78.4547
T000034287,478800000067,2025-12-12T15:21:00Z,7.9,m_209,restaurant,47.6389,-73.3285
T000034288,482000000288,2025-12-12T15:23:00Z,21.46,m_214,electronics,36.5113,-107.1028
T000034289,444500000160,2025-12-12T15:31:00Z,9.89,m_123,travel,28.3927,-81.781
T000034290,412900000224,2025-12-12T15:32:00Z,12.3,m_159,restaurant,28.9366,-119.8922
T000034291,491300000082,2025-12-12T15:35:00Z,25.3,m_765,restaurant,40.7807,-105.2828
T000034293,400900000156,2025-12-12T15:39:00Z,9.85,m_107,travel,43.2844,-105.5654
T000034294,473300000089,2025-12-12T15:39:00Z,11.29,m_567,online,39.1313,-74.6453
T000034292,449400000063,2025-12-12T15:39:00Z,59.14,m_622,clothing,41.3802,-74.1135
T000034295,492500000154,2025-12-12T15:43:00Z,19.35,m_200,cash_advance,30.6806,-112.4954
T000034296,462600000282,2025-12-12T15:48:00Z,12.89,m_396,electronics,45.3645,-89.3528
T000034297,493600000141,2025-12-12T15:48:00Z,5.91,m_524,restaurant,31.3642,-110.8229
T000034298,421500000087,2025-12-12T15:49:00Z,28.07,m_097,health,46.4223,-100.4847
T000034299,482600000050,2025-12-12T15:53:00Z,10.67,m_652,health,37.9039,-77.5509
T000034302,448700000123,2025-12-12T16:18:00Z,31.27,m_722,health,41.2271,-98.1615
T000034304,471700000259,2025-12-12T16:26:00Z,98.9,m_055,travel,26.5334,-117.826
T000034306,432500000036,2025-12-12T16:28:00Z,20.47,m_368,cash_advance,39.6005,-119.4219
T000034307,456300000265,2025-12-12T16:29:00Z,67.67,m_072,clothing,34.6405,-122.6624
T000034308,405200000054,2025-12-12T16:32:00Z,13.78,m_053,travel,31.1729,-88.7197
T000034309,492900000216,2025-12-12T16:34:00Z,12.71,m_316,travel,35.1553,-71.2186
T000034310,482300000206,2025-12-12T16:38:00Z,28.81,m_392,grocery,37.5146,-79.7077
T000034311,498000000209,2025-12-12T16:39:00Z,11.18,m_129,online,43.4749,-89.2667
T000034314,450800000191,2025-12-12T16:48:00Z,14.96,m_126,travel,42.5411,-76.1765
T000034315,494000000016,2025-12-12T16:51:00Z,57.6,m_247,health,39.2025,-112.4696
T000034316,430000000162,2025-12-12T16:55:00Z,5.2,m_400,grocery,45.5577,-90.9317
T000034317,402100000075,2025-12-12T16:57:00Z,10.53,m_355,travel,37.4362,-123.5332
T000034319,468700000127,2025-12-12T17:03:00Z,4.26,m_022,health,31.658,-123.2007
T000034321,411600000017,2025-12-12T17:04:00Z,57.57,m_673,health,37.9479,-87.5271
T000034322,491000000038,2025-12-12T17:06:00Z,33.78,m_646,grocery,26.5327,-92.6355
T000034323,455700000103,2025-12-12T17:08:00Z,10.8,m_340,cash_advance,25.7006,-89.6506
T000034326,493400000219,2025-12-12T17:16:00Z,13.57,m_325,electronics,41.495,-80.3446
T000034327,418900000158,2025-12-12T17:19:00Z,10.12,m_624,cash_advance,30.2363,-107.9571
T000034329,458800000284,2025-12-12T17:34:00Z,24.99,m_623,fuel,38.8841,-96.1523
T000034330,421700000058,2025-12-12T17:39:00Z,65.93,m_284,fuel,43.8213,-83.3662
T000034331,431800000140,2025-12-12T17:39:00Z,74.7,m_738,entertainment,47.5616,-97.0555
T000034333,420900000275,2025-12-12T17:44:00Z,66.27,m_701,online,29.5465,-73.7185
T000034334,430000000162,2025-12-12T17:46:00Z,10.18,m_665,electronics,45.9651,-91.0582
T000034336,478200000065,2025-12-12T17:53:00Z,41.49,m_134,entertainment,34.6806,-89.2698
T000034337,429200000138,2025-12-12T17:54:00Z,10.03,m_102,grocery,40.3891,-86.4987
T000034338,471000000105,2025-12-12T17:55:00Z,6.16,m_521,health,39.3567,-94.6164
T000034339,485500000183,2025-12-12T17:57:00Z,12.5,m_763,entertainment,34.0234,-72.9574
T000034340,413800000254,2025-12-12T17:59:00Z,42.22,m_083,electronics,40.4125,-82.4008
T000034342,497300000184,2025-12-12T18:04:00Z,22.92,m_281,clothing,35.1992,-89.6001
T000034344,442700000200,2025-12-12T18:08:00Z,40.44,m_448,restaurant,44.0249,-95.06
T000034345,432200000285,2025-12-12T18:12:00Z,8.3,m_532,fuel,41.8121,-113.6835
T000034346,464300000022,2025-12-12T18:14:00Z,27.8,m_323,cash_advance,44.0092,-72.4024
T000034348,459100000090,2025-12-12T18:16:00Z,55.23,m_132,online,40.716,-82.5191
T000034349,478800000067,2025-12-12T18:16:00Z,9.21,m_753,restaurant,47.4087,-73.6484
T000034352,494800000228,2025-12-12T18:20:00Z,31.26,m_244,fuel,25.3286,-86.3742
T000034353,429300000186,2025-12-12T18:20:00Z,28.56,m_227,travel,25.5122,-94.7513
T000034356,442800000101,2025-12-12T18:23:00Z,6.36,m_143,entertainment,25.4767,-102.9708
T000034358,477200000076,2025-12-12T18:26:00Z,86.77,m_176,clothing,43.3007,-77.5758
T000034359,411200000218,2025-12-12T18:34:00Z,8.02,m_731,clothing,26.9135,-77.0713
T000034361,462600000282,2025-12-12T18:38:00Z,8.98,m_099,travel,45.6729,-88.3727
T000034362,443500000166,2025-12-12T18:49:00Z,26.7,m_317,cash_advance,31.3415,-73.4642
T000034363,471700000020,2025-12-12T18:51:00Z,16.38,m_566,entertainment,45.5471,-91.4155
T000034364,423900000113,2025-12-12T18:56:00Z,9.61,m_388,entertainment,31.1527,-90.3338
T000034365,430200000164,2025-12-12T18:57:00Z,34.67,m_116,fuel,31.6639,-75.0835
T000034367,457400000208,2025-12-12T19:04:00Z,29.21,m_159,entertainment,47.127,-108.058
T000034368,420300000182,2025-12-12T19:05:00Z,38.14,m_040,grocery,30.9159,-96.761
T000034369,440800000163,2025-12-12T19:06:00Z,8.8,m_534,electronics,28.437,-117.8181
T000034370,412700000272,2025-12-12T19:22:00Z,43.04,m_774,fuel,36.0627,-107.868
T000034371,488800000117,2025-12-12T19:25:00Z,14.47,m_154,grocery,36.5344,-105.2599
T000034372,440800000163,2025-12-12T19:26:00Z,5.92,m_653,electronics,27.6068,-117.9887
T000034373,436300000225,2025-12-12T19:33:00Z,59.61,m_680,clothing,45.6264,-101.4119
T000034374,414100000007,2025-12-12T19:35:00Z,21.56,m_192,fuel,35.4518,-113.9197
T000034375,420300000182,2025-12-12T19:37:00Z,74.65,m_625,online,30.4019,-97.353
T000034376,496400000091,2025-12-12T19:41:00Z,60.01,m_157,fuel,28.0769,-73.7531
T000034377,401300000033,2025-12-12T19:42:00Z,37.32,m_014,entertainment,38.4882,-114.654
T000034378,492300000241,2025-12-12T19:43:00Z,20.99,m_265,grocery,29.1312,-77.3151
T000034379,444800000104,2025-12-12T19:43:00Z,100.41,m_720,cash_advance,43.8878,-80.1198
T000034380,450800000191,2025-12-12T19:47:00Z,14.85,m_470,restaurant,42.3413,-76.4676
T000034381,420900000275,2025-12-12T19:48:00Z,62.23,m_093,cash_advance,29.3486,-73.0698
T000034383,467200000059,2025-12-12T19:52:00Z,4.26,m_626,grocery,42.9053,-81.4171
T000034384,410600000115,2025-12-12T19:55:00Z,26.2,m_428,cash_advance,26.8277,-84.888
T000034385,432500000146,2025-12-12T19:57:00Z,11.18,m_171,health,27.3948,-116.2135
T000034386,423800000109,2025-12-12T19:59:00Z,6.37,m_603,electronics,37.9447,-98.9607
T000034388,459200000077,2025-12-12T20:02:00Z,40.68,m_003,clothing,35.0075,-106.504
T000034389,464600000139,2025-12-12T20:14:00Z,9.57,m_293,electronics,40.1716,-84.8462
T000034390,449400000063,2025-12-12T20:16:00Z,64.41,m_422,cash_advance,41.249,-74.6754
T000034393,497300000184,2025-12-12T20:33:00Z,15.22,m_754,restaurant,35.1511,-89.7919
T000034395,466900000159,2025-12-12T20:44:00Z,9.76,m_591,electronics,43.2587,-99.5536
T000034397,471000000105,2025-12-12T20:51:00Z,14.1,m_072,grocery,39.1019,-94.0807
T000034398,454900000187,2025-12-12T20:51:00Z,9.31,m_159,fuel,40.9182,-111.1649
T000034399,429100000136,2025-12-12T20:52:00Z,14.81,m_320,restaurant,48.0057,-78.9752
T000034401,410600000115,2025-12-12T20:57:00Z,61.65,m_434,cash_advance,26.9347,-99.539
T000034403,413700000266,2025-12-12T21:13:00Z,29.52,m_523,grocery,30.179,-117.3688
T000034405,474600000256,2025-12-12T21:36:00Z,20.97,m_430,electronics,25.8013,-89.764
T000034406,465400000137,2025-12-12T21:42:00Z,21.11,m_692,fuel,36.7151,-116.7599
T000034407,471100000081,2025-12-12T22:04:00Z,6.22,m_701,grocery,39.4847,-113.1054
T000034408,411600000017,2025-12-12T22:07:00Z,87.41,m_109,clothing,37.4532,-87.0922
T000034409,489200000253,2025-12-12T22:50:00Z,46.91,m_681,cash_advance,37.4583,-89.1099
T000034410,401300000033,2025-12-12T22:54:00Z,50.52,m_031,restaurant,38.0595,-113.6207
T000034414,400900000156,2025-12-12T23:43:00Z,7.39,m_002,fuel,43.4375,-106.0878
T000034415,491600000072,2025-12-12T23:43:00Z,17.55,m_447,electronics,34.4704,-113.6794
T000034416,472100000092,2025-12-13T00:08:00Z,4.27,m_526,fuel,41.5847,-80.8388
T000034417,430300000145,2025-12-13T00:09:00Z,8.17,m_059,grocery,26.6802,-103.0114
T000034419,413700000266,2025-12-13T00:22:00Z,9.85,m_614,entertainment,29.5663,-115.9972
T000034420,421500000098,2025-12-13T00:31:00Z,8.28,m_626,clothing,32.6064,-122.037
T000034422,432000000185,2025-12-13T00:54:00Z,50.59,m_572,travel,38.9222,-83.1741
T000034425,413700000266,2025-12-13T01:20:00Z,23.31,m_159,health,30.4029,-116.577
T000034426,413700000240,2025-12-13T01:22:00Z,371.09,m_016,electronics,34.0538,-116.2133
T000034427,464600000139,2025-12-13T01:26:00Z,14.84,m_776,online,40.0782,-84.628
T000034428,490400000207,2025-12-13T02:03:00Z,7.71,m_799,online,37.7626,-120.8098
T000034429,412700000272,2025-12-13T03:01:00Z,45.34,m_109,fuel,35.51,-107.8456
T000034430,442800000101,2025-12-13T03:04:00Z,74.91,m_546,cash_advance,27.7429,-103.7627
T000034431,443500000166,2025-12-13T03:15:00Z,23.29,m_168,travel,31.2488,-72.9787
T000034434,484400000030,2025-12-13T03:40:00Z,26.19,m_358,cash_advance,29.7545,-74.5084
T000034435,416600000244,2025-12-13T04:05:00Z,34.66,m_113,restaurant,38.0759,-73.3066
T000034437,471100000298,2025-12-13T04:28:00Z,55.28,m_508,travel,54.2709,-88.2358
T000034438,429200000004,2025-12-13T04:36:00Z,130.76,m_628,health,27.1827,-95.8202
T000034439,411200000218,2025-12-13T05:10:00Z,13.93,m_186,travel,26.6153,-77.5751
T000034440,432200000285,2025-12-13T05:29:00Z,11.73,m_122,entertainment,41.4916,-112.9518
T000034442,403900000005,2025-12-13T06:30:00Z,11.63,m_468,travel,26.8413,-89.9313
T000034443,425100000126,2025-12-13T06:30:00Z,46.72,m_228,fuel,46.2221,-107.9612
T000034444,479800000106,2025-12-13T06:32:00Z,41.35,m_718,clothing,28.0378,-72.4066
T000034445,435100000025,2025-12-13T06:33:00Z,14.69,m_722,electronics,33.3639,-100.7705
T000034446,453000000151,2025-12-13T06:40:00Z,5.58,m_752,health,38.2023,-104.0134
T000034450,497000000024,2025-12-13T06:55:00Z,24.42,m_332,entertainment,35.2339,-97.1471
T000034451,413800000254,2025-12-13T07:00:00Z,12.44,m_068,grocery,40.3682,-83.2107
T000034453,462500000168,2025-12-13T07:15:00Z,4.3,m_623,clothing,30.575,-71.9811
T000034454,442200000287,2025-12-13T07:29:00Z,22.7,m_462,health,32.048,-120.7869
T000034455,419200000035,2025-12-13T07:51:00Z,36.42,m_483,online,30.0789,-91.9655
T000034456,419900000096,2025-12-13T07:59:00Z,36.07,m_190,health,45.5378,-95.4055
T000034457,490400000207,2025-12-13T08:00:00Z,6.7,m_486,clothing,38.6954,-121.3066
T000034459,485300000175,2025-12-13T08:04:00Z,19.72,m_625,grocery,36.9697,-93.1321
T000034460,467700000148,2025-12-13T08:10:00Z,19.95,m_183,cash_advance,34.0155,-73.3484
T000034462,470900000176,2025-12-13T08:23:00Z,8.0,m_580,entertainment,45.9399,-80.306
T000034463,418600000223,2025-12-13T08:24:00Z,10.58,m_303,cash_advance,49.1016,-78.3608
T000034464,491600000072,2025-12-13T08:24:00Z,13.19,m_419,health,34.4173,-113.4059
T000034466,436500000043,2025-12-13T08:29:00Z,37.73,m_140,fuel,34.8964,-109.4391
T000034467,402500000268,2025-12-13T08:30:00Z,6.42,m_548,cash_advance,43.7179,-117.9571
T000034468,412700000272,2025-12-13T08:30:00Z,68.96,m_241,electronics,34.7242,-107.6402
T000034469,448600000179,2025-12-13T08:36:00Z,15.11,m_332,cash_advance,30.2164,-109.2724
T000034471,426900000083,2025-12-13T08:37:00Z,13.18,m_581,online,47.8119,-83.0199
T000034472,443000000144,2025-12-13T08:37:00Z,53.71,m_002,grocery,30.7013,-79.2023
T000034473,433100000271,2025-12-13T08:38:00Z,39.5,m_208,entertainment,42.0383,-78.9705
T000034474,411600000017,2025-12-13T08:46:00Z,28.46,m_275,fuel,38.1381,-86.8845
T000034475,478200000065,2025-12-13T08:52:00Z,42.69,m_494,online,34.002,-89.2556
T000034476,482900000152,2025-12-13T08:56:00Z,20.56,m_780,health,42.8428,-96.5309
T000034478,449300000066,2025-12-13T08:59:00Z,10.12,m_026,fuel,34.3414,-92.1286
T000034479,466900000159,2025-12-13T09:05:00Z,16.59,m_405,health,44.2504,-99.1552
T000034481,429300000186,2025-12-13T09:11:00Z,34.94,m_125,entertainment,26.7086,-94.542
T000034482,432500000146,2025-12-13T09:11:00Z,4.09,m_425,travel,27.3085,-115.8399
T000034483,426800000149,2025-12-13T09:19:00Z,57.68,m_388,cash_advance,30.0144,-118.156
T000034484,429200000004,2025-12-13T09:27:00Z,47.41,m_512,health,25.8526,-95.6836
T000034485,402500000268,2025-12-13T09:32:00Z,7.4,m_305,entertainment,43.8984,-117.7847
T000034486,435100000025,2025-12-13T09:34:00Z,10.75,m_595,online,34.0921,-101.5731
T000034487,497300000184,2025-12-13T09:38:00Z,36.63,m_722,entertainment,34.9473,-89.7895
T000034488,420900000275,2025-12-13T09:45:00Z,88.32,m_236,clothing,30.0778,-73.3907
T000034489,474600000256,2025-12-13T09:46:00Z,26.43,m_292,entertainment,25.4672,-89.1895
T000034490,479800000010,2025-12-13T09:47:00Z,13.98,m_702,health,36.695,-117.9458
T000034492,492800000125,2025-12-13T09:50:00Z,22.26,m_255,electronics,45.078,-88.9728
T000034497,408700000002,2025-12-13T09:59:00Z,27.43,m_055,travel,37.9457,-94.9826
T000034498,478800000015,2025-12-13T10:01:00Z,27.15,m_155,travel,29.8523,-113.3872
T000034499,426900000083,2025-12-13T10:03:00Z,74.91,m_721,cash_advance,47.732,-82.5111
T000034500,480500000222,2025-12-13T10:03:00Z,60.37,m_392,travel,29.0491,-123.1733
T000034501,425600000170,2025-12-13T10:06:00Z,12.36,m_640,health,27.0743,-83.7755
T000034502,454600000047,2025-12-13T10:07:00Z,10.24,m_148,electronics,42.5074,-97.0291
T000034503,460200000201,2025-12-13T10:12:00Z,43.73,m_517,clothing,44.3126,-78.3552
T000034506,490400000207,2025-12-13T10:19:00Z,11.22,m_429,travel,37.7664,-121.4734
T000034509,463700000291,2025-12-13T10:20:00Z,4.52,m_254,grocery,38.3864,-84.8767
T000034514,467200000059,2025-12-13T10:37:00Z,16.32,m_555,online,43.3561,-81.2752
T000034515,474600000256,2025-12-13T10:38:00Z,9.89,m_457,health,25.2827,-89.0987
T000034516,435100000025,2025-12-13T10:40:00Z,25.4,m_657,electronics,33.8893,-101.5351
T000034517,411600000017,2025-12-13T10:42:00Z,133.52,m_524,cash_advance,37.5423,-87.0698
T000034518,431800000140,2025-12-13T10:44:00Z,27.6,m_102,entertainment,46.747,-96.6222
T000034521,452500000236,2025-12-13T10:54:00Z,3.37,m_226,grocery,25.3835,-116.2942
T000034522,448700000123,2025-12-13T10:57:00Z,35.95,m_504,restaurant,40.9219,-98.3813
T000034523,498000000026,2025-12-13T10:57:00Z,83.41,m_569,electronics,26.3568,-90.6896
T000034524,416600000244,2025-12-13T11:01:00Z,26.18,m_326,restaurant,37.9564,-74.2459
T000034526,436500000043,2025-12-13T11:05:00Z,18.78,m_486,electronics,35.9983,-110.2554
T000034527,498000000209,2025-12-13T11:05:00Z,10.33,m_655,travel,43.505,-89.6071
T000034528,471700000020,2025-12-13T11:05:00Z,10.04,m_246,online,46.1266,-90.4529
T000034529,415300000169,2025-12-13T11:08:00Z,21.25,m_213,health,35.4953,-116.2561
T000034531,475100000009,2025-12-13T11:12:00Z,15.41,m_723,online,32.5587,-78.0314
T000034532,468700000127,2025-12-13T11:14:00Z,26.47,m_486,fuel,31.4867,-122.2421
T000034533,498200000023,2025-12-13T11:15:00Z,17.74,m_624,online,25.2969,-85.2551
T000034535,440200000212,2025-12-13T11:21:00Z,75.72,m_739,clothing,45.2107,-102.7483
T000034537,492800000125,2025-12-13T11:23:00Z,27.86,m_353,cash_advance,45.6197,-89.0835
T000034538,443800000013,2025-12-13T11:24:00Z,45.02,m_374,travel,29.1806,-82.8359
T000034539,436500000043,2025-12-13T11:26:00Z,26.33,m_093,travel,36.018,-111.4122
T000034540,457400000208,2025-12-13T11:28:00Z,22.51,m_488,restaurant,47.0996,-109.0612
T000034541,459200000077,2025-12-13T11:29:00Z,48.68,m_429,health,35.232,-106.0407
T000034542,407400000227,2025-12-13T11:29:00Z,7.86,m_373,cash_advance,35.122,-84.4458
T000034546,482000000288,2025-12-13T11:41:00Z,35.7,m_312,entertainment,37.5021,-106.3884
T000034548,462500000168,2025-12-13T11:45:00Z,7.11,m_682,travel,30.0642,-70.8331
T000034550,499000000220,2025-12-13T11:49:00Z,16.38,m_341,fuel,27.0375,-107.051
T000034551,471700000259,2025-12-13T11:52:00Z,42.22,m_779,travel,26.7526,-118.5498
T000034552,442800000101,2025-12-13T11:54:00Z,10.35,m_470,fuel,25.1273,-103.5345
T000034554,423900000113,2025-12-13T12:03:00Z,42.15,m_530,grocery,31.0243,-90.6938
T000034555,482000000288,2025-12-13T12:05:00Z,14.99,m_587,fuel,38.6261,-107.2889
T000034557,478800000015,2025-12-13T12:08:00Z,77.82,m_215,clothing,30.0542,-113.2595
T000034558,471100000298,2025-12-13T12:10:00Z,10.89,m_190,online,46.5296,-85.9046
T000034560,462600000282,2025-12-13T12:16:00Z,8.43,m_446,electronics,44.969,-88.4591
T000034564,432000000185,2025-12-13T12:27:00Z,22.63,m_597,travel,41.0216,-82.937
T000034565,483100000286,2025-12-13T12:29:00Z,66.27,m_422,entertainment,35.4905,-74.8471
T000034567,476900000239,2025-12-13T12:40:00Z,95.37,m_491,clothing,31.6274,-96.359
T000034568,415300000169,2025-12-13T12:41:00Z,10.55,m_726,cash_advance,35.6954,-116.0584
T000034569,429300000186,2025-12-13T12:42:00Z,45.49,m_253,fuel,26.4391,-94.4871
T000034570,488800000117,2025-12-13T12:44:00Z,18.41,m_580,fuel,35.806,-105.3923
T000034571,498000000026,2025-12-13T12:44:00Z,57.93,m_082,clothing,26.5246,-89.1282
T000034572,422200000028,2025-12-13T12:45:00Z,17.91,m_268,electronics,28.7791,-122.181
T000034573,491300000082,2025-12-13T12:46:00Z,21.57,m_609,health,40.6884,-105.4097
T000034577,498200000023,2025-12-13T13:19:00Z,13.46,m_369,cash_advance,25.2276,-84.6741
T000034579,424900000048,2025-12-13T13:27:00Z,14.93,m_382,fuel,35.3435,-116.1187
T000034580,462500000168,2025-12-13T13:31:00Z,4.65,m_064,online,29.8626,-71.502
T000034582,456300000265,2025-12-13T13:32:00Z,38.67,m_033,restaurant,33.7554,-121.9101
T000034583,431700000171,2025-12-13T13:36:00Z,32.02,m_110,clothing,49.1537,-119.6545
T000034584,488800000117,2025-12-13T13:36:00Z,26.95,m_070,entertainment,35.8761,-104.7757
T000034586,418900000158,2025-12-13T13:39:00Z,18.65,m_781,travel,30.9162,-108.18
T000034587,472100000092,2025-12-13T13:40:00Z,5.8,m_657,travel,42.5002,-80.0321
T000034588,443500000166,2025-12-13T13:43:00Z,16.99,m_339,cash_advance,31.5115,-72.2892
T000034589,425100000250,2025-12-13T13:48:00Z,11.78,m_179,restaurant,33.1909,-99.2853
T000034590,444500000160,2025-12-13T13:49:00Z,34.57,m_757,restaurant,28.6334,-81.9035
T000034591,429100000136,2025-12-13T13:50:00Z,50.72,m_675,travel,47.9319,-78.3845
T000034592,473800000088,2025-12-13T13:50:00Z,6.63,m_473,cash_advance,49.2428,-99.6015
T000034594,420300000182,2025-12-13T13:58:00Z,16.26,m_725,cash_advance,30.3165,-96.8314
T000034595,485500000183,2025-12-13T14:19:00Z,17.7,m_692,cash_advance,34.6841,-73.0509
T000034596,471100000298,2025-12-13T14:20:00Z,44.58,m_479,cash_advance,45.4976,-85.7658
T000034597,483100000286,2025-12-13T14:35:00Z,22.37,m_686,health,35.7514,-75.7273
T000034598,492300000134,2025-12-13T14:41:00Z,25.1,m_607,grocery,25.4487,-101.9161
T000034599,443800000013,2025-12-13T14:50:00Z,11.02,m_146,fuel,29.0055,-83.1001
T000034601,422800000294,2025-12-13T14:52:00Z,37.48,m_333,entertainment,39.9606,-117.4389
T000034602,432000000185,2025-12-13T14:55:00Z,36.26,m_543,cash_advance,40.3751,-82.8323
T000034605,484400000030,2025-12-13T15:04:00Z,9.37,m_600,grocery,29.3717,-73.7869
T000034606,490400000207,2025-12-13T15:04:00Z,4.9,m_326,clothing,38.2071,-121.4476
T000034607,492800000125,2025-12-13T15:04:00Z,17.93,m_700,health,45.2168,-89.3123
T000034608,493100000068,2025-12-13T15:05:00Z,30.45,m_199,grocery,34.6505,-91.5512
T000034609,442200000037,2025-12-13T15:06:00Z,56.53,m_064,health,33.5495,-107.0366
T000034610,497600000197,2025-12-13T15:13:00Z,10.84,m_512,health,45.3019,-116.927
T000034611,492900000216,2025-12-13T15:14:00Z,6.0,m_597,grocery,35.0874,-71.2766
T000034612,464600000139,2025-12-13T15:18:00Z,31.66,m_609,electronics,40.6398,-84.2042
T000034615,477200000076,2025-12-13T15:27:00Z,16.68,m_268,entertainment,43.5733,-78.3606
T000034616,412500000217,2025-12-13T15:30:00Z,40.69,m_315,grocery,25.7875,-113.1946
T000034618,426900000172,2025-12-13T15:38:00Z,58.6,m_305,clothing,42.7826,-106.481
T000034619,478200000065,2025-12-13T15:38:00Z,36.84,m_018,grocery,34.2828,-89.1618
T000034620,457400000208,2025-12-13T15:38:00Z,15.33,m_671,travel,47.6022,-108.339
T000034621,489800000203,2025-12-13T15:45:00Z,12.45,m_128,entertainment,42.1918,-102.4352
T000034622,470900000176,2025-12-13T15:46:00Z,11.51,m_164,entertainment,46.2985,-81.0474
T000034624,492800000125,2025-12-13T15:50:00Z,22.26,m_499,clothing,45.0064,-89.3866
T000034627,418600000223,2025-12-13T16:02:00Z,5.9,m_016,fuel,48.9917,-77.3516
T000034628,490400000207,2025-12-13T16:04:00Z,4.47,m_727,electronics,38.3099,-121.4216
T000034629,403700000193,2025-12-13T16:04:00Z,44.09,m_385,grocery,31.9427,-104.2481
T000034630,405200000054,2025-12-13T16:08:00Z,26.82,m_185,cash_advance,31.7633,-88.7186
T000034634,405300000080,2025-12-13T16:21:00Z,77.46,m_773,clothing,47.0539,-87.4128
T000034635,416000000196,2025-12-13T16:23:00Z,26.25,m_707,restaurant,27.6005,-113.4512
T000034637,441600000097,2025-12-13T16:30:00Z,10.31,m_425,health,26.715,-116.3508
T000034638,452100000297,2025-12-13T16:31:00Z,31.27,m_372,entertainment,26.4438,-84.3509
T000034640,424900000048,2025-12-13T16:38:00Z,15.48,m_493,travel,35.7796,-115.7025
T000034641,411200000218,2025-12-13T16:56:00Z,4.42,m_458,grocery,26.507,-77.6824
T000034643,463700000006,2025-12-13T17:05:00Z,7.2,m_409,cash_advance,30.0366,-122.2535
T000034644,456600000153,2025-12-13T17:10:00Z,80.51,m_424,electronics,37.4395,-110.9253
T000034645,467000000279,2025-12-13T17:11:00Z,26.23,m_631,electronics,44.9677,-107.7783
T000034646,444500000160,2025-12-13T17:12:00Z,33.14,m_015,grocery,28.3409,-81.6142
T000034647,427100000293,2025-12-13T17:14:00Z,115.82,m_045,health,29.5371,-113.2976
T000034648,462600000282,2025-12-13T17:22:00Z,12.99,m_392,cash_advance,45.3197,-88.2625
T000034649,439700000263,2025-12-13T17:27:00Z,28.94,m_342,cash_advance,47.4562,-94.1617
T000034650,431700000171,2025-12-13T17:27:00Z,16.92,m_138,travel,49.6354,-118.9512
T000034651,492900000216,2025-12-13T17:28:00Z,13.83,m_740,cash_advance,35.8083,-71.5706
T000034654,420900000275,2025-12-13T17:39:00Z,43.44,m_762,electronics,29.2741,-73.2268
T000034655,491300000082,2025-12-13T17:39:00Z,17.84,m_191,fuel,39.9046,-104.9216
T000034656,416000000196,2025-12-13T17:43:00Z,17.98,m_647,health,27.8586,-113.3601
T000034659,425300000079,2025-12-13T17:47:00Z,8.43,m_243,health,35.9177,-75.2704
T000034662,420200000231,2025-12-13T17:53:00Z,10.31,m_279,entertainment,27.9876,-115.2106
T000034663,453700000255,2025-12-13T18:00:00Z,13.08,m_632,restaurant,25.3748,-111.4057
T000034664,442200000287,2025-12-13T18:00:00Z,20.39,m_449,restaurant,32.8825,-120.3606
T000034665,432500000146,2025-12-13T18:04:00Z,18.02,m_317,fuel,27.8388,-116.1891
T000034667,458800000284,2025-12-13T18:21:00Z,13.36,m_765,online,39.0818,-96.2611
T000034669,491700000032,2025-12-13T18:33:00Z,9.26,m_264,fuel,34.4685,-116.4794
T000034670,419200000035,2025-12-13T18:35:00Z,35.7,m_008,online,29.3238,-91.736
T000034671,411600000017,2025-12-13T18:35:00Z,56.22,m_792,online,37.8612,-87.4379
T000034675,492900000216,2025-12-13T18:48:00Z,4.29,m_483,health,35.4817,-71.2204
T000034676,498000000209,2025-12-13T18:51:00Z,25.47,m_791,online,43.5679,-88.9877
T000034677,433100000271,2025-12-13T19:00:00Z,17.91,m_125,restaurant,42.6305,-78.6053
T000034678,476900000239,2025-12-13T19:00:00Z,30.57,m_276,grocery,31.7988,-96.071
T000034679,436700000039,2025-12-13T19:01:00Z,9.95,m_178,online,43.1862,-78.1672
T000034682,476900000239,2025-12-13T19:03:00Z,40.35,m_207,grocery,30.6154,-96.4383
T000034684,490400000207,2025-12-13T19:04:00Z,6.87,m_062,online,38.5733,-121.3177
T000034685,493600000141,2025-12-13T19:04:00Z,7.56,m_482,clothing,31.7645,-110.5539
T000034686,440800000163,2025-12-13T19:06:00Z,7.03,m_447,travel,28.4382,-117.8484
T000034687,415300000169,2025-12-13T19:08:00Z,40.64,m_176,grocery,36.1595,-117.041
T000034688,440800000163,2025-12-13T19:09:00Z,14.54,m_333,online,27.6123,-118.0163
T000034689,425100000126,2025-12-13T19:09:00Z,70.79,m_319,online,46.0114,-107.0465
T000034690,431700000171,2025-12-13T19:11:00Z,32.36,m_231,grocery,49.1877,-119.9889
T000034691,494800000228,2025-12-13T19:15:00Z,25.49,m_603,cash_advance,25.4578,-86.768
T000034692,421700000058,2025-12-13T19:18:00Z,99.13,m_537,fuel,43.6361,-83.0894
T000034694,467200000059,2025-12-13T19:23:00Z,2.84,m_020,fuel,43.3317,-81.063
T000034697,443900000180,2025-12-13T19:31:00Z,11.98,m_165,electronics,45.3591,-75.9171
T000034698,400100000173,2025-12-13T19:31:00Z,39.52,m_759,fuel,47.0568,-83.8326
T000034699,484400000030,2025-12-13T19:35:00Z,34.07,m_754,health,28.4256,-72.8825
T000034700,413400000129,2025-12-13T19:36:00Z,19.58,m_298,online,43.7574,-76.2021
T000034701,432200000285,2025-12-13T19:41:00Z,9.38,m_307,electronics,42.1862,-113.036
T000034704,498000000209,2025-12-13T19:52:00Z,24.13,m_217,restaurant,43.868,-89.3424
T000034705,429200000004,2025-12-13T19:53:00Z,53.86,m_698,entertainment,26.808,-95.5391
T000034706,464600000139,2025-12-13T19:54:00Z,51.9,m_073,clothing,40.4279,-84.8545
T000034707,410600000115,2025-12-13T19:54:00Z,49.9,m_282,online,27.5286,-84.9993
T000034708,497000000024,2025-12-13T19:58:00Z,43.98,m_379,electronics,35.4531,-97.7124
T000034709,405700000064,2025-12-13T19:59:00Z,19.69,m_066,entertainment,31.8711,-112.3446
T000034710,499500000281,2025-12-13T20:03:00Z,8.71,m_006,online,47.8826,-75.3161
T000034711,426800000261,2025-12-13T20:03:00Z,14.22,m_533,restaurant,31.4709,-112.7777
T000034712,411200000218,2025-12-13T20:06:00Z,17.47,m_496,travel,26.4039,-77.955
T000034713,493400000219,2025-12-13T20:17:00Z,18.44,m_364,entertainment,40.713,-80.308
T000034718,497300000184,2025-12-13T20:50:00Z,33.62,m_723,entertainment,34.8484,-89.6433
T000034721,471100000081,2025-12-13T20:52:00Z,11.02,m_110,online,39.1732,-113.6979
T000034722,403000000031,2025-12-13T20:53:00Z,9.69,m_118,online,35.2876,-89.7751
T000034724,454900000187,2025-12-13T20:59:00Z,20.22,m_525,electronics,41.085,-111.2639
T000034725,421700000058,2025-12-13T21:00:00Z,36.13,m_082,restaurant,43.7804,-83.0858
T000034727,432000000185,2025-12-13T21:17:00Z,123.81,m_142,travel,36.1064,-75.045
T000034728,454600000047,2025-12-13T21:17:00Z,22.03,m_263,grocery,43.177,-96.8935
T000034729,419900000096,2025-12-13T21:22:00Z,43.12,m_788,restaurant,46.124,-94.8993
T000034730,462600000282,2025-12-13T21:22:00Z,10.87,m_774,electronics,45.5183,-89.0549
T000034731,499000000220,2025-12-13T21:25:00Z,20.36,m_733,entertainment,27.457,-107.571
T000034732,442200000287,2025-12-13T21:51:00Z,27.39,m_731,online,33.0299,-121.5636
T000034733,489200000253,2025-12-13T22:01:00Z,21.73,m_698,cash_advance,36.9947,-89.8358
T000034737,478700000237,2025-12-13T22:27:00Z,16.56,m_411,online,26.0854,-77.7247
T000034738,491000000038,2025-12-13T22:35:00Z,37.52,m_600,health,27.3789,-91.9722
T000034739,461900000132,2025-12-13T22:38:00Z,3.88,m_391,health,39.3759,-96.8969
T000034740,471700000020,2025-12-13T22:53:00Z,13.17,m_253,fuel,45.4834,-89.9725
T000034741,432200000285,2025-12-13T22:56:00Z,7.52,m_242,health,42.4291,-113.4236
T000034742,492900000216,2025-12-13T23:33:00Z,6.47,m_572,entertainment,35.2218,-71.3234
T000034743,425100000126,2025-12-13T23:35:00Z,55.05,m_311,online,46.1899,-108.4685
T000034744,436200000283,2025-12-13T23:42:00Z,5.87,m_056,online,30.5874,-117.2604
T000034745,444500000160,2025-12-13T23:53:00Z,12.27,m_067,grocery,27.9555,-81.6432
T000034746,412900000224,2025-12-13T23:54:00Z,51.6,m_398,entertainment,29.5004,-119.6779
T000034747,431800000140,2025-12-14T00:05:00Z,932.32,m_637,online,56.1811,-87.2091
T000034748,413800000254,2025-12-14T00:23:00Z,107.91,m_603,travel,43.5369,-85.7008
T000034750,497000000024,2025-12-14T00:39:00Z,25.16,m_193,electronics,45.049,-111.4229
T000034751,488200000133,2025-12-14T00:45:00Z,99.58,m_002,travel,46.7996,-84.5974
T000034752,454600000047,2025-12-14T00:48:00Z,54.67,m_458,electronics,40.5751,-93.4584
T000034755,403300000018,2025-12-14T01:12:00Z,147.16,m_129,electronics,36.6914,-77.9861
T000034757,467400000299,2025-12-14T01:34:00Z,32.76,m_221,entertainment,26.7818,-109.0966
T000034758,448100000292,2025-12-14T01:37:00Z,8.11,m_457,electronics,32.1138,-93.8124
T000034760,402500000268,2025-12-14T01:52:00Z,5.23,m_669,grocery,44.2884,-117.0694
T000034761,422800000294,2025-12-14T01:56:00Z,251.99,m_080,travel,48.8823,-107.5404
T000034762,412500000217,2025-12-14T02:03:00Z,15.75,m_603,clothing,25.3616,-112.7375
T000034763,467400000299,2025-12-14T02:21:00Z,475.58,m_702,travel,22.0224,-113.8628
T000034766,436500000043,2025-12-14T02:45:00Z,19.96,m_271,fuel,35.2387,-110.249
T000034767,494000000016,2025-12-14T02:49:00Z,18.32,m_482,entertainment,39.2007,-113.0109
T000034768,403900000005,2025-12-14T03:01:00Z,15.57,m_538,electronics,26.5963,-89.7805
T000034769,413700000240,2025-12-14T03:14:00Z,12.11,m_693,online,30.8379,-117.3052
T000034770,456600000153,2025-12-14T03:38:00Z,60.25,m_116,electronics,36.1855,-111.4903
T000034772,403000000031,2025-12-14T03:45:00Z,8.53,m_645,entertainment,35.6135,-89.6562
T000034775,471100000298,2025-12-14T04:12:00Z,63.82,m_490,clothing,45.801,-85.8453
T000034776,462500000168,2025-12-14T04:25:00Z,10.28,m_252,grocery,30.4114,-70.7961
T000034777,493600000274,2025-12-14T04:38:00Z,16.79,m_400,fuel,26.7573,-73.0332
T000034778,431700000171,2025-12-14T05:24:00Z,27.73,m_573,online,48.8122,-120.3264
T000034779,411200000218,2025-12-14T05:25:00Z,16.3,m_690,health,26.8878,-77.5468
T000034780,434800000074,2025-12-14T05:28:00Z,16.09,m_487,health,35.4818,-110.7336
T000034782,471000000105,2025-12-14T05:43:00Z,26.71,m_397,clothing,39.3678,-94.6533
T000034783,494800000228,2025-12-14T06:02:00Z,56.01,m_613,grocery,24.9767,-86.4436
T000034786,413300000061,2025-12-14T06:35:00Z,2.34,m_094,entertainment,34.6067,-80.1455
T000034787,433600000269,2025-12-14T06:37:00Z,18.25,m_340,cash_advance,48.3889,-88.9342
T000034790,490700000100,2025-12-14T07:15:00Z,13.43,m_188,health,33.9881,-121.5722
T000034791,425100000250,2025-12-14T07:24:00Z,8.36,m_682,fuel,33.3131,-98.6554
T000034792,429300000186,2025-12-14T07:27:00Z,23.46,m_339,entertainment,26.7172,-94.2876
T000034793,452500000236,2025-12-14T07:49:00Z,13.12,m_554,clothing,25.4991,-115.7513
T000034795,453700000255,2025-12-14T08:01:00Z,9.89,m_467,entertainment,25.1079,-111.5159
T000034796,402100000075,2025-12-14T08:04:00Z,9.31,m_082,electronics,37.2611,-122.81
T000034797,434500000161,2025-12-14T08:04:00Z,14.54,m_640,grocery,36.8396,-88.8362
T000034798,452800000233,2025-12-14T08:06:00Z,116.34,m_535,cash_advance,35.0428,-73.2821
T000034799,442200000287,2025-12-14T08:06:00Z,53.83,m_763,online,32.4864,-120.8095
T000034800,429300000186,2025-12-14T08:07:00Z,34.68,m_559,grocery,26.3936,-94.5456
T000034801,470100000147,2025-12-14T08:08:00Z,5.48,m_276,health,30.307,-83.4841
T000034802,421700000058,2025-12-14T08:10:00Z,36.14,m_719,clothing,43.2904,-83.076
T000034803,498000000209,2025-12-14T08:12:00Z,9.89,m_640,online,43.7,-89.4292
T000034804,414600000120,2025-12-14T08:15:00Z,81.55,m_485,fuel,28.021,-78.9537
T000034805,413300000061,2025-12-14T08:20:00Z,8.82,m_496,electronics,33.7915,-80.6875
T000034806,416000000196,2025-12-14T08:24:00Z,15.75,m_417,health,27.6669,-113.6716
T000034807,436200000283,2025-12-14T08:24:00Z,7.38,m_130,health,31.4022,-117.5581
T000034809,426900000172,2025-12-14T08:28:00Z,51.71,m_287,clothing,43.2975,-107.2695
T000034810,467400000299,2025-12-14T08:32:00Z,53.7,m_415,online,26.7175,-110.3401
T000034811,488800000117,2025-12-14T08:38:00Z,33.51,m_732,electronics,36.8046,-105.0659
T000034815,426900000172,2025-12-14T08:52:00Z,19.74,m_285,entertainment,43.0965,-107.6384
T000034817,421000000277,2025-12-14T08:54:00Z,23.73,m_783,clothing,43.4462,-73.4001
T000034818,467200000059,2025-12-14T08:55:00Z,10.11,m_485,cash_advance,42.2935,-81.7067
T000034820,411600000017,2025-12-14T08:56:00Z,153.84,m_690,travel,37.7453,-87.6592
T000034822,468600000099,2025-12-14T09:00:00Z,10.81,m_630,health,37.0337,-74.0041
T000034823,400900000156,2025-12-14T09:01:00Z,9.23,m_048,fuel,43.8291,-106.0603
T000034825,482300000206,2025-12-14T09:02:00Z,41.22,m_153,travel,37.689,-79.5884
T000034826,418900000158,2025-12-14T09:04:00Z,21.83,m_745,restaurant,30.5556,-107.5585
T000034828,447000000194,2025-12-14T09:15:00Z,7.41,m_252,entertainment,35.9232,-80.829
T000034829,420300000182,2025-12-14T09:16:00Z,9.47,m_300,entertainment,30.7341,-97.7732
T000034831,443000000144,2025-12-14T09:22:00Z,36.89,m_764,cash_advance,30.6936,-78.7229
T000034832,442200000287,2025-12-14T09:24:00Z,33.27,m_536,entertainment,31.6933,-120.8418
T000034833,412900000224,2025-12-14T09:26:00Z,26.15,m_683,grocery,29.3978,-120.0489
T000034835,483100000286,2025-12-14T09:34:00Z,67.72,m_446,health,35.9132,-74.8141
T000034836,492900000216,2025-12-14T09:38:00Z,2.22,m_462,travel,35.7758,-71.1198
T000034837,479800000106,2025-12-14T09:40:00Z,12.03,m_086,health,28.0765,-71.5389
T000034838,490400000207,2025-12-14T09:44:00Z,5.51,m_646,health,38.6215,-121.271
T000034840,482000000288,2025-12-14T09:46:00Z,23.6,m_527,health,37.133,-106.403
T000034842,481700000044,2025-12-14T09:55:00Z,22.4,m_732,grocery,42.9138,-88.9873
T000034844,454900000187,2025-12-14T09:58:00Z,3.18,m_410,cash_advance,41.6123,-111.1495
T000034845,443500000166,2025-12-14T10:05:00Z,13.68,m_084,electronics,31.7251,-73.2577
T000034848,442200000037,2025-12-14T10:26:00Z,37.49,m_248,clothing,34.1535,-106.3225
T000034849,430200000164,2025-12-14T10:28:00Z,67.62,m_276,travel,31.9188,-75.3574
T000034851,424900000048,2025-12-14T10:34:00Z,14.79,m_771,grocery,35.5782,-115.31
T000034852,409000000198,2025-12-14T10:36:00Z,12.67,m_048,cash_advance,47.4357,-80.9843
T000034853,448600000179,2025-12-14T10:36:00Z,8.31,m_192,grocery,30.5994,-109.2798
T000034854,412500000217,2025-12-14T10:42:00Z,10.77,m_283,restaurant,26.1085,-113.6361
T000034855,432500000146,2025-12-14T10:42:00Z,6.56,m_283,electronics,27.2707,-116.7613
T000034856,421700000058,2025-12-14T10:42:00Z,82.82,m_401,health,42.7124,-83.3453
T000034857,429100000136,2025-12-14T10:43:00Z,32.96,m_425,electronics,48.0064,-79.1897
T000034858,444800000104,2025-12-14T10:45:00Z,15.6,m_416,fuel,41.4868,-78.0271
T000034860,419200000035,2025-12-14T10:56:00Z,63.69,m_492,travel,30.1216,-91.2964
T000034861,439700000263,2025-12-14T10:59:00Z,30.63,m_696,grocery,47.1141,-94.0999
T000034862,430200000164,2025-12-14T10:59:00Z,44.65,m_374,grocery,31.868,-75.9681
T000034863,472100000092,2025-12-14T11:03:00Z,5.07,m_071,restaurant,41.954,-79.9352
T000034865,462600000282,2025-12-14T11:03:00Z,10.24,m_234,restaurant,45.4808,-88.2035
T000034866,447000000194,2025-12-14T11:07:00Z,7.07,m_324,fuel,35.2394,-81.2131
T000034867,478200000065,2025-12-14T11:08:00Z,43.46,m_292,online,34.4207,-90.176
T000034868,431700000171,2025-12-14T11:14:00Z,22.49,m_369,clothing,49.195,-119.5815
T000034869,491700000073,2025-12-14T11:17:00Z,54.78,m_667,grocery,29.2291,-85.1612
T000034870,431600000056,2025-12-14T11:20:00Z,18.14,m_686,entertainment,44.6996,-84.4265
T000034871,468200000221,2025-12-14T11:22:00Z,20.41,m_037,restaurant,39.5634,-71.7394
T000034872,465400000137,2025-12-14T11:22:00Z,13.34,m_756,cash_advance,36.8303,-116.5491
T000034876,489800000203,2025-12-14T11:31:00Z,21.59,m_005,electronics,42.972,-102.7286
T000034880,420900000275,2025-12-14T11:39:00Z,30.42,m_256,travel,29.3892,-73.4091
T000034882,493900000290,2025-12-14T11:44:00Z,33.48,m_325,travel,34.6237,-74.09
T000034883,468700000127,2025-12-14T11:46:00Z,12.59,m_284,entertainment,32.1105,-122.8233
T000034884,485100000229,2025-12-14T11:48:00Z,33.25,m_399,travel,30.5315,-96.5153
T000034885,473800000088,2025-12-14T11:48:00Z,6.83,m_420,online,48.8226,-99.441
T000034888,472500000128,2025-12-14T11:53:00Z,7.64,m_226,entertainment,30.2445,-120.5197
T000034891,403000000031,2025-12-14T12:03:00Z,29.79,m_082,clothing,34.9246,-89.09
T000034892,425600000170,2025-12-14T12:04:00Z,5.76,m_679,travel,28.1971,-83.1901
T000034893,496700000238,2025-12-14T12:22:00Z,7.77,m_532,travel,25.64,-103.8874
T000034895,444500000160,2025-12-14T12:26:00Z,27.26,m_528,health,28.6774,-82.0819
T000034897,482000000288,2025-12-14T12:29:00Z,46.04,m_535,online,36.6226,-106.657
T000034898,433100000271,2025-12-14T12:32:00Z,33.75,m_448,online,41.8424,-78.7973
T000034900,442700000200,2025-12-14T12:47:00Z,32.0,m_038,entertainment,44.2221,-94.6218
T000034901,449200000177,2025-12-14T12:48:00Z,11.05,m_769,clothing,30.6184,-117.5601
T000034902,456600000153,2025-12-14T12:51:00Z,25.6,m_369,restaurant,37.1516,-112.0257
T000034904,457400000208,2025-12-14T12:56:00Z,17.9,m_075,entertainment,47.4704,-109.3769
T000034905,444800000104,2025-12-14T12:58:00Z,20.41,m_551,clothing,41.1766,-77.0768
T000034906,412500000217,2025-12-14T12:59:00Z,23.38,m_385,travel,25.3622,-113.067
T000034907,472500000128,2025-12-14T13:03:00Z,2.51,m_060,cash_advance,30.6267,-119.3327
T000034908,429200000004,2025-12-14T13:06:00Z,32.33,m_321,electronics,25.5699,-95.4648
T000034911,413800000254,2025-12-14T13:12:00Z,20.21,m_475,online,40.9507,-83.622
T000034912,443800000013,2025-12-14T13:17:00Z,26.08,m_073,travel,28.2613,-83.1198
T000034913,484400000030,2025-12-14T13:18:00Z,25.74,m_011,travel,29.0736,-73.2955
T000034914,418900000158,2025-12-14T13:19:00Z,19.94,m_640,restaurant,30.2559,-108.0916
T000034916,423800000109,2025-12-14T13:22:00Z,10.25,m_617,entertainment,37.6682,-98.6695
T000034917,452100000297,2025-12-14T13:23:00Z,38.41,m_011,travel,25.7515,-84.3845
T000034918,482900000152,2025-12-14T13:27:00Z,10.34,m_643,health,43.4008,-96.3255
T000034919,429300000186,2025-12-14T13:31:00Z,27.64,m_787,travel,26.1363,-94.1363
T000034920,429100000136,2025-12-14T13:31:00Z,20.01,m_096,clothing,48.0668,-78.9108
T000034921,427500000040,2025-12-14T13:36:00Z,23.76,m_720,travel,25.9054,-86.947
T000034923,454700000001,2025-12-14T13:42:00Z,3.98,m_170,entertainment,27.9237,-117.2857
T000034924,482600000050,2025-12-14T13:47:00Z,25.99,m_035,travel,38.2744,-77.5154
T000034925,456300000265,2025-12-14T13:49:00Z,56.18,m_254,travel,34.1148,-122.6608
T000034926,499000000220,2025-12-14T13:50:00Z,13.03,m_158,clothing,27.663,-106.7931
T000034927,421500000087,2025-12-14T13:52:00Z,22.11,m_720,restaurant,46.0704,-100.5337
T000034928,444800000104,2025-12-14T13:52:00Z,28.35,m_254,electronics,41.0235,-77.5061
T000034929,436700000039,2025-12-14T13:57:00Z,13.38,m_083,grocery,42.6943,-77.3575
T000034931,403300000018,2025-12-14T14:06:00Z,78.96,m_394,restaurant,30.4739,-79.674
T000034932,491600000072,2025-12-14T14:19:00Z,33.49,m_287,restaurant,34.1734,-113.2937
T000034933,413700000266,2025-12-14T14:21:00Z,15.9,m_033,grocery,29.4616,-116.835
T000034934,401300000033,2025-12-14T14:23:00Z,24.43,m_266,health,37.998,-113.6996
T000034935,405700000064,2025-12-14T14:25:00Z,47.91,m_715,grocery,31.451,-112.2736
T000034937,478800000067,2025-12-14T14:29:00Z,10.14,m_562,clothing,46.6692,-73.8152
T000034938,412500000217,2025-12-14T14:32:00Z,21.28,m_444,grocery,25.3744,-113.1523
T000034940,416600000244,2025-12-14T14:46:00Z,71.41,m_323,health,38.3066,-73.7444
T000034942,432000000185,2025-12-14T14:51:00Z,7.07,m_206,grocery,41.0036,-82.7136
T000034943,413800000254,2025-12-14T14:57:00Z,29.51,m_779,entertainment,40.3924,-82.7997
T000034944,456600000153,2025-12-14T14:59:00Z,86.62,m_268,electronics,37.6234,-111.1643
T000034946,442800000101,2025-12-14T15:02:00Z,3.51,m_104,cash_advance,24.3865,-103.3617
T000034947,429300000186,2025-12-14T15:05:00Z,27.38,m_785,grocery,26.2333,-94.2664
T000034948,472500000128,2025-12-14T15:08:00Z,8.76,m_795,health,30.3213,-120.2071
T000034949,453000000151,2025-12-14T15:17:00Z,11.87,m_271,health,37.6371,-103.7412
T000034950,458800000284,2025-12-14T15:19:00Z,23.14,m_187,online,39.6933,-96.5652
T000034951,488800000242,2025-12-14T15:28:00Z,3.49,m_085,grocery,34.2967,-100.3418
T000034952,463700000006,2025-12-14T15:29:00Z,5.12,m_122,grocery,29.5942,-122.208
T000034953,482300000206,2025-12-14T15:31:00Z,60.1,m_760,restaurant,37.779,-79.0939
T000034955,478700000011,2025-12-14T15:38:00Z,87.08,m_254,fuel,45.7765,-93.7918
T000034956,482600000050,2025-12-14T15:40:00Z,12.37,m_787,travel,38.0453,-77.2532
T000034957,433100000271,2025-12-14T15:41:00Z,18.53,m_260,entertainment,42.8383,-78.2567
T000034959,444500000160,2025-12-14T15:45:00Z,15.56,m_388,health,29.1946,-81.7385
T000034960,416600000244,2025-12-14T15:46:00Z,45.28,m_186,entertainment,38.1794,-73.6498
T000034962,468200000221,2025-12-14T15:50:00Z,9.11,m_537,cash_advance,40.0034,-72.0305
T000034964,424900000048,2025-12-14T15:51:00Z,11.62,m_739,cash_advance,36.3324,-115.0386
T000034967,489800000203,2025-12-14T15:55:00Z,13.71,m_292,health,43.2583,-103.5402
T000034969,460200000201,2025-12-14T15:58:00Z,47.48,m_174,clothing,44.6811,-77.294
T000034970,493300000296,2025-12-14T16:00:00Z,8.39,m_556,health,47.9362,-105.954
T000034971,492900000216,2025-12-14T16:01:00Z,14.16,m_714,cash_advance,35.9518,-70.8177
T000034972,432500000146,2025-12-14T16:03:00Z,33.04,m_717,online,23.3233,-116.5007
T000034973,412500000217,2025-12-14T16:06:00Z,24.67,m_680,online,25.8014,-114.1707
T000034974,431600000056,2025-12-14T16:07:00Z,9.77,m_103,health,44.8927,-84.7608
T000034975,493400000219,2025-12-14T16:08:00Z,8.29,m_661,grocery,40.7513,-79.8813
T000034976,454900000187,2025-12-14T16:08:00Z,10.08,m_787,travel,41.4613,-110.8144
T000034977,429300000186,2025-12-14T16:12:00Z,49.99,m_541,electronics,26.105,-94.7147
T000034978,452500000236,2025-12-14T16:12:00Z,6.54,m_601,fuel,25.2468,-116.7679
T000034979,461900000132,2025-12-14T16:21:00Z,14.81,m_338,health,39.707,-96.5276
T000034980,433100000271,2025-12-14T16:23:00Z,11.82,m_406,online,42.5593,-78.9899
T000034981,414100000007,2025-12-14T16:30:00Z,17.34,m_151,entertainment,34.8966,-114.1873
T000034983,478800000015,2025-12-14T16:41:00Z,37.69,m_766,clothing,29.9019,-113.4234
T000034985,498000000209,2025-12-14T16:48:00Z,12.4,m_737,cash_advance,43.4614,-88.2089
T000034986,431600000056,2025-12-14T16:59:00Z,15.44,m_043,fuel,44.5242,-84.7694
T000034987,462600000282,2025-12-14T16:59:00Z,4.55,m_104,online,45.7658,-88.2448
T000034988,403000000031,2025-12-14T17:08:00Z,22.42,m_115,restaurant,35.0662,-88.6426
T000034990,492900000216,2025-12-14T17:09:00Z,9.22,m_755,travel,34.9312,-70.7382
T000034991,479800000106,2025-12-14T17:10:00Z,26.45,m_422,online,28.6041,-71.9741
T000034992,426800000261,2025-12-14T17:14:00Z,19.61,m_363,cash_advance,31.1102,-113.4378
T000034993,436500000043,2025-12-14T17:14:00Z,35.58,m_160,cash_advance,34.5526,-110.7502
T000034994,431600000056,2025-12-14T17:16:00Z,6.7,m_738,clothing,44.8764,-84.4801
T000034995,434700000262,2025-12-14T17:17:00Z,11.02,m_662,cash_advance,29.1328,-80.6486
T000034998,440800000163,2025-12-14T17:25:00Z,5.56,m_388,online,27.6914,-117.1249
T000034999,471100000298,2025-12-14T17:31:00Z,19.81,m_265,health,45.9592,-86.4101
T000035000,485300000175,2025-12-14T17:36:00Z,12.32,m_286,entertainment,36.8705,-92.4671
T000035004,436200000283,2025-12-14T17:50:00Z,15.49,m_101,online,31.6845,-117.5215
T000035005,413700000240,2025-12-14T17:53:00Z,48.34,m_251,grocery,30.0024,-117.5053
T000035006,420200000267,2025-12-14T17:56:00Z,42.38,m_004,health,46.711,-82.8749
T000035007,423800000109,2025-12-14T17:58:00Z,8.73,m_316,clothing,37.4885,-98.6279
T000035010,467000000279,2025-12-14T18:11:00Z,34.46,m_216,travel,45.0589,-107.767
T000035011,403700000193,2025-12-14T18:15:00Z,30.18,m_524,online,31.7672,-104.7466
T000035012,419900000096,2025-12-14T18:19:00Z,14.19,m_160,online,46.4285,-95.6103
T000035014,423900000113,2025-12-14T18:22:00Z,33.99,m_387,electronics,30.9648,-90.5202
T000035018,451600000095,2025-12-14T18:36:00Z,11.47,m_009,health,41.0915,-102.5335
T000035019,426900000172,2025-12-14T18:37:00Z,25.73,m_575,grocery,43.2475,-107.1052
T000035020,436500000043,2025-12-14T18:43:00Z,11.96,m_096,travel,35.285,-111.3211
T000035022,431800000140,2025-12-14T18:45:00Z,109.06,m_043,grocery,47.6468,-96.7924
T000035023,402100000075,2025-12-14T18:48:00Z,4.82,m_287,fuel,37.8769,-123.5414
T000035024,484400000030,2025-12-14T18:57:00Z,32.21,m_434,fuel,29.6374,-73.2392
T000035025,475100000009,2025-12-14T18:58:00Z,26.21,m_761,clothing,33.158,-77.9731
T000035026,482000000288,2025-12-14T19:01:00Z,32.19,m_450,fuel,36.8581,-107.4752
T000035027,421400000107,2025-12-14T19:03:00Z,18.4,m_645,health,40.5831,-113.0058
T000035030,478700000237,2025-12-14T19:06:00Z,85.18,m_636,travel,26.4103,-77.2342
T000035031,408700000002,2025-12-14T19:07:00Z,24.9,m_307,cash_advance,36.5704,-95.7524
T000035032,467200000059,2025-12-14T19:11:00Z,6.9,m_375,restaurant,42.9926,-82.3324
T000035033,449200000177,2025-12-14T19:19:00Z,11.14,m_580,health,30.6108,-117.4818
T000035037,493400000219,2025-12-14T19:24:00Z,19.16,m_430,cash_advance,41.0056,-80.3944
T000035039,424900000048,2025-12-14T19:28:00Z,9.2,m_201,fuel,34.8743,-115.8758
T000035041,426800000261,2025-12-14T19:28:00Z,9.42,m_799,health,31.2654,-112.4299
T000035042,462600000282,2025-12-14T19:32:00Z,7.47,m_745,cash_advance,46.5405,-87.9913
T000035044,423900000113,2025-12-14T19:38:00Z,25.77,m_167,entertainment,31.1586,-90.2001
T000035048,488200000133,2025-12-14T19:54:00Z,7.96,m_751,travel,47.1231,-88.3115
T000035049,494800000019,2025-12-14T19:57:00Z,15.02,m_441,travel,25.3462,-103.2277
T000035050,403900000005,2025-12-14T19:58:00Z,32.99,m_152,online,27.1617,-89.526
T000035053,488200000133,2025-12-14T20:13:00Z,8.42,m_672,health,46.5177,-87.2445
T000035054,434500000161,2025-12-14T20:20:00Z,6.02,m_220,restaurant,35.8903,-88.1322
T000035056,426900000172,2025-12-14T20:22:00Z,28.63,m_368,electronics,42.6203,-107.105
T000035057,468600000099,2025-12-14T20:25:00Z,7.34,m_041,travel,37.9487,-73.4007
T000035058,405300000080,2025-12-14T20:28:00Z,37.51,m_461,fuel,47.1044,-87.2335
T000035059,429100000136,2025-12-14T20:35:00Z,82.13,m_118,fuel,48.4189,-79.4121
T000035061,465400000137,2025-12-14T20:45:00Z,13.16,m_462,entertainment,37.3722,-116.3706
T000035062,420900000275,2025-12-14T20:45:00Z,28.72,m_736,restaurant,28.6454,-73.1575
T000035064,429200000004,2025-12-14T20:50:00Z,21.52,m_687,cash_advance,26.632,-94.9908
T000035065,465400000150,2025-12-14T21:13:00Z,15.52,m_609,fuel,26.2258,-78.0628
T000035066,491300000082,2025-12-14T21:33:00Z,18.08,m_524,entertainment,40.1641,-105.9543
T000035068,420300000182,2025-12-14T21:51:00Z,336.3,m_627,cash_advance,17.5831,-94.9908
T000035069,432000000185,2025-12-14T22:02:00Z,17.11,m_763,cash_advance,41.0688,-82.8505
T000035070,402100000075,2025-12-14T22:05:00Z,6.38,m_259,cash_advance,37.6147,-122.1156
T000035071,485300000175,2025-12-14T22:10:00Z,16.36,m_344,clothing,36.6866,-92.8158
T000035072,413700000240,2025-12-14T22:33:00Z,24.01,m_069,entertainment,29.8169,-118.0556
T000035073,443800000013,2025-12-14T22:39:00Z,18.93,m_550,health,28.216,-83.155
T000035074,491600000072,2025-12-14T22:51:00Z,39.96,m_574,fuel,35.0529,-114.3205
T000035075,432500000146,2025-12-14T22:56:00Z,26.45,m_066,cash_advance,27.6551,-115.9709
T000035078,489200000253,2025-12-15T00:29:00Z,68.23,m_775,cash_advance,36.975,-88.6228
T000035079,408300000014,2025-12-15T00:32:00Z,12.73,m_680,travel,39.5748,-88.7784
T000035080,496400000091,2025-12-15T00:34:00Z,50.06,m_512,entertainment,26.8325,-72.4548
T000035081,443900000180,2025-12-15T00:38:00Z,27.22,m_062,health,45.9582,-76.0772
T000035082,471700000020,2025-12-15T00:49:00Z,10.31,m_194,travel,45.8591,-90.4278
T000035083,410600000115,2025-12-15T01:07:00Z,29.67,m_565,grocery,27.0716,-84.0358
T000035084,432200000285,2025-12-15T01:19:00Z,15.99,m_786,grocery,42.5304,-113.4546
T000035085,463700000291,2025-12-15T01:34:00Z,7.56,m_616,restaurant,37.6828,-84.285
T000035087,422200000028,2025-12-15T01:53:00Z,37.5,m_267,grocery,29.26,-122.3041
T000035088,435100000025,2025-12-15T01:54:00Z,9.13,m_244,clothing,33.6564,-101.9034
T000035090,483100000286,2025-12-15T02:05:00Z,21.44,m_753,grocery,35.23,-75.0955
T000035091,492300000241,2025-12-15T02:09:00Z,24.33,m_163,online,29.3354,-77.4335
T000035093,414600000120,2025-12-15T02:14:00Z,36.49,m_328,grocery,28.0524,-79.0936
T000035095,498000000026,2025-12-15T02:24:00Z,466.01,m_051,electronics,28.4534,-103.2383
T000035096,421500000087,2025-12-15T02:47:00Z,279.64,m_255,electronics,50.5546,-95.4949
T000035099,430200000164,2025-12-15T03:13:00Z,89.49,m_173,restaurant,32.6896,-75.019
T000035102,493100000068,2025-12-15T04:43:00Z,16.8,m_262,online,34.212,-91.1606
T000035104,491000000038,2025-12-15T04:44:00Z,40.58,m_465,fuel,27.5533,-92.749
T000035105,452500000236,2025-12-15T04:51:00Z,7.69,m_510,grocery,25.1457,-115.7801
T000035107,448100000292,2025-12-15T04:59:00Z,14.47,m_351,entertainment,32.2891,-94.1478
T000035109,421700000058,2025-12-15T05:28:00Z,32.8,m_242,clothing,42.8949,-82.4962
T000035110,492900000216,2025-12-15T05:53:00Z,9.88,m_211,fuel,35.2562,-71.2069
T000035112,482600000050,2025-12-15T06:11:00Z,17.3,m_466,cash_advance,37.8484,-77.312
T000035114,409000000198,2025-12-15T06:51:00Z,10.42,m_221,health,47.7251,-81.8534
T000035115,459100000090,2025-12-15T07:05:00Z,12.3,m_099,travel,41.4007,-82.6536
T000035116,492800000125,2025-12-15T07:06:00Z,35.74,m_065,cash_advance,45.5292,-89.1862
T000035117,468700000127,2025-12-15T07:23:00Z,13.13,m_018,electronics,31.0888,-123.435
T000035118,482000000288,2025-12-15T07:30:00Z,27.39,m_264,grocery,37.2275,-107.1359
T000035119,431700000171,2025-12-15T07:41:00Z,42.45,m_279,entertainment,49.3772,-119.459
T000035121,460200000124,2025-12-15T08:00:00Z,47.24,m_500,cash_advance,48.9844,-74.9983
T000035122,462600000282,2025-12-15T08:02:00Z,12.44,m_262,electronics,46.0145,-87.5407
T000035123,449400000063,2025-12-15T08:07:00Z,21.65,m_013,grocery,41.4606,-74.1827
T000035124,401300000033,2025-12-15T08:12:00Z,14.21,m_095,cash_advance,38.7865,-113.5616
T000035126,498000000026,2025-12-15T08:13:00Z,46.81,m_673,restaurant,26.5705,-90.6976
T000035127,473300000089,2025-12-15T08:15:00Z,11.8,m_602,online,39.2589,-74.3544
T000035128,490400000207,2025-12-15T08:29:00Z,12.75,m_494,entertainment,38.6415,-121.3224
T000035129,489200000253,2025-12-15T08:32:00Z,70.56,m_533,entertainment,36.9648,-88.8683
T000035130,405300000080,2025-12-15T08:33:00Z,37.73,m_666,online,46.6582,-88.3856
T000035131,493300000296,2025-12-15T08:42:00Z,21.16,m_649,online,47.4688,-106.4868
T000035132,425100000250,2025-12-15T08:51:00Z,7.16,m_003,travel,32.7524,-98.9036
T000035133,407400000227,2025-12-15T08:54:00Z,6.16,m_013,cash_advance,34.3436,-84.8442
T000035134,436700000039,2025-12-15T08:55:00Z,4.97,m_753,electronics,42.0615,-77.5306
T000035135,493600000141,2025-12-15T08:55:00Z,7.38,m_710,cash_advance,31.1442,-111.2225
T000035137,411600000017,2025-12-15T08:58:00Z,42.38,m_164,travel,37.3547,-86.2686
T000035139,443000000144,2025-12-15T09:01:00Z,50.33,m_455,entertainment,30.9833,-78.7353
T000035140,444500000160,2025-12-15T09:03:00Z,21.52,m_246,travel,28.2484,-81.3752
T000035141,491600000072,2025-12-15T09:04:00Z,13.42,m_308,entertainment,34.7525,-112.9534
T000035142,440200000212,2025-12-15T09:04:00Z,29.12,m_525,fuel,44.6487,-102.9964
T000035143,432500000036,2025-12-15T09:04:00Z,8.58,m_783,restaurant,39.2836,-120.0501
T000035144,421700000058,2025-12-15T09:06:00Z,22.21,m_353,entertainment,43.6766,-82.8781
T000035145,419900000096,2025-12-15T09:09:00Z,27.71,m_755,restaurant,46.3194,-95.588
T000035146,436700000039,2025-12-15T09:18:00Z,10.08,m_726,restaurant,42.1518,-77.1234
T000035147,476900000239,2025-12-15T09:20:00Z,29.95,m_482,health,30.2895,-97.2791
T000035148,414100000007,2025-12-15T09:23:00Z,20.48,m_553,grocery,35.1006,-113.7271
T000035149,421200000102,2025-12-15T09:32:00Z,22.25,m_537,online,41.0977,-116.4911
T000035150,443500000166,2025-12-15T09:33:00Z,46.12,m_145,travel,31.9754,-74.079
T000035152,427100000293,2025-12-15T09:36:00Z,42.97,m_532,restaurant,30.5178,-112.5971
T000035157,440800000163,2025-12-15T09:40:00Z,15.38,m_461,entertainment,28.2873,-118.1524
T000035158,414600000120,2025-12-15T09:41:00Z,38.25,m_236,electronics,28.0282,-79.5247
T000035160,471100000298,2025-12-15T09:45:00Z,18.12,m_269,travel,46.219,-85.5719
T000035161,471700000020,2025-12-15T09:45:00Z,7.96,m_696,clothing,45.728,-90.0641
T000035162,418900000158,2025-12-15T09:46:00Z,8.09,m_285,entertainment,30.537,-107.3463
T000035165,459200000077,2025-12-15T09:51:00Z,19.26,m_314,restaurant,35.5539,-105.6022
T000035166,425100000250,2025-12-15T09:58:00Z,30.68,m_414,grocery,33.1374,-99.2033
T000035167,400100000173,2025-12-15T09:58:00Z,11.48,m_605,entertainment,47.4718,-83.37
T000035169,401300000033,2025-12-15T10:02:00Z,44.46,m_359,cash_advance,38.3254,-113.9612
T000035170,403000000031,2025-12-15T10:04:00Z,12.12,m_480,entertainment,35.7601,-90.8486
T000035172,470100000147,2025-12-15T10:11:00Z,12.15,m_693,cash_advance,29.9806,-83.3443
T000035173,491300000082,2025-12-15T10:11:00Z,22.42,m_762,health,39.9554,-105.0708
T000035174,490100000041,2025-12-15T10:16:00Z,38.6,m_713,clothing,34.9976,-90.6617
T000035175,465400000150,2025-12-15T10:21:00Z,8.23,m_128,clothing,26.1501,-78.4364
T000035177,427500000040,2025-12-15T10:32:00Z,77.75,m_144,fuel,26.754,-86.8245
T000035179,412900000224,2025-12-15T10:33:00Z,21.75,m_528,clothing,28.8768,-120.1699
T000035180,429200000138,2025-12-15T10:33:00Z,46.69,m_275,online,40.3811,-86.2458
T000035183,430300000145,2025-12-15T10:40:00Z,6.34,m_769,online,26.9832,-103.7393
T000035184,412700000272,2025-12-15T10:40:00Z,51.78,m_169,grocery,35.5801,-107.9414
T000035185,478700000011,2025-12-15T10:40:00Z,65.61,m_241,restaurant,45.351,-93.7769
T000035186,498300000053,2025-12-15T10:41:00Z,51.65,m_738,online,38.913,-125.764
T000035187,415300000169,2025-12-15T10:49:00Z,20.78,m_321,entertainment,36.0843,-117.3973
T000035189,425100000126,2025-12-15T10:50:00Z,42.0,m_201,travel,45.623,-107.892
T000035190,403400000178,2025-12-15T10:51:00Z,26.53,m_031,grocery,26.5129,-113.7926
T000035191,442700000200,2025-12-15T10:51:00Z,42.26,m_113,fuel,43.8741,-94.0804
T000035193,416600000244,2025-12-15T10:53:00Z,48.05,m_353,cash_advance,38.1195,-73.9732
T000035194,436300000225,2025-12-15T10:55:00Z,34.77,m_438,fuel,47.1353,-100.1704
T000035197,422200000028,2025-12-15T11:00:00Z,36.75,m_430,clothing,28.8137,-122.77
T000035198,448600000179,2025-12-15T11:01:00Z,9.34,m_311,electronics,30.7394,-109.3056
T000035199,442800000101,2025-12-15T11:01:00Z,16.86,m_011,cash_advance,25.4508,-102.4589
T000035200,435100000025,2025-12-15T11:01:00Z,13.91,m_368,entertainment,33.8379,-101.4859
T000035202,472100000092,2025-12-15T11:12:00Z,24.82,m_202,electronics,42.0093,-79.3907
T000035204,467200000059,2025-12-15T11:12:00Z,9.08,m_478,grocery,42.6943,-81.6279
T000035205,492800000125,2025-12-15T11:16:00Z,24.97,m_543,grocery,45.3894,-89.3577
T000035206,427100000293,2025-12-15T11:18:00Z,36.08,m_182,online,29.995,-113.5594
T000035207,426900000083,2025-12-15T11:20:00Z,34.86,m_540,cash_advance,48.1182,-82.9957
T000035208,488800000242,2025-12-15T11:29:00Z,15.23,m_666,health,33.2179,-100.9746
T000035209,466900000159,2025-12-15T11:31:00Z,22.01,m_141,clothing,43.2436,-99.4408
T000035210,454600000047,2025-12-15T11:32:00Z,18.71,m_501,grocery,42.4039,-96.4229
T000035215,470100000147,2025-12-15T11:52:00Z,8.57,m_359,health,29.6481,-83.8432
T000035216,425100000250,2025-12-15T11:56:00Z,9.41,m_011,travel,33.8893,-99.3224
T000035217,452500000236,2025-12-15T12:00:00Z,8.88,m_781,grocery,25.3321,-116.0465
T000035218,442700000200,2025-12-15T12:00:00Z,6.75,m_371,cash_advance,44.2854,-94.8326
T000035219,489200000253,2025-12-15T12:00:00Z,20.09,m_464,cash_advance,37.4326,-89.2342
T000035224,436200000283,2025-12-15T12:22:00Z,15.07,m_743,restaurant,31.9451,-117.6016
T000035225,490700000100,2025-12-15T12:25:00Z,23.56,m_382,restaurant,33.6962,-122.0453
T000035226,468700000127,2025-12-15T12:26:00Z,12.17,m_160,electronics,31.6059,-121.9787
T000035227,465400000137,2025-12-15T12:27:00Z,28.94,m_074,grocery,37.0309,-116.6151
T000035230,405200000054,2025-12-15T12:34:00Z,67.54,m_345,electronics,30.5379,-89.1249
T000035231,482900000152,2025-12-15T12:39:00Z,15.63,m_079,restaurant,44.0272,-96.915
T000035233,496700000238,2025-12-15T12:47:00Z,14.14,m_537,entertainment,25.1757,-103.4868
T000035234,479800000010,2025-12-15T12:51:00Z,15.58,m_051,cash_advance,36.7048,-118.2803
T000035235,431700000171,2025-12-15T13:07:00Z,39.72,m_657,travel,49.5082,-119.4339
T000035236,459200000077,2025-12-15T13:10:00Z,110.29,m_741,grocery,34.7652,-107.0828
T000035237,420300000182,2025-12-15T13:11:00Z,31.8,m_532,clothing,31.0155,-97.3792
T000035238,411600000017,2025-12-15T13:15:00Z,132.17,m_315,fuel,37.3049,-86.9608
T000035240,416600000244,2025-12-15T13:20:00Z,21.92,m_249,fuel,38.0574,-73.3265
T000035242,439700000263,2025-12-15T13:23:00Z,23.23,m_151,grocery,47.2937,-93.5657
T000035243,454700000001,2025-12-15T13:23:00Z,8.12,m_144,restaurant,28.7372,-117.6789
T000035244,488800000117,2025-12-15T13:26:00Z,31.53,m_530,clothing,35.8237,-104.7724
T000035245,419200000035,2025-12-15T13:28:00Z,28.57,m_107,clothing,29.7339,-91.9052
T000035246,440800000163,2025-12-15T13:29:00Z,16.42,m_738,health,28.1299,-117.9597
T000035247,492300000134,2025-12-15T13:31:00Z,19.47,m_724,grocery,26.0033,-101.6529
T000035249,411100000235,2025-12-15T13:44:00Z,13.91,m_230,travel,35.7063,-118.5495
T000035251,427000000130,2025-12-15T13:49:00Z,45.43,m_199,cash_advance,40.3425,-100.8868
T000035252,454600000047,2025-12-15T13:49:00Z,9.49,m_259,cash_advance,43.3661,-96.7959
T000035253,488200000133,2025-12-15T13:52:00Z,18.15,m_061,clothing,45.9251,-88.1914
T000035254,470100000147,2025-12-15T13:53:00Z,18.25,m_711,grocery,30.3768,-83.7631
T000035257,472100000092,2025-12-15T14:00:00Z,8.87,m_044,grocery,42.0399,-79.6726
T000035259,449300000066,2025-12-15T14:02:00Z,32.98,m_576,fuel,34.2756,-92.0441
T000035260,433100000271,2025-12-15T14:02:00Z,21.25,m_705,entertainment,41.6175,-78.3437
T000035261,425600000170,2025-12-15T14:09:00Z,18.34,m_352,electronics,27.5778,-82.9871
T000035262,409000000198,2025-12-15T14:10:00Z,27.23,m_798,entertainment,47.4111,-81.5575
T000035264,405300000080,2025-12-15T14:17:00Z,84.95,m_009,electronics,47.1426,-87.7155
T000035265,459200000077,2025-12-15T14:18:00Z,25.9,m_291,online,35.0244,-105.9342
T000035266,413300000061,2025-12-15T14:27:00Z,13.33,m_721,cash_advance,34.7321,-80.6967
T000035267,420300000182,2025-12-15T14:28:00Z,27.62,m_757,travel,30.2919,-97.4286
T000035270,479800000106,2025-12-15T14:32:00Z,17.01,m_755,online,28.1871,-71.0864
T000035271,433600000269,2025-12-15T14:41:00Z,15.27,m_741,grocery,48.6833,-89.437
T000035272,426800000261,2025-12-15T14:42:00Z,9.02,m_316,online,31.2714,-112.2199
T000035275,468200000221,2025-12-15T14:59:00Z,26.02,m_652,restaurant,40.1339,-72.3203
T000035276,474600000256,2025-12-15T15:03:00Z,21.58,m_444,travel,26.2121,-88.8394
T000035277,488200000133,2025-12-15T15:05:00Z,18.29,m_058,grocery,46.4618,-88.0447
T000035278,421000000277,2025-12-15T15:27:00Z,38.22,m_774,online,43.4572,-72.876
T000035279,458800000284,2025-12-15T15:28:00Z,30.06,m_132,electronics,39.1469,-96.8418
T000035281,454600000047,2025-12-15T15:32:00Z,13.04,m_294,cash_advance,43.3331,-97.1811
T000035282,477200000076,2025-12-15T15:33:00Z,25.0,m_212,online,42.8591,-78.0684
T000035283,435100000025,2025-12-15T15:34:00Z,6.14,m_260,electronics,33.9563,-101.3176
T000035284,423900000113,2025-12-15T15:43:00Z,56.71,m_312,grocery,31.6775,-90.5334
T000035285,490700000100,2025-12-15T15:43:00Z,16.08,m_618,fuel,34.3077,-120.8516
T000035288,491700000073,2025-12-15T15:45:00Z,26.29,m_015,electronics,29.7522,-85.3862
T000035289,466900000159,2025-12-15T15:45:00Z,17.23,m_437,health,43.5755,-99.5201
T000035290,432200000285,2025-12-15T15:45:00Z,44.05,m_610,clothing,42.0958,-113.4176
T000035291,426800000149,2025-12-15T15:46:00Z,62.87,m_188,clothing,29.7478,-117.8065
T000035293,448100000292,2025-12-15T15:56:00Z,17.2,m_576,grocery,33.3846,-94.1482
T000035296,420200000267,2025-12-15T16:08:00Z,20.4,m_130,clothing,47.7001,-82.6288
T000035298,419200000035,2025-12-15T16:10:00Z,81.27,m_241,travel,29.6331,-92.3859
T000035299,499000000220,2025-12-15T16:11:00Z,16.27,m_514,health,27.2796,-106.3151
T000035302,475100000009,2025-12-15T16:13:00Z,11.46,m_480,online,33.6848,-78.2012
T000035303,413700000266,2025-12-15T16:15:00Z,30.75,m_565,entertainment,30.8306,-116.8628
T000035304,478800000067,2025-12-15T16:17:00Z,13.62,m_626,clothing,46.7319,-72.9908
T000035306,489200000253,2025-12-15T16:25:00Z,70.21,m_780,electronics,36.7497,-88.8685
T000035307,413400000129,2025-12-15T16:28:00Z,22.72,m_643,cash_advance,43.8232,-75.6049
T000035308,407400000227,2025-12-15T16:29:00Z,4.68,m_562,restaurant,34.5783,-84.3675
T000035310,460200000201,2025-12-15T16:36:00Z,45.07,m_041,online,45.1229,-77.8397
T000035311,472100000092,2025-12-15T16:37:00Z,9.13,m_544,electronics,41.0178,-80.1374
T000035312,499500000281,2025-12-15T16:40:00Z,17.62,m_160,grocery,47.5665,-75.5788
T000035313,467200000059,2025-12-15T16:46:00Z,9.99,m_230,health,42.5211,-81.6112
T000035315,425100000126,2025-12-15T16:47:00Z,62.38,m_454,fuel,46.169,-107.4408
T000035316,434500000161,2025-12-15T16:49:00Z,13.87,m_554,electronics,36.2576,-88.3729
T000035317,443500000166,2025-12-15T16:51:00Z,19.43,m_112,online,31.7082,-72.754
T000035318,498000000026,2025-12-15T16:53:00Z,61.29,m_795,electronics,26.5801,-91.1415
T000035319,466900000159,2025-12-15T16:54:00Z,7.98,m_691,health,43.7067,-99.8755
T000035320,498200000023,2025-12-15T16:55:00Z,18.27,m_227,clothing,25.5776,-85.7942
T000035321,418900000158,2025-12-15T16:58:00Z,12.48,m_649,grocery,29.9579,-107.6224
T000035323,449400000063,2025-12-15T17:09:00Z,23.8,m_603,grocery,41.6568,-74.4005
T000035325,492500000154,2025-12-15T17:11:00Z,18.16,m_628,entertainment,30.1532,-111.4333
T000035326,471700000259,2025-12-15T17:18:00Z,31.87,m_250,fuel,26.4993,-117.7535
T000035327,454900000187,2025-12-15T17:20:00Z,10.74,m_474,entertainment,41.7784,-111.6339
T000035328,497000000024,2025-12-15T17:25:00Z,19.54,m_350,clothing,34.7965,-96.7059
T000035329,478500000258,2025-12-15T17:29:00Z,14.62,m_090,cash_advance,47.0777,-83.8803
T000035332,425600000170,2025-12-15T17:35:00Z,16.87,m_032,electronics,27.6766,-83.0536
T000035333,472500000128,2025-12-15T17:37:00Z,23.03,m_621,grocery,30.472,-119.1318
T000035334,492300000134,2025-12-15T17:42:00Z,29.38,m_173,fuel,25.7793,-101.9605
T000035335,407400000227,2025-12-15T17:43:00Z,5.46,m_142,fuel,34.3286,-83.6253
T000035336,426900000172,2025-12-15T17:45:00Z,17.11,m_012,cash_advance,43.8437,-107.1912
T000035337,440800000163,2025-12-15T17:50:00Z,21.87,m_751,clothing,27.9302,-118.0668
T000035338,491600000072,2025-12-15T17:50:00Z,33.07,m_668,clothing,35.2259,-113.4776
T000035339,475100000009,2025-12-15T17:57:00Z,24.36,m_588,travel,33.1714,-78.6396
T000035340,421300000071,2025-12-15T18:02:00Z,15.88,m_155,grocery,35.0728,-97.1915
T000035341,443900000180,2025-12-15T18:02:00Z,8.08,m_289,travel,45.531,-76.3673
T000035342,450800000191,2025-12-15T18:03:00Z,7.12,m_670,entertainment,41.8055,-75.7263
T000035343,461900000132,2025-12-15T18:06:00Z,7.66,m_764,health,39.3674,-96.2454
T000035345,453700000255,2025-12-15T18:10:00Z,5.78,m_245,electronics,25.5894,-110.8648
T000035346,476900000239,2025-12-15T18:11:00Z,34.69,m_352,cash_advance,30.768,-96.8645
T000035347,485500000183,2025-12-15T18:11:00Z,18.43,m_430,online,33.6521,-73.3068
T000035349,413300000061,2025-12-15T18:21:00Z,10.01,m_653,fuel,34.1108,-80.8173
T000035351,401300000033,2025-12-15T18:22:00Z,17.68,m_613,grocery,38.0476,-113.6221
T000035352,436300000225,2025-12-15T18:22:00Z,70.44,m_377,fuel,45.9032,-101.1071
T000035353,488200000133,2025-12-15T18:28:00Z,32.32,m_652,clothing,46.7193,-87.966
T000035355,418600000223,2025-12-15T18:42:00Z,9.54,m_173,restaurant,48.6659,-78.0088
T000035356,492300000134,2025-12-15T18:42:00Z,22.47,m_769,travel,26.8284,-101.9347
T000035357,425300000079,2025-12-15T18:43:00Z,7.75,m_006,clothing,36.3413,-75.5276
T000035358,492300000134,2025-12-15T18:45:00Z,64.96,m_155,electronics,25.794,-102.68
T000035359,423900000113,2025-12-15T18:45:00Z,45.24,m_037,health,31.4132,-90.8084
T000035360,432200000285,2025-12-15T18:52:00Z,5.74,m_514,health,42.3432,-112.9761
T000035361,407400000227,2025-12-15T19:05:00Z,9.05,m_246,online,34.9916,-84.779
T000035362,494000000016,2025-12-15T19:06:00Z,44.84,m_103,grocery,38.8196,-112.5209
T000035364,442200000287,2025-12-15T19:10:00Z,17.79,m_027,fuel,32.7878,-121.0082
T000035365,471100000298,2025-12-15T19:11:00Z,4.07,m_730,cash_advance,45.9611,-86.3062
T000035369,402100000075,2025-12-15T19:18:00Z,16.95,m_476,clothing,37.4286,-122.4903
T000035371,490700000100,2025-12-15T19:21:00Z,34.3,m_305,health,34.4328,-121.0941
T000035372,497600000197,2025-12-15T19:22:00Z,14.33,m_532,travel,45.9822,-117.2387
T000035373,494800000019,2025-12-15T19:22:00Z,24.12,m_557,clothing,25.0088,-102.9762
T000035374,454600000047,2025-12-15T19:25:00Z,15.49,m_700,entertainment,42.6652,-97.1056
T000035375,498000000209,2025-12-15T19:28:00Z,19.92,m_244,grocery,43.4346,-88.6838
T000035376,478800000015,2025-12-15T19:28:00Z,38.92,m_490,electronics,30.8982,-113.849
T000035378,402500000268,2025-12-15T19:37:00Z,3.17,m_430,entertainment,44.0572,-117.9295
T000035380,460200000201,2025-12-15T19:42:00Z,40.63,m_708,entertainment,45.4896,-77.7143
T000035381,473800000088,2025-12-15T19:44:00Z,12.95,m_410,health,48.8266,-99.1825
T000035382,493300000296,2025-12-15T19:47:00Z,12.02,m_209,clothing,48.2107,-106.3396
T000035383,405700000064,2025-12-15T19:49:00Z,9.15,m_708,clothing,31.4171,-111.9141
T000035384,467200000059,2025-12-15T19:50:00Z,6.14,m_051,restaurant,43.4243,-81.5748
T000035385,425300000079,2025-12-15T19:51:00Z,18.92,m_121,clothing,36.4293,-75.8872
T000035386,498300000053,2025-12-15T19:53:00Z,8.79,m_200,online,34.2739,-120.131
T000035387,434800000074,2025-12-15T19:56:00Z,11.04,m_088,health,35.5925,-110.3543
T000035388,479800000106,2025-12-15T19:59:00Z,20.37,m_506,health,28.3499,-71.1755
T000035390,408300000014,2025-12-15T20:08:00Z,7.83,m_076,cash_advance,39.7483,-89.0531
T000035391,400100000173,2025-12-15T20:08:00Z,9.9,m_374,clothing,47.6834,-83.684
T000035392,412700000272,2025-12-15T20:14:00Z,48.0,m_568,restaurant,35.1194,-107.5786
T000035393,475100000009,2025-12-15T20:14:00Z,295.06,m_070,electronics,41.7151,-74.8093
T000035394,448100000292,2025-12-15T20:21:00Z,30.4,m_055,grocery,32.434,-93.9531
T000035395,420900000275,2025-12-15T20:25:00Z,59.75,m_770,restaurant,29.6673,-73.5644
T000035396,482900000152,2025-12-15T20:26:00Z,6.69,m_115,travel,43.5178,-97.0962
T000035397,455700000103,2025-12-15T20:26:00Z,16.02,m_449,electronics,25.2924,-90.1252
T000035398,407400000227,2025-12-15T20:27:00Z,9.23,m_474,travel,34.692,-84.8501
T000035399,403400000178,2025-12-15T20:28:00Z,9.4,m_503,health,26.8014,-113.2587
T000035401,493600000274,2025-12-15T20:32:00Z,28.23,m_065,travel,27.274,-72.6203
T000035402,426700000042,2025-12-15T20:34:00Z,12.0,m_714,travel,36.2075,-115.5556
T000035403,431800000140,2025-12-15T20:36:00Z,84.41,m_294,fuel,47.6191,-96.7055
T000035404,471000000105,2025-12-15T20:37:00Z,21.1,m_080,travel,39.5716,-94.236
T000035406,427100000293,2025-12-15T20:50:00Z,21.97,m_683,health,30.267,-113.2925
T000035407,427000000130,2025-12-15T20:52:00Z,28.57,m_350,clothing,40.9198,-100.3542
T000035408,492900000216,2025-12-15T20:54:00Z,6.65,m_549,restaurant,36.0415,-71.2945
T000035409,473800000088,2025-12-15T20:56:00Z,5.72,m_543,travel,48.7645,-99.1191
T000035411,492900000216,2025-12-15T20:58:00Z,15.34,m_208,fuel,35.5427,-70.7464
T000035412,413700000240,2025-12-15T21:31:00Z,22.86,m_609,health,29.9517,-117.85
T000035413,426900000172,2025-12-15T21:31:00Z,30.02,m_585,online,42.9124,-107.9509
T000035414,497000000024,2025-12-15T21:44:00Z,16.14,m_573,travel,35.3471,-97.1579
T000035415,442200000037,2025-12-15T21:47:00Z,38.01,m_331,electronics,33.33,-107.1865
T000035416,449300000066,2025-12-15T21:55:00Z,13.01,m_735,entertainment,34.41,-92.3249
T000035417,497300000184,2025-12-15T22:10:00Z,231.56,m_138,electronics,31.8608,-87.299
T000035418,482900000152,2025-12-15T22:14:00Z,13.39,m_272,electronics,44.1547,-96.5833
T000035419,442200000037,2025-12-15T22:16:00Z,36.5,m_154,electronics,33.1146,-106.9275
T000035420,459200000077,2025-12-15T22:22:00Z,19.29,m_162,entertainment,35.0997,-106.4158
T000035421,448700000123,2025-12-15T22:28:00Z,38.77,m_161,electronics,41.587,-97.5425
T000035422,467400000299,2025-12-15T22:30:00Z,63.01,m_778,entertainment,26.0638,-108.9974
T000035424,471000000105,2025-12-15T23:23:00Z,52.87,m_560,grocery,38.8481,-94.1976
T000035425,410600000115,2025-12-15T23:30:00Z,45.48,m_766,fuel,27.2933,-84.1995
T000035428,460200000201,2025-12-16T00:01:00Z,21.55,m_575,entertainment,44.795,-78.7967
T000035429,489800000203,2025-12-16T00:07:00Z,7.44,m_069,clothing,42.6159,-102.6203
T000035430,405700000064,2025-12-16T00:15:00Z,28.87,m_730,restaurant,31.0084,-112.6315
T000035431,432000000185,2025-12-16T00:30:00Z,32.92,m_378,fuel,41.3293,-82.5138
T000035432,440200000212,2025-12-16T00:39:00Z,128.84,m_510,health,45.3955,-103.1888
T000035433,433100000271,2025-12-16T00:47:00Z,12.0,m_033,clothing,42.3259,-78.9083
T000035434,400100000173,2025-12-16T00:53:00Z,29.09,m_041,entertainment,47.9298,-83.288
T000035435,484400000030,2025-12-16T01:05:00Z,14.6,m_766,fuel,28.3271,-72.9094
T000035436,489800000203,2025-12-16T01:18:00Z,6.49,m_034,restaurant,43.4157,-103.4905
T000035440,454600000047,2025-12-16T01:37:00Z,16.48,m_305,travel,42.5036,-96.8111
T000035442,440200000212,2025-12-16T01:45:00Z,27.83,m_401,health,45.3219,-103.0066
T000035443,421700000058,2025-12-16T01:48:00Z,29.66,m_549,clothing,42.5961,-83.3769
T000035444,497000000024,2025-12-16T02:04:00Z,16.6,m_370,cash_advance,35.013,-96.6234
T000035445,491700000032,2025-12-16T02:15:00Z,16.3,m_102,clothing,34.8929,-116.7094
T000035447,478700000237,2025-12-16T02:25:00Z,213.62,m_354,electronics,31.381,-85.9252
T000035448,458800000284,2025-12-16T02:59:00Z,16.68,m_451,fuel,39.1552,-95.9526
T000035450,449400000063,2025-12-16T03:10:00Z,47.61,m_411,electronics,41.7448,-73.9163
T000035451,490700000100,2025-12-16T03:12:00Z,49.13,m_356,fuel,34.4558,-121.3226
T000035452,459100000090,2025-12-16T03:13:00Z,7.34,m_209,restaurant,41.0031,-83.088
T000035453,442700000200,2025-12-16T03:43:00Z,32.06,m_504,grocery,44.6826,-94.8222
T000035454,434800000074,2025-12-16T04:03:00Z,19.53,m_304,health,34.365,-109.8392
T000035456,418600000223,2025-12-16T04:20:00Z,13.33,m_734,fuel,48.8732,-78.1567
T000035458,479800000010,2025-12-16T05:12:00Z,17.07,m_361,travel,36.2692,-117.5031
T000035459,460200000124,2025-12-16T05:49:00Z,12.21,m_021,clothing,47.6022,-74.7527
T000035460,462600000282,2025-12-16T05:50:00Z,11.68,m_360,travel,46.1231,-89.0215
T000035462,493600000274,2025-12-16T06:20:00Z,5.86,m_189,restaurant,26.8814,-72.8311
T000035463,426800000261,2025-12-16T06:22:00Z,18.4,m_186,travel,31.1915,-112.7449
T000035464,452500000236,2025-12-16T06:25:00Z,5.61,m_244,fuel,25.6906,-115.9827
T000035465,411100000235,2025-12-16T06:28:00Z,17.31,m_022,clothing,35.6748,-117.7207
T000035466,430200000164,2025-12-16T06:34:00Z,87.35,m_600,entertainment,32.3942,-75.5346
T000035467,426900000172,2025-12-16T07:07:00Z,55.08,m_789,clothing,43.5048,-107.7048
T000035469,420900000275,2025-12-16T07:17:00Z,32.49,m_120,entertainment,28.6485,-74.249
T000035470,454600000047,2025-12-16T07:23:00Z,39.43,m_009,clothing,43.3405,-96.6924
T000035471,434700000262,2025-12-16T07:26:00Z,10.13,m_743,health,31.0724,-80.2915
T000035473,492300000241,2025-12-16T07:37:00Z,15.0,m_106,fuel,28.3365,-77.608
T000035474,443500000166,2025-12-16T07:44:00Z,23.17,m_057,grocery,31.8056,-73.4174
T000035476,400100000173,2025-12-16T08:00:00Z,22.63,m_008,grocery,47.7608,-84.2911
T000035477,497600000197,2025-12-16T08:05:00Z,29.24,m_280,electronics,44.5091,-117.0371
T000035478,463700000291,2025-12-16T08:06:00Z,4.81,m_024,travel,37.0085,-84.7233
T000035479,403400000178,2025-12-16T08:07:00Z,10.94,m_738,restaurant,26.6302,-114.1146
T000035481,475100000009,2025-12-16T08:11:00Z,26.3,m_640,entertainment,32.8427,-78.1351
T000035483,472100000092,2025-12-16T08:17:00Z,5.8,m_392,cash_advance,41.7688,-80.228
T000035484,411200000218,2025-12-16T08:18:00Z,12.4,m_406,restaurant,26.5602,-77.1263
T000035485,454600000047,2025-12-16T08:20:00Z,14.25,m_088,fuel,42.7504,-96.7525
T000035487,414100000007,2025-12-16T08:24:00Z,11.52,m_420,entertainment,35.877,-114.5637
T000035488,450800000191,2025-12-16T08:28:00Z,20.25,m_454,clothing,41.8823,-75.7256
T000035490,453700000255,2025-12-16T08:31:00Z,6.39,m_347,clothing,25.4122,-111.2258
T000035491,488800000242,2025-12-16T08:32:00Z,10.69,m_616,grocery,33.414,-100.4605
T000035492,455700000103,2025-12-16T08:34:00Z,15.33,m_536,travel,26.0092,-90.5765
T000035493,421000000277,2025-12-16T08:37:00Z,28.76,m_017,entertainment,43.7103,-72.7436
T000035494,449300000066,2025-12-16T08:38:00Z,4.01,m_651,grocery,34.1277,-91.1805
T000035496,414600000120,2025-12-16T08:40:00Z,82.92,m_696,fuel,27.642,-78.7833
T000035497,497300000184,2025-12-16T08:44:00Z,39.71,m_519,travel,34.8083,-89.8087
T000035498,454900000187,2025-12-16T08:45:00Z,10.38,m_310,electronics,41.8941,-111.6833
T000035501,426900000172,2025-12-16T08:49:00Z,46.05,m_074,clothing,42.5197,-107.2185
T000035502,492800000125,2025-12-16T08:57:00Z,18.57,m_328,grocery,44.9401,-90.1552
T000035503,421500000098,2025-12-16T09:04:00Z,15.5,m_182,health,32.6898,-122.0794
T000035505,468600000099,2025-12-16T09:12:00Z,7.92,m_607,health,37.5816,-73.6815
T000035506,492900000216,2025-12-16T09:16:00Z,5.25,m_561,grocery,36.1876,-70.6664
T000035508,493400000219,2025-12-16T09:26:00Z,25.45,m_340,health,41.1363,-80.0175
T000035509,404400000000,2025-12-16T09:33:00Z,29.36,m_673,fuel,46.4104,-75.1928
T000035510,451600000095,2025-12-16T09:48:00Z,46.69,m_220,cash_advance,40.638,-103.0184
T000035511,480500000222,2025-12-16T09:48:00Z,65.7,m_759,fuel,28.5641,-121.9901
T000035512,427000000130,2025-12-16T09:54:00Z,42.81,m_523,fuel,40.5152,-101.763
T000035513,419900000096,2025-12-16T10:00:00Z,57.64,m_616,entertainment,46.7266,-95.6588
T000035514,433100000271,2025-12-16T10:00:00Z,11.75,m_280,clothing,42.3734,-78.8628
T000035516,427100000293,2025-12-16T10:02:00Z,92.03,m_218,online,29.962,-112.7064
T000035517,480500000222,2025-12-16T10:05:00Z,37.5,m_016,cash_advance,29.5692,-123.0712
T000035518,449200000177,2025-12-16T10:11:00Z,68.0,m_147,entertainment,30.6838,-117.2415
T000035519,416000000196,2025-12-16T10:16:00Z,14.6,m_474,restaurant,28.0367,-114.5113
T000035520,483100000286,2025-12-16T10:26:00Z,105.88,m_109,online,35.3251,-74.5279
T000035521,443500000166,2025-12-16T10:26:00Z,9.9,m_695,travel,31.3739,-73.4248
T000035523,466900000159,2025-12-16T10:30:00Z,5.97,m_667,health,44.1419,-99.9966
T000035524,403900000005,2025-12-16T10:38:00Z,15.94,m_320,travel,27.2481,-89.743
T000035525,490100000041,2025-12-16T10:40:00Z,11.27,m_408,entertainment,35.9093,-91.1494
T000035526,491300000082,2025-12-16T10:56:00Z,45.0,m_316,entertainment,39.4772,-105.8219
T000035527,430200000164,2025-12-16T11:01:00Z,31.62,m_776,health,31.6553,-76.2934
T000035530,456600000153,2025-12-16T11:08:00Z,55.21,m_247,restaurant,37.5088,-111.2104
T000035535,497300000184,2025-12-16T11:19:00Z,29.05,m_410,travel,34.971,-89.2207
T000035536,436700000039,2025-12-16T11:24:00Z,9.15,m_397,entertainment,42.0719,-78.0318
T000035537,431800000140,2025-12-16T11:27:00Z,48.11,m_699,clothing,47.4657,-95.9911
T000035542,456600000153,2025-12-16T11:33:00Z,51.07,m_421,fuel,37.2148,-111.1877
T000035543,496700000238,2025-12-16T11:34:00Z,25.18,m_470,health,25.7464,-103.8133
T000035544,405700000064,2025-12-16T11:41:00Z,41.97,m_792,fuel,31.6055,-111.8467
T000035545,436300000225,2025-12-16T11:41:00Z,33.12,m_760,grocery,46.5461,-101.4424
T000035546,443000000144,2025-12-16T11:44:00Z,78.56,m_423,travel,30.603,-78.6918
T000035548,409000000198,2025-12-16T11:55:00Z,19.04,m_634,fuel,47.4343,-80.6193
T000035549,463700000006,2025-12-16T11:55:00Z,10.81,m_208,cash_advance,30.1564,-122.7713
T000035550,473300000089,2025-12-16T11:58:00Z,22.96,m_235,restaurant,39.4936,-73.4608
T000035551,491300000082,2025-12-16T11:59:00Z,13.65,m_652,cash_advance,39.9226,-105.6085
T000035552,431600000056,2025-12-16T12:00:00Z,32.97,m_707,entertainment,45.2058,-84.0887
T000035553,444800000104,2025-12-16T12:00:00Z,39.48,m_706,clothing,41.5365,-76.8016
T000035554,411200000218,2025-12-16T12:00:00Z,3.25,m_702,fuel,26.1708,-77.6185
T000035555,493300000296,2025-12-16T12:18:00Z,17.55,m_167,electronics,47.6026,-106.2545
T000035556,468200000221,2025-12-16T12:21:00Z,17.84,m_261,electronics,40.7552,-72.3932
T000035558,490400000207,2025-12-16T12:36:00Z,11.78,m_710,clothing,39.2318,-121.4491
T000035559,498000000209,2025-12-16T12:38:00Z,6.09,m_545,cash_advance,44.483,-88.6596
T000035560,471100000081,2025-12-16T12:39:00Z,10.42,m_644,entertainment,40.8164,-113.3275
T000035561,492900000216,2025-12-16T12:40:00Z,8.08,m_329,entertainment,34.9713,-71.2298
T000035562,426800000149,2025-12-16T12:46:00Z,32.35,m_314,online,30.3479,-118.1127
T000035563,478700000237,2025-12-16T12:46:00Z,16.72,m_021,grocery,26.8276,-77.4983
T000035565,415300000169,2025-12-16T12:48:00Z,34.63,m_097,online,35.8479,-117.2928
T000035566,422800000294,2025-12-16T12:53:00Z,24.35,m_588,grocery,39.9693,-116.9311
T000035567,429300000186,2025-12-16T12:54:00Z,62.07,m_767,cash_advance,26.5727,-94.4943
T000035568,436300000225,2025-12-16T12:55:00Z,56.14,m_010,online,46.8224,-101.1958
T000035570,471100000298,2025-12-16T12:57:00Z,15.13,m_635,travel,46.0211,-85.6382
T000035572,420200000267,2025-12-16T13:10:00Z,23.86,m_360,restaurant,47.4807,-83.0328
T000035573,447000000194,2025-12-16T13:11:00Z,7.01,m_677,restaurant,35.2635,-80.5338
T000035577,421400000107,2025-12-16T13:15:00Z,37.25,m_152,online,39.8469,-111.8519
T000035578,472100000092,2025-12-16T13:17:00Z,8.4,m_749,online,42.485,-79.8374
T000035579,420200000267,2025-12-16T13:19:00Z,11.48,m_630,online,47.3866,-82.4656
T000035582,436200000283,2025-12-16T13:23:00Z,28.37,m_515,restaurant,31.5266,-118.2485
T000035587,471100000081,2025-12-16T13:44:00Z,7.26,m_311,clothing,39.2256,-112.6949
T000035588,411100000235,2025-12-16T13:46:00Z,11.81,m_303,restaurant,36.0162,-117.2798
T000035589,499000000220,2025-12-16T13:47:00Z,14.43,m_726,fuel,27.2835,-107.2384
T000035590,471100000081,2025-12-16T13:48:00Z,12.15,m_586,restaurant,39.4233,-113.4441
T000035591,463700000006,2025-12-16T13:48:00Z,7.99,m_591,grocery,29.0719,-123.2387
T000035592,485300000175,2025-12-16T13:49:00Z,15.35,m_426,grocery,37.7699,-93.4941
T000035593,482000000288,2025-12-16T13:53:00Z,40.98,m_171,health,37.1889,-106.8634
T000035594,448100000292,2025-12-16T13:54:00Z,24.15,m_584,electronics,33.4947,-93.2155
T000035596,422200000028,2025-12-16T13:58:00Z,63.54,m_609,cash_advance,28.743,-121.5911
T000035597,478800000067,2025-12-16T14:00:00Z,13.6,m_407,online,46.7279,-73.4137
T000035598,442700000200,2025-12-16T14:01:00Z,34.88,m_598,clothing,44.1948,-94.7338
T000035599,444800000104,2025-12-16T14:02:00Z,28.63,m_485,restaurant,41.5381,-76.7379
T000035600,449400000063,2025-12-16T14:03:00Z,15.8,m_665,travel,41.5434,-74.3801
T000035601,426900000172,2025-12-16T14:07:00Z,33.43,m_334,fuel,42.1932,-107.8973
T000035602,491000000038,2025-12-16T14:09:00Z,29.2,m_757,cash_advance,26.7666,-92.8802
T000035604,473300000089,2025-12-16T14:18:00Z,7.87,m_454,grocery,39.1751,-73.8197
T000035605,408300000014,2025-12-16T14:20:00Z,7.12,m_046,entertainment,39.0153,-88.4056
T000035606,422800000294,2025-12-16T14:20:00Z,53.6,m_582,travel,40.1774,-117.3624
T000035607,472500000128,2025-12-16T14:24:00Z,4.35,m_260,cash_advance,30.3385,-119.2199
T000035608,421000000277,2025-12-16T14:25:00Z,24.25,m_771,restaurant,42.6267,-72.8411
T000035609,444800000104,2025-12-16T14:32:00Z,24.68,m_641,grocery,41.3513,-77.7062
T000035610,426900000083,2025-12-16T14:36:00Z,15.83,m_252,grocery,48.2358,-82.5443
T000035612,419200000035,2025-12-16T14:37:00Z,25.47,m_630,cash_advance,30.1041,-91.8157
T000035614,490700000100,2025-12-16T14:39:00Z,29.61,m_570,travel,34.7811,-121.2666
T000035615,440800000163,2025-12-16T14:41:00Z,11.23,m_604,fuel,27.5047,-117.0821
T000035616,422200000028,2025-12-16T14:44:00Z,22.58,m_068,online,29.106,-121.4016
T000035617,432200000285,2025-12-16T14:54:00Z,6.91,m_749,grocery,42.4176,-113.6986
T000035618,497300000184,2025-12-16T14:54:00Z,14.02,m_607,clothing,34.7508,-90.2395
T000035620,444500000160,2025-12-16T15:08:00Z,24.66,m_497,grocery,28.7104,-82.145
T000035621,408700000002,2025-12-16T15:09:00Z,37.27,m_664,fuel,36.9319,-94.6921
T000035622,470900000176,2025-12-16T15:09:00Z,4.96,m_732,clothing,46.3968,-80.3984
T000035623,471100000298,2025-12-16T15:13:00Z,7.71,m_457,health,45.3075,-86.2637
T000035624,488200000133,2025-12-16T15:15:00Z,24.26,m_402,electronics,46.7988,-88.0861
T000035625,472100000092,2025-12-16T15:15:00Z,7.55,m_408,health,42.081,-79.6166
T000035627,478700000011,2025-12-16T15:18:00Z,31.94,m_389,entertainment,46.247,-93.5017
T000035628,492500000154,2025-12-16T15:19:00Z,9.57,m_007,restaurant,30.4318,-111.8589
T000035629,478500000258,2025-12-16T15:23:00Z,37.85,m_619,restaurant,46.5508,-83.7755
T000035630,478200000065,2025-12-16T15:25:00Z,63.94,m_756,travel,34.403,-89.7536
T000035631,403900000005,2025-12-16T15:26:00Z,17.02,m_105,clothing,26.8832,-89.6555
T000035632,490100000041,2025-12-16T15:31:00Z,28.91,m_740,online,35.643,-90.8489
T000035633,442200000287,2025-12-16T15:35:00Z,39.62,m_248,fuel,32.6672,-121.0469
T000035636,491300000082,2025-12-16T15:51:00Z,28.34,m_335,cash_advance,40.2414,-105.5444
T000035637,456300000265,2025-12-16T15:52:00Z,41.23,m_029,entertainment,34.5559,-122.5943
T000035638,494800000228,2025-12-16T15:53:00Z,47.44,m_536,fuel,25.5684,-86.9889
T000035639,451600000095,2025-12-16T16:02:00Z,11.06,m_453,online,41.6748,-103.2162
T000035643,471000000105,2025-12-16T16:10:00Z,14.35,m_453,fuel,39.3475,-94.0883
T000035646,412500000217,2025-12-16T16:11:00Z,22.83,m_145,online,25.8302,-112.7218
T000035647,490100000041,2025-12-16T16:13:00Z,14.85,m_365,online,35.3101,-90.0762
T000035648,492500000154,2025-12-16T16:16:00Z,11.15,m_381,restaurant,30.3166,-111.6061
T000035649,451600000095,2025-12-16T16:20:00Z,15.43,m_155,fuel,41.0815,-102.6102
T000035650,444500000160,2025-12-16T16:26:00Z,28.93,m_043,entertainment,28.6701,-81.6236
T000035651,448100000292,2025-12-16T16:29:00Z,18.74,m_263,fuel,32.8532,-94.0937
T000035652,405300000080,2025-12-16T16:30:00Z,45.68,m_522,electronics,46.3843,-87.5401
T000035653,412900000224,2025-12-16T16:32:00Z,24.94,m_516,fuel,29.2136,-120.5949
T000035654,499500000281,2025-12-16T16:34:00Z,35.58,m_234,clothing,47.4708,-75.6053
T000035655,467200000059,2025-12-16T16:36:00Z,1.66,m_208,clothing,43.5607,-81.8423
T000035657,477200000076,2025-12-16T16:43:00Z,60.02,m_529,restaurant,43.1991,-77.9459
T000035658,431700000171,2025-12-16T16:50:00Z,25.42,m_048,clothing,49.5033,-119.0408
T000035659,420200000231,2025-12-16T16:53:00Z,9.62,m_497,online,28.0362,-116.3132
T000035660,433100000271,2025-12-16T16:56:00Z,30.47,m_337,clothing,42.252,-78.7979
T000035662,473800000088,2025-12-16T16:57:00Z,11.18,m_037,online,48.6435,-99.6086
T000035664,489200000253,2025-12-16T17:04:00Z,101.14,m_199,cash_advance,37.3272,-89.2602
T000035665,488800000117,2025-12-16T17:09:00Z,46.01,m_426,clothing,35.5739,-106.2058
T000035666,496400000091,2025-12-16T17:10:00Z,115.26,m_745,fuel,28.0353,-73.2999
T000035669,452800000233,2025-12-16T17:16:00Z,15.18,m_051,restaurant,35.0373,-72.1088
T000035671,473300000089,2025-12-16T17:18:00Z,18.98,m_489,electronics,39.406,-73.8037
T000035672,413400000129,2025-12-16T17:21:00Z,23.17,m_345,entertainment,44.3114,-76.4465
T000035673,490100000041,2025-12-16T17:26:00Z,10.8,m_769,cash_advance,35.8219,-91.1715
T000035674,449300000066,2025-12-16T17:27:00Z,8.31,m_527,cash_advance,34.7148,-92.2446
T000035676,482000000288,2025-12-16T17:38:00Z,39.96,m_664,grocery,36.6828,-106.5771
T000035677,477200000076,2025-12-16T17:41:00Z,70.06,m_453,health,43.2283,-77.2598
T000035678,494800000228,2025-12-16T17:46:00Z,13.35,m_123,cash_advance,25.1435,-86.7283
T000035679,411200000218,2025-12-16T17:47:00Z,3.97,m_778,fuel,26.3095,-77.8073
T000035680,479800000106,2025-12-16T17:49:00Z,24.02,m_076,travel,28.92,-71.4891
T000035681,478700000011,2025-12-16T17:51:00Z,86.12,m_241,grocery,45.8927,-92.8962
T000035682,442200000037,2025-12-16T17:57:00Z,37.07,m_286,entertainment,33.8774,-106.6783
T000035683,490700000100,2025-12-16T17:59:00Z,108.5,m_545,cash_advance,33.9266,-120.3977
T000035684,441600000097,2025-12-16T18:01:00Z,9.12,m_408,electronics,27.4335,-117.249
T000035686,490100000041,2025-12-16T18:05:00Z,19.69,m_348,fuel,35.2559,-90.6543
T000035687,420200000231,2025-12-16T18:05:00Z,16.26,m_776,online,27.7664,-115.6278
T000035689,440800000163,2025-12-16T18:10:00Z,19.66,m_336,cash_advance,27.5176,-117.2731
T000035691,442200000287,2025-12-16T18:20:00Z,55.95,m_299,restaurant,32.9113,-120.5772
T000035693,425100000250,2025-12-16T18:26:00Z,11.39,m_095,health,33.6187,-98.9038
T000035695,431700000171,2025-12-16T18:27:00Z,46.25,m_164,clothing,49.2259,-119.1842
T000035696,481700000044,2025-12-16T18:28:00Z,13.19,m_239,grocery,42.2121,-88.2942
T000035697,450800000191,2025-12-16T18:29:00Z,11.52,m_728,online,43.335,-76.0004
T000035698,482300000206,2025-12-16T18:32:00Z,39.4,m_285,electronics,37.2569,-78.639
T000035699,493900000290,2025-12-16T18:33:00Z,139.52,m_112,cash_advance,34.1412,-73.381
T000035700,436300000225,2025-12-16T18:35:00Z,29.35,m_186,travel,46.7626,-100.9902
T000035702,434800000074,2025-12-16T18:41:00Z,28.44,m_723,clothing,35.2371,-109.8286
T000035704,412700000272,2025-12-16T18:52:00Z,53.04,m_241,grocery,34.8457,-107.8712
T000035709,478800000067,2025-12-16T19:01:00Z,23.47,m_511,cash_advance,47.2312,-73.2566
T000035710,481700000044,2025-12-16T19:05:00Z,44.97,m_054,travel,41.9818,-88.4626
T000035712,458800000284,2025-12-16T19:14:00Z,24.63,m_345,clothing,39.7798,-95.6309
T000035714,411600000017,2025-12-16T19:23:00Z,64.95,m_363,health,37.9115,-86.7876
T000035715,482000000288,2025-12-16T19:23:00Z,20.78,m_662,fuel,36.4414,-106.6733
T000035717,478200000065,2025-12-16T19:30:00Z,54.33,m_385,grocery,34.783,-89.474
T000035718,476900000239,2025-12-16T19:41:00Z,43.72,m_495,fuel,31.1338,-97.007
T000035720,442700000200,2025-12-16T19:49:00Z,18.5,m_373,restaurant,44.2159,-94.5937
T000035721,451600000095,2025-12-16T19:57:00Z,7.31,m_093,travel,40.7438,-102.4538
T000035724,402100000075,2025-12-16T20:09:00Z,11.94,m_770,health,37.8894,-122.5569
T000035725,456600000153,2025-12-16T20:14:00Z,202.77,m_654,grocery,36.8084,-110.9079
T000035726,421000000277,2025-12-16T20:14:00Z,24.84,m_237,online,43.152,-72.3038
T000035727,470900000176,2025-12-16T20:27:00Z,22.79,m_205,grocery,47.6079,-81.3781
T000035728,430000000162,2025-12-16T20:27:00Z,3.93,m_261,clothing,44.9744,-90.8388
T000035729,443800000013,2025-12-16T20:29:00Z,10.38,m_341,clothing,28.7375,-83.0342
T000035730,464300000022,2025-12-16T20:30:00Z,10.22,m_070,restaurant,43.4604,-72.4986
T000035731,427500000040,2025-12-16T20:32:00Z,22.68,m_116,electronics,26.3247,-86.9035
T000035732,472100000092,2025-12-16T20:33:00Z,12.01,m_051,health,41.5422,-79.8944
T000035733,432500000036,2025-12-16T20:35:00Z,6.45,m_610,cash_advance,39.5993,-119.7866
T000035735,426900000172,2025-12-16T20:41:00Z,51.98,m_465,online,42.9638,-107.8378
T000035737,411600000017,2025-12-16T20:42:00Z,65.86,m_486,restaurant,37.3147,-87.3766
T000035739,412900000224,2025-12-16T20:46:00Z,27.54,m_302,grocery,29.036,-119.5792
T000035740,405700000064,2025-12-16T20:46:00Z,12.41,m_344,grocery,30.9388,-111.9419
T000035741,422200000028,2025-12-16T20:48:00Z,89.65,m_404,fuel,28.5718,-122.577
T000035743,441600000097,2025-12-16T21:07:00Z,24.06,m_728,grocery,26.7801,-116.9639
T000035745,412900000224,2025-12-16T21:23:00Z,20.7,m_345,restaurant,29.6353,-119.6513
T000035747,441600000097,2025-12-16T21:33:00Z,14.32,m_189,health,26.6157,-117.1876
T000035748,475100000009,2025-12-16T21:36:00Z,13.16,m_047,clothing,31.8838,-79.0508
T000035751,412500000217,2025-12-16T22:09:00Z,27.93,m_339,health,25.7388,-113.6108
T000035752,427500000040,2025-12-16T22:18:00Z,45.54,m_413,entertainment,25.2296,-86.6574
T000035753,420200000231,2025-12-16T23:02:00Z,8.26,m_203,cash_advance,28.4926,-115.495
T000035754,468600000099,2025-12-16T23:21:00Z,14.74,m_317,health,37.9805,-73.6213
T000035755,414600000120,2025-12-16T23:22:00Z,89.98,m_502,electronics,27.9266,-79.4413
T000035756,439700000263,2025-12-16T23:27:00Z,37.24,m_327,clothing,47.0651,-94.0264
T000035757,405200000054,2025-12-16T23:40:00Z,35.44,m_185,restaurant,31.2131,-87.7417
T000035758,491000000038,2025-12-16T23:53:00Z,15.1,m_025,health,25.9687,-92.6049
T000035759,400900000156,2025-12-16T23:56:00Z,13.59,m_185,cash_advance,43.8503,-106.0756
T000035762,443000000144,2025-12-17T00:12:00Z,46.47,m_214,online,30.3552,-78.7308
T000035763,403400000178,2025-12-17T00:25:00Z,12.26,m_700,electronics,27.0274,-113.1052
T000035764,413700000240,2025-12-17T00:36:00Z,16.54,m_218,travel,30.2448,-117.8158
T000035765,427000000130,2025-12-17T00:42:00Z,11.09,m_397,travel,40.9176,-100.6612
T000035767,420300000182,2025-12-17T01:15:00Z,152.57,m_256,travel,22.5101,-101.9526
T000035768,434700000262,2025-12-17T01:17:00Z,6.41,m_476,clothing,30.4834,-80.3228
T000035769,482300000206,2025-12-17T01:52:00Z,174.79,m_510,cash_advance,40.2051,-86.1989
T000035770,443900000180,2025-12-17T02:00:00Z,45.9,m_286,electronics,44.8813,-77.0881
T000035771,430000000162,2025-12-17T02:09:00Z,6.45,m_282,cash_advance,46.173,-91.3673
T000035772,498000000026,2025-12-17T02:31:00Z,72.63,m_757,clothing,26.4954,-90.817
T000035773,471100000298,2025-12-17T02:39:00Z,45.48,m_612,entertainment,46.039,-85.3669
T000035774,459100000090,2025-12-17T03:14:00Z,23.56,m_075,fuel,40.4951,-82.5768
T000035777,460200000124,2025-12-17T03:34:00Z,44.42,m_595,entertainment,48.0274,-74.4769
T000035778,472500000128,2025-12-17T03:40:00Z,6.03,m_648,entertainment,30.0521,-119.2322
T000035781,456300000265,2025-12-17T03:59:00Z,28.2,m_665,electronics,34.0123,-121.9603
T000035782,426900000172,2025-12-17T04:18:00Z,49.79,m_787,electronics,42.4459,-107.759
T000035783,422800000294,2025-12-17T04:29:00Z,17.66,m_291,health,39.8297,-117.2395
T000035785,476900000239,2025-12-17T04:36:00Z,45.61,m_702,electronics,30.9282,-96.9592
T000035787,492500000154,2025-12-17T04:38:00Z,12.74,m_393,health,30.8417,-111.1204
T000035788,414100000007,2025-12-17T04:46:00Z,6.36,m_341,restaurant,36.0547,-113.7961
T000035789,479800000106,2025-12-17T04:46:00Z,53.77,m_542,health,28.5335,-71.6906
T000035790,468700000127,2025-12-17T04:59:00Z,9.98,m_213,health,32.0003,-122.9928
T000035791,452100000297,2025-12-17T05:09:00Z,64.51,m_033,restaurant,25.4404,-84.2785
T000035792,425100000126,2025-12-17T05:20:00Z,52.75,m_622,entertainment,45.4512,-108.0459
T000035793,490700000100,2025-12-17T05:27:00Z,52.76,m_711,grocery,34.2198,-121.2169
T000035794,444800000104,2025-12-17T06:02:00Z,7.76,m_139,cash_advance,41.5286,-77.4986
T000035795,426900000083,2025-12-17T06:17:00Z,31.1,m_122,restaurant,48.0299,-82.5258
T000035796,476900000239,2025-12-17T06:18:00Z,37.38,m_720,online,30.2651,-96.6206
T000035797,464300000022,2025-12-17T06:23:00Z,24.05,m_731,online,43.1619,-71.7799
T000035798,471100000081,2025-12-17T06:24:00Z,13.41,m_146,grocery,39.9649,-112.9792
T000035799,420300000182,2025-12-17T06:35:00Z,24.52,m_208,electronics,30.3854,-97.4712
T000035800,463700000006,2025-12-17T06:53:00Z,4.71,m_645,fuel,29.4595,-122.9201
T000035801,432200000285,2025-12-17T07:13:00Z,6.26,m_533,online,42.4724,-113.7585
T000035802,467700000148,2025-12-17T07:22:00Z,31.0,m_237,fuel,33.7719,-72.8631
T000035804,468600000099,2025-12-17T07:42:00Z,9.36,m_444,travel,36.7656,-73.5734
T000035806,470900000176,2025-12-17T07:55:00Z,22.06,m_549,entertainment,46.2981,-81.945
T000035807,439700000263,2025-12-17T08:01:00Z,60.27,m_768,fuel,46.3811,-93.7786
T000035808,473300000089,2025-12-17T08:03:00Z,11.15,m_413,restaurant,39.133,-74.5699
T000035809,420200000231,2025-12-17T08:03:00Z,13.58,m_234,online,28.9054,-115.8002
T000035811,407400000227,2025-12-17T08:10:00Z,5.64,m_528,electronics,34.7437,-84.6343
T000035813,458800000284,2025-12-17T08:19:00Z,34.98,m_574,clothing,39.4687,-95.8539
T000035814,436700000039,2025-12-17T08:23:00Z,6.57,m_404,electronics,42.445,-78.1979
T000035815,471700000259,2025-12-17T08:25:00Z,76.08,m_057,restaurant,27.1833,-118.778
T000035816,422800000294,2025-12-17T08:31:00Z,39.71,m_277,online,40.083,-117.0525
T000035818,490400000207,2025-12-17T08:33:00Z,10.37,m_770,health,38.6349,-121.5024
T000035819,474600000256,2025-12-17T08:38:00Z,4.37,m_309,clothing,25.606,-89.5334
T000035821,465400000150,2025-12-17T08:44:00Z,6.13,m_370,health,25.5438,-77.2037
T000035823,403700000193,2025-12-17T08:48:00Z,16.15,m_461,clothing,31.9528,-104.0459
T000035824,471700000259,2025-12-17T08:49:00Z,27.73,m_389,restaurant,26.7693,-118.0211
T000035825,478700000237,2025-12-17T08:51:00Z,23.28,m_244,fuel,26.1242,-76.9859
T000035826,412900000224,2025-12-17T08:54:00Z,7.38,m_606,health,28.6638,-119.5873
T000035827,491000000038,2025-12-17T08:55:00Z,34.63,m_486,cash_advance,27.5384,-92.2549
T000035828,471700000259,2025-12-17T08:55:00Z,46.39,m_126,electronics,27.0559,-118.1919
T000035829,408700000002,2025-12-17T08:57:00Z,70.66,m_565,clothing,37.0316,-95.2918
T000035831,464600000139,2025-12-17T09:03:00Z,40.22,m_116,health,39.9547,-83.5735
T000035832,420900000275,2025-12-17T09:03:00Z,78.6,m_345,electronics,30.0082,-73.4649
T000035833,490100000041,2025-12-17T09:05:00Z,10.6,m_691,restaurant,35.3697,-91.1714
T000035834,453000000151,2025-12-17T09:10:00Z,11.14,m_163,clothing,38.6454,-103.971
T000035835,489200000253,2025-12-17T09:13:00Z,26.76,m_296,entertainment,36.9059,-89.1375
T000035836,444500000160,2025-12-17T09:16:00Z,7.57,m_342,entertainment,28.9798,-81.2651
T000035837,479800000106,2025-12-17T09:21:00Z,21.85,m_108,clothing,27.8271,-71.6778
T000035838,413800000254,2025-12-17T09:22:00Z,30.3,m_523,entertainment,40.5068,-83.6493
T000035839,456600000153,2025-12-17T09:34:00Z,23.03,m_534,health,37.1565,-111.016
T000035840,449400000063,2025-12-17T09:36:00Z,58.56,m_467,cash_advance,41.2174,-74.4907
T000035841,413400000129,2025-12-17T09:47:00Z,10.35,m_238,grocery,43.5426,-76.7198
T000035843,489200000253,2025-12-17T09:52:00Z,63.9,m_419,online,37.1123,-89.2072
T000035846,420200000267,2025-12-17T10:05:00Z,133.02,m_041,cash_advance,47.5147,-83.1914
T000035851,497300000184,2025-12-17T10:17:00Z,52.77,m_727,travel,35.0805,-89.7562
T000035854,432000000185,2025-12-17T10:25:00Z,14.34,m_625,cash_advance,41.3347,-82.91
T000035855,416000000196,2025-12-17T10:26:00Z,6.68,m_363,grocery,27.7797,-113.9728
T000035856,442200000287,2025-12-17T10:28:00Z,39.58,m_707,clothing,32.3416,-120.9249
T000035857,471100000081,2025-12-17T10:30:00Z,8.69,m_496,grocery,39.9928,-112.8933
T000035858,403000000031,2025-12-17T10:31:00Z,22.44,m_415,travel,35.644,-90.0389
T000035859,426800000149,2025-12-17T10:37:00Z,36.27,m_544,cash_advance,30.0258,-118.5776
T000035862,449300000066,2025-12-17T10:41:00Z,19.79,m_624,fuel,34.2246,-91.6267
T000035863,460200000201,2025-12-17T10:45:00Z,53.17,m_073,online,44.7853,-77.8078
T000035864,433600000269,2025-12-17T10:51:00Z,27.67,m_589,clothing,49.0155,-89.413
T000035869,485100000229,2025-12-17T11:01:00Z,31.44,m_150,entertainment,30.4153,-96.8732
T000035870,493900000290,2025-12-17T11:11:00Z,39.29,m_116,cash_advance,34.2633,-74.0391
T000035871,424900000048,2025-12-17T11:16:00Z,12.21,m_384,grocery,35.2335,-115.3517
T000035873,467400000299,2025-12-17T11:21:00Z,32.17,m_402,electronics,26.3288,-109.4488
T000035875,436300000225,2025-12-17T11:27:00Z,155.4,m_251,cash_advance,45.6472,-101.6146
T000035876,425600000170,2025-12-17T11:27:00Z,17.6,m_302,entertainment,28.2471,-82.8899
T000035877,412700000272,2025-12-17T11:28:00Z,41.06,m_013,fuel,35.2626,-108.4554
T000035878,412900000224,2025-12-17T11:28:00Z,25.19,m_663,restaurant,29.0682,-120.0844
T000035880,462600000282,2025-12-17T11:33:00Z,13.04,m_687,restaurant,45.8119,-87.6094
T000035881,402500000268,2025-12-17T11:38:00Z,11.83,m_142,travel,44.9775,-117.4504
T000035882,466900000159,2025-12-17T11:39:00Z,16.3,m_563,travel,43.1109,-100.2595
T000035883,442800000101,2025-12-17T11:40:00Z,5.84,m_047,cash_advance,24.9857,-102.6855
T000035884,451600000095,2025-12-17T11:45:00Z,22.5,m_140,travel,41.6665,-102.3585
T000035885,435100000025,2025-12-17T11:48:00Z,21.25,m_667,grocery,33.5159,-101.5044
T000035886,498000000026,2025-12-17T11:49:00Z,100.49,m_669,electronics,27.0178,-90.1207
T000035887,467200000059,2025-12-17T11:55:00Z,9.99,m_282,entertainment,42.7865,-81.5849
T000035888,456600000153,2025-12-17T11:55:00Z,24.23,m_379,electronics,36.5276,-111.3392
T000035890,449300000066,2025-12-17T11:58:00Z,6.48,m_524,cash_advance,34.3222,-91.8229
T000035892,453000000151,2025-12-17T12:00:00Z,12.01,m_451,grocery,38.0752,-102.9619
T000035894,452800000233,2025-12-17T12:03:00Z,13.97,m_458,travel,35.497,-72.6794
T000035895,476900000239,2025-12-17T12:10:00Z,27.2,m_731,grocery,30.6323,-96.4901
T000035896,403400000178,2025-12-17T12:13:00Z,12.44,m_330,clothing,26.6535,-113.3598
T000035899,496400000091,2025-12-17T12:21:00Z,12.37,m_152,restaurant,28.2513,-73.0664
T000035900,488200000133,2025-12-17T12:22:00Z,18.87,m_144,health,46.6531,-87.6427
T000035901,462500000168,2025-12-17T12:25:00Z,15.8,m_635,clothing,30.1455,-71.5693
T000035904,465400000150,2025-12-17T12:32:00Z,24.59,m_256,grocery,26.0189,-78.6782
T000035906,416000000196,2025-12-17T12:46:00Z,54.59,m_606,health,27.954,-113.963
T000035907,493400000219,2025-12-17T12:47:00Z,8.84,m_508,online,41.126,-79.9438
T000035908,420200000267,2025-12-17T12:51:00Z,62.34,m_590,cash_advance,47.2094,-82.8956
T000035909,439700000263,2025-12-17T13:09:00Z,15.4,m_173,restaurant,46.7473,-94.2574
T000035910,461900000132,2025-12-17T13:14:00Z,9.66,m_466,grocery,39.5739,-97.1557
T000035913,403700000193,2025-12-17T13:16:00Z,32.87,m_756,health,33.0173,-103.7692
T000035914,440800000163,2025-12-17T13:17:00Z,12.75,m_354,grocery,27.7363,-117.5061
T000035915,459200000077,2025-12-17T13:21:00Z,35.87,m_732,electronics,35.0954,-106.2509
T000035916,430200000164,2025-12-17T13:30:00Z,63.44,m_745,cash_advance,31.6753,-76.0515
T000035918,479800000010,2025-12-17T13:35:00Z,8.26,m_237,health,36.6318,-118.1019
T000035920,489200000253,2025-12-17T13:38:00Z,71.02,m_586,restaurant,36.8074,-88.987
T000035922,481700000044,2025-12-17T13:52:00Z,11.1,m_364,clothing,42.4263,-88.4692
T000035923,420300000182,2025-12-17T13:55:00Z,48.18,m_315,fuel,30.3811,-97.8812
T000035924,491700000073,2025-12-17T14:00:00Z,19.44,m_047,restaurant,29.2754,-85.203
T000035925,475100000009,2025-12-17T14:04:00Z,18.68,m_141,electronics,32.5292,-78.5867
T000035926,442200000037,2025-12-17T14:05:00Z,50.77,m_235,grocery,33.9842,-107.0007
T000035927,452100000297,2025-12-17T14:06:00Z,77.49,m_377,clothing,25.5607,-84.4462
T000035928,412900000224,2025-12-17T14:11:00Z,22.3,m_275,travel,29.2613,-119.8277
T000035930,468200000221,2025-12-17T14:18:00Z,7.67,m_233,online,40.2014,-72.132
T000035931,421500000087,2025-12-17T14:19:00Z,20.95,m_078,travel,46.0194,-100.5301
T000035932,474600000256,2025-12-17T14:20:00Z,6.91,m_530,travel,25.5475,-88.9266
T000035933,449400000063,2025-12-17T14:21:00Z,21.02,m_193,entertainment,41.3963,-74.6451
T000035934,491300000082,2025-12-17T14:27:00Z,12.84,m_565,fuel,40.4323,-105.869
T000035936,471000000105,2025-12-17T14:28:00Z,26.51,m_552,cash_advance,38.1496,-94.8177
T000035938,493600000141,2025-12-17T14:33:00Z,8.43,m_248,grocery,31.5281,-110.9304
T000035939,489800000203,2025-12-17T14:34:00Z,11.22,m_011,travel,42.2113,-103.6484
T000035940,443900000180,2025-12-17T14:34:00Z,10.73,m_006,electronics,45.2382,-76.3065
T000035941,471000000105,2025-12-17T14:35:00Z,27.73,m_384,online,39.3384,-93.768
T000035943,414600000120,2025-12-17T14:40:00Z,27.84,m_732,clothing,28.0818,-78.5888
T000035944,443800000013,2025-12-17T14:42:00Z,20.54,m_459,online,29.2751,-84.0598
T000035945,459200000077,2025-12-17T14:43:00Z,30.54,m_659,fuel,34.9144,-105.7949
T000035947,434800000074,2025-12-17T14:49:00Z,22.09,m_559,online,34.9528,-109.7248
T000035949,403300000018,2025-12-17T14:55:00Z,35.03,m_211,online,29.3327,-79.2305
T000035950,498000000209,2025-12-17T14:55:00Z,21.85,m_494,travel,43.8142,-88.9838
T000035951,467000000279,2025-12-17T15:01:00Z,68.55,m_525,health,44.6895,-108.1014
T000035952,430200000164,2025-12-17T15:03:00Z,65.24,m_387,restaurant,31.3892,-75.6818
T000035955,465400000137,2025-12-17T15:10:00Z,25.15,m_405,online,36.295,-117.5626
T000035957,410600000115,2025-12-17T15:20:00Z,77.13,m_579,travel,27.7931,-84.7761
T000035958,434800000074,2025-12-17T15:20:00Z,18.63,m_755,fuel,34.9261,-109.8455
T000035959,478700000237,2025-12-17T15:23:00Z,26.31,m_216,entertainment,26.8964,-77.4075
T000035963,478500000258,2025-12-17T15:33:00Z,24.88,m_605,cash_advance,46.4605,-84.3708
T000035964,426800000261,2025-12-17T15:36:00Z,9.53,m_271,travel,31.1013,-112.5481
T000035965,454900000187,2025-12-17T15:37:00Z,19.66,m_101,cash_advance,42.1295,-110.5689
T000035966,465400000150,2025-12-17T15:39:00Z,9.29,m_575,travel,26.2566,-78.3772
T000035967,493900000290,2025-12-17T15:42:00Z,35.29,m_193,online,34.642,-73.4726
T000035968,444800000104,2025-12-17T15:42:00Z,15.67,m_024,grocery,40.9414,-77.0571
T000035969,464300000022,2025-12-17T15:51:00Z,12.21,m_411,entertainment,44.1354,-72.721
T000035970,426800000149,2025-12-17T16:07:00Z,29.12,m_259,health,30.2353,-117.2638
T000035972,432200000285,2025-12-17T16:14:00Z,19.32,m_579,fuel,42.2593,-113.7645
T000035973,425300000079,2025-12-17T16:21:00Z,33.64,m_585,health,36.1656,-75.6987
T000035976,459100000090,2025-12-17T16:23:00Z,25.78,m_571,clothing,40.9353,-82.8736
T000035978,479800000010,2025-12-17T16:23:00Z,5.67,m_283,entertainment,36.3814,-118.9009
T000035979,403000000031,2025-12-17T16:23:00Z,19.28,m_259,health,35.7368,-88.9526
T000035980,473300000089,2025-12-17T16:24:00Z,12.2,m_593,clothing,39.0601,-74.6508
T000035982,470900000176,2025-12-17T16:30:00Z,11.94,m_634,online,46.5593,-80.9728
T000035984,405700000064,2025-12-17T16:35:00Z,12.84,m_759,travel,30.9841,-111.683
T000035986,442200000037,2025-12-17T16:41:00Z,36.93,m_752,grocery,33.3758,-106.5181
T000035988,413800000254,2025-12-17T16:42:00Z,106.93,m_382,fuel,40.8733,-83.4585
T000035989,482300000206,2025-12-17T16:46:00Z,26.47,m_439,restaurant,37.1574,-78.9822
T000035990,430000000162,2025-12-17T16:46:00Z,3.26,m_219,health,45.2827,-90.2254
T000035991,443800000013,2025-12-17T16:46:00Z,16.7,m_504,grocery,28.189,-83.6239
T000035992,492300000134,2025-12-17T16:51:00Z,39.28,m_289,entertainment,26.2648,-102.5662
T000035994,452500000236,2025-12-17T16:57:00Z,13.21,m_640,entertainment,25.8632,-116.155
T000035995,404400000000,2025-12-17T16:59:00Z,41.89,m_613,grocery,46.414,-74.3596
T000035996,429100000136,2025-12-17T17:04:00Z,87.98,m_488,grocery,48.3111,-78.7359
T000035997,450800000191,2025-12-17T17:04:00Z,15.78,m_172,health,42.4703,-75.4453
T000035998,425100000126,2025-12-17T17:06:00Z,64.85,m_346,online,46.4177,-107.394
T000035999,440200000212,2025-12-17T17:07:00Z,17.36,m_000,travel,45.7831,-103.9312
T000036001,426900000083,2025-12-17T17:14:00Z,14.17,m_345,restaurant,47.5311,-82.5427
T000036003,494000000016,2025-12-17T17:27:00Z,92.46,m_300,electronics,38.726,-112.8067
T000036004,454600000047,2025-12-17T17:28:00Z,18.7,m_430,travel,42.9245,-97.0768
T000036006,435100000025,2025-12-17T17:29:00Z,14.36,m_162,clothing,33.2055,-101.2208
T000036007,443500000166,2025-12-17T17:31:00Z,26.91,m_551,online,31.9626,-72.8787
T000036008,453700000255,2025-12-17T17:35:00Z,5.84,m_336,fuel,25.4725,-111.5552
T000036009,421500000087,2025-12-17T17:39:00Z,13.92,m_154,cash_advance,46.7733,-100.984
T000036010,420900000275,2025-12-17T17:40:00Z,29.73,m_080,electronics,29.9469,-72.9702
T000036011,442800000101,2025-12-17T17:46:00Z,7.31,m_046,online,24.865,-103.2107
T000036012,403300000018,2025-12-17T17:51:00Z,25.55,m_112,fuel,30.6023,-78.3432
T000036013,450800000191,2025-12-17T17:55:00Z,9.07,m_160,cash_advance,42.7853,-76.0338
T000036014,416600000244,2025-12-17T17:56:00Z,40.98,m_295,travel,39.1649,-73.4155
T000036016,477200000076,2025-12-17T18:01:00Z,5.83,m_198,cash_advance,42.3272,-77.9216
T000036017,499000000220,2025-12-17T18:01:00Z,15.33,m_419,online,27.0554,-107.0352
T000036018,413400000129,2025-12-17T18:05:00Z,12.26,m_602,health,43.9028,-76.3631
T000036019,492800000125,2025-12-17T18:10:00Z,15.12,m_087,entertainment,45.1461,-89.4124
T000036020,421700000058,2025-12-17T18:11:00Z,25.12,m_204,electronics,43.2995,-83.1618
T000036021,443800000013,2025-12-17T18:12:00Z,5.54,m_633,health,28.8313,-83.6779
T000036022,470100000147,2025-12-17T18:15:00Z,23.64,m_104,clothing,29.7737,-83.6258
T000036023,493400000219,2025-12-17T18:16:00Z,12.35,m_231,health,41.0256,-80.6845
T000036024,492800000125,2025-12-17T18:16:00Z,20.8,m_124,online,45.1448,-88.9148
T000036026,431600000056,2025-12-17T18:25:00Z,18.35,m_511,online,44.6174,-83.7962
T000036027,442200000287,2025-12-17T18:26:00Z,57.09,m_053,cash_advance,32.1494,-120.7987
T000036029,410600000115,2025-12-17T18:30:00Z,40.42,m_754,clothing,27.2074,-84.2768
T000036030,467700000148,2025-12-17T18:33:00Z,11.9,m_369,electronics,33.4471,-72.7259
T000036031,442800000101,2025-12-17T18:35:00Z,9.57,m_655,entertainment,25.2205,-103.5421
T000036032,426800000149,2025-12-17T18:36:00Z,75.14,m_200,electronics,30.3268,-118.0824
T000036033,498200000023,2025-12-17T18:38:00Z,35.19,m_449,health,25.3489,-85.6167
T000036034,498300000053,2025-12-17T18:42:00Z,7.85,m_246,travel,34.2094,-120.362
T000036035,423800000109,2025-12-17T18:49:00Z,7.24,m_063,grocery,38.1333,-98.3432
T000036037,430200000164,2025-12-17T18:52:00Z,80.1,m_795,clothing,31.555,-75.4702
T000036038,498000000209,2025-12-17T18:53:00Z,20.14,m_380,grocery,43.5239,-89.4821
T000036039,430200000164,2025-12-17T18:57:00Z,46.5,m_538,restaurant,32.1522,-74.7739
T000036040,430200000164,2025-12-17T18:57:00Z,41.27,m_662,online,31.626,-75.3674
T000036042,422200000028,2025-12-17T19:00:00Z,56.07,m_189,clothing,28.4174,-122.1893
T000036044,482600000050,2025-12-17T19:06:00Z,12.66,m_766,online,37.6835,-76.6093
T000036045,441600000097,2025-12-17T19:13:00Z,11.19,m_569,cash_advance,27.2507,-117.6132
T000036046,436300000225,2025-12-17T19:23:00Z,58.22,m_733,entertainment,46.2792,-100.4582
T000036047,467700000148,2025-12-17T19:27:00Z,15.38,m_613,travel,33.9349,-72.3782
T000036048,429200000138,2025-12-17T19:28:00Z,13.83,m_512,entertainment,40.5262,-86.0918
T000036050,427500000040,2025-12-17T19:32:00Z,28.8,m_280,travel,26.1914,-87.1842
T000036052,431700000171,2025-12-17T19:34:00Z,50.46,m_338,fuel,49.0789,-120.8234
T000036053,498000000209,2025-12-17T19:34:00Z,12.29,m_113,cash_advance,43.6587,-89.1233
T000036055,408300000014,2025-12-17T19:40:00Z,10.88,m_558,restaurant,39.2949,-89.463
T000036057,421700000058,2025-12-17T19:43:00Z,72.4,m_671,cash_advance,43.8816,-83.5473
T000036058,482300000206,2025-12-17T19:44:00Z,22.35,m_709,restaurant,37.3362,-79.2524
T000036059,413700000266,2025-12-17T19:48:00Z,34.61,m_180,restaurant,29.7982,-115.8844
T000036063,443500000166,2025-12-17T19:59:00Z,40.73,m_301,fuel,31.4891,-73.2892
T000036064,442200000037,2025-12-17T20:00:00Z,21.84,m_705,grocery,33.6962,-106.9097
T000036065,499000000220,2025-12-17T20:04:00Z,23.04,m_228,electronics,27.5044,-107.5652
T000036066,492900000216,2025-12-17T20:07:00Z,12.17,m_479,health,34.7707,-71.9435
T000036067,454900000187,2025-12-17T20:17:00Z,11.11,m_073,entertainment,41.481,-111.1279
T000036069,451600000095,2025-12-17T20:24:00Z,26.72,m_619,grocery,41.2022,-102.3347
T000036070,454700000001,2025-12-17T20:28:00Z,6.5,m_019,online,28.568,-117.7639
T000036072,467400000299,2025-12-17T20:32:00Z,35.04,m_621,grocery,26.2716,-109.0141
T000036078,471700000259,2025-12-17T21:08:00Z,31.8,m_212,clothing,26.4927,-118.9913
T000036080,447000000194,2025-12-17T21:26:00Z,8.64,m_026,electronics,35.6493,-81.4262
T000036082,481700000044,2025-12-17T21:44:00Z,10.46,m_566,cash_advance,42.4972,-88.7892
T000036083,441600000097,2025-12-17T21:52:00Z,17.52,m_178,fuel,27.0,-117.0188
T000036084,489200000253,2025-12-17T22:00:00Z,59.02,m_451,cash_advance,37.4353,-89.091
T000036086,491600000072,2025-12-17T22:34:00Z,18.0,m_622,online,34.9537,-113.2958
T000036087,493100000068,2025-12-17T22:53:00Z,6.57,m_609,electronics,34.2318,-92.1378
T000036088,456600000153,2025-12-17T23:07:00Z,114.68,m_060,electronics,36.7754,-111.2416
T000036089,498200000023,2025-12-17T23:08:00Z,36.32,m_373,clothing,25.5432,-85.3436
T000036090,478700000011,2025-12-17T23:19:00Z,27.38,m_331,grocery,45.9263,-92.6901
T000036091,480500000222,2025-12-17T23:25:00Z,37.98,m_267,fuel,29.616,-123.203
T000036092,441600000097,2025-12-17T23:28:00Z,44.69,m_071,travel,28.063,-117.0393
T000036093,414600000120,2025-12-17T23:47:00Z,88.29,m_611,online,27.8463,-79.3171
T000036094,449300000066,2025-12-17T23:52:00Z,16.62,m_243,health,34.4241,-92.0364
T000036096,403900000005,2025-12-18T00:28:00Z,32.72,m_746,cash_advance,27.2776,-90.0336
T000036098,435100000025,2025-12-18T00:37:00Z,5.36,m_020,grocery,33.308,-101.3616
T000036100,475100000009,2025-12-18T01:02:00Z,18.29,m_659,electronics,32.6452,-79.1386
T000036101,459200000077,2025-12-18T01:16:00Z,46.63,m_554,online,35.0702,-105.7695
T000036102,415300000169,2025-12-18T01:18:00Z,23.22,m_125,fuel,35.6989,-116.2346
T000036104,430300000145,2025-12-18T01:19:00Z,12.27,m_145,online,25.7751,-102.0415
T000036105,432500000036,2025-12-18T01:23:00Z,68.51,m_757,electronics,27.9119,-118.2581
T000036106,456600000153,2025-12-18T01:35:00Z,31.17,m_747,online,37.3121,-111.7124
T000036107,412500000217,2025-12-18T01:39:00Z,25.51,m_248,entertainment,26.6093,-113.5492
T000036108,420200000231,2025-12-18T01:55:00Z,7.07,m_597,grocery,28.5409,-115.5718
T000036109,482900000152,2025-12-18T02:09:00Z,11.06,m_045,fuel,44.5024,-95.6783
T000036110,454700000001,2025-12-18T02:10:00Z,21.78,m_397,travel,28.6543,-117.8795
T000036111,459200000077,2025-12-18T02:16:00Z,157.07,m_721,electronics,44.9364,-92.1311
T000036112,482300000206,2025-12-18T02:19:00Z,29.01,m_098,travel,37.3207,-79.552
T000036113,440200000212,2025-12-18T02:28:00Z,29.21,m_540,online,44.7576,-103.4854
T000036114,452800000233,2025-12-18T02:29:00Z,27.69,m_579,electronics,34.884,-72.5148
T000036117,478700000237,2025-12-18T03:13:00Z,25.25,m_214,fuel,26.6546,-76.7368
T000036121,490700000100,2025-12-18T03:37:00Z,428.97,m_253,travel,28.8476,-132.943
T000036122,440200000212,2025-12-18T03:41:00Z,50.49,m_240,electronics,45.4617,-102.5899
T000036123,412700000272,2025-12-18T04:10:00Z,42.97,m_145,clothing,35.3019,-108.5063
T000036125,473800000088,2025-12-18T04:36:00Z,7.13,m_137,cash_advance,48.5387,-99.9065
T000036126,422800000294,2025-12-18T04:39:00Z,43.68,m_349,travel,39.8635,-117.6761
T000036127,465400000150,2025-12-18T04:42:00Z,9.56,m_609,restaurant,25.9604,-78.1105
T000036129,470900000176,2025-12-18T05:00:00Z,8.45,m_604,cash_advance,46.8695,-81.0113
T000036130,411200000218,2025-12-18T05:01:00Z,7.96,m_116,health,26.3895,-77.6609
T000036131,452500000236,2025-12-18T05:24:00Z,9.65,m_119,fuel,25.6997,-116.2564
T000036132,478700000011,2025-12-18T05:29:00Z,72.52,m_411,fuel,45.5983,-92.7961
T000036133,498000000026,2025-12-18T05:58:00Z,70.24,m_655,health,26.2415,-90.0819
T000036134,407400000227,2025-12-18T06:25:00Z,7.38,m_417,health,35.393,-84.1243
T000036135,464600000139,2025-12-18T06:41:00Z,78.9,m_528,electronics,40.013,-84.9069
T000036136,429200000004,2025-12-18T06:45:00Z,26.7,m_416,restaurant,26.5211,-96.4129
T000036137,459200000077,2025-12-18T06:49:00Z,23.38,m_548,travel,35.4832,-106.07
T000036139,419900000096,2025-12-18T06:57:00Z,32.28,m_231,restaurant,45.852,-95.0894
T000036141,415300000169,2025-12-18T07:06:00Z,90.55,m_257,fuel,34.9045,-116.7708
T000036142,403400000178,2025-12-18T07:10:00Z,14.5,m_483,travel,27.0465,-113.0963
T000036144,449300000066,2025-12-18T07:33:00Z,15.38,m_411,fuel,34.8888,-91.4925
T000036145,415300000169,2025-12-18T07:38:00Z,19.7,m_618,electronics,36.0212,-116.916
T000036146,419900000096,2025-12-18T08:02:00Z,24.05,m_291,entertainment,45.9298,-95.359
T000036147,426800000149,2025-12-18T08:02:00Z,85.69,m_282,online,29.8879,-117.8521
T000036149,458800000284,2025-12-18T08:07:00Z,36.56,m_303,electronics,39.6026,-96.409
T000036150,468600000099,2025-12-18T08:11:00Z,8.63,m_430,travel,38.1123,-73.9182
T000036152,476900000239,2025-12-18T08:13:00Z,65.02,m_192,travel,31.2481,-97.675
T000036153,444500000160,2025-12-18T08:15:00Z,48.08,m_445,entertainment,28.6915,-82.2402
T000036154,493300000296,2025-12-18T08:16:00Z,16.92,m_298,health,47.3877,-106.3215
T000036155,436700000039,2025-12-18T08:17:00Z,20.56,m_204,grocery,42.0529,-78.0164
T000036156,452800000233,2025-12-18T08:19:00Z,18.69,m_759,fuel,35.7422,-73.0838
T000036157,493900000290,2025-12-18T08:22:00Z,47.1,m_284,travel,34.8742,-73.9211
T000036159,499500000281,2025-12-18T08:27:00Z,8.45,m_519,cash_advance,47.3643,-75.5104
T000036160,443800000013,2025-12-18T08:30:00Z,38.71,m_000,fuel,28.5459,-83.6001
T000036161,430300000145,2025-12-18T08:36:00Z,7.67,m_583,cash_advance,26.0729,-103.0192
T000036162,489800000203,2025-12-18T08:38:00Z,4.32,m_432,entertainment,42.4487,-103.4165
T000036163,471000000105,2025-12-18T08:39:00Z,22.12,m_282,travel,38.7829,-94.1251
T000036164,472500000128,2025-12-18T08:47:00Z,3.93,m_105,cash_advance,30.7135,-119.0899
T000036165,453700000255,2025-12-18T09:03:00Z,5.48,m_599,restaurant,25.2998,-112.069
T000036166,493100000068,2025-12-18T09:05:00Z,10.0,m_204,cash_advance,33.7705,-91.601
T000036168,426800000149,2025-12-18T09:08:00Z,44.45,m_611,grocery,30.3843,-118.3225
T000036169,482300000206,2025-12-18T09:17:00Z,45.22,m_173,electronics,36.6419,-78.4874
T000036172,412900000224,2025-12-18T09:25:00Z,24.78,m_255,grocery,29.6941,-120.5871
T000036173,405700000064,2025-12-18T09:26:00Z,18.18,m_304,health,31.1507,-112.7314
T000036174,415300000169,2025-12-18T09:27:00Z,55.21,m_652,clothing,35.7838,-116.0785
T000036175,471100000081,2025-12-18T09:29:00Z,14.79,m_655,travel,39.4431,-113.3013
T000036177,423900000113,2025-12-18T09:35:00Z,34.72,m_293,cash_advance,31.933,-90.0014
T000036178,482000000288,2025-12-18T09:36:00Z,11.27,m_041,online,37.1795,-107.1682
T000036180,412700000272,2025-12-18T09:42:00Z,61.69,m_523,travel,35.669,-107.5291
T000036181,420900000275,2025-12-18T09:44:00Z,41.98,m_069,electronics,30.0472,-73.9175
T000036182,432500000036,2025-12-18T09:45:00Z,8.54,m_061,restaurant,38.8657,-119.6719
T000036183,442200000037,2025-12-18T09:48:00Z,73.18,m_636,health,34.0635,-106.7549
T000036185,478200000065,2025-12-18T09:50:00Z,89.2,m_276,clothing,34.1373,-89.0056
T000036186,471700000259,2025-12-18T09:52:00Z,45.99,m_422,travel,26.7088,-118.9126
T000036187,499000000220,2025-12-18T10:04:00Z,28.53,m_442,cash_advance,26.7733,-107.9961
T000036188,494000000016,2025-12-18T10:06:00Z,31.32,m_535,cash_advance,38.7957,-112.0528
T000036189,400100000173,2025-12-18T10:14:00Z,49.41,m_644,grocery,47.8402,-83.037
T000036193,421500000098,2025-12-18T10:29:00Z,8.63,m_384,cash_advance,32.9287,-122.3104
T000036198,423900000113,2025-12-18T10:34:00Z,18.51,m_305,travel,31.3284,-90.4427
T000036199,485300000175,2025-12-18T10:34:00Z,8.23,m_494,health,36.7079,-92.7826
T000036200,427000000130,2025-12-18T10:37:00Z,18.09,m_363,fuel,40.3865,-100.4961
T000036201,422800000294,2025-12-18T10:43:00Z,29.38,m_225,electronics,40.5319,-117.0183
T000036203,491600000072,2025-12-18T10:46:00Z,14.97,m_115,online,34.4348,-113.1724
T000036204,491700000032,2025-12-18T10:48:00Z,26.92,m_164,online,34.9224,-116.9658
T000036205,456300000265,2025-12-18T10:54:00Z,21.7,m_510,clothing,34.5688,-122.3303
T000036207,457400000208,2025-12-18T11:04:00Z,25.47,m_157,clothing,47.9498,-108.7742
T000036208,478200000065,2025-12-18T11:10:00Z,33.11,m_739,clothing,33.8866,-89.802
T000036209,443000000144,2025-12-18T11:11:00Z,111.18,m_639,entertainment,30.498,-79.6783
T000036211,456600000153,2025-12-18T11:19:00Z,26.6,m_243,grocery,36.8733,-110.9206
T000036212,448700000123,2025-12-18T11:21:00Z,154.77,m_764,online,40.8741,-97.8734
T000036214,463700000006,2025-12-18T11:22:00Z,5.23,m_008,clothing,29.8951,-122.732
T000036215,422200000028,2025-12-18T11:24:00Z,39.58,m_398,travel,28.7424,-122.7666
T000036216,430300000145,2025-12-18T11:28:00Z,10.59,m_548,grocery,26.5325,-103.312
T000036219,432000000185,2025-12-18T11:34:00Z,13.55,m_059,grocery,41.3995,-82.9664
T000036221,489800000203,2025-12-18T11:38:00Z,4.02,m_300,electronics,42.4091,-103.0364
T000036222,412900000224,2025-12-18T11:40:00Z,22.67,m_596,health,29.5228,-119.7392
T000036223,463700000291,2025-12-18T11:40:00Z,13.58,m_689,travel,37.6765,-84.2883
T000036225,427000000130,2025-12-18T11:54:00Z,14.11,m_430,cash_advance,40.6242,-100.894
T000036226,447000000194,2025-12-18T11:59:00Z,9.36,m_527,entertainment,35.2969,-81.1315
T000036227,424900000048,2025-12-18T12:05:00Z,24.82,m_739,restaurant,35.2498,-116.1849
T000036228,439700000263,2025-12-18T12:05:00Z,23.0,m_305,clothing,47.6627,-93.9234
T000036229,442200000037,2025-12-18T12:07:00Z,20.77,m_275,travel,33.4656,-106.6775
T000036230,493900000290,2025-12-18T12:10:00Z,93.33,m_406,entertainment,34.4501,-74.3558
T000036233,433600000269,2025-12-18T12:15:00Z,13.1,m_036,clothing,49.5334,-89.0361
T000036234,478800000067,2025-12-18T12:18:00Z,21.42,m_573,travel,47.4877,-73.9537
T000036235,416600000244,2025-12-18T12:21:00Z,41.8,m_620,online,37.7286,-73.5813
T000036236,485100000229,2025-12-18T12:21:00Z,38.33,m_033,restaurant,30.6952,-97.0457
T000036237,427100000293,2025-12-18T12:22:00Z,22.49,m_180,clothing,29.9708,-112.782
T000036238,418900000158,2025-12-18T12:26:00Z,7.92,m_772,electronics,31.1809,-107.3336
T000036239,405200000054,2025-12-18T12:27:00Z,45.93,m_631,cash_advance,31.0048,-88.485
T000036240,442700000200,2025-12-18T12:27:00Z,8.7,m_511,restaurant,44.2498,-94.9309
T000036241,448100000292,2025-12-18T12:31:00Z,33.57,m_296,restaurant,32.7241,-94.1608
T000036242,493900000290,2025-12-18T12:31:00Z,42.42,m_458,health,34.8166,-74.1427
T000036244,403400000178,2025-12-18T12:32:00Z,12.35,m_590,entertainment,27.2017,-112.9538
T000036245,429200000138,2025-12-18T12:41:00Z,17.48,m_361,cash_advance,40.9847,-85.8522
T000036248,429200000138,2025-12-18T13:02:00Z,19.97,m_488,cash_advance,40.9641,-85.9246
T000036249,449200000177,2025-12-18T13:05:00Z,11.68,m_349,clothing,31.3286,-117.3333
T000036250,443500000166,2025-12-18T13:14:00Z,33.61,m_647,cash_advance,31.0582,-72.9627
T000036251,418600000223,2025-12-18T13:21:00Z,10.53,m_469,grocery,49.8109,-77.9332
T000036252,411200000218,2025-12-18T13:26:00Z,13.52,m_023,grocery,26.7808,-77.4311
T000036254,488800000242,2025-12-18T13:31:00Z,8.04,m_362,cash_advance,33.0698,-100.4974
T000036256,447000000194,2025-12-18T13:38:00Z,7.62,m_582,grocery,35.0503,-81.6222
T000036257,421000000277,2025-12-18T13:39:00Z,23.74,m_450,clothing,42.5853,-73.2593
T000036258,461900000132,2025-12-18T13:46:00Z,8.46,m_192,fuel,39.6675,-95.7816
T000036259,407400000227,2025-12-18T13:48:00Z,13.94,m_012,fuel,35.5364,-84.251
T000036260,489200000253,2025-12-18T13:59:00Z,93.67,m_370,health,37.2194,-88.5593
T000036261,402100000075,2025-12-18T14:00:00Z,17.69,m_792,grocery,37.2562,-122.1989
T000036263,430300000145,2025-12-18T14:09:00Z,12.41,m_352,entertainment,25.8203,-103.2979
T000036264,420200000267,2025-12-18T14:20:00Z,38.94,m_797,health,46.5231,-82.9588
T000036266,421700000058,2025-12-18T14:23:00Z,54.97,m_237,restaurant,43.3192,-82.6804
T000036267,447000000194,2025-12-18T14:31:00Z,3.27,m_680,entertainment,35.4041,-81.573
T000036268,467200000059,2025-12-18T14:33:00Z,23.9,m_112,electronics,42.7163,-81.8642
T000036271,467400000299,2025-12-18T14:38:00Z,10.37,m_436,entertainment,26.8431,-109.4287
T000036273,460200000124,2025-12-18T14:39:00Z,614.31,m_709,online,46.0827,-74.8278
T000036274,442700000200,2025-12-18T14:41:00Z,22.53,m_161,restaurant,44.4212,-94.6003
T000036275,408300000014,2025-12-18T14:45:00Z,17.84,m_378,cash_advance,39.299,-88.6951
T000036276,449200000177,2025-12-18T14:46:00Z,12.01,m_226,clothing,30.8886,-117.5306
T000036277,434800000074,2025-12-18T14:49:00Z,19.72,m_699,cash_advance,35.6012,-110.7164
T000036279,454700000001,2025-12-18T14:54:00Z,10.07,m_138,grocery,28.2415,-118.0935
T000036280,408300000014,2025-12-18T14:56:00Z,6.32,m_458,restaurant,39.7861,-89.1143
T000036283,488800000117,2025-12-18T15:02:00Z,24.58,m_535,cash_advance,36.4146,-105.2277
T000036284,453700000255,2025-12-18T15:11:00Z,13.16,m_212,restaurant,25.5645,-111.3578
T000036285,460200000201,2025-12-18T15:14:00Z,15.96,m_033,travel,44.2082,-77.4676
T000036286,411100000235,2025-12-18T15:17:00Z,12.84,m_287,restaurant,35.8005,-118.4538
T000036287,485300000175,2025-12-18T15:27:00Z,5.06,m_454,grocery,36.7863,-93.1236
T000036288,459100000090,2025-12-18T15:30:00Z,23.36,m_446,online,40.4195,-82.4415
T000036289,459200000077,2025-12-18T15:39:00Z,43.2,m_149,travel,34.717,-106.2046
T000036290,420300000182,2025-12-18T15:41:00Z,23.64,m_132,clothing,29.9152,-97.8693
T000036291,470900000176,2025-12-18T15:41:00Z,20.29,m_790,electronics,46.5332,-80.4973
T000036293,421400000107,2025-12-18T15:47:00Z,40.86,m_060,entertainment,39.7959,-112.7526
T000036294,427500000040,2025-12-18T15:47:00Z,34.44,m_511,entertainment,25.9019,-85.9334
T000036295,467700000148,2025-12-18T15:49:00Z,11.36,m_504,entertainment,33.0233,-73.2044
T000036296,491700000032,2025-12-18T15:52:00Z,25.16,m_556,electronics,35.3439,-116.3344
T000036297,471000000105,2025-12-18T15:54:00Z,20.64,m_705,cash_advance,38.6576,-95.1162
T000036298,491600000072,2025-12-18T15:58:00Z,17.93,m_155,entertainment,34.7793,-113.6745
T000036299,429200000138,2025-12-18T16:05:00Z,16.86,m_648,clothing,40.1648,-86.3591
T000036301,465400000137,2025-12-18T16:08:00Z,6.68,m_318,fuel,37.9352,-116.5524
T000036303,421500000098,2025-12-18T16:12:00Z,11.63,m_075,entertainment,32.3098,-121.8935
T000036310,429300000186,2025-12-18T16:38:00Z,36.06,m_729,restaurant,27.1438,-95.2432
T000036311,412900000224,2025-12-18T16:39:00Z,33.25,m_201,travel,29.0415,-120.4791
T000036313,472100000092,2025-12-18T16:42:00Z,6.85,m_463,health,41.4152,-79.619
T000036314,414600000120,2025-12-18T16:44:00Z,25.87,m_583,health,26.9955,-79.6202
T000036315,465400000137,2025-12-18T16:47:00Z,17.35,m_363,entertainment,37.3922,-117.0933
T000036317,418600000223,2025-12-18T16:49:00Z,4.43,m_765,online,48.6676,-78.9534
T000036320,480500000222,2025-12-18T16:58:00Z,27.45,m_255,electronics,29.0724,-123.2581
T000036321,436200000283,2025-12-18T16:58:00Z,30.01,m_234,travel,30.9654,-118.1297
T000036323,403700000193,2025-12-18T17:05:00Z,16.41,m_646,clothing,32.2925,-103.6562
T000036324,497600000197,2025-12-18T17:19:00Z,27.71,m_490,electronics,45.1925,-116.718
T000036325,490700000100,2025-12-18T17:24:00Z,28.08,m_732,electronics,34.0915,-120.9075
T000036326,493400000219,2025-12-18T17:24:00Z,8.0,m_685,grocery,40.0454,-79.9929
T000036328,430200000164,2025-12-18T17:33:00Z,77.06,m_316,electronics,31.9168,-75.4483
T000036329,408700000002,2025-12-18T17:39:00Z,13.2,m_168,restaurant,37.3109,-95.1408
T000036330,479800000106,2025-12-18T17:42:00Z,9.33,m_434,online,27.9888,-71.6975
T000036331,436300000225,2025-12-18T17:46:00Z,25.31,m_388,fuel,46.2829,-101.0748
T000036332,436500000043,2025-12-18T17:48:00Z,20.8,m_511,electronics,35.7054,-110.0769
T000036333,462600000282,2025-12-18T17:51:00Z,13.22,m_606,electronics,45.3318,-88.3582
T000036334,477200000076,2025-12-18T17:55:00Z,95.42,m_489,electronics,42.5186,-78.0278
T000036335,465400000150,2025-12-18T18:02:00Z,6.46,m_438,restaurant,26.4437,-78.3479
T000036340,454700000001,2025-12-18T18:10:00Z,6.2,m_245,travel,27.9411,-117.1633
T000036341,497000000024,2025-12-18T18:13:00Z,22.85,m_602,electronics,35.5105,-97.6532
T000036343,429200000004,2025-12-18T18:16:00Z,55.03,m_162,travel,25.7118,-95.2639
T000036344,421200000102,2025-12-18T18:20:00Z,45.23,m_136,grocery,40.8033,-116.9347
T000036345,483100000286,2025-12-18T18:29:00Z,26.99,m_281,cash_advance,36.0483,-74.6494
T000036346,456300000265,2025-12-18T18:36:00Z,84.61,m_100,restaurant,34.0155,-123.3617
T000036347,413700000266,2025-12-18T18:37:00Z,29.62,m_658,cash_advance,30.1182,-116.4132
T000036348,452100000297,2025-12-18T18:38:00Z,39.91,m_797,restaurant,25.7341,-84.9026
T000036349,459100000090,2025-12-18T18:50:00Z,12.29,m_319,cash_advance,40.9902,-82.8918
T000036350,439700000263,2025-12-18T18:51:00Z,69.15,m_088,online,46.262,-94.3639
T000036352,497600000197,2025-12-18T18:58:00Z,14.96,m_330,fuel,45.0938,-116.8306
T000036353,421200000102,2025-12-18T19:00:00Z,22.22,m_784,entertainment,40.7485,-116.4042
T000036354,421400000107,2025-12-18T19:09:00Z,66.33,m_396,clothing,40.1344,-113.7717
T000036355,423800000109,2025-12-18T19:20:00Z,5.48,m_282,entertainment,37.5097,-98.5371
T000036356,405700000064,2025-12-18T19:21:00Z,30.21,m_136,grocery,31.7402,-112.9696
T000036357,489800000203,2025-12-18T19:23:00Z,7.67,m_129,online,41.835,-102.9778
T000036358,421000000277,2025-12-18T19:25:00Z,14.47,m_407,cash_advance,42.5472,-73.3381
T000036360,423800000109,2025-12-18T19:32:00Z,9.04,m_717,clothing,37.481,-99.2584
T000036361,498200000023,2025-12-18T19:33:00Z,36.23,m_718,fuel,25.1051,-86.1643
T000036362,430000000162,2025-12-18T19:34:00Z,10.9,m_221,restaurant,45.3335,-90.8566
T000036364,497600000197,2025-12-18T19:42:00Z,17.49,m_249,travel,45.4282,-116.4122
T000036365,471700000020,2025-12-18T19:49:00Z,10.94,m_551,clothing,45.5259,-90.7026
T000036367,429200000004,2025-12-18T19:51:00Z,60.54,m_374,electronics,25.9165,-96.3775
T000036368,434700000262,2025-12-18T19:52:00Z,6.74,m_126,cash_advance,29.6817,-80.3037
T000036369,420200000267,2025-12-18T20:02:00Z,41.31,m_276,online,47.3518,-83.2255
T000036372,426900000172,2025-12-18T20:05:00Z,66.94,m_407,health,42.938,-107.0993
T000036373,448100000292,2025-12-18T20:05:00Z,16.25,m_698,entertainment,33.3195,-93.8602
T000036374,442800000101,2025-12-18T20:17:00Z,9.1,m_703,grocery,24.998,-103.325
T000036376,493300000296,2025-12-18T20:33:00Z,43.23,m_482,restaurant,48.1587,-106.6985
T000036377,462600000282,2025-12-18T20:44:00Z,14.12,m_300,restaurant,45.9841,-88.9609
T000036380,407400000227,2025-12-18T20:53:00Z,30.18,m_511,clothing,35.1299,-84.8409
T000036381,468700000127,2025-12-18T20:54:00Z,15.13,m_366,electronics,31.6524,-122.9056
T000036382,421500000087,2025-12-18T20:55:00Z,12.86,m_016,entertainment,46.7448,-100.7013
T000036383,412500000217,2025-12-18T21:14:00Z,24.5,m_155,restaurant,25.6509,-113.4999
T000036384,494800000228,2025-12-18T21:22:00Z,31.94,m_315,cash_advance,25.7057,-86.8636
T000036385,440800000163,2025-12-18T21:38:00Z,8.93,m_484,electronics,27.0318,-117.7874
T000036387,474600000256,2025-12-18T21:57:00Z,17.87,m_779,online,26.3683,-88.8807
T000036388,488800000117,2025-12-18T22:08:00Z,27.47,m_262,fuel,35.512,-104.5639
T000036391,493100000068,2025-12-18T22:27:00Z,17.12,m_043,travel,33.9728,-91.8898
T000036392,472500000128,2025-12-18T22:48:00Z,10.83,m_359,electronics,30.7196,-119.1631
T000036393,482900000152,2025-12-18T23:05:00Z,8.53,m_207,restaurant,43.4944,-96.7684
T000036394,410600000115,2025-12-18T23:31:00Z,23.59,m_553,health,27.5421,-84.3546
T000036395,422800000294,2025-12-18T23:31:00Z,48.18,m_409,fuel,39.9726,-117.5151
T000036397,478800000015,2025-12-18T23:40:00Z,33.16,m_676,electronics,29.6677,-112.8457
T000036399,405700000064,2025-12-18T23:58:00Z,20.8,m_787,restaurant,31.1479,-112.0254
T000036400,439700000263,2025-12-19T00:07:00Z,24.86,m_085,electronics,47.4071,-94.2025
T000036402,488200000133,2025-12-19T00:17:00Z,15.3,m_496,entertainment,47.0972,-87.9457
T000036404,452100000297,2025-12-19T00:59:00Z,52.31,m_036,health,26.0807,-83.8271
T000036406,478500000258,2025-12-19T01:12:00Z,36.19,m_158,health,46.97,-83.6698
T000036408,412700000272,2025-12-19T01:42:00Z,42.77,m_386,travel,35.5316,-108.8485
T000036409,492500000154,2025-12-19T01:50:00Z,10.59,m_226,health,30.3928,-111.757
T000036410,435100000025,2025-12-19T02:02:00Z,12.94,m_147,online,33.307,-101.5404
T000036411,405700000064,2025-12-19T02:11:00Z,80.86,m_419,online,43.7105,-118.7986
T000036412,480500000222,2025-12-19T02:19:00Z,29.27,m_618,restaurant,28.7303,-122.7817
T000036413,456600000153,2025-12-19T02:22:00Z,25.83,m_478,restaurant,36.5261,-111.0584
T000036414,429200000004,2025-12-19T02:25:00Z,181.74,m_046,electronics,16.2957,-85.1762
T000036415,498000000209,2025-12-19T02:38:00Z,76.75,m_101,cash_advance,33.159,-82.2262
T000036416,441600000097,2025-12-19T02:38:00Z,11.98,m_617,fuel,27.3112,-117.2369
T000036417,491700000073,2025-12-19T02:42:00Z,37.51,m_534,fuel,30.0535,-85.3267
T000036420,492300000241,2025-12-19T03:00:00Z,21.17,m_323,entertainment,29.1789,-77.1019
T000036421,433600000269,2025-12-19T03:07:00Z,6.47,m_004,travel,48.5237,-89.6128
T000036422,443000000144,2025-12-19T03:23:00Z,18.36,m_234,entertainment,29.7419,-78.8638
T000036424,421300000071,2025-12-19T03:56:00Z,103.23,m_249,online,37.1662,-91.582
T000036425,476900000239,2025-12-19T04:00:00Z,20.33,m_631,cash_advance,31.3511,-96.8055
T000036428,426800000261,2025-12-19T04:31:00Z,32.31,m_363,online,31.0227,-112.7944
T000036429,474600000256,2025-12-19T04:31:00Z,26.99,m_026,health,25.4102,-89.5083
T000036430,466900000159,2025-12-19T04:52:00Z,12.46,m_572,fuel,43.4086,-99.2745
T000036431,444500000160,2025-12-19T05:12:00Z,26.75,m_252,online,29.0543,-80.8361
T000036432,479800000106,2025-12-19T05:25:00Z,24.84,m_298,health,27.8715,-71.1639
T000036434,415300000169,2025-12-19T05:36:00Z,32.57,m_245,restaurant,34.7787,-117.2378
T000036435,474600000256,2025-12-19T06:16:00Z,32.59,m_429,grocery,25.6258,-88.5191
T000036436,407400000227,2025-12-19T06:48:00Z,7.1,m_402,online,34.7366,-84.0772
T000036437,497000000024,2025-12-19T06:49:00Z,10.38,m_070,fuel,35.3075,-96.8946
T000036438,496400000091,2025-12-19T06:52:00Z,57.84,m_013,online,27.9452,-73.1909
T000036439,429100000136,2025-12-19T06:53:00Z,67.7,m_631,fuel,48.3948,-79.2925
T000036440,433100000271,2025-12-19T07:12:00Z,6.27,m_629,online,42.2792,-78.5875
T000036441,470900000176,2025-12-19T07:31:00Z,12.4,m_041,health,45.8837,-80.4683
T000036442,442800000101,2025-12-19T08:00:00Z,3.49,m_619,restaurant,25.4226,-102.5255
T000036443,431800000140,2025-12-19T08:00:00Z,49.1,m_039,cash_advance,47.6542,-97.181
T000036444,429100000136,2025-12-19T08:12:00Z,37.06,m_198,cash_advance,48.554,-78.5532
T000036445,425600000170,2025-12-19T08:13:00Z,25.55,m_436,grocery,27.374,-83.4257
T000036446,427100000293,2025-12-19T08:15:00Z,90.02,m_693,entertainment,30.7922,-113.2469
T000036449,453000000151,2025-12-19T08:30:00Z,7.72,m_358,clothing,37.9357,-103.967
T000036450,429200000004,2025-12-19T08:31:00Z,49.06,m_154,clothing,26.1566,-96.1502
T000036451,413700000240,2025-12-19T08:32:00Z,21.29,m_693,entertainment,30.4525,-117.4855
T000036452,413300000061,2025-12-19T08:39:00Z,4.06,m_789,fuel,34.1804,-80.9001
T000036453,463700000291,2025-12-19T08:43:00Z,3.35,m_450,clothing,37.0045,-84.9745
T000036456,468700000127,2025-12-19T08:49:00Z,18.4,m_101,health,32.0581,-122.2445
T000036458,421500000098,2025-12-19T08:52:00Z,5.61,m_539,grocery,32.8594,-122.0932
T000036459,430200000164,2025-12-19T08:56:00Z,112.15,m_090,restaurant,31.7607,-76.0662
T000036461,467200000059,2025-12-19T09:09:00Z,8.72,m_341,travel,42.4103,-81.5849
T000036462,432500000146,2025-12-19T09:10:00Z,8.8,m_615,cash_advance,26.8619,-115.8848
T000036463,450800000191,2025-12-19T09:16:00Z,19.84,m_754,online,42.1031,-76.1059
T000036464,436300000225,2025-12-19T09:17:00Z,26.13,m_668,grocery,46.5319,-100.8337
T000036465,432200000285,2025-12-19T09:18:00Z,11.32,m_684,clothing,42.5091,-113.3658
T000036466,429300000186,2025-12-19T09:20:00Z,22.16,m_607,grocery,26.2508,-94.8719
T000036468,471100000081,2025-12-19T09:24:00Z,8.83,m_659,clothing,38.2333,-112.9876
T000036469,441600000097,2025-12-19T09:27:00Z,9.73,m_531,electronics,27.1686,-116.9157
T000036470,454900000187,2025-12-19T09:29:00Z,14.46,m_498,travel,41.9977,-111.0118
T000036471,470900000176,2025-12-19T09:33:00Z,11.34,m_087,electronics,46.284,-80.8883
T000036474,488800000117,2025-12-19T09:42:00Z,14.84,m_299,restaurant,36.7337,-105.0678
T000036475,418600000223,2025-12-19T09:43:00Z,8.94,m_451,grocery,49.1589,-78.8038
T000036476,444800000104,2025-12-19T09:49:00Z,40.45,m_044,health,41.7006,-77.7837
T000036477,419900000096,2025-12-19T09:52:00Z,11.72,m_720,travel,45.9087,-95.5173
T000036478,442200000287,2025-12-19T09:53:00Z,27.34,m_070,fuel,33.2123,-120.5599
T000036479,479800000010,2025-12-19T09:55:00Z,23.94,m_263,clothing,36.2539,-118.6197
T000036480,493400000219,2025-12-19T09:57:00Z,16.0,m_041,cash_advance,40.5227,-80.1407
T000036482,440800000163,2025-12-19T10:02:00Z,21.93,m_340,restaurant,28.1197,-117.4016
T000036483,468200000221,2025-12-19T10:04:00Z,15.99,m_160,grocery,40.8729,-72.2586
T000036484,426900000172,2025-12-19T10:05:00Z,48.83,m_321,fuel,42.9954,-108.1041
T000036486,401300000033,2025-12-19T10:09:00Z,68.08,m_613,entertainment,37.5327,-114.3063
T000036487,452800000233,2025-12-19T10:30:00Z,25.55,m_523,cash_advance,34.7858,-72.1871
T000036488,465400000150,2025-12-19T10:31:00Z,16.22,m_370,electronics,26.2017,-77.7803
T000036489,402100000075,2025-12-19T10:36:00Z,14.29,m_641,entertainment,37.7778,-122.2793
T000036491,432500000036,2025-12-19T10:37:00Z,12.4,m_498,clothing,39.5498,-119.9082
T000036492,478500000258,2025-12-19T10:47:00Z,35.63,m_355,clothing,47.1299,-84.5648
T000036493,443000000144,2025-12-19T10:51:00Z,37.9,m_435,fuel,31.0622,-78.6948
T000036494,462600000282,2025-12-19T10:52:00Z,7.73,m_585,entertainment,45.6769,-88.0032
T000036495,408300000014,2025-12-19T10:55:00Z,10.84,m_251,fuel,39.3976,-89.0416
T000036496,431600000056,2025-12-19T10:55:00Z,15.81,m_583,entertainment,45.4732,-84.3617
T000036501,473800000088,2025-12-19T11:13:00Z,13.26,m_106,electronics,49.0131,-99.0267
T000036502,403300000018,2025-12-19T11:16:00Z,60.56,m_010,fuel,29.7903,-78.8762
T000036503,467200000059,2025-12-19T11:16:00Z,10.52,m_026,travel,42.9477,-82.1364
T000036507,455700000103,2025-12-19T11:21:00Z,5.06,m_020,clothing,25.5058,-89.8483
T000036510,470900000176,2025-12-19T11:27:00Z,18.75,m_607,restaurant,46.4169,-81.42
T000036511,479800000010,2025-12-19T11:29:00Z,8.18,m_390,health,36.2074,-117.8838
T000036513,412500000217,2025-12-19T11:31:00Z,23.71,m_265,travel,26.3678,-113.7647
T000036514,413300000061,2025-12-19T11:31:00Z,5.22,m_656,restaurant,34.7239,-81.6595
T000036515,467700000148,2025-12-19T11:32:00Z,5.76,m_557,restaurant,33.9342,-72.5025
T000036516,465400000150,2025-12-19T11:33:00Z,15.59,m_694,travel,26.1109,-78.2487
T000036518,493900000290,2025-12-19T11:37:00Z,25.9,m_137,travel,34.9087,-73.2815
T000036519,411200000218,2025-12-19T11:37:00Z,8.17,m_422,health,26.8155,-77.9823
T000036522,432200000285,2025-12-19T11:47:00Z,9.71,m_271,health,42.1908,-113.4194
T000036523,426800000261,2025-12-19T11:51:00Z,12.56,m_633,cash_advance,31.637,-112.6032
T000036524,472100000092,2025-12-19T11:52:00Z,15.0,m_752,cash_advance,42.3133,-79.9876
T000036525,493600000274,2025-12-19T11:53:00Z,15.16,m_464,electronics,27.1719,-73.284
T000036526,421500000098,2025-12-19T11:57:00Z,9.73,m_588,entertainment,32.1011,-122.0684
T000036527,436300000225,2025-12-19T12:00:00Z,17.77,m_509,fuel,45.4066,-101.0428
T000036528,444800000104,2025-12-19T12:01:00Z,19.25,m_489,restaurant,42.0716,-78.0083
T000036529,430300000145,2025-12-19T12:02:00Z,15.89,m_195,health,25.8978,-103.7045
T000036531,448100000292,2025-12-19T12:08:00Z,18.07,m_145,travel,33.4683,-94.6346
T000036532,493300000296,2025-12-19T12:08:00Z,28.34,m_111,grocery,48.4773,-106.1919
T000036533,416600000244,2025-12-19T12:09:00Z,38.43,m_305,restaurant,38.3475,-73.5139
T000036534,412700000272,2025-12-19T12:10:00Z,60.01,m_424,cash_advance,35.4533,-108.7037
T000036535,426800000261,2025-12-19T12:10:00Z,16.15,m_733,restaurant,30.9026,-112.7039
T000036536,420900000275,2025-12-19T12:16:00Z,47.54,m_694,restaurant,29.0445,-73.1994
T000036537,482300000206,2025-12-19T12:17:00Z,18.44,m_690,electronics,38.0714,-78.6702
T000036538,499500000281,2025-12-19T12:18:00Z,24.06,m_262,cash_advance,47.342,-75.7535
T000036539,436300000225,2025-12-19T12:19:00Z,37.73,m_709,travel,46.5978,-100.4073
T000036540,434800000074,2025-12-19T12:23:00Z,14.85,m_066,online,34.8973,-110.3682
T000036542,407400000227,2025-12-19T12:25:00Z,4.88,m_774,restaurant,35.1895,-84.6074
T000036543,463700000006,2025-12-19T12:26:00Z,5.91,m_429,grocery,29.3133,-122.6367
T000036544,430300000145,2025-12-19T12:31:00Z,9.3,m_064,travel,25.8373,-102.6205
T000036545,482600000050,2025-12-19T12:32:00Z,9.81,m_662,online,37.9928,-77.8436
T000036547,451600000095,2025-12-19T12:37:00Z,33.93,m_503,electronics,41.2607,-102.9979
T000036548,426900000083,2025-12-19T12:40:00Z,30.88,m_426,electronics,48.4161,-82.7184
T000036549,460200000201,2025-12-19T12:41:00Z,53.27,m_335,fuel,44.2951,-78.5289
T000036550,462600000282,2025-12-19T12:52:00Z,25.61,m_696,fuel,45.6802,-88.3023
T000036551,400900000156,2025-12-19T12:54:00Z,10.19,m_098,fuel,43.1436,-106.139
T000036553,474600000256,2025-12-19T13:03:00Z,14.06,m_406,travel,25.6386,-88.2633
T000036555,400100000173,2025-12-19T13:06:00Z,16.46,m_286,grocery,48.0698,-83.443
T000036556,443000000144,2025-12-19T13:09:00Z,70.39,m_556,online,30.4943,-79.2299
T000036558,492900000216,2025-12-19T13:12:00Z,7.34,m_297,entertainment,35.8615,-71.0725
T000036560,478500000258,2025-12-19T13:20:00Z,18.86,m_557,fuel,47.3552,-84.1179
T000036561,432200000285,2025-12-19T13:23:00Z,14.28,m_794,electronics,42.3019,-113.8762
T000036562,479800000106,2025-12-19T13:27:00Z,15.63,m_437,travel,28.5594,-71.614
T000036563,416600000244,2025-12-19T13:30:00Z,26.88,m_587,travel,37.9807,-73.0348
T000036564,452500000236,2025-12-19T13:30:00Z,7.31,m_698,health,26.1979,-116.3543
T000036569,432500000036,2025-12-19T13:39:00Z,31.48,m_551,restaurant,39.061,-120.0504
T000036570,488800000117,2025-12-19T13:39:00Z,12.95,m_080,restaurant,35.9347,-104.7113
T000036571,467400000299,2025-12-19T13:40:00Z,26.99,m_782,cash_advance,25.9838,-109.0766
T000036572,420200000267,2025-12-19T13:42:00Z,23.92,m_266,restaurant,47.1408,-82.3246
T000036573,470100000147,2025-12-19T13:45:00Z,13.18,m_322,restaurant,30.3419,-82.8221
T000036574,463700000006,2025-12-19T13:46:00Z,17.25,m_248,fuel,29.5667,-122.4636
T000036575,442200000037,2025-12-19T13:46:00Z,44.55,m_575,restaurant,33.3196,-107.3679
T000036577,427100000293,2025-12-19T13:55:00Z,16.34,m_600,restaurant,30.258,-113.213
T000036580,400100000173,2025-12-19T14:12:00Z,25.55,m_161,electronics,46.8885,-83.5736
T000036582,411200000218,2025-12-19T14:14:00Z,11.11,m_185,clothing,26.3759,-77.8591
T000036583,464600000139,2025-12-19T14:18:00Z,60.82,m_727,online,40.7066,-84.8138
T000036584,478700000011,2025-12-19T14:20:00Z,43.06,m_167,online,46.603,-93.1897
T000036585,411200000218,2025-12-19T14:25:00Z,8.1,m_354,electronics,27.5743,-77.4944
T000036586,432500000146,2025-12-19T14:27:00Z,6.66,m_330,cash_advance,26.5623,-116.4446
T000036590,426800000261,2025-12-19T14:46:00Z,13.49,m_250,fuel,31.5813,-112.986
T000036591,414600000120,2025-12-19T14:56:00Z,45.6,m_453,grocery,28.2842,-78.9537
T000036592,442700000200,2025-12-19T15:03:00Z,20.64,m_511,entertainment,44.1699,-94.8149
T000036593,467700000148,2025-12-19T15:15:00Z,19.18,m_635,health,33.2121,-72.689
T000036594,421400000107,2025-12-19T15:15:00Z,35.24,m_567,fuel,40.0527,-112.639
T000036595,411200000218,2025-12-19T15:17:00Z,9.09,m_235,online,26.287,-77.27
T000036596,496700000238,2025-12-19T15:22:00Z,14.96,m_295,online,25.601,-103.2115
T000036598,484400000030,2025-12-19T15:25:00Z,39.79,m_081,restaurant,29.0943,-73.2112
T000036599,478800000067,2025-12-19T15:29:00Z,17.66,m_395,clothing,47.4045,-73.0943
T000036600,477200000076,2025-12-19T15:31:00Z,14.66,m_597,entertainment,42.7083,-77.4621
T000036601,460200000201,2025-12-19T15:33:00Z,15.35,m_682,electronics,44.718,-78.3253
T000036602,427500000040,2025-12-19T15:33:00Z,46.84,m_713,cash_advance,25.9248,-86.7953
T000036604,430200000164,2025-12-19T15:41:00Z,65.82,m_649,fuel,31.2704,-75.9124
T000036605,403900000005,2025-12-19T16:01:00Z,15.3,m_798,electronics,26.9899,-89.7636
T000036606,471100000298,2025-12-19T16:04:00Z,31.21,m_346,online,45.7235,-85.7784
T000036607,459200000077,2025-12-19T16:05:00Z,31.28,m_359,travel,35.4567,-106.5743
T000036608,414100000007,2025-12-19T16:05:00Z,12.57,m_615,restaurant,35.3966,-113.4942
T000036609,482300000206,2025-12-19T16:08:00Z,23.54,m_040,online,37.6515,-79.2924
T000036612,444800000104,2025-12-19T16:17:00Z,25.62,m_722,restaurant,41.0825,-77.6704
T000036614,431700000171,2025-12-19T16:19:00Z,41.85,m_422,online,48.7005,-119.2512
T000036615,442200000287,2025-12-19T16:20:00Z,33.28,m_405,cash_advance,32.4274,-120.7324
T000036616,454700000001,2025-12-19T16:20:00Z,24.41,m_033,entertainment,29.1648,-117.0489
T000036617,421700000058,2025-12-19T16:30:00Z,24.15,m_535,electronics,43.7998,-83.0128
T000036618,408300000014,2025-12-19T16:31:00Z,7.33,m_054,entertainment,39.711,-88.2741
T000036619,421200000102,2025-12-19T16:36:00Z,22.46,m_336,restaurant,40.6625,-115.9884
T000036621,433100000271,2025-12-19T16:42:00Z,14.38,m_134,electronics,41.7875,-78.8445
T000036622,491000000038,2025-12-19T16:42:00Z,26.63,m_263,fuel,26.0894,-92.6656
T000036624,467400000299,2025-12-19T16:45:00Z,7.84,m_579,restaurant,26.1641,-109.6441
T000036627,416000000196,2025-12-19T16:54:00Z,21.53,m_461,grocery,28.0786,-114.366
T000036628,431600000056,2025-12-19T16:58:00Z,9.2,m_452,electronics,44.7272,-83.7661
T000036629,492300000134,2025-12-19T17:04:00Z,51.42,m_366,health,25.5357,-102.0102
T000036630,404400000000,2025-12-19T17:05:00Z,50.16,m_775,restaurant,45.0979,-74.7683
T000036631,413800000254,2025-12-19T17:06:00Z,23.3,m_723,cash_advance,40.3416,-82.9183
T000036632,411200000218,2025-12-19T17:09:00Z,5.21,m_609,online,26.1341,-77.3707
T000036633,424900000048,2025-12-19T17:15:00Z,9.76,m_452,electronics,35.3015,-115.422
T000036634,479800000106,2025-12-19T17:15:00Z,20.34,m_563,entertainment,27.9487,-71.0389
T000036635,403000000031,2025-12-19T17:17:00Z,10.55,m_386,travel,35.2804,-89.3284
T000036640,426900000083,2025-12-19T17:21:00Z,26.62,m_752,health,47.3455,-83.1249
T000036641,442700000200,2025-12-19T17:23:00Z,72.01,m_648,cash_advance,44.9102,-95.3187
T000036642,450800000191,2025-12-19T17:24:00Z,9.27,m_407,fuel,42.0846,-76.3607
T000036643,473300000089,2025-12-19T17:25:00Z,16.84,m_198,clothing,39.6548,-73.9863
T000036644,413800000254,2025-12-19T17:26:00Z,24.06,m_223,electronics,40.8944,-83.4967
T000036645,482300000206,2025-12-19T17:28:00Z,21.29,m_409,grocery,37.1333,-79.1363
T000036650,489200000253,2025-12-19T17:51:00Z,47.09,m_066,grocery,36.9121,-88.6038
T000036651,482300000206,2025-12-19T17:52:00Z,35.1,m_098,fuel,38.647,-78.6162
T000036652,494800000019,2025-12-19T17:53:00Z,19.24,m_371,health,25.2427,-102.9293
T000036653,474600000256,2025-12-19T17:58:00Z,26.23,m_567,electronics,25.8449,-88.6426
T000036654,421700000058,2025-12-19T17:59:00Z,81.15,m_559,grocery,42.625,-83.7067
T000036655,460200000201,2025-12-19T18:13:00Z,39.37,m_285,health,44.6112,-77.5835
T000036656,478800000067,2025-12-19T18:20:00Z,21.24,m_111,travel,47.2007,-73.6748
T000036660,488800000242,2025-12-19T18:30:00Z,16.5,m_108,grocery,33.5583,-101.4566
T000036661,449300000066,2025-12-19T18:35:00Z,19.94,m_220,fuel,33.8942,-91.6235
T000036662,448700000123,2025-12-19T18:38:00Z,40.61,m_084,cash_advance,40.8163,-98.1921
T000036663,453700000255,2025-12-19T18:42:00Z,7.23,m_604,online,25.1409,-112.0802
T000036664,419200000035,2025-12-19T19:02:00Z,52.37,m_704,fuel,29.8216,-91.9684
T000036665,420200000267,2025-12-19T19:08:00Z,30.95,m_578,online,47.4007,-83.2423
T000036670,479800000010,2025-12-19T19:14:00Z,4.36,m_597,clothing,36.4344,-117.6147
T000036672,478800000015,2025-12-19T19:26:00Z,70.24,m_433,grocery,29.9135,-112.9781
T000036675,411200000218,2025-12-19T19:34:00Z,4.79,m_469,electronics,27.0666,-77.8377
T000036678,478700000011,2025-12-19T19:48:00Z,75.51,m_596,grocery,45.6556,-93.8294
T000036679,405200000054,2025-12-19T19:50:00Z,49.23,m_472,fuel,31.3568,-89.2208
T000036681,414600000120,2025-12-19T20:03:00Z,155.34,m_717,health,27.873,-78.6511
T000036682,454700000001,2025-12-19T20:08:00Z,19.69,m_180,entertainment,28.8219,-117.0455
T000036683,461900000132,2025-12-19T20:10:00Z,5.13,m_427,entertainment,39.4568,-96.2952
T000036684,436500000043,2025-12-19T20:11:00Z,48.2,m_367,grocery,34.9079,-110.6935
T000036685,474600000256,2025-12-19T20:13:00Z,27.31,m_110,travel,25.9572,-88.936
T000036686,452500000236,2025-12-19T20:14:00Z,13.0,m_654,electronics,25.3796,-116.2428
T000036687,498200000023,2025-12-19T20:17:00Z,10.85,m_429,grocery,25.7196,-85.5099
T000036688,471000000105,2025-12-19T20:20:00Z,38.37,m_591,entertainment,38.0129,-93.8198
T000036689,414100000007,2025-12-19T20:29:00Z,14.69,m_247,health,35.3615,-115.0164
T000036690,426800000149,2025-12-19T20:30:00Z,33.9,m_646,clothing,30.5413,-118.3359
T000036691,468200000221,2025-12-19T20:33:00Z,17.03,m_077,electronics,40.2392,-72.3652
T000036692,492300000134,2025-12-19T20:35:00Z,31.56,m_406,clothing,26.0137,-102.5313
T000036693,472100000092,2025-12-19T20:37:00Z,4.44,m_136,health,41.8745,-79.9054
T000036694,473300000089,2025-12-19T20:37:00Z,13.61,m_386,health,39.0949,-74.0166
T000036695,494800000228,2025-12-19T20:39:00Z,59.41,m_486,cash_advance,25.2532,-86.273
T000036696,409000000198,2025-12-19T20:40:00Z,13.3,m_422,online,47.9541,-80.5437
T000036698,485500000183,2025-12-19T20:42:00Z,35.29,m_492,online,34.7383,-73.8698
T000036701,494800000228,2025-12-19T20:49:00Z,53.15,m_492,health,24.8444,-86.4219
T000036703,429300000186,2025-12-19T21:56:00Z,88.59,m_012,cash_advance,27.1075,-94.6907
T000036704,474600000256,2025-12-19T21:56:00Z,21.12,m_489,entertainment,25.2263,-89.2831
T000036705,400100000173,2025-12-19T22:00:00Z,7.4,m_574,travel,47.7823,-84.2374
T000036706,493600000274,2025-12-19T22:01:00Z,24.93,m_567,entertainment,27.1496,-73.2828
T000036708,463700000291,2025-12-19T22:48:00Z,10.0,m_572,fuel,37.6631,-85.3287
T000036709,488200000133,2025-12-19T22:51:00Z,19.73,m_099,restaurant,46.6118,-88.2686
T000036710,471000000105,2025-12-19T23:00:00Z,17.98,m_736,clothing,39.1281,-94.2359
T000036712,478700000237,2025-12-19T23:02:00Z,30.39,m_710,online,26.2376,-77.3404
T000036713,431700000171,2025-12-19T23:02:00Z,21.86,m_469,restaurant,49.0876,-119.6141
T000036714,491600000072,2025-12-19T23:08:00Z,14.59,m_355,online,34.5295,-112.9928
T000036716,442800000101,2025-12-19T23:19:00Z,7.06,m_792,electronics,25.8769,-102.8715
T000036717,444500000160,2025-12-19T23:47:00Z,17.7,m_634,travel,27.7932,-81.579
T000036718,422800000294,2025-12-20T00:41:00Z,5.42,m_036,health,39.8557,-117.5351
T000036719,414600000120,2025-12-20T00:42:00Z,61.69,m_362,electronics,27.8734,-78.8764
T000036721,458800000284,2025-12-20T01:04:00Z,25.98,m_200,entertainment,39.0329,-96.1604
T000036722,419900000096,2025-12-20T01:11:00Z,25.76,m_181,fuel,45.4594,-95.3666
T000036723,465400000150,2025-12-20T01:12:00Z,33.96,m_007,electronics,29.6626,-84.9287
T000036725,412900000224,2025-12-20T01:21:00Z,20.21,m_582,fuel,29.1396,-119.7532
T000036726,400900000156,2025-12-20T01:36:00Z,8.2,m_539,cash_advance,42.7667,-106.3271
T000036727,402100000075,2025-12-20T01:37:00Z,13.11,m_073,cash_advance,38.0255,-122.6717
T000036729,449200000177,2025-12-20T02:10:00Z,21.89,m_500,fuel,30.7942,-117.2959
T000036731,448700000123,2025-12-20T02:36:00Z,171.35,m_074,electronics,41.0952,-98.0407
T000036734,493900000290,2025-12-20T02:57:00Z,132.21,m_536,entertainment,34.1521,-74.4902
T000036735,497000000024,2025-12-20T03:01:00Z,15.25,m_415,entertainment,35.4494,-97.1258
T000036736,492300000134,2025-12-20T03:12:00Z,46.84,m_752,fuel,25.2583,-101.1142
T000036738,433600000269,2025-12-20T03:33:00Z,8.53,m_569,restaurant,48.5539,-89.3926
T000036739,497000000024,2025-12-20T03:37:00Z,19.0,m_031,restaurant,35.3007,-96.5711
T000036740,426800000149,2025-12-20T03:43:00Z,553.91,m_790,online,32.0358,-114.1401
T000036741,483100000286,2025-12-20T03:45:00Z,21.56,m_210,travel,35.6536,-74.3204
T000036742,493400000219,2025-12-20T03:51:00Z,22.0,m_395,restaurant,40.4051,-80.443
T000036743,463700000291,2025-12-20T03:59:00Z,10.57,m_094,electronics,36.8382,-84.9072
T000036744,458800000284,2025-12-20T04:09:00Z,135.08,m_117,online,44.3951,-91.2972
T000036745,425100000250,2025-12-20T04:26:00Z,15.15,m_773,fuel,32.8113,-99.269
T000036747,468700000127,2025-12-20T04:51:00Z,5.4,m_245,entertainment,31.0943,-122.8022
T000036748,421700000058,2025-12-20T04:58:00Z,120.4,m_688,cash_advance,42.219,-83.2097
T000036750,475100000009,2025-12-20T05:18:00Z,31.26,m_160,health,32.9999,-78.3179
T000036751,421400000107,2025-12-20T05:20:00Z,22.87,m_788,electronics,39.824,-112.5234
T000036752,491300000082,2025-12-20T05:22:00Z,23.39,m_219,travel,40.6622,-106.3253
T000036753,488800000117,2025-12-20T05:26:00Z,22.12,m_794,online,35.3103,-104.9481
T000036754,488800000117,2025-12-20T05:36:00Z,25.51,m_788,grocery,36.2677,-104.5824
T000036755,478700000237,2025-12-20T05:47:00Z,52.02,m_049,grocery,26.4098,-77.7427
T000036756,448100000292,2025-12-20T06:12:00Z,28.69,m_567,fuel,32.6617,-94.0173
T000036757,429200000138,2025-12-20T06:24:00Z,23.11,m_592,online,40.7439,-86.3817
T000036758,489800000203,2025-12-20T06:28:00Z,11.79,m_443,clothing,43.215,-103.461
T000036760,402100000075,2025-12-20T06:49:00Z,7.41,m_499,travel,38.0606,-122.5889
T000036761,497000000024,2025-12-20T07:01:00Z,30.26,m_020,clothing,35.3137,-96.7872
T000036762,468700000127,2025-12-20T07:02:00Z,10.0,m_279,entertainment,31.6885,-122.3715
T000036763,476900000239,2025-12-20T07:43:00Z,25.54,m_228,restaurant,30.4546,-97.2183
T000036764,489800000203,2025-12-20T08:03:00Z,48.19,m_071,travel,43.0305,-101.9522
T000036765,436500000043,2025-12-20T08:03:00Z,36.51,m_205,clothing,35.4293,-110.1541
T000036767,413300000061,2025-12-20T08:03:00Z,7.57,m_102,entertainment,34.8696,-80.9019
T000036768,434500000161,2025-12-20T08:03:00Z,23.8,m_668,online,37.2069,-87.9868
T000036769,471700000259,2025-12-20T08:04:00Z,43.51,m_149,clothing,26.8751,-118.1074
T000036771,470100000147,2025-12-20T08:07:00Z,7.38,m_669,cash_advance,30.0811,-83.6839
T000036772,452500000236,2025-12-20T08:08:00Z,13.63,m_447,cash_advance,26.0909,-116.5566
T000036773,432000000185,2025-12-20T08:11:00Z,21.65,m_075,restaurant,40.9381,-83.0422
T000036774,493600000274,2025-12-20T08:11:00Z,12.44,m_182,electronics,27.0173,-72.7597
T000036775,423900000113,2025-12-20T08:15:00Z,42.57,m_527,online,31.7013,-89.8869
T000036777,498300000053,2025-12-20T08:24:00Z,22.27,m_343,online,34.0379,-119.7346
T000036779,493400000219,2025-12-20T08:25:00Z,7.19,m_229,fuel,41.0468,-80.5233
T000036780,471100000081,2025-12-20T08:32:00Z,16.73,m_098,travel,39.1138,-112.7573
T000036781,443500000166,2025-12-20T08:36:00Z,36.95,m_350,cash_advance,30.9494,-73.6275
T000036783,413800000254,2025-12-20T08:40:00Z,29.55,m_007,clothing,40.4396,-83.7322
T000036786,471100000298,2025-12-20T08:42:00Z,8.78,m_001,online,45.499,-86.0511
T000036787,463700000006,2025-12-20T08:42:00Z,13.21,m_142,entertainment,29.8891,-122.7675
T000036788,432500000036,2025-12-20T08:44:00Z,14.08,m_223,clothing,39.8216,-119.8504
T000036789,473800000088,2025-12-20T08:45:00Z,34.56,m_746,restaurant,49.1786,-99.5154
T000036791,498200000023,2025-12-20T08:48:00Z,51.68,m_592,clothing,25.6389,-85.1898
T000036793,479800000010,2025-12-20T08:57:00Z,12.19,m_174,clothing,36.4015,-118.7731
T000036796,422200000028,2025-12-20T09:11:00Z,33.57,m_618,cash_advance,28.5561,-122.656
T000036797,482900000152,2025-12-20T09:13:00Z,9.19,m_576,restaurant,43.5161,-96.3144
T000036799,473800000088,2025-12-20T09:15:00Z,15.18,m_290,online,49.3089,-99.5613
T000036800,494800000019,2025-12-20T09:15:00Z,24.36,m_679,entertainment,24.8416,-102.959
T000036801,492300000134,2025-12-20T09:17:00Z,21.23,m_486,travel,25.273,-102.1373
T000036802,478200000065,2025-12-20T09:17:00Z,170.53,m_542,fuel,34.6115,-88.7724
T000036803,435100000025,2025-12-20T09:20:00Z,11.29,m_334,restaurant,33.3541,-101.6388
T000036804,405200000054,2025-12-20T09:22:00Z,58.6,m_288,clothing,31.6324,-89.1027
T000036806,492300000241,2025-12-20T09:27:00Z,19.95,m_288,cash_advance,28.5466,-77.2631
T000036807,454600000047,2025-12-20T09:27:00Z,25.19,m_382,clothing,43.3392,-96.7247
T000036808,405200000054,2025-12-20T09:27:00Z,71.24,m_328,cash_advance,31.2338,-88.7053
T000036809,459100000090,2025-12-20T09:31:00Z,21.16,m_522,travel,40.5318,-81.8862
T000036811,465400000137,2025-12-20T09:38:00Z,12.43,m_217,grocery,37.5216,-116.8635
T000036813,474600000256,2025-12-20T09:41:00Z,8.74,m_636,travel,25.1855,-89.0363
T000036814,426800000261,2025-12-20T09:44:00Z,22.8,m_676,cash_advance,30.7498,-112.5919
T000036815,432000000185,2025-12-20T09:51:00Z,32.65,m_394,travel,42.1509,-82.9341
T000036816,479800000010,2025-12-20T09:57:00Z,8.89,m_611,cash_advance,36.3445,-117.774
T000036817,411200000218,2025-12-20T09:57:00Z,5.88,m_349,electronics,27.08,-77.5551
T000036822,414100000007,2025-12-20T10:03:00Z,17.16,m_578,entertainment,35.8589,-113.7928
T000036823,436300000225,2025-12-20T10:09:00Z,15.32,m_689,entertainment,46.0387,-100.4265
T000036824,432500000146,2025-12-20T10:12:00Z,3.24,m_580,entertainment,27.1321,-115.966
T000036826,452100000297,2025-12-20T10:21:00Z,60.6,m_407,clothing,25.8259,-84.5191
T000036827,453700000255,2025-12-20T10:25:00Z,4.15,m_473,clothing,25.4853,-111.8944
T000036828,442200000287,2025-12-20T10:25:00Z,8.62,m_239,electronics,32.4338,-120.7926
T000036829,478700000011,2025-12-20T10:29:00Z,176.95,m_747,restaurant,45.6431,-93.3715
T000036830,494000000016,2025-12-20T10:31:00Z,32.56,m_658,health,39.489,-112.7648
T000036832,499000000220,2025-12-20T10:39:00Z,10.95,m_723,cash_advance,27.0272,-106.9329
T000036834,453000000151,2025-12-20T10:41:00Z,13.5,m_577,cash_advance,38.771,-103.7505
T000036835,468700000127,2025-12-20T10:45:00Z,11.21,m_443,restaurant,31.2863,-122.5277
T000036837,402500000268,2025-12-20T10:49:00Z,9.84,m_316,electronics,44.8335,-117.1928
T000036839,413300000061,2025-12-20T10:58:00Z,4.48,m_222,health,34.7334,-81.1904
T000036842,456300000265,2025-12-20T11:02:00Z,48.44,m_755,electronics,34.3856,-122.0941
T000036846,422200000028,2025-12-20T11:04:00Z,33.53,m_692,clothing,28.9818,-121.9873
T000036847,409000000198,2025-12-20T11:05:00Z,46.12,m_350,restaurant,47.4011,-81.6462
T000036848,440200000212,2025-12-20T11:05:00Z,37.22,m_532,grocery,45.5486,-103.0527
T000036851,421000000277,2025-12-20T11:18:00Z,26.08,m_749,entertainment,43.0139,-72.6303
T000036852,468700000127,2025-12-20T11:24:00Z,9.03,m_718,electronics,31.7417,-122.492
T000036853,415300000169,2025-12-20T11:28:00Z,20.79,m_312,clothing,35.6179,-117.0534
T000036854,489200000253,2025-12-20T11:31:00Z,27.74,m_584,entertainment,36.8908,-88.9509
T000036855,427100000293,2025-12-20T11:34:00Z,48.08,m_476,grocery,30.7958,-112.9774
T000036860,431700000171,2025-12-20T11:49:00Z,28.96,m_408,online,49.026,-119.425
T000036861,420200000231,2025-12-20T11:50:00Z,19.65,m_585,health,28.1019,-115.2399
T000036865,435100000025,2025-12-20T11:58:00Z,7.07,m_739,cash_advance,34.3769,-100.4092
T000036868,426900000172,2025-12-20T12:03:00Z,65.31,m_064,health,43.1938,-106.6626
T000036869,464300000022,2025-12-20T12:04:00Z,14.06,m_593,grocery,43.8379,-72.1162
T000036870,477200000076,2025-12-20T12:06:00Z,28.51,m_763,electronics,42.7465,-78.1881
T000036876,442200000287,2025-12-20T12:23:00Z,22.62,m_552,entertainment,32.8159,-120.6282
T000036877,421000000277,2025-12-20T12:27:00Z,23.42,m_705,fuel,42.9094,-72.7993
T000036878,471100000081,2025-12-20T12:31:00Z,11.13,m_510,travel,40.1093,-113.299
T000036879,441600000097,2025-12-20T12:34:00Z,15.87,m_173,clothing,26.7243,-116.8952
T000036880,419200000035,2025-12-20T12:36:00Z,42.8,m_726,online,30.5286,-92.1676
T000036881,478700000011,2025-12-20T12:36:00Z,82.42,m_344,entertainment,44.9472,-93.3653
T000036883,459100000090,2025-12-20T12:43:00Z,41.76,m_700,health,40.9751,-83.2908
T000036884,485100000229,2025-12-20T12:44:00Z,34.3,m_048,health,30.0919,-97.203
T000036885,472500000128,2025-12-20T12:46:00Z,9.47,m_432,travel,30.3572,-119.0626
T000036887,471100000081,2025-12-20T12:51:00Z,7.6,m_444,health,39.3111,-112.8451
T000036888,420300000182,2025-12-20T12:51:00Z,44.55,m_571,restaurant,31.1103,-97.6242
T000036889,489800000203,2025-12-20T12:52:00Z,16.19,m_127,grocery,42.5107,-103.1176
T000036890,461900000132,2025-12-20T13:07:00Z,6.6,m_001,health,38.9008,-97.2515
T000036892,478700000011,2025-12-20T13:14:00Z,63.93,m_382,grocery,45.868,-93.3162
T000036893,497000000024,2025-12-20T13:18:00Z,34.45,m_720,fuel,35.4203,-96.7191
T000036894,466900000159,2025-12-20T13:18:00Z,9.94,m_596,cash_advance,43.0481,-99.5468
T000036896,493100000068,2025-12-20T13:32:00Z,25.71,m_530,restaurant,34.5908,-91.2697
T000036897,464600000139,2025-12-20T13:33:00Z,21.24,m_388,grocery,40.7423,-84.2951
T000036898,473800000088,2025-12-20T13:39:00Z,14.07,m_742,travel,48.7662,-99.325
T000036900,408700000002,2025-12-20T13:49:00Z,63.23,m_502,electronics,36.4675,-94.6034
T000036902,407400000227,2025-12-20T13:56:00Z,8.36,m_001,restaurant,34.8993,-84.1766
T000036903,442800000101,2025-12-20T13:57:00Z,4.35,m_213,travel,25.0919,-103.1084
T000036904,421700000058,2025-12-20T13:59:00Z,61.52,m_674,travel,43.0459,-84.1344
T000036905,433100000271,2025-12-20T14:00:00Z,10.51,m_022,electronics,42.8264,-78.9099
T000036907,491600000072,2025-12-20T14:01:00Z,13.1,m_320,restaurant,34.4886,-113.251
T000036913,436500000043,2025-12-20T14:21:00Z,48.13,m_260,restaurant,34.8564,-110.3126
T000036914,441600000097,2025-12-20T14:23:00Z,21.89,m_275,travel,25.9181,-116.1165
T000036915,467400000299,2025-12-20T14:26:00Z,53.73,m_581,restaurant,26.156,-110.3832
T000036917,403000000031,2025-12-20T14:29:00Z,17.52,m_768,grocery,35.7575,-89.2473
T000036918,452500000236,2025-12-20T14:40:00Z,16.31,m_799,online,25.8693,-116.006
T000036919,436300000225,2025-12-20T14:42:00Z,28.15,m_696,cash_advance,45.6328,-100.4973
T000036920,453700000255,2025-12-20T14:42:00Z,3.9,m_140,cash_advance,24.7577,-111.6325
T000036923,493100000068,2025-12-20T14:44:00Z,12.93,m_497,online,34.5689,-92.1241
T000036924,490100000041,2025-12-20T14:45:00Z,28.83,m_294,entertainment,35.6138,-90.6767
T000036925,471100000298,2025-12-20T14:53:00Z,7.42,m_029,entertainment,46.136,-85.8209
T000036927,449200000177,2025-12-20T14:55:00Z,11.44,m_388,grocery,30.8196,-116.9267
T000036928,403300000018,2025-12-20T15:02:00Z,14.37,m_473,entertainment,30.1677,-77.8111
T000036929,402500000268,2025-12-20T15:03:00Z,3.14,m_373,entertainment,45.0967,-118.1671
T000036930,421200000102,2025-12-20T15:05:00Z,41.48,m_545,entertainment,40.352,-117.1137
T000036932,403900000005,2025-12-20T15:14:00Z,17.38,m_625,entertainment,26.33,-90.0177
T000036933,492900000216,2025-12-20T15:25:00Z,4.55,m_604,online,35.1354,-71.8452
T000036934,433600000269,2025-12-20T15:26:00Z,12.34,m_217,restaurant,48.9449,-89.1452
T000036935,425100000250,2025-12-20T15:27:00Z,10.41,m_436,clothing,33.7378,-99.0008
T000036936,430200000164,2025-12-20T15:31:00Z,35.7,m_296,clothing,31.3483,-74.93
T000036937,458800000284,2025-12-20T15:36:00Z,30.41,m_070,health,39.3686,-96.4035
T000036939,434700000262,2025-12-20T15:42:00Z,20.31,m_769,entertainment,30.3064,-80.3517
T000036940,460200000201,2025-12-20T15:43:00Z,10.68,m_182,fuel,44.0564,-78.919
T000036942,471000000105,2025-12-20T15:46:00Z,41.24,m_192,restaurant,39.1729,-93.6946
T000036943,444500000160,2025-12-20T15:47:00Z,25.94,m_786,electronics,28.7139,-82.3476
T000036945,494000000016,2025-12-20T15:51:00Z,60.07,m_146,online,38.8479,-112.8093
T000036946,413700000266,2025-12-20T15:51:00Z,11.41,m_457,electronics,29.8298,-116.7091
T000036947,489800000203,2025-12-20T15:53:00Z,10.09,m_483,restaurant,43.2468,-102.8315
T000036948,463700000291,2025-12-20T15:54:00Z,10.28,m_195,entertainment,37.376,-84.3429
T000036949,493400000219,2025-12-20T15:54:00Z,12.7,m_443,health,40.788,-80.4987
T000036950,471000000105,2025-12-20T15:56:00Z,20.89,m_504,entertainment,39.8708,-93.793
T000036951,454900000187,2025-12-20T15:57:00Z,15.09,m_439,travel,42.538,-110.7674
T000036953,413700000266,2025-12-20T16:04:00Z,30.07,m_722,online,30.3252,-116.041
T000036955,403900000005,2025-12-20T16:12:00Z,9.78,m_754,online,26.4164,-90.1332
T000036957,427500000040,2025-12-20T16:30:00Z,33.81,m_002,entertainment,25.5419,-86.0685
T000036960,472500000128,2025-12-20T16:34:00Z,14.0,m_406,fuel,30.0031,-119.6748
T000036962,429200000004,2025-12-20T16:41:00Z,22.97,m_204,entertainment,26.1014,-95.8791
T000036963,407400000227,2025-12-20T16:46:00Z,8.26,m_580,travel,35.0165,-84.217
T000036965,498000000209,2025-12-20T16:49:00Z,6.78,m_433,grocery,43.6516,-89.1225
T000036966,403900000005,2025-12-20T16:52:00Z,26.26,m_403,entertainment,26.6698,-89.7094
T000036967,413800000254,2025-12-20T16:52:00Z,38.16,m_245,restaurant,40.6956,-83.4072
T000036969,447000000194,2025-12-20T16:56:00Z,8.38,m_454,travel,35.297,-81.614
T000036970,426800000149,2025-12-20T16:58:00Z,60.74,m_780,clothing,29.9666,-118.1432
T000036971,471100000298,2025-12-20T16:58:00Z,20.47,m_259,entertainment,45.9155,-85.3878
T000036972,467700000148,2025-12-20T17:00:00Z,10.09,m_089,grocery,34.1412,-72.3734
T000036973,471100000298,2025-12-20T17:00:00Z,24.83,m_697,entertainment,45.6415,-86.4605
T000036974,461900000132,2025-12-20T17:02:00Z,21.32,m_293,grocery,38.5161,-95.6024
T000036975,488800000242,2025-12-20T17:05:00Z,16.8,m_067,fuel,34.3817,-100.3063
T000036976,492800000125,2025-12-20T17:11:00Z,13.75,m_239,online,45.1979,-88.5365
T000036977,490400000207,2025-12-20T17:13:00Z,12.43,m_235,online,38.5366,-121.1654
T000036978,470900000176,2025-12-20T17:13:00Z,37.46,m_544,electronics,46.6663,-80.7635
T000036979,443500000166,2025-12-20T17:14:00Z,25.14,m_610,cash_advance,30.9553,-73.1371
T000036980,498000000209,2025-12-20T17:19:00Z,5.23,m_392,travel,43.6774,-88.3679
T000036981,483100000286,2025-12-20T17:19:00Z,35.54,m_393,clothing,34.987,-75.0884
T000036982,436300000225,2025-12-20T17:21:00Z,52.18,m_345,health,45.5999,-100.5684
T000036984,431700000171,2025-12-20T17:24:00Z,30.36,m_576,entertainment,48.7393,-119.7181
T000036985,482000000288,2025-12-20T17:27:00Z,64.37,m_344,restaurant,36.8064,-106.9594
T000036986,402100000075,2025-12-20T17:29:00Z,8.51,m_603,entertainment,37.4978,-122.2777
T000036987,434800000074,2025-12-20T17:30:00Z,5.56,m_743,clothing,35.9321,-110.8226
T000036988,420900000275,2025-12-20T17:30:00Z,56.32,m_332,online,29.9591,-74.1476
T000036989,403900000005,2025-12-20T17:31:00Z,12.43,m_461,grocery,27.4275,-90.5042
T000036990,485500000183,2025-12-20T17:32:00Z,22.68,m_236,restaurant,34.33,-73.3449
T000036991,467700000148,2025-12-20T17:33:00Z,10.29,m_602,electronics,33.4589,-72.1114
T000036992,404400000000,2025-12-20T17:36:00Z,16.16,m_691,cash_advance,45.9615,-74.6533
T000036993,462500000168,2025-12-20T17:40:00Z,5.4,m_530,travel,30.5083,-71.6262
T000036995,419900000096,2025-12-20T17:44:00Z,24.95,m_703,health,45.5949,-96.065
T000036997,465400000137,2025-12-20T17:51:00Z,26.59,m_650,clothing,37.5447,-117.3663
T000036998,414600000120,2025-12-20T17:52:00Z,39.76,m_457,cash_advance,27.5883,-78.9186
T000036999,467000000279,2025-12-20T17:54:00Z,27.79,m_741,grocery,44.1027,-108.0248
T000037001,468200000221,2025-12-20T18:01:00Z,15.39,m_435,cash_advance,40.8139,-72.0497
T000037002,421400000107,2025-12-20T18:06:00Z,22.42,m_157,online,40.4303,-112.6232
T000037003,416600000244,2025-12-20T18:06:00Z,64.79,m_621,entertainment,38.0371,-74.0192
T000037005,415300000169,2025-12-20T18:13:00Z,29.61,m_543,health,36.0463,-117.2548
T000037006,432500000036,2025-12-20T18:24:00Z,3.92,m_365,health,40.0975,-119.1845
T000037007,443800000013,2025-12-20T18:26:00Z,11.41,m_174,restaurant,29.2406,-83.6218
T000037008,468700000127,2025-12-20T18:30:00Z,22.68,m_196,health,31.3136,-123.6815
T000037009,435100000025,2025-12-20T18:36:00Z,8.21,m_799,electronics,33.581,-101.2145
T000037010,403400000178,2025-12-20T18:40:00Z,19.57,m_509,grocery,26.9471,-113.7359
T000037012,444800000104,2025-12-20T18:47:00Z,14.99,m_033,cash_advance,41.0549,-77.2303
T000037014,432000000185,2025-12-20T18:57:00Z,11.53,m_595,restaurant,41.2301,-82.3809
T000037016,430000000162,2025-12-20T19:00:00Z,6.13,m_759,online,45.2939,-90.8764
T000037017,488800000242,2025-12-20T19:00:00Z,20.53,m_731,restaurant,33.7201,-101.202
T000037018,436700000039,2025-12-20T19:01:00Z,7.04,m_224,grocery,42.491,-78.3356
T000037019,435100000025,2025-12-20T19:01:00Z,5.48,m_313,health,33.5974,-101.7854
T000037022,485500000183,2025-12-20T19:05:00Z,28.0,m_193,entertainment,34.2436,-73.2173
T000037023,422200000028,2025-12-20T19:06:00Z,49.45,m_231,health,28.5261,-122.3763
T000037024,444800000104,2025-12-20T19:18:00Z,31.86,m_000,clothing,41.77,-77.5431
T000037025,463700000006,2025-12-20T19:21:00Z,11.13,m_519,cash_advance,29.3513,-122.6388
T000037026,480500000222,2025-12-20T19:24:00Z,23.35,m_759,health,29.038,-122.2189
T000037027,491000000038,2025-12-20T19:33:00Z,30.06,m_327,online,26.1626,-92.0491
T000037029,490700000100,2025-12-20T19:34:00Z,24.53,m_239,restaurant,33.4857,-121.6374
T000037030,457400000208,2025-12-20T19:37:00Z,63.35,m_235,clothing,47.1772,-109.4152
T000037031,447000000194,2025-12-20T19:37:00Z,5.06,m_158,travel,35.1678,-81.8203
T000037032,426800000149,2025-12-20T19:39:00Z,84.96,m_025,grocery,30.4713,-118.5892
T000037033,482000000288,2025-12-20T19:40:00Z,14.15,m_639,grocery,36.9185,-105.8745
T000037034,443500000166,2025-12-20T19:42:00Z,13.1,m_504,entertainment,31.3867,-73.5128
T000037035,496400000091,2025-12-20T19:43:00Z,55.18,m_317,entertainment,27.9083,-73.1554
T000037037,429200000138,2025-12-20T19:48:00Z,15.02,m_479,health,40.7212,-85.7181
T000037038,456300000265,2025-12-20T19:51:00Z,23.06,m_307,health,34.5004,-123.2235
T000037040,422200000028,2025-12-20T20:01:00Z,30.96,m_224,entertainment,29.1527,-123.2738
T000037042,482000000288,2025-12-20T20:05:00Z,23.34,m_320,cash_advance,36.8511,-107.6668
T000037043,414100000007,2025-12-20T20:15:00Z,41.62,m_016,electronics,34.702,-114.1374
T000037044,492300000134,2025-12-20T20:18:00Z,7.87,m_035,clothing,25.9036,-102.2138
T000037045,467200000059,2025-12-20T20:19:00Z,8.01,m_721,fuel,43.186,-82.1582
T000037046,434800000074,2025-12-20T20:25:00Z,24.86,m_177,travel,34.1771,-109.6553
T000037047,471100000298,2025-12-20T20:26:00Z,21.06,m_234,restaurant,46.1522,-85.6529
T000037049,429300000186,2025-12-20T20:31:00Z,15.72,m_428,electronics,26.5611,-94.3535
T000037050,473800000088,2025-12-20T20:35:00Z,8.31,m_470,online,48.8176,-99.1219
T000037052,493400000219,2025-12-20T20:39:00Z,16.42,m_193,online,40.9853,-80.2797
T000037053,467000000279,2025-12-20T20:39:00Z,21.65,m_492,entertainment,44.0126,-108.0314
T000037054,478700000237,2025-12-20T20:47:00Z,22.28,m_736,cash_advance,25.7653,-77.1916
T000037055,408300000014,2025-12-20T20:56:00Z,27.58,m_010,fuel,39.5973,-87.752
T000037056,405200000054,2025-12-20T20:58:00Z,28.83,m_610,restaurant,31.5674,-88.7981
T000037058,496700000238,2025-12-20T21:09:00Z,20.37,m_109,online,25.4585,-103.4385
T000037059,402500000268,2025-12-20T21:24:00Z,3.73,m_470,cash_advance,44.1894,-117.9847
T000037060,426900000172,2025-12-20T21:30:00Z,29.34,m_431,online,42.4545,-107.3657
T000037062,462600000282,2025-12-20T21:50:00Z,7.93,m_518,grocery,45.5402,-87.9086
T000037063,405300000080,2025-12-20T21:52:00Z,71.57,m_471,clothing,46.9204,-87.6085
T000037064,496700000238,2025-12-20T22:02:00Z,11.86,m_648,restaurant,25.9137,-103.0288
T000037067,498300000053,2025-12-20T22:55:00Z,11.67,m_751,grocery,33.9538,-120.0418
T000037068,485500000183,2025-12-20T23:07:00Z,8.04,m_705,cash_advance,34.3396,-73.5857
T000037069,449300000066,2025-12-20T23:09:00Z,10.76,m_733,entertainment,34.4564,-92.3338
T000037070,420900000275,2025-12-20T23:12:00Z,75.43,m_749,grocery,29.6237,-73.1199
T000037071,461900000132,2025-12-20T23:20:00Z,90.79,m_741,travel,33.378,-91.2196
T000037072,477200000076,2025-12-20T23:35:00Z,108.31,m_396,online,36.8668,-78.5781
T000037073,454600000047,2025-12-20T23:45:00Z,19.45,m_282,entertainment,43.3067,-97.1396
T000037074,471100000081,2025-12-20T23:53:00Z,8.22,m_251,clothing,39.9476,-113.5733
T000037075,454900000187,2025-12-21T00:32:00Z,13.09,m_459,restaurant,42.1021,-111.697
T000037076,432200000285,2025-12-21T00:36:00Z,19.29,m_175,cash_advance,41.5466,-114.0893
T000037077,436500000043,2025-12-21T00:40:00Z,18.07,m_506,fuel,35.3111,-110.2521
T000037078,404400000000,2025-12-21T01:03:00Z,21.06,m_559,cash_advance,45.8024,-76.0059
T000037079,401300000033,2025-12-21T01:10:00Z,27.44,m_690,entertainment,37.7914,-113.7723
T000037081,462500000168,2025-12-21T02:25:00Z,30.28,m_775,electronics,30.7192,-71.0104
T000037084,407400000227,2025-12-21T03:01:00Z,8.41,m_179,fuel,34.7299,-84.3882
T000037085,493300000296,2025-12-21T03:05:00Z,106.17,m_404,electronics,46.5546,-113.3914
T000037086,443900000180,2025-12-21T03:12:00Z,10.2,m_438,online,45.0093,-76.3538
T000037087,434800000074,2025-12-21T03:20:00Z,169.83,m_443,electronics,41.4479,-107.3532
T000037088,479800000106,2025-12-21T03:45:00Z,24.93,m_326,electronics,28.7609,-71.8632
T000037089,488800000117,2025-12-21T03:49:00Z,42.29,m_627,grocery,36.2685,-104.9922
T000037090,471700000259,2025-12-21T03:55:00Z,190.59,m_640,electronics,17.7562,-119.1856
T000037091,409000000198,2025-12-21T03:56:00Z,51.68,m_638,grocery,48.5389,-81.2852
T000037092,402500000268,2025-12-21T03:59:00Z,4.99,m_335,entertainment,44.0465,-117.8737
T000037093,404400000000,2025-12-21T04:04:00Z,149.74,m_202,travel,38.852,-73.2067
T000037094,491000000038,2025-12-21T04:05:00Z,29.0,m_743,entertainment,27.5481,-92.7774
T000037095,492800000125,2025-12-21T04:13:00Z,32.41,m_796,clothing,45.0872,-88.7634
T000037096,427000000130,2025-12-21T04:17:00Z,20.69,m_239,fuel,41.2252,-99.6566
T000037097,499000000220,2025-12-21T04:24:00Z,21.47,m_763,electronics,26.8025,-107.2725
T000037098,467700000148,2025-12-21T04:54:00Z,9.59,m_425,grocery,33.1718,-72.7961
T000037100,434700000262,2025-12-21T05:14:00Z,9.66,m_750,electronics,30.6748,-80.2351
T000037101,433600000269,2025-12-21T05:14:00Z,12.03,m_657,entertainment,48.5028,-89.8527
T000037102,429200000138,2025-12-21T05:24:00Z,22.52,m_438,electronics,40.3168,-86.2733
T000037103,440800000163,2025-12-21T05:27:00Z,7.13,m_279,clothing,27.6319,-118.0115
T000037104,432000000185,2025-12-21T05:37:00Z,18.68,m_652,restaurant,41.2228,-83.0686
T000037105,427000000130,2025-12-21T05:39:00Z,11.43,m_608,travel,41.0217,-100.6227
T000037106,472500000128,2025-12-21T05:55:00Z,14.3,m_003,electronics,29.814,-119.9275
T000037107,432500000146,2025-12-21T05:57:00Z,7.05,m_442,fuel,27.314,-116.0462
T000037108,411200000218,2025-12-21T05:57:00Z,8.37,m_312,cash_advance,26.466,-77.4193
T000037109,478800000067,2025-12-21T06:00:00Z,14.09,m_324,clothing,47.1381,-74.1921
T000037110,463700000006,2025-12-21T06:42:00Z,9.5,m_435,restaurant,29.8468,-123.5404
T000037111,493900000290,2025-12-21T06:51:00Z,29.89,m_261,cash_advance,34.8178,-74.3285
T000037112,425300000079,2025-12-21T07:00:00Z,16.81,m_472,clothing,36.0575,-75.1986
T000037113,434700000262,2025-12-21T07:09:00Z,10.04,m_290,fuel,30.2435,-80.8664
T000037115,420300000182,2025-12-21T07:17:00Z,181.9,m_286,cash_advance,29.2795,-101.6047
T000037116,452800000233,2025-12-21T07:18:00Z,25.52,m_363,cash_advance,35.2125,-73.3699
T000037117,454700000001,2025-12-21T07:18:00Z,13.26,m_423,online,29.5739,-118.1567
T000037118,496400000091,2025-12-21T07:20:00Z,74.33,m_335,entertainment,28.7548,-72.6883
T000037122,462600000282,2025-12-21T07:53:00Z,10.67,m_007,health,45.9513,-88.5122
T000037125,496400000091,2025-12-21T08:01:00Z,43.49,m_409,electronics,27.7736,-73.6425
T000037126,473800000088,2025-12-21T08:01:00Z,17.22,m_580,fuel,49.1162,-99.0768
T000037127,422200000028,2025-12-21T08:06:00Z,31.54,m_706,entertainment,28.6293,-121.3365
T000037129,408300000014,2025-12-21T08:06:00Z,8.77,m_134,online,38.4227,-88.8794
T000037131,423900000113,2025-12-21T08:17:00Z,76.0,m_241,clothing,31.3784,-90.5205
T000037132,410600000115,2025-12-21T08:18:00Z,16.23,m_639,restaurant,27.3118,-84.5734
T000037133,455700000103,2025-12-21T08:20:00Z,18.01,m_564,electronics,26.2701,-90.3441
T000037134,420300000182,2025-12-21T08:23:00Z,41.79,m_077,electronics,30.1469,-97.5804
T000037135,403000000031,2025-12-21T08:26:00Z,14.96,m_001,cash_advance,34.8741,-89.159
T000037136,480500000222,2025-12-21T08:27:00Z,43.97,m_255,grocery,29.3048,-123.1953
T000037137,426700000042,2025-12-21T08:28:00Z,12.81,m_001,electronics,36.2199,-115.3114
T000037138,412500000217,2025-12-21T08:32:00Z,28.82,m_225,health,26.2246,-113.2149
T000037140,421400000107,2025-12-21T08:35:00Z,20.67,m_697,online,40.0952,-112.6886
T000037141,497600000197,2025-12-21T08:38:00Z,18.58,m_576,health,45.2639,-116.8798
T000037142,489800000203,2025-12-21T08:41:00Z,6.6,m_181,grocery,43.1626,-103.0493
T000037145,401300000033,2025-12-21T08:49:00Z,57.37,m_434,health,38.1243,-114.1401
T000037146,401300000033,2025-12-21T09:05:00Z,40.98,m_179,entertainment,38.3748,-114.1174
T000037147,455700000103,2025-12-21T09:06:00Z,15.8,m_008,grocery,26.0243,-90.2396
T000037148,492300000134,2025-12-21T09:10:00Z,25.73,m_374,entertainment,26.076,-102.6755
T000037149,426900000083,2025-12-21T09:11:00Z,32.49,m_122,health,48.3073,-83.4002
T000037150,471000000105,2025-12-21T09:14:00Z,8.28,m_017,clothing,39.365,-93.4874
T000037151,476900000239,2025-12-21T09:15:00Z,32.25,m_364,travel,30.6683,-97.0752
T000037156,498300000053,2025-12-21T09:19:00Z,7.61,m_450,electronics,34.1483,-120.2619
T000037157,485500000183,2025-12-21T09:22:00Z,7.64,m_312,health,34.0146,-73.2742
T000037158,433100000271,2025-12-21T09:26:00Z,19.1,m_775,entertainment,42.5301,-78.9636
T000037159,490700000100,2025-12-21T09:26:00Z,31.72,m_032,fuel,34.2838,-121.552
T000037160,482900000152,2025-12-21T09:30:00Z,7.54,m_250,electronics,44.1175,-96.2698
T000037164,470900000176,2025-12-21T09:42:00Z,16.0,m_419,electronics,45.9876,-81.1034
T000037165,409000000198,2025-12-21T09:44:00Z,17.09,m_250,fuel,47.5457,-81.9219
T000037167,461900000132,2025-12-21T09:47:00Z,12.83,m_237,clothing,38.9587,-97.0477
T000037168,413300000061,2025-12-21T09:48:00Z,6.25,m_700,electronics,34.4076,-80.9989
T000037171,493400000219,2025-12-21T09:51:00Z,14.9,m_110,cash_advance,40.8982,-80.1722
T000037172,426800000149,2025-12-21T09:51:00Z,13.55,m_372,entertainment,29.9046,-118.3205
T000037173,422800000294,2025-12-21T09:51:00Z,47.23,m_211,grocery,41.1148,-117.6395
T000037175,491600000072,2025-12-21T09:52:00Z,33.91,m_342,restaurant,34.7768,-113.8752
T000037176,457400000208,2025-12-21T09:52:00Z,29.37,m_223,restaurant,48.0089,-109.02
T000037177,429300000186,2025-12-21T09:56:00Z,35.32,m_035,entertainment,27.0629,-95.1162
T000037178,405700000064,2025-12-21T09:58:00Z,41.01,m_513,travel,31.4032,-111.9459
T000037179,465400000137,2025-12-21T10:02:00Z,49.98,m_182,online,36.9743,-117.2726
T000037180,413400000129,2025-12-21T10:03:00Z,15.06,m_195,entertainment,43.8561,-76.2476
T000037181,405200000054,2025-12-21T10:05:00Z,42.03,m_519,travel,31.1549,-88.7241
T000037184,492300000241,2025-12-21T10:06:00Z,29.32,m_616,electronics,29.1105,-77.1559
T000037185,462600000282,2025-12-21T10:11:00Z,5.88,m_313,restaurant,45.9485,-88.1491
T000037186,449400000063,2025-12-21T10:12:00Z,29.78,m_436,cash_advance,41.2004,-74.4806
T000037187,421400000107,2025-12-21T10:13:00Z,37.36,m_763,travel,39.9215,-112.7085
T000037189,489800000203,2025-12-21T10:15:00Z,8.94,m_687,fuel,43.3283,-102.621
T000037190,422200000028,2025-12-21T10:17:00Z,39.41,m_172,entertainment,29.9384,-121.8308
T000037191,418600000223,2025-12-21T10:19:00Z,7.24,m_136,health,48.3977,-78.264
T000037192,453000000151,2025-12-21T10:20:00Z,7.88,m_367,fuel,38.6208,-102.6503
T000037193,429300000186,2025-12-21T10:21:00Z,20.32,m_390,fuel,26.2395,-94.324
T000037194,496400000091,2025-12-21T10:27:00Z,24.72,m_411,restaurant,28.3061,-73.3764
T000037195,493100000068,2025-12-21T10:29:00Z,15.47,m_561,cash_advance,33.8159,-91.6371
T000037196,414600000120,2025-12-21T10:32:00Z,58.37,m_025,entertainment,27.5446,-78.8512
T000037199,470900000176,2025-12-21T10:42:00Z,8.43,m_418,electronics,46.3999,-80.4753
T000037200,452800000233,2025-12-21T10:44:00Z,42.45,m_140,cash_advance,34.6368,-72.9528
T000037201,405300000080,2025-12-21T10:49:00Z,43.54,m_116,entertainment,48.0291,-87.7494
T000037202,413400000129,2025-12-21T10:50:00Z,39.54,m_075,clothing,43.7347,-76.0915
T000037203,436300000225,2025-12-21T10:52:00Z,34.2,m_196,travel,45.734,-100.0011
T000037204,443000000144,2025-12-21T10:53:00Z,62.61,m_159,entertainment,30.2102,-78.4204
T000037206,491700000032,2025-12-21T11:01:00Z,21.72,m_661,restaurant,35.2808,-116.1774
T000037207,451600000095,2025-12-21T11:01:00Z,9.76,m_560,online,41.6511,-103.4829
T000037208,448100000292,2025-12-21T11:03:00Z,35.79,m_523,health,32.5807,-94.956
T000037210,447000000194,2025-12-21T11:04:00Z,9.02,m_504,health,35.1898,-81.442
T000037215,467200000059,2025-12-21T11:15:00Z,5.18,m_585,electronics,42.4626,-81.5516
T000037217,421000000277,2025-12-21T11:17:00Z,15.02,m_726,fuel,42.5115,-72.4383
T000037218,459100000090,2025-12-21T11:19:00Z,39.56,m_305,entertainment,40.5968,-81.989
T000037219,492300000134,2025-12-21T11:20:00Z,75.7,m_146,cash_advance,26.2234,-102.7596
T000037220,485100000229,2025-12-21T11:27:00Z,20.62,m_389,clothing,30.2335,-97.2928
T000037221,421500000087,2025-12-21T11:29:00Z,12.25,m_697,clothing,46.8049,-100.7375
T000037222,493400000219,2025-12-21T11:35:00Z,31.15,m_237,electronics,40.8449,-80.3743
T000037223,432500000146,2025-12-21T11:39:00Z,13.23,m_237,travel,27.8864,-115.6096
T000037224,429300000186,2025-12-21T11:47:00Z,27.27,m_751,cash_advance,25.8719,-93.9986
T000037225,464300000022,2025-12-21T11:49:00Z,43.0,m_594,fuel,42.7762,-72.633
T000037226,421500000087,2025-12-21T11:57:00Z,45.01,m_543,clothing,46.0786,-101.7669
T000037227,494800000019,2025-12-21T11:59:00Z,18.55,m_588,clothing,25.3044,-102.0085
T000037228,478700000237,2025-12-21T12:00:00Z,61.76,m_512,entertainment,26.7959,-77.0904
T000037229,413300000061,2025-12-21T12:03:00Z,5.52,m_728,travel,33.8413,-80.1959
T000037230,464300000022,2025-12-21T12:06:00Z,12.62,m_288,entertainment,43.3521,-71.877
T000037231,471700000259,2025-12-21T12:09:00Z,40.74,m_153,electronics,27.6082,-118.3227
T000037232,452500000236,2025-12-21T12:10:00Z,21.89,m_641,fuel,25.9104,-115.9677
T000037233,418600000223,2025-12-21T12:15:00Z,9.4,m_171,restaurant,48.2899,-78.5704
T000037236,413700000240,2025-12-21T12:29:00Z,36.52,m_717,electronics,30.0584,-117.145
T000037237,472500000128,2025-12-21T12:30:00Z,20.42,m_567,restaurant,30.1529,-119.6559
T000037238,434800000074,2025-12-21T12:36:00Z,22.42,m_615,travel,34.6502,-110.7624
T000037239,497300000184,2025-12-21T12:40:00Z,21.23,m_751,fuel,35.2224,-89.3087
T000037241,421500000098,2025-12-21T12:43:00Z,5.8,m_227,entertainment,32.8741,-122.0926
T000037244,402500000268,2025-12-21T12:47:00Z,14.97,m_558,clothing,45.1857,-118.415
T000037245,414100000007,2025-12-21T12:48:00Z,7.01,m_565,electronics,35.7216,-113.8787
T000037246,405200000054,2025-12-21T12:50:00Z,43.53,m_400,cash_advance,31.5889,-88.2155
T000037247,405700000064,2025-12-21T12:52:00Z,124.15,m_465,cash_advance,39.8381,-108.868
T000037248,489200000253,2025-12-21T12:52:00Z,120.23,m_700,online,37.107,-89.336
T000037249,421500000087,2025-12-21T12:59:00Z,16.02,m_686,fuel,45.8357,-100.4195
T000037250,452100000297,2025-12-21T13:00:00Z,13.99,m_563,electronics,26.7279,-84.8888
T000037252,413800000254,2025-12-21T13:05:00Z,23.99,m_095,restaurant,40.0566,-83.3268
T000037253,434700000262,2025-12-21T13:10:00Z,5.53,m_711,health,30.4669,-80.3893
T000037257,477200000076,2025-12-21T13:25:00Z,18.55,m_704,entertainment,42.9435,-77.8045
T000037259,485100000229,2025-12-21T13:30:00Z,27.86,m_666,cash_advance,30.9417,-97.2529
T000037260,470100000147,2025-12-21T13:34:00Z,27.65,m_275,electronics,30.1435,-83.9724
T000037261,423900000113,2025-12-21T13:39:00Z,52.56,m_531,clothing,31.2899,-89.7552
T000037262,493600000141,2025-12-21T13:44:00Z,6.61,m_246,grocery,31.7327,-111.1616
T000037263,413400000129,2025-12-21T13:46:00Z,39.29,m_724,clothing,43.5371,-76.6111
T000037264,441600000097,2025-12-21T13:52:00Z,9.97,m_741,restaurant,28.3477,-116.5669
T000037265,412500000217,2025-12-21T13:53:00Z,27.49,m_521,electronics,26.0788,-113.2138
T000037266,484400000030,2025-12-21T13:55:00Z,38.66,m_267,entertainment,29.57,-73.0383
T000037267,475100000009,2025-12-21T13:56:00Z,12.05,m_540,restaurant,33.0025,-78.7064
T000037268,450800000191,2025-12-21T13:56:00Z,27.04,m_789,grocery,42.9641,-76.1308
T000037269,482900000152,2025-12-21T14:00:00Z,7.0,m_579,cash_advance,43.3486,-96.9462
T000037270,431600000056,2025-12-21T14:03:00Z,23.25,m_556,clothing,45.0788,-84.1384
T000037271,484400000030,2025-12-21T14:04:00Z,28.71,m_177,grocery,29.1364,-73.0772
T000037272,456300000265,2025-12-21T14:04:00Z,23.47,m_072,entertainment,33.9519,-122.2337
T000037273,429200000138,2025-12-21T14:06:00Z,33.18,m_631,cash_advance,41.109,-85.9205
T000037274,442700000200,2025-12-21T14:09:00Z,17.8,m_063,health,43.7362,-95.6446
T000037275,412700000272,2025-12-21T14:11:00Z,38.52,m_795,health,35.5211,-107.5692
T000037276,492300000241,2025-12-21T14:12:00Z,39.67,m_137,online,29.2933,-77.3266
T000037278,473800000088,2025-12-21T14:21:00Z,10.18,m_480,cash_advance,48.2271,-98.8676
T000037281,425300000079,2025-12-21T14:27:00Z,11.24,m_064,electronics,35.9223,-75.9497
T000037282,429200000004,2025-12-21T14:27:00Z,56.15,m_557,electronics,26.2557,-96.5152
T000037283,452500000236,2025-12-21T14:28:00Z,20.53,m_143,clothing,25.3772,-116.449
T000037284,426900000083,2025-12-21T14:30:00Z,17.25,m_194,electronics,47.9087,-82.621
T000037285,412700000272,2025-12-21T14:34:00Z,18.03,m_459,grocery,35.2251,-108.394
T000037286,412700000272,2025-12-21T14:38:00Z,50.62,m_246,electronics,35.2916,-108.3551
T000037287,454700000001,2025-12-21T14:40:00Z,14.27,m_244,entertainment,28.3973,-117.8906
T000037288,419200000035,2025-12-21T14:41:00Z,28.28,m_755,cash_advance,29.9664,-91.7127
T000037290,481700000044,2025-12-21T14:42:00Z,16.79,m_105,restaurant,41.6985,-88.718
T000037291,472500000128,2025-12-21T14:43:00Z,18.64,m_350,travel,29.7997,-119.7619
T000037292,411100000235,2025-12-21T14:44:00Z,27.84,m_562,online,35.389,-118.1131
T000037293,444500000160,2025-12-21T14:45:00Z,21.5,m_476,grocery,28.0498,-82.1534
T000037294,476900000239,2025-12-21T14:47:00Z,33.38,m_568,grocery,31.011,-96.2969
T000037295,462500000168,2025-12-21T14:47:00Z,13.7,m_376,fuel,30.0869,-71.2586
T000037296,459200000077,2025-12-21T14:53:00Z,53.63,m_647,restaurant,34.5208,-106.48
T000037298,402100000075,2025-12-21T14:56:00Z,8.14,m_555,cash_advance,37.9193,-122.9564
T000037299,493100000068,2025-12-21T14:57:00Z,29.65,m_019,fuel,34.1205,-91.3139
T000037300,471000000105,2025-12-21T15:02:00Z,44.53,m_663,travel,39.3905,-94.5701
T000037301,448700000123,2025-12-21T15:11:00Z,41.51,m_150,entertainment,41.2554,-97.9849
T000037302,426900000172,2025-12-21T15:11:00Z,32.51,m_045,restaurant,42.2635,-106.6451
T000037305,429300000186,2025-12-21T15:20:00Z,34.53,m_039,restaurant,26.94,-94.7107
T000037306,427500000040,2025-12-21T15:22:00Z,31.11,m_719,restaurant,26.3223,-87.4802
T000037307,471700000020,2025-12-21T15:26:00Z,19.06,m_463,fuel,45.6444,-90.694
T000037308,466900000159,2025-12-21T15:26:00Z,6.44,m_184,fuel,42.7962,-100.5952
T000037310,421700000058,2025-12-21T15:30:00Z,58.4,m_303,health,43.3506,-82.6811
T000037313,422800000294,2025-12-21T15:35:00Z,44.66,m_059,travel,40.0363,-117.0627
T000037314,467000000279,2025-12-21T15:36:00Z,31.06,m_141,cash_advance,44.451,-107.554
T000037315,432500000146,2025-12-21T15:43:00Z,11.06,m_220,online,26.9455,-116.3852
T000037317,451600000095,2025-12-21T15:50:00Z,20.73,m_209,clothing,40.6283,-103.2529
T000037318,418600000223,2025-12-21T15:52:00Z,7.25,m_200,online,48.7102,-78.57
T000037321,462500000168,2025-12-21T16:09:00Z,15.56,m_504,online,30.6646,-71.721
T000037324,489200000253,2025-12-21T16:17:00Z,54.11,m_381,clothing,37.5014,-89.4909
T000037325,416600000244,2025-12-21T16:22:00Z,30.35,m_498,entertainment,38.1432,-74.0016
T000037328,471700000020,2025-12-21T16:24:00Z,13.59,m_033,health,45.8494,-90.1941
T000037329,403000000031,2025-12-21T16:27:00Z,30.71,m_050,entertainment,35.2412,-89.5982
T000037330,456600000153,2025-12-21T16:27:00Z,35.97,m_750,clothing,36.3622,-111.2504
T000037331,431700000171,2025-12-21T16:28:00Z,26.09,m_430,cash_advance,49.2834,-118.8511
T000037332,478800000067,2025-12-21T16:30:00Z,6.46,m_367,cash_advance,47.3378,-73.0502
T000037334,439700000263,2025-12-21T16:32:00Z,38.93,m_252,health,46.9722,-93.7783
T000037335,454600000047,2025-12-21T16:35:00Z,6.71,m_689,restaurant,42.6825,-97.0935
T000037336,492300000241,2025-12-21T16:36:00Z,25.7,m_112,travel,29.0112,-76.9835
T000037337,471100000081,2025-12-21T16:42:00Z,18.91,m_199,entertainment,39.669,-114.1976
T000037338,452100000297,2025-12-21T16:43:00Z,43.62,m_236,restaurant,26.1048,-84.3235
T000037339,448600000179,2025-12-21T16:44:00Z,6.12,m_538,cash_advance,30.3579,-109.6097
T000037341,462600000282,2025-12-21T16:47:00Z,14.48,m_215,electronics,45.4311,-88.8045
T000037343,422200000028,2025-12-21T16:59:00Z,50.66,m_729,entertainment,29.1306,-121.8928
T000037344,478700000011,2025-12-21T17:03:00Z,112.83,m_218,clothing,46.229,-93.398
T000037346,436700000039,2025-12-21T17:10:00Z,5.35,m_620,electronics,42.4927,-77.4708
T000037347,478200000065,2025-12-21T17:16:00Z,26.82,m_342,fuel,34.0135,-89.2267
T000037348,424900000048,2025-12-21T17:17:00Z,15.67,m_554,health,34.4834,-115.5382
T000037349,492900000216,2025-12-21T17:22:00Z,3.14,m_493,health,35.9513,-71.0471
T000037351,497600000197,2025-12-21T17:23:00Z,9.49,m_451,grocery,44.8729,-116.4127
T000037352,499500000281,2025-12-21T17:28:00Z,12.62,m_436,restaurant,47.8411,-74.9506
T000037353,443800000013,2025-12-21T17:30:00Z,23.06,m_362,fuel,28.8752,-83.2412
T000037354,426900000083,2025-12-21T17:34:00Z,32.53,m_054,health,47.7494,-82.547
T000037355,498000000026,2025-12-21T17:35:00Z,21.9,m_181,entertainment,25.8872,-90.8331
T000037357,499500000281,2025-12-21T17:56:00Z,40.69,m_194,clothing,47.7228,-75.1381
T000037358,432000000185,2025-12-21T17:58:00Z,23.2,m_054,online,41.9397,-83.764
T000037359,453700000255,2025-12-21T18:04:00Z,33.29,m_077,fuel,25.0907,-112.0374
T000037361,467400000299,2025-12-21T18:05:00Z,19.01,m_297,fuel,25.9427,-108.9628
T000037362,426900000083,2025-12-21T18:05:00Z,23.64,m_383,travel,48.3195,-83.6641
T000037363,433100000271,2025-12-21T18:06:00Z,20.84,m_132,electronics,41.9104,-78.4823
T000037364,468700000127,2025-12-21T18:14:00Z,2.91,m_772,grocery,31.3907,-122.3839
T000037366,425100000126,2025-12-21T18:15:00Z,32.06,m_114,health,46.1885,-107.3635
T000037368,426700000042,2025-12-21T18:23:00Z,28.61,m_029,grocery,36.251,-115.6323
T000037369,419900000096,2025-12-21T18:30:00Z,27.53,m_288,fuel,46.3547,-94.831
T000037370,478800000015,2025-12-21T18:33:00Z,26.46,m_452,travel,30.2585,-113.7219
T000037372,421500000087,2025-12-21T18:46:00Z,21.91,m_441,fuel,46.4447,-101.3992
T000037374,412700000272,2025-12-21T18:57:00Z,16.98,m_205,restaurant,35.7082,-107.8819
T000037375,476900000239,2025-12-21T18:59:00Z,44.21,m_670,electronics,30.5753,-96.1556
T000037376,488800000117,2025-12-21T19:00:00Z,38.51,m_300,grocery,35.6361,-104.5524
T000037377,420200000267,2025-12-21T19:01:00Z,17.55,m_272,cash_advance,47.3993,-82.8925
T000037379,448600000179,2025-12-21T19:05:00Z,10.44,m_456,fuel,30.4671,-109.9101
T000037381,481700000044,2025-12-21T19:09:00Z,18.35,m_121,clothing,41.9625,-88.8545
T000037382,433600000269,2025-12-21T19:13:00Z,11.68,m_359,cash_advance,47.9635,-90.0616
T000037383,400900000156,2025-12-21T19:13:00Z,5.61,m_613,fuel,43.116,-106.0407
T000037384,465400000150,2025-12-21T19:14:00Z,12.48,m_077,restaurant,25.6776,-79.225
T000037386,493600000141,2025-12-21T19:17:00Z,9.04,m_249,travel,30.9365,-111.1171
T000037387,468700000127,2025-12-21T19:19:00Z,13.68,m_388,fuel,30.5579,-122.7609
T000037388,460200000124,2025-12-21T19:21:00Z,20.98,m_461,online,47.9768,-74.7706
T000037389,489200000253,2025-12-21T19:25:00Z,47.78,m_634,entertainment,36.5422,-88.8218
T000037391,416600000244,2025-12-21T19:31:00Z,75.76,m_248,grocery,38.1534,-73.5224
T000037392,497600000197,2025-12-21T19:40:00Z,26.54,m_170,travel,45.8884,-116.5425
T000037395,420900000275,2025-12-21T20:09:00Z,26.42,m_232,online,28.9265,-73.5239
T000037396,411600000017,2025-12-21T20:09:00Z,51.6,m_086,cash_advance,38.2294,-86.5427
T000037398,430200000164,2025-12-21T20:24:00Z,43.54,m_579,cash_advance,32.0569,-74.9881
T000037399,465400000150,2025-12-21T20:27:00Z,2.82,m_698,online,26.0929,-77.7868
T000037400,474600000256,2025-12-21T20:31:00Z,11.01,m_444,cash_advance,25.1967,-88.9713
T000037402,493300000296,2025-12-21T20:32:00Z,24.8,m_528,clothing,47.7989,-106.2341
T000037403,491600000072,2025-12-21T20:34:00Z,23.37,m_653,electronics,35.167,-113.6352
T000037404,454700000001,2025-12-21T20:42:00Z,16.32,m_173,fuel,28.3691,-117.2437
T000037405,496400000091,2025-12-21T20:44:00Z,32.55,m_410,entertainment,28.2929,-73.2358
T000037406,468200000221,2025-12-21T20:52:00Z,20.78,m_209,cash_advance,41.1881,-72.133
T000037407,412700000272,2025-12-21T21:04:00Z,84.07,m_688,fuel,34.9757,-107.8997
T000037409,467000000279,2025-12-21T21:21:00Z,24.59,m_430,cash_advance,44.0185,-107.8636
T000037410,425100000250,2025-12-21T22:13:00Z,4.73,m_083,health,33.1284,-98.4758
T000037411,434800000074,2025-12-21T22:16:00Z,3.37,m_204,electronics,35.0983,-109.5398
T000037415,448700000123,2025-12-21T23:07:00Z,30.21,m_053,travel,40.9613,-98.6844
T000037416,493100000068,2025-12-21T23:35:00Z,23.77,m_333,clothing,34.8496,-90.8664
T000037417,421500000098,2025-12-21T23:40:00Z,11.33,m_711,online,31.7777,-121.6009
T000037418,453700000255,2025-12-21T23:46:00Z,8.39,m_533,travel,25.7468,-111.8563
T000037419,494800000019,2025-12-21T23:53:00Z,18.2,m_675,electronics,25.2262,-103.0094
T000037422,492300000241,2025-12-22T00:36:00Z,20.46,m_215,electronics,29.5011,-76.729
T000037423,451600000095,2025-12-22T00:38:00Z,5.82,m_572,travel,41.1231,-102.8173
T000037424,452500000236,2025-12-22T00:42:00Z,7.19,m_673,health,25.9423,-115.9232
T000037426,478700000237,2025-12-22T00:47:00Z,552.17,m_134,cash_advance,30.0255,-82.2739
T000037428,471700000259,2025-12-22T01:01:00Z,29.73,m_157,restaurant,26.001,-118.3614
T000037429,440200000212,2025-12-22T01:13:00Z,22.29,m_493,cash_advance,45.3192,-103.2585
T000037432,450800000191,2025-12-22T01:42:00Z,16.14,m_311,electronics,42.6327,-75.4817
T000037433,440800000163,2025-12-22T01:49:00Z,8.64,m_756,travel,27.7911,-117.7567
T000037436,403900000005,2025-12-22T02:51:00Z,151.62,m_042,electronics,22.3389,-89.6105
T000037437,418600000223,2025-12-22T03:06:00Z,14.0,m_174,cash_advance,48.7572,-78.2196
T000037438,488200000133,2025-12-22T03:35:00Z,27.95,m_074,cash_advance,46.6601,-88.3484
T000037439,450800000191,2025-12-22T03:47:00Z,10.89,m_668,clothing,42.7946,-76.0807
T000037440,411200000218,2025-12-22T03:52:00Z,8.98,m_584,clothing,26.1422,-78.6083
T000037441,421500000098,2025-12-22T04:03:00Z,8.1,m_405,electronics,32.7773,-121.1811
T000037442,498200000023,2025-12-22T04:06:00Z,58.65,m_627,travel,15.8048,-86.3362
T000037443,452800000233,2025-12-22T04:28:00Z,47.26,m_465,travel,35.1162,-72.4971
T000037444,479800000106,2025-12-22T04:31:00Z,6.22,m_047,cash_advance,27.3156,-71.9954
T000037445,492500000154,2025-12-22T04:32:00Z,14.75,m_087,electronics,30.1512,-111.4082
T000037446,463700000006,2025-12-22T04:53:00Z,14.0,m_022,online,29.7815,-122.6162
T000037447,468600000099,2025-12-22T04:55:00Z,5.13,m_486,electronics,37.6588,-73.9124
T000037450,426900000083,2025-12-22T05:20:00Z,19.54,m_725,travel,47.7126,-82.9554
T000037454,416000000196,2025-12-22T05:52:00Z,15.53,m_453,cash_advance,27.6141,-114.0294
T000037455,410600000115,2025-12-22T05:54:00Z,32.69,m_265,electronics,26.7365,-84.5544
T000037456,413700000240,2025-12-22T06:07:00Z,16.3,m_177,entertainment,30.3199,-117.4689
T000037457,457400000208,2025-12-22T06:10:00Z,44.8,m_113,entertainment,47.387,-108.6028
T000037458,412700000272,2025-12-22T06:17:00Z,54.57,m_284,health,35.2085,-107.5481
T000037459,414600000120,2025-12-22T06:24:00Z,86.88,m_454,restaurant,27.7833,-78.6822
T000037461,449300000066,2025-12-22T06:37:00Z,12.46,m_397,fuel,33.8011,-91.3465
T000037463,412700000272,2025-12-22T06:45:00Z,42.01,m_743,cash_advance,35.1842,-108.58
T000037464,419900000096,2025-12-22T07:11:00Z,26.0,m_430,electronics,46.4439,-95.0189
T000037465,400900000156,2025-12-22T07:16:00Z,4.72,m_566,entertainment,42.7866,-106.331
T000037466,432200000285,2025-12-22T07:18:00Z,16.62,m_533,grocery,41.9219,-113.3276
T000037467,488800000117,2025-12-22T07:26:00Z,31.45,m_735,electronics,35.555,-105.0242
T000037468,418900000158,2025-12-22T07:35:00Z,16.45,m_404,restaurant,31.2604,-107.4531
T000037469,498200000023,2025-12-22T07:41:00Z,15.17,m_262,clothing,24.6155,-85.7308
T000037471,492300000134,2025-12-22T07:48:00Z,29.03,m_540,restaurant,26.1737,-103.2693
T000037472,471100000081,2025-12-22T08:09:00Z,9.85,m_274,cash_advance,39.4874,-113.5342
T000037473,430300000145,2025-12-22T08:11:00Z,7.43,m_385,grocery,26.2355,-103.6332
T000037474,498200000023,2025-12-22T08:16:00Z,31.27,m_269,online,25.617,-85.7953
T000037475,412500000217,2025-12-22T08:18:00Z,19.82,m_375,health,26.6292,-113.2225
T000037476,430200000164,2025-12-22T08:22:00Z,41.74,m_072,health,32.2384,-75.9269
T000037477,467400000299,2025-12-22T08:23:00Z,57.35,m_718,restaurant,25.7102,-109.1856
T000037478,416600000244,2025-12-22T08:23:00Z,29.73,m_011,entertainment,37.724,-72.5021
T000037479,492500000154,2025-12-22T08:25:00Z,13.5,m_069,fuel,30.1517,-112.1255
T000037480,443900000180,2025-12-22T08:25:00Z,88.93,m_447,online,41.7497,-81.6231
T000037482,400900000156,2025-12-22T08:30:00Z,24.26,m_011,cash_advance,43.1736,-106.459
T000037483,419900000096,2025-12-22T08:40:00Z,14.96,m_623,clothing,46.0866,-95.7451
T000037484,476900000239,2025-12-22T08:43:00Z,26.69,m_718,entertainment,30.8247,-96.2917
T000037486,421500000087,2025-12-22T08:47:00Z,13.78,m_196,fuel,47.1986,-101.0519
T000037487,471700000259,2025-12-22T08:49:00Z,31.46,m_423,electronics,27.0545,-118.2274
T000037488,407400000227,2025-12-22T08:53:00Z,5.52,m_160,entertainment,34.2695,-84.1884
T000037489,420300000182,2025-12-22T08:53:00Z,22.07,m_295,online,30.771,-97.1207
T000037491,494800000228,2025-12-22T08:55:00Z,38.72,m_158,fuel,26.014,-87.0942
T000037493,463700000291,2025-12-22T09:06:00Z,11.84,m_541,grocery,37.8544,-84.5029
T000037494,482600000050,2025-12-22T09:13:00Z,67.79,m_490,health,37.7548,-76.6928
T000037496,465400000150,2025-12-22T09:15:00Z,2.54,m_752,fuel,26.1202,-77.9992
T000037497,476900000239,2025-12-22T09:18:00Z,28.94,m_205,travel,31.7934,-96.146
T000037498,492800000125,2025-12-22T09:22:00Z,14.51,m_144,fuel,44.6778,-89.5759
T000037500,464300000022,2025-12-22T09:42:00Z,8.56,m_586,restaurant,43.0514,-72.2849
T000037501,479800000010,2025-12-22T09:43:00Z,13.97,m_009,clothing,37.0169,-117.7532
T000037502,429300000186,2025-12-22T09:45:00Z,42.85,m_580,entertainment,26.0703,-94.4402
T000037503,498000000026,2025-12-22T09:45:00Z,107.08,m_516,electronics,27.0693,-90.7318
T000037504,449200000177,2025-12-22T09:46:00Z,23.74,m_260,clothing,31.528,-117.6915
T000037505,449300000066,2025-12-22T09:54:00Z,15.51,m_255,entertainment,34.8546,-92.3849
T000037506,499500000281,2025-12-22T10:02:00Z,9.11,m_118,fuel,47.5644,-75.2215
T000037509,458800000284,2025-12-22T10:11:00Z,29.51,m_498,electronics,39.4992,-96.154
T000037510,474600000256,2025-12-22T10:12:00Z,18.87,m_422,grocery,25.6663,-89.0174
T000037512,493900000290,2025-12-22T10:13:00Z,13.63,m_729,clothing,34.1598,-74.4186
T000037514,419900000096,2025-12-22T10:24:00Z,57.15,m_627,cash_advance,46.6226,-95.5121
T000037515,474600000256,2025-12-22T10:27:00Z,16.93,m_107,fuel,25.3181,-88.9153
T000037516,448100000292,2025-12-22T10:27:00Z,15.51,m_405,electronics,32.2658,-93.9526
T000037519,475100000009,2025-12-22T10:48:00Z,34.49,m_420,fuel,33.0188,-78.6987
T000037520,427000000130,2025-12-22T10:50:00Z,20.28,m_667,travel,40.4738,-100.8078
T000037521,491700000073,2025-12-22T10:51:00Z,40.86,m_591,restaurant,29.9894,-85.3722
T000037522,449300000066,2025-12-22T10:52:00Z,17.89,m_485,entertainment,34.6074,-92.2362
T000037524,413400000129,2025-12-22T10:54:00Z,13.36,m_434,health,44.268,-75.7779
T000037529,492500000154,2025-12-22T11:00:00Z,11.5,m_445,cash_advance,30.3471,-112.7379
T000037530,431600000056,2025-12-22T11:06:00Z,24.81,m_716,restaurant,45.3648,-83.6784
T000037531,403900000005,2025-12-22T11:08:00Z,18.21,m_327,clothing,26.7822,-89.436
T000037532,405700000064,2025-12-22T11:10:00Z,10.94,m_141,restaurant,31.7414,-112.2968
T000037533,497300000184,2025-12-22T11:11:00Z,54.04,m_349,online,35.1457,-89.8466
T000037534,434700000262,2025-12-22T11:21:00Z,13.43,m_731,grocery,30.3743,-80.4428
T000037535,460200000201,2025-12-22T11:21:00Z,55.17,m_043,restaurant,45.0024,-77.5376
T000037536,497600000197,2025-12-22T11:22:00Z,11.02,m_353,cash_advance,44.1009,-117.2837
T000037538,421500000087,2025-12-22T11:23:00Z,65.19,m_575,health,45.9884,-100.8286
T000037539,421400000107,2025-12-22T11:27:00Z,34.36,m_321,travel,39.3716,-112.5584
T000037542,494800000228,2025-12-22T11:36:00Z,48.88,m_600,fuel,25.2191,-86.9095
T000037544,416600000244,2025-12-22T11:40:00Z,37.68,m_370,online,37.7231,-73.5948
T000037546,461900000132,2025-12-22T11:41:00Z,7.62,m_526,travel,39.5264,-96.5996
T000037547,464600000139,2025-12-22T11:44:00Z,46.59,m_253,travel,40.7372,-84.8226
T000037549,471000000105,2025-12-22T11:45:00Z,22.78,m_103,electronics,39.2091,-94.1554
T000037550,440200000212,2025-12-22T11:48:00Z,37.58,m_573,entertainment,44.9174,-103.3508
T000037552,427500000040,2025-12-22T12:03:00Z,31.28,m_292,clothing,25.5128,-86.5851
T000037554,485300000175,2025-12-22T12:06:00Z,7.78,m_191,travel,37.3054,-92.1001
T000037555,463700000006,2025-12-22T12:09:00Z,11.94,m_509,restaurant,29.6928,-123.3308
T000037556,471100000298,2025-12-22T12:15:00Z,18.99,m_521,restaurant,46.0137,-86.2136
T000037557,431600000056,2025-12-22T12:17:00Z,11.15,m_275,entertainment,45.7832,-83.8743
T000037559,426800000149,2025-12-22T12:20:00Z,62.14,m_021,entertainment,30.8615,-118.0635
T000037560,426700000042,2025-12-22T12:26:00Z,23.92,m_661,travel,35.5378,-115.6395
T000037563,443800000013,2025-12-22T12:34:00Z,15.22,m_214,clothing,28.8057,-82.9502
T000037565,432500000036,2025-12-22T12:46:00Z,4.93,m_604,electronics,39.2051,-119.364
T000037566,490100000041,2025-12-22T12:47:00Z,14.11,m_718,electronics,36.4971,-90.0979
T000037567,454700000001,2025-12-22T12:48:00Z,11.45,m_316,entertainment,28.6085,-118.1252
T000037568,403900000005,2025-12-22T13:03:00Z,15.27,m_598,clothing,27.7824,-90.0201
T000037569,472500000128,2025-12-22T13:06:00Z,9.16,m_652,clothing,30.7063,-118.9034
T000037570,497300000184,2025-12-22T13:09:00Z,18.62,m_424,grocery,34.6726,-90.0437
T000037571,422200000028,2025-12-22T13:18:00Z,28.64,m_136,online,28.8383,-121.8815
T000037572,426800000261,2025-12-22T13:18:00Z,13.78,m_514,entertainment,31.3422,-112.3193
T000037575,498300000053,2025-12-22T13:22:00Z,15.86,m_655,restaurant,33.8532,-120.5376
T000037576,403000000031,2025-12-22T13:25:00Z,9.95,m_204,fuel,35.5448,-88.8272
T000037577,473800000088,2025-12-22T13:26:00Z,15.58,m_563,health,48.9797,-99.4877
T000037579,431800000140,2025-12-22T13:33:00Z,10.85,m_025,restaurant,47.5087,-96.5871
T000037580,485300000175,2025-12-22T13:33:00Z,8.99,m_732,fuel,36.7061,-93.0103
T000037581,442200000037,2025-12-22T13:33:00Z,13.77,m_241,grocery,33.8268,-106.7815
T000037582,444800000104,2025-12-22T13:36:00Z,25.34,m_433,electronics,41.7429,-77.5787
T000037583,400900000156,2025-12-22T13:38:00Z,16.01,m_091,grocery,42.9672,-106.3681
T000037584,493400000219,2025-12-22T13:40:00Z,9.18,m_091,health,41.6105,-79.621
T000037587,492500000154,2025-12-22T13:59:00Z,17.01,m_487,clothing,30.4864,-111.2638
T000037588,459100000090,2025-12-22T14:02:00Z,15.92,m_165,grocery,41.0076,-82.4792
T000037589,411200000218,2025-12-22T14:06:00Z,6.12,m_479,electronics,26.2544,-77.7522
T000037590,439700000263,2025-12-22T14:08:00Z,43.13,m_204,electronics,46.2356,-93.9827
T000037592,482000000288,2025-12-22T14:14:00Z,28.55,m_585,grocery,36.6492,-105.8591
T000037593,405700000064,2025-12-22T14:15:00Z,18.61,m_291,entertainment,31.2807,-111.6652
T000037594,441600000097,2025-12-22T14:16:00Z,17.48,m_442,restaurant,27.4232,-117.2219
T000037596,493600000274,2025-12-22T14:23:00Z,12.95,m_665,health,27.0119,-73.2175
T000037597,407400000227,2025-12-22T14:27:00Z,11.14,m_245,cash_advance,35.0426,-84.6917
T000037598,482900000152,2025-12-22T14:27:00Z,25.88,m_297,clothing,43.7364,-96.4571
T000037599,444500000160,2025-12-22T14:28:00Z,23.1,m_733,fuel,28.7318,-81.0112
T000037600,499500000281,2025-12-22T14:31:00Z,5.95,m_531,grocery,47.6019,-74.7185
T000037601,436700000039,2025-12-22T14:33:00Z,10.33,m_681,grocery,42.3604,-77.4848
T000037604,432000000185,2025-12-22T14:42:00Z,15.27,m_713,clothing,41.9222,-82.9739
T000037605,483100000286,2025-12-22T14:42:00Z,54.8,m_665,cash_advance,35.5106,-74.6577
T000037607,490700000100,2025-12-22T14:50:00Z,38.56,m_440,travel,34.2995,-121.6428
T000037608,413700000266,2025-12-22T14:52:00Z,45.06,m_354,travel,30.6448,-116.9861
T000037609,452100000297,2025-12-22T15:02:00Z,32.07,m_248,restaurant,26.2912,-84.3962
T000037610,409000000198,2025-12-22T15:04:00Z,13.65,m_162,clothing,47.6405,-80.997
T000037611,477200000076,2025-12-22T15:04:00Z,10.14,m_500,clothing,42.5097,-77.8484
T000037613,430200000164,2025-12-22T15:16:00Z,65.34,m_546,entertainment,31.3456,-75.0764
T000037614,490700000100,2025-12-22T15:17:00Z,40.1,m_516,online,33.5812,-121.5449
T000037615,423900000113,2025-12-22T15:18:00Z,42.68,m_022,fuel,31.455,-91.4461
T000037616,491700000073,2025-12-22T15:19:00Z,22.85,m_118,clothing,29.6261,-84.6572
T000037617,467200000059,2025-12-22T15:20:00Z,12.74,m_305,electronics,42.5302,-81.5733
T000037618,450800000191,2025-12-22T15:29:00Z,14.68,m_239,travel,42.4053,-76.3192
T000037619,492900000216,2025-12-22T15:33:00Z,12.53,m_118,grocery,35.0474,-71.2256
T000037620,471700000020,2025-12-22T15:34:00Z,9.24,m_523,fuel,45.7461,-90.5349
T000037621,493600000274,2025-12-22T15:34:00Z,21.13,m_416,grocery,26.2608,-73.3169
T000037622,471100000298,2025-12-22T15:49:00Z,14.54,m_093,fuel,46.2683,-85.4265
T000037623,496700000238,2025-12-22T15:52:00Z,15.6,m_250,cash_advance,25.5429,-103.8729
T000037624,451600000095,2025-12-22T15:54:00Z,9.42,m_314,grocery,41.3931,-102.1656
T000037625,420200000231,2025-12-22T15:59:00Z,12.08,m_249,health,27.7246,-115.4098
T000037627,429300000186,2025-12-22T16:07:00Z,86.92,m_016,electronics,26.7561,-94.802
T000037628,419900000096,2025-12-22T16:10:00Z,34.74,m_795,entertainment,46.3069,-95.1279
T000037629,416000000196,2025-12-22T16:14:00Z,36.86,m_213,fuel,27.9248,-113.7858
T000037630,405300000080,2025-12-22T16:17:00Z,62.86,m_740,travel,47.482,-87.2016
T000037633,480500000222,2025-12-22T16:29:00Z,76.77,m_050,health,28.6378,-122.6492
T000037634,443900000180,2025-12-22T16:30:00Z,8.13,m_711,grocery,45.5556,-76.5849
T000037635,432000000185,2025-12-22T16:31:00Z,22.9,m_401,travel,41.3892,-82.7702
T000037636,494800000019,2025-12-22T16:32:00Z,15.56,m_516,entertainment,25.76,-103.3172
T000037637,493400000219,2025-12-22T16:58:00Z,10.07,m_749,clothing,41.1099,-80.4792
T000037638,467200000059,2025-12-22T16:58:00Z,10.61,m_496,health,43.0591,-82.121
T000037639,456300000265,2025-12-22T17:01:00Z,18.52,m_744,fuel,34.4766,-122.6652
T000037640,426900000172,2025-12-22T17:01:00Z,39.14,m_741,health,42.1706,-107.6898
T000037641,489200000253,2025-12-22T17:03:00Z,46.61,m_315,clothing,37.0783,-89.6505
T000037642,436200000283,2025-12-22T17:04:00Z,31.7,m_368,restaurant,31.987,-117.7678
T000037643,403300000018,2025-12-22T17:06:00Z,145.71,m_454,fuel,29.8424,-79.01
T000037646,410600000115,2025-12-22T17:35:00Z,46.82,m_024,grocery,26.3869,-84.329
T000037649,416000000196,2025-12-22T17:44:00Z,29.49,m_105,grocery,27.0074,-113.8155
T000037650,457400000208,2025-12-22T17:46:00Z,37.62,m_518,online,47.8803,-107.9159
T000037651,476900000239,2025-12-22T17:56:00Z,247.82,m_368,travel,27.7507,-96.7693
T000037652,448100000292,2025-12-22T17:58:00Z,17.2,m_765,cash_advance,32.9695,-94.9523
T000037654,499500000281,2025-12-22T18:01:00Z,8.57,m_119,fuel,46.6714,-75.2034
T000037655,497300000184,2025-12-22T18:02:00Z,27.49,m_759,online,35.363,-89.6824
T000037656,482300000206,2025-12-22T18:03:00Z,57.08,m_486,restaurant,38.2156,-78.9707
T000037657,448100000292,2025-12-22T18:07:00Z,13.49,m_636,health,32.5003,-93.6795
T000037658,418900000158,2025-12-22T18:13:00Z,12.64,m_139,grocery,31.2653,-108.1626
T000037659,490400000207,2025-12-22T18:15:00Z,8.96,m_165,online,38.9339,-121.9347
T000037660,426900000083,2025-12-22T18:15:00Z,39.35,m_682,grocery,47.9631,-82.5944
T000037661,436300000225,2025-12-22T18:21:00Z,40.64,m_063,fuel,45.6252,-100.4989
T000037664,427500000040,2025-12-22T18:34:00Z,29.95,m_284,travel,26.5003,-86.39
T000037665,458800000284,2025-12-22T18:37:00Z,44.76,m_724,entertainment,38.6849,-95.7963
T000037667,432500000036,2025-12-22T18:54:00Z,4.1,m_070,restaurant,39.4483,-119.9943
T000037668,413700000266,2025-12-22T18:54:00Z,17.61,m_435,online,30.8074,-116.5849
T000037669,488800000117,2025-12-22T18:59:00Z,46.26,m_720,restaurant,35.9165,-105.0087
T000037670,440800000163,2025-12-22T19:02:00Z,11.04,m_015,grocery,28.1713,-117.4296
T000037671,426900000083,2025-12-22T19:04:00Z,69.22,m_203,cash_advance,47.0809,-82.7581
T000037672,444800000104,2025-12-22T19:08:00Z,16.64,m_061,electronics,41.2567,-78.2321
T000037673,421500000098,2025-12-22T19:08:00Z,5.5,m_673,restaurant,32.8508,-121.4128
T000037674,432200000285,2025-12-22T19:09:00Z,17.85,m_170,fuel,41.941,-113.9513
T000037675,430200000164,2025-12-22T19:09:00Z,156.52,m_467,cash_advance,31.5864,-75.5869
T000037676,448600000179,2025-12-22T19:15:00Z,18.71,m_220,health,31.7827,-109.1899
T000037677,448600000179,2025-12-22T19:24:00Z,24.69,m_063,entertainment,30.9324,-109.5533
T000037678,436500000043,2025-12-22T19:25:00Z,18.32,m_275,fuel,35.1157,-110.9316
T000037680,498000000026,2025-12-22T19:33:00Z,50.99,m_302,electronics,26.7484,-90.4977
T000037681,432500000036,2025-12-22T19:34:00Z,11.26,m_540,electronics,39.3986,-119.6015
T000037683,485100000229,2025-12-22T19:45:00Z,9.6,m_244,online,31.22,-97.0547
T000037684,479800000106,2025-12-22T19:49:00Z,28.24,m_676,online,27.6748,-71.1153
T000037686,492800000125,2025-12-22T19:51:00Z,43.06,m_368,fuel,44.359,-88.9971
T000037687,493400000219,2025-12-22T19:59:00Z,15.68,m_048,electronics,40.2383,-80.01
T000037688,496700000238,2025-12-22T20:02:00Z,5.08,m_318,travel,25.7834,-103.6962
T000037689,429200000138,2025-12-22T20:04:00Z,50.39,m_584,restaurant,40.0223,-86.516
T000037690,460200000124,2025-12-22T20:05:00Z,16.83,m_590,clothing,47.7275,-74.6389
T000037691,434700000262,2025-12-22T20:07:00Z,6.25,m_189,clothing,30.6265,-80.6873
T000037693,499500000281,2025-12-22T20:09:00Z,38.79,m_705,electronics,47.1044,-74.679
T000037694,477200000076,2025-12-22T20:12:00Z,49.39,m_058,electronics,43.6379,-77.6315
T000037696,463700000291,2025-12-22T20:17:00Z,29.48,m_239,cash_advance,37.9906,-84.998
T000037698,405700000064,2025-12-22T20:20:00Z,17.97,m_111,cash_advance,31.242,-112.3727
T000037700,432500000146,2025-12-22T20:28:00Z,10.61,m_707,electronics,27.2971,-115.8211
T000037701,470100000147,2025-12-22T20:37:00Z,7.81,m_120,restaurant,29.9694,-83.4796
T000037703,496700000238,2025-12-22T20:40:00Z,16.31,m_384,grocery,25.1279,-103.3085
T000037704,478500000258,2025-12-22T20:40:00Z,34.62,m_611,online,47.0199,-84.2895
T000037708,403700000193,2025-12-22T20:49:00Z,26.5,m_195,clothing,32.0849,-104.5258
T000037709,411200000218,2025-12-22T20:53:00Z,20.87,m_071,entertainment,25.7064,-77.6274
T000037710,491300000082,2025-12-22T20:54:00Z,30.83,m_278,restaurant,40.4972,-105.54
T000037711,497000000024,2025-12-22T20:55:00Z,31.78,m_105,electronics,35.5721,-97.1027
T000037712,432500000146,2025-12-22T20:56:00Z,11.28,m_154,grocery,26.8484,-116.5494
T000037713,436500000043,2025-12-22T21:08:00Z,52.29,m_044,online,35.291,-110.5671
T000037714,452800000233,2025-12-22T21:20:00Z,49.25,m_620,health,35.6801,-72.7581
T000037715,436200000283,2025-12-22T21:51:00Z,27.39,m_455,travel,32.627,-118.774
T000037716,449300000066,2025-12-22T21:54:00Z,17.52,m_209,restaurant,35.0371,-92.1344
T000037717,427500000040,2025-12-22T22:01:00Z,22.23,m_168,cash_advance,26.0665,-85.1591
T000037718,410600000115,2025-12-22T22:04:00Z,59.44,m_483,cash_advance,26.4016,-84.6352
T000037720,421200000102,2025-12-22T22:18:00Z,17.08,m_179,health,40.6183,-116.2636
T000037722,454900000187,2025-12-22T22:41:00Z,7.46,m_058,grocery,42.0748,-111.0352
T000037723,488800000117,2025-12-22T22:54:00Z,83.45,m_062,cash_advance,35.6961,-105.178
T000037724,467000000279,2025-12-22T22:55:00Z,37.09,m_007,cash_advance,44.9534,-108.1861
T000037725,420200000267,2025-12-22T22:58:00Z,121.0,m_290,travel,46.9296,-81.8371
T000037726,477200000076,2025-12-22T23:25:00Z,35.83,m_233,clothing,42.6872,-77.6556
T000037728,489800000203,2025-12-23T00:04:00Z,6.01,m_199,online,42.8618,-102.8997
T000037729,443800000013,2025-12-23T00:05:00Z,8.46,m_633,online,28.6936,-83.4169
T000037731,491600000072,2025-12-23T00:51:00Z,46.35,m_435,fuel,34.3911,-113.6659
T000037732,471100000081,2025-12-23T01:01:00Z,21.29,m_542,online,39.7847,-114.1494
T000037733,415300000169,2025-12-23T01:06:00Z,22.38,m_207,travel,36.1464,-116.8086
T000037734,476900000239,2025-12-23T01:12:00Z,20.79,m_056,online,30.7716,-96.3987
T000037735,421400000107,2025-12-23T01:49:00Z,39.53,m_393,fuel,40.0621,-112.9351
T000037738,493600000141,2025-12-23T02:07:00Z,8.31,m_558,online,31.2349,-111.3168
T000037739,415300000169,2025-12-23T02:10:00Z,18.35,m_032,online,35.4049,-116.0095
T000037741,496700000238,2025-12-23T02:21:00Z,15.15,m_651,health,25.1457,-103.4628
T000037742,461900000132,2025-12-23T02:21:00Z,14.1,m_773,travel,39.7569,-96.3598
T000037746,471000000105,2025-12-23T03:14:00Z,17.25,m_198,entertainment,39.563,-94.6247
T000037747,424900000048,2025-12-23T03:16:00Z,15.22,m_438,electronics,35.2481,-116.0323
T000037750,489200000253,2025-12-23T03:46:00Z,30.7,m_487,fuel,36.9515,-89.5048
T000037751,426800000261,2025-12-23T03:51:00Z,14.37,m_282,entertainment,31.3781,-113.1125
T000037753,436300000225,2025-12-23T03:58:00Z,21.92,m_741,entertainment,45.5095,-101.9177
T000037754,459200000077,2025-12-23T04:00:00Z,74.1,m_450,online,29.2239,-107.546
T000037755,403700000193,2025-12-23T04:40:00Z,6.55,m_095,restaurant,31.6457,-104.7053
T000037757,419200000035,2025-12-23T04:46:00Z,32.52,m_174,clothing,29.9602,-91.6933
T000037758,440800000163,2025-12-23T05:09:00Z,13.87,m_677,cash_advance,27.2962,-117.8672
T000037759,425100000250,2025-12-23T05:10:00Z,19.46,m_500,restaurant,33.0049,-99.2883
T000037760,436200000283,2025-12-23T05:14:00Z,12.77,m_026,grocery,31.55,-117.5579
T000037762,492500000154,2025-12-23T05:25:00Z,13.29,m_329,travel,30.4808,-112.0934
T000037764,427000000130,2025-12-23T05:55:00Z,5.97,m_681,grocery,40.5075,-100.4287
T000037767,400900000156,2025-12-23T06:18:00Z,8.34,m_527,clothing,43.822,-106.3753
T000037768,402100000075,2025-12-23T06:52:00Z,5.2,m_589,fuel,38.1729,-122.1957
T000037770,498000000209,2025-12-23T07:08:00Z,5.11,m_091,travel,43.3766,-88.6307
T000037771,404400000000,2025-12-23T07:09:00Z,47.57,m_027,cash_advance,45.9616,-74.9726
T000037772,411600000017,2025-12-23T07:16:00Z,45.57,m_213,electronics,38.0359,-86.8764
T000037775,484400000030,2025-12-23T07:33:00Z,25.04,m_599,entertainment,29.6688,-73.5654
T000037776,473800000088,2025-12-23T07:41:00Z,27.39,m_280,cash_advance,48.1191,-99.2587
T000037777,467000000279,2025-12-23T07:52:00Z,12.13,m_575,online,45.351,-107.9424
T000037778,485500000183,2025-12-23T07:57:00Z,13.6,m_416,travel,34.0498,-73.2686
T000037779,435100000025,2025-12-23T08:02:00Z,6.25,m_423,cash_advance,33.7433,-101.515
T000037780,460200000124,2025-12-23T08:06:00Z,34.24,m_396,clothing,48.0506,-74.7942
T000037782,409000000198,2025-12-23T08:11:00Z,24.32,m_348,health,47.1573,-80.4947
T000037783,473300000089,2025-12-23T08:17:00Z,7.89,m_695,grocery,38.9927,-74.5705
T000037784,489800000203,2025-12-23T08:23:00Z,7.49,m_056,grocery,43.2924,-102.5469
T000037785,432500000036,2025-12-23T08:29:00Z,8.9,m_660,grocery,38.9695,-119.4216
T000037786,460200000124,2025-12-23T08:32:00Z,24.03,m_144,health,48.5627,-75.0997
T000037787,460200000124,2025-12-23T08:32:00Z,59.66,m_177,travel,47.6531,-75.253
T000037788,421500000098,2025-12-23T08:32:00Z,5.63,m_605,travel,32.047,-121.6189
T000037789,465400000150,2025-12-23T08:33:00Z,9.15,m_397,clothing,26.3255,-77.5082
T000037790,422200000028,2025-12-23T08:35:00Z,25.72,m_075,restaurant,28.3726,-121.7997
T000037791,408300000014,2025-12-23T08:46:00Z,6.44,m_578,online,38.9649,-88.4273
T000037792,429200000004,2025-12-23T08:49:00Z,109.48,m_782,cash_advance,25.9766,-95.4705
T000037793,434500000161,2025-12-23T08:49:00Z,5.83,m_042,entertainment,36.6221,-88.2747
T000037795,467700000148,2025-12-23T08:53:00Z,14.2,m_718,grocery,33.6853,-73.01
T000037796,410600000115,2025-12-23T08:54:00Z,17.21,m_716,restaurant,26.8875,-84.9546
T000037798,465400000150,2025-12-23T08:58:00Z,4.44,m_782,online,25.5367,-77.8275
T000037799,430300000145,2025-12-23T08:58:00Z,10.8,m_578,restaurant,26.2577,-103.3492
T000037800,403300000018,2025-12-23T09:00:00Z,84.05,m_096,cash_advance,29.5847,-78.9114
T000037801,424900000048,2025-12-23T09:00:00Z,15.61,m_748,fuel,36.1882,-115.6792
T000037802,455700000103,2025-12-23T09:02:00Z,14.21,m_331,entertainment,25.9814,-90.0804
T000037803,420900000275,2025-12-23T09:03:00Z,42.26,m_068,grocery,28.9157,-73.5323
T000037804,429300000186,2025-12-23T09:07:00Z,72.21,m_046,fuel,26.298,-95.1865
T000037806,465400000150,2025-12-23T09:10:00Z,9.25,m_558,grocery,25.8894,-78.8531
T000037809,421500000098,2025-12-23T09:16:00Z,4.59,m_656,electronics,32.0719,-122.87
T000037810,424900000048,2025-12-23T09:16:00Z,20.82,m_781,entertainment,34.5454,-115.3247
T000037811,430300000145,2025-12-23T09:19:00Z,13.69,m_311,health,26.028,-103.0263
T000037812,471000000105,2025-12-23T09:21:00Z,21.86,m_315,grocery,39.0408,-94.4114
T000037814,414600000120,2025-12-23T09:24:00Z,33.45,m_478,entertainment,27.8085,-79.506
T000037816,404400000000,2025-12-23T09:29:00Z,14.23,m_278,travel,46.0319,-75.6311
T000037817,403900000005,2025-12-23T09:32:00Z,7.52,m_094,clothing,26.581,-90.1869
T000037819,494000000016,2025-12-23T09:39:00Z,57.5,m_478,travel,39.3865,-112.623
T000037820,468600000099,2025-12-23T09:44:00Z,5.45,m_656,entertainment,37.4503,-73.5449
T000037821,433600000269,2025-12-23T09:46:00Z,9.41,m_172,fuel,48.7694,-89.1517
T000037822,422800000294,2025-12-23T09:47:00Z,24.91,m_693,travel,39.6362,-116.4758
T000037824,419200000035,2025-12-23T09:49:00Z,31.3,m_730,fuel,29.6441,-91.6762
T000037825,482300000206,2025-12-23T09:49:00Z,49.17,m_522,health,36.9565,-79.629
T000037827,460200000124,2025-12-23T09:54:00Z,35.11,m_168,travel,48.4152,-74.9983
T000037830,431800000140,2025-12-23T09:57:00Z,39.34,m_197,travel,47.2898,-96.9046
T000037831,456300000265,2025-12-23T09:58:00Z,44.88,m_621,fuel,34.3244,-122.5377
T000037832,416000000196,2025-12-23T09:59:00Z,17.88,m_442,health,27.4266,-113.6175
T000037833,471000000105,2025-12-23T10:01:00Z,29.08,m_702,travel,39.3715,-93.829
T000037837,493600000141,2025-12-23T10:07:00Z,5.06,m_548,entertainment,31.6926,-111.5936
T000037838,431800000140,2025-12-23T10:07:00Z,13.7,m_047,fuel,48.3614,-97.3846
T000037839,436500000043,2025-12-23T10:12:00Z,40.6,m_168,fuel,34.8978,-110.2145
T000037842,493600000274,2025-12-23T10:25:00Z,5.09,m_594,cash_advance,26.3051,-73.4514
T000037843,403400000178,2025-12-23T10:26:00Z,12.81,m_295,health,26.627,-113.366
T000037844,418900000158,2025-12-23T10:27:00Z,20.5,m_220,restaurant,30.9821,-108.6495
T000037845,478800000015,2025-12-23T10:37:00Z,33.98,m_756,restaurant,29.7419,-112.6762
T000037849,488200000133,2025-12-23T11:00:00Z,9.55,m_249,health,46.0736,-88.1259
T000037851,413300000061,2025-12-23T11:04:00Z,4.17,m_654,travel,34.3513,-80.636
T000037852,432500000146,2025-12-23T11:06:00Z,8.02,m_344,travel,26.2652,-116.1689
T000037853,413800000254,2025-12-23T11:11:00Z,40.66,m_184,health,40.0645,-83.9369
T000037854,465400000150,2025-12-23T11:24:00Z,11.63,m_742,health,25.6734,-77.9313
T000037855,440800000163,2025-12-23T11:26:00Z,7.55,m_084,cash_advance,28.2042,-117.591
T000037856,436200000283,2025-12-23T11:28:00Z,19.75,m_079,health,31.2943,-117.9388
T000037859,477200000076,2025-12-23T11:39:00Z,61.71,m_549,health,43.1145,-77.6503
T000037860,433600000269,2025-12-23T11:43:00Z,4.91,m_072,fuel,48.0872,-89.788
T000037861,430300000145,2025-12-23T11:44:00Z,19.78,m_798,electronics,26.4728,-103.2239
T000037864,492900000216,2025-12-23T11:46:00Z,11.4,m_338,cash_advance,35.4661,-70.8066
T000037862,460200000201,2025-12-23T11:46:00Z,29.49,m_583,travel,44.0794,-77.9263
T000037863,432200000285,2025-12-23T11:46:00Z,13.61,m_617,cash_advance,41.852,-114.117
T000037865,491000000038,2025-12-23T11:47:00Z,23.81,m_222,clothing,26.4203,-92.6537
T000037867,425300000079,2025-12-23T11:50:00Z,21.68,m_640,cash_advance,36.3194,-75.6052
T000037870,435100000025,2025-12-23T11:56:00Z,10.5,m_216,cash_advance,33.3457,-101.2863
T000037873,429200000138,2025-12-23T12:01:00Z,42.48,m_734,travel,40.4818,-86.4777
T000037875,457400000208,2025-12-23T12:05:00Z,65.36,m_214,online,46.9063,-107.919
T000037876,408700000002,2025-12-23T12:05:00Z,33.27,m_431,electronics,37.0886,-95.4127
T000037880,483100000286,2025-12-23T12:22:00Z,64.27,m_656,fuel,35.7718,-74.3795
T000037883,410600000115,2025-12-23T12:28:00Z,23.43,m_712,fuel,26.9068,-84.7008
T000037884,402100000075,2025-12-23T12:31:00Z,7.63,m_717,health,38.7963,-121.5819
T000037885,468200000221,2025-12-23T12:36:00Z,32.41,m_108,electronics,40.1694,-72.0249
T000037886,472500000128,2025-12-23T12:45:00Z,2.68,m_483,cash_advance,30.5953,-119.2854
T000037887,412900000224,2025-12-23T12:51:00Z,13.82,m_107,entertainment,29.5828,-120.5738
T000037888,431800000140,2025-12-23T12:54:00Z,49.68,m_669,restaurant,47.023,-96.4236
T000037890,470100000147,2025-12-23T13:07:00Z,32.56,m_528,online,30.2708,-83.5341
T000037891,413300000061,2025-12-23T13:07:00Z,9.61,m_619,travel,35.001,-80.8828
T000037892,493100000068,2025-12-23T13:12:00Z,41.29,m_063,cash_advance,34.5159,-90.4448
T000037894,430000000162,2025-12-23T13:15:00Z,2.7,m_601,electronics,44.9286,-91.4909
T000037895,453700000255,2025-12-23T13:15:00Z,2.65,m_175,entertainment,25.6923,-111.3488
T000037896,413800000254,2025-12-23T13:16:00Z,42.19,m_021,health,40.8524,-84.3125
T000037897,411200000218,2025-12-23T13:26:00Z,6.32,m_600,online,26.1532,-78.2698
T000037900,409000000198,2025-12-23T13:34:00Z,34.54,m_671,clothing,47.7013,-81.3987
T000037902,402500000268,2025-12-23T13:42:00Z,5.37,m_427,clothing,44.2657,-117.7095
T000037903,488200000133,2025-12-23T13:44:00Z,6.29,m_627,online,46.9379,-88.139
T000037904,485300000175,2025-12-23T13:50:00Z,7.76,m_311,restaurant,36.8804,-92.8537
T000037907,429100000136,2025-12-23T13:57:00Z,17.01,m_047,cash_advance,48.698,-79.1785
T000037908,448700000123,2025-12-23T13:59:00Z,53.27,m_716,health,41.062,-97.6863
T000037909,491700000073,2025-12-23T13:59:00Z,26.71,m_041,grocery,29.5636,-85.1768
T000037910,430300000145,2025-12-23T14:02:00Z,22.6,m_703,fuel,25.8383,-102.2237
T000037911,494000000016,2025-12-23T14:07:00Z,95.53,m_170,entertainment,39.3097,-112.109
T000037912,426700000042,2025-12-23T14:08:00Z,16.01,m_441,grocery,36.5414,-115.6517
T000037913,489800000203,2025-12-23T14:09:00Z,5.43,m_665,online,43.1402,-102.9697
T000037914,478800000015,2025-12-23T14:09:00Z,42.08,m_047,electronics,29.3045,-113.5684
T000037915,421500000087,2025-12-23T14:10:00Z,88.79,m_580,online,46.3062,-100.5568
T000037916,400900000156,2025-12-23T14:11:00Z,25.99,m_055,online,43.4724,-106.5435
T000037917,419900000096,2025-12-23T14:14:00Z,51.95,m_036,travel,46.5968,-95.3365
T000037919,449300000066,2025-12-23T14:17:00Z,7.66,m_625,online,34.5076,-92.0871
T000037920,434500000161,2025-12-23T14:18:00Z,12.28,m_549,entertainment,36.155,-88.8473
T000037921,498200000023,2025-12-23T14:25:00Z,12.52,m_399,travel,25.3329,-84.6276
T000037922,433100000271,2025-12-23T14:28:00Z,30.53,m_123,clothing,41.3354,-78.6738
T000037923,478700000011,2025-12-23T14:32:00Z,70.6,m_142,restaurant,45.9019,-93.535
T000037924,488800000117,2025-12-23T14:32:00Z,71.39,m_112,health,36.0631,-104.6957
T000037925,433600000269,2025-12-23T14:36:00Z,8.85,m_547,grocery,48.9377,-89.0243
T000037926,432200000285,2025-12-23T14:36:00Z,11.01,m_785,health,41.8416,-113.6823
T000037927,400100000173,2025-12-23T14:38:00Z,31.6,m_537,fuel,48.3322,-82.6385
T000037928,454900000187,2025-12-23T14:44:00Z,78.87,m_731,cash_advance,36.127,-118.4656
T000037930,467000000279,2025-12-23T14:49:00Z,27.69,m_493,restaurant,44.5916,-107.7276
T000037932,414100000007,2025-12-23T14:57:00Z,33.13,m_401,restaurant,35.5073,-113.5346
T000037933,405300000080,2025-12-23T14:57:00Z,50.28,m_692,fuel,46.8863,-87.5585
T000037934,420300000182,2025-12-23T14:58:00Z,14.34,m_593,clothing,30.5253,-97.6441
T000037936,498300000053,2025-12-23T15:00:00Z,13.01,m_616,online,34.1089,-120.0113
T000037937,490700000100,2025-12-23T15:00:00Z,27.22,m_061,fuel,33.7082,-120.9276
T000037939,457400000208,2025-12-23T15:09:00Z,20.73,m_235,cash_advance,47.432,-108.7773
T000037941,471700000259,2025-12-23T15:16:00Z,73.06,m_092,grocery,26.326,-118.1809
T000037942,464600000139,2025-12-23T15:19:00Z,7.76,m_011,cash_advance,40.4565,-85.2286
T000037943,416000000196,2025-12-23T15:21:00Z,36.31,m_726,electronics,27.5825,-112.8687
T000037944,490400000207,2025-12-23T15:24:00Z,12.84,m_237,entertainment,38.9582,-121.9307
T000037945,496400000091,2025-12-23T15:26:00Z,80.84,m_379,cash_advance,27.6192,-73.1939
T000037946,420200000231,2025-12-23T15:27:00Z,5.26,m_291,online,28.5268,-115.227
T000037948,485100000229,2025-12-23T15:29:00Z,11.49,m_289,restaurant,30.7989,-96.7944
T000037949,462500000168,2025-12-23T15:29:00Z,5.62,m_795,cash_advance,30.3098,-71.5229
T000037950,492500000154,2025-12-23T15:31:00Z,12.88,m_742,clothing,30.8866,-112.0276
T000037951,430200000164,2025-12-23T15:32:00Z,50.95,m_701,fuel,31.3111,-75.1635
T000037952,442800000101,2025-12-23T15:33:00Z,11.83,m_339,restaurant,25.8685,-103.002
T000037954,436500000043,2025-12-23T15:48:00Z,12.76,m_487,online,35.3594,-111.3283
T000037955,411600000017,2025-12-23T15:49:00Z,79.75,m_421,grocery,37.8234,-87.0678
T000037958,409000000198,2025-12-23T16:02:00Z,13.88,m_518,online,47.4195,-81.2687
T000037959,482600000050,2025-12-23T16:05:00Z,11.4,m_459,cash_advance,37.7795,-76.924
T000037960,450800000191,2025-12-23T16:07:00Z,9.07,m_484,clothing,42.2506,-76.4759
T000037961,491300000082,2025-12-23T16:13:00Z,11.17,m_022,electronics,40.2385,-105.9783
T000037962,442200000287,2025-12-23T16:17:00Z,69.96,m_478,online,33.4664,-120.3538
T000037964,443900000180,2025-12-23T16:20:00Z,11.96,m_587,travel,45.354,-76.8667
T000037966,491300000082,2025-12-23T16:29:00Z,49.32,m_033,clothing,40.299,-105.8122
T000037967,449400000063,2025-12-23T16:32:00Z,29.94,m_774,cash_advance,40.747,-74.2205
T000037968,413700000266,2025-12-23T16:40:00Z,55.69,m_242,grocery,29.5599,-116.3164
T000037969,459200000077,2025-12-23T16:42:00Z,20.74,m_581,restaurant,35.1765,-106.1634
T000037970,482900000152,2025-12-23T16:43:00Z,20.75,m_423,grocery,43.8897,-97.0101
T000037971,479800000010,2025-12-23T16:46:00Z,5.87,m_002,entertainment,36.5138,-118.0646
T000037972,467400000299,2025-12-23T16:54:00Z,41.39,m_411,fuel,26.1819,-110.041
T000037973,478200000065,2025-12-23T16:54:00Z,61.35,m_516,health,34.9594,-88.9351
T000037974,420300000182,2025-12-23T16:57:00Z,41.4,m_372,grocery,31.6227,-97.7429
T000037975,493600000274,2025-12-23T17:00:00Z,12.66,m_180,grocery,26.8577,-73.315
T000037976,491700000073,2025-12-23T17:10:00Z,17.85,m_382,electronics,29.8366,-84.9669
T000037977,426800000149,2025-12-23T17:13:00Z,48.85,m_656,fuel,30.6689,-118.0105
T000037978,485100000229,2025-12-23T17:18:00Z,22.47,m_225,clothing,30.0334,-97.0499
T000037979,490700000100,2025-12-23T17:18:00Z,16.19,m_470,entertainment,34.4898,-121.5645
T000037980,441600000097,2025-12-23T17:19:00Z,7.78,m_492,clothing,27.5018,-116.8984
T000037983,422800000294,2025-12-23T17:23:00Z,37.87,m_154,entertainment,40.0298,-117.5096
T000037985,421000000277,2025-12-23T17:27:00Z,15.27,m_485,online,43.0047,-73.1463
T000037986,467700000148,2025-12-23T17:28:00Z,16.62,m_326,online,33.6814,-73.5181
T000037988,454600000047,2025-12-23T17:33:00Z,16.81,m_794,cash_advance,43.0127,-97.2392
T000037989,433100000271,2025-12-23T17:38:00Z,18.7,m_149,clothing,42.1586,-79.369
T000037990,471700000020,2025-12-23T17:39:00Z,5.82,m_281,fuel,46.1983,-89.8214
T000037991,490400000207,2025-12-23T17:46:00Z,16.46,m_475,grocery,38.1496,-121.5245
T000037992,454600000047,2025-12-23T17:46:00Z,67.68,m_500,cash_advance,42.4437,-96.3864
T000037993,478700000237,2025-12-23T17:47:00Z,21.54,m_400,travel,26.4688,-77.4297
T000037996,436300000225,2025-12-23T17:58:00Z,33.37,m_303,fuel,46.5752,-101.2988
T000037997,497600000197,2025-12-23T18:01:00Z,8.48,m_522,travel,45.2933,-116.7787
T000037998,470900000176,2025-12-23T18:02:00Z,5.99,m_242,online,46.5439,-80.4392
T000037999,471100000298,2025-12-23T18:02:00Z,9.87,m_510,online,46.021,-86.149
T000038000,442800000101,2025-12-23T18:03:00Z,9.77,m_532,travel,24.6272,-103.9165
T000038002,425100000250,2025-12-23T18:09:00Z,15.81,m_669,cash_advance,32.6128,-98.7587
T000038003,481700000044,2025-12-23T18:11:00Z,26.6,m_222,fuel,42.1974,-88.0607
T000038004,436500000043,2025-12-23T18:12:00Z,20.01,m_225,restaurant,35.6088,-110.7532
T000038005,400100000173,2025-12-23T18:12:00Z,26.49,m_004,health,46.8224,-83.4666
T000038008,432500000146,2025-12-23T18:20:00Z,10.95,m_532,cash_advance,27.443,-116.6618
T000038009,471000000105,2025-12-23T18:23:00Z,22.27,m_787,grocery,38.9571,-94.5707
T000038010,432500000036,2025-12-23T18:27:00Z,9.35,m_072,clothing,39.5346,-120.5352
T000038011,467200000059,2025-12-23T18:30:00Z,26.06,m_639,restaurant,42.6478,-81.5752
T000038013,478700000011,2025-12-23T18:31:00Z,37.22,m_741,health,46.0113,-93.3569
T000038014,410600000115,2025-12-23T18:38:00Z,24.26,m_083,health,26.6839,-84.9706
T000038015,443800000013,2025-12-23T18:38:00Z,16.09,m_228,restaurant,28.6236,-83.4058
T000038016,491700000032,2025-12-23T18:40:00Z,15.46,m_083,fuel,34.6072,-116.276
T000038017,408700000002,2025-12-23T18:41:00Z,25.18,m_746,cash_advance,36.7186,-94.9638
T000038019,421400000107,2025-12-23T18:45:00Z,24.78,m_380,restaurant,39.9401,-113.4849
T000038020,435100000025,2025-12-23T18:49:00Z,8.7,m_764,restaurant,34.1058,-101.7393
T000038021,454600000047,2025-12-23T18:55:00Z,44.16,m_203,travel,43.0753,-97.4168
T000038022,414600000120,2025-12-23T19:01:00Z,35.95,m_521,online,27.6468,-78.7224
T000038024,427500000040,2025-12-23T19:05:00Z,32.16,m_594,grocery,25.709,-86.4681
T000038025,402100000075,2025-12-23T19:08:00Z,4.3,m_571,restaurant,37.8933,-122.5293
T000038026,460200000124,2025-12-23T19:10:00Z,43.37,m_226,travel,47.6044,-74.5657
T000038027,468600000099,2025-12-23T19:24:00Z,14.23,m_082,grocery,37.4993,-73.3681
T000038028,497600000197,2025-12-23T19:24:00Z,20.28,m_192,health,45.4326,-116.5868
T000038029,491700000073,2025-12-23T19:28:00Z,19.78,m_218,online,29.3271,-84.5566
T000038031,488200000133,2025-12-23T19:32:00Z,6.11,m_106,clothing,46.3307,-88.163
T000038032,405200000054,2025-12-23T19:33:00Z,44.43,m_300,entertainment,32.143,-88.4857
T000038035,412700000272,2025-12-23T19:34:00Z,51.68,m_771,health,35.7515,-108.361
T000038040,443800000013,2025-12-23T19:43:00Z,21.47,m_108,cash_advance,28.861,-83.3318
T000038041,468700000127,2025-12-23T19:45:00Z,8.25,m_505,restaurant,31.6052,-122.3159
T000038042,403900000005,2025-12-23T19:47:00Z,30.19,m_669,fuel,27.23,-90.1825
T000038043,419200000035,2025-12-23T19:53:00Z,41.17,m_415,clothing,29.6767,-91.9507
T000038044,489800000203,2025-12-23T19:54:00Z,6.38,m_511,entertainment,42.6192,-102.9566
T000038045,421300000071,2025-12-23T19:58:00Z,14.68,m_641,online,34.7705,-97.5239
T000038047,411100000235,2025-12-23T20:07:00Z,7.03,m_026,online,35.2272,-118.8754
T000038048,456600000153,2025-12-23T20:07:00Z,33.75,m_570,fuel,37.271,-111.7615
T000038051,457400000208,2025-12-23T20:19:00Z,36.34,m_731,cash_advance,47.8284,-108.9244
T000038052,498000000026,2025-12-23T20:21:00Z,9.98,m_673,travel,26.8087,-90.0217
T000038053,408700000002,2025-12-23T20:24:00Z,44.62,m_412,restaurant,37.3653,-95.4327
T000038054,405200000054,2025-12-23T20:29:00Z,90.25,m_651,health,31.7692,-88.4723
T000038056,497300000184,2025-12-23T20:38:00Z,25.13,m_504,travel,34.7605,-89.651
T000038057,498200000023,2025-12-23T20:38:00Z,21.34,m_307,health,25.3884,-86.0124
T000038059,497000000024,2025-12-23T20:44:00Z,13.38,m_652,electronics,35.4374,-97.3728
T000038060,440800000163,2025-12-23T20:50:00Z,10.73,m_497,health,27.9645,-117.0335
T000038061,475100000009,2025-12-23T20:53:00Z,20.87,m_139,travel,33.054,-78.6161
T000038062,429200000004,2025-12-23T20:57:00Z,64.81,m_316,entertainment,26.0475,-95.3207
T000038063,471100000298,2025-12-23T20:59:00Z,20.66,m_683,fuel,45.836,-85.9673
T000038064,442800000101,2025-12-23T21:05:00Z,17.01,m_505,health,24.9142,-103.1932
T000038065,463700000006,2025-12-23T21:27:00Z,9.14,m_498,electronics,29.72,-122.9944
T000038068,412900000224,2025-12-23T22:00:00Z,18.45,m_209,health,29.6856,-120.1628
T000038069,430000000162,2025-12-23T22:18:00Z,13.87,m_716,clothing,45.6042,-90.5382
T000038070,413300000061,2025-12-23T22:28:00Z,8.28,m_746,clothing,34.5513,-81.3312
T000038071,479800000106,2025-12-23T22:42:00Z,25.1,m_780,fuel,28.5922,-72.4089
T000038072,418900000158,2025-12-23T22:51:00Z,17.15,m_249,fuel,30.8009,-108.31
T000038074,471000000105,2025-12-23T22:57:00Z,13.14,m_473,restaurant,39.3527,-94.111
T000038075,483100000286,2025-12-23T23:30:00Z,39.9,m_514,entertainment,34.6359,-74.0575
T000038076,411200000218,2025-12-23T23:40:00Z,13.24,m_003,health,26.4218,-78.0055
T000038077,436200000283,2025-12-23T23:44:00Z,17.06,m_268,restaurant,31.1551,-117.5052
T000038078,490700000100,2025-12-23T23:45:00Z,42.57,m_389,health,34.2724,-121.7462
T000038079,476900000239,2025-12-23T23:58:00Z,76.44,m_292,entertainment,31.2035,-97.4947
T000038080,462500000168,2025-12-24T00:01:00Z,6.4,m_641,fuel,30.4135,-70.4104
T000038081,423800000109,2025-12-24T00:15:00Z,11.61,m_406,travel,37.7862,-98.6108
T000038082,482600000050,2025-12-24T00:19:00Z,21.58,m_383,entertainment,37.6215,-77.0102
T000038085,488800000242,2025-12-24T00:46:00Z,10.04,m_723,entertainment,33.2757,-100.4612
T000038086,467700000148,2025-12-24T00:47:00Z,13.63,m_539,grocery,33.4173,-72.7147
T000038087,433600000269,2025-12-24T00:55:00Z,3.7,m_432,online,48.6651,-89.0141
T000038090,412500000217,2025-12-24T01:49:00Z,128.52,m_033,online,31.1517,-114.6055
T000038093,421000000277,2025-12-24T02:08:00Z,17.64,m_037,electronics,43.1726,-72.9876
T000038095,476900000239,2025-12-24T02:17:00Z,43.42,m_780,travel,30.885,-96.1499
T000038096,457400000208,2025-12-24T02:26:00Z,53.07,m_369,electronics,47.1734,-108.6805
T000038097,433600000269,2025-12-24T02:30:00Z,15.79,m_560,grocery,49.3988,-88.7799
T000038098,422800000294,2025-12-24T02:34:00Z,97.19,m_207,travel,43.7759,-120.1331
T000038099,482900000152,2025-12-24T02:56:00Z,26.01,m_262,clothing,43.705,-96.2144
T000038100,400900000156,2025-12-24T03:20:00Z,28.19,m_701,travel,43.4859,-106.4276
T000038101,491300000082,2025-12-24T03:40:00Z,25.48,m_764,clothing,40.8974,-105.0933
T000038102,433100000271,2025-12-24T03:56:00Z,29.7,m_352,cash_advance,42.1024,-78.9009
T000038103,493900000290,2025-12-24T04:06:00Z,36.82,m_046,clothing,33.951,-74.5331
T000038104,425300000079,2025-12-24T04:10:00Z,8.15,m_379,cash_advance,36.7661,-75.4034
T000038108,467000000279,2025-12-24T04:56:00Z,18.81,m_189,health,44.3014,-107.5583
T000038111,425300000079,2025-12-24T05:11:00Z,6.18,m_713,online,36.467,-75.513
T000038112,433600000269,2025-12-24T05:15:00Z,13.82,m_075,fuel,48.5136,-89.451
T000038113,442800000101,2025-12-24T05:25:00Z,3.98,m_671,fuel,25.443,-102.7252
T000038114,464600000139,2025-12-24T05:32:00Z,21.59,m_581,grocery,39.9955,-84.4782
T000038115,493400000219,2025-12-24T05:32:00Z,10.99,m_104,grocery,40.7505,-80.5309
T000038116,421200000102,2025-12-24T05:41:00Z,24.13,m_556,fuel,41.1346,-117.0576
T000038117,422800000294,2025-12-24T05:43:00Z,58.08,m_550,entertainment,40.185,-116.7486
T000038119,414100000007,2025-12-24T06:06:00Z,34.04,m_297,restaurant,35.5098,-113.9424
T000038120,405700000064,2025-12-24T06:20:00Z,11.21,m_207,online,31.9394,-111.5976
T000038122,489800000203,2025-12-24T06:25:00Z,12.5,m_263,grocery,43.1277,-102.7107
T000038123,451600000095,2025-12-24T06:43:00Z,20.48,m_520,travel,41.1825,-102.8257
T000038125,425100000126,2025-12-24T07:05:00Z,39.02,m_074,cash_advance,46.3329,-107.6573
T000038127,430200000164,2025-12-24T07:23:00Z,59.95,m_021,clothing,31.8584,-75.6468
T000038130,479800000106,2025-12-24T07:45:00Z,18.28,m_679,cash_advance,28.2972,-71.4235
T000038131,471700000259,2025-12-24T07:51:00Z,14.94,m_326,online,26.5633,-119.0096
T000038132,424900000048,2025-12-24T07:51:00Z,27.91,m_281,grocery,35.2885,-116.2655
T000038133,497300000184,2025-12-24T08:00:00Z,56.18,m_517,entertainment,34.6169,-90.1415
T000038134,430000000162,2025-12-24T08:03:00Z,4.82,m_269,online,45.0581,-90.7162
T000038135,482900000152,2025-12-24T08:04:00Z,11.0,m_190,travel,43.1659,-97.2385
T000038136,432500000036,2025-12-24T08:04:00Z,4.3,m_644,health,39.9245,-119.302
T000038137,477200000076,2025-12-24T08:06:00Z,54.0,m_170,cash_advance,42.9696,-78.2461
T000038139,424900000048,2025-12-24T08:11:00Z,22.69,m_791,online,35.0144,-116.1912
T000038140,499500000281,2025-12-24T08:11:00Z,5.57,m_413,fuel,47.7226,-75.0391
T000038143,465400000150,2025-12-24T08:24:00Z,3.42,m_283,clothing,26.53,-78.6479
T000038144,425600000170,2025-12-24T08:26:00Z,28.79,m_791,electronics,27.7498,-83.7429
T000038145,468200000221,2025-12-24T08:27:00Z,18.02,m_167,health,40.7222,-72.4144
T000038146,471700000259,2025-12-24T08:34:00Z,61.73,m_115,electronics,27.5366,-118.4971
T000038148,472100000092,2025-12-24T08:36:00Z,6.34,m_028,electronics,41.9515,-79.5796
T000038149,467000000279,2025-12-24T08:42:00Z,26.92,m_548,entertainment,44.6787,-108.1899
T000038150,468200000221,2025-12-24T08:44:00Z,19.22,m_023,fuel,40.1076,-72.5325
T000038151,413300000061,2025-12-24T08:48:00Z,9.85,m_091,online,34.7196,-81.1754
T000038152,434500000161,2025-12-24T08:51:00Z,15.99,m_621,online,36.7628,-88.5449
T000038153,485300000175,2025-12-24T08:52:00Z,6.08,m_595,cash_advance,37.537,-93.0627
T000038154,481700000044,2025-12-24T08:52:00Z,15.31,m_492,electronics,41.7187,-88.9533
T000038155,429300000186,2025-12-24T08:53:00Z,28.85,m_249,health,26.6121,-95.023
T000038156,420300000182,2025-12-24T09:03:00Z,30.01,m_641,clothing,30.795,-97.9329
T000038157,411100000235,2025-12-24T09:06:00Z,12.27,m_221,entertainment,35.4341,-117.7458
T000038158,471100000081,2025-12-24T09:14:00Z,4.0,m_292,cash_advance,39.6067,-113.8436
T000038159,472100000092,2025-12-24T09:15:00Z,11.19,m_593,entertainment,41.6644,-79.5675
T000038160,460200000124,2025-12-24T09:17:00Z,25.66,m_789,fuel,47.7839,-75.8559
T000038161,481700000044,2025-12-24T09:17:00Z,9.82,m_361,entertainment,41.7715,-88.1614
T000038163,426900000172,2025-12-24T09:19:00Z,35.78,m_075,cash_advance,43.5841,-107.0768
T000038165,497600000197,2025-12-24T09:31:00Z,7.85,m_730,clothing,45.5936,-117.3264
T000038166,489200000253,2025-12-24T09:32:00Z,48.09,m_309,clothing,36.9758,-88.4726
T000038167,461900000132,2025-12-24T09:34:00Z,12.93,m_167,electronics,39.5498,-97.2717
T000038168,413300000061,2025-12-24T09:37:00Z,18.19,m_173,fuel,34.4479,-80.7086
T000038169,494000000016,2025-12-24T09:38:00Z,64.02,m_614,restaurant,39.6147,-112.8586
T000038170,483100000286,2025-12-24T09:38:00Z,36.78,m_406,online,35.6081,-75.0835
T000038172,467700000148,2025-12-24T09:46:00Z,15.72,m_453,fuel,33.7772,-72.6214
T000038173,467200000059,2025-12-24T09:49:00Z,20.16,m_710,cash_advance,42.6783,-81.1639
T000038177,458800000284,2025-12-24T10:08:00Z,14.51,m_169,grocery,39.1049,-97.2171
T000038178,425100000250,2025-12-24T10:10:00Z,8.8,m_591,fuel,32.566,-98.9855
T000038179,459100000090,2025-12-24T10:11:00Z,32.72,m_485,electronics,40.4069,-82.6105
T000038181,435100000025,2025-12-24T10:13:00Z,9.93,m_673,cash_advance,33.4453,-101.0364
T000038182,427100000293,2025-12-24T10:14:00Z,27.86,m_594,electronics,30.0747,-112.6061
T000038183,421700000058,2025-12-24T10:23:00Z,33.73,m_652,entertainment,43.0022,-83.1304
T000038184,413700000240,2025-12-24T10:26:00Z,33.56,m_437,cash_advance,30.2916,-117.6284
T000038188,492300000241,2025-12-24T10:37:00Z,27.66,m_111,online,29.5008,-77.2578
T000038189,491700000073,2025-12-24T10:38:00Z,27.92,m_392,travel,29.1437,-84.1348
T000038190,443800000013,2025-12-24T10:39:00Z,11.01,m_212,cash_advance,29.3563,-83.9471
T000038191,462600000282,2025-12-24T10:40:00Z,13.0,m_604,health,46.1084,-88.7512
T000038193,490400000207,2025-12-24T10:54:00Z,8.13,m_510,online,38.6095,-121.2202
T000038194,442700000200,2025-12-24T10:58:00Z,25.91,m_362,clothing,44.6565,-94.3188
T000038196,494800000228,2025-12-24T11:02:00Z,31.18,m_239,travel,25.8584,-86.4687
T000038198,403400000178,2025-12-24T11:25:00Z,10.11,m_504,travel,27.0516,-114.0879
T000038199,492900000216,2025-12-24T11:25:00Z,10.67,m_529,fuel,34.8777,-70.5492
T000038201,499500000281,2025-12-24T11:36:00Z,21.94,m_494,online,47.2506,-74.8062
T000038202,470900000176,2025-12-24T11:42:00Z,11.21,m_288,cash_advance,46.9154,-80.2709
T000038203,494800000228,2025-12-24T11:43:00Z,29.93,m_183,health,25.955,-86.1122
T000038204,415300000169,2025-12-24T11:48:00Z,34.48,m_543,online,35.9924,-115.692
T000038205,422200000028,2025-12-24T11:49:00Z,24.96,m_011,online,29.6519,-121.5766
T000038207,431600000056,2025-12-24T11:53:00Z,11.62,m_467,restaurant,45.3188,-84.0682
T000038208,467400000299,2025-12-24T11:53:00Z,39.65,m_692,entertainment,26.3831,-109.1748
T000038209,439700000263,2025-12-24T11:54:00Z,53.47,m_142,health,46.62,-94.5994
T000038211,444500000160,2025-12-24T11:56:00Z,9.85,m_259,grocery,28.1659,-81.5589
T000038212,468700000127,2025-12-24T11:57:00Z,20.49,m_273,entertainment,30.6689,-123.5155
T000038214,454600000047,2025-12-24T12:03:00Z,18.76,m_189,entertainment,43.1529,-97.2932
T000038216,461900000132,2025-12-24T12:04:00Z,8.2,m_759,fuel,40.207,-96.7795
T000038218,448600000179,2025-12-24T12:09:00Z,9.8,m_052,online,30.6966,-109.0447
T000038219,412700000272,2025-12-24T12:20:00Z,95.0,m_543,fuel,35.3687,-107.4218
T000038220,426900000172,2025-12-24T12:23:00Z,30.0,m_113,electronics,42.9321,-106.8393
T000038222,448700000123,2025-12-24T12:31:00Z,74.94,m_296,restaurant,41.7377,-97.8272
T000038223,411600000017,2025-12-24T12:31:00Z,78.23,m_001,fuel,38.464,-85.9313
T000038225,464300000022,2025-12-24T12:32:00Z,11.26,m_218,clothing,43.5885,-71.9415
T000038227,482600000050,2025-12-24T12:38:00Z,31.57,m_209,clothing,38.6653,-76.8713
T000038228,453700000255,2025-12-24T12:39:00Z,6.64,m_172,travel,25.7057,-110.9798
T000038229,419200000035,2025-12-24T12:39:00Z,19.15,m_389,restaurant,29.8165,-91.607
T000038231,443000000144,2025-12-24T12:47:00Z,36.08,m_296,grocery,31.1689,-79.4017
T000038233,409000000198,2025-12-24T12:50:00Z,9.19,m_626,electronics,47.6414,-80.8461
T000038234,482300000206,2025-12-24T12:56:00Z,35.78,m_415,health,38.1182,-78.3141
T000038235,491000000038,2025-12-24T12:56:00Z,12.52,m_671,online,26.3798,-92.3487
T000038236,420200000231,2025-12-24T12:58:00Z,7.55,m_503,online,28.5305,-115.4994
T000038238,475100000009,2025-12-24T13:04:00Z,17.85,m_528,health,32.2174,-79.0392
T000038239,429200000138,2025-12-24T13:04:00Z,18.14,m_086,restaurant,40.2289,-86.1631
T000038241,454600000047,2025-12-24T13:07:00Z,14.48,m_067,fuel,42.9287,-96.5414
T000038242,425300000079,2025-12-24T13:09:00Z,7.27,m_068,fuel,36.3552,-76.0271
T000038243,468600000099,2025-12-24T13:10:00Z,4.94,m_729,fuel,37.0469,-73.9914
T000038244,430000000162,2025-12-24T13:11:00Z,10.24,m_595,fuel,45.3556,-91.2928
T000038245,489200000253,2025-12-24T13:12:00Z,38.54,m_565,travel,36.8046,-89.1245
T000038246,400900000156,2025-12-24T13:12:00Z,8.69,m_230,clothing,43.2681,-106.4412
T000038247,494000000016,2025-12-24T13:19:00Z,61.75,m_327,health,39.4709,-112.8218
T000038249,490700000100,2025-12-24T13:23:00Z,32.6,m_218,travel,34.3,-121.6112
T000038250,463700000006,2025-12-24T13:25:00Z,14.81,m_659,health,29.2851,-122.8983
T000038251,421200000102,2025-12-24T13:29:00Z,60.95,m_380,entertainment,40.2051,-116.7484
T000038252,480500000222,2025-12-24T13:29:00Z,50.9,m_584,online,28.4125,-123.1434
T000038253,422800000294,2025-12-24T13:35:00Z,36.3,m_118,online,39.1571,-118.037
T000038254,420200000267,2025-12-24T13:35:00Z,42.68,m_624,clothing,47.4102,-82.4445
T000038255,403700000193,2025-12-24T13:37:00Z,8.86,m_701,grocery,31.7046,-103.9173
T000038257,413700000240,2025-12-24T13:44:00Z,37.94,m_721,electronics,30.4305,-117.9856
T000038258,497000000024,2025-12-24T13:45:00Z,36.52,m_444,fuel,35.1379,-97.1774
T000038261,461900000132,2025-12-24T13:52:00Z,15.38,m_331,cash_advance,39.2621,-96.7338
T000038263,435100000025,2025-12-24T13:54:00Z,13.47,m_776,fuel,33.9858,-100.757
T000038265,439700000263,2025-12-24T14:02:00Z,33.99,m_647,cash_advance,46.9079,-93.6447
T000038266,423900000113,2025-12-24T14:05:00Z,16.31,m_151,clothing,31.1466,-90.193
T000038267,466900000159,2025-12-24T14:05:00Z,4.56,m_061,travel,43.5775,-99.664
T000038270,413800000254,2025-12-24T14:08:00Z,68.38,m_416,travel,40.7676,-84.1876
T000038271,454900000187,2025-12-24T14:10:00Z,8.53,m_551,entertainment,41.6072,-110.9288
T000038272,430000000162,2025-12-24T14:11:00Z,9.79,m_116,restaurant,45.7045,-90.6217
T000038273,423900000113,2025-12-24T14:12:00Z,109.81,m_099,health,31.7843,-90.3809
T000038274,488800000242,2025-12-24T14:15:00Z,10.94,m_676,health,34.5377,-100.8984
T000038276,454700000001,2025-12-24T14:17:00Z,8.1,m_154,restaurant,28.8525,-117.5822
T000038277,498300000053,2025-12-24T14:20:00Z,9.36,m_757,clothing,34.1899,-120.4281
T000038279,442200000037,2025-12-24T14:22:00Z,72.68,m_569,electronics,33.3176,-106.7269
T000038281,482900000152,2025-12-24T14:27:00Z,10.97,m_352,online,43.6587,-96.9812
T000038282,429200000004,2025-12-24T14:29:00Z,56.61,m_084,entertainment,27.2844,-96.2696
T000038283,415300000169,2025-12-24T14:30:00Z,14.15,m_444,cash_advance,35.0363,-116.3656
T000038284,491700000032,2025-12-24T14:31:00Z,7.63,m_565,health,34.5813,-115.9543
T000038285,453700000255,2025-12-24T14:33:00Z,4.82,m_705,restaurant,25.3808,-111.3088
T000038286,463700000006,2025-12-24T14:35:00Z,8.44,m_472,online,30.2071,-122.4647
T000038287,459200000077,2025-12-24T14:40:00Z,78.23,m_002,cash_advance,35.4348,-105.883
T000038288,422800000294,2025-12-24T14:42:00Z,35.99,m_752,grocery,40.2512,-116.7958
T000038289,429200000004,2025-12-24T14:45:00Z,69.13,m_402,electronics,26.3012,-96.1376
T000038290,464600000139,2025-12-24T14:46:00Z,10.95,m_327,travel,40.0772,-84.9419
T000038291,424900000048,2025-12-24T14:46:00Z,19.54,m_484,electronics,35.4003,-115.2037
T000038293,421700000058,2025-12-24T14:53:00Z,127.09,m_329,online,43.2975,-83.4978
T000038295,464600000139,2025-12-24T14:57:00Z,64.78,m_559,cash_advance,39.5298,-85.2646
T000038296,436300000225,2025-12-24T14:57:00Z,45.25,m_668,restaurant,46.3703,-100.5803
T000038297,498000000209,2025-12-24T15:01:00Z,10.26,m_494,online,43.61,-89.0608
T000038298,420900000275,2025-12-24T15:01:00Z,56.24,m_236,health,29.9832,-73.469
T000038299,413300000061,2025-12-24T15:03:00Z,3.3,m_257,restaurant,34.1153,-80.9925
T000038300,453000000151,2025-12-24T15:06:00Z,4.08,m_269,clothing,38.1018,-103.7086
T000038301,436500000043,2025-12-24T15:09:00Z,20.4,m_470,travel,34.9172,-110.6342
T000038303,455700000103,2025-12-24T15:12:00Z,14.22,m_316,entertainment,26.1966,-90.4281
T000038304,421400000107,2025-12-24T15:13:00Z,16.76,m_625,fuel,39.5336,-112.6554
T000038305,434500000161,2025-12-24T15:16:00Z,8.9,m_318,electronics,35.9253,-88.2578
T000038306,413300000061,2025-12-24T15:20:00Z,5.11,m_622,cash_advance,34.2658,-81.238
T000038307,426800000149,2025-12-24T15:22:00Z,96.21,m_637,travel,30.8007,-118.1104
T000038308,493300000296,2025-12-24T15:24:00Z,12.2,m_469,cash_advance,47.7291,-105.8026
T000038309,421700000058,2025-12-24T15:30:00Z,23.31,m_420,online,42.5512,-82.9087
T000038312,403700000193,2025-12-24T15:47:00Z,12.26,m_365,cash_advance,32.6043,-104.5521
T000038314,421000000277,2025-12-24T15:47:00Z,24.78,m_312,clothing,43.3542,-72.9227
T000038315,468700000127,2025-12-24T15:53:00Z,13.84,m_270,entertainment,31.3556,-122.7615
T000038316,473300000089,2025-12-24T15:56:00Z,9.42,m_159,cash_advance,38.5604,-73.4675
T000038317,426700000042,2025-12-24T16:02:00Z,15.68,m_518,grocery,36.6493,-115.7369
T000038318,411600000017,2025-12-24T16:10:00Z,28.52,m_787,clothing,37.8844,-86.6005
T000038321,470100000147,2025-12-24T16:20:00Z,15.15,m_652,travel,29.8572,-83.7794
T000038323,400100000173,2025-12-24T16:23:00Z,134.75,m_678,entertainment,47.1441,-83.9196
T000038324,498000000209,2025-12-24T16:24:00Z,21.83,m_310,health,43.8606,-89.0078
T000038326,411200000218,2025-12-24T16:27:00Z,7.42,m_426,fuel,26.7726,-78.4584
T000038327,418600000223,2025-12-24T16:32:00Z,3.62,m_379,clothing,49.3132,-78.3439
T000038329,429100000136,2025-12-24T16:34:00Z,38.95,m_741,online,48.2476,-78.0238
T000038330,425100000250,2025-12-24T16:38:00Z,25.63,m_602,restaurant,32.7659,-99.3636
T000038332,448700000123,2025-12-24T16:53:00Z,68.85,m_444,restaurant,42.0134,-98.1379
T000038333,405700000064,2025-12-24T16:55:00Z,34.03,m_491,entertainment,31.2377,-112.0801
T000038336,471700000259,2025-12-24T17:03:00Z,45.45,m_091,online,26.2599,-118.0375
T000038337,448700000123,2025-12-24T17:05:00Z,118.66,m_292,fuel,41.1354,-98.2296
T000038338,416000000196,2025-12-24T17:05:00Z,25.36,m_130,clothing,27.8543,-114.5085
T000038340,474600000256,2025-12-24T17:06:00Z,8.52,m_090,fuel,25.8624,-89.0096
T000038341,481700000044,2025-12-24T17:11:00Z,9.41,m_322,travel,41.6053,-88.5985
T000038342,448700000123,2025-12-24T17:17:00Z,44.04,m_718,health,41.6841,-97.4083
T000038343,400100000173,2025-12-24T17:18:00Z,14.58,m_490,travel,46.977,-84.384
T000038344,478200000065,2025-12-24T17:19:00Z,36.81,m_292,grocery,33.9606,-89.3357
T000038346,470900000176,2025-12-24T17:23:00Z,13.71,m_201,entertainment,46.962,-80.7001
T000038348,426800000149,2025-12-24T17:24:00Z,86.12,m_102,cash_advance,30.9159,-118.5116
T000038349,470900000176,2025-12-24T17:35:00Z,7.09,m_415,online,46.7088,-80.9837
T000038350,497600000197,2025-12-24T17:38:00Z,19.0,m_048,restaurant,45.2852,-117.2151
T000038351,449400000063,2025-12-24T17:38:00Z,73.17,m_151,entertainment,41.9122,-74.7755
T000038352,419200000035,2025-12-24T17:43:00Z,33.05,m_222,fuel,30.2153,-91.1835
T000038353,413700000266,2025-12-24T17:44:00Z,38.68,m_378,online,31.3445,-116.2264
T000038355,460200000124,2025-12-24T17:55:00Z,19.72,m_064,grocery,47.7605,-74.9307
T000038356,462600000282,2025-12-24T17:56:00Z,13.44,m_543,clothing,45.5482,-87.9626
T000038357,466900000159,2025-12-24T18:01:00Z,23.01,m_715,electronics,43.7338,-100.4622
T000038359,492300000134,2025-12-24T18:09:00Z,41.11,m_104,health,25.43,-101.6197
T000038360,436500000043,2025-12-24T18:11:00Z,11.57,m_217,online,35.7585,-110.8705
T000038361,497000000024,2025-12-24T18:11:00Z,21.41,m_650,grocery,35.2181,-96.585
T000038362,473300000089,2025-12-24T18:21:00Z,6.39,m_660,online,38.8651,-74.0006
T000038363,413800000254,2025-12-24T18:25:00Z,44.68,m_240,travel,40.0481,-82.7806
T000038364,473300000089,2025-12-24T18:26:00Z,12.57,m_017,electronics,38.4616,-74.1194
T000038365,432500000036,2025-12-24T18:36:00Z,6.93,m_263,health,39.9158,-119.1785
T000038367,426800000261,2025-12-24T18:44:00Z,5.03,m_589,restaurant,32.0237,-112.8517
T000038368,453700000255,2025-12-24T18:45:00Z,11.23,m_447,cash_advance,25.0106,-112.6639
T000038369,471000000105,2025-12-24T18:46:00Z,16.29,m_527,restaurant,38.6164,-94.1732
T000038375,426900000083,2025-12-24T19:22:00Z,49.24,m_241,fuel,48.8661,-82.8319
T000038376,435100000025,2025-12-24T19:27:00Z,8.26,m_746,online,34.1888,-101.384
T000038377,421400000107,2025-12-24T19:28:00Z,28.06,m_258,clothing,39.2154,-112.8875
T000038378,491300000082,2025-12-24T19:32:00Z,24.35,m_477,grocery,40.6205,-105.3729
T000038379,418900000158,2025-12-24T19:33:00Z,11.26,m_787,electronics,30.2035,-106.7046
T000038381,430300000145,2025-12-24T19:35:00Z,10.28,m_134,fuel,25.5572,-102.9627
T000038382,452800000233,2025-12-24T19:36:00Z,14.21,m_625,restaurant,35.1708,-72.8862
T000038383,465400000137,2025-12-24T19:36:00Z,7.11,m_276,restaurant,36.761,-116.626
T000038384,465400000137,2025-12-24T19:36:00Z,15.07,m_626,cash_advance,36.6725,-117.1193
T000038385,429300000186,2025-12-24T19:40:00Z,27.37,m_328,restaurant,26.5523,-94.4051
T000038387,450800000191,2025-12-24T19:47:00Z,8.07,m_172,health,42.2632,-75.4176
T000038388,402100000075,2025-12-24T20:00:00Z,5.5,m_719,online,37.759,-121.8309
T000038389,430300000145,2025-12-24T20:06:00Z,9.43,m_412,health,26.1668,-103.3861
T000038390,456600000153,2025-12-24T20:11:00Z,35.89,m_475,online,36.453,-110.5293
T000038391,492300000134,2025-12-24T20:15:00Z,39.48,m_223,clothing,24.9597,-102.333
T000038392,493900000290,2025-12-24T20:17:00Z,35.9,m_065,restaurant,34.286,-73.9438
T000038393,430000000162,2025-12-24T20:19:00Z,8.88,m_760,health,44.9772,-91.0144
T000038394,489200000253,2025-12-24T20:20:00Z,57.98,m_167,restaurant,36.9412,-88.8916
T000038396,498300000053,2025-12-24T20:25:00Z,10.7,m_722,online,33.8516,-119.9617
T000038397,402100000075,2025-12-24T20:28:00Z,8.49,m_751,health,38.08,-122.2263
T000038399,412700000272,2025-12-24T20:40:00Z,42.9,m_304,electronics,35.0088,-108.1538
T000038400,413700000266,2025-12-24T20:40:00Z,31.75,m_564,grocery,29.558,-116.9324
T000038401,436200000283,2025-12-24T20:41:00Z,29.99,m_370,online,31.5993,-118.2664
T000038402,418900000158,2025-12-24T20:44:00Z,12.91,m_042,cash_advance,30.7078,-106.6314
T000038403,458800000284,2025-12-24T20:50:00Z,25.99,m_397,restaurant,39.3701,-96.3278
T000038404,420200000267,2025-12-24T20:52:00Z,99.77,m_681,travel,47.4414,-82.7992
T000038407,451600000095,2025-12-24T20:56:00Z,6.92,m_397,cash_advance,40.9026,-102.5155
T000038408,491300000082,2025-12-24T20:59:00Z,61.6,m_559,grocery,40.0984,-104.6357
T000038409,400100000173,2025-12-24T21:08:00Z,45.19,m_133,online,47.7478,-83.1731
T000038410,492500000154,2025-12-24T21:21:00Z,19.79,m_751,electronics,30.6454,-111.4845
T000038411,427500000040,2025-12-24T21:27:00Z,42.61,m_639,fuel,26.1122,-86.0829
T000038412,418900000158,2025-12-24T21:39:00Z,12.7,m_244,restaurant,30.3934,-107.7648
T000038413,498000000026,2025-12-24T21:51:00Z,45.68,m_476,online,26.4845,-91.0601
T000038416,421300000071,2025-12-24T22:57:00Z,7.47,m_469,clothing,35.3042,-97.5801
T000038417,434500000161,2025-12-24T23:11:00Z,11.39,m_276,grocery,36.0739,-88.4982
T000038418,494800000228,2025-12-24T23:16:00Z,30.84,m_581,clothing,25.4203,-86.7412
T000038419,429300000186,2025-12-24T23:18:00Z,52.01,m_552,clothing,26.0265,-94.4974
T000038420,440200000212,2025-12-24T23:21:00Z,30.9,m_114,grocery,45.3951,-103.6225
T000038421,492900000216,2025-12-24T23:28:00Z,8.7,m_670,health,35.3078,-71.2467
T000038422,470900000176,2025-12-24T23:35:00Z,8.77,m_175,electronics,46.9465,-80.3608
T000038423,425100000126,2025-12-24T23:44:00Z,82.37,m_049,fuel,46.5031,-107.0879
T000038424,478700000011,2025-12-25T00:12:00Z,480.21,m_602,cash_advance,49.429,-100.6948
T000038425,471100000298,2025-12-25T00:53:00Z,19.74,m_020,cash_advance,45.3177,-86.31
T000038426,494000000016,2025-12-25T01:05:00Z,156.91,m_394,electronics,44.4207,-105.5375
T000038427,423800000109,2025-12-25T01:08:00Z,61.08,m_778,cash_advance,34.6592,-100.2857
T000038428,407400000227,2025-12-25T01:21:00Z,8.31,m_471,travel,35.1697,-84.4297
T000038430,413700000266,2025-12-25T01:56:00Z,15.19,m_633,electronics,30.1708,-116.0147
T000038432,429200000004,2025-12-25T02:15:00Z,590.52,m_128,travel,30.7242,-95.8103
T000038433,451600000095,2025-12-25T02:15:00Z,11.84,m_758,health,40.8365,-102.8308
T000038434,488200000133,2025-12-25T02:20:00Z,11.27,m_165,entertainment,46.863,-87.9074
T000038435,498300000053,2025-12-25T02:47:00Z,7.92,m_175,online,34.4856,-120.3032
T000038437,418900000158,2025-12-25T03:02:00Z,19.0,m_096,electronics,30.34,-107.7369
T000038438,456300000265,2025-12-25T03:12:00Z,240.74,m_443,travel,25.561,-124.794
T000038439,462500000168,2025-12-25T03:21:00Z,8.56,m_487,entertainment,30.5433,-71.6697
T000038440,404400000000,2025-12-25T03:28:00Z,54.5,m_099,entertainment,45.9155,-75.4412
T000038442,423900000113,2025-12-25T03:34:00Z,31.06,m_546,health,31.1184,-90.4443
T000038443,497300000184,2025-12-25T04:02:00Z,34.4,m_121,online,34.6098,-89.6561
T000038444,413700000240,2025-12-25T04:23:00Z,17.56,m_218,health,29.6823,-117.5538
T000038446,452800000233,2025-12-25T04:27:00Z,30.66,m_550,electronics,35.4629,-73.1421
T000038447,470100000147,2025-12-25T04:35:00Z,4.54,m_206,electronics,30.2824,-83.2889
T000038449,411200000218,2025-12-25T04:54:00Z,2.99,m_271,restaurant,26.6726,-77.6762
T000038450,443800000013,2025-12-25T05:25:00Z,27.25,m_152,clothing,28.9999,-83.3602
T000038453,456300000265,2025-12-25T06:01:00Z,114.84,m_154,restaurant,33.2707,-123.1231
T000038454,471700000020,2025-12-25T06:13:00Z,7.66,m_745,health,45.8307,-90.1218
T000038455,478700000237,2025-12-25T06:40:00Z,29.65,m_303,grocery,25.8638,-76.7622
T000038458,458800000284,2025-12-25T07:09:00Z,22.78,m_401,fuel,39.0754,-96.2272
T000038461,422800000294,2025-12-25T07:48:00Z,34.35,m_541,entertainment,40.1174,-117.7285
T000038463,433100000271,2025-12-25T07:53:00Z,14.02,m_213,health,41.9726,-78.522
T000038464,479800000010,2025-12-25T08:00:00Z,12.54,m_642,grocery,36.8652,-117.6269
T000038465,432200000285,2025-12-25T08:04:00Z,19.43,m_747,entertainment,42.0392,-113.4415
T000038466,454700000001,2025-12-25T08:10:00Z,5.51,m_410,clothing,29.2721,-117.1604
T000038467,426900000172,2025-12-25T08:21:00Z,124.8,m_521,entertainment,42.5314,-107.4681
T000038468,467700000148,2025-12-25T08:25:00Z,19.49,m_587,entertainment,33.7308,-72.776
T000038469,421000000277,2025-12-25T08:29:00Z,32.11,m_776,travel,43.2995,-73.2258
T000038472,471700000259,2025-12-25T08:38:00Z,34.83,m_113,clothing,26.5898,-117.5613
T000038473,408300000014,2025-12-25T08:39:00Z,19.51,m_037,clothing,39.217,-88.4344
T000038474,494000000016,2025-12-25T08:42:00Z,64.94,m_520,health,38.9772,-112.7602
T000038476,467200000059,2025-12-25T08:54:00Z,19.27,m_333,cash_advance,43.298,-81.4385
T000038477,497000000024,2025-12-25T08:56:00Z,29.03,m_313,clothing,35.4479,-97.1718
T000038479,471100000298,2025-12-25T09:03:00Z,20.08,m_679,travel,46.2943,-85.396
T000038480,471700000259,2025-12-25T09:04:00Z,43.48,m_647,cash_advance,27.2356,-117.911
T000038483,419200000035,2025-12-25T09:15:00Z,50.14,m_287,entertainment,30.0734,-91.5256
T000038484,471000000105,2025-12-25T09:18:00Z,22.75,m_495,cash_advance,39.3347,-94.4749
T000038485,435100000025,2025-12-25T09:26:00Z,10.47,m_066,entertainment,33.8764,-100.8324
T000038486,427500000040,2025-12-25T09:27:00Z,48.53,m_794,grocery,26.7606,-86.3683
T000038487,443900000180,2025-12-25T09:34:00Z,32.33,m_639,restaurant,45.4979,-76.0088
T000038489,456600000153,2025-12-25T09:37:00Z,80.09,m_611,cash_advance,37.2727,-111.8426
T000038490,468600000099,2025-12-25T09:37:00Z,9.9,m_083,restaurant,36.7831,-72.667
T000038492,465400000150,2025-12-25T09:47:00Z,8.73,m_421,fuel,26.0951,-77.3314
T000038493,476900000239,2025-12-25T09:49:00Z,21.67,m_334,restaurant,30.848,-96.6547
T000038494,490400000207,2025-12-25T09:49:00Z,9.61,m_309,entertainment,38.0096,-121.5924
T000038495,402500000268,2025-12-25T09:52:00Z,10.19,m_312,entertainment,43.9127,-117.1615
T000038496,497300000184,2025-12-25T10:09:00Z,30.74,m_075,fuel,35.0459,-89.2371
T000038497,464600000139,2025-12-25T10:12:00Z,25.8,m_501,cash_advance,40.4244,-84.432
T000038499,425100000250,2025-12-25T10:16:00Z,4.32,m_298,restaurant,32.7748,-98.5576
T000038501,467400000299,2025-12-25T10:17:00Z,35.92,m_679,fuel,26.9446,-109.1735
T000038503,479800000010,2025-12-25T10:23:00Z,4.91,m_568,health,37.4486,-118.0094
T000038504,407400000227,2025-12-25T10:24:00Z,4.03,m_086,cash_advance,34.3995,-84.0569
T000038506,478700000237,2025-12-25T10:28:00Z,29.52,m_452,grocery,26.6197,-77.065
T000038507,436200000283,2025-12-25T10:32:00Z,13.33,m_511,grocery,31.4723,-117.4517
T000038509,460200000201,2025-12-25T10:32:00Z,31.71,m_660,electronics,44.556,-77.8299
T000038510,421200000102,2025-12-25T10:33:00Z,13.57,m_734,travel,39.9753,-116.7375
T000038511,421500000098,2025-12-25T10:43:00Z,13.2,m_112,health,32.9134,-122.402
T000038512,411100000235,2025-12-25T10:45:00Z,9.15,m_540,travel,36.0564,-117.6232
T000038513,418600000223,2025-12-25T10:47:00Z,6.44,m_733,entertainment,48.2774,-78.4156
T000038514,470100000147,2025-12-25T10:53:00Z,20.7,m_697,clothing,30.5107,-83.0061
T000038515,421300000071,2025-12-25T10:57:00Z,5.12,m_026,travel,35.476,-97.4147
T000038517,407400000227,2025-12-25T11:00:00Z,7.62,m_060,clothing,34.31,-84.4116
T000038519,454600000047,2025-12-25T11:03:00Z,27.79,m_616,online,42.9792,-97.0575
T000038522,418600000223,2025-12-25T11:05:00Z,10.91,m_073,health,48.6526,-78.2883
T000038523,489800000203,2025-12-25T11:07:00Z,27.12,m_553,travel,42.0702,-102.8834
T000038524,434500000161,2025-12-25T11:08:00Z,11.54,m_037,cash_advance,36.6958,-88.694
T000038525,454900000187,2025-12-25T11:22:00Z,11.51,m_362,restaurant,41.6056,-111.5819
T000038526,498000000209,2025-12-25T11:23:00Z,14.06,m_184,travel,43.3133,-89.0921
T000038527,425100000250,2025-12-25T11:33:00Z,12.61,m_436,fuel,32.9201,-98.8577
T000038531,430000000162,2025-12-25T11:51:00Z,6.82,m_616,electronics,45.6986,-91.0524
T000038533,413400000129,2025-12-25T12:14:00Z,51.94,m_774,travel,44.6828,-76.3056
T000038535,478700000011,2025-12-25T12:19:00Z,165.48,m_016,clothing,46.4369,-92.8623
T000038536,472500000128,2025-12-25T12:22:00Z,8.99,m_307,travel,30.7707,-119.3435
T000038537,420300000182,2025-12-25T12:28:00Z,15.3,m_742,online,30.5729,-97.0128
T000038538,427100000293,2025-12-25T12:29:00Z,23.33,m_645,entertainment,30.0757,-113.0115
T000038539,490700000100,2025-12-25T12:30:00Z,47.94,m_357,health,34.3946,-121.1168
T000038540,421300000071,2025-12-25T12:30:00Z,11.54,m_347,fuel,34.4056,-96.9229
T000038541,426800000149,2025-12-25T12:33:00Z,46.5,m_642,grocery,30.4117,-118.7378
T000038542,414600000120,2025-12-25T12:39:00Z,25.01,m_223,clothing,28.0505,-79.3176
T000038543,447000000194,2025-12-25T12:41:00Z,10.28,m_540,clothing,34.5269,-80.6117
T000038544,491700000032,2025-12-25T12:51:00Z,11.38,m_669,fuel,34.9854,-116.6761
T000038545,472100000092,2025-12-25T13:00:00Z,15.32,m_776,fuel,41.8256,-79.1281
T000038547,478800000015,2025-12-25T13:03:00Z,71.77,m_145,clothing,29.4894,-113.594
T000038548,426700000042,2025-12-25T13:05:00Z,16.55,m_402,online,36.1926,-114.7316
T000038549,436500000043,2025-12-25T13:07:00Z,50.7,m_026,fuel,35.5697,-110.6551
T000038553,424900000048,2025-12-25T13:20:00Z,22.11,m_227,clothing,35.4655,-115.7491
T000038554,405300000080,2025-12-25T13:22:00Z,48.91,m_117,fuel,47.0322,-87.3084
T000038557,490100000041,2025-12-25T13:26:00Z,18.39,m_695,electronics,35.8843,-91.6429
T000038559,429100000136,2025-12-25T13:35:00Z,40.8,m_260,online,48.2131,-78.7629
T000038560,471700000020,2025-12-25T13:36:00Z,18.22,m_095,entertainment,45.4804,-89.7504
T000038561,409000000198,2025-12-25T13:37:00Z,25.72,m_740,health,47.5315,-81.6419
T000038562,478700000237,2025-12-25T13:37:00Z,44.43,m_458,travel,26.6471,-77.1844
T000038563,463700000006,2025-12-25T13:51:00Z,6.69,m_534,clothing,29.8515,-123.1378
T000038567,460200000201,2025-12-25T14:01:00Z,24.53,m_649,grocery,44.9868,-77.9553
T000038569,471100000081,2025-12-25T14:08:00Z,14.09,m_125,fuel,39.2913,-113.0634
T000038570,443000000144,2025-12-25T14:11:00Z,53.93,m_528,electronics,31.1266,-79.3176
T000038572,408700000002,2025-12-25T14:12:00Z,47.24,m_356,fuel,37.0363,-96.026
T000038573,432000000185,2025-12-25T14:15:00Z,16.28,m_087,health,41.6023,-83.1304
T000038574,479800000106,2025-12-25T14:23:00Z,9.1,m_664,clothing,27.8739,-71.665
T000038575,412900000224,2025-12-25T14:24:00Z,39.79,m_266,fuel,29.7908,-119.2362
T000038576,481700000044,2025-12-25T14:25:00Z,11.73,m_515,cash_advance,41.3809,-88.8488
T000038577,426900000083,2025-12-25T14:27:00Z,53.54,m_362,fuel,47.5665,-83.3678
T000038580,494800000228,2025-12-25T14:39:00Z,37.59,m_762,travel,24.8239,-86.685
T000038583,478500000258,2025-12-25T14:47:00Z,8.77,m_499,health,46.1389,-84.6744
T000038584,467700000148,2025-12-25T14:57:00Z,9.73,m_506,cash_advance,33.8135,-71.984
T000038585,408700000002,2025-12-25T14:59:00Z,29.5,m_775,fuel,37.8673,-95.01
T000038586,493600000274,2025-12-25T15:00:00Z,18.88,m_330,health,26.3432,-72.1988
T000038589,411100000235,2025-12-25T15:17:00Z,20.76,m_026,fuel,35.1266,-118.0653
T000038590,433600000269,2025-12-25T15:21:00Z,12.03,m_595,electronics,49.2221,-89.7316
T000038591,443500000166,2025-12-25T15:22:00Z,27.13,m_580,travel,31.973,-73.7146
T000038592,478700000011,2025-12-25T15:24:00Z,35.3,m_542,grocery,45.3747,-93.1517
T000038593,448700000123,2025-12-25T15:24:00Z,35.14,m_174,fuel,40.6677,-97.7703
T000038594,491700000073,2025-12-25T15:25:00Z,7.26,m_645,clothing,30.1075,-85.5174
T000038595,458800000284,2025-12-25T15:26:00Z,38.21,m_014,entertainment,39.0187,-96.0455
T000038597,414600000120,2025-12-25T15:31:00Z,62.69,m_404,health,28.3609,-79.1407
T000038598,448700000123,2025-12-25T15:32:00Z,76.87,m_556,entertainment,41.2677,-97.1626
T000038601,408700000002,2025-12-25T15:38:00Z,26.8,m_375,health,37.3718,-94.6591
T000038602,442800000101,2025-12-25T15:39:00Z,5.13,m_156,grocery,24.7388,-103.5266
T000038603,436500000043,2025-12-25T15:41:00Z,35.42,m_661,health,35.7534,-110.7983
T000038604,490400000207,2025-12-25T15:41:00Z,10.12,m_604,health,38.3824,-120.9374
T000038605,444800000104,2025-12-25T15:41:00Z,25.18,m_579,clothing,40.9172,-77.7699
T000038606,434700000262,2025-12-25T15:42:00Z,18.78,m_656,fuel,30.0145,-80.3216
T000038607,411200000218,2025-12-25T15:43:00Z,3.31,m_126,electronics,25.6525,-77.6884
T000038608,421400000107,2025-12-25T15:46:00Z,23.97,m_138,clothing,40.9083,-112.6549
T000038609,482000000288,2025-12-25T15:50:00Z,38.29,m_376,entertainment,37.4522,-106.328
T000038611,493900000290,2025-12-25T15:55:00Z,44.15,m_789,grocery,34.6407,-73.6882
T000038612,408300000014,2025-12-25T16:02:00Z,9.97,m_785,cash_advance,38.6,-88.5227
T000038613,414600000120,2025-12-25T16:02:00Z,41.59,m_489,entertainment,27.5219,-78.153
T000038615,482600000050,2025-12-25T16:05:00Z,16.47,m_209,travel,38.4833,-76.5577
T000038616,491300000082,2025-12-25T16:05:00Z,49.61,m_245,health,40.6035,-105.0728
T000038617,408300000014,2025-12-25T16:11:00Z,7.09,m_129,health,39.9833,-89.2779
T000038618,482600000050,2025-12-25T16:14:00Z,13.16,m_513,travel,37.7485,-77.4032
T000038619,410600000115,2025-12-25T16:14:00Z,15.96,m_225,cash_advance,27.9382,-84.6732
T000038620,498200000023,2025-12-25T16:16:00Z,18.96,m_241,health,25.8182,-85.2731
T000038621,498000000026,2025-12-25T16:16:00Z,68.08,m_428,fuel,26.8269,-90.3286
T000038624,482000000288,2025-12-25T16:21:00Z,29.53,m_073,health,37.6307,-107.5522
T000038625,423900000113,2025-12-25T16:22:00Z,34.72,m_477,health,31.4712,-90.63
T000038626,423900000113,2025-12-25T16:23:00Z,71.17,m_344,cash_advance,31.2382,-90.7534
T000038627,431600000056,2025-12-25T16:28:00Z,15.73,m_799,entertainment,45.2007,-84.1161
T000038628,421000000277,2025-12-25T16:32:00Z,65.41,m_584,travel,43.7389,-73.3156
T000038629,452800000233,2025-12-25T16:38:00Z,40.98,m_361,online,35.4788,-72.7171
T000038631,464300000022,2025-12-25T16:40:00Z,6.96,m_205,entertainment,44.7029,-72.1761
T000038632,422200000028,2025-12-25T16:41:00Z,82.5,m_455,grocery,29.4054,-122.6802
T000038633,405300000080,2025-12-25T16:44:00Z,66.01,m_058,grocery,47.0721,-87.1691
T000038634,477200000076,2025-12-25T16:45:00Z,29.63,m_311,fuel,43.5395,-77.7514
T000038635,436300000225,2025-12-25T16:51:00Z,77.73,m_513,clothing,45.7147,-100.4952
T000038636,442700000200,2025-12-25T16:53:00Z,25.21,m_310,fuel,44.3937,-94.1909
T000038638,482000000288,2025-12-25T17:01:00Z,21.57,m_109,online,36.8226,-106.9105
T000038639,481700000044,2025-12-25T17:07:00Z,41.83,m_710,online,41.9434,-88.7806
T000038640,452100000297,2025-12-25T17:08:00Z,28.22,m_644,electronics,26.4509,-84.0034
T000038641,412700000272,2025-12-25T17:11:00Z,37.19,m_690,cash_advance,35.8768,-108.4216
T000038642,493900000290,2025-12-25T17:11:00Z,60.72,m_412,restaurant,33.8078,-73.9324
T000038643,473800000088,2025-12-25T17:12:00Z,15.56,m_742,travel,49.1886,-99.5139
T000038645,442200000287,2025-12-25T17:16:00Z,31.87,m_005,online,33.494,-120.6084
T000038646,413300000061,2025-12-25T17:22:00Z,6.54,m_559,cash_advance,34.3963,-80.571
T000038649,413400000129,2025-12-25T17:51:00Z,15.59,m_297,restaurant,43.4237,-76.3709
T000038650,405700000064,2025-12-25T17:53:00Z,29.83,m_470,travel,31.5192,-113.1821
T000038651,421400000107,2025-12-25T17:54:00Z,19.9,m_687,electronics,39.7924,-112.607
T000038652,493400000219,2025-12-25T17:59:00Z,17.13,m_439,clothing,40.8095,-80.7914
T000038653,414600000120,2025-12-25T18:00:00Z,75.56,m_212,health,28.0525,-79.8627
T000038658,493300000296,2025-12-25T18:06:00Z,16.29,m_061,cash_advance,47.5374,-106.5568
T000038659,405200000054,2025-12-25T18:06:00Z,23.68,m_526,fuel,30.7835,-88.0685
T000038660,434700000262,2025-12-25T18:08:00Z,6.64,m_446,entertainment,30.1452,-80.7201
T000038661,471000000105,2025-12-25T18:08:00Z,32.65,m_434,electronics,39.1834,-93.8022
T000038662,402100000075,2025-12-25T18:11:00Z,6.81,m_750,online,38.3682,-123.0585
T000038664,489200000253,2025-12-25T18:16:00Z,42.7,m_007,restaurant,36.9826,-88.8674
T000038666,426900000083,2025-12-25T18:18:00Z,73.54,m_067,fuel,47.6914,-83.1396
T000038667,411600000017,2025-12-25T18:21:00Z,64.25,m_415,health,37.808,-87.0904
T000038668,430300000145,2025-12-25T18:27:00Z,10.27,m_540,clothing,26.3048,-103.0971
T000038669,497600000197,2025-12-25T18:28:00Z,16.22,m_138,fuel,45.1539,-116.2194
T000038670,429300000186,2025-12-25T18:28:00Z,41.81,m_675,online,26.1846,-94.4867
T000038671,491300000082,2025-12-25T18:29:00Z,43.63,m_664,grocery,40.019,-105.2217
T000038672,452500000236,2025-12-25T18:39:00Z,34.65,m_496,online,26.2939,-115.9897
T000038673,434700000262,2025-12-25T18:39:00Z,11.32,m_070,entertainment,30.3998,-80.436
T000038674,405700000064,2025-12-25T18:40:00Z,20.45,m_383,grocery,31.6692,-112.3164
T000038675,448600000179,2025-12-25T18:47:00Z,20.95,m_079,cash_advance,30.9457,-110.053
T000038676,452500000236,2025-12-25T18:49:00Z,17.09,m_089,travel,25.0515,-116.0827
T000038677,413400000129,2025-12-25T18:51:00Z,36.18,m_311,clothing,43.9015,-76.813
T000038678,458800000284,2025-12-25T18:54:00Z,18.77,m_153,fuel,38.6173,-96.9462
T000038679,490100000041,2025-12-25T18:57:00Z,14.24,m_288,online,34.7696,-90.9465
T000038680,482300000206,2025-12-25T19:10:00Z,14.42,m_552,restaurant,37.2503,-79.1018
T000038682,440200000212,2025-12-25T19:14:00Z,38.5,m_538,cash_advance,45.3039,-103.7069
T000038683,429300000186,2025-12-25T19:16:00Z,43.45,m_309,travel,26.9154,-94.1546
T000038684,496400000091,2025-12-25T19:24:00Z,57.94,m_524,clothing,27.7676,-72.4325
T000038685,429100000136,2025-12-25T19:33:00Z,22.53,m_264,travel,48.1121,-78.9024
T000038686,494000000016,2025-12-25T19:34:00Z,33.82,m_525,entertainment,38.9664,-111.749
T000038687,442200000287,2025-12-25T19:38:00Z,16.57,m_600,health,33.4295,-120.6448
T000038690,499000000220,2025-12-25T20:13:00Z,47.04,m_742,clothing,26.8229,-106.8742
T000038691,496400000091,2025-12-25T20:13:00Z,43.37,m_649,clothing,27.8771,-73.2907
T000038692,431800000140,2025-12-25T20:14:00Z,27.14,m_657,fuel,47.9874,-97.3264
T000038693,478200000065,2025-12-25T20:19:00Z,92.45,m_218,clothing,34.3409,-89.7602
T000038694,447000000194,2025-12-25T20:21:00Z,13.85,m_550,health,35.7341,-81.3002
T000038696,405200000054,2025-12-25T20:26:00Z,67.0,m_543,electronics,32.003,-88.7318
T000038698,473800000088,2025-12-25T20:29:00Z,18.3,m_231,online,48.9764,-99.6865
T000038699,411100000235,2025-12-25T20:35:00Z,16.64,m_062,travel,35.8624,-118.4521
T000038701,478500000258,2025-12-25T20:37:00Z,19.88,m_578,online,46.7259,-83.9875
T000038702,434700000262,2025-12-25T20:40:00Z,3.13,m_456,health,30.6862,-80.5873
T000038703,468700000127,2025-12-25T20:40:00Z,17.6,m_714,health,31.7636,-123.1581
T000038704,478800000015,2025-12-25T20:48:00Z,61.0,m_537,cash_advance,29.8959,-114.6291
T000038705,440800000163,2025-12-25T20:54:00Z,7.39,m_458,cash_advance,27.6056,-117.666
T000038706,405200000054,2025-12-25T20:54:00Z,50.53,m_711,online,30.4979,-88.4622
T000038707,453700000255,2025-12-25T20:56:00Z,9.41,m_621,grocery,24.3438,-111.3862
T000038708,456300000265,2025-12-25T20:57:00Z,25.64,m_420,cash_advance,33.6421,-122.1057
T000038709,418600000223,2025-12-25T21:14:00Z,67.26,m_156,electronics,50.6137,-78.0447
T000038710,453000000151,2025-12-25T21:29:00Z,24.4,m_718,travel,38.5902,-103.2923
T000038711,448100000292,2025-12-25T21:36:00Z,25.99,m_749,clothing,33.6161,-93.7511
T000038712,431700000171,2025-12-25T21:50:00Z,19.83,m_670,electronics,48.6628,-119.6274
T000038715,427500000040,2025-12-25T22:19:00Z,46.58,m_298,clothing,26.384,-86.4875
T000038716,458800000284,2025-12-25T22:32:00Z,22.73,m_138,travel,38.9266,-96.284
T000038717,421400000107,2025-12-25T22:33:00Z,31.69,m_342,clothing,39.5568,-112.9625
T000038718,432200000285,2025-12-25T22:36:00Z,93.51,m_580,cash_advance,43.9018,-119.9152
T000038719,443900000180,2025-12-25T23:18:00Z,11.48,m_132,cash_advance,45.5891,-76.6632
T000038720,497000000024,2025-12-26T00:27:00Z,58.6,m_618,electronics,33.5921,-86.8766
T000038722,429300000186,2025-12-26T00:35:00Z,43.84,m_544,electronics,26.5485,-94.9338
T000038725,402500000268,2025-12-26T01:32:00Z,8.9,m_627,restaurant,44.3551,-117.3028
T000038726,453000000151,2025-12-26T01:42:00Z,19.89,m_751,electronics,37.8452,-103.7076
T000038727,496700000238,2025-12-26T01:50:00Z,13.03,m_547,clothing,25.8743,-103.9636
T000038728,494800000019,2025-12-26T02:16:00Z,24.91,m_103,fuel,24.6771,-102.7209
T000038729,421000000277,2025-12-26T02:19:00Z,21.49,m_594,online,42.7765,-72.7573
T000038730,475100000009,2025-12-26T02:20:00Z,57.49,m_328,electronics,32.9328,-78.237
T000038731,468200000221,2025-12-26T02:30:00Z,7.24,m_592,health,39.6862,-72.3032
T000038732,471700000259,2025-12-26T02:36:00Z,78.73,m_185,entertainment,26.4752,-118.2118
T000038733,414100000007,2025-12-26T03:02:00Z,9.44,m_543,restaurant,35.1863,-114.0903
T000038735,453000000151,2025-12-26T03:40:00Z,7.86,m_552,grocery,37.9069,-103.1545
T000038736,470900000176,2025-12-26T03:45:00Z,28.25,m_094,entertainment,46.4093,-80.7881
T000038737,491700000073,2025-12-26T04:04:00Z,22.25,m_378,fuel,29.2246,-85.0809
T000038738,430000000162,2025-12-26T04:09:00Z,6.82,m_283,cash_advance,45.4934,-90.6661
T000038740,490100000041,2025-12-26T04:14:00Z,12.6,m_352,health,35.6826,-90.7645
T000038741,459100000090,2025-12-26T04:22:00Z,28.86,m_056,fuel,40.5821,-83.328
T000038742,425100000126,2025-12-26T04:39:00Z,89.09,m_053,travel,46.5805,-107.5152
T000038743,432500000146,2025-12-26T04:40:00Z,12.43,m_341,restaurant,27.1841,-116.7479
T000038744,473300000089,2025-12-26T04:47:00Z,12.8,m_497,clothing,38.7816,-74.0706
T000038745,498000000026,2025-12-26T04:53:00Z,34.37,m_096,online,27.119,-90.4012
T000038746,456300000265,2025-12-26T05:11:00Z,61.06,m_552,online,33.229,-122.7449
T000038747,461900000132,2025-12-26T05:16:00Z,11.32,m_339,online,39.3038,-97.5773
T000038748,413300000061,2025-12-26T05:27:00Z,5.1,m_760,electronics,34.2708,-81.011
T000038749,434500000161,2025-12-26T05:41:00Z,11.03,m_444,electronics,36.3827,-89.3206
T000038750,436700000039,2025-12-26T05:41:00Z,15.97,m_418,cash_advance,41.8078,-77.0768
T000038751,471000000105,2025-12-26T05:46:00Z,20.47,m_687,fuel,39.1238,-93.699
T000038752,434700000262,2025-12-26T06:23:00Z,11.73,m_410,travel,29.9285,-80.4616
T000038754,462500000168,2025-12-26T06:27:00Z,17.02,m_656,clothing,30.8227,-71.7705
T000038755,464300000022,2025-12-26T06:29:00Z,11.7,m_731,entertainment,43.3956,-72.6329
T000038756,466900000159,2025-12-26T06:33:00Z,8.05,m_179,grocery,43.4817,-100.4545
T000038757,448600000179,2025-12-26T06:36:00Z,11.05,m_688,entertainment,30.9199,-109.7556
T000038758,473300000089,2025-12-26T06:51:00Z,13.74,m_113,clothing,38.1652,-73.8932
T000038759,429200000004,2025-12-26T07:07:00Z,33.18,m_771,cash_advance,26.6788,-95.8028
T000038760,471700000259,2025-12-26T07:22:00Z,39.31,m_163,clothing,27.4653,-119.1114
T000038762,467400000299,2025-12-26T07:32:00Z,33.84,m_351,travel,27.0013,-109.8591
T000038763,470100000147,2025-12-26T07:38:00Z,7.62,m_380,fuel,29.7495,-83.1099
T000038764,488200000133,2025-12-26T07:52:00Z,14.89,m_614,health,46.8129,-88.0251
T000038765,471100000298,2025-12-26T07:52:00Z,11.99,m_672,grocery,46.0071,-86.0943
T000038767,462500000168,2025-12-26T08:02:00Z,11.16,m_221,electronics,30.6055,-71.2914
T000038768,450800000191,2025-12-26T08:03:00Z,11.03,m_645,fuel,43.1142,-76.2918
T000038770,402500000268,2025-12-26T08:08:00Z,8.99,m_066,fuel,44.1337,-117.3331
T000038771,449400000063,2025-12-26T08:08:00Z,12.45,m_790,online,41.5572,-73.8398
T000038774,439700000263,2025-12-26T08:18:00Z,32.81,m_435,restaurant,46.8785,-94.1406
T000038775,477200000076,2025-12-26T08:22:00Z,44.74,m_005,fuel,43.0734,-77.4388
T000038776,444500000160,2025-12-26T08:26:00Z,28.0,m_185,travel,28.7946,-81.5748
T000038783,473300000089,2025-12-26T08:41:00Z,4.9,m_578,cash_advance,39.4727,-73.3287
T000038784,425600000170,2025-12-26T08:47:00Z,16.92,m_273,electronics,28.0335,-83.4189
T000038785,478700000237,2025-12-26T08:50:00Z,53.53,m_327,fuel,25.9998,-76.7118
T000038787,426800000261,2025-12-26T09:01:00Z,24.86,m_219,clothing,31.3325,-112.1367
T000038790,493100000068,2025-12-26T09:06:00Z,15.36,m_372,clothing,34.6114,-91.6753
T000038792,472500000128,2025-12-26T09:10:00Z,24.11,m_385,cash_advance,30.2942,-119.4756
T000038794,462500000168,2025-12-26T09:19:00Z,4.1,m_207,electronics,30.1694,-71.9615
T000038795,492900000216,2025-12-26T09:23:00Z,4.47,m_106,online,36.2638,-70.7363
T000038796,412700000272,2025-12-26T09:24:00Z,42.97,m_318,restaurant,35.1556,-107.4418
T000038797,436200000283,2025-12-26T09:24:00Z,17.33,m_387,cash_advance,31.5832,-117.8195
T000038798,414100000007,2025-12-26T09:27:00Z,27.7,m_286,clothing,35.4182,-113.8914
T000038799,468600000099,2025-12-26T09:28:00Z,3.82,m_700,fuel,37.5193,-73.78
T000038800,490100000041,2025-12-26T09:38:00Z,14.34,m_071,travel,35.6187,-91.7749
T000038801,427000000130,2025-12-26T09:40:00Z,18.84,m_351,electronics,40.5649,-100.1106
T000038802,416600000244,2025-12-26T09:40:00Z,41.98,m_509,restaurant,38.5548,-73.0272
T000038803,458800000284,2025-12-26T09:44:00Z,13.76,m_189,online,38.4434,-96.1435
T000038804,430200000164,2025-12-26T09:45:00Z,64.55,m_009,restaurant,32.1866,-74.9859
T000038805,451600000095,2025-12-26T09:46:00Z,24.85,m_251,travel,40.5292,-102.6953
T000038807,464600000139,2025-12-26T09:53:00Z,80.51,m_284,electronics,40.1056,-84.747
T000038808,494800000019,2025-12-26T09:53:00Z,42.63,m_455,restaurant,25.9878,-103.4149
T000038809,432500000036,2025-12-26T09:55:00Z,8.62,m_435,clothing,39.6392,-119.9508
T000038810,482000000288,2025-12-26T09:56:00Z,33.32,m_652,clothing,37.5422,-106.4358
T000038812,413400000129,2025-12-26T10:03:00Z,14.3,m_407,entertainment,44.3248,-76.0506
T000038813,412500000217,2025-12-26T10:12:00Z,25.65,m_745,clothing,25.8027,-113.8863
T000038814,441600000097,2025-12-26T10:12:00Z,22.43,m_005,clothing,27.105,-116.8556
T000038815,411200000218,2025-12-26T10:15:00Z,8.04,m_639,grocery,26.9956,-77.0226
T000038816,491300000082,2025-12-26T10:17:00Z,48.11,m_376,fuel,41.0138,-105.8374
T000038817,430200000164,2025-12-26T10:22:00Z,101.56,m_636,travel,31.9027,-74.9926
T000038818,436200000283,2025-12-26T10:26:00Z,23.25,m_604,fuel,31.3346,-117.5655
T000038820,482600000050,2025-12-26T10:27:00Z,36.81,m_048,health,37.1976,-77.2312
T000038821,480500000222,2025-12-26T10:30:00Z,125.22,m_328,fuel,28.7237,-122.5375
T000038822,452500000236,2025-12-26T10:31:00Z,9.0,m_788,clothing,26.2424,-115.8661
T000038823,442200000037,2025-12-26T10:45:00Z,28.28,m_378,clothing,33.4904,-106.7751
T000038825,442200000287,2025-12-26T10:48:00Z,33.56,m_315,entertainment,32.3137,-119.9825
T000038826,425300000079,2025-12-26T10:51:00Z,8.89,m_249,electronics,36.4967,-75.862
T000038827,440200000212,2025-12-26T10:56:00Z,41.78,m_697,cash_advance,45.2981,-103.3476
T000038828,494000000016,2025-12-26T10:57:00Z,94.01,m_339,cash_advance,40.0466,-112.6624
T000038829,470100000147,2025-12-26T10:58:00Z,20.58,m_469,entertainment,29.6643,-83.3994
T000038830,414100000007,2025-12-26T11:04:00Z,10.65,m_201,fuel,35.8482,-113.7721
T000038831,426700000042,2025-12-26T11:05:00Z,21.3,m_200,cash_advance,36.3951,-115.6236
T000038832,414100000007,2025-12-26T11:06:00Z,14.33,m_183,restaurant,35.6428,-114.1626
T000038833,434500000161,2025-12-26T11:07:00Z,41.09,m_046,online,36.1773,-88.5492
T000038834,489800000203,2025-12-26T11:08:00Z,5.45,m_300,cash_advance,43.1647,-102.5906
T000038835,453000000151,2025-12-26T11:08:00Z,15.51,m_317,entertainment,37.7413,-102.6133
T000038836,418600000223,2025-12-26T11:14:00Z,5.51,m_307,electronics,49.633,-78.6695
T000038838,482900000152,2025-12-26T11:15:00Z,11.95,m_395,entertainment,44.1979,-97.0151
T000038839,408300000014,2025-12-26T11:18:00Z,4.6,m_240,restaurant,39.8725,-89.2372
T000038840,499500000281,2025-12-26T11:18:00Z,13.36,m_761,entertainment,47.2095,-75.3559
T000038841,448700000123,2025-12-26T11:20:00Z,44.51,m_149,health,40.7386,-97.6672
T000038842,443500000166,2025-12-26T11:24:00Z,34.62,m_145,online,31.6521,-73.4162
T000038843,426700000042,2025-12-26T11:27:00Z,23.64,m_423,online,35.64,-115.0097
T000038844,403900000005,2025-12-26T11:28:00Z,17.68,m_092,fuel,27.2237,-90.1149
T000038845,429200000004,2025-12-26T11:30:00Z,22.28,m_718,travel,25.784,-96.1107
T000038847,429200000004,2025-12-26T11:35:00Z,92.51,m_336,cash_advance,26.1706,-96.8047
T000038848,471100000081,2025-12-26T11:39:00Z,9.54,m_118,clothing,39.1685,-113.588
T000038849,493400000219,2025-12-26T11:52:00Z,12.99,m_119,cash_advance,41.273,-80.4717
T000038850,426800000261,2025-12-26T11:55:00Z,19.03,m_686,electronics,31.2822,-112.2576
T000038852,471100000081,2025-12-26T11:57:00Z,5.41,m_171,travel,40.0105,-113.8774
T000038853,468600000099,2025-12-26T12:00:00Z,7.92,m_186,cash_advance,37.5468,-74.013
T000038854,493600000141,2025-12-26T12:02:00Z,4.37,m_007,fuel,30.5911,-111.2664
T000038855,432000000185,2025-12-26T12:06:00Z,11.62,m_299,restaurant,41.3097,-81.9665
T000038856,429200000004,2025-12-26T12:07:00Z,59.2,m_612,electronics,25.5313,-96.141
T000038857,429200000004,2025-12-26T12:07:00Z,20.82,m_236,entertainment,26.3592,-95.7665
T000038858,423900000113,2025-12-26T12:09:00Z,26.97,m_745,cash_advance,31.4786,-90.6327
T000038859,460200000201,2025-12-26T12:10:00Z,24.15,m_398,entertainment,44.6694,-77.9431
T000038860,426900000172,2025-12-26T12:11:00Z,30.6,m_551,online,43.2131,-107.8863
T000038861,493400000219,2025-12-26T12:11:00Z,16.55,m_252,cash_advance,40.6487,-80.7042
T000038862,442700000200,2025-12-26T12:20:00Z,57.63,m_183,health,44.1306,-94.4899
T000038863,488200000133,2025-12-26T12:24:00Z,8.57,m_719,travel,46.5409,-87.9202
T000038866,432500000146,2025-12-26T12:30:00Z,30.43,m_191,grocery,27.4899,-116.474
T000038867,493100000068,2025-12-26T12:34:00Z,17.98,m_077,travel,34.1545,-90.9319
T000038868,478200000065,2025-12-26T12:35:00Z,37.25,m_763,fuel,34.6816,-89.9014
T000038869,423800000109,2025-12-26T12:48:00Z,7.97,m_251,entertainment,37.3981,-98.4275
T000038870,496400000091,2025-12-26T12:49:00Z,72.78,m_012,clothing,27.8451,-73.3356
T000038871,490400000207,2025-12-26T12:54:00Z,7.64,m_404,entertainment,38.3149,-121.097
T000038872,467200000059,2025-12-26T12:57:00Z,3.85,m_398,clothing,42.6537,-81.3699
T000038873,411100000235,2025-12-26T13:02:00Z,11.1,m_625,clothing,35.5536,-118.1479
T000038874,456600000153,2025-12-26T13:08:00Z,49.9,m_646,health,37.1853,-111.5425
T000038875,471100000081,2025-12-26T13:12:00Z,4.14,m_421,grocery,39.6719,-113.7009
T000038876,403400000178,2025-12-26T13:13:00Z,8.69,m_597,electronics,26.8005,-113.6316
T000038877,459100000090,2025-12-26T13:15:00Z,45.16,m_000,cash_advance,40.2243,-82.1686
T000038878,431800000140,2025-12-26T13:15:00Z,73.42,m_704,clothing,48.0528,-96.8316
T000038880,494800000228,2025-12-26T13:19:00Z,62.76,m_277,fuel,25.8464,-87.1994
T000038882,418600000223,2025-12-26T13:21:00Z,12.46,m_270,fuel,49.0573,-78.566
T000038884,419200000035,2025-12-26T13:22:00Z,28.8,m_629,electronics,29.299,-91.465
T000038886,405700000064,2025-12-26T13:26:00Z,36.02,m_422,health,31.1496,-112.1566
T000038887,463700000291,2025-12-26T13:28:00Z,12.64,m_304,electronics,37.5428,-84.6678
T000038889,492900000216,2025-12-26T13:33:00Z,4.04,m_163,travel,35.5767,-71.2946
T000038890,449400000063,2025-12-26T13:34:00Z,65.35,m_198,travel,41.4031,-73.8806
T000038891,461900000132,2025-12-26T13:34:00Z,5.1,m_058,clothing,39.6392,-97.3088
T000038892,453000000151,2025-12-26T13:35:00Z,3.53,m_748,restaurant,38.3385,-103.6081
T000038893,494800000019,2025-12-26T13:40:00Z,47.4,m_532,fuel,24.3102,-103.0342
T000038894,424900000048,2025-12-26T13:51:00Z,15.7,m_603,cash_advance,35.6125,-115.0864
T000038895,454700000001,2025-12-26T13:52:00Z,9.97,m_569,electronics,27.9184,-117.579
T000038896,412700000272,2025-12-26T13:58:00Z,42.45,m_510,entertainment,35.5581,-108.2114
T000038897,420900000275,2025-12-26T14:01:00Z,26.82,m_346,entertainment,29.1459,-73.6913
T000038898,414100000007,2025-12-26T14:02:00Z,11.49,m_411,travel,35.6785,-114.6752
T000038899,409000000198,2025-12-26T14:15:00Z,16.51,m_447,restaurant,47.265,-81.0767
T000038900,403300000018,2025-12-26T14:16:00Z,17.7,m_230,restaurant,30.5154,-79.2813
T000038901,412700000272,2025-12-26T14:19:00Z,80.94,m_496,clothing,35.5942,-108.1737
T000038902,448700000123,2025-12-26T14:21:00Z,57.86,m_052,cash_advance,41.3793,-97.6764
T000038905,459200000077,2025-12-26T14:36:00Z,31.62,m_419,clothing,34.872,-106.0394
T000038907,403900000005,2025-12-26T14:43:00Z,28.33,m_377,travel,26.879,-90.3513
T000038908,431700000171,2025-12-26T14:49:00Z,25.75,m_718,grocery,48.9762,-119.4714
T000038909,413700000240,2025-12-26T14:52:00Z,10.77,m_106,restaurant,29.5918,-117.2511
T000038911,468200000221,2025-12-26T14:53:00Z,20.86,m_435,clothing,40.2657,-72.2654
T000038912,477200000076,2025-12-26T14:55:00Z,48.56,m_411,grocery,43.6329,-78.2563
T000038913,411600000017,2025-12-26T14:55:00Z,59.69,m_353,entertainment,37.6653,-87.158
T000038915,490700000100,2025-12-26T15:23:00Z,126.13,m_445,health,33.7118,-120.5966
T000038917,411200000218,2025-12-26T15:34:00Z,6.45,m_444,clothing,26.5734,-77.9144
T000038919,492300000241,2025-12-26T15:39:00Z,6.86,m_488,health,29.7979,-77.0178
T000038920,413300000061,2025-12-26T15:41:00Z,7.13,m_057,online,34.8852,-80.6016
T000038922,442200000037,2025-12-26T15:45:00Z,104.72,m_150,restaurant,33.5335,-106.7602
T000038923,463700000006,2025-12-26T15:48:00Z,8.11,m_558,electronics,29.388,-122.7911
T000038925,473800000088,2025-12-26T15:55:00Z,21.3,m_719,electronics,48.8123,-99.4007
T000038926,422200000028,2025-12-26T15:59:00Z,50.11,m_610,clothing,29.6331,-121.6442
T000038931,449300000066,2025-12-26T16:30:00Z,6.6,m_587,clothing,34.7082,-91.8126
T000038932,407400000227,2025-12-26T16:31:00Z,13.12,m_092,health,35.0579,-84.8623
T000038933,448600000179,2025-12-26T16:38:00Z,18.66,m_513,travel,30.6057,-109.9839
T000038937,425600000170,2025-12-26T16:48:00Z,9.06,m_572,electronics,27.0409,-84.0082
T000038939,483100000286,2025-12-26T16:49:00Z,51.13,m_140,online,35.5036,-73.9189
T000038940,460200000124,2025-12-26T16:51:00Z,9.24,m_443,entertainment,48.197,-74.2372
T000038941,473300000089,2025-12-26T16:55:00Z,7.42,m_044,grocery,38.8331,-74.1312
T000038942,476900000239,2025-12-26T16:57:00Z,37.47,m_666,clothing,30.6423,-96.2894
T000038943,426800000261,2025-12-26T16:57:00Z,14.91,m_736,entertainment,30.7191,-113.2147
T000038944,461900000132,2025-12-26T16:59:00Z,10.44,m_533,fuel,39.9003,-96.0968
T000038945,448700000123,2025-12-26T17:02:00Z,32.55,m_184,cash_advance,41.682,-98.5724
T000038947,491300000082,2025-12-26T17:05:00Z,45.64,m_304,health,40.4868,-105.7646
T000038949,454600000047,2025-12-26T17:09:00Z,14.77,m_349,electronics,42.5715,-97.2574
T000038951,497600000197,2025-12-26T17:13:00Z,32.87,m_457,restaurant,45.1148,-117.3143
T000038952,419900000096,2025-12-26T17:14:00Z,18.15,m_518,online,46.2397,-94.87
T000038953,440200000212,2025-12-26T17:17:00Z,47.24,m_297,fuel,45.2552,-103.2763
T000038954,436500000043,2025-12-26T17:19:00Z,15.77,m_444,cash_advance,35.5806,-110.2583
T000038955,421000000277,2025-12-26T17:26:00Z,28.83,m_330,health,42.9482,-73.1387
T000038956,430300000145,2025-12-26T17:28:00Z,24.67,m_391,grocery,26.0878,-103.6298
T000038957,489800000203,2025-12-26T17:35:00Z,10.4,m_541,health,42.4989,-102.8994
T000038958,411600000017,2025-12-26T17:36:00Z,78.67,m_024,cash_advance,38.7198,-87.0421
T000038959,411200000218,2025-12-26T17:41:00Z,11.56,m_464,cash_advance,25.8611,-77.6008
T000038960,440800000163,2025-12-26T17:41:00Z,11.42,m_054,health,27.7706,-117.8195
T000038961,414100000007,2025-12-26T17:42:00Z,4.81,m_720,fuel,35.8674,-114.4223
T000038962,485100000229,2025-12-26T17:45:00Z,14.47,m_434,clothing,30.5275,-97.0343
T000038964,482000000288,2025-12-26T17:50:00Z,15.13,m_537,electronics,36.8685,-106.6475
T000038965,432000000185,2025-12-26T17:52:00Z,19.97,m_678,fuel,41.6154,-82.6323
T000038966,436200000283,2025-12-26T17:57:00Z,23.44,m_023,travel,31.7812,-117.2727
T000038967,478800000015,2025-12-26T18:00:00Z,53.89,m_490,health,30.2584,-113.6895
T000038968,455700000103,2025-12-26T18:04:00Z,14.98,m_387,health,25.1618,-89.966
T000038969,498000000026,2025-12-26T18:08:00Z,44.75,m_493,travel,26.1892,-90.2667
T000038974,432000000185,2025-12-26T18:22:00Z,62.41,m_527,electronics,41.8146,-83.234
T000038975,421500000098,2025-12-26T18:27:00Z,4.87,m_077,grocery,32.4975,-121.8684
T000038977,423800000109,2025-12-26T18:32:00Z,5.72,m_390,fuel,38.103,-98.4978
T000038978,444500000160,2025-12-26T18:39:00Z,14.48,m_680,fuel,27.5346,-81.7301
T000038979,492800000125,2025-12-26T18:51:00Z,27.13,m_295,restaurant,45.4336,-88.9739
T000038980,449200000177,2025-12-26T18:51:00Z,21.08,m_251,electronics,31.398,-117.1719
T000038981,430000000162,2025-12-26T18:58:00Z,10.52,m_044,entertainment,45.3014,-91.0309
T000038982,426900000172,2025-12-26T18:59:00Z,30.89,m_468,entertainment,43.6151,-107.3292
T000038983,427100000293,2025-12-26T19:01:00Z,36.89,m_607,restaurant,30.1385,-112.8489
T000038984,432500000146,2025-12-26T19:02:00Z,14.39,m_648,health,26.9301,-115.8694
T000038986,421500000098,2025-12-26T19:02:00Z,7.88,m_616,health,31.9736,-122.2586
T000038987,482300000206,2025-12-26T19:03:00Z,23.97,m_679,travel,37.9908,-78.8143
T000038988,421200000102,2025-12-26T19:08:00Z,23.61,m_481,electronics,41.1396,-116.6118
T000038989,491600000072,2025-12-26T19:10:00Z,19.51,m_764,travel,34.1192,-113.7872
T000038991,468700000127,2025-12-26T19:17:00Z,18.22,m_712,online,31.289,-123.6197
T000038992,452100000297,2025-12-26T19:20:00Z,44.34,m_321,clothing,26.1437,-84.5062
T000038993,415300000169,2025-12-26T19:24:00Z,9.67,m_224,online,35.9022,-116.8273
T000038995,463700000006,2025-12-26T19:26:00Z,7.54,m_232,cash_advance,30.3238,-122.2717
T000038996,468200000221,2025-12-26T19:30:00Z,8.93,m_764,fuel,40.6805,-72.7605
T000038997,411600000017,2025-12-26T19:30:00Z,68.12,m_313,grocery,37.9135,-86.8754
T000038998,467700000148,2025-12-26T19:34:00Z,25.51,m_243,health,33.7766,-73.2932
T000038999,460200000201,2025-12-26T19:43:00Z,22.9,m_457,entertainment,44.4723,-78.1649
T000039000,467000000279,2025-12-26T19:55:00Z,15.58,m_479,grocery,43.9196,-107.6438
T000039002,443500000166,2025-12-26T20:06:00Z,40.64,m_100,entertainment,30.7997,-73.3392
T000039003,476900000239,2025-12-26T20:08:00Z,36.79,m_510,electronics,31.2731,-97.2028
T000039004,448100000292,2025-12-26T20:13:00Z,16.13,m_045,entertainment,33.2075,-93.625
T000039007,494800000228,2025-12-26T20:15:00Z,27.52,m_258,electronics,25.6,-86.5411
T000039008,454600000047,2025-12-26T20:20:00Z,27.37,m_796,health,43.3009,-96.9501
T000039009,442800000101,2025-12-26T20:23:00Z,5.85,m_499,online,25.0176,-103.3782
T000039010,441600000097,2025-12-26T20:26:00Z,12.6,m_540,entertainment,28.1332,-116.7096
T000039011,460200000124,2025-12-26T20:37:00Z,5.0,m_269,restaurant,47.7796,-75.2894
T000039012,452500000236,2025-12-26T20:38:00Z,11.62,m_048,health,25.7475,-115.976
T000039015,454700000001,2025-12-26T20:44:00Z,8.76,m_024,cash_advance,28.1895,-117.5828
T000039017,452500000236,2025-12-26T20:52:00Z,17.15,m_109,clothing,25.109,-115.2225
T000039018,490100000041,2025-12-26T21:04:00Z,38.51,m_563,entertainment,35.3635,-90.9897
T000039019,404400000000,2025-12-26T21:05:00Z,21.61,m_513,travel,45.4574,-75.2269
T000039023,440200000212,2025-12-26T21:27:00Z,31.48,m_332,entertainment,44.8864,-103.7199
T000039025,429100000136,2025-12-26T21:29:00Z,27.65,m_480,grocery,48.398,-78.9209
T000039026,448100000292,2025-12-26T21:43:00Z,27.67,m_243,travel,33.4455,-93.2881
T000039027,432500000036,2025-12-26T21:51:00Z,34.58,m_017,online,39.6016,-119.8058
T000039028,432500000036,2025-12-26T22:27:00Z,8.9,m_729,electronics,39.737,-119.3532
T000039031,407400000227,2025-12-26T22:45:00Z,15.03,m_486,fuel,34.8979,-84.406
T000039032,477200000076,2025-12-26T22:50:00Z,15.68,m_438,travel,43.0959,-77.3785
T000039033,482300000206,2025-12-26T22:56:00Z,15.39,m_393,clothing,37.7538,-79.2228
T000039035,430000000162,2025-12-26T23:10:00Z,15.21,m_638,cash_advance,45.7253,-91.173
T000039037,441600000097,2025-12-26T23:17:00Z,12.46,m_678,health,26.6791,-117.6309
T000039038,497000000024,2025-12-26T23:35:00Z,9.15,m_363,travel,35.1566,-96.7479
T000039039,405200000054,2025-12-27T00:03:00Z,50.77,m_035,cash_advance,30.9551,-87.7827
T000039040,408300000014,2025-12-27T00:09:00Z,4.39,m_316,online,38.522,-88.9935
T000039041,490400000207,2025-12-27T00:12:00Z,26.74,m_791,travel,45.993,-117.2493
T000039042,473800000088,2025-12-27T00:32:00Z,69.25,m_740,fuel,48.7912,-99.5614
T000039043,429200000138,2025-12-27T00:43:00Z,16.36,m_011,fuel,40.6191,-86.2765
T000039044,451600000095,2025-12-27T00:48:00Z,17.49,m_645,fuel,40.8691,-103.5304
T000039045,432500000146,2025-12-27T00:48:00Z,14.49,m_712,entertainment,27.1753,-115.9916
T000039046,430000000162,2025-12-27T00:53:00Z,22.29,m_376,grocery,45.235,-91.2121
T000039047,442200000037,2025-12-27T01:04:00Z,14.25,m_089,cash_advance,33.3556,-106.2495
T000039048,476900000239,2025-12-27T01:08:00Z,45.61,m_758,clothing,30.1665,-96.7672
T000039049,465400000150,2025-12-27T01:13:00Z,58.92,m_438,cash_advance,25.8043,-77.6527
T000039050,413400000129,2025-12-27T01:23:00Z,16.14,m_048,restaurant,44.1703,-76.4983
T000039051,453000000151,2025-12-27T01:32:00Z,9.1,m_347,electronics,38.0533,-104.5287
T000039053,493300000296,2025-12-27T01:47:00Z,18.87,m_268,cash_advance,47.2218,-106.7084
T000039054,410600000115,2025-12-27T02:01:00Z,19.97,m_538,travel,27.1575,-85.5239
T000039055,420300000182,2025-12-27T02:09:00Z,21.46,m_204,health,30.714,-97.2666
T000039056,422200000028,2025-12-27T02:26:00Z,49.96,m_576,restaurant,27.6003,-122.7519
T000039057,490700000100,2025-12-27T02:28:00Z,55.39,m_032,restaurant,33.6838,-120.9306
T000039058,440800000163,2025-12-27T02:53:00Z,2.62,m_415,electronics,27.5001,-117.6072
T000039063,405300000080,2025-12-27T03:16:00Z,90.11,m_693,cash_advance,47.6459,-87.976
T000039064,409000000198,2025-12-27T03:23:00Z,92.92,m_555,online,51.0783,-78.9975
T000039065,408300000014,2025-12-27T03:23:00Z,5.59,m_406,grocery,39.0162,-89.2252
T000039066,442800000101,2025-12-27T03:35:00Z,5.61,m_755,electronics,24.7493,-104.0394
T000039067,471700000020,2025-12-27T03:53:00Z,5.64,m_102,health,45.7934,-89.8922
T000039068,414100000007,2025-12-27T04:00:00Z,18.49,m_038,fuel,35.5217,-113.8779
T000039070,466900000159,2025-12-27T04:26:00Z,16.3,m_578,restaurant,43.5831,-99.7021
T000039071,402100000075,2025-12-27T04:39:00Z,9.99,m_166,clothing,37.4512,-121.9628
T000039072,421700000058,2025-12-27T04:46:00Z,67.44,m_175,entertainment,43.2653,-83.0605
T000039073,419900000096,2025-12-27T04:59:00Z,31.91,m_490,travel,46.151,-96.4832
T000039075,460200000201,2025-12-27T05:21:00Z,25.49,m_391,travel,44.5969,-78.3618
T000039076,403700000193,2025-12-27T05:36:00Z,11.44,m_330,fuel,31.7034,-104.8311
T000039077,427500000040,2025-12-27T05:43:00Z,42.65,m_207,entertainment,26.5377,-86.9
T000039078,416000000196,2025-12-27T05:57:00Z,21.62,m_135,health,27.9189,-113.5926
T000039079,414600000120,2025-12-27T06:04:00Z,63.81,m_128,cash_advance,28.467,-79.2505
T000039083,453000000151,2025-12-27T06:36:00Z,8.49,m_308,health,38.7772,-102.9352
T000039084,426800000149,2025-12-27T06:37:00Z,46.86,m_016,grocery,30.441,-117.7078
T000039085,454600000047,2025-12-27T06:37:00Z,24.92,m_120,travel,42.6823,-96.7018
T000039087,499000000220,2025-12-27T07:36:00Z,44.19,m_761,health,27.5647,-106.7969
T000039088,458800000284,2025-12-27T07:40:00Z,28.11,m_592,health,39.3918,-95.8555
T000039089,400100000173,2025-12-27T07:53:00Z,39.3,m_117,travel,47.0963,-83.8303
T000039092,403000000031,2025-12-27T08:02:00Z,13.33,m_706,travel,35.376,-89.6235
T000039093,433100000271,2025-12-27T08:06:00Z,22.25,m_500,health,42.7697,-78.0627
T000039094,442800000101,2025-12-27T08:08:00Z,16.56,m_381,clothing,25.6292,-103.1181
T000039095,421400000107,2025-12-27T08:14:00Z,19.45,m_080,restaurant,39.8774,-111.8623
T000039096,499000000220,2025-12-27T08:19:00Z,15.61,m_119,clothing,28.1541,-107.6199
T000039098,408300000014,2025-12-27T08:28:00Z,10.31,m_633,electronics,38.8285,-89.0891
T000039099,473300000089,2025-12-27T08:30:00Z,12.31,m_417,health,38.5717,-74.2353
T000039100,475100000009,2025-12-27T08:31:00Z,31.72,m_713,restaurant,32.8114,-78.6714
T000039101,449200000177,2025-12-27T08:32:00Z,16.77,m_350,fuel,30.9444,-117.5101
T000039103,421200000102,2025-12-27T08:37:00Z,35.18,m_223,travel,40.5369,-115.6899
T000039104,433100000271,2025-12-27T08:39:00Z,10.74,m_512,entertainment,42.0324,-79.3031
T000039106,424900000048,2025-12-27T08:42:00Z,15.69,m_723,electronics,35.301,-114.7767
T000039107,471000000105,2025-12-27T08:47:00Z,62.08,m_441,electronics,38.3579,-94.0501
T000039108,436300000225,2025-12-27T08:51:00Z,56.67,m_532,travel,46.2892,-100.263
T000039110,434700000262,2025-12-27T08:54:00Z,2.73,m_433,online,30.1711,-80.0745
T000039111,413800000254,2025-12-27T08:55:00Z,19.71,m_481,fuel,40.3123,-83.8807
T000039112,400100000173,2025-12-27T08:57:00Z,17.02,m_623,online,48.1077,-83.8784
T000039113,493600000274,2025-12-27T08:58:00Z,14.82,m_171,clothing,27.1679,-73.0495
T000039114,464300000022,2025-12-27T09:06:00Z,8.56,m_008,restaurant,44.2411,-71.9971
T000039115,463700000291,2025-12-27T09:12:00Z,10.28,m_422,electronics,37.1192,-84.456
T000039116,443900000180,2025-12-27T09:18:00Z,11.21,m_219,grocery,44.7979,-75.8178
T000039117,420200000231,2025-12-27T09:22:00Z,4.05,m_367,cash_advance,28.1529,-115.3062
T000039119,485500000183,2025-12-27T09:29:00Z,27.49,m_294,health,34.1852,-73.6346
T000039121,465400000137,2025-12-27T09:39:00Z,19.97,m_739,fuel,37.3317,-117.5519
T000039124,490100000041,2025-12-27T09:40:00Z,13.54,m_400,electronics,35.3692,-91.407
T000039125,443900000180,2025-12-27T09:48:00Z,13.87,m_441,fuel,45.189,-76.808
T000039126,471100000081,2025-12-27T09:48:00Z,10.9,m_078,health,39.6414,-112.5404
T000039127,413300000061,2025-12-27T09:49:00Z,6.31,m_635,electronics,34.9618,-80.3547
T000039128,403900000005,2025-12-27T09:54:00Z,9.99,m_704,restaurant,27.002,-89.8775
T000039131,407400000227,2025-12-27T10:03:00Z,5.95,m_228,fuel,35.8058,-85.0203
T000039133,474600000256,2025-12-27T10:08:00Z,50.5,m_237,online,25.4732,-89.0224
T000039134,467200000059,2025-12-27T10:08:00Z,14.03,m_292,clothing,43.4352,-82.2082
T000039135,409000000198,2025-12-27T10:10:00Z,24.87,m_409,entertainment,47.3175,-82.0574
T000039137,402100000075,2025-12-27T10:17:00Z,5.7,m_357,health,37.7426,-122.6648
T000039139,452100000297,2025-12-27T10:21:00Z,44.6,m_041,clothing,25.9269,-84.7175
T000039140,429300000186,2025-12-27T10:23:00Z,22.46,m_597,clothing,26.7921,-94.9203
T000039141,439700000263,2025-12-27T10:30:00Z,17.77,m_181,clothing,46.7482,-93.91
T000039142,464600000139,2025-12-27T10:31:00Z,26.3,m_511,fuel,39.9983,-84.7331
T000039143,402500000268,2025-12-27T10:33:00Z,6.47,m_073,travel,44.3499,-116.992
T000039144,485300000175,2025-12-27T10:35:00Z,5.57,m_555,travel,37.0839,-92.7247
T000039145,492300000241,2025-12-27T10:36:00Z,21.22,m_539,travel,29.0553,-76.8259
T000039147,467200000059,2025-12-27T10:43:00Z,8.67,m_363,cash_advance,42.5726,-81.8401
T000039148,470900000176,2025-12-27T10:46:00Z,10.43,m_216,clothing,46.7126,-80.3055
T000039149,404400000000,2025-12-27T10:47:00Z,35.27,m_292,travel,46.3329,-75.5123
T000039150,454900000187,2025-12-27T10:51:00Z,8.73,m_743,restaurant,41.3454,-110.8051
T000039154,423800000109,2025-12-27T11:00:00Z,12.5,m_445,travel,37.1849,-98.6569
T000039155,476900000239,2025-12-27T11:01:00Z,27.72,m_241,entertainment,31.1698,-96.5568
T000039156,421200000102,2025-12-27T11:01:00Z,7.21,m_094,cash_advance,41.1935,-117.1074
T000039157,497000000024,2025-12-27T11:10:00Z,13.53,m_635,travel,34.35,-97.2562
T000039159,442800000101,2025-12-27T11:14:00Z,12.62,m_550,restaurant,24.9857,-103.8444
T000039160,433100000271,2025-12-27T11:14:00Z,25.39,m_740,grocery,41.9163,-79.2656
T000039161,478700000237,2025-12-27T11:18:00Z,32.92,m_340,entertainment,26.1502,-77.412
T000039162,467000000279,2025-12-27T11:24:00Z,60.49,m_588,grocery,45.0131,-107.636
T000039165,463700000006,2025-12-27T11:28:00Z,13.8,m_689,online,29.5534,-122.7708
T000039166,470900000176,2025-12-27T11:30:00Z,8.9,m_411,online,46.508,-80.6947
T000039167,418900000158,2025-12-27T11:33:00Z,23.71,m_381,entertainment,30.6874,-107.8149
T000039168,482000000288,2025-12-27T11:34:00Z,38.66,m_155,entertainment,37.2016,-106.6129
T000039169,429300000186,2025-12-27T11:37:00Z,27.56,m_202,restaurant,26.3361,-94.6047
T000039171,423800000109,2025-12-27T11:40:00Z,9.18,m_401,online,37.4627,-99.0142
T000039172,496400000091,2025-12-27T11:44:00Z,194.44,m_191,grocery,27.9917,-73.2749
T000039175,447000000194,2025-12-27T12:02:00Z,4.09,m_694,travel,35.4105,-81.1392
T000039176,464600000139,2025-12-27T12:04:00Z,20.96,m_767,cash_advance,40.4354,-84.2233
T000039177,491300000082,2025-12-27T12:06:00Z,16.65,m_381,travel,39.4278,-105.6191
T000039179,413700000266,2025-12-27T12:17:00Z,42.92,m_554,grocery,30.2264,-116.911
T000039180,413400000129,2025-12-27T12:20:00Z,31.51,m_379,grocery,43.7702,-75.8418
T000039181,456300000265,2025-12-27T12:21:00Z,35.06,m_531,grocery,34.1967,-121.8753
T000039182,497600000197,2025-12-27T12:25:00Z,27.73,m_662,fuel,45.2272,-116.9479
T000039183,435100000025,2025-12-27T12:29:00Z,8.49,m_613,restaurant,33.7695,-101.0619
T000039185,483100000286,2025-12-27T12:32:00Z,29.65,m_093,restaurant,35.5359,-74.6664
T000039186,468200000221,2025-12-27T12:35:00Z,19.11,m_553,cash_advance,39.8899,-72.8644
T000039187,426900000083,2025-12-27T12:38:00Z,49.65,m_404,cash_advance,48.3603,-82.3387
T000039188,457400000208,2025-12-27T12:45:00Z,37.42,m_079,travel,48.1749,-108.575
T000039190,456600000153,2025-12-27T12:47:00Z,81.45,m_790,restaurant,37.8257,-111.3891
T000039191,460200000124,2025-12-27T12:48:00Z,36.88,m_356,cash_advance,47.9381,-74.951
T000039192,420200000231,2025-12-27T12:49:00Z,5.13,m_495,online,28.3032,-115.409
T000039193,427100000293,2025-12-27T12:57:00Z,49.97,m_686,electronics,30.5215,-113.7263
T000039194,478700000011,2025-12-27T13:04:00Z,78.01,m_149,clothing,46.6054,-92.9381
T000039195,433100000271,2025-12-27T13:07:00Z,16.01,m_575,online,42.1329,-78.3258
T000039197,493400000219,2025-12-27T13:18:00Z,8.9,m_313,cash_advance,41.3849,-80.08
T000039198,470100000147,2025-12-27T13:25:00Z,17.74,m_100,clothing,29.7739,-83.4066
T000039199,468600000099,2025-12-27T13:25:00Z,11.56,m_484,travel,37.5305,-73.3362
T000039200,405300000080,2025-12-27T13:27:00Z,25.61,m_156,clothing,47.2277,-87.8321
T000039201,484400000030,2025-12-27T13:31:00Z,11.97,m_792,restaurant,29.0378,-73.0331
T000039202,418600000223,2025-12-27T13:31:00Z,13.03,m_220,travel,48.9728,-78.8474
T000039203,400100000173,2025-12-27T13:38:00Z,36.92,m_631,restaurant,47.818,-84.1574
T000039204,471700000020,2025-12-27T13:38:00Z,9.07,m_104,health,45.8088,-89.9986
T000039205,493600000274,2025-12-27T13:39:00Z,7.21,m_358,health,26.7517,-72.492
T000039207,422800000294,2025-12-27T13:43:00Z,72.12,m_429,fuel,40.459,-117.4569
T000039208,443000000144,2025-12-27T13:44:00Z,48.47,m_357,travel,30.4681,-78.4921
T000039209,494800000019,2025-12-27T13:49:00Z,23.53,m_148,cash_advance,24.8243,-102.3268
T000039210,412700000272,2025-12-27T13:50:00Z,28.48,m_029,grocery,35.2494,-107.075
T000039212,454900000187,2025-12-27T14:03:00Z,13.98,m_306,entertainment,41.1796,-110.712
T000039213,403300000018,2025-12-27T14:03:00Z,33.26,m_390,cash_advance,30.0191,-78.6534
T000039214,442700000200,2025-12-27T14:10:00Z,16.63,m_438,fuel,43.5944,-95.2241
T000039215,420900000275,2025-12-27T14:14:00Z,41.42,m_600,entertainment,29.5618,-73.7417
T000039216,403400000178,2025-12-27T14:17:00Z,15.45,m_415,health,26.2752,-112.9406
T000039217,420200000231,2025-12-27T14:21:00Z,20.65,m_299,clothing,27.5834,-114.7932
T000039218,498200000023,2025-12-27T14:24:00Z,26.91,m_212,fuel,25.491,-85.8471
T000039219,453700000255,2025-12-27T14:33:00Z,11.33,m_112,travel,25.1112,-111.1272
T000039220,430000000162,2025-12-27T14:37:00Z,7.87,m_678,entertainment,44.9217,-90.8747
T000039221,452800000233,2025-12-27T14:45:00Z,46.71,m_570,grocery,34.9108,-72.4933
T000039222,452100000297,2025-12-27T14:48:00Z,40.52,m_409,restaurant,25.6144,-84.4413
T000039223,432200000285,2025-12-27T14:55:00Z,12.58,m_044,electronics,42.0655,-113.6672
T000039224,490700000100,2025-12-27T14:59:00Z,20.12,m_316,restaurant,33.9106,-122.658
T000039225,434800000074,2025-12-27T15:02:00Z,11.14,m_262,electronics,34.411,-110.4019
T000039226,460200000124,2025-12-27T15:02:00Z,43.76,m_143,electronics,47.6043,-74.4955
T000039227,468200000221,2025-12-27T15:02:00Z,12.44,m_735,health,40.4395,-71.6233
T000039228,474600000256,2025-12-27T15:04:00Z,16.94,m_299,grocery,25.3787,-89.3154
T000039229,459100000090,2025-12-27T15:05:00Z,10.85,m_660,electronics,40.2977,-83.5031
T000039230,490700000100,2025-12-27T15:17:00Z,20.17,m_562,entertainment,33.9952,-121.1858
T000039231,443900000180,2025-12-27T15:26:00Z,23.41,m_598,electronics,45.2729,-76.7961
T000039232,430000000162,2025-12-27T15:33:00Z,28.71,m_725,fuel,45.0646,-91.1375
T000039233,453700000255,2025-12-27T15:37:00Z,14.83,m_022,fuel,25.381,-111.179
T000039234,435100000025,2025-12-27T15:37:00Z,9.74,m_186,health,33.822,-101.7977
T000039236,480500000222,2025-12-27T15:42:00Z,21.99,m_643,restaurant,28.6404,-123.7298
T000039237,424900000048,2025-12-27T15:45:00Z,16.24,m_244,travel,34.791,-115.6586
T000039238,460200000124,2025-12-27T15:52:00Z,32.35,m_780,grocery,48.5395,-74.3239
T000039239,468600000099,2025-12-27T15:54:00Z,8.92,m_496,fuel,37.7975,-73.1243
T000039240,461900000132,2025-12-27T16:06:00Z,13.08,m_249,restaurant,39.4669,-96.2106
T000039241,465400000137,2025-12-27T16:07:00Z,8.55,m_762,restaurant,37.5106,-116.4271
T000039242,459100000090,2025-12-27T16:11:00Z,20.12,m_664,travel,41.2371,-82.6311
T000039243,419900000096,2025-12-27T16:16:00Z,23.66,m_533,cash_advance,45.7257,-95.3335
T000039244,492300000134,2025-12-27T16:17:00Z,30.44,m_333,entertainment,26.1537,-102.0158
T000039245,497000000024,2025-12-27T16:17:00Z,27.16,m_248,online,35.3298,-97.1221
T000039246,429100000136,2025-12-27T16:20:00Z,20.35,m_320,health,49.0131,-78.4095
T000039247,478700000011,2025-12-27T16:20:00Z,95.09,m_326,grocery,45.2244,-93.2622
T000039248,490400000207,2025-12-27T16:21:00Z,14.06,m_137,entertainment,38.6142,-120.9013
T000039249,478800000067,2025-12-27T16:24:00Z,7.32,m_573,fuel,47.3675,-72.9491
T000039250,421400000107,2025-12-27T16:26:00Z,29.19,m_636,clothing,40.2873,-112.9508
T000039251,448100000292,2025-12-27T16:26:00Z,37.07,m_393,electronics,32.7463,-94.4614
T000039252,435100000025,2025-12-27T16:29:00Z,7.48,m_529,entertainment,34.1801,-101.2636
T000039255,420900000275,2025-12-27T16:34:00Z,85.56,m_254,restaurant,29.006,-72.8437
T000039256,464600000139,2025-12-27T16:35:00Z,51.71,m_566,fuel,39.5336,-84.8559
T000039259,431700000171,2025-12-27T16:53:00Z,85.84,m_499,clothing,49.1438,-120.0171
T000039260,409000000198,2025-12-27T16:53:00Z,13.22,m_177,restaurant,47.6033,-81.2483
T000039261,436500000043,2025-12-27T16:58:00Z,25.58,m_104,cash_advance,35.3268,-109.9747
T000039262,413700000266,2025-12-27T17:06:00Z,66.55,m_303,grocery,30.0067,-116.9201
T000039265,430300000145,2025-12-27T17:19:00Z,19.11,m_061,restaurant,26.8326,-103.0758
T000039266,478200000065,2025-12-27T17:31:00Z,49.77,m_604,fuel,34.3373,-89.976
T000039267,491600000072,2025-12-27T17:32:00Z,10.21,m_008,cash_advance,34.7104,-112.7359
T000039268,423900000113,2025-12-27T17:34:00Z,14.49,m_096,grocery,32.0048,-90.1666
T000039269,496400000091,2025-12-27T17:34:00Z,31.98,m_798,clothing,27.8527,-73.9345
T000039270,493900000290,2025-12-27T17:36:00Z,40.5,m_500,travel,34.6331,-74.2679
T000039271,498000000026,2025-12-27T17:39:00Z,59.69,m_500,restaurant,26.3167,-90.6847
T000039272,443500000166,2025-12-27T17:41:00Z,20.49,m_367,clothing,31.2265,-73.6026
T000039273,490100000041,2025-12-27T17:42:00Z,8.65,m_647,grocery,35.7618,-91.4578
T000039274,467400000299,2025-12-27T17:45:00Z,26.76,m_167,health,26.2522,-109.0562
T000039275,407400000227,2025-12-27T17:52:00Z,9.95,m_069,travel,35.3066,-83.5895
T000039278,452800000233,2025-12-27T17:56:00Z,43.08,m_493,grocery,35.998,-72.2315
T000039279,403700000193,2025-12-27T17:58:00Z,28.38,m_256,grocery,31.5437,-104.2806
T000039281,431600000056,2025-12-27T18:00:00Z,10.72,m_723,online,45.0268,-83.8804
T000039282,493300000296,2025-12-27T18:02:00Z,26.53,m_415,grocery,47.3187,-106.3741
T000039286,426900000172,2025-12-27T18:12:00Z,41.75,m_414,health,42.7206,-107.4699
T000039287,418900000158,2025-12-27T18:12:00Z,12.58,m_014,clothing,31.0515,-107.5936
T000039288,497000000024,2025-12-27T18:21:00Z,25.27,m_342,restaurant,34.9652,-96.456
T000039289,492500000154,2025-12-27T18:24:00Z,19.36,m_341,health,30.116,-112.009
T000039290,443900000180,2025-12-27T18:25:00Z,15.72,m_504,fuel,45.9109,-77.1468
T000039291,413300000061,2025-12-27T18:26:00Z,4.83,m_531,grocery,34.1815,-80.6204
T000039293,431700000171,2025-12-27T18:26:00Z,30.55,m_238,travel,48.3848,-119.2273
T000039294,468600000099,2025-12-27T18:27:00Z,10.7,m_005,grocery,38.502,-73.5868
T000039295,411600000017,2025-12-27T18:31:00Z,16.85,m_206,health,38.0053,-87.21
T000039296,471700000259,2025-12-27T18:31:00Z,77.67,m_014,electronics,27.1966,-118.2456
T000039297,490700000100,2025-12-27T18:32:00Z,45.86,m_115,electronics,34.4355,-120.7738
T000039298,490700000100,2025-12-27T18:35:00Z,65.82,m_284,cash_advance,33.3821,-121.3196
T000039299,442800000101,2025-12-27T18:42:00Z,10.23,m_141,entertainment,25.2927,-102.9418
T000039300,470900000176,2025-12-27T18:44:00Z,5.11,m_200,health,47.2598,-80.6953
T000039301,493600000274,2025-12-27T18:44:00Z,9.45,m_005,online,27.2015,-73.219
T000039303,412700000272,2025-12-27T18:48:00Z,50.69,m_162,fuel,35.5449,-107.3646
T000039304,413800000254,2025-12-27T18:53:00Z,16.91,m_486,grocery,41.4256,-83.7026
T000039306,483100000286,2025-12-27T19:00:00Z,18.62,m_201,clothing,35.6036,-75.1622
T000039308,410600000115,2025-12-27T19:13:00Z,24.2,m_152,cash_advance,27.4701,-85.3323
T000039310,459100000090,2025-12-27T19:21:00Z,46.3,m_639,grocery,40.7855,-83.1774
T000039311,491600000072,2025-12-27T19:25:00Z,19.56,m_210,electronics,34.5275,-112.9673
T000039312,471700000020,2025-12-27T19:35:00Z,15.64,m_099,electronics,46.1075,-90.6732
T000039313,465400000150,2025-12-27T19:35:00Z,3.59,m_449,clothing,25.8208,-78.2486
T000039315,465400000150,2025-12-27T19:37:00Z,8.62,m_145,restaurant,26.0248,-77.5137
T000039317,420200000231,2025-12-27T19:38:00Z,10.7,m_055,cash_advance,28.5117,-115.9288
T000039318,449200000177,2025-12-27T19:43:00Z,12.49,m_068,travel,31.3962,-116.7066
T000039319,442700000200,2025-12-27T19:43:00Z,28.95,m_192,cash_advance,43.9237,-95.1853
T000039320,440200000212,2025-12-27T19:49:00Z,33.39,m_048,electronics,44.9711,-103.8547
T000039321,442200000037,2025-12-27T19:50:00Z,27.19,m_183,grocery,34.1661,-106.5237
T000039322,443800000013,2025-12-27T19:52:00Z,19.93,m_017,travel,28.9113,-82.7907
T000039324,416000000196,2025-12-27T19:53:00Z,15.67,m_562,fuel,28.314,-114.0062
T000039325,471000000105,2025-12-27T20:03:00Z,44.13,m_404,electronics,39.0729,-94.2404
T000039328,426900000172,2025-12-27T20:17:00Z,11.88,m_762,fuel,43.5827,-107.0418
T000039329,431600000056,2025-12-27T20:17:00Z,15.6,m_570,fuel,46.1939,-84.7573
T000039330,439700000263,2025-12-27T20:25:00Z,60.82,m_030,fuel,47.2763,-93.9184
T000039331,490100000041,2025-12-27T20:33:00Z,15.51,m_626,health,35.8208,-91.1303
T000039333,462600000282,2025-12-27T20:37:00Z,14.03,m_776,entertainment,46.1802,-88.3259
T000039334,482000000288,2025-12-27T20:38:00Z,14.13,m_051,entertainment,37.0066,-107.0271
T000039335,403000000031,2025-12-27T20:39:00Z,10.67,m_523,restaurant,35.8696,-89.7031
T000039336,432000000185,2025-12-27T20:48:00Z,22.28,m_106,online,41.4741,-83.4851
T000039338,492900000216,2025-12-27T20:52:00Z,5.05,m_396,online,36.1116,-71.3704
T000039340,461900000132,2025-12-27T21:03:00Z,11.7,m_258,health,38.9365,-96.4287
T000039341,443500000166,2025-12-27T21:07:00Z,19.67,m_002,electronics,30.9171,-73.3653
T000039342,442700000200,2025-12-27T21:07:00Z,18.38,m_702,travel,44.6163,-94.9839
T000039343,440200000212,2025-12-27T21:12:00Z,101.59,m_744,travel,44.7817,-103.3775
T000039344,434500000161,2025-12-27T21:32:00Z,31.88,m_031,travel,36.361,-87.7114
T000039345,478500000258,2025-12-27T21:46:00Z,15.96,m_526,cash_advance,46.2435,-84.2687
T000039346,432500000146,2025-12-27T21:46:00Z,11.4,m_593,clothing,26.9159,-115.8297
T000039348,418600000223,2025-12-27T22:00:00Z,6.43,m_057,clothing,49.6659,-77.4992
T000039349,468700000127,2025-12-27T22:01:00Z,13.53,m_650,clothing,30.7014,-123.2358
T000039350,448600000179,2025-12-27T22:21:00Z,16.46,m_091,cash_advance,30.2008,-109.7777
T000039351,458800000284,2025-12-27T23:20:00Z,33.66,m_156,clothing,38.9689,-96.3093
T000039352,441600000097,2025-12-27T23:24:00Z,30.25,m_580,online,26.6943,-117.7291
T000039353,496400000091,2025-12-27T23:48:00Z,109.43,m_102,fuel,27.6744,-73.2466
T000039355,462500000168,2025-12-27T23:58:00Z,6.14,m_531,entertainment,31.1832,-70.9047
T000039356,494000000016,2025-12-28T00:18:00Z,47.95,m_130,grocery,39.6514,-112.9808
T000039357,403000000031,2025-12-28T00:38:00Z,21.44,m_691,travel,35.0731,-89.1985
T000039358,498300000053,2025-12-28T00:39:00Z,10.3,m_478,fuel,33.6347,-120.4657
T000039360,421400000107,2025-12-28T01:07:00Z,21.76,m_030,electronics,40.3164,-112.6332
T000039362,436300000225,2025-12-28T01:40:00Z,60.04,m_293,grocery,45.9563,-100.8592
T000039367,426900000083,2025-12-28T03:26:00Z,30.41,m_452,cash_advance,48.2982,-82.7378
T000039368,491700000032,2025-12-28T03:27:00Z,16.45,m_145,fuel,35.1866,-116.3142
T000039369,489200000253,2025-12-28T03:31:00Z,25.78,m_472,fuel,37.0253,-89.0395
T000039371,434700000262,2025-12-28T04:04:00Z,7.8,m_136,health,30.7631,-80.5625
T000039372,427500000040,2025-12-28T04:23:00Z,45.84,m_105,travel,25.8778,-87.46
T000039373,452800000233,2025-12-28T04:39:00Z,65.41,m_297,restaurant,34.982,-72.6371
T000039374,440200000212,2025-12-28T04:56:00Z,21.52,m_704,restaurant,44.8836,-103.4698
T000039377,411100000235,2025-12-28T05:02:00Z,19.69,m_129,fuel,34.8112,-117.7842
T000039378,425100000250,2025-12-28T05:13:00Z,7.14,m_094,restaurant,33.0944,-99.1419
T000039379,491000000038,2025-12-28T05:14:00Z,42.11,m_445,electronics,26.9109,-93.3561
T000039380,497600000197,2025-12-28T05:15:00Z,35.12,m_691,online,45.5032,-116.7717
T000039383,490700000100,2025-12-28T05:37:00Z,22.06,m_557,grocery,33.5902,-121.5503
T000039384,420200000267,2025-12-28T05:44:00Z,47.43,m_750,online,47.7011,-82.5622
T000039385,454700000001,2025-12-28T05:54:00Z,4.42,m_073,fuel,29.4025,-117.1972
T000039386,429200000138,2025-12-28T06:03:00Z,16.64,m_073,restaurant,40.5521,-86.0692
T000039387,431600000056,2025-12-28T06:05:00Z,27.36,m_785,entertainment,45.2063,-84.2555
T000039388,476900000239,2025-12-28T06:11:00Z,41.77,m_343,clothing,31.036,-96.9509
T000039389,470100000147,2025-12-28T06:47:00Z,19.09,m_252,travel,29.498,-84.2818
T000039391,493400000219,2025-12-28T06:56:00Z,12.63,m_719,grocery,41.3026,-80.6214
T000039392,462600000282,2025-12-28T07:14:00Z,6.99,m_146,cash_advance,45.5272,-88.4249
T000039393,441600000097,2025-12-28T07:34:00Z,40.08,m_199,online,27.2837,-117.4834
T000039394,403400000178,2025-12-28T07:35:00Z,9.35,m_012,cash_advance,26.5136,-113.0745
T000039395,478700000237,2025-12-28T07:39:00Z,49.69,m_795,entertainment,26.0289,-76.59
T000039396,416600000244,2025-12-28T07:48:00Z,30.84,m_747,electronics,38.2784,-74.3347
T000039400,473800000088,2025-12-28T08:06:00Z,9.55,m_529,grocery,48.7263,-99.8765
T000039402,485300000175,2025-12-28T08:08:00Z,7.37,m_251,restaurant,36.9847,-93.0248
T000039403,430000000162,2025-12-28T08:11:00Z,14.14,m_518,restaurant,45.3859,-91.3828
T000039404,441600000097,2025-12-28T08:12:00Z,16.1,m_058,online,27.5228,-116.5477
T000039405,467400000299,2025-12-28T08:13:00Z,51.31,m_401,clothing,26.3977,-109.7879
T000039406,436300000225,2025-12-28T08:14:00Z,48.47,m_253,grocery,46.0732,-100.3617
T000039408,431800000140,2025-12-28T08:19:00Z,29.18,m_480,clothing,46.9935,-97.0729
T000039409,460200000201,2025-12-28T08:21:00Z,52.68,m_068,restaurant,44.9106,-78.1063
T000039410,411200000218,2025-12-28T08:22:00Z,8.12,m_005,online,26.3407,-78.0162
T000039411,407400000227,2025-12-28T08:24:00Z,7.51,m_512,clothing,35.7028,-84.621
T000039414,440800000163,2025-12-28T08:35:00Z,9.53,m_055,entertainment,27.853,-117.5601
T000039415,425100000250,2025-12-28T08:35:00Z,9.6,m_221,cash_advance,32.477,-99.0847
T000039416,419900000096,2025-12-28T08:44:00Z,51.92,m_774,grocery,47.261,-95.244
T000039417,432200000285,2025-12-28T08:46:00Z,13.54,m_250,clothing,42.3354,-113.778
T000039418,489800000203,2025-12-28T08:49:00Z,5.75,m_441,cash_advance,42.9667,-103.2389
T000039419,496400000091,2025-12-28T08:50:00Z,70.12,m_228,health,27.8647,-74.0388
T000039421,482000000288,2025-12-28T08:50:00Z,33.85,m_403,grocery,36.8397,-106.3805
T000039422,436500000043,2025-12-28T08:59:00Z,54.21,m_231,travel,36.1464,-110.0998
T000039424,403000000031,2025-12-28T09:05:00Z,17.66,m_627,cash_advance,35.7013,-88.5319
T000039425,447000000194,2025-12-28T09:08:00Z,6.61,m_019,cash_advance,35.374,-81.106
T000039427,427000000130,2025-12-28T09:19:00Z,49.38,m_377,grocery,41.0232,-100.5002
T000039428,485100000229,2025-12-28T09:19:00Z,42.85,m_024,grocery,30.5504,-97.0283
T000039430,443500000166,2025-12-28T09:20:00Z,44.43,m_450,cash_advance,31.6407,-73.2828
T000039431,425100000250,2025-12-28T09:21:00Z,13.02,m_638,electronics,34.1943,-99.1828
T000039432,465400000150,2025-12-28T09:21:00Z,7.71,m_402,fuel,26.1896,-79.1048
T000039433,425600000170,2025-12-28T09:23:00Z,5.35,m_651,entertainment,28.3187,-83.6814
T000039434,419200000035,2025-12-28T09:23:00Z,16.39,m_776,restaurant,29.6458,-92.3153
T000039435,463700000291,2025-12-28T09:24:00Z,9.46,m_632,cash_advance,37.4841,-85.3694
T000039436,413400000129,2025-12-28T09:27:00Z,14.26,m_552,clothing,43.695,-76.238
T000039437,436300000225,2025-12-28T09:29:00Z,53.04,m_325,cash_advance,46.2229,-100.5263
T000039438,431800000140,2025-12-28T09:38:00Z,22.56,m_027,cash_advance,47.2504,-96.7558
T000039439,436200000283,2025-12-28T09:39:00Z,15.72,m_001,travel,31.8324,-116.9274
T000039441,485500000183,2025-12-28T09:48:00Z,4.68,m_386,cash_advance,34.45,-73.5385
T000039442,421200000102,2025-12-28T09:49:00Z,32.38,m_510,clothing,40.5707,-116.311
T000039443,459200000077,2025-12-28T09:50:00Z,51.27,m_102,travel,35.1055,-105.9565
T000039444,493600000274,2025-12-28T09:50:00Z,14.98,m_505,grocery,26.8816,-72.8483
T000039447,467700000148,2025-12-28T09:53:00Z,15.39,m_589,grocery,34.3565,-72.9713
T000039448,467200000059,2025-12-28T10:05:00Z,6.62,m_467,entertainment,42.3066,-81.9226
T000039449,474600000256,2025-12-28T10:06:00Z,15.92,m_215,travel,25.8431,-88.9934
T000039450,497000000024,2025-12-28T10:07:00Z,23.97,m_060,restaurant,35.3565,-97.0596
T000039451,482300000206,2025-12-28T10:08:00Z,10.17,m_082,clothing,37.352,-78.9837
T000039452,400900000156,2025-12-28T10:08:00Z,11.97,m_554,electronics,43.0623,-106.5448
T000039453,463700000006,2025-12-28T10:10:00Z,4.34,m_763,restaurant,29.5461,-122.5992
T000039454,442200000287,2025-12-28T10:13:00Z,51.78,m_383,entertainment,33.2159,-120.2259
T000039455,470100000147,2025-12-28T10:21:00Z,32.69,m_758,travel,30.3364,-83.3845
T000039456,430300000145,2025-12-28T10:24:00Z,5.35,m_372,online,26.9868,-103.1758
T000039458,435100000025,2025-12-28T10:46:00Z,12.12,m_057,health,33.1589,-100.2384
T000039460,431600000056,2025-12-28T10:56:00Z,13.43,m_475,online,44.7583,-83.9315
T000039461,484400000030,2025-12-28T10:58:00Z,24.57,m_231,cash_advance,28.8159,-74.1404
T000039462,471700000259,2025-12-28T11:00:00Z,138.82,m_653,clothing,26.6272,-117.9924
T000039465,403300000018,2025-12-28T11:08:00Z,28.59,m_668,electronics,30.8108,-78.7607
T000039466,470100000147,2025-12-28T11:11:00Z,6.6,m_547,grocery,30.6842,-83.7253
T000039467,450800000191,2025-12-28T11:15:00Z,12.85,m_383,cash_advance,42.5778,-75.7048
T000039468,434800000074,2025-12-28T11:17:00Z,5.64,m_575,cash_advance,35.3097,-109.5994
T000039469,427500000040,2025-12-28T11:24:00Z,12.91,m_588,entertainment,25.9174,-86.8733
T000039470,434800000074,2025-12-28T11:25:00Z,14.46,m_177,online,34.9241,-110.1005
T000039471,483100000286,2025-12-28T11:31:00Z,22.4,m_346,fuel,35.1232,-74.9265
T000039473,482900000152,2025-12-28T11:32:00Z,11.45,m_756,cash_advance,43.2338,-97.1194
T000039474,448100000292,2025-12-28T11:37:00Z,8.8,m_620,entertainment,32.887,-94.0218
T000039475,478700000237,2025-12-28T11:37:00Z,56.95,m_602,online,26.2684,-77.0365
T000039476,452500000236,2025-12-28T11:47:00Z,12.06,m_372,entertainment,25.443,-115.2856
T000039477,435100000025,2025-12-28T11:52:00Z,5.34,m_180,health,34.3584,-101.9242
T000039478,410600000115,2025-12-28T11:56:00Z,61.65,m_405,grocery,26.8315,-84.445
T000039479,471000000105,2025-12-28T12:00:00Z,19.03,m_137,health,39.9822,-94.6125
T000039480,493100000068,2025-12-28T12:05:00Z,11.88,m_542,grocery,34.7582,-91.1142
T000039481,405300000080,2025-12-28T12:13:00Z,37.08,m_459,entertainment,46.9936,-87.8941
T000039482,430300000145,2025-12-28T12:14:00Z,19.07,m_424,electronics,27.2802,-102.5663
T000039483,411100000235,2025-12-28T12:22:00Z,31.57,m_021,cash_advance,35.6522,-118.6633
T000039484,402100000075,2025-12-28T12:25:00Z,9.62,m_207,fuel,37.772,-122.6315
T000039485,471100000298,2025-12-28T12:25:00Z,19.31,m_208,grocery,45.3049,-85.6757
T000039486,427500000040,2025-12-28T12:35:00Z,97.17,m_437,restaurant,26.3269,-86.6691
T000039488,435100000025,2025-12-28T12:41:00Z,16.18,m_516,entertainment,33.7264,-101.1489
T000039489,499500000281,2025-12-28T12:42:00Z,13.66,m_141,clothing,47.3867,-75.3511
T000039490,454700000001,2025-12-28T12:45:00Z,9.62,m_043,cash_advance,28.6072,-117.9112
T000039494,419900000096,2025-12-28T12:56:00Z,22.02,m_528,fuel,45.8757,-95.9578
T000039495,408300000014,2025-12-28T13:00:00Z,4.44,m_786,travel,38.9807,-89.5061
T000039496,411200000218,2025-12-28T13:00:00Z,10.78,m_307,fuel,26.5285,-78.2149
T000039497,493900000290,2025-12-28T13:00:00Z,33.6,m_515,cash_advance,34.7254,-73.9172
T000039498,412900000224,2025-12-28T13:09:00Z,52.01,m_204,grocery,28.9916,-119.5769
T000039501,491700000032,2025-12-28T13:13:00Z,41.25,m_403,entertainment,34.5903,-116.4498
T000039502,419200000035,2025-12-28T13:15:00Z,86.91,m_273,entertainment,30.671,-91.9538
T000039504,443800000013,2025-12-28T13:17:00Z,23.28,m_440,online,29.101,-83.4592
T000039505,478200000065,2025-12-28T13:17:00Z,64.31,m_383,travel,33.9394,-89.6446
T000039506,450800000191,2025-12-28T13:18:00Z,14.76,m_243,cash_advance,42.9338,-75.8282
T000039507,411200000218,2025-12-28T13:18:00Z,5.63,m_122,online,25.6283,-77.748
T000039508,441600000097,2025-12-28T13:19:00Z,25.65,m_302,restaurant,26.8967,-117.3867
T000039509,481700000044,2025-12-28T13:20:00Z,26.94,m_428,cash_advance,42.2215,-88.2346
T000039510,461900000132,2025-12-28T13:21:00Z,10.16,m_479,grocery,39.6687,-96.3118
T000039511,494800000228,2025-12-28T13:22:00Z,23.68,m_115,grocery,25.2933,-87.0839
T000039513,412500000217,2025-12-28T13:24:00Z,179.94,m_095,online,35.8357,-114.0008
T000039514,478700000237,2025-12-28T13:24:00Z,37.91,m_627,health,26.7843,-76.9097
T000039515,427500000040,2025-12-28T13:27:00Z,35.91,m_178,restaurant,26.6015,-86.4593
T000039516,453000000151,2025-12-28T13:30:00Z,4.97,m_559,entertainment,37.7902,-103.5765
T000039517,494000000016,2025-12-28T13:42:00Z,19.18,m_061,fuel,39.6355,-112.4909
T000039518,416600000244,2025-12-28T13:44:00Z,48.44,m_019,health,38.0687,-73.8067
T000039519,479800000010,2025-12-28T13:49:00Z,9.92,m_258,entertainment,36.1138,-118.5253
T000039520,422200000028,2025-12-28T13:50:00Z,69.16,m_438,entertainment,28.7104,-121.9186
T000039521,410600000115,2025-12-28T13:50:00Z,78.73,m_569,online,27.1248,-85.1482
T000039522,482900000152,2025-12-28T13:52:00Z,17.13,m_381,clothing,42.8476,-96.368
T000039523,452500000236,2025-12-28T13:53:00Z,21.34,m_588,fuel,25.0228,-116.029
T000039524,430200000164,2025-12-28T13:53:00Z,83.83,m_093,fuel,31.9168,-75.4357
T000039525,403000000031,2025-12-28T13:56:00Z,11.73,m_653,online,35.6106,-89.124
T000039526,409000000198,2025-12-28T13:56:00Z,15.41,m_212,restaurant,47.5926,-81.0637
T000039527,425600000170,2025-12-28T13:57:00Z,12.68,m_011,travel,27.7519,-84.2027
T000039528,472100000092,2025-12-28T14:00:00Z,7.74,m_747,electronics,42.0624,-80.1018
T000039529,450800000191,2025-12-28T14:01:00Z,7.19,m_451,travel,41.775,-76.0356
T000039530,434500000161,2025-12-28T14:04:00Z,8.56,m_699,entertainment,35.7666,-88.0466
T000039535,483100000286,2025-12-28T14:42:00Z,76.59,m_697,health,34.9381,-74.2416
T000039539,471700000020,2025-12-28T14:59:00Z,19.06,m_447,clothing,45.4155,-90.3974
T000039541,485300000175,2025-12-28T15:05:00Z,6.05,m_177,cash_advance,37.2031,-92.6044
T000039542,492300000241,2025-12-28T15:06:00Z,25.04,m_669,restaurant,29.3339,-77.6898
T000039543,449200000177,2025-12-28T15:06:00Z,10.87,m_509,entertainment,30.9232,-117.1047
T000039544,473800000088,2025-12-28T15:07:00Z,12.96,m_031,entertainment,49.0364,-99.4539
T000039545,492300000134,2025-12-28T15:08:00Z,115.82,m_656,cash_advance,25.2415,-101.3104
T000039546,498300000053,2025-12-28T15:09:00Z,30.99,m_424,entertainment,34.6055,-119.8466
T000039547,443900000180,2025-12-28T15:12:00Z,9.22,m_405,entertainment,45.6658,-76.0546
T000039548,426900000083,2025-12-28T15:16:00Z,57.08,m_526,grocery,47.9751,-82.9364
T000039552,453000000151,2025-12-28T15:39:00Z,9.11,m_467,cash_advance,38.0509,-103.7596
T000039553,498200000023,2025-12-28T15:40:00Z,21.98,m_478,travel,25.7699,-85.462
T000039554,478800000015,2025-12-28T15:43:00Z,32.14,m_397,cash_advance,30.3063,-113.3033
T000039555,440200000212,2025-12-28T15:43:00Z,54.12,m_098,electronics,44.6646,-102.8513
T000039557,451600000095,2025-12-28T15:52:00Z,15.33,m_472,health,41.3028,-102.9891
T000039558,434700000262,2025-12-28T15:52:00Z,7.65,m_080,fuel,30.5887,-81.1171
T000039559,400100000173,2025-12-28T15:58:00Z,25.29,m_656,travel,48.1554,-83.7445
T000039560,443800000013,2025-12-28T16:00:00Z,11.92,m_041,health,28.6091,-84.2232
T000039561,454600000047,2025-12-28T16:08:00Z,16.72,m_112,travel,43.3841,-97.0909
T000039562,449400000063,2025-12-28T16:09:00Z,41.62,m_623,online,41.6868,-74.4622
T000039564,411600000017,2025-12-28T16:11:00Z,66.21,m_060,cash_advance,37.2117,-86.7269
T000039566,470100000147,2025-12-28T16:15:00Z,16.59,m_067,travel,29.6436,-83.3395
T000039568,499000000220,2025-12-28T16:22:00Z,19.15,m_468,travel,27.1848,-107.2313
T000039570,420200000231,2025-12-28T16:24:00Z,10.4,m_750,online,28.1168,-115.5209
T000039571,434700000262,2025-12-28T16:25:00Z,9.28,m_562,travel,29.6637,-79.2186
T000039574,491000000038,2025-12-28T16:33:00Z,31.95,m_440,travel,27.328,-93.1592
T000039575,442200000287,2025-12-28T16:34:00Z,28.83,m_532,fuel,32.4534,-121.1455
T000039576,433600000269,2025-12-28T16:38:00Z,17.63,m_391,health,48.843,-89.9137
T000039577,493100000068,2025-12-28T16:44:00Z,32.65,m_083,clothing,34.7744,-91.6041
T000039578,413700000266,2025-12-28T16:44:00Z,18.75,m_566,restaurant,29.9804,-116.8702
T000039579,403700000193,2025-12-28T16:44:00Z,23.96,m_348,grocery,31.8123,-103.0343
T000039580,429200000004,2025-12-28T16:45:00Z,47.84,m_724,restaurant,26.0873,-95.9267
T000039581,429100000136,2025-12-28T16:47:00Z,40.48,m_279,health,48.0009,-78.6396
T000039582,436500000043,2025-12-28T16:52:00Z,12.29,m_497,online,35.1311,-110.6795
T000039583,492300000134,2025-12-28T16:55:00Z,21.26,m_576,fuel,25.4522,-102.5323
T000039584,418600000223,2025-12-28T16:59:00Z,5.35,m_351,cash_advance,49.1682,-78.0339
T000039585,468700000127,2025-12-28T17:00:00Z,2.7,m_030,cash_advance,31.3956,-122.6445
T000039586,420200000231,2025-12-28T17:02:00Z,6.69,m_256,entertainment,28.2222,-116.2212
T000039587,400900000156,2025-12-28T17:14:00Z,14.44,m_292,electronics,43.926,-106.5159
T000039588,414100000007,2025-12-28T17:16:00Z,18.61,m_687,travel,35.4383,-113.5954
T000039589,422800000294,2025-12-28T17:18:00Z,25.84,m_158,entertainment,39.2828,-117.0429
T000039590,418600000223,2025-12-28T17:18:00Z,19.99,m_665,grocery,48.9787,-78.3172
T000039591,404400000000,2025-12-28T17:20:00Z,18.37,m_139,electronics,46.0733,-75.4068
T000039593,482300000206,2025-12-28T17:25:00Z,56.7,m_773,cash_advance,37.1932,-79.8189
T000039594,490100000041,2025-12-28T17:25:00Z,22.86,m_214,entertainment,35.7759,-90.6306
T000039595,425300000079,2025-12-28T17:27:00Z,24.9,m_306,travel,36.4723,-75.0548
T000039596,423800000109,2025-12-28T17:29:00Z,3.48,m_138,health,38.2408,-99.0082
T000039597,467700000148,2025-12-28T17:29:00Z,26.21,m_575,cash_advance,34.0188,-72.5053
T000039598,411100000235,2025-12-28T17:29:00Z,9.41,m_742,travel,35.4734,-117.8024
T000039600,452100000297,2025-12-28T17:32:00Z,27.31,m_247,health,26.2973,-84.2642
T000039602,432000000185,2025-12-28T17:32:00Z,37.68,m_622,restaurant,41.8092,-82.7751
T000039603,459200000077,2025-12-28T17:34:00Z,131.94,m_448,clothing,34.5669,-106.522
T000039604,420200000267,2025-12-28T17:37:00Z,36.31,m_116,restaurant,47.3322,-83.2148
T000039605,490700000100,2025-12-28T17:37:00Z,85.97,m_254,entertainment,33.7598,-120.7126
T000039607,408300000014,2025-12-28T17:48:00Z,4.88,m_208,cash_advance,39.866,-89.0777
T000039608,485500000183,2025-12-28T17:53:00Z,30.55,m_584,online,34.524,-74.5422
T000039609,463700000006,2025-12-28T17:54:00Z,6.36,m_230,travel,29.8051,-123.2538
T000039610,473800000088,2025-12-28T17:59:00Z,18.52,m_154,health,49.3243,-99.3605
T000039613,456300000265,2025-12-28T18:07:00Z,229.89,m_463,clothing,33.4876,-122.7292
T000039614,448700000123,2025-12-28T18:11:00Z,67.84,m_645,fuel,41.1918,-97.6227
T000039616,485300000175,2025-12-28T18:15:00Z,3.76,m_540,clothing,36.7905,-92.371
T000039617,491000000038,2025-12-28T18:20:00Z,19.56,m_300,fuel,27.0948,-93.5321
T000039618,485300000175,2025-12-28T18:21:00Z,4.13,m_539,online,36.5484,-93.536
T000039619,467000000279,2025-12-28T18:25:00Z,29.47,m_640,electronics,43.834,-107.8414
T000039620,482900000152,2025-12-28T18:26:00Z,13.53,m_271,travel,43.7589,-96.7314
T000039623,436500000043,2025-12-28T18:37:00Z,31.06,m_370,fuel,35.2566,-111.4437
T000039626,498200000023,2025-12-28T18:58:00Z,25.87,m_389,restaurant,24.8117,-85.4186
T000039627,456300000265,2025-12-28T18:58:00Z,104.1,m_344,travel,33.9825,-122.2726
T000039628,463700000291,2025-12-28T19:00:00Z,17.98,m_023,cash_advance,37.1162,-84.3844
T000039629,472100000092,2025-12-28T19:01:00Z,24.83,m_584,health,41.9447,-79.7354
T000039631,477200000076,2025-12-28T19:02:00Z,64.78,m_305,cash_advance,43.1666,-78.4708
T000039632,498000000026,2025-12-28T19:04:00Z,61.77,m_404,electronics,26.6452,-89.9191
T000039633,425100000250,2025-12-28T19:07:00Z,6.8,m_115,fuel,32.6655,-99.1644
T000039634,401300000033,2025-12-28T19:12:00Z,146.2,m_640,travel,38.2431,-114.1422
T000039635,494000000016,2025-12-28T19:13:00Z,43.41,m_155,grocery,39.5128,-112.1149
T000039636,472500000128,2025-12-28T19:17:00Z,7.13,m_774,clothing,30.8617,-119.147
T000039637,499500000281,2025-12-28T19:22:00Z,18.81,m_616,online,48.0393,-75.4112
T000039638,463700000291,2025-12-28T19:22:00Z,6.69,m_352,grocery,37.2053,-85.136
T000039640,434700000262,2025-12-28T19:33:00Z,5.81,m_464,clothing,30.4776,-80.2205
T000039641,400900000156,2025-12-28T19:46:00Z,13.96,m_560,online,43.2622,-107.095
T000039642,498300000053,2025-12-28T19:54:00Z,29.85,m_134,fuel,34.7923,-120.7139
T000039643,404400000000,2025-12-28T19:56:00Z,15.73,m_526,health,46.3359,-76.3789
T000039644,464600000139,2025-12-28T19:56:00Z,14.66,m_241,health,39.917,-84.7085
T000039645,423900000113,2025-12-28T19:57:00Z,29.07,m_775,entertainment,31.2885,-90.4739
T000039647,447000000194,2025-12-28T20:08:00Z,5.61,m_085,online,34.7548,-81.0508
T000039648,442200000287,2025-12-28T20:09:00Z,59.1,m_541,clothing,32.3527,-120.6832
T000039649,465400000150,2025-12-28T20:10:00Z,6.85,m_609,entertainment,25.4448,-77.7647
T000039651,436200000283,2025-12-28T20:18:00Z,27.72,m_255,grocery,31.7375,-117.2091
T000039652,488800000242,2025-12-28T20:20:00Z,25.82,m_656,electronics,34.0594,-101.1766
T000039653,450800000191,2025-12-28T20:27:00Z,11.27,m_394,fuel,42.6352,-75.7516
T000039654,456300000265,2025-12-28T20:29:00Z,104.7,m_086,cash_advance,34.1289,-122.6104
T000039655,460200000201,2025-12-28T20:32:00Z,27.05,m_797,grocery,44.3803,-78.0397
T000039656,478700000011,2025-12-28T20:37:00Z,65.82,m_403,travel,46.101,-92.8984
T000039657,454900000187,2025-12-28T20:40:00Z,9.33,m_536,cash_advance,41.7789,-110.7311
T000039658,411200000218,2025-12-28T20:41:00Z,11.06,m_304,grocery,26.8775,-77.1043
T000039659,423900000113,2025-12-28T20:42:00Z,76.37,m_202,travel,31.5093,-90.8944
T000039660,404400000000,2025-12-28T20:43:00Z,24.88,m_389,clothing,46.4714,-75.6377
T000039661,421300000071,2025-12-28T20:44:00Z,15.49,m_615,health,34.8573,-96.7669
T000039662,470100000147,2025-12-28T20:45:00Z,10.37,m_518,cash_advance,30.2076,-84.0407
T000039664,496400000091,2025-12-28T20:51:00Z,57.03,m_562,health,27.8717,-73.7958
T000039668,467200000059,2025-12-28T21:16:00Z,6.07,m_488,clothing,43.3548,-81.5829
T000039669,472100000092,2025-12-28T21:19:00Z,7.82,m_647,restaurant,40.8128,-79.5845
T000039670,434500000161,2025-12-28T21:20:00Z,10.92,m_419,grocery,36.3143,-88.2282
T000039671,421700000058,2025-12-28T22:06:00Z,36.46,m_333,cash_advance,43.3212,-83.4972
T000039672,471700000020,2025-12-28T22:08:00Z,11.95,m_340,electronics,45.527,-90.6833
T000039674,430200000164,2025-12-28T22:43:00Z,92.54,m_380,health,31.3563,-75.519
T000039675,433100000271,2025-12-28T22:43:00Z,19.57,m_426,restaurant,42.3636,-79.1238
T000039679,421500000098,2025-12-28T23:12:00Z,4.23,m_738,health,32.9835,-122.0252
T000039682,471700000020,2025-12-28T23:45:00Z,9.16,m_432,restaurant,45.1534,-90.4929
T000039683,420200000231,2025-12-28T23:48:00Z,12.36,m_132,health,27.8006,-115.6407
T000039685,452500000236,2025-12-28T23:54:00Z,7.77,m_227,entertainment,25.721,-116.4446
T000039687,431700000171,2025-12-29T00:29:00Z,40.64,m_331,health,48.6899,-119.8019
T000039689,452500000236,2025-12-29T00:45:00Z,5.96,m_064,entertainment,25.0102,-116.3523
T000039691,499000000220,2025-12-29T01:02:00Z,32.57,m_273,travel,26.4883,-107.8149
T000039692,413300000061,2025-12-29T01:08:00Z,10.15,m_128,restaurant,34.4417,-81.0845
T000039693,488200000133,2025-12-29T01:08:00Z,13.87,m_511,fuel,47.6,-87.6569
T000039694,415300000169,2025-12-29T01:15:00Z,37.3,m_512,online,35.4332,-116.3562
T000039695,499000000220,2025-12-29T01:22:00Z,23.55,m_022,grocery,26.4069,-107.5213
T000039696,477200000076,2025-12-29T01:27:00Z,46.79,m_407,health,43.7437,-77.8586
T000039697,402100000075,2025-12-29T01:27:00Z,7.73,m_414,cash_advance,38.0708,-122.7113
T000039698,463700000291,2025-12-29T01:31:00Z,9.47,m_404,electronics,37.5385,-84.5598
T000039699,420200000231,2025-12-29T01:31:00Z,4.3,m_446,health,28.4442,-115.35
T000039700,497000000024,2025-12-29T01:46:00Z,16.19,m_253,health,36.7212,-97.0481
T000039701,425100000250,2025-12-29T01:48:00Z,6.9,m_112,grocery,32.452,-99.0589
T000039703,496700000238,2025-12-29T02:12:00Z,36.5,m_476,travel,31.3177,-104.6529
T000039704,410600000115,2025-12-29T02:24:00Z,627.95,m_568,online,15.4617,-77.5972
T000039705,403300000018,2025-12-29T03:03:00Z,69.35,m_314,restaurant,30.1996,-79.0704
T000039706,483100000286,2025-12-29T03:27:00Z,47.4,m_125,fuel,35.2319,-75.1111
T000039707,434800000074,2025-12-29T03:29:00Z,11.52,m_217,online,35.2141,-110.1691
T000039708,411600000017,2025-12-29T03:52:00Z,30.38,m_528,travel,38.1481,-86.5652
T000039709,493600000141,2025-12-29T03:57:00Z,5.13,m_450,clothing,31.3733,-111.1705
T000039711,488800000242,2025-12-29T04:06:00Z,20.89,m_064,electronics,34.1738,-100.3032
T000039712,491000000038,2025-12-29T04:12:00Z,46.23,m_747,travel,26.2974,-92.3266
T000039715,421500000098,2025-12-29T04:52:00Z,7.04,m_732,health,32.8735,-122.1703
T000039716,426800000149,2025-12-29T05:16:00Z,65.5,m_070,clothing,30.5783,-119.0982
T000039719,498000000209,2025-12-29T06:06:00Z,9.43,m_512,entertainment,43.4959,-89.3397
T000039720,433600000269,2025-12-29T06:18:00Z,7.2,m_253,electronics,49.2411,-89.7383
T000039722,458800000284,2025-12-29T06:29:00Z,12.33,m_762,restaurant,38.8184,-95.9806
T000039725,442200000287,2025-12-29T06:54:00Z,26.65,m_170,electronics,32.9082,-119.9613
T000039726,425100000126,2025-12-29T07:01:00Z,50.93,m_080,entertainment,46.4009,-106.9716
T000039727,490100000041,2025-12-29T07:01:00Z,12.14,m_751,grocery,35.9517,-90.4468
T000039729,449200000177,2025-12-29T07:35:00Z,23.91,m_186,restaurant,31.1742,-117.6644
T000039730,440800000163,2025-12-29T07:53:00Z,23.03,m_323,health,27.245,-116.8057
T000039731,463700000291,2025-12-29T08:00:00Z,107.28,m_241,travel,42.7861,-92.4222
T000039734,425100000126,2025-12-29T08:10:00Z,35.66,m_014,travel,46.212,-107.4273
T000039735,479800000106,2025-12-29T08:16:00Z,46.69,m_239,restaurant,28.195,-71.378
T000039736,456300000265,2025-12-29T08:18:00Z,39.92,m_613,entertainment,34.3693,-123.0583
T000039737,478800000067,2025-12-29T08:18:00Z,16.2,m_258,entertainment,47.7064,-74.2569
T000039738,452100000297,2025-12-29T08:21:00Z,27.35,m_236,health,25.8136,-84.3169
T000039739,400900000156,2025-12-29T08:28:00Z,12.62,m_103,online,44.2001,-106.1126
T000039743,426900000172,2025-12-29T08:33:00Z,18.39,m_225,health,42.3746,-106.9688
T000039744,421400000107,2025-12-29T08:38:00Z,24.73,m_575,fuel,39.8543,-112.2245
T000039745,443500000166,2025-12-29T08:39:00Z,26.55,m_170,health,31.2751,-72.9811
T000039746,413700000240,2025-12-29T08:47:00Z,13.42,m_535,online,29.8851,-117.3708
T000039747,433100000271,2025-12-29T08:47:00Z,19.1,m_204,cash_advance,42.5,-78.6986
T000039748,465400000137,2025-12-29T08:52:00Z,31.96,m_399,cash_advance,37.6408,-116.3834
T000039749,463700000291,2025-12-29T09:02:00Z,2.58,m_251,health,38.1245,-84.636
T000039750,498300000053,2025-12-29T09:05:00Z,15.03,m_401,restaurant,34.842,-119.6318
T000039751,456600000153,2025-12-29T09:06:00Z,118.78,m_588,travel,36.9569,-111.5697
T000039752,413700000240,2025-12-29T09:06:00Z,21.52,m_323,clothing,30.4457,-117.403
T000039753,426800000261,2025-12-29T09:12:00Z,22.6,m_791,cash_advance,31.9659,-112.6318
T000039754,436700000039,2025-12-29T09:12:00Z,7.19,m_530,travel,42.2013,-77.7649
T000039755,427500000040,2025-12-29T09:14:00Z,29.95,m_566,health,25.9545,-87.14
T000039757,413700000266,2025-12-29T09:18:00Z,25.93,m_642,online,29.5701,-116.5109
T000039758,421500000098,2025-12-29T09:29:00Z,14.94,m_092,health,31.8128,-121.8248
T000039759,471100000081,2025-12-29T09:29:00Z,6.33,m_466,travel,39.5336,-113.4158
T000039760,489200000253,2025-12-29T09:30:00Z,72.62,m_686,electronics,36.9954,-89.0557
T000039764,430000000162,2025-12-29T09:33:00Z,7.48,m_584,clothing,45.3643,-90.6067
T000039765,450800000191,2025-12-29T09:34:00Z,35.28,m_637,health,42.1937,-75.6697
T000039766,426800000149,2025-12-29T09:41:00Z,38.53,m_490,travel,30.5445,-118.31
T000039767,498300000053,2025-12-29T09:41:00Z,11.81,m_200,health,34.3048,-120.2848
T000039768,420200000267,2025-12-29T09:46:00Z,51.4,m_351,health,46.9655,-83.2432
T000039769,482600000050,2025-12-29T09:46:00Z,18.88,m_463,health,38.066,-77.6451
T000039770,407400000227,2025-12-29T09:46:00Z,15.12,m_537,clothing,35.5153,-83.176
T000039771,425100000126,2025-12-29T09:55:00Z,90.63,m_683,fuel,46.4805,-107.5218
T000039773,494800000228,2025-12-29T10:12:00Z,14.27,m_680,clothing,26.4524,-86.9464
T000039775,484400000030,2025-12-29T10:17:00Z,24.64,m_688,grocery,28.9653,-73.7335
T000039776,488800000242,2025-12-29T10:22:00Z,6.4,m_240,grocery,33.7451,-100.9839
T000039777,425100000126,2025-12-29T10:24:00Z,101.73,m_713,grocery,46.2819,-107.6672
T000039779,465400000137,2025-12-29T10:27:00Z,19.31,m_240,fuel,37.2269,-116.7943
T000039780,441600000097,2025-12-29T10:31:00Z,5.8,m_245,cash_advance,26.8184,-116.9205
T000039781,493600000274,2025-12-29T10:32:00Z,8.5,m_715,health,27.1804,-73.1499
T000039782,422200000028,2025-12-29T10:33:00Z,81.21,m_436,online,29.5633,-121.652
T000039783,497600000197,2025-12-29T10:39:00Z,10.04,m_742,clothing,45.1285,-116.7162
T000039784,473300000089,2025-12-29T10:41:00Z,12.22,m_645,restaurant,39.1795,-73.7887
T000039785,431700000171,2025-12-29T10:43:00Z,32.66,m_111,electronics,48.7838,-120.3828
T000039787,420200000231,2025-12-29T10:51:00Z,6.28,m_627,grocery,28.1511,-115.1331
T000039788,449200000177,2025-12-29T10:53:00Z,20.0,m_669,grocery,30.738,-116.743
T000039789,405700000064,2025-12-29T10:56:00Z,23.46,m_506,grocery,31.0647,-111.5111
T000039790,460200000124,2025-12-29T10:57:00Z,20.22,m_521,grocery,48.5233,-74.0416
T000039791,422800000294,2025-12-29T10:59:00Z,25.4,m_275,grocery,39.6224,-116.7098
T000039792,432200000285,2025-12-29T11:01:00Z,57.0,m_573,grocery,42.7019,-113.1773
T000039793,440200000212,2025-12-29T11:03:00Z,18.35,m_602,cash_advance,44.5281,-102.7209
T000039794,493100000068,2025-12-29T11:10:00Z,6.64,m_033,fuel,34.0527,-91.7463
T000039795,407400000227,2025-12-29T11:10:00Z,20.88,m_255,cash_advance,34.0262,-84.1966
T000039796,492800000125,2025-12-29T11:14:00Z,51.83,m_723,electronics,45.5786,-89.126
T000039800,468700000127,2025-12-29T11:19:00Z,20.89,m_234,clothing,31.4441,-123.0131
T000039801,435100000025,2025-12-29T11:21:00Z,11.33,m_214,cash_advance,34.1927,-101.4233
T000039802,426900000083,2025-12-29T11:22:00Z,63.27,m_369,electronics,47.2705,-83.3768
T000039803,451600000095,2025-12-29T11:23:00Z,22.11,m_714,travel,41.5524,-102.158
T000039804,478200000065,2025-12-29T11:26:00Z,99.57,m_124,clothing,34.2365,-89.6655
T000039805,472100000092,2025-12-29T11:36:00Z,9.35,m_671,online,42.3175,-80.4165
T000039806,403700000193,2025-12-29T11:37:00Z,14.29,m_436,grocery,31.9402,-102.9837
T000039807,481700000044,2025-12-29T11:37:00Z,25.55,m_140,restaurant,41.8656,-89.0487
T000039809,424900000048,2025-12-29T11:41:00Z,4.42,m_378,electronics,35.0078,-114.8869
T000039810,459200000077,2025-12-29T11:48:00Z,61.31,m_427,grocery,34.7486,-106.0074
T000039812,453700000255,2025-12-29T12:03:00Z,5.16,m_688,travel,24.9217,-111.0168
T000039813,454600000047,2025-12-29T12:04:00Z,25.39,m_782,clothing,43.3192,-97.3215
T000039816,454900000187,2025-12-29T12:08:00Z,11.59,m_787,travel,41.566,-111.1807
T000039821,430300000145,2025-12-29T12:16:00Z,17.08,m_017,fuel,25.2529,-102.7064
T000039819,426900000172,2025-12-29T12:16:00Z,17.56,m_661,health,42.8745,-107.5439
T000039820,460200000201,2025-12-29T12:16:00Z,97.62,m_785,online,44.2242,-78.634
T000039824,403700000193,2025-12-29T12:26:00Z,18.87,m_419,grocery,32.7774,-103.5482
T000039825,403900000005,2025-12-29T12:34:00Z,14.94,m_031,travel,27.6731,-89.9628
T000039826,467400000299,2025-12-29T12:36:00Z,35.69,m_034,clothing,26.2338,-109.5116
T000039828,421200000102,2025-12-29T12:40:00Z,16.55,m_312,health,40.9522,-115.9308
T000039829,436200000283,2025-12-29T12:45:00Z,16.29,m_552,cash_advance,31.0756,-117.3891
T000039830,478500000258,2025-12-29T12:52:00Z,14.19,m_149,entertainment,47.0042,-83.7643
T000039831,423800000109,2025-12-29T12:53:00Z,5.7,m_498,fuel,37.1211,-98.9889
T000039832,441600000097,2025-12-29T12:54:00Z,6.9,m_065,fuel,26.814,-117.3395
T000039833,448700000123,2025-12-29T12:57:00Z,52.53,m_628,cash_advance,41.8828,-98.4572
T000039834,496700000238,2025-12-29T13:03:00Z,4.74,m_468,restaurant,25.7237,-103.0644
T000039835,489200000253,2025-12-29T13:03:00Z,25.97,m_054,fuel,36.7322,-88.879
T000039836,413700000240,2025-12-29T13:04:00Z,9.32,m_783,restaurant,29.7658,-117.418
T000039838,461900000132,2025-12-29T13:16:00Z,20.99,m_015,clothing,39.127,-96.2943
T000039842,427000000130,2025-12-29T13:27:00Z,11.0,m_737,restaurant,40.9878,-101.2265
T000039843,431700000171,2025-12-29T13:38:00Z,23.06,m_601,fuel,48.6713,-119.4936
T000039844,436700000039,2025-12-29T13:40:00Z,9.35,m_217,restaurant,42.7011,-77.8921
T000039845,471100000298,2025-12-29T13:41:00Z,31.89,m_289,travel,46.1211,-86.0539
T000039846,419200000035,2025-12-29T13:42:00Z,20.48,m_598,health,30.5973,-92.0784
T000039852,448700000123,2025-12-29T14:02:00Z,72.93,m_079,travel,40.9803,-97.9408
T000039853,421700000058,2025-12-29T14:05:00Z,26.56,m_121,electronics,44.4136,-82.5479
T000039854,402100000075,2025-12-29T14:07:00Z,12.0,m_655,electronics,38.1928,-123.1655
T000039855,472500000128,2025-12-29T14:12:00Z,3.67,m_044,travel,30.3032,-119.5542
T000039856,442800000101,2025-12-29T14:16:00Z,11.95,m_652,cash_advance,25.1501,-102.5988
T000039857,418600000223,2025-12-29T14:17:00Z,16.6,m_204,clothing,48.9014,-78.4519
T000039858,492800000125,2025-12-29T14:20:00Z,41.61,m_150,travel,45.0068,-89.2714
T000039859,497600000197,2025-12-29T14:23:00Z,4.12,m_048,clothing,45.4967,-117.1685
T000039861,492900000216,2025-12-29T14:25:00Z,9.5,m_108,fuel,34.5449,-71.1942
T000039862,432200000285,2025-12-29T14:29:00Z,8.99,m_195,grocery,42.3204,-113.7712
T000039863,496700000238,2025-12-29T14:30:00Z,11.03,m_189,cash_advance,25.7843,-102.9371
T000039864,448600000179,2025-12-29T14:32:00Z,19.27,m_515,fuel,29.9736,-109.5386
T000039865,482600000050,2025-12-29T14:34:00Z,14.45,m_318,cash_advance,38.4454,-77.6647
T000039866,448100000292,2025-12-29T14:42:00Z,25.86,m_392,online,33.1254,-93.5972
T000039868,440200000212,2025-12-29T15:00:00Z,33.52,m_064,grocery,45.1925,-103.1539
T000039870,431600000056,2025-12-29T15:20:00Z,16.52,m_764,clothing,45.7,-84.4919
T000039871,420900000275,2025-12-29T15:31:00Z,19.28,m_163,travel,29.197,-74.2273
T000039872,492500000154,2025-12-29T15:35:00Z,16.74,m_097,restaurant,30.5416,-111.6305
T000039873,400900000156,2025-12-29T15:36:00Z,12.75,m_790,grocery,43.7535,-106.6421
T000039874,432500000146,2025-12-29T15:37:00Z,8.22,m_660,cash_advance,27.0113,-115.7234
T000039875,416600000244,2025-12-29T15:37:00Z,34.07,m_601,fuel,38.1395,-73.3689
T000039876,498300000053,2025-12-29T15:41:00Z,16.37,m_174,health,33.7369,-120.3229
T000039879,462600000282,2025-12-29T15:47:00Z,10.98,m_390,fuel,45.0443,-88.4281
T000039880,460200000124,2025-12-29T15:49:00Z,42.75,m_188,cash_advance,47.9251,-74.9927
T000039881,492300000241,2025-12-29T15:51:00Z,13.04,m_118,cash_advance,29.8551,-76.9704
T000039882,414100000007,2025-12-29T15:52:00Z,5.36,m_488,electronics,35.4015,-113.8899
T000039884,471100000081,2025-12-29T16:02:00Z,21.66,m_267,cash_advance,39.7824,-112.8388
T000039885,493600000274,2025-12-29T16:04:00Z,40.32,m_302,grocery,26.5427,-72.7967
T000039886,464300000022,2025-12-29T16:19:00Z,11.03,m_676,cash_advance,44.3453,-71.8062
T000039887,471100000298,2025-12-29T16:21:00Z,27.13,m_297,grocery,45.4541,-86.1226
T000039888,478800000015,2025-12-29T16:26:00Z,70.99,m_190,fuel,30.3611,-114.326
T000039890,418900000158,2025-12-29T16:35:00Z,27.91,m_410,travel,31.8455,-107.842
T000039891,436300000225,2025-12-29T16:36:00Z,40.63,m_677,electronics,45.9494,-100.0339
T000039893,449400000063,2025-12-29T16:43:00Z,63.7,m_601,grocery,40.9239,-74.6094
T000039895,407400000227,2025-12-29T16:47:00Z,4.69,m_763,electronics,35.1684,-84.3249
T000039896,479800000106,2025-12-29T16:55:00Z,18.73,m_008,grocery,28.2501,-72.5087
T000039897,400100000173,2025-12-29T16:55:00Z,19.64,m_012,entertainment,46.5613,-83.5908
T000039898,490100000041,2025-12-29T16:56:00Z,17.5,m_331,cash_advance,36.181,-90.8401
T000039899,444800000104,2025-12-29T16:58:00Z,43.33,m_483,travel,42.0039,-77.1464
T000039900,442700000200,2025-12-29T17:05:00Z,9.64,m_770,cash_advance,42.9714,-93.3803
T000039901,404400000000,2025-12-29T17:10:00Z,18.33,m_545,entertainment,45.7113,-75.2832
T000039902,479800000106,2025-12-29T17:11:00Z,12.09,m_644,entertainment,27.7466,-71.9107
T000039904,478700000011,2025-12-29T17:13:00Z,34.7,m_073,travel,45.1644,-93.8235
T000039905,425300000079,2025-12-29T17:16:00Z,11.97,m_059,travel,35.8791,-76.009
T000039906,498000000209,2025-12-29T17:19:00Z,9.16,m_388,restaurant,43.5953,-89.6489
T000039908,499500000281,2025-12-29T17:28:00Z,6.39,m_270,restaurant,47.3331,-75.8761
T000039910,462600000282,2025-12-29T17:29:00Z,32.4,m_709,cash_advance,45.5246,-87.9291
T000039911,478500000258,2025-12-29T17:32:00Z,12.43,m_161,entertainment,47.1889,-84.3685
T000039912,480500000222,2025-12-29T17:40:00Z,61.2,m_616,electronics,28.8263,-123.3195
T000039913,403900000005,2025-12-29T17:42:00Z,15.87,m_773,fuel,26.2023,-89.6047
T000039914,497000000024,2025-12-29T17:46:00Z,25.46,m_543,online,35.195,-96.5782
T000039915,413700000240,2025-12-29T17:46:00Z,15.17,m_378,restaurant,30.076,-117.4779
T000039916,485100000229,2025-12-29T17:46:00Z,35.07,m_799,electronics,31.4694,-96.0742
T000039918,425300000079,2025-12-29T17:51:00Z,7.03,m_625,fuel,36.3369,-75.4955
T000039919,413400000129,2025-12-29T17:55:00Z,11.61,m_621,travel,44.246,-76.1169
T000039920,413400000129,2025-12-29T18:04:00Z,29.19,m_627,electronics,44.2536,-76.2038
T000039921,442700000200,2025-12-29T18:06:00Z,24.66,m_339,clothing,44.995,-94.973
T000039922,471700000259,2025-12-29T18:10:00Z,34.57,m_504,travel,26.4132,-117.7794
T000039923,464600000139,2025-12-29T18:12:00Z,42.04,m_795,clothing,40.0393,-84.7897
T000039925,443500000166,2025-12-29T18:19:00Z,42.79,m_752,restaurant,31.2541,-74.5027
T000039926,467400000299,2025-12-29T18:22:00Z,36.89,m_416,electronics,25.9945,-110.519
T000039928,488200000133,2025-12-29T18:30:00Z,13.99,m_051,electronics,47.3217,-87.6255
T000039929,432500000146,2025-12-29T18:34:00Z,11.53,m_593,travel,27.3607,-115.1202
T000039931,459100000090,2025-12-29T18:37:00Z,39.2,m_173,grocery,41.74,-82.5846
T000039932,461900000132,2025-12-29T18:42:00Z,8.7,m_707,fuel,39.5636,-96.2376
T000039934,483100000286,2025-12-29T18:50:00Z,31.62,m_444,grocery,35.7905,-74.6074
T000039936,434800000074,2025-12-29T18:55:00Z,13.49,m_363,cash_advance,35.2543,-110.2409
T000039937,416000000196,2025-12-29T18:58:00Z,34.82,m_276,fuel,28.0913,-113.9467
T000039938,493900000290,2025-12-29T18:59:00Z,31.99,m_412,entertainment,34.5287,-73.9243
T000039939,422800000294,2025-12-29T19:00:00Z,62.55,m_658,online,39.7817,-117.1413
T000039940,484400000030,2025-12-29T19:04:00Z,16.22,m_449,cash_advance,28.6053,-72.8239
T000039941,468600000099,2025-12-29T19:06:00Z,7.09,m_155,cash_advance,37.9301,-73.4665
T000039942,442800000101,2025-12-29T19:07:00Z,22.25,m_473,travel,25.0538,-103.4019
T000039943,403400000178,2025-12-29T19:11:00Z,10.92,m_453,health,27.0708,-113.3098
T000039944,475100000009,2025-12-29T19:11:00Z,38.85,m_223,cash_advance,32.9018,-78.5109
T000039946,460200000124,2025-12-29T19:15:00Z,30.98,m_080,travel,47.9542,-74.7089
T000039947,479800000106,2025-12-29T19:18:00Z,15.22,m_473,fuel,28.1042,-71.8245
T000039950,488800000117,2025-12-29T19:27:00Z,26.35,m_171,electronics,35.6135,-104.778
T000039951,482000000288,2025-12-29T19:30:00Z,21.17,m_401,restaurant,37.3001,-107.0521
T000039952,429200000138,2025-12-29T19:36:00Z,26.97,m_377,travel,40.8373,-86.2274
T000039954,426700000042,2025-12-29T19:39:00Z,24.78,m_493,fuel,36.3537,-115.6534
T000039955,448100000292,2025-12-29T19:40:00Z,25.95,m_027,cash_advance,32.6482,-94.501
T000039956,498200000023,2025-12-29T19:42:00Z,11.9,m_610,electronics,25.3327,-85.7868
T000039957,424900000048,2025-12-29T19:45:00Z,28.73,m_091,entertainment,35.1942,-115.6716
T000039958,410600000115,2025-12-29T19:46:00Z,32.78,m_364,health,27.8253,-84.6379
T000039962,411600000017,2025-12-29T19:56:00Z,39.22,m_176,online,38.2477,-86.9475
T000039963,447000000194,2025-12-29T19:57:00Z,6.42,m_378,online,35.19,-81.6504
T000039965,422200000028,2025-12-29T20:06:00Z,32.6,m_162,entertainment,28.7396,-122.2657
T000039966,492500000154,2025-12-29T20:07:00Z,9.67,m_170,entertainment,29.9848,-112.4437
T000039967,413700000240,2025-12-29T20:08:00Z,23.91,m_565,fuel,30.2361,-117.6122
T000039968,413800000254,2025-12-29T20:10:00Z,38.11,m_177,online,40.0514,-83.8128
T000039973,412700000272,2025-12-29T20:20:00Z,51.73,m_756,restaurant,35.231,-108.0484
T000039974,412500000217,2025-12-29T20:22:00Z,32.05,m_637,cash_advance,26.0682,-112.9276
T000039975,492900000216,2025-12-29T20:25:00Z,4.06,m_543,travel,35.9507,-71.3876
T000039976,435100000025,2025-12-29T20:27:00Z,9.25,m_188,entertainment,33.9812,-101.0417
T000039977,482000000288,2025-12-29T20:31:00Z,23.46,m_546,health,36.3609,-107.0449
T000039978,465400000150,2025-12-29T20:34:00Z,6.96,m_470,clothing,25.1566,-77.9506
T000039981,426700000042,2025-12-29T20:45:00Z,19.01,m_003,travel,36.5785,-114.8159
T000039982,491700000073,2025-12-29T20:49:00Z,40.64,m_723,fuel,29.3522,-84.4623
T000039985,448700000123,2025-12-29T20:57:00Z,138.97,m_270,travel,41.1403,-97.5541
T000039987,462500000168,2025-12-29T21:01:00Z,10.2,m_400,electronics,29.7099,-71.3228
T000039988,467400000299,2025-12-29T21:02:00Z,38.68,m_067,restaurant,26.3316,-108.9394
T000039989,434500000161,2025-12-29T21:16:00Z,18.35,m_602,restaurant,36.333,-88.8349
T000039990,448700000123,2025-12-29T21:50:00Z,47.97,m_329,electronics,41.5531,-98.6209
T000039993,430200000164,2025-12-29T22:30:00Z,41.21,m_397,travel,31.7485,-75.044
T000039994,432500000146,2025-12-29T23:01:00Z,10.83,m_039,online,27.2396,-115.3772
T000039995,405700000064,2025-12-29T23:06:00Z,16.32,m_326,online,31.0229,-112.2184
T000039996,403400000178,2025-12-29T23:13:00Z,13.47,m_179,entertainment,25.9153,-113.4363
T000039997,416000000196,2025-12-29T23:28:00Z,28.3,m_562,entertainment,27.5204,-114.6997
T000039998,472100000092,2025-12-29T23:37:00Z,9.69,m_746,travel,42.1308,-79.3468
T000039999,422200000028,2025-12-29T23:50:00Z,40.27,m_703,online,29.1352,-121.6269
