ts,prediction
2026-01-01T00:07:07Z,2.9266
2026-01-01T00:11:30Z,3.0078
2026-01-01T00:14:13Z,2.5325
2026-01-01T00:17:20Z,2.4879
2026-01-01T00:23:46Z,2.9617
2026-01-01T00:46:18Z,3.2995
2026-01-01T00:46:47Z,2.1362
2026-01-01T00:48:49Z,3.1044
2026-01-01T00:57:46Z,3.2007
2026-01-01T01:07:04Z,2.8931
2026-01-01T01:21:03Z,2.3915
2026-01-01T01:48:10Z,2.3519
2026-01-01T01:54:17Z,3.3215
2026-01-01T01:57:53Z,2.4902
2026-01-01T02:04:55Z,2.6499
2026-01-01T02:07:02Z,2.4676
2026-01-01T02:08:06Z,2.8145
2026-01-01T02:09:36Z,2.3373
2026-01-01T02:19:03Z,2.0731
2026-01-01T02:20:43Z,2.4053
2026-01-01T02:25:18Z,2.6974
2026-01-01T02:34:04Z,2.4414
2026-01-01T02:34:36Z,2.6145
2026-01-01T02:34:58Z,2.3746
2026-01-01T02:48:45Z,2.9146
2026-01-01T03:05:32Z,2.598
2026-01-01T03:09:10Z,2.1824
2026-01-01T03:12:02Z,2.8197
2026-01-01T03:21:18Z,2.862
2026-01-01T03:32:41Z,3.2111
2026-01-01T03:33:29Z,2.6883
2026-01-01T03:37:40Z,2.269
2026-01-01T03:51:03Z,2.5126
2026-01-01T03:54:07Z,3.0835
2026-01-01T04:17:20Z,1.984
2026-01-01T04:30:07Z,3.0916
2026-01-01T04:34:15Z,3.1036
2026-01-01T05:05:54Z,3.1478
2026-01-01T05:25:11Z,2.2827
2026-01-01T05:26:19Z,2.0777
2026-01-01T05:41:27Z,2.27
2026-01-01T05:45:57Z,2.7047
2026-01-01T05:54:30Z,2.9043
2026-01-01T05:58:21Z,3.0811
2026-01-01T06:08:01Z,2.3812
2026-01-01T06:25:36Z,2.8379
2026-01-01T06:58:59Z,2.7509
2026-01-01T07:19:22Z,2.5742
2026-01-01T07:32:34Z,2.4115
2026-01-01T07:37:05Z,2.4299
2026-01-01T07:37:51Z,3.0365
2026-01-01T07:42:06Z,2.9849
2026-01-01T07:50:43Z,2.8435
2026-01-01T08:00:50Z,2.32
2026-01-01T08:29:51Z,2.5897
2026-01-01T08:31:34Z,2.3946
2026-01-01T08:32:11Z,2.6106
2026-01-01T08:41:20Z,2.5511
2026-01-01T08:42:14Z,1.5172
2026-01-01T08:44:30Z,2.0419
2026-01-01T08:46:16Z,2.732
2026-01-01T08:54:37Z,1.5778
2026-01-01T09:16:12Z,2.4073
2026-01-01T09:30:12Z,2.3221
2026-01-01T09:39:20Z,2.5477
2026-01-01T09:46:41Z,2.4943
2026-01-01T09:49:02Z,2.9801
2026-01-01T09:49:11Z,3.3077
2026-01-01T09:50:59Z,3.197
2026-01-01T09:51:01Z,2.5684
2026-01-01T09:59:25Z,2.9362
2026-01-01T09:59:34Z,2.5646
2026-01-01T10:04:34Z,2.6382
2026-01-01T10:07:04Z,2.9837
2026-01-01T10:08:21Z,2.2185
2026-01-01T10:10:37Z,2.1625
2026-01-01T10:11:39Z,2.049
2026-01-01T10:12:17Z,1.7458
2026-01-01T10:18:47Z,2.4692
2026-01-01T10:21:27Z,2.7105
2026-01-01T10:29:59Z,2.7801
2026-01-01T10:31:28Z,3.0879
2026-01-01T10:36:19Z,2.7865
2026-01-01T10:37:45Z,2.9205
2026-01-01T11:03:08Z,3.5564
2026-01-01T11:09:31Z,2.2701
2026-01-01T11:32:43Z,2.7272
2026-01-01T11:57:06Z,2.8095
2026-01-01T12:03:24Z,2.3022
2026-01-01T12:08:40Z,2.857
2026-01-01T12:10:39Z,1.803
2026-01-01T12:10:53Z,2.3334
2026-01-01T12:18:11Z,2.1448
2026-01-01T12:34:55Z,2.8981
2026-01-01T12:36:07Z,2.9833
2026-01-01T12:37:35Z,2.7231
2026-01-01T12:52:20Z,3.1116
2026-01-01T12:56:24Z,3.4622
2026-01-01T13:00:56Z,2.6351
2026-01-01T13:10:05Z,2.456
2026-01-01T13:30:39Z,2.6308
2026-01-01T13:31:41Z,2.5847
2026-01-01T13:31:41Z,1.8885
2026-01-01T13:36:33Z,2.4031
2026-01-01T13:44:23Z,2.324
2026-01-01T13:47:53Z,2.6982
2026-01-01T14:22:30Z,2.6965
2026-01-01T14:25:25Z,3.2499
2026-01-01T14:35:29Z,2.4845
2026-01-01T14:42:55Z,2.7202
2026-01-01T14:48:45Z,3.043
2026-01-01T15:02:11Z,2.9942
2026-01-01T15:02:53Z,3.1344
2026-01-01T15:20:02Z,2.1259
2026-01-01T15:21:55Z,3.0053
2026-01-01T15:24:13Z,2.9514
2026-01-01T15:27:33Z,2.3878
2026-01-01T15:34:03Z,3.0073
2026-01-01T15:34:54Z,2.6432
2026-01-01T15:35:05Z,3.0859
2026-01-01T16:02:23Z,2.8511
2026-01-01T16:21:51Z,2.8903
2026-01-01T16:51:37Z,3.2886
2026-01-01T16:53:17Z,2.3682
2026-01-01T17:04:53Z,2.4583
2026-01-01T17:07:45Z,2.567
2026-01-01T17:28:32Z,2.9148
2026-01-01T17:55:25Z,2.312
2026-01-01T18:03:20Z,2.3756
2026-01-01T18:22:40Z,2.2177
2026-01-01T18:42:17Z,2.9379
2026-01-01T19:00:59Z,2.4836
2026-01-01T19:10:31Z,3.1515
2026-01-01T19:29:59Z,1.9297
2026-01-01T19:30:19Z,2.6417
2026-01-01T19:47:33Z,1.9357
2026-01-01T19:53:12Z,2.6872
2026-01-01T19:59:39Z,3.1525
2026-01-01T19:59:46Z,2.4319
2026-01-01T20:22:38Z,3.3939
2026-01-01T20:35:32Z,3.2045
2026-01-01T21:05:56Z,2.7188
2026-01-01T21:21:57Z,2.4694
2026-01-01T21:28:51Z,2.8733
2026-01-01T21:36:29Z,2.6897
2026-01-01T21:37:18Z,2.7263
2026-01-01T21:49:51Z,2.5015
2026-01-01T21:51:21Z,2.9225
2026-01-01T22:01:47Z,3.1259
2026-01-01T22:04:44Z,2.5546
2026-01-01T22:38:07Z,3.6123
2026-01-01T22:46:45Z,2.9801
2026-01-01T23:06:44Z,3.1251
2026-01-01T23:10:24Z,2.382
2026-01-01T23:13:33Z,2.5425
2026-01-01T23:17:44Z,2.7514
2026-01-01T23:28:16Z,2.1711
2026-01-01T23:35:59Z,2.4001
2026-01-01T23:44:34Z,2.6183
2026-01-01T23:50:59Z,2.3045
2026-01-02T00:06:25Z,2.3282
2026-01-02T00:24:14Z,2.5541
2026-01-02T00:46:00Z,3.2503
2026-01-02T01:03:43Z,1.9436
2026-01-02T01:27:29Z,3.0667
2026-01-02T01:30:35Z,2.5651
2026-01-02T01:39:14Z,2.8295
2026-01-02T01:45:42Z,2.4466
2026-01-02T01:46:15Z,2.349
2026-01-02T01:53:01Z,2.8697
2026-01-02T02:15:46Z,2.5775
2026-01-02T02:26:17Z,2.91
2026-01-02T02:31:01Z,2.6621
2026-01-02T02:46:44Z,3.3854
2026-01-02T02:50:36Z,2.8968
2026-01-02T02:55:34Z,2.3339
2026-01-02T02:56:43Z,2.88
2026-01-02T03:05:06Z,1.9652
2026-01-02T03:12:07Z,2.6166
2026-01-02T03:12:43Z,3.2512
2026-01-02T03:13:44Z,2.1199
2026-01-02T03:22:43Z,2.5636
2026-01-02T03:54:41Z,3.2046
2026-01-02T04:32:31Z,3.5907
2026-01-02T04:32:34Z,2.6654
2026-01-02T04:41:26Z,2.6567
2026-01-02T04:49:52Z,3.1366
2026-01-02T05:10:15Z,3.2156
2026-01-02T05:19:54Z,1.9911
2026-01-02T05:29:18Z,1.9707
2026-01-02T05:36:46Z,2.4561
2026-01-02T05:39:22Z,2.5303
2026-01-02T06:13:50Z,2.7772
2026-01-02T06:16:07Z,3.2541
2026-01-02T06:18:05Z,2.0972
2026-01-02T06:41:06Z,2.2737
2026-01-02T06:44:54Z,2.1004
2026-01-02T06:45:12Z,1.98
2026-01-02T06:57:12Z,2.9584
2026-01-02T06:57:34Z,2.6781
2026-01-02T07:04:43Z,3.506
2026-01-02T07:09:11Z,3.0897
2026-01-02T07:14:49Z,2.6672
2026-01-02T07:17:38Z,2.8018
2026-01-02T07:24:40Z,2.379
2026-01-02T07:24:43Z,2.3833
2026-01-02T07:57:30Z,2.4081
2026-01-02T08:03:21Z,2.1019
2026-01-02T08:03:41Z,2.1827
2026-01-02T08:08:07Z,2.6477
2026-01-02T08:28:05Z,2.9157
2026-01-02T08:37:03Z,2.8426
2026-01-02T08:48:05Z,2.0239
2026-01-02T08:51:18Z,1.7116
2026-01-02T08:52:50Z,2.5454
2026-01-02T09:13:03Z,1.9346
2026-01-02T09:20:03Z,2.7549
2026-01-02T09:24:51Z,2.6502
2026-01-02T09:25:46Z,2.0591
2026-01-02T09:35:57Z,2.2855
2026-01-02T09:44:04Z,2.2963
2026-01-02T09:55:12Z,3.0255
2026-01-02T10:30:31Z,2.3232
2026-01-02T10:41:11Z,2.7335
2026-01-02T10:49:47Z,2.7509
2026-01-02T10:54:55Z,2.398
2026-01-02T11:13:47Z,2.0692
2026-01-02T11:19:48Z,2.4504
2026-01-02T11:30:35Z,2.9266
2026-01-02T11:33:01Z,1.8262
2026-01-02T11:36:39Z,3.2903
2026-01-02T11:40:19Z,2.4415
2026-01-02T11:45:08Z,2.5336
2026-01-02T11:52:07Z,2.7009
2026-01-02T11:57:18Z,2.2781
2026-01-02T11:58:32Z,1.8143
2026-01-02T11:58:33Z,2.694
2026-01-02T12:04:05Z,1.938
2026-01-02T12:39:14Z,2.6289
2026-01-02T12:56:58Z,2.3394
2026-01-02T12:57:23Z,2.4963
2026-01-02T13:02:25Z,2.4142
2026-01-02T13:07:06Z,2.3223
2026-01-02T13:12:42Z,3.1658
2026-01-02T13:21:37Z,2.8286
2026-01-02T13:35:18Z,2.4602
2026-01-02T13:38:35Z,3.0866
2026-01-02T14:11:42Z,2.866
2026-01-02T14:12:39Z,3.0151
2026-01-02T14:45:27Z,2.5523
2026-01-02T14:51:50Z,2.4312
2026-01-02T14:52:44Z,2.6478
2026-01-02T15:20:36Z,2.3068
2026-01-02T16:16:15Z,2.6985
2026-01-02T16:25:41Z,2.4164
2026-01-02T16:34:29Z,1.9207
2026-01-02T16:50:10Z,1.8504
2026-01-02T16:56:43Z,2.1798
2026-01-02T17:04:55Z,2.2571
2026-01-02T17:06:42Z,3.1095
2026-01-02T17:09:39Z,2.3665
2026-01-02T17:29:51Z,3.0858
2026-01-02T17:30:51Z,2.4145
2026-01-02T17:45:25Z,2.4522
2026-01-02T17:45:30Z,2.9701
2026-01-02T18:04:58Z,3.0058
2026-01-02T18:06:44Z,2.7164
2026-01-02T18:13:10Z,2.8151
2026-01-02T18:19:22Z,2.9753
2026-01-02T18:22:13Z,2.8803
2026-01-02T18:27:05Z,1.9366
2026-01-02T18:29:21Z,2.288
2026-01-02T18:57:16Z,2.5177
2026-01-02T19:02:09Z,1.7502
2026-01-02T19:05:31Z,3.0608
2026-01-02T19:05:50Z,2.9841
2026-01-02T19:07:31Z,2.256
2026-01-02T19:18:23Z,2.2546
2026-01-02T19:31:01Z,3.3881
2026-01-02T19:32:16Z,2.1783
2026-01-02T19:36:56Z,2.0461
2026-01-02T19:49:27Z,1.7083
2026-01-02T20:09:09Z,2.4138
2026-01-02T20:19:32Z,2.7807
2026-01-02T20:26:09Z,2.2377
2026-01-02T20:29:28Z,2.7094
2026-01-02T20:49:04Z,2.3428
2026-01-02T20:51:41Z,2.6751
2026-01-02T21:00:13Z,2.915
2026-01-02T21:04:12Z,2.3738
2026-01-02T21:04:29Z,2.8234
2026-01-02T21:05:23Z,2.8969
2026-01-02T21:08:04Z,2.2712
2026-01-02T21:14:22Z,2.7906
2026-01-02T21:27:24Z,2.7814
2026-01-02T21:35:06Z,2.3907
2026-01-02T21:51:12Z,2.8404
2026-01-02T22:08:03Z,3.0772
2026-01-02T22:12:13Z,2.6412
2026-01-02T22:12:51Z,2.7482
2026-01-02T22:29:36Z,2.5696
2026-01-02T22:32:12Z,3.6625
2026-01-02T22:47:51Z,1.8814
2026-01-02T22:55:50Z,2.2003
2026-01-02T23:07:02Z,2.4842
2026-01-02T23:09:32Z,2.1897
2026-01-02T23:19:53Z,2.5646
2026-01-02T23:27:50Z,3.6097
2026-01-02T23:34:35Z,3.1408
2026-01-02T23:43:40Z,2.4992
2026-01-02T23:51:31Z,2.8475
2026-01-03T00:07:42Z,3.1544
2026-01-03T00:17:34Z,2.4065
2026-01-03T00:23:04Z,2.065
2026-01-03T00:37:01Z,3.1008
2026-01-03T01:24:48Z,2.3483
2026-01-03T01:34:29Z,2.5377
2026-01-03T01:37:23Z,3.0861
2026-01-03T01:51:14Z,1.9526
2026-01-03T01:53:36Z,3.179
2026-01-03T01:54:10Z,3.6884
2026-01-03T02:04:29Z,1.7913
2026-01-03T02:07:47Z,2.4157
2026-01-03T02:14:53Z,2.5318
2026-01-03T02:29:30Z,2.6539
2026-01-03T02:39:45Z,2.6357
2026-01-03T02:47:29Z,2.4818
2026-01-03T02:48:56Z,1.5879
2026-01-03T02:57:39Z,2.4025
2026-01-03T02:58:14Z,2.7792
2026-01-03T03:05:08Z,2.6657
2026-01-03T03:22:57Z,2.4153
2026-01-03T03:24:19Z,1.7174
2026-01-03T03:25:44Z,2.8103
2026-01-03T03:56:12Z,2.5114
2026-01-03T04:17:19Z,2.9292
2026-01-03T04:37:07Z,3.1769
2026-01-03T04:41:59Z,3.343
2026-01-03T04:46:43Z,2.3646
2026-01-03T05:01:02Z,2.3743
2026-01-03T05:05:02Z,2.5365
2026-01-03T05:19:27Z,2.0232
2026-01-03T05:21:28Z,2.2961
2026-01-03T05:41:12Z,3.3635
2026-01-03T05:55:34Z,2.8634
2026-01-03T06:01:36Z,2.8069
2026-01-03T06:23:26Z,2.9302
2026-01-03T06:28:57Z,4.0422
2026-01-03T06:52:19Z,2.4412
2026-01-03T06:55:53Z,2.6794
2026-01-03T07:03:15Z,1.8033
2026-01-03T07:14:16Z,2.8926
2026-01-03T07:29:21Z,2.8625
2026-01-03T08:00:29Z,2.1839
2026-01-03T08:08:07Z,2.6094
2026-01-03T08:08:11Z,2.0459
2026-01-03T09:05:25Z,2.6909
2026-01-03T09:08:23Z,3.0791
2026-01-03T09:34:03Z,2.5466
2026-01-03T09:34:10Z,3.2691
2026-01-03T09:41:58Z,3.0705
2026-01-03T09:55:18Z,2.7254
2026-01-03T10:13:25Z,2.1011
2026-01-03T10:21:19Z,1.6522
2026-01-03T10:24:34Z,2.5251
2026-01-03T10:27:03Z,2.5635
2026-01-03T10:50:34Z,2.745
2026-01-03T10:51:33Z,1.8453
2026-01-03T10:57:11Z,2.8208
2026-01-03T11:11:47Z,2.6676
2026-01-03T11:12:00Z,3.1696
2026-01-03T11:16:11Z,2.8227
2026-01-03T11:21:51Z,2.1746
2026-01-03T11:36:15Z,3.0308
2026-01-03T11:36:48Z,2.9908
2026-01-03T11:39:04Z,2.9583
2026-01-03T11:52:19Z,2.5821
2026-01-03T12:16:39Z,2.0164
2026-01-03T12:21:43Z,2.4988
2026-01-03T12:33:14Z,2.4366
2026-01-03T12:36:32Z,2.5628
2026-01-03T12:48:15Z,2.951
2026-01-03T13:07:55Z,2.6868
2026-01-03T13:18:22Z,2.1391
2026-01-03T13:24:49Z,2.9585
2026-01-03T13:33:03Z,2.7236
2026-01-03T13:33:42Z,2.878
2026-01-03T13:38:26Z,2.0148
2026-01-03T13:51:50Z,2.3494
2026-01-03T13:53:21Z,1.974
2026-01-03T13:55:43Z,2.5853
2026-01-03T14:47:40Z,2.3835
2026-01-03T14:56:46Z,2.0137
2026-01-03T14:59:54Z,2.7767
2026-01-03T15:32:58Z,3.1743
2026-01-03T15:33:48Z,2.0915
2026-01-03T15:40:50Z,1.8191
2026-01-03T15:47:17Z,2.6456
2026-01-03T15:51:38Z,2.9097
2026-01-03T15:55:16Z,2.7345
2026-01-03T16:00:14Z,2.7201
2026-01-03T16:25:13Z,2.615
2026-01-03T16:32:30Z,2.1572
2026-01-03T16:33:38Z,2.9675
2026-01-03T16:46:17Z,2.1889
2026-01-03T17:09:42Z,2.1717
2026-01-03T17:12:48Z,2.5044
2026-01-03T17:22:47Z,2.3258
2026-01-03T17:46:35Z,2.1585
2026-01-03T18:00:11Z,2.3127
2026-01-03T18:09:28Z,3.1513
2026-01-03T18:09:28Z,2.4911
2026-01-03T18:12:01Z,2.3724
2026-01-03T18:13:49Z,1.6316
2026-01-03T18:25:30Z,2.3879
2026-01-03T18:26:45Z,1.8543
2026-01-03T18:28:14Z,2.5569
2026-01-03T18:32:40Z,2.0523
2026-01-03T18:44:22Z,3.7081
2026-01-03T18:47:12Z,3.576
2026-01-03T19:03:11Z,2.4065
2026-01-03T19:29:58Z,2.8617
2026-01-03T19:31:09Z,2.1754
2026-01-03T19:48:29Z,3.0909
2026-01-03T19:55:25Z,2.4217
2026-01-03T20:02:23Z,2.6714
2026-01-03T20:07:40Z,2.4998
2026-01-03T20:08:15Z,2.9382
2026-01-03T20:22:43Z,3.1909
2026-01-03T20:41:57Z,2.7952
2026-01-03T20:46:25Z,2.7892
2026-01-03T20:54:47Z,2.5124
2026-01-03T20:58:44Z,2.5453
2026-01-03T21:05:55Z,2.4986
2026-01-03T21:15:18Z,1.8759
2026-01-03T21:18:04Z,3.2908
2026-01-03T21:23:59Z,2.188
2026-01-03T21:26:10Z,2.6156
2026-01-03T21:28:43Z,2.8701
2026-01-03T21:38:15Z,2.5501
2026-01-03T21:59:29Z,2.8615
2026-01-03T22:26:13Z,2.8824
2026-01-03T22:26:16Z,2.6593
2026-01-03T22:33:30Z,3.1023
2026-01-03T22:36:09Z,2.3765
2026-01-03T23:03:10Z,2.9108
2026-01-03T23:15:19Z,2.1321
2026-01-03T23:16:05Z,2.6414
2026-01-03T23:23:58Z,1.9113
2026-01-03T23:29:14Z,2.7326
2026-01-03T23:53:05Z,2.7676
2026-01-04T00:02:36Z,1.739
2026-01-04T00:08:37Z,2.4185
2026-01-04T00:20:42Z,2.3823
2026-01-04T00:28:35Z,2.9239
2026-01-04T00:30:37Z,3.387
2026-01-04T00:34:07Z,2.3487
2026-01-04T00:42:08Z,2.8609
2026-01-04T00:50:36Z,2.1631
2026-01-04T01:13:50Z,3.1551
2026-01-04T01:18:27Z,2.932
2026-01-04T01:21:50Z,2.9624
2026-01-04T01:33:00Z,2.6149
2026-01-04T01:52:01Z,3.1823
2026-01-04T01:55:11Z,2.5922
2026-01-04T02:24:37Z,2.0307
2026-01-04T02:26:11Z,2.3114
2026-01-04T02:36:00Z,2.3038
2026-01-04T02:41:19Z,2.6038
2026-01-04T02:57:37Z,3.3031
2026-01-04T03:02:11Z,2.287
2026-01-04T03:24:26Z,2.6791
2026-01-04T03:25:59Z,3.5317
2026-01-04T03:37:21Z,2.6954
2026-01-04T03:49:35Z,2.8188
2026-01-04T03:54:43Z,3.193
2026-01-04T04:02:37Z,2.5224
2026-01-04T04:13:26Z,2.6569
2026-01-04T04:14:36Z,3.3392
2026-01-04T04:24:33Z,2.6538
2026-01-04T04:32:07Z,2.0302
2026-01-04T04:47:43Z,2.1365
2026-01-04T04:48:47Z,3.1229
2026-01-04T04:51:32Z,3.4774
2026-01-04T04:56:07Z,2.2725
2026-01-04T05:14:05Z,2.2074
2026-01-04T05:15:43Z,2.2744
2026-01-04T05:17:25Z,2.5421
2026-01-04T05:18:59Z,2.5948
2026-01-04T05:31:27Z,2.1492
2026-01-04T05:53:39Z,2.2304
2026-01-04T06:28:16Z,2.9572
2026-01-04T06:35:51Z,3.4134
2026-01-04T06:43:00Z,2.1659
2026-01-04T06:44:24Z,2.8791
2026-01-04T07:16:05Z,3.4399
2026-01-04T07:50:26Z,3.4976
2026-01-04T07:55:43Z,1.936
2026-01-04T07:58:58Z,2.6902
2026-01-04T08:03:47Z,3.5793
2026-01-04T08:09:33Z,2.4201
2026-01-04T08:17:08Z,2.6888
2026-01-04T08:36:15Z,2.5025
2026-01-04T08:49:45Z,2.4945
2026-01-04T09:05:54Z,3.1469
2026-01-04T09:16:03Z,3.3048
2026-01-04T09:18:37Z,3.048
2026-01-04T09:23:49Z,2.8323
2026-01-04T09:47:25Z,2.5102
2026-01-04T09:48:20Z,2.8528
2026-01-04T09:52:54Z,3.6086
2026-01-04T10:17:05Z,2.6644
2026-01-04T10:20:14Z,3.0903
2026-01-04T10:22:35Z,2.0804
2026-01-04T10:23:25Z,2.4279
2026-01-04T10:50:43Z,2.0709
2026-01-04T11:02:18Z,1.8925
2026-01-04T11:10:46Z,3.387
2026-01-04T11:11:30Z,2.8245
2026-01-04T11:12:57Z,1.6968
2026-01-04T11:32:34Z,3.2092
2026-01-04T11:53:53Z,2.5671
2026-01-04T12:11:59Z,2.585
2026-01-04T12:27:37Z,2.1822
2026-01-04T12:38:38Z,2.2346
2026-01-04T12:44:02Z,2.6509
2026-01-04T12:46:45Z,2.4474
2026-01-04T12:47:04Z,2.2161
2026-01-04T12:47:42Z,2.3578
2026-01-04T12:57:52Z,2.0691
2026-01-04T13:09:41Z,2.3904
2026-01-04T13:38:23Z,1.7092
2026-01-04T13:41:10Z,3.1508
2026-01-04T13:44:12Z,2.9502
2026-01-04T13:51:39Z,3.0396
2026-01-04T13:55:35Z,2.9239
2026-01-04T14:02:18Z,3.0853
2026-01-04T14:11:20Z,2.8425
2026-01-04T14:17:28Z,2.2383
2026-01-04T14:23:51Z,2.1211
2026-01-04T14:27:44Z,2.6785
2026-01-04T14:32:43Z,2.1938
2026-01-04T14:34:50Z,2.6157
2026-01-04T14:35:30Z,2.0648
2026-01-04T14:48:27Z,2.628
2026-01-04T14:50:24Z,3.0354
2026-01-04T14:57:32Z,3.26
2026-01-04T15:03:18Z,2.4449
2026-01-04T15:10:24Z,2.0414
2026-01-04T15:23:25Z,2.3266
2026-01-04T15:24:57Z,2.6517
2026-01-04T15:28:21Z,2.7914
2026-01-04T15:36:15Z,2.8052
2026-01-04T16:15:13Z,3.1845
2026-01-04T16:21:02Z,2.3958
2026-01-04T16:21:18Z,2.0713
2026-01-04T16:22:32Z,2.1714
2026-01-04T16:26:30Z,2.5406
2026-01-04T16:33:50Z,2.0334
2026-01-04T16:34:54Z,2.5249
2026-01-04T16:35:10Z,2.8573
2026-01-04T16:38:02Z,2.668
2026-01-04T16:38:08Z,2.9168
2026-01-04T17:09:11Z,2.6884
2026-01-04T17:09:21Z,2.9809
2026-01-04T17:15:05Z,1.7943
2026-01-04T17:32:38Z,2.7054
2026-01-04T17:33:18Z,3.4173
2026-01-04T17:33:25Z,3.16
2026-01-04T17:53:40Z,2.4916
2026-01-04T17:55:25Z,2.1135
2026-01-04T18:19:59Z,2.8236
2026-01-04T18:32:38Z,2.6462
2026-01-04T18:37:11Z,2.8162
2026-01-04T19:00:52Z,2.0809
2026-01-04T19:02:30Z,2.9368
2026-01-04T19:04:23Z,2.2808
2026-01-04T19:18:01Z,2.5057
2026-01-04T19:21:36Z,2.3661
2026-01-04T19:25:43Z,2.6208
2026-01-04T20:20:35Z,2.917
2026-01-04T20:28:38Z,2.3779
2026-01-04T21:05:07Z,2.4251
2026-01-04T21:27:33Z,2.4692
2026-01-04T21:41:02Z,2.5621
2026-01-04T21:57:14Z,2.6049
2026-01-04T22:17:33Z,2.8507
2026-01-04T22:20:14Z,1.9739
2026-01-04T22:28:52Z,3.0418
2026-01-04T22:45:27Z,2.1178
2026-01-04T22:59:34Z,1.9122
2026-01-04T23:04:14Z,2.9837
2026-01-04T23:12:11Z,3.2037
2026-01-04T23:22:43Z,3.0747
2026-01-04T23:32:06Z,3.3515
2026-01-04T23:36:24Z,2.2269
2026-01-04T23:37:55Z,2.7541
2026-01-05T00:18:15Z,2.8654
2026-01-05T00:22:50Z,2.7165
2026-01-05T00:36:39Z,2.1167
2026-01-05T00:37:56Z,2.9097
2026-01-05T00:38:45Z,2.9325
2026-01-05T00:49:08Z,3.2441
2026-01-05T00:50:20Z,2.1615
2026-01-05T01:07:17Z,3.2403
2026-01-05T01:10:50Z,2.7413
2026-01-05T01:13:21Z,2.1205
2026-01-05T01:15:09Z,2.8623
2026-01-05T01:15:45Z,2.8287
2026-01-05T01:16:11Z,2.4032
2026-01-05T01:21:29Z,2.2234
2026-01-05T01:31:06Z,3.152
2026-01-05T01:39:51Z,2.8412
2026-01-05T01:41:08Z,3.0296
2026-01-05T01:49:27Z,3.2364
2026-01-05T02:21:29Z,3.0315
2026-01-05T02:25:15Z,2.4225
2026-01-05T02:33:31Z,2.6929
2026-01-05T03:04:22Z,3.0391
2026-01-05T03:15:04Z,2.9154
2026-01-05T03:18:03Z,2.7474
2026-01-05T03:33:17Z,2.489
2026-01-05T03:34:53Z,2.7999
2026-01-05T03:51:40Z,2.4366
2026-01-05T04:24:08Z,2.88
2026-01-05T04:26:43Z,2.6035
2026-01-05T04:27:41Z,2.8802
2026-01-05T04:33:24Z,2.7595
2026-01-05T04:49:57Z,3.6817
2026-01-05T04:58:06Z,2.3801
2026-01-05T05:05:23Z,2.2522
2026-01-05T05:06:35Z,2.9684
2026-01-05T05:07:09Z,1.8764
2026-01-05T05:31:45Z,3.3412
2026-01-05T05:36:39Z,2.4062
2026-01-05T05:44:04Z,3.8402
2026-01-05T05:44:53Z,2.924
2026-01-05T05:54:13Z,2.9423
2026-01-05T05:56:15Z,2.6587
2026-01-05T06:08:05Z,3.1212
2026-01-05T06:15:58Z,2.1867
2026-01-05T06:50:14Z,3.4082
2026-01-05T07:28:49Z,2.7637
2026-01-05T07:31:36Z,2.8147
2026-01-05T07:55:39Z,2.9286
2026-01-05T08:20:59Z,2.5879
2026-01-05T08:24:34Z,2.6292
2026-01-05T08:26:15Z,2.7198
2026-01-05T08:41:29Z,2.6699
2026-01-05T08:52:25Z,2.8454
2026-01-05T09:08:47Z,2.7292
2026-01-05T09:11:00Z,2.1907
2026-01-05T09:18:15Z,1.9886
2026-01-05T09:39:04Z,3.2167
2026-01-05T09:40:32Z,2.8944
2026-01-05T10:09:27Z,2.6464
2026-01-05T10:13:06Z,3.0863
2026-01-05T11:27:14Z,2.9006
2026-01-05T11:54:58Z,1.7085
2026-01-05T12:00:50Z,3.268
2026-01-05T12:03:54Z,2.5641
2026-01-05T12:16:06Z,2.4104
2026-01-05T12:23:49Z,2.3581
2026-01-05T12:23:58Z,3.052
2026-01-05T12:29:05Z,1.8454
2026-01-05T12:29:21Z,2.9964
2026-01-05T12:46:32Z,2.8633
2026-01-05T12:48:50Z,2.2589
2026-01-05T12:54:43Z,2.7638
2026-01-05T12:57:55Z,2.2343
2026-01-05T13:05:51Z,2.3662
2026-01-05T13:14:10Z,2.799
2026-01-05T13:18:39Z,2.7709
2026-01-05T13:21:08Z,2.1649
2026-01-05T13:45:56Z,2.4644
2026-01-05T13:55:16Z,1.7569
2026-01-05T13:58:24Z,2.3636
2026-01-05T14:00:39Z,2.8237
2026-01-05T14:02:47Z,1.9624
2026-01-05T14:07:40Z,2.794
2026-01-05T14:09:09Z,2.8003
2026-01-05T14:52:54Z,2.9966
2026-01-05T14:55:50Z,2.0346
2026-01-05T15:00:04Z,2.6928
2026-01-05T15:29:47Z,2.462
2026-01-05T15:41:30Z,2.6222
2026-01-05T15:54:51Z,2.8507
2026-01-05T16:09:43Z,2.3726
2026-01-05T16:18:23Z,3.5432
2026-01-05T16:22:42Z,2.9992
2026-01-05T16:33:12Z,1.9381
2026-01-05T16:41:05Z,2.6466
2026-01-05T16:46:56Z,2.8332
2026-01-05T16:53:23Z,2.8071
2026-01-05T17:06:43Z,2.7306
2026-01-05T17:26:31Z,3.7532
2026-01-05T17:31:32Z,2.5139
2026-01-05T17:31:33Z,3.0913
2026-01-05T17:35:00Z,2.6349
2026-01-05T17:45:54Z,3.2786
2026-01-05T18:11:21Z,2.1124
2026-01-05T18:15:13Z,3.2283
2026-01-05T19:10:51Z,2.2888
2026-01-05T19:53:10Z,2.6629
2026-01-05T19:55:16Z,3.0636
2026-01-05T20:02:43Z,2.4906
2026-01-05T20:17:07Z,2.0736
2026-01-05T20:17:53Z,2.5642
2026-01-05T20:22:13Z,3.2089
2026-01-05T20:22:56Z,2.4366
2026-01-05T20:33:23Z,2.3076
2026-01-05T20:53:55Z,2.7169
2026-01-05T21:05:21Z,2.5403
2026-01-05T21:21:18Z,2.3096
2026-01-05T21:24:44Z,2.8103
2026-01-05T21:40:33Z,2.6831
2026-01-05T21:51:45Z,1.2453
2026-01-05T22:18:22Z,2.7144
2026-01-05T22:21:23Z,3.0048
2026-01-05T22:35:59Z,2.644
2026-01-05T22:48:36Z,2.2527
2026-01-05T22:52:00Z,2.9507
2026-01-05T22:52:50Z,2.9278
2026-01-05T22:57:51Z,2.1349
2026-01-05T23:04:21Z,2.9687
2026-01-05T23:07:29Z,2.1909
2026-01-05T23:24:39Z,2.5859
2026-01-05T23:27:45Z,2.4189
2026-01-05T23:32:28Z,2.6215
2026-01-05T23:40:43Z,2.1082
2026-01-05T23:56:13Z,2.0057
2026-01-05T23:59:00Z,2.6223
2026-01-06T00:06:46Z,3.2552
2026-01-06T00:10:54Z,2.5919
2026-01-06T00:13:20Z,2.4161
2026-01-06T00:32:10Z,1.6842
2026-01-06T00:52:42Z,2.5967
2026-01-06T00:56:04Z,2.8307
2026-01-06T01:00:18Z,3.0841
2026-01-06T01:30:16Z,2.1354
2026-01-06T01:59:50Z,2.1874
2026-01-06T02:08:11Z,2.5797
2026-01-06T02:17:46Z,2.533
2026-01-06T02:33:12Z,2.6098
2026-01-06T02:34:16Z,2.3516
2026-01-06T02:44:47Z,2.1603
2026-01-06T03:06:31Z,2.4865
2026-01-06T03:17:09Z,3.4644
2026-01-06T03:27:48Z,2.5132
2026-01-06T03:55:07Z,2.9707
2026-01-06T03:55:18Z,3.0402
2026-01-06T04:12:22Z,2.1072
2026-01-06T04:15:21Z,2.4354
2026-01-06T04:30:56Z,2.5087
2026-01-06T04:35:16Z,2.2014
2026-01-06T04:35:42Z,2.6771
2026-01-06T04:37:56Z,2.3532
2026-01-06T05:15:16Z,3.5316
2026-01-06T05:18:51Z,2.5818
2026-01-06T06:05:30Z,2.5819
2026-01-06T06:10:17Z,3.2924
2026-01-06T06:19:09Z,1.9677
2026-01-06T06:19:23Z,2.1643
2026-01-06T06:23:29Z,2.7774
2026-01-06T06:34:18Z,2.4773
2026-01-06T06:47:27Z,2.2798
2026-01-06T07:28:08Z,2.3058
2026-01-06T07:37:22Z,2.8793
2026-01-06T07:37:54Z,2.6294
2026-01-06T07:51:47Z,2.5535
2026-01-06T08:10:32Z,2.6975
2026-01-06T08:35:44Z,2.3945
2026-01-06T08:39:54Z,2.0154
2026-01-06T08:49:40Z,2.7069
2026-01-06T09:07:23Z,3.0213
2026-01-06T09:13:04Z,2.8351
2026-01-06T09:27:39Z,2.1903
2026-01-06T09:31:27Z,3.0761
2026-01-06T09:33:39Z,2.6413
2026-01-06T09:36:33Z,2.2345
2026-01-06T09:38:10Z,2.8324
2026-01-06T09:44:34Z,2.5871
2026-01-06T09:48:15Z,2.7079
2026-01-06T09:48:43Z,2.3401
2026-01-06T10:02:54Z,2.6336
2026-01-06T10:13:49Z,2.771
2026-01-06T10:26:18Z,2.5854
2026-01-06T10:37:37Z,2.9419
2026-01-06T11:17:52Z,2.3444
2026-01-06T11:18:36Z,2.3504
2026-01-06T11:21:10Z,2.8165
2026-01-06T12:06:19Z,2.5714
2026-01-06T12:13:14Z,2.5752
2026-01-06T12:31:17Z,3.3808
2026-01-06T12:54:20Z,2.6969
2026-01-06T13:15:44Z,3.6632
2026-01-06T13:27:21Z,2.52
2026-01-06T13:52:37Z,3.1327
2026-01-06T13:55:15Z,2.4169
2026-01-06T14:08:45Z,2.8221
2026-01-06T14:17:25Z,2.6184
2026-01-06T14:18:31Z,3.0382
2026-01-06T14:27:40Z,3.0504
2026-01-06T15:27:13Z,2.3633
2026-01-06T15:50:48Z,2.7447
2026-01-06T16:25:17Z,2.3317
2026-01-06T16:32:23Z,2.8262
2026-01-06T16:36:39Z,2.5302
2026-01-06T16:46:30Z,2.6955
2026-01-06T17:01:00Z,2.3093
2026-01-06T17:10:08Z,3.1781
2026-01-06T17:10:32Z,2.8176
2026-01-06T17:29:09Z,3.3081
2026-01-06T17:48:27Z,2.4156
2026-01-06T17:48:39Z,3.2035
2026-01-06T17:56:59Z,1.8777
2026-01-06T18:03:04Z,2.6387
2026-01-06T18:05:43Z,3.1672
2026-01-06T18:09:05Z,2.5113
2026-01-06T18:20:05Z,2.7342
2026-01-06T18:55:12Z,2.0515
2026-01-06T19:05:28Z,2.3837
2026-01-06T19:36:42Z,2.0792
2026-01-06T19:41:17Z,2.871
2026-01-06T19:45:10Z,2.7297
2026-01-06T19:50:52Z,3.17
2026-01-06T19:51:45Z,2.8712
2026-01-06T19:56:36Z,2.4206
2026-01-06T20:19:17Z,2.0728
2026-01-06T20:21:58Z,1.9362
2026-01-06T20:30:46Z,3.3475
2026-01-06T20:32:24Z,2.6373
2026-01-06T20:43:59Z,2.6186
2026-01-06T20:45:31Z,2.4957
2026-01-06T20:46:05Z,2.5496
2026-01-06T20:46:22Z,2.9173
2026-01-06T20:46:49Z,2.7962
2026-01-06T20:47:42Z,2.9489
2026-01-06T20:53:18Z,2.1968
2026-01-06T21:03:23Z,1.6253
2026-01-06T21:04:34Z,3.046
2026-01-06T21:04:36Z,1.962
2026-01-06T21:15:23Z,3.2446
2026-01-06T21:15:32Z,2.5123
2026-01-06T21:20:49Z,2.2148
2026-01-06T21:22:33Z,2.3912
2026-01-06T21:28:36Z,2.5476
2026-01-06T21:36:24Z,3.3064
2026-01-06T21:36:31Z,1.8268
2026-01-06T22:11:12Z,3.1567
2026-01-06T22:11:43Z,3.0096
2026-01-06T22:23:06Z,3.0925
2026-01-06T22:30:22Z,3.3252
2026-01-06T22:32:15Z,2.8322
2026-01-06T22:32:23Z,2.4513
2026-01-06T22:34:26Z,3.0172
2026-01-06T23:08:48Z,3.5858
2026-01-06T23:15:29Z,1.9605
2026-01-06T23:35:48Z,3.035
2026-01-06T23:38:00Z,2.9283
2026-01-06T23:43:37Z,2.1524
2026-01-06T23:45:30Z,2.2745
2026-01-07T00:01:23Z,2.5252
2026-01-07T00:16:02Z,2.9545
2026-01-07T00:29:45Z,1.5676
2026-01-07T00:39:27Z,2.9385
2026-01-07T00:42:45Z,3.1419
2026-01-07T00:43:49Z,2.6781
2026-01-07T00:49:25Z,2.9699
2026-01-07T00:50:11Z,2.5382
2026-01-07T00:51:40Z,2.3293
2026-01-07T01:03:01Z,3.1213
2026-01-07T01:09:30Z,3.2651
2026-01-07T01:12:42Z,1.9968
2026-01-07T01:26:09Z,2.6912
2026-01-07T01:26:10Z,2.4119
2026-01-07T01:27:06Z,2.0185
2026-01-07T01:45:27Z,3.2174
2026-01-07T01:49:08Z,2.7341
2026-01-07T01:53:34Z,3.4805
2026-01-07T02:04:45Z,2.4001
2026-01-07T02:13:05Z,2.7029
2026-01-07T02:19:30Z,2.4167
2026-01-07T02:25:39Z,2.9299
2026-01-07T02:37:42Z,2.6676
2026-01-07T02:44:17Z,2.6639
2026-01-07T03:05:53Z,2.3028
2026-01-07T03:38:30Z,2.7128
2026-01-07T03:42:59Z,3.0493
2026-01-07T03:45:03Z,1.7124
2026-01-07T04:20:07Z,1.8927
2026-01-07T04:31:50Z,2.3421
2026-01-07T04:52:58Z,1.1892
2026-01-07T04:54:14Z,3.2088
2026-01-07T05:32:37Z,2.4006
2026-01-07T05:40:44Z,2.7994
2026-01-07T05:43:46Z,2.6075
2026-01-07T06:02:45Z,2.518
2026-01-07T06:04:23Z,3.0358
2026-01-07T06:08:40Z,2.7368
2026-01-07T06:14:41Z,2.6438
2026-01-07T06:30:07Z,3.1281
2026-01-07T06:57:14Z,2.7899
2026-01-07T07:25:43Z,2.475
2026-01-07T07:32:48Z,2.4814
2026-01-07T07:48:23Z,2.7639
2026-01-07T07:49:56Z,2.7391
2026-01-07T07:51:47Z,1.8929
2026-01-07T07:52:42Z,2.5882
2026-01-07T07:54:12Z,2.2921
2026-01-07T08:02:29Z,2.6456
2026-01-07T08:19:07Z,3.3202
2026-01-07T08:22:09Z,3.5835
2026-01-07T08:23:53Z,2.8137
2026-01-07T08:47:16Z,3.2816
2026-01-07T08:58:10Z,2.1635
2026-01-07T09:00:20Z,3.5888
2026-01-07T09:02:36Z,2.8577
2026-01-07T09:30:36Z,2.0431
2026-01-07T10:01:40Z,2.445
2026-01-07T10:15:30Z,2.826
2026-01-07T10:18:00Z,2.1042
2026-01-07T10:24:55Z,2.4217
2026-01-07T10:29:54Z,2.7654
2026-01-07T10:45:42Z,2.7798
2026-01-07T10:50:29Z,3.0616
2026-01-07T10:53:14Z,2.8289
2026-01-07T11:00:07Z,2.9602
2026-01-07T11:04:13Z,3.0131
2026-01-07T11:18:16Z,2.8455
2026-01-07T11:23:41Z,3.2257
2026-01-07T11:23:51Z,2.7549
2026-01-07T11:44:32Z,3.3025
2026-01-07T11:45:17Z,2.8463
2026-01-07T12:00:02Z,3.6883
2026-01-07T12:08:35Z,3.0524
2026-01-07T12:09:29Z,1.973
2026-01-07T12:23:28Z,2.7542
2026-01-07T12:31:22Z,2.5093
2026-01-07T12:40:48Z,3.5849
2026-01-07T12:48:56Z,2.811
2026-01-07T12:58:11Z,3.1543
2026-01-07T12:59:45Z,2.1552
2026-01-07T13:08:16Z,2.6887
2026-01-07T13:10:49Z,2.8362
2026-01-07T13:38:12Z,2.6804
2026-01-07T13:44:20Z,2.3369
2026-01-07T13:47:41Z,3.195
2026-01-07T14:04:35Z,2.1456
2026-01-07T14:11:37Z,2.7349
2026-01-07T14:11:55Z,1.6605
2026-01-07T14:12:44Z,3.2752
2026-01-07T14:23:29Z,1.4935
2026-01-07T14:23:54Z,1.9639
2026-01-07T14:31:35Z,2.9639
2026-01-07T14:34:48Z,2.6841
2026-01-07T14:40:56Z,3.2476
2026-01-07T14:46:10Z,2.0535
2026-01-07T14:59:09Z,2.931
2026-01-07T15:01:21Z,3.7517
2026-01-07T15:01:29Z,2.5315
2026-01-07T15:03:43Z,3.0612
2026-01-07T15:04:15Z,2.5059
2026-01-07T15:24:31Z,2.1041
2026-01-07T15:27:04Z,2.4247
2026-01-07T15:35:42Z,2.3177
2026-01-07T15:38:59Z,2.7455
2026-01-07T15:41:41Z,2.9321
2026-01-07T15:42:32Z,3.3219
2026-01-07T15:47:07Z,3.3574
2026-01-07T15:47:17Z,2.6391
2026-01-07T15:53:04Z,2.069
2026-01-07T15:53:23Z,2.1931
2026-01-07T16:20:17Z,3.3739
2026-01-07T16:25:01Z,2.1662
2026-01-07T16:29:17Z,2.5962
2026-01-07T16:30:03Z,2.3264
2026-01-07T16:37:10Z,2.7219
2026-01-07T16:39:42Z,2.5693
2026-01-07T16:47:30Z,2.5803
2026-01-07T17:08:46Z,2.2436
2026-01-07T17:13:15Z,2.5359
2026-01-07T17:14:46Z,2.9695
2026-01-07T17:15:04Z,2.8329
2026-01-07T17:17:26Z,2.6244
2026-01-07T17:19:21Z,3.1812
2026-01-07T17:20:35Z,2.5536
2026-01-07T17:34:03Z,2.7893
2026-01-07T17:40:57Z,2.695
2026-01-07T17:50:50Z,2.372
2026-01-07T17:57:06Z,2.263
2026-01-07T18:08:11Z,2.2834
2026-01-07T18:09:45Z,2.9889
2026-01-07T18:17:05Z,2.4942
2026-01-07T18:24:31Z,2.6813
2026-01-07T18:28:38Z,3.3885
2026-01-07T18:31:03Z,2.6385
2026-01-07T18:38:14Z,2.3253
2026-01-07T18:38:14Z,2.8316
2026-01-07T18:45:04Z,2.5027
2026-01-07T18:56:50Z,2.7679
2026-01-07T18:59:50Z,3.1179
2026-01-07T19:02:39Z,2.448
2026-01-07T19:17:17Z,2.3305
2026-01-07T19:17:49Z,3.2133
2026-01-07T19:29:34Z,2.8175
2026-01-07T19:34:36Z,2.6469
2026-01-07T20:23:29Z,3.2475
2026-01-07T20:31:49Z,2.2204
2026-01-07T20:50:27Z,2.6247
2026-01-07T20:52:32Z,2.1283
2026-01-07T21:01:03Z,2.6619
2026-01-07T21:07:10Z,2.676
2026-01-07T21:08:31Z,2.9018
2026-01-07T21:16:02Z,3.1837
2026-01-07T21:18:21Z,2.9015
2026-01-07T21:46:09Z,1.9744
2026-01-07T21:56:30Z,3.0163
2026-01-07T22:09:40Z,2.8995
2026-01-07T22:11:23Z,3.282
2026-01-07T22:26:43Z,3.8475
2026-01-07T22:31:18Z,2.2783
2026-01-07T22:36:59Z,1.9968
2026-01-07T22:57:04Z,2.4708
2026-01-07T22:57:15Z,2.8136
2026-01-07T23:12:52Z,3.1721
2026-01-07T23:13:36Z,2.7458
2026-01-07T23:24:52Z,2.7153
2026-01-07T23:31:34Z,2.3281
2026-01-08T00:12:22Z,2.3988
2026-01-08T00:20:53Z,2.0596
2026-01-08T00:22:33Z,3.0765
2026-01-08T00:32:46Z,2.5545
2026-01-08T00:50:51Z,1.9597
2026-01-08T00:51:38Z,3.123
2026-01-08T00:59:36Z,3.0733
2026-01-08T01:05:09Z,2.4564
2026-01-08T01:07:39Z,3.6298
2026-01-08T01:21:29Z,2.1483
2026-01-08T01:29:00Z,2.4135
2026-01-08T01:29:22Z,1.8283
2026-01-08T01:45:33Z,2.0777
2026-01-08T01:45:48Z,1.7211
2026-01-08T01:47:57Z,2.3896
2026-01-08T01:52:06Z,2.9816
2026-01-08T01:52:25Z,1.9657
2026-01-08T01:56:13Z,2.0272
2026-01-08T02:05:45Z,2.3518
2026-01-08T02:08:54Z,2.9971
2026-01-08T02:10:39Z,2.6386
2026-01-08T02:12:48Z,2.7292
2026-01-08T02:13:18Z,3.4653
2026-01-08T02:38:53Z,2.996
2026-01-08T02:39:59Z,1.9888
2026-01-08T02:57:19Z,2.4513
2026-01-08T02:59:59Z,3.06
2026-01-08T03:06:48Z,2.2379
2026-01-08T03:19:58Z,3.1692
2026-01-08T03:20:28Z,3.3967
2026-01-08T03:26:27Z,3.3251
2026-01-08T03:28:59Z,3.0614
2026-01-08T03:42:03Z,2.5537
2026-01-08T03:43:43Z,2.8796
2026-01-08T04:08:09Z,2.4849
2026-01-08T04:09:42Z,2.9337
2026-01-08T04:19:09Z,2.5502
2026-01-08T04:51:08Z,2.8196
2026-01-08T04:53:57Z,2.7216
2026-01-08T04:58:47Z,3.1158
2026-01-08T05:07:25Z,2.6579
2026-01-08T05:39:18Z,2.0985
2026-01-08T05:45:22Z,2.3254
2026-01-08T05:57:56Z,2.3985
2026-01-08T05:58:37Z,2.2366
2026-01-08T06:03:35Z,3.014
2026-01-08T06:33:11Z,2.4182
2026-01-08T06:37:06Z,2.2886
2026-01-08T06:43:13Z,3.2256
2026-01-08T07:07:20Z,3.3264
2026-01-08T07:33:15Z,2.3399
2026-01-08T07:58:22Z,2.4066
2026-01-08T08:13:25Z,3.515
2026-01-08T08:14:03Z,3.2091
2026-01-08T08:21:13Z,2.7003
2026-01-08T08:30:19Z,2.362
2026-01-08T09:00:34Z,1.9937
2026-01-08T09:04:18Z,2.7003
2026-01-08T09:17:32Z,2.6305
2026-01-08T09:17:58Z,2.6238
2026-01-08T09:19:34Z,2.4758
2026-01-08T09:24:58Z,3.4532
2026-01-08T09:40:37Z,2.5614
2026-01-08T10:03:27Z,1.9233
2026-01-08T10:30:30Z,2.9551
2026-01-08T10:36:56Z,3.0613
2026-01-08T10:50:09Z,2.7434
2026-01-08T10:53:11Z,2.056
2026-01-08T11:13:32Z,2.051
2026-01-08T11:17:03Z,3.1198
2026-01-08T11:24:37Z,2.7807
2026-01-08T11:30:19Z,2.5359
2026-01-08T11:45:34Z,2.7957
2026-01-08T11:53:26Z,2.0694
2026-01-08T11:53:33Z,2.3784
2026-01-08T11:55:27Z,2.5192
2026-01-08T12:12:42Z,2.2066
2026-01-08T12:12:55Z,2.8281
2026-01-08T12:16:16Z,2.0361
2026-01-08T12:22:15Z,2.3197
2026-01-08T12:54:29Z,2.4592
2026-01-08T13:25:07Z,2.4594
2026-01-08T13:38:23Z,2.5735
2026-01-08T13:44:02Z,2.0645
2026-01-08T13:45:16Z,2.9935
2026-01-08T13:56:08Z,2.5455
2026-01-08T13:58:00Z,2.6865
2026-01-08T14:03:49Z,3.3237
2026-01-08T14:33:59Z,1.9527
2026-01-08T14:53:13Z,2.1541
2026-01-08T14:55:51Z,2.716
2026-01-08T15:05:06Z,2.9938
2026-01-08T15:17:47Z,2.4641
2026-01-08T15:22:47Z,1.534
2026-01-08T15:26:43Z,2.9215
2026-01-08T15:39:57Z,2.189
2026-01-08T16:03:18Z,2.6625
2026-01-08T16:05:42Z,2.2877
2026-01-08T16:07:51Z,2.3354
2026-01-08T16:35:24Z,2.62
2026-01-08T16:38:35Z,2.3119
2026-01-08T16:45:28Z,2.1297
2026-01-08T16:45:45Z,2.747
2026-01-08T16:52:41Z,1.9851
2026-01-08T17:01:56Z,2.5174
2026-01-08T17:13:29Z,2.9745
2026-01-08T17:32:30Z,2.4248
2026-01-08T17:50:49Z,2.7934
2026-01-08T17:58:53Z,3.0483
2026-01-08T18:07:23Z,2.3514
2026-01-08T18:08:38Z,3.4014
2026-01-08T18:11:28Z,2.5226
2026-01-08T18:13:56Z,2.2846
2026-01-08T18:15:40Z,3.1361
2026-01-08T18:29:31Z,2.983
2026-01-08T18:44:07Z,2.32
2026-01-08T18:45:23Z,2.682
2026-01-08T19:17:29Z,3.439
2026-01-08T19:29:53Z,3.1139
2026-01-08T19:34:32Z,1.956
2026-01-08T20:00:14Z,2.6779
2026-01-08T20:02:11Z,2.1676
2026-01-08T20:11:40Z,2.0647
2026-01-08T20:29:28Z,3.0289
2026-01-08T20:42:18Z,2.4925
2026-01-08T20:44:23Z,1.8605
2026-01-08T21:05:22Z,3.1104
2026-01-08T21:24:08Z,2.0819
2026-01-08T21:35:02Z,2.4183
2026-01-08T21:39:03Z,2.3291
2026-01-08T21:39:13Z,2.8615
2026-01-08T21:52:48Z,2.7991
2026-01-08T22:05:45Z,2.4816
2026-01-08T22:06:46Z,2.4491
2026-01-08T22:17:50Z,3.0947
2026-01-08T22:19:11Z,2.4039
2026-01-08T22:20:06Z,2.6484
2026-01-08T22:29:56Z,2.6289
2026-01-08T23:09:46Z,3.0563
2026-01-08T23:16:00Z,1.8774
2026-01-08T23:21:56Z,2.832
2026-01-08T23:24:27Z,3.4336
2026-01-08T23:41:28Z,2.3363
2026-01-09T00:00:43Z,2.4271
2026-01-09T00:03:12Z,2.2393
2026-01-09T00:03:43Z,2.3324
2026-01-09T00:10:18Z,2.7579
2026-01-09T00:26:59Z,2.8448
2026-01-09T00:34:00Z,3.5386
2026-01-09T00:35:44Z,2.7841
2026-01-09T00:38:14Z,2.7625
2026-01-09T00:45:05Z,3.0864
2026-01-09T00:47:09Z,3.3637
2026-01-09T00:48:59Z,2.5006
2026-01-09T00:49:57Z,3.0289
2026-01-09T01:15:13Z,2.585
2026-01-09T01:29:42Z,3.3647
2026-01-09T01:36:57Z,1.5766
2026-01-09T01:44:33Z,1.6013
2026-01-09T01:52:02Z,2.9303
2026-01-09T01:54:42Z,3.0584
2026-01-09T02:07:22Z,2.3453
2026-01-09T02:07:27Z,2.1437
2026-01-09T02:11:37Z,2.0723
2026-01-09T02:12:18Z,2.299
2026-01-09T02:21:06Z,2.9255
2026-01-09T02:31:20Z,2.5435
2026-01-09T02:36:36Z,2.3996
2026-01-09T02:47:53Z,2.962
2026-01-09T02:57:56Z,3.1068
2026-01-09T03:01:26Z,1.9174
2026-01-09T03:03:04Z,3.6395
2026-01-09T03:10:17Z,3.2068
2026-01-09T03:12:03Z,2.3364
2026-01-09T03:38:35Z,2.7451
2026-01-09T03:40:46Z,2.5561
2026-01-09T03:42:43Z,2.7661
2026-01-09T03:47:39Z,2.9168
2026-01-09T04:00:31Z,3.0775
2026-01-09T04:04:20Z,3.7123
2026-01-09T04:08:39Z,3.3268
2026-01-09T04:14:06Z,3.0641
2026-01-09T04:18:08Z,2.2359
2026-01-09T04:24:02Z,3.2018
2026-01-09T04:28:50Z,2.75
2026-01-09T04:39:06Z,2.6813
2026-01-09T05:41:18Z,2.2125
2026-01-09T05:44:52Z,2.1269
2026-01-09T05:58:29Z,2.3223
2026-01-09T06:14:13Z,2.5799
2026-01-09T06:17:00Z,2.4308
2026-01-09T06:47:53Z,2.3547
2026-01-09T06:56:51Z,1.7927
2026-01-09T07:04:24Z,2.1581
2026-01-09T07:11:18Z,2.1796
2026-01-09T07:40:40Z,2.4779
2026-01-09T07:46:19Z,3.0658
2026-01-09T07:57:48Z,2.0815
2026-01-09T08:09:49Z,3.1913
2026-01-09T08:11:18Z,2.4074
2026-01-09T08:16:23Z,2.9667
2026-01-09T08:17:25Z,2.8685
2026-01-09T08:31:18Z,2.5104
2026-01-09T08:36:35Z,2.4826
2026-01-09T08:42:34Z,2.6683
2026-01-09T08:45:00Z,2.466
2026-01-09T08:50:48Z,2.612
2026-01-09T09:42:13Z,2.7657
2026-01-09T09:53:58Z,2.741
2026-01-09T10:06:13Z,2.1975
2026-01-09T10:09:24Z,2.8176
2026-01-09T10:20:54Z,2.2077
2026-01-09T10:21:36Z,1.862
2026-01-09T10:24:50Z,2.4502
2026-01-09T10:27:02Z,2.5189
2026-01-09T10:34:17Z,2.7734
2026-01-09T10:35:58Z,2.3245
2026-01-09T10:40:27Z,2.3876
2026-01-09T10:47:06Z,2.9348
2026-01-09T10:53:06Z,2.7911
2026-01-09T11:02:38Z,2.4972
2026-01-09T11:17:21Z,2.2796
2026-01-09T11:23:38Z,2.5497
2026-01-09T11:51:20Z,2.5651
2026-01-09T12:06:13Z,2.6443
2026-01-09T12:09:34Z,2.5222
2026-01-09T12:50:25Z,3.3538
2026-01-09T12:55:01Z,1.875
2026-01-09T13:05:05Z,2.4978
2026-01-09T13:14:17Z,2.7356
2026-01-09T13:22:17Z,2.7736
2026-01-09T13:23:25Z,2.4366
2026-01-09T13:28:31Z,2.4486
2026-01-09T13:48:15Z,2.9361
2026-01-09T14:25:23Z,2.213
2026-01-09T14:29:58Z,2.6131
2026-01-09T14:30:13Z,2.4462
2026-01-09T14:36:55Z,1.8988
2026-01-09T14:45:09Z,1.4112
2026-01-09T14:54:03Z,2.3118
2026-01-09T15:04:46Z,2.1787
2026-01-09T15:24:28Z,3.2824
2026-01-09T15:32:30Z,2.2063
2026-01-09T15:38:42Z,2.7436
2026-01-09T15:38:51Z,2.1303
2026-01-09T15:39:57Z,2.4666
2026-01-09T15:58:02Z,2.2176
2026-01-09T16:16:56Z,2.353
2026-01-09T16:24:00Z,2.4523
2026-01-09T16:28:00Z,2.4722
2026-01-09T16:31:15Z,2.94
2026-01-09T16:46:31Z,3.1444
2026-01-09T16:47:48Z,2.9347
2026-01-09T16:50:32Z,2.8477
2026-01-09T17:23:09Z,2.8571
2026-01-09T17:34:57Z,2.4136
2026-01-09T17:37:33Z,2.8905
2026-01-09T17:55:32Z,2.6448
2026-01-09T18:01:17Z,2.7212
2026-01-09T18:04:21Z,2.5137
2026-01-09T18:04:38Z,2.8179
2026-01-09T18:04:52Z,1.9409
2026-01-09T18:13:30Z,2.766
2026-01-09T18:19:03Z,2.5799
2026-01-09T18:23:56Z,2.1944
2026-01-09T18:25:23Z,2.2086
2026-01-09T18:32:16Z,3.1897
2026-01-09T18:53:52Z,2.6855
2026-01-09T18:57:16Z,3.1943
2026-01-09T19:16:52Z,2.2833
2026-01-09T19:34:35Z,2.0276
2026-01-09T19:34:57Z,3.0113
2026-01-09T19:38:03Z,2.9426
2026-01-09T19:54:16Z,2.8333
2026-01-09T20:05:28Z,2.9345
2026-01-09T20:09:27Z,2.4314
2026-01-09T20:11:22Z,2.355
2026-01-09T20:12:47Z,1.8544
2026-01-09T20:30:59Z,2.7524
2026-01-09T20:32:47Z,2.6638
2026-01-09T20:38:45Z,2.1746
2026-01-09T20:57:02Z,3.1851
2026-01-09T21:03:43Z,2.7879
2026-01-09T21:04:38Z,2.3083
2026-01-09T21:16:00Z,2.3367
2026-01-09T21:17:26Z,2.508
2026-01-09T21:42:17Z,2.5366
2026-01-09T21:53:38Z,2.8762
2026-01-09T21:53:51Z,2.4135
2026-01-09T21:54:43Z,2.9415
2026-01-09T22:35:00Z,1.8679
2026-01-09T22:53:30Z,3.0087
2026-01-09T22:54:08Z,2.4827
2026-01-09T22:54:34Z,3.1008
2026-01-09T23:15:48Z,2.007
2026-01-09T23:21:16Z,2.501
2026-01-09T23:24:38Z,2.3958
2026-01-09T23:27:29Z,2.3298
2026-01-09T23:51:03Z,2.4787
2026-01-09T23:52:01Z,3.584
2026-01-09T23:52:23Z,2.7393
2026-01-10T00:08:59Z,2.2253
2026-01-10T00:12:10Z,2.41
2026-01-10T00:13:35Z,2.1248
2026-01-10T00:19:16Z,2.5597
2026-01-10T00:23:44Z,2.4057
2026-01-10T00:24:45Z,2.2916
2026-01-10T00:40:10Z,2.4462
2026-01-10T01:07:02Z,3.0899
2026-01-10T01:07:44Z,3.047
2026-01-10T01:27:37Z,2.8659
2026-01-10T01:27:40Z,3.0559
2026-01-10T01:29:28Z,2.2447
2026-01-10T01:43:37Z,2.1475
2026-01-10T01:45:18Z,2.121
2026-01-10T01:45:22Z,2.7297
2026-01-10T01:51:28Z,1.7374
2026-01-10T02:00:43Z,2.3279
2026-01-10T02:31:37Z,2.5351
2026-01-10T03:08:37Z,2.2154
2026-01-10T03:11:41Z,2.9417
2026-01-10T03:13:22Z,2.5516
2026-01-10T03:44:14Z,2.2518
2026-01-10T03:48:26Z,2.1343
2026-01-10T04:00:15Z,1.8479
2026-01-10T04:02:54Z,2.0119
2026-01-10T04:07:15Z,1.9709
2026-01-10T04:23:30Z,2.8076
2026-01-10T04:39:15Z,3.814
2026-01-10T04:55:54Z,2.3802
2026-01-10T04:59:48Z,2.3332
2026-01-10T05:08:28Z,2.3604
2026-01-10T05:14:12Z,2.0214
2026-01-10T05:21:26Z,2.6928
2026-01-10T05:42:09Z,2.6648
2026-01-10T05:44:06Z,2.8633
2026-01-10T06:05:41Z,2.7851
2026-01-10T06:11:16Z,3.0945
2026-01-10T06:26:31Z,2.5191
2026-01-10T06:28:58Z,1.9005
2026-01-10T06:31:19Z,3.1721
2026-01-10T06:35:34Z,2.1797
2026-01-10T06:42:22Z,3.3854
2026-01-10T06:57:32Z,2.4378
2026-01-10T07:03:40Z,2.0849
2026-01-10T07:05:01Z,2.222
2026-01-10T07:05:04Z,2.7257
2026-01-10T07:18:08Z,1.7081
2026-01-10T07:22:09Z,2.7927
2026-01-10T07:29:39Z,2.3262
2026-01-10T07:34:18Z,2.6324
2026-01-10T07:45:22Z,2.6205
2026-01-10T07:47:22Z,1.8437
2026-01-10T07:58:36Z,3.0187
2026-01-10T08:09:17Z,2.6345
2026-01-10T08:20:31Z,1.596
2026-01-10T08:25:12Z,3.0735
2026-01-10T09:23:54Z,2.4602
2026-01-10T09:29:34Z,3.3489
2026-01-10T09:31:14Z,2.6584
2026-01-10T09:34:48Z,2.49
2026-01-10T09:34:57Z,2.7142
2026-01-10T09:34:59Z,3.4807
2026-01-10T09:40:29Z,3.3552
2026-01-10T09:44:54Z,2.2265
2026-01-10T10:09:40Z,2.58
2026-01-10T10:17:09Z,2.6932
2026-01-10T10:21:49Z,1.6785
2026-01-10T10:37:16Z,3.2078
2026-01-10T10:47:37Z,2.009
2026-01-10T10:51:20Z,2.62
2026-01-10T10:55:44Z,2.2028
2026-01-10T11:02:57Z,1.8841
2026-01-10T11:16:54Z,2.0988
2026-01-10T11:28:25Z,3.0174
2026-01-10T11:34:42Z,2.3284
2026-01-10T11:48:45Z,3.2126
2026-01-10T12:08:13Z,2.3264
2026-01-10T12:17:53Z,2.5644
2026-01-10T12:24:31Z,2.7659
2026-01-10T12:27:37Z,2.9062
2026-01-10T12:38:42Z,2.3717
2026-01-10T12:43:18Z,2.8957
2026-01-10T12:51:38Z,2.3021
2026-01-10T12:54:22Z,2.6788
2026-01-10T13:08:25Z,2.1941
2026-01-10T13:15:10Z,1.8924
2026-01-10T13:21:24Z,3.5301
2026-01-10T13:25:07Z,3.0204
2026-01-10T13:36:28Z,2.3763
2026-01-10T13:36:55Z,2.3445
2026-01-10T13:51:48Z,2.5303
2026-01-10T14:11:35Z,2.7216
2026-01-10T14:14:57Z,2.6779
2026-01-10T14:22:16Z,2.8428
2026-01-10T14:24:44Z,2.591
2026-01-10T14:25:48Z,2.2833
2026-01-10T14:32:49Z,2.8729
2026-01-10T14:40:37Z,2.5668
2026-01-10T14:48:10Z,2.551
2026-01-10T14:52:19Z,3.2161
2026-01-10T15:15:10Z,3.1182
2026-01-10T15:39:21Z,2.6111
2026-01-10T16:22:58Z,2.7106
2026-01-10T17:09:26Z,1.8587
2026-01-10T17:15:53Z,1.7792
2026-01-10T17:18:04Z,2.2879
2026-01-10T17:21:07Z,2.4199
2026-01-10T17:37:16Z,2.8513
2026-01-10T17:39:41Z,1.9906
2026-01-10T17:51:20Z,2.4973
2026-01-10T18:01:00Z,2.3359
2026-01-10T18:11:00Z,2.4512
2026-01-10T18:12:30Z,3.0374
2026-01-10T18:19:12Z,2.2608
2026-01-10T18:40:01Z,2.256
2026-01-10T18:43:52Z,2.7768
2026-01-10T18:49:39Z,3.0633
2026-01-10T18:55:51Z,2.3225
2026-01-10T19:04:23Z,3.1655
2026-01-10T19:09:18Z,2.1712
2026-01-10T19:16:20Z,2.5915
2026-01-10T19:29:02Z,2.5001
2026-01-10T19:30:31Z,2.4596
2026-01-10T19:56:08Z,2.9457
2026-01-10T19:56:18Z,2.8583
2026-01-10T20:14:41Z,1.7166
2026-01-10T20:30:11Z,2.2688
2026-01-10T21:09:20Z,2.7074
2026-01-10T21:13:18Z,1.9773
2026-01-10T21:37:45Z,2.484
2026-01-10T21:43:14Z,2.8872
2026-01-10T21:48:28Z,2.9265
2026-01-10T21:57:02Z,2.1025
2026-01-10T22:20:48Z,3.4554
2026-01-10T22:47:25Z,2.5663
2026-01-10T23:06:12Z,3.3087
2026-01-10T23:14:02Z,1.7712
2026-01-10T23:21:44Z,2.6962
2026-01-10T23:23:01Z,3.0061
2026-01-10T23:30:17Z,2.0246
2026-01-10T23:35:44Z,3.2491
2026-01-10T23:45:46Z,2.6583
2026-01-10T23:56:49Z,3.0474
2026-01-11T00:06:52Z,2.9094
2026-01-11T00:12:14Z,2.2471
2026-01-11T00:36:02Z,2.2864
2026-01-11T01:08:19Z,2.3649
2026-01-11T01:23:01Z,2.0253
2026-01-11T01:32:54Z,3.5146
2026-01-11T01:41:04Z,3.0591
2026-01-11T01:41:28Z,2.8981
2026-01-11T01:49:50Z,2.6664
2026-01-11T01:51:17Z,3.2154
2026-01-11T01:58:49Z,2.2566
2026-01-11T01:59:34Z,2.7043
2026-01-11T02:11:13Z,2.2207
2026-01-11T02:16:17Z,2.0969
2026-01-11T02:18:58Z,2.6362
2026-01-11T02:21:01Z,2.1227
2026-01-11T02:42:28Z,2.8785
2026-01-11T02:44:48Z,3.1243
2026-01-11T02:45:50Z,2.5597
2026-01-11T03:02:32Z,2.6406
2026-01-11T03:07:43Z,2.4283
2026-01-11T03:15:40Z,2.7083
2026-01-11T03:19:55Z,2.8256
2026-01-11T03:35:14Z,2.3424
2026-01-11T03:35:36Z,1.4079
2026-01-11T03:46:33Z,1.9249
2026-01-11T04:00:21Z,1.4719
2026-01-11T04:01:19Z,2.7099
2026-01-11T04:02:16Z,3.0883
2026-01-11T04:07:25Z,2.5484
2026-01-11T04:07:33Z,2.5963
2026-01-11T04:08:37Z,2.5363
2026-01-11T04:14:16Z,2.7432
2026-01-11T04:33:58Z,2.5223
2026-01-11T04:41:47Z,2.4599
2026-01-11T04:48:37Z,2.7168
2026-01-11T04:50:30Z,2.8754
2026-01-11T04:56:08Z,2.9767
2026-01-11T05:11:06Z,2.7398
2026-01-11T05:16:14Z,3.4863
2026-01-11T05:17:04Z,2.6589
2026-01-11T05:43:32Z,2.9268
2026-01-11T05:50:31Z,2.8958
2026-01-11T05:52:17Z,2.4196
2026-01-11T06:00:18Z,3.2544
2026-01-11T06:02:52Z,2.8625
2026-01-11T06:06:22Z,2.0648
2026-01-11T06:08:15Z,2.3578
2026-01-11T06:10:07Z,1.7485
2026-01-11T06:15:20Z,2.8411
2026-01-11T06:17:46Z,2.3998
2026-01-11T06:19:00Z,2.7724
2026-01-11T06:42:34Z,2.7368
2026-01-11T06:50:09Z,2.5244
2026-01-11T06:50:19Z,2.9001
2026-01-11T06:56:03Z,2.5898
2026-01-11T07:09:46Z,2.7811
2026-01-11T07:10:05Z,2.8328
2026-01-11T07:17:21Z,2.7349
2026-01-11T07:21:42Z,2.723
2026-01-11T07:44:38Z,2.4226
2026-01-11T08:00:18Z,2.2256
2026-01-11T08:01:45Z,2.8238
2026-01-11T08:08:46Z,1.8733
2026-01-11T08:21:01Z,3.0033
2026-01-11T08:40:08Z,3.0566
2026-01-11T08:48:40Z,3.056
2026-01-11T08:51:36Z,3.1817
2026-01-11T08:51:39Z,2.3468
2026-01-11T08:55:03Z,2.3337
2026-01-11T09:10:21Z,2.5475
2026-01-11T09:30:32Z,2.443
2026-01-11T09:33:48Z,2.7798
2026-01-11T09:38:25Z,1.8741
2026-01-11T09:42:49Z,2.8361
2026-01-11T09:50:14Z,3.135
2026-01-11T10:32:07Z,2.4405
2026-01-11T10:44:34Z,2.4093
2026-01-11T10:48:14Z,2.7796
2026-01-11T10:52:54Z,3.4056
2026-01-11T10:56:03Z,2.1645
2026-01-11T11:17:19Z,3.185
2026-01-11T11:17:34Z,3.1299
2026-01-11T11:53:33Z,2.3401
2026-01-11T12:16:16Z,1.9762
2026-01-11T12:27:24Z,2.7852
2026-01-11T12:30:27Z,2.9353
2026-01-11T13:27:06Z,3.1138
2026-01-11T13:49:15Z,2.6515
2026-01-11T13:51:16Z,2.2429
2026-01-11T14:09:40Z,2.1836
2026-01-11T14:13:29Z,2.8656
2026-01-11T14:22:04Z,2.9161
2026-01-11T14:37:11Z,2.5403
2026-01-11T14:37:19Z,1.6841
2026-01-11T14:56:07Z,2.9866
2026-01-11T15:04:46Z,2.6293
2026-01-11T15:06:16Z,2.0951
2026-01-11T15:39:41Z,2.6329
2026-01-11T15:43:26Z,2.5484
2026-01-11T16:57:58Z,2.3068
2026-01-11T16:59:28Z,2.3
2026-01-11T17:25:22Z,2.1477
2026-01-11T17:37:02Z,2.842
2026-01-11T17:45:05Z,2.89
2026-01-11T17:47:17Z,3.0222
2026-01-11T17:51:56Z,2.6979
2026-01-11T18:10:00Z,3.379
2026-01-11T18:15:45Z,2.0994
2026-01-11T18:24:16Z,2.4948
2026-01-11T19:02:32Z,4.095
2026-01-11T19:12:27Z,2.473
2026-01-11T19:36:22Z,2.9832
2026-01-11T19:41:46Z,1.8558
2026-01-11T19:44:01Z,1.2656
2026-01-11T19:50:24Z,2.6108
2026-01-11T19:53:17Z,3.0126
2026-01-11T20:28:38Z,2.6056
2026-01-11T20:47:30Z,2.2221
2026-01-11T21:05:49Z,2.3648
2026-01-11T21:08:05Z,2.2202
2026-01-11T21:25:28Z,2.8513
2026-01-11T21:30:26Z,2.5593
2026-01-11T22:02:50Z,2.3454
2026-01-11T22:08:06Z,2.8529
2026-01-11T22:30:14Z,2.5471
2026-01-11T22:31:54Z,2.6965
2026-01-11T22:34:37Z,2.4134
2026-01-11T22:36:37Z,2.1192
2026-01-11T22:39:40Z,2.0809
2026-01-11T22:41:44Z,2.5767
2026-01-11T22:49:16Z,2.9522
2026-01-11T22:55:31Z,2.2985
2026-01-11T22:58:01Z,2.5777
2026-01-11T23:30:44Z,2.5987
2026-01-12T00:33:08Z,2.6374
2026-01-12T00:35:18Z,2.6182
2026-01-12T00:38:13Z,1.4856
2026-01-12T00:51:14Z,2.9306
2026-01-12T01:03:04Z,2.5076
2026-01-12T01:15:13Z,2.9056
2026-01-12T01:17:53Z,2.4202
2026-01-12T01:19:33Z,2.8025
2026-01-12T01:27:39Z,2.8527
2026-01-12T01:33:59Z,3.5816
2026-01-12T01:50:53Z,2.0153
2026-01-12T01:57:28Z,2.8192
2026-01-12T01:58:17Z,2.0043
2026-01-12T02:00:48Z,1.79
2026-01-12T02:12:02Z,3.1879
2026-01-12T02:19:58Z,2.138
2026-01-12T02:20:49Z,2.2932
2026-01-12T02:30:04Z,2.9164
2026-01-12T02:42:21Z,2.3695
2026-01-12T02:44:29Z,1.8673
2026-01-12T03:00:26Z,2.7157
2026-01-12T03:03:02Z,3.0906
2026-01-12T03:10:36Z,2.8527
2026-01-12T03:12:10Z,2.7269
2026-01-12T03:19:46Z,2.2869
2026-01-12T03:31:03Z,2.9248
2026-01-12T03:38:57Z,2.4489
2026-01-12T03:49:47Z,2.2947
2026-01-12T04:01:13Z,2.3686
2026-01-12T04:06:23Z,3.1943
2026-01-12T04:27:26Z,2.712
2026-01-12T04:45:03Z,3.0432
2026-01-12T04:51:00Z,2.2117
2026-01-12T04:55:28Z,3.3151
2026-01-12T04:58:10Z,3.0076
2026-01-12T05:17:55Z,3.7308
2026-01-12T05:41:29Z,2.9677
2026-01-12T05:46:23Z,2.8653
2026-01-12T06:14:13Z,2.261
2026-01-12T06:38:34Z,3.507
2026-01-12T06:38:50Z,2.3498
2026-01-12T06:48:37Z,2.0682
2026-01-12T06:54:04Z,2.9643
2026-01-12T06:58:17Z,2.3042
2026-01-12T07:19:20Z,2.7219
2026-01-12T07:19:28Z,2.1385
2026-01-12T07:20:10Z,2.2636
2026-01-12T07:20:36Z,2.852
2026-01-12T07:26:28Z,2.1278
2026-01-12T07:28:30Z,3.9506
2026-01-12T07:38:21Z,3.1374
2026-01-12T07:41:09Z,2.3628
2026-01-12T08:01:02Z,3.009
2026-01-12T08:10:13Z,2.5461
2026-01-12T08:30:41Z,2.7343
2026-01-12T08:49:47Z,2.6679
2026-01-12T08:51:01Z,2.6328
2026-01-12T08:58:32Z,3.112
2026-01-12T09:24:43Z,2.7442
2026-01-12T09:36:42Z,2.4761
2026-01-12T09:54:17Z,2.8043
2026-01-12T09:55:00Z,2.4749
2026-01-12T09:55:20Z,2.3895
2026-01-12T10:00:03Z,2.1005
2026-01-12T10:09:30Z,3.2667
2026-01-12T10:10:59Z,2.7566
2026-01-12T10:21:38Z,2.9184
2026-01-12T10:26:00Z,2.3864
2026-01-12T10:34:50Z,2.3556
2026-01-12T10:37:00Z,2.6704
2026-01-12T10:52:11Z,2.1359
2026-01-12T10:55:00Z,2.4383
2026-01-12T11:02:04Z,2.2636
2026-01-12T11:11:34Z,3.1015
2026-01-12T11:15:15Z,2.4901
2026-01-12T11:23:21Z,2.4112
2026-01-12T11:26:22Z,2.2331
2026-01-12T11:28:46Z,2.2078
2026-01-12T11:29:52Z,2.4334
2026-01-12T11:34:30Z,2.5312
2026-01-12T11:43:30Z,2.3757
2026-01-12T12:10:14Z,2.6647
2026-01-12T12:21:04Z,2.6743
2026-01-12T12:24:08Z,3.1488
2026-01-12T13:19:51Z,3.3373
2026-01-12T13:29:42Z,2.7617
2026-01-12T13:44:57Z,3.246
2026-01-12T13:50:04Z,2.5906
2026-01-12T13:58:48Z,2.4282
2026-01-12T14:29:28Z,2.9606
2026-01-12T14:43:45Z,2.6241
2026-01-12T14:55:14Z,2.3348
2026-01-12T15:36:46Z,3.2951
2026-01-12T15:56:14Z,2.8284
2026-01-12T15:58:22Z,2.8022
2026-01-12T16:28:56Z,3.3275
2026-01-12T16:34:10Z,2.0121
2026-01-12T16:36:09Z,2.2904
2026-01-12T16:40:15Z,1.7148
2026-01-12T16:41:11Z,1.6389
2026-01-12T16:44:54Z,1.0176
2026-01-12T16:48:55Z,2.8677
2026-01-12T17:03:15Z,2.5186
2026-01-12T17:17:45Z,2.1084
2026-01-12T17:18:39Z,2.6743
2026-01-12T17:25:39Z,2.6688
2026-01-12T17:40:24Z,3.3795
2026-01-12T17:46:31Z,2.599
2026-01-12T17:47:53Z,2.1776
2026-01-12T17:54:10Z,2.5224
2026-01-12T17:56:38Z,3.0782
2026-01-12T17:59:37Z,2.3259
2026-01-12T18:07:27Z,2.9036
2026-01-12T18:08:13Z,2.7868
2026-01-12T18:10:07Z,2.5597
2026-01-12T18:32:55Z,2.4398
2026-01-12T18:56:17Z,3.0793
2026-01-12T19:00:58Z,2.822
2026-01-12T19:01:13Z,3.5587
2026-01-12T19:30:44Z,1.7993
2026-01-12T19:48:26Z,2.5941
2026-01-12T20:02:57Z,2.1229
2026-01-12T20:12:22Z,2.6197
2026-01-12T20:19:25Z,2.0141
2026-01-12T20:38:52Z,2.54
2026-01-12T20:44:50Z,2.3899
2026-01-12T20:54:37Z,2.4028
2026-01-12T21:08:30Z,2.2884
2026-01-12T21:33:56Z,2.6285
2026-01-12T21:34:06Z,2.7404
2026-01-12T21:34:11Z,2.6285
2026-01-12T21:49:53Z,2.8318
2026-01-12T21:51:31Z,1.7659
2026-01-12T21:59:22Z,2.9523
2026-01-12T22:18:42Z,2.4384
2026-01-12T22:20:08Z,2.061
2026-01-12T22:35:29Z,3.3555
2026-01-12T22:40:07Z,2.5446
2026-01-12T22:43:44Z,3.2678
2026-01-12T22:49:42Z,2.0414
2026-01-12T22:51:02Z,2.5963
2026-01-12T22:51:15Z,2.9039
2026-01-12T23:01:25Z,1.7975
2026-01-12T23:19:43Z,2.5687
2026-01-12T23:23:14Z,2.3833
2026-01-12T23:23:38Z,2.4463
2026-01-12T23:32:04Z,2.9028
2026-01-12T23:32:23Z,2.8925
2026-01-12T23:52:54Z,2.0443
2026-01-12T23:55:11Z,2.7507
2026-01-13T00:00:31Z,3.4616
2026-01-13T00:05:17Z,3.3508
2026-01-13T00:05:39Z,2.9239
2026-01-13T00:14:17Z,1.9216
2026-01-13T00:25:11Z,3.0226
2026-01-13T00:27:28Z,3.241
2026-01-13T00:28:16Z,2.8591
2026-01-13T00:30:32Z,2.2441
2026-01-13T01:52:36Z,2.6346
2026-01-13T02:03:28Z,2.987
2026-01-13T02:22:09Z,2.3585
2026-01-13T02:24:01Z,2.7001
2026-01-13T02:24:40Z,2.4632
2026-01-13T02:25:18Z,2.8281
2026-01-13T02:25:20Z,2.4294
2026-01-13T02:33:07Z,2.2354
2026-01-13T02:40:12Z,2.4325
2026-01-13T02:49:06Z,1.9998
2026-01-13T03:00:38Z,2.7067
2026-01-13T03:01:48Z,2.5836
2026-01-13T03:09:55Z,2.4599
2026-01-13T03:18:04Z,2.5537
2026-01-13T03:38:10Z,2.773
2026-01-13T03:39:40Z,1.8715
2026-01-13T03:42:40Z,2.6754
2026-01-13T03:46:33Z,3.2176
2026-01-13T03:57:14Z,1.8264
2026-01-13T04:02:26Z,2.5337
2026-01-13T04:15:35Z,2.8197
2026-01-13T04:33:45Z,2.9779
2026-01-13T04:42:05Z,2.7199
2026-01-13T04:52:04Z,2.5003
2026-01-13T04:54:57Z,2.6773
2026-01-13T05:04:41Z,2.3326
2026-01-13T05:08:35Z,3.1379
2026-01-13T05:15:59Z,2.5566
2026-01-13T05:18:26Z,2.8524
2026-01-13T05:22:58Z,2.8617
2026-01-13T05:34:04Z,2.4598
2026-01-13T05:49:56Z,2.6401
2026-01-13T06:13:24Z,2.0035
2026-01-13T06:20:56Z,2.3062
2026-01-13T06:28:05Z,2.7952
2026-01-13T06:38:33Z,3.0685
2026-01-13T06:39:27Z,2.8624
2026-01-13T06:41:09Z,2.84
2026-01-13T06:41:26Z,2.3857
2026-01-13T06:49:24Z,2.6767
2026-01-13T07:07:37Z,2.5417
2026-01-13T07:12:44Z,2.894
2026-01-13T07:27:00Z,2.7606
2026-01-13T07:37:38Z,2.4971
2026-01-13T07:43:36Z,2.636
2026-01-13T07:58:21Z,2.1652
2026-01-13T07:59:03Z,2.2556
2026-01-13T08:03:49Z,3.3453
2026-01-13T08:33:18Z,2.8119
2026-01-13T08:35:10Z,2.6121
2026-01-13T08:41:29Z,1.8827
2026-01-13T08:43:12Z,2.3068
2026-01-13T08:48:54Z,2.6278
2026-01-13T08:50:05Z,2.3733
2026-01-13T08:55:16Z,3.3398
2026-01-13T09:01:45Z,2.5069
2026-01-13T09:04:26Z,1.9874
2026-01-13T09:41:25Z,2.8639
2026-01-13T09:52:29Z,3.2398
2026-01-13T10:15:00Z,2.4991
2026-01-13T10:22:28Z,2.7359
2026-01-13T10:30:55Z,3.5599
2026-01-13T10:31:26Z,3.6349
2026-01-13T11:01:02Z,2.0679
2026-01-13T11:02:46Z,3.0998
2026-01-13T11:13:31Z,2.8547
2026-01-13T11:20:07Z,2.0931
2026-01-13T11:31:24Z,2.1327
2026-01-13T11:59:02Z,2.3926
2026-01-13T12:31:17Z,2.6987
2026-01-13T12:53:01Z,2.3903
2026-01-13T13:02:50Z,2.7102
2026-01-13T13:19:27Z,2.8187
2026-01-13T13:40:30Z,2.9776
2026-01-13T14:00:12Z,3.0796
2026-01-13T14:28:19Z,2.8419
2026-01-13T14:31:41Z,3.3355
2026-01-13T14:41:07Z,2.5744
2026-01-13T14:48:11Z,3.1637
2026-01-13T14:50:43Z,1.6278
2026-01-13T15:01:53Z,2.8783
2026-01-13T15:05:23Z,2.8565
2026-01-13T15:12:33Z,3.1231
2026-01-13T15:14:47Z,3.012
2026-01-13T15:20:29Z,2.5447
2026-01-13T15:27:23Z,2.9419
2026-01-13T16:05:46Z,2.7662
2026-01-13T16:17:39Z,2.3116
2026-01-13T16:27:52Z,2.5238
2026-01-13T16:40:25Z,2.2997
2026-01-13T16:41:51Z,2.0172
2026-01-13T16:53:27Z,3.707
2026-01-13T17:06:59Z,3.0525
2026-01-13T17:11:33Z,2.7068
2026-01-13T17:13:49Z,2.2812
2026-01-13T17:16:36Z,1.849
2026-01-13T17:22:52Z,2.8847
2026-01-13T17:28:23Z,2.645
2026-01-13T17:40:28Z,2.6526
2026-01-13T17:50:05Z,3.129
2026-01-13T18:01:03Z,2.1685
2026-01-13T18:08:55Z,2.3562
2026-01-13T18:14:18Z,2.6266
2026-01-13T18:37:12Z,3.2492
2026-01-13T18:44:15Z,2.9108
2026-01-13T18:50:32Z,2.9499
2026-01-13T18:51:13Z,1.9714
2026-01-13T18:55:31Z,3.2088
2026-01-13T19:04:41Z,2.6112
2026-01-13T19:13:51Z,2.3775
2026-01-13T19:17:43Z,2.3532
2026-01-13T19:23:39Z,2.5733
2026-01-13T19:26:40Z,1.8277
2026-01-13T19:46:09Z,3.0225
2026-01-13T20:02:09Z,2.6458
2026-01-13T20:09:43Z,2.8916
2026-01-13T20:10:21Z,1.8119
2026-01-13T20:18:58Z,2.4954
2026-01-13T20:30:59Z,2.7549
2026-01-13T20:45:39Z,2.9806
2026-01-13T21:01:51Z,2.3396
2026-01-13T21:15:01Z,2.9605
2026-01-13T21:17:13Z,2.6546
2026-01-13T21:25:24Z,2.9252
2026-01-13T21:39:19Z,2.7788
2026-01-13T21:43:05Z,2.69
2026-01-13T21:43:05Z,3.2774
2026-01-13T21:44:38Z,2.8293
2026-01-13T21:53:22Z,2.2652
2026-01-13T21:54:42Z,1.7885
2026-01-13T22:09:08Z,2.7707
2026-01-13T22:24:39Z,2.7222
2026-01-13T22:59:16Z,2.7454
2026-01-13T23:14:52Z,3.3606
2026-01-13T23:27:16Z,1.9152
2026-01-13T23:37:24Z,2.2953
2026-01-13T23:49:44Z,2.9452
2026-01-13T23:54:02Z,3.0504
2026-01-14T00:25:09Z,2.9634
2026-01-14T00:27:25Z,2.6542
2026-01-14T00:28:09Z,2.3967
2026-01-14T00:38:49Z,2.1712
2026-01-14T00:47:18Z,3.3999
2026-01-14T01:22:58Z,2.8724
2026-01-14T01:23:51Z,2.1768
2026-01-14T01:30:53Z,2.9371
2026-01-14T01:42:23Z,3.4027
2026-01-14T01:42:53Z,2.5214
2026-01-14T02:11:00Z,2.4438
2026-01-14T02:14:55Z,3.2521
2026-01-14T02:15:59Z,3.2822
2026-01-14T02:23:52Z,1.9548
2026-01-14T02:32:33Z,2.5087
2026-01-14T03:02:23Z,2.8231
2026-01-14T03:02:27Z,2.7453
2026-01-14T03:05:16Z,2.859
2026-01-14T03:05:23Z,3.1057
2026-01-14T03:06:28Z,2.9794
2026-01-14T03:20:51Z,3.255
2026-01-14T03:31:14Z,2.3347
2026-01-14T03:35:26Z,1.6054
2026-01-14T03:38:26Z,2.386
2026-01-14T03:43:18Z,2.1118
2026-01-14T04:02:13Z,3.037
2026-01-14T04:06:40Z,2.609
2026-01-14T04:11:44Z,1.5877
2026-01-14T04:34:48Z,1.828
2026-01-14T04:47:17Z,2.4471
2026-01-14T05:06:15Z,3.2229
2026-01-14T05:07:35Z,2.3928
2026-01-14T05:12:22Z,2.5512
2026-01-14T05:16:57Z,2.7786
2026-01-14T05:19:05Z,2.2116
2026-01-14T05:31:33Z,2.431
2026-01-14T05:38:24Z,2.3467
2026-01-14T05:40:24Z,2.1
2026-01-14T06:14:09Z,2.8465
2026-01-14T06:21:06Z,2.2629
2026-01-14T06:44:29Z,3.0777
2026-01-14T07:20:52Z,2.5984
2026-01-14T07:27:53Z,2.2401
2026-01-14T07:33:20Z,2.1352
2026-01-14T07:33:34Z,2.1379
2026-01-14T07:35:47Z,2.7584
2026-01-14T07:39:59Z,1.9995
2026-01-14T07:42:48Z,1.9509
2026-01-14T07:47:24Z,2.2375
2026-01-14T07:55:41Z,2.523
2026-01-14T08:17:41Z,2.829
2026-01-14T08:25:11Z,2.507
2026-01-14T08:52:05Z,2.4714
2026-01-14T09:15:33Z,2.7021
2026-01-14T09:26:12Z,2.8524
2026-01-14T09:35:06Z,2.8439
2026-01-14T09:37:36Z,1.8738
2026-01-14T10:06:14Z,2.9143
2026-01-14T10:06:56Z,2.1338
2026-01-14T10:16:57Z,2.2815
2026-01-14T10:46:34Z,1.9774
2026-01-14T11:14:48Z,3.7215
2026-01-14T11:44:05Z,2.6396
2026-01-14T11:52:29Z,2.5866
2026-01-14T11:59:11Z,2.2484
2026-01-14T12:01:18Z,2.2581
2026-01-14T12:05:33Z,2.5454
2026-01-14T12:16:33Z,2.5357
2026-01-14T12:27:57Z,2.5566
2026-01-14T12:40:37Z,2.3048
2026-01-14T12:53:39Z,2.2313
2026-01-14T12:56:52Z,2.0967
2026-01-14T13:02:36Z,2.438
2026-01-14T13:06:43Z,3.0631
2026-01-14T13:11:21Z,2.6641
2026-01-14T13:15:41Z,2.4532
2026-01-14T13:38:10Z,2.7957
2026-01-14T13:56:40Z,2.8178
2026-01-14T13:57:22Z,3.2167
2026-01-14T14:17:28Z,2.4089
2026-01-14T14:26:58Z,2.8365
2026-01-14T14:30:24Z,3.2889
2026-01-14T14:44:43Z,2.15
2026-01-14T14:51:28Z,2.556
2026-01-14T14:56:29Z,2.006
2026-01-14T14:57:28Z,2.2316
2026-01-14T15:03:48Z,2.8883
2026-01-14T15:06:24Z,2.2493
2026-01-14T15:12:56Z,2.1162
2026-01-14T15:16:45Z,2.2505
2026-01-14T15:17:36Z,2.9147
2026-01-14T15:23:22Z,2.4507
2026-01-14T15:37:29Z,2.8443
2026-01-14T15:44:28Z,2.8001
2026-01-14T15:46:21Z,2.1064
2026-01-14T16:17:29Z,2.2096
2026-01-14T16:20:56Z,2.6558
2026-01-14T16:24:11Z,1.4708
2026-01-14T16:24:55Z,2.9369
2026-01-14T16:28:21Z,2.5005
2026-01-14T16:30:46Z,2.0359
2026-01-14T16:30:52Z,2.5728
2026-01-14T16:54:27Z,2.7056
2026-01-14T17:25:12Z,2.4862
2026-01-14T17:27:13Z,2.3544
2026-01-14T17:36:26Z,2.1003
2026-01-14T18:01:38Z,2.9407
2026-01-14T18:04:24Z,2.2901
2026-01-14T18:10:55Z,2.9109
2026-01-14T18:13:26Z,2.4179
2026-01-14T18:16:37Z,2.39
2026-01-14T18:16:51Z,2.5043
2026-01-14T18:28:46Z,2.7643
2026-01-14T18:29:13Z,2.8985
2026-01-14T18:34:00Z,2.4628
2026-01-14T19:14:35Z,2.6233
2026-01-14T19:16:48Z,2.4542
2026-01-14T19:17:26Z,2.803
2026-01-14T19:17:54Z,2.7376
2026-01-14T19:30:55Z,2.3708
2026-01-14T19:46:22Z,2.5222
2026-01-14T20:11:20Z,2.9789
2026-01-14T20:19:11Z,3.0859
2026-01-14T20:30:24Z,2.6746
2026-01-14T20:34:33Z,2.7762
2026-01-14T20:35:15Z,3.2685
2026-01-14T20:41:52Z,2.2152
2026-01-14T21:06:13Z,2.7708
2026-01-14T21:26:12Z,1.9267
2026-01-14T21:26:39Z,3.2965
2026-01-14T21:29:23Z,2.784
2026-01-14T21:39:14Z,2.0004
2026-01-14T21:48:11Z,2.3527
2026-01-14T22:13:01Z,2.3491
2026-01-14T22:25:50Z,2.97
2026-01-14T22:29:21Z,1.8126
2026-01-14T22:50:15Z,2.5701
2026-01-14T23:13:09Z,2.8256
2026-01-14T23:28:29Z,1.5937
2026-01-14T23:31:11Z,2.7232
2026-01-14T23:38:07Z,1.9355
2026-01-15T00:10:26Z,2.768
2026-01-15T00:19:56Z,2.1445
2026-01-15T00:33:25Z,2.5874
2026-01-15T00:35:47Z,2.4467
2026-01-15T00:54:59Z,2.817
2026-01-15T01:06:47Z,2.8886
2026-01-15T01:17:19Z,3.3456
2026-01-15T01:20:43Z,2.4228
2026-01-15T01:26:57Z,3.085
2026-01-15T01:43:41Z,2.1424
2026-01-15T01:43:43Z,1.9978
2026-01-15T01:45:57Z,2.2023
2026-01-15T02:09:50Z,2.3746
2026-01-15T02:26:57Z,2.433
2026-01-15T02:27:46Z,1.6666
2026-01-15T02:29:30Z,2.5869
2026-01-15T03:01:38Z,2.2063
2026-01-15T03:03:20Z,2.4111
2026-01-15T03:06:58Z,2.8586
2026-01-15T03:16:19Z,2.8254
2026-01-15T03:19:38Z,1.8013
2026-01-15T03:27:39Z,2.5483
2026-01-15T03:47:21Z,2.973
2026-01-15T03:49:33Z,2.8977
2026-01-15T04:09:58Z,2.9439
2026-01-15T04:18:42Z,2.9166
2026-01-15T04:19:03Z,1.7755
2026-01-15T04:41:05Z,2.1178
2026-01-15T04:53:58Z,2.8035
2026-01-15T04:57:50Z,2.7545
2026-01-15T04:59:30Z,2.9849
2026-01-15T05:21:05Z,2.4723
2026-01-15T05:23:49Z,2.5346
2026-01-15T05:25:03Z,2.1312
2026-01-15T05:44:00Z,3.1724
2026-01-15T05:44:09Z,2.1856
2026-01-15T05:45:37Z,2.431
2026-01-15T05:47:25Z,2.6942
2026-01-15T05:54:17Z,2.8685
2026-01-15T06:19:54Z,3.0104
2026-01-15T06:20:09Z,2.4261
2026-01-15T06:37:46Z,2.2258
2026-01-15T06:43:55Z,2.75
2026-01-15T06:44:45Z,2.6964
2026-01-15T07:07:05Z,2.9825
2026-01-15T07:07:32Z,2.611
2026-01-15T07:09:05Z,3.2083
2026-01-15T07:10:33Z,2.9699
2026-01-15T07:16:06Z,2.868
2026-01-15T07:18:17Z,1.7818
2026-01-15T07:19:11Z,2.284
2026-01-15T07:32:45Z,2.9521
2026-01-15T07:48:05Z,2.3784
2026-01-15T07:49:05Z,2.7775
2026-01-15T07:51:48Z,2.5493
2026-01-15T07:53:59Z,2.4631
2026-01-15T07:54:50Z,2.7659
2026-01-15T07:59:03Z,2.3734
2026-01-15T08:07:14Z,2.3196
2026-01-15T08:15:52Z,3.3724
2026-01-15T08:26:29Z,2.336
2026-01-15T08:35:23Z,3.1103
2026-01-15T08:38:03Z,2.4475
2026-01-15T08:42:02Z,2.9229
2026-01-15T08:44:27Z,2.9801
2026-01-15T08:54:38Z,2.5918
2026-01-15T08:57:32Z,2.3007
2026-01-15T09:01:40Z,1.7988
2026-01-15T09:14:45Z,2.9853
2026-01-15T09:15:08Z,2.1144
2026-01-15T09:21:42Z,2.2591
2026-01-15T09:25:07Z,2.6628
2026-01-15T09:30:59Z,2.614
2026-01-15T09:55:35Z,2.4927
2026-01-15T09:59:59Z,3.0556
2026-01-15T10:08:50Z,2.4762
2026-01-15T10:22:06Z,3.204
2026-01-15T10:25:14Z,2.8362
2026-01-15T10:41:06Z,2.0294
2026-01-15T10:43:40Z,2.3097
2026-01-15T10:46:28Z,3.4227
2026-01-15T10:58:17Z,3.2117
2026-01-15T11:01:39Z,3.0782
2026-01-15T11:06:08Z,2.8775
2026-01-15T11:06:22Z,2.9323
2026-01-15T11:06:53Z,3.1665
2026-01-15T11:13:38Z,2.8145
2026-01-15T11:13:51Z,3.0523
2026-01-15T11:21:55Z,2.4068
2026-01-15T11:32:46Z,2.316
2026-01-15T11:43:44Z,1.9323
2026-01-15T11:56:36Z,2.4043
2026-01-15T11:59:52Z,2.7482
2026-01-15T12:03:53Z,2.701
2026-01-15T12:17:30Z,2.8292
2026-01-15T12:41:13Z,3.0502
2026-01-15T12:52:38Z,1.9386
2026-01-15T12:56:12Z,2.4697
2026-01-15T12:57:36Z,2.919
2026-01-15T13:06:26Z,3.1449
2026-01-15T13:09:21Z,2.3923
2026-01-15T13:27:19Z,2.8751
2026-01-15T13:32:20Z,2.5554
2026-01-15T13:35:21Z,2.6172
2026-01-15T14:06:27Z,2.1103
2026-01-15T14:07:02Z,2.7562
2026-01-15T14:10:28Z,3.0033
2026-01-15T14:35:05Z,1.2551
2026-01-15T15:03:50Z,3.1415
2026-01-15T15:12:27Z,1.9707
2026-01-15T15:12:54Z,2.4621
2026-01-15T15:21:08Z,2.9628
2026-01-15T15:23:54Z,3.2618
2026-01-15T15:40:57Z,2.4961
2026-01-15T15:41:14Z,2.0629
2026-01-15T15:43:33Z,2.8537
2026-01-15T15:43:36Z,2.1567
2026-01-15T15:56:56Z,2.728
2026-01-15T16:02:25Z,2.8332
2026-01-15T16:03:36Z,3.0443
2026-01-15T16:07:06Z,2.9431
2026-01-15T16:16:37Z,2.5353
2026-01-15T16:19:46Z,2.3257
2026-01-15T16:21:35Z,2.1908
2026-01-15T16:26:19Z,2.1383
2026-01-15T16:32:05Z,3.2184
2026-01-15T16:33:40Z,3.3447
2026-01-15T16:44:22Z,2.6404
2026-01-15T17:00:33Z,2.5507
2026-01-15T17:09:49Z,2.2532
2026-01-15T17:38:32Z,3.0889
2026-01-15T17:38:39Z,2.2254
2026-01-15T17:47:56Z,3.3571
2026-01-15T17:49:29Z,1.9858
2026-01-15T17:53:08Z,2.6826
2026-01-15T17:58:01Z,2.3634
2026-01-15T17:59:30Z,1.8987
2026-01-15T18:04:56Z,2.4917
2026-01-15T18:08:05Z,2.5469
2026-01-15T18:14:23Z,2.5202
2026-01-15T18:44:52Z,2.8797
2026-01-15T18:51:36Z,2.6546
2026-01-15T18:53:01Z,2.6022
2026-01-15T18:54:50Z,2.1549
2026-01-15T19:09:57Z,2.5673
2026-01-15T19:12:19Z,3.288
2026-01-15T19:30:16Z,2.4527
2026-01-15T19:56:06Z,2.5389
2026-01-15T20:00:21Z,2.7907
2026-01-15T20:25:08Z,2.5939
2026-01-15T20:36:14Z,3.3722
2026-01-15T21:30:06Z,2.1142
2026-01-15T21:34:35Z,3.5281
2026-01-15T21:35:50Z,2.8226
2026-01-15T21:47:21Z,2.5918
2026-01-15T21:49:38Z,2.6322
2026-01-15T21:51:25Z,2.8372
2026-01-15T22:00:34Z,2.9278
2026-01-15T22:05:20Z,2.781
2026-01-15T22:12:39Z,2.7975
2026-01-15T22:23:03Z,2.3968
2026-01-15T23:14:25Z,3.3227
2026-01-15T23:19:04Z,3.2001
2026-01-15T23:20:21Z,3.179
2026-01-15T23:30:09Z,2.5022
2026-01-15T23:45:09Z,2.9184
2026-01-15T23:48:03Z,2.7681
2026-01-15T23:48:25Z,2.6972
2026-01-15T23:51:09Z,2.3997
2026-01-16T00:02:05Z,2.2365
2026-01-16T00:03:58Z,3.0358
2026-01-16T00:07:55Z,2.7514
2026-01-16T00:14:35Z,2.9134
2026-01-16T00:22:43Z,3.049
2026-01-16T00:49:31Z,2.3165
2026-01-16T01:02:46Z,2.8548
2026-01-16T01:03:48Z,2.2114
2026-01-16T01:10:41Z,2.893
2026-01-16T01:11:04Z,2.9112
2026-01-16T01:27:30Z,2.0536
2026-01-16T01:32:29Z,2.6809
2026-01-16T01:38:59Z,2.7704
2026-01-16T01:42:51Z,3.0838
2026-01-16T01:53:34Z,2.3264
2026-01-16T02:12:49Z,2.3855
2026-01-16T02:15:22Z,2.7188
2026-01-16T02:25:18Z,2.5896
2026-01-16T02:33:11Z,2.7901
2026-01-16T02:39:34Z,2.1246
2026-01-16T02:44:32Z,2.4738
2026-01-16T03:03:03Z,2.1071
2026-01-16T03:13:57Z,4.0534
2026-01-16T03:18:36Z,2.2993
2026-01-16T04:22:59Z,2.4104
2026-01-16T04:35:56Z,2.662
2026-01-16T04:47:47Z,2.8583
2026-01-16T04:57:01Z,2.6104
2026-01-16T04:59:08Z,2.2309
2026-01-16T05:11:22Z,2.5417
2026-01-16T05:41:26Z,2.6158
2026-01-16T06:00:13Z,3.0815
2026-01-16T06:09:35Z,2.6134
2026-01-16T06:17:46Z,3.0163
2026-01-16T06:29:24Z,2.4731
2026-01-16T06:40:31Z,3.2763
2026-01-16T06:57:22Z,3.3368
2026-01-16T07:10:18Z,3.0911
2026-01-16T07:11:00Z,2.633
2026-01-16T07:14:55Z,2.7728
2026-01-16T07:17:34Z,2.6558
2026-01-16T07:52:44Z,2.3372
2026-01-16T07:55:52Z,2.6689
2026-01-16T08:14:03Z,3.2246
2026-01-16T08:15:46Z,2.7859
2026-01-16T08:17:47Z,1.6432
2026-01-16T08:27:39Z,2.6462
2026-01-16T08:28:32Z,2.5611
2026-01-16T08:36:33Z,1.7823
2026-01-16T08:39:01Z,2.0629
2026-01-16T08:39:30Z,2.4281
2026-01-16T08:47:08Z,2.4757
2026-01-16T09:09:29Z,1.8625
2026-01-16T09:13:57Z,2.9811
2026-01-16T09:19:41Z,2.5228
2026-01-16T09:24:19Z,2.8211
2026-01-16T09:31:03Z,2.404
2026-01-16T09:44:56Z,2.4612
2026-01-16T09:57:43Z,2.4617
2026-01-16T10:01:33Z,2.916
2026-01-16T10:10:47Z,2.475
2026-01-16T10:18:18Z,2.3443
2026-01-16T10:23:28Z,3.6397
2026-01-16T10:43:38Z,2.9156
2026-01-16T10:47:23Z,2.7862
2026-01-16T10:50:25Z,1.7647
2026-01-16T10:53:24Z,2.8667
2026-01-16T11:03:46Z,2.5083
2026-01-16T11:27:35Z,2.6611
2026-01-16T11:28:30Z,2.7942
2026-01-16T11:42:58Z,2.1816
2026-01-16T11:42:58Z,2.8133
2026-01-16T11:49:01Z,2.0837
2026-01-16T11:53:56Z,3.3619
2026-01-16T12:02:37Z,3.0051
2026-01-16T12:26:18Z,2.6297
2026-01-16T12:27:13Z,1.885
2026-01-16T12:33:28Z,2.6403
2026-01-16T13:11:18Z,2.321
2026-01-16T13:28:18Z,2.9216
2026-01-16T13:36:23Z,2.1024
2026-01-16T13:50:11Z,1.7168
2026-01-16T13:59:47Z,2.5158
2026-01-16T14:02:17Z,2.0479
2026-01-16T14:02:52Z,3.0002
2026-01-16T14:22:03Z,3.1404
2026-01-16T14:28:01Z,1.9566
2026-01-16T14:47:47Z,2.4687
2026-01-16T15:04:30Z,2.8797
2026-01-16T15:04:38Z,2.3935
2026-01-16T15:06:50Z,2.0501
2026-01-16T15:11:51Z,2.589
2026-01-16T15:32:13Z,2.331
2026-01-16T15:36:16Z,2.4217
2026-01-16T15:42:47Z,2.8436
2026-01-16T15:47:50Z,2.2476
2026-01-16T15:50:01Z,2.9803
2026-01-16T15:51:38Z,2.8391
2026-01-16T16:18:43Z,2.8655
2026-01-16T16:21:01Z,3.3176
2026-01-16T16:27:02Z,2.3037
2026-01-16T16:47:52Z,2.4493
2026-01-16T16:48:58Z,3.7572
2026-01-16T16:52:38Z,1.9716
2026-01-16T17:02:25Z,2.7779
2026-01-16T17:30:34Z,3.4236
2026-01-16T17:52:53Z,2.2239
2026-01-16T17:53:16Z,2.4705
2026-01-16T17:55:13Z,3.0229
2026-01-16T18:26:02Z,2.8718
2026-01-16T18:32:32Z,2.7247
2026-01-16T18:47:40Z,2.743
2026-01-16T19:08:25Z,2.7864
2026-01-16T19:10:39Z,3.3197
2026-01-16T19:18:14Z,2.5966
2026-01-16T19:25:08Z,2.6568
2026-01-16T19:34:00Z,2.446
2026-01-16T20:06:08Z,2.3613
2026-01-16T20:22:06Z,2.2315
2026-01-16T20:53:27Z,3.2078
2026-01-16T21:12:22Z,2.3802
2026-01-16T21:40:57Z,2.1032
2026-01-16T22:09:46Z,3.2635
2026-01-16T22:19:35Z,2.5714
2026-01-16T22:21:18Z,2.2057
2026-01-16T22:25:00Z,2.433
2026-01-16T22:33:42Z,2.9573
2026-01-16T23:03:56Z,3.1171
2026-01-16T23:33:58Z,2.8679
2026-01-16T23:36:56Z,2.0071
2026-01-16T23:55:09Z,2.0945
2026-01-17T00:16:53Z,2.3583
2026-01-17T00:27:29Z,2.5712
2026-01-17T00:33:14Z,2.6207
2026-01-17T00:38:12Z,2.8537
2026-01-17T00:42:20Z,1.9673
2026-01-17T00:45:01Z,2.9301
2026-01-17T00:46:44Z,3.0408
2026-01-17T00:48:24Z,2.3507
2026-01-17T00:52:57Z,2.4251
2026-01-17T01:50:10Z,2.4177
2026-01-17T01:53:29Z,2.7816
2026-01-17T01:55:01Z,2.2608
2026-01-17T01:58:53Z,2.4751
2026-01-17T02:10:42Z,2.2916
2026-01-17T02:12:54Z,2.4433
2026-01-17T02:12:59Z,2.6405
2026-01-17T02:17:42Z,2.8312
2026-01-17T02:22:29Z,2.2484
2026-01-17T02:48:47Z,1.8597
2026-01-17T02:50:40Z,2.8898
2026-01-17T02:57:05Z,2.7382
2026-01-17T03:10:40Z,2.4195
2026-01-17T03:30:13Z,2.2905
2026-01-17T03:51:20Z,2.6098
2026-01-17T03:58:50Z,2.6408
2026-01-17T04:15:20Z,2.6251
2026-01-17T04:32:50Z,2.2812
2026-01-17T04:41:50Z,2.4903
2026-01-17T04:49:54Z,2.5854
2026-01-17T04:50:53Z,2.521
2026-01-17T05:16:17Z,2.3816
2026-01-17T05:29:16Z,1.4066
2026-01-17T05:43:46Z,3.286
2026-01-17T05:49:11Z,3.667
2026-01-17T06:00:27Z,1.8698
2026-01-17T06:05:45Z,2.8008
2026-01-17T06:07:39Z,2.909
2026-01-17T06:27:02Z,2.0037
2026-01-17T06:30:35Z,3.1723
2026-01-17T07:05:48Z,3.0205
2026-01-17T07:13:09Z,3.2922
2026-01-17T07:16:09Z,3.2328
2026-01-17T07:25:13Z,2.7711
2026-01-17T07:26:35Z,2.7016
2026-01-17T07:48:08Z,2.2767
2026-01-17T07:56:10Z,1.7094
2026-01-17T08:05:47Z,2.351
2026-01-17T08:13:44Z,2.9716
2026-01-17T08:33:37Z,2.6576
2026-01-17T08:39:26Z,2.7611
2026-01-17T08:55:14Z,1.8998
2026-01-17T09:04:12Z,2.1031
2026-01-17T09:19:05Z,2.7603
2026-01-17T09:26:47Z,2.5651
2026-01-17T10:02:44Z,3.4684
2026-01-17T10:03:47Z,2.6715
2026-01-17T10:04:16Z,2.665
2026-01-17T10:05:06Z,2.7411
2026-01-17T10:06:35Z,3.593
2026-01-17T10:20:48Z,2.6892
2026-01-17T10:27:50Z,1.8453
2026-01-17T10:33:36Z,2.5429
2026-01-17T11:01:51Z,3.0849
2026-01-17T11:05:52Z,2.8652
2026-01-17T11:17:19Z,2.7911
2026-01-17T11:28:28Z,2.3488
2026-01-17T11:34:52Z,2.0548
2026-01-17T11:35:19Z,2.172
2026-01-17T11:37:56Z,2.3638
2026-01-17T11:57:34Z,2.0497
2026-01-17T12:28:10Z,3.4839
2026-01-17T12:31:11Z,2.9509
2026-01-17T12:36:12Z,2.4043
2026-01-17T12:36:33Z,2.8371
2026-01-17T12:50:30Z,2.7909
2026-01-17T12:54:28Z,2.2191
2026-01-17T12:59:04Z,2.7476
2026-01-17T13:12:36Z,2.9882
2026-01-17T13:16:57Z,2.7495
2026-01-17T13:19:50Z,2.115
2026-01-17T13:26:57Z,2.5707
2026-01-17T13:29:20Z,2.6448
2026-01-17T13:30:55Z,2.4122
2026-01-17T13:39:30Z,2.508
2026-01-17T13:40:20Z,2.9788
2026-01-17T13:45:42Z,2.9861
2026-01-17T13:48:01Z,3.2893
2026-01-17T13:48:02Z,2.7341
2026-01-17T14:08:03Z,2.8555
2026-01-17T14:20:15Z,2.8551
2026-01-17T14:33:04Z,2.2622
2026-01-17T14:34:26Z,3.2317
2026-01-17T15:12:42Z,2.8865
2026-01-17T15:36:04Z,1.6044
2026-01-17T15:44:11Z,2.6278
2026-01-17T15:51:10Z,2.6985
2026-01-17T16:05:36Z,2.0718
2026-01-17T16:37:42Z,2.9374
2026-01-17T16:47:54Z,2.5258
2026-01-17T16:59:53Z,2.6463
2026-01-17T17:23:07Z,2.3238
2026-01-17T17:24:59Z,3.0786
2026-01-17T17:42:12Z,2.8596
2026-01-17T17:48:39Z,2.4303
2026-01-17T18:02:27Z,3.052
2026-01-17T18:10:25Z,2.4109
2026-01-17T18:22:30Z,2.4756
2026-01-17T18:56:19Z,3.0391
2026-01-17T19:02:57Z,3.1091
2026-01-17T19:11:34Z,2.3546
2026-01-17T20:10:05Z,2.4637
2026-01-17T20:38:08Z,3.6198
2026-01-17T20:40:53Z,2.224
2026-01-17T20:47:40Z,2.0707
2026-01-17T20:49:19Z,3.115
2026-01-17T21:09:56Z,2.5622
2026-01-17T21:14:04Z,2.5014
2026-01-17T21:30:28Z,1.7788
2026-01-17T21:45:32Z,3.098
2026-01-17T21:53:17Z,2.8306
2026-01-17T21:53:46Z,3.4912
2026-01-17T21:54:00Z,2.8361
2026-01-17T22:00:22Z,2.79
2026-01-17T22:21:16Z,2.6087
2026-01-17T22:22:02Z,2.1387
2026-01-17T22:24:42Z,2.3617
2026-01-17T22:56:46Z,2.703
2026-01-17T23:16:46Z,2.4346
2026-01-17T23:22:37Z,2.9021
2026-01-17T23:23:33Z,2.5413
2026-01-17T23:25:34Z,2.8789
2026-01-17T23:38:34Z,3.2128
2026-01-17T23:55:13Z,3.9445
2026-01-18T00:05:05Z,2.7776
2026-01-18T00:07:46Z,3.0793
2026-01-18T00:09:58Z,3.0164
2026-01-18T00:10:13Z,2.7334
2026-01-18T00:23:13Z,2.567
2026-01-18T00:24:54Z,2.3074
2026-01-18T00:58:31Z,3.204
2026-01-18T01:00:16Z,3.3333
2026-01-18T01:10:03Z,2.8515
2026-01-18T01:10:12Z,3.0549
2026-01-18T01:16:31Z,2.2688
2026-01-18T01:23:18Z,2.9473
2026-01-18T01:24:01Z,2.3041
2026-01-18T01:41:05Z,3.0965
2026-01-18T01:41:19Z,2.9069
2026-01-18T01:48:08Z,2.9839
2026-01-18T02:04:15Z,2.5723
2026-01-18T02:16:30Z,2.7092
2026-01-18T02:17:58Z,2.2622
2026-01-18T02:19:38Z,2.2697
2026-01-18T02:34:47Z,3.2716
2026-01-18T02:34:47Z,2.7462
2026-01-18T02:38:09Z,1.7784
2026-01-18T02:49:32Z,1.61
2026-01-18T02:54:25Z,2.3728
2026-01-18T03:12:57Z,2.6409
2026-01-18T03:17:42Z,2.4502
2026-01-18T03:21:24Z,2.1289
2026-01-18T03:49:09Z,2.2768
2026-01-18T03:51:09Z,2.6933
2026-01-18T03:58:33Z,2.061
2026-01-18T03:58:41Z,2.8867
2026-01-18T04:10:47Z,3.0185
2026-01-18T04:14:25Z,1.9611
2026-01-18T04:20:58Z,2.1375
2026-01-18T04:21:25Z,2.7479
2026-01-18T04:37:10Z,1.3227
2026-01-18T04:38:04Z,3.0932
2026-01-18T04:44:36Z,2.848
2026-01-18T04:59:50Z,2.1685
2026-01-18T05:08:19Z,2.5523
2026-01-18T05:13:13Z,2.4522
2026-01-18T05:17:10Z,1.9649
2026-01-18T05:24:29Z,2.5517
2026-01-18T05:31:10Z,2.4083
2026-01-18T05:35:27Z,3.6041
2026-01-18T05:46:26Z,1.9263
2026-01-18T06:07:38Z,2.8771
2026-01-18T06:14:11Z,3.1418
2026-01-18T06:18:09Z,2.44
2026-01-18T06:36:29Z,3.0578
2026-01-18T06:38:53Z,3.1916
2026-01-18T06:41:07Z,2.7423
2026-01-18T06:44:17Z,1.9994
2026-01-18T06:48:40Z,1.8877
2026-01-18T06:48:45Z,2.1077
2026-01-18T06:53:56Z,2.1758
2026-01-18T06:54:28Z,2.7087
2026-01-18T06:58:24Z,2.4095
2026-01-18T07:04:00Z,2.631
2026-01-18T07:37:34Z,2.4295
2026-01-18T07:47:37Z,3.156
2026-01-18T07:50:15Z,2.8659
2026-01-18T07:51:43Z,1.9239
2026-01-18T08:06:43Z,2.8252
2026-01-18T08:07:34Z,2.7962
2026-01-18T08:19:20Z,1.6326
2026-01-18T08:20:51Z,1.9209
2026-01-18T08:25:02Z,2.174
2026-01-18T08:45:22Z,3.2245
2026-01-18T08:52:07Z,2.9129
2026-01-18T09:10:32Z,2.4986
2026-01-18T09:12:03Z,2.8606
2026-01-18T09:20:25Z,2.5393
2026-01-18T09:22:29Z,2.6015
2026-01-18T09:24:38Z,2.9928
2026-01-18T09:40:36Z,3.1599
2026-01-18T10:10:43Z,2.5555
2026-01-18T10:13:38Z,2.9091
2026-01-18T10:14:51Z,2.7606
2026-01-18T10:37:56Z,2.5494
2026-01-18T10:44:19Z,2.6872
2026-01-18T10:56:11Z,2.0801
2026-01-18T11:04:16Z,2.5154
2026-01-18T11:20:18Z,2.0819
2026-01-18T11:58:17Z,1.9164
2026-01-18T12:15:56Z,2.7229
2026-01-18T12:25:36Z,2.0504
2026-01-18T12:45:52Z,2.8432
2026-01-18T13:01:34Z,2.5982
2026-01-18T13:03:23Z,2.7774
2026-01-18T13:32:47Z,2.9136
2026-01-18T13:36:03Z,2.4895
2026-01-18T13:49:14Z,1.804
2026-01-18T14:01:43Z,3.0095
2026-01-18T14:09:05Z,2.6623
2026-01-18T14:13:05Z,3.0843
2026-01-18T14:21:32Z,3.0011
2026-01-18T14:33:57Z,2.0178
2026-01-18T14:37:32Z,3.022
2026-01-18T14:38:51Z,3.1123
2026-01-18T14:55:57Z,1.8667
2026-01-18T14:58:09Z,2.8173
2026-01-18T15:04:52Z,2.8667
2026-01-18T15:15:45Z,2.4865
2026-01-18T15:26:19Z,1.884
2026-01-18T15:48:45Z,2.5934
2026-01-18T15:51:24Z,1.9944
2026-01-18T15:54:21Z,2.2323
2026-01-18T15:54:39Z,2.2985
2026-01-18T16:10:38Z,2.0742
2026-01-18T16:12:21Z,2.5701
2026-01-18T16:22:42Z,2.9703
2026-01-18T16:32:49Z,3.0471
2026-01-18T16:36:54Z,3.0065
2026-01-18T16:47:07Z,2.835
2026-01-18T16:54:48Z,3.0166
2026-01-18T17:14:49Z,2.5255
2026-01-18T17:33:44Z,3.2855
2026-01-18T17:35:17Z,2.1593
2026-01-18T17:40:32Z,2.8855
2026-01-18T17:50:08Z,2.1162
2026-01-18T17:50:35Z,2.2386
2026-01-18T18:00:40Z,2.8911
2026-01-18T18:02:55Z,2.415
2026-01-18T18:27:26Z,1.7552
2026-01-18T18:28:35Z,2.488
2026-01-18T19:01:34Z,1.694
2026-01-18T19:04:39Z,2.8199
2026-01-18T19:23:34Z,2.8317
2026-01-18T19:36:31Z,2.8637
2026-01-18T19:50:01Z,2.2554
2026-01-18T19:58:21Z,2.5659
2026-01-18T19:59:28Z,2.5783
2026-01-18T20:15:38Z,2.465
2026-01-18T20:23:37Z,2.162
2026-01-18T20:34:31Z,2.2275
2026-01-18T20:44:45Z,2.5861
2026-01-18T20:48:48Z,2.2197
2026-01-18T20:54:39Z,3.2252
2026-01-18T21:05:03Z,2.2859
2026-01-18T21:53:18Z,1.6735
2026-01-18T21:57:15Z,2.2746
2026-01-18T22:02:23Z,3.7391
2026-01-18T22:15:23Z,2.9345
2026-01-18T22:33:44Z,2.8606
2026-01-18T22:36:01Z,2.8357
2026-01-18T22:39:42Z,2.7948
2026-01-18T22:48:07Z,1.8375
2026-01-18T22:49:31Z,3.1767
2026-01-18T23:03:32Z,2.6796
2026-01-18T23:04:49Z,2.606
2026-01-18T23:10:03Z,2.2264
2026-01-18T23:18:04Z,2.225
2026-01-18T23:36:20Z,3.066
2026-01-18T23:57:03Z,2.8695
2026-01-19T00:00:18Z,2.5813
2026-01-19T00:09:34Z,2.5117
2026-01-19T00:13:05Z,2.875
2026-01-19T00:30:32Z,2.1551
2026-01-19T00:32:19Z,2.9464
2026-01-19T00:37:15Z,2.4002
2026-01-19T01:29:22Z,3.2702
2026-01-19T01:40:59Z,1.9782
2026-01-19T02:01:31Z,2.4237
2026-01-19T02:41:45Z,1.7363
2026-01-19T02:48:58Z,2.4392
2026-01-19T02:49:55Z,2.1112
2026-01-19T02:56:59Z,2.7086
2026-01-19T02:59:39Z,3.5408
2026-01-19T03:03:34Z,2.6507
2026-01-19T03:09:56Z,2.4852
2026-01-19T03:17:53Z,2.6361
2026-01-19T03:39:18Z,2.8099
2026-01-19T03:51:09Z,2.6928
2026-01-19T03:58:35Z,1.7857
2026-01-19T04:03:45Z,2.539
2026-01-19T04:08:51Z,2.8483
2026-01-19T04:12:25Z,2.919
2026-01-19T04:48:22Z,2.3967
2026-01-19T04:54:13Z,2.7651
2026-01-19T04:57:26Z,3.5787
2026-01-19T04:58:08Z,2.6118
2026-01-19T05:00:44Z,2.0988
2026-01-19T05:21:32Z,2.896
2026-01-19T05:23:02Z,2.3268
2026-01-19T05:23:21Z,2.0799
2026-01-19T05:28:14Z,2.6452
2026-01-19T05:46:35Z,2.7268
2026-01-19T05:46:39Z,2.457
2026-01-19T05:55:41Z,2.348
2026-01-19T06:05:25Z,2.6266
2026-01-19T06:22:22Z,2.9367
2026-01-19T06:34:38Z,2.6014
2026-01-19T06:37:34Z,2.3758
2026-01-19T07:06:36Z,2.4652
2026-01-19T07:07:42Z,2.2182
2026-01-19T07:23:01Z,2.5485
2026-01-19T07:30:42Z,2.7374
2026-01-19T07:36:00Z,2.4544
2026-01-19T07:47:30Z,2.2381
2026-01-19T08:40:06Z,2.3953
2026-01-19T08:44:03Z,3.0307
2026-01-19T08:45:05Z,2.4794
2026-01-19T08:48:11Z,2.6854
2026-01-19T08:50:55Z,2.3643
2026-01-19T09:11:15Z,2.8392
2026-01-19T09:13:43Z,2.5517
2026-01-19T09:15:15Z,2.2729
2026-01-19T09:19:45Z,2.9411
2026-01-19T09:35:34Z,1.9371
2026-01-19T09:52:52Z,1.9511
2026-01-19T09:57:39Z,3.1152
2026-01-19T09:59:20Z,2.1694
2026-01-19T10:32:45Z,2.4165
2026-01-19T10:36:30Z,2.2321
2026-01-19T10:43:30Z,3.0856
2026-01-19T10:47:47Z,2.9556
2026-01-19T11:01:41Z,3.0146
2026-01-19T11:04:36Z,2.317
2026-01-19T11:09:30Z,2.5133
2026-01-19T11:16:30Z,2.6396
2026-01-19T11:18:31Z,2.5585
2026-01-19T11:24:46Z,2.4213
2026-01-19T11:34:49Z,2.4836
2026-01-19T11:58:11Z,1.8095
2026-01-19T11:58:48Z,1.9331
2026-01-19T12:17:39Z,2.6939
2026-01-19T12:17:45Z,2.9905
2026-01-19T12:22:20Z,2.1196
2026-01-19T12:26:06Z,2.9485
2026-01-19T12:28:26Z,3.1484
2026-01-19T12:32:15Z,2.5738
2026-01-19T12:34:01Z,1.913
2026-01-19T12:38:55Z,3.1537
2026-01-19T12:43:33Z,3.1644
2026-01-19T12:44:59Z,3.1323
2026-01-19T12:48:51Z,2.6772
2026-01-19T12:52:45Z,2.5029
2026-01-19T12:53:32Z,1.7913
2026-01-19T13:39:08Z,2.4836
2026-01-19T13:56:27Z,2.2512
2026-01-19T14:06:24Z,3.118
2026-01-19T14:06:40Z,2.4131
2026-01-19T14:12:26Z,2.263
2026-01-19T14:13:40Z,2.4031
2026-01-19T14:16:57Z,1.7885
2026-01-19T14:27:17Z,2.1824
2026-01-19T14:28:50Z,3.2405
2026-01-19T14:34:07Z,3.2646
2026-01-19T14:39:57Z,3.157
2026-01-19T14:45:04Z,1.6354
2026-01-19T14:49:11Z,2.9761
2026-01-19T15:07:59Z,2.2931
2026-01-19T15:08:09Z,2.0571
2026-01-19T15:25:20Z,1.8157
2026-01-19T15:49:16Z,3.2352
2026-01-19T15:50:49Z,2.0191
2026-01-19T16:11:04Z,2.4908
2026-01-19T16:18:45Z,2.1757
2026-01-19T16:21:10Z,3.0926
2026-01-19T16:36:07Z,3.0207
2026-01-19T17:13:45Z,2.368
2026-01-19T17:31:57Z,2.714
2026-01-19T17:47:50Z,2.2401
2026-01-19T18:07:21Z,2.3932
2026-01-19T18:40:32Z,2.659
2026-01-19T18:40:59Z,2.5815
2026-01-19T19:03:48Z,2.4372
2026-01-19T19:19:56Z,2.5737
2026-01-19T19:29:55Z,3.3244
2026-01-19T19:48:45Z,2.7479
2026-01-19T19:50:52Z,3.5113
2026-01-19T20:22:58Z,2.7509
2026-01-19T20:39:05Z,3.2677
2026-01-19T21:14:19Z,2.0755
2026-01-19T21:14:22Z,2.537
2026-01-19T21:48:50Z,2.2527
2026-01-19T22:06:03Z,2.2831
2026-01-19T22:06:40Z,2.565
2026-01-19T22:20:43Z,2.4799
2026-01-19T22:24:31Z,2.4222
2026-01-19T22:43:10Z,2.1718
2026-01-19T22:55:55Z,2.611
2026-01-19T23:02:35Z,3.0163
2026-01-19T23:48:32Z,2.7648
2026-01-19T23:55:09Z,2.773
2026-01-20T00:17:31Z,3.34
2026-01-20T00:18:55Z,2.5113
2026-01-20T00:29:59Z,2.8569
2026-01-20T00:30:24Z,2.6112
2026-01-20T00:32:35Z,2.915
2026-01-20T01:05:36Z,2.7315
2026-01-20T01:22:36Z,2.6391
2026-01-20T01:36:39Z,1.9074
2026-01-20T02:05:38Z,2.3074
2026-01-20T02:11:56Z,2.2472
2026-01-20T02:17:36Z,3.0928
2026-01-20T02:35:41Z,2.3276
2026-01-20T02:54:57Z,3.0191
2026-01-20T03:27:21Z,3.0888
2026-01-20T03:36:22Z,2.5213
2026-01-20T03:36:25Z,2.1973
2026-01-20T03:38:32Z,2.4505
2026-01-20T03:39:00Z,2.8002
2026-01-20T03:46:26Z,2.6171
2026-01-20T03:54:34Z,3.1651
2026-01-20T03:57:15Z,2.2081
2026-01-20T04:14:01Z,2.183
2026-01-20T04:28:15Z,2.6273
2026-01-20T04:32:57Z,2.0024
2026-01-20T04:41:03Z,2.3937
2026-01-20T04:45:37Z,1.8024
2026-01-20T05:38:42Z,3.0314
2026-01-20T05:45:53Z,1.9572
2026-01-20T05:58:32Z,2.4685
2026-01-20T06:11:52Z,2.8406
2026-01-20T06:19:21Z,2.2804
2026-01-20T06:21:06Z,2.5104
2026-01-20T06:29:16Z,3.0694
2026-01-20T06:32:34Z,2.8792
2026-01-20T06:36:46Z,2.4877
2026-01-20T06:38:30Z,2.1961
2026-01-20T06:41:31Z,2.6164
2026-01-20T06:50:26Z,2.8414
2026-01-20T06:56:19Z,2.0997
2026-01-20T07:01:15Z,2.7481
2026-01-20T07:03:05Z,2.0715
2026-01-20T07:05:08Z,3.223
2026-01-20T07:19:15Z,2.327
2026-01-20T07:34:14Z,3.0464
2026-01-20T07:58:33Z,2.6126
2026-01-20T08:34:06Z,2.6308
2026-01-20T08:34:06Z,2.84
2026-01-20T08:36:30Z,2.6873
2026-01-20T08:55:04Z,2.0078
2026-01-20T09:29:07Z,2.2001
2026-01-20T09:33:26Z,1.8357
2026-01-20T09:35:34Z,2.7256
2026-01-20T09:54:20Z,1.6696
2026-01-20T09:56:06Z,2.6285
2026-01-20T10:07:35Z,2.6786
2026-01-20T10:21:32Z,2.5103
2026-01-20T10:24:35Z,3.1325
2026-01-20T10:28:55Z,2.4594
2026-01-20T10:32:22Z,2.6331
2026-01-20T10:33:40Z,2.4271
2026-01-20T10:50:16Z,2.3836
2026-01-20T11:02:19Z,2.7888
2026-01-20T11:06:24Z,2.6034
2026-01-20T11:15:02Z,2.542
2026-01-20T11:18:16Z,2.5733
2026-01-20T11:24:30Z,2.5133
2026-01-20T11:37:00Z,2.4687
2026-01-20T11:39:23Z,2.6104
2026-01-20T11:46:13Z,2.0492
2026-01-20T12:09:06Z,2.359
2026-01-20T12:11:28Z,2.4009
2026-01-20T12:41:28Z,2.3427
2026-01-20T12:48:20Z,2.4154
2026-01-20T12:52:14Z,1.5782
2026-01-20T13:26:41Z,2.5555
2026-01-20T13:27:20Z,2.6971
2026-01-20T13:43:39Z,1.4234
2026-01-20T13:48:06Z,2.358
2026-01-20T14:16:03Z,1.911
2026-01-20T14:23:14Z,2.7314
2026-01-20T14:37:46Z,2.9149
2026-01-20T14:41:36Z,2.1611
2026-01-20T14:49:37Z,2.788
2026-01-20T15:02:14Z,3.5425
2026-01-20T15:18:58Z,2.5812
2026-01-20T15:25:55Z,2.5865
2026-01-20T15:52:12Z,3.0229
2026-01-20T16:16:15Z,2.8852
2026-01-20T16:16:41Z,2.9057
2026-01-20T16:24:08Z,2.6116
2026-01-20T16:33:28Z,2.0112
2026-01-20T16:40:48Z,1.9169
2026-01-20T17:03:09Z,2.9575
2026-01-20T17:06:36Z,2.4889
2026-01-20T17:12:56Z,3.0232
2026-01-20T17:42:33Z,2.0988
2026-01-20T18:05:13Z,2.7982
2026-01-20T18:08:05Z,2.5033
2026-01-20T18:36:17Z,2.8143
2026-01-20T18:47:17Z,3.3762
2026-01-20T19:05:00Z,2.7622
2026-01-20T19:07:21Z,2.7928
2026-01-20T19:21:23Z,2.4434
2026-01-20T19:26:16Z,2.2935
2026-01-20T19:34:11Z,2.601
2026-01-20T19:47:07Z,2.0959
2026-01-20T19:52:05Z,2.3
2026-01-20T19:56:49Z,2.5092
2026-01-20T20:10:33Z,2.9402
2026-01-20T20:26:15Z,1.7696
2026-01-20T20:37:02Z,2.891
2026-01-20T20:59:04Z,3.0028
2026-01-20T21:07:55Z,2.2038
2026-01-20T21:11:54Z,2.6606
2026-01-20T21:13:28Z,2.2896
2026-01-20T21:31:06Z,2.1467
2026-01-20T21:34:33Z,2.7819
2026-01-20T21:43:45Z,2.1193
2026-01-20T21:47:34Z,2.7763
2026-01-20T21:55:15Z,3.4329
2026-01-20T22:05:48Z,2.3332
2026-01-20T22:35:53Z,3.2847
2026-01-20T23:29:05Z,2.9388
2026-01-20T23:29:42Z,2.677
2026-01-20T23:43:16Z,2.4715
2026-01-20T23:44:45Z,2.6545
2026-01-20T23:47:41Z,3.0698
2026-01-20T23:49:14Z,1.8088
2026-01-20T23:51:31Z,2.4495
2026-01-20T23:54:40Z,2.5201
2026-01-21T00:08:26Z,2.9215
2026-01-21T00:15:53Z,2.3145
2026-01-21T00:22:22Z,2.8392
2026-01-21T00:40:11Z,2.8474
2026-01-21T00:49:50Z,2.3304
2026-01-21T00:52:22Z,2.576
2026-01-21T01:15:04Z,3.4675
2026-01-21T01:20:22Z,2.9539
2026-01-21T01:32:02Z,2.7945
2026-01-21T01:41:10Z,2.8314
2026-01-21T01:45:24Z,2.6605
2026-01-21T02:08:14Z,3.3392
2026-01-21T02:18:01Z,2.4612
2026-01-21T02:25:24Z,2.8535
2026-01-21T02:26:11Z,2.7577
2026-01-21T02:35:21Z,3.0563
2026-01-21T02:47:20Z,3.0272
2026-01-21T02:51:37Z,2.7764
2026-01-21T03:10:24Z,2.2393
2026-01-21T03:10:54Z,2.4079
2026-01-21T03:19:37Z,2.9262
2026-01-21T03:19:55Z,2.6011
2026-01-21T03:26:43Z,2.7855
2026-01-21T03:43:28Z,2.3894
2026-01-21T03:48:12Z,3.0016
2026-01-21T03:58:34Z,2.4803
2026-01-21T04:01:21Z,3.0809
2026-01-21T04:10:39Z,2.27
2026-01-21T04:11:52Z,2.4745
2026-01-21T04:13:29Z,3.0174
2026-01-21T04:19:08Z,2.8983
2026-01-21T04:44:43Z,2.3497
2026-01-21T04:46:18Z,2.5621
2026-01-21T04:51:50Z,1.742
2026-01-21T04:52:41Z,2.0888
2026-01-21T04:55:21Z,2.6401
2026-01-21T04:55:24Z,3.0131
2026-01-21T05:19:57Z,2.6579
2026-01-21T05:31:42Z,2.553
2026-01-21T05:36:49Z,2.5374
2026-01-21T05:48:02Z,2.5501
2026-01-21T05:48:14Z,3.0218
2026-01-21T05:53:14Z,3.4678
2026-01-21T05:59:13Z,2.5885
2026-01-21T06:06:53Z,2.7674
2026-01-21T06:15:38Z,2.3851
2026-01-21T06:36:46Z,2.2669
2026-01-21T06:51:04Z,2.7011
2026-01-21T06:57:00Z,2.3544
2026-01-21T06:58:34Z,1.924
2026-01-21T07:18:25Z,2.5316
2026-01-21T07:30:51Z,3.3513
2026-01-21T07:31:22Z,2.3903
2026-01-21T07:44:17Z,3.4607
2026-01-21T08:05:06Z,3.3495
2026-01-21T08:14:00Z,2.8709
2026-01-21T08:19:38Z,2.8465
2026-01-21T08:27:01Z,1.8041
2026-01-21T08:45:21Z,2.1454
2026-01-21T08:47:02Z,2.117
2026-01-21T08:47:33Z,2.1831
2026-01-21T08:54:08Z,2.9678
2026-01-21T09:06:15Z,1.9624
2026-01-21T09:19:19Z,1.7419
2026-01-21T09:30:50Z,1.8361
2026-01-21T09:38:56Z,2.1558
2026-01-21T10:11:10Z,2.6638
2026-01-21T10:17:02Z,2.2574
2026-01-21T10:21:07Z,2.3102
2026-01-21T10:34:14Z,2.9156
2026-01-21T10:44:45Z,2.607
2026-01-21T10:49:44Z,2.5766
2026-01-21T10:57:23Z,2.9334
2026-01-21T11:43:01Z,2.4324
2026-01-21T11:48:32Z,2.1974
2026-01-21T12:19:02Z,2.3422
2026-01-21T12:21:25Z,2.2577
2026-01-21T12:38:14Z,2.7711
2026-01-21T13:19:09Z,2.7935
2026-01-21T13:24:01Z,3.3465
2026-01-21T13:25:00Z,2.3416
2026-01-21T13:25:17Z,2.5114
2026-01-21T13:43:05Z,2.746
2026-01-21T13:53:40Z,3.3642
2026-01-21T13:54:12Z,2.2158
2026-01-21T13:56:14Z,2.7163
2026-01-21T13:57:08Z,2.5707
2026-01-21T14:06:47Z,2.8942
2026-01-21T14:10:26Z,3.0231
2026-01-21T14:14:26Z,2.6146
2026-01-21T14:15:31Z,2.9218
2026-01-21T14:39:09Z,3.3923
2026-01-21T14:51:40Z,2.4744
2026-01-21T15:14:51Z,3.3867
2026-01-21T15:39:15Z,2.2116
2026-01-21T15:40:11Z,2.7736
2026-01-21T15:56:26Z,3.2044
2026-01-21T15:56:30Z,2.7041
2026-01-21T16:15:52Z,2.241
2026-01-21T16:27:39Z,2.9685
2026-01-21T16:58:00Z,2.9164
2026-01-21T17:10:33Z,2.579
2026-01-21T17:17:41Z,2.205
2026-01-21T17:20:18Z,2.185
2026-01-21T17:39:21Z,1.7639
2026-01-21T17:45:14Z,2.6788
2026-01-21T17:58:02Z,2.1191
2026-01-21T18:02:50Z,2.1747
2026-01-21T18:39:06Z,2.5297
2026-01-21T18:39:14Z,2.7759
2026-01-21T18:49:18Z,3.2873
2026-01-21T18:50:45Z,3.3128
2026-01-21T18:57:44Z,2.2835
2026-01-21T19:04:02Z,2.5265
2026-01-21T19:12:25Z,2.5923
2026-01-21T19:12:32Z,2.1224
2026-01-21T19:20:36Z,2.6846
2026-01-21T19:21:32Z,2.2972
2026-01-21T19:43:50Z,2.1773
2026-01-21T20:00:43Z,2.0404
2026-01-21T20:02:47Z,2.6499
2026-01-21T20:04:23Z,2.7723
2026-01-21T20:10:50Z,2.4847
2026-01-21T20:26:50Z,2.3784
2026-01-21T20:31:43Z,2.8104
2026-01-21T20:58:57Z,3.0391
2026-01-21T21:00:33Z,2.9075
2026-01-21T21:02:39Z,2.463
2026-01-21T21:15:57Z,2.1323
2026-01-21T21:23:35Z,2.9893
2026-01-21T21:37:51Z,2.7838
2026-01-21T21:42:28Z,2.9093
2026-01-21T22:33:42Z,3.1107
2026-01-21T22:37:17Z,2.8495
2026-01-21T22:41:23Z,2.8304
2026-01-21T22:42:34Z,2.7328
2026-01-21T22:49:25Z,2.4903
2026-01-21T22:50:18Z,2.5311
2026-01-21T22:51:08Z,2.5806
2026-01-21T23:02:01Z,2.711
2026-01-21T23:05:06Z,2.1911
2026-01-21T23:07:01Z,2.0838
2026-01-21T23:17:02Z,2.2129
2026-01-21T23:20:15Z,3.3693
2026-01-21T23:26:17Z,2.4852
2026-01-21T23:33:22Z,2.1239
2026-01-22T00:03:20Z,2.2724
2026-01-22T00:07:20Z,2.5901
2026-01-22T00:15:37Z,2.8378
2026-01-22T00:18:49Z,2.8
2026-01-22T00:29:59Z,2.5423
2026-01-22T00:49:36Z,2.8129
2026-01-22T00:59:59Z,3.1148
2026-01-22T01:11:28Z,2.7167
2026-01-22T01:13:16Z,2.1
2026-01-22T01:32:53Z,3.4903
2026-01-22T01:33:23Z,2.6631
2026-01-22T01:43:05Z,2.4926
2026-01-22T01:52:23Z,3.0072
2026-01-22T01:55:03Z,2.6062
2026-01-22T02:00:39Z,2.5456
2026-01-22T02:04:50Z,2.6563
2026-01-22T02:25:01Z,2.5836
2026-01-22T02:46:40Z,2.4677
2026-01-22T02:54:09Z,2.2374
2026-01-22T03:02:13Z,1.8834
2026-01-22T03:32:38Z,2.8473
2026-01-22T03:37:25Z,3.03
2026-01-22T03:38:26Z,3.4462
2026-01-22T03:53:25Z,1.9267
2026-01-22T04:00:38Z,2.6786
2026-01-22T04:04:47Z,2.0402
2026-01-22T04:23:41Z,2.4483
2026-01-22T05:09:40Z,2.8148
2026-01-22T05:17:23Z,2.8488
2026-01-22T05:36:26Z,3.5364
2026-01-22T05:40:34Z,2.0806
2026-01-22T05:46:56Z,2.9448
2026-01-22T06:03:50Z,2.9713
2026-01-22T06:24:02Z,1.9814
2026-01-22T06:31:46Z,3.5995
2026-01-22T06:32:51Z,2.559
2026-01-22T06:33:57Z,2.6327
2026-01-22T06:36:32Z,2.3086
2026-01-22T06:45:40Z,2.2289
2026-01-22T06:51:49Z,2.7932
2026-01-22T06:57:20Z,2.5032
2026-01-22T07:08:34Z,2.2922
2026-01-22T07:10:05Z,2.714
2026-01-22T07:19:19Z,3.5075
2026-01-22T07:26:42Z,2.5341
2026-01-22T07:26:57Z,2.6422
2026-01-22T07:31:09Z,3.1048
2026-01-22T07:36:53Z,2.4223
2026-01-22T07:49:24Z,2.4675
2026-01-22T07:49:46Z,2.7011
2026-01-22T07:50:59Z,2.8151
2026-01-22T08:15:56Z,2.8689
2026-01-22T08:38:00Z,3.3244
2026-01-22T08:40:46Z,2.4491
2026-01-22T08:51:50Z,1.8008
2026-01-22T09:01:20Z,2.0145
2026-01-22T09:11:59Z,2.082
2026-01-22T09:15:57Z,2.0738
2026-01-22T09:26:33Z,2.8112
2026-01-22T09:27:02Z,2.6693
2026-01-22T09:59:46Z,2.0445
2026-01-22T10:03:35Z,2.7215
2026-01-22T10:03:59Z,2.6315
2026-01-22T10:07:57Z,3.0711
2026-01-22T10:16:27Z,4.0149
2026-01-22T10:49:07Z,2.5026
2026-01-22T11:26:13Z,3.2144
2026-01-22T11:26:18Z,2.7494
2026-01-22T11:36:58Z,2.4648
2026-01-22T11:39:55Z,2.5391
2026-01-22T11:41:30Z,2.7993
2026-01-22T11:44:46Z,3.1605
2026-01-22T12:00:23Z,2.2189
2026-01-22T12:07:03Z,2.1983
2026-01-22T12:16:12Z,3.2602
2026-01-22T12:17:24Z,2.1928
2026-01-22T12:29:11Z,2.1282
2026-01-22T12:57:32Z,3.182
2026-01-22T13:05:48Z,2.4254
2026-01-22T13:06:34Z,3.0208
2026-01-22T13:13:37Z,3.0137
2026-01-22T13:25:02Z,2.2435
2026-01-22T13:34:08Z,2.3529
2026-01-22T13:35:14Z,2.6556
2026-01-22T13:47:34Z,3.0742
2026-01-22T14:03:10Z,2.1176
2026-01-22T14:16:15Z,2.3467
2026-01-22T14:29:05Z,3.0997
2026-01-22T14:33:53Z,3.0487
2026-01-22T14:41:16Z,2.608
2026-01-22T14:53:02Z,2.2681
2026-01-22T14:53:24Z,2.4384
2026-01-22T15:16:37Z,2.2979
2026-01-22T15:23:15Z,2.6595
2026-01-22T15:25:05Z,2.7957
2026-01-22T16:02:40Z,2.9817
2026-01-22T16:25:21Z,3.2093
2026-01-22T16:44:19Z,3.1421
2026-01-22T16:52:35Z,2.5375
2026-01-22T17:00:31Z,2.2156
2026-01-22T17:06:20Z,3.2512
2026-01-22T17:07:35Z,2.2223
2026-01-22T17:14:32Z,2.8285
2026-01-22T17:44:58Z,2.3776
2026-01-22T18:08:02Z,3.203
2026-01-22T18:12:18Z,1.7022
2026-01-22T18:17:58Z,2.782
2026-01-22T18:39:40Z,2.3132
2026-01-22T18:42:39Z,2.8681
2026-01-22T18:58:09Z,2.3651
2026-01-22T19:47:07Z,2.066
2026-01-22T20:06:14Z,3.2542
2026-01-22T20:21:11Z,2.4464
2026-01-22T20:23:43Z,2.9335
2026-01-22T20:32:07Z,3.3793
2026-01-22T20:39:16Z,2.9403
2026-01-22T20:41:13Z,2.5453
2026-01-22T20:43:58Z,2.7143
2026-01-22T20:44:27Z,3.2232
2026-01-22T21:15:35Z,2.3717
2026-01-22T21:22:09Z,3.0493
2026-01-22T21:30:52Z,2.0873
2026-01-22T21:40:37Z,2.0889
2026-01-22T21:49:07Z,2.7261
2026-01-22T21:58:39Z,1.7043
2026-01-22T22:04:29Z,3.2461
2026-01-22T22:17:54Z,3.2774
2026-01-22T22:36:25Z,2.3413
2026-01-22T22:50:27Z,3.1572
2026-01-22T22:55:51Z,2.6409
2026-01-22T23:16:42Z,2.4063
2026-01-22T23:40:14Z,2.649
2026-01-22T23:57:32Z,2.4826
2026-01-22T23:59:49Z,3.2009
2026-01-23T00:00:28Z,1.7117
2026-01-23T00:07:26Z,2.6305
2026-01-23T00:11:25Z,3.0236
2026-01-23T00:41:29Z,2.5571
2026-01-23T00:47:40Z,2.4991
2026-01-23T00:52:31Z,2.5809
2026-01-23T00:58:11Z,2.3098
2026-01-23T01:15:11Z,2.1663
2026-01-23T01:28:43Z,2.8084
2026-01-23T01:54:31Z,2.2096
2026-01-23T02:02:35Z,2.7495
2026-01-23T02:08:03Z,2.3981
2026-01-23T02:12:22Z,2.4796
2026-01-23T02:34:25Z,3.2792
2026-01-23T02:35:31Z,2.4473
2026-01-23T02:40:34Z,2.4927
2026-01-23T02:53:26Z,3.264
2026-01-23T03:16:56Z,3.0177
2026-01-23T03:30:45Z,2.5326
2026-01-23T03:38:50Z,2.4457
2026-01-23T03:41:51Z,3.1963
2026-01-23T03:58:48Z,3.6401
2026-01-23T04:39:53Z,2.5504
2026-01-23T04:49:07Z,3.231
2026-01-23T04:59:28Z,2.6264
2026-01-23T05:02:30Z,2.7922
2026-01-23T05:09:00Z,3.4279
2026-01-23T05:09:29Z,2.8887
2026-01-23T05:25:27Z,2.7586
2026-01-23T05:29:50Z,2.5816
2026-01-23T05:32:02Z,2.8644
2026-01-23T05:39:31Z,2.6611
2026-01-23T05:43:59Z,2.4043
2026-01-23T05:46:06Z,2.4313
2026-01-23T05:58:10Z,3.1349
2026-01-23T05:58:26Z,2.3573
2026-01-23T06:16:00Z,2.7741
2026-01-23T06:32:49Z,2.6728
2026-01-23T06:38:38Z,2.1041
2026-01-23T06:58:06Z,3.2597
2026-01-23T07:36:43Z,2.3024
2026-01-23T07:52:23Z,2.199
2026-01-23T07:53:34Z,2.2788
2026-01-23T08:12:43Z,2.1358
2026-01-23T08:25:25Z,2.3359
2026-01-23T08:49:48Z,2.5862
2026-01-23T09:17:36Z,2.604
2026-01-23T09:21:43Z,3.0567
2026-01-23T09:24:40Z,2.5751
2026-01-23T09:29:26Z,2.5532
2026-01-23T09:40:31Z,2.9252
2026-01-23T09:51:14Z,2.2964
2026-01-23T10:07:35Z,2.7423
2026-01-23T10:11:59Z,2.6411
2026-01-23T10:25:45Z,2.3606
2026-01-23T10:26:53Z,1.9473
2026-01-23T10:35:31Z,3.184
2026-01-23T10:37:03Z,2.4484
2026-01-23T10:49:45Z,2.9541
2026-01-23T11:02:10Z,2.079
2026-01-23T11:22:30Z,2.3212
2026-01-23T11:41:26Z,2.5749
2026-01-23T11:45:43Z,2.6998
2026-01-23T11:50:59Z,2.9494
2026-01-23T11:55:51Z,2.8324
2026-01-23T12:29:55Z,2.6972
2026-01-23T12:41:55Z,2.2929
2026-01-23T12:42:41Z,2.7195
2026-01-23T12:47:40Z,2.5437
2026-01-23T12:57:24Z,2.924
2026-01-23T12:59:37Z,2.6159
2026-01-23T13:11:03Z,3.7256
2026-01-23T13:16:05Z,2.6392
2026-01-23T13:29:05Z,2.9149
2026-01-23T13:38:27Z,2.4338
2026-01-23T13:43:19Z,2.182
2026-01-23T13:44:13Z,2.9277
2026-01-23T13:56:00Z,1.7187
2026-01-23T13:56:46Z,2.8365
2026-01-23T14:02:47Z,2.0874
2026-01-23T14:08:11Z,3.2303
2026-01-23T14:37:13Z,2.8446
2026-01-23T14:47:59Z,2.3552
2026-01-23T14:57:23Z,2.576
2026-01-23T14:59:18Z,2.9517
2026-01-23T14:59:59Z,2.6549
2026-01-23T15:01:35Z,3.3107
2026-01-23T15:06:43Z,2.5369
2026-01-23T15:07:24Z,2.6858
2026-01-23T15:10:14Z,2.9746
2026-01-23T15:13:18Z,2.5186
2026-01-23T15:32:41Z,2.1771
2026-01-23T16:04:58Z,2.9591
2026-01-23T16:23:56Z,2.6795
2026-01-23T16:27:38Z,2.6834
2026-01-23T16:34:53Z,1.48
2026-01-23T16:42:13Z,2.957
2026-01-23T16:47:59Z,2.048
2026-01-23T17:02:42Z,2.6188
2026-01-23T17:34:51Z,2.1075
2026-01-23T17:51:49Z,3.3801
2026-01-23T17:52:29Z,3.3256
2026-01-23T17:55:54Z,3.0213
2026-01-23T18:07:40Z,2.3141
2026-01-23T18:23:17Z,1.5661
2026-01-23T18:26:38Z,3.0704
2026-01-23T18:38:47Z,2.4097
2026-01-23T18:44:18Z,2.3778
2026-01-23T19:06:53Z,2.2341
2026-01-23T19:14:57Z,3.1206
2026-01-23T19:18:27Z,2.471
2026-01-23T19:24:29Z,2.5887
2026-01-23T19:25:58Z,3.2257
2026-01-23T19:32:09Z,3.4065
2026-01-23T19:41:39Z,2.293
2026-01-23T19:56:29Z,2.8191
2026-01-23T20:17:50Z,3.269
2026-01-23T20:19:09Z,3.0804
2026-01-23T20:20:35Z,2.7476
2026-01-23T21:08:06Z,2.2673
2026-01-23T21:08:47Z,2.4896
2026-01-23T21:09:39Z,3.2035
2026-01-23T21:13:55Z,2.0088
2026-01-23T21:14:42Z,2.7177
2026-01-23T21:23:41Z,2.8357
2026-01-23T21:31:23Z,2.3384
2026-01-23T22:09:17Z,3.0727
2026-01-23T22:14:11Z,3.4586
2026-01-23T22:27:46Z,1.8849
2026-01-23T22:31:08Z,3.2921
2026-01-23T22:35:57Z,2.6
2026-01-23T22:36:17Z,2.5772
2026-01-23T23:03:14Z,2.9163
2026-01-23T23:14:02Z,1.8256
2026-01-23T23:27:32Z,2.8853
2026-01-23T23:47:36Z,3.1029
2026-01-23T23:58:36Z,2.2114
2026-01-24T00:38:01Z,2.399
2026-01-24T00:53:49Z,3.0991
2026-01-24T01:12:31Z,2.0256
2026-01-24T01:23:08Z,2.5343
2026-01-24T01:32:22Z,2.7597
2026-01-24T01:40:26Z,2.5456
2026-01-24T01:56:38Z,2.5023
2026-01-24T02:05:04Z,2.6498
2026-01-24T02:35:06Z,3.3525
2026-01-24T02:50:27Z,2.4087
2026-01-24T03:23:20Z,2.027
2026-01-24T03:24:26Z,3.3174
2026-01-24T03:26:20Z,2.6661
2026-01-24T03:44:34Z,2.4611
2026-01-24T04:00:14Z,2.7172
2026-01-24T04:25:24Z,2.2022
2026-01-24T04:26:47Z,2.2062
2026-01-24T04:34:05Z,2.8986
2026-01-24T04:34:50Z,3.0875
2026-01-24T04:41:26Z,2.6776
2026-01-24T04:49:46Z,3.2735
2026-01-24T04:54:21Z,2.0385
2026-01-24T04:58:16Z,2.638
2026-01-24T05:02:21Z,2.6759
2026-01-24T05:05:53Z,2.1099
2026-01-24T05:05:57Z,2.1352
2026-01-24T05:12:06Z,2.5941
2026-01-24T05:25:45Z,2.4825
2026-01-24T05:51:31Z,2.4997
2026-01-24T05:54:06Z,2.9501
2026-01-24T06:06:17Z,2.6358
2026-01-24T06:13:34Z,2.7798
2026-01-24T06:14:00Z,2.6288
2026-01-24T06:27:41Z,1.9808
2026-01-24T06:28:39Z,3.0727
2026-01-24T06:35:19Z,1.8834
2026-01-24T06:38:02Z,2.3652
2026-01-24T06:39:22Z,2.8689
2026-01-24T06:47:14Z,2.1048
2026-01-24T06:54:17Z,2.663
2026-01-24T07:29:41Z,2.6542
2026-01-24T07:31:28Z,2.4584
2026-01-24T07:34:50Z,3.1321
2026-01-24T07:36:31Z,1.7893
2026-01-24T07:55:47Z,3.1719
2026-01-24T07:59:13Z,2.8312
2026-01-24T08:03:10Z,2.9568
2026-01-24T08:11:28Z,1.9994
2026-01-24T08:17:59Z,2.672
2026-01-24T08:21:37Z,2.4825
2026-01-24T08:24:34Z,3.1893
2026-01-24T08:24:53Z,2.4899
2026-01-24T08:28:21Z,2.7436
2026-01-24T08:35:27Z,2.9518
2026-01-24T08:50:53Z,2.0448
2026-01-24T09:02:04Z,2.7465
2026-01-24T10:23:17Z,2.7505
2026-01-24T10:39:54Z,3.3134
2026-01-24T11:06:29Z,1.9683
2026-01-24T11:14:06Z,2.5144
2026-01-24T11:35:21Z,2.8124
2026-01-24T11:45:20Z,2.5817
2026-01-24T12:04:54Z,2.3575
2026-01-24T12:11:58Z,3.1734
2026-01-24T12:25:56Z,2.2769
2026-01-24T12:29:00Z,2.5241
2026-01-24T12:34:15Z,2.9413
2026-01-24T12:37:53Z,2.7964
2026-01-24T12:44:29Z,2.2954
2026-01-24T12:49:38Z,2.5118
2026-01-24T12:57:21Z,3.1259
2026-01-24T12:58:12Z,2.4246
2026-01-24T13:19:03Z,3.1814
2026-01-24T13:20:47Z,3.4538
2026-01-24T13:22:18Z,2.2036
2026-01-24T13:32:35Z,2.3315
2026-01-24T13:35:22Z,3.0064
2026-01-24T13:40:45Z,3.3919
2026-01-24T13:57:26Z,2.3278
2026-01-24T14:06:47Z,2.8502
2026-01-24T14:17:23Z,1.7997
2026-01-24T14:26:28Z,3.7034
2026-01-24T14:35:30Z,3.3744
2026-01-24T15:11:19Z,3.0123
2026-01-24T15:17:50Z,2.2489
2026-01-24T15:17:53Z,1.8526
2026-01-24T15:19:20Z,3.2344
2026-01-24T15:27:27Z,2.5723
2026-01-24T15:31:46Z,2.8054
2026-01-24T15:34:09Z,2.7148
2026-01-24T15:37:34Z,2.9954
2026-01-24T15:41:54Z,2.5662
2026-01-24T15:46:59Z,2.3206
2026-01-24T15:48:25Z,3.2503
2026-01-24T15:49:18Z,2.9577
2026-01-24T15:53:56Z,2.8298
2026-01-24T15:59:15Z,2.6309
2026-01-24T16:04:24Z,2.2356
2026-01-24T16:09:57Z,2.1811
2026-01-24T16:13:05Z,2.6893
2026-01-24T16:13:11Z,3.1776
2026-01-24T16:24:07Z,2.6387
2026-01-24T16:43:47Z,2.8766
2026-01-24T17:02:21Z,2.1596
2026-01-24T17:17:23Z,2.9064
2026-01-24T17:33:26Z,2.3896
2026-01-24T17:38:59Z,2.179
2026-01-24T17:53:39Z,1.9303
2026-01-24T18:07:34Z,2.5161
2026-01-24T18:28:49Z,2.8199
2026-01-24T19:00:19Z,2.572
2026-01-24T19:22:09Z,2.6732
2026-01-24T19:39:45Z,2.507
2026-01-24T19:51:55Z,2.7944
2026-01-24T19:57:19Z,2.3931
2026-01-24T20:05:34Z,2.8878
2026-01-24T20:10:19Z,2.7922
2026-01-24T20:15:24Z,2.583
2026-01-24T20:28:03Z,3.0167
2026-01-24T20:47:06Z,2.5133
2026-01-24T21:11:30Z,3.1933
2026-01-24T21:26:09Z,3.4317
2026-01-24T22:03:44Z,2.9051
2026-01-24T22:22:47Z,3.1902
2026-01-24T22:28:00Z,3.4043
2026-01-24T22:56:11Z,2.3262
2026-01-24T23:01:00Z,2.8596
2026-01-24T23:04:57Z,2.6246
2026-01-24T23:13:08Z,2.456
2026-01-24T23:20:42Z,2.1851
2026-01-24T23:25:56Z,2.5508
2026-01-24T23:28:44Z,2.222
2026-01-24T23:33:49Z,3.4398
2026-01-24T23:42:52Z,1.8788
2026-01-25T00:05:16Z,2.794
2026-01-25T00:17:35Z,2.4992
2026-01-25T00:18:32Z,2.4472
2026-01-25T00:26:02Z,2.1918
2026-01-25T00:37:10Z,3.0576
2026-01-25T00:42:42Z,2.4934
2026-01-25T00:51:10Z,2.5037
2026-01-25T00:53:37Z,3.0592
2026-01-25T01:16:31Z,1.8868
2026-01-25T01:21:04Z,2.7305
2026-01-25T01:34:21Z,2.5017
2026-01-25T01:37:35Z,2.2813
2026-01-25T01:45:47Z,2.4428
2026-01-25T01:51:58Z,2.3875
2026-01-25T01:56:11Z,2.155
2026-01-25T02:07:57Z,2.4207
2026-01-25T02:08:49Z,2.1876
2026-01-25T02:11:23Z,3.2067
2026-01-25T02:14:31Z,3.584
2026-01-25T02:28:47Z,2.6032
2026-01-25T02:33:21Z,2.7945
2026-01-25T02:34:07Z,2.0358
2026-01-25T03:05:44Z,2.1003
2026-01-25T03:09:42Z,3.6868
2026-01-25T03:14:15Z,3.1616
2026-01-25T03:31:09Z,2.74
2026-01-25T03:48:02Z,2.5978
2026-01-25T03:59:29Z,2.8136
2026-01-25T04:08:42Z,2.0601
2026-01-25T04:15:40Z,3.2408
2026-01-25T05:00:53Z,2.2283
2026-01-25T05:14:08Z,2.1253
2026-01-25T05:16:54Z,2.7305
2026-01-25T05:31:59Z,2.3023
2026-01-25T05:33:50Z,2.3054
2026-01-25T05:41:14Z,2.1372
2026-01-25T05:55:10Z,2.2543
2026-01-25T06:10:44Z,2.5301
2026-01-25T06:29:49Z,2.6277
2026-01-25T06:31:12Z,3.021
2026-01-25T06:32:39Z,2.5148
2026-01-25T06:39:40Z,2.8494
2026-01-25T06:43:19Z,2.1907
2026-01-25T06:46:23Z,2.6497
2026-01-25T07:08:09Z,1.9919
2026-01-25T07:13:29Z,2.7361
2026-01-25T07:16:22Z,2.2461
2026-01-25T07:34:19Z,3.0307
2026-01-25T08:02:51Z,2.6721
2026-01-25T08:14:29Z,1.7223
2026-01-25T08:39:42Z,2.6501
2026-01-25T08:44:51Z,2.8816
2026-01-25T08:49:35Z,2.5196
2026-01-25T09:06:10Z,2.7978
2026-01-25T09:09:47Z,3.1956
2026-01-25T09:11:34Z,2.4179
2026-01-25T09:48:08Z,2.8972
2026-01-25T09:49:46Z,2.6916
2026-01-25T09:56:39Z,2.5557
2026-01-25T09:57:27Z,2.9475
2026-01-25T09:57:42Z,2.3258
2026-01-25T09:59:20Z,2.0359
2026-01-25T10:05:03Z,2.6987
2026-01-25T10:08:35Z,2.1904
2026-01-25T10:11:59Z,3.4546
2026-01-25T10:28:52Z,2.7386
2026-01-25T10:44:17Z,2.5816
2026-01-25T11:06:17Z,3.116
2026-01-25T11:09:02Z,2.3154
2026-01-25T11:29:13Z,2.0551
2026-01-25T11:35:50Z,2.3909
2026-01-25T11:36:58Z,2.5184
2026-01-25T11:44:03Z,3.1567
2026-01-25T11:48:51Z,2.4935
2026-01-25T11:53:16Z,3.2836
2026-01-25T12:35:18Z,2.2566
2026-01-25T12:40:55Z,2.3116
2026-01-25T12:46:45Z,1.6843
2026-01-25T12:47:33Z,1.8007
2026-01-25T12:54:53Z,2.772
2026-01-25T12:58:05Z,2.3409
2026-01-25T13:05:11Z,2.0877
2026-01-25T13:10:23Z,1.9983
2026-01-25T13:43:51Z,2.5082
2026-01-25T13:45:11Z,3.1614
2026-01-25T13:48:39Z,2.1439
2026-01-25T14:07:04Z,2.3033
2026-01-25T14:14:12Z,2.3445
2026-01-25T14:15:09Z,2.1814
2026-01-25T14:16:46Z,2.2162
2026-01-25T14:26:28Z,2.0536
2026-01-25T14:38:01Z,2.3895
2026-01-25T14:43:56Z,2.013
2026-01-25T14:54:49Z,3.3145
2026-01-25T15:03:22Z,3.6662
2026-01-25T15:09:58Z,2.4836
2026-01-25T15:16:35Z,2.2764
2026-01-25T15:17:04Z,2.052
2026-01-25T15:20:28Z,2.6214
2026-01-25T15:23:49Z,2.301
2026-01-25T15:27:10Z,2.1182
2026-01-25T15:27:29Z,2.746
2026-01-25T15:30:34Z,2.6539
2026-01-25T15:43:25Z,3.5721
2026-01-25T15:51:39Z,2.6685
2026-01-25T16:01:27Z,2.433
2026-01-25T16:02:24Z,2.5726
2026-01-25T16:03:45Z,2.5635
2026-01-25T16:13:48Z,3.557
2026-01-25T16:17:19Z,2.3415
2026-01-25T16:24:24Z,3.0091
2026-01-25T16:39:08Z,3.34
2026-01-25T16:40:08Z,3.4757
2026-01-25T16:43:41Z,2.0399
2026-01-25T16:48:13Z,3.1318
2026-01-25T17:01:58Z,2.2284
2026-01-25T17:26:29Z,3.1019
2026-01-25T17:30:52Z,2.632
2026-01-25T17:38:56Z,1.7174
2026-01-25T17:49:22Z,3.1776
2026-01-25T18:30:10Z,3.0655
2026-01-25T18:46:52Z,2.5157
2026-01-25T19:19:29Z,2.2321
2026-01-25T19:28:32Z,2.6925
2026-01-25T19:30:06Z,2.5144
2026-01-25T19:45:28Z,3.2193
2026-01-25T19:51:59Z,2.3847
2026-01-25T20:07:05Z,2.9013
2026-01-25T20:35:18Z,2.7109
2026-01-25T20:40:08Z,2.1128
2026-01-25T20:56:49Z,2.7879
2026-01-25T21:05:42Z,3.2985
2026-01-25T21:16:34Z,3.1007
2026-01-25T21:19:26Z,3.3347
2026-01-25T21:32:25Z,2.0835
2026-01-25T21:41:26Z,3.0633
2026-01-25T21:49:11Z,2.9171
2026-01-25T21:53:02Z,3.1468
2026-01-25T22:03:33Z,2.9739
2026-01-25T22:06:14Z,2.8237
2026-01-25T22:11:22Z,1.7303
2026-01-25T22:22:42Z,2.6102
2026-01-25T22:34:06Z,2.2935
2026-01-25T23:07:51Z,2.9534
2026-01-25T23:13:18Z,2.4593
2026-01-25T23:32:42Z,2.816
2026-01-25T23:39:23Z,3.1333
2026-01-25T23:41:18Z,3.043
2026-01-25T23:47:27Z,2.9299
2026-01-25T23:55:42Z,2.8024
2026-01-25T23:56:49Z,3.1448
2026-01-26T00:01:08Z,3.0092
2026-01-26T00:07:04Z,2.6884
2026-01-26T00:12:01Z,2.4771
2026-01-26T00:34:43Z,2.7432
2026-01-26T00:36:48Z,2.0939
2026-01-26T00:49:23Z,3.464
2026-01-26T01:11:08Z,2.8663
2026-01-26T01:11:28Z,2.3244
2026-01-26T01:13:22Z,3.0784
2026-01-26T01:14:28Z,2.7631
2026-01-26T01:26:52Z,2.4072
2026-01-26T01:31:02Z,2.3205
2026-01-26T01:40:02Z,2.4205
2026-01-26T01:41:37Z,2.7971
2026-01-26T01:52:14Z,2.5168
2026-01-26T02:16:15Z,2.5542
2026-01-26T02:50:35Z,2.8858
2026-01-26T03:05:27Z,2.6477
2026-01-26T03:34:47Z,2.5662
2026-01-26T03:39:46Z,2.9834
2026-01-26T03:40:05Z,2.2626
2026-01-26T03:53:10Z,2.4613
2026-01-26T03:58:09Z,2.7147
2026-01-26T03:59:10Z,3.1483
2026-01-26T04:12:50Z,2.4236
2026-01-26T04:18:06Z,3.8835
2026-01-26T04:19:17Z,3.1045
2026-01-26T04:59:25Z,2.8337
2026-01-26T05:02:58Z,2.6963
2026-01-26T05:20:27Z,2.5616
2026-01-26T05:20:57Z,2.5249
2026-01-26T05:23:45Z,2.1998
2026-01-26T05:27:07Z,3.4553
2026-01-26T05:50:20Z,3.3464
2026-01-26T05:50:34Z,2.9844
2026-01-26T06:00:30Z,3.221
2026-01-26T06:21:01Z,2.4926
2026-01-26T06:39:21Z,2.499
2026-01-26T07:15:07Z,2.656
2026-01-26T07:20:21Z,2.4855
2026-01-26T07:24:39Z,2.3917
2026-01-26T07:26:26Z,2.4325
2026-01-26T07:28:16Z,2.344
2026-01-26T07:30:14Z,3.1985
2026-01-26T07:37:15Z,3.0765
2026-01-26T07:52:42Z,3.2656
2026-01-26T07:58:16Z,3.4109
2026-01-26T08:20:02Z,2.728
2026-01-26T08:26:29Z,3.1057
2026-01-26T08:38:44Z,2.5843
2026-01-26T09:03:57Z,3.0801
2026-01-26T09:32:03Z,2.894
2026-01-26T09:34:00Z,3.0825
2026-01-26T09:36:22Z,3.1553
2026-01-26T09:47:56Z,2.6725
2026-01-26T09:53:31Z,3.11
2026-01-26T10:05:18Z,2.6475
2026-01-26T10:06:20Z,2.742
2026-01-26T10:29:59Z,3.2501
2026-01-26T10:32:38Z,2.8513
2026-01-26T10:40:00Z,1.9954
2026-01-26T10:40:36Z,3.781
2026-01-26T10:42:43Z,2.4971
2026-01-26T10:56:58Z,2.3524
2026-01-26T10:57:27Z,2.7097
2026-01-26T11:26:32Z,3.206
2026-01-26T11:31:30Z,2.316
2026-01-26T11:40:26Z,2.5265
2026-01-26T11:41:31Z,3.1313
2026-01-26T11:43:35Z,3.1079
2026-01-26T11:45:58Z,2.6556
2026-01-26T11:46:01Z,2.1827
2026-01-26T12:05:15Z,2.6254
2026-01-26T12:08:23Z,2.8752
2026-01-26T12:18:01Z,4.0288
2026-01-26T12:24:56Z,2.6393
2026-01-26T12:35:52Z,2.5238
2026-01-26T12:43:37Z,2.9238
2026-01-26T12:47:01Z,2.3877
2026-01-26T12:55:01Z,2.7364
2026-01-26T12:59:17Z,2.337
2026-01-26T13:02:03Z,2.19
2026-01-26T13:11:25Z,2.4107
2026-01-26T13:49:29Z,3.0802
2026-01-26T13:55:38Z,2.9257
2026-01-26T14:00:27Z,2.542
2026-01-26T14:13:51Z,2.5118
2026-01-26T14:27:25Z,2.6759
2026-01-26T14:28:30Z,2.0455
2026-01-26T14:33:00Z,1.677
2026-01-26T14:36:19Z,2.9166
2026-01-26T14:39:19Z,2.6761
2026-01-26T15:35:24Z,2.4461
2026-01-26T15:41:19Z,1.8946
2026-01-26T16:00:32Z,1.8225
2026-01-26T16:04:24Z,2.6352
2026-01-26T16:04:27Z,2.7947
2026-01-26T16:07:21Z,3.0037
2026-01-26T16:14:22Z,2.6216
2026-01-26T16:19:47Z,2.8787
2026-01-26T16:50:38Z,3.7886
2026-01-26T16:51:51Z,3.1904
2026-01-26T17:02:05Z,2.4708
2026-01-26T17:02:15Z,2.526
2026-01-26T17:12:48Z,3.555
2026-01-26T17:14:20Z,2.1154
2026-01-26T17:20:32Z,1.8271
2026-01-26T17:40:40Z,2.1234
2026-01-26T17:51:25Z,2.748
2026-01-26T18:03:34Z,2.1694
2026-01-26T18:07:11Z,2.1166
2026-01-26T18:09:52Z,3.4493
2026-01-26T18:12:20Z,2.5488
2026-01-26T18:17:01Z,2.5236
2026-01-26T18:18:08Z,2.2443
2026-01-26T18:25:08Z,2.1265
2026-01-26T18:33:33Z,2.5376
2026-01-26T18:38:35Z,2.5051
2026-01-26T18:49:15Z,2.0528
2026-01-26T19:00:15Z,2.0326
2026-01-26T19:00:33Z,3.3935
2026-01-26T19:07:52Z,2.3102
2026-01-26T19:14:17Z,2.3502
2026-01-26T19:29:57Z,3.3586
2026-01-26T19:39:26Z,2.5171
2026-01-26T19:39:43Z,2.6747
2026-01-26T19:57:09Z,2.4891
2026-01-26T20:14:56Z,2.3366
2026-01-26T20:42:04Z,2.7154
2026-01-26T20:50:00Z,2.0813
2026-01-26T20:53:03Z,3.2409
2026-01-26T20:57:45Z,3.0932
2026-01-26T20:59:18Z,1.72
2026-01-26T21:06:52Z,1.9633
2026-01-26T21:09:18Z,2.8615
2026-01-26T21:35:12Z,2.2769
2026-01-26T21:36:54Z,2.9378
2026-01-26T21:43:08Z,2.7263
2026-01-26T21:44:44Z,3.254
2026-01-26T21:47:04Z,3.1352
2026-01-26T21:47:47Z,3.1159
2026-01-26T21:50:45Z,2.542
2026-01-26T21:58:08Z,2.9299
2026-01-26T22:18:31Z,2.8285
2026-01-26T22:21:48Z,1.8035
2026-01-26T22:35:22Z,2.432
2026-01-26T22:41:41Z,2.9732
2026-01-26T22:42:27Z,2.2691
2026-01-26T22:47:09Z,3.3612
2026-01-26T22:59:19Z,2.7227
2026-01-26T23:06:36Z,3.105
2026-01-26T23:28:20Z,2.5828
2026-01-26T23:33:09Z,2.9197
2026-01-26T23:46:35Z,2.276
2026-01-26T23:53:34Z,2.244
2026-01-27T00:19:13Z,2.0569
2026-01-27T00:23:51Z,2.1005
2026-01-27T00:29:50Z,2.0649
2026-01-27T00:31:26Z,2.075
2026-01-27T00:43:00Z,2.7299
2026-01-27T00:44:47Z,2.2449
2026-01-27T00:47:27Z,2.6703
2026-01-27T01:06:33Z,2.2408
2026-01-27T01:08:51Z,1.8485
2026-01-27T01:11:48Z,2.9945
2026-01-27T01:13:29Z,3.1359
2026-01-27T01:18:30Z,2.8617
2026-01-27T01:41:58Z,2.4553
2026-01-27T01:53:43Z,3.3251
2026-01-27T02:01:32Z,2.0665
2026-01-27T02:05:54Z,2.3773
2026-01-27T02:20:56Z,2.2002
2026-01-27T02:25:13Z,2.4946
2026-01-27T02:30:09Z,1.711
2026-01-27T02:36:43Z,2.6526
2026-01-27T02:40:36Z,2.0393
2026-01-27T02:44:07Z,3.0719
2026-01-27T02:47:07Z,2.7868
2026-01-27T02:49:29Z,2.342
2026-01-27T02:50:51Z,2.8094
2026-01-27T02:51:22Z,1.6993
2026-01-27T02:53:48Z,3.3475
2026-01-27T03:00:26Z,2.644
2026-01-27T03:09:07Z,2.5693
2026-01-27T03:14:47Z,2.4449
2026-01-27T03:26:03Z,3.0262
2026-01-27T03:29:01Z,2.8865
2026-01-27T03:32:33Z,3.016
2026-01-27T03:41:30Z,2.1916
2026-01-27T03:49:09Z,2.9899
2026-01-27T03:50:07Z,2.9554
2026-01-27T03:50:52Z,3.1376
2026-01-27T03:50:54Z,1.9703
2026-01-27T03:54:11Z,3.6169
2026-01-27T04:05:24Z,2.7894
2026-01-27T04:06:36Z,2.1667
2026-01-27T04:08:35Z,3.397
2026-01-27T04:13:48Z,3.0517
2026-01-27T04:14:07Z,2.3223
2026-01-27T04:47:15Z,2.3912
2026-01-27T05:00:46Z,2.6762
2026-01-27T05:22:46Z,2.7433
2026-01-27T06:14:05Z,2.9264
2026-01-27T06:46:34Z,2.4403
2026-01-27T06:54:47Z,2.8391
2026-01-27T06:55:59Z,2.172
2026-01-27T07:12:00Z,2.1051
2026-01-27T07:12:57Z,2.3264
2026-01-27T07:33:18Z,1.7018
2026-01-27T07:42:38Z,1.9829
2026-01-27T07:44:48Z,3.687
2026-01-27T08:28:54Z,3.2262
2026-01-27T08:33:33Z,2.3389
2026-01-27T08:36:50Z,3.0012
2026-01-27T08:44:42Z,1.8634
2026-01-27T08:52:10Z,2.9249
2026-01-27T08:58:50Z,2.6854
2026-01-27T09:12:59Z,2.7705
2026-01-27T09:19:48Z,2.3163
2026-01-27T09:22:45Z,2.0177
2026-01-27T09:39:55Z,2.6905
2026-01-27T09:46:40Z,3.203
2026-01-27T09:47:29Z,2.4151
2026-01-27T09:48:40Z,3.0041
2026-01-27T10:04:41Z,2.9152
2026-01-27T10:20:14Z,2.5885
2026-01-27T10:24:59Z,2.7737
2026-01-27T10:25:36Z,1.92
2026-01-27T10:45:41Z,2.6612
2026-01-27T10:50:29Z,3.1396
2026-01-27T10:59:37Z,2.1213
2026-01-27T11:08:03Z,2.6468
2026-01-27T11:10:58Z,3.2557
2026-01-27T11:24:03Z,2.4579
2026-01-27T11:27:25Z,3.1137
2026-01-27T11:31:49Z,3.0285
2026-01-27T11:36:09Z,2.7144
2026-01-27T11:37:45Z,3.4209
2026-01-27T11:47:41Z,3.0224
2026-01-27T12:03:12Z,2.5517
2026-01-27T12:05:06Z,2.7371
2026-01-27T12:13:37Z,3.4775
2026-01-27T12:19:48Z,1.8973
2026-01-27T12:42:28Z,2.7335
2026-01-27T12:42:59Z,2.5186
2026-01-27T13:00:45Z,2.615
2026-01-27T13:11:59Z,2.5696
2026-01-27T13:16:13Z,2.214
2026-01-27T13:18:08Z,2.8902
2026-01-27T13:44:18Z,3.4207
2026-01-27T13:47:30Z,2.4733
2026-01-27T14:00:06Z,2.0517
2026-01-27T14:24:54Z,2.7606
2026-01-27T14:30:55Z,2.2504
2026-01-27T14:34:33Z,3.3093
2026-01-27T15:14:07Z,2.1972
2026-01-27T15:28:45Z,2.8788
2026-01-27T15:31:48Z,2.2535
2026-01-27T15:36:15Z,2.5431
2026-01-27T15:37:44Z,2.5576
2026-01-27T15:40:34Z,2.5646
2026-01-27T15:42:54Z,2.6637
2026-01-27T15:47:09Z,2.5875
2026-01-27T15:47:48Z,2.6427
2026-01-27T15:52:24Z,3.5647
2026-01-27T15:53:32Z,1.816
2026-01-27T16:03:34Z,3.3276
2026-01-27T16:19:47Z,2.1168
2026-01-27T16:22:11Z,2.658
2026-01-27T16:24:24Z,1.912
2026-01-27T16:27:08Z,2.4266
2026-01-27T16:39:11Z,2.9119
2026-01-27T16:43:25Z,2.9615
2026-01-27T16:44:11Z,2.558
2026-01-27T16:45:56Z,3.3067
2026-01-27T17:01:25Z,2.614
2026-01-27T17:09:27Z,3.0026
2026-01-27T17:12:06Z,2.047
2026-01-27T17:13:05Z,1.9921
2026-01-27T17:23:43Z,2.9706
2026-01-27T17:47:00Z,3.0043
2026-01-27T17:50:34Z,2.6252
2026-01-27T17:55:18Z,2.6854
2026-01-27T17:59:48Z,3.088
2026-01-27T18:01:13Z,2.8278
2026-01-27T18:01:18Z,2.3892
2026-01-27T18:09:24Z,1.7592
2026-01-27T18:16:54Z,2.8834
2026-01-27T18:53:54Z,2.528
2026-01-27T19:05:01Z,2.4405
2026-01-27T19:24:49Z,2.5071
2026-01-27T19:24:54Z,3.2853
2026-01-27T19:25:28Z,2.7857
2026-01-27T19:43:04Z,2.6026
2026-01-27T19:48:43Z,3.0002
2026-01-27T19:50:47Z,2.296
2026-01-27T19:51:11Z,2.4075
2026-01-27T19:53:14Z,2.2981
2026-01-27T19:54:19Z,1.9844
2026-01-27T20:43:07Z,2.6526
2026-01-27T20:43:11Z,3.0946
2026-01-27T20:54:28Z,3.0166
2026-01-27T21:02:07Z,2.5081
2026-01-27T21:07:10Z,3.3912
2026-01-27T21:26:43Z,2.5174
2026-01-27T21:46:33Z,2.6785
2026-01-27T21:57:29Z,2.8911
2026-01-27T22:05:04Z,2.6676
2026-01-27T22:15:04Z,2.1421
2026-01-27T22:17:08Z,2.9267
2026-01-27T22:23:40Z,2.8488
2026-01-27T22:33:59Z,2.9774
2026-01-27T22:34:43Z,2.4119
2026-01-27T22:36:36Z,3.0778
2026-01-27T22:37:55Z,2.6093
2026-01-27T22:39:11Z,2.7277
2026-01-27T22:51:39Z,2.3111
2026-01-27T22:51:42Z,2.3189
2026-01-27T23:45:23Z,2.891
2026-01-28T00:08:47Z,2.6267
2026-01-28T00:16:46Z,2.6543
2026-01-28T00:17:59Z,2.3429
2026-01-28T00:26:54Z,2.2957
2026-01-28T00:28:54Z,2.9119
2026-01-28T00:29:25Z,2.3974
2026-01-28T00:30:35Z,2.2733
2026-01-28T00:39:47Z,2.7114
2026-01-28T01:01:51Z,2.2698
2026-01-28T01:07:32Z,3.1564
2026-01-28T01:10:27Z,3.0019
2026-01-28T01:27:45Z,2.0406
2026-01-28T01:27:46Z,2.2406
2026-01-28T01:41:53Z,1.8061
2026-01-28T02:07:18Z,2.629
2026-01-28T02:31:01Z,2.9085
2026-01-28T02:45:28Z,2.9832
2026-01-28T02:48:29Z,2.6095
2026-01-28T02:54:30Z,2.4728
2026-01-28T03:00:44Z,3.1072
2026-01-28T03:13:20Z,2.3821
2026-01-28T03:29:44Z,3.3226
2026-01-28T03:30:53Z,1.781
2026-01-28T03:37:24Z,2.2116
2026-01-28T03:39:58Z,2.4411
2026-01-28T03:43:29Z,2.4487
2026-01-28T03:47:09Z,2.2128
2026-01-28T03:51:15Z,2.3269
2026-01-28T04:06:28Z,2.8084
2026-01-28T04:08:33Z,2.8621
2026-01-28T04:14:27Z,3.2389
2026-01-28T04:18:23Z,2.5722
2026-01-28T04:18:56Z,2.6268
2026-01-28T04:31:31Z,2.3996
2026-01-28T04:50:26Z,3.1851
2026-01-28T04:54:14Z,2.8611
2026-01-28T04:57:22Z,2.7624
2026-01-28T05:08:25Z,2.682
2026-01-28T05:28:49Z,2.7282
2026-01-28T05:29:13Z,2.3464
2026-01-28T05:32:58Z,3.144
2026-01-28T05:39:20Z,3.0704
2026-01-28T05:43:29Z,2.5282
2026-01-28T05:44:32Z,2.6684
2026-01-28T06:12:10Z,3.2611
2026-01-28T06:23:36Z,2.9136
2026-01-28T06:26:03Z,2.7602
2026-01-28T06:48:58Z,2.1993
2026-01-28T06:48:58Z,2.5088
2026-01-28T06:50:32Z,2.1579
2026-01-28T07:02:45Z,2.6929
2026-01-28T07:13:12Z,2.7471
2026-01-28T07:14:52Z,1.8763
2026-01-28T07:32:39Z,2.9333
2026-01-28T07:37:34Z,1.9836
2026-01-28T07:38:43Z,2.7908
2026-01-28T07:40:03Z,2.4357
2026-01-28T07:53:00Z,2.2849
2026-01-28T08:05:40Z,2.6691
2026-01-28T08:09:17Z,2.3686
2026-01-28T08:28:58Z,3.0901
2026-01-28T08:35:48Z,2.9855
2026-01-28T08:45:03Z,2.3929
2026-01-28T08:45:22Z,2.1414
2026-01-28T08:46:28Z,3.0177
2026-01-28T09:10:03Z,2.8198
2026-01-28T09:17:13Z,2.3877
2026-01-28T10:04:47Z,2.6347
2026-01-28T10:19:55Z,2.3796
2026-01-28T10:20:52Z,2.5513
2026-01-28T10:29:22Z,2.1493
2026-01-28T10:30:31Z,2.7561
2026-01-28T10:44:10Z,2.4694
2026-01-28T10:46:22Z,2.5717
2026-01-28T10:53:47Z,2.4362
2026-01-28T11:27:42Z,3.4122
2026-01-28T11:37:59Z,3.6098
2026-01-28T11:44:51Z,2.7255
2026-01-28T11:58:17Z,2.4908
2026-01-28T12:00:23Z,2.453
2026-01-28T12:02:11Z,2.6162
2026-01-28T12:16:10Z,3.5566
2026-01-28T12:16:50Z,2.8874
2026-01-28T12:19:13Z,3.4305
2026-01-28T12:26:30Z,3.2893
2026-01-28T12:32:46Z,2.0839
2026-01-28T12:38:25Z,1.4578
2026-01-28T12:44:05Z,2.7443
2026-01-28T12:47:23Z,2.9073
2026-01-28T12:52:02Z,2.5557
2026-01-28T13:19:05Z,2.3918
2026-01-28T13:21:30Z,2.5075
2026-01-28T13:25:02Z,2.2617
2026-01-28T13:27:42Z,2.9131
2026-01-28T13:35:51Z,2.8938
2026-01-28T13:53:29Z,2.2064
2026-01-28T14:00:55Z,2.7347
2026-01-28T14:11:25Z,2.0483
2026-01-28T14:24:42Z,2.951
2026-01-28T14:30:03Z,3.3334
2026-01-28T14:30:54Z,2.6303
2026-01-28T14:47:13Z,2.6813
2026-01-28T14:53:59Z,3.143
2026-01-28T16:06:43Z,3.0585
2026-01-28T16:09:43Z,2.2417
2026-01-28T16:24:38Z,3.5684
2026-01-28T16:29:03Z,2.5533
2026-01-28T16:46:31Z,3.005
2026-01-28T17:00:26Z,2.1349
2026-01-28T17:03:31Z,2.5694
2026-01-28T17:04:26Z,2.902
2026-01-28T17:10:59Z,2.5139
2026-01-28T17:26:39Z,2.5831
2026-01-28T17:36:31Z,2.8296
2026-01-28T17:36:39Z,3.1039
2026-01-28T17:54:18Z,2.9277
2026-01-28T17:56:14Z,1.7624
2026-01-28T18:24:41Z,2.6192
2026-01-28T18:29:55Z,2.3346
2026-01-28T18:43:53Z,2.5743
2026-01-28T18:46:19Z,2.5069
2026-01-28T19:37:14Z,3.0917
2026-01-28T19:39:33Z,2.4825
2026-01-28T19:41:29Z,2.7565
2026-01-28T19:55:30Z,2.8259
2026-01-28T19:58:11Z,2.9496
2026-01-28T20:02:05Z,2.787
2026-01-28T20:19:41Z,2.6536
2026-01-28T20:21:24Z,3.2637
2026-01-28T20:33:13Z,3.2473
2026-01-28T20:44:24Z,2.1083
2026-01-28T20:47:38Z,2.185
2026-01-28T21:20:39Z,2.7391
2026-01-28T21:36:07Z,2.5893
2026-01-28T21:51:43Z,1.8927
2026-01-28T21:56:43Z,2.3056
2026-01-28T21:57:53Z,2.3697
2026-01-28T21:58:53Z,2.9664
2026-01-28T22:11:08Z,3.5192
2026-01-28T22:33:45Z,3.015
2026-01-28T22:37:53Z,2.4613
2026-01-28T22:54:47Z,2.6677
2026-01-28T23:02:58Z,2.3786
2026-01-28T23:06:35Z,2.6998
2026-01-28T23:07:15Z,2.4105
2026-01-28T23:09:25Z,2.466
2026-01-28T23:14:57Z,2.5289
2026-01-28T23:20:29Z,3.3705
2026-01-28T23:27:38Z,2.777
2026-01-28T23:33:02Z,2.3598
2026-01-28T23:50:33Z,2.5159
2026-01-29T00:01:44Z,1.6899
2026-01-29T00:04:03Z,1.8818
2026-01-29T00:10:25Z,1.9221
2026-01-29T00:31:55Z,2.6654
2026-01-29T00:33:47Z,2.4125
2026-01-29T00:35:46Z,3.253
2026-01-29T00:36:10Z,2.6441
2026-01-29T00:57:54Z,2.3555
2026-01-29T01:19:24Z,2.5998
2026-01-29T01:41:47Z,2.1286
2026-01-29T02:17:30Z,2.6961
2026-01-29T02:26:25Z,3.285
2026-01-29T02:35:26Z,2.6351
2026-01-29T02:41:31Z,3.1324
2026-01-29T03:13:24Z,2.1657
2026-01-29T03:17:06Z,2.764
2026-01-29T03:23:46Z,2.4438
2026-01-29T03:26:14Z,2.7556
2026-01-29T03:32:21Z,2.596
2026-01-29T03:44:57Z,2.3436
2026-01-29T03:55:00Z,2.6201
2026-01-29T04:20:48Z,2.8796
2026-01-29T04:31:15Z,3.2942
2026-01-29T04:35:24Z,3.1916
2026-01-29T04:39:26Z,2.5969
2026-01-29T04:44:14Z,2.37
2026-01-29T05:14:20Z,2.7878
2026-01-29T05:17:44Z,2.6582
2026-01-29T05:18:15Z,2.4402
2026-01-29T05:22:40Z,2.3831
2026-01-29T05:24:05Z,2.4827
2026-01-29T05:25:14Z,1.9313
2026-01-29T05:52:00Z,2.2685
2026-01-29T06:03:03Z,2.7155
2026-01-29T06:21:26Z,2.2653
2026-01-29T06:25:49Z,1.8686
2026-01-29T06:33:25Z,2.7385
2026-01-29T06:36:13Z,2.3625
2026-01-29T06:37:17Z,2.8849
2026-01-29T06:49:08Z,2.9678
2026-01-29T06:53:15Z,2.6394
2026-01-29T06:57:56Z,2.4228
2026-01-29T07:22:37Z,3.3356
2026-01-29T07:22:40Z,3.0504
2026-01-29T07:57:32Z,2.9076
2026-01-29T08:02:22Z,2.8181
2026-01-29T08:06:21Z,2.5814
2026-01-29T08:28:33Z,2.4517
2026-01-29T08:28:52Z,2.7245
2026-01-29T08:29:35Z,2.3572
2026-01-29T09:23:46Z,2.5124
2026-01-29T09:28:10Z,1.6177
2026-01-29T09:36:22Z,2.2683
2026-01-29T09:37:59Z,2.6898
2026-01-29T09:46:55Z,2.5552
2026-01-29T10:04:54Z,2.6833
2026-01-29T10:07:34Z,2.5131
2026-01-29T10:12:36Z,2.1139
2026-01-29T10:15:30Z,1.6377
2026-01-29T10:20:39Z,2.3249
2026-01-29T10:20:50Z,2.5498
2026-01-29T10:27:42Z,2.2
2026-01-29T10:29:19Z,2.6575
2026-01-29T10:33:24Z,3.0816
2026-01-29T10:40:37Z,2.8792
2026-01-29T10:48:19Z,2.2899
2026-01-29T10:49:11Z,2.7556
2026-01-29T11:04:48Z,2.9343
2026-01-29T11:09:07Z,3.0129
2026-01-29T11:27:47Z,2.6357
2026-01-29T11:32:21Z,2.1659
2026-01-29T11:39:35Z,3.5111
2026-01-29T11:40:37Z,2.2154
2026-01-29T11:45:22Z,2.7973
2026-01-29T11:50:39Z,2.7904
2026-01-29T11:52:34Z,3.5152
2026-01-29T11:59:53Z,2.0599
2026-01-29T12:05:55Z,2.3733
2026-01-29T12:10:06Z,2.1601
2026-01-29T12:18:33Z,2.8121
2026-01-29T12:30:23Z,2.8745
2026-01-29T12:45:10Z,2.3104
2026-01-29T13:04:00Z,1.9648
2026-01-29T13:24:41Z,2.7685
2026-01-29T13:24:58Z,2.4051
2026-01-29T13:29:38Z,2.5212
2026-01-29T13:49:13Z,2.5177
2026-01-29T13:49:13Z,2.4632
2026-01-29T14:14:43Z,2.5937
2026-01-29T14:22:31Z,2.5216
2026-01-29T14:33:06Z,2.4405
2026-01-29T14:36:41Z,3.4029
2026-01-29T14:40:13Z,3.7557
2026-01-29T14:49:34Z,2.0269
2026-01-29T15:01:09Z,2.402
2026-01-29T15:13:08Z,2.7639
2026-01-29T15:20:40Z,2.4274
2026-01-29T15:35:46Z,2.2474
2026-01-29T15:40:19Z,3.2852
2026-01-29T15:41:35Z,2.5193
2026-01-29T15:50:40Z,2.6387
2026-01-29T15:53:45Z,1.672
2026-01-29T15:58:24Z,2.3675
2026-01-29T16:03:57Z,3.7331
2026-01-29T16:28:15Z,2.9969
2026-01-29T16:35:52Z,2.6295
2026-01-29T16:37:52Z,3.0146
2026-01-29T16:38:57Z,2.7084
2026-01-29T16:39:49Z,2.8893
2026-01-29T17:17:58Z,2.6824
2026-01-29T17:39:15Z,2.3905
2026-01-29T17:53:53Z,2.6522
2026-01-29T17:57:58Z,2.9784
2026-01-29T18:04:54Z,3.2236
2026-01-29T18:05:26Z,2.6339
2026-01-29T18:06:21Z,2.3741
2026-01-29T18:18:52Z,2.4901
2026-01-29T18:28:01Z,1.7992
2026-01-29T18:40:49Z,2.2201
2026-01-29T19:02:00Z,2.5666
2026-01-29T19:06:50Z,2.8335
2026-01-29T19:34:18Z,3.1291
2026-01-29T19:36:26Z,2.579
2026-01-29T20:02:34Z,2.7758
2026-01-29T20:03:32Z,2.6794
2026-01-29T20:42:11Z,2.7794
2026-01-29T20:51:07Z,3.0578
2026-01-29T21:06:27Z,2.446
2026-01-29T21:43:22Z,1.9106
2026-01-29T21:52:03Z,2.6249
2026-01-29T22:09:09Z,1.1821
2026-01-29T22:11:28Z,2.4796
2026-01-29T22:41:33Z,2.0824
2026-01-29T22:43:41Z,2.7884
2026-01-29T22:49:16Z,2.6567
2026-01-29T22:52:32Z,3.0375
2026-01-29T23:00:07Z,2.9127
2026-01-29T23:40:51Z,2.5081
2026-01-29T23:49:26Z,1.7372
2026-01-30T00:01:56Z,2.9742
2026-01-30T00:05:13Z,2.8883
2026-01-30T00:11:29Z,2.723
2026-01-30T00:18:42Z,2.5649
2026-01-30T00:18:49Z,2.8255
2026-01-30T00:26:32Z,2.7215
2026-01-30T00:38:34Z,2.3018
2026-01-30T00:46:06Z,2.2479
2026-01-30T00:48:18Z,2.4536
2026-01-30T01:06:54Z,2.3141
2026-01-30T01:16:22Z,2.5056
2026-01-30T01:24:12Z,2.4978
2026-01-30T01:28:51Z,2.705
2026-01-30T01:34:13Z,2.387
2026-01-30T02:06:30Z,2.0128
2026-01-30T02:10:55Z,2.2965
2026-01-30T02:36:18Z,2.3115
2026-01-30T02:41:20Z,2.9094
2026-01-30T02:43:28Z,2.7154
2026-01-30T02:56:57Z,2.2027
2026-01-30T03:01:43Z,2.6839
2026-01-30T03:05:16Z,2.6579
2026-01-30T03:16:25Z,1.786
2026-01-30T03:19:18Z,3.133
2026-01-30T03:22:37Z,3.2193
2026-01-30T03:26:12Z,2.5626
2026-01-30T03:27:29Z,2.2717
2026-01-30T03:28:46Z,2.2629
2026-01-30T03:36:32Z,2.0824
2026-01-30T03:41:29Z,3.5168
2026-01-30T03:41:35Z,2.9458
2026-01-30T04:01:30Z,2.9994
2026-01-30T04:09:24Z,2.5459
2026-01-30T04:26:36Z,2.5852
2026-01-30T04:30:09Z,2.5712
2026-01-30T04:32:43Z,2.8824
2026-01-30T04:41:32Z,2.7083
2026-01-30T05:07:07Z,3.2564
2026-01-30T05:26:28Z,2.22
2026-01-30T05:31:34Z,2.2505
2026-01-30T05:32:26Z,2.4221
2026-01-30T05:46:26Z,2.3827
2026-01-30T05:49:34Z,2.474
2026-01-30T05:53:13Z,2.9097
2026-01-30T06:08:46Z,1.7785
2026-01-30T06:11:40Z,2.7537
2026-01-30T06:20:49Z,2.6748
2026-01-30T06:29:39Z,1.9905
2026-01-30T06:36:34Z,2.9522
2026-01-30T06:45:29Z,2.4117
2026-01-30T07:25:06Z,2.7699
2026-01-30T07:25:46Z,1.753
2026-01-30T07:26:18Z,2.5762
2026-01-30T07:36:00Z,3.0112
2026-01-30T07:38:21Z,3.0294
2026-01-30T07:41:57Z,3.3896
2026-01-30T07:49:55Z,1.8649
2026-01-30T07:55:35Z,2.9947
2026-01-30T08:06:46Z,1.7562
2026-01-30T08:14:57Z,2.2852
2026-01-30T08:15:56Z,2.8893
2026-01-30T08:38:39Z,2.3635
2026-01-30T08:41:56Z,3.1955
2026-01-30T08:44:37Z,2.844
2026-01-30T08:54:09Z,3.5957
2026-01-30T08:55:00Z,2.6614
2026-01-30T09:05:39Z,3.1732
2026-01-30T09:07:00Z,3.3209
2026-01-30T09:10:35Z,2.7006
2026-01-30T09:11:19Z,2.1136
2026-01-30T09:18:22Z,3.0715
2026-01-30T09:33:25Z,2.4312
2026-01-30T09:39:00Z,3.0054
2026-01-30T09:48:23Z,3.0139
2026-01-30T09:50:06Z,2.227
2026-01-30T09:50:45Z,3.1359
2026-01-30T10:04:18Z,2.6927
2026-01-30T10:04:47Z,2.0906
2026-01-30T10:39:13Z,2.5317
2026-01-30T10:40:46Z,2.8955
2026-01-30T10:52:23Z,2.8279
2026-01-30T10:59:52Z,2.2247
2026-01-30T11:12:35Z,3.456
2026-01-30T11:17:29Z,2.4122
2026-01-30T11:20:43Z,3.3666
2026-01-30T11:25:13Z,2.418
2026-01-30T11:27:29Z,2.9507
2026-01-30T12:06:53Z,2.6703
2026-01-30T12:14:42Z,3.1068
2026-01-30T12:51:15Z,1.7361
2026-01-30T13:06:36Z,2.8491
2026-01-30T13:07:17Z,2.7389
2026-01-30T13:11:19Z,2.3356
2026-01-30T13:14:00Z,2.9223
2026-01-30T13:14:15Z,1.7828
2026-01-30T13:16:17Z,2.9348
2026-01-30T13:40:46Z,2.4062
2026-01-30T14:03:18Z,2.6838
2026-01-30T14:07:06Z,2.7281
2026-01-30T14:18:39Z,2.494
2026-01-30T14:21:24Z,3.1211
2026-01-30T14:37:35Z,3.1286
2026-01-30T14:37:37Z,1.9831
2026-01-30T14:42:36Z,2.6864
2026-01-30T14:59:10Z,2.4044
2026-01-30T15:09:09Z,2.9427
2026-01-30T15:46:57Z,2.7577
2026-01-30T15:56:31Z,2.1965
2026-01-30T16:06:53Z,3.1696
2026-01-30T16:11:06Z,2.3516
2026-01-30T16:18:09Z,2.8119
2026-01-30T16:39:38Z,2.0614
2026-01-30T16:41:24Z,2.2517
2026-01-30T17:01:33Z,2.2987
2026-01-30T17:02:38Z,2.7874
2026-01-30T17:03:53Z,2.6272
2026-01-30T17:56:01Z,2.9289
2026-01-30T18:13:57Z,2.1927
2026-01-30T18:15:03Z,1.8318
2026-01-30T18:20:40Z,2.9595
2026-01-30T18:23:18Z,2.7704
2026-01-30T18:30:00Z,2.8746
2026-01-30T18:34:10Z,2.7598
2026-01-30T18:36:23Z,2.5453
2026-01-30T18:38:53Z,2.7462
2026-01-30T18:49:46Z,3.4064
2026-01-30T18:53:10Z,2.735
2026-01-30T18:59:34Z,2.0442
2026-01-30T19:10:01Z,3.1488
2026-01-30T19:25:01Z,2.7326
2026-01-30T19:32:36Z,2.881
2026-01-30T19:33:04Z,2.7711
2026-01-30T19:39:34Z,2.8709
2026-01-30T19:42:34Z,2.8047
2026-01-30T19:44:29Z,3.3578
2026-01-30T19:51:09Z,2.0897
2026-01-30T19:53:50Z,1.8446
2026-01-30T20:01:45Z,2.614
2026-01-30T20:30:41Z,2.4035
2026-01-30T20:51:37Z,2.0443
2026-01-30T20:53:34Z,2.0377
2026-01-30T20:55:39Z,2.2454
2026-01-30T21:05:17Z,2.6318
2026-01-30T21:18:41Z,2.1953
2026-01-30T22:03:36Z,1.93
2026-01-30T22:05:04Z,2.4018
2026-01-30T22:11:37Z,2.7938
2026-01-30T22:11:44Z,2.511
2026-01-30T22:22:03Z,2.7209
2026-01-30T22:31:22Z,2.3179
2026-01-30T22:31:55Z,2.9841
2026-01-30T23:58:20Z,1.9381
2026-01-30T23:58:30Z,2.745
2026-01-31T00:01:07Z,2.5277
2026-01-31T00:02:27Z,2.5984
2026-01-31T00:03:44Z,2.1432
2026-01-31T00:08:17Z,1.79
2026-01-31T00:14:35Z,2.3844
2026-01-31T00:16:00Z,2.5698
2026-01-31T00:16:39Z,2.9837
2026-01-31T00:18:02Z,2.7977
2026-01-31T00:19:54Z,2.6147
2026-01-31T00:23:43Z,3.5799
2026-01-31T00:29:10Z,2.4667
2026-01-31T00:35:19Z,2.8274
2026-01-31T00:36:55Z,2.6854
2026-01-31T00:44:33Z,2.5594
2026-01-31T01:21:02Z,3.0599
2026-01-31T01:23:04Z,2.6669
2026-01-31T01:24:04Z,2.7883
2026-01-31T01:29:50Z,2.4945
2026-01-31T01:54:23Z,2.2925
2026-01-31T02:02:19Z,3.1972
2026-01-31T02:10:07Z,2.4491
2026-01-31T02:15:08Z,2.1318
2026-01-31T02:16:51Z,2.9861
2026-01-31T02:21:17Z,2.5796
2026-01-31T02:31:18Z,2.5439
2026-01-31T02:44:59Z,2.6974
2026-01-31T03:02:12Z,2.4639
2026-01-31T03:16:16Z,2.6021
2026-01-31T03:20:40Z,2.838
2026-01-31T03:38:36Z,2.2626
2026-01-31T03:42:11Z,2.1365
2026-01-31T04:14:05Z,1.9989
2026-01-31T04:14:48Z,3.3375
2026-01-31T04:26:54Z,2.3742
2026-01-31T04:35:07Z,3.1183
2026-01-31T04:38:43Z,2.6147
2026-01-31T04:42:47Z,1.9637
2026-01-31T04:45:03Z,2.4711
2026-01-31T04:57:17Z,2.6222
2026-01-31T05:17:34Z,3.3785
2026-01-31T05:17:36Z,1.9383
2026-01-31T05:30:55Z,2.1828
2026-01-31T05:32:28Z,2.4172
2026-01-31T05:50:16Z,2.2723
2026-01-31T05:53:33Z,3.2408
2026-01-31T06:03:20Z,3.1208
2026-01-31T06:11:16Z,2.5684
2026-01-31T06:41:25Z,2.8704
2026-01-31T06:41:46Z,2.6684
2026-01-31T06:42:17Z,2.4497
2026-01-31T06:46:11Z,3.121
2026-01-31T06:53:28Z,2.3927
2026-01-31T06:56:55Z,2.2693
2026-01-31T06:58:41Z,2.8812
2026-01-31T07:14:25Z,2.7251
2026-01-31T07:23:09Z,2.8499
2026-01-31T07:24:19Z,2.2334
2026-01-31T07:34:20Z,2.1733
2026-01-31T07:40:16Z,1.7363
2026-01-31T07:42:33Z,2.739
2026-01-31T07:51:51Z,2.7868
2026-01-31T07:54:06Z,1.7412
2026-01-31T07:54:38Z,2.9452
2026-01-31T07:55:16Z,2.0214
2026-01-31T07:56:14Z,3.4916
2026-01-31T08:04:40Z,3.182
2026-01-31T08:05:39Z,2.8978
2026-01-31T08:19:19Z,2.9593
2026-01-31T08:31:15Z,3.2895
2026-01-31T08:33:41Z,3.1172
2026-01-31T08:53:00Z,2.6176
2026-01-31T08:57:32Z,3.0719
2026-01-31T09:06:46Z,2.6175
2026-01-31T09:19:09Z,3.6997
2026-01-31T09:26:58Z,2.1395
2026-01-31T09:31:48Z,2.9551
2026-01-31T09:48:04Z,2.0079
2026-01-31T09:53:17Z,2.4358
2026-01-31T09:57:05Z,2.1961
2026-01-31T10:07:44Z,3.1804
2026-01-31T10:16:22Z,3.284
2026-01-31T10:25:40Z,2.3966
2026-01-31T10:30:18Z,3.1532
2026-01-31T10:37:34Z,2.3846
2026-01-31T10:59:55Z,3.1255
2026-01-31T11:06:50Z,2.601
2026-01-31T11:16:59Z,3.1248
2026-01-31T11:20:33Z,2.633
2026-01-31T11:36:08Z,2.374
2026-01-31T11:45:26Z,2.5473
2026-01-31T11:50:32Z,3.0267
2026-01-31T11:56:34Z,3.1497
2026-01-31T11:59:02Z,2.9461
2026-01-31T12:19:31Z,2.4911
2026-01-31T12:20:36Z,1.8661
2026-01-31T12:27:14Z,2.2391
2026-01-31T12:36:39Z,3.2064
2026-01-31T12:39:41Z,2.2067
2026-01-31T12:45:15Z,2.8948
2026-01-31T12:51:35Z,1.8775
2026-01-31T12:53:23Z,2.894
2026-01-31T13:09:14Z,2.8474
2026-01-31T13:11:12Z,3.091
2026-01-31T13:35:26Z,2.5589
2026-01-31T13:40:19Z,3.0327
2026-01-31T13:41:55Z,2.7219
2026-01-31T13:50:07Z,3.0636
2026-01-31T13:50:55Z,3.2079
2026-01-31T13:57:34Z,2.843
2026-01-31T14:01:11Z,2.5366
2026-01-31T14:03:08Z,2.2956
2026-01-31T14:07:28Z,2.7004
2026-01-31T14:08:19Z,1.858
2026-01-31T14:08:20Z,3.3685
2026-01-31T14:28:14Z,2.6016
2026-01-31T14:28:33Z,1.9645
2026-01-31T14:45:54Z,2.169
2026-01-31T14:53:24Z,2.5453
2026-01-31T15:02:50Z,2.4823
2026-01-31T15:07:10Z,2.2566
2026-01-31T15:30:42Z,2.583
2026-01-31T15:41:34Z,2.7228
2026-01-31T15:43:59Z,2.5781
2026-01-31T15:56:37Z,2.443
2026-01-31T16:06:45Z,2.6286
2026-01-31T16:11:12Z,2.1603
2026-01-31T16:14:17Z,2.2683
2026-01-31T16:21:00Z,2.9512
2026-01-31T16:46:58Z,2.3572
2026-01-31T17:00:13Z,2.4812
2026-01-31T17:00:38Z,2.0743
2026-01-31T17:19:47Z,2.6496
2026-01-31T17:48:23Z,3.3513
2026-01-31T17:52:25Z,3.349
2026-01-31T17:55:15Z,2.1183
2026-01-31T17:55:57Z,2.5818
2026-01-31T18:24:37Z,3.3521
2026-01-31T18:50:58Z,2.6655
2026-01-31T19:11:57Z,2.7459
2026-01-31T19:17:54Z,2.7164
2026-01-31T19:19:58Z,1.698
2026-01-31T19:21:14Z,3.4193
2026-01-31T19:25:22Z,2.6558
2026-01-31T19:32:37Z,2.4773
2026-01-31T19:38:51Z,2.2033
2026-01-31T19:43:18Z,2.8364
2026-01-31T19:48:13Z,2.4736
2026-01-31T19:51:20Z,2.5095
2026-01-31T19:53:38Z,2.3548
2026-01-31T19:59:17Z,3.193
2026-01-31T20:18:51Z,2.3557
2026-01-31T20:27:11Z,2.8002
2026-01-31T20:37:50Z,3.0829
2026-01-31T20:43:28Z,3.2892
2026-01-31T21:00:41Z,2.0382
2026-01-31T21:41:26Z,1.8684
2026-01-31T22:03:28Z,2.5846
2026-01-31T22:14:39Z,2.0711
2026-01-31T22:15:01Z,2.7112
2026-01-31T22:20:19Z,2.065
2026-01-31T22:27:02Z,2.2354
2026-01-31T22:27:20Z,2.1535
2026-01-31T22:34:33Z,2.9526
2026-01-31T22:41:40Z,2.9202
2026-01-31T22:50:54Z,2.4721
2026-01-31T23:14:08Z,2.8976
2026-01-31T23:52:39Z,3.1749
2026-01-31T23:58:20Z,2.4857
2026-02-01T00:08:59Z,2.1566
2026-02-01T00:14:09Z,2.5653
2026-02-01T00:15:04Z,2.8446
2026-02-01T00:16:33Z,3.1717
2026-02-01T00:27:47Z,2.8985
2026-02-01T00:29:22Z,2.817
2026-02-01T00:37:19Z,2.9441
2026-02-01T00:50:15Z,3.0223
2026-02-01T01:03:07Z,2.6027
2026-02-01T01:03:51Z,2.7337
2026-02-01T01:11:48Z,2.6224
2026-02-01T01:36:46Z,2.0651
2026-02-01T02:06:13Z,3.1934
2026-02-01T02:07:18Z,3.0399
2026-02-01T02:20:27Z,2.8211
2026-02-01T02:24:01Z,3.2272
2026-02-01T02:32:08Z,2.1558
2026-02-01T02:34:16Z,3.5809
2026-02-01T02:34:18Z,2.1451
2026-02-01T02:38:35Z,3.934
2026-02-01T02:50:56Z,3.064
2026-02-01T02:53:45Z,2.7123
2026-02-01T02:57:46Z,2.231
2026-02-01T03:01:03Z,2.8717
2026-02-01T03:14:42Z,2.136
2026-02-01T03:17:37Z,3.2561
2026-02-01T03:20:26Z,1.7976
2026-02-01T03:23:53Z,1.6583
2026-02-01T03:27:54Z,2.0388
2026-02-01T03:38:58Z,2.6433
2026-02-01T03:54:20Z,2.8575
2026-02-01T03:58:01Z,2.2983
2026-02-01T04:00:50Z,3.0732
2026-02-01T04:29:50Z,2.4902
2026-02-01T04:36:36Z,2.9493
2026-02-01T04:49:34Z,2.4115
2026-02-01T05:14:15Z,2.5124
2026-02-01T05:18:18Z,2.3086
2026-02-01T05:31:07Z,2.5192
2026-02-01T05:42:03Z,2.316
2026-02-01T05:47:14Z,3.1992
2026-02-01T05:48:10Z,2.6305
2026-02-01T05:56:29Z,2.1964
2026-02-01T05:57:23Z,2.8665
2026-02-01T06:02:10Z,2.9569
2026-02-01T06:04:59Z,2.3332
2026-02-01T06:05:59Z,2.476
2026-02-01T06:06:58Z,1.926
2026-02-01T06:14:00Z,2.8331
2026-02-01T06:22:12Z,1.99
2026-02-01T06:29:52Z,2.5206
2026-02-01T06:38:34Z,3.482
2026-02-01T06:40:19Z,3.4067
2026-02-01T06:51:08Z,2.5614
2026-02-01T06:51:35Z,2.0278
2026-02-01T07:03:39Z,3.0265
2026-02-01T07:13:48Z,2.5672
2026-02-01T07:41:37Z,2.2169
2026-02-01T07:42:35Z,2.249
2026-02-01T07:50:49Z,2.8662
2026-02-01T08:01:14Z,2.7374
2026-02-01T08:42:40Z,2.589
2026-02-01T08:44:42Z,2.5828
2026-02-01T08:47:20Z,3.5815
2026-02-01T08:54:29Z,3.1008
2026-02-01T09:02:57Z,2.2754
2026-02-01T09:28:52Z,2.2181
2026-02-01T09:31:02Z,2.9679
2026-02-01T09:31:12Z,2.9047
2026-02-01T09:32:34Z,2.9289
2026-02-01T09:41:31Z,3.127
2026-02-01T09:46:46Z,1.7951
2026-02-01T09:49:41Z,2.3261
2026-02-01T09:49:47Z,2.9367
2026-02-01T09:52:03Z,2.1897
2026-02-01T09:53:06Z,2.4582
2026-02-01T10:10:20Z,1.7093
2026-02-01T10:19:38Z,2.2215
2026-02-01T10:22:35Z,2.587
2026-02-01T10:32:43Z,2.3552
2026-02-01T10:39:24Z,3.3527
2026-02-01T10:49:07Z,2.6658
2026-02-01T10:55:11Z,1.598
2026-02-01T11:19:25Z,2.3953
2026-02-01T11:24:01Z,3.2784
2026-02-01T11:28:57Z,3.2099
2026-02-01T11:36:15Z,2.9285
2026-02-01T11:40:20Z,2.8981
2026-02-01T11:46:21Z,2.3763
2026-02-01T12:05:44Z,2.7997
2026-02-01T12:10:51Z,2.6722
2026-02-01T12:31:56Z,1.7309
2026-02-01T12:57:02Z,2.3516
2026-02-01T13:17:30Z,2.0451
2026-02-01T13:18:27Z,2.9457
2026-02-01T13:38:47Z,3.0496
2026-02-01T13:38:55Z,2.7059
2026-02-01T13:49:35Z,2.9631
2026-02-01T13:52:42Z,2.2685
2026-02-01T13:54:33Z,3.2915
2026-02-01T14:02:33Z,2.6633
2026-02-01T14:12:06Z,2.9923
2026-02-01T14:15:07Z,3.1614
2026-02-01T14:47:17Z,2.9224
2026-02-01T14:56:07Z,2.4966
2026-02-01T15:13:16Z,2.5111
2026-02-01T15:15:28Z,2.9221
2026-02-01T15:25:13Z,3.2558
2026-02-01T15:29:07Z,2.5831
2026-02-01T15:35:52Z,3.1934
2026-02-01T15:36:28Z,2.0036
2026-02-01T15:43:52Z,3.0684
2026-02-01T15:45:09Z,2.3637
2026-02-01T15:53:31Z,2.6585
2026-02-01T15:57:48Z,2.9608
2026-02-01T16:01:45Z,1.9477
2026-02-01T16:02:54Z,2.2977
2026-02-01T16:35:50Z,2.9405
2026-02-01T16:45:05Z,3.0422
2026-02-01T17:12:37Z,2.4727
2026-02-01T17:13:52Z,3.1006
2026-02-01T17:21:22Z,2.7437
2026-02-01T17:28:36Z,2.8373
2026-02-01T17:40:00Z,2.9132
2026-02-01T17:58:47Z,3.1773
2026-02-01T18:01:28Z,3.3868
2026-02-01T18:05:29Z,2.4681
2026-02-01T18:26:21Z,2.2314
2026-02-01T18:32:56Z,2.7135
2026-02-01T18:41:37Z,2.8984
2026-02-01T19:05:51Z,2.6902
2026-02-01T19:11:43Z,3.3077
2026-02-01T19:20:27Z,2.6668
2026-02-01T19:23:18Z,2.1431
2026-02-01T19:32:17Z,2.6438
2026-02-01T19:40:42Z,2.5439
2026-02-01T19:41:39Z,2.9435
2026-02-01T19:50:07Z,2.8002
2026-02-01T20:02:44Z,3.0007
2026-02-01T20:04:11Z,2.5847
2026-02-01T20:24:11Z,2.1156
2026-02-01T20:35:42Z,1.9822
2026-02-01T20:50:52Z,2.9232
2026-02-01T21:13:41Z,3.1052
2026-02-01T21:17:30Z,2.0019
2026-02-01T21:32:00Z,2.7503
2026-02-01T21:40:41Z,2.7356
2026-02-01T21:42:32Z,2.4368
2026-02-01T21:44:08Z,2.7737
2026-02-01T21:44:42Z,2.5126
2026-02-01T21:48:29Z,2.8797
2026-02-01T22:00:15Z,3.0597
2026-02-01T22:01:22Z,2.3922
2026-02-01T22:02:02Z,3.0825
2026-02-01T22:21:11Z,2.6189
2026-02-01T22:32:59Z,3.7732
2026-02-01T22:33:32Z,1.8041
2026-02-01T22:52:01Z,2.5895
2026-02-01T23:14:23Z,2.2122
2026-02-01T23:20:46Z,2.8899
2026-02-01T23:24:14Z,2.4323
2026-02-01T23:26:39Z,2.1153
2026-02-01T23:29:29Z,3.0097
2026-02-01T23:42:29Z,1.8001
2026-02-01T23:47:56Z,2.3356
2026-02-01T23:49:59Z,3.6717
2026-02-02T00:16:44Z,2.4167
2026-02-02T00:18:02Z,3.0619
2026-02-02T00:18:38Z,2.4016
2026-02-02T00:27:01Z,2.4294
2026-02-02T00:32:15Z,2.2488
2026-02-02T00:45:15Z,3.1794
2026-02-02T00:58:48Z,2.7468
2026-02-02T01:01:22Z,1.9597
2026-02-02T01:05:14Z,1.9435
2026-02-02T01:11:18Z,2.5321
2026-02-02T01:26:25Z,2.7044
2026-02-02T01:45:57Z,2.5028
2026-02-02T01:51:05Z,2.9542
2026-02-02T01:52:21Z,2.7167
2026-02-02T02:04:12Z,2.4694
2026-02-02T02:09:14Z,2.7123
2026-02-02T02:14:05Z,3.3155
2026-02-02T02:19:05Z,2.162
2026-02-02T02:32:54Z,3.0053
2026-02-02T02:40:08Z,2.264
2026-02-02T02:50:22Z,2.8888
2026-02-02T02:58:06Z,1.7305
2026-02-02T03:28:29Z,2.9087
2026-02-02T03:29:26Z,2.9902
2026-02-02T03:29:27Z,2.741
2026-02-02T03:41:43Z,2.9861
2026-02-02T03:43:29Z,2.3378
2026-02-02T03:49:10Z,1.7789
2026-02-02T03:50:41Z,2.384
2026-02-02T03:54:46Z,3.0812
2026-02-02T04:09:04Z,2.0515
2026-02-02T04:19:29Z,2.8503
2026-02-02T04:24:52Z,3.2892
2026-02-02T04:32:05Z,2.9428
2026-02-02T04:49:59Z,3.6873
2026-02-02T05:15:03Z,2.7567
2026-02-02T05:18:16Z,2.6244
2026-02-02T05:30:22Z,2.7659
2026-02-02T05:37:54Z,2.495
2026-02-02T05:39:27Z,2.8464
2026-02-02T06:14:07Z,2.9554
2026-02-02T06:19:16Z,2.557
2026-02-02T06:19:37Z,1.7805
2026-02-02T06:25:38Z,1.9327
2026-02-02T06:36:22Z,2.7227
2026-02-02T06:38:33Z,2.6165
2026-02-02T06:40:55Z,2.0781
2026-02-02T06:55:11Z,2.4303
2026-02-02T07:11:37Z,3.1246
2026-02-02T07:16:10Z,3.4742
2026-02-02T07:28:09Z,3.308
2026-02-02T08:21:31Z,3.1644
2026-02-02T08:31:03Z,2.5477
2026-02-02T08:33:22Z,2.6819
2026-02-02T09:15:14Z,2.5828
2026-02-02T09:48:55Z,2.7279
2026-02-02T09:54:27Z,2.1684
2026-02-02T10:01:42Z,2.4002
2026-02-02T10:08:57Z,1.7203
2026-02-02T10:23:45Z,2.8181
2026-02-02T10:24:57Z,2.4522
2026-02-02T10:33:57Z,2.7259
2026-02-02T10:41:15Z,2.0619
2026-02-02T10:44:46Z,2.2565
2026-02-02T10:45:09Z,2.7942
2026-02-02T11:00:19Z,2.7373
2026-02-02T11:00:27Z,2.7892
2026-02-02T11:01:48Z,2.2874
2026-02-02T11:12:03Z,2.1831
2026-02-02T11:18:54Z,2.2775
2026-02-02T11:55:49Z,2.6106
2026-02-02T11:58:47Z,2.1199
2026-02-02T12:14:22Z,2.0036
2026-02-02T12:15:52Z,3.1265
2026-02-02T12:22:22Z,3.2028
2026-02-02T12:34:40Z,2.7558
2026-02-02T12:49:36Z,3.0777
2026-02-02T12:52:37Z,2.3816
2026-02-02T13:24:22Z,2.315
2026-02-02T13:24:40Z,2.6909
2026-02-02T13:42:51Z,2.046
2026-02-02T13:49:20Z,2.6492
2026-02-02T13:53:56Z,1.1674
2026-02-02T13:54:09Z,2.7236
2026-02-02T14:00:17Z,2.8981
2026-02-02T14:08:00Z,2.5329
2026-02-02T14:09:33Z,2.5948
2026-02-02T14:13:25Z,3.1285
2026-02-02T14:15:48Z,1.8707
2026-02-02T14:29:47Z,2.3151
2026-02-02T15:19:45Z,3.2161
2026-02-02T15:22:26Z,2.7773
2026-02-02T15:32:14Z,3.2882
2026-02-02T15:35:59Z,3.3241
2026-02-02T15:43:39Z,3.1087
2026-02-02T15:46:51Z,3.0667
2026-02-02T15:54:56Z,2.9938
2026-02-02T16:19:32Z,3.108
2026-02-02T16:25:31Z,2.2815
2026-02-02T16:40:41Z,2.8814
2026-02-02T16:43:31Z,1.8064
2026-02-02T16:44:32Z,2.3613
2026-02-02T16:46:16Z,2.244
2026-02-02T16:48:02Z,3.186
2026-02-02T16:58:19Z,2.4793
2026-02-02T17:01:51Z,3.2082
2026-02-02T17:09:57Z,2.1403
2026-02-02T17:19:38Z,2.7941
2026-02-02T17:38:50Z,2.7178
2026-02-02T17:41:13Z,2.8536
2026-02-02T17:42:07Z,2.7472
2026-02-02T17:46:26Z,3.4885
2026-02-02T17:47:38Z,3.1331
2026-02-02T17:49:34Z,2.8192
2026-02-02T18:17:22Z,2.7542
2026-02-02T18:17:33Z,2.5133
2026-02-02T18:24:43Z,2.2385
2026-02-02T18:44:12Z,1.7822
2026-02-02T18:47:08Z,2.2795
2026-02-02T18:49:34Z,2.1847
2026-02-02T18:58:12Z,2.3452
2026-02-02T18:59:16Z,3.6827
2026-02-02T19:04:42Z,3.0322
2026-02-02T19:07:32Z,2.6338
2026-02-02T19:12:51Z,2.0203
2026-02-02T19:14:50Z,2.092
2026-02-02T19:38:12Z,2.9728
2026-02-02T19:58:45Z,2.9229
2026-02-02T20:08:12Z,2.0419
2026-02-02T20:39:39Z,2.8055
2026-02-02T20:58:37Z,3.5003
2026-02-02T21:11:35Z,3.2621
2026-02-02T21:12:41Z,1.9521
2026-02-02T21:24:59Z,2.9927
2026-02-02T21:38:15Z,2.1828
2026-02-02T21:52:54Z,2.6988
2026-02-02T22:13:23Z,3.1209
2026-02-02T22:24:37Z,2.6563
2026-02-02T22:48:22Z,2.5471
2026-02-02T22:59:21Z,3.8154
2026-02-02T23:01:12Z,2.5011
2026-02-02T23:14:43Z,2.448
2026-02-02T23:17:40Z,2.5272
2026-02-02T23:33:48Z,2.7884
2026-02-02T23:34:29Z,2.7939
2026-02-02T23:35:32Z,1.8481
2026-02-03T00:04:13Z,2.8897
2026-02-03T00:08:33Z,3.8209
2026-02-03T00:13:50Z,3.0553
2026-02-03T00:14:12Z,2.9592
2026-02-03T00:40:02Z,2.0349
2026-02-03T00:42:28Z,2.8216
2026-02-03T01:03:21Z,1.771
2026-02-03T01:05:27Z,2.6566
2026-02-03T02:00:05Z,3.0343
2026-02-03T02:19:44Z,2.6594
2026-02-03T02:28:02Z,2.8469
2026-02-03T02:38:17Z,2.4279
2026-02-03T02:38:48Z,2.7526
2026-02-03T02:41:01Z,2.152
2026-02-03T02:44:13Z,2.6475
2026-02-03T03:00:28Z,2.0105
2026-02-03T03:00:57Z,3.3343
2026-02-03T03:09:45Z,3.212
2026-02-03T03:13:59Z,3.4614
2026-02-03T03:17:11Z,2.2267
2026-02-03T03:26:35Z,2.8424
2026-02-03T03:37:57Z,2.1946
2026-02-03T04:30:15Z,2.3435
2026-02-03T04:37:54Z,2.6161
2026-02-03T04:39:26Z,2.3231
2026-02-03T04:58:43Z,2.5934
2026-02-03T05:01:18Z,3.1219
2026-02-03T05:10:38Z,2.7341
2026-02-03T05:11:26Z,2.6495
2026-02-03T05:11:52Z,2.3293
2026-02-03T05:47:44Z,1.8914
2026-02-03T05:56:48Z,3.2837
2026-02-03T06:01:16Z,2.7529
2026-02-03T06:06:06Z,2.0958
2026-02-03T06:07:50Z,1.9745
2026-02-03T07:01:11Z,2.3516
2026-02-03T07:11:22Z,3.7385
2026-02-03T07:19:23Z,2.9423
2026-02-03T07:23:22Z,2.6233
2026-02-03T07:35:02Z,2.0494
2026-02-03T07:45:04Z,3.0161
2026-02-03T07:55:53Z,2.8007
2026-02-03T08:02:47Z,3.0609
2026-02-03T08:25:04Z,2.2656
2026-02-03T08:44:04Z,1.9782
2026-02-03T08:45:55Z,3.3046
2026-02-03T08:48:23Z,2.7003
2026-02-03T08:49:12Z,1.7856
2026-02-03T08:57:29Z,2.6064
2026-02-03T09:04:48Z,2.6369
2026-02-03T09:08:07Z,2.3766
2026-02-03T09:14:43Z,2.4944
2026-02-03T09:23:44Z,2.4768
2026-02-03T09:24:16Z,3.047
2026-02-03T09:26:32Z,2.7757
2026-02-03T09:27:20Z,2.7155
2026-02-03T09:35:01Z,2.1931
2026-02-03T09:43:09Z,2.1426
2026-02-03T09:45:14Z,2.6296
2026-02-03T09:50:41Z,3.4355
2026-02-03T10:13:27Z,1.9829
2026-02-03T10:13:28Z,2.6121
2026-02-03T10:19:00Z,2.5004
2026-02-03T10:22:05Z,2.8815
2026-02-03T10:28:47Z,2.9707
2026-02-03T10:42:20Z,2.7337
2026-02-03T10:42:21Z,2.8911
2026-02-03T11:13:37Z,3.0614
2026-02-03T11:23:19Z,2.4892
2026-02-03T11:28:11Z,2.8475
2026-02-03T11:31:15Z,3.1919
2026-02-03T11:36:51Z,2.758
2026-02-03T11:37:10Z,2.3793
2026-02-03T12:23:00Z,3.4354
2026-02-03T12:26:17Z,2.8505
2026-02-03T12:29:18Z,2.6713
2026-02-03T12:32:23Z,2.9967
2026-02-03T12:48:13Z,2.4146
2026-02-03T13:06:30Z,2.8295
2026-02-03T13:15:35Z,2.5328
2026-02-03T13:34:47Z,2.9133
2026-02-03T13:43:03Z,2.4287
2026-02-03T13:51:39Z,2.4768
2026-02-03T14:09:47Z,2.644
2026-02-03T14:14:56Z,2.7619
2026-02-03T14:19:30Z,3.0048
2026-02-03T14:19:40Z,1.6813
2026-02-03T14:21:55Z,2.6737
2026-02-03T14:37:23Z,3.0242
2026-02-03T14:42:38Z,2.7403
2026-02-03T15:01:57Z,3.1014
2026-02-03T15:14:43Z,2.56
2026-02-03T15:30:56Z,2.8984
2026-02-03T15:31:46Z,2.2095
2026-02-03T15:47:26Z,2.2338
2026-02-03T15:57:31Z,2.0032
2026-02-03T16:03:07Z,2.327
2026-02-03T16:03:42Z,2.9729
2026-02-03T16:14:39Z,2.8027
2026-02-03T16:26:46Z,3.4427
2026-02-03T16:34:58Z,3.187
2026-02-03T16:50:16Z,2.7229
2026-02-03T16:57:55Z,2.6611
2026-02-03T17:02:55Z,1.9379
2026-02-03T17:21:41Z,2.1359
2026-02-03T17:25:15Z,2.7472
2026-02-03T17:31:02Z,2.4327
2026-02-03T17:32:34Z,3.4056
2026-02-03T17:33:28Z,2.306
2026-02-03T17:59:45Z,2.491
2026-02-03T18:17:40Z,2.3377
2026-02-03T19:12:34Z,2.5993
2026-02-03T19:19:30Z,3.4151
2026-02-03T19:22:05Z,3.3339
2026-02-03T19:25:36Z,1.8776
2026-02-03T19:51:25Z,2.4909
2026-02-03T19:55:03Z,2.2576
2026-02-03T20:03:16Z,2.5673
2026-02-03T20:28:29Z,2.7116
2026-02-03T20:36:03Z,2.3628
2026-02-03T20:46:53Z,2.8198
2026-02-03T20:49:04Z,2.9776
2026-02-03T20:51:51Z,3.4803
2026-02-03T21:00:58Z,3.0555
2026-02-03T21:06:27Z,1.8708
2026-02-03T21:17:27Z,2.6388
2026-02-03T21:20:19Z,2.0052
2026-02-03T21:56:16Z,3.3473
2026-02-03T21:58:53Z,2.1362
2026-02-03T22:02:41Z,3.2912
2026-02-03T22:08:57Z,2.9283
2026-02-03T22:12:30Z,2.9096
2026-02-03T22:14:00Z,3.2113
2026-02-03T22:14:35Z,3.2542
2026-02-03T22:18:12Z,1.9661
2026-02-03T22:23:56Z,2.6917
2026-02-03T22:24:03Z,2.0746
2026-02-03T22:40:35Z,2.2078
2026-02-03T22:50:20Z,2.4049
2026-02-03T22:52:16Z,2.6232
2026-02-03T22:56:29Z,2.117
2026-02-03T23:15:05Z,2.5875
2026-02-03T23:15:44Z,2.2193
2026-02-03T23:23:52Z,1.7067
2026-02-03T23:31:28Z,2.7413
2026-02-03T23:48:57Z,2.4316
2026-02-03T23:49:43Z,1.9545
2026-02-04T00:03:48Z,2.0431
2026-02-04T00:06:06Z,2.9845
2026-02-04T00:09:00Z,2.7647
2026-02-04T00:44:50Z,3.1618
2026-02-04T00:52:03Z,2.0737
2026-02-04T01:16:52Z,2.1334
2026-02-04T01:17:15Z,3.1434
2026-02-04T01:26:05Z,2.7777
2026-02-04T01:27:27Z,2.2525
2026-02-04T01:34:34Z,2.1049
2026-02-04T01:39:45Z,2.7887
2026-02-04T01:45:51Z,2.2373
2026-02-04T01:51:27Z,3.2029
2026-02-04T01:57:35Z,2.9517
2026-02-04T02:01:44Z,2.868
2026-02-04T02:09:51Z,2.9572
2026-02-04T02:19:59Z,3.044
2026-02-04T02:25:43Z,2.764
2026-02-04T02:27:33Z,1.8594
2026-02-04T02:37:26Z,2.162
2026-02-04T03:04:13Z,2.7756
2026-02-04T03:17:57Z,2.4043
2026-02-04T03:26:15Z,1.9491
2026-02-04T03:26:40Z,2.6762
2026-02-04T03:29:03Z,2.7231
2026-02-04T03:33:21Z,3.362
2026-02-04T03:46:56Z,3.2557
2026-02-04T03:57:28Z,2.2499
2026-02-04T04:32:07Z,1.5892
2026-02-04T04:33:55Z,2.8841
2026-02-04T04:42:28Z,2.8233
2026-02-04T04:47:04Z,2.8136
2026-02-04T04:54:45Z,2.6856
2026-02-04T04:59:59Z,3.0239
2026-02-04T05:17:14Z,2.6859
2026-02-04T05:17:35Z,2.5192
2026-02-04T05:23:02Z,2.0742
2026-02-04T05:36:39Z,2.3317
2026-02-04T05:56:56Z,2.7005
2026-02-04T05:57:30Z,2.33
2026-02-04T06:05:55Z,2.5498
2026-02-04T06:06:21Z,1.8755
2026-02-04T06:09:03Z,2.1022
2026-02-04T06:09:13Z,3.1618
2026-02-04T06:33:02Z,3.0451
2026-02-04T07:03:00Z,3.0868
2026-02-04T07:07:32Z,2.8572
2026-02-04T07:26:25Z,3.0973
2026-02-04T07:30:11Z,2.1452
2026-02-04T07:58:29Z,1.8172
2026-02-04T08:09:42Z,2.7617
2026-02-04T08:14:03Z,2.4573
2026-02-04T08:15:16Z,3.1406
2026-02-04T08:23:18Z,2.8254
2026-02-04T08:27:54Z,2.2484
2026-02-04T08:28:44Z,2.4077
2026-02-04T08:45:11Z,2.8889
2026-02-04T08:56:09Z,1.8058
2026-02-04T09:04:30Z,2.1333
2026-02-04T09:09:03Z,2.0877
2026-02-04T09:10:25Z,1.9408
2026-02-04T09:39:30Z,2.9312
2026-02-04T09:43:25Z,3.2423
2026-02-04T10:02:30Z,3.1109
2026-02-04T10:25:57Z,2.7013
2026-02-04T10:43:22Z,2.3112
2026-02-04T10:47:08Z,2.4857
2026-02-04T10:51:48Z,2.5325
2026-02-04T10:55:53Z,3.4625
2026-02-04T10:59:38Z,1.985
2026-02-04T10:59:52Z,2.5786
2026-02-04T11:15:14Z,2.9155
2026-02-04T11:26:07Z,3.1221
2026-02-04T11:47:57Z,2.1622
2026-02-04T11:58:44Z,2.7985
2026-02-04T12:11:00Z,2.2297
2026-02-04T12:16:33Z,2.9878
2026-02-04T12:23:11Z,2.6074
2026-02-04T12:37:23Z,2.6991
2026-02-04T12:38:34Z,2.2081
2026-02-04T13:07:38Z,2.2873
2026-02-04T13:11:05Z,3.4379
2026-02-04T13:14:25Z,3.2202
2026-02-04T13:20:23Z,1.9506
2026-02-04T13:35:49Z,2.4951
2026-02-04T13:46:15Z,2.5578
2026-02-04T13:47:16Z,2.5072
2026-02-04T13:58:51Z,2.8678
2026-02-04T14:09:18Z,1.9947
2026-02-04T14:33:10Z,2.4102
2026-02-04T14:44:41Z,2.6514
2026-02-04T14:45:14Z,2.7253
2026-02-04T14:49:52Z,2.8734
2026-02-04T14:51:31Z,2.1541
2026-02-04T14:52:32Z,1.8562
2026-02-04T15:14:29Z,1.5996
2026-02-04T15:15:19Z,2.5101
2026-02-04T15:17:01Z,2.1495
2026-02-04T15:18:06Z,2.872
2026-02-04T15:36:35Z,2.4811
2026-02-04T15:53:51Z,3.0323
2026-02-04T16:08:30Z,3.3048
2026-02-04T16:13:27Z,2.4849
2026-02-04T16:31:58Z,2.4842
2026-02-04T16:32:31Z,2.5851
2026-02-04T17:02:18Z,2.2701
2026-02-04T17:32:11Z,1.386
2026-02-04T18:21:55Z,2.5732
2026-02-04T18:39:38Z,2.6322
2026-02-04T18:51:23Z,2.7418
2026-02-04T19:10:20Z,1.7497
2026-02-04T19:21:58Z,2.1431
2026-02-04T19:37:00Z,2.8791
2026-02-04T19:40:02Z,2.6022
2026-02-04T19:47:39Z,3.0761
2026-02-04T19:54:55Z,2.7417
2026-02-04T20:05:21Z,2.759
2026-02-04T20:07:05Z,3.2129
2026-02-04T20:24:29Z,1.9579
2026-02-04T20:28:59Z,2.3248
2026-02-04T20:35:27Z,1.8008
2026-02-04T20:48:09Z,2.4846
2026-02-04T20:48:58Z,2.5757
2026-02-04T20:50:25Z,2.5821
2026-02-04T20:55:39Z,2.2966
2026-02-04T21:13:18Z,2.4176
2026-02-04T21:20:32Z,2.9456
2026-02-04T21:24:10Z,2.1141
2026-02-04T21:35:52Z,2.6127
2026-02-04T21:44:04Z,3.2091
2026-02-04T21:55:35Z,2.4666
2026-02-04T22:02:15Z,2.5284
2026-02-04T22:14:41Z,2.6129
2026-02-04T22:25:29Z,2.5753
2026-02-04T22:48:53Z,2.2939
2026-02-04T23:11:32Z,2.6587
2026-02-04T23:17:59Z,2.7091
2026-02-04T23:28:36Z,2.3529
2026-02-04T23:45:41Z,2.2155
2026-02-05T00:00:49Z,1.7104
2026-02-05T00:07:23Z,2.8152
2026-02-05T00:10:03Z,2.2517
2026-02-05T00:11:56Z,2.9099
2026-02-05T00:28:35Z,2.271
2026-02-05T00:42:06Z,2.7437
2026-02-05T00:54:58Z,3.2018
2026-02-05T01:02:17Z,2.4908
2026-02-05T01:05:55Z,2.7785
2026-02-05T01:11:04Z,2.7583
2026-02-05T01:14:35Z,3.5118
2026-02-05T01:15:19Z,2.2312
2026-02-05T02:04:06Z,2.563
2026-02-05T02:08:05Z,2.0407
2026-02-05T02:20:27Z,2.6463
2026-02-05T02:33:04Z,2.593
2026-02-05T02:58:06Z,2.8967
2026-02-05T03:00:39Z,2.1736
2026-02-05T03:06:27Z,2.8658
2026-02-05T03:16:36Z,3.0597
2026-02-05T03:24:27Z,2.758
2026-02-05T03:27:37Z,2.0508
2026-02-05T03:49:55Z,2.0785
2026-02-05T03:50:31Z,2.0307
2026-02-05T03:51:42Z,1.9694
2026-02-05T03:51:48Z,2.1679
2026-02-05T03:51:48Z,2.7871
2026-02-05T03:57:29Z,1.8826
2026-02-05T03:57:39Z,2.9247
2026-02-05T04:01:37Z,1.5125
2026-02-05T04:02:02Z,2.967
2026-02-05T04:04:21Z,3.3412
2026-02-05T04:34:04Z,2.3852
2026-02-05T04:42:43Z,2.7688
2026-02-05T04:43:48Z,2.3267
2026-02-05T04:57:09Z,2.3346
2026-02-05T05:00:30Z,2.6233
2026-02-05T05:11:34Z,2.4506
2026-02-05T05:20:40Z,3.0438
2026-02-05T05:20:44Z,2.3615
2026-02-05T05:34:50Z,2.1112
2026-02-05T05:42:34Z,2.3889
2026-02-05T05:43:55Z,3.5783
2026-02-05T05:47:22Z,2.6139
2026-02-05T05:54:36Z,2.8892
2026-02-05T06:23:35Z,2.6034
2026-02-05T06:27:45Z,2.3429
2026-02-05T06:52:44Z,2.7057
2026-02-05T07:27:40Z,2.9155
2026-02-05T07:39:24Z,2.8913
2026-02-05T08:01:17Z,2.171
2026-02-05T08:04:44Z,1.9722
2026-02-05T08:05:16Z,2.2719
2026-02-05T08:08:23Z,3.3835
2026-02-05T08:18:12Z,2.7034
2026-02-05T08:28:04Z,2.398
2026-02-05T08:34:38Z,2.156
2026-02-05T08:54:48Z,2.0887
2026-02-05T08:57:46Z,2.8338
2026-02-05T09:03:55Z,2.8048
2026-02-05T09:32:43Z,3.2632
2026-02-05T09:36:07Z,2.4933
2026-02-05T10:24:44Z,2.5549
2026-02-05T10:45:20Z,3.0695
2026-02-05T11:00:40Z,2.392
2026-02-05T11:02:01Z,2.3877
2026-02-05T11:03:40Z,3.1439
2026-02-05T11:07:58Z,2.6229
2026-02-05T11:13:23Z,2.4153
2026-02-05T11:15:59Z,2.5626
2026-02-05T11:17:26Z,2.9826
2026-02-05T11:27:43Z,2.7255
2026-02-05T11:27:54Z,1.7504
2026-02-05T11:34:03Z,2.9977
2026-02-05T11:37:58Z,2.8195
2026-02-05T11:38:38Z,2.5325
2026-02-05T12:14:15Z,2.9279
2026-02-05T12:22:16Z,2.8869
2026-02-05T12:27:00Z,2.3112
2026-02-05T12:28:34Z,2.3898
2026-02-05T12:29:40Z,3.1417
2026-02-05T12:56:55Z,2.6665
2026-02-05T13:23:44Z,2.8779
2026-02-05T13:30:29Z,3.1033
2026-02-05T13:39:37Z,2.3062
2026-02-05T13:41:59Z,2.7672
2026-02-05T13:48:44Z,1.7355
2026-02-05T13:57:00Z,2.8268
2026-02-05T14:09:10Z,2.1219
2026-02-05T14:22:04Z,2.8788
2026-02-05T14:36:08Z,3.0225
2026-02-05T14:47:43Z,2.529
2026-02-05T14:52:56Z,2.7061
2026-02-05T14:58:31Z,2.2058
2026-02-05T15:01:22Z,2.418
2026-02-05T15:25:07Z,3.3505
2026-02-05T15:38:29Z,2.1967
2026-02-05T15:47:58Z,2.1921
2026-02-05T15:54:00Z,3.2953
2026-02-05T15:55:42Z,2.4827
2026-02-05T15:56:38Z,1.8013
2026-02-05T16:02:19Z,2.8425
2026-02-05T16:09:49Z,2.5709
2026-02-05T16:22:50Z,2.7376
2026-02-05T16:23:51Z,2.5036
2026-02-05T16:38:22Z,2.2509
2026-02-05T16:38:57Z,3.7971
2026-02-05T16:42:13Z,1.884
2026-02-05T16:54:14Z,2.7086
2026-02-05T17:02:57Z,2.4333
2026-02-05T17:08:41Z,2.4804
2026-02-05T17:14:09Z,2.6318
2026-02-05T17:30:08Z,2.3115
2026-02-05T17:30:39Z,3.2219
2026-02-05T17:35:07Z,3.3704
2026-02-05T17:36:03Z,2.1341
2026-02-05T17:38:58Z,2.3322
2026-02-05T17:42:06Z,2.4155
2026-02-05T17:53:37Z,2.6915
2026-02-05T17:57:00Z,2.3032
2026-02-05T18:08:16Z,1.8131
2026-02-05T18:17:53Z,2.1683
2026-02-05T18:22:33Z,2.4578
2026-02-05T18:24:39Z,2.5453
2026-02-05T18:29:37Z,3.5498
2026-02-05T18:30:42Z,3.1887
2026-02-05T18:32:19Z,3.0582
2026-02-05T18:32:57Z,2.8532
2026-02-05T18:47:09Z,2.6147
2026-02-05T18:48:53Z,2.3869
2026-02-05T18:51:40Z,2.9515
2026-02-05T18:52:17Z,2.6394
2026-02-05T18:53:29Z,2.7226
2026-02-05T19:10:29Z,2.1728
2026-02-05T19:33:06Z,2.246
2026-02-05T19:37:02Z,2.1925
2026-02-05T19:40:42Z,2.6432
2026-02-05T19:49:39Z,2.1455
2026-02-05T20:01:29Z,2.8299
2026-02-05T20:30:46Z,2.8708
2026-02-05T20:59:30Z,2.4658
2026-02-05T21:02:13Z,2.1953
2026-02-05T21:10:28Z,2.0013
2026-02-05T21:17:24Z,2.8697
2026-02-05T21:24:01Z,2.3225
2026-02-05T21:28:37Z,3.7074
2026-02-05T21:40:54Z,2.1219
2026-02-05T21:42:47Z,2.4521
2026-02-05T21:44:26Z,2.4196
2026-02-05T22:12:11Z,2.887
2026-02-05T22:14:07Z,2.3124
2026-02-05T22:14:18Z,2.7279
2026-02-05T22:35:51Z,1.6519
2026-02-05T22:39:52Z,2.3549
2026-02-05T23:01:09Z,3.4326
2026-02-05T23:34:39Z,2.189
2026-02-06T00:16:36Z,2.3427
2026-02-06T00:17:11Z,2.8286
2026-02-06T00:21:31Z,2.4413
2026-02-06T00:38:40Z,2.2637
2026-02-06T00:50:10Z,2.6009
2026-02-06T00:50:35Z,2.7473
2026-02-06T00:52:12Z,2.234
2026-02-06T00:56:47Z,2.9584
2026-02-06T01:07:41Z,3.3218
2026-02-06T01:24:18Z,2.3189
2026-02-06T01:34:14Z,1.5894
2026-02-06T01:39:31Z,2.8344
2026-02-06T02:13:03Z,2.3355
2026-02-06T02:23:15Z,3.0031
2026-02-06T02:29:05Z,2.7597
2026-02-06T02:38:52Z,3.2057
2026-02-06T02:48:17Z,2.8191
2026-02-06T03:15:09Z,3.1532
2026-02-06T03:32:01Z,3.3446
2026-02-06T03:37:32Z,2.2749
2026-02-06T03:46:16Z,2.3909
2026-02-06T03:46:27Z,3.0762
2026-02-06T03:58:06Z,3.0111
2026-02-06T04:03:04Z,1.995
2026-02-06T04:13:47Z,3.3145
2026-02-06T04:25:23Z,1.7875
2026-02-06T04:59:36Z,3.1345
2026-02-06T05:10:01Z,3.0198
2026-02-06T05:14:44Z,2.0884
2026-02-06T05:15:26Z,2.5688
2026-02-06T05:33:27Z,3.1293
2026-02-06T05:51:56Z,2.2714
2026-02-06T05:58:38Z,2.4178
2026-02-06T05:59:22Z,2.3775
2026-02-06T06:00:27Z,1.8679
2026-02-06T06:03:25Z,1.8134
2026-02-06T06:07:03Z,2.7429
2026-02-06T06:13:35Z,3.0263
2026-02-06T06:39:22Z,2.5916
2026-02-06T06:44:11Z,2.4358
2026-02-06T06:47:22Z,2.9975
2026-02-06T07:02:04Z,2.7863
2026-02-06T07:02:41Z,3.0031
2026-02-06T07:05:32Z,2.7218
2026-02-06T07:05:50Z,2.7125
2026-02-06T07:07:07Z,3.7225
2026-02-06T07:17:59Z,2.2783
2026-02-06T07:35:31Z,2.2262
2026-02-06T07:53:55Z,2.3714
2026-02-06T07:56:48Z,2.5094
2026-02-06T07:59:14Z,2.8692
2026-02-06T08:41:08Z,3.3623
2026-02-06T08:47:26Z,2.2698
2026-02-06T08:49:43Z,1.9819
2026-02-06T08:58:18Z,2.9271
2026-02-06T09:14:09Z,2.8698
2026-02-06T09:15:16Z,2.1142
2026-02-06T09:16:34Z,2.8336
2026-02-06T09:18:26Z,2.124
2026-02-06T09:25:18Z,2.8737
2026-02-06T09:43:08Z,2.2771
2026-02-06T09:43:38Z,2.7354
2026-02-06T09:53:51Z,2.2889
2026-02-06T10:06:41Z,2.7593
2026-02-06T10:23:19Z,2.9381
2026-02-06T10:50:53Z,2.9131
2026-02-06T10:59:30Z,2.7264
2026-02-06T11:31:00Z,2.6872
2026-02-06T11:36:12Z,2.1058
2026-02-06T11:41:48Z,2.2756
2026-02-06T11:46:49Z,2.3031
2026-02-06T11:52:40Z,2.2335
2026-02-06T11:55:04Z,3.3535
2026-02-06T11:56:51Z,1.7564
2026-02-06T12:21:14Z,2.0129
2026-02-06T12:59:42Z,2.3803
2026-02-06T13:02:08Z,2.193
2026-02-06T13:25:51Z,2.5602
2026-02-06T13:28:25Z,2.5413
2026-02-06T13:38:41Z,2.7012
2026-02-06T13:59:48Z,2.8964
2026-02-06T14:07:30Z,1.7254
2026-02-06T14:08:44Z,2.7691
2026-02-06T14:11:00Z,2.5806
2026-02-06T14:21:29Z,3.1017
2026-02-06T14:22:43Z,1.8581
2026-02-06T15:10:07Z,2.2945
2026-02-06T15:11:01Z,2.6213
2026-02-06T15:14:01Z,2.8466
2026-02-06T15:17:01Z,3.0768
2026-02-06T15:26:06Z,2.6755
2026-02-06T15:26:51Z,2.4244
2026-02-06T15:51:19Z,2.7892
2026-02-06T15:59:32Z,2.3749
2026-02-06T16:06:39Z,2.9078
2026-02-06T16:09:05Z,2.5113
2026-02-06T16:12:36Z,2.4795
2026-02-06T16:24:00Z,2.7679
2026-02-06T16:44:25Z,3.0755
2026-02-06T16:56:39Z,2.0038
2026-02-06T17:07:01Z,2.7696
2026-02-06T17:12:30Z,2.4005
2026-02-06T17:23:18Z,2.5301
2026-02-06T17:26:03Z,3.3868
2026-02-06T17:45:54Z,2.3163
2026-02-06T17:51:59Z,2.3639
2026-02-06T17:53:42Z,1.7956
2026-02-06T17:57:34Z,3.3636
2026-02-06T18:18:59Z,2.9572
2026-02-06T18:28:50Z,2.3117
2026-02-06T18:34:11Z,2.5781
2026-02-06T18:44:11Z,2.5459
2026-02-06T18:46:24Z,2.3312
2026-02-06T18:47:25Z,2.6843
2026-02-06T18:48:09Z,2.5283
2026-02-06T18:52:17Z,3.1346
2026-02-06T18:59:43Z,2.4425
2026-02-06T19:08:32Z,2.6692
2026-02-06T19:13:38Z,2.3952
2026-02-06T19:15:11Z,2.6335
2026-02-06T19:49:04Z,2.4016
2026-02-06T19:50:04Z,2.918
2026-02-06T19:50:57Z,2.6306
2026-02-06T19:58:57Z,2.3828
2026-02-06T20:09:10Z,2.2339
2026-02-06T20:11:10Z,2.6204
2026-02-06T20:13:53Z,3.1338
2026-02-06T20:19:49Z,2.7631
2026-02-06T20:20:36Z,2.9118
2026-02-06T20:34:27Z,2.708
2026-02-06T20:36:53Z,2.4344
2026-02-06T20:38:30Z,2.9638
2026-02-06T20:39:32Z,2.5578
2026-02-06T20:48:03Z,2.9507
2026-02-06T20:52:12Z,3.003
2026-02-06T21:04:22Z,3.4159
2026-02-06T21:10:29Z,2.4806
2026-02-06T21:28:00Z,2.3315
2026-02-06T21:35:28Z,3.0444
2026-02-06T21:36:52Z,1.8648
2026-02-06T21:39:48Z,2.7036
2026-02-06T21:50:07Z,2.8569
2026-02-06T21:55:10Z,2.6125
2026-02-06T22:07:33Z,2.8163
2026-02-06T22:09:31Z,2.6055
2026-02-06T22:15:50Z,3.3731
2026-02-06T22:26:11Z,3.1257
2026-02-06T22:28:35Z,2.2253
2026-02-06T22:30:30Z,3.4466
2026-02-06T22:36:07Z,2.582
2026-02-06T22:39:25Z,2.228
2026-02-06T22:43:08Z,2.0628
2026-02-06T22:50:10Z,2.3
2026-02-06T22:50:21Z,3.5795
2026-02-06T22:51:38Z,3.4447
2026-02-06T22:56:26Z,2.4769
2026-02-06T22:58:19Z,2.037
2026-02-06T23:05:17Z,2.5439
2026-02-06T23:16:26Z,2.7051
2026-02-06T23:21:59Z,2.4492
2026-02-06T23:23:09Z,2.5185
2026-02-06T23:30:02Z,1.9618
2026-02-06T23:35:08Z,1.6685
2026-02-06T23:44:45Z,2.7155
2026-02-06T23:54:00Z,3.1146
2026-02-06T23:58:33Z,1.32
2026-02-07T00:03:32Z,2.5665
2026-02-07T00:06:49Z,2.884
2026-02-07T00:06:53Z,2.8115
2026-02-07T00:12:00Z,3.3633
2026-02-07T00:19:05Z,2.7603
2026-02-07T00:19:07Z,2.9674
2026-02-07T00:32:26Z,2.9712
2026-02-07T00:32:39Z,2.1442
2026-02-07T00:52:15Z,2.9485
2026-02-07T01:04:31Z,2.2956
2026-02-07T01:24:08Z,2.1437
2026-02-07T01:26:09Z,2.4669
2026-02-07T01:26:24Z,2.9178
2026-02-07T01:32:14Z,3.3545
2026-02-07T01:39:51Z,3.0829
2026-02-07T01:43:11Z,3.0854
2026-02-07T01:43:59Z,2.5782
2026-02-07T01:47:27Z,3.7098
2026-02-07T01:51:25Z,2.8621
2026-02-07T02:11:49Z,2.9989
2026-02-07T02:12:26Z,2.6971
2026-02-07T02:32:28Z,2.4789
2026-02-07T02:34:52Z,2.0252
2026-02-07T02:36:26Z,2.2875
2026-02-07T02:37:18Z,2.7108
2026-02-07T02:42:30Z,2.5182
2026-02-07T02:45:00Z,2.4034
2026-02-07T02:49:16Z,2.8884
2026-02-07T03:00:23Z,2.2037
2026-02-07T03:05:25Z,2.9622
2026-02-07T03:19:42Z,2.3392
2026-02-07T03:36:13Z,2.8626
2026-02-07T03:43:18Z,2.9419
2026-02-07T03:52:05Z,2.4929
2026-02-07T03:52:17Z,2.7695
2026-02-07T03:54:08Z,2.6912
2026-02-07T03:58:19Z,2.2348
2026-02-07T04:02:38Z,3.4748
2026-02-07T04:14:28Z,2.8749
2026-02-07T04:22:19Z,2.9945
2026-02-07T04:23:15Z,2.7949
2026-02-07T04:55:22Z,2.8435
2026-02-07T04:57:20Z,2.9923
2026-02-07T05:02:33Z,2.9274
2026-02-07T05:19:57Z,3.1617
2026-02-07T05:30:30Z,2.822
2026-02-07T05:34:03Z,2.7244
2026-02-07T05:41:44Z,2.5154
2026-02-07T05:46:29Z,2.1541
2026-02-07T05:48:24Z,2.8783
2026-02-07T05:48:28Z,2.8183
2026-02-07T05:50:46Z,3.0865
2026-02-07T06:23:33Z,2.7594
2026-02-07T06:28:03Z,2.3457
2026-02-07T06:31:20Z,3.085
2026-02-07T06:40:45Z,2.8881
2026-02-07T06:41:44Z,2.8281
2026-02-07T06:46:31Z,1.8747
2026-02-07T06:52:42Z,2.4645
2026-02-07T07:01:53Z,2.0084
2026-02-07T07:11:03Z,1.8955
2026-02-07T07:28:34Z,2.1124
2026-02-07T07:33:56Z,2.3466
2026-02-07T07:35:04Z,2.7174
2026-02-07T07:47:31Z,2.5871
2026-02-07T08:06:43Z,2.9526
2026-02-07T08:07:50Z,2.942
2026-02-07T08:41:10Z,2.2528
2026-02-07T08:46:08Z,2.8205
2026-02-07T08:46:36Z,2.8286
2026-02-07T09:13:28Z,2.0632
2026-02-07T09:15:12Z,2.4396
2026-02-07T09:19:09Z,2.6545
2026-02-07T09:19:13Z,2.197
2026-02-07T09:30:08Z,2.2895
2026-02-07T09:40:13Z,2.1419
2026-02-07T09:42:06Z,2.2116
2026-02-07T09:47:52Z,3.3538
2026-02-07T09:50:16Z,2.8503
2026-02-07T09:53:36Z,3.0703
2026-02-07T10:00:31Z,2.4168
2026-02-07T10:17:39Z,2.895
2026-02-07T10:44:35Z,3.4145
2026-02-07T10:49:08Z,2.4162
2026-02-07T10:49:32Z,2.7533
2026-02-07T10:51:06Z,3.0616
2026-02-07T10:52:59Z,2.0662
2026-02-07T11:04:46Z,2.4993
2026-02-07T11:05:04Z,2.3966
2026-02-07T11:18:20Z,2.416
2026-02-07T11:36:16Z,2.3301
2026-02-07T11:36:36Z,2.2221
2026-02-07T11:44:56Z,2.1269
2026-02-07T12:21:39Z,2.7724
2026-02-07T12:34:32Z,2.844
2026-02-07T12:37:40Z,2.9192
2026-02-07T12:39:03Z,2.6046
2026-02-07T12:55:30Z,2.3685
2026-02-07T12:59:47Z,2.4583
2026-02-07T13:04:32Z,3.0813
2026-02-07T13:08:48Z,2.4885
2026-02-07T13:22:51Z,2.7362
2026-02-07T13:36:35Z,2.5927
2026-02-07T13:39:47Z,2.6148
2026-02-07T13:45:55Z,2.4196
2026-02-07T13:48:40Z,2.8873
2026-02-07T13:48:43Z,2.7865
2026-02-07T13:56:42Z,3.1727
2026-02-07T14:35:58Z,3.0046
2026-02-07T14:38:59Z,2.2647
2026-02-07T14:58:32Z,3.3163
2026-02-07T15:05:29Z,2.7582
2026-02-07T15:07:02Z,2.4472
2026-02-07T15:08:06Z,2.2622
2026-02-07T15:29:07Z,2.5898
2026-02-07T15:42:58Z,2.1647
2026-02-07T15:46:49Z,3.0924
2026-02-07T15:47:15Z,2.7214
2026-02-07T15:54:00Z,2.1117
2026-02-07T16:00:24Z,2.761
2026-02-07T16:15:58Z,2.7695
2026-02-07T16:25:46Z,2.1969
2026-02-07T16:36:09Z,2.5983
2026-02-07T16:57:38Z,2.2082
2026-02-07T17:28:55Z,2.7044
2026-02-07T17:30:05Z,2.512
2026-02-07T17:35:19Z,1.8405
2026-02-07T17:36:48Z,2.484
2026-02-07T17:54:18Z,2.518
2026-02-07T17:57:47Z,2.6286
2026-02-07T18:04:10Z,2.8102
2026-02-07T18:16:52Z,2.467
2026-02-07T18:24:06Z,1.6531
2026-02-07T18:31:24Z,2.9248
2026-02-07T18:31:29Z,2.8546
2026-02-07T18:57:07Z,2.5265
2026-02-07T19:24:20Z,2.1851
2026-02-07T19:36:53Z,2.4999
2026-02-07T19:38:17Z,2.5428
2026-02-07T19:46:47Z,3.3915
2026-02-07T19:49:00Z,3.3078
2026-02-07T20:00:39Z,1.9937
2026-02-07T20:05:04Z,1.9242
2026-02-07T20:29:12Z,2.2082
2026-02-07T20:29:20Z,1.9313
2026-02-07T20:41:18Z,2.3076
2026-02-07T20:41:53Z,2.5477
2026-02-07T21:02:02Z,2.6561
2026-02-07T21:20:47Z,2.1886
2026-02-07T21:30:23Z,3.2126
2026-02-07T21:37:00Z,2.2794
2026-02-07T21:37:13Z,2.5392
2026-02-07T21:41:41Z,3.376
2026-02-07T21:42:22Z,2.491
2026-02-07T21:44:02Z,2.5361
2026-02-07T21:46:24Z,3.2247
2026-02-07T21:56:14Z,2.4073
2026-02-07T21:58:36Z,2.721
2026-02-07T22:09:15Z,3.0106
2026-02-07T22:17:28Z,2.7982
2026-02-07T22:26:38Z,2.4942
2026-02-07T22:33:42Z,2.7182
2026-02-07T22:40:27Z,2.4222
2026-02-07T23:08:11Z,2.2306
2026-02-07T23:34:31Z,2.1303
2026-02-07T23:59:25Z,3.2102
2026-02-08T00:00:29Z,3.0681
2026-02-08T00:01:18Z,3.3122
2026-02-08T00:01:27Z,2.8342
2026-02-08T00:05:53Z,3.0968
2026-02-08T00:22:24Z,2.801
2026-02-08T00:26:14Z,2.6449
2026-02-08T00:42:27Z,2.2622
2026-02-08T00:50:46Z,2.0904
2026-02-08T00:57:17Z,2.2984
2026-02-08T01:11:11Z,1.5339
2026-02-08T01:13:14Z,2.182
2026-02-08T01:32:30Z,2.2865
2026-02-08T01:38:59Z,2.2195
2026-02-08T01:46:53Z,2.513
2026-02-08T01:48:21Z,2.2753
2026-02-08T01:50:02Z,2.6493
2026-02-08T02:18:12Z,3.2578
2026-02-08T02:31:58Z,2.7969
2026-02-08T02:38:28Z,3.2919
2026-02-08T02:50:38Z,2.795
2026-02-08T02:52:24Z,2.309
2026-02-08T02:58:40Z,3.449
2026-02-08T03:01:01Z,2.6673
2026-02-08T03:03:51Z,3.1988
2026-02-08T03:12:19Z,2.4807
2026-02-08T03:17:29Z,2.829
2026-02-08T03:34:59Z,2.799
2026-02-08T03:41:30Z,2.6919
2026-02-08T03:52:05Z,2.5125
2026-02-08T03:52:59Z,2.6994
2026-02-08T03:58:44Z,2.9131
2026-02-08T03:59:03Z,2.3574
2026-02-08T04:04:11Z,2.4159
2026-02-08T04:08:49Z,2.1704
2026-02-08T04:11:16Z,2.7027
2026-02-08T04:16:39Z,3.29
2026-02-08T04:18:25Z,2.3904
2026-02-08T04:28:31Z,3.1736
2026-02-08T04:43:04Z,2.5616
2026-02-08T04:50:47Z,2.6071
2026-02-08T05:01:39Z,2.5602
2026-02-08T05:21:41Z,2.5717
2026-02-08T05:23:20Z,2.9585
2026-02-08T05:23:36Z,3.0189
2026-02-08T05:47:52Z,3.0513
2026-02-08T06:24:27Z,3.1862
2026-02-08T06:25:16Z,2.5347
2026-02-08T06:46:04Z,2.4991
2026-02-08T06:47:27Z,3.6856
2026-02-08T07:01:44Z,2.7596
2026-02-08T07:01:52Z,2.071
2026-02-08T07:04:20Z,3.2675
2026-02-08T07:08:51Z,2.3601
2026-02-08T07:09:37Z,2.2794
2026-02-08T07:13:28Z,2.3541
2026-02-08T07:23:04Z,2.4946
2026-02-08T07:32:06Z,3.1034
2026-02-08T07:48:30Z,2.2517
2026-02-08T07:51:53Z,3.1922
2026-02-08T08:20:38Z,3.0305
2026-02-08T08:25:35Z,2.8283
2026-02-08T08:47:01Z,2.5537
2026-02-08T09:06:20Z,3.2111
2026-02-08T09:10:02Z,2.2456
2026-02-08T09:28:33Z,2.3879
2026-02-08T09:29:08Z,2.1934
2026-02-08T09:34:33Z,2.0415
2026-02-08T09:51:57Z,2.3538
2026-02-08T09:52:41Z,2.8298
2026-02-08T09:53:29Z,2.662
2026-02-08T10:02:36Z,2.9201
2026-02-08T10:04:37Z,3.6175
2026-02-08T10:17:55Z,2.1906
2026-02-08T10:44:23Z,2.4772
2026-02-08T10:49:00Z,2.1441
2026-02-08T11:04:31Z,2.2179
2026-02-08T11:14:25Z,2.5795
2026-02-08T11:26:02Z,3.0615
2026-02-08T11:34:49Z,2.558
2026-02-08T11:40:25Z,3.0187
2026-02-08T11:50:18Z,2.642
2026-02-08T12:07:25Z,2.3607
2026-02-08T12:19:53Z,2.9175
2026-02-08T12:28:54Z,2.1349
2026-02-08T12:32:54Z,2.2673
2026-02-08T12:45:06Z,2.009
2026-02-08T12:51:59Z,2.7405
2026-02-08T13:05:43Z,2.4445
2026-02-08T13:12:59Z,2.2238
2026-02-08T13:13:21Z,2.7342
2026-02-08T13:19:00Z,3.0018
2026-02-08T13:22:56Z,3.0653
2026-02-08T13:23:42Z,3.1596
2026-02-08T13:41:52Z,2.8393
2026-02-08T13:48:34Z,2.2252
2026-02-08T13:53:32Z,2.5674
2026-02-08T14:05:04Z,2.4549
2026-02-08T14:05:37Z,2.3903
2026-02-08T14:09:02Z,3.0163
2026-02-08T14:17:59Z,3.2987
2026-02-08T14:26:40Z,3.0871
2026-02-08T14:26:46Z,2.4687
2026-02-08T14:29:08Z,3.6095
2026-02-08T14:29:48Z,2.1248
2026-02-08T14:33:20Z,2.8368
2026-02-08T14:51:21Z,3.0604
2026-02-08T15:00:37Z,2.7808
2026-02-08T15:03:52Z,3.22
2026-02-08T15:14:21Z,2.638
2026-02-08T15:34:47Z,2.0193
2026-02-08T15:35:10Z,2.2407
2026-02-08T15:35:59Z,2.2816
2026-02-08T15:42:04Z,3.0626
2026-02-08T15:54:09Z,3.1268
2026-02-08T16:06:17Z,2.6774
2026-02-08T16:16:44Z,2.7829
2026-02-08T16:17:27Z,2.4161
2026-02-08T16:25:50Z,1.6311
2026-02-08T16:55:33Z,2.3392
2026-02-08T17:01:00Z,3.1735
2026-02-08T17:03:15Z,2.3727
2026-02-08T17:31:11Z,2.6817
2026-02-08T17:48:21Z,2.1475
2026-02-08T18:07:14Z,2.9498
2026-02-08T18:18:19Z,3.2908
2026-02-08T18:21:33Z,2.1447
2026-02-08T18:48:42Z,2.1297
2026-02-08T18:54:57Z,2.4964
2026-02-08T18:55:23Z,2.4709
2026-02-08T18:58:48Z,3.5127
2026-02-08T19:07:45Z,2.2258
2026-02-08T19:11:36Z,2.5199
2026-02-08T19:14:48Z,2.2539
2026-02-08T19:15:45Z,3.3766
2026-02-08T19:15:57Z,2.9617
2026-02-08T19:19:23Z,2.5914
2026-02-08T19:25:59Z,3.1933
2026-02-08T19:28:34Z,2.5075
2026-02-08T19:29:25Z,3.0245
2026-02-08T19:30:50Z,2.9508
2026-02-08T19:46:56Z,1.9618
2026-02-08T19:49:32Z,2.2056
2026-02-08T19:51:29Z,2.8057
2026-02-08T19:52:55Z,2.115
2026-02-08T20:15:01Z,3.4851
2026-02-08T20:39:40Z,2.3446
2026-02-08T20:42:16Z,2.4015
2026-02-08T20:51:46Z,2.3402
2026-02-08T20:51:52Z,2.9881
2026-02-08T21:06:35Z,2.0555
2026-02-08T21:14:25Z,2.9531
2026-02-08T21:19:28Z,2.3543
2026-02-08T21:32:49Z,2.6764
2026-02-08T21:35:27Z,2.2615
2026-02-08T21:56:10Z,1.8936
2026-02-08T22:06:25Z,2.434
2026-02-08T22:17:13Z,2.2645
2026-02-08T22:21:57Z,3.3436
2026-02-08T22:28:38Z,2.5018
2026-02-08T22:28:41Z,2.8547
2026-02-08T23:10:20Z,2.9335
2026-02-08T23:10:28Z,2.318
2026-02-08T23:17:57Z,3.2744
2026-02-08T23:26:36Z,3.2085
2026-02-08T23:31:32Z,2.7752
2026-02-08T23:32:22Z,2.6076
2026-02-08T23:34:57Z,2.7559
2026-02-08T23:35:40Z,2.6815
2026-02-08T23:38:37Z,2.6326
2026-02-08T23:44:13Z,2.4436
2026-02-09T00:18:58Z,2.1669
2026-02-09T00:20:51Z,2.4664
2026-02-09T00:31:13Z,3.4236
2026-02-09T00:42:40Z,3.1768
2026-02-09T00:43:55Z,2.7237
2026-02-09T00:47:26Z,2.5678
2026-02-09T00:47:57Z,2.438
2026-02-09T00:55:38Z,3.1893
2026-02-09T00:56:41Z,2.258
2026-02-09T01:12:03Z,2.4664
2026-02-09T01:12:18Z,2.2113
2026-02-09T01:19:54Z,2.1873
2026-02-09T01:32:53Z,2.868
2026-02-09T01:39:42Z,2.2182
2026-02-09T02:00:42Z,2.7606
2026-02-09T02:03:11Z,2.8292
2026-02-09T02:09:52Z,2.6308
2026-02-09T02:17:00Z,2.6989
2026-02-09T02:17:24Z,2.61
2026-02-09T02:24:28Z,3.1462
2026-02-09T02:27:28Z,2.2152
2026-02-09T02:28:46Z,2.4057
2026-02-09T02:29:12Z,2.4166
2026-02-09T02:56:44Z,2.3676
2026-02-09T03:02:09Z,3.3834
2026-02-09T03:21:27Z,2.2967
2026-02-09T03:25:19Z,3.4553
2026-02-09T03:27:56Z,2.4906
2026-02-09T03:31:49Z,2.9316
2026-02-09T03:33:44Z,2.8667
2026-02-09T03:40:04Z,2.9179
2026-02-09T04:11:41Z,3.3143
2026-02-09T04:25:54Z,3.5532
2026-02-09T04:36:23Z,2.5562
2026-02-09T04:37:44Z,2.6525
2026-02-09T04:54:52Z,3.0384
2026-02-09T05:10:34Z,3.0983
2026-02-09T05:14:01Z,1.8801
2026-02-09T05:19:02Z,3.0498
2026-02-09T05:22:24Z,2.9849
2026-02-09T05:26:31Z,2.2481
2026-02-09T05:39:05Z,2.2425
2026-02-09T05:39:38Z,3.1703
2026-02-09T05:47:41Z,3.1282
2026-02-09T05:53:35Z,2.3037
2026-02-09T06:07:40Z,2.5485
2026-02-09T06:10:54Z,2.7734
2026-02-09T06:16:41Z,2.3515
2026-02-09T06:27:28Z,2.5329
2026-02-09T06:29:14Z,2.7177
2026-02-09T06:30:28Z,2.5967
2026-02-09T06:34:07Z,2.5248
2026-02-09T06:34:52Z,2.6481
2026-02-09T06:49:53Z,1.9093
2026-02-09T06:51:08Z,2.0856
2026-02-09T06:53:26Z,2.9033
2026-02-09T07:09:37Z,2.3352
2026-02-09T07:17:02Z,2.5655
2026-02-09T07:47:22Z,2.895
2026-02-09T07:49:56Z,3.1107
2026-02-09T08:06:25Z,2.4363
2026-02-09T08:25:39Z,2.4235
2026-02-09T08:27:44Z,2.8516
2026-02-09T08:31:06Z,3.0877
2026-02-09T08:32:16Z,2.385
2026-02-09T08:35:55Z,2.9881
2026-02-09T08:56:16Z,2.4704
2026-02-09T09:09:24Z,2.2774
2026-02-09T09:29:09Z,3.1289
2026-02-09T09:34:10Z,3.3313
2026-02-09T09:35:52Z,3.2514
2026-02-09T09:39:11Z,2.8996
2026-02-09T09:48:44Z,2.1796
2026-02-09T09:59:10Z,3.251
2026-02-09T10:08:53Z,2.7577
2026-02-09T10:10:07Z,2.175
2026-02-09T10:27:24Z,2.282
2026-02-09T10:30:13Z,2.7841
2026-02-09T11:13:58Z,2.7835
2026-02-09T11:19:09Z,2.9687
2026-02-09T11:23:12Z,2.1734
2026-02-09T11:24:23Z,2.5137
2026-02-09T11:30:29Z,2.468
2026-02-09T11:41:07Z,2.2648
2026-02-09T11:44:16Z,2.6819
2026-02-09T11:51:31Z,2.8452
2026-02-09T12:07:55Z,2.2388
2026-02-09T12:28:42Z,2.0073
2026-02-09T12:31:00Z,2.4954
2026-02-09T12:31:18Z,2.9458
2026-02-09T12:51:48Z,2.4098
2026-02-09T13:11:12Z,2.4067
2026-02-09T13:13:51Z,2.64
2026-02-09T13:22:22Z,2.4423
2026-02-09T13:44:06Z,1.8515
2026-02-09T13:44:28Z,3.2098
2026-02-09T14:06:13Z,2.4401
2026-02-09T14:23:42Z,2.6263
2026-02-09T14:41:49Z,2.3749
2026-02-09T14:42:45Z,2.8686
2026-02-09T14:46:22Z,2.3663
2026-02-09T15:05:46Z,2.3628
2026-02-09T15:08:47Z,2.7487
2026-02-09T15:34:22Z,2.4024
2026-02-09T15:55:26Z,2.4703
2026-02-09T16:14:11Z,2.8773
2026-02-09T16:30:12Z,1.9696
2026-02-09T16:31:51Z,2.5175
2026-02-09T16:34:54Z,2.2498
2026-02-09T16:38:10Z,2.1092
2026-02-09T16:44:16Z,2.1085
2026-02-09T16:46:28Z,3.493
2026-02-09T16:59:15Z,2.4773
2026-02-09T16:59:27Z,2.5021
2026-02-09T17:03:19Z,2.047
2026-02-09T17:15:40Z,2.7043
2026-02-09T17:16:11Z,2.4911
2026-02-09T17:23:29Z,2.2921
2026-02-09T17:25:16Z,2.6361
2026-02-09T17:31:09Z,2.7306
2026-02-09T17:33:34Z,3.2207
2026-02-09T17:58:51Z,2.0868
2026-02-09T18:06:47Z,2.621
2026-02-09T18:14:25Z,2.192
2026-02-09T18:15:38Z,2.126
2026-02-09T18:18:16Z,2.6913
2026-02-09T18:19:13Z,2.6997
2026-02-09T18:20:19Z,2.7168
2026-02-09T18:32:33Z,2.1266
2026-02-09T18:36:21Z,2.2145
2026-02-09T18:51:11Z,3.5351
2026-02-09T18:52:28Z,2.047
2026-02-09T18:57:20Z,2.8904
2026-02-09T19:02:24Z,2.5875
2026-02-09T19:05:35Z,3.1057
2026-02-09T19:05:49Z,3.2153
2026-02-09T19:06:35Z,2.8214
2026-02-09T19:18:16Z,3.3036
2026-02-09T19:19:32Z,2.2968
2026-02-09T19:29:47Z,1.9941
2026-02-09T19:55:10Z,2.0622
2026-02-09T20:04:51Z,2.2688
2026-02-09T20:20:31Z,2.8903
2026-02-09T20:56:42Z,3.2317
2026-02-09T21:43:51Z,2.4104
2026-02-09T21:49:16Z,2.9546
2026-02-09T21:55:33Z,2.23
2026-02-09T22:07:51Z,2.224
2026-02-09T22:14:26Z,2.1716
2026-02-09T22:51:56Z,2.3452
2026-02-09T23:01:29Z,2.5501
2026-02-09T23:09:04Z,2.95
2026-02-09T23:11:12Z,3.1679
2026-02-09T23:23:15Z,2.6728
2026-02-09T23:26:03Z,3.1349
2026-02-09T23:26:09Z,1.6952
2026-02-09T23:44:40Z,3.2998
2026-02-09T23:48:13Z,2.7226
2026-02-10T00:02:37Z,2.7868
2026-02-10T00:10:09Z,2.7397
2026-02-10T00:14:29Z,3.0289
2026-02-10T00:19:05Z,2.3358
2026-02-10T00:27:21Z,2.3131
2026-02-10T00:28:20Z,2.0975
2026-02-10T00:46:51Z,3.4256
2026-02-10T00:49:25Z,2.6411
2026-02-10T00:50:06Z,2.5656
2026-02-10T00:54:28Z,2.8353
2026-02-10T01:01:30Z,2.6913
2026-02-10T01:17:31Z,3.5635
2026-02-10T01:26:58Z,1.8732
2026-02-10T01:53:32Z,2.8699
2026-02-10T02:23:50Z,2.8801
2026-02-10T02:24:22Z,2.6177
2026-02-10T02:27:29Z,1.8739
2026-02-10T02:29:58Z,2.313
2026-02-10T02:30:37Z,2.5866
2026-02-10T02:30:37Z,3.2399
2026-02-10T02:36:20Z,2.8589
2026-02-10T02:53:35Z,3.2826
2026-02-10T03:29:23Z,2.3474
2026-02-10T03:34:23Z,2.8818
2026-02-10T03:52:55Z,2.4843
2026-02-10T04:01:54Z,2.5952
2026-02-10T04:02:19Z,3.2498
2026-02-10T04:02:38Z,2.7435
2026-02-10T04:04:25Z,2.7932
2026-02-10T04:04:53Z,2.9707
2026-02-10T04:21:17Z,2.8292
2026-02-10T04:23:19Z,3.1796
2026-02-10T04:45:49Z,2.5608
2026-02-10T04:53:25Z,2.4624
2026-02-10T05:14:59Z,2.4825
2026-02-10T05:18:39Z,2.6844
2026-02-10T05:21:50Z,2.0175
2026-02-10T05:26:11Z,2.6359
2026-02-10T05:28:16Z,2.6489
2026-02-10T05:29:56Z,1.6324
2026-02-10T06:33:28Z,2.2036
2026-02-10T06:45:03Z,3.6169
2026-02-10T06:46:13Z,2.0592
2026-02-10T06:56:04Z,2.8434
2026-02-10T07:29:15Z,2.8722
2026-02-10T07:31:55Z,3.0966
2026-02-10T07:33:44Z,2.1575
2026-02-10T08:00:07Z,2.448
2026-02-10T08:05:42Z,2.7386
2026-02-10T08:06:00Z,2.3214
2026-02-10T08:28:06Z,2.8862
2026-02-10T08:33:57Z,2.9271
2026-02-10T08:40:00Z,2.3933
2026-02-10T08:53:18Z,2.453
2026-02-10T08:58:37Z,2.3165
2026-02-10T09:06:46Z,2.5307
2026-02-10T09:13:17Z,1.5488
2026-02-10T09:15:22Z,2.5417
2026-02-10T09:26:13Z,2.9281
2026-02-10T09:36:03Z,2.3487
2026-02-10T09:45:42Z,1.7821
2026-02-10T10:22:47Z,2.5107
2026-02-10T10:25:25Z,2.6996
2026-02-10T10:50:20Z,2.4218
2026-02-10T11:03:11Z,2.8603
2026-02-10T11:07:30Z,2.6461
2026-02-10T12:06:35Z,3.4746
2026-02-10T12:09:39Z,2.8066
2026-02-10T12:10:28Z,2.4471
2026-02-10T12:32:31Z,2.8546
2026-02-10T12:33:48Z,2.2845
2026-02-10T12:46:36Z,2.8171
2026-02-10T12:48:37Z,2.2581
2026-02-10T12:59:14Z,3.0709
2026-02-10T13:06:22Z,2.4149
2026-02-10T13:36:31Z,3.0189
2026-02-10T13:40:15Z,2.8103
2026-02-10T13:44:16Z,2.2041
2026-02-10T13:47:26Z,2.5478
2026-02-10T13:58:27Z,2.3859
2026-02-10T14:22:17Z,2.8401
2026-02-10T14:33:17Z,1.7974
2026-02-10T14:52:40Z,2.5299
2026-02-10T14:52:54Z,2.1429
2026-02-10T14:54:57Z,2.9419
2026-02-10T15:02:20Z,2.6808
2026-02-10T15:03:00Z,2.7204
2026-02-10T15:07:37Z,2.8965
2026-02-10T15:13:01Z,2.4397
2026-02-10T15:16:32Z,3.063
2026-02-10T15:18:18Z,2.2417
2026-02-10T15:26:49Z,2.5563
2026-02-10T15:34:23Z,2.6613
2026-02-10T15:43:02Z,2.1923
2026-02-10T15:43:07Z,2.1456
2026-02-10T15:53:22Z,1.854
2026-02-10T16:06:45Z,2.5688
2026-02-10T16:07:11Z,2.7995
2026-02-10T16:10:58Z,2.0706
2026-02-10T16:38:56Z,2.2601
2026-02-10T16:55:02Z,3.02
2026-02-10T17:03:01Z,2.0538
2026-02-10T17:05:31Z,2.0238
2026-02-10T17:09:51Z,3.3554
2026-02-10T17:27:29Z,2.7966
2026-02-10T17:34:44Z,2.9466
2026-02-10T17:51:14Z,2.4447
2026-02-10T17:53:16Z,2.9469
2026-02-10T18:08:28Z,3.6561
2026-02-10T18:52:11Z,2.8108
2026-02-10T19:32:28Z,2.8467
2026-02-10T19:46:59Z,2.6542
2026-02-10T19:55:18Z,2.6391
2026-02-10T20:03:01Z,2.3922
2026-02-10T20:05:56Z,2.6137
2026-02-10T20:07:38Z,2.2737
2026-02-10T20:18:32Z,2.1669
2026-02-10T20:25:50Z,2.5718
2026-02-10T20:26:11Z,2.4585
2026-02-10T20:40:01Z,3.151
2026-02-10T20:42:55Z,2.6815
2026-02-10T21:02:19Z,2.7485
2026-02-10T21:16:49Z,2.764
2026-02-10T21:32:18Z,2.9573
2026-02-10T21:39:14Z,2.6883
2026-02-10T21:44:43Z,3.2375
2026-02-10T21:48:20Z,2.8799
2026-02-10T21:57:47Z,1.9996
2026-02-10T22:10:15Z,3.708
2026-02-10T22:13:06Z,2.4326
2026-02-10T22:16:58Z,2.4719
2026-02-10T22:19:02Z,2.766
2026-02-10T22:23:17Z,1.8988
2026-02-10T22:39:46Z,2.3772
2026-02-10T22:46:45Z,2.3897
2026-02-10T22:58:21Z,3.1491
2026-02-10T23:23:04Z,2.6853
2026-02-10T23:40:13Z,2.7063
2026-02-10T23:47:11Z,2.468
2026-02-11T00:09:09Z,2.956
2026-02-11T00:26:08Z,3.3161
2026-02-11T00:32:33Z,2.6826
2026-02-11T00:40:13Z,2.7971
2026-02-11T00:41:33Z,2.6544
2026-02-11T00:42:31Z,2.0563
2026-02-11T00:43:19Z,2.6308
2026-02-11T00:48:32Z,2.9031
2026-02-11T00:52:27Z,2.0045
2026-02-11T01:20:21Z,3.0856
2026-02-11T01:20:26Z,2.6187
2026-02-11T01:27:14Z,2.1149
2026-02-11T01:36:46Z,2.2157
2026-02-11T01:46:38Z,2.8001
2026-02-11T02:11:49Z,2.0332
2026-02-11T02:19:39Z,1.9333
2026-02-11T02:20:49Z,2.4254
2026-02-11T02:28:05Z,2.547
2026-02-11T02:46:32Z,2.985
2026-02-11T02:47:30Z,2.1419
2026-02-11T02:48:06Z,2.6553
2026-02-11T03:24:50Z,2.7667
2026-02-11T03:33:49Z,1.5715
2026-02-11T03:48:44Z,2.507
2026-02-11T03:52:04Z,1.8202
2026-02-11T04:29:54Z,2.8605
2026-02-11T04:31:20Z,2.5809
2026-02-11T04:31:56Z,2.3294
2026-02-11T04:33:29Z,3.008
2026-02-11T04:34:55Z,1.9827
2026-02-11T04:35:52Z,2.9638
2026-02-11T04:38:29Z,2.9524
2026-02-11T04:44:01Z,2.6624
2026-02-11T05:17:15Z,3.6003
2026-02-11T05:21:42Z,2.9852
2026-02-11T05:24:50Z,2.5443
2026-02-11T05:26:02Z,3.3665
2026-02-11T05:28:28Z,2.0509
2026-02-11T05:33:28Z,2.5446
2026-02-11T05:48:45Z,2.4197
2026-02-11T06:03:21Z,2.1612
2026-02-11T06:11:36Z,2.8359
2026-02-11T07:01:23Z,2.19
2026-02-11T07:08:24Z,2.7327
2026-02-11T07:20:07Z,2.3907
2026-02-11T07:20:12Z,3.1107
2026-02-11T07:20:22Z,3.4181
2026-02-11T07:23:23Z,2.8507
2026-02-11T07:34:17Z,2.3979
2026-02-11T08:03:49Z,2.3896
2026-02-11T08:07:51Z,2.9758
2026-02-11T08:08:46Z,2.4162
2026-02-11T08:09:40Z,1.9463
2026-02-11T08:17:42Z,1.5725
2026-02-11T08:24:04Z,2.7159
2026-02-11T08:54:54Z,3.1728
2026-02-11T09:06:09Z,2.5851
2026-02-11T09:08:31Z,2.4371
2026-02-11T09:28:31Z,2.8781
2026-02-11T09:33:02Z,3.3343
2026-02-11T09:41:01Z,2.7274
2026-02-11T09:48:58Z,3.3015
2026-02-11T09:50:53Z,2.2871
2026-02-11T10:17:34Z,2.1237
2026-02-11T10:40:43Z,2.6252
2026-02-11T10:42:51Z,2.7796
2026-02-11T10:58:28Z,2.423
2026-02-11T11:01:42Z,2.2264
2026-02-11T11:06:57Z,1.9224
2026-02-11T11:09:30Z,2.203
2026-02-11T11:11:01Z,2.6619
2026-02-11T11:24:52Z,2.3307
2026-02-11T11:25:56Z,2.3693
2026-02-11T11:39:27Z,1.9868
2026-02-11T11:46:17Z,2.809
2026-02-11T11:54:54Z,3.2484
2026-02-11T12:00:04Z,2.6967
2026-02-11T12:06:00Z,2.4977
2026-02-11T12:15:31Z,2.9884
2026-02-11T12:21:43Z,1.8466
2026-02-11T12:26:42Z,2.0448
2026-02-11T12:29:11Z,3.0829
2026-02-11T12:39:52Z,2.9779
2026-02-11T12:49:00Z,2.0621
2026-02-11T12:52:20Z,2.7643
2026-02-11T12:53:07Z,1.8191
2026-02-11T13:13:24Z,2.6468
2026-02-11T13:20:17Z,2.0681
2026-02-11T13:22:16Z,2.9303
2026-02-11T13:24:21Z,2.0883
2026-02-11T13:27:11Z,2.4649
2026-02-11T13:41:40Z,2.5528
2026-02-11T13:41:54Z,1.9986
2026-02-11T13:42:44Z,3.1265
2026-02-11T14:15:38Z,2.6562
2026-02-11T14:15:51Z,3.6482
2026-02-11T14:26:45Z,1.9213
2026-02-11T14:54:19Z,1.7403
2026-02-11T14:59:14Z,2.3163
2026-02-11T15:00:34Z,2.9159
2026-02-11T15:09:02Z,2.2403
2026-02-11T15:09:32Z,3.2519
2026-02-11T15:41:05Z,1.4572
2026-02-11T15:46:20Z,3.6351
2026-02-11T15:47:26Z,3.0841
2026-02-11T15:50:01Z,2.6776
2026-02-11T15:58:15Z,2.2276
2026-02-11T16:01:24Z,2.3065
2026-02-11T16:05:18Z,2.7132
2026-02-11T16:07:56Z,2.7515
2026-02-11T16:10:22Z,3.1366
2026-02-11T16:15:51Z,2.2678
2026-02-11T16:20:59Z,2.0753
2026-02-11T16:31:34Z,2.2453
2026-02-11T16:36:29Z,3.1742
2026-02-11T16:41:44Z,2.6714
2026-02-11T16:55:47Z,3.4046
2026-02-11T16:58:14Z,3.0973
2026-02-11T17:17:04Z,2.9752
2026-02-11T17:30:37Z,2.8456
2026-02-11T17:31:20Z,3.0287
2026-02-11T17:38:47Z,3.0218
2026-02-11T17:45:36Z,2.8113
2026-02-11T17:53:02Z,2.5963
2026-02-11T18:00:23Z,2.9981
2026-02-11T18:14:41Z,2.6363
2026-02-11T18:17:17Z,2.5423
2026-02-11T18:23:54Z,2.7698
2026-02-11T18:28:37Z,2.4675
2026-02-11T18:30:21Z,3.8915
2026-02-11T18:30:46Z,2.1398
2026-02-11T18:39:06Z,3.2874
2026-02-11T18:44:36Z,3.066
2026-02-11T18:44:46Z,2.5806
2026-02-11T18:45:48Z,3.2225
2026-02-11T18:48:10Z,2.675
2026-02-11T18:56:41Z,2.745
2026-02-11T18:59:20Z,3.3101
2026-02-11T19:14:55Z,2.4577
2026-02-11T19:18:42Z,3.1444
2026-02-11T19:35:48Z,2.2454
2026-02-11T19:40:44Z,2.7937
2026-02-11T19:43:56Z,2.0567
2026-02-11T19:46:41Z,3.1486
2026-02-11T20:01:07Z,2.6428
2026-02-11T20:12:22Z,2.231
2026-02-11T20:14:52Z,1.2506
2026-02-11T20:21:10Z,2.5132
2026-02-11T20:24:31Z,2.5719
2026-02-11T20:31:40Z,2.8758
2026-02-11T21:11:22Z,3.2941
2026-02-11T21:24:14Z,2.4547
2026-02-11T21:26:04Z,2.7708
2026-02-11T21:28:25Z,2.3071
2026-02-11T22:09:34Z,2.1519
2026-02-11T22:15:23Z,2.5609
2026-02-11T22:19:54Z,2.301
2026-02-11T22:39:59Z,2.3165
2026-02-11T22:50:45Z,2.6849
2026-02-11T23:02:34Z,2.5293
2026-02-11T23:25:52Z,3.0916
2026-02-11T23:34:48Z,2.3819
2026-02-12T00:02:11Z,2.4615
2026-02-12T00:22:28Z,2.6761
2026-02-12T00:33:08Z,2.5445
2026-02-12T00:46:06Z,3.4425
2026-02-12T01:11:05Z,2.1739
2026-02-12T01:20:10Z,2.6583
2026-02-12T01:22:53Z,2.7077
2026-02-12T01:40:04Z,2.9103
2026-02-12T01:49:19Z,2.417
2026-02-12T01:54:52Z,2.7513
2026-02-12T02:08:34Z,2.3359
2026-02-12T02:16:36Z,2.5106
2026-02-12T02:16:48Z,3.0786
2026-02-12T02:29:58Z,2.739
2026-02-12T02:30:14Z,2.0395
2026-02-12T02:30:30Z,2.5923
2026-02-12T02:52:17Z,2.984
2026-02-12T02:54:31Z,3.1712
2026-02-12T03:15:55Z,3.2699
2026-02-12T03:22:31Z,1.9909
2026-02-12T03:25:34Z,2.132
2026-02-12T03:41:11Z,3.0903
2026-02-12T03:48:54Z,2.731
2026-02-12T04:06:27Z,2.3933
2026-02-12T04:10:50Z,2.4855
2026-02-12T04:12:21Z,2.3125
2026-02-12T04:22:39Z,2.7476
2026-02-12T04:34:59Z,3.6541
2026-02-12T04:35:01Z,2.8044
2026-02-12T04:44:13Z,3.0232
2026-02-12T04:57:20Z,2.2929
2026-02-12T05:07:39Z,3.0053
2026-02-12T05:27:02Z,2.6544
2026-02-12T05:30:26Z,2.8213
2026-02-12T05:47:59Z,2.7235
2026-02-12T05:54:30Z,2.928
2026-02-12T05:54:51Z,2.9883
2026-02-12T06:08:11Z,1.8122
2026-02-12T06:11:19Z,3.0701
2026-02-12T06:31:16Z,2.5398
2026-02-12T06:34:01Z,2.1236
2026-02-12T06:59:38Z,2.8459
2026-02-12T07:18:46Z,1.9412
2026-02-12T07:21:17Z,2.8684
2026-02-12T07:28:56Z,2.857
2026-02-12T07:34:21Z,2.8856
2026-02-12T07:36:07Z,3.1239
2026-02-12T07:37:03Z,1.7023
2026-02-12T07:50:04Z,2.2077
2026-02-12T07:50:59Z,2.9758
2026-02-12T08:04:32Z,2.8769
2026-02-12T08:10:28Z,2.4097
2026-02-12T08:15:38Z,2.6951
2026-02-12T08:26:35Z,2.8946
2026-02-12T08:33:07Z,2.6101
2026-02-12T08:34:04Z,2.6375
2026-02-12T08:36:09Z,1.9431
2026-02-12T08:42:04Z,2.5769
2026-02-12T08:54:10Z,2.5683
2026-02-12T09:00:01Z,2.4269
2026-02-12T09:42:54Z,2.7835
2026-02-12T09:57:07Z,2.6592
2026-02-12T10:05:06Z,2.5744
2026-02-12T10:14:20Z,2.2339
2026-02-12T10:33:07Z,2.8779
2026-02-12T10:42:45Z,2.932
2026-02-12T11:06:31Z,3.731
2026-02-12T11:33:28Z,2.9266
2026-02-12T11:42:50Z,2.5911
2026-02-12T11:49:06Z,2.5481
2026-02-12T11:56:55Z,2.7904
2026-02-12T12:23:22Z,2.4879
2026-02-12T12:26:42Z,2.4203
2026-02-12T12:40:52Z,2.1851
2026-02-12T12:40:58Z,2.1555
2026-02-12T12:49:56Z,3.0537
2026-02-12T13:03:14Z,3.1682
2026-02-12T13:09:01Z,2.2584
2026-02-12T13:27:48Z,2.9922
2026-02-12T13:28:56Z,3.0615
2026-02-12T13:43:17Z,1.7849
2026-02-12T13:52:15Z,2.9636
2026-02-12T14:01:58Z,2.9604
2026-02-12T14:12:22Z,2.2842
2026-02-12T14:19:37Z,2.8982
2026-02-12T14:30:46Z,2.544
2026-02-12T14:39:42Z,1.7844
2026-02-12T14:44:40Z,3.0952
2026-02-12T14:47:03Z,2.9702
2026-02-12T15:12:37Z,2.6679
2026-02-12T15:15:29Z,2.2885
2026-02-12T15:17:38Z,2.7906
2026-02-12T15:25:56Z,2.4034
2026-02-12T15:27:22Z,2.049
2026-02-12T15:28:06Z,2.7949
2026-02-12T15:31:56Z,3.5113
2026-02-12T15:32:19Z,2.2866
2026-02-12T15:32:45Z,2.24
2026-02-12T15:58:31Z,2.3079
2026-02-12T16:25:49Z,2.0862
2026-02-12T16:31:24Z,3.138
2026-02-12T16:34:38Z,2.61
2026-02-12T17:26:49Z,2.4857
2026-02-12T17:38:39Z,2.669
2026-02-12T17:54:52Z,2.2322
2026-02-12T17:55:35Z,2.2623
2026-02-12T18:27:51Z,2.3878
2026-02-12T18:52:23Z,2.3796
2026-02-12T19:03:30Z,2.5878
2026-02-12T19:28:14Z,2.6201
2026-02-12T19:32:35Z,2.6986
2026-02-12T19:34:59Z,1.8135
2026-02-12T19:55:27Z,2.1919
2026-02-12T20:01:04Z,3.005
2026-02-12T20:28:26Z,2.5064
2026-02-12T20:29:49Z,2.376
2026-02-12T20:30:04Z,2.3263
2026-02-12T20:31:08Z,3.0171
2026-02-12T20:33:10Z,3.0356
2026-02-12T21:03:28Z,2.9819
2026-02-12T21:12:33Z,2.5785
2026-02-12T21:14:50Z,2.5758
2026-02-12T21:16:29Z,3.497
2026-02-12T21:32:24Z,1.7552
2026-02-12T21:36:01Z,2.1518
2026-02-12T21:51:43Z,2.0183
2026-02-12T21:52:51Z,2.5562
2026-02-12T21:54:42Z,2.2919
2026-02-12T22:22:38Z,1.6229
2026-02-12T22:23:11Z,2.6837
2026-02-12T22:28:08Z,2.4692
2026-02-12T22:39:52Z,2.1114
2026-02-12T22:54:40Z,2.3097
2026-02-12T23:17:55Z,1.9211
2026-02-12T23:20:14Z,3.0463
2026-02-12T23:21:55Z,2.5834
2026-02-12T23:27:59Z,2.3283
2026-02-12T23:55:05Z,2.2814
2026-02-12T23:58:32Z,2.364
2026-02-13T00:08:40Z,3.0227
2026-02-13T00:13:03Z,2.7502
2026-02-13T00:24:21Z,2.7669
2026-02-13T00:32:41Z,2.2899
2026-02-13T00:37:29Z,2.8405
2026-02-13T00:38:11Z,2.2721
2026-02-13T00:46:35Z,2.373
2026-02-13T00:48:01Z,2.1923
2026-02-13T00:53:09Z,2.7736
2026-02-13T00:54:41Z,2.2798
2026-02-13T00:56:51Z,2.226
2026-02-13T00:58:35Z,3.2
2026-02-13T01:06:52Z,3.3866
2026-02-13T01:11:06Z,3.3391
2026-02-13T01:21:06Z,2.5854
2026-02-13T01:28:37Z,1.7153
2026-02-13T01:37:31Z,2.5056
2026-02-13T01:50:15Z,2.3023
2026-02-13T01:54:06Z,2.8559
2026-02-13T01:57:09Z,2.9186
2026-02-13T01:59:45Z,2.593
2026-02-13T02:12:48Z,2.6489
2026-02-13T02:17:35Z,2.808
2026-02-13T02:23:54Z,2.3051
2026-02-13T02:39:41Z,3.0576
2026-02-13T03:02:01Z,2.7904
2026-02-13T03:27:30Z,2.3176
2026-02-13T04:14:11Z,2.5577
2026-02-13T04:23:58Z,2.262
2026-02-13T04:43:01Z,2.0514
2026-02-13T04:49:12Z,2.6685
2026-02-13T05:02:10Z,2.8873
2026-02-13T05:20:53Z,1.9084
2026-02-13T05:45:59Z,3.5604
2026-02-13T05:46:14Z,2.2551
2026-02-13T05:47:28Z,3.4768
2026-02-13T06:14:13Z,2.8329
2026-02-13T06:22:07Z,2.7281
2026-02-13T06:23:23Z,2.2046
2026-02-13T06:44:10Z,3.1104
2026-02-13T06:49:13Z,2.6283
2026-02-13T06:54:58Z,2.5094
2026-02-13T07:00:22Z,2.6241
2026-02-13T07:02:52Z,2.1823
2026-02-13T07:15:06Z,1.8211
2026-02-13T07:21:56Z,3.0725
2026-02-13T07:25:31Z,2.0765
2026-02-13T07:38:06Z,2.5695
2026-02-13T07:45:29Z,2.2764
2026-02-13T07:45:36Z,4.0684
2026-02-13T07:51:52Z,3.0502
2026-02-13T07:55:50Z,2.4672
2026-02-13T07:59:14Z,2.1985
2026-02-13T08:00:50Z,2.592
2026-02-13T08:02:51Z,3.0301
2026-02-13T08:07:11Z,3.1364
2026-02-13T08:12:50Z,2.548
2026-02-13T08:20:14Z,2.7068
2026-02-13T08:23:10Z,2.3903
2026-02-13T08:24:57Z,3.4135
2026-02-13T08:25:55Z,3.4952
2026-02-13T09:07:05Z,2.9401
2026-02-13T09:27:50Z,2.0803
2026-02-13T09:30:24Z,2.0322
2026-02-13T09:40:21Z,3.0689
2026-02-13T09:48:48Z,3.5103
2026-02-13T10:05:00Z,2.6952
2026-02-13T10:07:43Z,2.6548
2026-02-13T10:27:04Z,2.3011
2026-02-13T10:33:25Z,1.9686
2026-02-13T10:34:16Z,2.0309
2026-02-13T10:41:14Z,2.8761
2026-02-13T10:52:00Z,2.5768
2026-02-13T10:53:44Z,2.9745
2026-02-13T10:55:44Z,2.8928
2026-02-13T11:03:33Z,2.5741
2026-02-13T11:35:24Z,2.6037
2026-02-13T11:48:14Z,2.4364
2026-02-13T11:53:31Z,3.5622
2026-02-13T12:09:12Z,1.6475
2026-02-13T12:17:59Z,1.9192
2026-02-13T12:28:38Z,2.8795
2026-02-13T12:33:46Z,2.5243
2026-02-13T12:47:19Z,2.5246
2026-02-13T12:59:54Z,2.0035
2026-02-13T13:05:58Z,2.3895
2026-02-13T13:07:39Z,2.1509
2026-02-13T13:41:13Z,2.1143
2026-02-13T13:42:04Z,2.7181
2026-02-13T13:59:16Z,2.96
2026-02-13T14:03:37Z,3.4169
2026-02-13T14:07:23Z,2.4476
2026-02-13T14:08:48Z,1.9256
2026-02-13T14:17:33Z,2.6259
2026-02-13T14:43:18Z,2.6303
2026-02-13T15:03:30Z,2.6179
2026-02-13T15:18:12Z,2.0806
2026-02-13T15:23:59Z,3.0204
2026-02-13T15:42:54Z,3.2504
2026-02-13T15:49:39Z,1.9055
2026-02-13T15:57:21Z,2.9096
2026-02-13T16:00:44Z,2.771
2026-02-13T16:02:11Z,3.2555
2026-02-13T16:03:47Z,2.8099
2026-02-13T16:04:52Z,2.077
2026-02-13T16:32:28Z,2.8122
2026-02-13T16:44:37Z,2.8017
2026-02-13T16:44:55Z,3.0114
2026-02-13T16:45:27Z,3.0241
2026-02-13T16:56:16Z,2.8033
2026-02-13T17:25:58Z,2.7709
2026-02-13T17:35:25Z,2.6846
2026-02-13T17:38:20Z,2.8296
2026-02-13T17:43:04Z,3.0232
2026-02-13T17:44:03Z,2.0247
2026-02-13T17:45:34Z,2.2268
2026-02-13T17:45:56Z,2.7727
2026-02-13T17:56:14Z,2.735
2026-02-13T17:57:40Z,2.3951
2026-02-13T18:01:21Z,2.6257
2026-02-13T18:17:38Z,2.1449
2026-02-13T18:26:05Z,2.9527
2026-02-13T18:36:04Z,2.407
2026-02-13T18:36:54Z,2.9395
2026-02-13T18:41:53Z,2.2416
2026-02-13T18:53:11Z,2.2837
2026-02-13T19:24:01Z,2.91
2026-02-13T19:31:18Z,2.0277
2026-02-13T19:41:52Z,3.0199
2026-02-13T19:47:14Z,3.012
2026-02-13T20:08:56Z,2.4681
2026-02-13T20:16:17Z,2.3245
2026-02-13T20:31:54Z,2.1819
2026-02-13T20:37:56Z,2.4676
2026-02-13T20:38:33Z,2.9205
2026-02-13T20:55:27Z,2.3098
2026-02-13T20:58:19Z,2.3318
2026-02-13T21:02:21Z,2.7205
2026-02-13T21:05:26Z,2.421
2026-02-13T21:29:05Z,2.3559
2026-02-13T21:37:27Z,2.2452
2026-02-13T21:41:46Z,2.8473
2026-02-13T21:49:18Z,2.4708
2026-02-13T22:24:02Z,2.4557
2026-02-13T22:41:31Z,3.0301
2026-02-13T22:48:12Z,2.845
2026-02-13T22:53:08Z,3.6651
2026-02-13T22:57:18Z,2.3518
2026-02-13T23:09:35Z,3.0687
2026-02-13T23:10:36Z,2.5561
2026-02-13T23:13:26Z,2.602
2026-02-13T23:15:23Z,2.3802
2026-02-13T23:20:26Z,1.8663
2026-02-13T23:21:15Z,2.4771
2026-02-13T23:56:12Z,1.9983
2026-02-13T23:58:10Z,3.1571
2026-02-14T00:02:00Z,2.791
2026-02-14T00:05:10Z,1.8525
2026-02-14T00:08:06Z,2.0394
2026-02-14T00:11:30Z,2.248
2026-02-14T00:17:16Z,3.3712
2026-02-14T00:37:58Z,2.1644
2026-02-14T00:41:34Z,2.3603
2026-02-14T01:02:05Z,2.4988
2026-02-14T01:41:53Z,3.6254
2026-02-14T01:49:43Z,3.3172
2026-02-14T01:54:01Z,2.5845
2026-02-14T02:09:43Z,2.3898
2026-02-14T02:16:19Z,3.3723
2026-02-14T02:22:56Z,3.1041
2026-02-14T02:34:38Z,2.9949
2026-02-14T02:35:58Z,3.2302
2026-02-14T02:49:16Z,3.0592
2026-02-14T02:53:15Z,2.2331
2026-02-14T03:13:45Z,2.4581
2026-02-14T03:16:27Z,1.9003
2026-02-14T03:25:09Z,2.3797
2026-02-14T03:29:42Z,2.6196
2026-02-14T03:58:18Z,2.7496
2026-02-14T04:10:54Z,2.1546
2026-02-14T04:25:41Z,2.3011
2026-02-14T04:27:12Z,2.4909
2026-02-14T04:31:30Z,2.8668
2026-02-14T04:33:16Z,2.2442
2026-02-14T04:38:58Z,2.2071
2026-02-14T04:39:28Z,2.8429
2026-02-14T04:42:09Z,2.2534
2026-02-14T04:53:47Z,2.4489
2026-02-14T05:10:02Z,2.6655
2026-02-14T05:12:51Z,2.8905
2026-02-14T05:57:30Z,2.3398
2026-02-14T05:58:31Z,2.0824
2026-02-14T05:58:41Z,2.5867
2026-02-14T06:06:09Z,2.3131
2026-02-14T06:09:01Z,1.8558
2026-02-14T06:12:48Z,3.1993
2026-02-14T06:15:43Z,2.6276
2026-02-14T06:17:04Z,3.1085
2026-02-14T06:23:53Z,2.7375
2026-02-14T06:43:11Z,2.504
2026-02-14T06:43:43Z,2.1756
2026-02-14T06:49:39Z,3.2524
2026-02-14T07:38:13Z,2.4488
2026-02-14T08:00:44Z,2.3487
2026-02-14T08:01:29Z,2.0449
2026-02-14T08:05:35Z,2.8976
2026-02-14T08:06:47Z,2.503
2026-02-14T08:08:00Z,3.0733
2026-02-14T08:11:51Z,3.1447
2026-02-14T08:14:27Z,2.8708
2026-02-14T08:22:13Z,3.5722
2026-02-14T08:30:20Z,2.8418
2026-02-14T08:46:43Z,2.4145
2026-02-14T08:51:06Z,1.8193
2026-02-14T08:51:41Z,2.7318
2026-02-14T09:14:04Z,3.7161
2026-02-14T09:17:36Z,2.2191
2026-02-14T09:21:27Z,2.0488
2026-02-14T09:23:38Z,2.3528
2026-02-14T09:23:48Z,2.6919
2026-02-14T09:25:59Z,2.6823
2026-02-14T09:39:54Z,2.9211
2026-02-14T10:00:26Z,3.1648
2026-02-14T10:24:46Z,1.8782
2026-02-14T10:30:20Z,2.8039
2026-02-14T10:32:17Z,2.4827
2026-02-14T10:32:39Z,2.9694
2026-02-14T10:40:56Z,2.8092
2026-02-14T10:50:39Z,1.9797
2026-02-14T11:02:42Z,2.5137
2026-02-14T11:03:56Z,3.4496
2026-02-14T11:31:56Z,2.1371
2026-02-14T11:37:58Z,3.5298
2026-02-14T11:41:04Z,2.7004
2026-02-14T11:42:36Z,2.5511
2026-02-14T11:48:25Z,2.7591
2026-02-14T11:56:27Z,2.4404
2026-02-14T11:58:54Z,2.8434
2026-02-14T12:01:38Z,3.2721
2026-02-14T12:19:11Z,2.5658
2026-02-14T12:24:23Z,2.9619
2026-02-14T12:26:44Z,2.415
2026-02-14T12:39:55Z,2.2011
2026-02-14T12:42:18Z,3.4344
2026-02-14T12:59:17Z,2.9226
2026-02-14T13:00:25Z,2.2456
2026-02-14T13:11:24Z,2.5339
2026-02-14T13:20:00Z,3.1341
2026-02-14T13:20:37Z,1.8548
2026-02-14T13:28:28Z,3.3044
2026-02-14T13:30:33Z,2.1139
2026-02-14T13:44:49Z,3.435
2026-02-14T13:46:06Z,2.6382
2026-02-14T13:47:07Z,2.4031
2026-02-14T13:48:58Z,2.0162
2026-02-14T13:49:30Z,2.4535
2026-02-14T14:14:42Z,2.696
2026-02-14T14:24:26Z,2.2614
2026-02-14T14:26:29Z,2.7081
2026-02-14T14:52:37Z,2.7484
2026-02-14T14:55:23Z,2.8254
2026-02-14T15:00:17Z,2.5211
2026-02-14T15:01:43Z,3.3273
2026-02-14T15:07:44Z,2.186
2026-02-14T15:14:42Z,3.0761
2026-02-14T15:25:01Z,2.9872
2026-02-14T15:28:04Z,2.7114
2026-02-14T15:34:14Z,3.1715
2026-02-14T15:36:41Z,2.6614
2026-02-14T16:24:03Z,1.9731
2026-02-14T16:25:16Z,2.3991
2026-02-14T16:28:36Z,2.8862
2026-02-14T16:33:18Z,2.4869
2026-02-14T16:36:40Z,3.2094
2026-02-14T16:39:55Z,2.9867
2026-02-14T16:57:23Z,2.2316
2026-02-14T17:07:19Z,3.1797
2026-02-14T17:26:43Z,2.9425
2026-02-14T17:46:28Z,2.1749
2026-02-14T17:51:04Z,2.4677
2026-02-14T17:53:25Z,1.7703
2026-02-14T17:59:17Z,2.4319
2026-02-14T18:08:20Z,2.4295
2026-02-14T18:12:33Z,2.2941
2026-02-14T18:14:01Z,2.3879
2026-02-14T18:16:50Z,2.3086
2026-02-14T18:21:07Z,3.113
2026-02-14T18:21:12Z,2.4652
2026-02-14T18:22:17Z,2.951
2026-02-14T18:44:21Z,1.8384
2026-02-14T18:50:56Z,3.015
2026-02-14T18:58:39Z,2.3499
2026-02-14T19:01:12Z,2.8506
2026-02-14T19:07:22Z,2.6699
2026-02-14T19:07:26Z,1.677
2026-02-14T19:11:08Z,2.5763
2026-02-14T19:12:14Z,2.7596
2026-02-14T19:28:19Z,3.4084
2026-02-14T19:30:47Z,2.0481
2026-02-14T19:58:39Z,2.1809
2026-02-14T20:05:10Z,2.9469
2026-02-14T20:11:05Z,2.6964
2026-02-14T20:14:10Z,2.1752
2026-02-14T20:38:15Z,3.3626
2026-02-14T20:39:33Z,2.5071
2026-02-14T20:57:50Z,2.7141
2026-02-14T21:11:13Z,2.6783
2026-02-14T21:12:13Z,2.6654
2026-02-14T21:14:12Z,2.6769
2026-02-14T21:20:33Z,2.4575
2026-02-14T21:30:08Z,2.3566
2026-02-14T21:30:25Z,3.1295
2026-02-14T21:38:08Z,2.7655
2026-02-14T21:41:45Z,2.7008
2026-02-14T21:46:19Z,2.4074
2026-02-14T22:01:11Z,2.9341
2026-02-14T22:09:47Z,2.7291
2026-02-14T22:42:26Z,2.3887
2026-02-14T22:44:37Z,3.2229
2026-02-14T23:17:55Z,2.1282
2026-02-14T23:23:47Z,1.656
2026-02-14T23:40:17Z,2.3561
2026-02-14T23:47:06Z,2.9429
2026-02-15T00:18:03Z,2.7813
2026-02-15T00:49:29Z,2.2154
2026-02-15T00:58:41Z,2.6988
2026-02-15T01:04:38Z,2.8274
2026-02-15T01:07:50Z,3.062
2026-02-15T01:16:09Z,2.9196
2026-02-15T01:18:27Z,2.4849
2026-02-15T01:22:46Z,2.3721
2026-02-15T01:26:45Z,2.6277
2026-02-15T01:43:02Z,2.976
2026-02-15T01:43:37Z,2.5503
2026-02-15T01:43:53Z,2.7147
2026-02-15T01:52:35Z,2.3938
2026-02-15T01:52:54Z,2.468
2026-02-15T02:01:03Z,2.0775
2026-02-15T02:12:04Z,2.6873
2026-02-15T02:29:04Z,2.2278
2026-02-15T02:29:13Z,1.5686
2026-02-15T02:30:40Z,2.797
2026-02-15T02:32:10Z,2.4316
2026-02-15T02:37:22Z,2.8025
2026-02-15T02:55:41Z,2.1926
2026-02-15T03:05:16Z,2.8918
2026-02-15T03:13:22Z,2.9823
2026-02-15T03:25:32Z,1.8709
2026-02-15T03:36:12Z,3.1597
2026-02-15T03:44:30Z,2.7561
2026-02-15T03:53:10Z,2.7942
2026-02-15T04:04:06Z,2.6403
2026-02-15T04:22:19Z,2.0723
2026-02-15T04:30:10Z,2.6063
2026-02-15T04:58:00Z,2.6141
2026-02-15T05:09:56Z,2.4718
2026-02-15T05:22:30Z,2.602
2026-02-15T05:25:35Z,1.9333
2026-02-15T05:29:36Z,3.2471
2026-02-15T05:35:56Z,3.1363
2026-02-15T06:37:09Z,2.4499
2026-02-15T06:46:58Z,3.2318
2026-02-15T06:49:52Z,3.0304
2026-02-15T07:20:19Z,3.3116
2026-02-15T07:35:54Z,2.5292
2026-02-15T08:00:18Z,3.8537
2026-02-15T08:01:36Z,2.5946
2026-02-15T08:25:09Z,2.7114
2026-02-15T08:34:27Z,2.9457
2026-02-15T08:39:02Z,2.9811
2026-02-15T08:44:39Z,2.5054
2026-02-15T08:45:22Z,3.4502
2026-02-15T08:52:34Z,2.527
2026-02-15T09:14:25Z,2.0626
2026-02-15T09:21:44Z,3.0435
2026-02-15T09:26:08Z,2.7742
2026-02-15T09:28:05Z,2.1803
2026-02-15T09:37:27Z,1.8971
2026-02-15T10:24:39Z,2.0419
2026-02-15T10:24:46Z,2.7499
2026-02-15T10:30:14Z,2.2988
2026-02-15T10:43:58Z,2.9785
2026-02-15T11:08:13Z,2.3868
2026-02-15T11:42:05Z,2.7344
2026-02-15T11:44:49Z,2.3903
2026-02-15T12:00:26Z,2.2854
2026-02-15T12:06:52Z,2.7536
2026-02-15T12:13:11Z,2.7933
2026-02-15T12:23:43Z,2.822
2026-02-15T12:30:04Z,2.9586
2026-02-15T12:31:25Z,2.1231
2026-02-15T12:32:06Z,2.6683
2026-02-15T12:34:09Z,2.7132
2026-02-15T12:46:19Z,2.3796
2026-02-15T12:58:15Z,3.5158
2026-02-15T13:02:25Z,2.2974
2026-02-15T13:06:58Z,3.3378
2026-02-15T13:08:32Z,3.1043
2026-02-15T13:20:36Z,2.3122
2026-02-15T13:28:17Z,2.7211
2026-02-15T13:44:14Z,2.7021
2026-02-15T13:45:41Z,2.2139
2026-02-15T13:58:28Z,2.9017
2026-02-15T14:01:12Z,2.4874
2026-02-15T14:10:03Z,3.2108
2026-02-15T14:12:41Z,2.291
2026-02-15T14:24:07Z,2.8307
2026-02-15T14:35:41Z,2.8977
2026-02-15T14:41:05Z,2.9396
2026-02-15T14:41:35Z,3.5886
2026-02-15T14:43:46Z,2.1283
2026-02-15T15:46:20Z,2.6397
2026-02-15T15:51:38Z,2.3456
2026-02-15T16:02:26Z,2.7475
2026-02-15T16:05:44Z,2.6901
2026-02-15T16:37:59Z,3.0858
2026-02-15T16:40:05Z,2.2126
2026-02-15T17:05:41Z,2.8815
2026-02-15T17:11:07Z,2.0992
2026-02-15T17:11:19Z,3.0603
2026-02-15T17:20:05Z,1.2324
2026-02-15T17:39:01Z,2.5014
2026-02-15T17:42:13Z,2.113
2026-02-15T17:53:33Z,2.3187
2026-02-15T17:58:18Z,2.6817
2026-02-15T18:14:46Z,2.5526
2026-02-15T18:44:21Z,3.62
2026-02-15T18:46:56Z,2.6873
2026-02-15T18:51:48Z,1.6829
2026-02-15T18:54:25Z,3.2068
2026-02-15T18:55:57Z,2.085
2026-02-15T19:03:30Z,2.3547
2026-02-15T19:13:00Z,2.048
2026-02-15T19:15:38Z,2.9736
2026-02-15T19:33:52Z,2.8732
2026-02-15T19:51:15Z,2.8989
2026-02-15T19:54:24Z,3.1288
2026-02-15T19:56:16Z,2.6429
2026-02-15T20:04:17Z,2.4102
2026-02-15T20:15:33Z,3.1584
2026-02-15T20:26:56Z,3.0028
2026-02-15T20:27:19Z,2.9008
2026-02-15T20:33:47Z,2.6971
2026-02-15T20:39:51Z,3.3784
2026-02-15T20:43:08Z,1.9872
2026-02-15T20:46:55Z,2.6817
2026-02-15T20:55:35Z,2.208
2026-02-15T21:16:08Z,1.7587
2026-02-15T21:27:48Z,1.6403
2026-02-15T21:38:27Z,2.424
2026-02-15T21:40:50Z,2.8444
2026-02-15T21:57:32Z,3.6103
2026-02-15T22:05:30Z,2.094
2026-02-15T22:08:54Z,1.8806
2026-02-15T22:19:35Z,2.7714
2026-02-15T22:45:30Z,2.4656
2026-02-15T23:00:04Z,2.7295
2026-02-15T23:01:16Z,2.5253
2026-02-15T23:22:32Z,2.2712
2026-02-15T23:29:23Z,2.7127
2026-02-15T23:32:10Z,2.2538
2026-02-15T23:48:34Z,2.4117
2026-02-15T23:56:10Z,2.5707
2026-02-16T00:04:25Z,2.4792
2026-02-16T00:06:51Z,1.2503
2026-02-16T00:10:42Z,2.3798
2026-02-16T00:18:22Z,3.3979
2026-02-16T00:38:15Z,2.9736
2026-02-16T00:44:04Z,2.5876
2026-02-16T00:49:17Z,2.4582
2026-02-16T00:50:21Z,2.2985
2026-02-16T01:01:34Z,2.9939
2026-02-16T01:03:00Z,2.6855
2026-02-16T01:07:48Z,3.1756
2026-02-16T01:09:22Z,2.5948
2026-02-16T01:11:50Z,3.1766
2026-02-16T01:23:19Z,2.1444
2026-02-16T01:37:51Z,2.8033
2026-02-16T01:51:26Z,2.5466
2026-02-16T01:56:22Z,2.6106
2026-02-16T02:19:09Z,2.3294
2026-02-16T02:22:00Z,2.5644
2026-02-16T02:22:32Z,3.132
2026-02-16T02:41:13Z,2.5353
2026-02-16T02:51:39Z,2.943
2026-02-16T03:00:17Z,2.5513
2026-02-16T03:22:51Z,2.1304
2026-02-16T03:32:09Z,2.9666
2026-02-16T03:51:28Z,2.342
2026-02-16T03:52:16Z,2.153
2026-02-16T04:11:05Z,2.7077
2026-02-16T04:14:35Z,3.0441
2026-02-16T04:30:44Z,2.8739
2026-02-16T04:35:08Z,3.0659
2026-02-16T04:51:48Z,2.0694
2026-02-16T04:59:54Z,2.1845
2026-02-16T05:04:39Z,3.0322
2026-02-16T05:13:45Z,2.1548
2026-02-16T05:21:58Z,2.4269
2026-02-16T05:32:30Z,2.4879
2026-02-16T05:59:43Z,2.4105
2026-02-16T06:17:29Z,2.203
2026-02-16T06:21:39Z,2.9545
2026-02-16T06:29:23Z,2.203
2026-02-16T06:34:11Z,2.6623
2026-02-16T06:40:33Z,2.9034
2026-02-16T07:01:09Z,2.8287
2026-02-16T07:08:06Z,2.5489
2026-02-16T07:09:25Z,2.5014
2026-02-16T07:21:43Z,2.7721
2026-02-16T07:22:36Z,3.3762
2026-02-16T07:23:26Z,2.1448
2026-02-16T07:25:47Z,2.3521
2026-02-16T07:28:24Z,2.7058
2026-02-16T07:30:11Z,2.5775
2026-02-16T08:03:06Z,2.2809
2026-02-16T08:09:38Z,2.7772
2026-02-16T08:18:10Z,3.1272
2026-02-16T08:22:02Z,3.1581
2026-02-16T08:44:16Z,2.4059
2026-02-16T08:54:43Z,2.3325
2026-02-16T09:07:11Z,2.6076
2026-02-16T09:09:43Z,1.9564
2026-02-16T09:27:03Z,3.0442
2026-02-16T09:34:53Z,2.1004
2026-02-16T09:36:18Z,2.0797
2026-02-16T09:36:20Z,2.4784
2026-02-16T09:37:28Z,2.5441
2026-02-16T09:48:54Z,2.4233
2026-02-16T10:01:53Z,2.9115
2026-02-16T10:04:26Z,2.5302
2026-02-16T10:25:48Z,2.7924
2026-02-16T10:35:53Z,3.1669
2026-02-16T10:46:10Z,2.0174
2026-02-16T10:57:06Z,2.855
2026-02-16T11:10:22Z,2.409
2026-02-16T11:14:02Z,2.9285
2026-02-16T11:39:41Z,2.0951
2026-02-16T11:42:59Z,3.2764
2026-02-16T11:45:08Z,2.7568
2026-02-16T11:46:55Z,3.2295
2026-02-16T11:48:57Z,1.8597
2026-02-16T12:00:46Z,2.8793
2026-02-16T12:01:18Z,3.3038
2026-02-16T12:01:44Z,2.7789
2026-02-16T12:06:37Z,2.4135
2026-02-16T12:27:02Z,2.6888
2026-02-16T12:35:06Z,2.2091
2026-02-16T12:36:48Z,2.6444
2026-02-16T12:56:27Z,3.0988
2026-02-16T13:07:34Z,2.428
2026-02-16T13:12:46Z,2.1956
2026-02-16T13:42:10Z,2.4285
2026-02-16T13:47:37Z,3.0482
2026-02-16T14:32:24Z,3.1913
2026-02-16T14:32:58Z,3.3329
2026-02-16T14:34:57Z,2.9573
2026-02-16T14:39:56Z,2.9231
2026-02-16T14:55:04Z,3.1989
2026-02-16T14:56:37Z,1.94
2026-02-16T15:04:48Z,3.2553
2026-02-16T15:06:31Z,2.7951
2026-02-16T15:24:52Z,2.598
2026-02-16T15:29:23Z,2.5848
2026-02-16T16:21:15Z,2.8707
2026-02-16T16:43:02Z,2.4913
2026-02-16T16:46:41Z,3.2882
2026-02-16T16:48:02Z,2.6189
2026-02-16T16:55:50Z,3.1002
2026-02-16T17:14:17Z,2.5358
2026-02-16T17:18:45Z,2.9689
2026-02-16T17:55:18Z,2.528
2026-02-16T17:55:42Z,2.2145
2026-02-16T18:20:47Z,2.6123
2026-02-16T18:21:25Z,2.3538
2026-02-16T18:24:24Z,2.2996
2026-02-16T18:36:27Z,2.3071
2026-02-16T18:37:13Z,3.2708
2026-02-16T18:46:44Z,3.2122
2026-02-16T19:05:56Z,2.2832
2026-02-16T19:09:54Z,2.8417
2026-02-16T19:24:58Z,2.8777
2026-02-16T19:25:08Z,2.5021
2026-02-16T19:32:05Z,2.5435
2026-02-16T19:32:15Z,2.5257
2026-02-16T20:05:12Z,2.1732
2026-02-16T20:22:57Z,2.6653
2026-02-16T20:29:07Z,3.2843
2026-02-16T20:29:15Z,2.4475
2026-02-16T20:30:59Z,1.9623
2026-02-16T20:41:37Z,2.4875
2026-02-16T20:49:01Z,1.7693
2026-02-16T21:00:46Z,2.9666
2026-02-16T21:08:32Z,2.9236
2026-02-16T21:13:50Z,2.5451
2026-02-16T21:26:55Z,2.4624
2026-02-16T21:43:22Z,2.7087
2026-02-16T21:45:01Z,2.383
2026-02-16T21:48:17Z,2.0967
2026-02-16T21:48:50Z,2.7635
2026-02-16T21:50:24Z,2.394
2026-02-16T21:50:33Z,2.4937
2026-02-16T21:53:41Z,2.8652
2026-02-16T22:00:41Z,2.1506
2026-02-16T22:34:38Z,2.617
2026-02-16T22:47:52Z,2.5553
2026-02-16T22:57:54Z,2.659
2026-02-16T23:09:14Z,2.2826
2026-02-16T23:32:51Z,2.1622
2026-02-16T23:44:23Z,2.7904
2026-02-17T00:03:49Z,2.8293
2026-02-17T00:09:54Z,2.4711
2026-02-17T00:13:51Z,2.469
2026-02-17T00:22:20Z,3.0235
2026-02-17T00:55:05Z,2.7188
2026-02-17T01:03:33Z,3.0529
2026-02-17T01:04:38Z,2.4964
2026-02-17T01:06:31Z,2.613
2026-02-17T01:22:29Z,2.7687
2026-02-17T01:34:59Z,3.1675
2026-02-17T01:48:02Z,2.3664
2026-02-17T02:01:35Z,2.6167
2026-02-17T02:02:06Z,2.4965
2026-02-17T02:13:34Z,2.1012
2026-02-17T02:29:37Z,2.7098
2026-02-17T02:31:16Z,2.3258
2026-02-17T02:35:08Z,2.0517
2026-02-17T02:43:42Z,2.6765
2026-02-17T02:50:29Z,2.8325
2026-02-17T02:50:38Z,2.5794
2026-02-17T02:55:10Z,3.1007
2026-02-17T03:07:03Z,1.9443
2026-02-17T03:15:30Z,2.5019
2026-02-17T03:19:27Z,3.3955
2026-02-17T03:19:52Z,3.0104
2026-02-17T03:20:06Z,2.9098
2026-02-17T03:23:04Z,2.6896
2026-02-17T03:26:25Z,3.5004
2026-02-17T03:46:18Z,2.0368
2026-02-17T03:46:59Z,2.6098
2026-02-17T04:03:25Z,2.5119
2026-02-17T04:06:53Z,2.5961
2026-02-17T04:40:47Z,2.6399
2026-02-17T05:00:45Z,2.2903
2026-02-17T05:02:33Z,2.557
2026-02-17T05:03:33Z,2.5899
2026-02-17T05:09:40Z,3.0629
2026-02-17T05:24:08Z,2.7579
2026-02-17T05:40:52Z,2.4587
2026-02-17T05:45:10Z,2.0369
2026-02-17T05:49:40Z,2.1279
2026-02-17T06:04:27Z,2.2683
2026-02-17T06:05:56Z,2.6334
2026-02-17T06:13:34Z,2.6052
2026-02-17T06:18:41Z,2.3525
2026-02-17T06:28:16Z,2.5266
2026-02-17T06:37:36Z,2.9793
2026-02-17T06:50:14Z,2.0773
2026-02-17T06:59:19Z,2.8105
2026-02-17T07:07:47Z,2.4802
2026-02-17T07:20:57Z,2.4758
2026-02-17T07:22:09Z,2.413
2026-02-17T07:23:11Z,3.5466
2026-02-17T07:31:01Z,3.1266
2026-02-17T07:45:02Z,2.9838
2026-02-17T07:54:56Z,2.665
2026-02-17T08:06:06Z,3.0306
2026-02-17T08:24:02Z,2.4983
2026-02-17T08:39:31Z,2.9871
2026-02-17T08:40:49Z,2.7082
2026-02-17T08:53:52Z,2.5272
2026-02-17T08:55:39Z,2.7373
2026-02-17T09:11:54Z,2.6901
2026-02-17T09:12:40Z,2.989
2026-02-17T09:18:09Z,2.4468
2026-02-17T09:24:36Z,2.3596
2026-02-17T09:29:52Z,2.4724
2026-02-17T09:38:45Z,1.7096
2026-02-17T09:51:44Z,2.4257
2026-02-17T09:52:14Z,2.7092
2026-02-17T10:00:19Z,2.4566
2026-02-17T10:04:55Z,2.7673
2026-02-17T10:13:05Z,2.9717
2026-02-17T10:45:50Z,2.4367
2026-02-17T10:56:28Z,2.7729
2026-02-17T11:07:13Z,3.337
2026-02-17T11:09:06Z,2.6969
2026-02-17T11:52:21Z,2.7586
2026-02-17T12:01:38Z,2.3501
2026-02-17T12:13:15Z,3.1992
2026-02-17T12:30:25Z,2.5643
2026-02-17T12:39:33Z,2.0717
2026-02-17T12:59:16Z,2.6509
2026-02-17T13:01:54Z,3.1096
2026-02-17T13:25:52Z,2.9575
2026-02-17T13:26:30Z,2.7589
2026-02-17T13:31:52Z,2.9383
2026-02-17T13:39:01Z,2.5793
2026-02-17T13:52:15Z,3.4509
2026-02-17T13:52:35Z,2.6356
2026-02-17T13:53:23Z,2.1558
2026-02-17T13:56:12Z,2.9677
2026-02-17T14:18:19Z,2.9999
2026-02-17T14:20:02Z,2.006
2026-02-17T14:25:46Z,2.0905
2026-02-17T14:28:50Z,2.5882
2026-02-17T14:37:56Z,3.048
2026-02-17T14:39:02Z,2.0739
2026-02-17T14:40:36Z,3.076
2026-02-17T14:47:33Z,2.909
2026-02-17T14:52:13Z,2.1214
2026-02-17T14:54:29Z,2.7187
2026-02-17T14:56:25Z,2.8198
2026-02-17T15:15:27Z,2.5576
2026-02-17T15:45:50Z,3.0297
2026-02-17T15:52:05Z,2.5535
2026-02-17T15:59:41Z,2.3864
2026-02-17T16:00:24Z,2.8385
2026-02-17T16:06:55Z,2.007
2026-02-17T16:11:37Z,3.7038
2026-02-17T16:16:47Z,3.04
2026-02-17T16:26:58Z,2.7264
2026-02-17T16:28:11Z,2.1255
2026-02-17T16:35:07Z,2.3128
2026-02-17T16:37:05Z,2.0643
2026-02-17T16:41:48Z,2.8386
2026-02-17T16:44:31Z,3.3077
2026-02-17T16:48:35Z,2.7709
2026-02-17T17:05:50Z,2.7352
2026-02-17T17:17:42Z,2.8841
2026-02-17T17:18:08Z,2.2498
2026-02-17T17:26:15Z,2.5403
2026-02-17T17:46:06Z,1.9525
2026-02-17T17:53:02Z,2.5739
2026-02-17T17:54:15Z,2.2413
2026-02-17T18:03:15Z,1.8147
2026-02-17T18:45:50Z,2.1412
2026-02-17T18:49:12Z,2.3702
2026-02-17T19:20:44Z,2.7876
2026-02-17T19:25:09Z,2.2106
2026-02-17T19:33:13Z,2.0657
2026-02-17T19:57:27Z,2.5047
2026-02-17T19:58:40Z,2.3639
2026-02-17T20:08:26Z,1.9357
2026-02-17T20:11:45Z,2.2365
2026-02-17T20:37:42Z,2.4364
2026-02-17T20:38:31Z,2.9
2026-02-17T20:52:24Z,2.0416
2026-02-17T21:05:46Z,2.5516
2026-02-17T21:27:03Z,2.5591
2026-02-17T21:27:08Z,2.9714
2026-02-17T21:31:57Z,2.0673
2026-02-17T21:35:08Z,2.0779
2026-02-17T21:38:17Z,2.6957
2026-02-17T21:59:03Z,2.9949
2026-02-17T22:02:47Z,2.1199
2026-02-17T22:03:07Z,2.875
2026-02-17T22:15:14Z,2.0525
2026-02-17T22:16:29Z,3.0642
2026-02-17T22:19:14Z,2.4568
2026-02-17T22:23:31Z,2.7264
2026-02-17T22:26:13Z,2.7384
2026-02-17T22:26:46Z,3.2302
2026-02-17T22:31:11Z,2.6025
2026-02-17T22:58:37Z,2.9863
2026-02-17T23:02:26Z,2.2425
2026-02-17T23:02:30Z,2.576
2026-02-17T23:10:40Z,1.9261
2026-02-17T23:14:17Z,3.2676
2026-02-17T23:19:28Z,2.9441
2026-02-17T23:22:04Z,2.5767
2026-02-17T23:22:16Z,2.7903
2026-02-17T23:23:11Z,1.9696
2026-02-17T23:33:35Z,2.6364
2026-02-17T23:34:25Z,2.6492
2026-02-17T23:37:31Z,2.7021
2026-02-17T23:40:24Z,2.351
2026-02-17T23:44:07Z,2.4621
2026-02-17T23:44:50Z,3.0408
2026-02-17T23:49:10Z,2.7089
2026-02-18T00:10:51Z,2.3432
2026-02-18T00:29:00Z,2.2464
2026-02-18T00:40:35Z,2.7013
2026-02-18T00:51:34Z,3.0692
2026-02-18T00:56:00Z,2.8305
2026-02-18T01:10:13Z,2.5668
2026-02-18T01:14:36Z,2.4311
2026-02-18T01:18:37Z,2.1019
2026-02-18T01:18:41Z,2.8242
2026-02-18T01:26:26Z,2.7202
2026-02-18T01:38:22Z,2.9481
2026-02-18T01:44:25Z,3.3409
2026-02-18T02:01:13Z,2.0971
2026-02-18T02:44:08Z,3.1029
2026-02-18T02:55:00Z,3.0605
2026-02-18T02:58:03Z,1.791
2026-02-18T03:11:56Z,1.6534
2026-02-18T03:13:33Z,2.7754
2026-02-18T03:13:44Z,2.3314
2026-02-18T03:21:48Z,2.0214
2026-02-18T03:30:51Z,1.9169
2026-02-18T03:34:25Z,3.0387
2026-02-18T03:42:35Z,2.2138
2026-02-18T03:44:10Z,3.1052
2026-02-18T04:00:06Z,2.5679
2026-02-18T04:19:37Z,2.9251
2026-02-18T04:20:28Z,2.4042
2026-02-18T04:23:39Z,2.5097
2026-02-18T04:39:21Z,3.0159
2026-02-18T04:39:26Z,1.9894
2026-02-18T04:45:27Z,2.5057
2026-02-18T04:47:47Z,2.5538
2026-02-18T04:50:05Z,1.9949
2026-02-18T04:54:34Z,2.7286
2026-02-18T04:56:41Z,1.8402
2026-02-18T05:05:55Z,2.5026
2026-02-18T05:11:52Z,3.0237
2026-02-18T05:16:13Z,2.5168
2026-02-18T05:22:42Z,2.4055
2026-02-18T05:37:11Z,3.1343
2026-02-18T05:43:26Z,2.5162
2026-02-18T05:46:34Z,2.4043
2026-02-18T05:51:36Z,2.7748
2026-02-18T06:06:52Z,2.6303
2026-02-18T06:07:48Z,2.1974
2026-02-18T06:18:56Z,3.023
2026-02-18T06:27:08Z,2.7791
2026-02-18T06:35:20Z,2.8534
2026-02-18T06:40:55Z,1.5348
2026-02-18T06:46:14Z,2.802
2026-02-18T06:50:23Z,1.6579
2026-02-18T06:53:25Z,2.8639
2026-02-18T07:19:36Z,2.3291
2026-02-18T07:23:20Z,2.327
2026-02-18T07:25:45Z,3.1999
2026-02-18T07:40:43Z,3.0205
2026-02-18T07:49:51Z,2.4759
2026-02-18T08:05:31Z,2.626
2026-02-18T08:12:37Z,2.2183
2026-02-18T08:24:16Z,2.8541
2026-02-18T08:26:31Z,3.125
2026-02-18T08:26:47Z,2.4716
2026-02-18T08:32:25Z,2.7588
2026-02-18T08:36:48Z,3.0068
2026-02-18T08:51:43Z,2.3172
2026-02-18T08:54:42Z,2.5117
2026-02-18T08:55:17Z,2.5973
2026-02-18T09:01:18Z,1.8236
2026-02-18T09:24:05Z,3.0269
2026-02-18T09:30:20Z,2.659
2026-02-18T09:31:40Z,3.3503
2026-02-18T09:34:43Z,2.7398
2026-02-18T09:51:12Z,2.538
2026-02-18T09:54:19Z,2.1313
2026-02-18T10:06:49Z,3.3403
2026-02-18T10:12:32Z,2.3922
2026-02-18T10:14:41Z,2.0962
2026-02-18T10:15:05Z,2.582
2026-02-18T10:32:39Z,2.2968
2026-02-18T10:34:57Z,2.7738
2026-02-18T10:39:15Z,2.3106
2026-02-18T11:00:04Z,1.7151
2026-02-18T11:00:06Z,2.0808
2026-02-18T11:01:34Z,3.3264
2026-02-18T11:03:00Z,3.6907
2026-02-18T11:03:33Z,3.2757
2026-02-18T11:07:05Z,2.7405
2026-02-18T11:07:31Z,2.9251
2026-02-18T11:10:38Z,2.9802
2026-02-18T11:14:30Z,3.1554
2026-02-18T11:15:22Z,2.5186
2026-02-18T11:15:57Z,2.8574
2026-02-18T11:28:05Z,2.2616
2026-02-18T11:28:48Z,2.09
2026-02-18T11:41:45Z,2.8221
2026-02-18T11:45:04Z,2.0312
2026-02-18T11:53:40Z,1.9678
2026-02-18T11:54:43Z,2.6075
2026-02-18T12:00:12Z,2.5601
2026-02-18T12:01:19Z,2.5992
2026-02-18T12:07:00Z,2.2034
2026-02-18T12:18:13Z,2.4279
2026-02-18T12:19:41Z,2.6854
2026-02-18T12:21:51Z,2.269
2026-02-18T12:56:53Z,2.8142
2026-02-18T13:06:08Z,2.1582
2026-02-18T13:30:12Z,2.987
2026-02-18T13:33:46Z,2.3673
2026-02-18T13:41:04Z,2.078
2026-02-18T13:48:06Z,2.3436
2026-02-18T13:48:30Z,2.5672
2026-02-18T13:59:22Z,3.1153
2026-02-18T14:21:56Z,2.4882
2026-02-18T14:32:53Z,1.816
2026-02-18T14:36:05Z,2.4152
2026-02-18T14:36:23Z,2.2813
2026-02-18T14:41:06Z,2.5683
2026-02-18T14:49:03Z,2.3668
2026-02-18T14:49:05Z,3.4386
2026-02-18T14:51:00Z,1.8873
2026-02-18T14:57:49Z,2.2242
2026-02-18T15:03:09Z,2.3389
2026-02-18T15:17:55Z,2.2304
2026-02-18T15:30:32Z,2.1899
2026-02-18T15:31:32Z,2.4832
2026-02-18T16:00:29Z,2.7113
2026-02-18T16:23:37Z,2.5796
2026-02-18T16:25:33Z,3.1662
2026-02-18T16:30:29Z,2.175
2026-02-18T16:33:14Z,2.707
2026-02-18T16:52:36Z,2.5319
2026-02-18T17:00:44Z,2.431
2026-02-18T17:02:46Z,2.2747
2026-02-18T18:05:09Z,2.7751
2026-02-18T18:17:20Z,2.6577
2026-02-18T18:22:08Z,2.4039
2026-02-18T18:48:59Z,2.7388
2026-02-18T18:50:33Z,2.2063
2026-02-18T18:54:54Z,3.3879
2026-02-18T18:57:51Z,3.1063
2026-02-18T18:58:34Z,2.6425
2026-02-18T19:05:14Z,2.594
2026-02-18T19:16:22Z,2.3335
2026-02-18T19:26:34Z,2.4567
2026-02-18T19:30:03Z,2.4009
2026-02-18T19:34:39Z,2.4614
2026-02-18T19:36:38Z,3.4806
2026-02-18T19:48:04Z,2.3303
2026-02-18T19:59:41Z,2.3548
2026-02-18T20:13:24Z,2.2918
2026-02-18T20:30:04Z,2.5159
2026-02-18T20:48:08Z,3.1839
2026-02-18T21:00:54Z,2.3577
2026-02-18T21:22:19Z,3.5342
2026-02-18T21:43:45Z,3.0981
2026-02-18T22:03:53Z,2.9253
2026-02-18T22:06:20Z,2.3581
2026-02-18T22:15:38Z,2.1877
2026-02-18T22:23:32Z,2.9007
2026-02-18T22:26:32Z,2.5112
2026-02-18T22:50:22Z,3.435
2026-02-18T22:57:15Z,2.5906
2026-02-18T23:02:10Z,2.6844
2026-02-18T23:02:50Z,2.014
2026-02-18T23:13:14Z,2.3704
2026-02-18T23:18:53Z,2.377
2026-02-18T23:22:59Z,2.2877
2026-02-18T23:25:07Z,2.7231
2026-02-19T00:07:18Z,2.5048
2026-02-19T00:13:28Z,2.3967
2026-02-19T00:20:42Z,2.7703
2026-02-19T00:27:55Z,2.9653
2026-02-19T00:45:33Z,1.8915
2026-02-19T00:45:39Z,2.8696
2026-02-19T00:48:34Z,2.9103
2026-02-19T00:52:02Z,2.9379
2026-02-19T00:58:45Z,2.8785
2026-02-19T01:05:38Z,2.9932
2026-02-19T02:00:12Z,2.3194
2026-02-19T02:03:34Z,2.3863
2026-02-19T02:19:40Z,2.4419
2026-02-19T02:34:14Z,2.3072
2026-02-19T03:04:47Z,2.2054
2026-02-19T03:24:55Z,2.6022
2026-02-19T03:25:00Z,3.2968
2026-02-19T03:48:26Z,2.3639
2026-02-19T03:49:31Z,2.705
2026-02-19T03:50:06Z,3.0532
2026-02-19T04:06:03Z,3.0835
2026-02-19T04:11:31Z,2.4839
2026-02-19T04:53:40Z,2.3699
2026-02-19T05:01:27Z,2.3578
2026-02-19T05:08:01Z,1.7426
2026-02-19T05:33:30Z,2.5873
2026-02-19T06:01:02Z,1.9826
2026-02-19T06:15:41Z,1.7813
2026-02-19T06:25:53Z,2.2431
2026-02-19T06:26:37Z,3.239
2026-02-19T06:36:06Z,3.1427
2026-02-19T06:47:16Z,2.2752
2026-02-19T06:49:53Z,2.1146
2026-02-19T06:51:13Z,3.2409
2026-02-19T07:02:38Z,3.4612
2026-02-19T07:03:15Z,2.0167
2026-02-19T07:13:43Z,3.2358
2026-02-19T07:20:31Z,2.3592
2026-02-19T07:29:09Z,2.9773
2026-02-19T07:32:39Z,2.9898
2026-02-19T07:57:54Z,3.2591
2026-02-19T08:00:04Z,2.813
2026-02-19T08:07:38Z,2.598
2026-02-19T08:10:14Z,2.8304
2026-02-19T08:14:31Z,2.8488
2026-02-19T08:32:53Z,2.777
2026-02-19T08:55:37Z,1.9518
2026-02-19T09:03:52Z,2.1524
2026-02-19T09:07:16Z,2.6744
2026-02-19T09:07:38Z,2.3043
2026-02-19T09:09:12Z,2.837
2026-02-19T09:12:26Z,2.7194
2026-02-19T09:50:55Z,3.3014
2026-02-19T09:57:16Z,2.4182
2026-02-19T09:57:48Z,2.3132
2026-02-19T10:06:07Z,2.8545
2026-02-19T10:06:47Z,2.9896
2026-02-19T10:10:41Z,2.0576
2026-02-19T10:18:47Z,3.0966
2026-02-19T10:19:03Z,2.7122
2026-02-19T10:26:32Z,2.4105
2026-02-19T10:57:49Z,1.973
2026-02-19T11:09:16Z,2.5598
2026-02-19T11:19:39Z,2.9255
2026-02-19T11:20:00Z,2.4097
2026-02-19T11:20:09Z,2.4948
2026-02-19T11:28:44Z,1.9201
2026-02-19T11:34:43Z,2.9119
2026-02-19T11:38:29Z,3.0288
2026-02-19T11:39:07Z,2.56
2026-02-19T11:47:58Z,2.3305
2026-02-19T11:50:35Z,2.5067
2026-02-19T11:52:00Z,2.4099
2026-02-19T11:53:46Z,2.3113
2026-02-19T11:59:40Z,2.82
2026-02-19T12:12:59Z,2.667
2026-02-19T12:14:29Z,3.1497
2026-02-19T12:16:43Z,2.5483
2026-02-19T12:32:49Z,2.8925
2026-02-19T12:38:30Z,2.349
2026-02-19T12:40:43Z,2.4507
2026-02-19T12:49:21Z,2.6068
2026-02-19T13:45:11Z,2.3306
2026-02-19T13:45:26Z,2.1686
2026-02-19T14:11:05Z,2.2254
2026-02-19T15:13:56Z,2.3688
2026-02-19T15:19:15Z,2.5308
2026-02-19T15:25:25Z,2.4166
2026-02-19T15:25:45Z,1.9092
2026-02-19T15:40:26Z,2.7867
2026-02-19T15:48:58Z,2.2153
2026-02-19T15:52:35Z,2.2031
2026-02-19T16:00:33Z,2.0137
2026-02-19T16:07:49Z,2.5708
2026-02-19T16:16:17Z,2.9175
2026-02-19T16:39:01Z,2.458
2026-02-19T16:47:15Z,3.4059
2026-02-19T17:06:26Z,2.4382
2026-02-19T17:18:26Z,2.412
2026-02-19T17:28:09Z,2.9563
2026-02-19T17:55:44Z,2.6513
2026-02-19T18:02:52Z,2.3488
2026-02-19T18:20:00Z,3.0694
2026-02-19T18:21:27Z,3.2684
2026-02-19T18:24:27Z,2.2405
2026-02-19T18:39:10Z,2.9579
2026-02-19T18:45:47Z,2.766
2026-02-19T19:06:30Z,2.3503
2026-02-19T19:14:29Z,2.0412
2026-02-19T19:21:38Z,2.866
2026-02-19T19:23:45Z,2.3761
2026-02-19T19:26:28Z,3.0466
2026-02-19T19:42:45Z,2.9227
2026-02-19T19:44:35Z,2.3563
2026-02-19T19:48:06Z,2.5662
2026-02-19T20:00:03Z,2.0993
2026-02-19T20:09:26Z,2.6327
2026-02-19T20:14:37Z,2.5341
2026-02-19T20:14:40Z,1.4316
2026-02-19T20:57:31Z,2.7654
2026-02-19T20:58:37Z,2.9596
2026-02-19T20:59:47Z,2.9667
2026-02-19T21:01:55Z,2.7592
2026-02-19T21:09:09Z,2.2765
2026-02-19T21:21:35Z,3.2373
2026-02-19T21:28:30Z,2.6255
2026-02-19T21:31:23Z,2.9208
2026-02-19T21:40:05Z,2.9378
2026-02-19T21:44:54Z,2.2995
2026-02-19T22:03:15Z,2.6234
2026-02-19T22:12:47Z,2.5445
2026-02-19T22:55:55Z,3.0648
2026-02-19T22:58:57Z,2.3729
2026-02-19T23:01:29Z,2.0392
2026-02-19T23:05:19Z,2.056
2026-02-19T23:22:43Z,1.7123
2026-02-19T23:24:46Z,2.7277
2026-02-19T23:30:00Z,2.3299
2026-02-19T23:42:46Z,2.9437
2026-02-19T23:53:07Z,2.8068
2026-02-20T00:08:28Z,3.3774
2026-02-20T00:39:04Z,2.9419
2026-02-20T00:40:46Z,2.0713
2026-02-20T00:44:19Z,2.6613
2026-02-20T00:47:54Z,2.7937
2026-02-20T00:59:38Z,2.7816
2026-02-20T01:13:44Z,3.358
2026-02-20T01:18:50Z,2.8212
2026-02-20T01:35:51Z,3.0189
2026-02-20T02:02:04Z,3.1538
2026-02-20T02:10:35Z,2.3131
2026-02-20T02:21:25Z,2.0877
2026-02-20T03:25:12Z,2.7771
2026-02-20T03:38:49Z,2.8271
2026-02-20T03:42:53Z,2.0202
2026-02-20T03:46:10Z,2.5394
2026-02-20T03:53:41Z,3.1015
2026-02-20T03:55:04Z,2.3219
2026-02-20T03:57:17Z,3.0188
2026-02-20T04:09:56Z,2.2745
2026-02-20T04:12:47Z,2.3523
2026-02-20T04:13:07Z,2.1967
2026-02-20T04:13:12Z,2.6851
2026-02-20T04:48:02Z,3.1051
2026-02-20T05:29:19Z,2.4123
2026-02-20T05:32:17Z,2.4529
2026-02-20T05:33:47Z,2.4833
2026-02-20T05:44:19Z,2.8209
2026-02-20T05:45:14Z,2.1501
2026-02-20T05:52:33Z,3.087
2026-02-20T06:24:42Z,2.6288
2026-02-20T06:35:39Z,2.7038
2026-02-20T06:43:35Z,3.1616
2026-02-20T06:58:37Z,3.3883
2026-02-20T07:23:47Z,2.3698
2026-02-20T07:26:58Z,2.7226
2026-02-20T07:34:28Z,2.1654
2026-02-20T07:35:27Z,2.6951
2026-02-20T07:42:56Z,2.7227
2026-02-20T07:56:04Z,3.0071
2026-02-20T07:59:02Z,2.7513
2026-02-20T08:11:18Z,2.0791
2026-02-20T08:16:46Z,3.1366
2026-02-20T08:24:05Z,3.1212
2026-02-20T08:25:38Z,2.7978
2026-02-20T08:45:39Z,2.6884
2026-02-20T08:50:57Z,2.7873
2026-02-20T09:08:27Z,3.0802
2026-02-20T09:17:15Z,3.3047
2026-02-20T09:27:51Z,2.3051
2026-02-20T09:40:33Z,2.7502
2026-02-20T09:55:05Z,3.4471
2026-02-20T09:57:49Z,2.9869
2026-02-20T10:44:13Z,2.3506
2026-02-20T10:51:01Z,2.6881
2026-02-20T10:54:29Z,2.8383
2026-02-20T10:59:36Z,2.5624
2026-02-20T11:00:16Z,2.7428
2026-02-20T11:04:29Z,3.4746
2026-02-20T11:05:14Z,2.345
2026-02-20T11:20:17Z,2.497
2026-02-20T11:20:41Z,1.6996
2026-02-20T11:26:03Z,2.871
2026-02-20T11:33:16Z,2.7074
2026-02-20T11:33:30Z,2.2499
2026-02-20T11:45:39Z,2.182
2026-02-20T12:02:26Z,2.4614
2026-02-20T12:04:20Z,3.002
2026-02-20T12:14:52Z,3.1161
2026-02-20T12:25:19Z,2.1866
2026-02-20T12:25:28Z,3.0627
2026-02-20T12:28:39Z,2.0781
2026-02-20T12:47:47Z,1.977
2026-02-20T12:52:07Z,2.7987
2026-02-20T12:58:15Z,2.8814
2026-02-20T13:05:40Z,3.0571
2026-02-20T13:06:21Z,2.57
2026-02-20T13:07:56Z,2.3851
2026-02-20T13:10:02Z,2.41
2026-02-20T13:10:46Z,3.3601
2026-02-20T13:10:49Z,2.8098
2026-02-20T13:14:09Z,2.6531
2026-02-20T13:20:36Z,2.8253
2026-02-20T13:23:15Z,2.2622
2026-02-20T13:24:49Z,2.1467
2026-02-20T13:30:32Z,2.5602
2026-02-20T13:31:11Z,2.9824
2026-02-20T13:36:51Z,1.7235
2026-02-20T13:39:09Z,2.0833
2026-02-20T13:55:38Z,3.145
2026-02-20T14:01:26Z,2.4738
2026-02-20T14:11:55Z,2.907
2026-02-20T14:14:04Z,2.9197
2026-02-20T14:30:55Z,3.0334
2026-02-20T14:42:46Z,2.9123
2026-02-20T14:52:17Z,2.3902
2026-02-20T15:26:15Z,2.8978
2026-02-20T15:32:41Z,2.6596
2026-02-20T15:35:07Z,1.8918
2026-02-20T15:43:58Z,2.9139
2026-02-20T16:01:36Z,2.5871
2026-02-20T16:03:27Z,2.025
2026-02-20T16:18:51Z,3.456
2026-02-20T16:22:44Z,2.9287
2026-02-20T16:34:19Z,2.9145
2026-02-20T16:38:17Z,2.7844
2026-02-20T16:55:49Z,2.4231
2026-02-20T17:18:59Z,3.2723
2026-02-20T17:34:26Z,2.6743
2026-02-20T17:45:03Z,2.5935
2026-02-20T17:59:37Z,2.0018
2026-02-20T18:11:37Z,2.8309
2026-02-20T18:15:55Z,2.572
2026-02-20T18:24:49Z,2.7437
2026-02-20T18:28:47Z,1.8418
2026-02-20T18:30:08Z,2.6883
2026-02-20T18:44:18Z,2.4913
2026-02-20T18:44:46Z,2.1491
2026-02-20T19:02:27Z,1.8609
2026-02-20T19:06:59Z,2.6797
2026-02-20T19:31:45Z,2.6377
2026-02-20T19:36:12Z,2.489
2026-02-20T19:56:14Z,2.3621
2026-02-20T20:06:11Z,2.582
2026-02-20T20:06:45Z,3.0871
2026-02-20T20:10:39Z,3.1586
2026-02-20T20:15:06Z,2.3609
2026-02-20T20:22:53Z,1.8288
2026-02-20T20:23:21Z,1.8281
2026-02-20T20:26:08Z,1.523
2026-02-20T20:26:57Z,2.4601
2026-02-20T20:31:56Z,2.9005
2026-02-20T20:58:46Z,2.3187
2026-02-20T21:14:27Z,2.4375
2026-02-20T21:27:50Z,2.5888
2026-02-20T21:51:43Z,2.0376
2026-02-20T21:52:04Z,2.1728
2026-02-20T21:58:10Z,2.5181
2026-02-20T22:07:30Z,2.6064
2026-02-20T22:16:56Z,2.1161
2026-02-20T22:48:32Z,2.8028
2026-02-20T23:13:58Z,2.9438
2026-02-20T23:17:55Z,2.739
2026-02-20T23:19:27Z,2.3338
2026-02-20T23:23:37Z,3.3085
2026-02-20T23:25:18Z,3.0542
2026-02-20T23:40:57Z,3.4875
2026-02-21T00:02:44Z,2.386
2026-02-21T00:25:49Z,3.4522
2026-02-21T00:27:18Z,3.1526
2026-02-21T00:35:51Z,2.205
2026-02-21T00:46:27Z,2.3671
2026-02-21T01:05:07Z,2.3916
2026-02-21T01:50:37Z,2.8091
2026-02-21T01:59:28Z,3.7793
2026-02-21T02:01:46Z,2.7137
2026-02-21T02:03:58Z,2.3831
2026-02-21T02:06:21Z,2.611
2026-02-21T02:08:14Z,2.345
2026-02-21T02:15:01Z,2.6961
2026-02-21T02:17:44Z,2.4531
2026-02-21T02:18:47Z,2.3635
2026-02-21T02:23:10Z,2.7509
2026-02-21T02:29:49Z,2.5404
2026-02-21T02:34:08Z,2.4827
2026-02-21T02:43:33Z,2.8087
2026-02-21T02:45:44Z,2.6132
2026-02-21T02:46:41Z,3.053
2026-02-21T03:04:15Z,2.9464
2026-02-21T03:08:09Z,2.3516
2026-02-21T03:19:21Z,2.7554
2026-02-21T03:26:50Z,2.1083
2026-02-21T03:33:07Z,2.3697
2026-02-21T03:51:50Z,3.2019
2026-02-21T03:56:05Z,2.279
2026-02-21T03:59:51Z,2.5155
2026-02-21T04:00:38Z,1.8652
2026-02-21T04:04:47Z,2.8897
2026-02-21T04:27:28Z,3.6155
2026-02-21T04:35:09Z,2.4538
2026-02-21T04:45:46Z,2.6765
2026-02-21T05:04:43Z,3.7445
2026-02-21T05:05:53Z,2.7712
2026-02-21T05:09:39Z,2.2483
2026-02-21T05:15:12Z,1.6693
2026-02-21T05:19:17Z,2.3075
2026-02-21T05:20:50Z,2.733
2026-02-21T05:23:50Z,2.96
2026-02-21T05:38:11Z,2.2438
2026-02-21T05:41:17Z,2.4669
2026-02-21T05:41:22Z,2.9597
2026-02-21T05:41:31Z,2.3027
2026-02-21T05:47:19Z,2.7754
2026-02-21T06:01:59Z,2.1229
2026-02-21T06:11:02Z,3.2885
2026-02-21T06:19:43Z,2.1337
2026-02-21T06:25:13Z,2.2869
2026-02-21T06:31:34Z,2.7884
2026-02-21T06:36:23Z,2.4084
2026-02-21T06:36:38Z,2.4864
2026-02-21T06:42:14Z,3.1421
2026-02-21T06:58:07Z,2.2435
2026-02-21T07:13:29Z,3.0934
2026-02-21T07:16:53Z,3.0094
2026-02-21T08:15:11Z,3.2232
2026-02-21T08:25:25Z,2.3558
2026-02-21T08:39:37Z,2.0122
2026-02-21T08:42:53Z,2.7544
2026-02-21T08:57:16Z,2.9567
2026-02-21T09:09:20Z,2.4406
2026-02-21T09:16:57Z,3.5763
2026-02-21T09:27:59Z,3.2216
2026-02-21T09:29:17Z,2.401
2026-02-21T09:31:04Z,2.5909
2026-02-21T09:51:16Z,1.9992
2026-02-21T10:13:32Z,2.4519
2026-02-21T10:33:08Z,2.7687
2026-02-21T10:34:18Z,2.6943
2026-02-21T11:08:57Z,2.2968
2026-02-21T11:09:40Z,2.6969
2026-02-21T11:30:02Z,1.969
2026-02-21T11:39:28Z,2.4417
2026-02-21T11:56:17Z,3.7699
2026-02-21T12:02:26Z,3.377
2026-02-21T12:17:10Z,2.2558
2026-02-21T12:18:45Z,2.7175
2026-02-21T12:40:38Z,3.1529
2026-02-21T13:10:13Z,2.6213
2026-02-21T13:18:02Z,2.9122
2026-02-21T13:29:31Z,2.779
2026-02-21T13:34:13Z,2.0451
2026-02-21T13:47:01Z,2.7756
2026-02-21T13:56:12Z,2.3343
2026-02-21T14:07:13Z,2.4717
2026-02-21T14:11:39Z,2.2488
2026-02-21T14:28:23Z,2.3213
2026-02-21T14:31:47Z,3.4978
2026-02-21T14:33:55Z,2.7608
2026-02-21T14:33:57Z,3.0093
2026-02-21T14:38:17Z,1.5674
2026-02-21T14:46:46Z,2.0473
2026-02-21T14:56:47Z,2.5931
2026-02-21T15:08:46Z,3.2505
2026-02-21T15:09:52Z,2.6119
2026-02-21T15:12:39Z,2.5681
2026-02-21T15:19:14Z,1.6884
2026-02-21T15:21:29Z,2.4431
2026-02-21T15:29:17Z,2.4271
2026-02-21T15:58:26Z,2.7334
2026-02-21T16:03:06Z,2.0646
2026-02-21T16:22:38Z,2.6511
2026-02-21T16:25:57Z,2.4739
2026-02-21T16:26:57Z,2.6103
2026-02-21T16:36:05Z,2.7286
2026-02-21T16:54:45Z,3.8814
2026-02-21T16:54:58Z,2.7882
2026-02-21T16:58:24Z,2.9276
2026-02-21T17:01:23Z,1.6449
2026-02-21T17:12:28Z,2.7218
2026-02-21T17:31:06Z,2.6352
2026-02-21T17:31:41Z,2.6547
2026-02-21T17:39:08Z,2.882
2026-02-21T17:49:09Z,3.2435
2026-02-21T17:53:20Z,3.0825
2026-02-21T18:20:25Z,1.9447
2026-02-21T18:21:34Z,2.8254
2026-02-21T18:25:16Z,2.6059
2026-02-21T18:31:18Z,3.0586
2026-02-21T18:34:42Z,1.9488
2026-02-21T18:38:13Z,2.6848
2026-02-21T18:42:58Z,2.4389
2026-02-21T18:46:08Z,2.7047
2026-02-21T18:47:38Z,2.678
2026-02-21T18:49:16Z,2.589
2026-02-21T18:58:47Z,2.809
2026-02-21T19:01:48Z,2.3525
2026-02-21T19:12:16Z,2.6139
2026-02-21T19:13:00Z,2.6795
2026-02-21T19:19:18Z,2.2544
2026-02-21T19:20:48Z,2.4417
2026-02-21T19:24:57Z,3.12
2026-02-21T19:32:30Z,2.3397
2026-02-21T19:37:00Z,2.1248
2026-02-21T19:43:44Z,2.1476
2026-02-21T19:50:16Z,2.3362
2026-02-21T19:58:50Z,2.9237
2026-02-21T20:31:04Z,3.0901
2026-02-21T20:31:30Z,3.0809
2026-02-21T20:35:39Z,1.9138
2026-02-21T20:44:48Z,2.6315
2026-02-21T20:50:07Z,3.0727
2026-02-21T20:56:02Z,4.181
2026-02-21T21:01:59Z,2.4144
2026-02-21T21:02:29Z,2.8494
2026-02-21T21:41:54Z,1.8931
2026-02-21T22:07:12Z,2.6395
2026-02-21T22:46:46Z,2.4754
2026-02-21T23:00:43Z,2.5606
2026-02-21T23:15:51Z,2.1256
2026-02-21T23:17:29Z,2.0503
2026-02-21T23:36:36Z,2.8706
2026-02-21T23:37:19Z,2.6976
2026-02-21T23:42:29Z,2.7182
2026-02-21T23:43:14Z,2.8971
2026-02-21T23:46:07Z,2.2496
2026-02-21T23:48:17Z,2.8216
2026-02-21T23:53:14Z,2.1011
2026-02-21T23:53:40Z,2.1845
2026-02-22T00:03:39Z,3.4236
2026-02-22T00:04:52Z,2.7377
2026-02-22T00:09:29Z,2.5187
2026-02-22T00:10:16Z,2.3499
2026-02-22T00:24:29Z,2.6516
2026-02-22T01:00:30Z,2.143
2026-02-22T01:00:36Z,2.546
2026-02-22T01:03:46Z,2.8896
2026-02-22T01:08:29Z,3.1249
2026-02-22T01:18:43Z,2.6801
2026-02-22T01:48:33Z,1.6269
2026-02-22T01:56:06Z,2.8873
2026-02-22T01:59:54Z,3.1254
2026-02-22T02:07:39Z,2.3664
2026-02-22T02:08:43Z,2.3352
2026-02-22T02:11:03Z,2.6317
2026-02-22T02:13:04Z,2.609
2026-02-22T02:25:43Z,2.176
2026-02-22T02:29:39Z,2.2942
2026-02-22T02:37:58Z,2.4189
2026-02-22T02:41:08Z,1.6659
2026-02-22T02:59:41Z,3.6804
2026-02-22T03:00:13Z,3.5458
2026-02-22T03:17:04Z,2.8358
2026-02-22T03:30:17Z,3.4944
2026-02-22T03:36:28Z,2.6886
2026-02-22T04:27:59Z,2.4241
2026-02-22T04:33:14Z,2.2254
2026-02-22T04:38:36Z,2.6402
2026-02-22T04:41:12Z,3.3672
2026-02-22T04:44:29Z,3.0922
2026-02-22T04:47:30Z,2.7187
2026-02-22T04:48:32Z,3.2709
2026-02-22T04:51:02Z,2.0601
2026-02-22T04:56:25Z,3.1869
2026-02-22T05:00:10Z,2.5615
2026-02-22T05:01:31Z,2.4231
2026-02-22T05:07:48Z,2.7219
2026-02-22T05:18:25Z,3.0946
2026-02-22T05:34:49Z,2.9994
2026-02-22T05:48:35Z,2.5938
2026-02-22T06:18:24Z,2.3335
2026-02-22T06:18:52Z,2.8098
2026-02-22T06:19:45Z,2.5048
2026-02-22T06:39:41Z,2.178
2026-02-22T07:07:18Z,2.6324
2026-02-22T07:09:06Z,3.5407
2026-02-22T07:15:36Z,3.012
2026-02-22T07:18:33Z,3.0035
2026-02-22T07:24:47Z,2.4564
2026-02-22T07:34:23Z,2.6096
2026-02-22T07:45:00Z,2.3726
2026-02-22T07:56:37Z,3.4857
2026-02-22T08:34:53Z,3.0033
2026-02-22T08:40:14Z,3.0483
2026-02-22T08:58:17Z,3.1055
2026-02-22T09:03:02Z,3.1407
2026-02-22T09:29:11Z,2.9535
2026-02-22T09:29:15Z,1.0763
2026-02-22T10:02:45Z,3.1696
2026-02-22T10:47:27Z,3.0001
2026-02-22T10:55:16Z,3.4295
2026-02-22T11:02:47Z,2.5662
2026-02-22T11:09:00Z,3.4529
2026-02-22T11:31:12Z,2.9149
2026-02-22T11:32:45Z,2.0868
2026-02-22T11:52:19Z,3.1606
2026-02-22T11:55:35Z,2.9498
2026-02-22T11:56:12Z,2.716
2026-02-22T12:00:39Z,2.7912
2026-02-22T12:06:27Z,2.6972
2026-02-22T12:07:43Z,2.4234
2026-02-22T12:09:15Z,3.0026
2026-02-22T12:10:15Z,1.7944
2026-02-22T12:47:58Z,2.0676
2026-02-22T12:53:11Z,2.4639
2026-02-22T13:00:38Z,2.6878
2026-02-22T13:09:17Z,3.2347
2026-02-22T13:13:05Z,1.8386
2026-02-22T13:15:25Z,3.0322
2026-02-22T13:17:46Z,2.7099
2026-02-22T13:18:43Z,2.3989
2026-02-22T13:30:35Z,1.9833
2026-02-22T13:40:43Z,2.6193
2026-02-22T14:20:12Z,2.1261
2026-02-22T14:21:03Z,2.942
2026-02-22T14:34:14Z,2.5176
2026-02-22T14:43:06Z,2.9962
2026-02-22T14:57:16Z,2.5792
2026-02-22T14:59:06Z,1.6004
2026-02-22T15:01:23Z,3.1289
2026-02-22T15:05:20Z,2.8749
2026-02-22T15:08:23Z,2.6813
2026-02-22T15:23:41Z,2.9457
2026-02-22T15:25:18Z,3.4364
2026-02-22T15:28:50Z,3.1267
2026-02-22T15:33:41Z,2.9774
2026-02-22T15:35:36Z,3.1395
2026-02-22T16:06:32Z,1.8751
2026-02-22T16:32:39Z,2.1497
2026-02-22T16:42:55Z,2.6518
2026-02-22T16:59:17Z,2.2363
2026-02-22T17:36:20Z,2.5898
2026-02-22T17:36:34Z,2.5675
2026-02-22T17:40:08Z,2.9667
2026-02-22T17:47:39Z,2.0149
2026-02-22T18:16:36Z,2.0814
2026-02-22T18:21:54Z,2.5694
2026-02-22T18:30:27Z,3.5444
2026-02-22T18:32:38Z,2.3116
2026-02-22T18:35:37Z,3.3442
2026-02-22T18:56:54Z,2.2698
2026-02-22T19:03:56Z,2.6045
2026-02-22T19:04:08Z,3.2175
2026-02-22T19:13:31Z,2.0429
2026-02-22T19:16:47Z,2.7547
2026-02-22T19:40:41Z,2.2392
2026-02-22T19:58:17Z,2.7885
2026-02-22T20:05:31Z,2.6328
2026-02-22T20:56:48Z,2.1648
2026-02-22T20:58:41Z,1.4914
2026-02-22T21:06:16Z,3.3905
2026-02-22T21:24:40Z,2.6955
2026-02-22T21:26:30Z,2.7556
2026-02-22T21:45:54Z,3.0804
2026-02-22T22:01:17Z,2.7272
2026-02-22T22:06:33Z,2.0786
2026-02-22T22:20:57Z,2.5362
2026-02-22T22:30:08Z,2.8444
2026-02-22T23:10:09Z,3.0708
2026-02-22T23:11:52Z,2.5678
2026-02-22T23:16:30Z,2.7786
2026-02-22T23:37:27Z,2.7244
2026-02-22T23:39:18Z,2.3876
2026-02-22T23:59:08Z,2.9344
2026-02-23T00:00:53Z,1.916
2026-02-23T00:07:20Z,2.5017
2026-02-23T00:26:51Z,2.1477
2026-02-23T00:36:11Z,3.3352
2026-02-23T00:39:05Z,2.5716
2026-02-23T00:47:36Z,2.4627
2026-02-23T00:50:35Z,2.3554
2026-02-23T00:54:36Z,1.7772
2026-02-23T00:58:05Z,3.0139
2026-02-23T01:02:35Z,2.8292
2026-02-23T01:07:05Z,1.9674
2026-02-23T01:22:38Z,2.3775
2026-02-23T01:31:44Z,3.0678
2026-02-23T01:32:10Z,1.8853
2026-02-23T01:46:14Z,3.2391
2026-02-23T01:58:01Z,2.1283
2026-02-23T02:06:28Z,2.2575
2026-02-23T02:08:24Z,2.1641
2026-02-23T02:14:11Z,2.077
2026-02-23T02:18:48Z,2.3962
2026-02-23T02:31:49Z,2.4503
2026-02-23T02:43:04Z,2.61
2026-02-23T02:51:04Z,3.0159
2026-02-23T02:52:08Z,1.7971
2026-02-23T03:08:34Z,2.8225
2026-02-23T03:19:40Z,2.4878
2026-02-23T03:38:02Z,3.2257
2026-02-23T03:46:43Z,2.6783
2026-02-23T04:00:56Z,3.1378
2026-02-23T04:15:08Z,2.7911
2026-02-23T05:00:39Z,2.7189
2026-02-23T05:03:58Z,2.2502
2026-02-23T05:08:04Z,2.3543
2026-02-23T05:11:12Z,2.4244
2026-02-23T05:19:22Z,2.7821
2026-02-23T05:26:48Z,2.5546
2026-02-23T05:28:42Z,2.803
2026-02-23T05:29:19Z,2.2509
2026-02-23T05:30:40Z,3.1318
2026-02-23T05:40:30Z,2.5494
2026-02-23T05:40:37Z,3.1497
2026-02-23T05:47:44Z,2.0863
2026-02-23T06:01:51Z,2.6667
2026-02-23T06:10:01Z,3.0971
2026-02-23T06:18:02Z,2.2055
2026-02-23T06:32:49Z,3.7641
2026-02-23T06:35:20Z,3.0718
2026-02-23T06:38:04Z,2.9257
2026-02-23T07:25:28Z,2.3642
2026-02-23T07:55:10Z,3.2328
2026-02-23T07:59:47Z,2.0976
2026-02-23T08:08:49Z,2.4791
2026-02-23T08:09:58Z,3.0285
2026-02-23T08:15:21Z,2.6898
2026-02-23T08:15:39Z,2.2396
2026-02-23T08:40:34Z,2.2844
2026-02-23T08:53:28Z,2.0845
2026-02-23T08:56:47Z,2.5686
2026-02-23T09:02:33Z,2.7429
2026-02-23T09:04:00Z,1.6955
2026-02-23T09:04:33Z,2.0952
2026-02-23T09:14:08Z,2.5685
2026-02-23T10:15:58Z,2.153
2026-02-23T10:16:41Z,2.8226
2026-02-23T10:34:26Z,2.5224
2026-02-23T10:47:00Z,2.5934
2026-02-23T10:59:19Z,1.8573
2026-02-23T11:39:53Z,2.547
2026-02-23T12:03:40Z,2.5799
2026-02-23T12:20:12Z,2.66
2026-02-23T12:21:22Z,3.3662
2026-02-23T12:23:25Z,2.3961
2026-02-23T12:23:35Z,2.7978
2026-02-23T12:29:19Z,2.648
2026-02-23T12:35:21Z,3.1164
2026-02-23T12:39:31Z,2.8731
2026-02-23T12:49:39Z,2.7182
2026-02-23T12:50:57Z,3.3625
2026-02-23T13:04:36Z,2.2231
2026-02-23T13:09:26Z,1.7226
2026-02-23T13:20:34Z,2.3716
2026-02-23T13:30:33Z,2.809
2026-02-23T13:31:48Z,2.6594
2026-02-23T13:37:27Z,2.6289
2026-02-23T13:43:35Z,2.5708
2026-02-23T13:45:30Z,2.4125
2026-02-23T13:49:00Z,2.4977
2026-02-23T13:52:58Z,2.1029
2026-02-23T13:54:10Z,2.6839
2026-02-23T14:12:16Z,2.5913
2026-02-23T14:25:51Z,1.8091
2026-02-23T14:38:49Z,2.4637
2026-02-23T14:44:03Z,2.6966
2026-02-23T14:56:41Z,2.7294
2026-02-23T14:57:49Z,2.191
2026-02-23T15:09:35Z,3.246
2026-02-23T15:10:14Z,2.3479
2026-02-23T15:19:41Z,2.6642
2026-02-23T15:25:30Z,2.4454
2026-02-23T15:26:36Z,2.1634
2026-02-23T15:30:16Z,3.5724
2026-02-23T15:44:27Z,2.6269
2026-02-23T16:03:56Z,2.8594
2026-02-23T16:25:56Z,3.0482
2026-02-23T16:27:39Z,1.9577
2026-02-23T16:38:52Z,2.9291
2026-02-23T16:42:29Z,3.2049
2026-02-23T16:46:46Z,2.7237
2026-02-23T16:52:00Z,2.4234
2026-02-23T16:58:07Z,2.8096
2026-02-23T17:17:29Z,2.9438
2026-02-23T17:24:58Z,3.1135
2026-02-23T17:37:25Z,2.0145
2026-02-23T17:54:15Z,2.8584
2026-02-23T17:54:39Z,2.7399
2026-02-23T17:55:22Z,2.5701
2026-02-23T17:58:07Z,2.1909
2026-02-23T18:07:45Z,3.1956
2026-02-23T18:09:57Z,2.9081
2026-02-23T18:11:30Z,2.093
2026-02-23T18:17:05Z,2.5469
2026-02-23T18:17:18Z,3.5729
2026-02-23T18:24:08Z,3.3604
2026-02-23T18:27:07Z,3.1884
2026-02-23T18:28:26Z,3.0631
2026-02-23T18:38:00Z,2.5112
2026-02-23T18:39:32Z,2.2182
2026-02-23T19:18:00Z,3.107
2026-02-23T19:19:59Z,3.4036
2026-02-23T19:22:37Z,3.2149
2026-02-23T19:25:29Z,2.656
2026-02-23T20:08:28Z,2.8697
2026-02-23T20:27:37Z,2.8098
2026-02-23T20:49:39Z,2.7527
2026-02-23T20:57:48Z,2.599
2026-02-23T21:11:33Z,3.3948
2026-02-23T21:20:06Z,2.3825
2026-02-23T21:42:28Z,3.2074
2026-02-23T21:47:32Z,3.2792
2026-02-23T22:06:44Z,2.5205
2026-02-23T22:24:13Z,2.3533
2026-02-23T22:25:36Z,3.115
2026-02-23T22:30:03Z,2.9075
2026-02-23T23:01:12Z,2.7942
2026-02-23T23:05:22Z,3.302
2026-02-23T23:08:36Z,2.6803
2026-02-23T23:13:39Z,2.6844
2026-02-23T23:33:36Z,2.8983
2026-02-23T23:35:56Z,2.9385
2026-02-23T23:40:15Z,3.0094
2026-02-23T23:45:41Z,3.1747
2026-02-24T00:19:04Z,1.6685
2026-02-24T00:25:53Z,2.785
2026-02-24T00:30:20Z,2.7131
2026-02-24T00:30:54Z,2.0051
2026-02-24T00:31:29Z,2.457
2026-02-24T00:41:43Z,3.1692
2026-02-24T00:45:57Z,2.782
2026-02-24T00:50:10Z,1.9755
2026-02-24T00:57:00Z,2.6459
2026-02-24T01:05:01Z,2.4038
2026-02-24T01:08:14Z,2.9708
2026-02-24T01:28:55Z,3.496
2026-02-24T01:31:32Z,2.1911
2026-02-24T01:31:57Z,2.9318
2026-02-24T01:56:10Z,2.9303
2026-02-24T02:04:21Z,2.9624
2026-02-24T02:14:14Z,2.1361
2026-02-24T02:18:50Z,2.9566
2026-02-24T02:23:25Z,2.6059
2026-02-24T02:26:03Z,2.9731
2026-02-24T02:28:13Z,2.0168
2026-02-24T02:28:56Z,2.3818
2026-02-24T02:32:07Z,2.8055
2026-02-24T02:34:28Z,2.7217
2026-02-24T02:35:25Z,2.8901
2026-02-24T02:37:59Z,3.0871
2026-02-24T02:49:24Z,3.1561
2026-02-24T02:54:16Z,2.395
2026-02-24T03:14:27Z,3.0538
2026-02-24T03:53:36Z,2.6582
2026-02-24T04:32:03Z,2.8438
2026-02-24T04:48:46Z,2.5451
2026-02-24T04:50:59Z,2.6077
2026-02-24T04:56:47Z,2.423
2026-02-24T04:56:55Z,2.9496
2026-02-24T05:01:45Z,2.925
2026-02-24T05:12:30Z,3.4512
2026-02-24T05:36:15Z,2.1404
2026-02-24T05:41:41Z,2.0122
2026-02-24T05:49:45Z,2.6438
2026-02-24T05:50:02Z,2.3777
2026-02-24T05:56:53Z,2.5797
2026-02-24T06:05:20Z,3.0864
2026-02-24T06:22:30Z,3.0187
2026-02-24T06:29:30Z,2.2373
2026-02-24T06:40:31Z,3.5771
2026-02-24T06:44:22Z,2.7549
2026-02-24T06:51:37Z,2.4045
2026-02-24T06:57:31Z,2.7408
2026-02-24T07:06:25Z,2.9103
2026-02-24T07:11:15Z,2.5314
2026-02-24T07:17:57Z,1.7272
2026-02-24T07:37:59Z,2.7414
2026-02-24T07:39:55Z,2.137
2026-02-24T07:43:24Z,2.4515
2026-02-24T07:44:08Z,2.4864
2026-02-24T07:45:01Z,1.9859
2026-02-24T07:49:42Z,2.8445
2026-02-24T08:14:56Z,2.5099
2026-02-24T08:20:18Z,2.9646
2026-02-24T08:21:31Z,2.421
2026-02-24T08:37:43Z,1.5239
2026-02-24T08:46:09Z,2.3211
2026-02-24T08:46:23Z,3.2427
2026-02-24T09:00:48Z,2.3283
2026-02-24T09:05:13Z,2.8778
2026-02-24T09:05:40Z,2.5204
2026-02-24T09:09:23Z,2.6933
2026-02-24T09:17:29Z,2.1169
2026-02-24T09:18:25Z,3.258
2026-02-24T09:36:21Z,2.3441
2026-02-24T09:41:07Z,2.0581
2026-02-24T10:09:13Z,3.4011
2026-02-24T10:31:24Z,2.3045
2026-02-24T10:39:02Z,3.1769
2026-02-24T10:43:28Z,3.433
2026-02-24T10:48:30Z,2.5086
2026-02-24T10:59:10Z,2.9073
2026-02-24T11:00:02Z,2.3105
2026-02-24T11:09:15Z,2.2342
2026-02-24T11:14:30Z,2.3959
2026-02-24T11:21:24Z,1.8649
2026-02-24T11:25:29Z,2.4782
2026-02-24T11:42:21Z,2.7438
2026-02-24T11:42:33Z,2.9086
2026-02-24T11:58:42Z,2.1041
2026-02-24T12:04:33Z,2.0619
2026-02-24T12:14:23Z,2.0404
2026-02-24T12:42:16Z,3.026
2026-02-24T12:59:51Z,2.4056
2026-02-24T13:02:37Z,2.9176
2026-02-24T13:12:20Z,2.4976
2026-02-24T13:19:46Z,1.816
2026-02-24T13:22:30Z,3.2055
2026-02-24T13:33:43Z,2.5905
2026-02-24T13:35:31Z,2.4436
2026-02-24T13:56:03Z,3.2002
2026-02-24T14:15:36Z,2.6733
2026-02-24T14:18:10Z,2.0503
2026-02-24T14:29:13Z,3.1176
2026-02-24T15:03:38Z,1.7237
2026-02-24T15:10:26Z,3.0677
2026-02-24T15:22:48Z,3.6293
2026-02-24T15:31:00Z,2.7798
2026-02-24T15:40:33Z,3.3807
2026-02-24T15:43:18Z,2.2848
2026-02-24T15:44:02Z,2.3316
2026-02-24T15:48:37Z,2.9653
2026-02-24T16:10:46Z,2.8221
2026-02-24T16:11:35Z,2.3849
2026-02-24T16:30:55Z,2.6831
2026-02-24T16:39:30Z,2.3761
2026-02-24T16:40:14Z,3.0584
2026-02-24T16:56:41Z,2.7148
2026-02-24T17:02:57Z,1.7476
2026-02-24T17:24:37Z,2.5784
2026-02-24T17:29:08Z,2.7957
2026-02-24T17:47:57Z,2.4611
2026-02-24T17:58:07Z,2.5622
2026-02-24T18:07:11Z,2.3106
2026-02-24T18:21:19Z,1.9837
2026-02-24T18:26:17Z,3.0974
2026-02-24T18:40:16Z,2.7397
2026-02-24T18:41:25Z,2.8421
2026-02-24T18:42:22Z,2.7323
2026-02-24T18:45:21Z,1.7473
2026-02-24T18:48:51Z,2.2768
2026-02-24T18:53:33Z,2.0484
2026-02-24T18:54:40Z,2.3385
2026-02-24T18:56:03Z,3.5069
2026-02-24T18:56:20Z,3.1933
2026-02-24T19:04:13Z,2.154
2026-02-24T19:05:14Z,2.6416
2026-02-24T19:11:33Z,2.2384
2026-02-24T19:13:14Z,1.9679
2026-02-24T19:14:30Z,2.6904
2026-02-24T19:22:19Z,3.0909
2026-02-24T19:23:54Z,1.9329
2026-02-24T19:29:55Z,2.5796
2026-02-24T19:55:51Z,2.0164
2026-02-24T19:57:11Z,2.5814
2026-02-24T20:04:19Z,3.0085
2026-02-24T20:07:18Z,2.5334
2026-02-24T20:19:18Z,2.3511
2026-02-24T20:22:49Z,3.0344
2026-02-24T20:26:04Z,3.2475
2026-02-24T20:31:07Z,2.7436
2026-02-24T20:43:31Z,2.6512
2026-02-24T20:44:13Z,2.3367
2026-02-24T20:48:37Z,3.202
2026-02-24T20:52:03Z,2.0764
2026-02-24T20:52:28Z,1.7441
2026-02-24T20:58:50Z,2.2821
2026-02-24T21:09:51Z,3.304
2026-02-24T21:10:19Z,3.2362
2026-02-24T21:10:58Z,3.4167
2026-02-24T21:16:12Z,2.8922
2026-02-24T21:33:51Z,1.8639
2026-02-24T21:48:40Z,2.3109
2026-02-24T22:01:30Z,3.0287
2026-02-24T22:01:41Z,2.2367
2026-02-24T22:11:31Z,2.8557
2026-02-24T22:12:15Z,2.2621
2026-02-24T22:29:20Z,1.8768
2026-02-24T22:38:32Z,2.0444
2026-02-24T22:42:52Z,2.3781
2026-02-24T23:05:26Z,2.3918
2026-02-24T23:36:49Z,3.2985
2026-02-24T23:53:26Z,2.2574
2026-02-24T23:56:39Z,2.2734
2026-02-25T00:00:16Z,2.8102
2026-02-25T00:04:49Z,2.7963
2026-02-25T00:04:54Z,2.544
2026-02-25T00:06:49Z,2.6753
2026-02-25T00:27:01Z,2.7403
2026-02-25T00:27:05Z,2.6667
2026-02-25T00:52:22Z,2.9244
2026-02-25T01:06:13Z,2.9162
2026-02-25T01:09:14Z,2.5743
2026-02-25T01:27:42Z,2.5648
2026-02-25T01:35:50Z,1.9648
2026-02-25T01:40:36Z,2.4975
2026-02-25T02:13:27Z,2.862
2026-02-25T02:16:23Z,2.7843
2026-02-25T02:34:10Z,1.7074
2026-02-25T02:37:10Z,2.3164
2026-02-25T02:49:58Z,3.4694
2026-02-25T02:51:21Z,3.0251
2026-02-25T03:21:52Z,2.7701
2026-02-25T03:25:19Z,3.0158
2026-02-25T03:28:49Z,2.8177
2026-02-25T03:44:53Z,1.5875
2026-02-25T03:46:11Z,2.7887
2026-02-25T03:52:05Z,2.2565
2026-02-25T04:09:42Z,2.7716
2026-02-25T04:17:55Z,2.2825
2026-02-25T04:24:38Z,2.6687
2026-02-25T04:34:26Z,1.8762
2026-02-25T04:38:47Z,2.7842
2026-02-25T05:05:06Z,2.7763
2026-02-25T05:10:03Z,1.8273
2026-02-25T05:13:40Z,2.6076
2026-02-25T05:21:26Z,2.7938
2026-02-25T05:21:57Z,2.9426
2026-02-25T05:25:56Z,2.5318
2026-02-25T05:37:32Z,2.8008
2026-02-25T05:40:01Z,2.9128
2026-02-25T05:57:54Z,3.401
2026-02-25T05:59:24Z,2.9576
2026-02-25T06:08:55Z,2.5085
2026-02-25T06:08:56Z,2.6934
2026-02-25T06:11:42Z,2.4267
2026-02-25T06:24:38Z,2.7354
2026-02-25T06:40:10Z,2.5286
2026-02-25T06:42:18Z,2.1263
2026-02-25T06:45:26Z,2.5194
2026-02-25T06:49:53Z,2.6397
2026-02-25T06:51:04Z,3.4459
2026-02-25T07:00:58Z,2.3679
2026-02-25T07:07:10Z,2.4442
2026-02-25T07:10:34Z,2.5594
2026-02-25T07:17:31Z,2.4969
2026-02-25T07:26:49Z,2.2682
2026-02-25T07:27:18Z,2.9803
2026-02-25T07:42:10Z,2.9802
2026-02-25T07:44:02Z,1.5898
2026-02-25T07:49:36Z,2.663
2026-02-25T08:06:27Z,1.9065
2026-02-25T08:13:14Z,2.3438
2026-02-25T08:23:03Z,3.6322
2026-02-25T08:46:31Z,2.728
2026-02-25T09:15:05Z,2.9153
2026-02-25T09:32:25Z,2.5126
2026-02-25T09:36:21Z,4.0368
2026-02-25T09:46:41Z,2.9547
2026-02-25T09:58:21Z,3.4759
2026-02-25T10:46:59Z,2.4445
2026-02-25T10:53:03Z,2.1568
2026-02-25T11:00:04Z,2.2506
2026-02-25T11:05:58Z,2.01
2026-02-25T11:06:12Z,2.6097
2026-02-25T11:06:53Z,3.276
2026-02-25T11:34:01Z,2.8829
2026-02-25T11:36:53Z,2.345
2026-02-25T11:45:41Z,2.7022
2026-02-25T11:58:19Z,2.0554
2026-02-25T12:04:22Z,2.4497
2026-02-25T12:04:45Z,2.1042
2026-02-25T12:21:48Z,2.6555
2026-02-25T12:26:46Z,2.4598
2026-02-25T12:29:35Z,2.5344
2026-02-25T12:29:37Z,2.6522
2026-02-25T12:36:27Z,3.4701
2026-02-25T13:11:37Z,2.4484
2026-02-25T13:12:34Z,2.5005
2026-02-25T13:58:10Z,2.7193
2026-02-25T14:04:32Z,1.8177
2026-02-25T14:10:45Z,1.9496
2026-02-25T14:16:02Z,2.3464
2026-02-25T14:23:23Z,2.9132
2026-02-25T14:37:53Z,2.3406
2026-02-25T14:43:57Z,2.8415
2026-02-25T15:11:05Z,2.8917
2026-02-25T15:32:17Z,2.6749
2026-02-25T15:54:04Z,2.4528
2026-02-25T16:05:33Z,3.728
2026-02-25T16:17:23Z,1.9505
2026-02-25T16:27:37Z,3.0266
2026-02-25T16:38:42Z,2.1584
2026-02-25T16:41:41Z,2.862
2026-02-25T16:48:48Z,2.3699
2026-02-25T17:32:59Z,2.4522
2026-02-25T17:35:07Z,3.017
2026-02-25T17:39:39Z,2.4715
2026-02-25T18:16:30Z,2.5026
2026-02-25T18:35:45Z,2.8814
2026-02-25T18:35:47Z,2.4899
2026-02-25T18:38:10Z,2.2785
2026-02-25T18:40:31Z,2.7299
2026-02-25T18:48:32Z,2.9511
2026-02-25T19:09:14Z,2.7334
2026-02-25T19:13:21Z,1.9131
2026-02-25T19:42:28Z,2.0957
2026-02-25T19:48:40Z,2.9867
2026-02-25T20:04:00Z,2.4715
2026-02-25T20:19:58Z,3.1965
2026-02-25T20:23:00Z,2.7725
2026-02-25T20:51:58Z,3.3479
2026-02-25T20:53:42Z,2.5931
2026-02-25T20:53:57Z,2.2732
2026-02-25T20:59:27Z,1.8648
2026-02-25T21:02:35Z,2.1251
2026-02-25T21:55:45Z,3.4506
2026-02-25T22:00:16Z,3.0639
2026-02-25T22:15:30Z,2.2491
2026-02-25T23:06:04Z,1.52
2026-02-25T23:13:27Z,2.7094
2026-02-25T23:19:15Z,3.0524
2026-02-25T23:21:25Z,2.9954
2026-02-25T23:24:17Z,2.2146
2026-02-25T23:38:13Z,2.9746
2026-02-25T23:38:30Z,2.5704
2026-02-26T00:07:36Z,2.4631
2026-02-26T00:21:21Z,2.7695
2026-02-26T00:26:05Z,2.075
2026-02-26T00:29:05Z,3.2358
2026-02-26T00:39:31Z,2.7601
2026-02-26T01:02:00Z,2.5352
2026-02-26T01:21:52Z,2.5526
2026-02-26T01:27:27Z,3.258
2026-02-26T01:28:23Z,1.7732
2026-02-26T01:30:52Z,2.6998
2026-02-26T01:32:18Z,2.8911
2026-02-26T01:37:42Z,2.1874
2026-02-26T01:41:11Z,2.473
2026-02-26T01:41:42Z,2.9747
2026-02-26T01:44:27Z,3.0222
2026-02-26T01:58:14Z,2.8751
2026-02-26T01:59:54Z,3.0714
2026-02-26T02:15:42Z,3.2459
2026-02-26T02:20:54Z,2.4092
2026-02-26T02:20:57Z,3.0075
2026-02-26T02:23:25Z,2.3946
2026-02-26T02:27:06Z,2.9383
2026-02-26T03:02:49Z,2.626
2026-02-26T03:11:25Z,2.6274
2026-02-26T03:15:14Z,2.3877
2026-02-26T03:17:23Z,2.7404
2026-02-26T03:23:59Z,2.8564
2026-02-26T03:48:11Z,3.1281
2026-02-26T03:50:22Z,3.0673
2026-02-26T03:57:02Z,2.752
2026-02-26T04:09:02Z,2.9746
2026-02-26T04:09:43Z,3.114
2026-02-26T04:10:17Z,2.5649
2026-02-26T04:30:28Z,2.9412
2026-02-26T04:36:41Z,3.0623
2026-02-26T04:57:24Z,3.6805
2026-02-26T05:12:38Z,3.0354
2026-02-26T05:18:57Z,2.4969
2026-02-26T05:46:29Z,1.9023
2026-02-26T05:52:06Z,2.3412
2026-02-26T05:53:31Z,2.3835
2026-02-26T05:55:08Z,2.8421
2026-02-26T05:58:52Z,2.3981
2026-02-26T06:05:17Z,2.9889
2026-02-26T06:17:07Z,2.1966
2026-02-26T06:36:54Z,2.2408
2026-02-26T06:38:12Z,2.1749
2026-02-26T06:38:43Z,2.865
2026-02-26T06:50:05Z,3.513
2026-02-26T06:53:32Z,2.0945
2026-02-26T07:34:23Z,2.8109
2026-02-26T07:36:14Z,2.4679
2026-02-26T07:44:15Z,2.3666
2026-02-26T08:01:02Z,2.8872
2026-02-26T08:14:07Z,2.0167
2026-02-26T08:29:50Z,2.3845
2026-02-26T08:30:52Z,2.2901
2026-02-26T08:43:49Z,2.3146
2026-02-26T08:49:46Z,2.3322
2026-02-26T09:11:43Z,2.4271
2026-02-26T09:32:13Z,2.4702
2026-02-26T09:32:47Z,2.3074
2026-02-26T09:33:07Z,1.9861
2026-02-26T09:45:02Z,1.8676
2026-02-26T09:52:55Z,2.0544
2026-02-26T09:54:58Z,3.0735
2026-02-26T09:59:34Z,2.2549
2026-02-26T10:04:00Z,2.6721
2026-02-26T10:09:44Z,2.2335
2026-02-26T10:18:39Z,2.4988
2026-02-26T10:24:32Z,2.3071
2026-02-26T10:26:56Z,3.3767
2026-02-26T10:50:24Z,3.4314
2026-02-26T10:59:22Z,3.0306
2026-02-26T11:06:26Z,3.2403
2026-02-26T11:14:53Z,2.4319
2026-02-26T11:15:57Z,2.404
2026-02-26T11:28:33Z,2.6448
2026-02-26T11:29:57Z,2.3075
2026-02-26T11:35:35Z,2.7497
2026-02-26T11:35:43Z,1.8807
2026-02-26T11:38:25Z,2.3127
2026-02-26T11:52:47Z,3.0332
2026-02-26T12:29:29Z,3.0181
2026-02-26T13:01:54Z,2.2468
2026-02-26T13:27:50Z,2.2865
2026-02-26T13:29:59Z,2.4889
2026-02-26T13:42:05Z,1.7892
2026-02-26T13:54:34Z,3.0739
2026-02-26T13:56:39Z,2.9715
2026-02-26T14:11:52Z,2.6422
2026-02-26T14:18:04Z,2.2324
2026-02-26T14:24:02Z,2.9533
2026-02-26T14:47:12Z,2.3441
2026-02-26T15:08:43Z,3.013
2026-02-26T15:18:38Z,2.2588
2026-02-26T15:22:52Z,2.1456
2026-02-26T15:24:22Z,2.316
2026-02-26T15:36:17Z,3.2582
2026-02-26T15:46:13Z,2.1395
2026-02-26T15:46:46Z,1.8658
2026-02-26T16:03:06Z,2.8384
2026-02-26T16:09:18Z,3.5393
2026-02-26T16:10:19Z,2.5565
2026-02-26T16:22:29Z,2.3038
2026-02-26T16:23:05Z,1.3844
2026-02-26T16:46:03Z,2.35
2026-02-26T16:54:00Z,2.8785
2026-02-26T16:54:01Z,2.7759
2026-02-26T16:54:05Z,2.3543
2026-02-26T17:04:14Z,2.5198
2026-02-26T17:06:38Z,2.867
2026-02-26T17:14:04Z,1.9652
2026-02-26T17:27:30Z,2.246
2026-02-26T17:30:07Z,2.8568
2026-02-26T17:33:15Z,3.3502
2026-02-26T17:40:23Z,2.7587
2026-02-26T17:51:29Z,2.6553
2026-02-26T17:56:46Z,3.0813
2026-02-26T17:58:24Z,1.8645
2026-02-26T18:01:09Z,2.7959
2026-02-26T18:12:19Z,2.6613
2026-02-26T18:20:24Z,2.2216
2026-02-26T18:28:56Z,2.6869
2026-02-26T18:38:56Z,2.5216
2026-02-26T19:04:31Z,3.2512
2026-02-26T19:09:34Z,2.4685
2026-02-26T19:29:45Z,2.5204
2026-02-26T19:29:59Z,2.9504
2026-02-26T19:32:42Z,2.8053
2026-02-26T19:38:58Z,2.8025
2026-02-26T19:42:51Z,2.42
2026-02-26T20:00:36Z,3.1343
2026-02-26T20:10:08Z,2.4178
2026-02-26T20:18:55Z,3.3087
2026-02-26T20:20:17Z,2.5263
2026-02-26T20:37:14Z,3.7782
2026-02-26T20:39:48Z,2.4209
2026-02-26T20:43:19Z,2.5414
2026-02-26T20:58:59Z,2.2667
2026-02-26T21:21:21Z,2.6583
2026-02-26T21:26:02Z,2.5924
2026-02-26T21:31:10Z,2.4927
2026-02-26T21:38:30Z,1.9955
2026-02-26T21:48:40Z,3.0695
2026-02-26T22:06:01Z,2.0233
2026-02-26T22:06:55Z,2.3423
2026-02-26T22:16:45Z,2.2329
2026-02-26T22:20:00Z,3.0674
2026-02-26T22:21:08Z,2.3119
2026-02-26T22:22:23Z,2.1858
2026-02-26T22:36:22Z,2.7441
2026-02-26T23:25:32Z,2.44
2026-02-26T23:43:58Z,2.6005
2026-02-26T23:54:30Z,2.0787
2026-02-27T00:00:03Z,2.0341
2026-02-27T00:07:53Z,1.907
2026-02-27T00:12:32Z,2.7509
2026-02-27T00:32:37Z,2.4016
2026-02-27T00:32:44Z,2.7367
2026-02-27T00:36:20Z,2.7779
2026-02-27T00:43:52Z,2.1923
2026-02-27T00:47:45Z,2.2359
2026-02-27T00:48:51Z,2.7208
2026-02-27T00:54:50Z,2.7439
2026-02-27T01:00:03Z,2.4611
2026-02-27T01:05:54Z,2.5326
2026-02-27T01:10:21Z,2.508
2026-02-27T01:23:40Z,2.7631
2026-02-27T01:27:32Z,2.4033
2026-02-27T01:54:17Z,2.511
2026-02-27T01:56:38Z,3.4012
2026-02-27T02:14:18Z,3.141
2026-02-27T02:14:49Z,3.2815
2026-02-27T02:25:30Z,2.4271
2026-02-27T02:28:57Z,2.2702
2026-02-27T02:37:01Z,2.6796
2026-02-27T02:49:02Z,3.1003
2026-02-27T03:00:50Z,2.7373
2026-02-27T03:11:39Z,2.7582
2026-02-27T03:28:11Z,2.286
2026-02-27T03:37:34Z,2.6144
2026-02-27T03:45:57Z,2.7439
2026-02-27T03:47:45Z,2.416
2026-02-27T04:10:09Z,2.1887
2026-02-27T04:19:43Z,2.6116
2026-02-27T04:21:33Z,2.6867
2026-02-27T04:26:52Z,3.2084
2026-02-27T04:49:22Z,2.6171
2026-02-27T04:51:10Z,2.2646
2026-02-27T04:57:05Z,3.4805
2026-02-27T04:57:52Z,2.4526
2026-02-27T04:58:00Z,2.6499
2026-02-27T04:59:09Z,2.9186
2026-02-27T05:17:16Z,2.9106
2026-02-27T05:19:58Z,1.9543
2026-02-27T05:32:31Z,2.7887
2026-02-27T05:37:42Z,3.1621
2026-02-27T05:44:22Z,1.8783
2026-02-27T05:47:03Z,2.6455
2026-02-27T05:58:03Z,1.9881
2026-02-27T05:58:51Z,1.9001
2026-02-27T06:10:16Z,2.1345
2026-02-27T06:25:11Z,2.1161
2026-02-27T06:26:07Z,2.1249
2026-02-27T06:35:53Z,2.2499
2026-02-27T06:38:37Z,2.7415
2026-02-27T07:08:43Z,3.1468
2026-02-27T07:08:59Z,2.5834
2026-02-27T07:11:18Z,3.3157
2026-02-27T07:17:06Z,2.5489
2026-02-27T07:20:23Z,2.4493
2026-02-27T07:54:33Z,2.7634
2026-02-27T08:05:15Z,2.6551
2026-02-27T08:12:32Z,2.486
2026-02-27T08:16:38Z,2.8269
2026-02-27T08:19:01Z,3.5814
2026-02-27T08:34:21Z,2.9017
2026-02-27T08:38:21Z,2.3217
2026-02-27T08:44:24Z,2.4768
2026-02-27T08:45:25Z,2.4056
2026-02-27T08:46:23Z,2.2395
2026-02-27T08:48:45Z,3.0717
2026-02-27T09:05:33Z,2.5027
2026-02-27T09:35:33Z,2.1838
2026-02-27T09:44:46Z,2.6761
2026-02-27T09:45:20Z,2.4345
2026-02-27T09:55:34Z,2.6627
2026-02-27T10:02:12Z,2.7499
2026-02-27T10:02:55Z,2.3367
2026-02-27T10:19:37Z,2.5755
2026-02-27T10:57:53Z,2.7026
2026-02-27T11:04:14Z,1.8845
2026-02-27T11:27:50Z,2.6064
2026-02-27T11:33:43Z,3.2374
2026-02-27T11:38:12Z,3.2172
2026-02-27T11:52:57Z,2.611
2026-02-27T12:17:08Z,1.9719
2026-02-27T12:18:53Z,2.8468
2026-02-27T12:20:40Z,3.1997
2026-02-27T12:25:14Z,3.2763
2026-02-27T12:27:35Z,2.6596
2026-02-27T12:29:21Z,2.9641
2026-02-27T12:39:23Z,3.3398
2026-02-27T12:46:01Z,2.8305
2026-02-27T12:49:29Z,3.0482
2026-02-27T13:14:31Z,2.607
2026-02-27T13:21:55Z,2.7873
2026-02-27T13:23:27Z,2.7231
2026-02-27T13:29:22Z,2.4646
2026-02-27T13:30:56Z,2.2275
2026-02-27T13:37:30Z,2.7513
2026-02-27T13:59:01Z,3.4951
2026-02-27T14:00:53Z,2.6321
2026-02-27T14:07:01Z,2.1887
2026-02-27T14:50:45Z,2.3108
2026-02-27T15:12:15Z,2.617
2026-02-27T15:20:30Z,2.5217
2026-02-27T15:20:48Z,2.0228
2026-02-27T15:42:30Z,2.9093
2026-02-27T15:43:10Z,2.2555
2026-02-27T16:05:11Z,3.0016
2026-02-27T16:31:41Z,2.2181
2026-02-27T17:16:44Z,2.631
2026-02-27T17:19:39Z,2.9645
2026-02-27T17:35:54Z,3.1231
2026-02-27T17:40:24Z,2.412
2026-02-27T17:49:11Z,2.9692
2026-02-27T17:51:02Z,2.9302
2026-02-27T17:57:45Z,2.8579
2026-02-27T18:01:35Z,3.297
2026-02-27T18:11:38Z,2.7211
2026-02-27T18:12:56Z,3.2206
2026-02-27T18:37:19Z,2.1907
2026-02-27T19:03:51Z,2.7827
2026-02-27T19:07:04Z,2.1203
2026-02-27T19:11:07Z,2.9468
2026-02-27T19:42:31Z,2.4498
2026-02-27T19:46:19Z,3.4444
2026-02-27T20:12:48Z,2.8151
2026-02-27T20:16:15Z,2.8954
2026-02-27T20:39:08Z,2.3722
2026-02-27T20:41:05Z,3.054
2026-02-27T20:49:48Z,2.7193
2026-02-27T20:53:32Z,2.4256
2026-02-27T20:56:12Z,2.131
2026-02-27T20:59:18Z,2.9339
2026-02-27T21:16:53Z,3.5368
2026-02-27T21:24:20Z,1.7257
2026-02-27T22:30:10Z,2.275
2026-02-27T22:44:04Z,1.7168
2026-02-27T22:44:15Z,3.2206
2026-02-27T22:51:38Z,2.5237
2026-02-27T23:47:40Z,2.1086
2026-02-27T23:48:51Z,3.0937
2026-02-27T23:53:14Z,3.3709
2026-02-28T00:20:50Z,4.0836
2026-02-28T00:22:42Z,4.3195
2026-02-28T00:25:27Z,5.1119
2026-02-28T00:35:03Z,3.8707
2026-02-28T00:39:28Z,5.0232
2026-02-28T00:57:33Z,4.3681
2026-02-28T01:05:05Z,4.0237
2026-02-28T01:21:03Z,4.1413
2026-02-28T01:34:31Z,4.1214
2026-02-28T01:35:20Z,4.8459
2026-02-28T01:37:35Z,4.1647
2026-02-28T01:50:29Z,3.9882
2026-02-28T02:00:58Z,3.8668
2026-02-28T02:06:01Z,3.8207
2026-02-28T02:30:41Z,3.8552
2026-02-28T02:36:44Z,4.6338
2026-02-28T02:42:30Z,3.3813
2026-02-28T03:06:07Z,3.5479
2026-02-28T03:09:10Z,4.8621
2026-02-28T03:23:31Z,4.4742
2026-02-28T03:25:00Z,4.7151
2026-02-28T03:39:31Z,3.8052
2026-02-28T03:45:35Z,4.3034
2026-02-28T03:59:35Z,4.0813
2026-02-28T04:01:37Z,4.0226
2026-02-28T04:03:53Z,4.0098
2026-02-28T04:17:50Z,3.7484
2026-02-28T04:31:12Z,4.2865
2026-02-28T04:35:11Z,5.0148
2026-02-28T05:00:01Z,4.4324
2026-02-28T05:06:29Z,4.6738
2026-02-28T05:10:16Z,5.0472
2026-02-28T05:27:39Z,4.0295
2026-02-28T05:37:17Z,4.9528
2026-02-28T05:42:05Z,4.111
2026-02-28T05:43:33Z,4.7513
2026-02-28T05:54:44Z,3.4625
2026-02-28T05:54:47Z,4.0637
2026-02-28T06:07:52Z,3.982
2026-02-28T06:10:27Z,4.1059
2026-02-28T06:22:44Z,3.7157
2026-02-28T06:27:37Z,5.1373
2026-02-28T06:30:09Z,4.2722
2026-02-28T06:30:20Z,3.8881
2026-02-28T06:40:16Z,4.1279
2026-02-28T06:42:21Z,4.3512
2026-02-28T06:43:13Z,4.2443
2026-02-28T06:53:09Z,4.9135
2026-02-28T06:53:53Z,4.784
2026-02-28T06:54:06Z,4.6177
2026-02-28T06:56:47Z,4.1296
2026-02-28T07:03:30Z,4.5271
2026-02-28T07:08:56Z,4.6496
2026-02-28T07:33:50Z,4.8232
2026-02-28T07:50:10Z,4.5522
2026-02-28T08:04:43Z,5.273
2026-02-28T09:06:38Z,4.3984
2026-02-28T09:09:05Z,3.753
2026-02-28T09:18:20Z,4.0036
2026-02-28T09:25:11Z,4.3088
2026-02-28T09:32:19Z,4.0515
2026-02-28T09:50:54Z,3.8342
2026-02-28T10:05:30Z,4.3126
2026-02-28T10:07:48Z,3.8591
2026-02-28T10:08:20Z,3.9599
2026-02-28T10:08:27Z,4.6845
2026-02-28T10:23:25Z,3.5459
2026-02-28T10:28:34Z,3.7473
2026-02-28T10:32:59Z,4.694
2026-02-28T10:33:08Z,3.851
2026-02-28T10:44:38Z,4.978
2026-02-28T10:53:59Z,4.5311
2026-02-28T10:54:45Z,4.4586
2026-02-28T11:06:30Z,3.8409
2026-02-28T11:14:49Z,4.5454
2026-02-28T11:16:21Z,4.2778
2026-02-28T11:38:49Z,4.0713
2026-02-28T11:48:18Z,4.4112
2026-02-28T11:49:28Z,3.4397
2026-02-28T11:51:12Z,4.7076
2026-02-28T11:57:50Z,3.6549
2026-02-28T12:06:04Z,4.3484
2026-02-28T12:20:05Z,3.8527
2026-02-28T12:27:03Z,4.573
2026-02-28T12:31:38Z,4.1881
2026-02-28T13:15:04Z,4.0226
2026-02-28T13:28:37Z,4.1764
2026-02-28T13:40:53Z,4.3005
2026-02-28T13:50:04Z,3.9955
2026-02-28T13:59:44Z,4.262
2026-02-28T14:00:27Z,4.1138
2026-02-28T14:21:14Z,4.421
2026-02-28T14:30:58Z,5.033
2026-02-28T14:38:05Z,4.6893
2026-02-28T14:38:32Z,4.5473
2026-02-28T14:47:59Z,4.0008
2026-02-28T15:01:37Z,4.2005
2026-02-28T15:19:20Z,3.9337
2026-02-28T15:30:19Z,4.193
2026-02-28T15:34:31Z,4.7104
2026-02-28T15:50:46Z,3.7262
2026-02-28T15:54:40Z,3.4272
2026-02-28T15:54:46Z,3.851
2026-02-28T16:04:39Z,4.0927
2026-02-28T16:20:11Z,4.4978
2026-02-28T16:24:19Z,3.5599
2026-02-28T16:41:21Z,4.0809
2026-02-28T16:43:27Z,4.2061
2026-02-28T16:48:22Z,3.5445
2026-02-28T16:50:37Z,4.9691
2026-02-28T16:51:29Z,4.9647
2026-02-28T16:58:54Z,4.3503
2026-02-28T17:21:09Z,3.3128
2026-02-28T17:28:47Z,4.6313
2026-02-28T17:46:32Z,4.4024
2026-02-28T17:46:40Z,4.4991
2026-02-28T18:00:40Z,4.5206
2026-02-28T18:07:54Z,5.187
2026-02-28T18:15:17Z,4.1118
2026-02-28T18:28:35Z,3.949
2026-02-28T18:32:57Z,4.4555
2026-02-28T18:36:23Z,4.4369
2026-02-28T19:10:27Z,4.8423
2026-02-28T19:13:02Z,4.5169
2026-02-28T19:38:12Z,4.4249
2026-02-28T19:53:35Z,4.6435
2026-02-28T20:11:54Z,4.3906
2026-02-28T20:12:38Z,4.43
2026-02-28T20:24:51Z,3.8406
2026-02-28T21:02:49Z,4.9387
2026-02-28T21:04:40Z,2.9442
2026-02-28T21:04:41Z,4.3297
2026-02-28T21:13:20Z,4.3487
2026-02-28T21:13:28Z,4.4015
2026-02-28T21:18:52Z,3.8231
2026-02-28T21:19:34Z,4.316
2026-02-28T21:26:11Z,4.104
2026-02-28T21:31:33Z,4.902
2026-02-28T21:44:19Z,3.6305
2026-02-28T21:44:48Z,4.6795
2026-02-28T21:46:46Z,4.4841
2026-02-28T22:19:51Z,5.255
2026-02-28T22:22:14Z,4.4902
2026-02-28T22:32:36Z,4.6502
2026-02-28T22:35:31Z,3.7845
2026-02-28T22:35:53Z,4.577
2026-02-28T22:39:07Z,4.0536
2026-02-28T22:42:56Z,3.7621
2026-02-28T22:45:20Z,4.3464
2026-02-28T22:47:00Z,4.2214
2026-02-28T22:54:57Z,4.0893
2026-02-28T22:59:15Z,3.6449
2026-02-28T23:12:51Z,4.0796
2026-02-28T23:29:37Z,4.7896
2026-02-28T23:46:39Z,3.923
2026-02-28T23:58:54Z,4.4829
2026-03-01T00:03:26Z,4.2794
2026-03-01T00:06:50Z,4.0954
2026-03-01T00:11:32Z,3.6031
2026-03-01T00:17:46Z,4.4366
2026-03-01T00:20:01Z,4.2589
2026-03-01T00:37:47Z,4.49
2026-03-01T00:41:59Z,4.0707
2026-03-01T00:52:43Z,4.5646
2026-03-01T00:53:41Z,4.2966
2026-03-01T00:55:02Z,3.9055
2026-03-01T01:16:03Z,4.2442
2026-03-01T01:21:24Z,4.6148
2026-03-01T01:24:34Z,4.5167
2026-03-01T01:29:18Z,4.7886
2026-03-01T01:35:33Z,4.0711
2026-03-01T01:52:29Z,4.6818
2026-03-01T02:28:27Z,4.2477
2026-03-01T02:34:58Z,4.2963
2026-03-01T02:42:05Z,4.4305
2026-03-01T02:48:43Z,3.6385
2026-03-01T02:51:38Z,4.3979
2026-03-01T03:04:20Z,4.8109
2026-03-01T03:12:13Z,3.1866
2026-03-01T03:31:02Z,3.9457
2026-03-01T04:02:31Z,4.7199
2026-03-01T04:05:22Z,4.3006
2026-03-01T05:00:12Z,3.9703
2026-03-01T05:03:01Z,4.3229
2026-03-01T05:20:36Z,5.2835
2026-03-01T05:26:21Z,3.1776
2026-03-01T05:48:50Z,4.8229
2026-03-01T06:07:53Z,4.7261
2026-03-01T06:08:28Z,4.8452
2026-03-01T06:15:59Z,5.0194
2026-03-01T06:29:25Z,4.7477
2026-03-01T06:30:51Z,3.9256
2026-03-01T06:38:03Z,3.9498
2026-03-01T06:41:33Z,4.3177
2026-03-01T06:42:33Z,3.8491
2026-03-01T06:45:35Z,4.6263
2026-03-01T06:59:54Z,3.7582
2026-03-01T07:09:11Z,4.2014
2026-03-01T07:19:55Z,4.7314
2026-03-01T07:23:27Z,4.018
2026-03-01T07:23:59Z,4.7263
2026-03-01T07:31:04Z,4.8548
2026-03-01T07:35:19Z,4.9388
2026-03-01T07:41:22Z,4.7388
2026-03-01T07:44:45Z,4.6288
2026-03-01T07:57:30Z,4.0238
2026-03-01T08:16:43Z,3.8886
2026-03-01T08:20:50Z,4.1142
2026-03-01T08:29:34Z,4.5414
2026-03-01T08:46:09Z,4.3961
2026-03-01T08:58:25Z,3.6824
2026-03-01T09:05:06Z,4.5595
2026-03-01T09:08:08Z,3.9818
2026-03-01T09:28:43Z,3.8229
2026-03-01T09:34:37Z,4.1184
2026-03-01T09:41:19Z,4.1257
2026-03-01T09:46:24Z,4.2144
2026-03-01T10:36:40Z,3.9348
2026-03-01T11:07:35Z,4.4796
2026-03-01T11:17:54Z,4.0961
2026-03-01T11:20:43Z,3.7001
2026-03-01T11:23:30Z,4.0686
2026-03-01T11:34:15Z,3.5449
2026-03-01T11:45:12Z,3.592
2026-03-01T11:49:21Z,4.4509
2026-03-01T12:01:46Z,4.3487
2026-03-01T12:01:54Z,4.6107
2026-03-01T12:34:15Z,4.614
2026-03-01T12:34:24Z,4.5266
2026-03-01T12:52:13Z,4.2865
2026-03-01T12:52:16Z,4.2771
2026-03-01T12:52:30Z,4.3162
2026-03-01T13:18:04Z,5.0834
2026-03-01T13:24:23Z,3.8951
2026-03-01T13:26:30Z,4.2586
2026-03-01T13:30:38Z,3.8401
2026-03-01T13:35:37Z,4.2178
2026-03-01T13:53:07Z,4.569
2026-03-01T13:58:15Z,4.8781
2026-03-01T14:00:46Z,5.2623
2026-03-01T14:15:33Z,4.3816
2026-03-01T14:29:55Z,4.6363
2026-03-01T14:30:06Z,4.4424
2026-03-01T14:31:11Z,4.8949
2026-03-01T14:35:00Z,4.2785
2026-03-01T14:35:29Z,4.6565
2026-03-01T14:38:37Z,3.7625
2026-03-01T14:38:40Z,4.148
2026-03-01T14:41:14Z,3.86
2026-03-01T14:56:48Z,4.7728
2026-03-01T15:02:42Z,4.1661
2026-03-01T15:06:20Z,4.8444
2026-03-01T15:14:53Z,4.2058
2026-03-01T15:16:12Z,4.2093
2026-03-01T15:18:52Z,3.9871
2026-03-01T15:34:21Z,4.4709
2026-03-01T15:57:10Z,5.7332
2026-03-01T16:11:44Z,4.1351
2026-03-01T16:20:53Z,4.1141
2026-03-01T16:27:54Z,4.8434
2026-03-01T16:49:18Z,3.9946
2026-03-01T16:58:01Z,4.6241
2026-03-01T17:01:12Z,3.6509
2026-03-01T17:01:23Z,4.1442
2026-03-01T17:04:46Z,4.0474
2026-03-01T17:07:33Z,4.1312
2026-03-01T17:22:27Z,4.0793
2026-03-01T17:37:31Z,4.0863
2026-03-01T17:40:37Z,4.378
2026-03-01T17:42:10Z,4.0952
2026-03-01T17:44:41Z,4.4011
2026-03-01T17:46:21Z,4.8073
2026-03-01T18:02:37Z,3.663
2026-03-01T18:05:45Z,3.621
2026-03-01T18:06:13Z,3.8021
2026-03-01T18:08:43Z,4.469
2026-03-01T18:24:18Z,4.5793
2026-03-01T18:26:20Z,4.4605
2026-03-01T18:57:40Z,4.9203
2026-03-01T19:01:52Z,4.0152
2026-03-01T19:07:45Z,4.3971
2026-03-01T19:13:10Z,4.4903
2026-03-01T19:24:58Z,4.7395
2026-03-01T20:00:36Z,4.2704
2026-03-01T20:02:58Z,4.4616
2026-03-01T20:12:37Z,4.044
2026-03-01T20:22:15Z,4.5259
2026-03-01T20:37:25Z,4.5829
2026-03-01T20:51:51Z,4.3146
2026-03-01T20:55:51Z,4.4516
2026-03-01T21:16:13Z,4.4106
2026-03-01T21:16:58Z,4.5546
2026-03-01T21:17:18Z,4.3263
2026-03-01T21:17:45Z,2.9675
2026-03-01T21:18:00Z,3.8564
2026-03-01T21:19:50Z,4.1492
2026-03-01T21:27:22Z,4.9199
2026-03-01T21:28:22Z,4.2193
2026-03-01T21:39:27Z,4.4002
2026-03-01T21:41:42Z,4.5897
2026-03-01T21:58:36Z,3.8939
2026-03-01T22:00:28Z,4.4087
2026-03-01T22:18:39Z,4.3057
2026-03-01T22:23:24Z,4.23
2026-03-01T22:27:20Z,4.7861
2026-03-01T22:46:57Z,3.6852
2026-03-01T22:56:10Z,3.5614
2026-03-01T23:05:01Z,4.228
2026-03-01T23:09:46Z,4.1623
2026-03-01T23:10:43Z,3.9327
2026-03-01T23:23:15Z,3.8075
2026-03-02T00:04:58Z,4.1306
2026-03-02T00:05:54Z,4.6723
2026-03-02T00:13:58Z,4.0653
2026-03-02T00:22:36Z,4.6005
2026-03-02T01:06:37Z,4.6168
2026-03-02T01:19:34Z,4.0378
2026-03-02T01:19:57Z,3.7389
2026-03-02T01:26:02Z,4.2099
2026-03-02T01:28:35Z,3.655
2026-03-02T01:40:54Z,3.9246
2026-03-02T01:47:23Z,4.4228
2026-03-02T01:47:51Z,4.1502
2026-03-02T02:01:59Z,4.6409
2026-03-02T02:45:35Z,5.4245
2026-03-02T03:12:34Z,4.8323
2026-03-02T03:15:48Z,3.9334
2026-03-02T03:19:17Z,3.9319
2026-03-02T03:21:53Z,4.7162
2026-03-02T03:32:20Z,4.6134
2026-03-02T03:32:56Z,4.7661
2026-03-02T03:34:32Z,4.2546
2026-03-02T04:21:41Z,4.8333
2026-03-02T04:25:47Z,5.0872
2026-03-02T04:26:01Z,4.1014
2026-03-02T04:49:21Z,4.184
2026-03-02T04:53:31Z,4.6203
2026-03-02T04:54:32Z,5.4513
2026-03-02T05:07:45Z,4.0815
2026-03-02T05:08:32Z,4.2056
2026-03-02T05:24:11Z,3.9079
2026-03-02T05:49:42Z,4.3322
2026-03-02T06:04:20Z,4.7083
2026-03-02T06:04:30Z,4.2045
2026-03-02T06:18:02Z,3.9756
2026-03-02T06:21:24Z,4.6939
2026-03-02T06:37:39Z,4.6578
2026-03-02T06:40:35Z,4.5337
2026-03-02T06:41:04Z,3.902
2026-03-02T06:44:13Z,4.9565
2026-03-02T06:53:55Z,4.5574
2026-03-02T07:02:42Z,4.8925
2026-03-02T07:05:00Z,4.1224
2026-03-02T07:19:20Z,4.5773
2026-03-02T07:26:44Z,4.2115
2026-03-02T07:30:31Z,3.867
2026-03-02T07:37:59Z,4.5913
2026-03-02T07:47:28Z,4.2209
2026-03-02T07:52:11Z,3.8495
2026-03-02T07:56:33Z,5.114
2026-03-02T08:00:49Z,4.1517
2026-03-02T08:04:58Z,4.522
2026-03-02T08:09:12Z,4.6994
2026-03-02T08:20:11Z,4.0079
2026-03-02T08:21:50Z,4.642
2026-03-02T08:24:11Z,3.4351
2026-03-02T08:35:31Z,4.068
2026-03-02T08:40:16Z,4.1584
2026-03-02T08:43:49Z,4.826
2026-03-02T08:51:46Z,4.824
2026-03-02T08:55:13Z,4.1312
2026-03-02T09:00:12Z,4.3735
2026-03-02T09:18:27Z,4.5198
2026-03-02T09:27:31Z,3.0863
2026-03-02T09:32:40Z,3.8212
2026-03-02T09:33:31Z,4.4309
2026-03-02T09:37:58Z,4.6344
2026-03-02T09:51:49Z,4.1308
2026-03-02T10:03:33Z,4.1906
2026-03-02T10:22:42Z,4.551
2026-03-02T10:33:29Z,4.4284
2026-03-02T10:35:30Z,3.7478
2026-03-02T10:36:53Z,4.2659
2026-03-02T10:39:12Z,4.1622
2026-03-02T11:26:21Z,4.261
2026-03-02T11:45:00Z,4.1814
2026-03-02T11:46:06Z,4.328
2026-03-02T11:55:00Z,4.6454
2026-03-02T12:06:02Z,4.6744
2026-03-02T12:24:07Z,3.8004
2026-03-02T12:25:20Z,3.931
2026-03-02T12:47:32Z,4.4556
2026-03-02T13:15:10Z,4.5601
2026-03-02T13:24:29Z,4.7589
2026-03-02T13:34:26Z,4.6763
2026-03-02T13:41:54Z,4.4432
2026-03-02T13:54:52Z,3.8936
2026-03-02T13:55:13Z,4.5924
2026-03-02T14:14:34Z,4.5837
2026-03-02T14:17:28Z,5.2124
2026-03-02T14:20:44Z,3.7954
2026-03-02T14:23:05Z,4.2712
2026-03-02T14:30:31Z,3.8181
2026-03-02T14:48:32Z,4.1565
2026-03-02T15:05:06Z,4.0569
2026-03-02T15:08:57Z,4.676
2026-03-02T15:09:04Z,4.4331
2026-03-02T15:17:07Z,4.8917
2026-03-02T15:22:47Z,3.9779
2026-03-02T15:27:00Z,3.8509
2026-03-02T15:33:08Z,4.6539
2026-03-02T15:39:59Z,3.9759
2026-03-02T15:44:40Z,4.6847
2026-03-02T16:04:05Z,4.2003
2026-03-02T16:04:51Z,5.1039
2026-03-02T16:15:32Z,4.9142
2026-03-02T16:16:43Z,3.861
2026-03-02T16:21:23Z,4.7896
2026-03-02T16:40:26Z,4.2454
2026-03-02T16:42:30Z,4.1256
2026-03-02T16:47:05Z,4.0171
2026-03-02T16:48:23Z,4.5799
2026-03-02T16:49:54Z,4.6901
2026-03-02T17:02:00Z,3.5477
2026-03-02T17:12:57Z,4.8473
2026-03-02T17:14:43Z,4.4698
2026-03-02T17:17:27Z,4.2244
2026-03-02T17:17:54Z,5.0912
2026-03-02T17:27:20Z,4.3176
2026-03-02T17:29:48Z,4.2164
2026-03-02T17:33:10Z,4.7518
2026-03-02T17:52:01Z,4.8525
2026-03-02T18:10:10Z,4.4446
2026-03-02T18:10:46Z,5.0243
2026-03-02T18:17:57Z,4.0948
2026-03-02T18:40:20Z,4.1654
2026-03-02T18:52:06Z,3.7249
2026-03-02T19:07:13Z,3.7685
2026-03-02T19:48:27Z,5.3462
2026-03-02T19:50:49Z,4.9157
2026-03-02T19:55:35Z,4.3536
2026-03-02T20:05:54Z,4.4325
2026-03-02T20:11:02Z,4.3511
2026-03-02T20:12:32Z,5.1839
2026-03-02T20:16:32Z,4.1155
2026-03-02T20:17:44Z,4.8996
2026-03-02T20:26:41Z,4.1099
2026-03-02T20:52:36Z,4.8067
2026-03-02T21:14:09Z,4.2191
2026-03-02T21:24:52Z,5.1431
2026-03-02T21:29:16Z,3.2405
2026-03-02T21:48:38Z,4.6579
2026-03-02T21:48:56Z,4.6217
2026-03-02T21:56:50Z,4.2216
2026-03-02T22:04:49Z,4.1427
2026-03-02T22:05:16Z,4.3754
2026-03-02T22:16:17Z,4.6923
2026-03-02T22:19:13Z,3.9
2026-03-02T22:29:15Z,4.1719
2026-03-02T22:35:59Z,3.9742
2026-03-02T22:42:46Z,4.4872
2026-03-02T22:48:39Z,4.2879
2026-03-02T22:54:22Z,3.9947
2026-03-02T23:10:05Z,4.8826
2026-03-02T23:17:54Z,3.9887
2026-03-02T23:30:56Z,4.6779
2026-03-02T23:35:37Z,4.5887
2026-03-02T23:42:34Z,4.8277
2026-03-03T00:01:39Z,4.2687
2026-03-03T00:05:00Z,4.0083
2026-03-03T00:21:53Z,3.693
2026-03-03T00:36:20Z,4.0003
2026-03-03T00:56:58Z,4.4889
2026-03-03T01:08:13Z,3.7467
2026-03-03T01:08:35Z,4.1793
2026-03-03T01:24:25Z,3.624
2026-03-03T01:31:22Z,4.1843
2026-03-03T01:37:58Z,4.2539
2026-03-03T02:03:16Z,3.9845
2026-03-03T02:03:45Z,4.726
2026-03-03T02:04:53Z,4.4918
2026-03-03T02:09:34Z,4.4497
2026-03-03T02:22:57Z,4.3018
2026-03-03T02:54:02Z,4.1518
2026-03-03T02:55:06Z,4.0556
2026-03-03T03:38:40Z,4.7976
2026-03-03T04:03:07Z,3.6808
2026-03-03T04:08:51Z,4.3505
2026-03-03T04:23:51Z,4.8437
2026-03-03T04:41:26Z,4.4854
2026-03-03T04:53:13Z,4.6419
2026-03-03T04:53:15Z,3.9494
2026-03-03T04:54:08Z,4.5447
2026-03-03T04:59:42Z,4.2392
2026-03-03T05:07:51Z,4.1221
2026-03-03T05:19:07Z,4.6035
2026-03-03T05:19:19Z,3.4335
2026-03-03T05:24:52Z,3.7119
2026-03-03T05:37:01Z,4.1979
2026-03-03T05:40:37Z,4.5565
2026-03-03T05:46:00Z,3.7757
2026-03-03T05:47:10Z,4.4307
2026-03-03T06:02:43Z,4.5724
2026-03-03T06:06:07Z,4.7968
2026-03-03T06:06:47Z,3.3332
2026-03-03T06:07:46Z,4.1869
2026-03-03T06:09:10Z,5.4988
2026-03-03T06:47:54Z,4.6225
2026-03-03T06:48:53Z,4.6281
2026-03-03T06:50:31Z,4.7422
2026-03-03T06:54:34Z,4.0266
2026-03-03T06:56:11Z,4.1602
2026-03-03T06:58:11Z,4.4778
2026-03-03T07:09:25Z,4.9853
2026-03-03T07:27:41Z,4.2799
2026-03-03T07:34:21Z,5.0688
2026-03-03T08:03:18Z,4.2659
2026-03-03T08:05:48Z,5.1167
2026-03-03T08:11:32Z,4.7664
2026-03-03T08:24:22Z,4.5235
2026-03-03T08:38:18Z,4.6464
2026-03-03T08:38:30Z,4.6228
2026-03-03T09:00:08Z,4.5831
2026-03-03T09:12:22Z,4.0252
2026-03-03T09:30:38Z,4.0572
2026-03-03T09:38:35Z,4.3705
2026-03-03T09:41:20Z,5.0175
2026-03-03T09:48:58Z,4.0093
2026-03-03T09:56:49Z,4.1134
2026-03-03T09:57:47Z,3.9467
2026-03-03T10:00:23Z,4.4062
2026-03-03T10:12:36Z,3.7974
2026-03-03T10:22:23Z,4.7968
2026-03-03T10:23:14Z,4.2394
2026-03-03T10:25:55Z,3.9425
2026-03-03T11:20:19Z,3.6094
2026-03-03T11:33:05Z,4.0684
2026-03-03T11:33:12Z,4.4853
2026-03-03T11:55:29Z,3.5207
2026-03-03T12:00:04Z,4.6278
2026-03-03T12:12:14Z,3.9761
2026-03-03T12:24:10Z,5.1215
2026-03-03T12:28:24Z,3.6663
2026-03-03T12:43:05Z,4.2627
2026-03-03T12:48:40Z,4.3305
2026-03-03T12:48:46Z,4.7022
2026-03-03T12:56:36Z,3.5635
2026-03-03T13:04:03Z,5.1511
2026-03-03T13:04:47Z,4.2428
2026-03-03T13:46:14Z,4.1738
2026-03-03T13:52:45Z,4.7074
2026-03-03T14:04:56Z,5.1377
2026-03-03T14:07:05Z,3.7468
2026-03-03T14:11:41Z,3.6351
2026-03-03T14:16:18Z,3.8168
2026-03-03T14:21:46Z,4.6935
2026-03-03T14:22:22Z,4.1525
2026-03-03T14:24:37Z,4.7686
2026-03-03T14:33:49Z,3.8732
2026-03-03T14:43:54Z,4.3098
2026-03-03T14:47:55Z,4.8335
2026-03-03T14:49:50Z,3.7539
2026-03-03T15:19:01Z,4.691
2026-03-03T15:22:31Z,4.4904
2026-03-03T15:32:54Z,4.3356
2026-03-03T15:43:43Z,4.016
2026-03-03T15:48:22Z,3.5776
2026-03-03T15:58:46Z,4.9772
2026-03-03T16:01:21Z,4.7295
2026-03-03T16:39:49Z,4.6578
2026-03-03T16:43:35Z,4.5399
2026-03-03T16:45:27Z,3.8673
2026-03-03T16:48:18Z,4.4201
2026-03-03T16:48:36Z,4.6273
2026-03-03T17:05:06Z,4.8042
2026-03-03T17:15:31Z,3.7852
2026-03-03T17:25:11Z,3.6463
2026-03-03T17:41:37Z,4.303
2026-03-03T17:42:57Z,4.2172
2026-03-03T17:46:05Z,3.9828
2026-03-03T17:49:38Z,4.4359
2026-03-03T17:59:26Z,3.8377
2026-03-03T18:00:22Z,4.7069
2026-03-03T18:03:24Z,3.9733
2026-03-03T18:03:53Z,4.7235
2026-03-03T18:17:54Z,4.6307
2026-03-03T18:20:40Z,4.2221
2026-03-03T18:29:13Z,4.8651
2026-03-03T18:33:30Z,4.1443
2026-03-03T18:43:12Z,4.1432
2026-03-03T18:49:21Z,3.747
2026-03-03T19:02:18Z,3.3616
2026-03-03T19:03:42Z,4.5071
2026-03-03T19:07:17Z,4.6174
2026-03-03T19:16:37Z,4.5186
2026-03-03T19:22:17Z,4.0346
2026-03-03T19:33:09Z,4.1154
2026-03-03T19:40:13Z,4.3636
2026-03-03T19:58:20Z,4.2119
2026-03-03T20:01:00Z,4.6806
2026-03-03T20:13:25Z,3.9457
2026-03-03T20:19:13Z,4.1515
2026-03-03T20:19:23Z,4.3079
2026-03-03T20:28:44Z,4.2753
2026-03-03T20:29:40Z,4.4767
2026-03-03T20:38:03Z,4.7263
2026-03-03T20:48:16Z,3.8581
2026-03-03T21:00:56Z,4.8827
2026-03-03T21:08:40Z,4.2169
2026-03-03T21:26:53Z,4.4377
2026-03-03T21:40:20Z,4.7377
2026-03-03T21:44:20Z,4.3923
2026-03-03T21:46:36Z,4.3008
2026-03-03T21:59:28Z,4.4199
2026-03-03T22:01:44Z,4.1548
2026-03-03T22:28:18Z,5.1226
2026-03-03T22:42:11Z,4.1306
2026-03-03T22:45:09Z,4.5159
2026-03-03T22:47:42Z,4.0333
2026-03-03T22:48:11Z,3.9225
2026-03-03T22:58:25Z,3.6955
2026-03-03T23:05:29Z,4.8148
2026-03-03T23:23:58Z,4.0827
2026-03-03T23:40:51Z,4.0687
2026-03-03T23:52:09Z,4.4751
2026-03-03T23:56:17Z,4.6422
2026-03-04T00:04:00Z,4.0912
2026-03-04T00:05:22Z,4.4516
2026-03-04T00:16:19Z,4.8464
2026-03-04T00:36:20Z,4.07
2026-03-04T00:46:14Z,4.1621
2026-03-04T01:17:55Z,4.3953
2026-03-04T01:19:12Z,4.2711
2026-03-04T01:30:35Z,3.8026
2026-03-04T01:31:52Z,4.2389
2026-03-04T01:48:14Z,4.3233
2026-03-04T01:53:33Z,4.0663
2026-03-04T01:59:11Z,3.7224
2026-03-04T02:18:11Z,4.5659
2026-03-04T02:28:48Z,3.6563
2026-03-04T02:42:24Z,4.3492
2026-03-04T02:43:15Z,4.5285
2026-03-04T03:12:09Z,4.7773
2026-03-04T03:36:23Z,4.5427
2026-03-04T03:42:08Z,4.3165
2026-03-04T03:56:46Z,3.9746
2026-03-04T04:27:31Z,3.9693
2026-03-04T04:30:57Z,4.8893
2026-03-04T04:51:12Z,4.404
2026-03-04T04:53:22Z,4.1148
2026-03-04T05:12:47Z,3.9241
2026-03-04T05:17:24Z,2.9028
2026-03-04T05:25:29Z,3.8979
2026-03-04T05:26:47Z,4.3753
2026-03-04T05:47:53Z,4.1908
2026-03-04T05:55:28Z,4.1234
2026-03-04T06:00:23Z,3.9259
2026-03-04T06:07:28Z,4.1955
2026-03-04T06:22:03Z,4.2829
2026-03-04T06:24:55Z,4.0177
2026-03-04T06:39:01Z,4.3039
2026-03-04T06:54:18Z,5.2086
2026-03-04T07:20:10Z,4.2174
2026-03-04T07:22:23Z,3.9861
2026-03-04T07:36:53Z,3.9276
2026-03-04T07:53:19Z,4.7022
2026-03-04T08:08:42Z,5.0496
2026-03-04T08:17:47Z,4.5482
2026-03-04T08:26:35Z,4.3371
2026-03-04T08:26:55Z,4.2593
2026-03-04T08:31:19Z,3.9682
2026-03-04T08:42:31Z,3.939
2026-03-04T08:44:17Z,4.2439
2026-03-04T09:09:43Z,5.1426
2026-03-04T09:11:23Z,4.1887
2026-03-04T09:13:50Z,4.56
2026-03-04T09:21:32Z,4.1118
2026-03-04T09:22:52Z,4.462
2026-03-04T09:30:46Z,5.5399
2026-03-04T09:35:29Z,4.8198
2026-03-04T10:06:25Z,4.3045
2026-03-04T10:08:44Z,4.1159
2026-03-04T10:28:13Z,4.6676
2026-03-04T10:43:11Z,3.5633
2026-03-04T10:44:44Z,4.6817
2026-03-04T10:48:30Z,4.6039
2026-03-04T10:51:24Z,4.509
2026-03-04T11:00:10Z,4.2305
2026-03-04T11:00:34Z,4.5864
2026-03-04T11:07:30Z,4.1515
2026-03-04T11:09:12Z,3.9701
2026-03-04T11:22:47Z,4.1228
2026-03-04T11:42:54Z,4.0505
2026-03-04T11:51:43Z,4.4812
2026-03-04T12:02:50Z,3.8596
2026-03-04T12:07:01Z,4.8255
2026-03-04T12:10:57Z,4.3814
2026-03-04T12:11:01Z,3.4992
2026-03-04T12:21:03Z,4.9651
2026-03-04T12:28:01Z,4.1382
2026-03-04T12:32:26Z,4.372
2026-03-04T12:37:46Z,4.7653
2026-03-04T12:39:53Z,3.5604
2026-03-04T12:55:42Z,4.3917
2026-03-04T12:57:19Z,3.6033
2026-03-04T13:15:47Z,4.5065
2026-03-04T13:17:41Z,4.278
2026-03-04T13:24:46Z,4.4289
2026-03-04T13:25:11Z,4.8058
2026-03-04T13:25:54Z,4.8663
2026-03-04T13:31:19Z,4.4666
2026-03-04T13:33:27Z,4.3981
2026-03-04T13:51:14Z,3.6951
2026-03-04T13:51:41Z,3.8567
2026-03-04T14:45:20Z,4.8312
2026-03-04T14:49:15Z,4.6635
2026-03-04T14:51:48Z,4.9749
2026-03-04T14:58:08Z,5.2247
2026-03-04T14:58:15Z,4.7722
2026-03-04T15:11:58Z,3.6917
2026-03-04T15:16:14Z,4.3383
2026-03-04T15:27:45Z,4.0465
2026-03-04T16:08:42Z,4.5583
2026-03-04T16:18:09Z,4.6499
2026-03-04T16:24:54Z,3.809
2026-03-04T16:39:33Z,3.9396
2026-03-04T16:41:56Z,3.876
2026-03-04T16:49:40Z,4.5421
2026-03-04T17:05:47Z,4.5401
2026-03-04T17:17:55Z,5.322
2026-03-04T17:28:50Z,4.6802
2026-03-04T17:37:27Z,3.7263
2026-03-04T17:49:44Z,5.0078
2026-03-04T17:59:03Z,4.8089
2026-03-04T17:59:57Z,4.4823
2026-03-04T18:23:34Z,4.2361
2026-03-04T18:26:40Z,3.691
2026-03-04T18:26:49Z,3.9231
2026-03-04T19:01:09Z,4.544
2026-03-04T19:18:19Z,4.502
2026-03-04T19:31:53Z,3.8329
2026-03-04T19:35:05Z,5.3373
2026-03-04T19:52:38Z,4.4799
2026-03-04T20:01:02Z,4.7537
2026-03-04T20:01:26Z,3.5543
2026-03-04T20:37:32Z,5.0519
2026-03-04T20:57:12Z,4.2876
2026-03-04T21:07:59Z,4.3066
2026-03-04T21:30:29Z,4.2061
2026-03-04T22:03:01Z,5.2536
2026-03-04T22:03:57Z,4.4172
2026-03-04T22:17:20Z,4.1777
2026-03-04T22:31:08Z,3.5208
2026-03-04T22:31:28Z,5.1375
2026-03-04T22:39:46Z,4.6267
2026-03-04T23:01:00Z,4.5394
2026-03-04T23:02:07Z,4.5594
2026-03-04T23:06:58Z,4.7591
2026-03-04T23:12:12Z,4.197
2026-03-04T23:16:02Z,5.0358
2026-03-04T23:24:19Z,3.9282
2026-03-04T23:38:24Z,4.6418
2026-03-04T23:54:20Z,4.1043
2026-03-05T00:03:33Z,4.2292
2026-03-05T00:08:33Z,5.2015
2026-03-05T00:47:03Z,4.3718
2026-03-05T00:50:46Z,3.4485
2026-03-05T01:11:05Z,4.355
2026-03-05T01:23:42Z,4.6089
2026-03-05T01:37:43Z,3.6863
2026-03-05T01:43:13Z,4.2457
2026-03-05T02:02:55Z,4.6322
2026-03-05T02:07:53Z,4.9806
2026-03-05T02:10:21Z,3.6212
2026-03-05T02:12:33Z,4.2745
2026-03-05T02:35:41Z,4.9504
2026-03-05T02:37:37Z,4.2519
2026-03-05T02:53:56Z,4.1678
2026-03-05T03:00:59Z,4.7753
2026-03-05T03:07:49Z,4.1395
2026-03-05T03:07:51Z,3.8716
2026-03-05T03:29:19Z,4.436
2026-03-05T03:41:26Z,3.7752
2026-03-05T03:47:54Z,4.2104
2026-03-05T03:52:51Z,4.515
2026-03-05T03:54:04Z,4.2605
2026-03-05T03:55:29Z,4.4546
2026-03-05T04:52:45Z,3.6112
2026-03-05T04:53:33Z,4.3505
2026-03-05T05:00:27Z,4.7613
2026-03-05T05:00:45Z,4.394
2026-03-05T05:16:57Z,3.9628
2026-03-05T05:25:35Z,3.6675
2026-03-05T05:34:14Z,3.7568
2026-03-05T05:50:16Z,4.5648
2026-03-05T05:58:46Z,4.6826
2026-03-05T06:09:03Z,4.0085
2026-03-05T06:27:43Z,4.2536
2026-03-05T06:31:45Z,3.5629
2026-03-05T06:37:16Z,4.1943
2026-03-05T06:53:31Z,4.1169
2026-03-05T07:20:13Z,3.7269
2026-03-05T07:28:25Z,4.0033
2026-03-05T07:38:44Z,3.8926
2026-03-05T07:51:45Z,4.1481
2026-03-05T07:53:48Z,4.6898
2026-03-05T08:17:36Z,4.0504
2026-03-05T08:19:40Z,4.3018
2026-03-05T08:38:17Z,3.7131
2026-03-05T08:39:48Z,4.5043
2026-03-05T08:49:24Z,3.7861
2026-03-05T08:51:27Z,4.4296
2026-03-05T08:57:04Z,4.1994
2026-03-05T09:13:59Z,3.9449
2026-03-05T09:17:00Z,4.5738
2026-03-05T09:19:37Z,3.9432
2026-03-05T09:34:47Z,4.8896
2026-03-05T09:42:05Z,4.1245
2026-03-05T09:45:58Z,5.2042
2026-03-05T09:46:35Z,3.2519
2026-03-05T09:46:55Z,4.0354
2026-03-05T09:49:24Z,4.087
2026-03-05T10:04:00Z,3.8284
2026-03-05T10:10:06Z,4.1547
2026-03-05T10:47:53Z,4.987
2026-03-05T11:25:37Z,4.6787
2026-03-05T11:39:07Z,4.5344
2026-03-05T11:50:52Z,4.0289
2026-03-05T11:53:29Z,5.1077
2026-03-05T11:57:34Z,4.0434
2026-03-05T12:05:25Z,4.5825
2026-03-05T12:14:18Z,4.0403
2026-03-05T12:16:52Z,4.2556
2026-03-05T12:31:12Z,4.5372
2026-03-05T12:35:34Z,4.3677
2026-03-05T12:52:52Z,4.1634
2026-03-05T12:54:35Z,4.0814
2026-03-05T13:20:33Z,4.0645
2026-03-05T13:22:41Z,4.8005
2026-03-05T13:34:33Z,4.5255
2026-03-05T13:35:31Z,3.9497
2026-03-05T13:46:19Z,4.8426
2026-03-05T14:02:44Z,4.222
2026-03-05T14:04:58Z,3.9237
2026-03-05T14:11:38Z,3.9928
2026-03-05T14:51:24Z,4.0145
2026-03-05T15:03:42Z,3.8655
2026-03-05T15:04:31Z,3.5327
2026-03-05T15:25:42Z,3.9652
2026-03-05T15:25:55Z,5.0459
2026-03-05T15:37:55Z,4.5261
2026-03-05T15:42:36Z,4.4897
2026-03-05T16:23:30Z,4.5526
2026-03-05T16:32:08Z,4.3257
2026-03-05T16:48:47Z,3.9295
2026-03-05T16:54:10Z,4.7935
2026-03-05T17:01:19Z,3.6564
2026-03-05T17:01:26Z,4.4093
2026-03-05T17:05:08Z,4.4863
2026-03-05T17:14:20Z,4.7378
2026-03-05T17:28:34Z,4.8604
2026-03-05T17:28:45Z,4.4037
2026-03-05T17:38:11Z,4.4242
2026-03-05T17:40:37Z,4.0987
2026-03-05T18:09:57Z,4.5288
2026-03-05T18:20:26Z,4.5431
2026-03-05T18:47:09Z,4.2265
2026-03-05T19:02:49Z,3.8781
2026-03-05T19:31:30Z,4.7216
2026-03-05T19:35:14Z,4.7388
2026-03-05T19:48:03Z,3.8375
2026-03-05T20:02:54Z,3.9642
2026-03-05T20:03:44Z,4.0818
2026-03-05T20:08:23Z,4.0018
2026-03-05T20:09:18Z,4.4999
2026-03-05T20:11:28Z,3.5648
2026-03-05T20:13:23Z,3.755
2026-03-05T20:28:31Z,4.7017
2026-03-05T20:44:50Z,4.3506
2026-03-05T20:51:55Z,4.9852
2026-03-05T20:57:43Z,4.1156
2026-03-05T21:17:07Z,4.1361
2026-03-05T21:18:46Z,4.3166
2026-03-05T21:36:21Z,3.9047
2026-03-05T21:52:53Z,3.9528
2026-03-05T21:57:06Z,4.3479
2026-03-05T21:58:51Z,3.4971
2026-03-05T22:04:01Z,3.7457
2026-03-05T22:04:37Z,4.8975
2026-03-05T22:50:12Z,3.8932
2026-03-05T22:53:21Z,5.023
2026-03-05T23:19:14Z,4.8106
2026-03-05T23:19:28Z,3.9041
2026-03-05T23:19:45Z,5.2899
2026-03-05T23:28:43Z,4.7171
2026-03-05T23:33:58Z,4.4691
2026-03-05T23:35:47Z,4.2556
2026-03-05T23:36:57Z,4.4864
2026-03-05T23:39:33Z,4.9808
2026-03-05T23:49:45Z,4.0615
2026-03-05T23:59:11Z,4.4158
2026-03-06T00:32:10Z,4.3437
2026-03-06T00:38:06Z,4.9132
2026-03-06T00:47:11Z,4.3923
2026-03-06T00:58:24Z,4.4788
2026-03-06T00:59:11Z,4.058
2026-03-06T01:15:12Z,4.9733
2026-03-06T01:19:14Z,3.8098
2026-03-06T01:25:24Z,4.6022
2026-03-06T01:46:33Z,4.1069
2026-03-06T01:47:07Z,4.4308
2026-03-06T01:48:06Z,3.9645
2026-03-06T02:21:47Z,4.0881
2026-03-06T02:27:45Z,5.2308
2026-03-06T02:37:37Z,4.4888
2026-03-06T02:43:49Z,4.4902
2026-03-06T02:44:28Z,3.9544
2026-03-06T02:48:47Z,4.4876
2026-03-06T02:57:40Z,4.7566
2026-03-06T03:03:29Z,3.5404
2026-03-06T03:14:08Z,4.2446
2026-03-06T03:15:52Z,4.5877
2026-03-06T03:16:24Z,4.3214
2026-03-06T03:35:47Z,4.3667
2026-03-06T03:39:52Z,4.4306
2026-03-06T03:42:51Z,4.6451
2026-03-06T03:55:32Z,4.3126
2026-03-06T04:05:48Z,4.4735
2026-03-06T04:11:33Z,3.6782
2026-03-06T04:25:07Z,3.8628
2026-03-06T04:58:30Z,4.0251
2026-03-06T05:05:33Z,4.82
2026-03-06T05:09:15Z,4.5166
2026-03-06T05:11:18Z,4.5798
2026-03-06T05:24:25Z,4.4829
2026-03-06T05:27:36Z,3.3045
2026-03-06T05:31:53Z,3.8253
2026-03-06T05:53:17Z,5.1707
2026-03-06T06:10:16Z,4.1713
2026-03-06T06:10:35Z,3.8889
2026-03-06T06:19:29Z,4.0778
2026-03-06T06:24:07Z,4.5948
2026-03-06T06:31:25Z,3.8047
2026-03-06T06:36:02Z,4.9096
2026-03-06T06:43:11Z,4.2928
2026-03-06T06:45:43Z,4.0624
2026-03-06T06:53:23Z,4.2918
2026-03-06T06:58:27Z,4.1129
2026-03-06T07:12:10Z,4.1001
2026-03-06T07:20:09Z,4.4804
2026-03-06T07:22:12Z,3.7862
2026-03-06T07:31:39Z,3.7658
2026-03-06T07:47:04Z,4.3204
2026-03-06T08:04:50Z,4.1183
2026-03-06T08:20:06Z,4.1561
2026-03-06T08:29:49Z,3.9299
2026-03-06T08:37:17Z,3.7848
2026-03-06T08:47:08Z,4.576
2026-03-06T08:53:32Z,3.9846
2026-03-06T08:56:43Z,4.2666
2026-03-06T09:01:16Z,3.9372
2026-03-06T09:03:12Z,3.9785
2026-03-06T09:07:20Z,4.8695
2026-03-06T09:10:21Z,4.0157
2026-03-06T09:13:12Z,4.3361
2026-03-06T09:27:15Z,3.9754
2026-03-06T09:27:21Z,4.3661
2026-03-06T09:46:15Z,4.6606
2026-03-06T10:23:08Z,3.6489
2026-03-06T10:30:46Z,3.9859
2026-03-06T10:42:57Z,3.2729
2026-03-06T10:49:27Z,4.0696
2026-03-06T10:50:26Z,3.5363
2026-03-06T10:54:27Z,4.2505
2026-03-06T10:56:11Z,4.4672
2026-03-06T11:01:34Z,3.9284
2026-03-06T11:10:37Z,4.4777
2026-03-06T11:12:49Z,4.7448
2026-03-06T11:18:39Z,3.741
2026-03-06T11:30:59Z,5.0408
2026-03-06T11:31:39Z,4.5564
2026-03-06T11:32:54Z,3.5505
2026-03-06T11:35:01Z,4.2847
2026-03-06T11:36:34Z,4.4613
2026-03-06T11:37:22Z,3.9325
2026-03-06T11:49:35Z,4.2556
2026-03-06T11:50:57Z,4.2481
2026-03-06T11:55:41Z,5.2355
2026-03-06T12:05:25Z,5.1583
2026-03-06T12:11:17Z,4.6333
2026-03-06T12:11:58Z,3.9418
2026-03-06T12:15:15Z,4.1327
2026-03-06T12:20:59Z,4.7595
2026-03-06T12:35:05Z,4.3116
2026-03-06T12:41:31Z,3.7901
2026-03-06T12:43:19Z,4.1891
2026-03-06T12:47:36Z,4.1522
2026-03-06T13:18:49Z,3.8908
2026-03-06T13:20:33Z,4.5878
2026-03-06T13:24:10Z,4.1622
2026-03-06T13:39:08Z,4.7118
2026-03-06T13:40:46Z,4.5804
2026-03-06T13:41:05Z,5.4269
2026-03-06T13:59:31Z,4.4199
2026-03-06T14:01:01Z,4.8491
2026-03-06T14:18:39Z,3.8393
2026-03-06T14:25:42Z,3.8957
2026-03-06T14:26:54Z,4.1445
2026-03-06T14:28:36Z,4.2006
2026-03-06T14:29:21Z,4.3252
2026-03-06T15:42:22Z,3.8652
2026-03-06T15:45:50Z,4.1351
2026-03-06T15:55:58Z,4.6249
2026-03-06T15:56:55Z,4.9812
2026-03-06T16:02:49Z,4.2255
2026-03-06T16:19:36Z,4.1225
2026-03-06T16:19:49Z,4.3472
2026-03-06T16:26:07Z,4.3373
2026-03-06T16:28:39Z,4.0223
2026-03-06T16:32:12Z,4.4088
2026-03-06T16:39:27Z,4.7919
2026-03-06T16:40:50Z,3.7194
2026-03-06T16:47:12Z,4.713
2026-03-06T16:54:27Z,4.0761
2026-03-06T17:08:12Z,4.2447
2026-03-06T17:19:58Z,4.3573
2026-03-06T17:36:12Z,4.7508
2026-03-06T17:36:15Z,4.8917
2026-03-06T17:47:55Z,3.984
2026-03-06T17:56:51Z,4.1028
2026-03-06T18:02:30Z,4.3186
2026-03-06T18:23:43Z,4.3906
2026-03-06T18:32:21Z,4.5852
2026-03-06T18:43:46Z,3.6416
2026-03-06T18:43:47Z,4.4229
2026-03-06T19:03:11Z,4.5106
2026-03-06T19:09:33Z,4.4192
2026-03-06T19:19:11Z,4.0335
2026-03-06T19:30:47Z,5.0781
2026-03-06T19:34:05Z,4.3338
2026-03-06T19:54:16Z,4.5909
2026-03-06T20:00:34Z,4.2628
2026-03-06T20:12:30Z,4.6793
2026-03-06T20:17:52Z,4.0585
2026-03-06T20:24:57Z,4.7149
2026-03-06T20:25:43Z,3.354
2026-03-06T20:41:37Z,4.2065
2026-03-06T20:48:13Z,4.1847
2026-03-06T20:57:30Z,4.1703
2026-03-06T21:00:14Z,3.2079
2026-03-06T21:03:27Z,4.0485
2026-03-06T21:09:17Z,3.4886
2026-03-06T21:18:01Z,4.7038
2026-03-06T21:23:23Z,5.4699
2026-03-06T21:36:29Z,4.4885
2026-03-06T21:44:19Z,4.1306
2026-03-06T21:51:43Z,4.7574
2026-03-06T21:52:15Z,4.2898
2026-03-06T22:01:47Z,4.318
2026-03-06T22:09:16Z,4.702
2026-03-06T22:12:30Z,4.8683
2026-03-06T22:16:37Z,4.5095
2026-03-06T22:38:20Z,3.5109
2026-03-06T22:46:57Z,4.192
2026-03-06T23:11:47Z,4.4591
2026-03-06T23:40:46Z,4.6866
2026-03-06T23:43:04Z,4.5774
2026-03-07T00:02:48Z,3.4745
2026-03-07T00:03:53Z,4.7546
2026-03-07T00:43:34Z,4.1659
2026-03-07T00:44:49Z,3.8201
2026-03-07T00:53:00Z,3.4703
2026-03-07T01:01:53Z,4.8012
2026-03-07T01:24:27Z,4.441
2026-03-07T01:24:50Z,4.5171
2026-03-07T01:39:18Z,5.0735
2026-03-07T01:44:26Z,4.6087
2026-03-07T01:47:08Z,4.1794
2026-03-07T01:49:11Z,4.2128
2026-03-07T01:59:27Z,5.1578
2026-03-07T02:31:29Z,4.5707
2026-03-07T02:37:35Z,3.9216
2026-03-07T02:41:17Z,3.9861
2026-03-07T02:44:02Z,4.8915
2026-03-07T03:08:48Z,4.0817
2026-03-07T03:20:47Z,4.4906
2026-03-07T03:30:08Z,4.2812
2026-03-07T03:32:58Z,3.8356
2026-03-07T03:35:41Z,5.1606
2026-03-07T03:47:42Z,4.027
2026-03-07T04:00:10Z,4.6316
2026-03-07T04:46:08Z,4.338
2026-03-07T04:55:10Z,3.536
2026-03-07T04:55:39Z,4.2668
2026-03-07T04:58:20Z,4.0781
2026-03-07T04:58:56Z,3.9268
2026-03-07T05:10:41Z,4.5799
2026-03-07T05:30:56Z,4.3009
2026-03-07T05:53:24Z,4.6044
2026-03-07T05:53:37Z,3.9657
2026-03-07T06:04:29Z,3.9059
2026-03-07T06:10:42Z,4.9645
2026-03-07T06:35:44Z,4.4243
2026-03-07T06:50:16Z,4.5892
2026-03-07T07:00:14Z,4.26
2026-03-07T07:10:29Z,4.4267
2026-03-07T07:16:23Z,4.2782
2026-03-07T07:18:33Z,4.109
2026-03-07T07:20:07Z,4.0776
2026-03-07T07:25:57Z,4.5775
2026-03-07T08:07:19Z,3.8997
2026-03-07T08:11:33Z,4.5381
2026-03-07T08:17:07Z,5.3215
2026-03-07T08:30:29Z,4.4952
2026-03-07T08:31:59Z,3.6454
2026-03-07T08:32:12Z,4.2963
2026-03-07T08:35:53Z,3.6669
2026-03-07T08:36:07Z,4.1504
2026-03-07T08:58:43Z,4.5033
2026-03-07T09:05:16Z,4.2874
2026-03-07T09:16:27Z,4.1626
2026-03-07T09:17:47Z,4.3296
2026-03-07T09:21:36Z,4.3585
2026-03-07T09:28:54Z,4.2027
2026-03-07T09:29:41Z,4.4337
2026-03-07T09:30:19Z,3.8933
2026-03-07T09:32:25Z,4.2373
2026-03-07T09:39:51Z,4.4764
2026-03-07T09:44:05Z,4.1729
2026-03-07T09:46:45Z,4.0206
2026-03-07T09:52:25Z,4.812
2026-03-07T09:55:52Z,4.8988
2026-03-07T10:03:17Z,4.7759
2026-03-07T10:14:37Z,4.5287
2026-03-07T10:56:23Z,4.3382
2026-03-07T11:25:22Z,4.2927
2026-03-07T11:26:53Z,3.8482
2026-03-07T11:30:03Z,4.0719
2026-03-07T11:49:29Z,4.3782
2026-03-07T12:23:27Z,4.3457
2026-03-07T12:24:57Z,3.4841
2026-03-07T12:35:26Z,4.6979
2026-03-07T12:44:32Z,4.1322
2026-03-07T12:45:12Z,3.8029
2026-03-07T12:51:35Z,4.2845
2026-03-07T13:06:03Z,4.0179
2026-03-07T13:40:41Z,4.7698
2026-03-07T13:42:07Z,4.8233
2026-03-07T13:58:48Z,3.8864
2026-03-07T14:08:49Z,4.1503
2026-03-07T14:34:27Z,4.4976
2026-03-07T14:45:02Z,4.617
2026-03-07T14:47:32Z,4.2321
2026-03-07T14:48:18Z,4.7512
2026-03-07T15:05:28Z,4.3354
2026-03-07T15:11:07Z,4.5445
2026-03-07T15:22:56Z,3.5895
2026-03-07T15:26:58Z,3.3058
2026-03-07T15:33:02Z,4.6985
2026-03-07T15:41:00Z,4.3323
2026-03-07T15:58:29Z,4.4209
2026-03-07T16:13:56Z,4.5825
2026-03-07T16:24:11Z,4.0656
2026-03-07T16:28:11Z,4.9159
2026-03-07T16:33:35Z,3.7563
2026-03-07T16:42:09Z,5.1947
2026-03-07T17:05:07Z,4.3569
2026-03-07T17:09:34Z,4.5692
2026-03-07T17:14:25Z,3.9552
2026-03-07T17:16:28Z,4.6743
2026-03-07T17:20:34Z,5.3125
2026-03-07T17:40:02Z,4.4538
2026-03-07T17:45:49Z,4.9058
2026-03-07T18:00:59Z,4.3471
2026-03-07T18:06:49Z,4.1755
2026-03-07T18:19:13Z,3.7476
2026-03-07T18:29:09Z,4.3226
2026-03-07T18:29:44Z,4.1119
2026-03-07T18:38:51Z,4.5255
2026-03-07T18:47:28Z,4.7524
2026-03-07T19:26:33Z,3.7064
2026-03-07T19:44:33Z,4.1969
2026-03-07T19:54:32Z,4.3275
2026-03-07T19:55:55Z,3.9421
2026-03-07T20:05:12Z,4.3677
2026-03-07T20:26:09Z,5.2108
2026-03-07T20:27:19Z,4.9622
2026-03-07T20:48:28Z,4.0617
2026-03-07T21:48:59Z,4.4679
2026-03-07T21:59:57Z,4.6063
2026-03-07T22:26:10Z,4.2592
2026-03-07T22:27:26Z,4.0837
2026-03-07T22:39:36Z,4.2156
2026-03-07T22:39:39Z,4.1752
2026-03-07T22:43:12Z,4.4977
2026-03-07T23:09:16Z,3.8916
2026-03-07T23:19:47Z,4.0009
2026-03-07T23:36:13Z,3.7996
2026-03-07T23:56:42Z,3.8676
2026-03-08T00:08:28Z,4.4985
2026-03-08T00:21:49Z,4.004
2026-03-08T00:34:34Z,4.4776
2026-03-08T00:39:36Z,4.8576
2026-03-08T00:46:18Z,4.3031
2026-03-08T00:48:13Z,4.3756
2026-03-08T01:00:48Z,4.3233
2026-03-08T01:35:46Z,4.0499
2026-03-08T01:38:02Z,4.562
2026-03-08T01:42:08Z,3.7913
2026-03-08T01:43:51Z,4.5686
2026-03-08T01:47:03Z,4.9503
2026-03-08T02:12:18Z,4.2036
2026-03-08T02:38:09Z,3.9702
2026-03-08T02:40:41Z,4.4023
2026-03-08T03:17:58Z,4.5119
2026-03-08T03:19:53Z,4.1034
2026-03-08T03:40:46Z,4.2024
2026-03-08T04:05:45Z,4.1787
2026-03-08T04:14:35Z,3.8626
2026-03-08T04:29:46Z,3.9049
2026-03-08T04:30:53Z,3.551
2026-03-08T04:41:15Z,4.4754
2026-03-08T05:33:41Z,4.6663
2026-03-08T05:36:00Z,3.8426
2026-03-08T05:45:18Z,4.6416
2026-03-08T05:45:26Z,4.6067
2026-03-08T05:48:14Z,4.7098
2026-03-08T05:48:43Z,4.6495
2026-03-08T06:03:42Z,4.585
2026-03-08T06:15:50Z,4.3155
2026-03-08T06:24:38Z,4.8408
2026-03-08T06:41:04Z,4.0208
2026-03-08T06:54:44Z,3.883
2026-03-08T07:03:55Z,3.2593
2026-03-08T07:21:16Z,3.9718
2026-03-08T07:36:39Z,4.2778
2026-03-08T07:37:13Z,4.1506
2026-03-08T07:38:33Z,4.3673
2026-03-08T07:39:55Z,4.5278
2026-03-08T08:09:40Z,4.0295
2026-03-08T08:13:39Z,5.0116
2026-03-08T08:23:17Z,4.5409
2026-03-08T08:39:47Z,3.8209
2026-03-08T08:50:53Z,4.5587
2026-03-08T09:12:36Z,4.7997
2026-03-08T09:17:18Z,4.9305
2026-03-08T09:56:38Z,3.7594
2026-03-08T09:58:14Z,4.4902
2026-03-08T10:05:04Z,4.7182
2026-03-08T10:06:36Z,4.2269
2026-03-08T10:11:08Z,4.6825
2026-03-08T10:11:40Z,4.0162
2026-03-08T10:30:36Z,4.2304
2026-03-08T10:48:00Z,4.4322
2026-03-08T10:49:22Z,3.891
2026-03-08T10:59:11Z,4.8708
2026-03-08T11:34:16Z,3.9003
2026-03-08T12:12:14Z,3.6578
2026-03-08T12:31:53Z,4.0061
2026-03-08T12:37:19Z,4.3304
2026-03-08T12:40:37Z,4.0687
2026-03-08T12:50:08Z,4.7157
2026-03-08T12:53:30Z,4.7872
2026-03-08T13:00:32Z,3.9429
2026-03-08T13:04:55Z,3.8245
2026-03-08T13:15:36Z,3.9436
2026-03-08T13:32:40Z,4.1699
2026-03-08T13:55:23Z,4.9636
2026-03-08T14:05:47Z,4.1152
2026-03-08T14:08:08Z,4.4438
2026-03-08T14:20:37Z,5.0575
2026-03-08T14:21:06Z,4.2702
2026-03-08T14:28:13Z,4.0554
2026-03-08T14:31:03Z,4.1272
2026-03-08T14:52:35Z,4.5936
2026-03-08T14:56:45Z,4.4436
2026-03-08T15:07:32Z,4.2212
2026-03-08T15:41:05Z,4.4289
2026-03-08T15:44:42Z,4.4476
2026-03-08T15:47:30Z,4.1515
2026-03-08T15:59:50Z,4.1605
2026-03-08T16:00:36Z,3.8681
2026-03-08T16:19:50Z,4.5946
2026-03-08T16:25:59Z,4.3527
2026-03-08T17:01:30Z,4.6521
2026-03-08T17:03:04Z,4.8622
2026-03-08T17:08:33Z,4.7142
2026-03-08T17:28:03Z,3.923
2026-03-08T17:52:47Z,4.8158
2026-03-08T17:59:34Z,3.7849
2026-03-08T18:21:47Z,3.9712
2026-03-08T18:23:50Z,4.4592
2026-03-08T18:25:05Z,3.6922
2026-03-08T18:29:25Z,4.7372
2026-03-08T18:36:35Z,4.7022
2026-03-08T18:57:50Z,4.4097
2026-03-08T19:15:23Z,4.9641
2026-03-08T19:15:27Z,4.535
2026-03-08T19:17:53Z,4.8576
2026-03-08T19:20:01Z,4.2811
2026-03-08T19:24:38Z,4.6016
2026-03-08T19:31:13Z,3.8417
2026-03-08T19:43:21Z,4.4044
2026-03-08T19:44:55Z,3.8588
2026-03-08T19:47:35Z,3.9035
2026-03-08T19:49:50Z,4.8332
2026-03-08T20:02:18Z,4.8006
2026-03-08T20:06:28Z,4.4718
2026-03-08T20:09:29Z,3.8596
2026-03-08T20:19:01Z,4.4445
2026-03-08T20:22:19Z,4.2778
2026-03-08T20:24:46Z,4.097
2026-03-08T20:28:26Z,4.224
2026-03-08T20:43:01Z,4.7841
2026-03-08T20:46:43Z,3.7998
2026-03-08T20:56:07Z,4.2712
2026-03-08T21:06:40Z,4.1677
2026-03-08T21:19:06Z,4.9017
2026-03-08T21:21:10Z,3.8969
2026-03-08T21:23:54Z,4.053
2026-03-08T22:06:46Z,4.5808
2026-03-08T22:08:10Z,4.0923
2026-03-08T22:11:33Z,4.8203
2026-03-08T22:26:19Z,3.8372
2026-03-08T22:28:44Z,4.5591
2026-03-08T22:42:52Z,4.4024
2026-03-08T22:43:41Z,4.004
2026-03-08T22:54:43Z,3.9461
2026-03-08T22:57:15Z,3.8982
2026-03-08T23:05:59Z,5.0167
2026-03-08T23:59:50Z,4.7608
2026-03-09T00:10:28Z,4.679
2026-03-09T00:28:43Z,4.8259
2026-03-09T00:42:02Z,3.8651
2026-03-09T01:12:33Z,3.74
2026-03-09T01:36:20Z,5.0499
2026-03-09T01:39:02Z,4.5859
2026-03-09T01:40:32Z,4.3676
2026-03-09T01:50:50Z,4.2578
2026-03-09T01:51:26Z,4.1164
2026-03-09T01:52:27Z,3.1923
2026-03-09T02:09:37Z,4.481
2026-03-09T02:13:27Z,4.7311
2026-03-09T02:18:42Z,4.4642
2026-03-09T02:56:53Z,3.5003
2026-03-09T02:57:18Z,4.3929
2026-03-09T03:14:57Z,5.0569
2026-03-09T03:31:31Z,3.7897
2026-03-09T03:48:43Z,5.3412
2026-03-09T03:53:45Z,4.8952
2026-03-09T03:56:18Z,3.7873
2026-03-09T03:58:08Z,3.7032
2026-03-09T04:01:37Z,4.1817
2026-03-09T04:04:45Z,4.6738
2026-03-09T04:07:33Z,3.8259
2026-03-09T04:20:28Z,4.7866
2026-03-09T04:36:51Z,5.1713
2026-03-09T04:39:50Z,4.3739
2026-03-09T04:56:24Z,4.5468
2026-03-09T05:01:25Z,5.142
2026-03-09T05:14:13Z,4.0265
2026-03-09T05:29:42Z,4.4073
2026-03-09T05:31:48Z,3.9666
2026-03-09T05:32:23Z,4.2532
2026-03-09T05:43:08Z,5.1245
2026-03-09T05:45:39Z,3.9771
2026-03-09T05:46:40Z,3.7084
2026-03-09T05:54:37Z,4.7878
2026-03-09T06:11:41Z,4.0596
2026-03-09T06:13:52Z,4.3346
2026-03-09T06:14:47Z,4.1075
2026-03-09T06:18:05Z,4.0908
2026-03-09T06:23:25Z,3.9963
2026-03-09T06:25:49Z,4.5679
2026-03-09T06:32:59Z,4.403
2026-03-09T06:38:33Z,4.3455
2026-03-09T06:41:05Z,4.2872
2026-03-09T06:43:00Z,3.9468
2026-03-09T06:43:48Z,4.1072
2026-03-09T06:54:05Z,3.9587
2026-03-09T07:07:37Z,4.9109
2026-03-09T07:25:08Z,3.7847
2026-03-09T07:27:27Z,4.3331
2026-03-09T07:28:51Z,4.6584
2026-03-09T07:32:23Z,4.1685
2026-03-09T07:39:16Z,5.026
2026-03-09T07:47:31Z,5.0809
2026-03-09T07:48:38Z,4.6271
2026-03-09T07:48:59Z,3.7397
2026-03-09T07:59:57Z,4.6924
2026-03-09T08:12:13Z,4.8003
2026-03-09T08:22:12Z,4.3831
2026-03-09T08:45:47Z,5.0155
2026-03-09T08:47:09Z,4.4635
2026-03-09T09:05:41Z,5.4274
2026-03-09T09:06:31Z,4.5952
2026-03-09T09:24:44Z,4.9094
2026-03-09T09:25:48Z,4.9045
2026-03-09T09:34:40Z,4.921
2026-03-09T09:56:04Z,4.7057
2026-03-09T10:05:04Z,4.4173
2026-03-09T10:24:41Z,3.2772
2026-03-09T10:46:59Z,4.6135
2026-03-09T10:50:55Z,3.8369
2026-03-09T10:53:06Z,4.1968
2026-03-09T10:56:34Z,4.306
2026-03-09T11:17:52Z,4.6374
2026-03-09T11:26:08Z,4.18
2026-03-09T11:33:14Z,3.8126
2026-03-09T11:37:23Z,4.1822
2026-03-09T11:51:04Z,4.4977
2026-03-09T11:57:33Z,4.1226
2026-03-09T12:00:35Z,4.1967
2026-03-09T12:02:34Z,4.0587
2026-03-09T12:02:34Z,3.1305
2026-03-09T12:08:34Z,4.8855
2026-03-09T12:21:24Z,4.4795
2026-03-09T12:24:17Z,4.338
2026-03-09T12:38:28Z,4.2419
2026-03-09T12:40:15Z,4.5171
2026-03-09T12:49:05Z,3.6922
2026-03-09T12:54:21Z,4.4827
2026-03-09T13:08:53Z,4.3738
2026-03-09T13:12:33Z,3.9825
2026-03-09T13:30:06Z,4.3201
2026-03-09T13:36:07Z,4.4382
2026-03-09T13:44:07Z,4.2627
2026-03-09T13:57:29Z,4.3968
2026-03-09T14:03:57Z,4.4312
2026-03-09T14:13:22Z,5.0655
2026-03-09T14:58:48Z,5.0448
2026-03-09T14:58:52Z,3.7447
2026-03-09T15:01:49Z,3.9472
2026-03-09T15:05:44Z,4.3631
2026-03-09T15:08:25Z,4.9884
2026-03-09T15:10:03Z,4.6395
2026-03-09T15:16:23Z,4.2115
2026-03-09T15:22:21Z,4.517
2026-03-09T15:29:48Z,3.5123
2026-03-09T15:37:27Z,4.8483
2026-03-09T15:42:39Z,4.0807
2026-03-09T15:44:50Z,4.6364
2026-03-09T15:46:12Z,3.8752
2026-03-09T16:03:52Z,4.9747
2026-03-09T16:13:53Z,4.1214
2026-03-09T16:20:34Z,4.0474
2026-03-09T16:32:48Z,4.4749
2026-03-09T16:37:49Z,4.7064
2026-03-09T16:45:12Z,4.625
2026-03-09T16:46:18Z,4.563
2026-03-09T16:48:12Z,5.1975
2026-03-09T16:53:42Z,4.918
2026-03-09T17:10:00Z,4.3433
2026-03-09T17:19:40Z,4.185
2026-03-09T17:21:14Z,4.1918
2026-03-09T17:53:31Z,5.0694
2026-03-09T17:59:32Z,5.3927
2026-03-09T18:03:18Z,4.0175
2026-03-09T18:15:16Z,4.6662
2026-03-09T18:18:30Z,4.4794
2026-03-09T18:30:38Z,3.8288
2026-03-09T18:37:36Z,4.8673
2026-03-09T18:42:54Z,3.9906
2026-03-09T18:45:13Z,4.0158
2026-03-09T18:46:37Z,4.607
2026-03-09T18:51:03Z,4.7656
2026-03-09T18:54:05Z,4.3405
2026-03-09T19:12:31Z,4.2903
2026-03-09T19:21:17Z,3.4135
2026-03-09T19:50:38Z,4.4649
2026-03-09T19:53:41Z,4.0288
2026-03-09T19:54:39Z,4.8536
2026-03-09T19:57:41Z,4.8132
2026-03-09T20:06:13Z,4.7485
2026-03-09T20:19:10Z,4.156
2026-03-09T20:26:47Z,4.7033
2026-03-09T20:31:57Z,3.9792
2026-03-09T20:31:59Z,4.6457
2026-03-09T20:37:44Z,3.955
2026-03-09T20:38:53Z,4.1175
2026-03-09T21:12:09Z,4.1841
2026-03-09T21:18:23Z,4.0574
2026-03-09T21:22:09Z,4.4025
2026-03-09T21:48:22Z,3.9312
2026-03-09T21:50:24Z,3.8002
2026-03-09T22:02:13Z,4.5576
2026-03-09T22:17:11Z,3.9351
2026-03-09T22:25:20Z,5.0179
2026-03-09T22:43:52Z,4.2536
2026-03-09T22:58:05Z,4.5762
2026-03-09T22:59:26Z,3.8905
2026-03-09T23:10:12Z,3.8428
2026-03-09T23:14:46Z,5.2597
2026-03-09T23:15:13Z,4.9297
2026-03-09T23:31:25Z,4.0368
2026-03-09T23:37:01Z,4.8284
2026-03-09T23:54:21Z,4.2414
2026-03-09T23:59:59Z,3.5408
2026-03-10T00:09:39Z,3.9482
2026-03-10T00:15:29Z,4.7779
2026-03-10T00:18:10Z,4.3364
2026-03-10T00:27:37Z,4.4987
2026-03-10T00:39:17Z,3.8514
2026-03-10T00:44:22Z,3.9183
2026-03-10T00:55:34Z,4.3676
2026-03-10T01:03:11Z,4.6749
2026-03-10T01:03:58Z,4.1866
2026-03-10T01:09:04Z,4.7892
2026-03-10T01:09:30Z,4.7773
2026-03-10T01:09:41Z,3.9993
2026-03-10T01:18:55Z,4.2718
2026-03-10T01:22:07Z,4.4204
2026-03-10T01:32:03Z,4.0276
2026-03-10T01:32:12Z,4.8072
2026-03-10T01:40:53Z,3.8987
2026-03-10T01:53:03Z,4.338
2026-03-10T01:56:02Z,4.4551
2026-03-10T01:56:22Z,4.4058
2026-03-10T02:06:18Z,4.8637
2026-03-10T02:20:00Z,4.7547
2026-03-10T02:23:23Z,4.6473
2026-03-10T02:24:36Z,4.9306
2026-03-10T02:29:24Z,4.5877
2026-03-10T02:34:25Z,4.2581
2026-03-10T02:43:41Z,4.2731
2026-03-10T02:58:01Z,4.0138
2026-03-10T03:03:19Z,4.4591
2026-03-10T03:06:35Z,4.15
2026-03-10T03:14:39Z,4.5394
2026-03-10T03:15:03Z,3.6815
2026-03-10T03:22:36Z,4.3663
2026-03-10T03:24:19Z,4.0502
2026-03-10T03:35:55Z,4.8552
2026-03-10T03:47:47Z,4.7797
2026-03-10T04:11:03Z,3.8079
2026-03-10T04:21:21Z,4.4961
2026-03-10T04:33:59Z,4.0802
2026-03-10T04:49:39Z,4.4564
2026-03-10T04:56:31Z,2.9837
2026-03-10T05:07:03Z,4.3608
2026-03-10T05:08:53Z,4.3797
2026-03-10T05:36:43Z,5.0852
2026-03-10T05:42:07Z,3.6073
2026-03-10T05:55:31Z,4.3296
2026-03-10T05:59:09Z,3.7109
2026-03-10T06:01:55Z,4.4301
2026-03-10T06:02:45Z,3.8579
2026-03-10T06:29:56Z,4.5726
2026-03-10T06:32:45Z,4.4707
2026-03-10T06:33:19Z,5.0546
2026-03-10T06:42:26Z,4.4375
2026-03-10T06:46:44Z,4.4909
2026-03-10T07:06:30Z,4.5225
2026-03-10T07:12:25Z,4.73
2026-03-10T07:23:22Z,4.8935
2026-03-10T07:23:50Z,4.197
2026-03-10T07:28:48Z,3.7871
2026-03-10T07:33:21Z,3.8956
2026-03-10T07:33:22Z,4.3908
2026-03-10T07:36:17Z,3.6848
2026-03-10T07:43:18Z,3.6402
2026-03-10T07:44:13Z,4.0961
2026-03-10T07:56:59Z,4.2489
2026-03-10T08:15:54Z,3.9084
2026-03-10T08:31:52Z,4.2777
2026-03-10T08:32:37Z,4.2286
2026-03-10T08:32:54Z,4.6285
2026-03-10T08:47:51Z,4.3351
2026-03-10T08:49:01Z,4.401
2026-03-10T09:01:15Z,4.7087
2026-03-10T09:10:00Z,4.5904
2026-03-10T09:12:10Z,4.2996
2026-03-10T09:12:23Z,3.5619
2026-03-10T09:15:57Z,4.4266
2026-03-10T09:24:52Z,4.0975
2026-03-10T09:31:39Z,4.6605
2026-03-10T09:49:15Z,4.8038
2026-03-10T10:23:55Z,3.7873
2026-03-10T10:30:34Z,4.4749
2026-03-10T10:34:10Z,4.1295
2026-03-10T10:38:47Z,4.0319
2026-03-10T10:42:00Z,3.7204
2026-03-10T10:50:10Z,4.7343
2026-03-10T10:54:09Z,4.6745
2026-03-10T10:55:41Z,4.8995
2026-03-10T11:01:52Z,4.1343
2026-03-10T11:08:19Z,4.6527
2026-03-10T11:20:35Z,4.825
2026-03-10T11:32:07Z,4.4406
2026-03-10T11:42:20Z,4.3905
2026-03-10T12:15:53Z,4.3645
2026-03-10T12:31:20Z,4.0096
2026-03-10T12:48:53Z,3.8047
2026-03-10T12:59:29Z,4.209
2026-03-10T13:03:38Z,4.3403
2026-03-10T13:07:35Z,4.792
2026-03-10T13:12:20Z,3.926
2026-03-10T13:16:32Z,4.5388
2026-03-10T13:20:53Z,4.4323
2026-03-10T13:22:00Z,3.7585
2026-03-10T13:38:47Z,4.5478
2026-03-10T13:40:27Z,4.2814
2026-03-10T13:49:49Z,4.4821
2026-03-10T13:54:19Z,3.8884
2026-03-10T13:59:00Z,4.335
2026-03-10T14:17:16Z,5.5165
2026-03-10T14:18:39Z,4.8632
2026-03-10T14:29:51Z,4.6305
2026-03-10T14:31:00Z,4.4716
2026-03-10T14:33:50Z,4.7528
2026-03-10T14:37:48Z,4.0047
2026-03-10T15:04:33Z,4.1424
2026-03-10T15:20:23Z,5.2357
2026-03-10T15:30:30Z,4.4254
2026-03-10T16:03:52Z,4.1422
2026-03-10T16:06:44Z,3.7879
2026-03-10T16:10:27Z,4.4603
2026-03-10T16:11:02Z,3.9406
2026-03-10T16:11:30Z,4.5094
2026-03-10T16:43:36Z,4.0512
2026-03-10T16:43:48Z,4.6016
2026-03-10T17:00:49Z,4.2365
2026-03-10T17:05:46Z,3.6445
2026-03-10T17:17:22Z,3.5602
2026-03-10T17:31:39Z,5.2131
2026-03-10T17:37:21Z,4.2634
2026-03-10T17:42:46Z,4.3614
2026-03-10T17:43:42Z,3.8833
2026-03-10T18:00:39Z,4.2567
2026-03-10T18:24:51Z,4.1507
2026-03-10T18:33:43Z,4.23
2026-03-10T18:35:47Z,4.9121
2026-03-10T18:49:16Z,4.7564
2026-03-10T18:56:52Z,4.5102
2026-03-10T18:57:10Z,4.761
2026-03-10T19:00:54Z,3.9265
2026-03-10T19:08:51Z,4.4766
2026-03-10T19:10:55Z,4.39
2026-03-10T19:14:24Z,4.2541
2026-03-10T19:14:24Z,4.1522
2026-03-10T19:31:19Z,5.3184
2026-03-10T19:33:29Z,4.5749
2026-03-10T19:44:03Z,4.5213
2026-03-10T19:52:08Z,4.8146
2026-03-10T20:02:49Z,4.1685
2026-03-10T20:04:36Z,4.0215
2026-03-10T20:12:15Z,3.8527
2026-03-10T20:16:58Z,4.0792
2026-03-10T20:24:15Z,3.9837
2026-03-10T20:29:59Z,4.8496
2026-03-10T20:36:03Z,4.8232
2026-03-10T21:03:01Z,4.1497
2026-03-10T21:07:24Z,4.2681
2026-03-10T21:08:09Z,3.2907
2026-03-10T21:08:13Z,4.2208
2026-03-10T21:19:23Z,3.949
2026-03-10T21:45:01Z,3.9205
2026-03-10T21:59:23Z,4.3862
2026-03-10T22:11:50Z,4.3713
2026-03-10T22:42:26Z,4.545
2026-03-10T23:03:17Z,4.5664
2026-03-10T23:04:23Z,4.9162
2026-03-10T23:09:50Z,4.119
2026-03-10T23:16:11Z,4.8359
2026-03-10T23:19:00Z,4.3724
2026-03-10T23:22:15Z,4.1618
2026-03-10T23:25:51Z,4.2438
2026-03-10T23:59:19Z,4.2594
2026-03-11T00:03:19Z,4.8578
2026-03-11T00:06:35Z,3.9855
2026-03-11T00:06:41Z,4.4577
2026-03-11T00:08:40Z,4.2449
2026-03-11T00:09:47Z,4.3567
2026-03-11T00:22:03Z,4.4929
2026-03-11T00:24:24Z,4.0863
2026-03-11T00:30:41Z,4.5079
2026-03-11T00:40:20Z,4.064
2026-03-11T00:42:46Z,4.0394
2026-03-11T00:59:39Z,4.6541
2026-03-11T01:01:27Z,3.883
2026-03-11T01:05:01Z,3.8957
2026-03-11T01:11:03Z,4.2293
2026-03-11T01:15:52Z,4.8105
2026-03-11T01:16:19Z,4.1655
2026-03-11T01:28:48Z,4.0284
2026-03-11T01:31:06Z,4.4464
2026-03-11T01:42:34Z,4.0251
2026-03-11T01:45:39Z,4.1312
2026-03-11T01:55:04Z,4.1422
2026-03-11T02:23:59Z,4.638
2026-03-11T02:25:14Z,3.8068
2026-03-11T02:33:30Z,3.8976
2026-03-11T02:36:57Z,4.2029
2026-03-11T03:06:24Z,4.3377
2026-03-11T03:17:36Z,4.5791
2026-03-11T03:32:36Z,4.0718
2026-03-11T03:37:59Z,4.0188
2026-03-11T03:55:28Z,4.2825
2026-03-11T04:12:10Z,3.6241
2026-03-11T04:13:37Z,4.4581
2026-03-11T04:15:44Z,3.6341
2026-03-11T04:19:05Z,4.964
2026-03-11T04:22:02Z,4.5925
2026-03-11T04:49:22Z,4.5688
2026-03-11T04:57:20Z,5.122
2026-03-11T05:06:22Z,4.5488
2026-03-11T05:09:42Z,4.3938
2026-03-11T05:17:54Z,4.6447
2026-03-11T05:25:00Z,4.3454
2026-03-11T05:28:37Z,3.6972
2026-03-11T05:35:46Z,4.3075
2026-03-11T05:42:55Z,4.1485
2026-03-11T06:07:44Z,4.9612
2026-03-11T06:23:45Z,4.5256
2026-03-11T06:30:58Z,4.7624
2026-03-11T06:53:02Z,4.6408
2026-03-11T07:03:57Z,4.0118
2026-03-11T07:04:53Z,4.509
2026-03-11T07:08:57Z,4.9695
2026-03-11T07:12:40Z,4.9476
2026-03-11T07:26:00Z,4.5303
2026-03-11T07:36:00Z,4.4385
2026-03-11T07:40:34Z,4.2194
2026-03-11T07:43:08Z,4.6695
2026-03-11T07:45:28Z,3.3721
2026-03-11T08:02:58Z,4.2335
2026-03-11T08:13:37Z,3.5053
2026-03-11T08:24:47Z,4.2984
2026-03-11T08:34:39Z,4.1929
2026-03-11T08:54:47Z,4.5381
2026-03-11T09:02:00Z,4.358
2026-03-11T09:35:44Z,5.2414
2026-03-11T09:46:57Z,4.6366
2026-03-11T09:52:42Z,3.8152
2026-03-11T09:58:04Z,4.6432
2026-03-11T10:08:28Z,5.3486
2026-03-11T10:31:22Z,4.0455
2026-03-11T10:45:47Z,4.3997
2026-03-11T11:11:00Z,3.8833
2026-03-11T11:12:58Z,3.7559
2026-03-11T11:16:15Z,4.1576
2026-03-11T11:16:27Z,4.7426
2026-03-11T11:23:04Z,4.3255
2026-03-11T11:23:55Z,4.6488
2026-03-11T11:41:55Z,4.6357
2026-03-11T11:43:00Z,4.4664
2026-03-11T11:43:01Z,3.8565
2026-03-11T11:44:38Z,4.1001
2026-03-11T12:06:06Z,4.6414
2026-03-11T12:19:59Z,4.2684
2026-03-11T12:21:55Z,4.5078
2026-03-11T12:40:33Z,3.8824
2026-03-11T12:41:03Z,4.4287
2026-03-11T12:47:41Z,4.5141
2026-03-11T13:03:42Z,4.4725
2026-03-11T13:36:12Z,4.8721
2026-03-11T13:36:43Z,4.1164
2026-03-11T14:01:20Z,4.1019
2026-03-11T14:03:12Z,4.0713
2026-03-11T14:14:51Z,3.6037
2026-03-11T14:15:25Z,4.6294
2026-03-11T14:52:53Z,3.9543
2026-03-11T14:59:44Z,3.8167
2026-03-11T14:59:48Z,4.1256
2026-03-11T15:20:55Z,4.29
2026-03-11T15:38:17Z,3.9871
2026-03-11T15:42:04Z,4.5404
2026-03-11T15:44:10Z,4.5632
2026-03-11T15:44:51Z,4.2353
2026-03-11T15:47:05Z,4.2969
2026-03-11T15:51:56Z,4.3876
2026-03-11T15:56:09Z,4.497
2026-03-11T15:56:22Z,4.1518
2026-03-11T16:01:39Z,3.7202
2026-03-11T16:15:27Z,5.0633
2026-03-11T16:19:11Z,4.9122
2026-03-11T16:29:03Z,4.6342
2026-03-11T16:52:36Z,4.4995
2026-03-11T16:53:35Z,4.5141
2026-03-11T16:55:02Z,4.2822
2026-03-11T16:59:22Z,4.3696
2026-03-11T17:06:06Z,5.6422
2026-03-11T17:20:40Z,4.5447
2026-03-11T17:20:57Z,3.9618
2026-03-11T17:39:42Z,4.1977
2026-03-11T17:44:52Z,4.3691
2026-03-11T17:45:00Z,4.7153
2026-03-11T18:08:01Z,3.8287
2026-03-11T18:12:53Z,4.2908
2026-03-11T18:26:32Z,4.0697
2026-03-11T18:48:27Z,4.121
2026-03-11T19:08:18Z,4.0762
2026-03-11T19:17:16Z,4.8508
2026-03-11T19:40:02Z,4.325
2026-03-11T20:12:01Z,4.7446
2026-03-11T20:21:05Z,4.7169
2026-03-11T20:23:56Z,4.6818
2026-03-11T20:31:33Z,4.4729
2026-03-11T20:34:10Z,4.6263
2026-03-11T20:45:01Z,3.5502
2026-03-11T20:47:54Z,3.9082
2026-03-11T21:17:57Z,3.6102
2026-03-11T21:25:45Z,4.6796
2026-03-11T21:33:09Z,5.2747
2026-03-11T21:55:24Z,3.9673
2026-03-11T21:56:35Z,3.6531
2026-03-11T22:07:37Z,3.8009
2026-03-11T22:17:30Z,4.4373
2026-03-11T22:18:16Z,4.8091
2026-03-11T22:18:24Z,4.0853
2026-03-11T22:26:58Z,4.3463
2026-03-11T22:29:08Z,5.004
2026-03-11T22:36:43Z,4.4015
2026-03-11T22:51:06Z,4.9976
2026-03-11T22:54:17Z,4.3025
2026-03-11T23:02:08Z,4.3559
2026-03-11T23:06:44Z,4.2497
2026-03-11T23:08:06Z,4.2702
2026-03-11T23:16:18Z,4.1406
2026-03-11T23:19:27Z,4.3781
2026-03-11T23:33:15Z,5.5704
2026-03-11T23:35:36Z,4.6854
2026-03-11T23:40:52Z,4.2467
2026-03-11T23:47:41Z,4.1371
2026-03-11T23:54:46Z,3.9254
2026-03-11T23:56:40Z,4.4917
2026-03-12T00:04:05Z,4.1478
2026-03-12T00:15:29Z,4.6765
2026-03-12T00:27:09Z,4.2585
2026-03-12T00:38:02Z,4.4844
2026-03-12T00:52:44Z,4.0246
2026-03-12T00:54:07Z,4.2929
2026-03-12T01:18:55Z,5.221
2026-03-12T01:26:48Z,4.1767
2026-03-12T01:28:07Z,4.0457
2026-03-12T01:31:22Z,4.561
2026-03-12T01:35:09Z,4.2491
2026-03-12T01:37:57Z,4.5946
2026-03-12T01:42:10Z,4.6549
2026-03-12T01:46:55Z,4.6525
2026-03-12T02:03:30Z,4.0599
2026-03-12T02:16:42Z,3.8879
2026-03-12T02:25:13Z,4.2556
2026-03-12T02:34:36Z,4.4252
2026-03-12T02:39:52Z,3.8662
2026-03-12T02:40:32Z,4.2236
2026-03-12T02:41:50Z,4.26
2026-03-12T02:44:21Z,4.1449
2026-03-12T02:45:57Z,4.421
2026-03-12T02:48:54Z,4.0375
2026-03-12T03:00:46Z,3.983
2026-03-12T03:17:57Z,4.3378
2026-03-12T03:20:59Z,3.8468
2026-03-12T03:21:55Z,4.0507
2026-03-12T03:25:02Z,4.0673
2026-03-12T03:33:13Z,5.045
2026-03-12T03:39:04Z,4.2421
2026-03-12T03:39:24Z,4.5763
2026-03-12T03:44:01Z,4.5967
2026-03-12T03:54:07Z,4.3947
2026-03-12T04:01:21Z,4.6985
2026-03-12T04:01:32Z,3.3299
2026-03-12T04:09:07Z,4.7892
2026-03-12T04:09:23Z,4.8895
2026-03-12T04:12:02Z,4.5387
2026-03-12T04:20:40Z,4.3857
2026-03-12T04:52:46Z,4.823
2026-03-12T05:05:36Z,3.8126
2026-03-12T05:13:44Z,4.2505
2026-03-12T05:22:17Z,4.5218
2026-03-12T05:49:40Z,4.5357
2026-03-12T06:19:53Z,3.6346
2026-03-12T06:36:46Z,4.4696
2026-03-12T06:50:38Z,3.4378
2026-03-12T06:58:41Z,4.2288
2026-03-12T07:01:02Z,3.8564
2026-03-12T07:15:26Z,3.4991
2026-03-12T07:29:44Z,4.675
2026-03-12T07:39:38Z,4.9439
2026-03-12T07:43:08Z,4.1065
2026-03-12T08:13:05Z,5.1958
2026-03-12T08:14:48Z,3.964
2026-03-12T08:18:16Z,3.7823
2026-03-12T08:22:00Z,4.4926
2026-03-12T08:25:51Z,4.3232
2026-03-12T09:02:46Z,4.1984
2026-03-12T09:19:15Z,4.6134
2026-03-12T09:32:07Z,4.5419
2026-03-12T09:41:46Z,4.4611
2026-03-12T09:44:55Z,4.0053
2026-03-12T09:47:39Z,3.7542
2026-03-12T09:53:53Z,4.4007
2026-03-12T10:18:40Z,4.2108
2026-03-12T10:33:35Z,3.7454
2026-03-12T10:39:01Z,4.5482
2026-03-12T10:42:32Z,3.6977
2026-03-12T10:46:06Z,4.6851
2026-03-12T11:08:48Z,4.2489
2026-03-12T11:10:23Z,4.9173
2026-03-12T11:40:27Z,4.3996
2026-03-12T11:52:08Z,3.4917
2026-03-12T12:09:42Z,4.846
2026-03-12T12:32:43Z,3.367
2026-03-12T12:48:00Z,3.6973
2026-03-12T12:48:48Z,4.1704
2026-03-12T13:06:02Z,3.7918
2026-03-12T13:07:24Z,4.0136
2026-03-12T13:18:40Z,4.6005
2026-03-12T13:30:19Z,5.4911
2026-03-12T13:40:27Z,5.1162
2026-03-12T13:51:16Z,4.9155
2026-03-12T13:53:39Z,3.7169
2026-03-12T13:55:11Z,4.4146
2026-03-12T14:00:53Z,4.5988
2026-03-12T14:15:42Z,4.8525
2026-03-12T14:19:23Z,4.5698
2026-03-12T14:24:18Z,4.0893
2026-03-12T14:27:52Z,4.7437
2026-03-12T14:31:45Z,4.4226
2026-03-12T14:37:43Z,4.206
2026-03-12T14:59:27Z,4.119
2026-03-12T15:02:37Z,4.3701
2026-03-12T15:03:11Z,4.0468
2026-03-12T15:09:32Z,4.1983
2026-03-12T15:09:41Z,4.3047
2026-03-12T15:16:21Z,4.065
2026-03-12T15:21:04Z,4.3068
2026-03-12T15:38:10Z,4.3174
2026-03-12T15:57:42Z,4.054
2026-03-12T16:57:41Z,4.7732
2026-03-12T17:19:45Z,3.9809
2026-03-12T17:19:54Z,4.6632
2026-03-12T17:19:55Z,4.6855
2026-03-12T17:20:23Z,4.3136
2026-03-12T17:22:45Z,3.5974
2026-03-12T17:23:05Z,3.8179
2026-03-12T17:24:17Z,4.7312
2026-03-12T17:25:36Z,3.9487
2026-03-12T17:37:37Z,4.5418
2026-03-12T17:44:06Z,3.9141
2026-03-12T17:45:21Z,4.6942
2026-03-12T18:06:04Z,3.8652
2026-03-12T18:08:03Z,4.6727
2026-03-12T18:12:33Z,4.566
2026-03-12T18:13:54Z,4.5675
2026-03-12T18:18:56Z,5.1783
2026-03-12T18:22:45Z,4.3136
2026-03-12T18:26:32Z,4.0843
2026-03-12T18:31:22Z,4.3459
2026-03-12T18:43:54Z,4.4748
2026-03-12T19:01:27Z,4.5843
2026-03-12T19:12:36Z,4.4556
2026-03-12T19:29:13Z,4.6616
2026-03-12T19:44:13Z,3.8828
2026-03-12T19:57:25Z,4.9539
2026-03-12T20:08:29Z,3.9332
2026-03-12T20:45:17Z,4.6059
2026-03-12T20:47:51Z,3.9663
2026-03-12T21:05:21Z,4.4154
2026-03-12T21:09:09Z,4.1712
2026-03-12T21:40:44Z,5.166
2026-03-12T21:47:47Z,4.007
2026-03-12T21:56:45Z,4.4338
2026-03-12T22:03:54Z,4.3641
2026-03-12T22:05:41Z,4.0192
2026-03-12T22:22:30Z,5.3252
2026-03-12T22:25:03Z,3.4621
2026-03-12T22:31:06Z,3.7834
2026-03-12T22:34:42Z,3.7808
2026-03-12T22:37:25Z,4.5748
2026-03-12T22:54:35Z,3.6385
2026-03-12T23:02:01Z,4.6099
2026-03-12T23:12:33Z,5.0158
2026-03-12T23:24:38Z,4.4098
2026-03-12T23:37:58Z,3.9999
2026-03-12T23:47:54Z,4.7848
2026-03-12T23:55:35Z,3.9724
2026-03-13T00:04:35Z,4.1644
2026-03-13T00:05:02Z,4.1045
2026-03-13T00:10:49Z,4.4748
2026-03-13T00:13:19Z,3.9614
2026-03-13T00:20:02Z,3.8825
2026-03-13T00:21:42Z,3.5987
2026-03-13T00:21:59Z,4.1882
2026-03-13T00:22:20Z,3.6106
2026-03-13T00:34:05Z,4.5634
2026-03-13T00:35:14Z,3.9294
2026-03-13T00:43:07Z,3.6092
2026-03-13T00:52:05Z,4.6237
2026-03-13T00:53:38Z,3.8123
2026-03-13T00:59:44Z,3.3048
2026-03-13T01:02:12Z,4.904
2026-03-13T01:02:24Z,4.6681
2026-03-13T01:03:25Z,4.5184
2026-03-13T01:11:31Z,4.4504
2026-03-13T01:11:32Z,4.0894
2026-03-13T01:11:51Z,3.7801
2026-03-13T01:18:12Z,4.7047
2026-03-13T01:39:44Z,4.1455
2026-03-13T01:46:25Z,4.3034
2026-03-13T01:55:34Z,4.4324
2026-03-13T01:55:34Z,4.1904
2026-03-13T01:58:16Z,4.3901
2026-03-13T02:03:09Z,3.4369
2026-03-13T02:24:04Z,3.3979
2026-03-13T02:28:24Z,4.6871
2026-03-13T02:37:40Z,5.3232
2026-03-13T02:57:19Z,4.2559
2026-03-13T03:03:37Z,4.5595
2026-03-13T03:37:00Z,4.4514
2026-03-13T03:49:58Z,3.9788
2026-03-13T03:56:43Z,4.2296
2026-03-13T03:57:34Z,4.7061
2026-03-13T03:57:42Z,4.7508
2026-03-13T03:59:13Z,4.1034
2026-03-13T04:06:05Z,3.7768
2026-03-13T04:14:20Z,4.62
2026-03-13T05:10:09Z,4.3588
2026-03-13T05:15:19Z,4.49
2026-03-13T05:19:10Z,3.4112
2026-03-13T05:19:51Z,4.2893
2026-03-13T05:31:59Z,4.4726
2026-03-13T05:36:18Z,4.1931
2026-03-13T05:41:13Z,3.7167
2026-03-13T05:41:14Z,5.0642
2026-03-13T05:45:42Z,4.2509
2026-03-13T06:11:52Z,4.5391
2026-03-13T06:15:02Z,3.6587
2026-03-13T06:40:39Z,4.4465
2026-03-13T06:51:40Z,3.2908
2026-03-13T07:22:38Z,4.728
2026-03-13T07:27:41Z,4.2016
2026-03-13T07:31:26Z,3.8226
2026-03-13T07:32:55Z,3.7299
2026-03-13T07:41:55Z,4.0065
2026-03-13T07:47:22Z,3.8636
2026-03-13T07:54:51Z,4.8924
2026-03-13T07:55:36Z,4.2025
2026-03-13T08:09:12Z,3.7669
2026-03-13T08:24:08Z,4.5742
2026-03-13T08:31:49Z,4.7069
2026-03-13T08:39:50Z,3.7129
2026-03-13T09:03:41Z,4.6874
2026-03-13T09:11:26Z,3.7239
2026-03-13T09:18:46Z,4.3075
2026-03-13T09:45:20Z,4.3174
2026-03-13T09:56:49Z,3.7837
2026-03-13T10:09:43Z,4.1901
2026-03-13T10:11:15Z,4.1889
2026-03-13T10:16:34Z,4.5722
2026-03-13T10:26:40Z,4.7273
2026-03-13T10:43:41Z,4.0961
2026-03-13T10:59:31Z,4.9756
2026-03-13T10:59:55Z,3.9596
2026-03-13T11:28:48Z,4.1239
2026-03-13T11:43:07Z,4.8147
2026-03-13T11:52:02Z,4.6105
2026-03-13T12:10:36Z,4.9143
2026-03-13T12:18:03Z,4.0913
2026-03-13T12:30:29Z,3.5605
2026-03-13T12:46:13Z,3.8589
2026-03-13T12:46:58Z,4.389
2026-03-13T13:08:33Z,5.0514
2026-03-13T13:37:19Z,4.4763
2026-03-13T13:46:13Z,3.9487
2026-03-13T14:04:33Z,3.7455
2026-03-13T14:19:35Z,4.095
2026-03-13T14:32:11Z,4.7767
2026-03-13T14:34:08Z,4.4497
2026-03-13T14:37:14Z,3.9028
2026-03-13T14:52:22Z,4.7223
2026-03-13T15:29:49Z,3.8156
2026-03-13T15:33:58Z,4.3407
2026-03-13T15:41:24Z,4.9813
2026-03-13T15:46:51Z,4.1533
2026-03-13T15:46:56Z,4.097
2026-03-13T16:00:42Z,4.3478
2026-03-13T16:01:22Z,4.5019
2026-03-13T16:03:24Z,4.817
2026-03-13T16:13:40Z,4.3905
2026-03-13T16:18:17Z,4.2005
2026-03-13T16:20:56Z,4.0471
2026-03-13T16:24:29Z,4.575
2026-03-13T16:53:07Z,4.3613
2026-03-13T17:43:56Z,3.8986
2026-03-13T17:46:22Z,4.1099
2026-03-13T18:01:45Z,4.4834
2026-03-13T18:30:10Z,4.4675
2026-03-13T18:31:22Z,3.635
2026-03-13T18:42:31Z,3.9882
2026-03-13T18:51:54Z,4.0092
2026-03-13T18:52:01Z,4.0134
2026-03-13T19:02:30Z,4.8313
2026-03-13T19:14:06Z,4.5667
2026-03-13T19:19:23Z,4.3608
2026-03-13T19:21:37Z,4.5278
2026-03-13T19:27:42Z,4.3475
2026-03-13T19:28:30Z,4.4738
2026-03-13T19:42:42Z,4.5228
2026-03-13T19:50:35Z,4.5454
2026-03-13T19:51:11Z,3.6274
2026-03-13T19:56:41Z,3.7341
2026-03-13T20:01:46Z,3.3272
2026-03-13T20:08:23Z,4.476
2026-03-13T20:15:13Z,4.3382
2026-03-13T20:22:45Z,4.2394
2026-03-13T20:38:36Z,4.0915
2026-03-13T20:59:08Z,4.5862
2026-03-13T21:11:19Z,4.4564
2026-03-13T21:27:48Z,4.7405
2026-03-13T21:40:44Z,4.3082
2026-03-13T21:44:40Z,3.825
2026-03-13T22:18:48Z,4.6847
2026-03-13T23:07:47Z,3.6163
2026-03-13T23:12:21Z,4.6908
2026-03-13T23:19:41Z,4.4861
2026-03-13T23:23:29Z,4.0222
2026-03-13T23:32:00Z,4.1119
2026-03-13T23:36:31Z,4.1733
2026-03-13T23:39:07Z,4.3047
2026-03-13T23:47:06Z,4.6649
2026-03-13T23:50:13Z,4.0548
2026-03-13T23:50:47Z,3.8583
2026-03-13T23:50:58Z,4.3676
2026-03-13T23:54:25Z,4.5525
2026-03-13T23:57:17Z,4.1913
2026-03-14T00:02:13Z,4.093
2026-03-14T00:04:57Z,4.0257
2026-03-14T00:11:35Z,4.36
2026-03-14T00:14:26Z,4.2313
2026-03-14T00:26:20Z,3.2215
2026-03-14T00:40:24Z,4.9704
2026-03-14T00:47:51Z,5.1403
2026-03-14T00:53:54Z,4.8889
2026-03-14T01:01:29Z,4.609
2026-03-14T01:31:18Z,4.0037
2026-03-14T01:39:49Z,4.6087
2026-03-14T01:48:28Z,4.3446
2026-03-14T02:16:28Z,3.5283
2026-03-14T02:19:47Z,4.2499
2026-03-14T02:20:29Z,3.8184
2026-03-14T02:40:28Z,4.3963
2026-03-14T02:46:59Z,4.6624
2026-03-14T02:48:53Z,5.1377
2026-03-14T03:13:25Z,4.3627
2026-03-14T03:27:33Z,4.3123
2026-03-14T03:39:17Z,4.3592
2026-03-14T03:40:46Z,4.3358
2026-03-14T03:46:28Z,4.3675
2026-03-14T03:46:52Z,5.2326
2026-03-14T03:50:39Z,4.2403
2026-03-14T03:57:06Z,4.6171
2026-03-14T04:32:58Z,3.3044
2026-03-14T04:35:29Z,3.9997
2026-03-14T04:51:43Z,4.6693
2026-03-14T04:57:39Z,4.6196
2026-03-14T05:13:47Z,4.1261
2026-03-14T05:18:41Z,4.2352
2026-03-14T05:31:42Z,3.9335
2026-03-14T05:32:57Z,4.3008
2026-03-14T06:06:58Z,5.1913
2026-03-14T06:07:29Z,4.4306
2026-03-14T06:23:54Z,3.1606
2026-03-14T06:28:36Z,4.9378
2026-03-14T06:47:15Z,4.6093
2026-03-14T07:01:22Z,5.4242
2026-03-14T07:03:45Z,4.2889
2026-03-14T07:09:35Z,3.5282
2026-03-14T07:40:38Z,3.5006
2026-03-14T07:48:24Z,4.387
2026-03-14T07:54:28Z,4.6763
2026-03-14T07:58:51Z,4.8327
2026-03-14T08:10:07Z,4.8156
2026-03-14T08:51:54Z,3.9043
2026-03-14T08:54:52Z,3.3542
2026-03-14T09:02:18Z,3.6852
2026-03-14T09:02:41Z,4.1074
2026-03-14T09:04:40Z,4.6609
2026-03-14T09:09:03Z,3.9108
2026-03-14T09:09:55Z,4.0729
2026-03-14T09:12:48Z,4.2652
2026-03-14T09:27:56Z,4.4014
2026-03-14T09:39:22Z,3.9345
2026-03-14T09:42:49Z,3.7985
2026-03-14T09:43:01Z,4.0504
2026-03-14T09:58:45Z,4.1753
2026-03-14T10:00:10Z,4.4575
2026-03-14T10:03:14Z,4.8812
2026-03-14T10:27:29Z,4.2038
2026-03-14T10:35:39Z,4.1641
2026-03-14T10:43:11Z,3.578
2026-03-14T10:54:55Z,4.3551
2026-03-14T10:56:40Z,4.5956
2026-03-14T10:57:47Z,4.2611
2026-03-14T11:01:38Z,4.2082
2026-03-14T11:09:15Z,4.7688
2026-03-14T11:11:06Z,4.2605
2026-03-14T11:18:05Z,4.7042
2026-03-14T11:26:29Z,3.4975
2026-03-14T12:02:38Z,4.0121
2026-03-14T12:04:07Z,4.8883
2026-03-14T12:11:47Z,4.6873
2026-03-14T12:23:29Z,4.585
2026-03-14T12:38:55Z,4.4743
2026-03-14T13:10:49Z,4.0611
2026-03-14T13:11:24Z,4.816
2026-03-14T13:12:47Z,4.255
2026-03-14T13:17:06Z,4.0588
2026-03-14T13:17:23Z,3.9817
2026-03-14T13:25:28Z,3.8918
2026-03-14T13:30:23Z,5.1079
2026-03-14T13:48:36Z,3.7683
2026-03-14T13:50:50Z,4.914
2026-03-14T13:52:32Z,4.1488
2026-03-14T14:11:36Z,4.8419
2026-03-14T14:24:13Z,4.1665
2026-03-14T14:52:12Z,3.7583
2026-03-14T14:53:06Z,4.2668
2026-03-14T14:55:05Z,4.4446
2026-03-14T15:17:47Z,4.3554
2026-03-14T15:24:15Z,5.0263
2026-03-14T15:32:49Z,4.0824
2026-03-14T15:34:54Z,3.9525
2026-03-14T15:49:20Z,4.2908
2026-03-14T15:54:53Z,4.2509
2026-03-14T15:59:09Z,5.13
2026-03-14T16:05:20Z,4.8336
2026-03-14T16:39:42Z,3.9585
2026-03-14T16:40:39Z,5.3329
2026-03-14T16:48:42Z,4.1882
2026-03-14T17:02:45Z,4.3065
2026-03-14T17:16:38Z,4.2566
2026-03-14T17:16:52Z,4.0943
2026-03-14T17:18:16Z,4.0388
2026-03-14T17:31:30Z,3.8029
2026-03-14T17:38:15Z,3.8592
2026-03-14T17:40:56Z,4.3299
2026-03-14T17:51:43Z,4.577
2026-03-14T17:58:36Z,5.1919
2026-03-14T17:58:40Z,5.4238
2026-03-14T18:01:22Z,4.5851
2026-03-14T18:19:32Z,5.0599
2026-03-14T18:24:18Z,3.3954
2026-03-14T18:39:19Z,5.2907
2026-03-14T18:40:48Z,3.6129
2026-03-14T18:51:59Z,4.1145
2026-03-14T19:05:32Z,3.6099
2026-03-14T19:06:15Z,4.0126
2026-03-14T19:10:04Z,4.4536
2026-03-14T19:13:04Z,3.8458
2026-03-14T19:13:33Z,4.6058
2026-03-14T19:25:05Z,4.1074
2026-03-14T19:34:22Z,4.7825
2026-03-14T20:07:47Z,3.6946
2026-03-14T20:11:23Z,4.5727
2026-03-14T20:15:31Z,4.0155
2026-03-14T20:22:07Z,4.4159
2026-03-14T20:33:17Z,4.8591
2026-03-14T20:56:39Z,4.4723
2026-03-14T21:16:39Z,4.4011
2026-03-14T21:42:41Z,3.5111
2026-03-14T21:50:57Z,4.4024
2026-03-14T21:57:18Z,3.893
2026-03-14T21:59:05Z,4.7803
2026-03-14T22:18:43Z,4.2922
2026-03-14T22:36:19Z,3.7692
2026-03-14T22:39:41Z,4.3463
2026-03-14T22:45:56Z,4.5291
2026-03-14T23:05:32Z,4.3816
2026-03-14T23:08:48Z,3.6652
2026-03-14T23:15:26Z,4.6658
2026-03-14T23:39:21Z,2.9323
2026-03-14T23:43:54Z,4.1159
2026-03-15T00:01:56Z,3.7662
2026-03-15T00:22:03Z,4.5403
2026-03-15T00:27:12Z,3.8685
2026-03-15T00:29:46Z,4.1806
2026-03-15T00:34:18Z,4.673
2026-03-15T00:40:29Z,4.6426
2026-03-15T00:53:54Z,4.2107
2026-03-15T00:57:53Z,3.6041
2026-03-15T00:59:30Z,3.5401
2026-03-15T01:19:00Z,4.1444
2026-03-15T01:19:12Z,4.5125
2026-03-15T01:56:05Z,4.5674
2026-03-15T01:58:44Z,4.2068
2026-03-15T02:02:50Z,3.5687
2026-03-15T02:16:50Z,4.1479
2026-03-15T02:28:53Z,4.3586
2026-03-15T02:34:29Z,3.9326
2026-03-15T02:35:06Z,3.8574
2026-03-15T02:44:40Z,4.2936
2026-03-15T02:45:29Z,4.441
2026-03-15T02:53:08Z,4.9897
2026-03-15T02:55:43Z,3.9409
2026-03-15T03:23:24Z,4.7625
2026-03-15T03:23:36Z,4.1725
2026-03-15T03:37:55Z,3.966
2026-03-15T03:56:52Z,4.8779
2026-03-15T04:08:00Z,4.3542
2026-03-15T04:08:54Z,3.5208
2026-03-15T04:15:15Z,4.6216
2026-03-15T04:18:36Z,4.0604
2026-03-15T04:19:54Z,4.1541
2026-03-15T04:20:17Z,4.417
2026-03-15T04:23:33Z,4.479
2026-03-15T04:34:20Z,4.1644
2026-03-15T04:36:46Z,4.3455
2026-03-15T05:05:34Z,4.5336
2026-03-15T05:06:38Z,3.7736
2026-03-15T05:21:10Z,3.9502
2026-03-15T05:22:36Z,4.1865
2026-03-15T05:40:32Z,4.7643
2026-03-15T05:56:24Z,4.8624
2026-03-15T05:56:32Z,3.7492
2026-03-15T05:59:04Z,4.1601
2026-03-15T06:01:49Z,4.6956
2026-03-15T06:04:09Z,4.7612
2026-03-15T06:23:12Z,5.0199
2026-03-15T06:27:28Z,4.0169
2026-03-15T06:30:56Z,3.2995
2026-03-15T06:32:51Z,3.9574
2026-03-15T06:48:57Z,4.0044
2026-03-15T06:51:46Z,4.2968
2026-03-15T07:07:40Z,4.7223
2026-03-15T07:21:21Z,4.1203
2026-03-15T07:24:47Z,4.2341
2026-03-15T07:33:51Z,4.5346
2026-03-15T07:54:42Z,4.2393
2026-03-15T08:03:59Z,3.6268
2026-03-15T08:08:39Z,4.2466
2026-03-15T08:13:53Z,4.4154
2026-03-15T08:29:55Z,4.9379
2026-03-15T08:37:54Z,4.8034
2026-03-15T08:48:15Z,3.8937
2026-03-15T09:06:05Z,4.6226
2026-03-15T09:09:37Z,3.9508
2026-03-15T09:21:57Z,4.6074
2026-03-15T09:24:07Z,4.0315
2026-03-15T09:44:05Z,4.0866
2026-03-15T10:03:21Z,3.7157
2026-03-15T10:04:42Z,4.1382
2026-03-15T10:13:33Z,4.2166
2026-03-15T10:21:19Z,5.0552
2026-03-15T10:21:32Z,4.956
2026-03-15T10:27:14Z,4.9923
2026-03-15T10:27:43Z,4.5013
2026-03-15T10:34:15Z,4.6283
2026-03-15T10:36:33Z,4.1019
2026-03-15T10:41:25Z,3.7383
2026-03-15T10:48:15Z,4.3343
2026-03-15T10:58:03Z,3.5767
2026-03-15T11:07:13Z,4.8215
2026-03-15T11:07:20Z,4.3322
2026-03-15T11:13:19Z,4.6721
2026-03-15T11:16:45Z,4.4394
2026-03-15T11:21:33Z,3.8908
2026-03-15T11:33:06Z,4.7764
2026-03-15T11:58:41Z,4.2196
2026-03-15T12:03:16Z,4.061
2026-03-15T12:09:47Z,3.7144
2026-03-15T12:27:44Z,4.2551
2026-03-15T12:31:57Z,4.66
2026-03-15T12:43:44Z,3.2819
2026-03-15T12:46:16Z,4.1943
2026-03-15T12:52:24Z,3.8508
2026-03-15T13:10:38Z,4.204
2026-03-15T13:11:32Z,4.005
2026-03-15T13:41:48Z,4.6122
2026-03-15T13:59:53Z,4.3981
2026-03-15T14:18:12Z,4.0892
2026-03-15T14:22:12Z,4.0565
2026-03-15T14:28:48Z,3.8633
2026-03-15T14:38:09Z,3.9887
2026-03-15T14:47:07Z,4.5131
2026-03-15T14:52:56Z,4.82
2026-03-15T14:58:03Z,4.189
2026-03-15T14:58:24Z,3.8014
2026-03-15T14:58:49Z,4.2488
2026-03-15T15:07:58Z,4.9294
2026-03-15T15:32:57Z,4.0906
2026-03-15T15:47:08Z,4.2488
2026-03-15T15:50:03Z,3.7234
2026-03-15T15:50:50Z,4.0084
2026-03-15T15:52:24Z,4.3124
2026-03-15T15:57:32Z,3.9701
2026-03-15T15:58:49Z,4.4958
2026-03-15T16:02:16Z,4.234
2026-03-15T16:06:02Z,3.89
2026-03-15T16:17:17Z,4.2064
2026-03-15T16:26:37Z,4.5192
2026-03-15T16:33:33Z,3.8594
2026-03-15T16:42:45Z,3.9773
2026-03-15T16:48:08Z,4.0268
2026-03-15T16:55:30Z,4.4769
2026-03-15T16:56:03Z,3.6967
2026-03-15T16:59:38Z,3.8416
2026-03-15T17:04:41Z,3.8593
2026-03-15T17:44:42Z,4.1304
2026-03-15T17:48:31Z,3.8946
2026-03-15T17:48:53Z,5.0513
2026-03-15T17:54:30Z,4.129
2026-03-15T17:59:05Z,3.8194
2026-03-15T18:01:14Z,3.9797
2026-03-15T18:03:14Z,3.7413
2026-03-15T18:11:20Z,4.5443
2026-03-15T18:13:30Z,4.528
2026-03-15T18:14:31Z,4.1589
2026-03-15T18:36:08Z,4.4205
2026-03-15T18:42:07Z,4.4857
2026-03-15T18:50:11Z,3.9321
2026-03-15T19:00:26Z,4.1879
2026-03-15T19:02:59Z,4.6538
2026-03-15T19:18:22Z,4.5176
2026-03-15T19:20:31Z,4.0583
2026-03-15T19:23:30Z,4.3301
2026-03-15T19:34:49Z,4.1621
2026-03-15T19:37:07Z,4.6249
2026-03-15T19:45:06Z,3.6922
2026-03-15T19:52:11Z,4.1213
2026-03-15T19:55:05Z,3.3223
2026-03-15T19:58:54Z,3.9811
2026-03-15T20:18:58Z,5.0628
2026-03-15T20:21:17Z,3.9822
2026-03-15T20:34:54Z,4.1955
2026-03-15T20:36:17Z,3.9151
2026-03-15T21:02:11Z,4.8662
2026-03-15T21:11:55Z,5.1275
2026-03-15T21:40:28Z,4.7664
2026-03-15T21:50:08Z,4.3496
2026-03-15T21:55:28Z,4.6008
2026-03-15T21:57:12Z,4.7478
2026-03-15T22:02:43Z,4.34
2026-03-15T22:31:00Z,4.6964
2026-03-15T22:34:38Z,4.2028
2026-03-15T22:37:39Z,4.1853
2026-03-15T22:46:11Z,4.2334
2026-03-15T23:06:04Z,4.2503
2026-03-15T23:25:37Z,4.6355
2026-03-15T23:47:02Z,4.5198
2026-03-15T23:55:57Z,4.5861
2026-03-15T23:57:24Z,4.7321
2026-03-16T00:00:42Z,4.8909
2026-03-16T00:02:03Z,4.416
2026-03-16T00:02:18Z,4.2593
2026-03-16T00:05:41Z,4.1576
2026-03-16T00:06:55Z,4.8294
2026-03-16T00:08:29Z,4.302
2026-03-16T00:13:45Z,4.7205
2026-03-16T00:14:14Z,3.911
2026-03-16T00:18:46Z,3.9109
2026-03-16T00:24:32Z,4.9059
2026-03-16T00:24:42Z,4.5104
2026-03-16T00:45:57Z,4.8774
2026-03-16T00:58:15Z,4.5286
2026-03-16T01:10:14Z,3.8969
2026-03-16T01:10:55Z,4.3716
2026-03-16T01:11:13Z,4.7666
2026-03-16T01:16:32Z,4.9141
2026-03-16T01:17:35Z,4.0285
2026-03-16T01:33:20Z,4.7585
2026-03-16T01:48:32Z,4.2595
2026-03-16T01:59:07Z,4.1853
2026-03-16T02:03:56Z,3.7146
2026-03-16T02:07:01Z,4.8621
2026-03-16T02:21:33Z,4.404
2026-03-16T02:23:54Z,3.6867
2026-03-16T02:24:07Z,5.0458
2026-03-16T02:32:18Z,4.5897
2026-03-16T02:47:36Z,3.171
2026-03-16T02:51:39Z,4.7553
2026-03-16T02:55:28Z,4.5972
2026-03-16T03:25:25Z,4.1139
2026-03-16T03:48:15Z,4.3331
2026-03-16T03:49:40Z,4.22
2026-03-16T03:57:52Z,4.5489
2026-03-16T04:06:25Z,4.3846
2026-03-16T04:24:04Z,3.6871
2026-03-16T04:41:54Z,4.4944
2026-03-16T05:05:01Z,5.0376
2026-03-16T05:21:02Z,4.4836
2026-03-16T05:56:21Z,4.7238
2026-03-16T06:01:53Z,5.028
2026-03-16T06:02:51Z,3.7707
2026-03-16T06:21:36Z,3.929
2026-03-16T06:27:05Z,4.1741
2026-03-16T06:29:56Z,4.7103
2026-03-16T06:50:29Z,4.1742
2026-03-16T06:53:47Z,4.7192
2026-03-16T07:10:24Z,4.717
2026-03-16T07:11:29Z,4.9257
2026-03-16T07:23:45Z,4.1276
2026-03-16T07:31:53Z,4.5372
2026-03-16T07:35:42Z,3.8228
2026-03-16T07:36:24Z,4.7549
2026-03-16T07:39:46Z,4.2077
2026-03-16T07:40:45Z,4.0841
2026-03-16T08:05:23Z,4.0515
2026-03-16T08:15:23Z,5.3981
2026-03-16T08:17:21Z,3.7016
2026-03-16T08:19:41Z,3.3206
2026-03-16T08:33:01Z,4.183
2026-03-16T09:07:25Z,4.4656
2026-03-16T09:07:45Z,4.3319
2026-03-16T09:09:23Z,4.2929
2026-03-16T09:32:58Z,3.9138
2026-03-16T09:49:20Z,4.6991
2026-03-16T09:53:21Z,4.5559
2026-03-16T10:05:44Z,4.0536
2026-03-16T10:13:41Z,4.3617
2026-03-16T10:34:42Z,3.7527
2026-03-16T10:35:57Z,4.3643
2026-03-16T10:41:04Z,4.113
2026-03-16T10:52:28Z,4.2604
2026-03-16T11:34:50Z,4.1024
2026-03-16T11:47:08Z,3.8341
2026-03-16T11:52:14Z,4.6316
2026-03-16T12:06:56Z,4.1499
2026-03-16T12:10:27Z,4.8164
2026-03-16T12:11:30Z,4.8099
2026-03-16T12:18:44Z,4.1298
2026-03-16T12:20:10Z,3.8802
2026-03-16T12:41:31Z,4.0455
2026-03-16T12:49:14Z,4.717
2026-03-16T13:07:25Z,3.2547
2026-03-16T13:14:37Z,4.0199
2026-03-16T13:24:56Z,3.7923
2026-03-16T13:36:04Z,3.9509
2026-03-16T13:54:23Z,4.0495
2026-03-16T14:00:46Z,3.4774
2026-03-16T14:01:40Z,4.1285
2026-03-16T14:15:35Z,3.5199
2026-03-16T14:17:02Z,3.8683
2026-03-16T14:18:17Z,4.3974
2026-03-16T14:23:30Z,4.5149
2026-03-16T14:36:32Z,4.3071
2026-03-16T14:50:50Z,4.4643
2026-03-16T14:52:38Z,4.3873
2026-03-16T15:09:57Z,4.6543
2026-03-16T15:13:26Z,4.2389
2026-03-16T15:33:04Z,4.3927
2026-03-16T15:37:50Z,4.4738
2026-03-16T15:45:26Z,3.9508
2026-03-16T15:48:00Z,3.3986
2026-03-16T16:00:16Z,4.6328
2026-03-16T16:18:26Z,4.6495
2026-03-16T16:22:49Z,4.1168
2026-03-16T16:38:54Z,4.4608
2026-03-16T16:39:20Z,4.3009
2026-03-16T17:03:16Z,4.3772
2026-03-16T17:11:19Z,5.0942
2026-03-16T17:11:39Z,3.9833
2026-03-16T17:13:33Z,4.567
2026-03-16T17:16:09Z,4.4458
2026-03-16T17:23:56Z,4.459
2026-03-16T17:43:38Z,3.8315
2026-03-16T18:03:31Z,4.1763
2026-03-16T18:28:35Z,4.6099
2026-03-16T18:31:51Z,3.3925
2026-03-16T18:44:49Z,4.4571
2026-03-16T18:51:42Z,4.3202
2026-03-16T19:09:39Z,4.3303
2026-03-16T19:29:50Z,4.4558
2026-03-16T20:32:52Z,4.2555
2026-03-16T20:46:41Z,3.6297
2026-03-16T20:53:31Z,4.5998
2026-03-16T20:58:28Z,3.9855
2026-03-16T21:08:54Z,3.8298
2026-03-16T21:39:41Z,4.7983
2026-03-16T21:46:17Z,4.85
2026-03-16T21:59:47Z,4.6561
2026-03-16T22:01:55Z,4.4581
2026-03-16T22:04:45Z,4.4618
2026-03-16T22:15:34Z,4.3651
2026-03-16T22:25:09Z,4.633
2026-03-16T22:28:15Z,4.4449
2026-03-16T22:56:46Z,4.1592
2026-03-16T22:58:45Z,4.4818
2026-03-16T23:03:44Z,4.0543
2026-03-16T23:09:42Z,4.8819
2026-03-16T23:10:14Z,4.3595
2026-03-16T23:10:53Z,3.8185
2026-03-16T23:17:15Z,4.4314
2026-03-16T23:26:24Z,4.574
2026-03-16T23:28:21Z,4.1624
2026-03-16T23:37:57Z,4.6424
2026-03-16T23:39:44Z,4.2483
2026-03-17T00:05:24Z,4.2291
2026-03-17T00:11:29Z,3.9392
2026-03-17T00:16:43Z,4.8919
2026-03-17T00:21:31Z,4.7605
2026-03-17T00:39:04Z,4.2765
2026-03-17T00:43:09Z,4.2846
2026-03-17T00:44:46Z,4.3019
2026-03-17T00:46:38Z,4.2765
2026-03-17T00:48:15Z,3.5893
2026-03-17T01:07:37Z,4.2299
2026-03-17T01:15:43Z,4.1042
2026-03-17T01:17:50Z,4.3638
2026-03-17T01:24:58Z,4.2302
2026-03-17T01:45:21Z,5.2753
2026-03-17T01:45:39Z,4.6165
2026-03-17T01:46:09Z,4.225
2026-03-17T01:50:10Z,4.6898
2026-03-17T01:51:32Z,4.3857
2026-03-17T02:05:35Z,4.2837
2026-03-17T02:13:55Z,4.6389
2026-03-17T02:16:17Z,4.7255
2026-03-17T02:17:12Z,4.2146
2026-03-17T02:21:02Z,4.5384
2026-03-17T02:21:10Z,4.2743
2026-03-17T02:23:37Z,3.3722
2026-03-17T02:31:19Z,3.5943
2026-03-17T02:48:43Z,4.1121
2026-03-17T02:50:46Z,3.9399
2026-03-17T03:04:30Z,4.1223
2026-03-17T03:26:03Z,3.6439
2026-03-17T03:28:00Z,4.5371
2026-03-17T03:31:35Z,4.5432
2026-03-17T03:54:32Z,4.1546
2026-03-17T04:07:27Z,3.9861
2026-03-17T04:34:57Z,4.4275
2026-03-17T04:35:49Z,4.5989
2026-03-17T04:56:13Z,4.1069
2026-03-17T05:36:22Z,4.189
2026-03-17T05:37:13Z,4.2775
2026-03-17T05:54:16Z,4.2209
2026-03-17T05:54:29Z,3.6575
2026-03-17T05:55:51Z,3.8275
2026-03-17T05:58:30Z,4.0587
2026-03-17T05:59:56Z,4.3805
2026-03-17T06:08:27Z,4.2583
2026-03-17T06:13:55Z,4.3011
2026-03-17T06:19:05Z,4.7095
2026-03-17T06:27:22Z,4.4679
2026-03-17T06:36:34Z,4.2708
2026-03-17T06:39:19Z,5.176
2026-03-17T06:46:52Z,4.1932
2026-03-17T06:53:15Z,3.8105
2026-03-17T06:55:02Z,4.3217
2026-03-17T07:06:21Z,4.4114
2026-03-17T07:31:26Z,4.2231
2026-03-17T07:34:09Z,3.6856
2026-03-17T07:43:23Z,4.0849
2026-03-17T07:53:05Z,4.3935
2026-03-17T07:58:57Z,4.6624
2026-03-17T08:04:08Z,3.6024
2026-03-17T08:05:08Z,4.3023
2026-03-17T08:05:58Z,4.5835
2026-03-17T08:10:51Z,4.0476
2026-03-17T08:11:44Z,4.7569
2026-03-17T08:19:33Z,4.2666
2026-03-17T08:27:54Z,4.8279
2026-03-17T08:30:18Z,4.1302
2026-03-17T08:35:13Z,4.0132
2026-03-17T08:52:54Z,4.2345
2026-03-17T09:03:04Z,3.3555
2026-03-17T09:06:02Z,3.9947
2026-03-17T09:06:46Z,4.5892
2026-03-17T09:16:22Z,3.6375
2026-03-17T09:16:32Z,4.4834
2026-03-17T09:25:14Z,4.3995
2026-03-17T09:47:23Z,4.8965
2026-03-17T09:50:47Z,4.9181
2026-03-17T10:22:36Z,3.8055
2026-03-17T10:35:13Z,5.0101
2026-03-17T10:46:55Z,4.2057
2026-03-17T10:48:54Z,3.97
2026-03-17T10:56:57Z,4.0566
2026-03-17T11:04:17Z,4.1665
2026-03-17T11:09:06Z,4.2257
2026-03-17T11:19:40Z,4.4028
2026-03-17T11:52:28Z,4.7231
2026-03-17T12:12:07Z,4.8055
2026-03-17T12:14:55Z,3.928
2026-03-17T12:22:34Z,4.0232
2026-03-17T12:36:01Z,4.1011
2026-03-17T12:39:08Z,4.2751
2026-03-17T12:41:10Z,4.0341
2026-03-17T12:57:57Z,4.1754
2026-03-17T13:28:22Z,4.3873
2026-03-17T13:32:57Z,4.9023
2026-03-17T13:34:56Z,4.0177
2026-03-17T13:50:21Z,3.9435
2026-03-17T13:53:57Z,4.5322
2026-03-17T14:00:42Z,3.7985
2026-03-17T14:10:46Z,4.2182
2026-03-17T14:42:01Z,3.7503
2026-03-17T14:43:43Z,3.8952
2026-03-17T15:05:29Z,3.7271
2026-03-17T15:16:43Z,4.3263
2026-03-17T15:34:13Z,4.1985
2026-03-17T15:41:47Z,4.1771
2026-03-17T15:45:54Z,4.593
2026-03-17T15:53:22Z,5.0476
2026-03-17T16:15:41Z,4.7688
2026-03-17T16:19:04Z,5.0412
2026-03-17T16:23:37Z,4.3786
2026-03-17T17:13:32Z,3.7957
2026-03-17T17:13:32Z,4.5458
2026-03-17T17:24:38Z,4.2383
2026-03-17T17:52:48Z,4.8144
2026-03-17T18:05:00Z,3.9873
2026-03-17T18:05:49Z,4.7471
2026-03-17T18:16:14Z,4.5702
2026-03-17T18:31:55Z,3.7972
2026-03-17T18:50:51Z,4.189
2026-03-17T18:51:46Z,4.0935
2026-03-17T18:54:50Z,4.569
2026-03-17T18:58:17Z,4.9989
2026-03-17T19:07:57Z,4.3705
2026-03-17T19:34:28Z,4.5566
2026-03-17T19:38:40Z,3.3136
2026-03-17T19:56:18Z,4.0226
2026-03-17T20:08:53Z,5.3943
2026-03-17T20:10:54Z,5.1311
2026-03-17T20:18:25Z,4.4179
2026-03-17T20:35:13Z,4.2468
2026-03-17T21:01:11Z,4.5637
2026-03-17T21:11:28Z,3.9617
2026-03-17T21:19:54Z,4.0873
2026-03-17T21:35:58Z,4.0109
2026-03-17T21:54:50Z,4.8679
2026-03-17T22:02:20Z,4.4757
2026-03-17T22:36:34Z,4.5553
2026-03-17T22:49:37Z,4.0783
2026-03-17T22:56:07Z,4.5432
2026-03-17T23:09:30Z,4.9202
2026-03-17T23:26:04Z,4.1312
2026-03-17T23:30:56Z,3.9441
2026-03-17T23:33:46Z,4.124
2026-03-17T23:37:02Z,4.2781
2026-03-17T23:53:47Z,4.2486
2026-03-17T23:58:35Z,4.2244
2026-03-18T00:01:54Z,4.4418
2026-03-18T00:06:18Z,4.2757
2026-03-18T00:20:41Z,3.7701
2026-03-18T00:26:32Z,4.4477
2026-03-18T00:29:24Z,5.121
2026-03-18T00:54:19Z,4.2243
2026-03-18T01:00:33Z,3.8248
2026-03-18T01:15:51Z,4.7232
2026-03-18T01:20:34Z,4.1098
2026-03-18T01:35:04Z,3.3947
2026-03-18T01:39:37Z,4.877
2026-03-18T01:41:56Z,3.2571
2026-03-18T01:52:34Z,4.2447
2026-03-18T01:56:33Z,4.5238
2026-03-18T02:03:42Z,4.1609
2026-03-18T02:16:33Z,4.761
2026-03-18T02:36:58Z,3.102
2026-03-18T02:59:32Z,4.0497
2026-03-18T03:18:28Z,4.4358
2026-03-18T03:22:03Z,4.9199
2026-03-18T03:23:00Z,5.2125
2026-03-18T03:34:01Z,3.8792
2026-03-18T03:40:05Z,3.973
2026-03-18T03:49:19Z,4.0511
2026-03-18T03:52:01Z,3.4972
2026-03-18T03:53:05Z,4.0317
2026-03-18T03:54:07Z,4.4354
2026-03-18T04:04:42Z,4.3032
2026-03-18T04:10:46Z,4.9981
2026-03-18T04:25:09Z,4.6098
2026-03-18T04:25:12Z,4.6708
2026-03-18T04:30:43Z,4.1874
2026-03-18T04:32:34Z,3.8915
2026-03-18T04:41:54Z,4.243
2026-03-18T04:43:11Z,4.0539
2026-03-18T04:49:20Z,4.4184
2026-03-18T04:54:57Z,3.9313
2026-03-18T04:56:44Z,4.3327
2026-03-18T05:08:08Z,4.1661
2026-03-18T05:09:46Z,4.4424
2026-03-18T05:13:43Z,3.9818
2026-03-18T05:27:36Z,4.4242
2026-03-18T05:59:15Z,4.85
2026-03-18T06:16:58Z,4.387
2026-03-18T06:30:23Z,3.8366
2026-03-18T06:57:54Z,5.483
2026-03-18T07:00:21Z,4.6323
2026-03-18T07:04:19Z,3.8561
2026-03-18T07:20:34Z,4.0709
2026-03-18T07:21:50Z,4.7791
2026-03-18T07:26:32Z,3.6826
2026-03-18T07:29:30Z,4.431
2026-03-18T07:35:11Z,4.5039
2026-03-18T07:48:41Z,3.9576
2026-03-18T07:56:51Z,4.1652
2026-03-18T08:06:22Z,5.0727
2026-03-18T08:07:47Z,4.3747
2026-03-18T08:08:27Z,3.9105
2026-03-18T08:11:18Z,4.3479
2026-03-18T08:16:20Z,4.2774
2026-03-18T08:34:28Z,4.6612
2026-03-18T08:51:33Z,4.8536
2026-03-18T09:06:32Z,4.9547
2026-03-18T09:44:29Z,4.1154
2026-03-18T09:52:03Z,4.1207
2026-03-18T10:00:38Z,3.9837
2026-03-18T10:03:02Z,3.3613
2026-03-18T10:06:41Z,3.7322
2026-03-18T10:16:35Z,4.3096
2026-03-18T10:25:12Z,4.3285
2026-03-18T10:39:14Z,4.4486
2026-03-18T10:43:14Z,4.6009
2026-03-18T11:07:15Z,4.4737
2026-03-18T11:07:30Z,4.0764
2026-03-18T11:18:27Z,3.7629
2026-03-18T11:22:45Z,4.1502
2026-03-18T11:44:05Z,4.6583
2026-03-18T12:25:29Z,4.2783
2026-03-18T12:58:01Z,4.342
2026-03-18T13:16:44Z,5.0034
2026-03-18T13:21:02Z,4.6616
2026-03-18T13:27:11Z,4.4138
2026-03-18T13:38:33Z,3.9886
2026-03-18T13:45:35Z,3.8017
2026-03-18T13:58:28Z,4.183
2026-03-18T14:05:30Z,3.469
2026-03-18T14:06:27Z,4.2613
2026-03-18T14:15:23Z,4.1898
2026-03-18T14:22:31Z,4.0593
2026-03-18T14:22:44Z,4.5885
2026-03-18T14:38:57Z,4.9135
2026-03-18T14:39:21Z,4.0749
2026-03-18T15:01:37Z,3.3025
2026-03-18T15:02:06Z,4.366
2026-03-18T15:03:07Z,4.0852
2026-03-18T15:22:29Z,3.9085
2026-03-18T15:36:13Z,4.2566
2026-03-18T15:49:29Z,4.0788
2026-03-18T16:08:54Z,3.7168
2026-03-18T16:11:27Z,4.358
2026-03-18T16:29:34Z,4.4475
2026-03-18T16:38:55Z,3.6072
2026-03-18T16:41:04Z,4.8574
2026-03-18T16:51:27Z,4.5172
2026-03-18T16:53:09Z,3.7622
2026-03-18T16:56:28Z,4.258
2026-03-18T17:04:03Z,4.7236
2026-03-18T17:08:53Z,4.7137
2026-03-18T17:23:02Z,3.5903
2026-03-18T17:34:15Z,4.4163
2026-03-18T18:00:38Z,4.0875
2026-03-18T18:03:28Z,3.9324
2026-03-18T18:04:16Z,4.5197
2026-03-18T18:19:10Z,4.2479
2026-03-18T18:20:02Z,4.2719
2026-03-18T18:54:06Z,3.8878
2026-03-18T19:12:35Z,5.2341
2026-03-18T19:18:04Z,5.1124
2026-03-18T19:34:32Z,4.4961
2026-03-18T19:38:06Z,4.3589
2026-03-18T19:44:15Z,4.0122
2026-03-18T19:48:33Z,3.487
2026-03-18T19:51:14Z,5.0398
2026-03-18T19:52:04Z,4.5648
2026-03-18T19:56:38Z,3.9793
2026-03-18T20:04:20Z,4.2366
2026-03-18T20:30:53Z,4.2662
2026-03-18T20:49:21Z,4.5009
2026-03-18T20:57:57Z,3.3295
2026-03-18T21:23:04Z,4.516
2026-03-18T21:29:37Z,5.2576
2026-03-18T21:36:28Z,4.4776
2026-03-18T21:47:47Z,4.6423
2026-03-18T21:49:20Z,4.0133
2026-03-18T21:49:34Z,4.7106
2026-03-18T21:52:47Z,4.1036
2026-03-18T21:56:19Z,4.5121
2026-03-18T22:13:49Z,4.3002
2026-03-18T22:22:31Z,4.089
2026-03-18T22:29:25Z,4.3217
2026-03-18T22:37:18Z,4.5975
2026-03-18T22:40:37Z,4.1037
2026-03-18T23:08:59Z,4.5243
2026-03-18T23:13:59Z,4.1619
2026-03-18T23:14:21Z,3.9546
2026-03-18T23:29:29Z,4.423
2026-03-18T23:35:15Z,3.4064
2026-03-18T23:36:19Z,4.3142
2026-03-18T23:40:38Z,3.9293
2026-03-18T23:43:03Z,4.3947
2026-03-19T00:07:30Z,5.1858
2026-03-19T00:18:00Z,4.6126
2026-03-19T00:23:01Z,4.4006
2026-03-19T00:35:15Z,4.3863
2026-03-19T00:43:51Z,5.1585
2026-03-19T00:48:05Z,3.0015
2026-03-19T01:21:51Z,4.7187
2026-03-19T01:23:10Z,4.5006
2026-03-19T01:30:50Z,4.577
2026-03-19T01:33:06Z,4.0317
2026-03-19T01:36:16Z,4.2104
2026-03-19T01:38:35Z,3.922
2026-03-19T01:49:16Z,4.9087
2026-03-19T01:54:32Z,4.579
2026-03-19T01:59:18Z,4.2229
2026-03-19T02:06:32Z,4.7372
2026-03-19T02:11:26Z,3.8809
2026-03-19T02:42:48Z,4.7917
2026-03-19T03:13:06Z,4.3379
2026-03-19T03:15:12Z,4.8439
2026-03-19T03:16:45Z,4.8605
2026-03-19T03:25:19Z,4.746
2026-03-19T03:33:03Z,3.6836
2026-03-19T03:40:18Z,4.6995
2026-03-19T03:48:36Z,5.1684
2026-03-19T04:18:42Z,4.4443
2026-03-19T04:31:55Z,4.3063
2026-03-19T04:39:18Z,3.8218
2026-03-19T04:52:39Z,4.3192
2026-03-19T05:03:41Z,4.4079
2026-03-19T05:04:11Z,3.1458
2026-03-19T05:05:43Z,3.9782
2026-03-19T05:09:06Z,5.2745
2026-03-19T05:15:22Z,4.0409
2026-03-19T05:28:07Z,4.153
2026-03-19T05:47:27Z,4.5386
2026-03-19T05:50:24Z,4.5569
2026-03-19T05:59:29Z,3.9237
2026-03-19T06:02:36Z,3.8097
2026-03-19T06:07:20Z,3.9036
2026-03-19T06:11:43Z,4.0198
2026-03-19T06:23:04Z,4.301
2026-03-19T06:24:00Z,4.3798
2026-03-19T06:35:58Z,4.4399
2026-03-19T06:37:44Z,4.1547
2026-03-19T06:39:19Z,3.9659
2026-03-19T06:40:52Z,4.1843
2026-03-19T06:43:14Z,4.6632
2026-03-19T06:43:35Z,4.8869
2026-03-19T06:50:35Z,4.7507
2026-03-19T06:51:41Z,3.6608
2026-03-19T06:53:52Z,4.5853
2026-03-19T07:00:52Z,4.4522
2026-03-19T07:03:16Z,4.8869
2026-03-19T07:04:52Z,3.8982
2026-03-19T07:07:44Z,4.7276
2026-03-19T07:46:22Z,5.0111
2026-03-19T07:46:40Z,5.0247
2026-03-19T07:50:32Z,4.7478
2026-03-19T08:00:11Z,4.2896
2026-03-19T08:27:21Z,3.8894
2026-03-19T08:30:26Z,4.4299
2026-03-19T08:35:56Z,4.2365
2026-03-19T08:41:40Z,3.7524
2026-03-19T08:53:06Z,4.8278
2026-03-19T08:58:52Z,5.1895
2026-03-19T09:16:05Z,4.2195
2026-03-19T09:33:45Z,3.6217
2026-03-19T10:09:30Z,3.9054
2026-03-19T10:11:07Z,4.0744
2026-03-19T10:11:53Z,4.5353
2026-03-19T10:12:05Z,5.0543
2026-03-19T10:15:27Z,4.4884
2026-03-19T10:27:55Z,3.7504
2026-03-19T10:37:20Z,4.3298
2026-03-19T10:53:25Z,4.0113
2026-03-19T11:05:15Z,4.3239
2026-03-19T11:05:41Z,4.5812
2026-03-19T11:21:00Z,4.6088
2026-03-19T11:22:30Z,3.6348
2026-03-19T11:27:14Z,4.6664
2026-03-19T11:31:40Z,4.4846
2026-03-19T11:33:57Z,4.1699
2026-03-19T11:36:36Z,4.8623
2026-03-19T11:43:44Z,4.3986
2026-03-19T11:53:56Z,4.5152
2026-03-19T12:06:15Z,4.6897
2026-03-19T12:23:07Z,4.1794
2026-03-19T12:27:18Z,4.1605
2026-03-19T12:41:03Z,4.6811
2026-03-19T13:00:45Z,5.3033
2026-03-19T13:07:53Z,4.3562
2026-03-19T13:10:15Z,4.2862
2026-03-19T13:12:06Z,4.0161
2026-03-19T13:15:54Z,3.3497
2026-03-19T13:33:45Z,4.5955
2026-03-19T13:34:24Z,4.1569
2026-03-19T13:35:12Z,4.5614
2026-03-19T13:37:57Z,3.9663
2026-03-19T13:41:19Z,4.3613
2026-03-19T13:51:25Z,3.9792
2026-03-19T14:14:48Z,3.8413
2026-03-19T14:16:37Z,3.8879
2026-03-19T14:42:03Z,4.4385
2026-03-19T14:42:49Z,3.8256
2026-03-19T14:46:27Z,4.2168
2026-03-19T14:50:14Z,4.237
2026-03-19T14:51:00Z,4.3202
2026-03-19T14:54:37Z,4.61
2026-03-19T14:56:03Z,3.8904
2026-03-19T14:56:04Z,4.1303
2026-03-19T15:05:58Z,4.1868
2026-03-19T15:24:24Z,4.537
2026-03-19T15:29:00Z,4.1889
2026-03-19T15:33:09Z,4.6051
2026-03-19T16:10:40Z,4.5188
2026-03-19T16:12:36Z,3.7147
2026-03-19T16:15:23Z,4.0153
2026-03-19T16:35:44Z,4.7336
2026-03-19T16:35:44Z,4.9501
2026-03-19T17:24:23Z,4.8032
2026-03-19T17:29:05Z,5.1152
2026-03-19T17:30:52Z,4.0539
2026-03-19T17:57:58Z,4.2631
2026-03-19T18:12:15Z,4.7193
2026-03-19T18:13:54Z,4.8066
2026-03-19T19:04:16Z,3.2492
2026-03-19T19:04:23Z,4.4615
2026-03-19T19:12:14Z,4.2058
2026-03-19T19:18:28Z,4.9198
2026-03-19T19:21:23Z,4.3819
2026-03-19T19:27:03Z,4.8752
2026-03-19T19:37:27Z,3.9968
2026-03-19T19:46:19Z,4.9843
2026-03-19T19:59:34Z,4.5739
2026-03-19T20:04:45Z,4.9503
2026-03-19T20:13:42Z,3.8812
2026-03-19T20:17:33Z,4.2874
2026-03-19T20:26:51Z,4.5132
2026-03-19T20:32:59Z,4.5066
2026-03-19T20:33:08Z,4.1418
2026-03-19T20:35:21Z,3.9916
2026-03-19T20:53:31Z,4.0197
2026-03-19T20:58:04Z,5.1225
2026-03-19T21:00:19Z,4.0873
2026-03-19T21:01:10Z,4.0043
2026-03-19T21:05:01Z,5.1358
2026-03-19T21:07:27Z,4.0449
2026-03-19T21:12:29Z,4.8617
2026-03-19T21:49:05Z,3.1506
2026-03-19T22:00:31Z,4.9031
2026-03-19T22:06:33Z,5.0181
2026-03-19T22:12:16Z,3.9764
2026-03-19T22:16:26Z,4.7259
2026-03-19T22:17:12Z,3.6177
2026-03-19T22:29:19Z,4.635
2026-03-19T22:32:54Z,4.0956
2026-03-19T22:33:06Z,4.2491
2026-03-19T22:34:41Z,3.6544
2026-03-19T22:39:12Z,3.3699
2026-03-19T22:39:26Z,5.1066
2026-03-19T22:41:58Z,4.4613
2026-03-19T22:50:55Z,4.4385
2026-03-19T23:13:21Z,4.8447
2026-03-19T23:30:31Z,3.8128
2026-03-19T23:58:00Z,4.5327
2026-03-19T23:59:11Z,4.2515
2026-03-20T00:33:07Z,4.6383
2026-03-20T00:45:23Z,4.5991
2026-03-20T00:48:52Z,3.8388
2026-03-20T01:02:24Z,4.2265
2026-03-20T01:09:29Z,4.1809
2026-03-20T01:18:03Z,4.0807
2026-03-20T01:24:01Z,3.8112
2026-03-20T01:36:21Z,4.3751
2026-03-20T01:40:23Z,3.8933
2026-03-20T01:47:27Z,4.2779
2026-03-20T01:48:53Z,5.0003
2026-03-20T02:17:15Z,4.3522
2026-03-20T02:20:57Z,4.3847
2026-03-20T02:27:12Z,4.0186
2026-03-20T02:46:21Z,4.1644
2026-03-20T02:54:59Z,3.9564
2026-03-20T02:55:30Z,4.7379
2026-03-20T02:57:03Z,4.8668
2026-03-20T03:05:12Z,4.4072
2026-03-20T03:37:31Z,4.655
2026-03-20T03:40:41Z,3.7563
2026-03-20T03:50:07Z,4.4429
2026-03-20T04:09:42Z,3.4039
2026-03-20T04:12:36Z,3.4831
2026-03-20T04:50:56Z,4.0061
2026-03-20T04:54:55Z,3.8753
2026-03-20T05:09:33Z,4.294
2026-03-20T05:16:44Z,3.3746
2026-03-20T05:23:58Z,3.8537
2026-03-20T05:35:42Z,5.0346
2026-03-20T05:56:55Z,3.9721
2026-03-20T06:02:31Z,4.4684
2026-03-20T06:16:12Z,3.3788
2026-03-20T06:21:52Z,4.6933
2026-03-20T06:27:00Z,3.9252
2026-03-20T07:02:22Z,4.5642
2026-03-20T07:24:14Z,4.5358
2026-03-20T07:25:10Z,4.4096
2026-03-20T07:46:07Z,4.0388
2026-03-20T07:51:03Z,4.9048
2026-03-20T08:05:37Z,4.8767
2026-03-20T08:39:15Z,3.8737
2026-03-20T08:45:05Z,5.1357
2026-03-20T08:55:05Z,4.4574
2026-03-20T08:55:11Z,4.104
2026-03-20T09:11:43Z,4.1626
2026-03-20T09:19:45Z,5.0909
2026-03-20T09:38:43Z,4.0444
2026-03-20T09:41:16Z,4.3859
2026-03-20T09:47:18Z,4.7587
2026-03-20T09:47:48Z,4.7483
2026-03-20T09:56:55Z,4.5535
2026-03-20T10:08:41Z,4.4214
2026-03-20T10:09:15Z,4.475
2026-03-20T10:14:15Z,4.4099
2026-03-20T10:15:29Z,3.8279
2026-03-20T10:20:32Z,3.7324
2026-03-20T10:25:45Z,4.6992
2026-03-20T10:37:05Z,4.4476
2026-03-20T10:44:49Z,4.6293
2026-03-20T10:56:11Z,4.2577
2026-03-20T11:15:27Z,4.8069
2026-03-20T11:22:11Z,5.0889
2026-03-20T11:23:09Z,4.2869
2026-03-20T11:25:44Z,4.1597
2026-03-20T11:27:13Z,4.8208
2026-03-20T11:46:46Z,3.679
2026-03-20T12:00:17Z,4.9596
2026-03-20T12:20:45Z,4.9008
2026-03-20T12:54:21Z,4.6193
2026-03-20T13:23:04Z,3.6453
2026-03-20T13:23:21Z,4.1035
2026-03-20T13:28:33Z,4.702
2026-03-20T13:31:04Z,4.7443
2026-03-20T14:00:15Z,3.6899
2026-03-20T14:00:35Z,4.307
2026-03-20T14:04:05Z,4.3554
2026-03-20T14:07:26Z,4.4079
2026-03-20T14:18:44Z,4.4229
2026-03-20T14:23:48Z,4.5812
2026-03-20T14:25:41Z,3.7182
2026-03-20T14:38:15Z,4.292
2026-03-20T14:47:15Z,4.9169
2026-03-20T14:54:51Z,4.6716
2026-03-20T15:10:04Z,4.4922
2026-03-20T15:26:57Z,4.0986
2026-03-20T16:11:50Z,4.4931
2026-03-20T16:15:55Z,4.0082
2026-03-20T16:18:52Z,3.4524
2026-03-20T16:20:03Z,4.0644
2026-03-20T16:21:09Z,3.8084
2026-03-20T16:26:08Z,4.2751
2026-03-20T16:40:41Z,4.6548
2026-03-20T16:44:16Z,3.7496
2026-03-20T16:52:18Z,4.3241
2026-03-20T17:12:03Z,5.4717
2026-03-20T17:18:10Z,3.9387
2026-03-20T17:18:43Z,4.5663
2026-03-20T17:36:32Z,4.2674
2026-03-20T17:46:54Z,4.3785
2026-03-20T18:17:26Z,4.8781
2026-03-20T18:19:54Z,4.0278
2026-03-20T18:36:04Z,4.4259
2026-03-20T18:39:10Z,4.7686
2026-03-20T18:46:48Z,4.6148
2026-03-20T19:10:07Z,4.0692
2026-03-20T19:14:01Z,3.565
2026-03-20T19:19:15Z,4.0999
2026-03-20T19:20:08Z,3.7691
2026-03-20T19:35:26Z,3.9656
2026-03-20T19:54:04Z,5.2933
2026-03-20T20:05:28Z,3.7901
2026-03-20T20:14:51Z,4.1686
2026-03-20T20:21:54Z,4.7794
2026-03-20T20:23:36Z,4.3739
2026-03-20T20:24:17Z,3.4926
2026-03-20T20:25:25Z,4.9438
2026-03-20T20:30:45Z,4.7231
2026-03-20T20:49:34Z,3.4903
2026-03-20T21:01:11Z,5.0189
2026-03-20T21:05:54Z,4.4413
2026-03-20T21:19:25Z,4.0585
2026-03-20T21:29:46Z,3.9234
2026-03-20T21:35:12Z,4.4949
2026-03-20T21:37:59Z,4.4288
2026-03-20T21:53:25Z,4.2488
2026-03-20T22:08:18Z,4.0012
2026-03-20T22:16:00Z,4.4195
2026-03-20T22:20:01Z,4.3656
2026-03-20T22:20:58Z,5.2936
2026-03-20T22:42:12Z,4.3323
2026-03-20T23:02:41Z,4.0289
2026-03-20T23:06:57Z,4.1821
2026-03-20T23:31:36Z,3.8732
2026-03-21T00:04:42Z,4.9034
2026-03-21T00:05:17Z,4.3507
2026-03-21T00:05:59Z,3.6778
2026-03-21T00:08:09Z,5.0034
2026-03-21T00:27:42Z,4.6958
2026-03-21T01:06:25Z,4.5408
2026-03-21T01:06:43Z,4.2165
2026-03-21T01:20:38Z,4.4646
2026-03-21T01:29:45Z,3.953
2026-03-21T01:36:18Z,3.8162
2026-03-21T01:41:38Z,4.3139
2026-03-21T01:45:33Z,3.7485
2026-03-21T01:46:31Z,4.6967
2026-03-21T01:46:43Z,4.3933
2026-03-21T02:11:51Z,4.7793
2026-03-21T02:31:38Z,4.5959
2026-03-21T02:33:06Z,4.0667
2026-03-21T02:41:17Z,4.1392
2026-03-21T02:42:22Z,3.9479
2026-03-21T02:53:05Z,4.1237
2026-03-21T02:53:29Z,4.5284
2026-03-21T02:56:14Z,4.4999
2026-03-21T03:02:34Z,4.2743
2026-03-21T03:28:06Z,4.3567
2026-03-21T03:33:14Z,4.3136
2026-03-21T03:40:14Z,3.9148
2026-03-21T03:42:44Z,4.7444
2026-03-21T03:46:48Z,4.4164
2026-03-21T04:03:33Z,4.4095
2026-03-21T04:05:23Z,4.7791
2026-03-21T04:28:48Z,3.8416
2026-03-21T04:37:52Z,4.7177
2026-03-21T04:42:18Z,4.8698
2026-03-21T04:51:40Z,5.1463
2026-03-21T04:52:28Z,4.1402
2026-03-21T04:52:55Z,4.6467
2026-03-21T05:04:42Z,4.4164
2026-03-21T05:07:01Z,4.2607
2026-03-21T05:07:37Z,4.2874
2026-03-21T05:08:51Z,4.423
2026-03-21T05:19:54Z,3.9277
2026-03-21T05:44:48Z,4.2486
2026-03-21T05:48:09Z,4.2467
2026-03-21T05:55:45Z,3.5914
2026-03-21T05:56:33Z,5.1419
2026-03-21T05:59:29Z,4.1168
2026-03-21T06:03:05Z,4.2122
2026-03-21T06:08:42Z,4.1439
2026-03-21T06:11:40Z,5.2487
2026-03-21T06:18:03Z,4.2109
2026-03-21T06:19:12Z,5.196
2026-03-21T06:28:43Z,3.7218
2026-03-21T06:43:50Z,4.5327
2026-03-21T07:17:11Z,4.6786
2026-03-21T07:28:28Z,4.0036
2026-03-21T07:30:24Z,4.3372
2026-03-21T07:41:08Z,4.251
2026-03-21T07:41:46Z,4.4433
2026-03-21T07:50:33Z,3.9352
2026-03-21T07:57:48Z,3.3975
2026-03-21T08:04:53Z,4.312
2026-03-21T08:10:04Z,4.0915
2026-03-21T08:11:54Z,4.4022
2026-03-21T08:18:19Z,4.4432
2026-03-21T08:21:15Z,4.426
2026-03-21T08:35:49Z,4.0219
2026-03-21T08:58:04Z,4.5538
2026-03-21T09:01:07Z,3.7343
2026-03-21T09:18:43Z,4.5976
2026-03-21T09:22:09Z,4.3843
2026-03-21T09:31:38Z,4.0391
2026-03-21T09:49:56Z,4.0392
2026-03-21T09:54:45Z,4.624
2026-03-21T09:56:02Z,4.0734
2026-03-21T09:56:18Z,4.1289
2026-03-21T09:57:52Z,4.0478
2026-03-21T10:29:08Z,3.7841
2026-03-21T10:29:57Z,4.8983
2026-03-21T10:39:05Z,4.4854
2026-03-21T10:45:45Z,4.9834
2026-03-21T10:52:01Z,4.8508
2026-03-21T10:53:54Z,4.4932
2026-03-21T10:56:47Z,4.273
2026-03-21T10:59:57Z,3.5905
2026-03-21T11:10:28Z,3.8046
2026-03-21T11:14:45Z,4.6377
2026-03-21T11:36:31Z,4.538
2026-03-21T11:42:08Z,3.9181
2026-03-21T12:26:32Z,4.752
2026-03-21T12:36:57Z,4.0536
2026-03-21T12:41:56Z,4.0905
2026-03-21T12:50:33Z,4.5195
2026-03-21T12:52:13Z,3.7928
2026-03-21T12:56:39Z,4.2886
2026-03-21T13:04:10Z,4.2942
2026-03-21T13:07:26Z,4.1112
2026-03-21T13:10:05Z,4.3533
2026-03-21T13:12:21Z,5.0159
2026-03-21T13:25:07Z,4.9281
2026-03-21T13:31:24Z,4.3413
2026-03-21T13:38:58Z,4.4679
2026-03-21T13:46:21Z,3.873
2026-03-21T13:47:35Z,5.0186
2026-03-21T13:57:57Z,3.8823
2026-03-21T13:59:58Z,4.3103
2026-03-21T14:28:30Z,4.3543
2026-03-21T14:37:58Z,3.943
2026-03-21T14:58:52Z,3.7807
2026-03-21T15:01:06Z,4.4419
2026-03-21T15:08:44Z,4.202
2026-03-21T15:28:29Z,3.9522
2026-03-21T15:31:10Z,4.4903
2026-03-21T15:37:09Z,4.9372
2026-03-21T15:49:31Z,4.0108
2026-03-21T16:01:22Z,3.6406
2026-03-21T16:13:25Z,4.1876
2026-03-21T16:17:35Z,3.8051
2026-03-21T16:42:32Z,4.1529
2026-03-21T16:54:48Z,4.6425
2026-03-21T16:55:14Z,3.9503
2026-03-21T17:15:41Z,4.6404
2026-03-21T17:23:11Z,4.3379
2026-03-21T17:38:50Z,4.6717
2026-03-21T17:57:25Z,4.3948
2026-03-21T18:13:02Z,4.3878
2026-03-21T18:15:22Z,4.1852
2026-03-21T18:15:52Z,5.1764
2026-03-21T18:17:57Z,3.5848
2026-03-21T18:23:07Z,4.496
2026-03-21T18:24:25Z,4.4212
2026-03-21T18:35:21Z,4.1361
2026-03-21T18:54:14Z,4.3368
2026-03-21T19:03:26Z,4.3881
2026-03-21T19:18:17Z,4.2902
2026-03-21T19:21:02Z,4.2924
2026-03-21T19:29:15Z,4.2002
2026-03-21T19:35:41Z,4.4698
2026-03-21T19:36:13Z,4.3985
2026-03-21T19:51:30Z,4.3243
2026-03-21T20:00:58Z,3.176
2026-03-21T20:02:21Z,5.687
2026-03-21T20:13:39Z,3.8983
2026-03-21T20:28:26Z,4.1357
2026-03-21T20:28:48Z,4.5361
2026-03-21T20:35:51Z,3.9756
2026-03-21T20:36:45Z,5.4457
2026-03-21T20:37:26Z,4.4206
2026-03-21T20:44:37Z,3.8046
2026-03-21T20:48:22Z,3.8759
2026-03-21T20:55:16Z,3.9529
2026-03-21T20:56:05Z,3.743
2026-03-21T21:10:54Z,4.4036
2026-03-21T21:18:55Z,4.2422
2026-03-21T21:27:49Z,4.1728
2026-03-21T21:40:45Z,4.7107
2026-03-21T21:56:04Z,3.8804
2026-03-21T21:57:19Z,4.1717
2026-03-21T22:19:54Z,3.8287
2026-03-21T22:29:37Z,5.0964
2026-03-21T23:07:18Z,4.2888
2026-03-21T23:29:32Z,5.0216
2026-03-21T23:43:42Z,3.913
2026-03-21T23:52:38Z,4.7214
2026-03-21T23:58:47Z,4.4611
2026-03-22T00:01:15Z,3.9754
2026-03-22T00:18:13Z,5.1804
2026-03-22T00:31:13Z,4.4195
2026-03-22T00:31:16Z,5.0118
2026-03-22T00:38:39Z,4.0667
2026-03-22T00:41:57Z,3.6437
2026-03-22T00:42:09Z,4.5423
2026-03-22T00:45:25Z,5.0352
2026-03-22T00:49:32Z,4.2694
2026-03-22T00:52:18Z,4.7804
2026-03-22T01:17:40Z,4.6217
2026-03-22T01:22:09Z,4.4438
2026-03-22T01:37:42Z,4.1837
2026-03-22T02:13:02Z,4.6296
2026-03-22T02:18:30Z,4.6315
2026-03-22T02:32:18Z,4.2105
2026-03-22T02:35:42Z,4.1544
2026-03-22T02:48:38Z,4.6402
2026-03-22T02:59:29Z,4.4929
2026-03-22T03:04:57Z,4.3157
2026-03-22T03:10:57Z,4.2804
2026-03-22T03:42:48Z,3.629
2026-03-22T03:55:42Z,4.197
2026-03-22T03:59:50Z,4.6954
2026-03-22T04:06:25Z,4.7752
2026-03-22T04:10:00Z,3.8959
2026-03-22T04:13:05Z,4.0187
2026-03-22T04:20:14Z,4.4285
2026-03-22T04:44:23Z,4.3693
2026-03-22T05:04:21Z,4.1648
2026-03-22T05:08:24Z,4.2843
2026-03-22T05:16:46Z,5.0131
2026-03-22T05:28:21Z,3.9831
2026-03-22T05:35:09Z,4.1888
2026-03-22T05:36:50Z,4.623
2026-03-22T06:13:53Z,4.3768
2026-03-22T06:27:45Z,4.5489
2026-03-22T06:33:03Z,4.2064
2026-03-22T06:41:07Z,5.1648
2026-03-22T06:42:28Z,4.8611
2026-03-22T06:49:09Z,4.8365
2026-03-22T06:55:40Z,3.6343
2026-03-22T07:06:44Z,4.7962
2026-03-22T07:16:00Z,4.4146
2026-03-22T07:16:09Z,4.1028
2026-03-22T07:24:10Z,4.1094
2026-03-22T07:24:22Z,4.0887
2026-03-22T07:26:46Z,4.5887
2026-03-22T07:29:56Z,4.6768
2026-03-22T07:34:33Z,4.6104
2026-03-22T07:52:39Z,4.426
2026-03-22T08:25:50Z,3.7981
2026-03-22T08:32:27Z,5.1808
2026-03-22T08:57:35Z,4.3609
2026-03-22T09:04:09Z,4.5745
2026-03-22T09:04:58Z,3.8385
2026-03-22T09:05:37Z,4.3629
2026-03-22T09:10:43Z,3.7836
2026-03-22T09:12:20Z,4.4039
2026-03-22T09:16:49Z,4.6642
2026-03-22T09:20:37Z,4.3192
2026-03-22T09:47:59Z,4.4862
2026-03-22T10:25:07Z,4.0517
2026-03-22T10:27:43Z,5.0994
2026-03-22T10:52:09Z,4.3663
2026-03-22T11:06:44Z,3.6204
2026-03-22T11:22:49Z,4.1642
2026-03-22T11:34:07Z,4.0227
2026-03-22T11:34:11Z,3.9056
2026-03-22T11:43:22Z,4.3676
2026-03-22T12:05:10Z,3.989
2026-03-22T12:32:34Z,4.3139
2026-03-22T12:43:44Z,4.4768
2026-03-22T13:00:01Z,4.2524
2026-03-22T13:12:06Z,3.7868
2026-03-22T13:29:12Z,4.085
2026-03-22T13:36:05Z,4.0467
2026-03-22T13:50:02Z,4.7847
2026-03-22T13:54:42Z,5.0577
2026-03-22T13:56:13Z,4.5457
2026-03-22T14:09:10Z,4.3139
2026-03-22T14:21:13Z,3.7319
2026-03-22T14:43:41Z,4.6971
2026-03-22T14:44:55Z,4.1665
2026-03-22T14:49:27Z,4.7204
2026-03-22T14:59:42Z,5.1804
2026-03-22T15:18:00Z,5.0271
2026-03-22T15:21:49Z,4.1055
2026-03-22T15:41:33Z,4.6284
2026-03-22T15:44:47Z,4.5388
2026-03-22T15:58:07Z,4.7593
2026-03-22T16:03:32Z,4.217
2026-03-22T16:04:16Z,4.4959
2026-03-22T16:07:24Z,5.1061
2026-03-22T16:43:31Z,4.0334
2026-03-22T16:49:01Z,5.0574
2026-03-22T16:54:46Z,4.1186
2026-03-22T16:59:53Z,4.6215
2026-03-22T17:06:28Z,4.479
2026-03-22T17:14:26Z,5.2895
2026-03-22T17:20:54Z,4.9942
2026-03-22T17:24:29Z,4.4586
2026-03-22T17:45:58Z,4.3663
2026-03-22T17:46:04Z,3.8627
2026-03-22T17:48:47Z,4.4423
2026-03-22T17:56:14Z,4.3472
2026-03-22T18:08:34Z,4.5238
2026-03-22T18:14:15Z,4.6396
2026-03-22T18:19:53Z,3.9839
2026-03-22T18:34:21Z,3.9953
2026-03-22T18:38:54Z,4.1085
2026-03-22T18:42:18Z,4.0398
2026-03-22T19:24:20Z,3.907
2026-03-22T19:36:20Z,4.4782
2026-03-22T19:57:21Z,4.3475
2026-03-22T20:02:45Z,4.5928
2026-03-22T20:02:55Z,4.9026
2026-03-22T20:33:54Z,4.201
2026-03-22T20:39:47Z,3.5574
2026-03-22T20:59:11Z,4.8433
2026-03-22T21:06:37Z,3.6843
2026-03-22T21:19:01Z,4.5145
2026-03-22T21:45:48Z,3.9136
2026-03-22T21:48:55Z,4.3811
2026-03-22T21:49:48Z,4.5165
2026-03-22T22:22:30Z,4.0333
2026-03-22T22:31:55Z,4.0946
2026-03-22T22:37:22Z,4.2343
2026-03-22T22:42:28Z,4.3909
2026-03-22T22:44:50Z,2.4418
2026-03-22T23:06:20Z,4.5533
2026-03-22T23:37:52Z,5.1359
2026-03-22T23:54:49Z,4.5679
2026-03-23T00:11:01Z,4.2307
2026-03-23T00:11:19Z,5.451
2026-03-23T00:30:35Z,4.5367
2026-03-23T00:37:49Z,4.4994
2026-03-23T00:49:59Z,4.144
2026-03-23T00:52:36Z,4.6971
2026-03-23T01:05:24Z,4.6619
2026-03-23T01:06:23Z,3.7926
2026-03-23T01:06:43Z,4.2796
2026-03-23T01:17:49Z,4.5872
2026-03-23T01:23:02Z,4.6166
2026-03-23T01:33:57Z,4.2773
2026-03-23T01:38:11Z,3.308
2026-03-23T01:42:14Z,4.6591
2026-03-23T01:55:47Z,4.5174
2026-03-23T02:05:40Z,4.0015
2026-03-23T02:13:22Z,4.4028
2026-03-23T02:24:24Z,3.9274
2026-03-23T02:31:53Z,3.7746
2026-03-23T02:48:19Z,3.9458
2026-03-23T02:50:28Z,3.6346
2026-03-23T02:52:43Z,4.5592
2026-03-23T03:00:23Z,4.9546
2026-03-23T03:03:43Z,4.2093
2026-03-23T03:04:43Z,3.325
2026-03-23T03:20:36Z,4.066
2026-03-23T03:37:30Z,3.7468
2026-03-23T03:49:47Z,4.9575
2026-03-23T03:59:17Z,3.8166
2026-03-23T04:00:26Z,3.8601
2026-03-23T04:43:57Z,3.7265
2026-03-23T04:44:08Z,4.5432
2026-03-23T04:54:23Z,3.4368
2026-03-23T05:18:08Z,4.9644
2026-03-23T05:52:42Z,4.1021
2026-03-23T05:55:07Z,4.2052
2026-03-23T05:59:20Z,3.7746
2026-03-23T06:16:26Z,5.4658
2026-03-23T06:27:47Z,4.0008
2026-03-23T06:42:35Z,3.896
2026-03-23T06:45:16Z,4.4466
2026-03-23T07:00:29Z,5.013
2026-03-23T07:01:14Z,4.3404
2026-03-23T07:04:38Z,4.2927
2026-03-23T07:05:03Z,4.4495
2026-03-23T07:25:26Z,3.6962
2026-03-23T07:33:51Z,3.9228
2026-03-23T07:51:43Z,4.2012
2026-03-23T08:21:33Z,4.1578
2026-03-23T08:22:51Z,4.256
2026-03-23T08:44:18Z,4.5506
2026-03-23T09:04:30Z,3.797
2026-03-23T09:07:20Z,4.7416
2026-03-23T09:19:53Z,4.3393
2026-03-23T09:30:46Z,4.2628
2026-03-23T09:31:38Z,4.7436
2026-03-23T09:38:16Z,4.6086
2026-03-23T09:57:22Z,3.9129
2026-03-23T10:09:36Z,4.3942
2026-03-23T10:29:46Z,4.4882
2026-03-23T10:48:32Z,4.1864
2026-03-23T10:49:12Z,4.4321
2026-03-23T10:59:12Z,3.9608
2026-03-23T11:04:51Z,4.3979
2026-03-23T11:05:05Z,4.9513
2026-03-23T11:28:33Z,4.6294
2026-03-23T11:28:50Z,4.7587
2026-03-23T11:45:37Z,3.4003
2026-03-23T12:16:31Z,4.8967
2026-03-23T12:20:26Z,4.3854
2026-03-23T12:30:38Z,4.8468
2026-03-23T12:41:58Z,4.4508
2026-03-23T12:57:04Z,4.0975
2026-03-23T12:58:47Z,3.7901
2026-03-23T13:21:30Z,4.6727
2026-03-23T13:22:34Z,3.5569
2026-03-23T13:41:20Z,3.9086
2026-03-23T13:54:21Z,4.2845
2026-03-23T13:59:41Z,4.5208
2026-03-23T14:12:06Z,4.2853
2026-03-23T14:16:50Z,4.9085
2026-03-23T14:34:07Z,3.9183
2026-03-23T14:47:59Z,4.1482
2026-03-23T15:00:02Z,4.7355
2026-03-23T15:06:48Z,4.1995
2026-03-23T15:12:19Z,3.5587
2026-03-23T15:24:45Z,4.7282
2026-03-23T15:43:50Z,4.1799
2026-03-23T16:20:45Z,4.0786
2026-03-23T16:29:00Z,4.0078
2026-03-23T16:33:33Z,4.6105
2026-03-23T16:46:29Z,3.3078
2026-03-23T16:51:50Z,4.1451
2026-03-23T16:56:24Z,4.699
2026-03-23T17:16:48Z,3.4845
2026-03-23T17:18:13Z,3.9525
2026-03-23T17:22:07Z,4.4787
2026-03-23T17:24:28Z,3.9541
2026-03-23T17:24:40Z,4.2008
2026-03-23T17:29:32Z,3.998
2026-03-23T18:09:20Z,3.9056
2026-03-23T18:33:41Z,4.1224
2026-03-23T18:51:19Z,4.3955
2026-03-23T18:51:49Z,4.8169
2026-03-23T18:57:32Z,4.4195
2026-03-23T18:58:53Z,4.8318
2026-03-23T19:04:57Z,4.2565
2026-03-23T19:19:19Z,4.6778
2026-03-23T19:37:29Z,4.5572
2026-03-23T19:38:56Z,4.4563
2026-03-23T19:40:43Z,3.9949
2026-03-23T19:52:30Z,4.6186
2026-03-23T19:59:15Z,4.8849
2026-03-23T20:09:03Z,3.2648
2026-03-23T20:09:40Z,3.9311
2026-03-23T20:16:48Z,3.359
2026-03-23T20:22:29Z,4.305
2026-03-23T20:22:57Z,4.0149
2026-03-23T20:23:24Z,4.5644
2026-03-23T20:24:20Z,3.5225
2026-03-23T20:40:24Z,4.2824
2026-03-23T20:59:50Z,4.6451
2026-03-23T21:01:15Z,4.4456
2026-03-23T21:21:43Z,4.5785
2026-03-23T21:31:16Z,4.084
2026-03-23T21:52:28Z,3.974
2026-03-23T22:08:46Z,3.9243
2026-03-23T22:27:02Z,4.25
2026-03-23T22:42:18Z,3.8911
2026-03-23T23:12:39Z,3.6164
2026-03-23T23:14:06Z,4.3901
2026-03-23T23:15:09Z,4.0606
2026-03-23T23:24:23Z,4.106
2026-03-23T23:31:11Z,3.9593
2026-03-23T23:33:57Z,4.2885
2026-03-23T23:37:26Z,4.4342
2026-03-23T23:49:30Z,5.1146
2026-03-23T23:51:48Z,4.0956
2026-03-23T23:56:10Z,4.5572
2026-03-23T23:56:21Z,3.909
2026-03-24T00:03:08Z,4.4835
2026-03-24T00:15:52Z,4.5933
2026-03-24T00:25:36Z,4.0275
2026-03-24T00:43:35Z,5.1512
2026-03-24T00:58:10Z,4.5572
2026-03-24T00:59:41Z,4.0222
2026-03-24T01:02:51Z,4.3714
2026-03-24T01:03:56Z,4.229
2026-03-24T01:13:46Z,4.9122
2026-03-24T01:24:19Z,4.1892
2026-03-24T01:27:58Z,4.7727
2026-03-24T01:28:07Z,4.6739
2026-03-24T01:39:37Z,4.059
2026-03-24T01:52:10Z,3.4887
2026-03-24T02:00:33Z,4.4529
2026-03-24T02:00:45Z,4.9768
2026-03-24T02:29:09Z,5.2251
2026-03-24T02:30:43Z,4.0033
2026-03-24T02:36:03Z,3.7051
2026-03-24T02:46:34Z,4.8118
2026-03-24T02:49:36Z,5.2755
2026-03-24T03:15:31Z,4.1206
2026-03-24T03:18:45Z,3.7183
2026-03-24T03:30:10Z,4.4877
2026-03-24T03:40:30Z,4.7795
2026-03-24T03:44:37Z,5.377
2026-03-24T03:47:47Z,4.5836
2026-03-24T04:01:54Z,4.1843
2026-03-24T04:04:33Z,4.9647
2026-03-24T04:18:57Z,4.3461
2026-03-24T04:35:11Z,4.0198
2026-03-24T04:52:43Z,4.1461
2026-03-24T04:56:46Z,4.3146
2026-03-24T04:59:02Z,4.8595
2026-03-24T05:11:54Z,3.5736
2026-03-24T05:14:16Z,4.4024
2026-03-24T05:32:37Z,4.5427
2026-03-24T05:36:01Z,4.1402
2026-03-24T05:52:58Z,4.1287
2026-03-24T05:56:15Z,3.8366
2026-03-24T06:08:14Z,4.5214
2026-03-24T06:09:11Z,4.0353
2026-03-24T06:19:28Z,3.3634
2026-03-24T06:21:33Z,4.1963
2026-03-24T06:21:57Z,4.1504
2026-03-24T06:44:38Z,4.025
2026-03-24T06:47:18Z,4.1523
2026-03-24T07:01:29Z,4.1544
2026-03-24T07:23:36Z,2.814
2026-03-24T07:24:04Z,4.5989
2026-03-24T07:24:09Z,3.8458
2026-03-24T07:30:11Z,4.0318
2026-03-24T07:49:06Z,4.6851
2026-03-24T07:51:47Z,4.0125
2026-03-24T07:58:13Z,4.558
2026-03-24T08:02:37Z,4.4241
2026-03-24T08:31:39Z,5.0617
2026-03-24T08:38:45Z,4.3147
2026-03-24T08:43:49Z,4.2856
2026-03-24T08:46:22Z,4.7311
2026-03-24T08:48:30Z,4.1145
2026-03-24T08:49:05Z,3.8058
2026-03-24T08:59:27Z,4.5032
2026-03-24T09:07:50Z,5.0681
2026-03-24T09:11:00Z,4.2666
2026-03-24T09:13:38Z,4.2994
2026-03-24T09:28:19Z,4.827
2026-03-24T09:28:30Z,3.4258
2026-03-24T09:40:53Z,4.3978
2026-03-24T09:44:59Z,4.391
2026-03-24T09:50:42Z,3.9867
2026-03-24T09:52:35Z,4.5794
2026-03-24T09:54:44Z,3.8142
2026-03-24T10:28:55Z,4.4874
2026-03-24T10:46:55Z,4.8009
2026-03-24T10:53:32Z,4.4769
2026-03-24T11:04:11Z,4.4777
2026-03-24T11:08:20Z,3.7513
2026-03-24T11:12:28Z,4.5687
2026-03-24T11:26:49Z,4.1975
2026-03-24T11:37:28Z,4.6377
2026-03-24T11:45:38Z,4.667
2026-03-24T11:49:32Z,4.7859
2026-03-24T12:03:19Z,3.5484
2026-03-24T12:06:26Z,4.3887
2026-03-24T12:37:01Z,4.3456
2026-03-24T12:44:05Z,4.71
2026-03-24T12:50:20Z,4.5721
2026-03-24T13:01:28Z,5.3824
2026-03-24T13:02:26Z,4.8012
2026-03-24T13:16:17Z,4.6785
2026-03-24T13:17:52Z,3.6356
2026-03-24T13:21:05Z,3.9893
2026-03-24T13:29:28Z,4.2205
2026-03-24T13:31:56Z,4.3897
2026-03-24T13:59:14Z,4.5815
2026-03-24T14:20:50Z,4.256
2026-03-24T14:26:25Z,4.9294
2026-03-24T14:32:43Z,4.0129
2026-03-24T14:37:07Z,4.7145
2026-03-24T14:43:30Z,3.3447
2026-03-24T14:44:13Z,4.3237
2026-03-24T14:44:30Z,5.3914
2026-03-24T14:46:50Z,4.568
2026-03-24T15:11:13Z,4.7503
2026-03-24T15:13:06Z,4.8557
2026-03-24T15:30:35Z,4.121
2026-03-24T15:42:06Z,4.1711
2026-03-24T16:25:00Z,4.6808
2026-03-24T16:34:19Z,4.1969
2026-03-24T16:53:57Z,4.1324
2026-03-24T16:58:04Z,4.8788
2026-03-24T17:36:16Z,4.7222
2026-03-24T17:47:25Z,4.7423
2026-03-24T18:22:14Z,4.5825
2026-03-24T18:41:11Z,4.121
2026-03-24T18:51:35Z,3.8141
2026-03-24T19:00:31Z,3.6294
2026-03-24T19:09:38Z,4.6803
2026-03-24T19:28:26Z,4.2377
2026-03-24T19:29:21Z,3.7798
2026-03-24T19:38:04Z,5.0166
2026-03-24T19:41:42Z,3.758
2026-03-24T19:47:14Z,4.2533
2026-03-24T19:48:01Z,4.062
2026-03-24T19:48:48Z,4.8049
2026-03-24T19:57:04Z,4.351
2026-03-24T20:12:29Z,4.4873
2026-03-24T20:17:14Z,3.7981
2026-03-24T20:31:24Z,3.8791
2026-03-24T20:33:29Z,5.3306
2026-03-24T20:40:26Z,3.8858
2026-03-24T20:58:15Z,3.8562
2026-03-24T21:01:07Z,4.4064
2026-03-24T21:04:15Z,4.1186
2026-03-24T21:28:01Z,4.4248
2026-03-24T21:29:14Z,4.2659
2026-03-24T21:30:04Z,4.6941
2026-03-24T22:04:23Z,4.6405
2026-03-24T22:04:23Z,4.9272
2026-03-24T22:06:49Z,5.9363
2026-03-24T22:15:08Z,4.5623
2026-03-24T22:24:01Z,4.5444
2026-03-24T22:33:51Z,4.7814
2026-03-24T22:37:01Z,4.2435
2026-03-24T22:47:03Z,4.1832
2026-03-24T23:10:54Z,3.7128
2026-03-24T23:15:08Z,3.9989
2026-03-24T23:20:17Z,4.4663
2026-03-24T23:22:33Z,3.9141
2026-03-24T23:40:16Z,4.7735
2026-03-24T23:50:07Z,4.4516
2026-03-25T00:16:58Z,4.401
2026-03-25T00:18:56Z,4.2254
2026-03-25T00:35:06Z,4.3584
2026-03-25T00:42:39Z,3.7651
2026-03-25T01:38:18Z,4.2139
2026-03-25T01:56:50Z,4.497
2026-03-25T02:02:45Z,4.2453
2026-03-25T02:07:16Z,4.4807
2026-03-25T02:29:37Z,4.5712
2026-03-25T02:36:11Z,4.6382
2026-03-25T02:36:58Z,4.2977
2026-03-25T02:49:47Z,5.1912
2026-03-25T02:50:40Z,4.5669
2026-03-25T03:03:47Z,4.7619
2026-03-25T03:15:47Z,4.4709
2026-03-25T03:16:29Z,4.1188
2026-03-25T03:31:28Z,4.2192
2026-03-25T03:35:18Z,4.5048
2026-03-25T03:54:41Z,4.3817
2026-03-25T04:14:10Z,4.8104
2026-03-25T04:33:51Z,4.8033
2026-03-25T04:38:40Z,5.6491
2026-03-25T04:45:34Z,4.0798
2026-03-25T04:51:53Z,3.884
2026-03-25T05:10:28Z,4.9433
2026-03-25T05:11:07Z,4.1816
2026-03-25T05:21:38Z,5.1645
2026-03-25T05:32:38Z,4.4353
2026-03-25T05:51:53Z,4.1029
2026-03-25T05:59:38Z,3.7349
2026-03-25T06:02:41Z,4.6448
2026-03-25T06:06:28Z,3.971
2026-03-25T06:23:22Z,4.4617
2026-03-25T06:49:20Z,4.099
2026-03-25T06:53:04Z,3.6053
2026-03-25T07:15:25Z,4.3098
2026-03-25T07:16:23Z,5.0165
2026-03-25T07:37:03Z,4.0331
2026-03-25T07:42:59Z,4.467
2026-03-25T07:49:27Z,4.301
2026-03-25T07:59:37Z,4.6371
2026-03-25T08:00:41Z,5.0207
2026-03-25T08:20:14Z,4.4705
2026-03-25T08:21:36Z,4.812
2026-03-25T08:26:11Z,3.3723
2026-03-25T08:35:02Z,4.5942
2026-03-25T08:45:22Z,4.2998
2026-03-25T08:45:24Z,4.6067
2026-03-25T09:26:46Z,4.7994
2026-03-25T09:27:18Z,3.752
2026-03-25T09:30:18Z,3.8319
2026-03-25T09:34:53Z,4.2539
2026-03-25T09:41:15Z,3.8985
2026-03-25T09:42:03Z,4.0698
2026-03-25T09:42:06Z,4.5641
2026-03-25T09:57:48Z,4.6962
2026-03-25T09:59:23Z,3.9502
2026-03-25T10:31:18Z,4.2384
2026-03-25T10:40:20Z,4.1464
2026-03-25T10:46:40Z,5.018
2026-03-25T10:49:01Z,4.9926
2026-03-25T11:01:25Z,4.9405
2026-03-25T11:03:22Z,5.2684
2026-03-25T11:03:39Z,5.3724
2026-03-25T11:17:14Z,4.0967
2026-03-25T11:17:17Z,4.3115
2026-03-25T11:36:36Z,3.9495
2026-03-25T11:52:28Z,4.7246
2026-03-25T12:07:02Z,3.8006
2026-03-25T12:07:17Z,3.5267
2026-03-25T12:21:49Z,4.6928
2026-03-25T12:50:11Z,5.0432
2026-03-25T12:55:50Z,4.4107
2026-03-25T13:03:17Z,3.4162
2026-03-25T13:04:45Z,4.5773
2026-03-25T13:11:39Z,5.1367
2026-03-25T13:20:30Z,4.2723
2026-03-25T13:32:55Z,4.7824
2026-03-25T14:03:13Z,4.6231
2026-03-25T14:04:38Z,4.2048
2026-03-25T14:14:49Z,4.2332
2026-03-25T14:15:02Z,4.9239
2026-03-25T14:18:25Z,5.2414
2026-03-25T14:23:57Z,4.4261
2026-03-25T14:27:38Z,4.4458
2026-03-25T14:28:49Z,4.3329
2026-03-25T14:31:54Z,4.3526
2026-03-25T14:34:32Z,3.8599
2026-03-25T14:34:34Z,4.1441
2026-03-25T14:42:40Z,4.3774
2026-03-25T14:43:27Z,3.9793
2026-03-25T14:51:55Z,4.1935
2026-03-25T15:27:05Z,4.6045
2026-03-25T15:30:38Z,4.4736
2026-03-25T15:33:16Z,4.9594
2026-03-25T15:46:59Z,4.2268
2026-03-25T15:51:20Z,4.0092
2026-03-25T15:55:47Z,4.8635
2026-03-25T16:10:28Z,4.787
2026-03-25T16:22:38Z,4.7242
2026-03-25T16:30:14Z,4.212
2026-03-25T16:39:03Z,4.6779
2026-03-25T16:45:45Z,4.1632
2026-03-25T16:47:20Z,4.1074
2026-03-25T16:47:31Z,4.21
2026-03-25T16:50:29Z,3.9183
2026-03-25T16:59:23Z,3.7647
2026-03-25T17:19:53Z,4.7829
2026-03-25T17:33:46Z,4.7748
2026-03-25T17:37:49Z,5.4528
2026-03-25T17:38:54Z,4.4383
2026-03-25T17:44:40Z,3.9535
2026-03-25T18:05:27Z,3.8301
2026-03-25T18:27:04Z,4.7221
2026-03-25T18:44:23Z,4.3119
2026-03-25T18:58:35Z,4.6029
2026-03-25T19:03:45Z,3.6617
2026-03-25T19:06:23Z,3.7529
2026-03-25T19:19:07Z,4.7493
2026-03-25T19:24:41Z,4.4744
2026-03-25T19:36:37Z,3.9352
2026-03-25T19:43:27Z,4.4687
2026-03-25T19:44:14Z,4.3924
2026-03-25T19:52:47Z,4.3028
2026-03-25T20:10:02Z,4.3274
2026-03-25T20:20:36Z,4.9175
2026-03-25T20:23:03Z,4.2329
2026-03-25T20:27:39Z,4.7114
2026-03-25T20:30:50Z,4.4453
2026-03-25T20:32:55Z,4.1294
2026-03-25T20:33:52Z,4.2504
2026-03-25T20:35:24Z,4.5888
2026-03-25T20:41:38Z,4.1026
2026-03-25T20:50:01Z,4.1331
2026-03-25T21:07:07Z,4.2836
2026-03-25T21:08:50Z,4.5567
2026-03-25T21:14:33Z,5.0935
2026-03-25T21:16:05Z,3.712
2026-03-25T21:16:35Z,4.4614
2026-03-25T21:28:18Z,4.4279
2026-03-25T21:37:46Z,4.0411
2026-03-25T21:49:01Z,4.7441
2026-03-25T21:53:34Z,3.9784
2026-03-25T21:58:48Z,3.9516
2026-03-25T21:59:46Z,4.6044
2026-03-25T22:11:40Z,3.7989
2026-03-25T22:13:20Z,3.7685
2026-03-25T22:21:33Z,4.9521
2026-03-25T22:43:16Z,4.2161
2026-03-25T23:23:37Z,4.8805
2026-03-25T23:25:51Z,4.5344
2026-03-25T23:37:20Z,4.0119
2026-03-25T23:39:35Z,4.8674
2026-03-25T23:39:52Z,5.1602
2026-03-25T23:54:18Z,4.5258
2026-03-25T23:55:39Z,5.0342
2026-03-25T23:58:53Z,4.9933
2026-03-25T23:59:01Z,4.7582
2026-03-26T00:03:34Z,4.3802
2026-03-26T00:22:09Z,3.4958
2026-03-26T00:45:25Z,3.7665
2026-03-26T00:49:38Z,3.6394
2026-03-26T00:58:35Z,4.2738
2026-03-26T00:59:25Z,4.3165
2026-03-26T01:24:55Z,4.2901
2026-03-26T01:26:06Z,4.1265
2026-03-26T01:27:07Z,4.2596
2026-03-26T01:36:28Z,4.2731
2026-03-26T01:40:08Z,4.1702
2026-03-26T01:45:11Z,4.3026
2026-03-26T01:54:26Z,3.924
2026-03-26T01:59:31Z,4.2653
2026-03-26T02:11:28Z,3.3707
2026-03-26T02:14:00Z,4.0296
2026-03-26T02:19:32Z,4.7587
2026-03-26T02:25:22Z,4.6916
2026-03-26T02:31:26Z,4.6066
2026-03-26T02:42:29Z,4.9961
2026-03-26T02:44:06Z,4.7895
2026-03-26T02:50:16Z,4.5614
2026-03-26T02:58:21Z,4.1594
2026-03-26T03:08:55Z,3.3416
2026-03-26T03:15:14Z,4.0736
2026-03-26T03:19:03Z,4.535
2026-03-26T03:24:19Z,4.2168
2026-03-26T03:38:18Z,4.7129
2026-03-26T03:47:02Z,4.4726
2026-03-26T03:50:25Z,4.809
2026-03-26T03:57:44Z,4.4259
2026-03-26T03:58:01Z,4.204
2026-03-26T04:02:46Z,4.1728
2026-03-26T04:06:15Z,4.7226
2026-03-26T04:14:20Z,3.6984
2026-03-26T04:52:12Z,3.5713
2026-03-26T05:03:38Z,4.3487
2026-03-26T05:19:23Z,4.8654
2026-03-26T05:24:24Z,4.3139
2026-03-26T05:25:37Z,4.4336
2026-03-26T05:29:52Z,3.5048
2026-03-26T05:42:45Z,4.168
2026-03-26T05:43:26Z,3.5273
2026-03-26T06:13:05Z,3.3482
2026-03-26T06:15:50Z,4.4251
2026-03-26T06:33:57Z,4.6218
2026-03-26T06:51:59Z,4.334
2026-03-26T07:14:08Z,4.5338
2026-03-26T07:32:02Z,4.3421
2026-03-26T07:57:08Z,4.7519
2026-03-26T08:03:08Z,4.2253
2026-03-26T08:08:50Z,5.2213
2026-03-26T08:19:56Z,4.5686
2026-03-26T08:43:23Z,4.9025
2026-03-26T09:00:36Z,3.8096
2026-03-26T09:13:27Z,4.0251
2026-03-26T09:25:01Z,3.4842
2026-03-26T09:38:57Z,3.6095
2026-03-26T09:42:08Z,4.0763
2026-03-26T09:53:02Z,4.9197
2026-03-26T10:25:27Z,4.6843
2026-03-26T10:33:28Z,4.8514
2026-03-26T10:45:05Z,4.754
2026-03-26T10:45:10Z,3.6318
2026-03-26T11:01:14Z,4.742
2026-03-26T11:07:30Z,4.1284
2026-03-26T11:11:11Z,3.9672
2026-03-26T11:12:21Z,4.7603
2026-03-26T11:16:13Z,4.8062
2026-03-26T11:18:12Z,4.3867
2026-03-26T11:33:58Z,3.5482
2026-03-26T11:43:01Z,4.5602
2026-03-26T11:55:23Z,4.2722
2026-03-26T12:15:45Z,3.9471
2026-03-26T12:19:36Z,3.9812
2026-03-26T12:26:30Z,3.5879
2026-03-26T12:26:56Z,3.8888
2026-03-26T12:30:00Z,4.6937
2026-03-26T12:40:52Z,3.6828
2026-03-26T13:03:20Z,3.955
2026-03-26T13:06:14Z,4.4142
2026-03-26T13:19:47Z,4.8819
2026-03-26T13:35:02Z,4.3416
2026-03-26T14:16:29Z,3.8553
2026-03-26T14:22:34Z,4.646
2026-03-26T14:24:06Z,4.0064
2026-03-26T14:24:33Z,4.6659
2026-03-26T14:26:13Z,4.3495
2026-03-26T14:36:02Z,4.9875
2026-03-26T14:55:53Z,4.242
2026-03-26T15:02:50Z,4.0871
2026-03-26T15:10:12Z,4.8049
2026-03-26T15:18:21Z,4.6045
2026-03-26T15:27:44Z,4.3938
2026-03-26T15:28:11Z,4.2624
2026-03-26T15:53:26Z,3.6121
2026-03-26T15:57:56Z,4.416
2026-03-26T15:57:59Z,4.7287
2026-03-26T16:38:19Z,4.3749
2026-03-26T16:48:25Z,4.1707
2026-03-26T16:58:44Z,4.3652
2026-03-26T17:06:34Z,3.8911
2026-03-26T17:12:19Z,3.5969
2026-03-26T17:40:09Z,4.244
2026-03-26T17:42:11Z,4.5979
2026-03-26T18:16:41Z,4.8796
2026-03-26T18:21:54Z,4.8138
2026-03-26T18:30:22Z,4.9389
2026-03-26T18:33:26Z,3.8758
2026-03-26T18:36:12Z,3.7544
2026-03-26T18:37:22Z,4.0508
2026-03-26T18:46:11Z,4.5344
2026-03-26T18:51:29Z,4.1803
2026-03-26T19:18:21Z,4.9943
2026-03-26T19:27:11Z,4.7066
2026-03-26T19:27:30Z,4.2205
2026-03-26T19:32:03Z,4.3968
2026-03-26T19:36:35Z,3.997
2026-03-26T19:44:07Z,4.0872
2026-03-26T19:48:42Z,4.0459
2026-03-26T20:00:38Z,4.4931
2026-03-26T20:13:08Z,4.0716
2026-03-26T20:26:50Z,3.6602
2026-03-26T20:35:10Z,3.7408
2026-03-26T20:39:12Z,5.3473
2026-03-26T21:03:05Z,4.4354
2026-03-26T21:11:53Z,3.4687
2026-03-26T21:24:35Z,4.5217
2026-03-26T21:33:45Z,4.4828
2026-03-26T21:35:57Z,4.1447
2026-03-26T22:02:00Z,5.3965
2026-03-26T22:13:44Z,4.5028
2026-03-26T22:19:56Z,4.5294
2026-03-26T22:23:45Z,4.1578
2026-03-26T22:25:36Z,3.764
2026-03-26T23:03:09Z,4.3886
2026-03-26T23:18:20Z,4.9647
2026-03-26T23:23:19Z,4.7018
2026-03-26T23:26:08Z,4.4657
2026-03-26T23:36:15Z,3.5662
2026-03-26T23:36:29Z,3.976
2026-03-26T23:37:36Z,4.91
2026-03-27T00:04:55Z,4.5467
2026-03-27T00:16:29Z,3.7938
2026-03-27T00:18:02Z,4.0878
2026-03-27T00:20:24Z,3.763
2026-03-27T00:24:24Z,4.0498
2026-03-27T00:24:41Z,4.608
2026-03-27T00:27:04Z,4.43
2026-03-27T00:41:01Z,4.8494
2026-03-27T00:52:58Z,4.5712
2026-03-27T00:58:17Z,4.7136
2026-03-27T00:59:20Z,3.9452
2026-03-27T01:13:02Z,3.6545
2026-03-27T01:13:20Z,4.4623
2026-03-27T01:33:11Z,4.7345
2026-03-27T01:53:06Z,3.7822
2026-03-27T02:06:14Z,4.2336
2026-03-27T02:22:11Z,4.6607
2026-03-27T02:24:35Z,4.0643
2026-03-27T02:26:56Z,4.2677
2026-03-27T02:33:58Z,4.2027
2026-03-27T02:41:57Z,5.4859
2026-03-27T03:02:01Z,4.7712
2026-03-27T03:12:27Z,4.3053
2026-03-27T03:33:03Z,3.7932
2026-03-27T03:39:51Z,3.9749
2026-03-27T03:44:27Z,4.572
2026-03-27T03:58:22Z,3.9384
2026-03-27T04:00:57Z,4.4759
2026-03-27T04:16:01Z,4.6372
2026-03-27T04:22:58Z,4.2236
2026-03-27T04:28:26Z,4.5679
2026-03-27T04:55:06Z,4.1304
2026-03-27T04:59:08Z,4.135
2026-03-27T05:16:41Z,4.1415
2026-03-27T05:28:33Z,4.0849
2026-03-27T05:32:26Z,5.2781
2026-03-27T05:35:34Z,3.831
2026-03-27T05:42:11Z,4.4831
2026-03-27T06:45:44Z,4.4222
2026-03-27T06:57:09Z,4.4536
2026-03-27T06:59:52Z,3.9883
2026-03-27T07:03:08Z,4.9097
2026-03-27T07:10:50Z,4.3252
2026-03-27T07:11:02Z,3.9755
2026-03-27T07:15:20Z,4.3516
2026-03-27T07:26:01Z,4.4105
2026-03-27T07:42:56Z,3.8888
2026-03-27T08:01:56Z,4.1224
2026-03-27T08:02:28Z,4.3002
2026-03-27T08:12:47Z,4.113
2026-03-27T08:15:11Z,4.7919
2026-03-27T08:27:49Z,5.3364
2026-03-27T08:37:43Z,4.1548
2026-03-27T08:38:39Z,4.3968
2026-03-27T09:13:42Z,4.2486
2026-03-27T09:17:50Z,4.9936
2026-03-27T09:21:34Z,5.0682
2026-03-27T09:29:57Z,4.3346
2026-03-27T09:35:39Z,4.272
2026-03-27T09:43:01Z,3.7296
2026-03-27T10:15:44Z,3.8167
2026-03-27T10:36:56Z,4.5798
2026-03-27T10:43:38Z,4.0626
2026-03-27T10:54:53Z,3.6668
2026-03-27T11:09:24Z,4.5247
2026-03-27T11:14:08Z,5.0145
2026-03-27T11:24:23Z,4.1098
2026-03-27T11:42:15Z,4.8005
2026-03-27T11:46:17Z,4.371
2026-03-27T11:49:35Z,3.9463
2026-03-27T12:22:25Z,4.8797
2026-03-27T12:24:00Z,4.2798
2026-03-27T12:29:04Z,3.1207
2026-03-27T13:17:14Z,3.8415
2026-03-27T13:58:10Z,4.4343
2026-03-27T14:08:38Z,4.9225
2026-03-27T14:10:55Z,4.1663
2026-03-27T14:12:15Z,4.1994
2026-03-27T14:44:45Z,3.555
2026-03-27T14:46:57Z,3.4589
2026-03-27T14:50:01Z,4.2158
2026-03-27T14:59:14Z,4.8854
2026-03-27T15:10:54Z,4.0234
2026-03-27T15:11:37Z,4.2967
2026-03-27T15:13:22Z,4.7198
2026-03-27T15:13:41Z,3.5274
2026-03-27T15:23:39Z,4.4086
2026-03-27T15:27:56Z,4.1185
2026-03-27T15:38:44Z,4.3188
2026-03-27T15:44:55Z,4.818
2026-03-27T15:49:40Z,4.312
2026-03-27T16:29:21Z,4.5153
2026-03-27T16:32:16Z,4.9342
2026-03-27T16:34:27Z,5.0153
2026-03-27T16:46:12Z,4.1853
2026-03-27T16:52:50Z,4.8513
2026-03-27T16:56:47Z,4.0287
2026-03-27T17:04:39Z,4.286
2026-03-27T17:28:43Z,4.2351
2026-03-27T17:46:30Z,4.4495
2026-03-27T18:06:44Z,4.8198
2026-03-27T18:13:45Z,4.0866
2026-03-27T18:26:56Z,4.4013
2026-03-27T18:41:04Z,4.6525
2026-03-27T18:44:51Z,4.5129
2026-03-27T19:03:01Z,3.9809
2026-03-27T19:04:49Z,5.1741
2026-03-27T19:05:26Z,4.2627
2026-03-27T19:10:57Z,4.8652
2026-03-27T19:34:04Z,3.9221
2026-03-27T19:42:18Z,4.9473
2026-03-27T19:44:28Z,4.6912
2026-03-27T20:32:32Z,5.1592
2026-03-27T20:50:18Z,4.2871
2026-03-27T21:17:25Z,4.1263
2026-03-27T21:30:27Z,4.1181
2026-03-27T21:39:07Z,4.0649
2026-03-27T21:41:09Z,4.4292
2026-03-27T21:55:19Z,3.8005
2026-03-27T22:05:15Z,3.7927
2026-03-27T22:16:13Z,5.3862
2026-03-27T22:39:57Z,4.6195
2026-03-27T22:43:09Z,4.499
2026-03-27T22:43:51Z,4.5708
2026-03-27T22:54:31Z,4.6479
2026-03-27T23:08:12Z,4.6389
2026-03-27T23:16:08Z,3.7702
2026-03-27T23:16:23Z,4.3439
2026-03-27T23:18:26Z,4.8634
2026-03-27T23:35:31Z,5.1918
2026-03-28T00:05:01Z,4.2448
2026-03-28T00:05:04Z,3.9309
2026-03-28T00:05:46Z,4.4249
2026-03-28T00:24:40Z,4.1558
2026-03-28T00:37:46Z,3.9841
2026-03-28T00:44:06Z,3.8199
2026-03-28T00:56:17Z,3.5104
2026-03-28T00:56:27Z,3.9755
2026-03-28T01:03:25Z,4.2659
2026-03-28T01:14:26Z,4.1145
2026-03-28T01:21:22Z,4.3412
2026-03-28T01:31:03Z,4.1765
2026-03-28T01:36:14Z,4.5346
2026-03-28T01:38:28Z,4.7789
2026-03-28T01:39:02Z,3.8203
2026-03-28T01:40:07Z,4.2693
2026-03-28T02:15:46Z,4.7932
2026-03-28T02:24:22Z,4.4166
2026-03-28T02:30:22Z,4.5919
2026-03-28T02:37:53Z,4.216
2026-03-28T02:40:19Z,5.1379
2026-03-28T02:50:37Z,4.7637
2026-03-28T02:58:31Z,4.5021
2026-03-28T03:10:13Z,4.4332
2026-03-28T03:12:47Z,3.6437
2026-03-28T03:12:52Z,4.8688
2026-03-28T03:16:31Z,4.8607
2026-03-28T03:24:38Z,4.5743
2026-03-28T03:29:25Z,5.1732
2026-03-28T03:47:41Z,4.8936
2026-03-28T03:50:35Z,4.4996
2026-03-28T03:54:08Z,4.0988
2026-03-28T04:14:54Z,3.9421
2026-03-28T04:22:24Z,4.5621
2026-03-28T04:40:31Z,3.6758
2026-03-28T04:53:03Z,4.6164
2026-03-28T04:57:08Z,4.8596
2026-03-28T04:57:46Z,4.5966
2026-03-28T04:59:32Z,4.7535
2026-03-28T05:01:31Z,4.1887
2026-03-28T05:06:51Z,4.5598
2026-03-28T05:20:16Z,3.581
2026-03-28T05:29:48Z,5.5432
2026-03-28T05:51:25Z,4.2265
2026-03-28T06:05:49Z,4.5766
2026-03-28T06:11:50Z,4.506
2026-03-28T06:28:58Z,4.22
2026-03-28T06:53:51Z,4.2464
2026-03-28T06:59:50Z,4.567
2026-03-28T07:07:15Z,4.6111
2026-03-28T07:10:16Z,4.3112
2026-03-28T07:39:40Z,3.8766
2026-03-28T07:42:43Z,4.2649
2026-03-28T07:58:10Z,4.166
2026-03-28T08:31:09Z,4.4327
2026-03-28T08:32:57Z,3.9054
2026-03-28T08:47:59Z,4.3277
2026-03-28T08:54:03Z,5.298
2026-03-28T08:59:21Z,4.3807
2026-03-28T09:03:42Z,4.4768
2026-03-28T09:27:26Z,3.5735
2026-03-28T09:37:46Z,4.0575
2026-03-28T09:56:31Z,3.8302
2026-03-28T10:10:35Z,4.7345
2026-03-28T10:13:28Z,3.75
2026-03-28T10:15:09Z,3.9774
2026-03-28T10:27:32Z,4.5975
2026-03-28T10:54:23Z,4.61
2026-03-28T11:00:24Z,4.6715
2026-03-28T11:04:46Z,4.6212
2026-03-28T11:25:28Z,5.0127
2026-03-28T11:27:36Z,3.7311
2026-03-28T11:28:35Z,4.3227
2026-03-28T11:37:30Z,4.7564
2026-03-28T11:49:32Z,4.2616
2026-03-28T11:55:56Z,4.6609
2026-03-28T12:18:27Z,4.751
2026-03-28T12:38:26Z,4.2288
2026-03-28T12:38:49Z,5.362
2026-03-28T12:43:24Z,3.9803
2026-03-28T12:53:12Z,4.4244
2026-03-28T13:00:59Z,4.716
2026-03-28T13:08:05Z,4.0301
2026-03-28T13:10:17Z,4.5995
2026-03-28T13:37:04Z,3.9012
2026-03-28T13:42:51Z,4.8056
2026-03-28T14:03:44Z,4.0815
2026-03-28T14:03:44Z,4.1117
2026-03-28T14:11:15Z,4.5764
2026-03-28T14:29:17Z,4.5874
2026-03-28T14:44:58Z,4.6572
2026-03-28T14:57:59Z,3.9898
2026-03-28T14:59:30Z,4.4994
2026-03-28T15:02:25Z,4.1793
2026-03-28T15:05:56Z,4.5532
2026-03-28T15:21:45Z,4.4524
2026-03-28T15:21:47Z,4.5523
2026-03-28T15:28:40Z,4.0544
2026-03-28T15:31:20Z,3.7446
2026-03-28T15:39:45Z,3.7823
2026-03-28T15:41:05Z,3.4056
2026-03-28T15:56:30Z,3.879
2026-03-28T15:59:34Z,4.3623
2026-03-28T16:04:18Z,4.4153
2026-03-28T16:11:10Z,4.5093
2026-03-28T16:18:08Z,4.4561
2026-03-28T16:43:34Z,4.3819
2026-03-28T16:48:30Z,4.1396
2026-03-28T17:06:09Z,5.2907
2026-03-28T17:07:54Z,4.2957
2026-03-28T17:13:09Z,4.9294
2026-03-28T17:16:14Z,4.615
2026-03-28T17:29:52Z,3.9357
2026-03-28T17:47:17Z,4.9581
2026-03-28T17:50:11Z,4.1973
2026-03-28T17:53:59Z,4.4357
2026-03-28T18:03:06Z,3.8898
2026-03-28T18:07:32Z,4.3262
2026-03-28T18:45:58Z,3.9785
2026-03-28T18:49:14Z,3.8972
2026-03-28T18:54:55Z,4.4915
2026-03-28T18:59:44Z,3.9066
2026-03-28T19:00:19Z,4.5856
2026-03-28T19:05:46Z,4.8176
2026-03-28T19:32:44Z,4.4776
2026-03-28T19:49:32Z,4.2269
2026-03-28T19:50:03Z,5.4034
2026-03-28T20:00:52Z,4.4513
2026-03-28T20:24:19Z,4.2007
2026-03-28T20:39:53Z,4.7001
2026-03-28T20:46:21Z,4.8468
2026-03-28T21:15:20Z,3.8274
2026-03-28T21:31:40Z,4.5863
2026-03-28T21:39:02Z,3.9266
2026-03-28T21:56:40Z,4.3531
2026-03-28T21:58:24Z,4.2784
2026-03-28T22:22:03Z,4.0717
2026-03-28T22:25:32Z,4.9487
2026-03-28T23:07:31Z,4.1373
2026-03-28T23:09:11Z,4.0022
2026-03-28T23:23:40Z,4.5217
2026-03-28T23:25:59Z,4.0276
2026-03-28T23:55:59Z,4.7595
2026-03-28T23:58:11Z,4.8496
2026-03-29T00:24:37Z,4.2372
2026-03-29T00:28:23Z,4.5166
2026-03-29T00:38:38Z,4.6301
2026-03-29T00:46:03Z,4.9172
2026-03-29T00:46:17Z,4.5735
2026-03-29T00:48:11Z,4.5242
2026-03-29T00:50:28Z,3.7636
2026-03-29T00:53:15Z,4.3519
2026-03-29T01:03:10Z,4.657
2026-03-29T01:11:51Z,4.3583
2026-03-29T01:12:10Z,3.613
2026-03-29T01:15:18Z,4.027
2026-03-29T01:22:36Z,4.3286
2026-03-29T01:23:52Z,4.0456
2026-03-29T01:41:53Z,4.5216
2026-03-29T01:55:16Z,3.8917
2026-03-29T02:01:56Z,3.8645
2026-03-29T02:17:06Z,4.4371
2026-03-29T02:20:01Z,4.5343
2026-03-29T02:35:34Z,3.6499
2026-03-29T02:37:41Z,4.0517
2026-03-29T02:46:03Z,3.9625
2026-03-29T02:48:00Z,3.5912
2026-03-29T03:05:09Z,5.0095
2026-03-29T03:37:49Z,4.9388
2026-03-29T03:41:56Z,4.3761
2026-03-29T04:06:53Z,4.1905
2026-03-29T04:08:20Z,4.9729
2026-03-29T04:09:21Z,3.7667
2026-03-29T04:21:25Z,5.0995
2026-03-29T04:27:21Z,4.606
2026-03-29T04:40:24Z,4.5379
2026-03-29T05:14:45Z,4.6925
2026-03-29T05:29:22Z,4.7372
2026-03-29T05:33:10Z,4.3573
2026-03-29T05:46:20Z,3.5347
2026-03-29T05:59:13Z,3.9077
2026-03-29T06:02:07Z,4.7144
2026-03-29T06:12:54Z,3.5971
2026-03-29T06:13:28Z,5.0249
2026-03-29T06:27:11Z,4.2946
2026-03-29T06:33:20Z,4.6127
2026-03-29T06:38:05Z,5.1165
2026-03-29T06:53:04Z,3.665
2026-03-29T07:10:06Z,4.2452
2026-03-29T07:21:39Z,4.2895
2026-03-29T07:24:07Z,3.8428
2026-03-29T07:27:53Z,4.7003
2026-03-29T07:30:10Z,5.004
2026-03-29T07:46:10Z,4.2611
2026-03-29T08:35:20Z,4.2317
2026-03-29T08:38:47Z,4.6839
2026-03-29T08:44:36Z,4.9592
2026-03-29T08:52:35Z,4.2165
2026-03-29T08:55:07Z,3.5712
2026-03-29T08:58:32Z,4.6299
2026-03-29T09:10:45Z,4.8027
2026-03-29T09:21:06Z,4.5248
2026-03-29T09:22:22Z,4.029
2026-03-29T09:24:47Z,4.7357
2026-03-29T09:57:23Z,3.8408
2026-03-29T09:58:56Z,4.1856
2026-03-29T10:04:54Z,4.8259
2026-03-29T10:14:49Z,4.9534
2026-03-29T10:28:52Z,3.6127
2026-03-29T10:43:45Z,4.6442
2026-03-29T11:06:06Z,4.637
2026-03-29T11:14:57Z,4.4301
2026-03-29T11:15:53Z,4.2014
2026-03-29T11:28:18Z,4.668
2026-03-29T11:34:59Z,3.9851
2026-03-29T11:44:24Z,3.8715
2026-03-29T11:45:24Z,3.9274
2026-03-29T12:02:09Z,4.7153
2026-03-29T12:07:36Z,4.0956
2026-03-29T12:31:34Z,4.4882
2026-03-29T12:32:29Z,3.8725
2026-03-29T12:38:29Z,4.1866
2026-03-29T12:40:48Z,4.4737
2026-03-29T12:45:09Z,5.1161
2026-03-29T12:50:12Z,4.3704
2026-03-29T13:11:52Z,4.3756
2026-03-29T13:20:46Z,4.6133
2026-03-29T13:29:33Z,4.3995
2026-03-29T13:47:41Z,3.609
2026-03-29T13:53:21Z,3.8534
2026-03-29T13:57:33Z,5.2706
2026-03-29T14:16:03Z,4.5091
2026-03-29T14:44:15Z,4.2277
2026-03-29T14:51:46Z,4.0214
2026-03-29T14:59:02Z,4.8392
2026-03-29T14:59:25Z,4.6981
2026-03-29T15:43:46Z,4.0274
2026-03-29T16:17:27Z,4.3624
2026-03-29T16:20:24Z,4.1044
2026-03-29T16:57:27Z,3.9709
2026-03-29T16:58:21Z,4.1903
2026-03-29T17:03:37Z,5.2501
2026-03-29T17:05:17Z,3.7935
2026-03-29T17:09:55Z,4.6395
2026-03-29T17:12:15Z,3.5817
2026-03-29T17:32:00Z,4.6282
2026-03-29T17:41:00Z,4.8693
2026-03-29T18:08:48Z,4.1174
2026-03-29T18:19:27Z,4.1309
2026-03-29T18:25:53Z,4.9418
2026-03-29T18:26:20Z,4.3354
2026-03-29T18:30:22Z,3.7248
2026-03-29T18:48:03Z,4.2198
2026-03-29T18:48:40Z,4.9449
2026-03-29T19:01:29Z,4.3637
2026-03-29T19:14:45Z,4.0392
2026-03-29T19:42:27Z,4.0693
2026-03-29T19:50:17Z,3.7508
2026-03-29T20:14:11Z,4.4244
2026-03-29T20:23:00Z,4.3675
2026-03-29T20:24:19Z,3.9774
2026-03-29T20:27:14Z,4.1972
2026-03-29T20:41:16Z,3.8426
2026-03-29T20:50:29Z,4.8001
2026-03-29T21:08:06Z,4.2454
2026-03-29T21:08:33Z,3.8994
2026-03-29T21:43:03Z,4.2157
2026-03-29T21:43:14Z,4.465
2026-03-29T21:43:32Z,3.9605
2026-03-29T21:43:44Z,4.1311
2026-03-29T21:47:29Z,4.107
2026-03-29T21:49:04Z,4.3907
2026-03-29T22:02:05Z,4.436
2026-03-29T22:07:24Z,4.2919
2026-03-29T22:28:53Z,4.6542
2026-03-29T22:44:01Z,4.7148
2026-03-29T23:29:41Z,4.0416
2026-03-29T23:32:56Z,4.9456
2026-03-29T23:56:19Z,4.2591
2026-03-29T23:59:06Z,4.5383
2026-03-30T00:12:38Z,3.7673
2026-03-30T00:17:04Z,4.3259
2026-03-30T00:18:43Z,3.9788
2026-03-30T00:37:40Z,4.039
2026-03-30T00:38:07Z,4.0562
2026-03-30T00:46:15Z,4.0708
2026-03-30T00:47:58Z,4.5775
2026-03-30T00:53:32Z,3.8259
2026-03-30T01:11:03Z,3.7736
2026-03-30T01:18:54Z,3.9756
2026-03-30T01:32:47Z,4.9013
2026-03-30T01:33:55Z,4.1733
2026-03-30T01:53:38Z,3.8216
2026-03-30T01:59:26Z,4.327
2026-03-30T02:06:48Z,3.6656
2026-03-30T02:23:46Z,4.1302
2026-03-30T02:28:31Z,4.2762
2026-03-30T02:30:40Z,4.0732
2026-03-30T02:36:13Z,4.6849
2026-03-30T02:40:03Z,3.6248
2026-03-30T02:42:26Z,4.5202
2026-03-30T02:43:18Z,4.5814
2026-03-30T02:56:05Z,4.3569
2026-03-30T03:03:55Z,3.8956
2026-03-30T03:15:31Z,4.3052
2026-03-30T03:15:33Z,4.6015
2026-03-30T04:05:31Z,3.4299
2026-03-30T04:42:58Z,3.8611
2026-03-30T04:48:39Z,3.5328
2026-03-30T05:12:18Z,3.6711
2026-03-30T05:21:09Z,4.1251
2026-03-30T05:23:20Z,4.5061
2026-03-30T05:27:59Z,4.5685
2026-03-30T05:35:25Z,3.435
2026-03-30T05:47:58Z,4.7222
2026-03-30T06:03:05Z,4.2417
2026-03-30T06:05:07Z,4.3287
2026-03-30T06:12:25Z,4.6828
2026-03-30T06:26:08Z,4.7633
2026-03-30T06:30:30Z,4.1553
2026-03-30T06:52:25Z,4.6303
2026-03-30T06:54:05Z,4.0655
2026-03-30T07:00:05Z,4.1898
2026-03-30T07:06:22Z,4.0987
2026-03-30T07:12:10Z,3.4515
2026-03-30T07:19:10Z,3.9402
2026-03-30T07:24:40Z,4.4695
2026-03-30T07:34:36Z,4.3219
2026-03-30T07:38:15Z,4.353
2026-03-30T07:59:29Z,3.9895
2026-03-30T08:08:10Z,3.9491
2026-03-30T08:09:11Z,4.4376
2026-03-30T08:11:37Z,4.0935
2026-03-30T08:12:25Z,4.5173
2026-03-30T08:20:17Z,3.9769
2026-03-30T08:26:31Z,4.3762
2026-03-30T08:30:06Z,4.5908
2026-03-30T08:38:18Z,4.4298
2026-03-30T08:53:49Z,4.265
2026-03-30T08:54:31Z,5.1386
2026-03-30T08:54:58Z,3.4086
2026-03-30T09:05:17Z,4.4167
2026-03-30T09:05:48Z,4.5738
2026-03-30T09:11:06Z,3.9373
2026-03-30T09:22:19Z,4.6639
2026-03-30T09:24:50Z,4.2942
2026-03-30T09:35:04Z,4.4394
2026-03-30T09:35:23Z,4.3574
2026-03-30T09:36:00Z,3.9888
2026-03-30T09:39:46Z,4.463
2026-03-30T09:44:18Z,4.159
2026-03-30T09:47:04Z,4.4447
2026-03-30T09:50:11Z,4.1839
2026-03-30T10:03:27Z,3.7845
2026-03-30T10:04:45Z,3.8883
2026-03-30T10:14:39Z,4.0041
2026-03-30T10:20:35Z,4.4678
2026-03-30T10:29:49Z,4.2814
2026-03-30T10:33:36Z,4.0838
2026-03-30T10:43:39Z,4.6087
2026-03-30T11:10:06Z,5.0607
2026-03-30T11:10:40Z,4.2355
2026-03-30T11:14:35Z,4.7523
2026-03-30T11:16:23Z,4.5104
2026-03-30T11:44:19Z,4.2781
2026-03-30T11:53:35Z,4.2399
2026-03-30T11:58:49Z,4.2858
2026-03-30T12:40:45Z,4.1213
2026-03-30T12:47:13Z,4.355
2026-03-30T12:52:26Z,4.3057
2026-03-30T12:58:30Z,4.3759
2026-03-30T13:26:04Z,4.4209
2026-03-30T13:27:11Z,4.5208
2026-03-30T13:38:04Z,4.4866
2026-03-30T13:45:06Z,4.7574
2026-03-30T13:51:15Z,5.0871
2026-03-30T13:55:27Z,4.2367
2026-03-30T14:28:44Z,3.3899
2026-03-30T14:34:58Z,4.4812
2026-03-30T14:54:34Z,4.1179
2026-03-30T15:14:58Z,4.4037
2026-03-30T15:22:20Z,4.7019
2026-03-30T15:47:55Z,5.1443
2026-03-30T15:53:14Z,4.1661
2026-03-30T15:56:59Z,4.31
2026-03-30T15:58:59Z,3.6674
2026-03-30T16:19:20Z,4.2395
2026-03-30T16:23:39Z,3.5048
2026-03-30T16:36:20Z,3.572
2026-03-30T16:40:37Z,4.0052
2026-03-30T16:58:01Z,3.763
2026-03-30T17:15:35Z,5.4263
2026-03-30T17:15:44Z,4.5064
2026-03-30T17:16:42Z,4.6064
2026-03-30T17:25:17Z,4.5121
2026-03-30T17:35:12Z,4.6616
2026-03-30T17:47:00Z,3.8937
2026-03-30T18:15:10Z,5.1362
2026-03-30T18:24:22Z,4.0283
2026-03-30T18:28:36Z,4.7033
2026-03-30T18:30:01Z,4.1554
2026-03-30T18:35:07Z,4.1324
2026-03-30T18:46:27Z,3.917
2026-03-30T19:15:27Z,4.3607
2026-03-30T19:15:41Z,4.6485
2026-03-30T19:20:25Z,3.7461
2026-03-30T19:31:50Z,4.249
2026-03-30T19:34:07Z,3.5558
2026-03-30T19:38:26Z,4.3112
2026-03-30T19:43:11Z,4.9155
2026-03-30T19:58:24Z,4.6961
2026-03-30T19:59:07Z,5.1543
2026-03-30T20:03:47Z,4.3027
2026-03-30T20:08:13Z,4.2225
2026-03-30T20:17:12Z,4.1488
2026-03-30T20:18:04Z,4.5646
2026-03-30T20:27:09Z,3.9342
2026-03-30T20:33:01Z,4.7166
2026-03-30T20:54:20Z,4.6691
2026-03-30T21:33:05Z,4.5094
2026-03-30T21:36:13Z,4.3668
2026-03-30T22:01:14Z,4.4316
2026-03-30T22:08:44Z,4.1321
2026-03-30T22:11:16Z,3.9923
2026-03-30T22:23:09Z,3.7682
2026-03-30T22:43:21Z,4.8078
2026-03-30T22:49:51Z,4.4056
2026-03-30T22:54:22Z,4.6943
2026-03-30T22:56:10Z,4.4621
2026-03-30T23:03:33Z,4.7199
2026-03-30T23:15:10Z,4.6953
2026-03-30T23:16:15Z,4.0152
2026-03-30T23:44:58Z,5.1153
2026-03-30T23:56:11Z,3.9
2026-03-31T00:09:46Z,4.4922
2026-03-31T00:14:07Z,4.9939
2026-03-31T00:14:24Z,3.848
2026-03-31T00:17:13Z,3.6028
2026-03-31T00:21:43Z,3.7388
2026-03-31T00:31:52Z,5.2026
2026-03-31T00:42:05Z,4.846
2026-03-31T00:45:29Z,4.4536
2026-03-31T00:45:39Z,5.0748
2026-03-31T00:48:53Z,4.0215
2026-03-31T00:50:07Z,4.1929
2026-03-31T01:05:42Z,3.6423
2026-03-31T01:06:58Z,4.8446
2026-03-31T01:16:29Z,3.8669
2026-03-31T01:16:45Z,4.1343
2026-03-31T01:19:40Z,4.2549
2026-03-31T01:23:26Z,4.9771
2026-03-31T01:41:00Z,3.8053
2026-03-31T01:43:08Z,4.52
2026-03-31T01:44:12Z,5.1183
2026-03-31T01:49:07Z,4.7022
2026-03-31T01:51:52Z,4.5928
2026-03-31T01:53:14Z,3.97
2026-03-31T01:56:15Z,4.4192
2026-03-31T01:56:50Z,4.8836
2026-03-31T02:01:03Z,4.2142
2026-03-31T02:02:30Z,4.325
2026-03-31T02:21:45Z,4.3895
2026-03-31T02:22:35Z,4.1998
2026-03-31T02:27:12Z,3.9613
2026-03-31T02:49:18Z,4.2348
2026-03-31T03:15:44Z,4.8677
2026-03-31T03:15:46Z,4.4073
2026-03-31T03:18:27Z,3.2222
2026-03-31T03:30:46Z,4.6402
2026-03-31T03:34:55Z,4.8997
2026-03-31T03:58:55Z,4.2897
2026-03-31T04:03:29Z,3.8813
2026-03-31T04:07:42Z,5.4809
2026-03-31T04:12:28Z,4.1724
2026-03-31T04:53:36Z,4.1834
2026-03-31T04:54:34Z,4.4235
2026-03-31T05:11:27Z,3.9634
2026-03-31T05:21:44Z,4.4128
2026-03-31T05:22:52Z,4.2194
2026-03-31T05:24:30Z,4.5739
2026-03-31T05:29:07Z,4.8156
2026-03-31T05:41:35Z,4.6217
2026-03-31T05:44:41Z,4.7724
2026-03-31T06:04:41Z,4.1362
2026-03-31T06:13:42Z,4.012
2026-03-31T07:17:18Z,4.4924
2026-03-31T07:32:44Z,4.669
2026-03-31T07:34:15Z,4.0355
2026-03-31T07:44:51Z,3.9944
2026-03-31T07:50:15Z,5.1979
2026-03-31T08:18:08Z,3.8295
2026-03-31T08:21:21Z,4.2224
2026-03-31T08:50:36Z,4.5616
2026-03-31T08:54:10Z,3.5943
2026-03-31T09:18:19Z,5.0443
2026-03-31T09:18:56Z,3.4676
2026-03-31T09:36:23Z,4.2379
2026-03-31T09:38:23Z,4.1407
2026-03-31T09:42:24Z,3.865
2026-03-31T09:45:39Z,4.7374
2026-03-31T09:53:14Z,4.5063
2026-03-31T09:57:40Z,4.9638
2026-03-31T10:01:31Z,4.1993
2026-03-31T10:02:26Z,4.557
2026-03-31T10:05:20Z,4.0878
2026-03-31T10:07:34Z,3.9504
2026-03-31T10:09:18Z,4.8798
2026-03-31T10:25:23Z,4.381
2026-03-31T10:26:35Z,4.4186
2026-03-31T10:43:37Z,5.1386
2026-03-31T11:10:11Z,4.2385
2026-03-31T11:16:05Z,4.7017
2026-03-31T11:20:24Z,4.3874
2026-03-31T11:20:46Z,4.4823
2026-03-31T11:26:23Z,4.2723
2026-03-31T11:39:07Z,4.2658
2026-03-31T11:50:19Z,3.6691
2026-03-31T11:58:27Z,4.0132
2026-03-31T12:04:39Z,4.0467
2026-03-31T12:24:04Z,4.4563
2026-03-31T12:34:16Z,4.6716
2026-03-31T12:35:02Z,3.948
2026-03-31T12:47:35Z,5.0347
2026-03-31T12:48:14Z,4.6601
2026-03-31T12:58:27Z,4.0549
2026-03-31T13:03:53Z,4.6391
2026-03-31T13:14:36Z,4.2628
2026-03-31T13:29:36Z,4.0146
2026-03-31T13:39:22Z,3.8443
2026-03-31T13:49:58Z,3.9333
2026-03-31T13:53:07Z,4.2583
2026-03-31T14:09:33Z,4.7147
2026-03-31T14:46:33Z,4.311
2026-03-31T15:15:38Z,4.8932
2026-03-31T15:28:36Z,4.8141
2026-03-31T15:32:07Z,3.4994
2026-03-31T15:43:11Z,3.3757
2026-03-31T16:08:17Z,4.5815
2026-03-31T16:14:58Z,4.7318
2026-03-31T16:17:57Z,3.3052
2026-03-31T16:23:31Z,4.7163
2026-03-31T16:27:43Z,5.2356
2026-03-31T16:34:58Z,3.4979
2026-03-31T16:38:15Z,5.1892
2026-03-31T16:39:18Z,4.0058
2026-03-31T16:47:37Z,4.309
2026-03-31T16:53:31Z,4.4753
2026-03-31T17:03:06Z,4.6451
2026-03-31T17:14:11Z,4.8502
2026-03-31T17:21:22Z,4.9098
2026-03-31T17:28:49Z,4.4626
2026-03-31T17:53:22Z,4.0248
2026-03-31T17:54:54Z,3.6808
2026-03-31T18:15:20Z,4.0941
2026-03-31T18:17:54Z,4.334
2026-03-31T18:29:12Z,4.6669
2026-03-31T18:38:32Z,4.2207
2026-03-31T18:45:52Z,3.4756
2026-03-31T18:55:57Z,4.0356
2026-03-31T19:09:14Z,3.6848
2026-03-31T19:09:36Z,4.8258
2026-03-31T19:27:35Z,4.7566
2026-03-31T19:43:02Z,5.1383
2026-03-31T19:51:34Z,4.666
2026-03-31T20:05:12Z,4.3471
2026-03-31T20:19:37Z,3.9438
2026-03-31T20:21:29Z,3.8704
2026-03-31T20:28:54Z,4.134
2026-03-31T20:45:52Z,4.5478
2026-03-31T20:47:15Z,4.1799
2026-03-31T20:54:41Z,3.8575
2026-03-31T21:22:46Z,4.2291
2026-03-31T21:28:43Z,3.901
2026-03-31T21:48:07Z,4.0087
2026-03-31T22:01:35Z,3.5925
2026-03-31T22:27:51Z,4.4998
2026-03-31T22:45:44Z,4.0175
2026-03-31T22:54:54Z,4.3176
2026-03-31T22:56:26Z,4.8723
2026-03-31T23:07:08Z,4.724
2026-03-31T23:07:09Z,4.2975
2026-03-31T23:07:23Z,4.4853
2026-03-31T23:19:10Z,4.5618
2026-03-31T23:42:32Z,4.7704
2026-03-31T23:52:08Z,3.2087
2026-03-31T23:57:15Z,4.3414
